record,minute,y_true,y_pred,y_prob
a01,1,0,0,0.389685555929684
a01,2,0,1,0.6553748087492112
a01,3,0,0,0.47540080858660383
a01,4,0,0,0.4374361809608617
a01,5,0,1,0.5423379779196909
a01,6,0,1,0.5343803290323716
a01,7,0,0,0.3278690200532407
a01,8,0,1,0.6221633506969315
a01,9,0,0,0.37836806974673776
a01,10,0,0,0.48156874507573333
a01,11,0,1,0.6435658443932992
a01,12,0,0,0.331845677389311
a01,13,1,1,0.5618184324193702
a01,14,1,0,0.4909114197435747
a01,15,1,0,0.3658089778219821
a01,16,1,1,0.5709833956247254
a01,17,1,0,0.40931011100611825
a01,18,1,1,0.5488181255663108
a01,19,1,0,0.3977914606134529
a01,20,1,0,0.4874351304842383
a01,21,1,1,0.5432673039166307
a01,22,1,0,0.4026164378118288
a01,23,1,0,0.49797944378211584
a01,24,1,1,0.5343464294674207
a01,25,1,0,0.4388916290688872
a01,26,1,0,0.398142610588784
a01,27,1,0,0.3459132211035505
a01,28,1,1,0.5128556315266828
a01,29,1,0,0.49203661028457285
a01,30,1,0,0.3291427873120385
a01,31,1,1,0.5805342064811136
a01,32,1,0,0.48280703244031326
a01,33,1,1,0.5479366075055835
a01,34,1,0,0.4247954541977724
a01,35,1,1,0.5645188699559149
a01,36,1,0,0.33032962178066666
a01,37,1,1,0.6712137982230837
a01,38,1,1,0.7849840443457469
a01,39,1,0,0.45536416313517464
a01,40,1,0,0.31183908417741435
a01,41,1,1,0.6344883910865932
a01,42,1,1,0.5233144394878859
a01,43,1,0,0.3217576258425906
a01,44,1,1,0.6942034959811764
a01,45,1,1,0.5499775854199612
a01,46,1,1,0.6415190408742867
a01,47,1,1,0.5514211769797193
a01,48,1,1,0.5236919664342822
a01,49,1,1,0.6228577093988648
a01,50,1,1,0.6091185956441153
a01,51,1,1,0.6076911258949843
a01,52,1,0,0.4651301500776892
a01,53,1,0,0.3289025118142899
a01,54,1,0,0.4133883836760502
a01,55,1,1,0.7533687003864833
a01,56,1,1,0.6360805879408129
a01,57,1,1,0.5699711249277551
a01,58,1,0,0.43088290848326044
a01,59,1,1,0.5922498773411405
a01,60,1,1,0.8288342277033903
a01,61,1,0,0.458101520209317
a01,62,1,1,0.5264466656200125
a01,63,1,1,0.5803049155794976
a01,64,1,0,0.472183848620061
a01,65,1,0,0.27697349971276075
a01,66,1,1,0.593930320815682
a01,67,1,1,0.8043753283894977
a01,68,1,1,0.7322814961506051
a01,69,1,1,0.942269309560268
a01,70,1,1,0.9554538986560027
a01,71,1,1,0.9236237394809717
a01,72,1,1,0.9869384115800967
a01,73,1,1,0.9043069161636427
a01,74,1,1,0.9815337267311872
a01,75,1,1,0.9895275836092935
a01,76,1,1,0.931266733885796
a01,77,1,1,0.6394139244411129
a01,78,1,0,0.4351559698346855
a01,79,1,0,0.40105968027420186
a01,80,1,1,0.9836731532487897
a01,81,1,1,0.9642025805635396
a01,82,1,1,0.8196828321396047
a01,83,1,1,0.7461792162974651
a01,84,1,1,0.966612413222936
a01,85,1,1,0.8870735799713423
a01,86,1,1,0.8936667602530408
a01,87,1,1,0.8315628651408141
a01,88,1,1,0.8446926539850473
a01,89,1,1,0.9179809950994011
a01,90,1,1,0.8238219555409753
a01,91,1,1,0.954632469005991
a01,92,1,0,0.30860458620277503
a01,93,1,1,0.6759331743398461
a01,94,1,1,0.6325122073127817
a01,95,1,1,0.7382541489384139
a01,96,1,1,0.5566012622185114
a01,97,1,1,0.8568544162806295
a01,98,1,1,0.6634770927627289
a01,99,1,0,0.3479100077383304
a01,100,1,1,0.6041541003355244
a01,101,1,1,0.7648905761740805
a01,102,1,1,0.5106655465347347
a01,103,1,0,0.4411659246666007
a01,104,1,0,0.45680535117393906
a01,105,1,1,0.5600777308373024
a01,106,1,1,0.6232942500180595
a01,107,1,0,0.44959883059486505
a01,108,1,1,0.7439241850830588
a01,109,1,1,0.6486879056198818
a01,110,1,1,0.651424379330293
a01,111,1,1,0.682296749231227
a01,112,1,1,0.6407521027526556
a01,113,1,1,0.7440150926099447
a01,114,1,1,0.5941428377125996
a01,115,1,1,0.7286882052220407
a01,116,1,1,0.7882920341158728
a01,117,1,0,0.39034262027267147
a01,118,1,1,0.7321755636453421
a01,119,1,1,0.7155799946160261
a01,120,1,1,0.7901193435796904
a01,121,1,1,0.7357648474397878
a01,122,1,1,0.6841923218677074
a01,123,1,1,0.7480912804451001
a01,124,1,1,0.701565178726986
a01,125,1,1,0.7530190427760147
a01,126,1,1,0.8900517138487315
a01,127,1,1,0.7415649526291749
a01,128,1,1,0.8844503089877612
a01,129,1,1,0.7263312849179325
a01,130,1,1,0.6521373766588038
a01,131,1,1,0.7696562477989628
a01,132,1,1,0.7818222077851158
a01,133,1,1,0.518635483066296
a01,134,1,1,0.6898269983005926
a01,135,1,1,0.6376391425071193
a01,136,1,1,0.751288329237942
a01,137,1,1,0.7238018713904907
a01,138,1,1,0.7628500205932426
a01,139,1,1,0.6946452165595233
a01,140,1,1,0.8848346604192217
a01,141,1,0,0.4751397806574603
a01,142,1,1,0.7011565290589206
a01,143,1,1,0.6356511682046914
a01,144,1,1,0.5089528358801586
a01,145,1,1,0.8126936746449057
a01,146,1,1,0.7002649496069041
a01,147,1,1,0.689559799379884
a01,148,1,1,0.5268087959337051
a01,149,1,1,0.8157154513120988
a01,150,1,1,0.8184343876512179
a01,151,1,1,0.582853488131849
a01,152,1,1,0.5276598543741382
a01,153,1,1,0.7338970232923242
a01,154,1,1,0.5873822660360518
a01,155,1,1,0.687091301978524
a01,156,1,1,0.6573604870874604
a01,157,1,1,0.7748606102711317
a01,158,1,1,0.6216976706781253
a01,159,1,1,0.676516088286418
a01,160,1,1,0.6330545894174486
a01,161,1,1,0.6009925602327408
a01,162,1,1,0.7378016233747545
a01,163,1,1,0.7185424467071163
a01,164,1,1,0.8145305965574587
a01,165,1,1,0.7379579924428966
a01,166,1,1,0.7601548060673382
a01,167,1,1,0.5469610787842427
a01,168,1,1,0.5227165434757157
a01,169,1,1,0.6179033483112749
a01,170,1,1,0.7232945482519626
a01,171,1,1,0.6046998810282332
a01,172,1,1,0.692159116550578
a01,173,1,1,0.625974756663164
a01,174,1,1,0.7109115319619058
a01,175,1,1,0.6813332721912579
a01,176,1,1,0.8132913122363691
a01,177,1,1,0.8050869272544913
a01,178,1,1,0.6209258861403122
a01,179,1,1,0.6257335782561019
a01,180,1,1,0.9012559230136343
a01,181,1,1,0.713764389409261
a01,182,1,1,0.647300726370162
a01,183,1,1,0.7792321697399159
a01,184,1,1,0.6582965960924134
a01,185,1,1,0.8681973272443964
a01,186,1,1,0.7903491300169622
a01,187,1,1,0.6306903615703121
a01,188,1,1,0.8981493329225836
a01,189,1,1,0.7179166567457052
a01,190,1,1,0.6543510367283459
a01,191,1,1,0.6212861491954741
a01,192,1,1,0.8037945856587515
a01,193,1,1,0.8787735511684246
a01,194,1,1,0.5990403710460052
a01,195,1,1,0.8355848926294308
a01,196,1,1,0.7910123595007702
a01,197,1,1,0.6555257925661516
a01,198,1,1,0.7557021361361436
a01,199,1,1,0.6395426487361197
a01,200,1,1,0.9247103092325556
a01,201,1,0,0.47975783300716424
a01,202,1,1,0.6177480877913438
a01,203,1,1,0.8741777084166604
a01,204,1,1,0.9337620854501685
a01,205,1,1,0.9720773173245499
a01,206,1,1,0.9373749219394623
a01,207,1,1,0.8653781172764973
a01,208,1,1,0.9454165042395488
a01,209,1,1,0.9558424214822081
a01,210,1,1,0.7899395789954989
a01,211,1,1,0.9947562323105615
a01,212,1,1,0.8883179803196732
a01,213,1,0,0.3960672306746203
a01,214,1,1,0.9446941269455131
a01,215,1,1,0.6522843865490813
a01,216,1,1,0.841167205119872
a01,217,1,1,0.6945962639497282
a01,218,1,1,0.8031221569069248
a01,219,1,1,0.8673206041590141
a01,220,1,1,0.7982660630209546
a01,221,1,1,0.6237320048574397
a01,222,1,1,0.6961208755197094
a01,223,1,1,0.8189759832703623
a01,224,1,1,0.5663230109482582
a01,225,1,1,0.7683219374936164
a01,226,1,1,0.7681293187382973
a01,227,0,0,0.3384468730972356
a01,228,0,1,0.584466252023018
a01,229,0,0,0.21624050846813106
a01,230,0,0,0.47738014844556975
a01,231,1,0,0.4851313875018438
a01,232,1,1,0.7993188908835528
a01,233,1,0,0.3283688649970676
a01,234,1,1,0.5111828873837254
a01,235,1,1,0.619629385176679
a01,236,1,1,0.6171970779195649
a01,237,1,1,0.5760695181744846
a01,238,1,1,0.5750109958048157
a01,239,1,1,0.7658486584116245
a01,240,1,1,0.705208953528777
a01,241,1,1,0.5286024371227991
a01,242,1,1,0.7512248634003842
a01,243,1,1,0.6238235927545125
a01,244,1,1,0.7255115112977671
a01,245,1,1,0.7280119266097279
a01,246,1,1,0.5397268682195469
a01,247,1,1,0.5241360479443139
a01,248,1,1,0.7220351305432238
a01,249,1,0,0.4558750884889917
a01,250,1,1,0.6679495371748086
a01,251,1,1,0.6804917062048267
a01,252,1,1,0.7277183702035115
a01,253,1,1,0.7965367576812022
a01,254,1,1,0.5833030831822852
a01,255,1,1,0.5654049291639593
a01,256,1,1,0.7568293438890611
a01,257,1,1,0.590827962090082
a01,258,1,1,0.6134884388105217
a01,259,1,1,0.6916672470818114
a01,260,1,1,0.6028016285990442
a01,261,1,1,0.8312592814132924
a01,262,1,1,0.822934087302615
a01,263,1,1,0.6282986999536433
a01,264,1,1,0.7634238503424554
a01,265,1,1,0.7493282458426361
a01,266,1,1,0.5553113383098719
a01,267,1,1,0.6528890031525969
a01,268,1,1,0.7132459294014348
a01,269,1,0,0.2011269438560469
a01,270,1,1,0.8692487391733915
a01,271,1,1,0.9302703958918596
a01,272,1,1,0.5448872120937535
a01,273,1,1,0.6823764426768576
a01,274,1,1,0.9059324417610646
a01,275,1,1,0.5985161618166454
a01,276,1,1,0.5779489553678042
a01,277,1,1,0.8176244332498322
a01,278,1,1,0.7041628971602548
a01,279,1,1,0.782767971261488
a01,280,1,1,0.6578771640124979
a01,281,1,1,0.8208296662117162
a01,282,1,1,0.7064977238438118
a01,283,1,1,0.6257207950199146
a01,284,1,1,0.6453235182852283
a01,285,1,1,0.6335278397979172
a01,286,1,1,0.7753965046118814
a01,287,1,1,0.7678923232129972
a01,288,1,1,0.8367304365632655
a01,289,1,1,0.8321465510062053
a01,290,1,1,0.7469043491316435
a01,291,1,1,0.796637358212727
a01,292,1,1,0.7066231014523383
a01,293,1,1,0.7585118265619994
a01,294,1,1,0.7748852404534625
a01,295,1,1,0.6294354924129292
a01,296,1,1,0.7672020110217841
a01,297,1,1,0.7721177381233176
a01,298,1,1,0.8973093083209919
a01,299,1,1,0.9433201269821074
a01,300,1,1,0.7211066689439036
a01,301,1,1,0.9698366840178322
a01,302,1,1,0.7734010442758558
a01,303,1,1,0.650979796215474
a01,304,1,1,0.6996024562032838
a01,305,1,0,0.41991589345620434
a01,306,1,1,0.8779670244871494
a01,307,1,1,0.9809344389738283
a01,308,1,1,0.571460371342973
a01,309,1,1,0.9740864323484819
a01,310,1,1,0.6860391545977669
a01,311,1,1,0.8386042928516895
a01,312,1,1,0.972390546530812
a01,313,1,1,0.8728039842534778
a01,314,1,1,0.9067636866017402
a01,315,1,1,0.7468992422410538
a01,316,1,1,0.9541853812148358
a01,317,1,1,0.8789009731079008
a01,318,1,1,0.6971460383456477
a01,319,1,0,0.4704585076456369
a01,320,1,1,0.5667725598416576
a01,321,1,1,0.8774953324714548
a01,322,1,0,0.4028031606953373
a01,323,1,1,0.8080949690851806
a01,324,1,1,0.8270565164632
a01,325,1,1,0.8906677961480822
a01,326,1,1,0.9141908072902465
a01,327,1,1,0.9506883214265451
a01,328,1,1,0.8809155174739535
a01,329,1,0,0.07897177045457987
a01,330,1,1,0.865300264263391
a01,331,1,1,0.9372899585205325
a01,332,1,1,0.7640278721906726
a01,333,1,1,0.9511896897478269
a01,334,1,1,0.9083661073438906
a01,335,1,1,0.5195759334956753
a01,336,1,1,0.8169007591323101
a01,337,1,0,0.3429684247131147
a01,338,1,1,0.6225424188729463
a01,339,1,1,0.7828320996155463
a01,340,1,1,0.9652820850393372
a01,341,1,1,0.8831456641312124
a01,342,1,1,0.9501405971917845
a01,343,1,1,0.893734435583668
a01,344,1,1,0.7438254624762208
a01,345,1,1,0.8048776118106925
a01,346,1,1,0.9368879519074922
a01,347,1,1,0.9313554721639954
a01,348,1,1,0.6965916264198998
a01,349,1,1,0.7559271273941585
a01,350,1,1,0.8325289206806189
a01,351,1,1,0.9960906544185042
a01,352,0,1,0.9314067392768695
a01,353,0,0,0.26319474508278
a01,354,1,0,0.28914947098935256
a01,355,1,1,0.6389761905142434
a01,356,1,1,0.7422677657021522
a01,357,1,0,0.47756056141673253
a01,358,1,1,0.6155803862715805
a01,359,1,1,0.5003184362385638
a01,360,1,1,0.6829863614194357
a01,361,1,1,0.7000463404678617
a01,362,1,1,0.6076336111307317
a01,363,1,0,0.4546078749425216
a01,364,1,1,0.7754768756498073
a01,365,1,1,0.7852166523623836
a01,366,1,1,0.7082621118619564
a01,367,1,0,0.39898705510994337
a01,368,1,1,0.619587533778542
a01,369,1,1,0.6596293851650883
a01,370,1,1,0.7577059214049013
a01,371,1,1,0.8487064157649461
a01,372,1,0,0.4303065609228963
a01,373,1,1,0.6984707049087828
a01,374,1,1,0.6934261910520257
a01,375,1,1,0.5052095557005987
a01,376,1,1,0.7076745517684337
a01,377,1,1,0.8480803103390541
a01,378,1,1,0.7029299367183638
a01,379,1,1,0.796202759577646
a01,380,1,1,0.8729402502158813
a01,381,1,1,0.7808391810023715
a01,382,1,1,0.6202334150129037
a01,383,1,1,0.6409520835123181
a01,384,1,1,0.8376494027144643
a01,385,1,1,0.6992422293541698
a01,386,1,1,0.6405978259285632
a01,387,1,1,0.5791682814033597
a01,388,1,1,0.830350089998257
a01,389,1,1,0.8163488398309755
a01,390,1,1,0.8835629014314773
a01,391,1,1,0.7187517856886835
a01,392,1,0,0.4376409619794222
a01,393,1,1,0.6062826731303528
a01,394,1,1,0.9192037572886467
a01,395,1,0,0.3947107364061813
a01,396,1,1,0.5004119059757322
a01,397,1,1,0.7061097242871658
a01,398,1,1,0.8514531128781823
a01,399,1,1,0.9593011753038136
a01,400,1,1,0.9477225346323653
a01,401,1,1,0.6187522798345177
a01,402,1,1,0.5943841573704022
a01,403,1,0,0.42780291790776276
a01,404,1,1,0.6378699458501927
a01,405,1,1,0.586129850638075
a01,406,1,1,0.8063675049218346
a01,407,1,1,0.9221687962452634
a01,408,1,0,0.30598782723670737
a01,409,1,1,0.735372708443639
a01,410,1,1,0.6188210117521661
a01,411,1,1,0.7877697498101284
a01,412,1,1,0.6414344007490359
a01,413,1,1,0.7313605539258387
a01,414,1,1,0.5484212887952417
a01,415,1,1,0.63262937081681
a01,416,1,1,0.6442624886581104
a01,417,1,1,0.7008565133308168
a01,418,1,0,0.4026106953409618
a01,419,1,1,0.9040356877254583
a01,420,1,1,0.8538727597572437
a01,421,1,1,0.8273882765690497
a01,422,1,1,0.7823826045669886
a01,423,1,1,0.7936130215578239
a01,424,1,1,0.6823959446656878
a01,425,1,1,0.8913157106510482
a01,426,1,1,0.6893632032521125
a01,427,1,1,0.8770865239962139
a01,428,1,1,0.9447678068983947
a01,429,1,1,0.7655168332033517
a01,430,1,1,0.6678376740494507
a01,431,1,1,0.8486921117360934
a01,432,1,1,0.9383958244907573
a01,433,1,1,0.8558878036311703
a01,434,1,0,0.33269691595349243
a01,435,1,0,0.3732136602917848
a01,436,1,1,0.7525582652336084
a01,437,1,1,0.819529989334665
a01,438,1,1,0.8807110115311857
a01,439,1,1,0.9296170734495864
a01,440,1,1,0.6150209398588508
a01,441,1,1,0.5526315387634438
a01,442,1,1,0.8391240812588491
a01,443,1,1,0.8181081571175131
a01,444,1,0,0.4402681883782966
a01,445,1,1,0.8758254844604383
a01,446,1,1,0.7064818476129339
a01,447,1,1,0.7354211004817363
a01,448,1,1,0.6945028800087533
a01,449,1,1,0.9545626752272853
a01,450,1,1,0.9851660667361986
a01,451,1,1,0.7391583626597658
a01,452,1,1,0.9022908660222084
a01,453,1,0,0.40189913687718126
a01,454,1,1,0.8448700997043644
a01,455,1,1,0.6408103096919887
a01,456,1,1,0.7562370756747088
a01,457,1,1,0.9155396907597423
a01,458,1,1,0.967455759226002
a01,459,1,1,0.9969513020254986
a01,460,1,1,0.8814803168878586
a01,461,1,1,0.7875278509170743
a01,462,1,1,0.6030010548143835
a01,463,1,1,0.9170164816193991
a01,464,1,1,0.7999366147376376
a01,465,1,1,0.7732537518547435
a01,466,1,1,0.904809151978671
a01,467,1,1,0.8993308136269335
a01,468,1,1,0.7748999760434617
a01,469,1,1,0.7090308020755186
a01,470,1,1,0.7646542571282783
a01,471,1,1,0.5163293965762692
a01,472,1,1,0.8428644126426211
a01,473,1,1,0.6104451934201415
a01,474,1,1,0.9329423473501526
a01,475,1,1,0.7470207138873327
a01,476,1,1,0.8706849469684937
a01,477,1,1,0.9119766098059485
a01,478,1,1,0.5535402388933234
a01,479,1,1,0.6493924173088187
a01,480,1,1,0.6010738951568916
a01,481,1,1,0.5595846396524274
a01,482,1,1,0.7406617020675029
a01,483,1,1,0.7009955110940892
a01,484,1,1,0.9677577002236205
a01,485,1,0,0.09657705678924261
a01,486,1,0,0.45462149476886654
a01,487,1,1,0.7389213565803958
a01,488,1,1,0.8451454761969185
a02,1,0,0,0.23134945857199804
a02,2,0,0,0.19805217394652935
a02,3,0,0,0.19438333695122914
a02,4,0,0,0.240996046643663
a02,5,0,1,0.5454134646413774
a02,6,0,1,0.8625130829104227
a02,7,0,1,0.6423070559128965
a02,8,0,0,0.40789743418626434
a02,9,0,0,0.19957685069714332
a02,10,0,0,0.22007483621403715
a02,11,0,1,0.535588334107807
a02,12,0,0,0.30622693329261114
a02,13,0,0,0.21235956526305974
a02,14,0,0,0.3137808746388534
a02,15,0,1,0.5675362919323803
a02,16,0,0,0.42957166818080966
a02,17,0,0,0.2508028514253688
a02,18,0,0,0.2708057013892858
a02,19,0,0,0.2686601820728813
a02,20,0,0,0.47241988843116506
a02,21,1,0,0.4930083749596865
a02,22,1,1,0.5151954482063105
a02,23,1,0,0.32771054581598297
a02,24,1,0,0.30674394253153714
a02,25,1,1,0.5604339602289874
a02,26,1,0,0.3974603765022163
a02,27,1,0,0.398313791604468
a02,28,1,0,0.3517830359812153
a02,29,1,1,0.7298575094897826
a02,30,1,0,0.35957549204308786
a02,31,1,1,0.5549957916046235
a02,32,1,0,0.37572018506589955
a02,33,1,0,0.22713293540141405
a02,34,1,0,0.37946610459597085
a02,35,1,0,0.38582949320389187
a02,36,1,0,0.38574912569890907
a02,37,1,0,0.3758125167524266
a02,38,1,0,0.34649231887764975
a02,39,1,1,0.5552936713185129
a02,40,1,0,0.49298235207519037
a02,41,1,1,0.5783017632855432
a02,42,1,1,0.5395998814367775
a02,43,1,0,0.4916446034192262
a02,44,1,1,0.627448327821356
a02,45,1,0,0.4636072985513944
a02,46,1,1,0.5710206576554079
a02,47,1,1,0.5647002382932366
a02,48,1,1,0.6494914135711007
a02,49,1,1,0.6011259935692295
a02,50,1,1,0.5433243454916608
a02,51,1,0,0.4204482449857711
a02,52,1,0,0.4509235931586896
a02,53,1,0,0.37487378035262126
a02,54,1,1,0.5677795374136817
a02,55,1,1,0.5781607038914603
a02,56,1,0,0.47868740662294085
a02,57,1,1,0.5426702941170323
a02,58,1,0,0.4434602377561551
a02,59,1,0,0.4173727426926181
a02,60,1,0,0.38837503016412533
a02,61,1,1,0.5484221661474529
a02,62,1,0,0.4418757718263542
a02,63,1,0,0.3838536724007476
a02,64,1,0,0.4265955962614117
a02,65,1,0,0.49543848754029424
a02,66,1,0,0.45008378505503716
a02,67,1,0,0.40958707301451175
a02,68,1,0,0.4377375639662409
a02,69,1,0,0.35972903061019007
a02,70,1,1,0.5383205921501673
a02,71,1,1,0.5752983217103184
a02,72,1,1,0.5050509617591736
a02,73,1,0,0.25709020570972907
a02,74,1,0,0.25191709237713045
a02,75,1,0,0.4424042573151101
a02,76,1,0,0.3268992354773686
a02,77,1,0,0.31695175198032677
a02,78,1,0,0.4413948169593705
a02,79,1,0,0.3344105579919759
a02,80,1,0,0.3761726475582343
a02,81,1,0,0.281968131760386
a02,82,1,0,0.37211608250246614
a02,83,1,0,0.3848776667698979
a02,84,1,0,0.396832495566533
a02,85,1,0,0.4836492178714715
a02,86,1,0,0.4493748209148674
a02,87,1,0,0.3374754762629213
a02,88,1,0,0.473053646953595
a02,89,1,0,0.4420749085989068
a02,90,1,0,0.3978782204311582
a02,91,1,0,0.30142214922142546
a02,92,1,0,0.3552085795994835
a02,93,1,0,0.3285286952429469
a02,94,1,0,0.3363771152939433
a02,95,1,0,0.4091433696266895
a02,96,1,0,0.3437504952577604
a02,97,1,0,0.40148465847379033
a02,98,1,0,0.3989438041148594
a02,99,1,1,0.5321285877123573
a02,100,1,0,0.4797905579006643
a02,101,1,0,0.3308880172800953
a02,102,1,0,0.33287296523916704
a02,103,1,0,0.4351772377892348
a02,104,1,1,0.6013423668749138
a02,105,1,0,0.3477476160245834
a02,106,1,0,0.44874464768362504
a02,107,1,0,0.45840239287648715
a02,108,1,0,0.48211173354841
a02,109,1,0,0.3951761409945314
a02,110,1,1,0.6561790599336036
a02,111,1,1,0.529299684538414
a02,112,1,0,0.49309760429674426
a02,113,1,0,0.27601587341029615
a02,114,1,0,0.41763612650248144
a02,115,1,0,0.41944372642222266
a02,116,1,1,0.5462438157517332
a02,117,1,1,0.7888890786816828
a02,118,1,0,0.41541417001714703
a02,119,1,0,0.43896852909387984
a02,120,1,0,0.32585624592780965
a02,121,1,0,0.3031201506300093
a02,122,1,0,0.34586726021474234
a02,123,1,0,0.2905201651102686
a02,124,1,0,0.2902682378852268
a02,125,1,0,0.31492123333986555
a02,126,1,0,0.21892709068372312
a02,127,1,0,0.35597825132902927
a02,128,1,0,0.29360861673486705
a02,129,1,0,0.39518243581438545
a02,130,0,0,0.3561337051627347
a02,131,0,0,0.42120017122721404
a02,132,0,0,0.22108905786045666
a02,133,0,0,0.15598597287276622
a02,134,0,0,0.17658209146767595
a02,135,0,0,0.17132384044342666
a02,136,0,0,0.16394770974509867
a02,137,0,0,0.12889573079260497
a02,138,0,0,0.13352685914056547
a02,139,0,0,0.15424142667164956
a02,140,0,0,0.16129943259262264
a02,141,0,0,0.13454835027588294
a02,142,0,0,0.14761855613561514
a02,143,0,0,0.13969231376104158
a02,144,0,0,0.1457473404287851
a02,145,0,0,0.1520461380392591
a02,146,0,0,0.14949424415587032
a02,147,0,0,0.12874021796954327
a02,148,0,0,0.14444116152959133
a02,149,0,0,0.13205361714119587
a02,150,0,0,0.11143844107520695
a02,151,0,0,0.11606226234388814
a02,152,0,0,0.10905846284236677
a02,153,0,0,0.10470356147372147
a02,154,0,0,0.09389483571715461
a02,155,0,0,0.0948809145178507
a02,156,0,0,0.14956196562099522
a02,157,0,0,0.11462115883956402
a02,158,0,0,0.10514810905739164
a02,159,0,0,0.12399772534743102
a02,160,0,0,0.09804714682763246
a02,161,0,0,0.09895558173890305
a02,162,0,0,0.09772343148133372
a02,163,0,0,0.08642888795682264
a02,164,0,0,0.08942167575373014
a02,165,0,0,0.0834724570384335
a02,166,0,0,0.08441684005474054
a02,167,0,0,0.11639254386876814
a02,168,0,0,0.10769936876333651
a02,169,0,0,0.09835916627867536
a02,170,0,0,0.07568066984189722
a02,171,0,0,0.10890294766412709
a02,172,0,0,0.09804134125805349
a02,173,0,0,0.0831248209240396
a02,174,0,0,0.11628590672752454
a02,175,0,0,0.18225545200210427
a02,176,1,0,0.1964709389313286
a02,177,1,0,0.11972393894462324
a02,178,1,0,0.13380439617265574
a02,179,1,0,0.11013803086714438
a02,180,1,0,0.22178893193187116
a02,181,1,0,0.1827644118722778
a02,182,1,0,0.25703769542545346
a02,183,1,0,0.18335009701344307
a02,184,1,0,0.21123017386939028
a02,185,1,0,0.26470785133016095
a02,186,1,0,0.2036362784850868
a02,187,1,0,0.20157614434907062
a02,188,1,0,0.1827880828851322
a02,189,1,0,0.09566512147315134
a02,190,1,0,0.14608824259073405
a02,191,1,0,0.19450128655105295
a02,192,1,0,0.14632497096383199
a02,193,1,0,0.1990526855482188
a02,194,1,0,0.14682428398830183
a02,195,1,0,0.20495260748162328
a02,196,1,0,0.16159346293459947
a02,197,1,0,0.1741937576021807
a02,198,1,0,0.16910030043754312
a02,199,1,0,0.18237835410525044
a02,200,1,0,0.12366887844181068
a02,201,0,0,0.18016142824874062
a02,202,0,1,0.5089475567044235
a02,203,0,0,0.18548320595356518
a02,204,0,0,0.12366250525379549
a02,205,0,0,0.18814011021049581
a02,206,0,0,0.20109199407868134
a02,207,1,0,0.254465888897768
a02,208,1,0,0.37696688394710687
a02,209,1,0,0.1470068822041405
a02,210,1,0,0.30350344138227664
a02,211,1,0,0.21584240526174098
a02,212,1,0,0.18331951444158565
a02,213,1,0,0.1541087701947651
a02,214,1,0,0.2749504221657328
a02,215,1,0,0.20187672339084342
a02,216,1,0,0.19486896946810695
a02,217,1,1,0.5375436616606482
a02,218,1,0,0.13918528193998167
a02,219,1,0,0.15521387114201027
a02,220,1,0,0.3363461713961676
a02,221,1,0,0.27265394692873496
a02,222,1,0,0.31945267294277846
a02,223,1,0,0.4351828818369048
a02,224,1,0,0.1863414355222932
a02,225,1,0,0.21938251880271356
a02,226,1,0,0.46653149194302496
a02,227,1,0,0.27189133645962554
a02,228,1,0,0.2725880506579425
a02,229,1,0,0.3256254769505271
a02,230,1,0,0.43333077358698324
a02,231,1,1,0.6590601590604072
a02,232,1,0,0.336688579450655
a02,233,1,0,0.4519554163494285
a02,234,1,0,0.4485339389068399
a02,235,1,0,0.2796626129398832
a02,236,1,0,0.4618222934372448
a02,237,1,0,0.32915440506299615
a02,238,1,0,0.2914943599443969
a02,239,1,0,0.36669294753725623
a02,240,1,0,0.3578438925629444
a02,241,1,0,0.435736348038143
a02,242,1,0,0.28380059895738796
a02,243,1,0,0.21241571792241257
a02,244,1,0,0.47555729161203875
a02,245,1,0,0.20238182482216724
a02,246,1,0,0.43695816153842165
a02,247,1,0,0.31186054825236337
a02,248,1,0,0.23960853313902256
a02,249,1,0,0.3857297266910892
a02,250,1,0,0.31429630570307854
a02,251,1,0,0.2764332881440627
a02,252,1,0,0.21709545278674405
a02,253,1,0,0.28491915097130005
a02,254,1,0,0.33013275784815804
a02,255,1,0,0.21011977514735938
a02,256,1,0,0.2620761545338453
a02,257,1,0,0.2628104086804159
a02,258,1,0,0.3319930535930043
a02,259,1,0,0.22200068521563596
a02,260,1,1,0.5669744057610474
a02,261,1,0,0.3398531366853042
a02,262,1,0,0.41518008539048656
a02,263,1,0,0.26444487064752664
a02,264,1,0,0.3127276827821937
a02,265,1,0,0.31457162151240115
a02,266,0,0,0.2797261238036718
a02,267,0,0,0.22564352155916925
a02,268,0,0,0.30082067266533075
a02,269,0,0,0.28481659815306687
a02,270,1,0,0.40065047061399167
a02,271,1,0,0.2203682862368988
a02,272,1,0,0.41302836724548814
a02,273,1,0,0.3653591282937714
a02,274,1,0,0.28810722311397674
a02,275,1,0,0.3628518374985926
a02,276,1,0,0.3449849530806611
a02,277,1,0,0.44211882460594143
a02,278,1,0,0.4129482195054975
a02,279,1,0,0.35063113874029866
a02,280,1,0,0.3599450016445697
a02,281,1,0,0.2617002048863254
a02,282,0,0,0.4190186414650691
a02,283,0,0,0.18345577398302107
a02,284,0,0,0.4115585401333005
a02,285,0,0,0.3022679623711199
a02,286,0,0,0.2965197872147925
a02,287,0,0,0.3065694889466961
a02,288,1,0,0.4252381362543108
a02,289,1,0,0.21064120120885851
a02,290,1,0,0.253434234050168
a02,291,1,0,0.33822183651060056
a02,292,1,0,0.41414723699892125
a02,293,1,0,0.3573433702912893
a02,294,1,0,0.2999185914111113
a02,295,0,0,0.2478692743972019
a02,296,0,0,0.32340622689509696
a02,297,1,0,0.46498197107097167
a02,298,1,0,0.3234983634622455
a02,299,1,0,0.42492728174131755
a02,300,1,0,0.3027515212403527
a02,301,1,0,0.4827392144572962
a02,302,1,0,0.2895239363918933
a02,303,1,0,0.3824973361510041
a02,304,1,0,0.3190531956693282
a02,305,1,0,0.4696509801438493
a02,306,1,0,0.3436664250997467
a02,307,1,0,0.4839562148630951
a02,308,0,0,0.28719967236389915
a02,309,0,0,0.21749020160637803
a02,310,0,0,0.11892411941334875
a02,311,0,0,0.1819066273502072
a02,312,1,0,0.13057065475805088
a02,313,1,0,0.4680598254359914
a02,314,1,0,0.2869761824038703
a02,315,1,0,0.43660447215081627
a02,316,1,0,0.36903826834397807
a02,317,1,1,0.5160249732799379
a02,318,1,0,0.3300722116527546
a02,319,1,0,0.32177303393447904
a02,320,1,0,0.33610942294982776
a02,321,1,0,0.2343196987071345
a02,322,1,0,0.4569208363908362
a02,323,1,0,0.24011265745883864
a02,324,1,0,0.3024250228627755
a02,325,1,0,0.32864364892572157
a02,326,0,0,0.27235678973040095
a02,327,0,0,0.36945622603444317
a02,328,0,0,0.3770129206498949
a02,329,1,0,0.48999091218706486
a02,330,1,0,0.3732702048425682
a02,331,1,0,0.3018198394643979
a02,332,1,0,0.4656374874389247
a02,333,1,1,0.6336292533536513
a02,334,1,0,0.3850008093659773
a02,335,1,0,0.3861056166488641
a02,336,1,0,0.34496283082093737
a02,337,1,0,0.4545111246074507
a02,338,1,0,0.4571449230132898
a02,339,1,0,0.49530117383465666
a02,340,1,0,0.4558663937944497
a02,341,1,0,0.46593554514040236
a02,342,1,0,0.29916055657980123
a02,343,1,0,0.3234971971420399
a02,344,1,1,0.5079990739974302
a02,345,1,0,0.32406956050386293
a02,346,1,0,0.37614953312456145
a02,347,1,1,0.6731003384231772
a02,348,1,0,0.4531743117315355
a02,349,1,0,0.3035520491299476
a02,350,1,0,0.44826209913464116
a02,351,1,0,0.22544206829653102
a02,352,1,0,0.3093517134290638
a02,353,1,0,0.26544409750081555
a02,354,1,0,0.24841048936479918
a02,355,1,0,0.4166902456623521
a02,356,1,0,0.47314886463103595
a02,357,1,0,0.3796343071305637
a02,358,1,0,0.38557382560931647
a02,359,1,1,0.6185446625996631
a02,360,1,1,0.7333580243746246
a02,361,1,1,0.7204728484885574
a02,362,1,0,0.31936541482064545
a02,363,1,0,0.3682376147364534
a02,364,1,0,0.4330630217853934
a02,365,1,0,0.3548423943733041
a02,366,1,0,0.2710149102175835
a02,367,1,0,0.4662525329985483
a02,368,1,0,0.3014102232331405
a02,369,1,0,0.3971049168772135
a02,370,1,0,0.07374869946405452
a02,371,1,0,0.18949355648762786
a02,372,1,0,0.32564314824948853
a02,373,1,0,0.29020558344418573
a02,374,1,0,0.3933815553868476
a02,375,1,0,0.3773211401439074
a02,376,1,0,0.17848778677462454
a02,377,1,0,0.3894627747752263
a02,378,1,0,0.24449400519634024
a02,379,1,0,0.3069992565467298
a02,380,1,0,0.3852505871704849
a02,381,1,0,0.40364447090555355
a02,382,1,0,0.39725409683453194
a02,383,1,0,0.28584522720840455
a02,384,1,1,0.6360647936042984
a02,385,1,0,0.23521820835194335
a02,386,1,0,0.18865927753916933
a02,387,1,0,0.2523980420147881
a02,388,1,0,0.21358767041106375
a02,389,0,0,0.3066598040003559
a02,390,0,0,0.4509353573444859
a02,391,0,0,0.412190337713991
a02,392,1,0,0.3703732513549205
a02,393,1,0,0.447490711215795
a02,394,1,1,0.5015660995395811
a02,395,1,0,0.48400633167528456
a02,396,1,0,0.49027304181545195
a02,397,1,0,0.3942722785601636
a02,398,1,0,0.46224352468138724
a02,399,1,0,0.33949979683538156
a02,400,1,1,0.6246114044066414
a02,401,1,0,0.26281573715926293
a02,402,1,0,0.21583835628686276
a02,403,1,0,0.272013982462371
a02,404,1,0,0.22214575888556923
a02,405,1,0,0.24339395473002357
a02,406,1,0,0.23807475463087913
a02,407,1,0,0.3273851885409587
a02,408,1,0,0.27863344343437546
a02,409,1,0,0.25294419101272525
a02,410,1,0,0.34653360107827635
a02,411,1,0,0.28205253409530084
a02,412,1,0,0.32283504482676073
a02,413,1,0,0.27183611322802104
a02,414,1,0,0.23700414424283364
a02,415,1,0,0.2878103485519123
a02,416,1,0,0.3215640392282439
a02,417,1,0,0.48365035875425155
a02,418,1,1,0.5467551737759567
a02,419,1,0,0.3572459166919578
a02,420,1,1,0.5309358399716531
a02,421,1,1,0.6276440476261516
a02,422,1,0,0.46922781397880253
a02,423,1,1,0.572103090175437
a02,424,1,0,0.3058237628640691
a02,425,1,1,0.5405708321511058
a02,426,1,1,0.5735539100454321
a02,427,1,0,0.4285140068199895
a02,428,1,1,0.6720291690102881
a02,429,1,0,0.39685760324967667
a02,430,1,0,0.44552280266724403
a02,431,1,1,0.5411195100231075
a02,432,0,1,0.6687855454538966
a02,433,0,1,0.7361188239460186
a02,434,0,1,0.803686024862462
a02,435,0,0,0.4102433574726872
a02,436,1,0,0.3534636381291227
a02,437,1,0,0.42580145396963126
a02,438,1,0,0.40359314595384216
a02,439,1,0,0.35999777704670827
a02,440,1,1,0.5096009991315428
a02,441,1,1,0.7452718706190895
a02,442,1,1,0.6660648830278199
a02,443,1,1,0.517361371423656
a02,444,1,0,0.22633118031864888
a02,445,1,0,0.4946951988744924
a02,446,1,0,0.47486920598987925
a02,447,1,0,0.3580960191860318
a02,448,1,0,0.45830874840371283
a02,449,1,0,0.2460910029749625
a02,450,1,0,0.41968127551670553
a02,451,1,0,0.34821475642083183
a02,452,1,0,0.36921284564065043
a02,453,1,0,0.39818040325646686
a02,454,1,0,0.4242045085246576
a02,455,1,0,0.32322476212896556
a02,456,1,0,0.4373972486876941
a02,457,1,0,0.38272062757550307
a02,458,1,0,0.49491429827924394
a02,459,1,1,0.6538927789913134
a02,460,1,1,0.6768388001921493
a02,461,1,0,0.38558410266962945
a02,462,1,1,0.7359528888053706
a02,463,1,0,0.415520289411578
a02,464,1,1,0.6069300956307465
a02,465,1,0,0.3140828061589646
a02,466,1,0,0.44446165939864846
a02,467,1,0,0.38082840958415587
a02,468,1,1,0.7681482081846008
a02,469,1,1,0.9010558305910205
a02,470,1,1,0.5992350753511462
a02,471,1,0,0.3482969652031154
a02,472,1,0,0.44463014685417823
a02,473,1,0,0.457725147265703
a02,474,1,1,0.5126798560078893
a02,475,1,1,0.5143700929498951
a02,476,1,0,0.38136903379657583
a02,477,1,0,0.40877115782114737
a02,478,1,0,0.4592198947110899
a02,479,1,0,0.35342295982894684
a02,480,1,0,0.4901038501382168
a02,481,1,0,0.49325110518120063
a02,482,1,0,0.40061303262272385
a02,483,1,0,0.40987617167564394
a02,484,1,0,0.25755449891476934
a02,485,1,0,0.2579761985788329
a02,486,1,0,0.4317392660005193
a02,487,1,0,0.330919396844749
a02,488,1,0,0.34698975364009566
a02,489,1,0,0.45474061510732783
a02,490,1,0,0.3106407830358797
a02,491,1,0,0.3053285268607557
a02,492,1,0,0.29327170934673535
a02,493,1,0,0.41894679736638424
a02,494,1,0,0.3319310489189527
a02,495,1,0,0.35829074616808304
a02,496,1,1,0.576393024075319
a02,497,1,1,0.7520195087897733
a02,498,1,1,0.5387479335153544
a02,499,1,0,0.20006418654528535
a02,500,0,0,0.2514396484642089
a02,501,0,0,0.28044827576775067
a02,502,0,0,0.27147663736701555
a02,503,0,0,0.2892893987299256
a02,504,0,0,0.31202883566924905
a02,505,0,0,0.27152632305927193
a02,506,0,1,0.5605070907450264
a02,507,0,0,0.38924444419588095
a02,508,0,0,0.49798615083852954
a02,509,1,1,0.5252438523620289
a02,510,1,1,0.6202324321582855
a02,511,1,0,0.4559268262990009
a02,512,1,1,0.5003343035204746
a02,513,1,0,0.49511091030472726
a02,514,1,0,0.3667425917427827
a02,515,1,0,0.44023457176788183
a02,516,1,0,0.3878182640969174
a02,517,1,0,0.45142040177476583
a02,518,1,0,0.39754134829249294
a02,519,1,0,0.3246935038188679
a02,520,1,0,0.2095749367146968
a02,521,1,0,0.3280266657295245
a02,522,1,0,0.24632143898574602
a02,523,1,0,0.4747064161745025
a02,524,1,1,0.623191448930214
a02,525,1,1,0.5195259978389215
a02,526,1,0,0.49555784761320243
a02,527,1,1,0.5497590350710033
a03,1,0,1,0.6226992635893356
a03,2,0,0,0.47676801978236033
a03,3,0,1,0.6271612622429177
a03,4,0,1,0.7137021076992576
a03,5,0,0,0.47928759153041145
a03,6,0,1,0.6835873948172798
a03,7,0,1,0.5759619223357348
a03,8,0,1,0.6113081497788457
a03,9,0,1,0.6807616512807187
a03,10,0,1,0.6169800646477417
a03,11,0,1,0.6830011919785997
a03,12,0,1,0.7880804099837297
a03,13,1,1,0.6951663150948558
a03,14,1,1,0.7205982793182326
a03,15,1,1,0.7845425454737884
a03,16,1,1,0.8020875314891266
a03,17,1,1,0.9437367733983861
a03,18,1,1,0.8052661812713083
a03,19,1,1,0.759484377488072
a03,20,1,1,0.8069190802646498
a03,21,1,1,0.9834147116458517
a03,22,1,1,0.7740231922430947
a03,23,1,1,0.8704285168644321
a03,24,1,1,0.9271104805308926
a03,25,1,1,0.8431699251845926
a03,26,1,1,0.9326118108536275
a03,27,1,1,0.9349469057782828
a03,28,1,1,0.9298003476880066
a03,29,1,1,0.9257178368667741
a03,30,1,1,0.9040534886190783
a03,31,1,1,0.930024446824003
a03,32,1,1,0.8759664241389906
a03,33,1,1,0.8592564634022415
a03,34,1,1,0.9383099523172462
a03,35,1,1,0.9042100922390447
a03,36,1,1,0.8460098160624386
a03,37,1,1,0.8026684477484735
a03,38,1,1,0.9203126891704196
a03,39,1,1,0.914268114196013
a03,40,1,1,0.929554699659903
a03,41,1,1,0.8691485933600078
a03,42,1,1,0.9559031836435855
a03,43,1,1,0.964255625048272
a03,44,1,1,0.8221381311663515
a03,45,1,1,0.9040632208964332
a03,46,1,1,0.9431973859212833
a03,47,1,1,0.939709044837132
a03,48,1,1,0.9777586365395661
a03,49,1,1,0.959216121551167
a03,50,1,1,0.9536386070522537
a03,51,1,1,0.933083314596109
a03,52,1,1,0.8786656199851175
a03,53,1,1,0.9607738271658733
a03,54,1,1,0.8681984691389106
a03,55,1,1,0.7987255257585438
a03,56,1,1,0.9438022867989783
a03,57,1,1,0.9147424059007191
a03,58,1,1,0.9444205050176064
a03,59,1,1,0.9881433956608804
a03,60,0,0,0.3458992587107129
a03,61,0,0,0.35763872907517247
a03,62,0,1,0.5462789151243694
a03,63,0,1,0.5402841298913792
a03,64,0,1,0.5067411068190653
a03,65,0,0,0.4600582403059886
a03,66,0,0,0.4149692542510831
a03,67,0,1,0.540017926573798
a03,68,0,0,0.33812899601104474
a03,69,0,1,0.5324509786401801
a03,70,0,0,0.28395702532317296
a03,71,0,0,0.2684892709732568
a03,72,0,0,0.3210936288768238
a03,73,0,0,0.27370249171614686
a03,74,0,0,0.2930468121929112
a03,75,0,0,0.2773893008360088
a03,76,0,0,0.37104704314243453
a03,77,0,0,0.29826298344336544
a03,78,0,0,0.2842638242382445
a03,79,0,0,0.41524170451948
a03,80,0,1,0.5093789975324208
a03,81,0,0,0.1782806027527475
a03,82,0,0,0.20440945659013865
a03,83,0,0,0.1932482816180085
a03,84,0,0,0.2619631354035801
a03,85,0,0,0.17428274207461775
a03,86,0,0,0.12994569114154852
a03,87,0,0,0.247382560993572
a03,88,0,0,0.31577667029936873
a03,89,0,0,0.4818675883902404
a03,90,0,1,0.644348250165796
a03,91,0,0,0.42669577822167415
a03,92,0,0,0.40649921408684414
a03,93,0,0,0.41523709287660526
a03,94,0,0,0.43375727122142604
a03,95,0,1,0.6353944443541123
a03,96,0,0,0.46796230132016386
a03,97,0,1,0.5357255296502488
a03,98,0,0,0.398276435733663
a03,99,0,0,0.4777233127703873
a03,100,0,1,0.5535162680974403
a03,101,0,1,0.7241695397650723
a03,102,0,0,0.41918412557335377
a03,103,0,0,0.38964382749267573
a03,104,0,1,0.8428985276775853
a03,105,1,1,0.7916996503767331
a03,106,1,1,0.8698373605828539
a03,107,1,1,0.6945691004711224
a03,108,1,1,0.9806223227951604
a03,109,1,1,0.8996592664459939
a03,110,1,1,0.8627188145083252
a03,111,1,1,0.8822599067643047
a03,112,1,1,0.9170939148505511
a03,113,1,1,0.9057910160351021
a03,114,1,1,0.9268654421074161
a03,115,1,1,0.8796329381625793
a03,116,1,1,0.8209123577211105
a03,117,1,1,0.9760942024385771
a03,118,1,1,0.8851908968780398
a03,119,1,1,0.9357673252588441
a03,120,1,1,0.9504576343063419
a03,121,1,1,0.8407261904606278
a03,122,1,1,0.9562358437708045
a03,123,1,1,0.9255971134661403
a03,124,1,1,0.9705994368057029
a03,125,1,1,0.925149501405871
a03,126,1,1,0.9745816824905463
a03,127,1,1,0.9593276732722008
a03,128,1,1,0.9609091284985848
a03,129,1,1,0.9338148925816576
a03,130,1,1,0.9191085914534893
a03,131,1,1,0.9567138703528705
a03,132,1,1,0.9558702039017893
a03,133,1,1,0.8418072727137874
a03,134,1,1,0.832111187293205
a03,135,1,1,0.8099991911638855
a03,136,1,1,0.8529590424110605
a03,137,1,1,0.8848972741930045
a03,138,1,1,0.8023351732502355
a03,139,1,1,0.909598788460271
a03,140,1,1,0.8958023022487968
a03,141,1,1,0.8349217306299374
a03,142,1,1,0.8100244898359558
a03,143,1,1,0.8972572581682238
a03,144,1,1,0.7947605241855485
a03,145,1,1,0.8570026123559763
a03,146,1,1,0.9267896507815953
a03,147,0,0,0.4656659935962589
a03,148,0,1,0.5140713349142764
a03,149,0,0,0.4820937090165849
a03,150,0,0,0.42791163250115416
a03,151,0,0,0.42149617777131837
a03,152,0,0,0.389086375595064
a03,153,0,0,0.3482384939931625
a03,154,0,0,0.4138349666037941
a03,155,0,0,0.39335948597900156
a03,156,0,0,0.4171083462549239
a03,157,0,0,0.4260541949405558
a03,158,0,0,0.3816729070211389
a03,159,0,0,0.4049999578894152
a03,160,0,0,0.4161380053627052
a03,161,0,0,0.43420837287170083
a03,162,0,0,0.372106398944208
a03,163,0,0,0.38746653547362186
a03,164,0,0,0.403781513659543
a03,165,0,0,0.47318382493398864
a03,166,0,0,0.48540476632601703
a03,167,0,0,0.4068511826343626
a03,168,0,0,0.3878302885476607
a03,169,0,0,0.4362424013147778
a03,170,0,0,0.40736998347074516
a03,171,0,0,0.3808860234313243
a03,172,0,0,0.49159360769571064
a03,173,0,0,0.3909437289501425
a03,174,0,0,0.3899719909251653
a03,175,0,0,0.39398254048135745
a03,176,0,0,0.40023493623029754
a03,177,0,0,0.38924264453285484
a03,178,0,0,0.3871856679757058
a03,179,0,0,0.3728218231401618
a03,180,0,0,0.4215895427247325
a03,181,0,0,0.42038659848048515
a03,182,0,0,0.42931955405110883
a03,183,0,0,0.37830847786255173
a03,184,0,0,0.4362582014869441
a03,185,0,0,0.46548510337544835
a03,186,1,1,0.9117477126449683
a03,187,1,1,0.8854210882795098
a03,188,1,1,0.7050360121561592
a03,189,1,1,0.8580989428614836
a03,190,1,1,0.9335239590618429
a03,191,1,1,0.9248025275663739
a03,192,1,1,0.9849833056351419
a03,193,1,1,0.9246633563665284
a03,194,1,1,0.8854019954020418
a03,195,1,1,0.9296905499536006
a03,196,1,1,0.9170596977394586
a03,197,1,1,0.9211867753466713
a03,198,1,1,0.7626522384816777
a03,199,1,1,0.9102974344590684
a03,200,1,1,0.9570558202282128
a03,201,1,1,0.9256914419056633
a03,202,1,1,0.9465912593997028
a03,203,1,1,0.8741403956818715
a03,204,1,1,0.7343765079038762
a03,205,1,1,0.9113389493997296
a03,206,1,1,0.9046546746762908
a03,207,1,1,0.9583571499108705
a03,208,1,1,0.8128127048413779
a03,209,1,1,0.8654661126851195
a03,210,1,1,0.7476351029023881
a03,211,1,1,0.7697091126164127
a03,212,1,1,0.967976581032039
a03,213,1,1,0.9265022434907629
a03,214,1,1,0.9295328437946697
a03,215,1,1,0.8227215462563777
a03,216,1,1,0.9224107478699538
a03,217,1,1,0.8454867281240457
a03,218,1,1,0.8227980905056115
a03,219,1,1,0.6214877176627613
a03,220,1,1,0.8187204135896059
a03,221,1,1,0.9432071950875496
a03,222,1,1,0.8387494026808494
a03,223,1,1,0.9496325295427788
a03,224,1,1,0.9114082145175216
a03,225,1,1,0.9140844135962193
a03,226,1,1,0.5222688233054836
a03,227,1,1,0.5833203044437711
a03,228,1,1,0.9427468743704457
a03,229,0,1,0.631408826866177
a03,230,0,0,0.09563978997600828
a03,231,0,0,0.21279470836947523
a03,232,0,0,0.22897545365808403
a03,233,0,0,0.3540775690579353
a03,234,0,0,0.4388031355273718
a03,235,0,0,0.3181689562848875
a03,236,0,1,0.5037462493899348
a03,237,0,1,0.677663871162935
a03,238,0,1,0.6099382889091651
a03,239,0,1,0.6371134336780675
a03,240,1,1,0.7820999854409101
a03,241,1,1,0.7631486584055662
a03,242,1,1,0.7167033691656922
a03,243,1,1,0.8320463521733035
a03,244,1,1,0.6710310544992131
a03,245,1,1,0.767104271271001
a03,246,1,1,0.8687244486418829
a03,247,1,1,0.6263334218820276
a03,248,1,1,0.768522421840711
a03,249,1,1,0.8070993495536396
a03,250,1,1,0.9014726048573366
a03,251,1,1,0.8805883002604037
a03,252,1,1,0.9437483319359024
a03,253,1,1,0.8999392051235849
a03,254,1,1,0.9590887878580153
a03,255,1,1,0.9503412833566706
a03,256,1,1,0.8819566372660292
a03,257,1,1,0.9635488141817458
a03,258,0,1,0.6510246590818645
a03,259,0,1,0.8285879388372008
a03,260,0,0,0.3348832130448763
a03,261,0,0,0.22758057754854424
a03,262,0,0,0.392739156353831
a03,263,0,0,0.33344829783691426
a03,264,0,1,0.6192753778467295
a03,265,0,0,0.4568727222596947
a03,266,0,0,0.38048532741985824
a03,267,0,0,0.4745139881858813
a03,268,0,1,0.5192583375562648
a03,269,0,0,0.47882098737001444
a03,270,0,1,0.6362960785033838
a03,271,0,0,0.42280050563966504
a03,272,0,0,0.47666611269772113
a03,273,0,0,0.364345926978574
a03,274,0,0,0.4444519938063461
a03,275,0,0,0.3986806288343755
a03,276,0,0,0.4000940243651593
a03,277,0,0,0.4010802143893143
a03,278,0,0,0.4228936039320202
a03,279,0,1,0.8021178199687116
a03,280,0,1,0.8230796595659565
a03,281,0,0,0.4381245466504967
a03,282,0,1,0.6244781579329814
a03,283,0,1,0.8576452551026817
a03,284,0,1,0.5064498020978652
a03,285,0,1,0.7649883354515501
a03,286,0,1,0.6774518582705934
a03,287,0,0,0.4899095589465412
a03,288,0,1,0.6214419708480889
a03,289,0,1,0.7823040244909168
a03,290,1,1,0.8025931825672205
a03,291,1,1,0.8085313651606084
a03,292,1,1,0.9474803141021422
a03,293,1,1,0.8512177168874189
a03,294,1,1,0.9635296313772381
a03,295,1,1,0.9594337241784242
a03,296,1,1,0.9016352167177246
a03,297,1,1,0.7481478705867227
a03,298,1,1,0.9557969374346029
a03,299,1,1,0.9536006840016489
a03,300,1,1,0.8337779311799305
a03,301,1,1,0.9884263648820415
a03,302,1,1,0.9727550223855287
a03,303,0,1,0.6864707914058931
a03,304,0,0,0.2643604914076999
a03,305,0,0,0.4572224258780532
a03,306,0,0,0.28974712312013545
a03,307,0,0,0.32261621425879466
a03,308,0,0,0.28619961377211284
a03,309,0,1,0.5064431657874129
a03,310,0,1,0.5782495892590361
a03,311,0,0,0.33779020655387687
a03,312,0,0,0.2804315143349348
a03,313,0,0,0.33316971324914657
a03,314,0,0,0.32919316719586333
a03,315,0,0,0.41327868075573104
a03,316,0,0,0.2981462436707101
a03,317,0,1,0.5070037056373384
a03,318,0,0,0.44209354163337383
a03,319,0,0,0.39462737251335994
a03,320,0,0,0.4498641261850262
a03,321,0,0,0.38987725437710385
a03,322,0,1,0.6233948389452548
a03,323,0,0,0.4328667656037793
a03,324,0,1,0.5469690717596112
a03,325,0,0,0.4810984828553903
a03,326,0,0,0.408018481910155
a03,327,0,0,0.4559577900340662
a03,328,0,0,0.2637705295495466
a03,329,0,0,0.3327587118576497
a03,330,0,0,0.37519796795476185
a03,331,0,0,0.4615384633040161
a03,332,0,0,0.41586877322126586
a03,333,0,0,0.29373399502233005
a03,334,0,0,0.34901418086162744
a03,335,0,0,0.37322069243972855
a03,336,0,0,0.4028184537315075
a03,337,0,0,0.38247448827808483
a03,338,0,0,0.40919301859730595
a03,339,0,0,0.3501493573564775
a03,340,0,0,0.4701316531273321
a03,341,0,0,0.42559720527530226
a03,342,0,0,0.4303312846228201
a03,343,0,0,0.3491006058174452
a03,344,0,0,0.33010813487877005
a03,345,0,0,0.3295873674044027
a03,346,0,0,0.2990588640886975
a03,347,1,1,0.7223160451700971
a03,348,1,1,0.8182244346219635
a03,349,1,1,0.9354517765720366
a03,350,1,1,0.9437499931473655
a03,351,1,1,0.9345448630266306
a03,352,1,1,0.6597445485979568
a03,353,0,1,0.569719342648644
a03,354,0,0,0.3318523951721129
a03,355,0,0,0.19641088184493793
a03,356,0,1,0.5690707734594546
a03,357,0,0,0.40359957697539695
a03,358,0,0,0.4829034596435498
a03,359,0,0,0.4252846010823359
a03,360,0,0,0.46977493904324275
a03,361,0,1,0.7162160519200577
a03,362,0,1,0.608700954946961
a03,363,0,1,0.9571388731805122
a03,364,0,1,0.8794101393591932
a03,365,0,1,0.5116550576055234
a03,366,0,1,0.7477842832103706
a03,367,0,1,0.8979507197513843
a03,368,0,1,0.9291178663715338
a03,369,0,0,0.464940007569679
a03,370,0,1,0.6763968682425144
a03,371,0,1,0.5258950560210899
a03,372,0,1,0.5480921081005129
a03,373,0,1,0.8555346102042343
a03,374,0,1,0.8685213832461296
a03,375,0,1,0.9192643471066714
a03,376,0,1,0.8702475924400711
a03,377,0,1,0.5341723741355882
a03,378,0,1,0.929884340676607
a03,379,0,1,0.8188056726923627
a03,380,0,1,0.7499628310541216
a03,381,0,0,0.49230348822312103
a03,382,0,0,0.3469846752901461
a03,383,0,0,0.3196676961738738
a03,384,0,1,0.8831357095947305
a03,385,1,1,0.8418840007424745
a03,386,1,1,0.8881997160654788
a03,387,1,1,0.8820419046428043
a03,388,1,1,0.8601730489105712
a03,389,1,1,0.8944084778573288
a03,390,1,1,0.8813151359360026
a03,391,1,1,0.9095929802555762
a03,392,1,1,0.7585785407467365
a03,393,1,1,0.922508693459822
a03,394,1,1,0.9247535414888488
a03,395,1,1,0.9098918092099257
a03,396,1,1,0.9440511113477904
a03,397,1,1,0.8338244024104594
a03,398,1,1,0.8690661986982985
a03,399,1,1,0.9518409112327825
a03,400,1,1,0.9229822369328833
a03,401,1,1,0.8443192231557984
a03,402,1,1,0.9411397758045618
a03,403,1,1,0.5690919783800121
a03,404,1,1,0.788636635250703
a03,405,1,1,0.7428661383440754
a03,406,0,0,0.4799072260685475
a03,407,0,1,0.5002542535082103
a03,408,0,0,0.3338439711529344
a03,409,0,0,0.27273206200141936
a03,410,0,1,0.79830292266479
a03,411,1,1,0.8197728602671133
a03,412,1,1,0.8541700429376834
a03,413,1,1,0.7285438513286153
a03,414,1,1,0.9216168522616672
a03,415,1,1,0.6370660401098536
a03,416,1,0,0.48269949344180557
a03,417,0,1,0.586271247641177
a03,418,0,0,0.4599473904729399
a03,419,0,0,0.36820796434946096
a03,420,0,0,0.43750170542642774
a03,421,0,1,0.5570533123760928
a03,422,0,0,0.482358468949
a03,423,0,0,0.4898693358608212
a03,424,0,0,0.40321568648452605
a03,425,0,0,0.48912838784206714
a03,426,0,1,0.553513443274582
a03,427,1,1,0.6998538609944064
a03,428,1,1,0.8779032305619138
a03,429,1,1,0.843064567774901
a03,430,1,1,0.8248033833986584
a03,431,1,1,0.9095375754530565
a03,432,1,1,0.932489617651589
a03,433,1,1,0.9370619021264671
a03,434,1,1,0.5191831171624591
a03,435,1,1,0.8522661247925949
a03,436,1,1,0.9578556181269408
a03,437,1,1,0.9286542546103373
a03,438,1,1,0.9272232867564448
a03,439,1,1,0.8088427897385208
a03,440,1,1,0.6531416261382669
a03,441,1,1,0.7333523760390295
a03,442,1,1,0.6268919202840969
a03,443,0,1,0.595855504728264
a03,444,0,0,0.30589676336608457
a03,445,0,1,0.5168050797696403
a03,446,0,0,0.33357480365182435
a03,447,0,0,0.33839794671641993
a03,448,0,0,0.37642015891600494
a03,449,0,0,0.3239819030923995
a03,450,0,1,0.5833341944160659
a03,451,0,0,0.4123795578651082
a03,452,0,0,0.31937440880164253
a03,453,0,0,0.2764889363083445
a03,454,0,1,0.6045153823125803
a03,455,0,1,0.5423415653533036
a03,456,0,0,0.3885389329061288
a03,457,0,1,0.5404205238368552
a03,458,0,0,0.295800539531811
a03,459,0,1,0.5377914105000169
a03,460,0,0,0.3997141312956579
a03,461,0,0,0.4578832860228431
a03,462,0,0,0.36625645692036596
a03,463,0,1,0.648545163131158
a03,464,0,0,0.3052250960853552
a03,465,0,0,0.35425114567811095
a03,466,0,0,0.36425952988637833
a03,467,0,0,0.4125339158730462
a03,468,0,1,0.553809811744637
a03,469,0,1,0.702785426663244
a03,470,1,1,0.5265211272013729
a03,471,1,1,0.8485066740056297
a03,472,1,1,0.9351850944988203
a03,473,1,1,0.9797154500049478
a03,474,1,1,0.8324872406296994
a03,475,1,1,0.9123391579625305
a03,476,1,1,0.965525486798277
a03,477,1,1,0.8096829358562169
a03,478,1,1,0.7793934051866376
a03,479,1,1,0.9660946722285151
a03,480,1,1,0.8881623540728273
a03,481,1,1,0.9194052814591492
a03,482,1,1,0.9513870081053738
a03,483,1,1,0.9777012809024548
a03,484,1,1,0.8830050307319944
a03,485,1,1,0.9136586940625112
a03,486,1,1,0.8764692176659228
a03,487,1,1,0.9427023161016513
a03,488,1,1,0.8806866042323298
a03,489,1,1,0.7296498533061953
a03,490,1,1,0.8227218226483771
a03,491,1,1,0.5710987599526268
a03,492,0,0,0.39397614118453844
a03,493,0,0,0.298826650988637
a03,494,0,0,0.4646493361385868
a03,495,0,0,0.1841744820686338
a03,496,0,0,0.42283217487128794
a03,497,0,1,0.5057585843297187
a03,498,0,0,0.39493219398010326
a03,499,0,1,0.6841670553260363
a03,500,0,1,0.7717662002487241
a03,501,0,1,0.8421677831129335
a03,502,0,0,0.31012663749350927
a03,503,0,1,0.9038205556609936
a03,504,0,1,0.7388328183167144
a03,505,0,0,0.43647948699341016
a03,506,0,1,0.8279664745165444
a03,507,1,1,0.9053238997538999
a03,508,1,1,0.6645199601861184
a03,509,1,1,0.7546679009838005
a03,510,1,1,0.9271303276884071
a03,511,1,1,0.9231659266399417
a03,512,1,1,0.510488266209604
a03,513,1,1,0.9109812091953615
a03,514,1,1,0.9205490642121724
a03,515,1,1,0.9179055627410402
a03,516,1,1,0.9368755585220035
a03,517,1,1,0.9780618504841991
a03,518,1,1,0.592955157612136
a04,1,0,0,0.24556130036226897
a04,2,0,1,0.543805015406509
a04,3,0,0,0.37059263013679733
a04,4,0,0,0.25556379058589795
a04,5,0,0,0.26203803505627143
a04,6,0,1,0.5403644250153311
a04,7,0,0,0.22791846945942293
a04,8,0,0,0.38458355110666453
a04,9,0,0,0.3471255175866875
a04,10,0,0,0.28502296651192593
a04,11,0,1,0.5018694338516817
a04,12,0,0,0.29110902160292074
a04,13,0,0,0.32028033105218917
a04,14,0,0,0.3726441507048746
a04,15,0,0,0.36999473365610197
a04,16,0,0,0.268414426277009
a04,17,0,0,0.3686936128934081
a04,18,0,0,0.258893217421445
a04,19,0,0,0.4002084559887425
a04,20,0,0,0.2959686644498704
a04,21,0,0,0.2742118199225358
a04,22,0,0,0.3652047564217713
a04,23,0,0,0.3265002026323914
a04,24,0,0,0.3619462218581507
a04,25,0,0,0.42490539870258887
a04,26,0,0,0.3656127546984895
a04,27,0,0,0.4624818321944776
a04,28,0,1,0.5197060029630592
a04,29,0,0,0.39283032018054814
a04,30,0,0,0.4136696094830796
a04,31,0,0,0.45813321454794753
a04,32,0,0,0.3629505841041778
a04,33,0,0,0.3946048044713908
a04,34,0,1,0.5015207445015585
a04,35,1,1,0.7680682459513365
a04,36,1,0,0.28990216981139916
a04,37,1,1,0.6630363970323507
a04,38,1,0,0.4775388059234266
a04,39,1,1,0.6288698601780078
a04,40,1,1,0.5972842840191878
a04,41,1,1,0.6426570769123292
a04,42,1,1,0.6803162622517315
a04,43,1,1,0.5879108320067908
a04,44,1,1,0.5345259803712674
a04,45,1,1,0.6498297292542966
a04,46,1,1,0.7284417191946434
a04,47,1,1,0.6727447087492671
a04,48,1,1,0.65915252279967
a04,49,1,1,0.8254639714840663
a04,50,1,1,0.5558457368495586
a04,51,1,1,0.5730994373173011
a04,52,1,0,0.4035204644834476
a04,53,1,1,0.517627016297588
a04,54,1,1,0.7375706893648526
a04,55,1,1,0.7744312470367486
a04,56,1,1,0.5884452074702692
a04,57,1,1,0.5999227387829055
a04,58,1,1,0.6358089786849337
a04,59,1,1,0.6070232536984225
a04,60,1,1,0.6058479651264388
a04,61,1,1,0.6632359847520598
a04,62,1,1,0.6730279134665607
a04,63,1,1,0.5425454915535252
a04,64,1,1,0.5928121504469208
a04,65,1,1,0.7064912653439905
a04,66,1,0,0.4141946618092398
a04,67,1,1,0.6780326059599683
a04,68,1,1,0.5360394384855987
a04,69,1,1,0.6637084330592452
a04,70,1,1,0.7168641045840766
a04,71,1,1,0.6140434372834095
a04,72,1,1,0.6668761847053295
a04,73,1,1,0.5689342511048942
a04,74,1,0,0.4550553772718674
a04,75,1,1,0.7404897124798767
a04,76,1,1,0.7539934254951997
a04,77,1,1,0.6837029463032529
a04,78,1,1,0.6965096893893951
a04,79,1,1,0.6177184802767541
a04,80,1,1,0.7269377795062919
a04,81,1,1,0.6701173261789826
a04,82,1,1,0.5519552913186829
a04,83,1,1,0.6109934024629198
a04,84,1,1,0.5547200757226691
a04,85,1,1,0.6406294554222094
a04,86,1,1,0.5130316292887505
a04,87,1,1,0.6715532918974052
a04,88,1,1,0.6462138072896152
a04,89,1,1,0.7939461572483968
a04,90,1,1,0.6656881542853563
a04,91,1,1,0.7069905079272681
a04,92,1,1,0.7297084094032689
a04,93,1,1,0.644040336779997
a04,94,1,1,0.6958770378389725
a04,95,1,1,0.7404540229172307
a04,96,1,1,0.8000439731226175
a04,97,1,1,0.7652639925822807
a04,98,1,1,0.7577418868485726
a04,99,1,1,0.8511883038772301
a04,100,1,1,0.7666432872390356
a04,101,1,1,0.6865954162040862
a04,102,1,1,0.719320137975172
a04,103,1,1,0.7502697390765497
a04,104,1,1,0.7838568039196193
a04,105,1,1,0.7844527351192494
a04,106,1,1,0.7567564219848643
a04,107,1,1,0.7018583072136461
a04,108,1,1,0.7671272797719845
a04,109,1,1,0.8800130881372835
a04,110,1,1,0.7555682421097701
a04,111,1,1,0.6144834530080943
a04,112,1,1,0.8029141646009192
a04,113,1,1,0.7111074631540745
a04,114,1,1,0.7854631672888917
a04,115,1,1,0.7533052075642176
a04,116,1,1,0.6331421283182948
a04,117,1,1,0.6310249588887209
a04,118,1,1,0.7967651282743601
a04,119,1,0,0.48216435626579246
a04,120,1,1,0.5928082169208737
a04,121,1,1,0.8145539288282238
a04,122,1,1,0.7669643905858673
a04,123,1,1,0.8882878183728671
a04,124,1,1,0.614780373337545
a04,125,1,1,0.7198841857988391
a04,126,1,1,0.6175836576234793
a04,127,1,1,0.6710602821259395
a04,128,1,1,0.7507118511882773
a04,129,1,1,0.8227996445457673
a04,130,1,1,0.7819209909304531
a04,131,1,1,0.7113738483354495
a04,132,1,1,0.5544016446903008
a04,133,1,1,0.6976506274008956
a04,134,1,1,0.7916635679289368
a04,135,1,1,0.7062890487614901
a04,136,1,1,0.7533538094582884
a04,137,1,1,0.6203182593509561
a04,138,1,1,0.7254089271405222
a04,139,1,1,0.6231270864181016
a04,140,1,1,0.6900747056138389
a04,141,1,1,0.7382625021862751
a04,142,1,1,0.7304578403452556
a04,143,1,1,0.7219386023496511
a04,144,1,1,0.6066872062602939
a04,145,1,1,0.7759044318009058
a04,146,1,1,0.7738780590715517
a04,147,1,1,0.7542611775090893
a04,148,1,1,0.734311325377853
a04,149,1,1,0.6187697813974482
a04,150,1,1,0.8797599592249957
a04,151,1,1,0.8680677486401731
a04,152,1,1,0.6153749308861688
a04,153,1,1,0.8701054955403529
a04,154,1,1,0.8422945241263876
a04,155,1,1,0.9055665416388493
a04,156,1,1,0.5120338703269536
a04,157,1,1,0.7627836701035803
a04,158,1,1,0.5931513857832468
a04,159,1,1,0.7500751224036987
a04,160,1,1,0.7409586283095919
a04,161,1,1,0.6909655698502029
a04,162,1,1,0.6725045384087353
a04,163,1,1,0.5537962532348
a04,164,1,1,0.6204680322111638
a04,165,1,1,0.6213516607098278
a04,166,1,1,0.6474597367316354
a04,167,1,1,0.6509943385264095
a04,168,1,1,0.5699515652562117
a04,169,1,1,0.7207308537343535
a04,170,1,1,0.7748048264353055
a04,171,1,1,0.5702757922569288
a04,172,1,1,0.6713209607203956
a04,173,1,1,0.6156154590983999
a04,174,1,1,0.6503191594674409
a04,175,0,1,0.544463231780515
a04,176,0,1,0.5179435406800744
a04,177,1,1,0.607572921993267
a04,178,1,1,0.5755609117760272
a04,179,1,1,0.8366801113676475
a04,180,1,0,0.47528117903728095
a04,181,1,0,0.47823595499959554
a04,182,1,1,0.6640010971556665
a04,183,1,0,0.49990866768458214
a04,184,1,1,0.5923059123307507
a04,185,1,1,0.5719961762467788
a04,186,1,1,0.6424647582051595
a04,187,1,1,0.5685469503247029
a04,188,1,1,0.7374636963935383
a04,189,1,1,0.5175651391430311
a04,190,1,1,0.6622836527069625
a04,191,1,1,0.6291586296290537
a04,192,1,1,0.7063519797193838
a04,193,1,1,0.7136274426109502
a04,194,1,1,0.6562975813838224
a04,195,1,1,0.7190900487525443
a04,196,1,1,0.7485064617057244
a04,197,1,1,0.6677014994283467
a04,198,1,1,0.7346834167924419
a04,199,1,1,0.6855442893590084
a04,200,1,1,0.5714826366555382
a04,201,1,1,0.6185499198554565
a04,202,1,1,0.5595165996665521
a04,203,1,1,0.6872801188016797
a04,204,1,1,0.9090067847525996
a04,205,1,1,0.5810959165892953
a04,206,1,1,0.6948385552169323
a04,207,1,1,0.6361528414567416
a04,208,1,1,0.764425682454462
a04,209,1,1,0.7247355231852782
a04,210,1,1,0.7928694395528415
a04,211,1,1,0.6463730791725758
a04,212,1,1,0.8258875606772741
a04,213,1,1,0.6450065068120756
a04,214,1,1,0.7066356996847677
a04,215,1,1,0.7404306615014189
a04,216,1,1,0.7156770753288548
a04,217,1,1,0.557393662384592
a04,218,1,1,0.746742934955196
a04,219,1,0,0.43858317692030313
a04,220,1,1,0.5961685012299446
a04,221,1,0,0.41938102618229073
a04,222,1,0,0.36776058631406283
a04,223,1,1,0.7742788614612128
a04,224,1,1,0.5673919278887128
a04,225,1,1,0.754536265971342
a04,226,1,1,0.7446694639596833
a04,227,1,1,0.8283711121529601
a04,228,1,1,0.7851553815176366
a04,229,1,1,0.6293837664549156
a04,230,1,1,0.78175284220155
a04,231,1,1,0.7655149783390953
a04,232,1,1,0.6675177382727625
a04,233,1,1,0.7946898530288649
a04,234,1,1,0.7883679523453208
a04,235,1,1,0.5380861628118275
a04,236,1,1,0.7877196448506026
a04,237,1,1,0.8170802384791236
a04,238,1,1,0.7888694748343129
a04,239,1,1,0.8233621380022527
a04,240,1,1,0.6403648639799371
a04,241,1,1,0.6472131362726958
a04,242,1,1,0.52511217688208
a04,243,1,1,0.6937376870184481
a04,244,1,1,0.7696464220514014
a04,245,1,1,0.7014662898528186
a04,246,1,1,0.7755889802373827
a04,247,1,1,0.6430811649179652
a04,248,1,1,0.7467276983842241
a04,249,1,1,0.5308035599226733
a04,250,1,1,0.6864133224313582
a04,251,1,1,0.6376793142604641
a04,252,1,1,0.7087186414685861
a04,253,1,1,0.7346519834024542
a04,254,1,1,0.6526174089231195
a04,255,1,1,0.7644859588265719
a04,256,1,1,0.6187746891377494
a04,257,1,1,0.5394215319593321
a04,258,1,1,0.6040098301451996
a04,259,1,1,0.7525395249509946
a04,260,1,1,0.6814667789901214
a04,261,1,1,0.9420812014960798
a04,262,1,1,0.651006413144207
a04,263,1,1,0.8290643890426672
a04,264,1,1,0.8088810316219034
a04,265,1,1,0.8514643161421503
a04,266,1,1,0.900542688816621
a04,267,1,1,0.8920505363392661
a04,268,1,1,0.8594030662329267
a04,269,1,1,0.918549546889206
a04,270,1,1,0.7599180095798082
a04,271,1,1,0.8361001359174312
a04,272,1,1,0.8265914080034946
a04,273,1,1,0.8710608067928209
a04,274,1,1,0.8731397217292176
a04,275,1,1,0.8787875373409997
a04,276,1,1,0.5241438424692255
a04,277,1,1,0.5742652222493211
a04,278,1,1,0.7358035954090578
a04,279,1,1,0.7221762198711037
a04,280,1,1,0.6897696228616707
a04,281,1,1,0.7002927468214403
a04,282,1,1,0.7609033086936636
a04,283,1,1,0.691179804606978
a04,284,1,1,0.615356484428165
a04,285,1,1,0.6997347486841381
a04,286,1,1,0.7076321623821256
a04,287,1,1,0.7190796164012785
a04,288,1,1,0.691881097998447
a04,289,1,1,0.8587584989575952
a04,290,1,1,0.8600889081054897
a04,291,1,1,0.7647494520694369
a04,292,1,1,0.7438035496347626
a04,293,1,1,0.8222347519488603
a04,294,1,1,0.7680939697981249
a04,295,1,1,0.7755381833395812
a04,296,1,1,0.8126270750288317
a04,297,1,1,0.8656429169525343
a04,298,1,1,0.7843624667714026
a04,299,1,1,0.7358925250294905
a04,300,1,1,0.7805686151288156
a04,301,1,1,0.8673524551816141
a04,302,1,1,0.6712331656002433
a04,303,1,1,0.726916193684633
a04,304,1,1,0.6690538428808759
a04,305,1,1,0.7833586316562621
a04,306,1,1,0.523001120853583
a04,307,1,1,0.5117987498396082
a04,308,1,1,0.6794616359692168
a04,309,1,1,0.7864230442011223
a04,310,1,1,0.665005124910153
a04,311,1,1,0.7416391723667851
a04,312,1,1,0.6661730908250411
a04,313,1,1,0.7902573436914773
a04,314,1,1,0.7803456095746512
a04,315,1,1,0.8851481385237528
a04,316,1,1,0.7258965544452188
a04,317,1,1,0.5967253185755933
a04,318,1,1,0.8063446133332974
a04,319,1,1,0.6748163569957577
a04,320,1,0,0.4804552064135977
a04,321,1,1,0.5217902091400076
a04,322,1,1,0.6241997298300175
a04,323,1,1,0.5709023500207011
a04,324,1,1,0.5721395745476601
a04,325,1,1,0.6673320408706895
a04,326,1,1,0.7646873270743658
a04,327,1,0,0.4472425000911033
a04,328,1,1,0.8716706183880016
a04,329,1,1,0.512746689055546
a04,330,1,1,0.7308547914168728
a04,331,1,1,0.6951976748491958
a04,332,1,1,0.6435568593201043
a04,333,1,1,0.6510059311870154
a04,334,1,1,0.556994302017392
a04,335,1,1,0.514129701808255
a04,336,1,1,0.6500670294148291
a04,337,1,1,0.6745040283713502
a04,338,1,1,0.6966888557367759
a04,339,1,1,0.6298221430288179
a04,340,1,1,0.6546777286116777
a04,341,1,1,0.6662666808946155
a04,342,1,1,0.6956131314350078
a04,343,1,1,0.7030709649460727
a04,344,1,0,0.4902129128039399
a04,345,1,1,0.598959040111061
a04,346,1,1,0.722212770324855
a04,347,1,1,0.5538482648899914
a04,348,1,1,0.5884942396440399
a04,349,1,1,0.6884914643453076
a04,350,1,1,0.6467644843074938
a04,351,1,1,0.8463888533162252
a04,352,1,1,0.7176600797054055
a04,353,1,1,0.7587309219036965
a04,354,1,1,0.691395747941665
a04,355,1,1,0.6420111707261595
a04,356,1,1,0.7316639143244045
a04,357,1,1,0.7136963566340219
a04,358,1,1,0.7507530125916618
a04,359,1,1,0.6863269065311423
a04,360,1,1,0.859882449047026
a04,361,1,1,0.8231479711924582
a04,362,1,1,0.5478091157181059
a04,363,1,1,0.6977723050412726
a04,364,1,1,0.6962089220292287
a04,365,1,1,0.6410419845522182
a04,366,1,0,0.48630225071311983
a04,367,1,1,0.6872020460605895
a04,368,1,0,0.49458620070786585
a04,369,1,1,0.6060753308708106
a04,370,1,1,0.6980219622694206
a04,371,1,1,0.6690203946023552
a04,372,1,1,0.7021280827324236
a04,373,1,1,0.6107998318290163
a04,374,1,1,0.6697401916785742
a04,375,1,1,0.7321268959344827
a04,376,1,1,0.7171009772878403
a04,377,1,1,0.6670606604526639
a04,378,1,1,0.5567914695340399
a04,379,1,1,0.657826114901116
a04,380,1,1,0.5208776128148526
a04,381,1,1,0.7219600913572122
a04,382,1,1,0.7144224315626543
a04,383,1,1,0.8006806335539468
a04,384,1,1,0.7155711466831116
a04,385,1,1,0.712239591304988
a04,386,1,1,0.718761252743919
a04,387,1,1,0.6568048615499726
a04,388,1,1,0.8187932232712463
a04,389,1,1,0.8163860005420212
a04,390,1,1,0.71883972025459
a04,391,1,1,0.7108651284098739
a04,392,1,1,0.8090065457970028
a04,393,1,1,0.678004115033097
a04,394,1,1,0.8624297203186195
a04,395,1,1,0.8745001703937806
a04,396,1,1,0.7718778734617147
a04,397,1,1,0.7984082136045902
a04,398,1,1,0.7027664119600623
a04,399,1,1,0.7671157915749273
a04,400,1,1,0.7230217202048278
a04,401,1,1,0.8598662558049224
a04,402,1,1,0.5767275298902818
a04,403,1,1,0.7084484922210572
a04,404,1,1,0.684036284013366
a04,405,1,1,0.804400501307282
a04,406,1,1,0.8783943659939195
a04,407,1,1,0.6264528963214805
a04,408,1,1,0.6253699738086727
a04,409,1,1,0.6083383647015053
a04,410,1,0,0.45916820667438524
a04,411,1,1,0.5152527832375836
a04,412,1,1,0.5879651287694051
a04,413,1,1,0.5898009546832336
a04,414,1,1,0.5267543426345211
a04,415,1,1,0.6575517376982952
a04,416,1,1,0.7315227303334026
a04,417,1,0,0.45093069239013805
a04,418,1,1,0.6669549205117058
a04,419,1,1,0.5350067952361872
a04,420,1,1,0.5229205392430003
a04,421,1,1,0.6516692445960214
a04,422,1,0,0.375032949493787
a04,423,1,1,0.5726549479841703
a04,424,1,1,0.5770185564516043
a04,425,1,1,0.5260922358948446
a04,426,1,1,0.7969215539173868
a04,427,1,1,0.505511643277138
a04,428,1,1,0.6749251583792772
a04,429,1,1,0.8216798633866774
a04,430,1,1,0.556923753927144
a04,431,1,1,0.6674278517506481
a04,432,1,1,0.8646694339822703
a04,433,1,1,0.7717685923349488
a04,434,1,1,0.7133218035680445
a04,435,1,1,0.6769938727827635
a04,436,1,1,0.7055436159412138
a04,437,1,1,0.6316776582205897
a04,438,1,1,0.8022175729094391
a04,439,1,0,0.3569411101567999
a04,440,1,1,0.765583272836744
a04,441,1,0,0.35056653888589395
a04,442,1,1,0.8230256924091188
a04,443,1,1,0.62007496860306
a04,444,1,1,0.6493416110783747
a04,445,1,1,0.6732069723268509
a04,446,1,1,0.5241241487827896
a04,447,1,1,0.7087465140470254
a04,448,1,1,0.6726929719499072
a04,449,1,1,0.8056371273430576
a04,450,1,1,0.6914126859410723
a04,451,1,1,0.5885993772305487
a04,452,1,1,0.5735667281597746
a04,453,1,1,0.5810274828756438
a04,454,1,1,0.8419208105770538
a04,455,1,1,0.6053290017129851
a04,456,1,1,0.9636971514764278
a04,457,1,1,0.6865668073543053
a04,458,1,1,0.6289413203102189
a04,459,1,1,0.8915343558096318
a04,460,1,1,0.6655154300182641
a04,461,1,1,0.7900258330498883
a04,462,0,1,0.6719527136482402
a04,463,0,1,0.5146981504328739
a04,464,1,0,0.47446979687005236
a04,465,1,0,0.4956050587146235
a04,466,1,1,0.785266698025076
a04,467,1,1,0.5274468154451392
a04,468,1,1,0.5776210758796039
a04,469,1,1,0.7019520031171308
a04,470,1,1,0.5045856554083787
a04,471,1,1,0.6555359868344652
a04,472,1,1,0.5970367908765528
a04,473,1,1,0.549409684314018
a04,474,1,0,0.4931782953900864
a04,475,1,1,0.6437673187776789
a04,476,1,0,0.4794299568007512
a04,477,1,1,0.8038822722201091
a04,478,1,1,0.7393962524853459
a04,479,1,0,0.42205267946083197
a04,480,1,1,0.6663917482574968
a04,481,1,1,0.6847958315102498
a04,482,1,1,0.769660598401406
a04,483,1,1,0.5649598086082604
a04,484,1,1,0.5284534187579856
a04,485,1,1,0.7132448834769815
a04,486,1,1,0.7910450637653348
a04,487,1,1,0.6994978818410883
a04,488,1,1,0.5541594984102047
a04,489,1,1,0.7290297658827051
a04,490,1,1,0.6045995589558133
a04,491,1,1,0.8924908988266751
a05,1,0,1,0.5192704131523482
a05,2,0,1,0.5253055365158154
a05,3,0,1,0.515591461689015
a05,4,0,1,0.5080140901707988
a05,5,0,1,0.6493603306767566
a05,6,0,1,0.6354421341802702
a05,7,0,0,0.24941141184448867
a05,8,0,0,0.37786951330130547
a05,9,0,0,0.3276156513281193
a05,10,0,0,0.3982401649395024
a05,11,0,1,0.5968305493354567
a05,12,0,1,0.5144174654478423
a05,13,0,1,0.6093905197940627
a05,14,1,1,0.6307197071220388
a05,15,1,1,0.6438892048595682
a05,16,1,1,0.7040938007332505
a05,17,1,1,0.6223042626956105
a05,18,1,1,0.670870621514134
a05,19,1,1,0.7419015190965922
a05,20,1,1,0.7897669967896743
a05,21,1,1,0.5483972591462682
a05,22,1,1,0.5652401913846622
a05,23,1,1,0.6947635627992218
a05,24,1,1,0.6767523557018285
a05,25,1,1,0.6059469885016809
a05,26,1,1,0.5918073938883033
a05,27,1,1,0.6893981582066194
a05,28,1,1,0.6267886454142089
a05,29,1,1,0.5767394183506973
a05,30,1,1,0.7316285529914438
a05,31,1,1,0.7636981277436815
a05,32,1,1,0.529438437982966
a05,33,0,1,0.5343646999970733
a05,34,0,0,0.4927217187632579
a05,35,0,1,0.5647089379007185
a05,36,0,0,0.40028018494210776
a05,37,0,1,0.6310123910360402
a05,38,0,0,0.42667929154897855
a05,39,0,0,0.31803181982854345
a05,40,0,1,0.7042403000781389
a05,41,0,0,0.418166737299849
a05,42,0,0,0.4011807059625539
a05,43,0,0,0.48786334476734616
a05,44,0,0,0.3319821516711093
a05,45,0,0,0.3597339135744947
a05,46,0,0,0.36063988043896783
a05,47,0,0,0.3584164011169287
a05,48,0,0,0.47180652844363746
a05,49,0,1,0.7390838193463747
a05,50,0,1,0.6273857028463096
a05,51,0,0,0.32696629059961996
a05,52,0,0,0.34494521495647584
a05,53,0,0,0.32313704487840333
a05,54,0,0,0.3452152211019788
a05,55,0,1,0.5379962244730935
a05,56,0,0,0.4203763974960167
a05,57,0,0,0.3671819074133822
a05,58,0,0,0.39180883492360424
a05,59,0,0,0.4113424097545242
a05,60,0,0,0.4066656474853725
a05,61,0,1,0.5039398263817725
a05,62,0,1,0.5094829962863491
a05,63,0,0,0.4567959816448885
a05,64,0,0,0.394964816325464
a05,65,0,1,0.5674502687169936
a05,66,0,1,0.5932893817289631
a05,67,1,0,0.4168091870989914
a05,68,1,1,0.5288413085452307
a05,69,1,1,0.574656354715943
a05,70,0,0,0.3678040481948661
a05,71,0,0,0.48095542817223413
a05,72,0,1,0.548479146956365
a05,73,0,1,0.5469881101768175
a05,74,0,1,0.5841336617868165
a05,75,0,0,0.3427210793482326
a05,76,0,0,0.3295296341363908
a05,77,0,0,0.43082517084554794
a05,78,0,0,0.3419924701255582
a05,79,0,0,0.32635495645186835
a05,80,0,0,0.37753023622317017
a05,81,0,1,0.7976877557950564
a05,82,0,0,0.4662669614283411
a05,83,0,1,0.7140889906904853
a05,84,0,0,0.34740215818143433
a05,85,0,1,0.5992137751788438
a05,86,0,1,0.7183055369214688
a05,87,0,1,0.6417644646541587
a05,88,0,1,0.633525636910938
a05,89,0,0,0.3634453774668842
a05,90,0,1,0.7949999926886911
a05,91,0,0,0.32194841103703115
a05,92,0,0,0.4197007429544777
a05,93,1,1,0.5447269190287471
a05,94,1,1,0.5672806151362163
a05,95,1,1,0.5870041313514339
a05,96,1,1,0.536021189475294
a05,97,1,1,0.5461104280988939
a05,98,1,1,0.5565565509524817
a05,99,1,1,0.5158106442216066
a05,100,1,1,0.523653714812119
a05,101,1,1,0.564216642372063
a05,102,1,1,0.6229458944552009
a05,103,1,1,0.5680046356082772
a05,104,1,1,0.6145341328058466
a05,105,1,1,0.6139917428990668
a05,106,1,1,0.5913747157989143
a05,107,1,1,0.8586640739719347
a05,108,1,1,0.5004354861854889
a05,109,1,1,0.5475492387014994
a05,110,1,1,0.7319911367817801
a05,111,1,1,0.5023486116359503
a05,112,1,1,0.6141394349924449
a05,113,1,1,0.691220378786692
a05,114,1,1,0.7043407704596375
a05,115,1,1,0.6673523309536713
a05,116,1,1,0.525045204675459
a05,117,1,0,0.4389409520659642
a05,118,1,1,0.5763624568527803
a05,119,1,1,0.6732039102438075
a05,120,1,1,0.7363171553988141
a05,121,1,1,0.81969892031948
a05,122,1,1,0.6515896745830733
a05,123,1,1,0.6601209336883037
a05,124,1,1,0.6692643363959546
a05,125,1,1,0.7145590182429534
a05,126,1,1,0.5561033875152446
a05,127,1,1,0.708073720622011
a05,128,1,1,0.6196497639968338
a05,129,1,1,0.8375612141785858
a05,130,1,1,0.547982884043107
a05,131,1,1,0.5485816721874974
a05,132,1,1,0.5316448161698554
a05,133,1,1,0.6683544681945862
a05,134,1,1,0.6734770566891513
a05,135,1,1,0.6919826365789513
a05,136,1,1,0.5735532124673746
a05,137,1,1,0.5826091966658198
a05,138,1,1,0.6209063686807093
a05,139,1,1,0.6199735508134837
a05,140,1,1,0.6452979568195122
a05,141,1,1,0.5868155038128805
a05,142,1,1,0.5690047155225831
a05,143,1,0,0.317227095356385
a05,144,1,1,0.6004542803028244
a05,145,1,1,0.5777384131505595
a05,146,1,1,0.7073933937514626
a05,147,1,1,0.5533204068209719
a05,148,1,1,0.5880885639476262
a05,149,1,1,0.8460279338125362
a05,150,0,1,0.8299396830477753
a05,151,0,0,0.2425348808928884
a05,152,0,1,0.5829394787909679
a05,153,0,1,0.5041719522701195
a05,154,0,0,0.46911462688910643
a05,155,0,1,0.5714472726283684
a05,156,0,0,0.4031457002951747
a05,157,0,0,0.45244986486710664
a05,158,0,0,0.461522564567662
a05,159,1,1,0.5051225847057091
a05,160,1,0,0.47041029331746914
a05,161,1,0,0.4225487622429956
a05,162,1,1,0.5648827414996175
a05,163,1,0,0.4547457985414782
a05,164,1,1,0.6956857393818288
a05,165,1,0,0.3924877376333062
a05,166,1,1,0.5936790118077174
a05,167,1,1,0.635548821589263
a05,168,1,1,0.6222035836272727
a05,169,1,1,0.5429671098038976
a05,170,1,1,0.5644288909579692
a05,171,1,1,0.6933628630860165
a05,172,1,1,0.6418140521001048
a05,173,1,1,0.5973673768650773
a05,174,1,1,0.513539028366911
a05,175,1,1,0.5412077241620794
a05,176,1,1,0.7249008223242118
a05,177,1,1,0.704495874649066
a05,178,1,1,0.7224608517732332
a05,179,1,1,0.6828725995520553
a05,180,1,1,0.6516206516837671
a05,181,1,1,0.7807320372130087
a05,182,1,1,0.6741701392044103
a05,183,1,1,0.6946503000942283
a05,184,1,1,0.5698188025871204
a05,185,1,1,0.6210115889622361
a05,186,1,1,0.6937393708181187
a05,187,1,1,0.5939008718726209
a05,188,1,1,0.5349014946330934
a05,189,1,1,0.6618944296480578
a05,190,1,1,0.7403513046166856
a05,191,1,1,0.673289155014663
a05,192,1,1,0.6368483531664968
a05,193,1,1,0.7144792825391647
a05,194,1,1,0.6844262612180703
a05,195,1,1,0.6740025664022395
a05,196,1,1,0.7093577422834356
a05,197,1,1,0.6824207204976483
a05,198,1,0,0.4737022116360621
a05,199,1,1,0.5889807066119189
a05,200,1,1,0.6993367003034183
a05,201,1,1,0.6635077028224802
a05,202,1,1,0.6911660605759429
a05,203,1,1,0.6357179052223316
a05,204,1,1,0.6161679480367189
a05,205,1,1,0.6319974134426645
a05,206,1,1,0.6488075396295129
a05,207,1,1,0.5495671750892852
a05,208,1,1,0.5045972312946014
a05,209,1,1,0.6459530301229028
a05,210,1,1,0.6049063534036432
a05,211,1,1,0.6162730828342351
a05,212,1,0,0.43897930886730185
a05,213,1,1,0.587649510570535
a05,214,1,1,0.7228771117615419
a05,215,0,0,0.3570240449477446
a05,216,0,0,0.4198265946165428
a05,217,0,1,0.8274393137488242
a05,218,0,1,0.5770267963444407
a05,219,0,0,0.47690084337038974
a05,220,0,1,0.5720365599426971
a05,221,0,0,0.3508499398253614
a05,222,0,1,0.5049654386488291
a05,223,0,1,0.8194942616156329
a05,224,0,0,0.3565847716633026
a05,225,0,0,0.3455034366379418
a05,226,0,0,0.34595286081316556
a05,227,0,0,0.3590873059560818
a05,228,0,0,0.49315610199430954
a05,229,0,1,0.6928355876514927
a05,230,0,0,0.33183696216585784
a05,231,0,0,0.3603011367532664
a05,232,0,0,0.39513392469736797
a05,233,0,0,0.36592613814642466
a05,234,0,1,0.5665009843444895
a05,235,0,0,0.4143143790377429
a05,236,0,1,0.7631125952546027
a05,237,0,1,0.8089418261254698
a05,238,1,0,0.46506353256315014
a05,239,0,0,0.44408909876665875
a05,240,0,1,0.93126671088232
a05,241,0,0,0.28847126149781466
a05,242,0,0,0.4153622616760059
a05,243,0,1,0.5900603760069387
a05,244,0,0,0.34659180986479793
a05,245,0,0,0.47693961259664336
a05,246,0,0,0.4575817179431049
a05,247,0,1,0.6119872352862934
a05,248,0,0,0.4647756606757771
a05,249,1,0,0.4633361297318618
a05,250,1,1,0.589076412587848
a05,251,1,0,0.49794760335482546
a05,252,1,1,0.5888448960475638
a05,253,1,1,0.5448611239098958
a05,254,1,1,0.6906633244820473
a05,255,1,1,0.6009544387156334
a05,256,1,1,0.5810766842628283
a05,257,1,1,0.7560803455826558
a05,258,1,1,0.5113090971530359
a05,259,1,0,0.4529894058880301
a05,260,1,1,0.6551784158059798
a05,261,1,1,0.5379370789179208
a05,262,1,1,0.6268113165830812
a05,263,1,1,0.6710346127960363
a05,264,1,0,0.48642276377824406
a05,265,1,0,0.34116588357484606
a05,266,1,1,0.5265814295232293
a05,267,1,1,0.6303526194545003
a05,268,1,1,0.5533328228813204
a05,269,1,0,0.48018717592682825
a05,270,0,0,0.41928799614319406
a05,271,0,0,0.377399702987914
a05,272,0,1,0.7851753764380754
a05,273,1,0,0.18562077979139965
a05,274,1,0,0.4594788574297847
a05,275,1,1,0.5226971691601099
a05,276,1,0,0.44290660369914997
a05,277,1,0,0.3985032943552992
a05,278,1,1,0.5812352558310998
a05,279,1,1,0.7443819038573255
a05,280,1,1,0.676540931437286
a05,281,1,1,0.690896244839802
a05,282,1,1,0.7815596881939824
a05,283,1,1,0.6662580060301506
a05,284,1,0,0.4756456865583105
a05,285,1,1,0.6400224420361302
a05,286,1,1,0.6141474690720282
a05,287,1,1,0.603393962095824
a05,288,1,1,0.7158278703403956
a05,289,1,1,0.6871091246670056
a05,290,1,1,0.6121423893084079
a05,291,1,1,0.6334866895782983
a05,292,1,1,0.6682725953342438
a05,293,1,1,0.9486034258587042
a05,294,0,0,0.20642593675737722
a05,295,0,1,0.7118239337673958
a05,296,1,1,0.5709371216415107
a05,297,1,1,0.7929698876264517
a05,298,1,1,0.8418394685948983
a05,299,1,1,0.6433218721806577
a05,300,1,1,0.6347111035030183
a05,301,1,1,0.8813108028392113
a05,302,1,1,0.6893296838325097
a05,303,1,1,0.5721100718149869
a05,304,1,1,0.7563830344011689
a05,305,1,1,0.7751030305085574
a05,306,1,1,0.8335204272905326
a05,307,1,1,0.8686625112331396
a05,308,1,1,0.8205067267873931
a05,309,1,1,0.800965056226887
a05,310,1,1,0.8494538718164771
a05,311,1,0,0.3300654896437312
a05,312,1,1,0.7862738070507773
a05,313,1,1,0.8149861699929581
a05,314,1,1,0.8162993440394317
a05,315,1,1,0.7439065342038484
a05,316,1,1,0.7853248856580108
a05,317,1,1,0.6208923099320645
a05,318,1,1,0.8375041494601652
a05,319,1,0,0.45676521490721506
a05,320,1,1,0.7496596210727996
a05,321,1,1,0.8513079600129225
a05,322,1,1,0.7526318220641838
a05,323,1,1,0.685554963487073
a05,324,1,1,0.9120754289271057
a05,325,1,1,0.6371692862985359
a05,326,1,1,0.8324809615310083
a05,327,1,1,0.5221140138806258
a05,328,1,1,0.9183887081309144
a05,329,1,1,0.9561242162022046
a05,330,1,0,0.43416198077463064
a05,331,1,0,0.4043025770213866
a05,332,1,1,0.7226462659680394
a05,333,1,1,0.7212518499535053
a05,334,1,1,0.8255392098668143
a05,335,1,1,0.8514942193529277
a05,336,1,0,0.35365877824784253
a05,337,1,1,0.5982747178464809
a05,338,0,1,0.5297433004528279
a05,339,1,0,0.3933607003615466
a05,340,0,0,0.4112637072435051
a05,341,1,1,0.8123880360338364
a05,342,1,1,0.7506802664819728
a05,343,1,1,0.5877859544216563
a05,344,1,1,0.7133255595385977
a05,345,1,1,0.760000610049352
a05,346,1,1,0.7998872605519507
a05,347,1,1,0.6539323478189566
a05,348,1,1,0.5561569571842081
a05,349,0,0,0.39515845478259104
a05,350,0,1,0.537507837315527
a05,351,0,1,0.8025522076716302
a05,352,0,1,0.917939315151412
a05,353,1,1,0.8690789113896468
a05,354,0,0,0.16139434636195546
a05,355,0,0,0.3872182445036457
a05,356,0,0,0.4251023962946693
a05,357,0,0,0.48297218855592133
a05,358,0,0,0.4334571400068254
a05,359,0,1,0.591036270153706
a05,360,0,0,0.49962588871589264
a05,361,0,1,0.7443616344506635
a05,362,1,0,0.34101774031662835
a05,363,0,1,0.8984005769457782
a05,364,0,1,0.980369133285833
a05,365,1,0,0.39486311950550346
a05,366,1,0,0.31703104162349793
a05,367,1,0,0.3338100339803937
a05,368,0,0,0.3468781966129436
a05,369,0,1,0.5049055949928319
a05,370,0,0,0.3370816048405773
a05,371,0,0,0.3222548883847008
a05,372,0,1,0.5023946406577136
a05,373,0,0,0.4574144184812672
a05,374,0,0,0.3914385709734671
a05,375,0,0,0.3550717215107166
a05,376,0,0,0.43110949255742637
a05,377,0,0,0.3421809078160769
a05,378,0,0,0.37267878126987364
a05,379,0,0,0.32835973937361623
a05,380,0,0,0.4441756607010323
a05,381,0,0,0.4296597353973864
a05,382,0,0,0.3772573911070498
a05,383,0,1,0.5090047049468283
a05,384,0,0,0.3991386596015326
a05,385,0,0,0.3771900223543598
a05,386,0,0,0.3943832957872253
a05,387,0,1,0.5395492234446103
a05,388,0,0,0.35331739411613455
a05,389,0,0,0.425906730288522
a05,390,0,1,0.566301970903488
a05,391,0,0,0.4242137945705937
a05,392,0,0,0.4224054644162096
a05,393,0,0,0.32838491116724233
a05,394,0,0,0.44697502498347547
a05,395,0,0,0.39582991681627877
a05,396,0,0,0.36480736359130983
a05,397,0,0,0.453486635517667
a05,398,0,0,0.4768599095072693
a05,399,0,0,0.3891023648940636
a05,400,0,0,0.38061899712394953
a05,401,0,0,0.4189641248830716
a05,402,0,0,0.37834528003680173
a05,403,0,0,0.44078612760934893
a05,404,0,0,0.41412166981134085
a05,405,0,0,0.48277005812768176
a05,406,0,0,0.4348555285531641
a05,407,0,0,0.458573024550494
a05,408,0,0,0.3352562718784523
a05,409,0,1,0.8585817175520308
a05,410,1,1,0.5494758640298436
a05,411,1,0,0.474616082946451
a05,412,1,1,0.5547955578024898
a05,413,1,0,0.4849638819913142
a05,414,1,1,0.7580204491364958
a05,415,1,1,0.6056076755902856
a05,416,1,1,0.537054943982852
a05,417,1,1,0.5998762791109148
a05,418,1,1,0.6940440274270422
a05,419,1,1,0.5691031034368631
a05,420,1,1,0.7396318073792392
a05,421,1,1,0.7706869512801088
a05,422,1,1,0.7244233385122912
a05,423,1,1,0.6884663510824431
a05,424,1,0,0.3259571562372223
a05,425,1,1,0.6327928992530618
a05,426,1,1,0.5607064083526518
a05,427,1,1,0.5953837572595279
a05,428,1,0,0.4932923925512473
a05,429,1,1,0.7335325002074325
a05,430,1,1,0.7145928086840065
a05,431,1,1,0.7355122754106538
a05,432,1,1,0.5828542214083967
a05,433,1,1,0.558027355988765
a05,434,1,1,0.629431884099988
a05,435,1,1,0.6472575595236146
a05,436,1,1,0.8169055038105505
a05,437,1,1,0.7239596131560734
a05,438,1,1,0.5848165866588282
a05,439,1,1,0.5787305142420899
a05,440,1,1,0.6417504523306061
a05,441,1,1,0.7753097212917172
a05,442,1,1,0.8092765186223252
a05,443,1,1,0.860511318634889
a05,444,1,1,0.8854424758781398
a05,445,0,0,0.45904060083191517
a05,446,1,0,0.45722976855281416
a05,447,1,1,0.6114774899078287
a05,448,1,1,0.8795231581479528
a05,449,1,0,0.4092772268317379
a05,450,1,1,0.5162254374070776
a05,451,1,1,0.6138902902549073
a05,452,1,1,0.9396074033064239
a05,453,0,0,0.18566870459806223
a06,1,0,0,0.431400053614658
a06,2,0,0,0.4102131116124991
a06,3,0,1,0.8617355890566359
a06,4,0,1,0.72234969772091
a06,5,0,1,0.8673387832271926
a06,6,0,1,0.7741339608987935
a06,7,0,0,0.19596679834460243
a06,8,0,1,0.6274858001450053
a06,9,0,0,0.25347404318632
a06,10,0,0,0.2227911107733342
a06,11,0,0,0.17040393591724806
a06,12,0,0,0.16734461138918724
a06,13,0,0,0.21235281788794505
a06,14,0,0,0.3056154906752587
a06,15,0,1,0.8815834932813217
a06,16,0,0,0.09557981914893574
a06,17,0,0,0.3319798305261492
a06,18,0,0,0.1762061936809969
a06,19,0,0,0.21974432418755654
a06,20,0,0,0.15549050619926844
a06,21,0,0,0.20001512435331065
a06,22,0,0,0.2603195770429265
a06,23,0,0,0.28777892776559094
a06,24,0,0,0.2410991563747407
a06,25,0,0,0.2129344615751667
a06,26,0,0,0.24812513825751287
a06,27,0,0,0.19363666359897816
a06,28,0,0,0.24848084032061754
a06,29,0,0,0.23037064040718172
a06,30,0,0,0.25862041239084754
a06,31,0,0,0.3190747541946127
a06,32,0,0,0.29997084615542385
a06,33,0,0,0.24610509640216668
a06,34,0,0,0.2865290262571897
a06,35,0,0,0.3035233706591561
a06,36,0,0,0.431522332204929
a06,37,0,0,0.2722654203656883
a06,38,0,0,0.3114699838524158
a06,39,0,0,0.28506445032320743
a06,40,0,0,0.3090403002521943
a06,41,0,0,0.3187766011684884
a06,42,0,0,0.34367656880757874
a06,43,0,0,0.29625611926019374
a06,44,0,0,0.3203922760646896
a06,45,0,0,0.30780519599003636
a06,46,0,0,0.3504242782192806
a06,47,0,0,0.3610203557882412
a06,48,0,0,0.37393155989134924
a06,49,0,0,0.29423945290141285
a06,50,0,0,0.3203405722408523
a06,51,0,0,0.30182187190362764
a06,52,0,0,0.37073053994350424
a06,53,0,0,0.30704373247789307
a06,54,0,0,0.3398459562384669
a06,55,0,0,0.3234579417241012
a06,56,0,0,0.32399224721580444
a06,57,0,0,0.3479386796168379
a06,58,0,1,0.567582128536402
a06,59,0,0,0.3295346091539127
a06,60,0,1,0.505291289507399
a06,61,0,0,0.46718035000491764
a06,62,0,0,0.4430678225422478
a06,63,1,1,0.5345584194563854
a06,64,1,0,0.42050266687009724
a06,65,1,0,0.4182537879132672
a06,66,1,0,0.2867385236780179
a06,67,1,0,0.37987848511288064
a06,68,1,0,0.3565750735767391
a06,69,1,1,0.5034151911819876
a06,70,1,1,0.5996786524301416
a06,71,1,0,0.2648826062563167
a06,72,1,0,0.29178219913955106
a06,73,1,0,0.4412627887942266
a06,74,1,0,0.4719477443834493
a06,75,1,1,0.8881073100278735
a06,76,1,0,0.4814027468560058
a06,77,1,0,0.3086437517338065
a06,78,1,0,0.3306005438356631
a06,79,1,0,0.389733921454838
a06,80,1,0,0.28670679145232675
a06,81,1,0,0.3580216733319979
a06,82,1,0,0.28435812372134356
a06,83,1,0,0.3997521620678069
a06,84,1,0,0.33435206921572413
a06,85,1,0,0.43329249807814446
a06,86,1,0,0.21722008238729168
a06,87,1,0,0.26941751467779457
a06,88,1,0,0.34957034221286415
a06,89,0,0,0.3789584256150945
a06,90,0,0,0.42035363491717564
a06,91,0,0,0.3385704662216351
a06,92,0,0,0.3717598120271601
a06,93,0,0,0.40602650406494484
a06,94,0,0,0.37421403871180775
a06,95,0,1,0.5443532497898237
a06,96,0,0,0.28520032127187256
a06,97,0,0,0.3249891922901656
a06,98,0,0,0.44687298258332653
a06,99,0,0,0.3516836797765274
a06,100,0,0,0.3639078012275555
a06,101,0,0,0.387839849455996
a06,102,0,0,0.38309272201384087
a06,103,0,0,0.34551779540441035
a06,104,0,0,0.357386933663375
a06,105,0,1,0.587647028221976
a06,106,0,1,0.8017037375271435
a06,107,0,0,0.14732385344845944
a06,108,0,0,0.28732685192505625
a06,109,0,0,0.2990555808002339
a06,110,0,0,0.30640669687402083
a06,111,0,0,0.32842444113386643
a06,112,0,0,0.34093610071684977
a06,113,0,0,0.37196627752915573
a06,114,0,0,0.33730582768523004
a06,115,0,0,0.3303241245178303
a06,116,0,0,0.3165531236110102
a06,117,0,0,0.3307751154922724
a06,118,0,0,0.3764967475183884
a06,119,0,0,0.3742787440206489
a06,120,0,0,0.3262241871662821
a06,121,0,0,0.3397889030238199
a06,122,0,0,0.34837859559094153
a06,123,0,0,0.33654082408128866
a06,124,0,0,0.33273480217902074
a06,125,0,0,0.35790387113957
a06,126,0,0,0.3286387555796838
a06,127,0,0,0.32994371070977363
a06,128,0,0,0.34121369642505206
a06,129,0,1,0.7037090627538862
a06,130,0,0,0.30942227214481205
a06,131,0,0,0.3025838543894553
a06,132,0,0,0.3138913318105545
a06,133,0,0,0.3223381330315779
a06,134,0,0,0.35147886651159593
a06,135,0,0,0.40976959588669143
a06,136,0,0,0.34434972395565894
a06,137,0,0,0.33868345009777906
a06,138,0,0,0.3550379632212562
a06,139,0,0,0.37625297698756877
a06,140,0,0,0.43195507575468467
a06,141,0,0,0.30979401531886414
a06,142,0,0,0.2898108660241139
a06,143,0,0,0.3006497914720626
a06,144,0,1,0.9347940836710804
a06,145,1,0,0.2996183057888392
a06,146,1,0,0.337968173900633
a06,147,1,1,0.5474485685248498
a06,148,1,0,0.45346677505520816
a06,149,1,0,0.43396067111026276
a06,150,1,1,0.7572141495019504
a06,151,1,1,0.7441468555954796
a06,152,1,0,0.38541412526348956
a06,153,1,0,0.4802029667446039
a06,154,1,0,0.4345492686026855
a06,155,1,0,0.3754772751168564
a06,156,1,0,0.4708217034510984
a06,157,1,1,0.9220987259687478
a06,158,1,0,0.20677397642722203
a06,159,1,0,0.27570866835442637
a06,160,1,0,0.26358679624096865
a06,161,1,0,0.37782862313788595
a06,162,1,0,0.32331162303229594
a06,163,1,0,0.3569411153301118
a06,164,1,0,0.463851908814138
a06,165,1,1,0.5294090913254512
a06,166,1,1,0.5276798243016559
a06,167,1,0,0.38811770769303755
a06,168,1,0,0.33878006741854516
a06,169,1,0,0.39224913134075323
a06,170,1,1,0.5265732210132302
a06,171,1,1,0.5384513444507074
a06,172,1,1,0.6427679676698114
a06,173,1,1,0.5313039372460329
a06,174,1,1,0.5751977098819495
a06,175,1,0,0.4636977414584639
a06,176,1,1,0.6567695626253732
a06,177,1,0,0.3115646426726209
a06,178,1,1,0.7636131654652659
a06,179,1,0,0.2845210817525544
a06,180,0,0,0.3998843526699438
a06,181,0,0,0.3793359392640664
a06,182,0,0,0.3527010909219172
a06,183,0,1,0.9117528427229633
a06,184,0,0,0.3060784757421599
a06,185,0,0,0.3937944978328805
a06,186,0,0,0.3178735280362796
a06,187,0,0,0.28619028032391935
a06,188,0,0,0.42391237269262433
a06,189,0,0,0.3778085063773475
a06,190,0,0,0.3413112770771646
a06,191,1,0,0.3878040521244867
a06,192,1,1,0.5123236976121067
a06,193,1,0,0.34175488045419583
a06,194,1,0,0.3281385357488345
a06,195,1,0,0.46233133646802327
a06,196,1,1,0.5635769438179575
a06,197,1,1,0.5546458564513627
a06,198,1,0,0.3548100907447448
a06,199,1,0,0.43790315815069214
a06,200,1,1,0.5281679044419609
a06,201,1,1,0.5377264174439854
a06,202,1,0,0.432101523507865
a06,203,1,0,0.4700942556764743
a06,204,1,0,0.26966308038260733
a06,205,1,0,0.3123578731125764
a06,206,1,0,0.3620862492689098
a06,207,1,0,0.3499941478681514
a06,208,1,0,0.45941743224912573
a06,209,1,0,0.4120743216652187
a06,210,1,0,0.4655376127734438
a06,211,1,0,0.4268395931063617
a06,212,1,1,0.5191349748700766
a06,213,1,0,0.4963109929915084
a06,214,1,0,0.3508247684043032
a06,215,1,0,0.3640541696901211
a06,216,1,0,0.196969958816836
a06,217,1,0,0.4183864784193021
a06,218,1,0,0.3183320957201941
a06,219,1,0,0.47124140133354075
a06,220,1,0,0.34823239178266074
a06,221,1,0,0.3548315044636155
a06,222,1,0,0.286036434302536
a06,223,1,0,0.3224541985797056
a06,224,1,0,0.44670581276809285
a06,225,0,0,0.3225035092870898
a06,226,0,0,0.3791646792168147
a06,227,0,0,0.3169141552998413
a06,228,0,0,0.34152837687038
a06,229,0,0,0.3185062363613607
a06,230,0,0,0.29405940358982297
a06,231,0,0,0.3589633025523089
a06,232,0,0,0.2924461889697406
a06,233,0,0,0.4395618419012554
a06,234,0,0,0.44093370796662434
a06,235,0,0,0.2881133785753731
a06,236,0,1,0.5762237656218349
a06,237,0,0,0.42668638917003265
a06,238,0,0,0.42137554230347035
a06,239,0,0,0.3559130749494586
a06,240,0,0,0.4339715840084827
a06,241,0,0,0.3228269647719604
a06,242,0,0,0.3089563646134937
a06,243,0,0,0.3368819618969785
a06,244,0,0,0.373303869694581
a06,245,0,0,0.3549360729999795
a06,246,0,0,0.30829781686204355
a06,247,0,0,0.35129835189996583
a06,248,0,0,0.4003008536710709
a06,249,0,0,0.24149605361829632
a06,250,0,0,0.3120557773833585
a06,251,0,1,0.5140676680061703
a06,252,0,0,0.1867795276235922
a06,253,0,0,0.2992083435040456
a06,254,0,0,0.35714480506038065
a06,255,0,0,0.3471840032873034
a06,256,0,0,0.3162746553121424
a06,257,0,0,0.3511876227865001
a06,258,0,0,0.33069356630911256
a06,259,0,1,0.8671158825625371
a06,260,1,1,0.8692890538665399
a06,261,1,0,0.46338344314644614
a06,262,1,0,0.3975452553257919
a06,263,1,1,0.514655997995985
a06,264,1,0,0.45654175917619316
a06,265,1,0,0.38849111870708297
a06,266,1,1,0.6640885855380215
a06,267,1,0,0.1398304253607196
a06,268,0,0,0.27742496866030425
a06,269,0,0,0.46647410566006864
a06,270,0,0,0.2764109660036996
a06,271,0,0,0.2540794159971328
a06,272,0,0,0.2689418473470165
a06,273,0,0,0.23364213907654027
a06,274,0,0,0.28541913612200037
a06,275,0,0,0.30217709191617864
a06,276,0,0,0.28692246420013384
a06,277,0,0,0.3001991793288621
a06,278,0,0,0.24538006575193888
a06,279,0,0,0.3136375712549299
a06,280,0,0,0.2785496571336521
a06,281,0,0,0.32502405249592253
a06,282,0,0,0.3309336467155869
a06,283,0,0,0.3101747019283042
a06,284,0,0,0.310394344209814
a06,285,0,0,0.28519596676942954
a06,286,0,0,0.2326553352829085
a06,287,0,0,0.2586166160557989
a06,288,0,0,0.2879668896363101
a06,289,0,0,0.4614340805364331
a06,290,0,0,0.23202928290940275
a06,291,0,0,0.2815527385046266
a06,292,0,0,0.2881437062665621
a06,293,0,0,0.3610950105197549
a06,294,0,0,0.3373203902265745
a06,295,0,0,0.2853632624754844
a06,296,0,0,0.3763104556782557
a06,297,0,0,0.32416676184981413
a06,298,0,0,0.3426562888324831
a06,299,0,0,0.32554110511359713
a06,300,0,0,0.2750970310729897
a06,301,0,0,0.2976809104795749
a06,302,0,0,0.2869901178491805
a06,303,0,0,0.31324384672600025
a06,304,0,0,0.3299254568739365
a06,305,0,1,0.9280382021275941
a06,306,1,0,0.13684576382599578
a06,307,1,0,0.3051148823056433
a06,308,1,1,0.5760626168562571
a06,309,1,0,0.4872731210075552
a06,310,1,0,0.4163447006998065
a06,311,1,1,0.5490555012065604
a06,312,1,1,0.501493673309342
a06,313,1,1,0.8319101297446966
a06,314,1,1,0.7261242019882025
a06,315,1,0,0.2872806648518402
a06,316,0,0,0.2975522459375088
a06,317,0,0,0.27005005356213735
a06,318,0,0,0.2526997480592471
a06,319,0,0,0.256754975133342
a06,320,0,0,0.33450045782555377
a06,321,0,0,0.3649908569868334
a06,322,0,0,0.28688213216117936
a06,323,0,0,0.30827369461459453
a06,324,0,0,0.3418525887358504
a06,325,0,0,0.32422315226413
a06,326,0,0,0.28232868140748413
a06,327,0,0,0.2976670616797219
a06,328,0,1,0.8732903617892703
a06,329,1,0,0.25596305960989685
a06,330,1,0,0.32218377879603427
a06,331,1,0,0.39314780670996285
a06,332,1,1,0.8184523476771908
a06,333,0,0,0.34905649797754884
a06,334,0,0,0.18493104609980396
a06,335,0,0,0.24644757018154492
a06,336,0,0,0.1907813562343241
a06,337,0,0,0.20429364584706747
a06,338,0,0,0.2761070553869826
a06,339,0,0,0.23771963638599072
a06,340,0,0,0.27692423026462293
a06,341,0,0,0.2835664212374896
a06,342,0,0,0.43564995286702846
a06,343,1,0,0.42174551041628866
a06,344,1,0,0.39823329374949135
a06,345,1,0,0.39791845989822777
a06,346,1,0,0.29137164208316885
a06,347,1,1,0.7181388953773048
a06,348,1,0,0.24374673745965464
a06,349,1,1,0.6142964014342653
a06,350,1,0,0.4937891191642662
a06,351,1,1,0.5259891834240107
a06,352,1,1,0.6515216603891564
a06,353,1,0,0.28488537296079286
a06,354,1,0,0.4508244410069273
a06,355,1,0,0.3184698945999707
a06,356,1,1,0.5076668382751414
a06,357,1,0,0.29627955235856923
a06,358,1,1,0.6871607927047515
a06,359,1,1,0.9554275785954749
a06,360,1,0,0.1756577933883688
a06,361,1,0,0.27923975858664063
a06,362,1,0,0.23143351863857395
a06,363,1,0,0.24882170898280256
a06,364,1,0,0.29435749170977044
a06,365,1,0,0.29087302962659944
a06,366,1,0,0.4195190374998549
a06,367,1,0,0.2422851585823411
a06,368,1,0,0.29248681973257123
a06,369,1,0,0.25024936428570776
a06,370,1,0,0.2643426669852425
a06,371,1,0,0.30510046238293015
a06,372,1,0,0.2936876478735126
a06,373,1,0,0.28965289980263276
a06,374,1,0,0.3318989026045624
a06,375,1,0,0.28174511917850903
a06,376,1,0,0.42707808162846755
a06,377,1,1,0.6299196831521469
a06,378,1,1,0.7350710520324858
a06,379,1,1,0.5197373748000628
a06,380,1,1,0.6478449265801698
a06,381,1,0,0.3112248081985218
a06,382,1,0,0.32545364796958004
a06,383,1,0,0.20642425032109168
a06,384,1,0,0.3015995560445981
a06,385,1,0,0.44457026854794773
a06,386,1,0,0.3300617243296251
a06,387,1,0,0.2541385033085022
a06,388,1,0,0.3524054195980837
a06,389,1,1,0.9347222342553183
a06,390,0,1,0.9151816688081558
a06,391,0,0,0.31205418575214755
a06,392,0,1,0.7090860741825372
a06,393,0,1,0.6496758134787685
a06,394,0,0,0.4813245936419756
a06,395,0,0,0.4056218157306665
a06,396,0,0,0.42718099171192625
a06,397,0,1,0.6724496546192575
a06,398,0,0,0.36896539165024284
a06,399,0,1,0.6320619508775789
a06,400,0,0,0.43413542350374956
a06,401,0,1,0.7562260860287889
a06,402,0,0,0.48319965914960405
a06,403,0,0,0.43719513448535
a06,404,0,0,0.47965490575294795
a06,405,0,0,0.4596798761975968
a06,406,0,0,0.4809848021575563
a06,407,0,0,0.38334341362391106
a06,408,0,1,0.5173036546370767
a06,409,0,1,0.603644356991817
a06,410,0,0,0.3024258687494552
a06,411,0,0,0.2785053421260714
a06,412,0,0,0.4225467564240337
a06,413,0,0,0.2536908283295253
a06,414,0,0,0.4084729445219622
a06,415,0,1,0.8484897357370379
a06,416,0,1,0.9103153255004378
a06,417,0,1,0.6381304523220379
a06,418,0,0,0.2477984187371769
a06,419,0,0,0.32923100901942587
a06,420,0,0,0.33409718138622063
a06,421,0,1,0.5140126873453565
a06,422,0,0,0.45410501351499366
a06,423,0,0,0.3154584489159921
a06,424,0,0,0.3789561381012128
a06,425,0,0,0.4502535373926097
a06,426,0,0,0.37773217656582686
a06,427,0,0,0.3383834919634781
a06,428,0,0,0.35015853534260677
a06,429,0,0,0.293221693327637
a06,430,0,0,0.3045465264400746
a06,431,0,0,0.2851663256275684
a06,432,0,0,0.2938262832202786
a06,433,0,0,0.3415675882185504
a06,434,0,1,0.7679536725020104
a06,435,0,1,0.6871957298909078
a06,436,0,0,0.24708698907056462
a06,437,0,1,0.7872120366718016
a06,438,0,0,0.47292328471988926
a06,439,0,1,0.7033993274217035
a06,440,1,0,0.363892312415143
a06,441,1,1,0.8787255099845273
a06,442,1,1,0.5075344050448763
a06,443,1,0,0.3718619402839524
a06,444,1,1,0.5245433127024763
a06,445,1,0,0.37465215321826234
a06,446,1,1,0.6393289403142299
a06,447,1,0,0.4762636029975217
a06,448,1,1,0.7192309927028127
a06,449,1,1,0.9775906062633772
a06,450,0,0,0.19708587077677647
a06,451,0,0,0.20500358840705052
a06,452,0,0,0.2584052535778445
a06,453,0,0,0.26172230896281706
a06,454,0,0,0.2206111650779891
a06,455,0,0,0.23836050189178246
a06,456,0,0,0.2284835854291428
a06,457,0,0,0.214844481987806
a06,458,0,0,0.1712301737284512
a06,459,0,0,0.2251322186289582
a06,460,0,0,0.23966867695211433
a06,461,0,0,0.29513779202622936
a06,462,0,0,0.30164207769140794
a06,463,0,0,0.14154198004521254
a06,464,0,0,0.39579455617038206
a06,465,0,0,0.30499351636138977
a06,466,0,0,0.33188702693615535
a06,467,0,0,0.1757444616039727
a06,468,0,0,0.33052243948935356
a06,469,1,0,0.26517303976285744
a06,470,1,0,0.4012617006396054
a06,471,1,0,0.2676654124270557
a06,472,1,0,0.4392335407506749
a06,473,1,0,0.33560587293239386
a06,474,1,0,0.2713403010839282
a06,475,1,0,0.299350871056339
a06,476,1,0,0.35802450048213913
a06,477,1,0,0.30009204418180047
a06,478,0,0,0.26186129964261984
a06,479,0,0,0.33245076988361405
a06,480,0,0,0.436359763095954
a06,481,0,0,0.34358225300922834
a06,482,0,0,0.29423740187319847
a06,483,0,0,0.3000365625273313
a06,484,1,0,0.2954782616590635
a06,485,1,0,0.23924557422545006
a06,486,1,0,0.2610648996852912
a06,487,1,0,0.1899855132535654
a06,488,1,0,0.19360433977001373
a06,489,1,0,0.1883569277159403
a06,490,1,1,0.8917519007646539
a06,491,1,1,0.9767607056520212
a06,492,1,1,0.5824209033786497
a06,493,1,1,0.6760066853362329
a06,494,1,1,0.956053040160347
a06,495,1,0,0.24907213724032065
a06,496,1,0,0.4131515860316017
a06,497,1,1,0.9520730403633606
a06,498,1,0,0.3675513077352671
a06,499,1,0,0.28207970285310585
a06,500,1,0,0.26970790976128495
a06,501,1,0,0.21576618113563892
a06,502,1,0,0.4247687689485948
a06,503,1,0,0.35122354460136485
a06,504,1,1,0.9002013949112769
a06,505,1,0,0.2081072223398289
a06,506,1,0,0.37638042851974396
a06,507,0,1,0.9524586683228536
a06,508,0,1,0.671693790544906
a06,509,0,1,0.5408591608238498
a07,1,0,1,0.5718247073517575
a07,2,1,1,0.5813578684021731
a07,3,1,1,0.630288087049138
a07,4,0,0,0.3558846690975737
a07,5,0,1,0.61004374970299
a07,6,0,0,0.21748174872268083
a07,7,0,1,0.560525098780649
a07,8,0,1,0.5839089227181612
a07,9,0,0,0.3378172571084563
a07,10,0,0,0.4687195095047623
a07,11,0,1,0.5716155923063678
a07,12,0,0,0.43132295451238617
a07,13,0,0,0.38202291587150755
a07,14,0,0,0.3620598218273554
a07,15,0,0,0.4617657755784865
a07,16,0,0,0.4843019882203127
a07,17,0,0,0.47191498691720496
a07,18,0,0,0.3743550592906454
a07,19,0,0,0.4385906216384183
a07,20,0,0,0.37749194022386273
a07,21,0,1,0.5456306527911445
a07,22,0,0,0.450980344495056
a07,23,0,0,0.4405543179921015
a07,24,0,1,0.5114789211073902
a07,25,0,1,0.5007915066253179
a07,26,1,1,0.5532939943645562
a07,27,1,1,0.5151554271968172
a07,28,0,0,0.2680311022660643
a07,29,0,1,0.5056382508799961
a07,30,0,0,0.4327522418604391
a07,31,0,1,0.535104476202494
a07,32,0,0,0.40762733561853903
a07,33,1,1,0.6195625321346947
a07,34,0,0,0.44796389859622404
a07,35,0,1,0.5137498647183452
a07,36,0,1,0.5984063146970496
a07,37,1,1,0.5375327604207806
a07,38,0,1,0.6157781911874375
a07,39,0,1,0.6796341318508485
a07,40,0,1,0.5863108060164915
a07,41,0,1,0.6167904856011461
a07,42,0,1,0.5268024262587744
a07,43,1,1,0.7358187780117307
a07,44,0,1,0.5423767709176002
a07,45,0,0,0.43490790172945243
a07,46,0,0,0.3870104992053877
a07,47,0,0,0.41440245042292645
a07,48,0,1,0.5815296136912756
a07,49,0,1,0.7412143779805522
a07,50,0,0,0.389193658589894
a07,51,0,1,0.5268192920351249
a07,52,0,1,0.5375211449276444
a07,53,0,1,0.6357982479478377
a07,54,0,1,0.7381341933652491
a07,55,1,1,0.77331320103479
a07,56,1,0,0.44197222576814615
a07,57,1,1,0.6949125009666384
a07,58,1,1,0.5664351640239327
a07,59,1,0,0.44521445698858225
a07,60,1,1,0.5791846067512969
a07,61,1,1,0.5476422025947064
a07,62,1,0,0.4673915437707059
a07,63,1,1,0.6344672847401296
a07,64,1,1,0.5295885672469192
a07,65,1,1,0.5483659107823645
a07,66,1,1,0.620121779760042
a07,67,1,1,0.5724551008607167
a07,68,1,1,0.5717945093585807
a07,69,1,1,0.5370583714811884
a07,70,1,1,0.5888126747724702
a07,71,1,1,0.5940193748689577
a07,72,1,0,0.4283213530148783
a07,73,1,1,0.6042265260892654
a07,74,1,1,0.5193504692589432
a07,75,0,1,0.5879362442453597
a07,76,0,0,0.4831464066456327
a07,77,0,1,0.5794980286538566
a07,78,0,1,0.6063480591300056
a07,79,0,1,0.679047987701108
a07,80,0,1,0.5668425092423298
a07,81,0,1,0.5807890121931767
a07,82,0,1,0.6827844407328358
a07,83,0,1,0.505972289462483
a07,84,0,1,0.5077472996595341
a07,85,0,1,0.5409331918412907
a07,86,0,1,0.5159676074951489
a07,87,0,0,0.424834188124692
a07,88,0,0,0.4994660782186472
a07,89,0,0,0.38377603304675734
a07,90,0,1,0.5604300248821722
a07,91,0,0,0.4303596269000677
a07,92,0,1,0.8710076689630588
a07,93,0,0,0.3849535632300235
a07,94,0,1,0.6564932583423633
a07,95,1,1,0.6346464882411256
a07,96,1,1,0.6792317856754729
a07,97,1,1,0.8495127564993963
a07,98,1,1,0.5785646905295865
a07,99,1,1,0.8836204082853613
a07,100,1,1,0.5661527032644524
a07,101,0,0,0.48423798732661266
a07,102,0,1,0.548262503771366
a07,103,0,1,0.5158968749072284
a07,104,0,0,0.45913388434153274
a07,105,0,1,0.5757980837699326
a07,106,0,1,0.6212809007966809
a07,107,0,1,0.5774253904853337
a07,108,0,0,0.4717665518563966
a07,109,0,1,0.5610431165002517
a07,110,0,1,0.5937157684162646
a07,111,0,0,0.496976007550401
a07,112,0,1,0.6340972629333871
a07,113,0,1,0.5795859659254394
a07,114,0,1,0.6434185497169512
a07,115,0,1,0.6405110284574799
a07,116,0,1,0.6698921282003407
a07,117,0,0,0.346289575506353
a07,118,0,1,0.534434649939877
a07,119,0,0,0.49617140565150675
a07,120,0,1,0.6457492891141945
a07,121,0,1,0.5695733190934655
a07,122,0,1,0.5526868490926152
a07,123,0,1,0.5291587246431987
a07,124,0,1,0.6255465444630788
a07,125,0,1,0.5110563453076423
a07,126,0,0,0.21046975702987852
a07,127,0,0,0.14479555401115468
a07,128,0,0,0.1962575724949569
a07,129,0,0,0.22562204818852197
a07,130,0,0,0.3072872779355268
a07,131,0,0,0.3833792625930476
a07,132,0,0,0.012290818349360135
a07,133,0,0,0.0702359073602122
a07,134,0,0,0.2746238906855555
a07,135,0,0,0.2857629581192578
a07,136,0,0,0.36181099914277054
a07,137,0,0,0.4931301388478972
a07,138,0,0,0.3993953904133361
a07,139,0,1,0.53979915337538
a07,140,0,1,0.6170712107120413
a07,141,0,1,0.5353564872549397
a07,142,0,0,0.4600492996667398
a07,143,0,1,0.5697291337541933
a07,144,0,1,0.7367576967418255
a07,145,1,1,0.6782367711004103
a07,146,1,1,0.56583549211144
a07,147,1,1,0.6326212729331216
a07,148,1,1,0.5961404464533431
a07,149,1,1,0.6262701776012503
a07,150,1,1,0.5533724120760237
a07,151,1,0,0.4042305806820675
a07,152,1,1,0.7254478884406411
a07,153,1,0,0.4370139957994558
a07,154,1,1,0.5489376730698603
a07,155,1,0,0.4545772872708786
a07,156,1,1,0.6250649428282666
a07,157,1,1,0.6590337654536047
a07,158,1,1,0.8109612407499915
a07,159,1,1,0.7942629967515187
a07,160,1,1,0.8715649779405945
a07,161,1,1,0.8642517898126268
a07,162,1,1,0.884362999602046
a07,163,1,1,0.9401780519947405
a07,164,0,1,0.9442218693359269
a07,165,1,1,0.8858557598788726
a07,166,1,1,0.6610656330134576
a07,167,1,1,0.8979246963048945
a07,168,0,1,0.7706207531697339
a07,169,0,1,0.7954364127256905
a07,170,0,1,0.5568408694556564
a07,171,0,1,0.9549597464217743
a07,172,0,1,0.9658820164631853
a07,173,0,1,0.863020579359969
a07,174,1,1,0.6203002687662793
a07,175,1,1,0.9146714739240714
a07,176,1,1,0.7618379584831793
a07,177,1,1,0.856576785972196
a07,178,1,1,0.7658803644274136
a07,179,1,1,0.8008665813662917
a07,180,1,1,0.8828295266479929
a07,181,1,1,0.6046558775058635
a07,182,1,0,0.4561724965837377
a07,183,1,0,0.494158814118168
a07,184,1,1,0.7686846689439313
a07,185,1,1,0.6742236271800657
a07,186,1,1,0.5406800150427253
a07,187,1,1,0.6133278559990465
a07,188,1,1,0.7071202726879084
a07,189,1,1,0.8013789383795084
a07,190,1,1,0.6998204006492085
a07,191,1,1,0.8008946176885339
a07,192,1,1,0.6311335897524021
a07,193,1,1,0.8211737562606762
a07,194,1,1,0.7376306670817798
a07,195,1,1,0.6544298916308198
a07,196,1,1,0.7178275556747131
a07,197,1,1,0.572470986412474
a07,198,1,1,0.745979760694932
a07,199,1,1,0.7743929566101583
a07,200,1,1,0.8655102773657825
a07,201,1,1,0.6131327851414018
a07,202,1,1,0.8588904452285178
a07,203,1,1,0.7249071502152656
a07,204,1,1,0.6148449416187594
a07,205,1,1,0.8231101534336179
a07,206,1,1,0.8050124675850255
a07,207,1,1,0.8863599738820802
a07,208,1,1,0.8042203107204602
a07,209,1,1,0.8200626998823606
a07,210,1,1,0.7061910829558452
a07,211,1,1,0.8466159677076082
a07,212,1,1,0.886222867394189
a07,213,1,1,0.8978071920178468
a07,214,1,1,0.7496455622787807
a07,215,1,1,0.8199511438072979
a07,216,1,1,0.8259645186972904
a07,217,1,1,0.7661129660378951
a07,218,1,1,0.7477663590685821
a07,219,1,1,0.87148066302109
a07,220,1,1,0.8709503550997983
a07,221,1,1,0.8670075787746655
a07,222,1,1,0.7780711400987869
a07,223,1,1,0.7695280748075862
a07,224,1,1,0.6233195593519658
a07,225,1,1,0.7986073111127235
a07,226,1,1,0.7321716931001977
a07,227,1,1,0.6323758464207053
a07,228,1,1,0.6360053250691283
a07,229,1,1,0.8029904470941189
a07,230,1,0,0.41056180802289144
a07,231,1,1,0.7588951714737967
a07,232,1,1,0.5242464720374407
a07,233,1,1,0.6965836090089248
a07,234,1,1,0.7062054762652169
a07,235,1,1,0.50576858947653
a07,236,1,1,0.5211602128499482
a07,237,1,1,0.5724758807397341
a07,238,1,1,0.6503011014145457
a07,239,1,0,0.46458100020161325
a07,240,1,1,0.5213009993897273
a07,241,1,1,0.5320823085716796
a07,242,1,0,0.41755084586114694
a07,243,1,1,0.7483321363416677
a07,244,1,1,0.6566873951324022
a07,245,1,1,0.6362146178770115
a07,246,1,1,0.5582889651088236
a07,247,1,1,0.7095406212689556
a07,248,1,1,0.7609259776612732
a07,249,1,1,0.7454636213252726
a07,250,1,1,0.5490258647136851
a07,251,1,1,0.6735179473906892
a07,252,1,1,0.6542608026454981
a07,253,1,1,0.6511060202044967
a07,254,1,1,0.6549121072177031
a07,255,1,1,0.6899536182945919
a07,256,1,1,0.7556516606621035
a07,257,1,0,0.3020683064167782
a07,258,1,1,0.7286343022551666
a07,259,1,1,0.6389273578993736
a07,260,1,1,0.5003214137270804
a07,261,1,1,0.7054351443488758
a07,262,1,1,0.6786206123508131
a07,263,1,1,0.6080674286805695
a07,264,1,1,0.7305743806957543
a07,265,1,1,0.7755068245040355
a07,266,1,1,0.831556539237515
a07,267,1,0,0.44817246929284993
a07,268,1,1,0.754813252769936
a07,269,1,1,0.7446791637168942
a07,270,1,1,0.5489749317888932
a07,271,1,1,0.5474264097440991
a07,272,1,1,0.755871033495146
a07,273,1,0,0.4924407850130711
a07,274,1,1,0.7375437165184087
a07,275,1,1,0.6776199502024506
a07,276,1,0,0.4805433107566224
a07,277,1,1,0.6629236514586551
a07,278,1,1,0.6915794891803879
a07,279,0,1,0.7551901786965207
a07,280,0,0,0.3427958482166258
a07,281,0,1,0.624327273226131
a07,282,1,1,0.7186023722666001
a07,283,1,1,0.790914631603303
a07,284,1,1,0.748776068384078
a07,285,1,1,0.8881580970680042
a07,286,1,1,0.7446479038139782
a07,287,1,1,0.86412523458211
a07,288,0,1,0.762746299066974
a07,289,0,0,0.4177236242000568
a07,290,0,1,0.5829832239122356
a07,291,0,1,0.860291747557576
a07,292,0,1,0.9617552849714275
a07,293,0,1,0.7903479244667544
a07,294,1,1,0.8839186598216591
a07,295,1,1,0.9582060807557135
a07,296,1,1,0.8147837854248063
a07,297,1,1,0.6419239338015871
a07,298,1,1,0.8629546795294751
a07,299,1,1,0.8122925783535025
a07,300,1,1,0.9030079729090592
a07,301,1,1,0.7757884100510581
a07,302,1,1,0.7737007452946084
a07,303,1,1,0.8669134769951563
a07,304,1,1,0.7720836088179844
a07,305,0,0,0.41876697027072335
a07,306,0,0,0.3225982316487508
a07,307,0,0,0.3951340028352446
a07,308,0,0,0.3942593043072917
a07,309,0,1,0.5426177405599663
a07,310,1,0,0.43786879798711725
a07,311,1,1,0.6632857419625834
a07,312,1,1,0.7178688071679543
a07,313,1,1,0.5827736160345699
a07,314,1,1,0.5833181127415026
a07,315,1,1,0.7991545772183415
a07,316,1,1,0.8294333580989893
a07,317,1,1,0.8105282980945351
a07,318,1,1,0.856796914574465
a07,319,1,1,0.757196255773778
a07,320,1,1,0.7723059648862564
a07,321,1,1,0.7961441541337575
a07,322,1,1,0.718532105424629
a07,323,1,1,0.6835526637737144
a07,324,1,1,0.7894784091804277
a07,325,1,1,0.7725306084930781
a07,326,1,1,0.8081385011203857
a07,327,1,1,0.7924244353551162
a07,328,1,1,0.74906949003619
a07,329,1,1,0.6220494806910036
a07,330,1,1,0.6791932423068726
a07,331,1,1,0.6640642182657831
a07,332,1,1,0.770701931445754
a07,333,1,1,0.7983591418607044
a07,334,1,1,0.6823016734352214
a07,335,1,1,0.8136735003237126
a07,336,1,1,0.7189074698167228
a07,337,1,1,0.7451213266045784
a07,338,1,1,0.7316382856282131
a07,339,1,1,0.8807243474989457
a07,340,1,1,0.7565881577820325
a07,341,1,1,0.7019929239462006
a07,342,1,1,0.5953842796717969
a07,343,1,1,0.5779298507676383
a07,344,0,1,0.639922518820219
a07,345,0,1,0.5077116663874801
a07,346,0,1,0.5470436303092032
a07,347,0,1,0.657364119552638
a07,348,0,1,0.7321844588341048
a07,349,0,0,0.49786695671745973
a07,350,0,1,0.529169198559545
a07,351,0,0,0.48386311523708736
a07,352,0,1,0.6950564415554462
a07,353,0,1,0.7228435236926648
a07,354,0,1,0.6769039957561268
a07,355,0,0,0.4828040066928988
a07,356,1,1,0.7407895482801078
a07,357,1,1,0.7018961856267719
a07,358,1,1,0.7286742011856076
a07,359,1,1,0.7249728724109435
a07,360,1,1,0.7301098778257925
a07,361,1,1,0.6669720019305726
a07,362,1,1,0.8153369851317881
a07,363,1,1,0.7101436326697279
a07,364,1,1,0.7233859941015176
a07,365,1,1,0.6808359876727285
a07,366,1,1,0.6355610569975516
a07,367,1,1,0.6661861382946017
a07,368,1,1,0.889609771851066
a07,369,1,1,0.8040972130078871
a07,370,1,1,0.6254593132858435
a07,371,1,1,0.7344257662722483
a07,372,1,1,0.6204936871685001
a07,373,1,1,0.9426994173114762
a07,374,1,1,0.9716565600059867
a07,375,1,1,0.857640313039587
a07,376,1,1,0.963921304801681
a07,377,1,1,0.8637739360918975
a07,378,0,0,0.4561743425090134
a07,379,0,1,0.8023575228051179
a07,380,1,1,0.9457586997358268
a07,381,1,1,0.7060854060417455
a07,382,1,1,0.7888753876055874
a07,383,1,1,0.8999175595604014
a07,384,1,1,0.9543226326788653
a07,385,1,1,0.7408366706522058
a07,386,0,1,0.5569999844472701
a07,387,1,1,0.8256752104253219
a07,388,1,1,0.8555184120206467
a07,389,1,1,0.7674216426188524
a07,390,1,0,0.3908766393351574
a07,391,0,1,0.50084741730535
a07,392,1,1,0.6777637573819335
a07,393,0,1,0.887237192683902
a07,394,0,0,0.3463735782822664
a07,395,0,0,0.3871995711704729
a07,396,0,0,0.20775991302543284
a07,397,0,0,0.35018472522464633
a07,398,0,1,0.6138605587848974
a07,399,1,1,0.7025626956329405
a07,400,1,1,0.7583830614132984
a07,401,0,1,0.7714072307029762
a07,402,1,1,0.8160846519042165
a07,403,0,1,0.6895297648063468
a07,404,1,1,0.7899244555024401
a07,405,1,1,0.5005189034150034
a07,406,0,1,0.7612589605063552
a07,407,0,1,0.6250406475253694
a07,408,0,1,0.670442888079724
a07,409,0,1,0.6632824265155003
a07,410,0,0,0.11422704807457797
a07,411,0,0,0.04311569237713313
a07,412,0,0,0.4951851496025724
a07,413,0,0,0.03682589490678369
a07,414,0,0,0.019158055759550485
a07,415,0,0,0.07675725451483238
a07,416,0,0,0.13044208402814622
a07,417,0,0,0.3704508634829422
a07,418,0,1,0.5405464758399395
a07,419,1,1,0.6886659559709408
a07,420,1,1,0.6171691713247341
a07,421,1,1,0.6051010927757233
a07,422,1,1,0.7094423991983794
a07,423,1,1,0.5992409305621007
a07,424,1,1,0.5502260364837276
a07,425,1,0,0.37099121034748445
a07,426,0,1,0.5322119606728557
a07,427,0,1,0.6396449633316217
a07,428,0,0,0.43495202766364754
a07,429,0,1,0.5340977291223403
a07,430,0,0,0.395005001326659
a07,431,0,0,0.415486276107286
a07,432,0,0,0.43024360107519255
a07,433,0,0,0.444903068545871
a07,434,0,1,0.5097027605820876
a07,435,0,0,0.41196429021209796
a07,436,0,0,0.41515710366582054
a07,437,0,1,0.6659116387776839
a07,438,0,1,0.6982341756750224
a07,439,1,1,0.8074546719131513
a07,440,1,0,0.27641205493561144
a07,441,1,1,0.6664214053864139
a07,442,1,1,0.9332850168307677
a07,443,1,1,0.6839615148999721
a07,444,1,1,0.8119419792435468
a07,445,1,1,0.8215143627652641
a07,446,1,1,0.7457970154866779
a07,447,1,1,0.6179499526001733
a07,448,1,1,0.7099503720722736
a07,449,1,1,0.7094705357411776
a07,450,1,1,0.7570520996616006
a07,451,1,1,0.7533911694904787
a07,452,1,1,0.6422537335151132
a07,453,1,1,0.7780973884828584
a07,454,1,1,0.8709862419275094
a07,455,1,1,0.821907251919486
a07,456,1,1,0.7979694321287825
a07,457,1,1,0.7169923878049518
a07,458,1,1,0.8881911577145463
a07,459,1,1,0.7293148369630845
a07,460,1,1,0.9185383811538603
a07,461,1,1,0.7570430859430158
a07,462,1,1,0.9102056989080953
a07,463,1,1,0.8573934381908715
a07,464,1,1,0.6048891962246974
a07,465,1,1,0.7265841973542971
a07,466,1,1,0.8689473539830951
a07,467,1,1,0.7519092479125354
a07,468,1,1,0.7853964298810926
a07,469,1,1,0.7200779392658669
a07,470,1,1,0.6317040024611635
a07,471,1,1,0.7523716532156456
a07,472,1,1,0.8361694748755929
a07,473,1,1,0.680345494374957
a07,474,1,1,0.7268200842791787
a07,475,1,1,0.7278708198837136
a07,476,1,1,0.781446679255209
a07,477,0,1,0.7833884678342596
a07,478,0,1,0.6761546841953745
a07,479,0,1,0.5260519546131806
a07,480,0,0,0.4694612885970552
a07,481,0,0,0.46825199804171824
a07,482,0,0,0.4492987112796306
a07,483,1,1,0.5518821991717855
a07,484,1,1,0.586923893572341
a07,485,1,1,0.5808165845617066
a07,486,1,1,0.5580739380590778
a07,487,1,1,0.5413211670102553
a07,488,1,0,0.4598107886107558
a07,489,1,1,0.6687090006042377
a07,490,1,1,0.5668633892491584
a07,491,1,0,0.4740263165579099
a07,492,1,1,0.6561576441982103
a07,493,1,1,0.5098414529557885
a07,494,1,1,0.5874406340343883
a07,495,1,0,0.4015063558032146
a07,496,1,1,0.679529610077619
a07,497,1,1,0.8755837312787129
a07,498,1,1,0.6404850427850501
a07,499,1,1,0.644906828378671
a07,500,1,1,0.6878114657397907
a07,501,1,1,0.7938073015216434
a07,502,1,1,0.8430636578180973
a07,503,1,1,0.6248538688260326
a07,504,1,1,0.6774860308198184
a07,505,1,1,0.5092416001058232
a07,506,1,1,0.5656667034855758
a07,507,1,1,0.7821900845822204
a07,508,1,1,0.6745964134462223
a07,509,1,1,0.7521079316663243
a07,510,1,0,0.12121407756570285
a08,1,0,0,0.3060866673078033
a08,2,0,0,0.23764854859140014
a08,3,0,0,0.1951129475615167
a08,4,0,0,0.27660806048444614
a08,5,0,0,0.30274837874718535
a08,6,0,0,0.2500939833269253
a08,7,0,0,0.23263765613363235
a08,8,0,0,0.18735879014948872
a08,9,0,0,0.2181587098793993
a08,10,0,0,0.2689579599984743
a08,11,0,0,0.2511448601362409
a08,12,0,0,0.3040072932875321
a08,13,0,0,0.46092930871837884
a08,14,0,0,0.2397998850592893
a08,15,0,0,0.24821247530160687
a08,16,0,0,0.2956759034850173
a08,17,0,0,0.19039537955673078
a08,18,0,0,0.2144858029763928
a08,19,0,0,0.21071232401145684
a08,20,0,0,0.18928816321100386
a08,21,0,0,0.24777744717556024
a08,22,0,0,0.21002362504848476
a08,23,0,0,0.22865545945488763
a08,24,0,0,0.21128459113823847
a08,25,0,0,0.19240555293633485
a08,26,0,0,0.26842836991923424
a08,27,0,0,0.30626974140394697
a08,28,0,0,0.3745539392546839
a08,29,0,0,0.38149831973714143
a08,30,0,0,0.386330818464877
a08,31,0,0,0.3513883650995901
a08,32,0,0,0.49082919857760776
a08,33,1,1,0.5336995711163105
a08,34,1,1,0.5249502768843334
a08,35,1,1,0.6905486167385249
a08,36,1,1,0.5829665055911728
a08,37,1,1,0.5778419719111343
a08,38,1,0,0.49568117336862144
a08,39,0,0,0.38696900526245165
a08,40,0,1,0.5048737934756822
a08,41,1,0,0.41752640093628235
a08,42,1,0,0.24756012131134464
a08,43,0,0,0.28452457311497414
a08,44,0,0,0.26209113731889594
a08,45,0,0,0.1882196257259066
a08,46,0,0,0.29698719935484474
a08,47,0,0,0.265494878311941
a08,48,0,0,0.28366733142327727
a08,49,0,0,0.3793328316558846
a08,50,0,0,0.3596380706600031
a08,51,0,0,0.4268204277615644
a08,52,0,1,0.506249579771735
a08,53,0,1,0.5447651678382669
a08,54,0,1,0.505810062289347
a08,55,0,1,0.5941386832581059
a08,56,0,1,0.5380768335230625
a08,57,0,1,0.6018089212839645
a08,58,0,1,0.5732039805182501
a08,59,0,0,0.4359817875503038
a08,60,1,1,0.7583285350588337
a08,61,1,1,0.5721845438771631
a08,62,0,0,0.25363757933222714
a08,63,1,1,0.532591690639109
a08,64,1,0,0.35403479442766417
a08,65,0,0,0.35253627425377265
a08,66,0,0,0.49307382235632746
a08,67,0,0,0.3028848685117623
a08,68,0,0,0.44545615379731374
a08,69,0,0,0.2648961016859142
a08,70,0,0,0.2763871883067711
a08,71,0,0,0.23741178772538996
a08,72,0,1,0.5276464522132367
a08,73,0,1,0.5176622480896848
a08,74,0,1,0.5581683131004884
a08,75,1,1,0.5731806329209932
a08,76,0,1,0.5505216087998844
a08,77,0,1,0.6551498208227917
a08,78,0,1,0.6202698406095828
a08,79,0,1,0.5877659026683675
a08,80,1,1,0.6897906212570997
a08,81,1,0,0.47728706779817615
a08,82,0,0,0.4742961306755352
a08,83,0,1,0.5012350223686737
a08,84,0,1,0.5117082013805664
a08,85,0,1,0.5063864156646839
a08,86,0,1,0.5829123299164402
a08,87,1,1,0.5284747252620454
a08,88,1,1,0.548137508073409
a08,89,0,1,0.7012047018624895
a08,90,1,1,0.571320400938733
a08,91,1,0,0.4620077636267134
a08,92,1,0,0.4187056052574842
a08,93,0,0,0.4692375471222866
a08,94,1,1,0.5854684571383485
a08,95,1,1,0.6773995701727931
a08,96,1,1,0.6247314250264183
a08,97,1,1,0.6034716801873076
a08,98,1,0,0.4434431168318564
a08,99,1,1,0.6997081772679207
a08,100,1,1,0.5337343478235417
a08,101,1,1,0.5900038822809863
a08,102,0,0,0.4677244606844381
a08,103,0,0,0.23644820797899546
a08,104,0,0,0.231259830133503
a08,105,1,0,0.37253639806553845
a08,106,1,0,0.3248229828067374
a08,107,1,0,0.4033087158925167
a08,108,1,0,0.4561995269288577
a08,109,0,0,0.37486554228959545
a08,110,0,0,0.25314984649075983
a08,111,0,0,0.3419673195440217
a08,112,0,0,0.19721723874766048
a08,113,0,0,0.14692466116258546
a08,114,0,0,0.16961267936064778
a08,115,0,0,0.1736498154179223
a08,116,0,0,0.26982971196051503
a08,117,0,0,0.3848050737852571
a08,118,1,0,0.37949884603542017
a08,119,1,0,0.4939193155515225
a08,120,1,0,0.48234228440329086
a08,121,1,1,0.597675613618393
a08,122,1,0,0.4541003669883697
a08,123,1,0,0.33968462557161794
a08,124,1,0,0.43382748676912447
a08,125,1,0,0.4440486338772429
a08,126,1,0,0.3524577612315742
a08,127,0,0,0.3385162453204727
a08,128,0,0,0.2596858744635326
a08,129,1,0,0.28059756923185153
a08,130,0,0,0.4007272060881851
a08,131,1,0,0.3634083889576596
a08,132,1,0,0.4419723505088802
a08,133,1,0,0.34393158211878583
a08,134,0,0,0.4805001445248634
a08,135,1,0,0.46062571620262766
a08,136,1,1,0.5478956821699257
a08,137,1,0,0.3245004477354359
a08,138,1,1,0.6090373757707916
a08,139,1,1,0.5893557051612902
a08,140,1,0,0.45159872449284333
a08,141,1,1,0.522508588800883
a08,142,1,0,0.16161063278692941
a08,143,1,0,0.42636336835129013
a08,144,1,0,0.4278191054776688
a08,145,1,0,0.4008541000489677
a08,146,1,0,0.4253941870298355
a08,147,1,1,0.5394677970475955
a08,148,1,1,0.5112024388205632
a08,149,1,1,0.5481386467732567
a08,150,1,0,0.4832637206819047
a08,151,1,1,0.5228878180618165
a08,152,1,0,0.4280043909641255
a08,153,1,1,0.5121208504112705
a08,154,1,1,0.6343203047716159
a08,155,1,1,0.5414617633240234
a08,156,1,0,0.4198751931421452
a08,157,1,0,0.4622899243578504
a08,158,1,1,0.5885680327540962
a08,159,0,0,0.2603174165657649
a08,160,0,0,0.3925995562244825
a08,161,1,1,0.6059966441633384
a08,162,1,1,0.5769364953328723
a08,163,1,0,0.32645165996270026
a08,164,0,0,0.2059832715665407
a08,165,0,0,0.26036891067678114
a08,166,1,1,0.5177940944493846
a08,167,1,0,0.22732637087756244
a08,168,1,0,0.3776404724917352
a08,169,1,0,0.4474403472923053
a08,170,1,0,0.21919673524026712
a08,171,0,0,0.2514025934896637
a08,172,0,0,0.35272568521168124
a08,173,0,0,0.34597252896354874
a08,174,0,0,0.21819601105817116
a08,175,0,0,0.3619139788289265
a08,176,0,0,0.2647484812130127
a08,177,0,0,0.17019999189197654
a08,178,0,0,0.22303541371476363
a08,179,0,0,0.22320981084863245
a08,180,0,0,0.24730516385099374
a08,181,0,0,0.22891921639394405
a08,182,0,0,0.2097221445209063
a08,183,0,0,0.17145406862773324
a08,184,0,0,0.190630828211711
a08,185,1,0,0.38993329398498744
a08,186,1,0,0.2737925756695541
a08,187,0,0,0.22226001408981713
a08,188,0,0,0.4102065201338015
a08,189,1,0,0.31733697846942477
a08,190,0,0,0.15747681777342576
a08,191,0,0,0.2760108621561416
a08,192,0,0,0.15525757369264034
a08,193,0,0,0.19405447987349278
a08,194,0,0,0.21661316613576026
a08,195,0,0,0.304342983513652
a08,196,0,0,0.3022505913551504
a08,197,0,0,0.19096450709595758
a08,198,0,0,0.16117183970078752
a08,199,0,0,0.1558195825965921
a08,200,0,0,0.1386685314174987
a08,201,0,0,0.1529939501686625
a08,202,0,0,0.2035280038051029
a08,203,0,0,0.23483672801802727
a08,204,0,0,0.22789010510202962
a08,205,0,0,0.17710904413936135
a08,206,0,0,0.20070589891846546
a08,207,0,0,0.26296139347826747
a08,208,0,0,0.22384894270228836
a08,209,0,0,0.2782296892584357
a08,210,0,0,0.1459623764222587
a08,211,0,0,0.20139502256829508
a08,212,0,0,0.26163006431437186
a08,213,0,0,0.22311954973285775
a08,214,0,0,0.2791017556934239
a08,215,0,0,0.2669715723205503
a08,216,0,0,0.19805328942708192
a08,217,0,0,0.21217532889152493
a08,218,0,0,0.26038248905286115
a08,219,0,0,0.3019466278671931
a08,220,0,0,0.33199336769363263
a08,221,0,0,0.3362688766731383
a08,222,0,0,0.2903116478245996
a08,223,0,0,0.37750377440285837
a08,224,0,0,0.22229137612186553
a08,225,0,0,0.46103482624008235
a08,226,1,0,0.28341781214825806
a08,227,0,0,0.3047851843399169
a08,228,0,0,0.41357018045776556
a08,229,0,0,0.20473927603476233
a08,230,0,0,0.3035491678851822
a08,231,0,1,0.5456007026911184
a08,232,1,0,0.37562455492514335
a08,233,0,0,0.31169354789906273
a08,234,0,0,0.3575119059345028
a08,235,0,0,0.3134873333703615
a08,236,0,0,0.4532761104174149
a08,237,0,0,0.27619746675089074
a08,238,0,0,0.45247859937637136
a08,239,0,0,0.2681115222499128
a08,240,0,0,0.4488483327415255
a08,241,0,0,0.2800850109785337
a08,242,0,0,0.20938982610507892
a08,243,0,0,0.34135644815283445
a08,244,0,0,0.4297495488896234
a08,245,0,0,0.42350865125623804
a08,246,0,0,0.37786628559639757
a08,247,0,0,0.3786424125497679
a08,248,0,0,0.26496637055803973
a08,249,0,0,0.39353499477650755
a08,250,0,0,0.2748718317775227
a08,251,0,0,0.24991457414839827
a08,252,0,0,0.3156764202243426
a08,253,0,0,0.31348095733899306
a08,254,0,1,0.5803905761498126
a08,255,1,1,0.547381833756702
a08,256,0,1,0.5875249632305123
a08,257,0,0,0.47054180464094725
a08,258,1,1,0.5979588224000112
a08,259,1,1,0.5215806976908502
a08,260,1,0,0.4486602406028563
a08,261,1,0,0.42265543413990814
a08,262,0,1,0.5088752002152395
a08,263,0,0,0.2964935941544591
a08,264,0,0,0.30282558431587175
a08,265,0,0,0.10889124179423176
a08,266,0,0,0.18088560220976227
a08,267,0,0,0.2341812992388907
a08,268,0,0,0.3792444575500875
a08,269,0,0,0.2730806071103351
a08,270,0,0,0.25070916898593243
a08,271,0,0,0.284839406865236
a08,272,0,0,0.29665192543023167
a08,273,0,0,0.41042103266793206
a08,274,0,0,0.3059792566780527
a08,275,0,0,0.3526100236983184
a08,276,0,0,0.36488166102448455
a08,277,0,0,0.3523500864439001
a08,278,0,0,0.31155005835862304
a08,279,0,0,0.3183335460127251
a08,280,0,0,0.32448459228714105
a08,281,0,0,0.3116728695442299
a08,282,0,0,0.34723538731959236
a08,283,1,0,0.34218575154683867
a08,284,0,1,0.5018706215802076
a08,285,0,0,0.40803408813074077
a08,286,0,0,0.2852305730427501
a08,287,0,0,0.30960729553577243
a08,288,0,0,0.3242399106598727
a08,289,0,0,0.1806793905689667
a08,290,0,0,0.19341587649921735
a08,291,0,0,0.3662113235559465
a08,292,1,0,0.3796082991921393
a08,293,0,0,0.35425562440735053
a08,294,0,0,0.289045918257921
a08,295,0,0,0.32306214448023046
a08,296,0,0,0.3818582054423907
a08,297,0,1,0.5038673570461697
a08,298,1,0,0.3986648585517718
a08,299,1,0,0.4416032350035201
a08,300,1,1,0.5858840824439604
a08,301,1,0,0.33146589778183727
a08,302,1,0,0.3876284906072465
a08,303,1,1,0.6185371115480017
a08,304,1,0,0.43461523114998657
a08,305,1,1,0.5095074824428564
a08,306,1,0,0.47326679236678604
a08,307,1,1,0.626228917731081
a08,308,0,0,0.3889131604830608
a08,309,0,0,0.20721920121706178
a08,310,0,0,0.4237203952713513
a08,311,0,0,0.36370252096721706
a08,312,0,1,0.5184137367143222
a08,313,0,0,0.41967497601510084
a08,314,0,0,0.48770769247395
a08,315,0,1,0.5596611292066469
a08,316,0,1,0.5396554593241717
a08,317,0,0,0.4064550193267691
a08,318,0,0,0.4766604406922399
a08,319,0,0,0.30739883335320395
a08,320,0,0,0.4686695671805505
a08,321,0,1,0.5608486973965149
a08,322,0,1,0.6118710210774623
a08,323,0,0,0.4343001758687282
a08,324,0,1,0.5185651565718297
a08,325,0,1,0.5299867354841867
a08,326,0,1,0.5307971245779987
a08,327,1,1,0.6010230721477993
a08,328,1,1,0.5523536298612027
a08,329,0,0,0.4403821832959623
a08,330,1,0,0.35016259508085934
a08,331,1,1,0.5291093802608816
a08,332,1,1,0.6468209701536911
a08,333,1,0,0.43208059869112225
a08,334,1,0,0.42726282505870244
a08,335,1,1,0.537195681969344
a08,336,1,1,0.6965089500181846
a08,337,1,1,0.647551110224369
a08,338,1,1,0.7414262019973832
a08,339,1,1,0.6208867451495317
a08,340,1,1,0.7717540358014477
a08,341,1,1,0.5993192472222552
a08,342,1,1,0.6700930528603464
a08,343,1,1,0.52524003841404
a08,344,1,1,0.7402533478904981
a08,345,1,1,0.6012905529854646
a08,346,1,0,0.3478002887076311
a08,347,1,1,0.6789536738499643
a08,348,1,1,0.6690076759549759
a08,349,1,1,0.6872237401481756
a08,350,1,1,0.5508544312694786
a08,351,1,1,0.7184356275257514
a08,352,1,0,0.23883789512655576
a08,353,0,0,0.2972347920714492
a08,354,0,0,0.34604919719270166
a08,355,1,1,0.5167376401693988
a08,356,1,0,0.35257265365288193
a08,357,1,1,0.5490503956543494
a08,358,1,0,0.47210564948937483
a08,359,1,1,0.5356523273084299
a08,360,1,1,0.5287466915196778
a08,361,1,0,0.4836346443068592
a08,362,1,1,0.639769648923173
a08,363,0,0,0.32780601311564317
a08,364,0,1,0.702248158706921
a08,365,1,0,0.4757355713103669
a08,366,1,1,0.7012638563058816
a08,367,1,0,0.30330851476877363
a08,368,0,0,0.34654029855797275
a08,369,0,0,0.27884498689552184
a08,370,0,0,0.39119260553659574
a08,371,0,0,0.41067742045413597
a08,372,0,0,0.25079248311672264
a08,373,0,0,0.2840741192290458
a08,374,0,0,0.2982743519293979
a08,375,0,0,0.3971882850541307
a08,376,0,0,0.30030506876563495
a08,377,0,0,0.23356067431036043
a08,378,0,0,0.32918928106843987
a08,379,0,0,0.3478269364085202
a08,380,0,0,0.3424679799859821
a08,381,0,0,0.20273817024169904
a08,382,0,0,0.4176353719686371
a08,383,0,0,0.2658694663555702
a08,384,0,0,0.2796052455247613
a08,385,0,0,0.24678752543741647
a08,386,0,0,0.31100206811665326
a08,387,0,0,0.3004677039314574
a08,388,0,0,0.33867067952232255
a08,389,0,0,0.22302727218232385
a08,390,0,0,0.1756113605344836
a08,391,0,0,0.20060453243603693
a08,392,0,0,0.23066665181518778
a08,393,0,0,0.36969728800255797
a08,394,0,0,0.28355075145143777
a08,395,0,0,0.3354952771520076
a08,396,0,0,0.28278087074196484
a08,397,0,0,0.36347756424412375
a08,398,0,0,0.212661088859699
a08,399,0,0,0.35088402972757876
a08,400,0,1,0.5747236625705704
a08,401,1,1,0.5052680479841632
a08,402,1,1,0.551218109086029
a08,403,1,1,0.629323238166514
a08,404,1,1,0.5539836400619029
a08,405,1,0,0.45545280190128956
a08,406,1,1,0.5126600481182845
a08,407,1,1,0.5107329325385949
a08,408,1,1,0.5628002731250632
a08,409,1,1,0.5115851078048297
a08,410,1,0,0.4151926522895811
a08,411,1,1,0.6128826665236762
a08,412,1,1,0.6174339297756974
a08,413,1,0,0.4081250828480365
a08,414,1,1,0.528274862984086
a08,415,1,1,0.756608189060357
a08,416,1,1,0.6662852677933218
a08,417,1,1,0.6140755771569975
a08,418,1,1,0.5791088349146862
a08,419,1,1,0.5355549126419423
a08,420,1,1,0.6263197431447503
a08,421,1,1,0.7669146776244051
a08,422,1,1,0.7438232592909018
a08,423,1,1,0.6221873275335926
a08,424,1,1,0.6532185988559449
a08,425,1,1,0.5848195109123107
a08,426,1,0,0.48434867860883773
a08,427,1,0,0.3511253487979932
a08,428,0,1,0.5101584706851536
a08,429,1,0,0.2330481846326654
a08,430,0,0,0.3136727294365185
a08,431,0,0,0.3163479628928102
a08,432,0,0,0.2482723198746091
a08,433,0,0,0.2695263331355965
a08,434,0,0,0.27954465369458
a08,435,0,0,0.25133040180419214
a08,436,0,0,0.2809940850552526
a08,437,0,0,0.2608264881768018
a08,438,0,0,0.25181294988857217
a08,439,0,0,0.2917017176701439
a08,440,0,0,0.26897007684109253
a08,441,0,0,0.25659599893328855
a08,442,0,0,0.25909846655955926
a08,443,0,0,0.25882117813417327
a08,444,0,0,0.253690372032223
a08,445,0,0,0.24872438274792927
a08,446,0,0,0.27619754840379757
a08,447,0,0,0.24115703968100255
a08,448,0,0,0.24920251041139918
a08,449,0,0,0.2405764374437707
a08,450,0,0,0.2566734508074806
a08,451,0,0,0.2726271267100613
a08,452,0,0,0.2382970702907619
a08,453,0,0,0.431690204606504
a08,454,0,1,0.607092340273361
a08,455,0,0,0.41752032020556507
a08,456,1,1,0.6106928855423279
a08,457,1,1,0.5271166626567824
a08,458,1,1,0.6339591072938983
a08,459,1,0,0.45791717223956035
a08,460,1,1,0.7159936364488504
a08,461,1,1,0.6684771078713716
a08,462,1,1,0.6683773150775623
a08,463,1,1,0.7272602472164239
a08,464,1,1,0.6495935474299358
a08,465,1,1,0.6145902867938853
a08,466,1,1,0.5883564951061174
a08,467,1,1,0.7646065414383663
a08,468,1,1,0.6194042715023494
a08,469,1,1,0.6589682938605619
a08,470,1,1,0.5996941940519244
a08,471,1,1,0.6935897910208921
a08,472,1,1,0.7484414170417535
a08,473,1,1,0.5315906752421818
a08,474,1,1,0.6931170903231345
a08,475,1,1,0.7045295834878365
a08,476,1,1,0.7554411644872681
a08,477,1,1,0.5171591427588356
a08,478,1,1,0.6390594741836372
a08,479,1,1,0.6541306902071583
a08,480,1,1,0.6359887970557
a08,481,1,1,0.7892508913211344
a08,482,0,1,0.5936550291474966
a08,483,0,0,0.35417742240766864
a08,484,0,0,0.44844376770212363
a08,485,0,0,0.3709131538222363
a08,486,0,0,0.3883481324685129
a08,487,0,0,0.26548440725328337
a08,488,0,0,0.41351260537389933
a08,489,0,0,0.33467007914828306
a08,490,0,0,0.35472051122178155
a08,491,0,0,0.45894041097002597
a08,492,0,0,0.3283468657197639
a08,493,0,0,0.26324861925286247
a08,494,0,0,0.3659440042878574
a08,495,0,0,0.2852878037759622
a08,496,0,0,0.29908938794390283
a08,497,0,0,0.34673462170183983
a08,498,0,0,0.45979260402405286
a08,499,0,0,0.3949414330153668
a08,500,0,0,0.2620576254746824
a09,1,0,0,0.2849269142646309
a09,2,0,0,0.3127896996001929
a09,3,0,1,0.795558320192963
a09,4,0,0,0.45350155479065063
a09,5,0,0,0.43384671981858786
a09,6,0,0,0.4464882989377177
a09,7,0,0,0.3636400402304075
a09,8,0,0,0.2720582237716052
a09,9,0,0,0.39658773977793504
a09,10,1,1,0.5071747053567652
a09,11,1,0,0.44825550073048714
a09,12,1,0,0.3997782673864254
a09,13,1,1,0.663782447694121
a09,14,1,1,0.8382986533832832
a09,15,0,1,0.7818309461779901
a09,16,0,0,0.3887639361681221
a09,17,1,0,0.3377756370916637
a09,18,1,0,0.3215577573263793
a09,19,1,0,0.36659918609244846
a09,20,1,0,0.43132026101872006
a09,21,1,0,0.4234281450910038
a09,22,1,0,0.3599688645446336
a09,23,1,0,0.370393781389374
a09,24,1,0,0.3633466931892181
a09,25,0,0,0.2932321305209488
a09,26,0,0,0.46113346544886896
a09,27,0,0,0.33793386090873995
a09,28,0,0,0.3232434957899289
a09,29,0,0,0.3914928328441029
a09,30,0,0,0.22361206720648488
a09,31,0,0,0.30442699121168426
a09,32,0,0,0.3018680056208213
a09,33,0,0,0.2763251179438142
a09,34,1,0,0.25758561398452373
a09,35,1,0,0.3301324356617101
a09,36,1,0,0.34315834780021415
a09,37,1,0,0.35243909380751853
a09,38,1,0,0.4180324907178981
a09,39,1,0,0.30873210669706913
a09,40,1,0,0.39536365194151757
a09,41,1,0,0.29191149181972426
a09,42,1,0,0.3896559225802409
a09,43,1,0,0.3584869579590977
a09,44,1,0,0.3276842748323745
a09,45,1,0,0.30497401804554736
a09,46,1,0,0.33626598334528757
a09,47,1,0,0.3513525178239064
a09,48,1,0,0.4676175683899683
a09,49,1,0,0.37211956078815844
a09,50,1,0,0.3117494904971879
a09,51,1,0,0.31130650172945146
a09,52,1,0,0.33926430898076826
a09,53,1,0,0.33486814265546766
a09,54,1,0,0.376343361221297
a09,55,1,0,0.3832074117469934
a09,56,1,0,0.39362495931148417
a09,57,1,0,0.3330974070435503
a09,58,0,0,0.2942000844079204
a09,59,0,0,0.3493247058222373
a09,60,1,0,0.3298931453530302
a09,61,1,0,0.3756951486219197
a09,62,1,0,0.3356837105070264
a09,63,1,0,0.3327746198510402
a09,64,1,0,0.4682363526646042
a09,65,1,0,0.4045567954198868
a09,66,1,0,0.41097518192629434
a09,67,1,0,0.30471663770408547
a09,68,1,0,0.3196461846410621
a09,69,1,1,0.5968130357951168
a09,70,1,0,0.2756856653286382
a09,71,1,0,0.2916160829774003
a09,72,1,0,0.3312879888201306
a09,73,1,0,0.3389956232498305
a09,74,1,0,0.3051439283956341
a09,75,1,1,0.5316802027339327
a09,76,1,0,0.43379619262094277
a09,77,1,0,0.490284505984296
a09,78,1,0,0.300338640673183
a09,79,1,0,0.42271570117903606
a09,80,1,0,0.4988335471398042
a09,81,1,0,0.40498216412168164
a09,82,1,0,0.39702092544068585
a09,83,1,0,0.48310540707241006
a09,84,1,1,0.7129464273399732
a09,85,1,0,0.44002351217427577
a09,86,1,0,0.4176417681279556
a09,87,1,0,0.48330951556813356
a09,88,1,0,0.49276597363170893
a09,89,1,0,0.39209896923829135
a09,90,1,0,0.3728658738568676
a09,91,1,0,0.45973651141506955
a09,92,1,0,0.39346063784212626
a09,93,1,0,0.24525545646161792
a09,94,1,1,0.6648600798854231
a09,95,1,1,0.6089608217279081
a09,96,1,0,0.3851172847145623
a09,97,1,1,0.655340109928687
a09,98,1,1,0.5492380966479431
a09,99,1,1,0.5521521834645406
a09,100,1,1,0.9365224083315645
a09,101,1,1,0.6903953155657458
a09,102,1,1,0.8549351867252805
a09,103,1,0,0.38506040778736306
a09,104,1,0,0.4972409332015913
a09,105,1,0,0.44026719236435674
a09,106,1,0,0.48755856127628244
a09,107,1,0,0.4767822492529987
a09,108,1,0,0.3466621167582378
a09,109,1,1,0.5374590726332039
a09,110,1,0,0.3310375502965011
a09,111,1,1,0.5533280976106079
a09,112,1,0,0.4055580478502594
a09,113,1,0,0.3588562753637041
a09,114,1,0,0.4189503195262903
a09,115,1,0,0.2913859807105634
a09,116,1,0,0.44043573437682965
a09,117,1,0,0.3438117427801475
a09,118,1,0,0.380084537160884
a09,119,1,0,0.3568966733256376
a09,120,0,0,0.35551624999514203
a09,121,0,1,0.5885827171937755
a09,122,1,0,0.406561933183419
a09,123,1,0,0.43228135121131245
a09,124,1,1,0.5638528031632484
a09,125,1,0,0.3142224700499168
a09,126,0,0,0.3635400133649677
a09,127,0,0,0.3301322884844362
a09,128,0,0,0.3203300663880139
a09,129,0,0,0.31789513683436305
a09,130,0,0,0.34194443525774737
a09,131,1,1,0.6364294354237163
a09,132,1,0,0.48810697009908044
a09,133,1,1,0.5114978044765687
a09,134,1,1,0.6308187421276665
a09,135,1,0,0.348931555682233
a09,136,1,0,0.39130138213858684
a09,137,1,0,0.43151512926732877
a09,138,1,0,0.38538394337664184
a09,139,1,0,0.395133413963975
a09,140,1,1,0.5852323773982798
a09,141,1,0,0.3876551395407712
a09,142,1,0,0.3100217807189815
a09,143,1,1,0.6074205422843922
a09,144,1,0,0.2555340006999066
a09,145,1,1,0.6728646993580482
a09,146,1,0,0.30842337962309174
a09,147,1,0,0.38760880495911854
a09,148,1,0,0.46163104066548083
a09,149,1,0,0.44097998765997704
a09,150,1,0,0.3769501406571312
a09,151,1,0,0.4351989265066191
a09,152,1,0,0.3255215565577852
a09,153,1,1,0.5538854966067257
a09,154,1,0,0.3036708347807188
a09,155,1,0,0.4842992336397846
a09,156,1,0,0.47152136583659926
a09,157,1,0,0.33180847761947146
a09,158,1,0,0.43387403725891666
a09,159,1,1,0.5013108866194014
a09,160,1,0,0.3949596871611123
a09,161,1,0,0.48355726146125394
a09,162,1,0,0.361753166778239
a09,163,1,0,0.30052018210240083
a09,164,1,0,0.3699300292515842
a09,165,1,0,0.3829302050431833
a09,166,1,0,0.3838402010465624
a09,167,1,0,0.2824762277314195
a09,168,1,0,0.3493560716104508
a09,169,1,0,0.35922237571013377
a09,170,1,0,0.48862054822283896
a09,171,1,1,0.8518180955506675
a09,172,1,0,0.38609615774491723
a09,173,1,1,0.8256431716420262
a09,174,1,1,0.5082351351984769
a09,175,1,0,0.30061906015158135
a09,176,1,1,0.8310920795114415
a09,177,1,1,0.5201867430445605
a09,178,1,1,0.5177692736505284
a09,179,1,0,0.44525978832094926
a09,180,1,1,0.7216828279742327
a09,181,1,1,0.6040673496393109
a09,182,1,0,0.4055101835321684
a09,183,1,0,0.25530568642756796
a09,184,1,1,0.5229996402546393
a09,185,1,0,0.4140767495517382
a09,186,1,0,0.33136634554209826
a09,187,1,1,0.7398817261878853
a09,188,1,0,0.3235570520449737
a09,189,1,0,0.46258869216840465
a09,190,1,1,0.5493452730400205
a09,191,1,1,0.8828900487174807
a09,192,1,0,0.4568955562271182
a09,193,1,1,0.7719275674813987
a09,194,1,0,0.33208884967887303
a09,195,1,1,0.5762097189291219
a09,196,1,1,0.8966605413831946
a09,197,1,0,0.2952200627988162
a09,198,1,0,0.47183866612843245
a09,199,1,1,0.5174829248626884
a09,200,1,0,0.36558599812975656
a09,201,1,1,0.6066093583614476
a09,202,1,0,0.47926078064820476
a09,203,1,0,0.39343077066271886
a09,204,1,1,0.7131478184693729
a09,205,1,0,0.316314049790486
a09,206,1,0,0.3403738280641779
a09,207,0,0,0.3232718863310206
a09,208,0,0,0.36814145976159945
a09,209,0,0,0.3700228635265061
a09,210,0,0,0.3380359660523829
a09,211,0,0,0.3258445329534047
a09,212,0,0,0.337917858158517
a09,213,0,0,0.35485992820149287
a09,214,0,0,0.3250475900122423
a09,215,0,0,0.38076973993148716
a09,216,0,0,0.36372179740904725
a09,217,0,0,0.2762974591260841
a09,218,0,0,0.30082395922908906
a09,219,0,0,0.34448425512255415
a09,220,0,0,0.31271371261622244
a09,221,0,0,0.3206089543964431
a09,222,0,0,0.3969667681541867
a09,223,0,0,0.3056349548246768
a09,224,0,0,0.3890888806913624
a09,225,0,0,0.355976699320644
a09,226,0,0,0.32519430784713454
a09,227,0,0,0.34835254359856466
a09,228,0,0,0.36862757343049085
a09,229,0,1,0.7688197727323977
a09,230,0,0,0.13471006171501598
a09,231,0,0,0.328383643119375
a09,232,0,0,0.3445732632104724
a09,233,0,0,0.353794041072164
a09,234,0,0,0.38668451188855935
a09,235,0,0,0.3509036867100104
a09,236,0,0,0.3259602586237539
a09,237,0,0,0.46778873600159954
a09,238,1,0,0.47159098997581306
a09,239,1,1,0.5432370159191234
a09,240,1,0,0.36263111764444894
a09,241,1,0,0.34574648355259013
a09,242,0,0,0.3405935362740147
a09,243,0,0,0.26282036685918553
a09,244,1,1,0.5380104893877647
a09,245,1,0,0.49476936804139865
a09,246,1,0,0.4089954413841067
a09,247,0,0,0.26303900997264706
a09,248,0,0,0.3379283662262653
a09,249,0,0,0.4382861661669289
a09,250,1,0,0.38934674417134
a09,251,1,0,0.346797004002652
a09,252,1,0,0.28125477895914786
a09,253,1,0,0.35022263318066754
a09,254,0,0,0.27041907616883515
a09,255,0,0,0.3239377403401612
a09,256,0,0,0.43673623513074283
a09,257,0,0,0.28499578432751355
a09,258,0,0,0.27065234122463055
a09,259,0,0,0.2856802599910448
a09,260,0,0,0.3028595585978571
a09,261,0,1,0.6539112434634792
a09,262,1,0,0.2679874830788123
a09,263,1,0,0.37275785367395214
a09,264,1,0,0.3517587982949734
a09,265,0,0,0.3259905684967747
a09,266,0,0,0.30142144636477913
a09,267,0,0,0.3354495431280793
a09,268,0,0,0.43986332388157967
a09,269,1,0,0.32387597704067955
a09,270,0,0,0.32438132501006844
a09,271,0,0,0.3091262455380737
a09,272,0,0,0.4963956407764583
a09,273,0,0,0.32575210424404727
a09,274,0,0,0.36151317546432643
a09,275,0,1,0.5221339282430114
a09,276,0,0,0.3179390764090651
a09,277,0,1,0.6135644331165404
a09,278,1,0,0.2732226873510229
a09,279,1,1,0.5718976798229884
a09,280,1,0,0.3362220836993748
a09,281,1,0,0.35855581327503766
a09,282,1,1,0.5053905806114632
a09,283,1,0,0.41461862726643983
a09,284,1,1,0.8071208734961759
a09,285,1,0,0.4577014808723951
a09,286,1,0,0.38226537207817907
a09,287,1,1,0.7869256085905386
a09,288,1,0,0.46368841010628303
a09,289,1,1,0.7821049306134088
a09,290,1,0,0.3628191252425252
a09,291,1,0,0.43636223235251487
a09,292,1,0,0.40176091034406985
a09,293,1,0,0.4311864666507764
a09,294,1,0,0.40088096659775496
a09,295,1,1,0.5795222708178236
a09,296,1,1,0.5710031591040631
a09,297,1,1,0.5279604494603161
a09,298,1,1,0.6953736809008587
a09,299,1,0,0.28446629431795306
a09,300,1,0,0.3567863575513565
a09,301,1,1,0.8048782164864494
a09,302,1,0,0.2830614066161817
a09,303,1,0,0.4185117253131786
a09,304,1,0,0.3816897309984398
a09,305,1,0,0.49774900278550677
a09,306,1,0,0.37503383261994017
a09,307,1,0,0.30159560674824154
a09,308,1,0,0.3370511334759262
a09,309,1,0,0.31560611846124886
a09,310,1,0,0.3861188958213741
a09,311,1,0,0.39755716728073515
a09,312,1,0,0.4847832535083368
a09,313,1,0,0.46111249397222487
a09,314,1,0,0.43121651102202274
a09,315,1,0,0.4108744895718071
a09,316,1,0,0.38562205576791536
a09,317,1,0,0.37608675531672753
a09,318,1,0,0.47514047296483164
a09,319,1,0,0.39836556102248644
a09,320,1,1,0.5123513143422088
a09,321,1,0,0.42608177469384856
a09,322,1,0,0.37199467340855485
a09,323,1,0,0.42279207000322033
a09,324,1,1,0.5959432492496037
a09,325,1,0,0.42665690247497645
a09,326,1,0,0.3799789912952421
a09,327,1,0,0.4506019611422562
a09,328,1,1,0.6106914729058358
a09,329,1,0,0.48945183095855094
a09,330,1,1,0.8410011480964011
a09,331,1,1,0.5863296389645128
a09,332,1,1,0.9133225517624204
a09,333,1,1,0.5372512350767902
a09,334,1,0,0.16717687626499694
a09,335,1,1,0.6688708748786609
a09,336,1,0,0.4526353840973587
a09,337,1,1,0.796600045721483
a09,338,1,1,0.554963367077502
a09,339,1,0,0.3770585178908527
a09,340,1,1,0.531479962615731
a09,341,1,1,0.7342523791409453
a09,342,1,0,0.37760579053663884
a09,343,1,0,0.3465291817102309
a09,344,1,0,0.4744423522088789
a09,345,1,1,0.9355108181334038
a09,346,1,0,0.40319879635760353
a09,347,1,1,0.8108110045291846
a09,348,1,1,0.534000002676437
a09,349,1,0,0.310415710029127
a09,350,1,1,0.5091575279592343
a09,351,1,0,0.37811515707324356
a09,352,1,0,0.49730676037973587
a09,353,1,0,0.4016274387465918
a09,354,1,0,0.3107278564878397
a09,355,1,1,0.620324591222332
a09,356,1,0,0.3133731246779392
a09,357,1,0,0.41275142102612455
a09,358,1,0,0.3187688945161658
a09,359,1,0,0.40163131153591314
a09,360,1,0,0.42837800939756004
a09,361,1,1,0.5565977560864034
a09,362,0,0,0.39868844091263705
a09,363,0,0,0.32849321696022127
a09,364,0,0,0.38212046127103605
a09,365,0,0,0.3310231966483212
a09,366,0,0,0.3557013126244129
a09,367,0,0,0.34262619432759
a09,368,0,0,0.34378445298049687
a09,369,0,0,0.3390604581858309
a09,370,0,0,0.442933278873388
a09,371,0,0,0.31030374016829687
a09,372,0,0,0.3392931582256044
a09,373,0,0,0.35498625854048715
a09,374,0,0,0.2649680582157735
a09,375,0,0,0.28739643846192175
a09,376,0,0,0.3459477481120466
a09,377,0,0,0.33131651444549837
a09,378,0,0,0.42383647840370225
a09,379,0,0,0.37306425942128046
a09,380,1,0,0.3807825342358289
a09,381,1,0,0.2940306160681702
a09,382,1,0,0.28891470080146087
a09,383,1,0,0.39503417711681305
a09,384,1,0,0.2887666828719657
a09,385,1,0,0.3681394979016156
a09,386,1,0,0.47946764016709836
a09,387,1,0,0.43354589401885224
a09,388,1,1,0.541819823132208
a09,389,1,0,0.43040611349514574
a09,390,1,1,0.6933862346138306
a09,391,1,1,0.5293111881910051
a09,392,1,1,0.8718079798863431
a09,393,1,0,0.3172359300064074
a09,394,1,0,0.39196123553360757
a09,395,1,0,0.39958353606076236
a09,396,1,0,0.4031422399393323
a09,397,1,0,0.35898476193170137
a09,398,1,0,0.39749054625521313
a09,399,1,0,0.3333276416110567
a09,400,1,0,0.367558828213229
a09,401,1,1,0.5127134578971312
a09,402,1,1,0.6156287655266492
a09,403,1,0,0.336000467376888
a09,404,1,0,0.4797770211822435
a09,405,1,0,0.34997578453385114
a09,406,1,1,0.5032114677922253
a09,407,1,1,0.5974422200263999
a09,408,1,1,0.6510230146297964
a09,409,1,0,0.49057517039149195
a09,410,1,0,0.47190617252933315
a09,411,1,0,0.439613855303165
a09,412,1,1,0.8113502442459317
a09,413,1,0,0.4932874003836225
a09,414,1,0,0.3420667530580024
a09,415,1,1,0.5344862014763673
a09,416,1,0,0.42920154432438623
a09,417,1,1,0.7462784129383198
a09,418,1,0,0.46914747262275275
a09,419,1,1,0.6469418958707616
a09,420,1,1,0.6253765813562766
a09,421,1,0,0.417241341521081
a09,422,1,1,0.7103896296123271
a09,423,1,0,0.3275153464607591
a09,424,1,0,0.4151774482515643
a09,425,1,0,0.40080679445486705
a09,426,1,0,0.38357416125931415
a09,427,1,0,0.3597777059899197
a09,428,1,0,0.3917967925966298
a09,429,1,0,0.37610506433031154
a09,430,1,1,0.7003028629351844
a09,431,1,0,0.34804614651713595
a09,432,1,0,0.4101480601919888
a09,433,1,1,0.5507941584765285
a09,434,1,0,0.36519965835575746
a09,435,1,0,0.45823512905069014
a09,436,1,0,0.3481447127141703
a09,437,1,0,0.4455225896592383
a09,438,1,0,0.3251273460095281
a09,439,1,1,0.5483047964035784
a09,440,0,0,0.3755480582405809
a09,441,0,0,0.3592261972750742
a09,442,0,0,0.36021883314258857
a09,443,0,0,0.3353307292136585
a09,444,0,0,0.3494279778259064
a09,445,0,0,0.4640345676327934
a09,446,0,0,0.2964665960884006
a09,447,0,0,0.29692279681852757
a09,448,0,0,0.29668822245671783
a09,449,0,0,0.43542259284585383
a09,450,1,0,0.4442348113735269
a09,451,1,1,0.5262147598960863
a09,452,1,1,0.5150729222860713
a09,453,1,1,0.756615389204811
a09,454,1,0,0.4709303127842654
a09,455,1,0,0.3870400522013906
a09,456,1,0,0.4313485676336931
a09,457,1,0,0.37994199578197513
a09,458,1,1,0.5065003948353235
a09,459,1,0,0.4608985727495693
a09,460,1,0,0.38137111319692735
a09,461,1,0,0.3465741043722701
a09,462,1,1,0.7771079296166649
a09,463,1,0,0.2931655774258916
a09,464,1,0,0.3258269631154674
a09,465,1,1,0.9034089330179723
a09,466,1,0,0.21634988885468429
a09,467,1,0,0.4047735846537435
a09,468,1,1,0.6215349059933052
a09,469,1,0,0.4765291666738767
a09,470,1,0,0.3646592102955274
a09,471,1,1,0.5574258886436131
a09,472,1,0,0.41742567339669095
a09,473,1,0,0.3703350723032855
a09,474,1,1,0.69662270699438
a09,475,1,1,0.5052838244810387
a09,476,1,0,0.4758661311324266
a09,477,1,1,0.7374837552018343
a09,478,1,1,0.5926850528113337
a09,479,1,0,0.31806019576044775
a09,480,1,0,0.32725576736000506
a09,481,1,0,0.37101211680648044
a09,482,1,0,0.3285341438754012
a09,483,1,0,0.3688572252109608
a09,484,1,0,0.40229742241640504
a09,485,1,0,0.4196037377625075
a09,486,1,0,0.3126958525928908
a09,487,1,0,0.47483419056167603
a09,488,1,1,0.885043371432166
a09,489,1,0,0.2960487707477672
a09,490,1,1,0.7640731201389405
a09,491,1,0,0.36534531009454163
a09,492,1,0,0.36614307958816755
a09,493,1,0,0.38405598001554075
a09,494,1,1,0.5549594602913213
a10,1,0,1,0.6784864609166246
a10,2,0,1,0.5426476590518237
a10,3,0,1,0.5258541646667758
a10,4,0,0,0.38052355017527806
a10,5,0,0,0.4214096957192388
a10,6,0,1,0.6961945104224164
a10,7,0,0,0.4991181483618138
a10,8,0,0,0.4698564898258413
a10,9,0,0,0.4671798448593213
a10,10,0,1,0.5994450400297097
a10,11,0,1,0.5559138350014374
a10,12,0,0,0.46101385060861766
a10,13,0,0,0.293744868406883
a10,14,0,0,0.3455322130557369
a10,15,0,0,0.43359842596677395
a10,16,0,1,0.570569288848935
a10,17,0,1,0.66018676741384
a10,18,0,0,0.06314876261371263
a10,19,0,0,0.3049853347837133
a10,20,0,0,0.3476456137210005
a10,21,0,0,0.33393787004077513
a10,22,0,0,0.4670666045205132
a10,23,0,0,0.3320619379736422
a10,24,0,0,0.37071249850475113
a10,25,0,0,0.42379671964906634
a10,26,0,0,0.38302637071387613
a10,27,0,0,0.38602750364028726
a10,28,0,0,0.3249694602619955
a10,29,0,0,0.3978740861066794
a10,30,0,0,0.47726103187005464
a10,31,0,1,0.5766188072578974
a10,32,0,0,0.4295358982406413
a10,33,0,0,0.33098780982523246
a10,34,0,0,0.37960078265720576
a10,35,0,1,0.6501119102761724
a10,36,0,0,0.4239018660461769
a10,37,0,0,0.4160730180385812
a10,38,0,0,0.46958961741473126
a10,39,0,1,0.5835868928802479
a10,40,0,0,0.40918182099094746
a10,41,0,0,0.4140226044008559
a10,42,0,0,0.3761021456444926
a10,43,0,0,0.4473714797254216
a10,44,0,0,0.35343006183598846
a10,45,0,0,0.3561781163742152
a10,46,0,1,0.578462668685306
a10,47,0,1,0.5091892938023221
a10,48,0,1,0.6733804717253928
a10,49,0,0,0.33600285055991286
a10,50,0,0,0.3988263834326513
a10,51,0,0,0.4508699703404219
a10,52,0,0,0.49287264908933187
a10,53,0,0,0.4709383872979308
a10,54,0,1,0.6165181681537848
a10,55,1,0,0.4693464257298538
a10,56,1,1,0.5679173113366773
a10,57,1,1,0.5315153881815197
a10,58,1,1,0.8392855852131447
a10,59,1,0,0.17147773272393696
a10,60,0,1,0.6132723548850166
a10,61,0,1,0.9765621530737754
a10,62,0,1,0.522023247794274
a10,63,0,1,0.9482068088817889
a10,64,0,0,0.375502967282519
a10,65,0,1,0.5750638061715928
a10,66,0,0,0.49463879518898385
a10,67,0,0,0.43619323569748136
a10,68,0,0,0.4210288658624326
a10,69,0,0,0.312224936096648
a10,70,0,0,0.4138194910477559
a10,71,0,0,0.42055346454914516
a10,72,0,0,0.4606673156503804
a10,73,0,0,0.46310544644886886
a10,74,0,0,0.4451322312941738
a10,75,0,0,0.4056997216318716
a10,76,0,0,0.38693911867795094
a10,77,0,0,0.3887858170270852
a10,78,0,0,0.4626553620140485
a10,79,0,0,0.4213687768394564
a10,80,0,0,0.4386203593930522
a10,81,0,0,0.43618114059862156
a10,82,0,1,0.6076257454714888
a10,83,0,0,0.4127760286313284
a10,84,0,0,0.40618485780918195
a10,85,0,0,0.3503783707010727
a10,86,0,1,0.8200555678290993
a10,87,0,0,0.36909220380441354
a10,88,0,1,0.5215029530909999
a10,89,0,0,0.4503857892329342
a10,90,0,0,0.4084477115893137
a10,91,0,0,0.39307891869674816
a10,92,0,1,0.5002725909618273
a10,93,0,1,0.5300130083538894
a10,94,0,0,0.4234756915425099
a10,95,0,1,0.5016064437000868
a10,96,0,0,0.4266344286019376
a10,97,0,0,0.4495100157550241
a10,98,0,1,0.5341530998497339
a10,99,0,0,0.4900052645591707
a10,100,0,0,0.40940594648322653
a10,101,0,0,0.3796299643997429
a10,102,0,0,0.4281453153074667
a10,103,0,0,0.3633516952539987
a10,104,0,0,0.46210186984430884
a10,105,1,1,0.5158491982379
a10,106,1,0,0.48073919316710684
a10,107,1,1,0.5743975690025562
a10,108,1,1,0.6877261074102122
a10,109,1,1,0.636799200879284
a10,110,1,1,0.6026540565832406
a10,111,1,1,0.6693276288995232
a10,112,1,1,0.5861108545709095
a10,113,1,1,0.6060335963044404
a10,114,1,1,0.6526790215358461
a10,115,1,1,0.7112716602177668
a10,116,1,1,0.6092095874190671
a10,117,1,1,0.6231086126329035
a10,118,1,1,0.7404710889738622
a10,119,1,1,0.6286907356334018
a10,120,1,1,0.6983012878103311
a10,121,1,1,0.727871602452534
a10,122,1,1,0.5246271287116908
a10,123,1,1,0.6987477931702104
a10,124,1,1,0.6461845547859716
a10,125,1,1,0.6007350987127589
a10,126,1,1,0.7015768621648629
a10,127,1,1,0.5354480445216396
a10,128,1,1,0.7020915700073969
a10,129,1,0,0.38004731569056865
a10,130,0,0,0.40943251444640166
a10,131,0,0,0.4064420859115854
a10,132,0,0,0.3892873976883022
a10,133,0,0,0.40742082436473037
a10,134,0,0,0.4645930648299567
a10,135,0,0,0.4315184977483405
a10,136,0,0,0.4037710866649463
a10,137,0,0,0.38605781936948136
a10,138,0,0,0.38671528604278393
a10,139,0,0,0.4275880756445206
a10,140,0,0,0.4473144827083192
a10,141,0,0,0.4236816615709338
a10,142,0,0,0.4280011465889052
a10,143,0,1,0.6578048253610682
a10,144,1,1,0.8262009331376556
a10,145,0,0,0.4249912892382153
a10,146,0,1,0.6122550498482957
a10,147,0,1,0.6301671214136402
a10,148,0,0,0.38347926538991034
a10,149,0,0,0.4120999537985166
a10,150,0,0,0.44028414402541616
a10,151,0,1,0.6350878995109985
a10,152,0,0,0.4691931763371991
a10,153,0,1,0.5154910459474232
a10,154,0,1,0.5652288749880741
a10,155,0,1,0.5676835462267317
a10,156,0,1,0.6384194611593826
a10,157,0,0,0.37670725017208606
a10,158,0,0,0.3702876473225468
a10,159,0,0,0.41015651301251527
a10,160,0,0,0.43871390438449714
a10,161,0,1,0.6410697014973243
a10,162,0,0,0.45459530565811035
a10,163,0,0,0.35268533806839786
a10,164,0,0,0.49205561467758124
a10,165,0,1,0.5165749383094612
a10,166,0,1,0.5521576360731234
a10,167,0,0,0.4662969224662886
a10,168,0,0,0.43814682459956394
a10,169,0,1,0.7126535085269918
a10,170,0,0,0.42452850691821414
a10,171,0,0,0.4369777435906385
a10,172,0,0,0.4477093457015635
a10,173,0,1,0.5395367836823242
a10,174,0,1,0.6408991771515542
a10,175,0,0,0.427435124118251
a10,176,0,0,0.4040825072267861
a10,177,0,0,0.41371229739535803
a10,178,0,0,0.41366138041411055
a10,179,0,0,0.4806840605957542
a10,180,0,1,0.6280201418833573
a10,181,0,0,0.34204711722827336
a10,182,0,0,0.3911187317154844
a10,183,0,0,0.4090754578266548
a10,184,0,0,0.4304955132159727
a10,185,0,0,0.41161387796832755
a10,186,0,0,0.47274863285007923
a10,187,0,1,0.5951535292607949
a10,188,0,1,0.5733087767628083
a10,189,0,1,0.6815029735890386
a10,190,0,0,0.28884230527390753
a10,191,0,1,0.761457137349938
a10,192,0,0,0.35977101618659363
a10,193,0,1,0.5830945117999097
a10,194,0,0,0.4187642834171361
a10,195,0,0,0.4197798455876456
a10,196,0,0,0.3955726515172913
a10,197,0,0,0.39246543632130243
a10,198,0,0,0.38346861188298614
a10,199,0,0,0.4547553457639029
a10,200,0,0,0.465591958657262
a10,201,0,0,0.49517858198932285
a10,202,0,0,0.4021241605175112
a10,203,0,0,0.4553635744955717
a10,204,0,0,0.4561169700689638
a10,205,0,0,0.417539075864049
a10,206,0,0,0.4206991260926256
a10,207,0,0,0.39101739123468443
a10,208,0,0,0.4484138725475646
a10,209,0,0,0.47764542083894784
a10,210,0,0,0.402313933557167
a10,211,0,0,0.40006014327227163
a10,212,0,0,0.43769207703403146
a10,213,0,1,0.6317109999618608
a10,214,0,0,0.3627075263901894
a10,215,0,0,0.4393670119170507
a10,216,0,0,0.47127354285203577
a10,217,0,1,0.5704391685219992
a10,218,1,1,0.5702567519673668
a10,219,1,1,0.6197963778539752
a10,220,0,1,0.5958947048934963
a10,221,1,0,0.4004341570850336
a10,222,0,1,0.6479776438577713
a10,223,0,0,0.4463503858375573
a10,224,0,1,0.6254653170429986
a10,225,1,1,0.6581243811525151
a10,226,1,0,0.4989982433056596
a10,227,0,1,0.7062694118775724
a10,228,0,0,0.37097129377699317
a10,229,0,1,0.6278896161217167
a10,230,0,1,0.6115548553908833
a10,231,0,1,0.6439750415562413
a10,232,1,1,0.653225725995907
a10,233,1,1,0.7021451943585302
a10,234,1,1,0.6243985715901497
a10,235,1,1,0.7097577207892805
a10,236,1,1,0.685384559802086
a10,237,1,1,0.6064913707851486
a10,238,1,0,0.4631609929144043
a10,239,0,1,0.8411179430109446
a10,240,0,0,0.1585620676611671
a10,241,0,0,0.32734920871542733
a10,242,0,0,0.31851295472634394
a10,243,0,0,0.38303532522174444
a10,244,0,0,0.19202053274348577
a10,245,0,0,0.32805817011341204
a10,246,0,0,0.46195484552941946
a10,247,0,0,0.3489133253351961
a10,248,0,1,0.699323431708566
a10,249,0,0,0.3191703498948256
a10,250,0,0,0.3665563117927383
a10,251,0,0,0.4566184178389719
a10,252,0,0,0.42433054465838704
a10,253,0,0,0.3814179813855057
a10,254,0,1,0.558859944233851
a10,255,0,0,0.30161342016827764
a10,256,0,1,0.9013077891680003
a10,257,0,0,0.2753538665607645
a10,258,0,0,0.3639236333425543
a10,259,0,0,0.48946883151834075
a10,260,0,1,0.7921829890805797
a10,261,0,1,0.614117916317306
a10,262,0,1,0.5727350814556793
a10,263,0,1,0.749242341799294
a10,264,1,0,0.33811465779064986
a10,265,0,0,0.4902518996989127
a10,266,0,0,0.32060809912141097
a10,267,0,0,0.365862553251364
a10,268,0,0,0.3213384401999346
a10,269,0,0,0.4181705048386789
a10,270,0,0,0.45828316591997353
a10,271,0,1,0.5651089333375968
a10,272,0,0,0.3578592668946062
a10,273,0,1,0.7610574622862677
a10,274,1,1,0.5995484067675114
a10,275,1,0,0.3053573716895997
a10,276,0,0,0.34994800571270046
a10,277,0,1,0.5080315165697558
a10,278,0,0,0.4023210990787481
a10,279,0,0,0.41222121808982143
a10,280,0,0,0.39577119736926303
a10,281,0,0,0.37913028305207286
a10,282,0,0,0.4187789017790094
a10,283,0,1,0.5598414967791904
a10,284,0,0,0.3702230520979143
a10,285,0,0,0.41412503191715533
a10,286,0,0,0.3919539805116872
a10,287,0,0,0.4128626361105709
a10,288,0,0,0.3082412594787583
a10,289,0,0,0.4031763185645714
a10,290,0,0,0.3554083836188456
a10,291,0,1,0.6908947802186289
a10,292,0,0,0.3177204876853061
a10,293,0,0,0.44299879801987885
a10,294,0,0,0.3518368409011213
a10,295,0,0,0.4065470765405142
a10,296,0,0,0.40338502421185213
a10,297,0,0,0.48594620289185975
a10,298,0,0,0.4156416399755445
a10,299,0,0,0.4134546194725583
a10,300,0,0,0.3858611726819917
a10,301,0,0,0.39760270601465525
a10,302,0,0,0.408181472283262
a10,303,0,0,0.3578299952505252
a10,304,0,0,0.31964591437762074
a10,305,0,0,0.40638111693749707
a10,306,0,0,0.41137960190263206
a10,307,0,0,0.4058742692703248
a10,308,0,0,0.48288807776497394
a10,309,0,0,0.41596667199562
a10,310,0,0,0.39000828767145407
a10,311,0,0,0.41531477330117517
a10,312,0,0,0.3913573462661602
a10,313,0,0,0.41143055140118967
a10,314,0,0,0.4386956251990059
a10,315,0,0,0.3896259226538499
a10,316,0,0,0.39103426411882714
a10,317,0,0,0.4219948698511636
a10,318,0,0,0.4502457945963437
a10,319,0,0,0.3687026005929541
a10,320,0,0,0.44406031236390126
a10,321,0,1,0.6315741738571545
a10,322,0,1,0.5261564504521239
a10,323,1,1,0.5428633653131388
a10,324,1,1,0.5873011180411843
a10,325,0,0,0.3852437869204372
a10,326,0,0,0.4158323493852906
a10,327,0,0,0.4427737004223265
a10,328,0,0,0.35759493196850795
a10,329,0,0,0.38143282526114525
a10,330,0,0,0.37637019031703495
a10,331,0,0,0.3664533276236692
a10,332,0,0,0.40957779330410127
a10,333,0,1,0.8513512109196615
a10,334,0,0,0.18170762435635518
a10,335,0,0,0.3688599350743938
a10,336,0,1,0.5298531056981716
a10,337,0,1,0.5700475937334173
a10,338,0,0,0.49279310971751894
a10,339,0,0,0.4735504465836291
a10,340,0,0,0.3946543126152594
a10,341,0,0,0.4790583972893119
a10,342,0,0,0.44484391587476957
a10,343,0,0,0.45590539375744343
a10,344,0,1,0.5116421851586904
a10,345,0,0,0.3461104681500766
a10,346,0,1,0.5429355770867873
a10,347,0,0,0.3478767119949387
a10,348,0,0,0.3884191919829543
a10,349,0,0,0.4941730217362911
a10,350,0,0,0.33736882274627444
a10,351,0,0,0.4445525636560839
a10,352,0,0,0.32228626254482273
a10,353,0,1,0.5046164278779819
a10,354,0,0,0.4044277768077721
a10,355,0,1,0.5109725944122288
a10,356,0,1,0.6683865000961131
a10,357,0,1,0.6460961056460282
a10,358,0,0,0.39325448106241273
a10,359,0,0,0.4519994610810357
a10,360,0,0,0.41123337059570125
a10,361,0,1,0.9173852105339733
a10,362,1,0,0.17366620779921363
a10,363,1,0,0.4478977332769884
a10,364,1,1,0.5414147731599753
a10,365,1,0,0.3896570168691349
a10,366,1,1,0.8708892470086856
a10,367,1,1,0.9495995732556195
a10,368,0,0,0.22699130046604177
a10,369,0,1,0.5500945926667073
a10,370,1,1,0.5989508718036657
a10,371,1,0,0.31960231289758
a10,372,0,0,0.35409146750113024
a10,373,0,0,0.33143337963854985
a10,374,0,0,0.4827539887449889
a10,375,0,0,0.31524177705690737
a10,376,0,0,0.3314504098968491
a10,377,0,0,0.35740185510747496
a10,378,0,1,0.6605577416542948
a10,379,0,1,0.8057772997600587
a10,380,0,0,0.34624029690345876
a10,381,0,1,0.6185192514686582
a10,382,0,0,0.4186222143450133
a10,383,0,0,0.3069803161273396
a10,384,0,0,0.3661057456732214
a10,385,0,0,0.459432981573379
a10,386,0,0,0.4176509869455935
a10,387,0,0,0.3714759877707943
a10,388,0,1,0.5200348731450839
a10,389,0,1,0.8116042053436177
a10,390,0,1,0.6311002386157492
a10,391,0,1,0.635820259146227
a10,392,0,1,0.601201032989885
a10,393,0,1,0.5686133000470078
a10,394,0,1,0.745181006064187
a10,395,0,0,0.4052588222892298
a10,396,0,1,0.6395146575773257
a10,397,0,0,0.48284499869477904
a10,398,1,1,0.5115479252401907
a10,399,1,1,0.8050448505315337
a10,400,1,0,0.24284839058680052
a10,401,0,1,0.5313599574748405
a10,402,0,0,0.32330415507924265
a10,403,0,0,0.33948897064226596
a10,404,0,0,0.37769514086966066
a10,405,0,1,0.6016536473358732
a10,406,0,1,0.5651544947749494
a10,407,0,1,0.5890801969112293
a10,408,0,1,0.6432752103463446
a10,409,0,0,0.38241926933751547
a10,410,0,0,0.4103452768895803
a10,411,0,1,0.9557813842024893
a10,412,0,0,0.4594751357789449
a10,413,0,1,0.72468014766557
a10,414,1,1,0.7897471677480187
a10,415,1,1,0.686657624441641
a10,416,1,1,0.9027717099688397
a10,417,1,0,0.15140397666083832
a10,418,1,0,0.38006164033195766
a10,419,1,1,0.9500602611694755
a10,420,1,0,0.1941689101131916
a10,421,0,0,0.30731744521588905
a10,422,0,0,0.356230812834494
a10,423,0,0,0.4253795563578161
a10,424,0,0,0.2907810334066596
a10,425,0,0,0.3096347786771429
a10,426,0,0,0.422996863958226
a10,427,0,1,0.5127743947444681
a10,428,0,1,0.5041398767914904
a10,429,0,1,0.5052979945430487
a10,430,0,0,0.37795546536498353
a10,431,0,1,0.5745583060460944
a10,432,0,0,0.37276291101050735
a10,433,0,1,0.6419007964710841
a10,434,0,1,0.6331057120673993
a10,435,0,0,0.3277979920798624
a10,436,0,1,0.5232305393118732
a10,437,0,1,0.508658441390744
a10,438,0,1,0.5943730126320134
a10,439,0,0,0.47816630697634066
a10,440,0,0,0.3482394913882963
a10,441,0,1,0.5068713264047964
a10,442,0,1,0.5394459455598218
a10,443,0,0,0.4292429619663227
a10,444,0,0,0.4718901020609968
a10,445,0,1,0.7684618072205215
a10,446,1,0,0.39754153905737144
a10,447,1,1,0.6661994690358591
a10,448,1,1,0.6109862587756637
a10,449,1,1,0.7117317537942393
a10,450,1,1,0.9309251739725602
a10,451,1,0,0.4670875407207559
a10,452,1,1,0.8958797606440234
a10,453,1,1,0.7092465852436052
a10,454,1,1,0.7509812907886907
a10,455,1,1,0.7652717069026931
a10,456,1,1,0.5817780686528694
a10,457,1,1,0.6888836334588845
a10,458,1,0,0.17964428861188342
a10,459,0,0,0.30817929967515295
a10,460,0,0,0.29454272863838865
a10,461,0,1,0.5375801827698322
a10,462,1,0,0.45873422067953445
a10,463,1,1,0.7567986204003955
a10,464,1,0,0.2558636506128358
a10,465,0,0,0.4208253302579422
a10,466,0,1,0.8399171823080284
a10,467,1,0,0.24196761274097917
a10,468,0,0,0.4783452364128007
a10,469,0,0,0.4989192359537276
a10,470,0,0,0.38103790363555123
a10,471,0,0,0.38735895433273704
a10,472,0,0,0.3384343910573911
a10,473,0,0,0.36811385295107835
a10,474,0,0,0.4459842654641436
a10,475,0,0,0.49738358759999496
a10,476,0,0,0.39277252819324515
a10,477,0,0,0.421824744909013
a10,478,0,0,0.3895275482969698
a10,479,0,0,0.38798320916263007
a10,480,0,0,0.43489254653046433
a10,481,0,0,0.356123002487854
a10,482,0,1,0.9235990602348643
a10,483,0,0,0.3179180163457524
a10,484,0,1,0.8351894243585164
a10,485,0,0,0.1072564562636397
a10,486,0,1,0.5037172239520864
a10,487,0,0,0.4436085317038635
a10,488,0,0,0.44256148373879145
a10,489,0,0,0.4574773067682983
a10,490,0,0,0.4615554553490515
a10,491,0,1,0.5461326047456173
a10,492,0,1,0.9092508678122802
a10,493,0,1,0.5636988613675836
a10,494,0,1,0.8353306930345815
a10,495,0,0,0.17637934122955154
a10,496,0,1,0.6740742563424207
a10,497,0,1,0.9236750561245342
a10,498,0,0,0.4557169570517173
a10,499,0,1,0.885695268705834
a10,500,1,1,0.6652794786126112
a10,501,1,0,0.3742642406807528
a10,502,1,1,0.6717288389499558
a10,503,1,1,0.9709551298127429
a10,504,1,0,0.44915479405496767
a10,505,1,1,0.513295316767816
a10,506,1,1,0.8797812977509917
a10,507,1,1,0.805765412673803
a10,508,1,1,0.6684577253794288
a10,509,1,1,0.9453321505201354
a10,510,1,0,0.4474565176896731
a10,511,1,0,0.4637840433427787
a10,512,1,1,0.8245187390883293
a10,513,1,1,0.5735660958008512
a10,514,1,0,0.326885492409834
a10,515,1,1,0.6516435717843632
a10,516,1,1,0.6214396331763664
a11,1,0,0,0.396890484726478
a11,2,0,0,0.4709410158356786
a11,3,0,0,0.4646501629788606
a11,4,0,1,0.6834290209181502
a11,5,0,0,0.30616868273514664
a11,6,0,0,0.27325695721259446
a11,7,0,0,0.3174704910584193
a11,8,0,0,0.4656313321620901
a11,9,0,0,0.3683113270651668
a11,10,0,1,0.5796078506905356
a11,11,0,0,0.308378686114387
a11,12,0,0,0.3589393413174377
a11,13,0,0,0.41076396908406526
a11,14,0,0,0.4149340453522194
a11,15,0,0,0.3319821685671733
a11,16,0,0,0.35723633671835076
a11,17,1,0,0.35770043886544994
a11,18,1,0,0.34779536534603717
a11,19,1,0,0.4751091074777669
a11,20,1,0,0.3538968020064038
a11,21,1,1,0.5005327723605639
a11,22,1,0,0.3358706723768329
a11,23,1,0,0.3819638734856101
a11,24,1,0,0.318564716156304
a11,25,0,0,0.4800660391624955
a11,26,0,0,0.3098467635318156
a11,27,0,0,0.37283821715795074
a11,28,0,1,0.5048335029683861
a11,29,0,1,0.5588613319570649
a11,30,0,0,0.38259057674144165
a11,31,0,0,0.2563890075479439
a11,32,0,0,0.3852921023283746
a11,33,0,0,0.34741844584959575
a11,34,0,0,0.3622980679878991
a11,35,0,0,0.31369948988195523
a11,36,0,0,0.28695979118302845
a11,37,0,0,0.29124499907398516
a11,38,0,0,0.39327641817275766
a11,39,0,0,0.3258572086487681
a11,40,0,0,0.31717177331425517
a11,41,0,0,0.3643718398013673
a11,42,0,0,0.33156331614778634
a11,43,0,0,0.3371147957403684
a11,44,0,0,0.3485164141448257
a11,45,0,0,0.35032692049006275
a11,46,0,0,0.3314698589766512
a11,47,0,0,0.3466098211436697
a11,48,0,0,0.414579653859595
a11,49,0,0,0.338896356794976
a11,50,0,0,0.3800278360989744
a11,51,0,0,0.34367273913749696
a11,52,0,0,0.36744045606884806
a11,53,0,0,0.37077221259988413
a11,54,0,0,0.3505196575399778
a11,55,0,0,0.35979154140706787
a11,56,0,0,0.352785123507229
a11,57,0,0,0.32287892256710127
a11,58,0,0,0.32778871532527826
a11,59,0,0,0.36681768477854876
a11,60,0,0,0.4007938101080726
a11,61,0,0,0.3994444479589072
a11,62,0,0,0.3144926898450276
a11,63,0,0,0.37874673916149154
a11,64,0,0,0.3795236885072361
a11,65,0,0,0.4082151023340445
a11,66,0,0,0.33573147413513554
a11,67,0,0,0.3805458525850238
a11,68,0,0,0.3702112717040363
a11,69,0,0,0.3626448384866618
a11,70,0,0,0.3585392446020472
a11,71,0,0,0.38535818848404624
a11,72,0,0,0.4236236142027044
a11,73,0,0,0.40265362065549093
a11,74,0,0,0.44633372682987926
a11,75,0,0,0.34514416818710675
a11,76,0,0,0.3320425731350723
a11,77,0,0,0.3868355455317783
a11,78,0,0,0.44667337147217456
a11,79,0,0,0.38476576128930207
a11,80,0,0,0.4096988331272222
a11,81,0,0,0.4082245779204257
a11,82,0,0,0.37667961812216827
a11,83,1,0,0.26594826772721564
a11,84,1,0,0.4606507688335418
a11,85,1,0,0.40398443896928926
a11,86,1,0,0.4724247182603766
a11,87,1,0,0.30405043260059456
a11,88,1,0,0.2925462372481568
a11,89,1,0,0.31335089886101464
a11,90,1,0,0.4469620756546875
a11,91,1,1,0.5771709410413998
a11,92,1,0,0.40859461543675696
a11,93,1,0,0.4849074944686832
a11,94,0,0,0.3370082324634737
a11,95,0,0,0.27163087843495703
a11,96,0,0,0.4312036907417511
a11,97,0,0,0.41850722861580475
a11,98,0,0,0.38434097141454926
a11,99,0,0,0.3723416143148547
a11,100,1,0,0.27342842662854583
a11,101,1,0,0.4428059365276414
a11,102,1,0,0.41843809571848545
a11,103,1,0,0.4007991451817219
a11,104,1,0,0.42019931822672196
a11,105,1,0,0.4573152914711808
a11,106,1,0,0.392623707594423
a11,107,1,0,0.43482505012494266
a11,108,1,0,0.49073106947083855
a11,109,1,0,0.4324996629101915
a11,110,1,0,0.48468321577264745
a11,111,1,1,0.5207619883512898
a11,112,1,0,0.4310015443008277
a11,113,1,1,0.5549261643026087
a11,114,1,0,0.4956083664010435
a11,115,1,0,0.42214541480016454
a11,116,1,1,0.5224758189997125
a11,117,1,0,0.4597779660790508
a11,118,1,1,0.5166188518097636
a11,119,1,1,0.5565312495802972
a11,120,1,0,0.41360803514649574
a11,121,1,1,0.5058625503364504
a11,122,1,0,0.47876125822511917
a11,123,1,0,0.4996164257434929
a11,124,1,1,0.5813345351916179
a11,125,1,0,0.41443510169733205
a11,126,1,0,0.37089076589790093
a11,127,1,1,0.5626290274032066
a11,128,0,0,0.2739997272309683
a11,129,0,0,0.4419143077170795
a11,130,0,0,0.421382461873936
a11,131,0,0,0.3786085691679826
a11,132,0,1,0.7953662986788324
a11,133,0,0,0.25050820013696223
a11,134,0,0,0.42870092569990215
a11,135,0,0,0.4012365956991899
a11,136,0,0,0.36930328263193385
a11,137,0,0,0.426376527868471
a11,138,0,0,0.41433987164202407
a11,139,0,0,0.390787473433146
a11,140,0,0,0.36416174623667785
a11,141,0,0,0.4143364637143793
a11,142,0,0,0.37186398401420273
a11,143,0,0,0.3646923136631359
a11,144,0,0,0.3619848208050125
a11,145,0,0,0.3714239033389043
a11,146,0,0,0.4108587544974998
a11,147,0,0,0.35174603986278824
a11,148,0,0,0.3869804730844394
a11,149,0,0,0.3536485609807312
a11,150,0,0,0.38646674261101593
a11,151,0,0,0.4009341204130243
a11,152,0,0,0.4234670051772671
a11,153,0,0,0.4459067499145187
a11,154,0,0,0.3788894125792476
a11,155,0,0,0.38988901183278374
a11,156,0,0,0.3450820109909119
a11,157,0,0,0.3420732015637603
a11,158,0,0,0.42470903282768785
a11,159,0,0,0.37131486961754917
a11,160,0,0,0.3580710706280715
a11,161,0,0,0.3164468321120176
a11,162,0,0,0.3350499452196354
a11,163,0,0,0.32253597894038616
a11,164,0,0,0.3331974846434486
a11,165,0,0,0.3174002213536189
a11,166,0,0,0.3557792354630283
a11,167,0,0,0.33357478739084323
a11,168,0,0,0.4269530582393566
a11,169,0,1,0.5337794039933008
a11,170,0,0,0.35292454900695797
a11,171,0,0,0.3234563726740217
a11,172,0,0,0.4101777760390493
a11,173,0,0,0.36907881738507664
a11,174,0,0,0.27451996630051695
a11,175,0,0,0.4147243136380129
a11,176,0,0,0.3240031901397926
a11,177,0,0,0.3507329892978354
a11,178,0,0,0.3417225671692177
a11,179,0,0,0.3070635342299133
a11,180,0,0,0.3330577134445401
a11,181,0,0,0.34220596364103967
a11,182,0,0,0.29087620613450565
a11,183,0,0,0.3459053567533915
a11,184,0,0,0.3114600611491773
a11,185,0,0,0.36192915981676954
a11,186,0,0,0.2915180736322807
a11,187,0,0,0.31577359571211816
a11,188,0,0,0.4778475081186087
a11,189,1,0,0.25733324400851315
a11,190,1,1,0.5304926478426026
a11,191,1,0,0.3401513183322142
a11,192,1,0,0.4612500885225189
a11,193,1,0,0.3908893418448097
a11,194,1,0,0.31815884335376077
a11,195,1,0,0.42711203917881174
a11,196,1,0,0.424198164333466
a11,197,1,0,0.47904390632217514
a11,198,1,0,0.4463558246454291
a11,199,1,0,0.4343041180466892
a11,200,1,0,0.44804572033084866
a11,201,1,0,0.46094801809129626
a11,202,1,0,0.48030148471125544
a11,203,1,0,0.48560196956457957
a11,204,1,1,0.5381876488778864
a11,205,1,1,0.5263475897196289
a11,206,1,1,0.5154151476325267
a11,207,1,0,0.39010524811170266
a11,208,1,0,0.3907965388619016
a11,209,1,0,0.47043310491302476
a11,210,1,0,0.43241999103354634
a11,211,1,0,0.43915818378694116
a11,212,1,1,0.5689460185344191
a11,213,1,0,0.4485777512677519
a11,214,1,1,0.5017493150193384
a11,215,1,1,0.5193315737607535
a11,216,1,0,0.47865977952581956
a11,217,1,0,0.4757358847955794
a11,218,1,0,0.4815533052110576
a11,219,0,1,0.7193201540191575
a11,220,0,0,0.28880302147277664
a11,221,0,0,0.4278176383706659
a11,222,0,0,0.4166256639494442
a11,223,0,0,0.4612097316558571
a11,224,0,0,0.47596019943880585
a11,225,1,0,0.4550793123361728
a11,226,1,0,0.4800066589303671
a11,227,1,0,0.4830416693938525
a11,228,1,1,0.5285135806968366
a11,229,1,0,0.4464422483183965
a11,230,1,0,0.4710675620561097
a11,231,1,1,0.5444178578276984
a11,232,1,0,0.4349543057343545
a11,233,1,1,0.5410342338725225
a11,234,1,0,0.4606842109835654
a11,235,1,0,0.41756926983139947
a11,236,1,0,0.4801436901259859
a11,237,1,0,0.42447451842585376
a11,238,1,0,0.4836689217804965
a11,239,1,0,0.4461266726351497
a11,240,1,1,0.5373214133073412
a11,241,1,1,0.5855156724268855
a11,242,1,0,0.47452802401711136
a11,243,1,0,0.4999055004069629
a11,244,1,0,0.48926765665447663
a11,245,1,0,0.4812975031399317
a11,246,1,1,0.5274902098374521
a11,247,1,0,0.49964348099370237
a11,248,1,1,0.54846729928252
a11,249,1,1,0.5277361348024178
a11,250,1,0,0.4878050687636245
a11,251,1,1,0.5042092797244174
a11,252,1,1,0.555277396613179
a11,253,1,1,0.5598295665335346
a11,254,1,1,0.5146024831940369
a11,255,1,0,0.47989803354701355
a11,256,1,0,0.4721829035447563
a11,257,0,0,0.17684727585709417
a11,258,0,0,0.28562957100439457
a11,259,0,0,0.2719921570407582
a11,260,0,0,0.37245123275696307
a11,261,0,0,0.372642035966081
a11,262,0,0,0.38663267907619464
a11,263,0,0,0.44121439779296334
a11,264,0,0,0.39912136116384256
a11,265,0,0,0.3652075987334964
a11,266,0,0,0.40473225509477956
a11,267,0,0,0.3505620556083956
a11,268,0,0,0.3846629616701581
a11,269,0,0,0.41487598578160223
a11,270,0,0,0.38443417930257395
a11,271,0,0,0.3925448387443773
a11,272,0,0,0.4305874583839701
a11,273,0,0,0.40940448163942744
a11,274,0,0,0.40526424762523977
a11,275,0,0,0.3494318204350111
a11,276,0,0,0.46722752282677565
a11,277,0,0,0.47640285657503817
a11,278,0,0,0.3677037479664015
a11,279,0,0,0.3423437203803732
a11,280,0,0,0.3246029997662396
a11,281,0,0,0.39446152964552733
a11,282,0,0,0.3880625055199373
a11,283,0,0,0.35749415345503915
a11,284,0,0,0.37389130072120313
a11,285,0,0,0.4325535418079974
a11,286,0,0,0.334204755610742
a11,287,0,0,0.40240120499855575
a11,288,0,0,0.3807433200567499
a11,289,0,0,0.37670628218656843
a11,290,0,0,0.34534004072703384
a11,291,0,0,0.38165358612918937
a11,292,0,0,0.36029118414609407
a11,293,0,0,0.31340806359617995
a11,294,0,0,0.3556870954753084
a11,295,0,0,0.3345128248758919
a11,296,0,0,0.36313283099024074
a11,297,0,0,0.29133376440629544
a11,298,0,0,0.3392860144596905
a11,299,0,0,0.3709177750141169
a11,300,0,0,0.31983476057123744
a11,301,0,0,0.3230002803973238
a11,302,0,0,0.3960030580923075
a11,303,0,0,0.3299510842439087
a11,304,0,0,0.3204040204124768
a11,305,0,0,0.3269141800788078
a11,306,0,0,0.41946981555434965
a11,307,0,0,0.4431921673443819
a11,308,0,0,0.40525314222888803
a11,309,0,0,0.2805264777724753
a11,310,0,0,0.31495942858527787
a11,311,0,0,0.308618644426906
a11,312,0,0,0.46525775458442575
a11,313,0,0,0.3654134294711742
a11,314,0,0,0.37194031533995386
a11,315,0,0,0.3496480485282659
a11,316,0,0,0.3837401028543247
a11,317,0,0,0.4122605796337632
a11,318,0,0,0.33689975271141354
a11,319,0,0,0.4138458999610471
a11,320,0,0,0.26842639062058693
a11,321,0,0,0.3202378049878093
a11,322,0,0,0.3296093722229104
a11,323,0,1,0.5770604132651365
a11,324,0,1,0.746355397819557
a11,325,0,0,0.25010877449048835
a11,326,0,0,0.34368676817768196
a11,327,0,0,0.3192818131406092
a11,328,0,0,0.4624692213599096
a11,329,0,0,0.3050237416019264
a11,330,0,0,0.3244028222925115
a11,331,0,0,0.3289601250056278
a11,332,0,0,0.39284463864325364
a11,333,0,0,0.3374048596773916
a11,334,0,0,0.3235962565859109
a11,335,0,1,0.5521095707047513
a11,336,0,1,0.5482802815671552
a11,337,0,0,0.27279330509029986
a11,338,0,0,0.40693163939486526
a11,339,0,0,0.24122805868153985
a11,340,0,0,0.2628689968473879
a11,341,0,1,0.7242168914215522
a11,342,0,0,0.1808537737906492
a11,343,0,0,0.40417495012009524
a11,344,0,0,0.4354073468313367
a11,345,1,0,0.3449743828746213
a11,346,1,0,0.33861003602373885
a11,347,1,0,0.26023264722498446
a11,348,1,0,0.39705178467357044
a11,349,1,0,0.439973914777954
a11,350,1,0,0.3707245407676015
a11,351,1,0,0.34891879507920315
a11,352,1,0,0.38241205797602795
a11,353,1,0,0.35695072963591284
a11,354,1,0,0.4746295765141145
a11,355,1,0,0.4177256306940281
a11,356,1,0,0.44725475813412796
a11,357,1,0,0.43132501668524487
a11,358,1,0,0.3706113003948554
a11,359,1,0,0.4044296107604715
a11,360,1,0,0.4624802603131139
a11,361,1,0,0.383406601437535
a11,362,1,0,0.3260453047767652
a11,363,1,0,0.485959138536535
a11,364,1,0,0.46385620136318817
a11,365,1,1,0.5281600333222275
a11,366,1,0,0.4801808819809132
a11,367,1,1,0.5484991235675417
a11,368,1,0,0.4691559588401314
a11,369,1,1,0.5043661474253857
a11,370,1,0,0.4661405534745123
a11,371,1,0,0.4879918022878732
a11,372,1,1,0.7670296465795363
a11,373,1,0,0.46037275944075196
a11,374,1,0,0.46102637890583487
a11,375,1,1,0.5521286038629674
a11,376,1,0,0.4689473828711494
a11,377,1,0,0.4407843457996379
a11,378,1,0,0.41915597128132076
a11,379,1,0,0.47174948983260734
a11,380,1,1,0.5470457085654641
a11,381,1,1,0.5109819437669414
a11,382,1,1,0.6162625100921791
a11,383,1,0,0.4823532600775807
a11,384,1,1,0.5720233470252087
a11,385,1,0,0.4290037335224887
a11,386,1,0,0.43733498768338075
a11,387,1,0,0.45599645630171176
a11,388,1,1,0.5313690636185532
a11,389,1,1,0.5337859983364273
a11,390,1,0,0.4351968760361359
a11,391,1,0,0.4964174288059076
a11,392,1,1,0.5327185146399142
a11,393,1,1,0.5711386277891434
a11,394,1,0,0.49775597719720555
a11,395,1,1,0.5177198315610034
a11,396,1,0,0.4555301701026264
a11,397,1,0,0.49583391285995154
a11,398,1,1,0.5343948134653081
a11,399,1,1,0.5820339873187662
a11,400,1,1,0.6124733074090865
a11,401,1,1,0.5097585893060818
a11,402,1,1,0.5571418826259961
a11,403,1,1,0.5866702417957342
a11,404,1,0,0.4983669731782983
a11,405,1,1,0.5043061298818834
a11,406,1,1,0.520626370520057
a11,407,1,1,0.5418335978597232
a11,408,1,1,0.5081144661317888
a11,409,1,0,0.2657259355760305
a11,410,1,0,0.28511123735576144
a11,411,1,1,0.7742725872575584
a11,412,1,0,0.3190292743036594
a11,413,1,0,0.29883426979521205
a11,414,1,0,0.35181669772341717
a11,415,1,0,0.32053698101235273
a11,416,1,0,0.38934658659068405
a11,417,1,0,0.3542405046272664
a11,418,0,0,0.3088223770467164
a11,419,0,0,0.3738737771767463
a11,420,0,0,0.21813728513780045
a11,421,0,0,0.3092334079042158
a11,422,0,0,0.272549039829324
a11,423,0,0,0.2677599175106992
a11,424,0,0,0.29037566951915894
a11,425,0,0,0.3290041643409674
a11,426,1,0,0.322021057350673
a11,427,1,0,0.2470090066827915
a11,428,1,0,0.3189014454851781
a11,429,1,0,0.24106432367095948
a11,430,1,0,0.33117623877720287
a11,431,1,0,0.35091898237019714
a11,432,1,0,0.28869424617803235
a11,433,1,0,0.2672292878415654
a11,434,1,0,0.26715092514735483
a11,435,1,0,0.3586016796074645
a11,436,1,0,0.27695691845857173
a11,437,1,0,0.42975838515511927
a11,438,1,0,0.27428668177998183
a11,439,1,0,0.26419920944919517
a11,440,1,0,0.42206252332820954
a11,441,1,0,0.3146118311294728
a11,442,1,0,0.28894014838737825
a11,443,1,0,0.22067329448209877
a11,444,1,1,0.5245965209253101
a11,445,1,0,0.27458289820847265
a11,446,1,0,0.24672534966027462
a11,447,1,0,0.20578127051135858
a11,448,1,0,0.2521269869301882
a11,449,1,0,0.33084406785551973
a11,450,1,0,0.40576830689731214
a11,451,1,0,0.32052548803614905
a11,452,1,0,0.30900982168025704
a11,453,1,0,0.47698380620231234
a11,454,1,0,0.24175330991487318
a11,455,1,0,0.3208688476249778
a11,456,1,0,0.16249906948055937
a11,457,1,0,0.2748233590881589
a11,458,1,0,0.2786781728461817
a11,459,1,0,0.36921751116511975
a11,460,1,0,0.3696813744712112
a11,461,1,0,0.3604023258135805
a11,462,1,1,0.5142489248122628
a11,463,1,0,0.4475253802560846
a11,464,1,1,0.5223812751250646
a11,465,1,0,0.3244004065112262
a12,1,0,0,0.29960036749619956
a12,2,0,0,0.3199367118844976
a12,3,0,0,0.3208255640436174
a12,4,0,0,0.3469378073797121
a12,5,0,0,0.33289102905342755
a12,6,0,0,0.2921103188524386
a12,7,0,1,0.545090808678726
a12,8,0,0,0.3050239441652757
a12,9,0,0,0.3267563691172073
a12,10,0,0,0.36209152443307624
a12,11,0,0,0.23024518434180521
a12,12,0,0,0.4975239197081885
a12,13,0,1,0.7177407346854469
a12,14,0,0,0.3188973161221454
a12,15,0,0,0.38833887206439693
a12,16,0,0,0.47471088697622793
a12,17,0,0,0.4315223059420793
a12,18,0,1,0.5156063922126414
a12,19,1,0,0.4597692193325647
a12,20,1,0,0.4048130429143531
a12,21,1,0,0.4905023561514055
a12,22,1,0,0.41273503534953154
a12,23,1,0,0.4082273277120882
a12,24,1,0,0.4819794994479696
a12,25,1,0,0.4628910957814116
a12,26,1,0,0.4031062228623751
a12,27,1,0,0.24833413521600536
a12,28,1,0,0.3451041009360143
a12,29,1,0,0.4021411511887675
a12,30,1,0,0.4579521552811628
a12,31,1,0,0.2331976854515248
a12,32,1,0,0.19255165979169156
a12,33,1,0,0.32823671178146163
a12,34,1,0,0.3647213875114776
a12,35,1,0,0.37068813369956416
a12,36,1,0,0.2498972794424861
a12,37,1,0,0.228328626460339
a12,38,1,0,0.29347139381045684
a12,39,1,0,0.19986674521153275
a12,40,1,0,0.24259821651392097
a12,41,1,0,0.19851344719804248
a12,42,1,0,0.16024800079018517
a12,43,1,0,0.17046476890635692
a12,44,1,0,0.13585293680682736
a12,45,1,0,0.19334142501108015
a12,46,1,0,0.18350096571044483
a12,47,1,0,0.1828309405380015
a12,48,1,0,0.1747381354931251
a12,49,1,0,0.2077029524814298
a12,50,1,0,0.2757062726834205
a12,51,1,0,0.2260478148370115
a12,52,1,0,0.3700252607812393
a12,53,1,0,0.31457725786128227
a12,54,1,1,0.6258968256770059
a12,55,1,0,0.30245147026148744
a12,56,1,0,0.4397941647967832
a12,57,1,0,0.22549875063085342
a12,58,1,0,0.23519293193198568
a12,59,1,0,0.34367605277050584
a12,60,1,0,0.3904231848783875
a12,61,1,0,0.4504640249711806
a12,62,1,1,0.588600167587662
a12,63,1,1,0.5005624552254118
a12,64,1,1,0.5701431836663557
a12,65,1,0,0.4711632111332495
a12,66,1,1,0.5266903639221009
a12,67,1,1,0.5252097469799589
a12,68,1,0,0.4853699066646802
a12,69,1,1,0.6990568971514449
a12,70,1,1,0.6549560350557417
a12,71,1,1,0.5879737785044955
a12,72,1,0,0.3271674750153378
a12,73,1,1,0.6082165065218559
a12,74,1,1,0.5252258776316373
a12,75,1,0,0.47707652682973517
a12,76,1,1,0.5784888904050346
a12,77,1,1,0.5665534439861116
a12,78,1,1,0.6809436893057915
a12,79,1,1,0.5962564365661356
a12,80,1,1,0.7223637653869629
a12,81,1,1,0.6694607938370863
a12,82,1,1,0.7435583699344264
a12,83,1,0,0.4488312615200187
a12,84,1,1,0.6244471858577999
a12,85,1,1,0.6887138371544145
a12,86,1,1,0.7259768555151015
a12,87,1,1,0.648651928136518
a12,88,1,1,0.6168430909158693
a12,89,1,0,0.4374496859467355
a12,90,1,0,0.2948767475413968
a12,91,1,0,0.4593178697212297
a12,92,1,0,0.2325740828718639
a12,93,1,0,0.16598239612915594
a12,94,1,0,0.16411334597665045
a12,95,1,0,0.4031506213739495
a12,96,1,0,0.42448446523544714
a12,97,1,0,0.3066868433529173
a12,98,1,0,0.2782792584077789
a12,99,1,1,0.6479936966917756
a12,100,1,0,0.48269798532640557
a12,101,1,0,0.37818487231778314
a12,102,1,0,0.29494595849135224
a12,103,1,0,0.21755882673677984
a12,104,1,1,0.6869470276925682
a12,105,1,1,0.8544477671626703
a12,106,1,1,0.848966087572295
a12,107,1,1,0.7606376801295386
a12,108,1,1,0.8370761098526229
a12,109,1,1,0.8421038866403562
a12,110,1,1,0.7192677608332987
a12,111,1,1,0.7383534943625532
a12,112,1,1,0.7035424099979118
a12,113,1,1,0.7542446167835228
a12,114,1,0,0.3971970362839152
a12,115,1,1,0.6594851220368145
a12,116,1,1,0.7911657395707411
a12,117,1,0,0.43472650614805686
a12,118,1,0,0.45762220290433286
a12,119,1,0,0.20670705120101274
a12,120,1,0,0.12871700483664542
a12,121,1,0,0.16221876881910074
a12,122,1,0,0.24253980504747114
a12,123,1,0,0.26281319172016854
a12,124,1,0,0.41044723167800146
a12,125,1,0,0.2956083464240713
a12,126,1,0,0.2879887556190208
a12,127,1,0,0.16359248105716348
a12,128,1,0,0.15690515546537398
a12,129,1,0,0.27813939797376364
a12,130,1,0,0.1280920035702123
a12,131,1,0,0.25748014716631323
a12,132,1,0,0.3579833185957186
a12,133,1,0,0.4484203596304442
a12,134,1,1,0.5207171472831968
a12,135,1,0,0.23644163597643136
a12,136,1,0,0.15228592449130268
a12,137,1,0,0.14031365272004165
a12,138,1,0,0.2771646068032507
a12,139,1,0,0.20189193508212
a12,140,1,0,0.26116839688027943
a12,141,1,0,0.41243092573044415
a12,142,1,1,0.812114725115143
a12,143,1,1,0.8557677110935232
a12,144,1,1,0.8546029322953775
a12,145,1,1,0.8360122374847986
a12,146,1,1,0.6298870303873523
a12,147,1,0,0.42545192944305776
a12,148,1,0,0.4325134039673346
a12,149,1,1,0.5550756941788201
a12,150,1,0,0.40316314103530065
a12,151,1,0,0.32061317858134475
a12,152,1,0,0.13379765226507453
a12,153,1,0,0.21791848978150974
a12,154,1,1,0.5566752245987986
a12,155,1,0,0.25151074035516136
a12,156,1,0,0.2520686664277007
a12,157,1,0,0.4976163147726566
a12,158,1,0,0.17132629824953158
a12,159,1,0,0.26689331922219667
a12,160,1,0,0.18135266656480867
a12,161,1,0,0.12243317545569742
a12,162,1,0,0.15276078347465635
a12,163,1,1,0.7424262575253201
a12,164,1,1,0.7906243095969963
a12,165,1,0,0.29307716506512727
a12,166,1,0,0.48864352461909305
a12,167,1,0,0.15945433197339914
a12,168,1,0,0.3888630971611795
a12,169,1,0,0.19423776503878457
a12,170,1,0,0.29056461997767774
a12,171,1,1,0.5042776857979575
a12,172,1,0,0.16698120183036516
a12,173,1,0,0.288607982770911
a12,174,1,0,0.2837065008987744
a12,175,1,0,0.19433866523436744
a12,176,1,1,0.6262051576594757
a12,177,1,1,0.761682464374081
a12,178,1,1,0.8060853326405433
a12,179,1,1,0.689329920652157
a12,180,1,1,0.750552766119624
a12,181,1,1,0.7980383384171738
a12,182,1,1,0.8762861422772779
a12,183,1,1,0.7834703810170884
a12,184,1,1,0.8448413656456799
a12,185,1,0,0.3444736402036065
a12,186,1,0,0.14947561822282068
a12,187,1,0,0.4181197147784635
a12,188,1,0,0.45661498970165126
a12,189,1,0,0.48924440923399337
a12,190,1,1,0.782815715665927
a12,191,1,1,0.6376518175105559
a12,192,1,1,0.6701889916736622
a12,193,1,1,0.825723846863392
a12,194,1,1,0.7564970170758726
a12,195,1,1,0.7201333326201342
a12,196,1,1,0.6777045789337746
a12,197,1,1,0.7036735749982679
a12,198,1,1,0.7072049247791566
a12,199,1,0,0.23158348074780413
a12,200,1,0,0.39958422550261186
a12,201,1,0,0.13441573048135064
a12,202,1,0,0.4742655098784399
a12,203,1,1,0.5551291394103941
a12,204,1,1,0.5142213199747714
a12,205,1,0,0.21737123590344912
a12,206,1,1,0.5117288283898493
a12,207,1,1,0.7390601139654797
a12,208,1,1,0.7066420832992433
a12,209,1,1,0.7628032167423142
a12,210,1,1,0.8784670516023123
a12,211,1,1,0.7820564146653075
a12,212,1,1,0.8662744787700264
a12,213,1,1,0.9175427984597099
a12,214,1,1,0.7553188426106834
a12,215,0,0,0.18530106352904277
a12,216,0,0,0.4251944073958626
a12,217,0,0,0.3357410171438772
a12,218,0,1,0.530530275408026
a12,219,0,1,0.6246223259105544
a12,220,0,1,0.7453938881833803
a12,221,0,1,0.5369384359767396
a12,222,0,0,0.16026173045115436
a12,223,1,0,0.3381694487372233
a12,224,1,1,0.736995217277455
a12,225,1,1,0.6494094462731163
a12,226,1,1,0.8319214915611434
a12,227,1,0,0.22500947389212742
a12,228,1,1,0.7850665429980905
a12,229,1,1,0.7690067720457681
a12,230,1,1,0.8920128458406354
a12,231,1,1,0.8921718457134609
a12,232,1,1,0.9171936346062036
a12,233,1,1,0.8192727779049234
a12,234,1,1,0.6328553211460366
a12,235,1,1,0.6863150282115982
a12,236,1,1,0.7115267819935426
a12,237,1,1,0.644143807008206
a12,238,1,1,0.7931229515524311
a12,239,1,1,0.7815776609289753
a12,240,1,1,0.7428415476995941
a12,241,1,1,0.7699391405947366
a12,242,1,1,0.8092316583407623
a12,243,1,1,0.7613959209544019
a12,244,1,1,0.714266090686846
a12,245,1,1,0.7491488152787732
a12,246,1,1,0.9337257694027921
a12,247,1,1,0.7682781377648233
a12,248,1,1,0.7608499020450795
a12,249,1,0,0.4254764294549113
a12,250,1,1,0.8834669195232056
a12,251,1,1,0.7875084732003172
a12,252,1,1,0.7948977637296737
a12,253,1,1,0.6674738008593676
a12,254,1,1,0.6650484724170357
a12,255,1,1,0.8778957914924848
a12,256,1,1,0.7515439470903871
a12,257,1,1,0.6628105812689771
a12,258,1,1,0.8155802453689709
a12,259,1,1,0.841693472060226
a12,260,1,1,0.8566522162868607
a12,261,1,1,0.8173237622119743
a12,262,1,1,0.9164780071296056
a12,263,1,1,0.7282592106007414
a12,264,1,1,0.8258350112083742
a12,265,1,1,0.8821390200504919
a12,266,1,1,0.8311156466968339
a12,267,1,1,0.6345377946620897
a12,268,1,1,0.8495113217707944
a12,269,1,1,0.8713312176422369
a12,270,1,1,0.83263967380592
a12,271,1,1,0.8563073580406197
a12,272,1,1,0.8223200904544161
a12,273,1,1,0.9072835665001203
a12,274,1,1,0.6343992384077243
a12,275,1,1,0.8012103200926153
a12,276,1,1,0.8476176183377704
a12,277,1,1,0.6320778165329392
a12,278,1,1,0.8652260092639367
a12,279,1,1,0.6881786397384638
a12,280,1,1,0.8636529398639688
a12,281,1,1,0.6252193726757974
a12,282,1,1,0.8556430446065487
a12,283,1,1,0.8473612392900151
a12,284,1,1,0.803430732099556
a12,285,1,1,0.827686585601546
a12,286,1,1,0.6274786556038037
a12,287,1,1,0.5669255088213219
a12,288,1,1,0.7160857741248184
a12,289,1,1,0.7612877079091317
a12,290,1,1,0.7978905290228979
a12,291,1,1,0.769969645504572
a12,292,1,1,0.6577267421768779
a12,293,1,0,0.4876858932554763
a12,294,1,1,0.7801395370916897
a12,295,1,1,0.8876967163525279
a12,296,1,1,0.7386619135568505
a12,297,1,0,0.2843327697904005
a12,298,1,1,0.7002527462380262
a12,299,1,1,0.8134644872326211
a12,300,1,0,0.49574522395703535
a12,301,1,1,0.6999519274084084
a12,302,1,1,0.8327057461250581
a12,303,1,1,0.8225829744792749
a12,304,1,1,0.7914107980798218
a12,305,1,1,0.8530704459664848
a12,306,1,1,0.7145767511727005
a12,307,1,1,0.7126111676901834
a12,308,1,1,0.9054798647028413
a12,309,1,1,0.6668546564290693
a12,310,1,0,0.33883851232809653
a12,311,1,0,0.37051516942883433
a12,312,1,1,0.7493809407444824
a12,313,1,0,0.18067847938605078
a12,314,0,0,0.37814279404553053
a12,315,1,0,0.47178342950773566
a12,316,1,0,0.1636402542232296
a12,317,1,0,0.3036385632155706
a12,318,1,1,0.5090136647213601
a12,319,0,0,0.3030779124893995
a12,320,0,0,0.18501697084417176
a12,321,0,0,0.19606116126245837
a12,322,0,0,0.42916483447634457
a12,323,1,0,0.3943392510356419
a12,324,1,1,0.6973523930702847
a12,325,1,1,0.7038379269235815
a12,326,1,1,0.7433290557511529
a12,327,1,1,0.6988702345237472
a12,328,1,0,0.45473630852471864
a12,329,1,0,0.33712684280649996
a12,330,1,1,0.6724934455945987
a12,331,1,0,0.34970150027087166
a12,332,1,0,0.49163164784262237
a12,333,1,0,0.3958004416235319
a12,334,1,1,0.5345584819210598
a12,335,1,1,0.5182471344417949
a12,336,1,1,0.6009898503689359
a12,337,1,1,0.738180133373981
a12,338,1,1,0.8002262645840008
a12,339,1,0,0.4115690585100303
a12,340,1,0,0.31522080183747553
a12,341,1,1,0.737505725062803
a12,342,1,0,0.42639530358409067
a12,343,1,1,0.6843694478028332
a12,344,1,0,0.34948775555916683
a12,345,1,1,0.687155316947023
a12,346,1,1,0.7100809644259196
a12,347,1,1,0.5751756865951767
a12,348,1,0,0.22470258853897318
a12,349,1,1,0.6550002088631641
a12,350,1,0,0.13632727864367705
a12,351,1,0,0.29671729419462645
a12,352,1,1,0.8329940747711472
a12,353,1,0,0.43666177300296805
a12,354,1,0,0.3851390469915341
a12,355,1,0,0.3688392648110719
a12,356,1,0,0.21022780083733567
a12,357,1,1,0.5779191570968186
a12,358,1,0,0.3945536905823765
a12,359,1,0,0.3199344229361543
a12,360,1,1,0.6165925439773977
a12,361,1,0,0.43094823367002405
a12,362,1,1,0.6624812662207323
a12,363,1,1,0.6068926046984991
a12,364,1,1,0.551625940298819
a12,365,1,0,0.4452421573056251
a12,366,1,0,0.2974537589488097
a12,367,1,0,0.42806941241086877
a12,368,1,0,0.39080458991786976
a12,369,1,0,0.36233131940882346
a12,370,1,0,0.40532675672403684
a12,371,1,1,0.5772142096305451
a12,372,1,1,0.6848660313359497
a12,373,1,1,0.6573146326964459
a12,374,1,1,0.5267212747536147
a12,375,1,1,0.8965199328344868
a12,376,1,1,0.7701283122607028
a12,377,1,1,0.7561558492042483
a12,378,1,1,0.6523997268652952
a12,379,1,1,0.8444525780922045
a12,380,0,1,0.6946214349280746
a12,381,0,1,0.5483955332344997
a12,382,0,0,0.36088809069091665
a12,383,0,1,0.7297126431333524
a12,384,0,1,0.6679476458516056
a12,385,0,1,0.8442593904134232
a12,386,0,1,0.5457108306092611
a12,387,1,1,0.7354269767449533
a12,388,1,1,0.5809352104445047
a12,389,1,1,0.8605548484575296
a12,390,1,1,0.926573991190669
a12,391,1,1,0.8478335347736098
a12,392,1,1,0.846547411363919
a12,393,1,1,0.6060237175663704
a12,394,1,1,0.7749803463572817
a12,395,1,1,0.5688481021614562
a12,396,1,1,0.7420127069040199
a12,397,1,1,0.5052178116251459
a12,398,1,1,0.7741532863067864
a12,399,1,1,0.6371013671975687
a12,400,1,1,0.7485972032647508
a12,401,1,1,0.7091462436493255
a12,402,1,1,0.8143353093408285
a12,403,1,1,0.6029970595429647
a12,404,1,1,0.8581952425665021
a12,405,1,1,0.9262800523833707
a12,406,1,1,0.7272697766589312
a12,407,1,1,0.8538033253483256
a12,408,1,1,0.7084101790626881
a12,409,1,1,0.5736910739693154
a12,410,1,1,0.7561818253698127
a12,411,1,1,0.8806535696402227
a12,412,1,1,0.7972435296517303
a12,413,1,1,0.80662173039308
a12,414,1,1,0.6042409988971074
a12,415,1,1,0.7448715002736996
a12,416,1,1,0.7102383384362574
a12,417,1,1,0.7577213686912825
a12,418,1,1,0.8460826049131711
a12,419,1,1,0.5045489663527744
a12,420,1,0,0.45828386114463643
a12,421,1,1,0.6707767220728394
a12,422,1,1,0.6947980346671393
a12,423,1,1,0.7784612206913346
a12,424,1,1,0.6840119233925611
a12,425,1,1,0.6226609010299481
a12,426,1,1,0.6610907864578842
a12,427,1,1,0.8779775811626613
a12,428,1,1,0.8772620508129245
a12,429,1,1,0.829189795588384
a12,430,1,1,0.6182927580316127
a12,431,1,1,0.8993008791242876
a12,432,1,1,0.6423870980359743
a12,433,1,1,0.8829180362652467
a12,434,1,1,0.7600643062052636
a12,435,1,1,0.6472447190497911
a12,436,1,1,0.7662745471924512
a12,437,1,1,0.7279927173378706
a12,438,1,1,0.7937556373854291
a12,439,1,1,0.6247340986962635
a12,440,1,1,0.6047599198085075
a12,441,1,1,0.7105494569556932
a12,442,1,1,0.6245793203204167
a12,443,1,1,0.7100113428520637
a12,444,1,1,0.5587042041010755
a12,445,1,1,0.7008247590966608
a12,446,1,0,0.30376000026817096
a12,447,1,0,0.38596687570809535
a12,448,1,0,0.07973289836077849
a12,449,1,1,0.8551729448643075
a12,450,1,1,0.6019394293039284
a12,451,1,0,0.23445664017711643
a12,452,1,0,0.18078750202596722
a12,453,1,0,0.46816901907039743
a12,454,1,0,0.13361731360056792
a12,455,1,1,0.6124560344991827
a12,456,1,1,0.5107774857030338
a12,457,1,0,0.35084418659147937
a12,458,1,0,0.3021351525566429
a12,459,1,0,0.13486130903301954
a12,460,1,1,0.6077283792299694
a12,461,1,0,0.09193020376885208
a12,462,1,0,0.36396555144165155
a12,463,1,0,0.08705128391023684
a12,464,1,0,0.4868867464247308
a12,465,1,0,0.4060307845497256
a12,466,1,1,0.7245640258027745
a12,467,1,1,0.7723697632809469
a12,468,1,1,0.7430060927357937
a12,469,1,1,0.7561997002193453
a12,470,1,0,0.41199327215389997
a12,471,1,0,0.1598072524296699
a12,472,1,1,0.9074070685828399
a12,473,1,0,0.3396929689162699
a12,474,1,0,0.38977175940938663
a12,475,1,1,0.5524879877296317
a12,476,1,1,0.5842012770679375
a12,477,1,0,0.40841439466826995
a12,478,0,0,0.423649085638845
a12,479,0,0,0.25520770273185256
a12,480,1,0,0.31576730021308597
a12,481,1,1,0.9463450681358124
a12,482,1,1,0.7413157892865461
a12,483,1,1,0.7335901972723223
a12,484,1,1,0.8696714791297855
a12,485,1,1,0.8349597063789973
a12,486,0,1,0.6000827691069796
a12,487,0,0,0.17609484518805307
a12,488,1,1,0.5091652651859934
a12,489,1,0,0.4628047197697267
a12,490,1,1,0.6269161431341432
a12,491,1,0,0.4049225887370761
a12,492,1,0,0.4428125330101338
a12,493,1,0,0.4701742720351469
a12,494,1,0,0.4881886124662403
a12,495,1,0,0.37545641144508146
a12,496,1,0,0.4997141360439894
a12,497,1,0,0.4354684265552661
a12,498,1,1,0.5177190991840602
a12,499,1,1,0.5231734227824897
a12,500,1,0,0.455833174261794
a12,501,1,0,0.3067014524982107
a12,502,1,1,0.6605465743459288
a12,503,1,0,0.250840852616958
a12,504,1,0,0.4901228236186387
a12,505,1,1,0.6042259216483197
a12,506,1,1,0.5232112981350412
a12,507,1,0,0.3756493473191383
a12,508,1,0,0.258803556776695
a12,509,1,1,0.6111037034693149
a12,510,1,1,0.5346373725451657
a12,511,1,1,0.5658988101539109
a12,512,1,1,0.7668469104918023
a12,513,1,0,0.21354929412695084
a12,514,1,0,0.39647814590539154
a12,515,1,0,0.38203582468924546
a12,516,1,0,0.42766255993298874
a12,517,1,0,0.4489098472202693
a12,518,1,1,0.6225951681483316
a12,519,1,1,0.6295121226330965
a12,520,1,1,0.7833242488433758
a12,521,1,0,0.2212171707871655
a12,522,1,0,0.28477343251661874
a12,523,1,0,0.38498170690376904
a12,524,1,0,0.2520293024350873
a12,525,1,1,0.5254661628991018
a12,526,1,0,0.41168442730711513
a12,527,1,0,0.2754592831268561
a12,528,1,1,0.5497360723810791
a12,529,1,1,0.6962361253871692
a12,530,1,0,0.24972279603927366
a12,531,1,1,0.7946061555298765
a12,532,1,1,0.5037726702141795
a12,533,1,1,0.5703411456711294
a12,534,1,0,0.47416681132633653
a12,535,1,0,0.43982049196883516
a12,536,1,1,0.6279271710721163
a12,537,1,0,0.42020347952098336
a12,538,1,1,0.6116273079261088
a12,539,1,1,0.7056109652868595
a12,540,1,1,0.6540203146554637
a12,541,1,0,0.34898702749286814
a12,542,1,1,0.738210132507577
a12,543,1,1,0.8586254767342744
a12,544,1,1,0.8420517559501207
a12,545,1,1,0.6230275586696259
a12,546,1,1,0.6229450258089531
a12,547,1,1,0.8137602531857042
a12,548,1,0,0.2931590340540695
a12,549,1,1,0.5480731988367535
a12,550,1,0,0.35314781938306156
a12,551,1,1,0.619789198093124
a12,552,1,1,0.7760034459116212
a12,553,1,1,0.754017174009681
a12,554,1,1,0.7528021157500496
a12,555,1,0,0.17485955520298413
a12,556,1,1,0.7275557889590919
a12,557,1,0,0.2451964334171692
a12,558,1,1,0.6260547533783861
a12,559,1,0,0.30216844282624056
a12,560,1,0,0.19128543848128413
a12,561,1,0,0.3047857092893062
a12,562,1,0,0.4201818027397658
a12,563,1,1,0.5157126373788867
a12,564,1,0,0.32301956288387845
a12,565,1,0,0.4215193099040328
a12,566,1,0,0.4087131545446819
a12,567,1,0,0.23156695345640474
a12,568,1,0,0.3248725784138157
a12,569,1,1,0.852246037382462
a12,570,1,1,0.5998091937712984
a12,571,1,0,0.4458119832734703
a12,572,1,0,0.42493966755500606
a12,573,1,1,0.8111333150353457
a12,574,1,1,0.6498499657080721
a12,575,1,1,0.6107225469302586
a12,576,1,1,0.8901738493813913
a13,1,0,0,0.3182280870659252
a13,2,0,0,0.4267645523925382
a13,3,0,0,0.3077310800872019
a13,4,0,0,0.3423917163272146
a13,5,0,0,0.3218259669088606
a13,6,0,0,0.2797197863756398
a13,7,0,0,0.43377219288570323
a13,8,0,0,0.34915916426324833
a13,9,0,0,0.3651913486464615
a13,10,0,0,0.44231005085473185
a13,11,0,0,0.37227693547446167
a13,12,0,1,0.5100774627862485
a13,13,0,0,0.4400835862356252
a13,14,0,0,0.41106156087427803
a13,15,0,0,0.379698081726161
a13,16,0,0,0.4717118911819335
a13,17,0,0,0.19931590716832437
a13,18,0,0,0.4307998138236388
a13,19,0,1,0.526430459973789
a13,20,0,0,0.18892968356444154
a13,21,0,0,0.2548563471007735
a13,22,0,0,0.2517331085801574
a13,23,0,0,0.14092383834641412
a13,24,0,0,0.40781573995434783
a13,25,0,0,0.16485004631825384
a13,26,0,0,0.3860850173753306
a13,27,0,1,0.5358329714604944
a13,28,0,0,0.3709928496256304
a13,29,0,1,0.5290130750302114
a13,30,0,0,0.49183049023495845
a13,31,0,0,0.21992265548570103
a13,32,0,0,0.34690435490626786
a13,33,0,0,0.38712197733093945
a13,34,0,0,0.4411623938560644
a13,35,0,0,0.41073440448127796
a13,36,0,1,0.6057351973193931
a13,37,1,1,0.6141143162226422
a13,38,1,0,0.4725255949808496
a13,39,1,1,0.5561251028889268
a13,40,1,1,0.746106049420812
a13,41,1,1,0.7945727539822977
a13,42,1,1,0.7237301740166244
a13,43,1,1,0.7260880157297238
a13,44,1,1,0.6264526203655868
a13,45,1,1,0.5480938615557586
a13,46,1,1,0.5656682215018136
a13,47,1,1,0.7116090239331013
a13,48,1,1,0.7272175883239702
a13,49,1,1,0.8290190040412765
a13,50,1,1,0.7844067896381456
a13,51,1,1,0.716043749157622
a13,52,1,1,0.536098459184381
a13,53,1,1,0.8330832572533713
a13,54,1,1,0.7601612561626971
a13,55,1,1,0.7436301705635512
a13,56,1,1,0.7162272064086396
a13,57,1,1,0.522560828867548
a13,58,1,1,0.6460440660078922
a13,59,1,1,0.7211727304783251
a13,60,1,1,0.7283726689685345
a13,61,1,1,0.7229955434704023
a13,62,1,0,0.44378692757308336
a13,63,1,1,0.6603623802780167
a13,64,1,1,0.612835622291788
a13,65,1,1,0.7097486633736566
a13,66,0,0,0.36526720721463274
a13,67,0,0,0.20040659276951334
a13,68,0,0,0.23945696957216916
a13,69,0,0,0.24235070794148025
a13,70,1,0,0.27300205968672164
a13,71,1,0,0.4925196809074012
a13,72,1,0,0.44302815192272743
a13,73,1,1,0.5296523985408458
a13,74,0,0,0.3608177397903408
a13,75,0,0,0.32505238135726494
a13,76,0,0,0.2102091384249554
a13,77,0,0,0.22245778405598463
a13,78,0,0,0.21556992566753538
a13,79,0,0,0.24128020871155403
a13,80,0,0,0.19943553277754963
a13,81,0,0,0.20455164395189748
a13,82,0,0,0.22191495709314035
a13,83,0,0,0.25330140436226545
a13,84,0,0,0.22784029441853956
a13,85,0,0,0.1886847425802001
a13,86,0,0,0.1877514693867378
a13,87,0,0,0.19390846651367488
a13,88,0,0,0.18836838770441824
a13,89,0,0,0.16177158400822236
a13,90,0,0,0.1604072138719649
a13,91,0,0,0.1620882312189896
a13,92,0,0,0.17627379475850788
a13,93,0,0,0.1808623813282489
a13,94,0,0,0.17146042520921284
a13,95,0,0,0.1575561914610687
a13,96,0,0,0.16349106985312659
a13,97,0,0,0.18869447736738573
a13,98,0,0,0.15865985129844531
a13,99,0,0,0.16009928197098278
a13,100,0,0,0.17736072591952562
a13,101,0,0,0.144171373221429
a13,102,0,0,0.221183185727792
a13,103,0,0,0.17211994366459876
a13,104,0,0,0.1648160398052259
a13,105,0,0,0.19031802874226764
a13,106,0,0,0.18090887946639042
a13,107,0,0,0.17524141533977924
a13,108,0,0,0.1926835705543001
a13,109,0,0,0.18933207845975392
a13,110,0,0,0.2448688440382986
a13,111,0,0,0.19498043339441404
a13,112,0,0,0.17658729928734299
a13,113,0,0,0.3313641825643128
a13,114,0,0,0.38974163134125245
a13,115,1,0,0.367527645735141
a13,116,1,1,0.5020323517979112
a13,117,1,0,0.4586933084638483
a13,118,1,0,0.35815320097706826
a13,119,0,0,0.31576118706797307
a13,120,0,0,0.24421698381749932
a13,121,0,0,0.29917355602172274
a13,122,0,0,0.24173574645973497
a13,123,0,0,0.27118041699092277
a13,124,0,0,0.20318147418593943
a13,125,0,0,0.16108040674584087
a13,126,0,0,0.2065727436989993
a13,127,0,0,0.1807979414682187
a13,128,0,0,0.18536558817242255
a13,129,0,0,0.17343343839249659
a13,130,0,0,0.17548375137394615
a13,131,0,0,0.16595453171439048
a13,132,0,0,0.34898709575574965
a13,133,0,0,0.23298042664993893
a13,134,0,0,0.2298137666588872
a13,135,0,0,0.11978152488289402
a13,136,0,0,0.1671079447469491
a13,137,0,0,0.3576315194023018
a13,138,0,0,0.21975897348230214
a13,139,0,0,0.20823754418162113
a13,140,0,0,0.17902693213538298
a13,141,0,0,0.14522069838982507
a13,142,0,0,0.21017055086462286
a13,143,0,0,0.16064134229824187
a13,144,0,0,0.12224277190723742
a13,145,0,0,0.13447793853977
a13,146,0,0,0.1740015674387398
a13,147,0,0,0.17833535166319908
a13,148,0,0,0.2022722254885983
a13,149,0,0,0.26024633033305716
a13,150,0,0,0.2540159913628462
a13,151,1,0,0.47112751531863883
a13,152,1,1,0.6471402494975448
a13,153,1,1,0.588585939990943
a13,154,1,0,0.49392649908831926
a13,155,1,1,0.6719067028577371
a13,156,0,0,0.4484726646327425
a13,157,0,0,0.36650040718545224
a13,158,0,0,0.2733594462041033
a13,159,0,0,0.10891361717772295
a13,160,0,0,0.18589028696816304
a13,161,0,0,0.33669625303954875
a13,162,0,0,0.41165920496830805
a13,163,0,0,0.19655367163809626
a13,164,0,0,0.48272650777475407
a13,165,1,0,0.3863434530886717
a13,166,0,0,0.3485803878819529
a13,167,0,0,0.44795836500402497
a13,168,1,0,0.46976769030434495
a13,169,0,1,0.5271905154140899
a13,170,0,1,0.5341607771557048
a13,171,0,0,0.4954958008687789
a13,172,1,1,0.5555630215531013
a13,173,0,0,0.41658328098771347
a13,174,0,1,0.7041279556816338
a13,175,1,1,0.6602578054121545
a13,176,1,0,0.3122562077235035
a13,177,1,0,0.4276802641395682
a13,178,1,0,0.4961628253323378
a13,179,1,0,0.4945507475005639
a13,180,1,1,0.6701701469894642
a13,181,1,1,0.7248596231646875
a13,182,1,1,0.6837765623665943
a13,183,1,1,0.5953082525381332
a13,184,1,0,0.4418327116749827
a13,185,1,1,0.7316188351656475
a13,186,1,1,0.6796671238200235
a13,187,1,1,0.6783782080763154
a13,188,1,0,0.47957101001987396
a13,189,1,0,0.45207704069770405
a13,190,1,1,0.6443716122936284
a13,191,1,1,0.6310967015883961
a13,192,1,0,0.4885487543660778
a13,193,1,1,0.5907267377818785
a13,194,1,1,0.7400159490894229
a13,195,1,1,0.6290880664680092
a13,196,1,0,0.42543426810354534
a13,197,1,1,0.6658243399900988
a13,198,1,1,0.6266044209868621
a13,199,1,1,0.7198618019501081
a13,200,1,1,0.7175884539397916
a13,201,1,0,0.4133402278585585
a13,202,0,0,0.22414859880732754
a13,203,0,0,0.453313935124227
a13,204,0,1,0.5332908146558042
a13,205,1,0,0.4861850560433303
a13,206,1,1,0.6159770822855007
a13,207,1,1,0.5725371660524143
a13,208,1,1,0.7060656068195141
a13,209,1,1,0.6065157443976109
a13,210,1,1,0.6318364269256226
a13,211,1,0,0.3985489302382139
a13,212,1,1,0.6601912199893877
a13,213,1,1,0.5853345387904606
a13,214,1,1,0.695113773500193
a13,215,1,0,0.09274148228670118
a13,216,0,0,0.20163951911908978
a13,217,0,1,0.5820119642142288
a13,218,1,1,0.6092066262315526
a13,219,1,1,0.6285951784132948
a13,220,1,1,0.6628865837859873
a13,221,1,1,0.7185341648173628
a13,222,1,0,0.1994331732820471
a13,223,1,0,0.38250879013796035
a13,224,0,1,0.5504019736361341
a13,225,1,0,0.3688922033856096
a13,226,0,0,0.4415918832032318
a13,227,0,0,0.2998054626553028
a13,228,0,0,0.41796864731533023
a13,229,0,0,0.4100137620774997
a13,230,0,1,0.5091771353379386
a13,231,0,0,0.2175765377935587
a13,232,0,0,0.3256289483170856
a13,233,0,0,0.3475296859147654
a13,234,0,0,0.3445719772831479
a13,235,0,0,0.2826894851811099
a13,236,1,0,0.37387617790333455
a13,237,1,0,0.4127973404988886
a13,238,1,1,0.5502292657590188
a13,239,1,0,0.46207670379708793
a13,240,1,0,0.45234472345547116
a13,241,1,1,0.518074531488336
a13,242,1,0,0.4103388281697768
a13,243,0,0,0.38305214172182434
a13,244,0,0,0.45132854076062634
a13,245,0,0,0.32678188785051543
a13,246,0,0,0.3744701505031695
a13,247,0,0,0.48347762209924283
a13,248,0,0,0.37646236191126015
a13,249,0,0,0.43615856821672705
a13,250,1,1,0.681013952618758
a13,251,1,1,0.6255816961856367
a13,252,1,1,0.6030175606422744
a13,253,1,1,0.6493189316379688
a13,254,1,1,0.5624118884964064
a13,255,1,1,0.6628578210655073
a13,256,1,0,0.48540498661924225
a13,257,1,1,0.656288649700533
a13,258,1,1,0.5432951918996467
a13,259,1,1,0.6853453197355529
a13,260,1,1,0.5929521931366935
a13,261,0,1,0.669696923001608
a13,262,0,0,0.3626440544774424
a13,263,0,1,0.5761467057800339
a13,264,0,0,0.4878047543151064
a13,265,0,1,0.7568497429070876
a13,266,0,1,0.7020228279782774
a13,267,0,1,0.5710400201156519
a13,268,0,1,0.590654963289805
a13,269,1,1,0.7251114227804096
a13,270,1,1,0.6571703682208898
a13,271,1,1,0.5860574478453356
a13,272,1,1,0.5191816175424737
a13,273,1,1,0.7291187696449228
a13,274,1,1,0.7712570938129714
a13,275,1,1,0.8047850302150098
a13,276,1,1,0.6214572810561834
a13,277,1,1,0.8010726321029339
a13,278,1,1,0.6821942854994302
a13,279,1,1,0.7161661090065286
a13,280,1,1,0.6468290369735069
a13,281,1,1,0.5505363005553778
a13,282,1,1,0.7276009843546011
a13,283,1,1,0.6227646543609431
a13,284,1,1,0.8873287667801419
a13,285,1,1,0.7442291659676729
a13,286,1,1,0.6915668219782749
a13,287,1,1,0.7294826939847043
a13,288,1,0,0.49378667608976545
a13,289,0,1,0.7902755913476812
a13,290,1,1,0.6421471512945754
a13,291,1,1,0.5342919953460796
a13,292,1,1,0.8031164222385083
a13,293,1,1,0.6662160257903847
a13,294,1,1,0.571222564938074
a13,295,1,1,0.5986002248995697
a13,296,1,1,0.5281904359613055
a13,297,0,0,0.4874271920344202
a13,298,0,0,0.36245268024472815
a13,299,0,0,0.2840988901963507
a13,300,0,0,0.37750379626407277
a13,301,0,0,0.285645189726393
a13,302,0,0,0.4006265148926079
a13,303,0,0,0.37796852646508344
a13,304,0,0,0.2934140501373847
a13,305,0,0,0.32644628056017394
a13,306,0,0,0.44494059228769706
a13,307,0,0,0.2794481607034653
a13,308,0,0,0.315069923007196
a13,309,0,0,0.30676488402602836
a13,310,0,0,0.4930261974491283
a13,311,0,0,0.34010589431689237
a13,312,0,0,0.3187528231103133
a13,313,0,0,0.438282633148931
a13,314,0,0,0.3163082086013679
a13,315,0,0,0.41787070356665335
a13,316,0,0,0.29689277456000346
a13,317,0,0,0.21336320954652085
a13,318,0,0,0.14747841659576696
a13,319,0,0,0.277702890932813
a13,320,0,0,0.25658374086379454
a13,321,0,0,0.27978445808635427
a13,322,0,0,0.23079229424519837
a13,323,0,0,0.205766264014926
a13,324,0,0,0.3998902475659144
a13,325,0,0,0.32354004483971427
a13,326,1,1,0.5219301936959478
a13,327,1,1,0.5621872549002334
a13,328,1,1,0.6794792273762034
a13,329,1,1,0.6091908474092945
a13,330,1,1,0.51498084329948
a13,331,1,1,0.7363967397905627
a13,332,1,0,0.46562293136828464
a13,333,1,1,0.5376370303157803
a13,334,1,0,0.4780933961394268
a13,335,1,1,0.7296442044888702
a13,336,1,1,0.6203834729766189
a13,337,1,1,0.6589448680944581
a13,338,1,1,0.7168959700899519
a13,339,1,1,0.6910253395480485
a13,340,1,1,0.7549360480657181
a13,341,1,1,0.6389611144823791
a13,342,1,1,0.7089739159405777
a13,343,1,1,0.6987787923863855
a13,344,1,1,0.7034286907117807
a13,345,1,1,0.7055775975711053
a13,346,1,1,0.6455046587738748
a13,347,1,1,0.7729878502319859
a13,348,1,1,0.7121036847313912
a13,349,1,1,0.6123667642528671
a13,350,1,1,0.7671711622841435
a13,351,1,1,0.5177851979038982
a13,352,1,1,0.6203334053544332
a13,353,1,0,0.4687076253414608
a13,354,1,0,0.41424852388930633
a13,355,1,1,0.6887083197415207
a13,356,1,1,0.723090028270011
a13,357,1,1,0.7627421178714463
a13,358,1,1,0.7499139720662499
a13,359,1,1,0.6899364130545937
a13,360,1,1,0.6942717864378077
a13,361,1,1,0.7413327363864358
a13,362,1,1,0.8243422171082956
a13,363,1,0,0.4225642568911632
a13,364,1,1,0.7490228790699665
a13,365,1,1,0.7150676028929023
a13,366,1,1,0.7254100401582648
a13,367,1,1,0.8892954193776574
a13,368,1,1,0.7426194381074612
a13,369,1,1,0.7835589868073601
a13,370,1,1,0.6065588733525101
a13,371,1,1,0.7294763563837547
a13,372,1,1,0.6216752158438492
a13,373,1,1,0.5337468064853119
a13,374,1,1,0.6909812120818766
a13,375,1,1,0.8657334054707599
a13,376,1,0,0.49847402113251515
a13,377,1,1,0.6758311433885308
a13,378,1,1,0.6610675808345002
a13,379,1,1,0.6747370488747877
a13,380,1,1,0.6477031270744354
a13,381,1,1,0.6864063754536228
a13,382,1,1,0.7076525971289825
a13,383,1,1,0.6028397822445835
a13,384,1,1,0.6358786937425494
a13,385,1,1,0.5457994937048518
a13,386,1,1,0.6730314709521354
a13,387,1,1,0.6786009139382192
a13,388,1,1,0.5413263135988107
a13,389,1,1,0.7526936772736066
a13,390,1,1,0.6349320706505887
a13,391,1,1,0.7614718188669463
a13,392,1,1,0.7062115815444253
a13,393,1,1,0.523364489371995
a13,394,1,1,0.6876226907874115
a13,395,1,1,0.6970028819393395
a13,396,1,1,0.7212458363143458
a13,397,1,1,0.5257616913039903
a13,398,1,1,0.5867301968935441
a13,399,1,1,0.7018208695467522
a13,400,1,1,0.6324795446240239
a13,401,1,1,0.5083508337753385
a13,402,0,0,0.49235653846049865
a13,403,1,1,0.7526036204227885
a13,404,1,1,0.6122993267147752
a13,405,1,0,0.3808045975198714
a13,406,1,1,0.6796955745878576
a13,407,0,0,0.40094860127963544
a13,408,0,0,0.3870339850394566
a13,409,0,0,0.30134211935467237
a13,410,0,0,0.46066123966312084
a13,411,0,0,0.38388288393772146
a13,412,0,0,0.4526772390353912
a13,413,0,0,0.28003604286580425
a13,414,0,0,0.40952172971028733
a13,415,0,0,0.4436954433890399
a13,416,0,0,0.4238660499531409
a13,417,0,0,0.3948085884206605
a13,418,0,0,0.38129337609404806
a13,419,0,0,0.3040233444529067
a13,420,0,0,0.3943094832949452
a13,421,0,0,0.2352494080854961
a13,422,0,0,0.2736220068369919
a13,423,0,0,0.3823611162547046
a13,424,0,0,0.41426696318404405
a13,425,1,0,0.16652244690202458
a13,426,1,1,0.5898154490702258
a13,427,1,0,0.43576140473837205
a13,428,1,1,0.5717850485397383
a13,429,1,1,0.5339247354219535
a13,430,1,1,0.607106175362345
a13,431,1,1,0.5239923719227874
a13,432,1,1,0.6724038398818278
a13,433,1,1,0.5368135852092913
a13,434,1,1,0.7176449255117008
a13,435,1,1,0.720223637264898
a13,436,1,1,0.5103014361727879
a13,437,1,1,0.514445491809767
a13,438,1,0,0.4778937068391329
a13,439,1,1,0.5001792577760871
a13,440,1,1,0.570109354190801
a13,441,1,1,0.59740249394203
a13,442,1,1,0.6469122147280646
a13,443,1,1,0.6327417765562222
a13,444,1,1,0.6463382327959363
a13,445,0,0,0.10601041378313285
a13,446,0,0,0.2622745781605463
a13,447,0,0,0.34856885007709304
a13,448,0,0,0.45943475014632174
a13,449,0,0,0.355038974589394
a13,450,0,1,0.5375163728203173
a13,451,0,0,0.4214271740794806
a13,452,0,0,0.31754289005364567
a13,453,0,0,0.2109739690890997
a13,454,0,0,0.30824452541900704
a13,455,0,0,0.3231853645459688
a13,456,0,0,0.30718093235118193
a13,457,0,0,0.2893029335309102
a13,458,0,0,0.29386895535873064
a13,459,0,0,0.2766016300993396
a13,460,0,0,0.29556237448158507
a13,461,0,1,0.6387067371328056
a13,462,0,0,0.35674655092929686
a13,463,0,0,0.33754010432559167
a13,464,0,0,0.2715226711335092
a13,465,0,0,0.303711781837297
a13,466,0,0,0.268386656597997
a13,467,0,0,0.28356872425135193
a13,468,0,0,0.28323239581289045
a13,469,0,0,0.2542500796893276
a13,470,0,0,0.2611993987066361
a13,471,0,0,0.3734471782940332
a13,472,0,0,0.2633813557942527
a13,473,0,0,0.3286569836464467
a13,474,0,0,0.2878868828175589
a13,475,0,0,0.27248427236548006
a13,476,0,0,0.37845265785576365
a13,477,0,0,0.30025048095384016
a13,478,0,0,0.29400953361619675
a13,479,0,0,0.29651864040454623
a13,480,0,0,0.2885686104251094
a13,481,0,0,0.15734667892198864
a13,482,0,0,0.29623102089188347
a13,483,0,0,0.3130513886595923
a13,484,0,0,0.2872575183866173
a13,485,1,0,0.38370772577844425
a13,486,0,0,0.39434963330258305
a13,487,1,0,0.4058936355518619
a13,488,1,0,0.39164293672001926
a13,489,1,1,0.5196784835051488
a13,490,1,0,0.43558439195182097
a13,491,1,1,0.5426913491479434
a13,492,1,0,0.46858919868865195
a13,493,1,0,0.28775555861952146
a13,494,1,0,0.2874562238153997
a14,1,0,0,0.2649377706288888
a14,2,0,0,0.30365306364676437
a14,3,0,1,0.7340043317426891
a14,4,0,0,0.45555081015811666
a14,5,0,1,0.5830132321488319
a14,6,0,0,0.3546464772414149
a14,7,0,1,0.61341179833881
a14,8,0,1,0.5003893352952256
a14,9,0,1,0.8804719535800847
a14,10,0,0,0.06348801582186289
a14,11,0,1,0.8736700281772984
a14,12,0,1,0.6743771499860982
a14,13,0,0,0.09217633199111845
a14,14,0,0,0.37826341109333644
a14,15,1,0,0.15602749479299943
a14,16,1,0,0.14605976219402117
a14,17,1,0,0.33193136189256783
a14,18,1,0,0.3087232199737174
a14,19,1,0,0.06864789666450856
a14,20,1,1,0.5113090884510981
a14,21,1,0,0.2544958309296188
a14,22,1,0,0.1529458030703035
a14,23,1,0,0.04052275686498553
a14,24,1,0,0.08529169867000953
a14,25,1,0,0.11154185667930429
a14,26,1,0,0.05755620149041461
a14,27,1,0,0.045667599362629416
a14,28,1,0,0.08604010667922177
a14,29,1,0,0.056198551180960746
a14,30,1,0,0.06333458878648243
a14,31,1,0,0.07491940591167615
a14,32,1,0,0.0826957246310267
a14,33,1,0,0.1409621248089775
a14,34,1,0,0.11425970337119948
a14,35,1,0,0.05333254284343608
a14,36,1,0,0.19055669186884155
a14,37,1,0,0.09400821759323123
a14,38,1,0,0.04378521372599691
a14,39,1,0,0.11094935690489188
a14,40,1,0,0.16371312749159092
a14,41,1,1,0.639009859080857
a14,42,1,0,0.43072335941294304
a14,43,1,0,0.2714496110301505
a14,44,1,0,0.04362816903872529
a14,45,1,0,0.11662117021214988
a14,46,1,0,0.17611409882174767
a14,47,1,0,0.03646190397505383
a14,48,1,0,0.09264127701224303
a14,49,1,0,0.07875504840179137
a14,50,1,0,0.11186864204389266
a14,51,1,0,0.15526735599381103
a14,52,1,0,0.10996255160047774
a14,53,1,0,0.031950853661676465
a14,54,1,0,0.039092436947863664
a14,55,1,0,0.4029731225837308
a14,56,1,0,0.12373187922767702
a14,57,1,0,0.17937932675473067
a14,58,1,0,0.026219439744759033
a14,59,1,0,0.1386542225384039
a14,60,1,0,0.33769592550432775
a14,61,1,0,0.4763657356520507
a14,62,1,0,0.02942678065747969
a14,63,1,0,0.05924189655659665
a14,64,1,1,0.8445135235297311
a14,65,1,0,0.09595620045490641
a14,66,1,0,0.2834404461455273
a14,67,1,1,0.520863942516321
a14,68,1,0,0.07422341622760217
a14,69,1,1,0.6340122910202506
a14,70,1,0,0.19277319950557836
a14,71,1,1,0.9339001760526818
a14,72,1,0,0.01902565991734976
a14,73,1,1,0.7806147738806295
a14,74,1,0,0.2588876045685818
a14,75,1,1,0.78252015402613
a14,76,1,1,0.5352582190382003
a14,77,1,1,0.7841624434160478
a14,78,1,1,0.9197079114944747
a14,79,1,0,0.3740515645039566
a14,80,1,0,0.1473195095842675
a14,81,1,0,0.28121158597653445
a14,82,1,0,0.3010662810787045
a14,83,1,1,0.6608144135613776
a14,84,1,0,0.3540715680942453
a14,85,1,1,0.8117354214731991
a14,86,1,1,0.8695388414345583
a14,87,1,0,0.440148878592192
a14,88,1,1,0.8862874102477
a14,89,1,1,0.8328334850392041
a14,90,1,0,0.11627914155639109
a14,91,1,0,0.3001200010449664
a14,92,1,1,0.5095887325954205
a14,93,1,0,0.38583825837339725
a14,94,1,0,0.4194089192796134
a14,95,1,0,0.29624772480678435
a14,96,1,1,0.6543173247802311
a14,97,1,1,0.6597375711747142
a14,98,1,0,0.02293373401221045
a14,99,1,1,0.9137717088327936
a14,100,1,1,0.5800318899626975
a14,101,1,0,0.10849600569779315
a14,102,1,1,0.8486311652822998
a14,103,1,1,0.8164559863740939
a14,104,1,1,0.8869778082109949
a14,105,0,1,0.7041521035259968
a14,106,0,0,0.03761583148494558
a14,107,1,0,0.061307910648294224
a14,108,1,0,0.13385855124670193
a14,109,1,0,0.1395175535481701
a14,110,1,0,0.3490678741827723
a14,111,1,0,0.1753547449908443
a14,112,1,0,0.19248864506212024
a14,113,1,1,0.522806335278673
a14,114,1,0,0.1645779139105142
a14,115,1,0,0.2272384164977865
a14,116,1,0,0.18417476768170568
a14,117,1,0,0.2170056989492129
a14,118,1,0,0.3026353332938319
a14,119,1,0,0.14293587500683758
a14,120,1,0,0.46686085316116893
a14,121,1,0,0.26652035104748745
a14,122,1,0,0.37125701888812734
a14,123,1,0,0.3441817877763448
a14,124,1,0,0.24206036001947517
a14,125,1,1,0.5397721219783448
a14,126,1,0,0.33512518984917034
a14,127,1,0,0.253966688883798
a14,128,1,0,0.48375384180629266
a14,129,1,0,0.3008860440221106
a14,130,1,0,0.35081155975507866
a14,131,1,0,0.4993910916441468
a14,132,1,0,0.48702373081333455
a14,133,1,0,0.3899306705160791
a14,134,1,0,0.33003936507807025
a14,135,1,0,0.23114341071819305
a14,136,1,0,0.47149146787558827
a14,137,1,0,0.23460429789644802
a14,138,1,1,0.5688270246686243
a14,139,1,0,0.11795858482541671
a14,140,1,0,0.4967207496090717
a14,141,1,0,0.1572716054792465
a14,142,1,1,0.81781645418536
a14,143,1,0,0.08811092390604602
a14,144,1,1,0.7099157103800326
a14,145,1,1,0.5620779039109086
a14,146,1,1,0.7730120128591599
a14,147,1,1,0.7292842068050788
a14,148,1,0,0.34607317470781856
a14,149,1,0,0.4148023456602072
a14,150,1,0,0.47535036083558374
a14,151,1,1,0.5411412067277533
a14,152,1,0,0.15877843817114712
a14,153,1,1,0.5157429356270028
a14,154,1,1,0.5286410479546549
a14,155,1,1,0.544476262932534
a14,156,1,1,0.6267535447915666
a14,157,1,0,0.38754044673581767
a14,158,1,1,0.6022355801945262
a14,159,1,1,0.640398937059501
a14,160,1,0,0.32702696981342544
a14,161,1,0,0.3475416795050261
a14,162,1,1,0.9161914352133298
a14,163,1,0,0.21863962046263594
a14,164,1,1,0.7638210546641462
a14,165,1,0,0.21276894050898662
a14,166,1,0,0.2937306882965135
a14,167,1,1,0.6283756525598304
a14,168,1,1,0.8894801671364801
a14,169,1,1,0.7350507351905793
a14,170,1,1,0.7151376927145441
a14,171,1,1,0.5857601199693746
a14,172,1,1,0.6702540177427281
a14,173,1,1,0.6273025176898948
a14,174,1,1,0.9006344731062366
a14,175,1,1,0.6222111210028711
a14,176,1,1,0.5698421800673275
a14,177,1,1,0.6818007042219985
a14,178,1,0,0.3084741473982088
a14,179,1,1,0.6478644108627357
a14,180,1,1,0.8177467852240817
a14,181,1,0,0.3246383782899481
a14,182,1,0,0.4588846674328827
a14,183,1,0,0.4167210961443299
a14,184,1,0,0.4882938229441849
a14,185,1,0,0.2849850896298959
a14,186,1,1,0.5502113053336694
a14,187,1,1,0.9069723093591663
a14,188,1,0,0.1986873215498255
a14,189,1,1,0.636245014667342
a14,190,1,0,0.11724561725615701
a14,191,1,0,0.24059101567843805
a14,192,1,0,0.3717043400111264
a14,193,1,1,0.5929198781062538
a14,194,1,0,0.46104955538437037
a14,195,1,0,0.4038274731482732
a14,196,1,0,0.05050826616733316
a14,197,1,1,0.7258601218550973
a14,198,1,0,0.3739097046168235
a14,199,1,1,0.5773835194350071
a14,200,1,1,0.8418935319136993
a14,201,1,0,0.007529203390228642
a14,202,1,1,0.7059827645903312
a14,203,1,1,0.8559782495521885
a14,204,1,0,0.3592467195597199
a14,205,1,0,0.10981387539523062
a14,206,1,1,0.5242346836116467
a14,207,1,1,0.9895748446331561
a14,208,1,1,0.7680032208532128
a14,209,1,0,0.13752578242126398
a14,210,1,1,0.7431118017346059
a14,211,1,0,0.29943927347019816
a14,212,1,1,0.6745609157911091
a14,213,1,0,0.47039654485375304
a14,214,1,0,0.26794193400601934
a14,215,1,0,0.36797124451406477
a14,216,1,1,0.9457783686101718
a14,217,1,1,0.9496777236205916
a14,218,1,1,0.7831259195342606
a14,219,1,1,0.8853752862269939
a14,220,1,0,0.44333425470481286
a14,221,1,0,0.4703097142023668
a14,222,1,1,0.717618045225093
a14,223,1,0,0.2710351250633808
a14,224,1,1,0.8233843198620997
a14,225,1,0,0.2685955683753316
a14,226,1,1,0.563644076464717
a14,227,1,0,0.27668745554466745
a14,228,1,1,0.5307513079897899
a14,229,1,1,0.7310901324733051
a14,230,1,0,0.4782960953553176
a14,231,1,1,0.7087398978586505
a14,232,1,1,0.851799301763877
a14,233,1,0,0.4973390970042347
a14,234,1,1,0.5401481414243767
a14,235,1,0,0.4581924328079323
a14,236,1,1,0.5155062705352592
a14,237,1,1,0.6071624761581109
a14,238,1,0,0.34670219047283646
a14,239,1,1,0.6263391349859073
a14,240,1,1,0.6796678764307421
a14,241,1,1,0.9313982217861162
a14,242,1,0,0.3924838332154495
a14,243,1,0,0.48586447227542606
a14,244,1,1,0.5894388242821235
a14,245,1,0,0.459989702855132
a14,246,1,1,0.6063228091692242
a14,247,1,1,0.7234234754094618
a14,248,1,0,0.4624463978436303
a14,249,1,0,0.34306347686869854
a14,250,1,0,0.4377955620923687
a14,251,1,1,0.6108338202836742
a14,252,1,0,0.436621077070731
a14,253,1,1,0.7300960342443079
a14,254,1,1,0.6483800095158211
a14,255,1,0,0.17505090693116906
a14,256,1,0,0.2778133449811093
a14,257,1,0,0.4620784194729427
a14,258,1,1,0.6417013730280005
a14,259,1,0,0.4719493991667059
a14,260,1,1,0.9180035274864148
a14,261,1,0,0.27758346866208067
a14,262,1,0,0.4217908236082862
a14,263,1,1,0.6954658692723008
a14,264,1,1,0.5900852154090168
a14,265,1,0,0.43487264486690386
a14,266,1,0,0.27333536493142446
a14,267,1,0,0.3516874819538291
a14,268,1,1,0.6205600532724892
a14,269,1,1,0.5153096083217195
a14,270,1,1,0.5314489157749944
a14,271,1,0,0.4700653631856401
a14,272,1,0,0.47689136233593826
a14,273,1,0,0.4416000000912206
a14,274,1,1,0.8444081674474903
a14,275,1,0,0.48698342508515197
a14,276,1,1,0.8619658579047921
a14,277,1,0,0.43187856113637146
a14,278,1,0,0.288924082967447
a14,279,1,0,0.411472824460952
a14,280,1,1,0.5814152924959256
a14,281,1,1,0.9339238671112452
a14,282,1,0,0.2407176817201375
a14,283,1,1,0.7077876815239791
a14,284,1,1,0.5104530106092536
a14,285,1,0,0.374318781311785
a14,286,1,1,0.5477917464538831
a14,287,1,0,0.35504287079669616
a14,288,1,1,0.6884026581068832
a14,289,1,0,0.1561456110613912
a14,290,1,1,0.5809737140517421
a14,291,1,1,0.7022013433506347
a14,292,1,0,0.37092064814132214
a14,293,1,0,0.4249017589016362
a14,294,1,1,0.7232724350683867
a14,295,1,1,0.7947519220594043
a14,296,1,0,0.3351794247850798
a14,297,1,1,0.5639422830303119
a14,298,1,1,0.6631408824250101
a14,299,1,0,0.382998863713311
a14,300,1,1,0.6244550145210447
a14,301,1,1,0.6146837192358142
a14,302,1,0,0.44018253217649334
a14,303,1,1,0.5330612496128432
a14,304,1,0,0.14779915800750962
a14,305,1,1,0.6710588777353089
a14,306,1,1,0.7462892926956919
a14,307,1,1,0.5724688800277501
a14,308,1,0,0.3357739073120949
a14,309,1,1,0.5373322340130904
a14,310,1,1,0.715120086635639
a14,311,1,1,0.8608686229329772
a14,312,1,1,0.580070406479226
a14,313,1,1,0.6668645369963938
a14,314,1,1,0.6384804139583267
a14,315,1,1,0.6986485769152173
a14,316,1,1,0.6845182494510488
a14,317,1,1,0.7416930889416439
a14,318,1,1,0.9186162305850923
a14,319,1,1,0.6832551939895327
a14,320,1,1,0.852927761479335
a14,321,1,1,0.7484679354703804
a14,322,1,1,0.9894687527357013
a14,323,1,0,0.4991418839257993
a14,324,1,0,0.4743039898923646
a14,325,1,1,0.6344126572565486
a14,326,1,1,0.910277805259869
a14,327,1,1,0.9934349515586194
a14,328,1,1,0.9351869683002303
a14,329,1,1,0.7676820770424561
a14,330,0,1,0.7775223475202769
a14,331,0,0,0.3038448795054195
a14,332,0,0,0.3714838368654245
a14,333,0,0,0.43173333869153024
a14,334,0,0,0.4011551625765517
a14,335,0,1,0.6223174358403101
a14,336,0,0,0.4989648380430898
a14,337,0,1,0.794914917572812
a14,338,0,0,0.46373189331337994
a14,339,0,1,0.6274987877289957
a14,340,0,1,0.685877502071745
a14,341,0,0,0.37560482841350235
a14,342,0,1,0.6430418680583845
a14,343,0,1,0.5696835176553533
a14,344,0,1,0.6794808401795592
a14,345,0,0,0.49418503182241275
a14,346,0,0,0.3229070372835677
a14,347,0,1,0.5674364526743494
a14,348,0,1,0.8573071487108344
a14,349,0,1,0.5755707085579381
a14,350,0,1,0.7275210912438328
a14,351,0,1,0.6716028431516765
a14,352,0,1,0.571658303057455
a14,353,0,0,0.4786809766689732
a14,354,0,1,0.6504305966870448
a14,355,0,1,0.5885723024599906
a14,356,0,0,0.34196910320158064
a14,357,0,1,0.8260544084595965
a14,358,0,0,0.2826265842811918
a14,359,0,1,0.7065711123685408
a14,360,0,1,0.5464233773890118
a14,361,0,1,0.5403895490570975
a14,362,0,1,0.5061733787654993
a14,363,0,1,0.7007938857917426
a14,364,0,1,0.6189684370152398
a14,365,0,0,0.47664781347897744
a14,366,0,1,0.6920313505163194
a14,367,1,1,0.5576358407972652
a14,368,1,1,0.7336944932402962
a14,369,1,1,0.7093441917089439
a14,370,1,0,0.49782336711476277
a14,371,0,1,0.7194614649419304
a14,372,0,1,0.5346612941077152
a14,373,0,1,0.8404800894872104
a14,374,1,0,0.33449723118331753
a14,375,1,0,0.479683689536362
a14,376,1,0,0.4374506133639044
a14,377,1,1,0.7135074621766021
a14,378,1,1,0.9597690490678474
a14,379,0,0,0.3726542947997854
a14,380,0,1,0.8646132493861147
a14,381,1,0,0.12436183826249358
a14,382,1,0,0.22316580538122682
a14,383,1,0,0.1816385791929811
a14,384,1,0,0.20061277913745715
a14,385,1,0,0.07500768476425977
a14,386,1,0,0.36343160919250356
a14,387,1,0,0.28746216692741977
a14,388,1,0,0.0829041989319202
a14,389,1,0,0.45885612782698115
a14,390,1,1,0.5392905885813137
a14,391,1,0,0.13648813281294164
a14,392,1,0,0.2921196893334138
a14,393,1,0,0.378290811134511
a14,394,1,0,0.15198424923952877
a14,395,0,0,0.19599763621551186
a14,396,0,0,0.060458438319266915
a14,397,0,0,0.19789404192571203
a14,398,0,0,0.1372381336645483
a14,399,0,0,0.05785295793480716
a14,400,0,0,0.13782314766230155
a14,401,0,0,0.0626378724849908
a14,402,0,0,0.16853660588352692
a14,403,0,0,0.060093236975208165
a14,404,0,0,0.18784972033258357
a14,405,0,0,0.09834306033172333
a14,406,0,0,0.07220815930372002
a14,407,0,0,0.06481113635129
a14,408,0,0,0.09366440539229073
a14,409,0,0,0.20567989875188725
a14,410,0,0,0.07104066625793783
a14,411,0,0,0.08648056839504527
a14,412,0,1,0.8111596613130865
a14,413,1,0,0.10306094295023738
a14,414,1,0,0.2331760785022047
a14,415,1,1,0.6176457506856144
a14,416,1,0,0.046887830680403364
a14,417,1,0,0.42521709296682947
a14,418,1,0,0.4991149588969964
a14,419,1,0,0.2926794631408642
a14,420,0,0,0.11274319026680064
a14,421,0,0,0.046761264546025604
a14,422,0,0,0.07493888843360413
a14,423,0,0,0.13112580668737217
a14,424,0,0,0.07764983557122572
a14,425,0,0,0.08886456561735483
a14,426,0,0,0.10064932977712224
a14,427,0,0,0.08642207990128044
a14,428,0,1,0.9359626068680098
a14,429,1,1,0.8966592939198058
a14,430,1,0,0.30014397091665507
a14,431,1,0,0.3756169311173163
a14,432,1,0,0.41415134047340696
a14,433,1,0,0.350104521228817
a14,434,1,1,0.5183380688440435
a14,435,1,1,0.8694043878451557
a14,436,1,0,0.41586662945871034
a14,437,1,1,0.811416753106341
a14,438,1,1,0.9540117888233883
a14,439,1,0,0.10210895408528753
a14,440,1,1,0.5836686950441995
a14,441,1,1,0.9076141640702788
a14,442,1,1,0.932124621770855
a14,443,1,1,0.5566706670453583
a14,444,1,1,0.8812012500221111
a14,445,1,0,0.14075428725667238
a14,446,1,1,0.929390293673551
a14,447,1,0,0.39074052642602924
a14,448,1,0,0.08533779970784955
a14,449,0,0,0.01780967672931942
a14,450,0,0,0.04007319384848104
a14,451,0,1,0.8310917098251526
a14,452,1,1,0.9283844925409529
a14,453,1,1,0.5391505404299632
a14,454,1,1,0.8504361548816105
a14,455,1,1,0.7424771889341237
a14,456,1,0,0.08306592202161046
a14,457,1,1,0.7462502730339392
a14,458,1,0,0.14229676056871904
a14,459,1,1,0.9674929436801092
a14,460,1,1,0.7594380237340632
a14,461,1,0,0.015839088744015406
a14,462,1,1,0.9556173690362343
a14,463,1,0,0.32185045712069804
a14,464,1,1,0.7493306672577984
a14,465,1,0,0.1388051501687731
a14,466,1,0,0.3160453182656375
a14,467,1,1,0.8760828776945753
a14,468,1,0,0.47481150865726846
a14,469,1,1,0.5989212449803591
a14,470,1,1,0.5680254807361785
a14,471,1,0,0.2167921919469301
a14,472,0,1,0.732169601851575
a14,473,0,1,0.5849341917909922
a14,474,0,1,0.6476209063245619
a14,475,0,1,0.7317011841650033
a14,476,0,1,0.9109349617641654
a14,477,0,0,0.16403121119174313
a14,478,0,1,0.806730845030645
a14,479,0,0,0.19297473825925776
a14,480,0,0,0.15168820640829106
a14,481,0,0,0.12747919333934715
a14,482,0,0,0.18783718076077277
a14,483,0,0,0.1716326234132816
a14,484,0,0,0.16060370165606663
a14,485,0,0,0.4157761102274232
a14,486,0,0,0.3153060688233024
a14,487,0,0,0.16302760523165244
a14,488,0,0,0.23737599672710707
a14,489,0,0,0.1524589674051049
a14,490,0,1,0.782020785622145
a14,491,0,0,0.1656891214032014
a14,492,0,0,0.1579820573421889
a14,493,0,0,0.2056220303874893
a14,494,0,0,0.2359724987414256
a14,495,0,0,0.39884008543313276
a14,496,0,0,0.46278788911776375
a14,497,0,1,0.5311559062483409
a14,498,0,1,0.6318748919768725
a14,499,0,0,0.49026223939861374
a14,500,0,0,0.19668869875449074
a14,501,0,1,0.5097965060938006
a14,502,0,0,0.3453535492592092
a14,503,0,0,0.3807826241162747
a14,504,0,0,0.3823631887204468
a14,505,0,0,0.3895435760180092
a14,506,0,0,0.39552539880528836
a14,507,0,0,0.3934477094214953
a14,508,0,1,0.8163851133949992
a15,1,0,1,0.5970666556223815
a15,2,0,0,0.46807683931796584
a15,3,0,1,0.6693335987693381
a15,4,0,0,0.35433922812374036
a15,5,0,1,0.8218091939123904
a15,6,0,1,0.8899686989564183
a15,7,0,1,0.7198857184323282
a15,8,0,0,0.3877868747024223
a15,9,0,0,0.4220770566083556
a15,10,0,1,0.5511219004999448
a15,11,0,0,0.3894453807477074
a15,12,0,0,0.44292492799240774
a15,13,0,0,0.3767683565306506
a15,14,0,1,0.8190806292101392
a15,15,0,1,0.8280038541516025
a15,16,0,0,0.49904425510731704
a15,17,0,0,0.36450146337625555
a15,18,0,0,0.34598030090467585
a15,19,0,0,0.3292164094877621
a15,20,0,0,0.48478488583016893
a15,21,0,1,0.7755117194926965
a15,22,0,1,0.7449222855505178
a15,23,0,0,0.29460677981758204
a15,24,0,0,0.3499428062464726
a15,25,0,0,0.3152106681729745
a15,26,0,0,0.3734023751276942
a15,27,0,0,0.4030873421194641
a15,28,0,1,0.5567184326759879
a15,29,0,1,0.6179466460179089
a15,30,0,1,0.747822961370727
a15,31,1,1,0.6352969999708112
a15,32,1,1,0.6983723615845624
a15,33,1,1,0.7632449387546313
a15,34,1,1,0.7061926431854157
a15,35,1,1,0.7538806661661759
a15,36,1,1,0.6654623801959395
a15,37,1,1,0.5836956503126898
a15,38,1,1,0.6764412999839404
a15,39,1,1,0.652542436280897
a15,40,1,1,0.654092343513715
a15,41,1,1,0.7298252914906621
a15,42,1,1,0.5806252679112591
a15,43,1,1,0.5418607442076406
a15,44,1,1,0.541774031349796
a15,45,1,1,0.7583109661909363
a15,46,1,1,0.6221975050562083
a15,47,1,1,0.656865316725484
a15,48,1,1,0.6799571308210749
a15,49,1,1,0.8988552465524665
a15,50,1,1,0.7376916755014611
a15,51,1,1,0.5138897195750861
a15,52,1,1,0.6267679548484749
a15,53,0,0,0.43556495597874656
a15,54,0,0,0.2084070072024367
a15,55,0,0,0.3086212852358312
a15,56,1,1,0.5973836050228911
a15,57,1,0,0.41331897419815394
a15,58,1,0,0.3486532645097728
a15,59,1,1,0.7250437345078293
a15,60,1,1,0.6586375071362873
a15,61,1,1,0.5026742681815415
a15,62,1,1,0.6635365247782602
a15,63,1,1,0.559788891186474
a15,64,1,1,0.8124585175355672
a15,65,1,0,0.42788882746549267
a15,66,1,1,0.8626689929660045
a15,67,1,1,0.5065293407630376
a15,68,1,1,0.8545280211509707
a15,69,1,1,0.8035333518195144
a15,70,1,1,0.9317131852692071
a15,71,1,1,0.5441960114382876
a15,72,0,1,0.5359733238372424
a15,73,0,1,0.6461084328470194
a15,74,0,0,0.4777850882566287
a15,75,0,1,0.5902149550973703
a15,76,0,1,0.5927649858769299
a15,77,0,1,0.7971835235192825
a15,78,0,1,0.571949465138225
a15,79,1,1,0.5428601672727282
a15,80,1,1,0.6380682284602334
a15,81,1,1,0.5693959100576753
a15,82,1,1,0.5447285977825859
a15,83,1,1,0.602992629658132
a15,84,1,1,0.6167486142490389
a15,85,1,1,0.7304670618222738
a15,86,1,1,0.7907360813397986
a15,87,1,1,0.766154244357044
a15,88,1,1,0.8693954941008649
a15,89,1,1,0.8082762575757421
a15,90,1,1,0.8105011674134976
a15,91,1,1,0.8543354947075962
a15,92,1,1,0.7898944033407912
a15,93,1,1,0.8168126363416013
a15,94,1,1,0.8375079952342052
a15,95,1,1,0.810240344141592
a15,96,1,1,0.8953929469680066
a15,97,1,1,0.8931375478757679
a15,98,1,1,0.8812087021086611
a15,99,1,1,0.8390373708398025
a15,100,1,1,0.8881501273961959
a15,101,1,1,0.7696024035557122
a15,102,1,1,0.8206081560532358
a15,103,1,0,0.4732324781339648
a15,104,1,1,0.6743843986027858
a15,105,1,1,0.6580352980118161
a15,106,1,1,0.717747732696337
a15,107,1,1,0.7382460322042457
a15,108,1,1,0.6570895437187246
a15,109,1,1,0.6909746456252372
a15,110,1,1,0.773586142323622
a15,111,1,1,0.7686196694940816
a15,112,1,0,0.3566859683637077
a15,113,0,0,0.4355821812975049
a15,114,0,0,0.3774811714941303
a15,115,0,0,0.40451458192205564
a15,116,0,0,0.38213131529863853
a15,117,0,0,0.369446748257163
a15,118,0,0,0.3656347614341269
a15,119,0,0,0.42455106595087816
a15,120,0,0,0.3876842854068111
a15,121,0,1,0.7547913639277949
a15,122,0,1,0.7579581914981831
a15,123,0,1,0.6684637025321699
a15,124,0,1,0.5924258345863027
a15,125,1,1,0.7735161327798021
a15,126,1,1,0.8236656404204945
a15,127,1,1,0.7678189324060383
a15,128,1,1,0.8998706025400742
a15,129,1,1,0.5933499854529248
a15,130,1,1,0.6418603314685462
a15,131,1,1,0.7753382270761684
a15,132,1,0,0.4723707938376833
a15,133,1,1,0.6367446329094809
a15,134,1,1,0.8947905360263425
a15,135,1,1,0.5827374823457662
a15,136,1,1,0.8476319209160835
a15,137,1,1,0.6161488057267217
a15,138,1,0,0.4403685748096377
a15,139,1,1,0.6844466602701842
a15,140,1,1,0.7438021281553723
a15,141,1,1,0.8690460040361782
a15,142,1,1,0.8941950682681126
a15,143,1,1,0.8999331148165001
a15,144,1,1,0.8959231369135764
a15,145,1,1,0.8642096984986553
a15,146,1,1,0.8857855628541211
a15,147,1,1,0.8963722613542763
a15,148,1,1,0.8231367849966742
a15,149,1,1,0.918628816756603
a15,150,1,1,0.8188214228021167
a15,151,1,1,0.8933990465119546
a15,152,1,1,0.8637538257002109
a15,153,1,0,0.4495116310790936
a15,154,1,1,0.5041316939893478
a15,155,1,1,0.6000801912428877
a15,156,1,0,0.3714840585335005
a15,157,1,1,0.6025294079679007
a15,158,1,1,0.7828962341426396
a15,159,1,1,0.5374611822667829
a15,160,1,1,0.6078178904778756
a15,161,1,1,0.5548821377888619
a15,162,1,1,0.7889043237262697
a15,163,1,1,0.7012182278020794
a15,164,1,1,0.7602123770548819
a15,165,1,1,0.749032494456099
a15,166,1,1,0.7084200494011061
a15,167,1,0,0.46538183397910143
a15,168,1,0,0.45418576289446405
a15,169,1,1,0.6808642835659848
a15,170,1,0,0.35503431187369955
a15,171,0,0,0.2912346781121221
a15,172,0,0,0.3325506183896541
a15,173,0,1,0.5922210678063032
a15,174,0,1,0.771116123559052
a15,175,1,1,0.8331696853521829
a15,176,1,1,0.8088742998237344
a15,177,1,1,0.6857529502916925
a15,178,1,1,0.7267327757687687
a15,179,1,1,0.7001533013633965
a15,180,1,0,0.47922391767676503
a15,181,1,1,0.5140315019039343
a15,182,1,1,0.675980096618186
a15,183,1,1,0.722981961774213
a15,184,1,1,0.9221595602626587
a15,185,1,0,0.397293237611391
a15,186,1,1,0.6597596680011041
a15,187,1,1,0.8631173543019177
a15,188,1,1,0.7898776799833289
a15,189,1,1,0.8081599510538086
a15,190,1,1,0.796578300153468
a15,191,1,1,0.8077879587972444
a15,192,1,1,0.8070834417127255
a15,193,1,1,0.8111662466600761
a15,194,1,1,0.8461613291043018
a15,195,1,1,0.5465718631236547
a15,196,1,1,0.5112438400798903
a15,197,0,0,0.37448515893567175
a15,198,0,0,0.48394270809993534
a15,199,0,0,0.4902254165476364
a15,200,0,1,0.508902163069534
a15,201,0,1,0.5021877711003349
a15,202,0,0,0.47930064665639405
a15,203,0,0,0.37026837705308424
a15,204,0,0,0.4599926909803336
a15,205,0,0,0.45683566146055743
a15,206,0,1,0.6406238310694117
a15,207,1,1,0.5569207177332084
a15,208,1,1,0.6177518902618877
a15,209,1,1,0.5988354877845059
a15,210,1,1,0.6290372359082794
a15,211,1,0,0.42799440643902525
a15,212,1,0,0.4370701681254287
a15,213,1,1,0.5659686413805197
a15,214,1,1,0.6963218104495019
a15,215,1,1,0.5456925667510941
a15,216,1,1,0.7509694960345854
a15,217,1,1,0.7380708044001225
a15,218,1,1,0.8174697564872699
a15,219,1,1,0.7897413626977404
a15,220,1,1,0.7220807149335233
a15,221,1,1,0.6751417418385568
a15,222,1,1,0.6661761505237946
a15,223,1,1,0.815120963677619
a15,224,1,1,0.6714263344241458
a15,225,1,1,0.5548352795857646
a15,226,1,1,0.7235651271892607
a15,227,1,1,0.775401157008436
a15,228,1,1,0.7427090696903468
a15,229,1,1,0.7107159412094249
a15,230,1,1,0.7282970387097741
a15,231,1,1,0.8329750992537388
a15,232,1,0,0.43624470855070246
a15,233,1,1,0.5172772972030462
a15,234,1,1,0.7508407840376394
a15,235,1,1,0.7667929087376691
a15,236,1,1,0.7686247126638395
a15,237,1,1,0.7172754928294641
a15,238,1,1,0.8033978372972753
a15,239,1,1,0.8474667988688658
a15,240,1,1,0.8326533680485129
a15,241,1,1,0.8804842377969387
a15,242,1,1,0.8147263444592241
a15,243,1,1,0.850231906412969
a15,244,1,1,0.6910524340621306
a15,245,1,1,0.8601336459574912
a15,246,1,1,0.8284856669645093
a15,247,1,1,0.7463820509299579
a15,248,1,1,0.747305957204661
a15,249,1,1,0.8735107671364345
a15,250,1,1,0.88413102684651
a15,251,1,1,0.7487519523943102
a15,252,1,1,0.8581923592454228
a15,253,1,1,0.8075901471959238
a15,254,1,1,0.7115195340645463
a15,255,1,1,0.8737867418246188
a15,256,1,1,0.8100149281442505
a15,257,1,1,0.7394081158813457
a15,258,1,1,0.7942676359856428
a15,259,1,1,0.869945373234995
a15,260,1,1,0.8331790888480017
a15,261,1,1,0.8994137402520124
a15,262,1,1,0.7031399373056404
a15,263,1,1,0.8603637101719949
a15,264,1,1,0.8601181417262314
a15,265,1,1,0.9155407227011741
a15,266,1,1,0.8774739259779567
a15,267,1,1,0.854717310444721
a15,268,1,1,0.858377212845168
a15,269,1,1,0.8670422777507698
a15,270,1,1,0.8525105659355372
a15,271,1,1,0.7821175814313087
a15,272,1,1,0.8133224764701527
a15,273,1,1,0.8098739799080704
a15,274,1,1,0.8271824184158401
a15,275,1,1,0.86127494848082
a15,276,1,1,0.7651047981382956
a15,277,1,1,0.7837077848404288
a15,278,1,1,0.5082679461491512
a15,279,1,1,0.7119924524228295
a15,280,1,1,0.6894038987989356
a15,281,1,1,0.5649823269897261
a15,282,1,1,0.5951160300014982
a15,283,1,1,0.6347766067964291
a15,284,1,1,0.7949840779298586
a15,285,1,1,0.5873731620994266
a15,286,1,1,0.6251980188047933
a15,287,1,1,0.8867896822582014
a15,288,0,0,0.3198440524896238
a15,289,0,0,0.4684733803714857
a15,290,0,0,0.34429566053349014
a15,291,0,0,0.40108088400312303
a15,292,0,0,0.3942985259230668
a15,293,0,0,0.4619495052844102
a15,294,0,0,0.35713420543643876
a15,295,0,0,0.4070364437379453
a15,296,0,0,0.40275479332033953
a15,297,0,0,0.47262538573350854
a15,298,0,0,0.35396107946620226
a15,299,0,0,0.36283354166059467
a15,300,0,1,0.6722713769243168
a15,301,1,1,0.6562134575212026
a15,302,1,1,0.739025341525487
a15,303,1,1,0.7512226093968722
a15,304,1,1,0.7061594255342546
a15,305,1,1,0.8323340177893325
a15,306,1,1,0.66778319756453
a15,307,1,1,0.7164068399066665
a15,308,1,1,0.8535884651785083
a15,309,1,1,0.683059122901657
a15,310,1,1,0.8040438104350152
a15,311,1,1,0.8494568938364501
a15,312,1,1,0.7953905631423891
a15,313,1,1,0.7873321059171065
a15,314,1,1,0.7153180727516022
a15,315,1,1,0.7932556739760976
a15,316,1,1,0.8135383730541655
a15,317,1,1,0.8291609117088597
a15,318,1,1,0.8462326656008041
a15,319,1,1,0.8714442274665334
a15,320,1,0,0.38684170472248064
a15,321,1,0,0.296217487221759
a15,322,1,1,0.6037433560842795
a15,323,0,0,0.46824010686796
a15,324,0,1,0.8158857730744846
a15,325,0,0,0.459116831249029
a15,326,1,0,0.31678179405960466
a15,327,1,1,0.5579189873959528
a15,328,1,1,0.6891374503699985
a15,329,1,1,0.6854387736647914
a15,330,1,1,0.7095567909609678
a15,331,1,1,0.7602423832626594
a15,332,1,1,0.8416208515373542
a15,333,1,1,0.7630282264354021
a15,334,1,1,0.7750102028000423
a15,335,1,1,0.8673061868301349
a15,336,1,1,0.7170551960530863
a15,337,1,1,0.7206031183916317
a15,338,1,1,0.6412114791128144
a15,339,1,1,0.7814024700347079
a15,340,1,1,0.8606526068011308
a15,341,1,1,0.8142105009027049
a15,342,1,1,0.7672594840452863
a15,343,1,1,0.7909507063390617
a15,344,1,1,0.7676385013706599
a15,345,1,1,0.7986887665238274
a15,346,1,1,0.8368385984058735
a15,347,1,1,0.8147256349268438
a15,348,1,1,0.8106090466817362
a15,349,1,1,0.8302038678646424
a15,350,1,1,0.841653332532826
a15,351,1,1,0.6913169179680478
a15,352,1,1,0.766077109729347
a15,353,1,1,0.8830903011000126
a15,354,1,1,0.8566786782187269
a15,355,1,1,0.8551852666971257
a15,356,1,0,0.4719340983467562
a15,357,1,1,0.8239941879013215
a15,358,1,1,0.7916958037877724
a15,359,1,1,0.7171491201189285
a15,360,1,1,0.8031354964920039
a15,361,1,1,0.8447617620659916
a15,362,1,1,0.6329334705720382
a15,363,1,1,0.7757411410930573
a15,364,1,1,0.8685460230091568
a15,365,1,1,0.7584909512475154
a15,366,1,1,0.6088568747152056
a15,367,1,0,0.31708689355788894
a15,368,1,0,0.45926587313550876
a15,369,1,1,0.577669277861861
a15,370,0,0,0.28299564845949926
a15,371,1,0,0.4999747199614555
a15,372,1,0,0.49869806457160526
a15,373,1,0,0.4780890404276435
a15,374,1,0,0.41791594925424236
a15,375,0,1,0.6187444727071877
a15,376,0,0,0.4366090274136575
a15,377,0,0,0.3825498643909868
a15,378,0,1,0.5791678103079129
a15,379,1,0,0.3297917222970921
a15,380,0,0,0.3765831988071779
a15,381,0,1,0.7509986177535669
a15,382,0,1,0.5357162406263588
a15,383,0,0,0.47435990745486084
a15,384,0,1,0.6686558762792356
a15,385,0,0,0.38343821817374374
a15,386,0,0,0.29689934690852593
a15,387,0,1,0.5330128920399088
a15,388,0,0,0.2132250086095702
a15,389,0,1,0.5992596852730074
a15,390,0,1,0.6329652050578505
a15,391,0,1,0.5901586360896839
a15,392,0,0,0.44858719123996804
a15,393,0,0,0.37586618711231157
a15,394,0,1,0.622597018382152
a15,395,0,1,0.5398181324387823
a15,396,0,1,0.8509474764270317
a15,397,0,0,0.4917951078622586
a15,398,0,0,0.4837984741141614
a15,399,0,0,0.3513610971386418
a15,400,0,0,0.4264536922234286
a15,401,0,0,0.45825469986442374
a15,402,0,0,0.3383013001500235
a15,403,0,0,0.43559503301566965
a15,404,1,0,0.4595740352422236
a15,405,1,0,0.37900685010087115
a15,406,1,0,0.3806486903135958
a15,407,1,0,0.4338131868222118
a15,408,1,1,0.5465387596814475
a15,409,1,1,0.5875699358265054
a15,410,1,1,0.7001021854689665
a15,411,1,1,0.5107158210309761
a15,412,1,1,0.5471358945634821
a15,413,1,1,0.6641141253573228
a15,414,1,1,0.7107177724782792
a15,415,1,1,0.5302240853758695
a15,416,1,1,0.820748674310621
a15,417,1,1,0.6761967696764303
a15,418,1,1,0.5993209013665359
a15,419,1,1,0.7996233422965516
a15,420,1,1,0.7665920551592803
a15,421,1,1,0.8371970748779443
a15,422,1,1,0.7556268784514891
a15,423,1,1,0.7543169684255756
a15,424,1,1,0.744018514126898
a15,425,1,1,0.8228473473862024
a15,426,1,1,0.8391044357144055
a15,427,1,1,0.8557511249554048
a15,428,1,1,0.6829300754527539
a15,429,1,0,0.29666604493329535
a15,430,1,1,0.629376343213875
a15,431,1,0,0.42330224996456844
a15,432,1,0,0.46260236670748234
a15,433,1,1,0.6453132108698747
a15,434,1,1,0.5754228392317858
a15,435,1,1,0.6009540780799375
a15,436,1,1,0.5572488433772013
a15,437,0,1,0.5613895553955557
a15,438,0,1,0.787648880215871
a15,439,1,0,0.3549760029924299
a15,440,0,1,0.7417425177678807
a15,441,1,0,0.4992287315500193
a15,442,1,1,0.5490257773927636
a15,443,1,0,0.3630667208650611
a15,444,1,1,0.6711055111340566
a15,445,1,0,0.4346595144963114
a15,446,0,0,0.4770537519524073
a15,447,0,0,0.4122650748802013
a15,448,0,0,0.44501996763956514
a15,449,0,1,0.6244814344237792
a15,450,0,1,0.6849596727191731
a15,451,1,1,0.7767127974405331
a15,452,0,1,0.6686877174800009
a15,453,0,1,0.8202209804233335
a15,454,1,1,0.7962443964186513
a15,455,1,1,0.6682306143136706
a15,456,1,1,0.7993282545748741
a15,457,1,1,0.8311036817660915
a15,458,1,1,0.6756490964900462
a15,459,1,1,0.7507108891579893
a15,460,1,1,0.7745956613981154
a15,461,1,1,0.8386799163340022
a15,462,1,1,0.844689152185532
a15,463,1,0,0.41640331336740233
a15,464,1,1,0.7191947832571176
a15,465,1,1,0.7774123148542632
a15,466,1,1,0.5606223147621889
a15,467,1,1,0.8485757853030835
a15,468,1,1,0.8538752214284349
a15,469,1,1,0.8901998379594305
a15,470,1,1,0.8930268024279125
a15,471,1,1,0.7627351786172459
a15,472,1,1,0.7871671764282255
a15,473,1,1,0.8112435154215651
a15,474,1,1,0.8452694197826297
a15,475,1,1,0.8215082718799257
a15,476,1,1,0.8505349536639195
a15,477,1,1,0.8587014563949658
a15,478,0,1,0.5186938845531872
a15,479,0,0,0.42412860399644414
a15,480,0,0,0.3748539227938886
a15,481,0,1,0.5535592911772625
a15,482,0,1,0.5217712701893317
a15,483,0,0,0.4800813926953812
a15,484,1,1,0.5357048931084357
a15,485,1,0,0.483987773797155
a15,486,1,0,0.38980228845659187
a15,487,1,0,0.37876293844897824
a15,488,1,0,0.42414153509216224
a15,489,1,0,0.4479301335413168
a15,490,1,0,0.43357604738109823
a15,491,1,0,0.4090831767916047
a15,492,1,0,0.4585627916874478
a15,493,1,0,0.4428882170562999
a15,494,1,0,0.48665879829279146
a15,495,1,0,0.4328435774620203
a15,496,0,0,0.44733349595987426
a15,497,0,0,0.46438629056122255
a15,498,0,0,0.47107187121331207
a15,499,0,0,0.42512800625286906
a15,500,0,0,0.47461491994415994
a15,501,0,0,0.46909349865948413
a15,502,0,1,0.5140572320105199
a15,503,0,0,0.4468884363525484
a15,504,0,1,0.5392923233854012
a15,505,0,0,0.3405323399273045
a15,506,0,1,0.5105668051201423
a15,507,0,1,0.5159428281253249
a15,508,0,1,0.5337195742138217
a15,509,0,0,0.3609904972842812
a16,1,0,0,0.3635004957599052
a16,2,0,0,0.3532782974648678
a16,3,0,0,0.482826593957482
a16,4,0,0,0.30377996370355487
a16,5,0,0,0.3881204549645582
a16,6,0,0,0.3190389534201101
a16,7,0,0,0.34325613769063307
a16,8,0,0,0.32985995079577474
a16,9,0,0,0.3939251442162584
a16,10,0,0,0.26209941185087066
a16,11,0,0,0.3575097605268463
a16,12,0,0,0.3097229982506383
a16,13,0,0,0.336087255038476
a16,14,0,0,0.34231665643445935
a16,15,0,0,0.3345284791915793
a16,16,0,0,0.34546318477690674
a16,17,0,0,0.2887550395196965
a16,18,0,0,0.3101587710262781
a16,19,0,0,0.30956973518690534
a16,20,0,0,0.22019362541696777
a16,21,0,0,0.33158911149204623
a16,22,0,0,0.4024776771255842
a16,23,0,0,0.3020874051189103
a16,24,0,0,0.3648483448585051
a16,25,0,0,0.3366354084379924
a16,26,0,0,0.35017205917456345
a16,27,0,0,0.3954943088963604
a16,28,0,0,0.36828166787738637
a16,29,0,0,0.23607104845466576
a16,30,0,0,0.2539627942201228
a16,31,0,0,0.3164326738448766
a16,32,0,0,0.3630708957317943
a16,33,0,0,0.23305752805634838
a16,34,0,0,0.45152472834601054
a16,35,0,0,0.22908194059548642
a16,36,0,0,0.4476547773725351
a16,37,0,0,0.37893702928289014
a16,38,0,0,0.41848634897671094
a16,39,0,0,0.3005838815354124
a16,40,0,0,0.49596232769144405
a16,41,0,0,0.4371263856008758
a16,42,0,0,0.40426122759625505
a16,43,0,0,0.4090049988622344
a16,44,0,1,0.5828606974313759
a16,45,0,0,0.2817565296164083
a16,46,0,0,0.23802123197924963
a16,47,0,0,0.45080850151396623
a16,48,0,0,0.45953047402692987
a16,49,0,0,0.46787330847322905
a16,50,0,0,0.333303822020385
a16,51,0,0,0.174928817091658
a16,52,0,0,0.4277645203982794
a16,53,0,0,0.3483482188800416
a16,54,0,0,0.3602621631474675
a16,55,0,0,0.378961232481688
a16,56,0,0,0.4030685906600238
a16,57,0,0,0.4286862587565682
a16,58,1,0,0.4357953192449847
a16,59,1,0,0.47151336071203326
a16,60,1,0,0.46727016815939565
a16,61,1,0,0.3427727488091139
a16,62,0,0,0.4243427612685367
a16,63,0,0,0.36470057184283716
a16,64,0,0,0.37282025522115103
a16,65,0,0,0.3892026064360382
a16,66,0,1,0.5488360474337097
a16,67,1,0,0.4808695771647653
a16,68,1,1,0.5039372759051142
a16,69,0,1,0.6477693742437687
a16,70,0,0,0.4237133218440096
a16,71,0,0,0.38602946093408624
a16,72,0,0,0.2986595021045749
a16,73,0,0,0.30566042246579006
a16,74,0,0,0.33469675286563644
a16,75,0,0,0.3582613061672409
a16,76,0,1,0.5900396317847038
a16,77,0,1,0.5351419176502762
a16,78,0,0,0.2622922814802994
a16,79,0,0,0.3943713826483975
a16,80,0,0,0.420340961825327
a16,81,1,0,0.47784559696905726
a16,82,1,1,0.5136660969774643
a16,83,1,0,0.4535362585266529
a16,84,1,0,0.47625472357718085
a16,85,1,0,0.4226398542925802
a16,86,1,0,0.4623768673789695
a16,87,1,0,0.49392020123651686
a16,88,1,1,0.6095315880593374
a16,89,1,0,0.45223546488026967
a16,90,1,1,0.5328924318735324
a16,91,1,1,0.5397395614012348
a16,92,1,1,0.6528650438174812
a16,93,1,1,0.5796845910588321
a16,94,1,1,0.6916235548374601
a16,95,1,1,0.6810783912615469
a16,96,0,0,0.2147801014473741
a16,97,0,0,0.45387490130165176
a16,98,0,0,0.2976358832385843
a16,99,0,1,0.5248032068561472
a16,100,0,1,0.5350167529197729
a16,101,0,0,0.45704406217817917
a16,102,0,1,0.5029792278967384
a16,103,0,0,0.49350713260173684
a16,104,0,1,0.5193716909177778
a16,105,0,0,0.47987660677022326
a16,106,0,0,0.45269597966365493
a16,107,0,1,0.5414067722065123
a16,108,0,0,0.49422577063544965
a16,109,0,1,0.5701695299448241
a16,110,0,1,0.5992402161791552
a16,111,0,1,0.5426403121946234
a16,112,0,1,0.5782573535529629
a16,113,0,1,0.6703631422759093
a16,114,0,0,0.44861694816386244
a16,115,0,1,0.5439939905930768
a16,116,0,1,0.5928151293004524
a16,117,0,1,0.5271669092690421
a16,118,0,1,0.6108813389817515
a16,119,0,1,0.6371635578226237
a16,120,0,1,0.5308059868186609
a16,121,0,1,0.5147575718522737
a16,122,0,1,0.6384707572317645
a16,123,0,1,0.5978931266040795
a16,124,0,1,0.6163188033987238
a16,125,0,1,0.5124663194988439
a16,126,0,1,0.5732841836422617
a16,127,0,1,0.633599006755768
a16,128,0,1,0.6179610753155598
a16,129,0,1,0.672143927871247
a16,130,0,1,0.6504768823888013
a16,131,0,1,0.6119502266039483
a16,132,0,1,0.5987273887897798
a16,133,0,0,0.06930678303127139
a16,134,0,0,0.11421229018467231
a16,135,0,0,0.369450437415051
a16,136,0,0,0.3364338541705281
a16,137,1,1,0.507233473726454
a16,138,1,0,0.43693536937094846
a16,139,1,1,0.5506691406977748
a16,140,1,1,0.6669621702966189
a16,141,1,0,0.4873830293825791
a16,142,1,1,0.5559725414476884
a16,143,1,1,0.606980717802951
a16,144,1,1,0.541990696974776
a16,145,1,1,0.5680449266513011
a16,146,1,1,0.6715857575879476
a16,147,1,1,0.5174031481193813
a16,148,1,1,0.7122094251224658
a16,149,1,0,0.48338275304717016
a16,150,1,1,0.5426495717067803
a16,151,1,1,0.7618324428737866
a16,152,1,1,0.7331950248534519
a16,153,1,1,0.5246156926429241
a16,154,1,1,0.6186959475672795
a16,155,1,1,0.6260880284701181
a16,156,1,1,0.5347502501348013
a16,157,1,1,0.5701247382395607
a16,158,1,1,0.6813036757701884
a16,159,1,1,0.6233438192830457
a16,160,1,1,0.5278203399961053
a16,161,1,1,0.5460485325064376
a16,162,1,1,0.650988130947326
a16,163,1,1,0.5713498752459054
a16,164,1,1,0.8361242160817154
a16,165,1,1,0.9486010388922821
a16,166,1,0,0.31027607231412213
a16,167,1,1,0.8855292103298511
a16,168,1,1,0.7925283507540059
a16,169,1,1,0.7293662112221649
a16,170,1,1,0.9296306291285906
a16,171,1,1,0.9046424175014421
a16,172,1,1,0.5245091973264984
a16,173,1,1,0.8825695131900231
a16,174,1,1,0.9647918975412338
a16,175,1,1,0.9225503460568988
a16,176,1,1,0.5942368898262258
a16,177,1,1,0.847814285397422
a16,178,1,1,0.902689855160788
a16,179,1,1,0.7583373304476003
a16,180,1,1,0.5414652166580197
a16,181,1,1,0.610652913485425
a16,182,1,1,0.617844386308151
a16,183,1,1,0.5775474031679211
a16,184,1,1,0.6737609882508232
a16,185,1,1,0.736056069529993
a16,186,1,1,0.6953382050033255
a16,187,1,1,0.5080197041515642
a16,188,1,1,0.604550315139075
a16,189,1,1,0.6795444372852117
a16,190,1,0,0.15104772067744984
a16,191,0,0,0.3917113444987408
a16,192,0,0,0.38241768490081984
a16,193,0,0,0.3849839856832437
a16,194,0,1,0.542197251706925
a16,195,0,0,0.4440024330036399
a16,196,0,1,0.6641635170425234
a16,197,1,1,0.6518336146075383
a16,198,1,0,0.43952128152613673
a16,199,1,0,0.48357023001372856
a16,200,1,1,0.6671145763179237
a16,201,1,1,0.6611953068455729
a16,202,1,1,0.5306362680209806
a16,203,1,1,0.5769730400117352
a16,204,1,1,0.5323335629342666
a16,205,1,1,0.5415052737709909
a16,206,1,1,0.5130322197616269
a16,207,1,1,0.6214499514639992
a16,208,1,1,0.5437089065362877
a16,209,1,1,0.5076845747101882
a16,210,1,1,0.5693081138251213
a16,211,1,1,0.6043646089045908
a16,212,1,1,0.5726122839446997
a16,213,1,1,0.679440226439669
a16,214,1,1,0.5113228788285692
a16,215,1,1,0.5941271785567241
a16,216,1,1,0.6071525044377104
a16,217,1,1,0.7036356425876011
a16,218,1,1,0.5728006804067313
a16,219,1,1,0.6620585369752682
a16,220,1,1,0.6386995893302472
a16,221,1,1,0.7247801076257995
a16,222,1,1,0.5345481832768432
a16,223,1,1,0.6141979838709778
a16,224,1,1,0.8402702494015898
a16,225,1,0,0.48607578882534713
a16,226,1,1,0.6343794881672319
a16,227,1,1,0.6226530929374701
a16,228,1,1,0.8372496724387559
a16,229,1,1,0.7829550741458386
a16,230,1,1,0.6163549966678646
a16,231,1,1,0.598537739904635
a16,232,1,1,0.660423177803581
a16,233,1,1,0.5659081029733263
a16,234,1,1,0.6865749531735504
a16,235,1,1,0.5786137994501506
a16,236,1,1,0.5786819829621996
a16,237,1,1,0.9182585145307618
a16,238,1,1,0.6228979717160467
a16,239,1,1,0.6685061376236007
a16,240,1,1,0.732140011483362
a16,241,1,1,0.5349521111966435
a16,242,1,1,0.6598335495307569
a16,243,1,1,0.8547187504501103
a16,244,1,1,0.7846429363307796
a16,245,1,1,0.7174894831728384
a16,246,1,1,0.7113939722798364
a16,247,1,1,0.7077196786058092
a16,248,1,1,0.6639049124166573
a16,249,1,1,0.5970853096160637
a16,250,1,1,0.6473190560420033
a16,251,1,1,0.5618218741786951
a16,252,1,1,0.6709268004410079
a16,253,1,1,0.5990185825498651
a16,254,1,1,0.6728827914592569
a16,255,1,1,0.649506072745233
a16,256,1,1,0.5560373044830453
a16,257,1,1,0.7212632666530568
a16,258,1,1,0.6610866049755794
a16,259,1,1,0.7456318429272473
a16,260,1,1,0.636601490902193
a16,261,1,1,0.5912920024402599
a16,262,1,1,0.724434159686112
a16,263,1,1,0.7394777524733787
a16,264,1,1,0.6892322799857653
a16,265,1,1,0.6973420811731484
a16,266,1,1,0.6556559013936144
a16,267,1,1,0.7001384583826646
a16,268,1,1,0.7002189305948017
a16,269,1,1,0.7367099780612166
a16,270,1,1,0.6552950503105608
a16,271,1,1,0.6268665879985571
a16,272,1,1,0.820046660380738
a16,273,1,1,0.8127492186992126
a16,274,1,1,0.6192109144662161
a16,275,1,1,0.6733330867897108
a16,276,1,0,0.44398632918267933
a16,277,1,1,0.862794859860554
a16,278,1,1,0.8121072401648644
a16,279,1,1,0.7900153177283938
a16,280,1,1,0.8904503531961016
a16,281,1,1,0.6237277780167056
a16,282,1,1,0.9649237586004963
a16,283,1,1,0.9475103065985889
a16,284,1,1,0.9564036733966775
a16,285,1,1,0.9458602682000632
a16,286,1,1,0.9139144445503912
a16,287,1,1,0.6527869949463344
a16,288,1,1,0.5896253683281815
a16,289,1,1,0.8024769060000202
a16,290,1,1,0.8727910775900231
a16,291,1,1,0.9708261813584711
a16,292,1,1,0.8778759582325814
a16,293,1,1,0.939313109451703
a16,294,1,1,0.8861697735552354
a16,295,1,0,0.2589611148619454
a16,296,0,0,0.2620266643879744
a16,297,0,0,0.2984969342290417
a16,298,0,0,0.47836998372872336
a16,299,0,0,0.398344146746506
a16,300,0,0,0.40782391029150994
a16,301,0,0,0.39053806741446345
a16,302,0,0,0.4927851975683198
a16,303,0,1,0.7004750554095723
a16,304,0,0,0.388319871932118
a16,305,0,0,0.36709719125617435
a16,306,0,0,0.4174753204971638
a16,307,0,0,0.3655621197876599
a16,308,0,0,0.3874514225879912
a16,309,0,1,0.640383189067914
a16,310,1,1,0.930208131906692
a16,311,1,0,0.3915489110068327
a16,312,1,1,0.5633352121875331
a16,313,1,1,0.6514490658592128
a16,314,1,1,0.6448455302021961
a16,315,1,1,0.547737323908586
a16,316,1,1,0.5387281574514219
a16,317,0,0,0.47714318393466554
a16,318,0,1,0.5036184479622812
a16,319,0,1,0.7249584896814593
a16,320,1,1,0.5479541637434346
a16,321,1,1,0.6257028041048978
a16,322,1,1,0.6950774127126135
a16,323,1,1,0.5567398305932628
a16,324,1,1,0.6342317972816848
a16,325,1,1,0.6205310245338427
a16,326,0,0,0.48604396783918563
a16,327,0,0,0.4714086951335846
a16,328,1,1,0.707532372085548
a16,329,1,1,0.5847678724791633
a16,330,1,0,0.3761021257678612
a16,331,1,1,0.7630825388748361
a16,332,1,1,0.629829686097752
a16,333,1,1,0.6352447473717173
a16,334,1,1,0.7038438456816261
a16,335,1,1,0.5894240789514753
a16,336,1,1,0.7707148464848403
a16,337,1,1,0.7829367782052747
a16,338,1,1,0.7774508704122308
a16,339,1,1,0.7803243230421418
a16,340,1,1,0.7495405644213144
a16,341,1,1,0.8102087734426698
a16,342,1,1,0.6181827036931603
a16,343,1,1,0.6444950237096753
a16,344,1,1,0.7258355101743071
a16,345,1,1,0.7818658990703733
a16,346,1,1,0.6534223493239071
a16,347,1,1,0.5992577701264944
a16,348,1,1,0.6097709998292709
a16,349,1,1,0.5910883601927382
a16,350,1,1,0.6013450744567939
a16,351,1,1,0.600441590728214
a16,352,1,1,0.8354919859378022
a16,353,1,1,0.9151687773269178
a16,354,1,1,0.7831834241187746
a16,355,1,1,0.7209688729649402
a16,356,1,1,0.8202928768905781
a16,357,1,1,0.9110622959594511
a16,358,1,1,0.8852812993398693
a16,359,1,1,0.943141794510375
a16,360,1,1,0.7671016548084623
a16,361,1,1,0.8108390685336675
a16,362,1,1,0.8741185133927131
a16,363,1,1,0.9792030956811683
a16,364,1,1,0.8775371580960173
a16,365,1,0,0.2610336268533028
a16,366,0,1,0.6895040551896013
a16,367,1,1,0.9593675861845037
a16,368,1,1,0.9377505399482454
a16,369,1,1,0.8874544057304475
a16,370,1,1,0.8047971526078574
a16,371,1,1,0.8615282991503606
a16,372,1,1,0.8583159609623718
a16,373,1,1,0.9017720958487444
a16,374,1,1,0.737484729652125
a16,375,1,1,0.7942944148234015
a16,376,1,1,0.7970084816200483
a16,377,1,0,0.46375306272067884
a16,378,1,1,0.8564245874415674
a16,379,1,1,0.9709101186252098
a16,380,0,1,0.7297992904497981
a16,381,1,1,0.754749320971675
a16,382,1,1,0.6841221053516446
a16,383,1,1,0.945936497213455
a16,384,1,1,0.7728032740816649
a16,385,1,1,0.6155553087901984
a16,386,1,1,0.9030571861620825
a16,387,1,1,0.8711379875933204
a16,388,1,1,0.6879260391058142
a16,389,1,1,0.7439502707433054
a16,390,1,1,0.7744568714922646
a16,391,1,1,0.6601505536294393
a16,392,1,1,0.5566862836467005
a16,393,1,1,0.6034458707424732
a16,394,1,1,0.7643137836461285
a16,395,1,1,0.7209354337954057
a16,396,1,1,0.814095512855564
a16,397,1,0,0.3078126486092074
a16,398,1,1,0.8145120591698033
a16,399,1,1,0.7095812914945118
a16,400,1,1,0.6927249853645447
a16,401,1,1,0.536508706698058
a16,402,1,1,0.7298822063537083
a16,403,1,1,0.7058654869179886
a16,404,1,1,0.706044368892456
a16,405,1,1,0.5914243979310515
a16,406,1,1,0.522810031574398
a16,407,1,1,0.7083379083220901
a16,408,1,1,0.7190764936652149
a16,409,1,1,0.7155569919325131
a16,410,1,1,0.740835233900755
a16,411,1,1,0.6653546248067977
a16,412,1,1,0.6843353646925734
a16,413,1,1,0.6869609929581112
a16,414,1,1,0.6338178023607726
a16,415,1,1,0.7084393914151392
a16,416,1,1,0.7560830185836988
a16,417,1,1,0.5916055787688601
a16,418,1,1,0.7140212692624782
a16,419,1,1,0.7205877320714992
a16,420,1,1,0.5924814253511614
a16,421,1,1,0.6749337710538078
a16,422,1,1,0.6642875326164924
a16,423,1,1,0.6556593057104061
a16,424,1,1,0.6690046891807087
a16,425,1,1,0.5500998111544754
a16,426,1,1,0.6429446358047095
a16,427,1,1,0.838217544215181
a16,428,1,0,0.3103844114712438
a16,429,1,1,0.5364436873318333
a16,430,1,1,0.6042760537820077
a16,431,1,1,0.5736379431724545
a16,432,1,1,0.6255734534199703
a16,433,1,1,0.6149000497208977
a16,434,1,1,0.6918403783926665
a16,435,1,1,0.6487580942680864
a16,436,1,1,0.7914765756433039
a16,437,1,1,0.7336769322686332
a16,438,1,1,0.547610237045544
a16,439,1,1,0.6218231858590664
a16,440,1,1,0.6374424487938141
a16,441,1,1,0.7175708337541525
a16,442,1,1,0.6950332105359944
a16,443,1,1,0.8080539759583348
a16,444,1,1,0.7155560701646909
a16,445,1,1,0.6121351263181604
a16,446,1,1,0.5403869833172001
a16,447,1,1,0.7827514716997748
a16,448,1,1,0.9485365666741512
a16,449,1,1,0.7124492928640646
a16,450,1,0,0.40675496446687526
a16,451,1,1,0.6236236238982164
a16,452,1,1,0.973013534168991
a16,453,1,0,0.3479736500466371
a16,454,0,0,0.040958203120552476
a16,455,0,0,0.07503018257679589
a16,456,0,0,0.15467224054076326
a16,457,0,0,0.2682701138381241
a16,458,0,1,0.585893798065487
a16,459,0,1,0.7198993488671179
a16,460,0,0,0.38150948946393776
a16,461,0,1,0.8608098015672636
a16,462,1,0,0.3089293785628473
a16,463,1,0,0.49639944589873763
a16,464,1,1,0.6191222238188764
a16,465,0,0,0.3591115588844922
a16,466,0,1,0.6468465007597082
a16,467,0,1,0.543278446629371
a16,468,0,1,0.5491140498970178
a16,469,0,0,0.2718287799359872
a16,470,0,0,0.45272843420737646
a16,471,1,0,0.26237052177642867
a16,472,1,0,0.3433301619954832
a16,473,1,0,0.46234922807906703
a16,474,1,1,0.8551133309712876
a16,475,0,1,0.6751188328288894
a16,476,0,0,0.45109752331412156
a16,477,0,1,0.5108373352653196
a16,478,1,0,0.357480638883072
a16,479,1,1,0.5214885736208857
a16,480,0,0,0.4778540116443984
a16,481,0,0,0.2715762366902212
a17,1,0,0,0.465797422550146
a17,2,0,1,0.6287280390771869
a17,3,0,0,0.372680377374892
a17,4,0,0,0.37643327488242734
a17,5,0,1,0.5607018115723229
a17,6,0,0,0.36084962805119775
a17,7,0,0,0.41629806986954965
a17,8,0,0,0.4763601380348464
a17,9,0,0,0.3224433286194244
a17,10,0,0,0.3532737614421882
a17,11,0,0,0.4150511149753905
a17,12,0,0,0.3703162128108545
a17,13,0,0,0.4590813638407449
a17,14,0,1,0.6165018753488686
a17,15,0,1,0.5258981786064719
a17,16,0,0,0.47644392350464604
a17,17,0,1,0.5618229581613157
a17,18,0,0,0.28526465575782456
a17,19,0,0,0.3300285976367191
a17,20,0,0,0.3057539409034478
a17,21,0,0,0.375512703146203
a17,22,0,0,0.3976236967234914
a17,23,0,0,0.39044813231334513
a17,24,0,0,0.409362547679504
a17,25,0,0,0.39909114554961184
a17,26,0,0,0.2402747520214114
a17,27,0,0,0.3686822271928799
a17,28,0,0,0.25135515634837624
a17,29,0,0,0.3201507777491024
a17,30,0,0,0.28876497605799334
a17,31,0,0,0.3258226199281006
a17,32,0,0,0.4249845174128836
a17,33,0,0,0.31058520741637635
a17,34,0,0,0.23193106717776243
a17,35,0,0,0.2369721263053693
a17,36,0,0,0.2591195117457234
a17,37,0,0,0.36850462299165837
a17,38,0,0,0.2882630265435616
a17,39,0,0,0.3375851199045099
a17,40,0,0,0.260891806895042
a17,41,0,0,0.33877826706236386
a17,42,0,0,0.4295398370127965
a17,43,0,1,0.7464037985194621
a17,44,0,0,0.2145260134223644
a17,45,0,0,0.3373835047258316
a17,46,0,0,0.42514185863940684
a17,47,0,0,0.4808363160657503
a17,48,0,1,0.5085452637098904
a17,49,0,0,0.4527052496324124
a17,50,0,0,0.4599958267333693
a17,51,0,0,0.2672251030776267
a17,52,0,1,0.5334366186384591
a17,53,0,0,0.4808698642599096
a17,54,0,0,0.33454225100653695
a17,55,0,0,0.3980302470259374
a17,56,1,1,0.7017342350980085
a17,57,1,1,0.6145262354341282
a17,58,1,1,0.6781752308926485
a17,59,1,1,0.6637707921560224
a17,60,1,1,0.5621965182098925
a17,61,1,1,0.6124836882183021
a17,62,1,1,0.6237433188072201
a17,63,1,1,0.6205562078270731
a17,64,1,1,0.5382018783456252
a17,65,1,1,0.6120259817218032
a17,66,1,1,0.6447343930341667
a17,67,1,1,0.5523371994976922
a17,68,1,1,0.5354369221514153
a17,69,1,1,0.7488872154153595
a17,70,1,1,0.614505739005594
a17,71,1,1,0.6862734931777061
a17,72,1,1,0.8377861032891145
a17,73,1,1,0.6714117776871357
a17,74,1,1,0.7904010785186444
a17,75,1,1,0.7509712065875037
a17,76,1,1,0.8197938225320826
a17,77,1,1,0.8142770050743304
a17,78,1,1,0.8131894643123984
a17,79,1,1,0.7386721536746473
a17,80,1,1,0.7838983008825139
a17,81,1,1,0.7102523091243426
a17,82,1,1,0.5358339501387968
a17,83,0,0,0.32322857139623595
a17,84,0,0,0.497568900304013
a17,85,0,0,0.43162287908927843
a17,86,0,0,0.4247913747794892
a17,87,0,1,0.5627188903597156
a17,88,0,0,0.4274242129582959
a17,89,0,0,0.45966345604544784
a17,90,1,1,0.5929934148346037
a17,91,1,0,0.3284328256153759
a17,92,0,0,0.33415438124855784
a17,93,0,0,0.33238249987707036
a17,94,0,0,0.35533781523272007
a17,95,0,0,0.32054503219867597
a17,96,0,0,0.3199249438146317
a17,97,1,1,0.7886348481307139
a17,98,1,1,0.5361543165585158
a17,99,1,1,0.7275481003918934
a17,100,1,1,0.821266002457398
a17,101,1,1,0.5381769870507528
a17,102,0,0,0.40332954582594566
a17,103,0,0,0.36177104839945556
a17,104,0,0,0.3959770895086787
a17,105,0,0,0.41936873734279995
a17,106,0,0,0.3420336576927469
a17,107,0,0,0.3573270008150895
a17,108,0,0,0.3319417910498817
a17,109,0,0,0.33840642335488014
a17,110,0,0,0.35623264748740163
a17,111,0,0,0.38312787709985835
a17,112,0,0,0.34277874104607897
a17,113,0,0,0.4014753183174191
a17,114,0,0,0.3324600536677889
a17,115,0,0,0.27802185719869627
a17,116,0,0,0.3340649241922805
a17,117,0,0,0.323544182443927
a17,118,0,0,0.3016922079541323
a17,119,0,1,0.5261436999577587
a17,120,1,1,0.6871428640750984
a17,121,1,1,0.8417441445130796
a17,122,1,1,0.5161195926545744
a17,123,1,1,0.7059791623176305
a17,124,1,1,0.7775611848616781
a17,125,1,1,0.6168929983845997
a17,126,1,1,0.778536374976574
a17,127,1,1,0.8059570169696472
a17,128,1,1,0.8107930462945666
a17,129,1,1,0.8172356068393621
a17,130,1,1,0.7295332181420849
a17,131,1,1,0.7259883296957856
a17,132,1,1,0.8275980191958872
a17,133,1,1,0.6567544791388076
a17,134,1,1,0.836662492015364
a17,135,1,1,0.6414041780447487
a17,136,1,1,0.6890935821233474
a17,137,1,1,0.6363106395665418
a17,138,1,1,0.6115829001388016
a17,139,1,1,0.6109432777594126
a17,140,1,0,0.4501978365622925
a17,141,1,0,0.30848947575701596
a17,142,0,0,0.3110727971106437
a17,143,0,0,0.33661882376827296
a17,144,0,1,0.540719740048657
a17,145,1,1,0.6076145596597958
a17,146,1,1,0.7082238205470726
a17,147,1,0,0.49753625157506726
a17,148,1,1,0.7097742866561264
a17,149,1,1,0.6999681728083553
a17,150,1,1,0.7430761177555486
a17,151,1,1,0.5033611952307505
a17,152,1,1,0.7926360544964351
a17,153,1,1,0.6265273617371225
a17,154,1,1,0.7713456867712888
a17,155,1,1,0.5978230880675037
a17,156,1,1,0.6433670719786679
a17,157,1,1,0.6252736939059723
a17,158,1,1,0.6985401269492171
a17,159,1,0,0.478235503637037
a17,160,0,1,0.7301141838787231
a17,161,1,1,0.7830791587520847
a17,162,1,0,0.4635969372084391
a17,163,1,1,0.8055682188241222
a17,164,1,1,0.7741242328375083
a17,165,1,0,0.07489726122757413
a17,166,0,0,0.18568600420259188
a17,167,0,0,0.4097251882458069
a17,168,0,0,0.2801147026426329
a17,169,0,0,0.21384065995980808
a17,170,0,0,0.2675055490612384
a17,171,0,0,0.3338378903558001
a17,172,0,0,0.28346858608034065
a17,173,0,0,0.2530427730685366
a17,174,0,0,0.3633823748437371
a17,175,0,0,0.21957963065647998
a17,176,0,0,0.3609885319943789
a17,177,0,0,0.22382717225907986
a17,178,0,0,0.3132665462507027
a17,179,0,0,0.242884216795635
a17,180,0,0,0.2509649116057408
a17,181,0,0,0.3323899690755938
a17,182,0,0,0.2444432611559569
a17,183,0,0,0.2756456264142112
a17,184,0,0,0.2515524935787232
a17,185,0,0,0.2889963475532252
a17,186,0,0,0.3410611867287811
a17,187,0,0,0.27434404506610244
a17,188,0,0,0.4530105198650272
a17,189,0,0,0.253172279140059
a17,190,0,0,0.35904860992141685
a17,191,0,0,0.2958402666828777
a17,192,0,0,0.3433982067687621
a17,193,0,0,0.3993660273519047
a17,194,0,0,0.4018328369001277
a17,195,0,0,0.3771620661499242
a17,196,0,0,0.47865858130102673
a17,197,0,0,0.37610926136344475
a17,198,0,0,0.420758327363356
a17,199,1,1,0.5308008788020598
a17,200,1,1,0.6126319172320436
a17,201,1,1,0.6170000085544585
a17,202,1,0,0.47137349797710204
a17,203,1,1,0.5922027030942865
a17,204,1,1,0.5242672621459299
a17,205,1,1,0.7138291715366686
a17,206,1,1,0.7235349668741086
a17,207,1,1,0.7088364957948157
a17,208,1,0,0.4347885861057702
a17,209,1,0,0.38192089907816995
a17,210,0,0,0.45368105102686584
a17,211,0,1,0.5747490088052063
a17,212,0,0,0.4318942253665666
a17,213,0,0,0.43820941054260876
a17,214,0,0,0.3742293760337256
a17,215,0,0,0.3720964382407268
a17,216,0,0,0.37721123216851593
a17,217,0,0,0.3517212449655684
a17,218,0,0,0.44941924663205524
a17,219,0,1,0.5486390519224269
a17,220,0,0,0.38044382689998424
a17,221,0,0,0.32617253760443454
a17,222,0,1,0.6582741975533257
a17,223,0,0,0.37825418718697584
a17,224,0,0,0.48178832969446506
a17,225,0,0,0.4698548166243063
a17,226,0,0,0.4222549629011378
a17,227,0,1,0.5532205802897879
a17,228,0,0,0.4817555836041963
a17,229,1,1,0.5059293745769996
a17,230,1,1,0.5729479274429494
a17,231,1,0,0.47713261122171136
a17,232,1,1,0.7570217186263696
a17,233,1,1,0.7141606050342018
a17,234,1,1,0.5346029004813848
a17,235,1,1,0.5866503553989582
a17,236,1,1,0.6325466509255615
a17,237,1,0,0.47769469254430336
a17,238,1,0,0.46834962127587604
a17,239,1,1,0.6443527195109022
a17,240,1,1,0.5213910874204511
a17,241,1,0,0.4573951174601027
a17,242,1,1,0.5051767268697368
a17,243,1,0,0.4577879300453515
a17,244,0,0,0.3356989763675122
a17,245,0,0,0.2941925790773419
a17,246,0,0,0.3276381914932903
a17,247,0,0,0.31953489797231194
a17,248,0,0,0.33882108514082243
a17,249,0,0,0.33081200359899376
a17,250,0,0,0.3413567944757335
a17,251,0,0,0.3054555369906924
a17,252,0,0,0.3108413352321797
a17,253,0,0,0.31694096015310225
a17,254,0,0,0.30945693332297797
a17,255,0,0,0.3143318769773152
a17,256,0,0,0.3195963436878555
a17,257,0,0,0.2758081175364694
a17,258,0,0,0.37784903241411294
a17,259,0,0,0.33109700741595605
a17,260,0,0,0.3229244416450743
a17,261,0,1,0.6477970149798429
a17,262,0,0,0.2204227632213419
a17,263,0,0,0.2446688932263311
a17,264,1,1,0.5301538821379517
a17,265,1,1,0.7251795126093565
a17,266,1,1,0.6264176254403677
a17,267,1,1,0.7602009018466162
a17,268,1,1,0.6462170482690677
a17,269,1,1,0.7891855379963942
a17,270,1,1,0.6142347817178168
a17,271,1,1,0.6754553557256069
a17,272,1,1,0.6904795457514314
a17,273,1,1,0.6510741274918893
a17,274,1,1,0.5414095337866993
a17,275,1,1,0.7505776468064606
a17,276,1,1,0.7352450871972452
a17,277,1,1,0.7675663588188157
a17,278,1,1,0.717830419284545
a17,279,1,1,0.7070542590480523
a17,280,1,1,0.6882516466870194
a17,281,1,1,0.6565541665855754
a17,282,1,1,0.6627124755648892
a17,283,1,1,0.7598738199349393
a17,284,1,1,0.8577578323624313
a17,285,1,1,0.7368931981744327
a17,286,1,1,0.859033383569916
a17,287,1,1,0.8013391789404182
a17,288,1,1,0.7131839980764737
a17,289,1,1,0.6040554262574013
a17,290,1,1,0.7872506073336011
a17,291,1,1,0.7074488652312061
a17,292,1,1,0.5677224667220517
a17,293,1,1,0.7770594700230427
a17,294,1,1,0.7316432700926279
a17,295,1,1,0.8400090248627371
a17,296,1,1,0.6988511729931649
a17,297,1,1,0.7605559512183971
a17,298,1,0,0.3684154601542149
a17,299,0,0,0.37603201459691765
a17,300,0,0,0.39501677830681886
a17,301,0,0,0.412530144486082
a17,302,0,1,0.5492041773509773
a17,303,0,0,0.38050229149116427
a17,304,0,1,0.9049604713114088
a17,305,0,0,0.3555852193364988
a17,306,0,0,0.3149390972408469
a17,307,0,1,0.716443103022579
a17,308,0,0,0.41495667737499287
a17,309,0,0,0.48402020795096207
a17,310,0,0,0.4839060489533417
a17,311,0,1,0.5999774386666679
a17,312,0,0,0.33611006478551836
a17,313,0,1,0.5933267590175618
a17,314,0,0,0.39280412054679864
a17,315,0,1,0.5136279186695595
a17,316,1,0,0.4908396427211174
a17,317,0,1,0.7788291343819256
a17,318,0,1,0.5655567357554021
a17,319,0,1,0.6160144160268818
a17,320,0,1,0.731434791610618
a17,321,0,0,0.35690687332272514
a17,322,0,1,0.5371952880702564
a17,323,0,0,0.38540064666859636
a17,324,0,1,0.6312972689362729
a17,325,0,0,0.4355589934192086
a17,326,0,1,0.5067363153076789
a17,327,0,0,0.2992998644573015
a17,328,0,0,0.347790840692757
a17,329,0,0,0.45044489930356785
a17,330,0,1,0.6966439527059878
a17,331,0,1,0.5402610892733806
a17,332,0,0,0.41456021817556027
a17,333,0,1,0.5275724472429294
a17,334,0,1,0.6536668717292005
a17,335,0,1,0.6257926670270801
a17,336,0,0,0.37057225263085786
a17,337,0,1,0.5294728803936577
a17,338,0,0,0.31845741590874793
a17,339,0,0,0.354717413034662
a17,340,0,0,0.3523056797250592
a17,341,0,0,0.35802869307008256
a17,342,0,0,0.3717732553787002
a17,343,0,0,0.3591800334309086
a17,344,0,0,0.3851158284316266
a17,345,0,1,0.6550228550986491
a17,346,0,0,0.3675215948136553
a17,347,0,0,0.3274489018655017
a17,348,0,0,0.3747233449373211
a17,349,0,0,0.3672432102403235
a17,350,0,0,0.34332012680473145
a17,351,0,0,0.3510040663367745
a17,352,0,0,0.35520682468778436
a17,353,0,0,0.33441783518104784
a17,354,0,0,0.35548140154927066
a17,355,0,0,0.4059608749281549
a17,356,0,0,0.32613334516815673
a17,357,0,0,0.3305173883126813
a17,358,0,0,0.3083961424518399
a17,359,0,0,0.3010871081909214
a17,360,0,0,0.3397919901869262
a17,361,0,0,0.330652618623163
a17,362,0,0,0.3667870823307967
a17,363,0,0,0.3209192838491358
a17,364,0,1,0.5075855153117675
a17,367,1,1,0.7679633243370263
a17,368,1,0,0.2080794966165709
a17,369,1,1,0.5501415542973617
a17,370,1,1,0.6184712616857417
a17,371,1,1,0.7025594877636486
a17,372,1,1,0.6476291205628831
a17,373,0,0,0.2217829293731165
a17,374,0,1,0.5834285823837365
a17,375,0,1,0.6768803843660148
a17,376,0,0,0.42476658688414004
a17,377,0,0,0.32391710902149207
a17,378,0,0,0.3885929231103818
a17,379,0,0,0.3858045587007202
a17,380,0,1,0.6989945761353291
a17,381,1,1,0.6724565079355231
a17,382,1,1,0.6226848685554137
a17,383,1,0,5.532361248620116e-05
a17,384,0,0,0.00034202021427234277
a17,385,0,0,0.13239140189329232
a17,386,0,1,0.610424123662174
a17,387,0,1,0.5061836340356373
a17,388,0,0,0.4819247057715407
a17,389,0,1,0.611100713314789
a17,390,0,1,0.5573945196560188
a17,391,0,0,0.4356482356699144
a17,392,0,0,0.3966082211118615
a17,393,1,0,0.47312206472432616
a17,394,1,1,0.5047965962915292
a17,395,1,1,0.5661391977079666
a17,396,1,1,0.5290710773591699
a17,397,1,0,0.15321266818660023
a17,398,1,1,0.5463472816835728
a17,399,1,1,0.6587453589557468
a17,400,1,0,0.43460485300637364
a17,401,0,0,0.34208535856500555
a17,402,0,0,0.4049593111662405
a17,403,0,0,0.39563979393604487
a17,404,0,0,0.3363714043257749
a17,405,0,0,0.33414426784575313
a17,406,0,0,0.29182033551601644
a17,407,0,0,0.39152825103056105
a17,408,0,0,0.4101047848750144
a17,409,0,1,0.7818922106690749
a17,410,0,0,2.239442109033851e-09
a17,411,0,0,0.321889652879768
a17,412,0,1,0.7922494658768426
a17,413,0,0,0.33523238850655435
a17,414,0,0,0.4589286986303621
a17,415,0,0,0.3515199800393049
a17,416,0,1,0.6289647316281222
a17,417,0,0,0.40328075735031504
a17,418,0,0,0.3698332326105076
a17,419,0,0,0.42978775714932477
a17,420,0,0,0.4444614928780342
a17,421,0,1,0.680098780743438
a17,422,0,0,2.6216605637732517e-06
a17,423,0,0,0.15366155340291726
a17,424,0,1,0.530246408258593
a17,425,0,0,0.4838152200501215
a17,426,0,1,0.5899755337661217
a17,427,0,1,0.6039973863480865
a17,428,0,0,0.499234959387333
a17,429,0,0,0.40618893372207704
a17,430,0,0,0.40589095799894975
a17,431,0,0,0.46890343692906983
a17,432,0,0,0.49197611346508563
a17,433,0,0,0.3836509914656774
a17,434,0,1,0.5981920900791644
a17,435,0,0,0.4031313713071756
a17,436,0,0,0.4286225477536596
a17,437,0,0,0.46240913383368426
a17,438,0,0,0.3942664120016493
a17,439,0,0,0.391885266366227
a17,440,0,0,0.3947418819809265
a17,441,0,0,0.41749847107387267
a17,442,0,0,0.43250585136040276
a17,443,0,0,0.35137794406902156
a17,444,0,0,0.4516704293266246
a17,445,0,1,0.7480512812423546
a17,446,0,0,0.4912664819896213
a17,447,0,0,0.3916347040528612
a17,448,0,0,0.37310311865755963
a17,449,0,0,0.4331933176691019
a17,450,0,0,0.4014962907022241
a17,451,0,0,0.40095600457151526
a17,452,0,0,0.3877794747927351
a17,453,0,0,0.4086076062084881
a17,454,0,0,0.3959700449983019
a17,455,0,0,0.38838703785134027
a17,456,0,0,0.08642339197716431
a17,457,0,0,0.37442781212962967
a17,458,0,0,0.3652436593600638
a17,459,0,0,0.39446064247580953
a17,460,0,1,0.6581373092837997
a17,461,0,1,0.654838208553996
a17,462,1,1,0.5539768751593707
a17,463,0,1,0.6272795447493645
a17,464,0,1,0.6096751527652836
a17,465,0,0,0.39192029165331915
a17,466,0,0,0.36713166641953493
a17,467,0,0,0.3733476512848924
a17,468,0,0,0.3568441836605324
a17,469,0,0,0.3528095050060555
a17,470,0,0,0.34708841785977596
a17,471,0,0,0.446542185431724
a17,472,0,0,0.3770907142357959
a17,473,0,0,0.38195194595170406
a17,474,0,1,0.5205393337268359
a17,475,0,1,0.6498881266910294
a17,476,0,0,0.34657170084941236
a17,477,0,0,0.4054365703889777
a17,478,0,1,0.6210599529317669
a17,479,0,0,0.3998770504306972
a17,480,0,0,0.4709189629853814
a17,481,0,0,0.4728140995598721
a17,482,0,0,0.4881007316789613
a17,483,0,0,0.1940653804159649
a17,484,0,0,0.22745443963014536
a18,1,0,0,0.39010633439707953
a18,2,0,0,0.35484805938233405
a18,3,0,1,0.7660277881758284
a18,4,0,0,0.4723929435318423
a18,5,0,0,0.2789781995186079
a18,6,0,0,0.3924800222590468
a18,7,0,0,0.495898000963371
a18,8,0,0,0.3498884881688508
a18,9,0,0,0.3210062675414197
a18,10,0,0,0.3598110742040646
a18,11,0,0,0.36714072290868316
a18,12,0,0,0.3331045785126291
a18,13,0,0,0.3861076325699616
a18,14,0,0,0.3669772566070441
a18,15,0,1,0.6359580038389158
a18,16,0,0,0.40368526267112875
a18,17,0,0,0.4304766190687142
a18,18,0,1,0.7040788291418303
a18,19,0,1,0.6707953552741
a18,20,0,0,0.34612731968819815
a18,21,0,0,0.300341882741024
a18,22,0,1,0.6291222950475377
a18,23,0,1,0.6208212421725081
a18,24,0,0,0.38276048339100965
a18,25,0,1,0.5970154670153538
a18,26,0,1,0.5133304888035847
a18,27,0,0,0.3246685022330343
a18,28,0,0,0.360789019389525
a18,29,0,0,0.2754830942212816
a18,30,0,0,0.3222815054006987
a18,31,0,0,0.2920558557758027
a18,32,0,0,0.35236384235832086
a18,33,1,0,0.25357253493780496
a18,34,1,0,0.38998355898813797
a18,35,1,0,0.34491159025090967
a18,36,1,0,0.31750287289891266
a18,37,1,0,0.30543536870602844
a18,38,1,0,0.3147978289583086
a18,39,1,0,0.3707503197068303
a18,40,1,0,0.3144042955520818
a18,41,1,0,0.3333828927991709
a18,42,1,1,0.5365286120222306
a18,43,1,0,0.36854531043511235
a18,44,1,0,0.3014030130978216
a18,45,1,0,0.4099173052363539
a18,46,1,0,0.35512169264956406
a18,47,1,0,0.31104293116220494
a18,48,1,0,0.3167806545926844
a18,49,1,0,0.42266772145332543
a18,50,1,0,0.3114866086282787
a18,51,1,0,0.3224861799735262
a18,52,1,0,0.30517433909944125
a18,53,1,0,0.3397654242143351
a18,54,1,0,0.356739970842479
a18,55,1,0,0.3652655261822773
a18,56,1,1,0.6058261998192578
a18,57,1,0,0.24886507245583606
a18,58,1,0,0.34172678222416053
a18,59,1,0,0.3567466010162566
a18,60,1,0,0.31114200656438185
a18,61,1,0,0.3732590731574855
a18,62,1,1,0.6161614881733712
a18,63,1,0,0.33909704243557753
a18,64,1,0,0.2938885302065402
a18,65,1,0,0.31354506179519326
a18,66,1,0,0.2785155547141148
a18,67,1,0,0.2911420162852848
a18,68,1,0,0.30387479388631106
a18,69,1,0,0.30836588558186767
a18,70,1,0,0.2992841235810997
a18,71,1,0,0.3041264170555864
a18,72,1,0,0.2542929178519746
a18,73,1,0,0.24540470995477864
a18,74,1,0,0.3210650951272308
a18,75,1,0,0.3613568929397961
a18,76,1,0,0.4019849883385925
a18,77,1,0,0.28443583937463934
a18,78,1,0,0.28092210720261296
a18,79,1,0,0.3558532205838958
a18,80,1,0,0.3200475783888089
a18,81,1,0,0.27803681663230656
a18,82,1,0,0.3064099243500065
a18,83,1,0,0.4036149102086263
a18,84,1,0,0.34180145683517016
a18,85,1,0,0.3828424030279346
a18,86,1,0,0.33786082395682354
a18,87,1,0,0.37608509593865513
a18,88,1,0,0.32557216815823714
a18,89,1,0,0.34299049687889116
a18,90,1,0,0.3513506365543419
a18,91,1,0,0.29312908046401376
a18,92,1,0,0.41099550943448265
a18,93,1,0,0.2562774604738878
a18,94,1,0,0.2921260002062611
a18,95,1,0,0.27874669137188085
a18,96,1,0,0.25856458735063265
a18,97,1,0,0.32967174964031337
a18,98,1,0,0.3102209318368363
a18,99,1,0,0.3368849942838712
a18,100,1,0,0.29684717573406094
a18,101,1,0,0.32476589745999945
a18,102,1,0,0.25108132649013304
a18,103,1,0,0.2628541018823765
a18,104,1,0,0.27564044080577815
a18,105,1,0,0.30706148995340043
a18,106,1,0,0.34786231016203933
a18,107,1,0,0.37816225098755457
a18,108,1,0,0.3387461750402771
a18,109,1,0,0.24533754237240402
a18,110,1,0,0.4211827607928132
a18,111,1,0,0.3229220996568095
a18,112,1,0,0.30466418192819716
a18,113,1,0,0.41524117046441605
a18,114,1,0,0.29793229717938596
a18,115,1,0,0.3759666287586356
a18,116,1,0,0.3034035481749527
a18,117,1,0,0.3854015841301049
a18,118,1,0,0.3163769336530111
a18,119,1,0,0.27425368415762813
a18,120,1,0,0.398801061530692
a18,121,1,0,0.42244762716750706
a18,122,1,0,0.2761895137361153
a18,123,1,0,0.32939341174117204
a18,124,1,0,0.40372072593354086
a18,125,1,0,0.31309104378604713
a18,126,1,0,0.2844561526842323
a18,127,1,0,0.29356639109472277
a18,128,1,0,0.497389486829194
a18,129,1,0,0.4023436334459408
a18,130,1,0,0.3152261306992685
a18,131,1,0,0.39065627356429755
a18,132,1,0,0.3634115196227286
a18,133,1,0,0.40336405057283964
a18,134,1,0,0.2652279852187296
a18,135,1,0,0.3125055392485372
a18,136,1,0,0.36901665162598624
a18,137,1,0,0.27867520962488973
a18,138,1,0,0.35498186596560405
a18,139,1,0,0.42586182253984
a18,140,1,0,0.32836117806014464
a18,141,1,0,0.4315077750711723
a18,142,1,0,0.35045829581861276
a18,143,1,0,0.32905391866347766
a18,144,1,1,0.501241065117658
a18,145,1,0,0.2847891228686865
a18,146,1,0,0.3331886835568106
a18,147,1,0,0.3007227758662984
a18,148,1,0,0.34599594952016477
a18,149,1,0,0.4537104425683428
a18,150,1,0,0.32670909335070386
a18,151,1,0,0.3736938384493051
a18,152,1,0,0.3181477033304495
a18,153,1,0,0.417786938422852
a18,154,1,0,0.3374514907813857
a18,155,1,0,0.30263348240578364
a18,156,1,0,0.3809398901070152
a18,157,1,0,0.3982106256802473
a18,158,1,0,0.31043626913263517
a18,159,1,0,0.45976391514762904
a18,160,1,0,0.35925771157843794
a18,161,1,0,0.3681851149625958
a18,162,1,0,0.4331262567005752
a18,163,1,0,0.44931846845814033
a18,164,1,0,0.30822100003967046
a18,165,1,0,0.3376240969966488
a18,166,1,1,0.5070099859073764
a18,167,1,0,0.28972843950774063
a18,168,1,0,0.26164784727018864
a18,169,1,1,0.5348630548833843
a18,170,0,1,0.8613900805529187
a18,171,0,1,0.5554358376722648
a18,172,0,0,0.4098027618496787
a18,173,0,1,0.760553971487064
a18,174,0,0,0.35870778951391225
a18,175,0,0,0.3552532765518885
a18,176,0,0,0.41033866541845887
a18,177,0,0,0.2905031768833789
a18,178,0,0,0.4271717689050397
a18,179,0,0,0.3591262711402586
a18,180,1,0,0.4598217597462444
a18,181,1,0,0.32145203590246535
a18,182,1,0,0.3158814652047039
a18,183,1,0,0.4789720894098739
a18,184,1,0,0.313285702797471
a18,185,1,0,0.37317687166807795
a18,186,1,1,0.7349388140495428
a18,187,0,1,0.601189809874774
a18,188,0,0,0.2678517192317594
a18,189,0,0,0.362882111406706
a18,190,1,0,0.3176090675655717
a18,191,1,0,0.31391290169983527
a18,192,1,0,0.30380113454683716
a18,193,1,0,0.32725556678480455
a18,194,1,0,0.30797784470155093
a18,195,0,0,0.2766515504434086
a18,196,1,0,0.3361816165960534
a18,197,1,0,0.33038478679892946
a18,198,1,0,0.2689705182275174
a18,199,1,0,0.3978370666408406
a18,200,1,0,0.35759470512025926
a18,201,1,0,0.30485596913681984
a18,202,1,0,0.3163508554921053
a18,203,1,0,0.2544322365082924
a18,204,1,0,0.2975659632990612
a18,205,1,1,0.5853128023809
a18,206,1,0,0.2461820901979947
a18,207,1,0,0.2746368500625444
a18,208,1,0,0.29003385974984747
a18,209,1,0,0.32732441544255864
a18,210,1,0,0.2976440993170257
a18,211,1,0,0.26696356716416614
a18,212,1,0,0.31811422849845883
a18,213,1,0,0.30947341479774443
a18,214,1,0,0.23093490349891696
a18,215,1,0,0.3121724982617032
a18,216,1,0,0.38117128237030484
a18,217,1,0,0.260101470560792
a18,218,1,0,0.319673451831076
a18,219,1,0,0.3423537516585971
a18,220,1,0,0.319962686510399
a18,221,1,0,0.3036465921558505
a18,222,1,0,0.32115404232518646
a18,223,1,1,0.5146553787572631
a18,224,1,0,0.2936699688376943
a18,225,1,0,0.283717173459004
a18,226,0,0,0.2754007723210333
a18,227,0,0,0.29804652437817525
a18,228,1,1,0.5718602202755607
a18,229,1,0,0.28775675830293695
a18,230,0,0,0.2824247697316106
a18,231,0,0,0.3357069371742336
a18,232,1,0,0.2371997666068789
a18,233,1,0,0.31173780266385176
a18,234,1,0,0.2992717868779124
a18,235,1,0,0.2802771132412355
a18,236,1,0,0.3165972398634561
a18,237,1,0,0.26899457025088613
a18,238,1,0,0.2781826420486949
a18,239,1,0,0.2901755432300843
a18,240,1,0,0.2805671653039763
a18,241,1,0,0.29817254625996453
a18,242,1,0,0.24124344294989497
a18,243,1,0,0.2874203632827629
a18,244,1,0,0.328918871713598
a18,245,1,0,0.29800439029866543
a18,246,1,0,0.27223399272718407
a18,247,1,0,0.2635450449305636
a18,248,1,0,0.33528762492543684
a18,249,1,1,0.8948497495636978
a18,250,1,0,0.19683287590214418
a18,251,1,0,0.22216925594198267
a18,252,1,0,0.2566601096602441
a18,253,1,0,0.22588148801725533
a18,254,1,0,0.29184198540598133
a18,255,1,0,0.2812215634584971
a18,256,1,0,0.2564996433326833
a18,257,1,0,0.30158367971392963
a18,258,1,0,0.38292217861678324
a18,259,1,0,0.3108160448347959
a18,260,1,0,0.2564968506316678
a18,261,1,0,0.33818006246041515
a18,262,1,0,0.2960897428571557
a18,263,1,0,0.25448399728553234
a18,264,1,1,0.6260152156128037
a18,265,1,0,0.31250859419002347
a18,266,1,1,0.8760712243932798
a18,267,1,1,0.5060863977885531
a18,268,1,0,0.4439209089427267
a18,269,1,0,0.4946362868670712
a18,270,1,0,0.3435598492352499
a18,271,1,1,0.5342950831753255
a18,272,1,0,0.32585435783546435
a18,273,1,0,0.38452757646399954
a18,274,1,0,0.12131259733813295
a18,275,1,1,0.5592079028728401
a18,276,1,0,0.27292118446799263
a18,277,1,1,0.588087855718905
a18,278,1,0,0.27478753876141226
a18,279,1,0,0.3086044112368312
a18,280,1,0,0.3115929718216223
a18,281,1,1,0.6073939404578796
a18,282,1,0,0.383737051875548
a18,283,1,0,0.35071230657329594
a18,284,1,0,0.30896381009077295
a18,285,1,0,0.32254002770216006
a18,286,1,0,0.2973292258036203
a18,287,1,1,0.5043861632115345
a18,288,1,1,0.8249119351534226
a18,289,1,0,0.2217259966038651
a18,290,1,0,0.28606775278846575
a18,291,1,0,0.2587890029678991
a18,292,1,0,0.3896820361710456
a18,293,1,0,0.29505140221862436
a18,294,1,0,0.2683194266714537
a18,295,1,0,0.3388366215693738
a18,296,1,0,0.3198412540385971
a18,297,1,0,0.3170814818315943
a18,298,1,0,0.3188074933383964
a18,299,1,1,0.6363147549873432
a18,300,1,0,0.22965887698253137
a18,301,1,0,0.28869230268434604
a18,302,1,0,0.4660547378123786
a18,303,1,0,0.37387357302183416
a18,304,1,0,0.3477374706255615
a18,305,1,0,0.30827222603096843
a18,306,1,0,0.359954975611542
a18,307,1,0,0.41394616004718476
a18,308,1,0,0.15473947552377923
a18,309,1,1,0.7298312370322708
a18,310,1,0,0.2579845242967844
a18,311,1,0,0.283837427696236
a18,312,1,0,0.257806761475887
a18,313,1,0,0.43975435162014037
a18,314,1,0,0.31023108785533565
a18,315,1,0,0.27125640792430433
a18,316,1,0,0.2964107955188409
a18,317,1,0,0.2814685015069321
a18,318,1,0,0.4100403449503956
a18,319,1,0,0.2640129871239026
a18,320,1,0,0.40155527700447585
a18,321,1,0,0.2959548600667963
a18,322,1,0,0.3855365260499436
a18,323,1,0,0.2884569574967943
a18,324,1,0,0.43224267483162304
a18,325,1,0,0.4220316724287573
a18,326,1,0,0.2991359713572239
a18,327,1,1,0.7819818825674133
a18,328,1,0,0.23030214377138908
a18,329,1,0,0.26477306918815774
a18,330,1,0,0.4388739118612435
a18,331,1,0,0.3523762143404615
a18,332,1,0,0.31883216630198147
a18,333,1,0,0.2843022291104395
a18,334,1,0,0.3072107812133492
a18,335,1,0,0.3217391743025268
a18,336,1,0,0.2992831073385355
a18,337,1,0,0.24336603710642746
a18,338,1,0,0.3593591078774946
a18,339,1,0,0.4952993714536492
a18,340,1,0,0.34118133054051825
a18,341,1,0,0.3905935108187237
a18,342,1,1,0.8129502926760257
a18,343,1,0,0.3341043208814768
a18,344,1,1,0.5375861689589081
a18,345,1,0,0.2713352718673439
a18,346,1,0,0.31232878637817196
a18,347,1,0,0.28480538955612644
a18,348,1,1,0.7644125031370602
a18,349,1,0,0.22803917417235176
a18,350,1,0,0.30711778589793304
a18,351,1,0,0.2930545778421432
a18,352,1,0,0.30371552765997495
a18,353,1,0,0.29250975019430214
a18,354,1,0,0.3460907420282975
a18,355,1,1,0.6608435566188752
a18,356,1,0,0.2607792528655832
a18,357,1,0,0.28975568970856685
a18,358,1,0,0.2911340606238453
a18,359,1,0,0.2984442461354939
a18,360,1,0,0.3452467070283441
a18,361,1,1,0.625007844480212
a18,362,1,1,0.5483721422056838
a18,363,1,0,0.31410963662321
a18,364,1,0,0.45733448311403513
a18,365,1,0,0.2526342156169913
a18,366,1,0,0.39892854297429353
a18,367,1,0,0.2384059119712766
a18,368,1,1,0.6841485158379451
a18,369,1,1,0.6951113243988092
a18,370,1,0,0.49436652192770186
a18,371,1,1,0.7020601877770815
a18,372,1,1,0.6844804463432277
a18,373,1,1,0.868962419139217
a18,374,1,1,0.5983727396522733
a18,375,1,1,0.7505869011495132
a18,376,1,1,0.5238117170814944
a18,377,1,1,0.6555845252330301
a18,378,1,1,0.8955022246978118
a18,379,1,0,0.255643707436807
a18,380,1,1,0.5485739628885714
a18,381,1,1,0.7153449633376303
a18,382,1,0,0.466109966052409
a18,383,1,1,0.6393610371519325
a18,384,1,0,0.2872422765108972
a18,385,1,0,0.3504001255270583
a18,386,1,0,0.31591096799257057
a18,387,1,0,0.33324909724651836
a18,388,1,1,0.7373276316863507
a18,389,1,1,0.8569254815225705
a18,390,1,0,0.28567284249861813
a18,391,1,0,0.27996270156828845
a18,392,1,0,0.32508937539947447
a18,393,1,0,0.3930145657333139
a18,394,1,0,0.3244992219380986
a18,395,1,1,0.5574851371566737
a18,396,1,0,0.4035958674729449
a18,397,1,0,0.2712154310341937
a18,398,1,0,0.2785924230520761
a18,399,1,0,0.3227986246250247
a18,400,1,0,0.24647589495560687
a18,401,1,0,0.3110783486594748
a18,402,1,0,0.36463030974874866
a18,403,1,0,0.43194189109130227
a18,404,1,0,0.3463680947377387
a18,405,1,0,0.27323852098993395
a18,406,1,0,0.3309037316630949
a18,407,1,0,0.3028194220782425
a18,408,1,0,0.2695655436482875
a18,409,1,0,0.2885384197199877
a18,410,1,0,0.2653503555217338
a18,411,1,0,0.23277136473239912
a18,412,1,0,0.2676446624961235
a18,413,1,1,0.5373139739873121
a18,414,1,0,0.2788283083689999
a18,415,1,0,0.3341991168521635
a18,416,1,0,0.2887201407060931
a18,417,1,0,0.29796477283032935
a18,418,1,1,0.6808691384770601
a18,419,1,1,0.9351301112533711
a18,420,1,0,0.19447880223613268
a18,421,1,0,0.29412913511914707
a18,422,1,1,0.6315570837609067
a18,423,1,1,0.5331724943574758
a18,424,1,0,0.3877221754788708
a18,425,1,0,0.26490731481396207
a18,426,1,0,0.35170602964745845
a18,427,1,0,0.2850964145357605
a18,428,1,0,0.3497046995687767
a18,429,1,0,0.2595754879570109
a18,430,1,0,0.3204623937610629
a18,431,1,0,0.28700247479382995
a18,432,1,0,0.2603077728992618
a18,433,1,0,0.3241296458376337
a18,434,1,0,0.2942085900735369
a18,435,1,0,0.4734438779524589
a18,436,1,0,0.22840116835262855
a18,437,1,0,0.2894813408712924
a18,438,1,0,0.28210235302675146
a18,439,1,0,0.26583443270065416
a18,440,1,0,0.31626601164152385
a18,441,1,0,0.3056924542115057
a18,442,1,0,0.24408594660020042
a18,443,1,0,0.36121666004378006
a18,444,1,0,0.33270153331924585
a18,445,1,0,0.3588492465642182
a18,446,1,1,0.8710278284594448
a18,447,1,0,0.1457242066747103
a18,448,1,0,0.35917253761757184
a18,449,1,0,0.27591528473246146
a18,450,1,1,0.7810085937044743
a18,451,1,0,0.23573902827838047
a18,452,1,0,0.24870358804103426
a18,453,1,0,0.3326866293303758
a18,454,1,0,0.2765456228730629
a18,455,1,0,0.33117698513847427
a18,456,1,0,0.27817256819904995
a18,457,1,0,0.38184354015601163
a18,458,1,0,0.31193652002977196
a18,459,1,0,0.3779889699770667
a18,460,1,0,0.39397166390553445
a18,461,1,0,0.2730911037250701
a18,462,1,0,0.29674672860902823
a18,463,1,0,0.3344429336007103
a18,464,1,0,0.43162008955106473
a18,465,1,0,0.25439098334467797
a18,466,1,0,0.272403072206293
a18,467,1,0,0.3712227442189527
a18,468,1,0,0.34609976645472534
a18,469,1,0,0.43106660476687636
a18,470,1,0,0.3324078554648592
a18,471,1,0,0.31054703422455826
a18,472,1,0,0.40609877737852434
a18,473,1,0,0.3334313548063515
a18,474,1,0,0.29042638343160687
a18,475,1,0,0.29074257415457
a18,476,1,0,0.3107793670406256
a18,477,1,0,0.3761699936005129
a18,478,1,0,0.3482626753408969
a18,479,1,0,0.36598281056369775
a18,480,1,0,0.34275795500550077
a18,481,1,0,0.3210084028712
a18,482,1,0,0.3500133142612302
a18,483,1,0,0.3788909141899679
a18,484,1,0,0.37473977791069885
a18,485,1,0,0.4077154195673882
a18,486,1,0,0.3549392833560967
a18,487,1,0,0.40039561976458066
a18,488,1,1,0.6074917319423531
a19,1,1,0,0.4071789131085799
a19,2,1,1,0.5017433927773091
a19,3,1,0,0.46957997587996386
a19,4,1,0,0.49369182541373774
a19,5,1,1,0.5677006730546635
a19,6,1,0,0.4236360973378629
a19,7,0,0,0.4002367750327537
a19,8,0,0,0.42338945473639633
a19,9,1,0,0.4015788121524329
a19,10,1,1,0.5291911499584485
a19,11,1,1,0.5433094479046973
a19,12,1,0,0.401877811561683
a19,13,1,0,0.477694969050917
a19,14,0,0,0.25884569205884383
a19,15,0,0,0.3241103126027612
a19,16,0,0,0.48187951516130967
a19,17,0,0,0.4881701509500609
a19,18,0,0,0.281301758682076
a19,19,0,1,0.5023221709062708
a19,20,0,0,0.46304901104545393
a19,21,0,0,0.3589409138788236
a19,22,0,0,0.3856967850927008
a19,23,0,0,0.43451618944999565
a19,24,0,0,0.4875752579312403
a19,25,0,0,0.30010120425796355
a19,26,0,0,0.4015973806944706
a19,27,1,1,0.5237657394719953
a19,28,0,0,0.46423251312045716
a19,29,0,0,0.4076886746024697
a19,30,0,0,0.36077834423549876
a19,31,0,0,0.36727019522981585
a19,32,0,0,0.3658405429087384
a19,33,0,0,0.43942358979342644
a19,34,0,0,0.3849931144569332
a19,35,0,0,0.3011039732739025
a19,36,0,0,0.32905275926560024
a19,37,0,0,0.3552051533176883
a19,38,0,0,0.3098428940388892
a19,39,0,0,0.28968127695031093
a19,40,0,0,0.43542985643810356
a19,41,0,0,0.3843258499575405
a19,42,0,0,0.31534132223741085
a19,43,0,0,0.2844906532572013
a19,44,0,0,0.29247584277480126
a19,45,0,0,0.31036166705124363
a19,46,0,0,0.4250076435744661
a19,47,0,0,0.2639551915917006
a19,48,0,0,0.34889307017182425
a19,49,0,0,0.3157753269476193
a19,50,0,0,0.35683587136398615
a19,51,0,0,0.3195697965225181
a19,52,0,0,0.31518168570788396
a19,53,0,0,0.42737452309326646
a19,54,0,1,0.6305313931700793
a19,55,0,0,0.30719343932337406
a19,56,0,0,0.31264578603175985
a19,57,0,0,0.3159984952290617
a19,58,0,0,0.322213034106734
a19,59,0,0,0.32755333879623594
a19,60,0,0,0.307581612046572
a19,61,0,0,0.3033499916199585
a19,62,0,0,0.3102907346153935
a19,63,0,0,0.31051277568393715
a19,64,0,0,0.3158336735360008
a19,65,0,0,0.30094766612591983
a19,66,0,0,0.31165382864210794
a19,67,0,0,0.3060920903807366
a19,68,0,0,0.3519222985722199
a19,69,0,0,0.2655632518717763
a19,70,0,0,0.3077136349532977
a19,71,0,0,0.3623170033124929
a19,72,0,0,0.31889134225271254
a19,73,0,0,0.40003883013419556
a19,74,0,0,0.3519629512942821
a19,75,0,0,0.31650504936703383
a19,76,0,0,0.3525094734367621
a19,77,0,0,0.3651298749714542
a19,78,0,0,0.2958970967555285
a19,79,0,0,0.2876650952721294
a19,80,0,0,0.36408228654814295
a19,81,0,0,0.29770416191884547
a19,82,0,0,0.3961928185896443
a19,83,0,0,0.3809576538910404
a19,84,0,0,0.30769567293791883
a19,85,0,0,0.23452807698323117
a19,86,0,0,0.39445271826369505
a19,87,1,0,0.4957182392668577
a19,88,1,0,0.364911504609739
a19,89,1,0,0.3324320073444002
a19,90,1,0,0.4807866170090496
a19,91,1,1,0.5470013113637204
a19,92,1,1,0.5758762055437344
a19,93,1,1,0.6076642352610176
a19,94,1,1,0.5784672123216128
a19,95,1,1,0.5613812628195306
a19,96,1,1,0.6225369639878431
a19,97,1,1,0.6762363156868929
a19,98,1,0,0.38006384852759323
a19,99,0,0,0.33077253359016195
a19,100,0,0,0.3399152163121903
a19,101,0,0,0.37340223158588537
a19,102,0,0,0.3516945796744352
a19,103,0,0,0.3674572141402098
a19,104,0,1,0.5735014832886058
a19,105,0,0,0.3400987027393614
a19,106,0,0,0.3171921240744638
a19,107,0,0,0.3245289379909867
a19,108,0,1,0.5330018214718895
a19,109,0,0,0.48105992207052123
a19,110,0,0,0.30228461242546106
a19,111,0,0,0.3095989662793404
a19,112,0,0,0.33648722067241854
a19,113,0,0,0.30734668338733
a19,114,0,0,0.2896830951161051
a19,115,0,0,0.34197858420012045
a19,116,0,0,0.2989208865785329
a19,117,0,0,0.31931771145219845
a19,118,0,0,0.3391813116312649
a19,119,0,0,0.3387966394738255
a19,120,0,0,0.3206777178725656
a19,121,0,0,0.29687684843327633
a19,122,0,0,0.2848202557879211
a19,123,0,0,0.3201914429661728
a19,124,0,0,0.2757105010314102
a19,125,0,0,0.21124369397635281
a19,126,0,0,0.23017663838934327
a19,127,0,0,0.26315820457115807
a19,128,0,0,0.26804280050129525
a19,129,0,0,0.2598386190610748
a19,130,0,0,0.2485121538618303
a19,131,0,0,0.2502439846785532
a19,132,0,0,0.27730464056091336
a19,133,0,0,0.2616166339334168
a19,134,0,0,0.25354500667371954
a19,135,0,0,0.2570051038375682
a19,136,0,0,0.34905010693868144
a19,137,0,0,0.2638232228369389
a19,138,0,0,0.19581035893583246
a19,139,0,0,0.304222107974107
a19,140,0,0,0.28339629738088307
a19,141,0,0,0.2836415082495021
a19,142,0,0,0.26241401642934314
a19,143,0,0,0.29592581358461495
a19,144,0,0,0.29755465010637683
a19,145,0,0,0.28274013966847805
a19,146,0,0,0.2917497796156536
a19,147,0,0,0.351347676170765
a19,148,0,1,0.5898302954379174
a19,149,1,0,0.38600722569246126
a19,150,1,0,0.43806941683416595
a19,151,1,1,0.5943507128319276
a19,152,1,1,0.6183972512377324
a19,153,1,0,0.4833059543526809
a19,154,1,0,0.38649954960600497
a19,155,1,1,0.6558972035524999
a19,156,1,1,0.5842496378091264
a19,157,1,0,0.47527381109823574
a19,158,1,1,0.6538904944991286
a19,159,1,0,0.39119510767023236
a19,160,1,1,0.6415862101381032
a19,161,1,0,0.48406332543061587
a19,162,1,1,0.7386509465208602
a19,163,1,1,0.6064344315145467
a19,164,1,1,0.509721560281217
a19,165,1,1,0.532374461888466
a19,166,1,1,0.6428956720627392
a19,167,1,1,0.6105665072024592
a19,168,1,0,0.41185969708168113
a19,169,1,1,0.5919238290884377
a19,170,1,1,0.5406903241183456
a19,171,1,1,0.7337813999120352
a19,172,1,1,0.6105160988103429
a19,173,1,1,0.5126631940237864
a19,174,1,0,0.40718098134262065
a19,175,1,0,0.33022741873724537
a19,176,0,0,0.3080093400859226
a19,177,0,0,0.3315056378255375
a19,178,0,0,0.3224419924731749
a19,179,0,0,0.3140858293104294
a19,180,0,0,0.27958127615592077
a19,181,0,0,0.30146541407333455
a19,182,0,0,0.43699069085356573
a19,183,0,0,0.3263159359286361
a19,184,0,0,0.2858014432677065
a19,185,0,0,0.276739217539972
a19,186,0,0,0.31634803741185774
a19,187,0,0,0.29890995540451004
a19,188,0,0,0.30682061873813166
a19,189,0,0,0.30430475285923597
a19,190,0,0,0.26150459042826096
a19,191,0,0,0.27013588972801195
a19,192,0,0,0.29992045248659277
a19,193,0,0,0.26431832363446667
a19,194,0,0,0.27806580251588875
a19,195,1,0,0.29012721062736563
a19,196,0,0,0.292033779004852
a19,197,0,0,0.2971204644384633
a19,198,0,0,0.2786799239723504
a19,199,0,0,0.2876692828832751
a19,200,0,0,0.28884763414707015
a19,201,0,0,0.29949707143563253
a19,202,0,0,0.290009256501615
a19,203,0,0,0.27189104033857975
a19,204,0,0,0.27730946550486346
a19,205,0,0,0.2792718181228907
a19,206,0,0,0.2841298850996511
a19,207,0,0,0.29299347980179363
a19,208,0,0,0.25018672822075194
a19,209,0,0,0.24006692695282694
a19,210,0,0,0.4537831397286795
a19,211,0,0,0.255809077282316
a19,212,1,0,0.45939978387874636
a19,213,1,1,0.6246544292809613
a19,214,1,0,0.43583246553004235
a19,215,1,0,0.4580799847720009
a19,216,1,1,0.5071812801678373
a19,217,1,1,0.582450730455423
a19,218,1,0,0.38117211877464885
a19,219,1,1,0.5510077745420061
a19,220,1,1,0.6629769956377566
a19,221,1,0,0.4573792095493137
a19,222,1,0,0.47750294858813513
a19,223,1,0,0.35091431744795015
a19,224,1,0,0.48389903877363083
a19,225,1,1,0.5095527490404723
a19,226,1,0,0.4792340398688542
a19,227,1,0,0.49481847477177987
a19,228,1,1,0.5216713719136677
a19,229,1,1,0.5187415280132611
a19,230,1,1,0.6242578445972414
a19,231,1,0,0.48803883583526725
a19,232,1,1,0.5703415184569548
a19,233,1,1,0.5778934804860378
a19,234,1,1,0.5684647612743172
a19,235,1,1,0.593618007560947
a19,236,1,1,0.5696043031032715
a19,237,1,1,0.5706543124099402
a19,238,0,0,0.4340185627692717
a19,239,0,0,0.2922263133720745
a19,240,0,0,0.2983910367989489
a19,241,0,0,0.3146977825108743
a19,242,0,0,0.2742373450858591
a19,243,0,0,0.28290874389403886
a19,244,0,0,0.25702531483346047
a19,245,0,0,0.2932269475927916
a19,246,0,0,0.3980871142738979
a19,247,1,0,0.41942122387896336
a19,248,1,0,0.42320470103944957
a19,249,1,1,0.5280046342389143
a19,250,1,0,0.4389249191105858
a19,251,1,0,0.34693725263759223
a19,252,1,0,0.42643832764293593
a19,253,1,1,0.6067921398002708
a19,254,1,1,0.6892203957082729
a19,255,1,1,0.5438549593023256
a19,256,1,1,0.5487976150091883
a19,257,1,1,0.5085603064463651
a19,258,1,1,0.654510266806358
a19,259,1,1,0.5602584665707832
a19,260,1,1,0.5705064857822392
a19,261,1,1,0.5976623637588877
a19,262,1,1,0.5247359109859175
a19,263,1,1,0.6239468405276015
a19,264,1,1,0.5044727540356682
a19,265,1,1,0.6241338534041544
a19,266,1,0,0.4472496673912965
a19,267,1,1,0.5482369075603499
a19,268,1,1,0.5820943732917992
a19,269,1,0,0.48100306764862044
a19,270,1,1,0.6738750329496006
a19,271,1,1,0.6177397638602089
a19,272,1,1,0.7110881242915252
a19,273,1,1,0.6399265078657064
a19,274,1,1,0.5853204952184364
a19,275,1,0,0.4991852191726191
a19,276,1,1,0.6002161983460408
a19,277,1,1,0.5754952479141138
a19,278,1,1,0.633837663254435
a19,279,0,0,0.44027705246839
a19,280,0,0,0.27291711092637
a19,281,0,0,0.2862277496236674
a19,282,0,0,0.30552502750302474
a19,283,0,0,0.31444964387494856
a19,284,0,0,0.3103307136657243
a19,285,0,0,0.36307146508611743
a19,286,0,0,0.3144686712418181
a19,287,0,0,0.30522390599188076
a19,288,0,0,0.31809136900001705
a19,289,0,0,0.2871826054797917
a19,290,0,0,0.2829924047150548
a19,291,0,0,0.27058851663622635
a19,292,0,0,0.3678950709726282
a19,293,0,0,0.31376289666989765
a19,294,0,0,0.29604222858785695
a19,295,0,0,0.3290643404020599
a19,296,0,0,0.32250281701836236
a19,297,0,0,0.2701022234325598
a19,298,0,0,0.28065198006704195
a19,299,0,0,0.3213394840691403
a19,300,0,0,0.32372593454010823
a19,301,0,0,0.30144459494529985
a19,302,0,0,0.2695542351859151
a19,303,0,0,0.38439907381274774
a19,304,0,0,0.2635907108440997
a19,305,0,0,0.3509811705720333
a19,306,0,0,0.2760667706374756
a19,307,0,0,0.2273431089907615
a19,308,0,0,0.28339704440754965
a19,309,0,0,0.25670066469146036
a19,310,0,0,0.2591982216642771
a19,311,0,0,0.38241006428330043
a19,312,0,0,0.3562648532393537
a19,313,0,0,0.46186839509731137
a19,314,1,0,0.3315561296459291
a19,315,1,0,0.4929169664416739
a19,316,1,0,0.4812213126329643
a19,317,1,1,0.5130347862102973
a19,318,1,0,0.356868613922156
a19,319,1,1,0.5592074625301038
a19,320,1,0,0.39394791699244375
a19,321,1,1,0.6176547987118198
a19,322,1,1,0.5013900360398418
a19,323,1,1,0.5352100876689296
a19,324,1,1,0.5638155119134934
a19,325,1,1,0.5552174015215005
a19,326,1,1,0.6795265092493823
a19,327,1,1,0.5218231651394223
a19,328,1,1,0.614377777132499
a19,329,1,1,0.6360045969021587
a19,330,1,0,0.4105731868207991
a19,331,1,1,0.5229912724047431
a19,332,1,1,0.614187882849697
a19,333,1,1,0.5240769120683534
a19,334,1,1,0.570003727169584
a19,335,1,1,0.676683958117753
a19,336,1,1,0.757911360909497
a19,337,1,1,0.7063299898043973
a19,338,1,1,0.6428194457177016
a19,339,1,1,0.6310492324861152
a19,340,1,1,0.628807196303172
a19,341,1,1,0.5554217523536855
a19,342,0,0,0.32934917590240337
a19,343,0,0,0.37724741224636554
a19,344,0,0,0.3453646149539203
a19,345,0,0,0.31606065344591033
a19,346,0,1,0.5559143388729512
a19,347,1,0,0.3898453484430989
a19,348,0,0,0.3034201723490407
a19,349,0,0,0.33471592385263765
a19,350,0,0,0.3034918738548057
a19,351,0,0,0.3044163554247921
a19,352,0,0,0.3156834684075154
a19,353,0,0,0.272372099103424
a19,354,0,0,0.32376095833688
a19,355,0,0,0.3088763890849056
a19,356,0,0,0.2878731347380507
a19,357,0,0,0.3113113448446613
a19,358,0,0,0.28462691886208
a19,359,0,0,0.28771734312970837
a19,360,0,0,0.2976579757400735
a19,361,0,0,0.3095702508615852
a19,362,0,0,0.3322248617129191
a19,363,0,0,0.3016155240841537
a19,364,0,0,0.29431386932160314
a19,365,0,0,0.3547357107519342
a19,366,0,0,0.25405196923826334
a19,367,0,0,0.3950227817936447
a19,368,0,0,0.24972640905698168
a19,369,0,0,0.3321910377226245
a19,370,0,0,0.31403950027545996
a19,371,0,0,0.27992124111318645
a19,372,0,0,0.30452285214689584
a19,373,0,0,0.24121337041406746
a19,374,0,0,0.25885015992400934
a19,375,0,0,0.42468246653978653
a19,376,0,0,0.4351550685699279
a19,377,1,0,0.4203695172381158
a19,378,1,1,0.5661894947001559
a19,379,1,1,0.6695246116078784
a19,380,1,1,0.6331367984333633
a19,381,1,1,0.7430538576544926
a19,382,1,1,0.7049160021628653
a19,383,1,0,0.4991693624865958
a19,384,1,1,0.6945844027096238
a19,385,1,1,0.6656269814940872
a19,386,1,1,0.7445002386323496
a19,387,1,1,0.7044069658582129
a19,388,1,1,0.5752378294319336
a19,389,1,1,0.7741996538716442
a19,390,1,1,0.6868254103431747
a19,391,1,0,0.4541185328462457
a19,392,1,1,0.629247797184275
a19,393,1,1,0.6694116884769005
a19,394,1,0,0.34806789500176516
a19,395,1,0,0.4827161724526717
a19,396,0,0,0.3929253213434948
a19,397,0,0,0.37606311706874807
a19,398,0,0,0.330051591302842
a19,399,0,0,0.390173126816044
a19,400,0,0,0.3075544035559203
a19,401,0,0,0.3168822892781435
a19,402,0,0,0.3108584252005982
a19,403,0,0,0.32263424789755735
a19,404,0,0,0.30548308896483417
a19,405,0,0,0.3214583420577846
a19,406,0,0,0.3414043907508874
a19,407,0,0,0.3451258634266719
a19,408,0,0,0.30002686327504163
a19,409,0,0,0.28327267685727126
a19,410,0,0,0.32172511279351795
a19,411,0,0,0.380556145041243
a19,412,0,0,0.3756736433279332
a19,413,0,0,0.32819329183033735
a19,414,0,0,0.3556392480563315
a19,415,0,0,0.3322482031446206
a19,416,0,0,0.34107946948210127
a19,417,0,0,0.2470925492175407
a19,418,0,0,0.27644405505253133
a19,419,0,0,0.3075117001546825
a19,420,0,0,0.25925676826437727
a19,421,0,0,0.35990646342518046
a19,422,0,0,0.25937812566068563
a19,423,0,0,0.30976979192149323
a19,424,0,0,0.29887234286751585
a19,425,0,0,0.3750919740407106
a19,426,0,0,0.3872494830111311
a19,427,0,0,0.30477407436788023
a19,428,0,0,0.25677650273602987
a19,429,0,0,0.3114016775184847
a19,430,0,0,0.3266789314277778
a19,431,0,0,0.3741516897111254
a19,432,0,0,0.3030742728677711
a19,433,0,0,0.3338443061513134
a19,434,0,0,0.2945706306021394
a19,435,0,0,0.39520680852424345
a19,436,0,0,0.3164065531783423
a19,437,0,0,0.29011594048269274
a19,438,0,0,0.4358608249275234
a19,439,1,1,0.5879252109845658
a19,440,1,0,0.46966290738922684
a19,441,1,0,0.44884911113330334
a19,442,1,1,0.5229455812301177
a19,443,1,1,0.6318198305529812
a19,444,1,0,0.4734789592180095
a19,445,1,1,0.6779925080132854
a19,446,1,1,0.5963152428366159
a19,447,1,1,0.6816055546534062
a19,448,1,1,0.5360714677359412
a19,449,1,1,0.6516498292765712
a19,450,1,1,0.5330599172024091
a19,451,1,1,0.6116287456985907
a19,452,1,1,0.5276742591862329
a19,453,1,1,0.6549959560722122
a19,454,1,1,0.5812676817107522
a19,455,1,0,0.4362877164459393
a19,456,1,1,0.5634838639847833
a19,457,0,0,0.4717210351321449
a19,458,1,1,0.5619764731800516
a19,459,1,1,0.6035638917535039
a19,460,1,1,0.5719061155240801
a19,461,1,1,0.680007618375931
a19,462,1,1,0.6418152357911217
a19,463,1,1,0.7540141438293351
a19,464,1,0,0.43299992034388085
a19,465,1,0,0.42985313090199695
a19,466,0,0,0.39711754088562023
a19,467,0,0,0.4645758220202844
a19,468,0,0,0.4687611863443466
a19,469,0,0,0.37216369133006305
a19,470,0,0,0.38340112681721544
a19,471,0,0,0.3582292518921922
a19,472,0,0,0.45005035946079397
a19,473,0,0,0.36854077809720476
a19,474,0,0,0.337878329404824
a19,475,0,0,0.33736701155384136
a19,476,0,0,0.3539518990638898
a19,477,0,0,0.3491808287184666
a19,478,0,1,0.5305197144224374
a19,479,1,0,0.43112184785770996
a19,480,0,1,0.6112231202158371
a19,481,1,0,0.40983119854192784
a19,482,0,0,0.39183549044980165
a19,483,1,1,0.5897499397508575
a19,484,1,1,0.5242696271487333
a19,485,1,0,0.3688840574406366
a19,486,1,1,0.6770651420199763
a19,487,1,1,0.5929033332181359
a19,488,1,1,0.600816401333876
a19,489,1,0,0.4197699032149538
a19,490,1,1,0.5424630541488191
a19,491,1,1,0.6557709574688189
a19,492,1,0,0.4148194435692682
a19,493,1,1,0.5720903651884365
a19,494,1,1,0.5215476078309246
a19,495,1,0,0.4399351707091104
a19,496,1,0,0.48314440245732937
a19,497,1,1,0.5394396379652205
a19,498,1,1,0.5603238147209345
a19,499,1,0,0.49791817363726437
a19,500,1,1,0.5391498892949507
a19,501,1,1,0.677409713443868
a20,1,0,0,0.2708480687819643
a20,2,0,0,0.42632295933830094
a20,3,0,0,0.3548464053877891
a20,4,0,0,0.49085152978517127
a20,5,0,0,0.3280572405956881
a20,6,0,0,0.36181589560864885
a20,7,0,0,0.3393864881800235
a20,8,0,1,0.6117000786626422
a20,9,0,1,0.6242774133454468
a20,10,0,1,0.5170906353506993
a20,11,0,1,0.5053761178360003
a20,12,0,0,0.4526246048672912
a20,13,0,0,0.396103432986172
a20,14,0,1,0.5112247039469584
a20,15,0,1,0.7470066351606086
a20,16,0,0,0.44433455993155097
a20,17,0,0,0.4880213543477326
a20,18,0,0,0.38527449456387675
a20,19,0,0,0.4031548805132045
a20,20,0,1,0.7309495063898113
a20,21,0,1,0.774594221779903
a20,22,0,1,0.6464545868482838
a20,23,0,1,0.5960190041121814
a20,24,0,0,0.3992379984940125
a20,25,0,0,0.44617729134370804
a20,26,0,0,0.3214814477088712
a20,27,0,0,0.26521273193739275
a20,28,0,1,0.5260438848278066
a20,29,0,0,0.31535315965278193
a20,30,0,0,0.40154960837541154
a20,31,0,0,0.3454146381348125
a20,32,0,0,0.4767728173050479
a20,33,0,0,0.46753342857136226
a20,34,0,0,0.4774939345735626
a20,35,0,1,0.8615780233665739
a20,36,0,0,0.36244983099483324
a20,37,0,0,0.4039882559216506
a20,38,0,0,0.3743849221133191
a20,39,0,0,0.31313934589841713
a20,40,0,0,0.39215881207668163
a20,41,0,1,0.5103895000697181
a20,42,0,0,0.3904732085127108
a20,43,0,0,0.3235362984786642
a20,44,0,0,0.3630174675173473
a20,45,0,0,0.3580396154146841
a20,46,0,0,0.3743437771158323
a20,47,0,0,0.419740791775843
a20,48,0,0,0.3728438664084711
a20,49,0,0,0.3552701063509852
a20,50,1,1,0.6561827526178942
a20,51,1,1,0.5369792310920608
a20,52,1,1,0.6277738413581587
a20,53,1,1,0.5459651476268294
a20,54,1,1,0.6974034069092577
a20,55,1,1,0.6498659703499307
a20,56,1,1,0.5812869821432032
a20,57,1,1,0.6219178083830926
a20,58,1,1,0.5361294954939974
a20,59,1,0,0.38677028210604647
a20,60,1,1,0.5618784798533801
a20,61,1,1,0.5517471505775243
a20,62,1,0,0.45265818030756766
a20,63,1,1,0.5014036787011042
a20,64,1,1,0.6257060774977221
a20,65,1,0,0.48066327622219074
a20,66,1,1,0.6107865723586657
a20,67,1,1,0.5926275975418609
a20,68,1,1,0.5402931819857513
a20,69,1,1,0.6314490469881964
a20,70,1,1,0.6191463535259869
a20,71,1,1,0.525207326287176
a20,72,0,0,0.3687142726311909
a20,73,0,1,0.5772131215091111
a20,74,1,0,0.47743940840996507
a20,75,1,0,0.4844100117131361
a20,76,1,1,0.5838518936323411
a20,77,1,1,0.5866053877638948
a20,78,1,1,0.582709853762138
a20,79,1,0,0.4997662749673399
a20,80,1,0,0.4954383936075916
a20,81,1,1,0.5024334634049853
a20,82,1,1,0.6440238285438263
a20,83,0,0,0.31062220263289897
a20,84,0,0,0.4033367025659749
a20,85,0,0,0.41028779541871824
a20,86,0,0,0.3918666991069622
a20,87,0,0,0.31399643326944615
a20,88,0,0,0.3855155555021188
a20,89,1,0,0.43187151933651535
a20,90,1,0,0.4850330140741587
a20,91,1,1,0.5847182224503886
a20,92,0,0,0.4123031211594256
a20,93,0,0,0.4826101118075849
a20,94,1,0,0.48518383220691574
a20,95,1,1,0.5809755229088452
a20,96,1,1,0.5487752879905581
a20,97,1,0,0.43728759870343664
a20,98,1,0,0.47532255368685394
a20,99,1,0,0.48101053029260166
a20,100,1,0,0.4024238710320651
a20,101,1,0,0.45636921753815834
a20,102,1,1,0.5854277685637631
a20,103,1,1,0.6285359061118404
a20,104,1,0,0.45600423465927226
a20,105,1,0,0.41530291478513914
a20,106,1,1,0.620123007844274
a20,107,1,1,0.6178142313115301
a20,108,1,1,0.5680642531012078
a20,109,1,0,0.47296420952652907
a20,110,1,1,0.5829802807039963
a20,111,1,0,0.43558263662470076
a20,112,1,0,0.44378130134989957
a20,113,1,0,0.4175820864001084
a20,114,1,1,0.5517010370257701
a20,115,1,1,0.5383625744396162
a20,116,1,0,0.48622733642469673
a20,117,1,1,0.5340110532600582
a20,118,1,1,0.5031848326867425
a20,119,1,1,0.6395839235372284
a20,120,1,1,0.5002324379417449
a20,121,1,0,0.46078545060313525
a20,122,1,1,0.6535876234168707
a20,123,1,0,0.46542132668480374
a20,124,0,0,0.43259336613348165
a20,125,0,0,0.39834792842656175
a20,126,0,0,0.42786855513809424
a20,127,0,0,0.49113444711656234
a20,128,1,0,0.42027228362105845
a20,129,1,0,0.4692041947854112
a20,130,1,0,0.4558036164245814
a20,131,1,1,0.5102306967848483
a20,132,1,1,0.5067250620201885
a20,133,1,1,0.5404807910645123
a20,134,1,1,0.5307033064396073
a20,135,0,0,0.3931541889331235
a20,136,0,0,0.37518744608072563
a20,137,0,1,0.5156668388260148
a20,138,1,1,0.5826788582979454
a20,139,1,1,0.5952841451094909
a20,140,1,1,0.6023359168176113
a20,141,1,0,0.4601554881289319
a20,142,1,1,0.7207177196338561
a20,143,1,0,0.44409349853007724
a20,144,1,1,0.5592388982252802
a20,145,1,1,0.5554347324776785
a20,146,1,1,0.599620713151479
a20,147,1,1,0.5983207701043872
a20,148,1,1,0.567166817177506
a20,149,1,1,0.5184744994288887
a20,150,1,1,0.6020834922478706
a20,151,1,1,0.648978525526019
a20,152,1,1,0.6668125475891761
a20,153,1,1,0.56079029659861
a20,154,1,1,0.6915826106566801
a20,155,1,1,0.6302587934526256
a20,156,1,1,0.5612727150864429
a20,157,1,1,0.531653978256706
a20,158,1,1,0.6402203518419244
a20,159,1,1,0.5509987546370723
a20,160,1,1,0.5383418102686093
a20,161,1,1,0.6151175846349363
a20,162,1,1,0.578482197803059
a20,163,1,1,0.600533840541511
a20,164,1,1,0.6382773417685955
a20,165,1,1,0.6684362288990855
a20,166,1,1,0.5196291105365943
a20,167,1,1,0.5252006394859826
a20,168,1,1,0.5998319137265026
a20,169,1,1,0.6324412764290578
a20,170,1,1,0.595345829417613
a20,171,1,0,0.43085055777997083
a20,172,1,1,0.5524854087675052
a20,173,1,1,0.6176649763493334
a20,174,1,1,0.6579291933888893
a20,175,1,1,0.5441188876295793
a20,176,1,1,0.6407712212073639
a20,177,1,1,0.5252158790513773
a20,178,1,1,0.5687356541387785
a20,179,1,1,0.601066671565469
a20,180,1,1,0.5120989415300625
a20,181,1,1,0.5398537486099856
a20,182,1,1,0.5987190484341279
a20,183,1,1,0.5376417458750988
a20,184,1,1,0.5525710236878563
a20,185,1,1,0.5829438274855171
a20,186,1,0,0.47464033915333675
a20,187,1,1,0.5831554627140447
a20,188,1,1,0.6214910628876752
a20,189,0,0,0.39377345094453314
a20,190,0,0,0.4204369371644546
a20,191,1,1,0.5860386070447617
a20,192,1,0,0.48156637740372654
a20,193,1,1,0.5836142479797183
a20,194,1,1,0.7328881810147707
a20,195,0,0,0.3506169070058677
a20,196,0,0,0.374491134580463
a20,197,0,0,0.4754201297980594
a20,198,1,1,0.5733775986744236
a20,199,1,1,0.5492673618923808
a20,200,0,0,0.12881794154134227
a20,201,0,0,0.35532197449348607
a20,202,0,0,0.4233125168356163
a20,203,0,0,0.38452162660012895
a20,204,0,0,0.4694201487284221
a20,205,0,1,0.5251734277685873
a20,206,1,0,0.3710651196804728
a20,207,1,0,0.49138203063734015
a20,208,1,1,0.5179700696742275
a20,209,1,0,0.48473644812915917
a20,210,1,1,0.5348497368496684
a20,211,1,0,0.45449967537676533
a20,212,1,1,0.640840856406198
a20,213,1,0,0.4731656087818577
a20,214,1,1,0.6276438020695727
a20,215,1,1,0.5456298081300783
a20,216,1,1,0.5736042079128579
a20,217,1,1,0.6368435139889036
a20,218,1,1,0.5376227495613267
a20,219,1,1,0.6399388363613002
a20,220,1,1,0.6706891258153725
a20,221,1,0,0.46157562209935243
a20,222,1,1,0.5007286008348525
a20,223,1,1,0.5983667241837131
a20,224,1,1,0.6534626043006717
a20,225,1,1,0.5405316660688728
a20,226,1,1,0.6532977053019196
a20,227,1,1,0.8944058691069205
a20,228,1,1,0.6368218406801934
a20,229,1,1,0.6696026906747656
a20,230,1,1,0.6686025264864581
a20,231,1,1,0.5457376030304852
a20,232,1,1,0.6506275400994811
a20,233,1,1,0.6861022435396614
a20,234,1,1,0.7074397640472698
a20,235,1,1,0.6121605380145559
a20,236,1,1,0.6094705979254165
a20,237,1,1,0.732068620998705
a20,238,1,1,0.6999655452784034
a20,239,1,0,0.43225468345612333
a20,240,1,1,0.6174011684297931
a20,241,1,1,0.7082037344017331
a20,242,1,1,0.6079577217308695
a20,243,1,1,0.5725284686481463
a20,244,1,1,0.7443803376826071
a20,245,1,1,0.6326853723071153
a20,246,1,1,0.6534463942137376
a20,247,1,1,0.6584442345364783
a20,248,1,1,0.6629526149096776
a20,249,1,1,0.625182073745725
a20,250,1,1,0.7583883545534398
a20,251,1,1,0.6111510585640566
a20,252,1,1,0.7001537176950476
a20,253,1,1,0.7120766443024109
a20,254,1,0,0.48867022058562826
a20,255,1,1,0.6075550082318902
a20,256,1,1,0.5864369932111516
a20,257,1,1,0.5783472695793554
a20,258,1,1,0.6760566650643861
a20,259,1,1,0.5735663808695418
a20,260,1,1,0.7913266581470283
a20,261,1,1,0.6700670734755542
a20,262,1,1,0.6664750213072581
a20,263,1,1,0.5574490324930497
a20,264,1,1,0.7035143107823778
a20,265,1,1,0.7395174364176793
a20,266,0,0,0.3363673293626313
a20,267,0,1,0.5151450829131001
a20,268,0,0,0.4055034090561335
a20,269,1,1,0.563039624603583
a20,270,1,0,0.3090333569583342
a20,271,1,1,0.6457448641543685
a20,272,1,0,0.4658193537474791
a20,273,1,1,0.5495124581064331
a20,274,1,0,0.30800732738328057
a20,275,1,0,0.4758168076184118
a20,276,1,0,0.45173741466575107
a20,277,1,1,0.7071061563842633
a20,278,1,0,0.409520101117609
a20,279,1,0,0.47801598854198846
a20,280,1,0,0.43698473016555356
a20,281,0,0,0.16546636720125657
a20,282,0,0,0.39642728405681776
a20,283,0,0,0.4296008909336651
a20,284,0,0,0.4305789694174572
a20,285,0,0,0.4488005708187546
a20,286,0,0,0.4293139664171352
a20,287,0,0,0.4422627216252784
a20,288,0,0,0.4432316352522572
a20,289,0,0,0.4322697537951113
a20,290,0,0,0.3986242214392929
a20,291,0,0,0.37638862359641817
a20,292,0,0,0.38945624315778554
a20,293,0,0,0.3743834354240216
a20,294,1,1,0.5946388364630507
a20,295,1,1,0.5644175395984646
a20,296,1,0,0.44923024210267565
a20,297,1,1,0.6739243264690854
a20,298,1,1,0.5302569176043426
a20,299,1,1,0.6158406896481585
a20,300,1,0,0.4254017834221413
a20,301,0,0,0.37310301165109017
a20,302,0,0,0.4839319057076688
a20,303,0,0,0.3702525936137535
a20,304,0,0,0.43673097953900847
a20,305,0,0,0.40797136390725586
a20,306,0,0,0.3611067963736285
a20,307,0,0,0.412600553302402
a20,308,0,0,0.3980745174906912
a20,309,0,0,0.3779423594419899
a20,310,0,0,0.40832201221476444
a20,311,0,0,0.38538891481152404
a20,312,0,0,0.38848080738173796
a20,313,0,0,0.36596869266558935
a20,314,0,0,0.37927591786787046
a20,315,0,0,0.4073567658552911
a20,316,0,0,0.3921439032533857
a20,317,0,0,0.3721002727236899
a20,318,0,0,0.37825127062234287
a20,319,0,0,0.39061362460573856
a20,320,0,0,0.3950986363353786
a20,321,0,0,0.380644061008735
a20,322,0,0,0.4260384645797043
a20,323,0,0,0.36887002529623314
a20,324,0,0,0.4159161761321966
a20,325,0,0,0.3764578707611347
a20,326,0,0,0.386437580913334
a20,327,0,0,0.40595024026494825
a20,328,0,0,0.4004494382589655
a20,329,0,0,0.46670407450571416
a20,330,0,0,0.40697889732041453
a20,331,0,0,0.40299441400542746
a20,332,0,1,0.8691555289920517
a20,333,1,0,0.4157158407823116
a20,334,1,1,0.6179575775045193
a20,335,1,1,0.5150957971154264
a20,336,1,1,0.5067646651618294
a20,337,1,0,0.3350090435052905
a20,338,1,1,0.6424355492630726
a20,339,0,0,0.4530683185083035
a20,340,0,0,0.42531074656266776
a20,341,0,0,0.46884170715847023
a20,342,0,0,0.3221302382992972
a20,343,0,0,0.2925365851158631
a20,344,0,0,0.40409511409625354
a20,345,0,1,0.9450837211346024
a20,346,0,0,0.3940922084167788
a20,347,0,0,0.31774997451389225
a20,348,0,1,0.542961648693488
a20,349,0,0,0.45858225579370154
a20,350,0,0,0.4734228456683688
a20,351,0,0,0.4125101917152662
a20,352,0,1,0.8489411437718503
a20,353,1,0,0.37534881052891256
a20,354,1,1,0.5490077169061326
a20,355,1,1,0.5987724996878029
a20,356,1,1,0.5605117373292342
a20,357,1,1,0.6042905914001003
a20,358,1,1,0.5864406148237422
a20,359,1,1,0.5008360480996762
a20,360,1,1,0.7313160332020733
a20,361,1,1,0.6292151707443518
a20,362,1,1,0.6793275609754889
a20,363,1,1,0.6983558050696081
a20,364,1,1,0.6953688134612731
a20,365,1,1,0.6054325533114387
a20,366,1,1,0.6722235090514795
a20,367,1,1,0.5769704577633306
a20,368,1,1,0.5533688747015406
a20,369,1,1,0.6100545042123603
a20,370,1,1,0.6326639924611089
a20,371,1,1,0.6765699713391309
a20,372,1,1,0.7228267081402328
a20,373,1,1,0.656666188605153
a20,374,1,1,0.6197396300456485
a20,375,1,1,0.6527408326522494
a20,376,1,1,0.5412976049316957
a20,377,1,1,0.8136387551312373
a20,378,1,1,0.8683185489499802
a20,379,1,1,0.5997366251336188
a20,380,1,1,0.7438093285708385
a20,381,1,1,0.7005780485387394
a20,382,1,1,0.7090296112455217
a20,383,1,1,0.6672494903303873
a20,384,1,1,0.6653128228714786
a20,385,1,1,0.6946881641877446
a20,386,1,1,0.5946261733942114
a20,387,1,1,0.756627770776156
a20,388,1,1,0.6768466907544284
a20,389,1,0,0.48356566877692675
a20,390,1,1,0.9367767708478549
a20,391,1,0,0.32085311660140475
a20,392,0,0,0.47525131912601326
a20,393,0,0,0.3863243191963359
a20,394,0,0,0.4313229236350121
a20,395,0,0,0.4144837143952903
a20,396,0,0,0.37835802267552265
a20,397,0,0,0.3759272356401281
a20,398,0,0,0.39273960341065683
a20,399,0,0,0.46706813543692316
a20,400,0,1,0.5039741616315434
a20,401,0,0,0.38767652338960823
a20,402,0,0,0.45204037717433765
a20,403,0,0,0.4437651386493237
a20,404,0,0,0.37530816082170765
a20,405,0,1,0.6622794539716359
a20,406,1,1,0.8038982127753025
a20,407,1,0,0.47866674808388177
a20,408,1,1,0.6342635997969112
a20,409,0,0,0.33876870601213
a20,410,0,0,0.3915091019484784
a20,411,0,0,0.33574235999490626
a20,412,0,0,0.32298596542145797
a20,413,0,0,0.3928928956830137
a20,414,0,0,0.3923234499242551
a20,415,0,0,0.3769743676861891
a20,416,0,0,0.3875217231021448
a20,417,0,0,0.328548936424699
a20,418,0,1,0.5292476855611676
a20,419,0,0,0.3600956560684661
a20,420,0,0,0.4265970673924693
a20,421,0,0,0.36878332541850356
a20,422,0,0,0.4125600953561132
a20,423,0,0,0.4115427569789053
a20,424,0,0,0.34995369391362147
a20,425,0,1,0.603290779237734
a20,426,0,0,0.44729900607484774
a20,427,0,1,0.5035341912635403
a20,428,0,0,0.4055037472645579
a20,429,0,0,0.46422994922858934
a20,430,0,0,0.4108082455906002
a20,431,0,0,0.30058727498585613
a20,432,0,0,0.32718588556022876
a20,433,0,0,0.4224009205391204
a20,434,0,0,0.4528486382181978
a20,435,0,0,0.44237188932577465
a20,436,0,0,0.41898478710255377
a20,437,0,0,0.44014845003832953
a20,438,0,1,0.5235954011429108
a20,439,0,0,0.44593326913120546
a20,440,1,1,0.6363086067277163
a20,441,1,1,0.5679030001842752
a20,442,1,1,0.68592249180076
a20,443,1,1,0.5581155350006143
a20,444,1,1,0.575097324783012
a20,445,1,0,0.48790689646095514
a20,446,1,1,0.501194048540264
a20,447,1,1,0.6373569230741492
a20,448,1,1,0.6024848081034453
a20,449,1,1,0.6324317786784363
a20,450,1,0,0.42959198499751544
a20,451,1,1,0.589158723308616
a20,452,1,0,0.4225686800853018
a20,453,1,1,0.5756842287316976
a20,454,1,1,0.5560698328228761
a20,455,1,0,0.44784414235733955
a20,456,1,1,0.7140702328212041
a20,457,1,1,0.5517554009283505
a20,458,1,1,0.5326968283022788
a20,459,1,0,0.46533595164486596
a20,460,1,1,0.7383013892124568
a20,461,1,1,0.6755568189688366
a20,462,1,1,0.6485171765996063
a20,463,1,1,0.6270357245948666
a20,464,1,1,0.571073745422114
a20,465,1,1,0.8097351681693584
a20,466,1,1,0.6783522262201308
a20,467,1,1,0.5634506243717678
a20,468,1,1,0.5773815860685443
a20,469,1,1,0.6342842100223618
a20,470,1,1,0.6069942687880453
a20,471,1,1,0.5534310442949448
a20,472,1,1,0.6892836207971786
a20,473,1,1,0.6685028767930412
a20,474,1,1,0.6007378934390444
a20,475,1,1,0.8823400825229294
a20,476,1,1,0.584564644401496
a20,477,1,1,0.5110654159269833
a20,478,1,1,0.7094095842948811
a20,479,1,1,0.731767161713137
a20,480,1,1,0.5276996689852032
a20,481,1,1,0.6912880976637126
a20,482,1,1,0.7592935531189842
a20,483,1,1,0.6389058374330209
a20,484,1,1,0.5410431792128891
a20,485,1,0,0.4580306513664523
a20,486,1,1,0.6096196339707172
a20,487,1,1,0.7208576464009319
a20,488,1,0,0.4808269847054822
a20,489,1,1,0.6477409971591839
a20,490,1,1,0.6183133482165286
a20,491,1,1,0.6689110778733169
a20,492,1,1,0.6045389990943046
a20,493,0,1,0.7588353661402405
a20,494,0,1,0.8937085877817526
a20,495,0,1,0.6238189726958311
a20,496,0,1,0.6530034878965995
a20,497,1,1,0.523402930176358
a20,498,1,1,0.6115719775237506
a20,499,1,1,0.8454493116834024
a20,500,1,0,0.4835025809673663
a20,501,1,0,0.47019557268852974
a20,502,1,1,0.8659460821872513
a20,503,1,0,0.4020226038506616
a20,504,0,0,0.471810364969755
a20,505,0,0,0.4435820502812326
a20,506,0,0,0.29955126637261453
a20,507,0,1,0.6300625415119232
a20,508,0,0,0.26477754394349784
a20,509,0,1,0.5983032835282509
b01,1,0,0,0.4245263879498537
b01,2,0,0,0.39061305007065344
b01,3,0,0,0.2539780912516698
b01,4,0,0,0.4795172230400825
b01,5,1,0,0.4300232781373921
b01,6,0,0,0.39918268880774865
b01,7,0,1,0.5069092069658001
b01,8,0,0,0.34913634296211404
b01,9,0,1,0.8277541795986526
b01,10,0,1,0.8786532283536305
b01,11,0,0,0.21171921614644001
b01,12,0,0,0.3787848337307341
b01,13,0,0,0.4480525120349108
b01,14,0,0,0.26063838872239614
b01,15,0,0,0.27042796795533747
b01,16,0,0,0.2895412565501828
b01,17,0,1,0.5395662382082946
b01,18,0,0,0.40598967130456004
b01,19,0,0,0.44086081175154257
b01,20,0,0,0.47618246196449765
b01,21,0,0,0.49757282856079865
b01,22,0,0,0.3302588748460403
b01,23,0,0,0.3879478775252762
b01,24,0,1,0.5329329849604112
b01,25,0,0,0.4005300323203981
b01,26,0,0,0.44672588887824394
b01,27,0,0,0.4329348051591431
b01,28,0,1,0.7303006446855418
b01,29,0,0,0.3288914770227651
b01,30,0,0,0.328483221985991
b01,31,0,0,0.37148283214327493
b01,32,0,0,0.3837994716709446
b01,33,0,0,0.4171759433333747
b01,34,0,0,0.43062929353441604
b01,35,0,1,0.9088697175161827
b01,36,0,0,0.45582428639613376
b01,37,0,1,0.5743265078834544
b01,38,0,0,0.4915919893302753
b01,39,0,1,0.7295317194457177
b01,40,0,1,0.6058474292505996
b01,41,0,0,0.40010202558047536
b01,42,0,0,0.4730500215157914
b01,43,0,0,0.38351503795359004
b01,44,0,1,0.751243446643621
b01,45,0,1,0.6025456984072879
b01,46,0,0,0.4849437127826358
b01,47,0,0,0.4772410800488532
b01,48,0,1,0.7148743675925483
b01,49,0,0,0.2865153139917137
b01,50,0,1,0.5507067644858872
b01,51,0,0,0.3887484169586395
b01,52,0,1,0.6538433247430565
b01,53,0,0,0.38638600966574826
b01,54,0,0,0.41289891131586065
b01,55,0,0,0.3983419903989256
b01,56,0,0,0.4476607822783311
b01,57,0,0,0.46313306298426654
b01,58,0,0,0.4635155490970655
b01,59,0,0,0.4008280302686005
b01,60,0,0,0.46550177514075436
b01,61,0,0,0.028115626465064103
b01,62,0,0,0.3093541655337716
b01,63,0,1,0.8115838330640762
b01,64,0,1,0.6212254876817612
b01,65,0,1,0.8113730678853016
b01,66,0,1,0.761273856808354
b01,67,0,1,0.5826133776171466
b01,68,0,0,0.3968593142105668
b01,69,0,0,0.4431978838763938
b01,70,0,0,0.37522475290039686
b01,71,0,0,0.41752974962636163
b01,72,0,0,0.39655920586879534
b01,73,0,0,0.3945792311586735
b01,74,0,0,0.4071717358439557
b01,75,0,0,0.377249079060581
b01,76,0,0,0.35903385804600907
b01,77,0,0,0.37993171515524093
b01,78,0,0,0.35822183244041333
b01,79,0,0,0.342532456691621
b01,80,0,0,0.36462860908198585
b01,81,0,0,0.378586702919613
b01,82,0,0,0.38032167037670733
b01,83,0,0,0.3426194298251853
b01,84,0,0,0.3264293878882686
b01,85,0,0,0.35721917840312783
b01,86,0,0,0.34200742981088894
b01,87,0,0,0.3334271235967053
b01,88,0,0,0.43188862879601403
b01,89,0,0,0.3365042247842214
b01,90,0,0,0.3388503915070367
b01,91,0,0,0.3198484810927129
b01,92,0,0,0.33042827626192406
b01,93,0,0,0.32514274546603006
b01,94,0,0,0.34800916280390165
b01,95,0,0,0.33328018881449234
b01,96,0,0,0.3489956870908603
b01,97,0,0,0.3405871771619694
b01,98,0,1,0.7191737432581584
b01,99,0,1,0.8792436677320117
b01,100,0,1,0.7949867041323799
b01,101,0,1,0.7290399950476606
b01,102,0,1,0.8107233742892112
b01,103,0,1,0.5823270817519848
b01,104,0,0,0.4619579991483121
b01,105,0,1,0.5149584590432995
b01,106,0,0,0.399210699155513
b01,107,0,0,0.49762073683353364
b01,108,0,0,0.4649690494066361
b01,109,0,1,0.6136738690594382
b01,110,0,0,0.2299478021933078
b01,111,0,0,0.45319507103634865
b01,112,0,1,0.6590480115872408
b01,113,0,1,0.5394193878545305
b01,114,0,0,0.3793890816576741
b01,115,0,1,0.5400103102038196
b01,116,0,0,0.37451450376646195
b01,117,0,0,0.37632150129288694
b01,118,0,0,0.3876342941792626
b01,119,0,0,0.3725982769132595
b01,120,0,0,0.32061342154462485
b01,121,0,0,0.3571140868717861
b01,122,0,0,0.43571454151071276
b01,123,0,0,0.4775207877801001
b01,124,0,0,0.3998981562664908
b01,125,0,0,0.42240764770436434
b01,126,0,1,0.7165365382834042
b01,127,0,1,0.7610947638761818
b01,128,0,0,0.4517234439500513
b01,129,0,0,0.3721607244545876
b01,130,0,0,0.30969786853749265
b01,131,0,0,0.33105544574481244
b01,132,0,0,0.37204618533029504
b01,133,0,0,0.3437650326153192
b01,134,0,1,0.6890936686530243
b01,135,1,1,0.828842983613741
b01,136,0,0,0.290701361090317
b01,137,0,0,0.4081772475109348
b01,138,0,0,0.3742281254430004
b01,139,0,0,0.3515303214376227
b01,140,0,0,0.38928577996973746
b01,141,0,0,0.3827633721658239
b01,142,0,0,0.38985538277496795
b01,143,0,0,0.41533054744219644
b01,144,0,0,0.3694821093622468
b01,145,0,0,0.3596383836605475
b01,146,0,0,0.3391267033019931
b01,147,0,0,0.35396625260815
b01,148,0,0,0.4161131464455502
b01,149,0,0,0.3574915088676173
b01,150,0,0,0.3302247558626385
b01,151,0,0,0.3280905623520559
b01,152,0,0,0.3384211507320955
b01,153,0,0,0.32396145336503657
b01,154,0,0,0.3066445184726628
b01,155,0,0,0.3115924673319896
b01,156,0,0,0.34229577293941216
b01,157,0,0,0.33973048536804573
b01,158,0,1,0.7162157930153177
b01,159,1,1,0.6126551624814707
b01,160,1,1,0.7285196474780412
b01,161,1,1,0.6812741598806253
b01,162,1,0,0.48897599672350933
b01,163,0,0,0.4530290559301703
b01,164,0,1,0.7020507866531911
b01,165,0,1,0.7401192148730333
b01,166,0,1,0.6538377163947032
b01,167,0,0,0.3227117761294656
b01,168,0,1,0.7014224885679083
b01,169,0,1,0.6559328502753378
b01,170,0,0,0.3385938554905957
b01,171,0,1,0.7073512000658174
b01,172,0,0,0.45581495086129803
b01,173,0,1,0.6563184276399326
b01,174,0,1,0.7045580289640203
b01,175,0,1,0.7623149341539887
b01,176,0,1,0.7984540869004517
b01,177,0,0,0.36009335682944116
b01,178,0,1,0.6532858554051564
b01,179,0,1,0.5534571749267415
b01,180,0,1,0.749857503013907
b01,181,0,0,0.48585127269978834
b01,182,0,1,0.6679106017132213
b01,183,0,1,0.6689007517138033
b01,184,0,1,0.661654897198549
b01,185,0,1,0.7137677964591237
b01,186,0,0,0.4894179279912774
b01,187,0,0,0.4593611004732979
b01,188,0,1,0.5559033019432732
b01,189,0,1,0.572335863377097
b01,190,0,0,0.44152218649773134
b01,191,0,0,0.446768306780216
b01,192,0,0,0.26223119689249863
b01,193,0,0,0.2865615438217701
b01,194,0,0,0.3222735806663893
b01,195,0,0,0.4281726680457481
b01,196,0,0,0.4081675161318893
b01,197,0,0,0.3383468756545745
b01,198,0,0,0.2962218830490417
b01,199,0,0,0.27287690323488095
b01,200,0,0,0.2990020692560762
b01,201,0,0,0.3302712063807483
b01,202,0,0,0.3053930987924974
b01,203,0,0,0.3146590291526583
b01,204,0,0,0.26711944369117735
b01,205,0,0,0.35112200984608116
b01,206,0,0,0.2298899514355584
b01,207,0,0,0.30460945287888824
b01,208,0,0,0.3543153937792056
b01,209,0,0,0.2917323406210901
b01,210,0,0,0.3424329048017279
b01,211,0,0,0.3001097173196549
b01,212,0,0,0.24433009303405737
b01,213,0,0,0.3603672222678558
b01,214,0,0,0.30501534248314366
b01,215,0,0,0.40543587398157155
b01,216,0,0,0.3448758609668906
b01,217,0,0,0.36992571245422207
b01,218,0,1,0.5761592536182429
b01,219,0,0,0.2278666394935822
b01,220,0,1,0.5567979993859288
b01,221,0,0,0.46805241332088254
b01,222,0,1,0.5617622741014942
b01,223,0,0,0.3346420384889921
b01,224,0,0,0.3955586917780922
b01,225,0,0,0.41890828525009105
b01,226,0,0,0.3801381973352242
b01,227,0,1,0.7270476151238601
b01,228,0,0,0.3489764688877366
b01,229,0,0,0.39277893130932623
b01,230,0,0,0.3874057067590707
b01,231,0,0,0.37405524894287767
b01,232,0,0,0.3518563092181413
b01,233,0,0,0.34723035349949716
b01,234,0,0,0.3497668542193639
b01,235,0,0,0.34511979917265007
b01,236,0,0,0.34954742617651086
b01,237,0,0,0.35666397216179474
b01,238,0,0,0.3606167900466334
b01,239,0,0,0.36003505878688663
b01,240,0,0,0.40210798119289237
b01,241,0,0,0.3798194124190681
b01,242,0,0,0.41195295635297047
b01,243,0,0,0.4049562449938363
b01,244,0,0,0.3600917906689135
b01,245,0,0,0.3551388923508661
b01,246,0,0,0.4143061866307066
b01,247,0,0,0.35745167052890897
b01,248,0,0,0.3575582015015527
b01,249,0,0,0.3312741323381449
b01,250,0,0,0.3609764745954459
b01,251,0,0,0.35247527264479844
b01,252,0,0,0.35215892845619823
b01,253,0,0,0.3373935524016307
b01,254,0,0,0.33206759031233973
b01,255,0,0,0.41959299517004717
b01,256,0,0,0.3179363522197486
b01,257,0,0,0.3530296759638672
b01,258,0,0,0.35953307425809333
b01,259,0,0,0.3569307945460448
b01,260,0,0,0.3707071053996212
b01,261,0,0,0.3491656253458226
b01,262,0,0,0.3714844524700696
b01,263,0,0,0.34048955403390524
b01,264,0,0,0.35621382773610283
b01,265,0,0,0.39442174732753427
b01,266,0,0,0.3620770356164627
b01,267,0,0,0.35107381449709557
b01,268,0,0,0.3878784217065744
b01,269,0,0,0.33423718669144065
b01,270,0,0,0.34786644274231127
b01,271,0,1,0.7394554517469151
b01,272,0,1,0.6095651252939297
b01,273,0,1,0.7649860962532221
b01,274,0,1,0.7029927532073591
b01,275,0,1,0.5475242851428488
b01,276,0,1,0.7413444019649728
b01,277,0,1,0.6853028269403909
b01,278,0,1,0.6448883657212712
b01,279,0,0,0.3581406693621464
b01,280,0,0,0.4238844882205948
b01,281,0,0,0.41454057480321116
b01,282,0,0,0.46589616629401537
b01,283,0,0,0.3627750330943518
b01,284,0,0,0.4369973379136681
b01,285,0,0,0.31536267621875097
b01,286,0,0,0.41093112021914135
b01,287,0,0,0.427486673863733
b01,288,0,0,0.34745266789935647
b01,289,0,0,0.3379397784823324
b01,290,0,0,0.3184186986623829
b01,291,0,0,0.4095050428304492
b01,292,0,1,0.6452369154274201
b01,293,0,0,0.45240763855929567
b01,294,0,0,0.48406754864616475
b01,295,0,0,0.3499423688577686
b01,296,0,0,0.4152545879187133
b01,297,0,0,0.45102874230980566
b01,298,0,0,0.48340774292930905
b01,299,0,0,0.32359143816603286
b01,300,0,0,0.3956106427544906
b01,301,0,1,0.5431918768796139
b01,302,0,0,0.3550186913897377
b01,303,0,0,0.338944488205252
b01,304,0,0,0.42126617033469893
b01,305,0,1,0.7070010475191263
b01,306,0,1,0.5650436901195341
b01,307,0,1,0.733445032212849
b01,308,0,0,0.40696984203798453
b01,309,0,0,0.3989021443233601
b01,310,0,1,0.6594349914757999
b01,311,0,0,0.4595492426839563
b01,312,0,1,0.694882030213337
b01,313,0,1,0.547201475769184
b01,314,0,1,0.7135569017453539
b01,315,0,0,0.3542567352837892
b01,316,0,1,0.747388113522519
b01,317,0,0,0.45827580492816467
b01,318,0,0,0.4472454116230752
b01,319,0,1,0.5761234424958528
b01,320,0,0,0.33367467359196035
b01,321,0,0,0.37679344636676637
b01,322,0,0,0.39803286005164307
b01,323,0,0,0.3760609127404499
b01,324,0,0,0.4403382206574012
b01,325,0,0,0.477566998843556
b01,326,0,0,0.4217256079276982
b01,327,0,0,0.3944323220701079
b01,328,0,0,0.4157431436443006
b01,329,0,0,0.4241401044942426
b01,330,0,0,0.4036762341583323
b01,331,0,0,0.3726016512262967
b01,332,0,0,0.36400678904313716
b01,333,0,0,0.33636987607566743
b01,334,0,0,0.42226150496914555
b01,335,0,0,0.46235225239567684
b01,336,0,0,0.4690089900292887
b01,337,0,0,0.46212735838929475
b01,338,0,1,0.8294446202606018
b01,339,1,1,0.6042609411419748
b01,340,0,0,0.3687571469617974
b01,341,0,0,0.3742945670375412
b01,342,0,0,0.42558074888659947
b01,343,0,0,0.49533191237134294
b01,344,0,1,0.7006971908679903
b01,345,0,1,0.6327166120071512
b01,346,0,1,0.7798546709885703
b01,347,0,1,0.578816491164047
b01,348,0,1,0.6594866781715293
b01,349,0,1,0.7067404573833924
b01,350,0,1,0.8233327192865219
b01,351,0,1,0.6390177918242017
b01,352,0,0,0.483632091833383
b01,353,0,0,0.43831444468042635
b01,354,0,1,0.6681579949812672
b01,355,0,1,0.5957629401394317
b01,356,0,1,0.7513753504978745
b01,357,0,0,0.4448184493490029
b01,358,0,0,0.47971631882587035
b01,359,0,1,0.6003842374980987
b01,360,0,1,0.5657156092294323
b01,361,0,1,0.6677832122474631
b01,362,0,1,0.9002566141022198
b01,363,0,0,0.3739336546985153
b01,364,0,1,0.6914076338141286
b01,365,0,1,0.640004954061499
b01,366,0,0,0.4249230395257029
b01,367,0,0,0.401063453631858
b01,368,0,1,0.7149392929060475
b01,369,0,0,0.31004629972084785
b01,370,0,0,0.498041052432403
b01,371,0,0,0.42119342596176973
b01,372,0,0,0.4661953281860854
b01,373,0,0,0.4001955352792478
b01,374,0,0,0.32270119263885805
b01,375,0,0,0.37202662999034763
b01,376,0,0,0.32161784713617986
b01,377,0,1,0.6057145384121054
b01,378,0,0,0.4738199716907164
b01,379,0,0,0.3569994520719696
b01,380,0,0,0.4260200856539623
b01,381,0,0,0.3988766286782884
b01,382,0,1,0.5500306958332248
b01,383,0,1,0.8829719439225951
b01,384,0,0,0.4839850717555514
b01,385,0,0,0.43337498702859484
b01,386,0,1,0.5281145616920953
b01,387,0,1,0.513964134357251
b01,388,0,1,0.5215772084292043
b01,389,0,0,0.45805539651700566
b01,390,0,1,0.5790328408035185
b01,391,0,1,0.5515474880812036
b01,392,0,0,0.47183244185291867
b01,393,0,0,0.44688808314298345
b01,394,0,1,0.50563785600751
b01,395,0,1,0.5000589696562698
b01,396,0,1,0.5008731280813585
b01,397,0,0,0.38039384761167716
b01,398,0,1,0.556244151507521
b01,399,0,1,0.5881768583738722
b01,400,0,1,0.7779084528516959
b01,401,0,1,0.6649683868506979
b01,402,0,1,0.6931419426412201
b01,403,0,1,0.6447756398185913
b01,404,0,1,0.6201034061225962
b01,405,0,1,0.721747631012392
b01,406,0,0,0.4233191849294583
b01,407,0,1,0.742009084387292
b01,408,0,0,0.4756174248259831
b01,409,0,1,0.5119994604839603
b01,410,0,1,0.7152363048790135
b01,411,0,1,0.5615243904987799
b01,412,0,1,0.7454118554005118
b01,413,0,0,0.48195915970493947
b01,414,0,1,0.6003466690775189
b01,415,0,1,0.6559831476671164
b01,416,0,1,0.5555032219687381
b01,417,0,1,0.8341298383200497
b01,418,0,1,0.7552451281921013
b01,419,0,1,0.8505274934712621
b01,420,1,1,0.8754570516676956
b01,421,1,1,0.8453530332957756
b01,422,0,0,0.42683220136715533
b01,423,0,1,0.6392577787265771
b01,424,0,1,0.7724769187912893
b01,425,1,1,0.6519213233369515
b01,426,1,1,0.7455967971855593
b01,427,1,1,0.86444234874056
b01,428,1,1,0.5914442648288125
b01,429,1,1,0.7787294408602281
b01,430,1,1,0.7758764245968232
b01,431,1,1,0.777675608019471
b01,432,1,1,0.676556883784987
b01,433,1,1,0.760486869585158
b01,434,1,1,0.5072235604229921
b01,435,0,0,0.44511777445498035
b01,436,0,0,0.4318378479187894
b01,437,0,1,0.5216324494177418
b01,438,0,1,0.65062439478321
b01,439,0,1,0.7335276510805613
b01,440,0,1,0.6217788888228392
b01,441,0,1,0.6187123365373398
b01,442,0,0,0.49508044029240533
b01,443,0,0,0.43473977189115204
b01,444,0,1,0.5138840626870663
b01,445,0,1,0.6137479538724822
b01,446,0,0,0.3599019305500775
b01,447,0,0,0.3239906512533226
b01,448,0,0,0.3942425517676061
b01,449,0,0,0.412622870257907
b01,450,0,1,0.5586932337007612
b01,451,0,0,0.3828038738875813
b01,452,0,0,0.46133292373708223
b01,453,0,0,0.4461942892645152
b01,454,0,0,0.4544514358900182
b01,455,0,0,0.45367465559708064
b01,456,0,0,0.40992147243849875
b01,457,0,1,0.5356115181364033
b01,458,0,1,0.6751314280757768
b01,459,0,0,0.3924643810289002
b01,460,0,0,0.34920968705966443
b01,461,0,0,0.4353839938687443
b01,462,0,0,0.4155967773096553
b01,463,0,0,0.30609058241867887
b01,464,0,1,0.5699697742661967
b01,465,0,0,0.3876829377242452
b01,466,0,0,0.4074936061549085
b01,467,0,0,0.3869545696875612
b01,468,0,0,0.43571843135924565
b01,469,0,0,0.43680283351354215
b01,470,0,0,0.3636497951884321
b01,471,0,0,0.36442951955713476
b01,472,0,0,0.4535738321241957
b01,473,0,1,0.6140845353178204
b01,474,0,0,0.3563966933891589
b01,475,0,1,0.5773617489178369
b01,476,0,0,0.3543779363587744
b01,477,0,0,0.2688622757905225
b01,478,0,0,0.33382943788163366
b01,479,0,1,0.6852681666041247
b01,480,0,0,0.38457519207055074
b01,481,0,0,0.43199001269028997
b01,482,0,0,0.4718457630667767
b01,483,0,0,0.290923243668792
b01,484,0,0,0.49282605160092535
b01,485,0,1,0.7046502716637598
b01,486,0,0,0.43326789108647507
b02,1,0,1,0.507073928790933
b02,2,0,1,0.6330807799243541
b02,3,0,1,0.7678313825864028
b02,4,0,1,0.5445405468068548
b02,5,0,0,0.4033378099312536
b02,6,0,1,0.8369540665411067
b02,7,0,1,0.6653196847220318
b02,8,0,0,0.4803693395736417
b02,9,0,0,0.4771718406198058
b02,10,0,0,0.46968465722673075
b02,11,0,1,0.6359616318644756
b02,12,0,0,0.4667176923141032
b02,13,0,1,0.584733943088286
b02,14,0,1,0.5335261498099879
b02,15,0,1,0.5481361155816029
b02,16,0,1,0.5727827806232312
b02,17,0,1,0.5062334535776297
b02,18,0,1,0.6901884851606781
b02,19,0,0,0.43008118405220386
b02,20,0,1,0.524998741883312
b02,21,0,1,0.5330803577179571
b02,22,0,1,0.5087129032974327
b02,23,0,0,0.42718795081935934
b02,24,0,0,0.4449508116588796
b02,25,0,0,0.4849953081563546
b02,26,0,1,0.6703181719548723
b02,27,0,0,0.48513430693610776
b02,28,0,1,0.5351971164668908
b02,29,0,0,0.4906957418276826
b02,30,0,0,0.48051725610406215
b02,31,0,1,0.5429706380346372
b02,32,0,1,0.5803536776654565
b02,33,0,1,0.5304922243523109
b02,34,0,1,0.5524486540972626
b02,35,0,1,0.6075641657895509
b02,36,0,1,0.674778533221451
b02,37,0,0,0.4290791360748722
b02,38,0,0,0.43624200659856666
b02,39,0,1,0.5206761139853932
b02,40,0,1,0.517393809153545
b02,41,0,1,0.6581622728509098
b02,42,0,1,0.5273830163015077
b02,43,0,1,0.5105743539773533
b02,44,0,0,0.47117468379652155
b02,45,0,0,0.4745068870775448
b02,46,0,1,0.5093422740099922
b02,47,0,0,0.44942216372355104
b02,48,0,0,0.49900391846172165
b02,49,0,1,0.5026434296510595
b02,50,0,1,0.6503766462348042
b02,51,0,1,0.5434830797585716
b02,52,0,1,0.6027995687889851
b02,53,0,1,0.559073083086814
b02,54,0,0,0.49789834996785287
b02,55,0,1,0.5464426856233173
b02,56,0,1,0.5458214620349364
b02,57,0,1,0.5808057073764522
b02,58,0,1,0.5121208688213332
b02,59,0,0,0.3937451105751392
b02,60,0,0,0.4464189067423035
b02,61,0,1,0.609371490615709
b02,62,0,0,0.4809999363509063
b02,63,0,0,0.35182634447837124
b02,64,0,0,0.43944722916026246
b02,65,0,1,0.5458842072373559
b02,66,0,1,0.5498888309371032
b02,67,0,0,0.44427450756039427
b02,68,0,0,0.39100796945008764
b02,69,0,1,0.5674257080013273
b02,70,0,1,0.5575513079660355
b02,71,0,0,0.39666662082039666
b02,72,0,0,0.38554874946352297
b02,73,0,0,0.362830097023745
b02,74,0,0,0.43374360566361253
b02,75,0,0,0.36474935226694033
b02,76,0,0,0.40563244899885126
b02,77,0,1,0.6214870008173891
b02,78,1,1,0.7348502898406213
b02,79,1,1,0.8323659201313032
b02,80,1,1,0.6834499761476597
b02,81,1,1,0.6930956493867633
b02,82,1,1,0.7481895331096954
b02,83,1,1,0.8364068727475213
b02,84,1,1,0.8246266737632787
b02,85,1,1,0.8129432053434591
b02,86,1,1,0.7464691659875827
b02,87,1,1,0.8243008493194834
b02,88,1,1,0.9299780632397631
b02,89,1,1,0.6637503023630937
b02,90,1,1,0.7878643790850453
b02,91,1,1,0.7861281206115202
b02,92,1,1,0.8055452128615939
b02,93,1,1,0.858097559218835
b02,94,1,1,0.8036408442942734
b02,95,1,1,0.6583336042077133
b02,96,1,1,0.7394543441731759
b02,97,1,1,0.7345968867345113
b02,98,1,1,0.7728024733894626
b02,99,1,1,0.7117421382866177
b02,100,1,1,0.6238871458400189
b02,101,0,1,0.6620724653864702
b02,102,0,1,0.5858323384670435
b02,103,0,0,0.45487628449426365
b02,104,0,0,0.3304017507041273
b02,105,0,0,0.40592543118346514
b02,106,0,1,0.5302285145184461
b02,107,0,0,0.43425420586835567
b02,108,0,0,0.3982988244737386
b02,109,0,0,0.3901747091778073
b02,110,0,0,0.46403984261137554
b02,111,0,0,0.4320632372837939
b02,112,0,1,0.6626852006002719
b02,113,0,0,0.3934941740010607
b02,114,0,0,0.49884358086195196
b02,115,0,1,0.7216414367963372
b02,116,0,0,0.4260449339173951
b02,117,0,1,0.5101759278074434
b02,118,0,1,0.8955279198380164
b02,119,0,1,0.6468108963239663
b02,120,0,0,0.46861850157213547
b02,121,0,1,0.6387828829634237
b02,122,0,1,0.5596871612040131
b02,123,0,0,0.36720034295196197
b02,124,0,0,0.4475772646662645
b02,125,0,0,0.4388124376603037
b02,126,0,1,0.5640366386103911
b02,127,0,1,0.6582242864429645
b02,128,0,1,0.7742069077469703
b02,129,0,1,0.5221076424481969
b02,130,0,0,0.44469104997713554
b02,131,0,1,0.6760296260347548
b02,132,0,1,0.5381114247009019
b02,133,0,1,0.6584488807488529
b02,134,0,1,0.503091676242116
b02,135,0,0,0.44209686457438185
b02,136,0,1,0.7537137893367796
b02,137,0,1,0.5770125191929252
b02,138,0,1,0.6059778614592981
b02,139,1,1,0.5734834282006833
b02,140,0,0,0.40587637459131737
b02,141,0,0,0.3978450877911134
b02,142,0,0,0.3924798873818133
b02,143,0,0,0.45194108927474985
b02,144,0,0,0.38757826165867915
b02,145,0,0,0.37203778647991903
b02,146,0,0,0.424209117554521
b02,147,0,0,0.42345823275580835
b02,148,0,0,0.39583260738457887
b02,149,0,0,0.4060555013518706
b02,150,0,0,0.3766489949531769
b02,151,0,0,0.4437187979299386
b02,152,0,0,0.3793947114771676
b02,153,0,0,0.35778451225828733
b02,154,0,0,0.3675284076642383
b02,155,0,0,0.41392751167886177
b02,156,0,0,0.4114512930927779
b02,157,0,1,0.5638983877828131
b02,158,1,1,0.7738269297052643
b02,159,1,1,0.7608104804820534
b02,160,1,1,0.5845399287124146
b02,161,0,0,0.3573516375476173
b02,162,0,0,0.4134267563415599
b02,163,0,0,0.3867643207946113
b02,164,0,0,0.3647693763655937
b02,165,0,0,0.3648499922844025
b02,166,0,0,0.39774867384738616
b02,167,0,0,0.42023493590095856
b02,168,0,0,0.41523152647858386
b02,169,0,1,0.7894176696792803
b02,170,0,1,0.8070697223123463
b02,171,0,1,0.7631836451103212
b02,172,0,1,0.7431803738273411
b02,173,0,1,0.5795798840783338
b02,174,0,0,0.39185276200337416
b02,175,0,0,0.4399712440713643
b02,176,0,0,0.42768498990250603
b02,177,0,0,0.4557579865849176
b02,178,0,0,0.40305450199915355
b02,179,0,0,0.40025880125919194
b02,180,0,0,0.464174363078941
b02,181,0,0,0.3804507119686374
b02,182,0,0,0.4151377590875458
b02,183,0,0,0.37734718563176406
b02,184,0,0,0.33132321768772455
b02,185,0,0,0.4104599909372412
b02,186,0,0,0.3380043928203943
b02,187,0,0,0.3604171644961553
b02,188,0,0,0.39948670386818874
b02,189,0,0,0.40024661267323486
b02,190,0,0,0.39441517791612424
b02,191,0,0,0.3883995085630889
b02,192,0,0,0.36069027259433734
b02,193,0,1,0.6989384600972198
b02,194,1,0,0.4218690789185744
b02,195,0,1,0.5158499549802971
b02,196,0,1,0.6455211285273956
b02,197,0,1,0.6323101208564789
b02,198,0,1,0.6716951589391961
b02,199,0,0,0.4944790658698362
b02,200,0,0,0.4451357113950487
b02,201,0,0,0.4909065783263259
b02,202,0,1,0.5406994251374501
b02,203,0,0,0.41228468215677067
b02,204,0,1,0.521055457489744
b02,205,0,0,0.4220834835435853
b02,206,0,0,0.4832386030294832
b02,207,0,0,0.4068371137290125
b02,208,0,0,0.4210460340527048
b02,209,0,0,0.3735766065031427
b02,210,0,0,0.4458099933232111
b02,211,0,0,0.47047123348048325
b02,212,0,0,0.40280642634439773
b02,213,0,0,0.44773499815748957
b02,214,0,0,0.38523201951056146
b02,215,0,1,0.6217703867263469
b02,216,0,1,0.8445901513495215
b02,217,0,0,0.37992032743650617
b02,218,0,0,0.43527206819643793
b02,219,0,1,0.6110034736254407
b02,220,0,1,0.5705966887410462
b02,221,0,1,0.5947424817940647
b02,222,0,1,0.6790863716560301
b02,223,1,1,0.7560684226701078
b02,224,1,1,0.6990416146266527
b02,225,1,1,0.7153512624681662
b02,226,1,1,0.6689002209942351
b02,227,1,1,0.6721739657698264
b02,228,1,1,0.6414483543535008
b02,229,1,1,0.6462018481142465
b02,230,1,1,0.5036878314851956
b02,231,0,1,0.5169205900798263
b02,232,0,0,0.4260679330370919
b02,233,0,1,0.5389371489786381
b02,234,0,1,0.5951624270759996
b02,235,0,1,0.6924584931263484
b02,236,0,1,0.6069732141714725
b02,237,0,1,0.6791294121033864
b02,238,0,1,0.5830213534913579
b02,239,0,0,0.3813416856688936
b02,240,0,0,0.4296073961496987
b02,241,0,1,0.5027032504189648
b02,242,0,0,0.4848268164956424
b02,243,0,0,0.35523407675522767
b02,244,0,0,0.4804846347027254
b02,245,0,0,0.4766844996488342
b02,246,0,0,0.39284529205326085
b02,247,0,0,0.4151273024971014
b02,248,0,1,0.5735279174344943
b02,249,0,1,0.5391704836270269
b02,250,0,0,0.4379093462874838
b02,251,0,0,0.3824638888295191
b02,252,0,0,0.45214182426131316
b02,253,0,0,0.3719939433083124
b02,254,0,0,0.4837765544763524
b02,255,0,0,0.4688544689042173
b02,256,0,0,0.40828147992751973
b02,257,0,0,0.3845170665693964
b02,258,0,0,0.43603559199406905
b02,259,0,1,0.5378770426858459
b02,260,0,0,0.4178149180570413
b02,261,0,0,0.48971959293404665
b02,262,0,1,0.5310899239637346
b02,263,0,1,0.6370105042084837
b02,264,1,1,0.7476030349643453
b02,265,1,1,0.7646250210752278
b02,266,1,1,0.7204875378389917
b02,267,0,1,0.6490748843983046
b02,268,0,0,0.4345742757710092
b02,269,0,1,0.6339195705899439
b02,270,0,0,0.49204578621016193
b02,271,0,0,0.49142009339561116
b02,272,0,1,0.5048750294769163
b02,273,0,1,0.5254070122882427
b02,274,0,0,0.4339315711516968
b02,275,0,0,0.42342374068647254
b02,276,0,1,0.5260887051218709
b02,277,0,0,0.3889332517059517
b02,278,0,1,0.8025413253128303
b02,279,0,1,0.6571691418825428
b02,280,0,1,0.5869973502111294
b02,281,1,1,0.6012173330862316
b02,282,1,1,0.7387884689758434
b02,283,1,1,0.588319827948508
b02,284,0,0,0.4198640005897303
b02,285,0,1,0.5761760842213121
b02,286,0,1,0.6084049470390375
b02,287,0,0,0.49917074829087427
b02,288,0,0,0.49465590472664456
b02,289,0,0,0.47623173571906763
b02,290,0,0,0.4623658943679777
b02,291,0,1,0.5036418573115833
b02,292,0,1,0.5778943896245173
b02,293,0,0,0.4883854356425628
b02,294,0,0,0.44725795916708155
b02,295,0,1,0.5409389644032802
b02,296,0,0,0.3817105836721647
b02,297,0,0,0.47558993676337447
b02,298,0,0,0.45925128783489466
b02,299,0,1,0.5745521951681729
b02,300,0,1,0.6004335542703625
b02,301,0,0,0.4426561036548045
b02,302,0,0,0.494638000855853
b02,303,0,1,0.506482212719153
b02,304,0,1,0.5235053528568765
b02,305,0,0,0.4302303356974276
b02,306,0,0,0.43293773734565216
b02,307,0,0,0.47074725368739084
b02,308,0,0,0.48907625979405306
b02,309,0,1,0.5086836845082283
b02,310,0,0,0.4842713068121491
b02,311,0,0,0.38143156254420824
b02,312,0,0,0.44524974229890524
b02,313,0,1,0.5195418291482786
b02,314,0,0,0.43714469627207986
b02,315,0,0,0.43383423126269244
b02,316,0,0,0.46442419669304924
b02,317,0,0,0.37567534168958333
b02,318,0,0,0.4294761737337985
b02,319,0,1,0.5865060316284032
b02,320,0,1,0.5724903210598559
b02,321,0,0,0.42117218998123734
b02,322,0,0,0.4658588483094264
b02,323,0,1,0.5062472282939696
b02,324,0,0,0.4600860146870408
b02,325,0,0,0.46510428120815583
b02,326,0,1,0.500372389963235
b02,327,0,1,0.5121677669555592
b02,328,0,1,0.5781993672292394
b02,329,0,1,0.5039564837291568
b02,330,0,0,0.3834497966226829
b02,331,0,0,0.4955167636933554
b02,332,0,1,0.5775835097303934
b02,333,0,1,0.5569266998595841
b02,334,0,0,0.4135739823043532
b02,335,0,0,0.4427406944241938
b02,336,0,1,0.5977833975741059
b02,337,0,0,0.4705440184545251
b02,338,0,1,0.6428970829521107
b02,339,0,1,0.5948154387180425
b02,340,0,1,0.6951977977341894
b02,341,0,1,0.8203445446735523
b02,342,0,0,0.4583529853989257
b02,343,1,1,0.6584682995863899
b02,344,1,1,0.6892243497698359
b02,345,1,1,0.6897829416015191
b02,346,1,1,0.5884355651432573
b02,347,1,1,0.7128012210351338
b02,348,1,1,0.6232235867159157
b02,349,1,1,0.618199586400836
b02,350,1,1,0.7287735253711242
b02,351,1,1,0.7287477763240505
b02,352,1,1,0.7105366869321252
b02,353,1,1,0.7846105334502438
b02,354,1,1,0.7943668656862471
b02,355,1,1,0.8336050784358808
b02,356,1,1,0.6911684490558081
b02,357,1,0,0.4258141204223749
b02,358,0,1,0.7056344103177002
b02,359,0,1,0.6687333995657906
b02,360,0,1,0.5102450221849955
b02,361,0,0,0.49391462528079016
b02,362,0,1,0.5050522325401663
b02,363,0,1,0.5585415119575474
b02,364,0,0,0.4556380937463363
b02,365,0,0,0.3993697282443576
b02,366,0,1,0.6858809762067917
b02,367,1,1,0.7451879952940884
b02,368,1,1,0.5426526233895556
b02,369,0,0,0.38282800635550784
b02,370,0,0,0.49850409864689194
b02,371,0,0,0.36986584022906827
b02,372,0,0,0.42065428384929343
b02,373,0,1,0.5344822096757801
b02,374,0,0,0.4469690670826288
b02,375,0,0,0.40304421927210793
b02,376,0,0,0.4186734428237612
b02,377,0,0,0.4158390575862523
b02,378,0,0,0.3947320241066476
b02,379,0,0,0.37293189273861016
b02,380,0,1,0.5341137077721765
b02,381,0,0,0.40029298548160763
b02,382,0,0,0.41418804315121255
b02,383,0,0,0.48828314039823245
b02,384,0,0,0.4951186503499538
b02,385,0,1,0.5006449219693274
b02,386,0,1,0.5366921173307352
b02,387,0,0,0.37812796847072616
b02,388,0,1,0.7149520882026467
b02,389,0,0,0.42381069057491083
b02,390,0,0,0.37660619941103846
b02,391,0,1,0.714788070659907
b02,392,0,1,0.6774532717901272
b02,393,0,1,0.519307716938817
b02,394,0,0,0.4826720646367719
b02,395,0,1,0.6538735361148936
b02,396,0,1,0.5830218878992616
b02,397,0,1,0.6813161087701322
b02,398,0,1,0.5951361803073159
b02,399,0,1,0.6951211214178167
b02,400,0,1,0.6622955219278607
b02,401,0,0,0.4361595079640117
b02,402,0,0,0.48699125304135205
b02,403,0,1,0.6448638820990757
b02,404,0,1,0.6757909445630716
b02,405,0,1,0.7035965892886116
b02,406,0,1,0.5794394125231341
b02,407,0,1,0.6529134576093498
b02,408,0,0,0.4333767647670357
b02,409,0,0,0.3811864492182246
b02,410,0,0,0.4882834089305418
b02,411,0,1,0.7427728523283805
b02,412,0,0,0.3920586767434284
b02,413,0,0,0.4194199696315655
b02,414,0,1,0.7468144792809313
b02,415,0,0,0.4905863373358223
b02,416,0,1,0.5841518189022364
b02,417,0,1,0.638932941961987
b02,418,0,1,0.9205148251436863
b02,419,0,1,0.7663658615256629
b02,420,0,1,0.7174025050391755
b02,421,1,1,0.7987530678045829
b02,422,1,1,0.7735822113016568
b02,423,1,1,0.8541972641676134
b02,424,1,1,0.7993638325918551
b02,425,1,1,0.8770809201749226
b02,426,1,1,0.8468026688403536
b02,427,1,1,0.7695086677458688
b02,428,1,1,0.7094341851484811
b02,429,1,1,0.6967471032457335
b02,430,1,1,0.8009986486479181
b02,431,1,1,0.8152037721541627
b02,432,1,1,0.7821977632051851
b02,433,1,1,0.8223873331471897
b02,434,1,1,0.6036841896705932
b02,435,1,1,0.7654368688524307
b02,436,1,1,0.8436774957316897
b02,437,1,1,0.8350010753589161
b02,438,1,1,0.6369968338281436
b02,439,1,1,0.5342949600172798
b02,440,0,0,0.49571825483354015
b02,441,0,1,0.510160928590028
b02,442,1,1,0.7714505479670152
b02,443,1,1,0.7639231906377545
b02,444,1,1,0.7893744557188921
b02,445,1,1,0.721446672708828
b02,446,1,1,0.6052619087443737
b02,447,1,1,0.6320950617143567
b02,448,0,1,0.544040891907875
b02,449,0,0,0.42778370758900397
b02,450,0,0,0.4578527204998199
b02,451,0,1,0.8648690594723253
b02,452,1,1,0.6558724765599614
b02,453,1,1,0.6257684827128728
b02,454,1,1,0.5986922552676885
b02,455,0,0,0.4410499661603935
b02,456,0,1,0.5175683950180379
b02,457,0,0,0.42698064054320495
b02,458,0,0,0.45161300570186963
b02,459,0,1,0.5157255010965182
b02,460,0,1,0.6355619060897836
b02,461,0,1,0.674929616888838
b02,462,0,1,0.5178285875019832
b02,463,0,1,0.6655152437812095
b02,464,0,0,0.4564994460748248
b02,465,0,0,0.43916138659385345
b02,466,0,1,0.7498728546899128
b02,467,0,0,0.4931770518772668
b02,468,0,0,0.3866437686584397
b02,469,0,1,0.5792357680278063
b02,470,0,1,0.7972522736836293
b02,471,0,1,0.6271827509919903
b02,472,0,1,0.5881072450815911
b02,473,0,1,0.8350523943954324
b02,474,1,1,0.8187772932677446
b02,475,1,1,0.7410360072212094
b02,476,1,1,0.6600195014615713
b02,477,1,1,0.696154017462524
b02,478,1,1,0.8367553684849449
b02,479,1,1,0.7793351639750776
b02,480,0,0,0.46129229795056537
b02,481,0,1,0.5561891944544539
b02,482,0,1,0.7196434144367412
b02,483,0,1,0.5514822557623383
b02,484,0,1,0.5620722075231115
b02,485,0,1,0.5465213368800972
b02,486,0,1,0.5629541581178438
b02,487,0,1,0.5118313875570998
b02,488,0,1,0.5512817612256923
b02,489,0,1,0.546851127329167
b02,490,0,1,0.51785385839028
b02,491,0,1,0.682872029546821
b02,492,0,1,0.5499391440797865
b02,493,0,1,0.5586420591286857
b02,494,0,1,0.5262940940428764
b02,495,0,0,0.49907687272921536
b02,496,0,1,0.5243012530184886
b02,497,0,1,0.5944358659149086
b02,498,0,1,0.7601035653627085
b02,499,0,1,0.6781900540883441
b02,500,0,0,0.4726097422829299
b02,501,0,1,0.517513782924583
b02,502,0,1,0.5044326472042011
b02,503,0,1,0.575580744389055
b02,504,0,1,0.70302786542042
b02,505,0,1,0.5086938880716034
b02,506,0,0,0.4875223937415511
b02,507,0,1,0.6638703734633835
b02,508,0,1,0.541824549920882
b02,509,0,0,0.4990077845294394
b02,510,0,0,0.4689064062987798
b02,511,0,1,0.5016629382694852
b02,512,0,1,0.6889891492734802
b02,513,0,1,0.8379321734552038
b02,514,0,1,0.5781780196748415
b02,515,0,1,0.5923563569457203
b02,516,0,1,0.5219263873882749
b03,1,0,0,0.3826849697655683
b03,2,0,0,0.460377331956924
b03,3,0,1,0.5301312595104352
b03,4,0,0,0.4475480420494188
b03,5,0,0,0.43395173446997215
b03,6,0,0,0.3090526138224367
b03,7,0,0,0.4328372532398196
b03,8,0,1,0.5886994484037641
b03,9,0,0,0.39507641415633116
b03,10,0,0,0.48902654252489736
b03,11,0,1,0.5554256795598851
b03,12,0,1,0.5529083603999083
b03,13,0,1,0.6360460842373754
b03,14,0,0,0.4841140220591497
b03,15,0,1,0.5570758370585208
b03,16,0,0,0.4327415619576122
b03,17,0,1,0.6886305054830577
b03,18,0,0,0.49277010231236074
b03,19,0,1,0.5227794353084582
b03,20,0,0,0.43001761430588853
b03,21,0,0,0.4707725651920125
b03,22,0,1,0.510656487370394
b03,23,0,0,0.46346428684618485
b03,24,0,0,0.4597909698676381
b03,25,0,0,0.47152948674355527
b03,26,0,0,0.4862098446614321
b03,27,0,0,0.3892066984737053
b03,28,0,0,0.43217594892197997
b03,29,0,1,0.7041962334276792
b03,30,0,0,0.4415745297520004
b03,31,0,1,0.5233051469131178
b03,32,0,1,0.7552627530142567
b03,33,0,0,0.44249603697776013
b03,34,0,0,0.460597370733362
b03,35,0,0,0.404655651488155
b03,36,0,0,0.4337863018189247
b03,37,0,0,0.380909425529678
b03,38,0,0,0.4489042733878575
b03,39,0,1,0.5813040376012764
b03,40,0,0,0.46702923316991557
b03,41,0,1,0.5574540013042795
b03,42,0,0,0.41074242580152637
b03,43,0,0,0.43074458741050925
b03,44,0,1,0.6025494343597736
b03,45,0,1,0.5475943600573377
b03,46,0,1,0.5555333518662204
b03,47,0,1,0.5560040772780909
b03,48,0,0,0.4299273673804065
b03,49,0,1,0.5307412668072637
b03,50,0,0,0.4888037128004886
b03,51,0,0,0.46695480891704993
b03,52,0,0,0.43142083335688686
b03,53,0,0,0.43973144903577316
b03,54,0,0,0.4586403504981251
b03,55,0,1,0.5505955391247259
b03,56,0,1,0.6677117309836407
b03,57,0,0,0.4002720385089236
b03,58,0,0,0.4117125442690603
b03,59,0,1,0.6476427142324953
b03,60,0,0,0.42880392350380786
b03,61,0,1,0.5096836808359417
b03,62,0,1,0.6531720273356277
b03,63,0,0,0.4050626888040745
b03,64,0,0,0.4346218146891267
b03,65,0,0,0.41594284060939274
b03,66,0,0,0.40711690990567573
b03,67,0,0,0.35759856438320803
b03,68,0,0,0.4764290009727245
b03,69,0,1,0.6269086592433862
b03,70,0,0,0.4603288607168592
b03,71,0,1,0.5777431390760038
b03,72,0,0,0.35567054342172977
b03,73,0,0,0.4739458506681939
b03,74,0,0,0.4109933473525295
b03,75,0,0,0.40877226685409035
b03,76,0,0,0.4392095169626262
b03,77,0,0,0.399276207982425
b03,78,0,0,0.39659330127190306
b03,79,0,0,0.45148489294351013
b03,80,0,0,0.4154991593440882
b03,81,0,0,0.4268146986096358
b03,82,0,1,0.5210447960046088
b03,83,0,0,0.35526826363465164
b03,84,0,0,0.459611530598438
b03,85,0,0,0.4175724572229403
b03,86,0,0,0.4024125865462906
b03,87,0,0,0.3739420438492076
b03,88,0,1,0.5614184105816115
b03,89,0,0,0.40310932527977716
b03,90,0,0,0.3987016173212137
b03,91,0,0,0.4943027408361197
b03,92,0,0,0.3871459779996753
b03,93,0,0,0.23970696773699937
b03,94,0,0,0.2919664936396128
b03,95,0,0,0.4923480860427096
b03,96,0,1,0.5624727032791283
b03,97,0,1,0.5493710643139635
b03,98,1,1,0.7647661856673681
b03,99,1,1,0.5956032794259379
b03,100,1,1,0.7015912708547369
b03,101,1,1,0.745451012954236
b03,102,1,0,0.4970806572208647
b03,103,0,1,0.878398581539282
b03,104,0,0,0.4442067250739162
b03,105,0,0,0.4587086987961216
b03,106,0,0,0.46916396514849457
b03,107,0,0,0.4545049236990468
b03,108,0,0,0.4985512854716611
b03,109,0,0,0.45684138087410403
b03,110,0,0,0.4107460861398102
b03,111,0,0,0.3809453166655295
b03,112,0,0,0.38580286022845234
b03,113,0,0,0.40092243560113283
b03,114,0,0,0.44444299831724066
b03,115,0,0,0.413462832886694
b03,116,0,0,0.37818293676223746
b03,117,0,0,0.37558418466552956
b03,118,0,0,0.37162921688146655
b03,119,0,0,0.4093423777425019
b03,120,0,0,0.3611368168040266
b03,121,0,0,0.44167623557731517
b03,122,0,0,0.3705004388946074
b03,123,0,0,0.3848288694967461
b03,124,0,0,0.360675504541693
b03,125,0,0,0.4121551315749502
b03,126,0,0,0.3721390334136434
b03,127,0,0,0.3850411822448098
b03,128,0,0,0.39915368536142176
b03,129,0,0,0.38637957484179597
b03,130,0,0,0.38347043528114133
b03,131,0,0,0.3597382577972827
b03,132,0,0,0.4167850897801199
b03,133,0,0,0.4489567666296861
b03,134,0,1,0.7656020115962242
b03,135,0,1,0.8044759919673723
b03,136,0,1,0.6089057490662407
b03,137,0,1,0.6263356036813752
b03,138,0,0,0.4009084056129346
b03,139,0,0,0.37049140952471477
b03,140,0,0,0.4291997141415949
b03,141,0,0,0.3601513726044122
b03,142,0,0,0.49740180799320477
b03,143,0,1,0.654242297714468
b03,144,0,0,0.37588315934089356
b03,145,0,1,0.5065833739073294
b03,146,0,0,0.46413714444835286
b03,147,0,1,0.5253952308829005
b03,148,0,0,0.4585777062092319
b03,149,0,1,0.5197330296809731
b03,150,0,1,0.5218105695952746
b03,151,0,0,0.3954926970033987
b03,152,0,0,0.45456846557374364
b03,153,0,0,0.30051936285834674
b03,154,0,0,0.38271057904399153
b03,155,0,0,0.42909698780240346
b03,156,0,1,0.55166106771463
b03,157,0,0,0.3712456390421031
b03,158,0,0,0.3962061014301346
b03,159,0,1,0.6197094135539845
b03,160,0,1,0.9436687944316304
b03,161,0,1,0.5912768311107048
b03,162,0,1,0.5757616290206836
b03,163,0,1,0.7605305890868063
b03,164,1,1,0.7803820239212645
b03,165,1,1,0.7370129917730114
b03,166,1,1,0.7441384707360708
b03,167,1,1,0.7120043692778913
b03,168,1,1,0.7590018822234731
b03,169,1,1,0.7446314224403352
b03,170,1,1,0.8496259442514205
b03,171,1,1,0.734118333298353
b03,172,1,1,0.6175855774372366
b03,173,0,1,0.6998423256641735
b03,174,0,0,0.43706158431456366
b03,175,0,0,0.48531448147017564
b03,176,0,0,0.40748971952798985
b03,177,0,0,0.36915660921973503
b03,178,0,1,0.5200998319153965
b03,179,0,0,0.43984556856209933
b03,180,0,0,0.4248036579339348
b03,181,0,0,0.4137349105650227
b03,182,0,0,0.37873577595595276
b03,183,0,1,0.5659402998530899
b03,184,0,0,0.42169937727338275
b03,185,0,0,0.40939842129399834
b03,186,0,0,0.378023279520741
b03,187,0,0,0.403088499032751
b03,188,0,0,0.3882507117088669
b03,189,0,0,0.37825663451689173
b03,190,0,1,0.5769116794278636
b03,191,0,0,0.4427644850015559
b03,192,0,0,0.39163360208674564
b03,193,0,0,0.3797717504143155
b03,194,0,0,0.38261846328662513
b03,195,0,0,0.37239140782029756
b03,196,0,0,0.38417570180199223
b03,197,0,0,0.4006971756771564
b03,198,0,1,0.582811443870717
b03,199,0,1,0.6110748776820712
b03,200,0,0,0.4902762157805659
b03,201,0,0,0.3901279379441903
b03,202,0,0,0.42708900784672876
b03,203,0,0,0.43144605478737613
b03,204,0,0,0.377556989860747
b03,205,0,0,0.3765073991127478
b03,206,0,0,0.3808797485177013
b03,207,0,0,0.3645299195804997
b03,208,0,1,0.6258953457423657
b03,209,0,0,0.4530798844764424
b03,210,0,0,0.4466555978338932
b03,211,0,0,0.43708521193740596
b03,212,0,1,0.5231312129804675
b03,213,0,1,0.5116286232873346
b03,214,0,0,0.3713012421771224
b03,215,0,0,0.42947644581681127
b03,216,0,1,0.5471498726951292
b03,217,0,0,0.4784862763472334
b03,218,0,1,0.5478944229196265
b03,219,0,0,0.3240528359213327
b03,220,0,0,0.44397382957211884
b03,221,0,0,0.3422606644560383
b03,222,0,1,0.5142203141783692
b03,223,0,1,0.8817674627201676
b03,224,0,0,0.4114567762610995
b03,225,1,1,0.6956295849874737
b03,226,1,1,0.7603230104367958
b03,227,1,1,0.7525496513412419
b03,228,1,1,0.806883405199182
b03,229,1,1,0.8401667796481435
b03,230,1,1,0.713049574646189
b03,231,1,1,0.6666030103370595
b03,232,1,1,0.8291253727009674
b03,233,1,1,0.7299886358743128
b03,234,1,1,0.7655055604956406
b03,235,1,1,0.7777439361555759
b03,236,1,1,0.8726368017728898
b03,237,1,1,0.7239141429573348
b03,238,1,1,0.7562788177996782
b03,239,1,1,0.5023051436838668
b03,240,0,0,0.41504867038913623
b03,241,0,1,0.6761462398414707
b03,242,0,1,0.5269605983458818
b03,243,0,1,0.7122670659392794
b03,244,0,1,0.6382165832659321
b03,245,0,1,0.6480384660534579
b03,246,0,1,0.5632239064930811
b03,247,0,0,0.4827254524192818
b03,248,0,1,0.5342338108201086
b03,249,0,0,0.49009736866128084
b03,250,0,1,0.5382981235777518
b03,251,0,0,0.45261419039501116
b03,252,0,0,0.43999500593676216
b03,253,0,1,0.5435081055068487
b03,254,0,0,0.4871622686430813
b03,255,0,0,0.3699038832320217
b03,256,0,1,0.6850777961839638
b03,257,1,1,0.6034978846170092
b03,258,0,1,0.6453658904289652
b03,259,0,1,0.6140568257424781
b03,260,0,1,0.6379666223604762
b03,261,0,0,0.4933816022305793
b03,262,0,0,0.4543493892041481
b03,263,0,1,0.6727907209437195
b03,264,0,1,0.7104650513406148
b03,265,1,1,0.7102109071759632
b03,266,0,1,0.6616865677621312
b03,267,0,1,0.5095611227142183
b03,268,0,0,0.4383622847016217
b03,269,0,0,0.345617281124366
b03,270,0,0,0.3784037204960374
b03,271,0,1,0.5172888911358783
b03,272,0,1,0.5985906172124217
b03,273,0,1,0.5285651547507156
b03,274,0,0,0.46950926825344924
b03,275,0,0,0.4217058679049236
b03,276,0,0,0.3799916871585379
b03,277,0,0,0.42017552615377957
b03,278,0,0,0.4203549689494594
b03,279,0,0,0.36652892991107844
b03,280,0,0,0.3695819501244394
b03,281,0,0,0.3777801295973586
b03,282,0,0,0.46118507829365857
b03,283,0,0,0.42584329581589275
b03,284,0,1,0.5764292163421542
b03,285,0,1,0.6081649106421533
b03,286,0,0,0.45950622098330035
b03,287,0,1,0.5111746043671365
b03,288,0,0,0.44095612153923386
b03,289,0,0,0.43715690200324814
b03,290,0,0,0.4969914977786176
b03,291,0,1,0.5220381857985679
b03,292,0,1,0.6214124327442452
b03,293,0,0,0.3825082268751996
b03,294,0,1,0.586347111614477
b03,295,0,0,0.397787006915294
b03,296,0,0,0.4778762984473618
b03,297,0,1,0.6235702578985357
b03,298,0,1,0.6330878470977948
b03,299,0,0,0.43908302189242876
b03,300,0,0,0.40978042203670406
b03,301,0,1,0.5817873359875094
b03,302,0,1,0.5866789743691085
b03,303,0,1,0.6121165046349083
b03,304,0,1,0.5133704185339025
b03,305,0,1,0.6765202444095527
b03,306,0,0,0.4641615158132457
b03,307,0,1,0.5128492756905166
b03,308,1,1,0.8739297960256123
b03,309,1,1,0.6544766902281268
b03,310,1,1,0.7522761514949263
b03,311,1,0,0.445085836537642
b03,312,0,0,0.2811864070871935
b03,313,0,1,0.7489667844985972
b03,314,1,1,0.5153183927405197
b03,315,0,1,0.5101582102852618
b03,316,0,0,0.4732854112625635
b03,317,0,0,0.46664315756851704
b03,318,0,1,0.5031258509082629
b03,319,0,0,0.4849922869311465
b03,320,0,0,0.49990765266810666
b03,321,0,1,0.5074089865581345
b03,322,0,0,0.4460282202255863
b03,323,0,0,0.448995481719334
b03,324,0,0,0.4045138099209212
b03,325,0,0,0.43335699536722033
b03,326,0,0,0.37580638784051035
b03,327,0,1,0.529997456873152
b03,328,0,0,0.4331256920599519
b03,329,0,1,0.5547549645268576
b03,330,0,0,0.42980233648174987
b03,331,0,0,0.4458289140803686
b03,332,0,0,0.38578768508010547
b03,333,0,0,0.36126925982194075
b03,334,0,0,0.39790815590662776
b03,335,0,1,0.5363452988944727
b03,336,0,0,0.3941271740995669
b03,337,0,0,0.467124300814592
b03,338,0,1,0.74195071895005
b03,339,0,0,0.3595481162623641
b03,340,0,0,0.39672221811348984
b03,341,0,0,0.3678323589075002
b03,342,0,0,0.44055830382799666
b03,343,0,0,0.34438774605765743
b03,344,0,0,0.3729428736158074
b03,345,0,0,0.41622032316964935
b03,346,0,0,0.41077084384612356
b03,347,0,0,0.3659437409871407
b03,348,0,0,0.35308921492510803
b03,349,0,0,0.35512252499614605
b03,350,0,0,0.3530525562322776
b03,351,0,0,0.41939116195285264
b03,352,0,0,0.46170061687545066
b03,353,0,0,0.40895722264754314
b03,354,0,0,0.41587668856574
b03,355,0,0,0.33543715816227354
b03,356,0,0,0.4718115927053467
b03,357,0,0,0.34725026976129186
b03,358,0,1,0.7910605264209846
b03,359,0,1,0.5866744328576828
b03,360,0,1,0.5453214860860499
b03,361,0,1,0.5730862347764563
b03,362,0,1,0.5587942604646585
b03,363,0,0,0.41438759211508847
b03,364,0,0,0.37473234359915686
b03,365,0,1,0.578020656298176
b03,366,0,1,0.6625026750092459
b03,367,0,0,0.45707690167763715
b03,368,0,0,0.475163240619574
b03,369,0,0,0.3313648818831929
b03,370,0,1,0.5568916325890093
b03,371,0,0,0.4905090558226441
b03,372,0,1,0.5897562321173012
b03,373,0,1,0.5144471710721337
b03,374,1,1,0.7166273272137672
b03,375,1,1,0.7824134235442884
b03,376,1,1,0.7081106673919911
b03,377,1,1,0.8967666337279999
b03,378,1,1,0.8276216769465162
b03,379,1,1,0.8144651990900976
b03,380,1,1,0.7997188270306
b03,381,1,1,0.7871986499021503
b03,382,1,1,0.764283750032984
b03,383,1,1,0.7906882147583335
b03,384,1,1,0.8415747299117661
b03,385,1,1,0.7549495194260525
b03,386,1,0,0.43688556980444265
b03,387,1,1,0.7176491543508472
b03,388,1,1,0.7513488445740701
b03,389,1,1,0.7867160231718014
b03,390,1,1,0.7662166024427949
b03,391,1,1,0.7581328686704344
b03,392,1,1,0.8537568549060486
b03,393,1,1,0.7819366583869998
b03,394,1,1,0.7992937380573106
b03,395,1,1,0.6989550574650946
b03,396,1,1,0.7667081576786628
b03,397,1,1,0.8090337352885058
b03,398,1,1,0.7570440994193915
b03,399,1,1,0.8617316845390124
b03,400,1,1,0.53993385156024
b03,401,1,1,0.7837623187668241
b03,402,1,1,0.823751426936797
b03,403,0,1,0.5240332760017044
b03,404,0,1,0.7978098672853176
b03,405,0,1,0.6783123311322345
b03,406,0,1,0.5240744459909528
b03,407,0,1,0.5778232049628154
b03,408,0,1,0.6151983616544447
b03,409,0,1,0.5657363285394044
b03,410,0,0,0.44873225293120045
b03,411,0,1,0.6930938750484493
b03,412,0,0,0.47427179731474634
b03,413,0,1,0.6308110304864083
b03,414,0,1,0.567644040860567
b03,415,0,0,0.4781634720778975
b03,416,0,1,0.5840502365761399
b03,417,0,0,0.455917510135777
b03,418,0,1,0.5388736434245397
b03,419,0,0,0.47224433237673047
b03,420,0,1,0.7570932789408072
b03,421,0,0,0.4495913372509287
b03,422,0,1,0.5848905142110054
b03,423,0,1,0.5759196690925174
b03,424,0,1,0.7233319001382384
b03,425,1,1,0.6109184657459968
b03,426,0,1,0.6326371626142214
b03,427,0,1,0.7767437565507257
b03,428,0,0,0.44234744952674
b03,429,0,1,0.6925427247445266
b03,430,1,1,0.542900325587652
b03,431,0,1,0.8318410834462461
b03,432,0,1,0.6646799870853854
b03,433,0,1,0.7786892667429716
b03,434,1,1,0.700300452860714
b03,435,1,1,0.7735059195996479
b03,436,1,1,0.8029046421478558
b03,437,1,1,0.8004453790212813
b03,438,1,1,0.7536466262624647
b03,439,1,1,0.5911502170133276
b03,440,0,1,0.5769998950059666
b04,3,0,0,2.9290750425571946e-21
b04,4,0,0,8.880165613536715e-147
b04,8,0,0,5.596436674491421e-67
b04,9,0,1,0.6024045895503305
b04,10,0,1,0.7455412294618081
b04,11,0,1,0.9208984339258949
b04,12,0,1,0.7377219259824522
b04,13,0,1,0.7063404104839057
b04,14,0,1,0.8333258045286706
b04,15,0,1,0.8262972878738678
b04,16,0,1,0.707727232955362
b04,17,0,1,0.5306868786175051
b04,18,0,1,0.5355270072931159
b04,19,0,0,0.20204769786057178
b04,20,0,1,0.5148856868007824
b04,21,0,1,0.5298768518108959
b04,22,0,1,0.6133795001540898
b04,23,0,0,0.3986937513580546
b04,24,0,0,0.4362814298258966
b04,25,0,1,0.8190594676976898
b04,26,0,0,0.4505328824638365
b04,27,0,1,0.7552245068407747
b04,28,0,1,0.5285059859468494
b04,29,0,0,0.45409031052002913
b04,30,0,1,0.5454093452018692
b04,31,0,0,0.3917457287184988
b04,32,0,1,0.6195275216327004
b04,33,0,0,0.48594255073519643
b04,34,0,0,0.44567137596109685
b04,35,0,0,0.39194593382298887
b04,36,0,0,0.4594092931968156
b04,37,0,0,0.42367930899511397
b04,38,0,1,0.7618710260890408
b04,39,0,1,0.713683861038267
b04,40,0,0,0.38693364312321754
b04,41,0,0,0.3301617574133446
b04,42,0,0,0.3643188996706613
b04,43,0,0,0.2842387981357018
b04,44,0,0,0.3708311818594286
b04,45,0,0,0.4754936502583724
b04,46,0,0,0.47366266605711144
b04,47,0,0,0.3731352650754654
b04,48,0,0,0.42674443414096946
b04,49,0,0,0.4602401788744313
b04,50,0,1,0.8652482635865085
b04,51,0,0,0.3457419758425701
b04,52,0,0,0.24160892928382138
b04,53,0,0,0.44107538937496715
b04,54,0,1,0.9042436536047106
b04,55,0,0,0.43691219485597343
b04,56,0,1,0.7569572173401515
b04,57,0,1,0.6549893722101646
b04,58,0,0,0.27027332736497417
b04,59,0,0,0.3991191264256188
b04,60,0,0,0.4458851936520155
b04,61,0,1,0.5828482636346198
b04,62,0,1,0.5417278261898496
b04,63,0,1,0.5478943812127115
b04,64,0,0,0.277350948629684
b04,65,0,0,0.4017450268533382
b04,66,0,1,0.8437595165086078
b04,67,0,0,0.32586262666482185
b04,68,0,0,0.2889296558448658
b04,69,0,1,0.5631207486191445
b04,70,0,1,0.6683197358149818
b04,71,0,0,0.44531736527528093
b04,72,0,1,0.5037665308355317
b04,73,0,1,0.8916744670500482
b04,74,0,1,0.5389175962235208
b04,75,0,0,0.3288300243559684
b04,76,0,0,0.3375739755487153
b04,77,0,0,0.3002078884332636
b04,78,0,0,0.3222606298156612
b04,79,0,0,0.2266165334773414
b04,80,0,0,0.22875347230198775
b04,81,0,0,0.07281917578452882
b04,82,0,0,0.10630765234571461
b04,83,0,0,0.1909785987181899
b04,84,0,0,0.21168405240214505
b04,85,0,0,0.268879332892071
b04,86,0,0,0.22540883618460805
b04,87,0,0,0.3144070811312757
b04,88,0,0,0.25888315274865786
b04,89,0,0,0.19008257503112055
b04,90,0,0,0.20306964020348744
b04,91,0,0,0.11920088571870177
b04,92,0,0,0.12908759044478207
b04,93,0,0,0.13209951313709803
b04,94,0,0,0.14876938158126643
b04,95,0,0,0.19151697863219325
b04,96,0,0,0.1729864606553097
b04,97,0,0,0.13268794343437773
b04,98,0,0,0.15062671416583515
b04,99,0,0,0.1445696460324434
b04,100,0,0,0.08633007497002751
b04,101,0,0,0.09867962924131662
b04,102,0,0,0.1078827311174707
b04,103,0,0,0.11607210256378121
b04,104,0,0,0.4635779598484056
b04,105,0,1,0.6947041515423747
b04,106,0,1,0.6151738507814767
b04,107,0,0,0.3727234246407266
b04,108,0,1,0.9041382521633385
b04,109,0,0,0.4122690043824431
b04,110,0,0,0.4393895205409841
b04,111,0,0,0.3394965873314141
b04,112,0,0,0.4297938566262753
b04,113,0,0,0.3581981376480602
b04,114,0,1,0.7042421494984633
b04,115,0,1,0.9066422828830712
b04,116,0,0,0.23697851470286982
b04,117,0,1,0.5979617975694838
b04,118,0,0,0.46747860818175996
b04,119,0,0,0.4440021847659305
b04,120,0,1,0.6972281822378921
b04,121,0,1,0.8523203385285664
b04,122,0,0,0.26773478297724007
b04,123,0,1,0.8263047737949428
b04,124,0,1,0.8321569483498563
b04,125,0,1,0.787657988000479
b04,126,0,1,0.6525879471725079
b04,127,0,0,0.3847555820004844
b04,128,0,0,0.4089434261702922
b04,129,0,0,0.4416578826742018
b04,130,0,1,0.7853529968563565
b04,131,0,1,0.7787755533193584
b04,132,0,1,0.8390037820093426
b04,133,0,1,0.6835058614487522
b04,134,0,1,0.7274066726161169
b04,135,1,1,0.7928710022369306
b04,136,1,1,0.6955746783126283
b04,137,1,1,0.7373593235457091
b04,138,1,1,0.5212046264969973
b04,139,1,1,0.8538166303453659
b04,140,0,1,0.668755045886096
b04,141,0,1,0.7511059034552185
b04,142,0,1,0.9201278836887146
b04,143,0,1,0.9750680917893537
b04,144,0,1,0.7831150155663255
b04,145,0,1,0.8214739141484613
b04,146,0,0,0.3064448400706806
b04,147,0,1,0.5343388924477878
b04,148,0,1,0.578069145567636
b04,149,0,0,0.3004063425444918
b04,150,0,0,0.1901634696308787
b04,151,0,0,0.4323390533038436
b04,152,0,0,0.4767341553118266
b04,153,0,1,0.6142641939902734
b04,154,0,1,0.5306820035902253
b04,155,0,0,0.47267741241708217
b04,156,0,0,0.4864242867937392
b04,157,0,0,0.3612663198629002
b04,158,0,0,0.2761740491822224
b04,159,0,0,0.34074296603169985
b04,160,0,0,0.018198456292531213
b04,161,0,0,0.11820781594953886
b04,162,0,0,0.1188833678563311
b04,163,0,0,0.1315058026422107
b04,164,0,0,0.2645107037399886
b04,165,0,0,0.19724609367168236
b04,166,0,0,0.3941261450678776
b04,167,0,0,0.3987484100364788
b04,168,0,0,0.3448205566529615
b04,169,0,0,0.47371872803886106
b04,170,0,0,0.3502186604032059
b04,171,0,0,0.4337534576393322
b04,172,0,0,0.39558942290158916
b04,173,0,0,0.45738893347578746
b04,174,0,0,0.3512004770775957
b04,175,0,0,0.3374403569714106
b04,176,0,0,0.41777922326641237
b04,177,0,0,0.21443279086548805
b04,178,0,0,0.3476501487722252
b04,179,0,0,0.1760035302426319
b04,180,0,0,0.15878571692766555
b04,181,0,0,0.1521849934532788
b04,182,0,0,0.36518753674689763
b04,183,0,0,0.32794066960974316
b04,184,0,0,0.1334457859882057
b04,185,0,0,0.15798605612305044
b04,186,0,0,0.07546978750861259
b04,187,0,0,0.16936313631166997
b04,188,0,0,0.14045198400170963
b04,189,0,0,0.09121241802245766
b04,190,0,0,0.24047374217185127
b04,191,0,0,0.16632040285817956
b04,192,0,0,0.23699456176004682
b04,193,0,0,0.1718870821395382
b04,194,0,0,0.10306292958472571
b04,195,0,0,0.3245124835041763
b04,196,0,0,0.15996688828428413
b04,197,0,0,0.2026506786263629
b04,198,0,0,0.24033579967645974
b04,199,0,0,0.16032108685637464
b04,200,0,0,0.09787728081618083
b04,201,0,0,0.14946355340639808
b04,202,0,0,0.1978165977644771
b04,203,0,0,0.23268862121344774
b04,204,0,1,0.6415275925496755
b04,205,0,1,0.9050504983499307
b04,206,0,0,0.29249490456080746
b04,207,0,1,0.728676046990368
b04,208,0,0,0.32095704488244814
b04,209,0,0,0.3454127046612184
b04,210,0,1,0.6342514049996723
b04,211,0,0,0.44979736291370154
b04,212,0,1,0.6716134865221537
b04,213,0,1,0.7354660330201133
b04,214,0,0,0.16226663662347152
b04,215,0,0,0.19833553120278904
b04,216,0,0,0.20675765055737175
b04,217,0,0,0.4784692892008043
b04,218,0,1,0.9516803792073231
b04,219,0,1,0.6001751294464464
b04,220,0,1,0.9132305502711058
b04,221,0,0,0.45605472283376447
b04,222,0,1,0.5600289332048053
b04,223,0,0,0.34989773499510746
b04,224,0,0,0.25256006781108054
b04,225,0,1,0.5842106902199464
b04,226,0,1,0.7250132376798526
b04,227,0,1,0.6000326258465055
b04,228,0,0,0.33391579045912073
b04,229,0,1,0.69321189137793
b04,230,0,1,0.9093373570095592
b04,231,0,1,0.7178816937236557
b04,232,0,1,0.6365367563972714
b04,233,0,1,0.8984582067688145
b04,234,0,1,0.7903219973705621
b04,235,0,1,0.6675614516310531
b04,236,0,1,0.8182653936268675
b04,237,1,1,0.9265897794480591
b04,238,1,1,0.6954856914719125
b04,239,0,1,0.5225600496840531
b04,240,0,1,0.9287953967393932
b04,241,0,0,0.24026223019664744
b04,242,0,1,0.6177326891998284
b04,243,0,1,0.9353864197554774
b04,244,0,0,0.43944407077776265
b04,245,0,0,0.3294466322638792
b04,246,0,0,0.3292965678505321
b04,247,0,1,0.6214176766183087
b04,248,0,0,0.2981428923662921
b04,249,0,0,0.42765022485427584
b04,250,0,1,0.7588399339116759
b04,251,0,1,0.6264209583215977
b04,252,0,1,0.6986229380322736
b04,253,0,1,0.8038166983035552
b04,254,0,0,0.004158446681980004
b04,255,0,0,0.009520832859747216
b04,256,0,0,0.006721044877269633
b04,257,0,0,0.018482200726256285
b04,258,0,0,0.03678439654153606
b04,259,0,0,0.0978817399941466
b04,260,0,0,0.1713787036410959
b04,261,0,0,0.20985502532217418
b04,262,0,0,0.06205962538641026
b04,263,0,0,0.14096322105519254
b04,264,0,0,0.08764443922930566
b04,265,0,0,0.14929128928104501
b04,266,0,0,0.0367620171961322
b04,267,0,0,0.046485264094049614
b04,268,0,0,0.10120420459994857
b04,269,0,0,0.04912970547726871
b04,270,0,0,0.12596751255475144
b04,271,0,0,0.010946229250011166
b04,272,0,0,0.04255579757921871
b04,273,0,0,0.02764525153446732
b04,274,0,0,0.03673253566463856
b04,275,0,0,0.02435284853772744
b04,276,0,0,0.06691717885881965
b04,277,0,0,0.05692461954214907
b04,278,0,0,0.06437506089346771
b04,279,0,0,0.028170495800495004
b04,280,0,0,0.0033984144280687217
b04,281,0,0,0.021399127771859296
b04,282,0,0,0.0075677454537062495
b04,283,0,0,0.012762408778320944
b04,284,0,0,0.014474955940970665
b04,285,0,0,0.008980326398761394
b04,286,0,0,0.009370830077857994
b04,287,0,0,0.015684675444148612
b04,288,0,0,0.0033339191410088043
b04,289,0,0,0.002298499962230698
b04,290,0,0,0.0023057720578948592
b04,291,0,0,0.004113683776821383
b04,292,0,0,0.003822281352638843
b04,293,0,0,0.004276851344218648
b04,294,0,0,0.005458447436019678
b04,295,0,0,0.003263196376476353
b04,296,0,0,0.07298459540117234
b04,297,0,0,0.4472122166604465
b04,298,0,0,0.35818448385706897
b04,299,0,0,0.23587018310328253
b04,300,0,1,0.600154798495631
b04,301,0,0,0.2982331036308049
b04,302,0,0,0.4743109388140558
b04,303,0,0,0.34423767083338164
b04,304,0,0,0.38851270949573413
b04,305,0,0,0.22056691141923407
b04,306,0,0,0.2225031942816712
b04,307,0,0,0.322561239410232
b04,308,0,0,0.2895824873472042
b04,309,0,0,0.40591944818509185
b04,310,0,0,0.43001688316159187
b04,311,0,1,0.6173738148378509
b04,312,0,1,0.8662082815518556
b04,313,0,0,0.49878351309801655
b04,314,0,1,0.5654674885017806
b04,315,0,1,0.7152637296268393
b04,316,0,1,0.6408528128477712
b04,317,0,0,0.474948592178507
b04,318,0,1,0.8605650958098895
b04,319,0,1,0.666452826742287
b04,320,0,0,0.47039527168591094
b04,321,0,1,0.8157654016366458
b04,322,0,1,0.9699174330343276
b04,323,0,1,0.6102444297490268
b04,324,0,1,0.5380229878665284
b04,325,0,1,0.8495926220738742
b04,326,0,1,0.5433127060643617
b04,327,0,1,0.7197236021510707
b04,328,0,1,0.7322867514406984
b04,329,0,1,0.9634570220462189
b04,330,0,1,0.553524763424435
b04,331,0,1,0.756141644137337
b04,332,0,0,0.4939419758562345
b04,333,0,1,0.680797972645193
b04,334,0,0,0.3888846834050644
b04,335,0,0,0.44252296359027404
b04,336,0,1,0.6083067341013149
b04,337,0,1,0.9269337338313666
b04,338,0,0,0.3568147987003322
b04,339,0,1,0.5716049848365627
b04,340,0,0,0.37372052221674223
b04,341,0,0,0.4355821773657074
b04,342,0,1,0.5036270271309127
b04,343,0,0,0.33772508220770686
b04,344,0,0,0.3070761129966564
b04,345,0,0,0.44784485806580293
b04,346,0,0,0.30098222226161475
b04,347,0,0,0.3137302438771879
b04,348,0,0,0.2975061495922965
b04,349,0,0,0.2675196265831974
b04,350,0,0,0.27808149922471603
b04,351,0,1,0.9841703146521269
b04,352,1,0,0.13786227356939826
b04,353,1,0,0.3666144300029001
b04,354,1,1,0.8433314952256045
b04,355,0,1,0.9807931765693474
b04,356,0,0,0.10039036882822217
b04,357,0,0,0.2752362577294888
b04,358,0,0,0.13415209357056979
b04,359,0,0,0.22205267628406083
b04,360,0,0,0.16792359994405637
b04,361,0,0,0.18686534272266211
b04,362,0,0,0.48568042261301414
b04,363,0,0,0.40150520226958364
b04,364,0,0,0.31619027105631603
b04,365,0,0,0.37972890188811015
b04,366,0,0,0.4063440321333618
b04,367,0,1,0.5935047524018159
b04,368,0,0,0.3024567347366826
b04,369,0,0,0.4465689569167105
b04,370,0,1,0.5092883044442542
b04,371,0,0,0.3884559310240137
b04,372,0,0,0.24822260600508037
b04,373,0,0,0.20583628551761515
b04,374,0,0,0.46599381738185064
b04,375,0,1,0.6373923905855934
b04,376,0,1,0.6725927566154167
b04,377,0,0,0.19304784084278984
b04,378,0,0,0.4369824081258302
b04,379,0,0,0.31519744790412313
b04,380,0,0,0.3165165769046897
b04,381,0,1,0.543644115189764
b04,382,0,0,0.31145529426287605
b04,383,0,0,0.317806914911902
b04,384,0,1,0.5347577467428494
b04,385,0,0,0.3695060170621903
b04,386,0,1,0.5730366215354713
b04,387,0,1,0.5020465860054305
b04,388,0,1,0.5983593465550489
b04,389,0,1,0.583132834891157
b04,390,0,0,0.3733401742776011
b04,391,0,0,0.4410197706167075
b04,392,0,0,0.47718741080067645
b04,393,0,1,0.9516309087411958
b04,394,0,0,0.12945350907578354
b04,395,0,1,0.6622655812256217
b04,396,0,0,0.46004946225620297
b04,397,0,0,0.003057952064598236
b04,398,0,0,0.014417789819249406
b04,399,0,0,0.015290634161444895
b04,400,0,0,0.011849013085580024
b04,401,0,0,0.01164290354047113
b04,402,0,0,0.019796863999180264
b04,403,0,0,0.029891169900895315
b04,404,0,0,0.025454773326504754
b04,405,0,0,0.009625425480960922
b04,406,0,0,0.005095636379205392
b04,407,0,0,0.006536057585315335
b04,408,0,0,0.011095043412504777
b04,409,0,0,0.025188442489280392
b04,410,0,1,0.5598662286499169
b04,411,0,0,0.2645207901079671
b04,412,0,1,0.6577810420069071
b04,413,0,0,0.2683119546431924
b04,414,0,0,0.2164859107320749
b04,415,0,0,0.3833465928150879
b04,416,0,1,0.7040691723994293
b04,417,0,0,0.3292904718183161
b04,418,0,1,0.712271289379636
b04,419,0,1,0.7034331724768205
b04,420,0,1,0.5815731447252228
b04,421,0,1,0.6364312351058604
b04,422,0,1,0.9167892152243082
b04,423,0,1,0.9269568382595283
b04,424,0,1,0.5007303658446276
b04,425,0,1,0.6501440765286738
b04,426,0,1,0.9146614882790961
b04,427,0,0,0.4287452563488353
b04,428,0,1,0.5372527589252023
b05,1,0,0,0.389375162203187
b05,2,0,1,0.6089731218265029
b05,3,0,0,0.3391431081563063
b05,4,0,0,0.34508068068316267
b05,5,0,0,0.3935235939463492
b05,6,0,0,0.348562774646165
b05,7,0,0,0.3191213637534021
b05,8,0,0,0.24465317814089818
b05,9,0,0,0.3842020637204447
b05,10,0,0,0.3017676378940678
b05,11,0,0,0.4235049314757319
b05,12,0,0,0.28970091939444664
b05,13,0,0,0.2959372649159474
b05,14,0,0,0.29477266036021427
b05,15,0,0,0.31918778502238626
b05,16,0,0,0.3047713128114575
b05,17,0,1,0.5400871388879488
b05,18,0,0,0.18761868755966737
b05,19,0,1,0.6662277436421309
b05,20,0,0,0.45780187884436097
b05,21,0,1,0.6011068824244186
b05,22,0,0,0.27899257825716456
b05,23,0,1,0.5005716012879727
b05,24,0,1,0.5746073911862544
b05,25,0,0,0.321439230265941
b05,26,0,0,0.349160347873744
b05,27,0,0,0.30773225960773615
b05,28,0,0,0.2756835102342415
b05,29,0,0,0.29674166201583063
b05,30,0,0,0.3621571404178735
b05,31,0,0,0.35040832032853914
b05,32,0,0,0.3659314469889965
b05,33,0,0,0.4596541504639276
b05,34,0,0,0.23681866655399023
b05,35,0,0,0.44916976237456147
b05,36,0,1,0.6165072261132448
b05,37,0,0,0.2567746281782346
b05,38,0,0,0.33723257225554276
b05,39,0,0,0.32609167047956766
b05,40,0,0,0.35987661188524644
b05,41,0,0,0.30068877334449906
b05,42,0,0,0.37186708577324284
b05,43,0,0,0.3840858121595602
b05,44,0,0,0.2051741332016919
b05,45,0,0,0.3635160048608042
b05,46,1,0,0.14192384340927505
b05,47,0,0,0.20118239654599226
b05,48,0,0,0.19037884032724722
b05,49,0,0,0.27639870635008973
b05,50,0,0,0.1476445277891709
b05,51,0,0,0.21796956624709998
b05,52,0,0,0.21628192042369263
b05,53,0,0,0.17805767684987647
b05,54,0,0,0.23895063839969613
b05,55,0,0,0.21733656839504892
b05,56,0,0,0.20506303688051203
b05,57,0,0,0.1425206179699647
b05,58,0,0,0.17047037289648898
b05,59,0,0,0.19892839741497603
b05,60,0,0,0.1787388540767164
b05,61,0,0,0.16030268176164406
b05,62,0,0,0.3601112854483374
b05,63,0,0,0.1964963652450056
b05,64,0,0,0.23282074530050384
b05,65,0,0,0.19120098983162334
b05,66,0,0,0.22167388918494801
b05,67,0,0,0.17050662574051276
b05,68,0,0,0.20525484616485612
b05,69,0,0,0.1745099215042724
b05,70,0,0,0.42454586509454045
b05,71,0,0,0.1573723410760407
b05,72,0,0,0.19719650097200658
b05,73,0,0,0.2556594100440089
b05,74,0,0,0.16276554495197842
b05,75,0,0,0.19774688000437876
b05,76,0,0,0.2292000219422261
b05,77,0,0,0.1861994277293229
b05,78,0,0,0.20940947253970105
b05,79,0,0,0.19389047360321573
b05,80,0,0,0.1591895183157553
b05,81,0,0,0.16535976899937627
b05,82,0,0,0.2329427033856283
b05,83,0,0,0.21166171306221912
b05,84,0,0,0.15707711433220906
b05,85,0,0,0.21110976060956904
b05,86,0,0,0.2146129225424599
b05,87,0,0,0.21310059034951034
b05,88,0,0,0.18069563605860883
b05,89,0,0,0.20592850082891892
b05,90,0,0,0.19360718622776044
b05,91,0,0,0.15618168102598576
b05,92,0,0,0.19708292978662673
b05,93,0,0,0.20714323457940534
b05,94,0,0,0.2749552661204907
b05,95,0,0,0.16346702265927687
b05,96,0,0,0.21068701137087115
b05,97,0,0,0.19530085949896922
b05,98,0,0,0.21461081660470185
b05,99,0,0,0.23562073887466362
b05,100,0,0,0.35140200585731557
b05,101,0,0,0.33366375672139786
b05,102,0,1,0.5662741051244535
b05,103,0,1,0.5723093759691458
b05,104,0,0,0.19737333108848457
b05,105,0,0,0.4543120979298264
b05,106,0,0,0.19565786136005336
b05,107,0,0,0.30281268120550886
b05,108,0,0,0.24130768708657122
b05,109,0,0,0.20100958012711
b05,110,0,0,0.2110629892666757
b05,111,0,0,0.17356738252491433
b05,112,0,0,0.1839392333983874
b05,113,0,0,0.2128848937880721
b05,114,0,0,0.2625000297306366
b05,115,0,0,0.3681727051427014
b05,116,1,0,0.28478125741154936
b05,117,1,0,0.18787838421596845
b05,118,0,0,0.4553248161067735
b05,119,0,0,0.17067673322538968
b05,120,0,0,0.1890557433596429
b05,121,0,0,0.2901397716669625
b05,122,0,0,0.2820826623652155
b05,123,0,0,0.4387634683641728
b05,124,0,0,0.1434078592941004
b05,125,0,0,0.24972301987324846
b05,126,0,0,0.21205208305443235
b05,127,0,0,0.3103854284393242
b05,128,0,0,0.013202561161768225
b05,129,0,0,0.13179687453823052
b05,130,0,0,0.22084322232362613
b05,131,0,0,0.2398924922488225
b05,132,0,0,0.4416830720722166
b05,133,0,0,0.17417482421999822
b05,134,0,0,0.2661008089712036
b05,135,0,0,0.04743522260603214
b05,136,0,0,0.02327027277933607
b05,137,0,0,0.0013954673884499138
b05,138,0,0,0.10327380230441037
b05,139,0,0,0.01193651580451108
b05,140,0,0,0.10557925900184942
b05,141,0,0,0.010006153748635116
b05,142,0,0,0.00015820273946823567
b05,143,0,0,0.00018568922515439578
b05,144,0,0,5.220433301272277e-06
b05,145,0,0,0.00021160830605039245
b05,146,0,0,3.0452143007375995e-06
b05,147,0,0,0.0030917595660829213
b05,148,0,0,0.061398164762544394
b05,149,0,0,0.14053412553859748
b05,150,0,0,0.24626385387543046
b05,151,0,0,0.23059736028185893
b05,152,0,0,0.24098535180448494
b05,153,0,0,0.3238857309999332
b05,154,0,0,0.18687946827727453
b05,155,0,0,0.18408516785051499
b05,156,0,0,0.24925519882362268
b05,157,0,0,0.22212159640641593
b05,158,0,1,0.8426814378681459
b05,159,0,0,0.17979856282300286
b05,160,0,0,0.1321324001480892
b05,161,0,0,0.2783131829396277
b05,162,0,0,0.22439734458292507
b05,163,0,0,0.2919133281006578
b05,164,0,0,0.24818550553300286
b05,165,0,0,0.23816735645309844
b05,166,0,0,0.2433935955359871
b05,167,0,0,0.24330034164902706
b05,168,0,0,0.26356311768535673
b05,169,0,1,0.7088675039540834
b05,170,0,0,0.2858884114078632
b05,171,0,0,0.48866981501653317
b05,172,0,0,0.31990191369923904
b05,173,0,0,0.33403428392974893
b05,174,0,0,0.17410809587960685
b05,175,0,0,0.2318279587815118
b05,176,0,0,0.26460268940339726
b05,177,0,0,0.33971044303688325
b05,178,0,0,0.27642360244853537
b05,179,0,1,0.5733065044068175
b05,180,0,0,0.4987313650928154
b05,181,0,0,0.43329349158317343
b05,182,0,0,0.13713750425467525
b05,183,0,0,0.3693616715434327
b05,184,0,1,0.5114289746898709
b05,185,0,0,0.3715533178241234
b05,186,0,0,0.32231901953537995
b05,187,0,0,0.320947582035203
b05,188,0,1,0.9999300691903614
b05,189,0,0,0.14001674236532502
b05,190,0,0,0.2257480108169489
b05,191,0,0,0.22517987218600333
b05,192,0,0,0.1756237749972158
b05,193,0,0,0.2264037756520273
b05,194,0,0,0.2283171795234698
b05,195,0,0,0.25287139087517413
b05,196,0,0,0.428303738442835
b05,197,0,0,0.2892088042300999
b05,198,0,0,0.17878708528956133
b05,199,0,0,0.2078553846457561
b05,200,0,0,0.31738896785481474
b05,201,0,0,0.32739752418645374
b05,202,0,0,0.2872496244312797
b05,203,0,0,0.3021282768301227
b05,204,0,0,0.28872071796500876
b05,205,0,0,0.30271836205629243
b05,206,0,0,0.31224162124834653
b05,207,0,0,0.3351186751199208
b05,208,0,0,0.33969014552461396
b05,209,0,0,0.3252736416886384
b05,210,0,1,0.5098962539316527
b05,211,0,0,0.213046456953973
b05,212,0,0,0.16018360476253699
b05,213,0,0,0.2328464399086684
b05,214,0,0,0.24658357634505154
b05,215,0,0,0.22959265794740566
b05,216,0,0,0.20714453430728083
b05,217,0,0,0.2103800972979884
b05,218,0,0,0.3524893122400612
b05,219,0,0,0.22112723124388492
b05,220,0,0,0.21042143083025217
b05,221,0,0,0.19895613025326722
b05,222,0,0,0.23772881891410325
b05,223,0,0,0.30842619343566036
b05,224,0,0,0.1720188290619404
b05,225,0,0,0.26360016537648834
b05,226,0,0,0.1923699932170204
b05,227,0,0,0.2979830578259322
b05,228,0,0,0.18027170288736935
b05,229,0,0,0.2317837815554448
b05,230,0,0,0.2887776496535499
b05,231,0,0,0.25420376346823637
b05,232,0,0,0.2057995700387074
b05,233,0,0,0.19007539896705916
b05,234,0,0,0.11900282759216994
b05,235,0,0,0.13295728611916174
b05,236,0,0,0.17747453813249747
b05,237,0,0,0.2519054246292669
b05,238,0,0,0.16949110952970173
b05,239,0,0,0.31303293657169223
b05,240,0,0,0.22866406365497732
b05,241,0,0,0.21084322809032532
b05,242,0,0,0.21993554997312
b05,243,0,0,0.3317561777961766
b05,244,0,0,0.3018088381547826
b05,245,0,0,0.18760183993087498
b05,246,0,0,0.2764756462467322
b05,247,0,0,0.33789744671997074
b05,248,0,0,0.20021727710380377
b05,249,0,0,0.30418503972511757
b05,250,0,0,0.2078145634436005
b05,251,0,0,0.27226153962374466
b05,252,0,0,0.13154414108628168
b05,253,0,0,0.33840441299501983
b05,254,0,0,0.365801118107006
b05,255,0,0,0.40458535732147993
b05,256,0,0,0.3288969035122505
b05,257,0,0,0.441627587401256
b05,258,0,0,0.3310265170939425
b05,259,0,0,0.3729651742259478
b05,260,0,0,0.298641191339218
b05,261,0,0,0.3096377745863282
b05,262,0,0,0.13074214983581456
b05,263,0,1,0.630003968185288
b05,264,0,0,0.23548907995754698
b05,265,0,0,0.09779484097331742
b05,266,0,0,0.09023057245337679
b05,267,0,0,0.12869939079656526
b05,268,0,0,0.24230721446185316
b05,269,0,0,0.28397682837556876
b05,270,0,0,0.3735617793415621
b05,271,0,1,0.9501129670755492
b05,272,0,1,0.9993439785322905
b05,273,0,0,0.007937821952916266
b05,274,0,0,3.798576710605422e-07
b05,275,0,0,1.3669311885152812e-07
b05,276,0,0,1.6253432624808942e-08
b05,277,0,0,0.008044563660869631
b05,278,0,0,0.005591713803645642
b05,279,0,0,9.687788870240858e-23
b05,280,0,0,0.041813217508041546
b05,281,0,1,0.9719855996685305
b05,282,0,0,3.983848298463113e-19
b05,283,0,0,0.0005246039655767864
b05,284,0,1,0.6080032672396355
b05,285,0,0,0.30810723538813917
b05,286,0,0,0.33002000740730764
b05,287,0,0,0.3238842270599332
b05,288,0,0,0.3247059840285437
b05,289,0,1,0.5000142978005826
b05,290,0,0,0.30216352179317596
b05,291,0,0,0.36405568544341294
b05,292,0,0,0.33161878116713744
b05,293,0,0,0.2867979166606892
b05,294,0,0,0.31706099198182036
b05,295,0,0,0.37738974231400807
b05,296,0,1,0.6896363231471336
b05,297,0,0,0.4951646603419622
b05,298,0,0,0.36100199764264035
b05,299,0,0,0.38183734160788474
b05,300,0,0,0.3074315161429752
b05,301,0,0,0.41226077492600877
b05,302,0,0,0.2813017248773351
b05,303,0,0,0.3367890567190087
b05,304,0,0,0.497501752078939
b05,305,0,0,0.207302427881063
b05,306,0,0,0.31854826391236146
b05,307,0,0,0.37205646367628886
b05,308,0,0,0.27707076702743233
b05,309,0,0,0.3294282132905805
b05,310,0,0,0.3143004695853496
b05,311,1,0,0.26108661119084003
b05,312,1,0,0.32052145848904007
b05,313,1,0,0.33453605071036785
b05,314,0,0,0.3957734314354389
b05,315,0,0,0.14038161348634204
b05,316,0,0,0.3608238476671174
b05,317,0,0,0.1550060960722686
b05,318,0,0,0.2949362373812985
b05,319,0,0,0.2631773159422288
b05,320,1,0,0.4935555782476944
b05,321,1,0,0.4455564149073298
b05,322,1,0,0.4260441477532103
b05,323,1,0,0.28717628817021673
b05,324,1,0,0.33860207275440524
b05,325,1,0,0.1801030878988033
b05,326,1,0,0.3890595326063756
b05,327,1,0,0.3865449520257365
b05,328,1,0,0.4405339485292119
b05,329,1,1,0.5219091883043481
b05,330,1,0,0.4376520322922464
b05,331,1,0,0.16725534898262184
b05,332,1,0,0.37570461387284754
b05,333,1,1,0.5911160370002564
b05,334,1,0,0.4823147011724536
b05,335,1,0,0.4434092510186872
b05,336,1,0,0.2570946371853145
b05,337,0,0,0.20255623770094422
b05,338,0,0,0.2675182832473499
b05,339,0,0,0.2626675094337903
b05,340,0,0,0.23843653932296538
b05,341,0,1,0.5261376495998559
b05,342,0,1,0.522789377833127
b05,343,0,0,0.26839456329759653
b05,344,0,0,0.3629603659224688
b05,345,0,0,0.27211868228231717
b05,346,0,0,0.4498532122628361
b05,347,0,0,0.38450204860320303
b05,348,0,0,0.42506351312341595
b05,349,0,0,0.44414237457514927
b05,350,0,0,0.3791387478485851
b05,351,1,0,0.43019019884522647
b05,352,0,1,0.7046177603301662
b05,353,0,0,0.21987362813527725
b05,354,0,0,0.4398880639949028
b05,355,0,1,0.6430838891673258
b05,356,0,1,0.5018131147010094
b05,357,0,1,0.5263719751933394
b05,358,0,0,0.27926412407159773
b05,359,0,1,0.689494445451252
b05,360,0,0,0.18574454095448736
b05,361,0,1,0.5477905300297555
b05,362,0,0,0.3033736821376273
b05,363,0,0,0.30224976737576403
b05,364,0,0,0.24788753531135704
b05,365,0,0,0.46780231359772473
b05,366,0,0,0.25685354085789514
b05,367,0,0,0.4209125011506051
b05,368,0,0,0.26318467180850963
b05,369,0,0,0.2611580025637865
b05,370,0,1,0.5278798202319894
b05,371,0,0,0.21855703015490097
b05,372,0,0,0.2647198157804156
b05,373,0,1,0.6629116797064477
b05,374,0,0,0.20115744653260503
b05,375,0,0,0.30950853469501166
b05,376,0,0,0.3361455533609523
b05,377,0,0,0.3128465785357291
b05,378,0,0,0.3244701959320801
b05,379,0,0,0.30898267402202967
b05,380,0,0,0.34625879345165067
b05,381,0,0,0.36925318836685267
b05,382,0,0,0.23286517846355528
b05,383,0,0,0.25395715912629124
b05,384,0,0,0.33779931267565805
b05,385,0,0,0.3899639256420091
b05,386,0,0,0.37532828217243225
b05,387,0,0,0.34285174080018244
b05,388,0,0,0.30123157319584043
b05,389,1,0,0.3976746211970138
b05,390,1,0,0.37475993248936434
b05,391,1,0,0.33124804673632696
b05,392,1,0,0.4728476406885081
b05,393,1,1,0.668870831074884
b05,394,1,1,0.9702603753712984
b05,395,0,1,0.932860976996485
b05,396,0,0,0.17990427869506834
b05,397,0,0,0.4738945567920198
b05,398,0,0,0.4741036730648361
b05,399,0,1,0.5444802646778182
b05,400,0,1,0.5361012363215907
b05,401,0,0,0.24812866605820846
b05,402,0,0,0.30925991375234796
b05,403,0,0,0.3130173704535582
b05,404,0,0,0.3296881671814505
b05,405,1,0,0.11682351434532089
b05,406,1,0,0.42245956270068674
b05,407,1,1,0.5352242175386567
b05,408,1,1,0.6154928716235963
b05,409,1,0,0.4768286275936783
b05,410,1,0,0.4442997928345978
b05,411,1,0,0.3017390934361931
b05,412,1,0,0.33053946174506255
b05,413,1,1,0.5118046527633663
b05,414,1,0,0.37039695336619455
b05,415,1,1,0.7077942102536976
b05,416,1,1,0.6851496156681893
b05,417,1,0,0.29714838196414445
b05,418,1,0,0.36322464650169733
b05,419,1,1,0.5133611506393579
b05,420,1,0,0.2741759094869673
b05,421,1,0,0.35223836919337814
b05,422,1,0,0.408024698198226
b05,423,1,1,0.7021352049915928
b05,424,1,0,0.3226590496448893
b05,425,1,1,0.6136816491458594
b05,426,1,0,0.4590440335277736
b05,427,1,0,0.3469081996666088
b05,428,1,1,0.5290227902644952
b05,429,1,1,0.5463360865639755
b05,430,1,1,0.8589923568163299
b05,431,1,1,0.8069693817191035
b05,432,0,0,0.43511077167753764
c01,10,0,0,0.20527428243984316
c01,11,0,0,0.37353188844536966
c01,12,0,1,0.6522684013031007
c01,13,0,1,0.6863869465325834
c01,14,0,1,0.7535708840210091
c01,15,0,1,0.6906580230345907
c01,16,0,1,0.6000294822648212
c01,17,0,1,0.8619825276564798
c01,18,0,1,0.6502826806286439
c01,19,0,1,0.5436963409120046
c01,20,0,1,0.5683856965571958
c01,21,0,1,0.5358264308833017
c01,22,0,1,0.6103172749666979
c01,23,0,1,0.5107950784608231
c01,24,0,1,0.6400458129826271
c01,25,0,1,0.5557782844638065
c01,26,0,1,0.5669129620322794
c01,27,0,0,0.24133611804213065
c01,28,0,0,0.3020801596784412
c01,29,0,0,0.38310436469921455
c01,30,0,0,0.2767805216447561
c01,31,0,0,0.2546669860110905
c01,32,0,1,0.61604007837979
c01,33,0,0,0.22806232757610764
c01,34,0,0,0.2792223541446882
c01,35,0,1,0.5008106660346083
c01,36,0,1,0.8396282111027162
c01,37,0,0,0.24462326614587393
c01,38,0,0,0.43498041897287737
c01,39,0,0,0.3028071474373263
c01,40,0,0,0.28959310309788877
c01,41,0,0,0.3426543815215863
c01,42,0,0,0.3656823136331353
c01,43,0,0,0.3332171803330367
c01,44,0,0,0.304510172729728
c01,45,0,0,0.34383747087245575
c01,46,0,0,0.3099983918198038
c01,47,0,0,0.2746045315088775
c01,48,0,0,0.36355087297724725
c01,49,0,1,0.8149225638532392
c01,50,0,0,0.17512314272327484
c01,51,0,0,0.4295122170964733
c01,52,0,0,0.23355978568206312
c01,53,0,0,0.34333411751631315
c01,54,0,1,0.8213968415950074
c01,55,0,0,0.32154232083690315
c01,56,0,0,0.33988619978642226
c01,57,0,0,0.26860554495353206
c01,58,0,0,0.21234323248776357
c01,59,0,0,0.277939411587084
c01,60,0,0,0.20784392866676382
c01,61,0,0,0.4457334827469741
c01,62,0,0,0.21846853131971156
c01,63,0,0,0.21199284240140054
c01,64,0,0,0.2620855104900933
c01,65,0,0,0.22603586169743237
c01,66,0,0,0.23746182370187457
c01,67,0,0,0.2782325557610403
c01,68,0,1,0.5411069381698308
c01,69,0,0,0.24825591532001992
c01,70,0,0,0.2687209139750331
c01,71,0,0,0.207977532889917
c01,72,0,0,0.23598876933105042
c01,73,0,0,0.29437180386540424
c01,74,0,0,0.26888532131814313
c01,75,0,0,0.2745072018570823
c01,76,0,0,0.26039023570055075
c01,77,0,0,0.2418971458637897
c01,78,0,0,0.22185353596363808
c01,79,0,0,0.2721417855339921
c01,80,0,0,0.35944208002099687
c01,81,0,0,0.22927748338651388
c01,82,0,0,0.2392115350177645
c01,83,0,0,0.34771071067771975
c01,84,0,0,0.41902283079089975
c01,85,0,0,0.4606685647123992
c01,86,0,0,0.4932615833109823
c01,87,0,0,0.2644633145396713
c01,88,0,0,0.32510680250440427
c01,89,0,1,0.5361215607081747
c01,90,0,0,0.36282339717540524
c01,91,0,0,0.4114955775052293
c01,92,0,0,0.4875846665095032
c01,93,0,0,0.3688955214443063
c01,94,0,1,0.5463052347851451
c01,95,0,0,0.29014609853357265
c01,96,0,0,0.4804889624684354
c01,97,0,1,0.6009982686105415
c01,98,0,0,0.4550519677019896
c01,99,0,0,0.426126239861154
c01,100,0,1,0.5374157607157706
c01,101,0,0,0.4993018648271745
c01,102,0,0,0.4832227589714475
c01,103,0,0,0.4775539595953874
c01,104,0,0,0.4230951980804845
c01,105,0,0,0.29524237619201643
c01,106,0,1,0.5296253656928799
c01,107,0,0,0.293108330381735
c01,108,0,0,0.3192015267559019
c01,109,0,1,0.5542905254627544
c01,110,0,0,0.2807203968103413
c01,111,0,0,0.2696919757707664
c01,112,0,0,0.2834070261383109
c01,113,0,1,0.5166619415434363
c01,114,0,0,0.24113858717496844
c01,115,0,0,0.25750110379640995
c01,116,0,0,0.30886464637988587
c01,117,0,0,0.2098115372572915
c01,118,0,0,0.238284552392706
c01,119,0,0,0.4409966648006192
c01,120,0,0,0.2922679177145516
c01,121,0,0,0.27938234739159834
c01,122,0,0,0.2689280083357361
c01,123,0,0,0.39708437159107834
c01,124,0,0,0.28076924695917843
c01,125,0,0,0.24863374015292056
c01,126,0,0,0.35889994644844153
c01,127,0,0,0.2519521117873215
c01,128,0,0,0.2547482467609751
c01,129,0,0,0.3134650291790897
c01,130,0,0,0.3099579890117462
c01,131,0,0,0.396397623989072
c01,132,0,0,0.2584858664788986
c01,133,0,0,0.3063176975415582
c01,134,0,0,0.30575961843620025
c01,135,0,0,0.29383537861756615
c01,136,0,0,0.3250382969067222
c01,137,0,0,0.4325129039101401
c01,138,0,1,0.8090947404516271
c01,139,0,1,0.9318478700107714
c01,140,0,1,0.7588050604636987
c01,141,0,0,0.2972433828427752
c01,142,0,1,0.5442439232922747
c01,143,0,1,0.6860058644900202
c01,144,0,0,0.22886487436321168
c01,145,0,0,0.2668838269419755
c01,146,0,0,0.29970915494559847
c01,147,0,0,0.2518129818537698
c01,148,0,0,0.30001205444498014
c01,149,0,0,0.27100886675817293
c01,150,0,0,0.24007758209309632
c01,151,0,0,0.2903065287366266
c01,152,0,0,0.29160833893378213
c01,153,0,0,0.32283685036744525
c01,154,0,0,0.31706657564557794
c01,155,0,0,0.27631952804903187
c01,156,0,0,0.28192629244073014
c01,157,0,0,0.42484368601697453
c01,158,0,1,0.6695516775593041
c01,159,0,0,0.3048747787440173
c01,160,0,0,0.30210442200236565
c01,161,0,0,0.3766567470318668
c01,162,0,0,0.44552495472850856
c01,163,0,0,0.35513355469300134
c01,164,0,1,0.5140180403002904
c01,165,0,0,0.33886245454564884
c01,166,0,0,0.32255218077254294
c01,167,0,0,0.346986180829682
c01,168,0,0,0.33497848598710783
c01,169,0,0,0.4203268229904595
c01,170,0,0,0.3433957344578919
c01,171,0,0,0.3048025677607952
c01,172,0,0,0.4248996295026064
c01,173,0,0,0.30895835558348594
c01,174,0,0,0.35681583515176185
c01,175,0,0,0.3236753702640784
c01,176,0,0,0.3061332518932257
c01,177,0,0,0.3301155008318614
c01,178,0,0,0.3075183971070336
c01,179,0,0,0.3474853630019796
c01,180,0,0,0.37855150934423426
c01,181,0,0,0.35644550607767533
c01,182,0,0,0.3462305511151059
c01,183,0,0,0.3409305916297426
c01,184,0,0,0.34005198743508086
c01,185,0,0,0.43896118949730095
c01,186,0,0,0.34886846675146466
c01,187,0,1,0.7726626193132607
c01,188,0,1,0.900642742283475
c01,189,0,1,0.53093758404133
c01,190,0,0,0.3663078090966619
c01,191,0,0,0.41954113892846673
c01,192,0,1,0.5140359176267736
c01,193,0,1,0.5508807961547747
c01,194,0,0,0.3700692883713869
c01,195,0,0,0.36519754259005227
c01,196,0,0,0.3976612944923528
c01,197,0,0,0.3852628712662417
c01,198,0,0,0.43336374745386247
c01,199,0,0,0.39225844069617866
c01,200,0,0,0.3841278086045742
c01,201,0,0,0.4745620576204722
c01,202,0,1,0.5570727039381115
c01,203,0,1,0.5075043723670796
c01,204,0,1,0.6313944210457374
c01,205,0,1,0.7552328217146642
c01,206,0,1,0.5045186394749054
c01,207,0,0,0.40205765832322765
c01,208,0,0,0.38331175543399565
c01,209,0,0,0.42668652722896433
c01,210,0,0,0.3959478436682203
c01,211,0,0,0.43688162711018685
c01,212,0,0,0.3819018050044454
c01,213,0,1,0.592011298511699
c01,214,0,0,0.3001586021032667
c01,215,0,0,0.3639035861312648
c01,216,0,0,0.42907263253027467
c01,217,0,1,0.6475391642046404
c01,218,0,0,0.31707366979349016
c01,219,0,0,0.48335017056377816
c01,220,0,0,0.40692453113021027
c01,221,0,0,0.44983190852956334
c01,222,0,0,0.31166169069355615
c01,223,0,0,0.410601354407593
c01,224,0,1,0.6493277553831464
c01,225,0,0,0.3810734744317806
c01,226,0,1,0.5141566708721694
c01,227,0,0,0.48492321075269096
c01,228,0,1,0.6064393301103858
c01,229,0,0,0.3723653528008825
c01,230,0,0,0.38892963359695615
c01,231,0,1,0.666225180132133
c01,232,0,1,0.5358497909007855
c01,233,0,1,0.512025336015153
c01,234,0,1,0.535217631619289
c01,235,0,0,0.2636238871501264
c01,236,0,0,0.4747184414069969
c01,237,0,1,0.589979385248687
c01,238,0,1,0.647408719386265
c01,239,0,0,0.4136039591475555
c01,240,0,0,0.4656277155218105
c01,241,0,0,0.39148999450094446
c01,242,0,0,0.362047663896011
c01,243,0,0,0.24632258551186237
c01,244,0,0,0.33173928676543496
c01,245,0,1,0.8786808432349413
c01,246,0,0,0.29693922676171175
c01,247,0,1,0.7462632076142753
c01,248,0,0,0.33148371369798907
c01,249,0,0,0.23872026509319808
c01,250,0,1,0.5615580574826078
c01,251,0,1,0.5129834466336378
c01,252,0,0,0.3726407020870138
c01,253,0,0,0.47539060997498805
c01,254,0,1,0.5680306055754972
c01,255,0,0,0.32738243470998907
c01,256,0,1,0.627974798301292
c01,257,0,0,0.3870646026314417
c01,258,0,1,0.518159568976358
c01,259,0,0,0.3049320061481192
c01,260,0,1,0.5532334872221046
c01,261,0,1,0.5630665765272772
c01,262,0,1,0.6824634198979364
c01,263,0,1,0.6430761600028349
c01,264,0,1,0.5496153915617598
c01,265,0,0,0.44911545640066924
c01,266,0,1,0.6521360855437612
c01,267,0,1,0.6385185392560928
c01,268,0,0,0.47628173982615785
c01,269,0,1,0.6147319329671819
c01,270,0,1,0.9045267681657785
c01,271,0,1,0.6523706346497692
c01,272,0,1,0.5490082182328051
c01,273,0,1,0.5681454970246906
c01,274,0,0,0.4790385491606227
c01,275,0,1,0.5224869676117787
c01,276,0,1,0.5825475432496509
c01,277,0,1,0.5702380113527015
c01,278,0,1,0.6450886436110973
c01,279,0,0,0.4296259582077211
c01,280,0,1,0.7002443819376388
c01,281,0,1,0.8845125570032804
c01,282,0,0,0.3626348936604583
c01,283,0,0,0.31808206513512555
c01,284,0,0,0.26278829859088654
c01,285,0,0,0.29603225260173543
c01,286,0,0,0.334198530442033
c01,287,0,0,0.45079773069748214
c01,288,0,0,0.4324394704614787
c01,289,0,0,0.4470109060196698
c01,290,0,1,0.6674626965245941
c01,291,0,0,0.32921186028979166
c01,292,0,1,0.8265625651439263
c01,293,0,1,0.9354929035251212
c01,294,0,0,0.08956502415808101
c01,295,0,0,0.3318849523243752
c01,296,0,0,0.21398212267537803
c01,297,0,0,0.27703966042976724
c01,298,0,0,0.2755918075140047
c01,299,0,0,0.3440776685552564
c01,300,0,0,0.30297495430929144
c01,301,0,0,0.3583473008748712
c01,302,0,1,0.5668747519659431
c01,303,0,1,0.552133550216291
c01,304,0,1,0.8305741482087967
c01,305,0,1,0.9503259968482898
c01,306,0,0,0.4679757312695391
c01,307,0,0,0.3826529229223002
c01,308,0,1,0.953722197696702
c01,309,0,0,0.17615172499913845
c01,310,0,0,0.37285558794264206
c01,311,0,1,0.5384161405016705
c01,312,0,0,0.22489370381513524
c01,313,0,0,0.3431195657221927
c01,314,0,0,0.23434747889951307
c01,315,0,0,0.42568899621900674
c01,316,0,0,0.48111797967297903
c01,317,0,0,0.386068092469738
c01,318,0,1,0.6433186370226348
c01,319,0,0,0.31316940050713377
c01,320,0,0,0.4329449728121915
c01,321,0,0,0.35543066110439364
c01,322,0,0,0.41463228231609167
c01,323,0,0,0.4699771240587875
c01,324,0,0,0.3968591961493784
c01,325,0,0,0.345396718264251
c01,326,0,1,0.59597880367355
c01,327,0,0,0.3248520659101917
c01,328,0,0,0.3364454167669536
c01,329,0,0,0.4302135948665461
c01,330,0,0,0.48380132562378697
c01,331,0,0,0.4412756242734482
c01,332,0,0,0.39140008859150455
c01,333,0,0,0.44794710263096277
c01,334,0,0,0.48198422259392104
c01,335,0,0,0.4740378668502862
c01,336,0,1,0.5469790444488238
c01,337,0,0,0.3270018903754055
c01,338,0,0,0.3765715938268273
c01,339,0,0,0.4272052409872248
c01,340,0,1,0.5322737490154791
c01,341,0,0,0.36658567392541475
c01,342,0,0,0.3300579159278354
c01,343,0,0,0.3745362992613866
c01,344,0,0,0.4715665435357418
c01,345,0,0,0.44375323904631675
c01,346,0,0,0.3380897893461156
c01,347,0,1,0.6837589137780108
c01,348,0,0,0.4410209713529334
c01,349,0,0,0.4671091671621391
c01,350,0,1,0.662133322022769
c01,351,0,0,0.3041946392547773
c01,352,0,0,0.3636386379252626
c01,353,0,0,0.4151837596654183
c01,354,0,0,0.3428132404335912
c01,355,0,0,0.2893943356202332
c01,356,0,1,0.5501615935005425
c01,357,0,0,0.36543728332243214
c01,358,0,1,0.5713199313564036
c01,359,0,1,0.5353208897911634
c01,360,0,0,0.34943416247693954
c01,361,0,0,0.44636909764619104
c01,362,0,0,0.39844134749518295
c01,363,0,1,0.6017655038087317
c01,364,0,0,0.4497530291661244
c01,365,0,0,0.40076234303296
c01,366,0,0,0.32094868760035267
c01,367,0,1,0.5368097500530893
c01,368,0,0,0.30927422977850133
c01,369,0,1,0.5564644344261225
c01,370,0,0,0.30026184694577424
c01,371,0,0,0.48143532279965023
c01,372,0,0,0.27394298235685705
c01,373,0,0,0.3704244659668867
c01,374,0,0,0.45583219387502094
c01,375,0,0,0.3295997916652348
c01,376,0,0,0.23812129552866756
c01,377,0,0,0.4241641668528584
c01,378,0,1,0.5863526861937461
c01,379,0,0,0.3229071979574611
c01,380,0,0,0.44864864222694095
c01,381,0,0,0.2843699754306724
c01,382,0,0,0.4818683508235877
c01,383,0,0,0.38305251335146
c01,384,0,1,0.632305519508173
c01,385,0,0,0.48051065588962016
c01,386,0,0,0.3629583210901344
c01,387,0,0,0.39131313786352845
c01,388,0,1,0.9139856427219989
c01,389,0,1,0.9553513620117142
c01,390,0,0,0.3007962378859785
c01,391,0,0,0.3430425675151616
c01,392,0,0,0.37770787593431104
c01,393,0,0,0.4102076555576994
c01,394,0,0,0.3713737725998122
c01,395,0,0,0.36013892889120425
c01,396,0,1,0.5933121616495713
c01,397,0,0,0.36518142493224864
c01,398,0,0,0.33226589752667235
c01,399,0,0,0.37450430614166663
c01,400,0,0,0.3233354099632944
c01,401,0,0,0.29719860420740096
c01,402,0,0,0.43893853648184955
c01,403,0,1,0.5511027596313811
c01,404,0,0,0.307132066880755
c01,405,0,0,0.36693303105203934
c01,406,0,0,0.4118254528410721
c01,407,0,0,0.3152867735548616
c01,408,0,0,0.36435826593672827
c01,409,0,0,0.3268646103946344
c01,410,0,0,0.29297635221267754
c01,411,0,1,0.5058524011420196
c01,412,0,0,0.30257750541966727
c01,413,0,0,0.4945897666234488
c01,414,0,0,0.3484150196029571
c01,415,0,0,0.37630532050596405
c01,416,0,0,0.40272003862283046
c01,417,0,1,0.6697415163026355
c01,418,0,0,0.3936075660451695
c01,419,0,1,0.6755586326041602
c01,420,0,0,0.29798079024837476
c01,421,0,0,0.46205904022793987
c01,422,0,1,0.5901677051731387
c01,423,0,1,0.9167830897831466
c01,424,0,0,0.12302496697488158
c01,425,0,0,0.27267444102602795
c01,426,0,0,0.4205931922541266
c01,427,0,1,0.6876155856528456
c01,428,0,0,0.30180370040530513
c01,429,0,1,0.5216166794912858
c01,430,0,0,0.3973355209919901
c01,431,0,1,0.5971665779522116
c01,432,0,0,0.33494122568699397
c01,433,0,1,0.5489582492234706
c01,434,0,1,0.6306728192667235
c01,435,0,0,0.3021658810733076
c01,436,0,0,0.4154231798692434
c01,437,0,1,0.5453596281539573
c01,438,0,0,0.4485108990333274
c01,439,0,1,0.5940337183133637
c01,440,0,0,0.3682340868269625
c01,441,0,0,0.3229895932219209
c01,442,0,1,0.5337940815925201
c01,443,0,0,0.3370213025306605
c01,444,0,1,0.6026976644879923
c01,445,0,0,0.27153750246767305
c01,446,0,0,0.4262380240019266
c01,447,0,1,0.6950192944985536
c01,448,0,0,0.4866670768900423
c01,449,0,0,0.43093581242749246
c01,450,0,0,0.46386676642539715
c01,451,0,1,0.6277170288478852
c01,452,0,1,0.626613188854345
c01,453,0,0,0.4776284427291352
c01,454,0,1,0.9629211389117813
c01,455,0,0,0.2840343037053164
c01,456,0,1,0.5399298822721381
c01,457,0,0,0.42844352104187694
c01,458,0,1,0.572751248951064
c01,459,0,0,0.47018949500115664
c01,460,0,1,0.5093690777106721
c01,461,0,0,0.27734278608589463
c01,462,0,0,0.43241455017817
c01,463,0,1,0.5696215790558993
c01,464,0,0,0.373387494053601
c01,465,0,1,0.6881735553618845
c01,466,0,1,0.907311397092557
c01,467,0,1,0.9395429816287608
c01,468,0,1,0.9605503893296732
c01,469,0,1,0.933135292072848
c01,470,0,0,0.16910897257741483
c01,471,0,0,0.26736909918784474
c01,472,0,0,0.3541113765096689
c01,473,0,0,0.24728945622928436
c01,474,0,0,0.388779272362845
c01,475,0,0,0.41213582815605687
c01,476,0,1,0.5550306229628154
c01,477,0,0,0.4613831992712372
c01,478,0,1,0.9294868367454034
c01,479,0,1,0.9593533759867111
c01,480,0,0,0.11191449643354631
c01,481,0,1,0.8812351649676643
c01,482,0,1,0.528482647677134
c01,483,0,0,0.1630429213993306
c02,10,0,0,0.061397256724465395
c02,11,0,0,0.3454551271279622
c02,12,0,1,0.5093933276973452
c02,13,0,1,0.6811379290713723
c02,14,0,0,0.4412703719239157
c02,15,0,0,0.450312332554758
c02,16,0,0,0.4113868408848564
c02,17,0,1,0.5487498778991825
c02,18,0,0,0.4017448369540164
c02,19,0,1,0.6512798941724381
c02,20,0,1,0.5929125843135764
c02,21,1,1,0.8441264119498268
c02,22,0,1,0.5307694898301552
c02,23,0,0,0.47144815502777165
c02,24,0,0,0.49354997548816326
c02,25,0,0,0.3708330280424518
c02,26,0,0,0.49290186989888346
c02,27,0,0,0.40721222097900844
c02,28,0,0,0.49482683138730055
c02,29,0,1,0.594085688371266
c02,30,0,1,0.5007979257479365
c02,31,0,0,0.3904779698208961
c02,32,0,1,0.509818526280339
c02,33,0,0,0.4346791144061918
c02,34,0,0,0.37478686554816737
c02,35,0,0,0.3913401406795589
c02,36,0,1,0.5235346758943413
c02,37,0,0,0.39510957772004357
c02,38,0,0,0.3602011519513462
c02,39,0,0,0.39524583415973535
c02,40,0,0,0.3553126088431446
c02,41,0,1,0.5296199952120447
c02,42,0,0,0.289438626288486
c02,43,0,0,0.3966670903222186
c02,44,0,1,0.6824522263963345
c02,45,0,0,0.34115918331157663
c02,46,0,0,0.40652322179367717
c02,47,0,0,0.37270118595864155
c02,48,0,0,0.4885873517065584
c02,49,0,0,0.33798473336626883
c02,50,0,0,0.38077696619048845
c02,51,0,0,0.3468339676754358
c02,52,0,0,0.34265723636859197
c02,53,0,0,0.36796479742131527
c02,54,0,1,0.5014908272570652
c02,55,0,0,0.372760536466746
c02,56,0,0,0.3917194825583092
c02,57,0,0,0.4595140751540734
c02,58,0,0,0.40540996359813236
c02,59,0,0,0.37528435517538083
c02,60,0,0,0.4060697401794738
c02,61,0,1,0.62378282602151
c02,62,0,0,0.3817412553705117
c02,63,0,0,0.3358312124631917
c02,64,0,0,0.35641276182104253
c02,65,0,0,0.33052673101372465
c02,66,0,0,0.2723174460776214
c02,67,0,0,0.3699910807425952
c02,68,0,0,0.3498228491106905
c02,69,0,0,0.3265727600387751
c02,70,0,0,0.33653097431546025
c02,71,0,0,0.3350616837652348
c02,72,0,0,0.4362654658122509
c02,73,0,0,0.36601771653309584
c02,74,0,0,0.2870081414397677
c02,75,0,0,0.3357898650503749
c02,76,0,0,0.388542542435765
c02,77,0,0,0.3371811169950097
c02,78,0,0,0.349810913525209
c02,79,0,0,0.4519935473420136
c02,80,0,1,0.8906694510005767
c02,81,0,1,0.6879741807943771
c02,82,0,0,0.24038372548470718
c02,83,0,0,0.3914804655186377
c02,84,0,0,0.35826409344856147
c02,85,0,0,0.4314752555713226
c02,86,0,0,0.3601643440823645
c02,87,0,0,0.29626248798632215
c02,88,0,0,0.3145537080427665
c02,89,0,1,0.5665320937043495
c02,90,0,0,0.26836476301768697
c02,91,0,0,0.2949935696554265
c02,92,0,0,0.25581450213576956
c02,93,0,0,0.3054290587316926
c02,94,0,0,0.27043020193233436
c02,95,0,0,0.265032571270697
c02,96,0,0,0.22303461936721883
c02,97,0,0,0.22517893999061514
c02,98,0,0,0.3836076261028741
c02,99,0,0,0.3289357742479478
c02,100,0,0,0.30794627078336806
c02,101,0,0,0.30573385698013866
c02,102,0,0,0.261589150204516
c02,103,0,0,0.3087029395589653
c02,104,0,0,0.31278695495647396
c02,105,0,0,0.2574551182459839
c02,106,0,0,0.32743379401309514
c02,107,0,0,0.3735554193296567
c02,108,0,0,0.2993206242837864
c02,109,0,0,0.2951474512295617
c02,110,0,0,0.2603861288427109
c02,111,0,0,0.3148333193181715
c02,112,0,0,0.3153421495760482
c02,113,0,0,0.2951586052593009
c02,114,0,0,0.30000217217874087
c02,115,0,0,0.32608258035764304
c02,116,0,0,0.3226164060130192
c02,117,0,0,0.37068566427979394
c02,118,0,0,0.33514211394321963
c02,119,0,0,0.3169387072631283
c02,120,0,0,0.33286399403641703
c02,121,0,0,0.313638286084919
c02,122,0,0,0.3045352320314577
c02,123,0,0,0.33195931119100713
c02,124,0,0,0.35067296489050354
c02,125,0,0,0.3382731775766398
c02,126,0,0,0.36562519341625
c02,127,0,0,0.3322239149759114
c02,128,0,0,0.3535104669999637
c02,129,0,0,0.34715964057377285
c02,130,0,0,0.3172948065388647
c02,131,0,0,0.338905666705906
c02,132,0,0,0.44159828066694395
c02,133,0,0,0.38075536758535594
c02,134,0,0,0.3617876505057232
c02,135,0,0,0.21848666698644417
c02,136,0,0,0.49685734543646226
c02,137,0,0,0.492306654692016
c02,138,0,0,0.4340912490559873
c02,139,0,0,0.3613116537886235
c02,140,0,0,0.3912221798636568
c02,141,0,0,0.38544543817375804
c02,142,0,0,0.3367672080102942
c02,143,0,0,0.3968105122634802
c02,144,0,0,0.3355025526846613
c02,145,0,0,0.4760716327301168
c02,146,0,0,0.4594804864344238
c02,147,0,0,0.41801828669327895
c02,148,0,0,0.3874001942731402
c02,149,0,0,0.37448549311224555
c02,150,0,0,0.46471792255128647
c02,151,0,0,0.3977551937844584
c02,152,0,1,0.8815613133941397
c02,153,0,1,0.9033975608766793
c02,154,0,1,0.5964677283169193
c02,155,0,0,0.39817035829177555
c02,156,0,0,0.36662310688027533
c02,157,0,0,0.3957554472044312
c02,158,0,0,0.3838896721835005
c02,159,0,0,0.3259959966439071
c02,160,0,0,0.36320756061634196
c02,161,0,0,0.32388383820457695
c02,162,0,0,0.32757238793021287
c02,163,0,0,0.3412124386220256
c02,164,0,0,0.31987330522042495
c02,165,0,0,0.34696586410295815
c02,166,0,0,0.3301504733928302
c02,167,0,0,0.3413773363058515
c02,168,0,0,0.3643679247025854
c02,169,0,0,0.33863425748004145
c02,170,0,0,0.3817078504902417
c02,171,0,0,0.33705114932926306
c02,172,0,0,0.3661000172190514
c02,173,0,0,0.37632242475320843
c02,174,0,0,0.3174307516686595
c02,175,0,0,0.32160093206869894
c02,176,0,0,0.3213651839906455
c02,177,0,0,0.42236040938969477
c02,178,0,0,0.3459070705239465
c02,179,0,0,0.3673390463359307
c02,180,0,0,0.34174356289331154
c02,181,0,0,0.3570122138565417
c02,182,0,0,0.32329676830232607
c02,183,0,0,0.35806756778052296
c02,184,0,0,0.36804352028247217
c02,185,0,0,0.35093875898641663
c02,186,0,0,0.392472619952259
c02,187,0,0,0.3459206148140627
c02,188,0,1,0.8647300829017073
c02,189,0,1,0.7508983211273388
c02,190,0,1,0.6002656644514242
c02,191,0,1,0.7363203123427648
c02,192,0,0,0.3398742958127842
c02,193,0,0,0.427861753097538
c02,194,0,0,0.36480635523502775
c02,195,0,0,0.4319049521915904
c02,196,0,0,0.4282681517711974
c02,197,0,0,0.39709654009571566
c02,198,0,0,0.40333006618905953
c02,199,0,0,0.3638184472534729
c02,200,0,0,0.4632821317972137
c02,201,0,0,0.44048225274517255
c02,202,0,1,0.6515664647460542
c02,203,0,0,0.36687694197480036
c02,204,0,1,0.6888593220128518
c02,205,0,1,0.5706181821441203
c02,206,0,0,0.4211609596781822
c02,207,0,0,0.4153524448444606
c02,208,0,0,0.35359290674442273
c02,209,0,0,0.38273969751786485
c02,210,0,0,0.3278060516694994
c02,211,0,0,0.40598523312117085
c02,212,0,0,0.35821038457353754
c02,213,0,0,0.33479532365656933
c02,214,0,0,0.43785178444386247
c02,215,0,0,0.35843959094816863
c02,216,0,0,0.4949035378660598
c02,217,0,0,0.41136034125419735
c02,218,0,0,0.3866119367480399
c02,219,0,0,0.45953959692335855
c02,220,0,0,0.3883186827694917
c02,221,0,1,0.6378523284306554
c02,222,0,0,0.36403692829888895
c02,223,0,0,0.41614874458389034
c02,224,0,0,0.3486245793491153
c02,225,0,0,0.4338161614307764
c02,226,0,1,0.5533587166801612
c02,227,0,0,0.41164183670165744
c02,228,0,1,0.7104684882430045
c02,229,0,1,0.9590257293750133
c02,230,0,0,0.38659349242842916
c02,231,0,0,0.48673803013376316
c02,232,0,1,0.5419054815316671
c02,233,0,1,0.5344316584184616
c02,234,0,0,0.39544597524267205
c02,235,0,0,0.39185785064029416
c02,236,0,1,0.7751610128204293
c02,237,0,0,0.10321066152254905
c02,238,0,0,0.324231436046557
c02,239,0,0,0.38013186289987877
c02,240,0,0,0.37748448225682896
c02,241,0,0,0.40247850735683977
c02,242,0,0,0.35242224576336856
c02,243,0,0,0.36995861111664724
c02,244,0,0,0.3701516057060683
c02,245,0,0,0.3448192412539774
c02,246,0,0,0.39178321761357526
c02,247,0,0,0.3681221936898361
c02,248,0,0,0.39884765416409124
c02,249,0,0,0.35944425789289564
c02,250,0,0,0.402312521417846
c02,251,0,0,0.38339673270326563
c02,252,0,0,0.37355551213251015
c02,253,0,0,0.4094738094563917
c02,254,0,0,0.3996307571703387
c02,255,0,0,0.3602785976922169
c02,256,0,0,0.3773493522416095
c02,257,0,0,0.34203079752695875
c02,258,0,0,0.3537282384292839
c02,259,0,0,0.3837995551969746
c02,260,0,0,0.44404034978332796
c02,261,0,0,0.3828218453931585
c02,262,0,0,0.3486789145502006
c02,263,0,0,0.3584475146724946
c02,264,0,0,0.32812811411718856
c02,265,0,0,0.376867046762848
c02,266,0,0,0.3842212494500792
c02,267,0,0,0.41344669409650403
c02,268,0,0,0.38739009505861804
c02,269,0,0,0.4571815266321564
c02,270,0,0,0.42607788852003187
c02,271,0,0,0.36793324770802416
c02,272,0,0,0.3598643410531864
c02,273,0,0,0.400816052204804
c02,274,0,0,0.3767847152800815
c02,275,0,0,0.36070324298426104
c02,276,0,0,0.4220217485814598
c02,277,0,0,0.3518825550362424
c02,278,0,0,0.3431108517816525
c02,279,0,0,0.3951555601137741
c02,280,0,0,0.36121409262790116
c02,281,0,0,0.3506383055427906
c02,282,0,0,0.37965682061577255
c02,283,0,0,0.3830187927140393
c02,284,0,0,0.4115204710361518
c02,285,0,0,0.3741428606920685
c02,286,0,0,0.43534715917720285
c02,287,0,1,0.7442874620529087
c02,288,0,1,0.7965006007938539
c02,289,0,0,0.3424678749742257
c02,290,0,1,0.6471743193132232
c02,291,0,1,0.580008462472818
c02,292,0,0,0.4283441646455961
c02,293,0,0,0.46222488813000345
c02,294,0,0,0.4311571109236426
c02,295,0,0,0.3993251891956403
c02,296,0,0,0.3635824878057376
c02,297,0,0,0.4271338058589894
c02,298,0,0,0.37161523263382523
c02,299,0,0,0.3393271140711583
c02,300,0,0,0.4194337341595468
c02,301,0,1,0.5063623438440334
c02,302,0,1,0.5183419095258327
c02,303,0,0,0.48242016689489514
c02,304,0,0,0.47986039060827174
c02,305,0,1,0.677158179684959
c02,306,0,0,0.22378438323585814
c02,307,0,0,0.39805935856185876
c02,308,0,0,0.4993298369114273
c02,309,0,0,0.36553330038527276
c02,310,0,0,0.3952322726599611
c02,311,0,0,0.46653193202229265
c02,312,0,0,0.35921571560878324
c02,313,0,0,0.4750733786575133
c02,314,0,0,0.4204780194889085
c02,315,0,0,0.38684248191043474
c02,316,0,0,0.38294408551440984
c02,317,0,0,0.43073510225080963
c02,318,0,0,0.3695505819645626
c02,319,0,0,0.39549713714670764
c02,320,0,0,0.37861702423072513
c02,321,0,0,0.40325473223117986
c02,322,0,0,0.33737693017769255
c02,323,0,0,0.3712742122429944
c02,324,0,0,0.40289677454941103
c02,325,0,0,0.34421299272113864
c02,326,0,0,0.3889371061028406
c02,327,0,0,0.38440497115341743
c02,328,0,0,0.46859868368076685
c02,329,0,0,0.3505858538059692
c02,330,0,0,0.42518662973319094
c02,331,0,0,0.45158879325388285
c02,332,0,1,0.5132950882957231
c02,333,0,0,0.3918498737656367
c02,334,0,0,0.4547225049107222
c02,335,0,0,0.3997428584940527
c02,336,0,0,0.37355078251064594
c02,337,0,0,0.40800249985762377
c02,338,0,0,0.38132206583216766
c02,339,0,0,0.38938356665583973
c02,340,0,0,0.35993594334842205
c02,341,0,0,0.39020249556284997
c02,342,0,0,0.36141724664076197
c02,343,0,0,0.40982516327467067
c02,344,0,0,0.38859916008013046
c02,345,0,1,0.7139483187637649
c02,346,0,1,0.8378277265954636
c02,347,0,1,0.5744457520736511
c02,348,0,1,0.7063333619065622
c02,349,0,1,0.7035217118213177
c02,350,0,0,0.3671306405234679
c02,351,0,0,0.4135763781995606
c02,352,0,0,0.38796967180382796
c02,353,0,0,0.4470211650981576
c02,354,0,0,0.3953120499821773
c02,355,0,0,0.4100426831226439
c02,356,0,0,0.40006069650632603
c02,357,0,0,0.35827477341425346
c02,358,0,0,0.36868969808706087
c02,359,0,0,0.3595602614844128
c02,360,0,0,0.35082129635014553
c02,361,0,1,0.5722340917072778
c02,362,0,0,0.37467612772287306
c02,363,0,0,0.39721167562052967
c02,364,0,0,0.3984970057972088
c02,365,0,0,0.4507600008977956
c02,366,0,0,0.4912835896047706
c02,367,0,0,0.47433938758274163
c02,368,0,0,0.4504840813476469
c02,369,0,1,0.8015318227025712
c02,370,0,0,0.24925198923193803
c02,371,0,0,0.37453660770385405
c02,372,0,0,0.4469894207118818
c02,373,0,1,0.8774851461534872
c02,374,0,1,0.8645597681434418
c02,375,0,0,0.2886269567060257
c02,376,0,0,0.33064457607041314
c02,377,0,1,0.5039937535519899
c02,378,0,1,0.530454142178247
c02,379,0,1,0.5690707572750333
c02,380,0,0,0.3663171439705416
c02,381,0,0,0.4497951008553831
c02,382,0,1,0.5301781561845618
c02,383,0,1,0.5174002483559684
c02,384,0,0,0.39888436208683037
c02,385,0,0,0.2836348915011013
c02,386,0,1,0.5255910218658638
c02,387,0,1,0.8221842863496961
c02,388,0,0,0.23335772633080434
c02,389,0,0,0.3812242100757921
c02,390,0,0,0.4324458964046649
c02,391,0,1,0.5481889780932339
c02,392,0,0,0.3638259146099761
c02,393,0,0,0.39249737323627926
c02,394,0,1,0.7471593471764729
c02,395,0,0,0.44698651759321567
c02,396,0,1,0.6618791940820254
c02,397,0,1,0.5390292815264136
c02,398,0,0,0.3648519325136067
c02,399,0,0,0.4533047748139993
c02,400,0,0,0.3709316825959341
c02,401,0,0,0.3830781042461947
c02,402,0,0,0.37904458907281524
c02,403,0,0,0.38364961587262947
c02,404,0,0,0.4006687725049129
c02,405,0,0,0.3598656009293962
c02,406,0,0,0.46332420276063374
c02,407,0,0,0.3889794004915275
c02,408,0,0,0.3667827461324591
c02,409,0,0,0.41782632443219586
c02,410,0,0,0.355548537061837
c02,411,0,0,0.4307870076824866
c02,412,0,0,0.3765999323731129
c02,413,0,0,0.44100477141291017
c02,414,0,0,0.4276287328118938
c02,415,0,0,0.4114746631011692
c02,416,0,0,0.3665528593300407
c02,417,0,0,0.3759932088751897
c02,418,0,0,0.4216450693378217
c02,419,0,0,0.4375294448766702
c02,420,0,0,0.48398913038695585
c02,421,0,0,0.4002614910255061
c02,422,0,0,0.3763615260208174
c02,423,0,0,0.3977353100930202
c02,424,0,0,0.3462038677382654
c02,425,0,0,0.37886288525461026
c02,426,0,0,0.4101200269033905
c02,427,0,0,0.4195366673421441
c02,428,0,0,0.3486432742103581
c02,429,0,0,0.4165975130314321
c02,430,0,0,0.43544214938599335
c02,431,0,0,0.3905557400434292
c02,432,0,0,0.4253218244339334
c02,433,0,0,0.4087216866647853
c02,434,0,0,0.4643940447582512
c02,435,0,0,0.4002208593011538
c02,436,0,0,0.38742975431708015
c02,437,0,0,0.34595532053361505
c02,438,0,0,0.34775525241881844
c02,439,0,0,0.3724144336492461
c02,440,0,0,0.3573238160006995
c02,441,0,0,0.4399444098455825
c02,442,0,0,0.3941431775213579
c02,443,0,1,0.8926681549627142
c02,444,0,0,0.23211459122134379
c02,445,0,1,0.6842432063320977
c02,446,0,1,0.886495457247553
c02,447,0,1,0.5862189351895996
c02,448,0,0,0.3495518740403237
c02,449,0,0,0.3790507320555925
c02,450,0,1,0.6521661928542828
c02,451,0,1,0.7933923331525476
c02,452,0,0,0.28345341629208104
c02,453,0,1,0.5037108948168747
c02,454,0,1,0.5024261802923834
c02,455,0,0,0.40883113024727685
c02,456,0,1,0.5673914977519479
c02,457,0,0,0.37826155429172725
c02,458,0,0,0.4161768767290175
c02,459,0,0,0.416786887907147
c02,460,0,0,0.3854589830712959
c02,461,0,0,0.40123876242401724
c02,462,0,0,0.3494854103768916
c02,463,0,0,0.3545510231904608
c02,464,0,0,0.3613954351864911
c02,465,0,0,0.4342246218727749
c02,466,0,0,0.38346215533938544
c02,467,0,0,0.42217470688631675
c02,468,0,0,0.3837933767670292
c02,469,0,0,0.37340153999180997
c02,470,0,0,0.3692085778824903
c02,471,0,0,0.3735650585971875
c02,472,0,0,0.40113754860578893
c02,473,0,0,0.389377461080925
c02,474,0,0,0.47191270270898145
c02,475,0,0,0.40402821947462403
c02,476,0,0,0.37825156462675047
c02,477,0,0,0.3519141355707125
c02,478,0,0,0.419848916030015
c02,479,0,0,0.48411388378946546
c02,480,0,0,0.40187561801219834
c02,481,0,0,0.3678573325702145
c02,482,0,0,0.3795725569734322
c02,483,0,0,0.408591397170176
c02,484,0,1,0.5036986250485375
c02,485,0,1,0.590046063553845
c02,486,0,0,0.44870545444783405
c02,487,0,1,0.7811358170372608
c02,488,0,1,0.5671921282906053
c02,489,0,0,0.434164923766964
c02,490,0,1,0.7343125811566079
c02,491,0,1,0.5624664717266672
c02,492,0,1,0.551302662292706
c02,493,0,0,0.46295316269891956
c02,494,0,1,0.593178768418581
c02,495,0,1,0.6434159286660497
c02,496,0,0,0.3633166653939847
c02,497,0,0,0.48422003410243225
c02,498,0,0,0.45949863110748695
c02,499,0,0,0.36525121299737906
c02,500,0,0,0.4235680986666313
c02,501,0,0,0.2615561246014079
c03,1,0,0,0.2919576492036215
c03,2,0,1,0.9203397466631659
c03,3,0,0,0.022608774717111643
c03,4,0,0,0.05706045681808411
c03,5,0,0,0.31306806623937433
c03,6,0,1,0.9523743659576628
c03,7,0,0,0.4528287084057079
c03,8,0,0,0.10198725760647373
c03,9,0,0,0.13028002830158658
c03,10,0,0,0.4126125189404279
c03,11,0,0,0.14993594045650607
c03,12,0,0,0.1565563852031832
c03,13,0,0,0.11696492932605176
c03,14,0,0,0.27887874195051204
c03,15,0,0,0.12640205433984456
c03,16,0,0,0.18436169975923367
c03,17,0,0,0.08368622888641945
c03,18,0,0,0.3910985393450143
c03,19,0,0,0.0688018775944748
c03,20,0,0,0.10617515439633016
c03,21,0,0,0.07683146569218578
c03,22,0,0,0.19738682599518367
c03,23,0,0,0.10558492851865758
c03,24,0,0,0.07946428439331076
c03,25,0,0,0.09555590200386825
c03,26,0,0,0.366192911411624
c03,27,0,0,0.10385376142732763
c03,28,0,0,0.12615622241147342
c03,29,0,0,0.37822325730807543
c03,30,0,0,0.060364433614092744
c03,31,0,0,0.3669387946609792
c03,32,0,1,0.8091812330688443
c03,33,0,0,0.027526872810108457
c03,34,0,0,0.2806277438312609
c03,35,0,1,0.5416366108753173
c03,36,0,1,0.5492974348304713
c03,37,0,0,0.07933861684191171
c03,38,0,0,0.12084350685253244
c03,39,0,0,0.10318913354102216
c03,40,0,0,0.28195620557472434
c03,41,0,0,0.20150024240888353
c03,42,0,0,0.09681002307771111
c03,43,0,0,0.08306007755969153
c03,44,0,0,0.16298448712672114
c03,45,0,0,0.15189081274094474
c03,46,0,0,0.13809115084637605
c03,47,0,0,0.13053271761256255
c03,48,0,0,0.14200416914134578
c03,49,0,0,0.0756021597392464
c03,50,0,0,0.09697738839899402
c03,51,0,0,0.126193121564808
c03,52,0,0,0.12377291848948462
c03,53,0,0,0.10345744371755969
c03,54,0,0,0.14090057944573972
c03,55,0,0,0.13002145656480493
c03,56,0,1,0.8735981016156037
c03,57,0,0,0.11439356964923846
c03,58,0,0,0.13213034231920318
c03,59,0,0,0.11214578009402142
c03,60,0,0,0.15009323890634618
c03,61,0,0,0.1453940382543757
c03,62,0,0,0.16335581892386064
c03,63,0,0,0.1701030287599562
c03,64,0,0,0.14667787807081586
c03,65,0,0,0.21761622906860373
c03,66,0,0,0.15452672177785626
c03,67,0,0,0.143040670327942
c03,68,0,0,0.19576195855320383
c03,69,0,0,0.20597156315159487
c03,70,0,0,0.135883133192847
c03,71,0,0,0.19826675647672928
c03,72,0,0,0.1531464020684783
c03,73,0,0,0.2068844299801444
c03,74,0,0,0.26415334772866783
c03,75,0,0,0.2066842200547601
c03,76,0,0,0.21140433377594978
c03,77,0,0,0.256706875412062
c03,78,0,0,0.2767312566737074
c03,79,0,0,0.2755461360691885
c03,80,0,0,0.4406172477344494
c03,81,0,0,0.46016837402856103
c03,82,0,0,0.44470987829034664
c03,83,0,1,0.8131684760542162
c03,84,0,1,0.8284013934055656
c03,85,0,0,0.28845261345333806
c03,86,0,0,0.3577667697195055
c03,87,0,1,0.8025437870371371
c03,88,0,1,0.555203027692218
c03,89,0,1,0.699817723931346
c03,90,0,0,0.36134279382039175
c03,91,0,0,0.33230261702740577
c03,92,0,1,0.5274235240367836
c03,93,0,1,0.5159611509205809
c03,94,0,0,0.48213550718165604
c03,95,0,1,0.5045826839814692
c03,96,0,1,0.7692590267395231
c03,97,0,1,0.7199949237186728
c03,98,0,1,0.5309916718542489
c03,99,0,1,0.5920021008688802
c03,100,0,1,0.5703305235019388
c03,101,0,0,0.4281461429750963
c03,102,0,0,0.485063185841044
c03,103,0,1,0.6208714377955072
c03,104,0,1,0.7248927387337263
c03,105,0,1,0.630787371883091
c03,106,0,1,0.5283156073815386
c03,107,0,1,0.6280999651228354
c03,108,0,1,0.5071559132902717
c03,109,0,0,0.33064431949274165
c03,110,0,0,0.4327078418980275
c03,111,0,0,0.42198329149700564
c03,112,0,0,0.4201948869662857
c03,113,0,0,0.37479522363285217
c03,114,0,0,0.3704586259852141
c03,115,0,0,0.43631890407911533
c03,116,0,0,0.24287675531360864
c03,117,0,0,0.3401073363594098
c03,118,0,0,0.4676360884328281
c03,119,0,0,0.4185811670907408
c03,120,0,0,0.31310973656093194
c03,121,0,0,0.40300420540896414
c03,122,0,0,0.4184617426571255
c03,123,0,0,0.36639980165176256
c03,124,0,0,0.17342619408830134
c03,125,0,0,0.298194855952954
c03,126,0,0,0.18198121149096613
c03,127,0,0,0.38237860362759146
c03,128,0,0,0.35134356957648327
c03,129,0,0,0.337876537883458
c03,130,0,0,0.4073454421097171
c03,131,0,0,0.3664976991499223
c03,132,0,0,0.40296640816172824
c03,133,0,0,0.4547403253359546
c03,134,0,0,0.39022662428131005
c03,135,0,0,0.40829124897801417
c03,136,0,1,0.9276396420104431
c03,137,0,1,0.9146837353733425
c03,138,0,1,0.6301459219505002
c03,139,0,1,0.5753994971110227
c03,140,0,1,0.7947036070962114
c03,141,0,1,0.8684357758797865
c03,142,0,1,0.5861761879687631
c03,143,0,0,0.2968519312662428
c03,144,0,0,0.48028566200582284
c03,145,0,0,0.4476742999205685
c03,146,0,0,0.3840492472372387
c03,147,0,0,0.46193979690022696
c03,148,0,0,0.4446894910213458
c03,149,0,0,0.37423608182370344
c03,150,0,0,0.3543580029650818
c03,151,0,0,0.4239149830076755
c03,152,0,0,0.485797861151031
c03,153,0,0,0.3123755849909873
c03,154,0,0,0.2881590402968053
c03,155,0,0,0.4192479972169859
c03,156,0,1,0.7159611821266626
c03,157,0,1,0.6758505151577786
c03,158,0,0,0.48498500848212706
c03,159,0,0,0.15591997579398809
c03,160,0,0,0.16647460345454085
c03,161,0,1,0.8131099558867487
c03,162,0,0,0.20339777200659548
c03,163,0,0,0.3556135232136346
c03,164,0,0,0.2131470242679978
c03,165,0,0,0.4363577321663001
c03,166,0,0,0.4808252120279902
c03,167,0,0,0.43241093067741887
c03,168,0,0,0.2905988902374053
c03,169,0,0,0.34992687165096914
c03,170,0,1,0.5661353247399475
c03,171,0,0,0.37256177516243616
c03,172,0,1,0.7989657853548965
c03,173,0,0,0.3627610114635733
c03,174,0,1,0.5844800103555988
c03,175,0,1,0.6825834067271647
c03,176,0,1,0.644667102706965
c03,177,0,0,0.3117449077085668
c03,178,0,0,0.4749598025732224
c03,179,0,1,0.731606817286154
c03,180,0,1,0.7609280328969992
c03,181,0,1,0.5819347476163195
c03,182,0,0,0.22788194484906923
c03,183,0,0,0.32299644618523854
c03,184,0,0,0.3968243313998608
c03,185,0,0,0.39872069580288994
c03,186,0,0,0.4836349489913359
c03,187,0,0,0.3410911517446226
c03,188,0,1,0.7432599326197439
c03,189,0,0,0.3093128484305502
c03,190,0,1,0.8610182552036211
c03,191,0,1,0.853445070666826
c03,192,0,1,0.595654617842922
c03,193,0,0,0.46663889567929007
c03,194,0,0,0.27740393417732134
c03,195,0,0,0.2394936171788825
c03,196,0,1,0.871383285186902
c03,197,0,0,0.19053439798549948
c03,198,0,1,0.5452133599784568
c03,199,0,0,0.23553208842142445
c03,200,0,1,0.6290341605823438
c03,201,0,0,0.3765963139097934
c03,202,0,0,0.1807418259649053
c03,203,0,0,0.22746722534745886
c03,204,0,0,0.29454676370663757
c03,205,0,0,0.2590973281344234
c03,206,0,0,0.18191889416409746
c03,207,0,0,0.28918233624839884
c03,208,0,0,0.14428477684744498
c03,209,0,0,0.19473553034399796
c03,210,0,0,0.213945149365676
c03,211,0,0,0.23649470289120716
c03,212,0,0,0.34736900869889525
c03,213,0,0,0.20400839802977663
c03,214,0,0,0.20487096503188865
c03,215,0,0,0.3457351417509784
c03,216,0,0,0.2163893427815702
c03,217,0,0,0.19263984590990302
c03,218,0,0,0.3436112176270581
c03,219,0,0,0.2595702796061472
c03,220,0,0,0.2571901112172768
c03,221,0,0,0.36315776222150864
c03,222,0,0,0.20021767018754072
c03,223,0,0,0.2060016808036448
c03,224,0,0,0.19625414826314536
c03,225,0,0,0.2065108413046868
c03,226,0,0,0.2238797380098506
c03,227,0,0,0.18193964103753515
c03,228,0,0,0.26766733657841296
c03,229,0,0,0.19498306800976556
c03,230,0,0,0.29118056666948694
c03,231,0,0,0.18398486415562354
c03,232,0,0,0.2850422947302811
c03,233,0,0,0.1707829477327377
c03,234,0,0,0.22245275441884485
c03,235,0,0,0.26501555501889223
c03,236,0,0,0.23581349835640233
c03,237,0,0,0.18591871338631316
c03,238,0,0,0.25974886335718717
c03,239,0,0,0.2851934791817693
c03,240,0,0,0.2715226389392284
c03,241,0,0,0.25868874459376573
c03,242,0,0,0.28032201955603975
c03,243,0,0,0.2811781015889481
c03,244,0,0,0.200768604760832
c03,245,0,0,0.26788194374444246
c03,246,0,1,0.9770056794878852
c03,247,0,0,0.29835600359437187
c03,248,0,1,0.5338798912874225
c03,249,0,0,0.33005582431141695
c03,250,0,1,0.5697524289940414
c03,251,0,1,0.6104771196846158
c03,252,0,0,0.4594362900389423
c03,253,0,1,0.8837354194391969
c03,254,0,1,0.8576384832449996
c03,255,0,0,0.4032273717465494
c03,256,0,0,0.3004102126877763
c03,257,0,0,0.3504061333771698
c03,258,0,0,0.183336720379947
c03,259,0,0,0.4344419870400797
c03,260,0,0,0.2547886983477527
c03,261,0,1,0.5155378404137592
c03,262,0,1,0.58000483226084
c03,263,0,0,0.23604610371532744
c03,264,0,0,0.39949547187441375
c03,265,0,0,0.22488825381896993
c03,266,0,0,0.49171789192190857
c03,267,0,0,0.3983178643451328
c03,268,0,1,0.5165646361315863
c03,269,0,0,0.09955014070389431
c03,270,0,0,0.26290736661082154
c03,271,0,0,0.41480284342144835
c03,272,0,0,0.258148143687393
c03,273,0,0,0.45241315362036394
c03,274,0,0,0.32964271249962807
c03,275,0,0,0.30260317368420103
c03,276,0,0,0.10988518689346652
c03,277,0,0,0.43515849943877444
c03,278,0,0,0.3545937110903875
c03,279,0,0,0.4471627763299414
c03,280,0,1,0.6555746608736445
c03,281,0,0,0.22057262689552104
c03,282,0,1,0.6256941443083478
c03,283,0,0,0.2338726389054962
c03,284,0,0,0.337340112955174
c03,285,0,0,0.44626723464003765
c03,286,0,1,0.5002155919888125
c03,287,0,1,0.9498995457026199
c03,288,0,1,0.8927471508546321
c03,289,0,0,0.09437380343439776
c03,290,0,0,0.2452195410783322
c03,291,0,0,0.3095657669198675
c03,292,0,0,0.23309542888788495
c03,293,0,0,0.09722180866675119
c03,294,0,0,0.29694630187764254
c03,295,0,0,0.19644895526432776
c03,296,0,0,0.1787030636551582
c03,297,0,0,0.16887795733421845
c03,298,0,0,0.3113948303642714
c03,299,0,0,0.07418105765805089
c03,300,0,0,0.2662178231996188
c03,301,0,0,0.12848496118752856
c03,302,0,0,0.18799658577723483
c03,303,0,0,0.2613702725233712
c03,304,0,0,0.0552563126514808
c03,305,0,0,0.40005611064012675
c03,306,0,0,0.205203832117051
c03,307,0,0,0.06746044897732094
c03,308,0,0,0.1215488673949032
c03,309,0,0,0.2663445425324764
c03,310,0,0,0.18311337465660202
c03,311,0,0,0.1512673129187971
c03,312,0,0,0.2812012879155539
c03,313,0,0,0.2070760771508204
c03,314,0,0,0.08446224335303275
c03,315,0,0,0.11669914396403197
c03,316,0,0,0.3020103061369513
c03,317,0,0,0.12939425623377057
c03,318,0,0,0.21000414064509546
c03,319,0,0,0.2489265919048437
c03,320,0,0,0.14596247411435673
c03,321,0,0,0.19157015157937612
c03,322,0,0,0.16546345879308721
c03,323,0,0,0.24889373655684893
c03,324,0,0,0.15493382085079319
c03,325,0,0,0.32073006209826177
c03,326,0,0,0.19967377483494217
c03,327,0,0,0.16321447828339256
c03,328,0,0,0.17910423673407597
c03,329,0,0,0.3769123248090032
c03,330,0,0,0.127069683639968
c03,331,0,0,0.2618852526845312
c03,332,0,0,0.34401738506956175
c03,333,0,0,0.14149800290387415
c03,334,0,0,0.46549982519259975
c03,335,0,1,0.9181469919968966
c03,336,0,1,0.5245345049497578
c03,337,0,0,0.13791303310537145
c03,338,0,1,0.6674401077423497
c03,339,0,0,0.16996631952531432
c03,340,0,1,0.6405721022325037
c03,341,0,0,0.07798139591747157
c03,342,0,0,0.46807874508950964
c03,343,0,0,0.1884303669159804
c03,344,0,0,0.1541119174644834
c03,345,0,0,0.12396459129689917
c03,346,0,0,0.21345000497032476
c03,347,0,0,0.2279222401686828
c03,348,0,0,0.4253709586427263
c03,349,0,0,0.24740277200339042
c03,350,0,0,0.3336953581345556
c03,351,0,0,0.3440256543022041
c03,352,0,0,0.4772389100298606
c03,353,0,0,0.3231568506345047
c03,354,0,1,0.8345689870357829
c03,355,0,0,0.13547371833532296
c03,356,0,1,0.5020563003387006
c03,357,0,0,0.4059282757700221
c03,358,0,0,0.15595387967309646
c03,359,0,0,0.3655682754191936
c03,360,0,0,0.31201610152267173
c03,361,0,1,0.5509927891742753
c03,362,0,0,0.24908217483317344
c03,363,0,0,0.3730594494343598
c03,364,0,1,0.5409672046872285
c03,365,0,0,0.26283726227377735
c03,366,0,0,0.40776133349177496
c03,367,0,0,0.1665174802437067
c03,368,0,1,0.5641195920398441
c03,369,0,1,0.9704691466289503
c03,370,0,0,0.20455949689716246
c03,371,0,1,0.5074095937101606
c03,372,0,1,0.5163376404094512
c03,373,0,0,0.3587444987463818
c03,374,0,0,0.1331565775158496
c03,375,0,0,0.3549546897305275
c03,376,0,0,0.12369452012960713
c03,377,0,0,0.2554105908016407
c03,378,0,1,0.9833967098573438
c03,379,0,0,0.02675085168296231
c03,380,0,0,0.08007430126817712
c03,381,0,0,0.29512475153689094
c03,382,0,0,0.19511969055544887
c03,383,0,0,0.12471210839323156
c03,384,0,0,0.1165441975356876
c03,385,0,0,0.09027693857456445
c03,386,0,0,0.0942188594024777
c03,387,0,0,0.08012900214611923
c03,388,0,0,0.10778216623407999
c03,389,0,0,0.12162871357946624
c03,390,0,0,0.09898971623958222
c03,391,0,0,0.10138048398926557
c03,392,0,0,0.10713112800625775
c03,393,0,0,0.0931909666348741
c03,394,0,0,0.153736228678061
c03,395,0,0,0.20220668593910737
c03,396,0,0,0.13355757904671758
c03,397,0,0,0.1726258756114334
c03,398,0,0,0.14122171292950048
c03,399,0,0,0.1603989505833015
c03,400,0,0,0.22743624625976813
c03,401,0,0,0.12979713253799674
c03,402,0,0,0.13322789038647034
c03,403,0,1,0.9735016020202732
c03,404,0,0,0.08533180409507492
c03,405,0,0,0.24522997554542575
c03,406,0,0,0.3946339329452269
c03,407,0,0,0.3467843499322396
c03,408,0,0,0.08177646561584935
c03,409,0,0,0.11382233564023271
c03,410,0,0,0.14607240798621102
c03,411,0,0,0.1356850320027751
c03,412,0,0,0.14670184630877622
c03,413,0,0,0.21447219911414175
c03,414,0,0,0.24498089068769333
c03,415,0,0,0.18053893577109706
c03,416,0,0,0.15295788842834374
c03,417,0,0,0.2782697154064918
c03,418,0,0,0.10222704785188816
c03,419,0,0,0.1824247362510249
c03,420,0,0,0.20448826408019796
c03,421,0,1,0.7496451248782104
c03,422,0,1,0.9807837265633268
c03,423,0,0,0.12413837457062409
c03,424,0,0,0.3610100599953513
c03,425,0,0,0.21939167873824283
c03,426,0,0,0.09212122620794572
c03,427,0,0,0.2586109336377983
c03,428,0,0,0.10358615593818987
c03,429,0,0,0.1947932364154042
c03,430,0,0,0.1262828919021951
c03,431,0,0,0.2235081597182398
c03,432,0,0,0.12982974819515825
c03,433,0,0,0.23043649220385073
c03,434,0,0,0.19780903208530612
c03,435,0,0,0.10734424526169482
c03,436,0,0,0.24508848976738767
c03,437,0,0,0.32151246879507434
c03,438,0,0,0.4541093012141687
c03,439,0,0,0.2621194854682785
c03,440,0,0,0.3385962350892736
c03,441,0,1,0.7852632147237096
c03,442,0,1,0.9621449966711317
c03,443,0,1,0.9589378321251063
c03,444,0,0,0.19207660336124546
c03,445,0,0,0.4628131941280453
c03,446,0,1,0.6553608108524809
c03,447,0,0,0.16769512603972958
c03,448,0,0,0.17380690454802225
c03,449,0,1,0.5554520640694208
c03,450,0,0,0.1828151111822722
c03,451,0,1,0.9648938534909828
c03,452,0,1,0.8315920964287336
c03,453,0,0,0.06702688795568436
c04,14,0,0,0.00021567777655087124
c04,19,0,0,0.4075268798383183
c04,20,0,0,0.1308621192116048
c04,21,0,1,0.5402709195664268
c04,22,0,1,0.727306852728463
c04,23,0,0,0.13331217291741432
c04,24,0,0,0.1718504031437936
c04,25,0,0,0.17311313137166867
c04,26,0,0,0.39236895188907395
c04,27,0,0,0.1698597463087996
c04,28,0,0,0.14838847031831456
c04,29,0,0,0.15032951951598228
c04,30,0,0,0.20099008134548169
c04,31,0,0,0.19376957521915494
c04,32,0,0,0.1965878580207361
c04,33,0,0,0.3153282094623359
c04,34,0,0,0.2736498992416622
c04,35,0,0,0.09327871405749666
c04,36,0,0,0.29301562680583537
c04,37,0,0,0.3136016680231659
c04,38,0,0,0.2875499897038037
c04,39,0,0,0.23185289069278558
c04,40,0,0,0.20221035062500342
c04,41,0,0,0.371803190254054
c04,42,0,0,0.04240037693780692
c04,43,0,0,0.13183250197849106
c04,44,0,0,0.07573928524890475
c04,45,0,0,0.14953561417498543
c04,46,0,0,0.15114446984918042
c04,47,0,0,0.17596484606424584
c04,48,0,0,0.2719944246366671
c04,49,0,0,0.26897377647908366
c04,50,0,0,0.3149035383392766
c04,51,0,0,0.1877648450376222
c04,52,0,0,0.3104129338108922
c04,53,0,0,0.38202516939231285
c04,54,0,0,0.27329822179692587
c04,55,0,0,0.2988678498406029
c04,56,0,0,0.18436107077184927
c04,57,0,0,0.31260861520453354
c04,58,0,0,0.24310651218445767
c04,59,0,0,0.2020871366326145
c04,60,0,0,0.3361262519136458
c04,61,0,0,0.20915829690152182
c04,62,0,0,0.28492124467568863
c04,63,0,0,0.16152300243639733
c04,64,0,0,0.15667969822972388
c04,65,0,0,0.20206449345944547
c04,66,0,0,0.2211916115943997
c04,67,0,0,0.1510025261597345
c04,68,0,0,0.23605751342358064
c04,69,0,0,0.1813264591158181
c04,70,0,0,0.12911762298740265
c04,71,0,0,0.22033356634053788
c04,72,0,0,0.12107505033387757
c04,73,0,0,0.135486522066096
c04,74,0,0,0.15461327035366929
c04,75,0,0,0.20876942433613116
c04,76,0,0,0.2162849458369945
c04,77,0,0,0.12462852274717605
c04,78,0,0,0.1641480162294719
c04,79,0,0,0.10579426309627432
c04,80,0,0,0.05323469055898506
c04,81,0,0,0.12843704885722837
c04,82,0,0,0.16285968964145872
c04,83,0,0,0.14575667625004518
c04,84,0,0,0.0918047138024456
c04,85,0,0,0.11104499832691497
c04,86,0,0,0.09165209381579492
c04,87,0,0,0.09513970068021362
c04,88,0,0,0.08151746520414985
c04,89,0,0,0.09548280218987325
c04,90,0,0,0.09715260119076793
c04,91,0,0,0.09176058128063892
c04,92,0,0,0.10087317951843107
c04,93,0,0,0.10742579227015484
c04,94,0,0,0.16925985979345812
c04,95,0,0,0.09424079925824749
c04,96,0,0,0.10308796890622489
c04,97,0,0,0.08192356952587308
c04,98,0,0,0.0695921752351003
c04,99,0,0,0.10118358551710444
c04,100,0,0,0.10959133405965941
c04,101,0,0,0.07314196610166473
c04,102,0,0,0.10040017909765685
c04,103,0,0,0.06153377013006521
c04,104,0,0,0.07724044751180809
c04,105,0,0,0.054719933794745046
c04,106,0,0,0.07236007139282724
c04,107,0,0,0.06788670605925376
c04,108,0,0,0.07180736476883956
c04,109,0,0,0.06387463296659378
c04,110,0,0,0.07642774968140555
c04,111,0,0,0.11022126240325664
c04,112,0,0,0.05878540132031153
c04,113,0,0,0.06395616284857779
c04,114,0,0,0.06391414788069164
c04,115,0,0,0.07547457189742053
c04,116,0,0,0.061659082163092904
c04,117,0,0,0.08218208863607766
c04,118,0,0,0.05572435653741667
c04,119,0,0,0.06524550481857123
c04,120,0,0,0.08331871634852865
c04,121,0,0,0.11525536878827321
c04,122,0,0,0.07247603844587153
c04,123,0,0,0.06046555986635701
c04,124,0,0,0.05712184945834672
c04,125,0,0,0.09341680319605947
c04,126,0,0,0.05285462229942172
c04,127,0,0,0.07409245416852889
c04,128,0,0,0.06698868949556741
c04,129,0,0,0.04167551667180149
c04,130,0,0,0.05107782342428862
c04,131,0,0,0.05154581189983428
c04,132,0,0,0.04020943473016377
c04,133,0,0,0.0631767562635177
c04,134,0,0,0.04402383170588603
c04,135,0,0,0.06618638327428103
c04,136,0,0,0.06407655610597791
c04,137,0,0,0.05292076673573382
c04,138,0,0,0.05576959643402177
c04,139,0,0,0.052767239475695824
c04,140,0,0,0.05371743726345401
c04,141,0,0,0.06413874601115445
c04,142,0,0,0.045202170094094225
c04,143,0,0,0.055704120960328285
c04,144,0,0,0.05338726536185995
c04,145,0,0,0.04705811838369468
c04,146,0,0,0.05398772806132273
c04,147,0,0,0.059154636084365844
c04,148,0,0,0.0505260167574855
c04,149,0,0,0.05052462418936187
c04,150,0,0,0.053840563925083275
c04,151,0,0,0.09056250550545847
c04,152,0,0,0.054769521556028274
c04,153,0,0,0.13537164663980839
c04,154,0,0,0.17042651621979946
c04,155,0,0,0.05516601194192411
c04,156,0,0,0.038151717236990554
c04,157,0,0,0.06042725982776132
c04,158,0,0,0.04809314119822956
c04,159,0,0,0.04899711140066426
c04,160,0,0,0.05312752519374016
c04,161,0,0,0.056728839804605254
c04,162,0,0,0.0415080888201358
c04,163,0,0,0.05490888679173452
c04,164,0,0,0.05904264430415374
c04,165,0,0,0.11504391771625311
c04,166,0,0,0.03272167876781345
c04,167,0,0,0.05724183512829378
c04,168,0,0,0.059227798870797724
c04,169,0,0,0.05511227528751315
c04,170,0,0,0.05629303167601771
c04,171,0,0,0.056649563184316146
c04,172,0,0,0.05097801375775509
c04,173,0,0,0.051993338392216586
c04,174,0,0,0.0410612055257561
c04,175,0,0,0.05226256984487827
c04,176,0,0,0.057336180331557206
c04,177,0,0,0.05576203265751714
c04,178,0,0,0.05185239735354146
c04,179,0,0,0.0598728514537574
c04,180,0,0,0.06030126868240157
c04,181,0,0,0.061045740504512114
c04,182,0,0,0.043253884411461815
c04,183,0,0,0.024976150675302598
c04,184,0,0,0.06119662751515719
c04,185,0,0,0.04447174282290386
c04,186,0,0,0.04901143442257736
c04,187,0,0,0.05094746388326141
c04,188,0,0,0.05739517014675335
c04,189,0,0,0.08006886808496375
c04,190,0,0,0.08483815076120525
c04,191,0,0,0.04358090104163424
c04,192,0,0,0.04735625157754123
c04,193,0,0,0.04837948169725182
c04,194,0,0,0.03944607464838807
c04,195,0,0,0.0616715537605578
c04,196,0,0,0.029587118973761577
c04,197,0,0,0.05029302375047427
c04,198,0,0,0.0508339503699668
c04,199,0,0,0.058230000742470936
c04,200,0,0,0.04057706603838579
c04,201,0,0,0.04147041220783073
c04,202,0,0,0.050829559197877364
c04,203,0,0,0.033841529750882955
c04,204,0,0,0.0472901916225064
c04,205,0,0,0.04124322445861047
c04,206,0,0,0.04422854165019364
c04,207,0,0,0.04517478932221695
c04,208,0,0,0.050483815489379406
c04,209,0,0,0.047092759844403455
c04,210,0,0,0.039880238197422986
c04,211,0,0,0.0495448952757672
c04,212,0,0,0.02551558585822327
c04,213,0,0,0.03720242926977612
c04,214,0,0,0.04832589890524317
c04,215,0,0,0.03350038967209893
c04,216,0,0,0.05048554532581126
c04,217,0,0,0.03925651081002051
c04,218,0,0,0.026606405089303585
c04,219,0,0,0.03122013219300648
c04,220,0,0,0.038147678329124045
c04,221,0,0,0.019809752435001864
c04,222,0,0,0.018868534687256393
c04,223,0,0,0.02690844728468734
c04,224,0,0,0.020380000369316822
c04,225,0,0,0.036660670038395626
c04,226,0,0,0.06363076531420289
c04,227,0,0,0.006699889813100906
c04,228,0,0,0.019183661295971325
c04,229,0,0,0.02123629984685475
c04,230,0,0,0.035583915029491084
c04,231,0,0,0.035528097117148945
c04,232,0,0,0.018125658498779434
c04,233,0,0,0.020480384675549395
c04,234,0,0,0.020133711863949858
c04,235,0,0,0.029028980569008603
c04,236,0,0,0.01932735298308354
c04,237,0,0,0.025421954638234757
c04,238,0,0,0.03779124183226653
c04,239,0,0,0.03595640092711747
c04,240,0,0,0.02503838747584775
c04,241,0,0,0.03327112700677658
c04,242,0,0,0.038017795154231517
c04,243,0,0,0.032421600015583266
c04,244,0,0,0.024664946906872705
c04,245,0,0,0.034401553466787686
c04,246,0,0,0.03695873802847376
c04,247,0,0,0.029716278439911696
c04,248,0,0,0.03709139065858914
c04,249,0,0,0.0335395267390333
c04,250,0,0,0.03545646525414068
c04,251,0,0,0.04290093732544656
c04,252,0,0,0.03988748929355176
c04,253,0,0,0.03659303139491801
c04,254,0,0,0.028480181301095354
c04,255,0,0,0.031060979203687104
c04,256,0,0,0.025205805490198754
c04,257,0,0,0.027613653233740296
c04,258,0,0,0.025314542204016945
c04,259,0,0,0.07124322213019134
c04,260,0,0,0.2724500357078432
c04,261,0,0,0.17244331773224003
c04,262,0,0,0.205560022144475
c04,263,0,0,0.2680891610985415
c04,264,0,0,0.23829073786147636
c04,265,0,0,0.267979009778011
c04,266,0,0,0.2800971888673948
c04,267,0,0,0.2824671450859935
c04,268,0,0,0.2912697247288103
c04,269,0,0,0.2770990321273079
c04,270,0,0,0.24688629216351737
c04,271,0,0,0.27312041692417804
c04,272,0,0,0.22503102826999116
c04,273,0,0,0.23646017653195242
c04,274,0,0,0.25460087953562993
c04,275,0,1,0.8335048102006412
c04,276,0,0,0.15508437992546134
c04,277,0,1,0.5763416798315854
c04,278,0,0,0.14841868122611837
c04,279,0,0,0.23480414683512194
c04,280,0,0,0.27930794989622054
c04,281,0,0,0.2608791201567194
c04,282,0,0,0.24391738169863533
c04,283,0,0,0.2771497830244235
c04,284,0,0,0.25825084824311195
c04,285,0,0,0.49483600594417215
c04,286,0,0,0.3084900192175151
c04,287,0,0,0.20763290728677827
c04,288,0,0,0.4037266385598614
c04,289,0,0,0.25182835278077487
c04,290,0,0,0.2881680394404933
c04,291,0,0,0.27151307527849355
c04,292,0,0,0.2807810754902226
c04,293,0,0,0.2912553293127988
c04,294,0,0,0.264982323769465
c04,295,0,0,0.27656755757909496
c04,296,0,0,0.2701539905291111
c04,297,0,0,0.36634300051223734
c04,298,0,0,0.25120331681349406
c04,299,0,0,0.2546753878590161
c04,300,0,0,0.25276777596140576
c04,301,0,0,0.27631100433097244
c04,302,0,0,0.2738490273933673
c04,303,0,0,0.25606402489188346
c04,304,0,0,0.33398173776242357
c04,305,0,0,0.3656330155567339
c04,306,0,0,0.3400070311977022
c04,307,0,0,0.2460958180179585
c04,308,0,0,0.43629836894520424
c04,309,0,0,0.14237036679845097
c04,310,0,0,0.15640188822209936
c04,311,0,0,0.15636610151371547
c04,312,0,0,0.34601804103093503
c04,313,0,0,0.29028297067559417
c04,314,0,0,0.3179129117258741
c04,315,0,0,0.302791565130646
c04,316,0,0,0.14111965509198324
c04,317,0,0,0.20778398711545804
c04,318,0,0,0.1922390785734824
c04,319,0,0,0.24588105418046552
c04,320,0,0,0.2444248100687567
c04,321,0,0,0.2614687277052347
c04,322,0,0,0.20336245978226555
c04,323,0,0,0.24738640757694721
c04,324,0,0,0.2813835809407505
c04,325,0,0,0.15872270002731964
c04,326,0,0,0.1707804189198044
c04,327,0,0,0.21530273192178984
c04,328,0,0,0.1806808068312822
c04,329,0,0,0.1227079210621814
c04,330,0,0,0.2519371380163452
c04,331,0,0,0.09896160709705973
c04,332,0,0,0.15389614265334603
c04,333,0,0,0.08809005551689993
c04,334,0,0,0.046891051343576864
c04,335,0,0,0.065234401761067
c04,336,0,0,0.10782937060434719
c04,337,0,0,0.05013725629106007
c04,338,0,0,0.17683417486434083
c04,339,0,0,0.11656801138820458
c04,340,0,0,0.18812549609764986
c04,341,0,0,0.06336218769584377
c04,342,0,0,0.08943425988672561
c04,343,0,0,0.042450838645803866
c04,344,0,0,0.15008177356254346
c04,345,0,0,0.26484205233604746
c04,346,0,0,0.09853191513301938
c04,347,0,0,0.10771147128260321
c04,348,0,0,0.11187061457649908
c04,349,0,0,0.223025993757961
c04,350,0,0,0.054590884567027265
c04,351,0,0,0.044919929419652914
c04,352,0,0,0.04532894153857757
c04,353,0,0,0.0794219208847513
c04,354,0,0,0.08490795219681956
c04,355,0,0,0.06654904187209203
c04,356,0,0,0.0481069467162501
c04,357,0,0,0.18742013248110512
c04,358,0,0,0.0469545526642497
c04,359,0,0,0.09981121756203906
c04,360,0,0,0.1034856545843303
c04,361,0,0,0.15392039760853413
c04,362,0,0,0.11469040339260156
c04,363,0,0,0.05842585660922208
c04,364,0,0,0.1763951848165146
c04,365,0,0,0.2283561605397466
c04,366,0,0,0.08105655936568411
c04,367,0,0,0.074408393563128
c04,368,0,0,0.1592656686108414
c04,369,0,0,0.146978952160972
c04,370,0,0,0.26520167170998116
c04,371,0,0,0.3467346539882242
c04,372,0,0,0.1692664278688584
c04,373,0,0,0.3043782169911392
c04,374,0,0,0.238110493482068
c04,375,0,0,0.2930606000528793
c04,376,0,0,0.14096662370084365
c04,377,0,0,0.28082594020954427
c04,378,0,0,0.16649225712874863
c04,379,0,0,0.16866897258103059
c04,380,0,0,0.14515832049626476
c04,381,0,0,0.22705297166355018
c04,382,0,0,0.08923903125048198
c04,383,0,0,0.15443572523657736
c04,384,0,0,0.18023029172625807
c04,385,0,0,0.20381536705585807
c04,386,0,0,0.22342263678533714
c04,387,0,0,0.20814404497998631
c04,388,0,0,0.24560369617744482
c04,389,0,0,0.15335037067153562
c04,390,0,0,0.20504252158554984
c04,391,0,0,0.2083175112604668
c04,392,0,0,0.21453888068387392
c04,393,0,0,0.16511062124834872
c04,394,0,0,0.07782997528626631
c04,395,0,0,0.13415564871435895
c04,396,0,0,0.1549067932476055
c04,397,0,0,0.07151906979036167
c04,398,0,0,0.11311111618045495
c04,399,0,0,0.08509050979302886
c04,400,0,0,0.16161642807000542
c04,401,0,0,0.1322806360247284
c04,402,0,0,0.016862986504296434
c04,403,0,0,0.02674636865435344
c04,404,0,0,0.02002409280329703
c04,405,0,0,0.07897468169993514
c04,406,0,0,0.11492869720836643
c04,407,0,0,0.12836906453692526
c04,408,0,0,0.08721437382348543
c04,409,0,0,0.11988856196698558
c04,410,0,0,0.09646250248683248
c04,411,0,0,0.06755285574326476
c04,412,0,0,0.07767343157276531
c04,413,0,0,0.10262932378976368
c04,414,0,0,0.06926613631806366
c04,415,0,0,0.06107278864823226
c04,416,0,0,0.07324609773463812
c04,417,0,0,0.05487433494754676
c04,418,0,0,0.1020835881255777
c04,419,0,0,0.09427262646963572
c04,420,0,0,0.04513206782245578
c04,421,0,0,0.121288508285682
c04,422,0,0,0.2797778253682586
c04,423,0,0,0.11840345824016425
c04,424,0,0,0.12568120564988164
c04,425,0,0,0.035620208513928164
c04,426,0,0,0.03204899736476037
c04,427,0,0,0.03535999665678384
c04,428,0,0,0.02879576087714341
c04,429,0,0,0.02987641319752303
c04,430,0,0,0.02748323689275444
c04,431,0,0,0.024033500746731204
c04,432,0,0,0.03872732928857103
c04,433,0,0,0.01643791192252478
c04,434,0,0,0.02549037183087234
c04,435,0,0,0.03687076150020523
c04,436,0,0,0.02682833930596651
c04,437,0,0,0.028779799598724592
c04,438,0,0,0.02134403964838187
c04,439,0,0,0.01640891363559311
c04,440,0,0,0.040773167028219336
c04,441,0,0,0.0265685861833478
c04,442,0,0,0.02236964774152969
c04,443,0,0,0.024329954142380712
c04,444,0,0,0.031174595073615235
c04,445,0,0,0.031277011928020536
c04,446,0,0,0.01855701563389533
c04,447,0,0,0.026846976443139534
c04,448,0,0,0.026972663960077123
c04,449,0,0,0.019889162904510756
c04,450,0,0,0.03617626852332081
c04,451,0,0,0.026157029008334998
c04,452,0,0,0.0236576133214826
c04,453,0,0,0.02271492813410498
c04,454,0,0,0.01948070419771752
c04,455,0,0,0.01719425315590181
c04,456,0,0,0.09921152604199948
c04,457,0,0,0.03388978136008575
c04,458,0,0,0.01643827281351862
c04,459,0,0,0.02589145564170374
c04,460,0,0,0.019401906224815073
c04,461,0,0,0.02237155118892079
c04,462,0,0,0.014466738286482322
c04,463,0,0,0.0174599795203087
c04,464,0,0,0.01725155933173377
c04,465,0,0,0.01649379581047098
c04,466,0,0,0.02902807174744488
c04,467,0,0,0.046124737719418156
c04,468,0,0,0.014405273310201987
c04,469,0,0,0.020341284440059178
c04,470,0,0,0.03167455848036384
c04,471,0,0,0.03399294428117148
c04,472,0,0,0.025991164948528104
c04,473,0,0,0.014665219894970855
c04,474,0,0,0.025041922934096166
c04,475,0,0,0.021638640701232885
c04,476,0,0,0.013288154486272139
c04,477,0,0,0.0923617070540876
c04,478,0,0,0.1576552887828596
c04,479,0,0,0.1840105102307338
c04,480,0,0,0.11903646623317529
c04,481,0,0,0.05474681836901639
c05,1,0,0,0.40058005231882154
c05,2,0,1,0.6567508714718129
c05,3,0,1,0.7763731527938614
c05,4,0,0,0.3419633241363884
c05,5,0,0,0.3749178842394789
c05,6,1,0,0.22969952817752087
c05,7,0,0,0.33356309057029543
c05,8,0,1,0.6440305057148848
c05,9,0,0,0.4069429357450543
c05,10,0,0,0.25285862184710167
c05,11,0,0,0.4146019662727252
c05,12,0,0,0.38881869775834865
c05,13,0,0,0.3221503905070736
c05,14,0,0,0.3306312216881783
c05,15,0,0,0.34221384999568155
c05,16,0,1,0.5490564679771553
c05,17,0,0,0.29681507327199497
c05,18,0,0,0.33745894130574794
c05,19,0,0,0.378866973034839
c05,20,0,0,0.40902902034738453
c05,21,0,0,0.3916845746495339
c05,22,0,0,0.42802029106891193
c05,23,0,0,0.4095093025702727
c05,24,0,0,0.3264228324340339
c05,25,0,0,0.36922829735651197
c05,26,0,0,0.47924581037113123
c05,27,0,0,0.4599453833194864
c05,28,0,0,0.36257572548932165
c05,29,0,0,0.4001459124494431
c05,30,0,0,0.4278732925446598
c05,31,0,0,0.44226255264591857
c05,32,0,0,0.36712719545045014
c05,33,0,0,0.36609964324466393
c05,34,0,0,0.4847517770236536
c05,35,0,0,0.29886724846777396
c05,36,0,0,0.3490774454611034
c05,37,0,1,0.5177225137661036
c05,38,0,0,0.4195352553806111
c05,39,0,0,0.3700141274954487
c05,40,0,0,0.24279592747582912
c05,41,0,0,0.2202781122644891
c05,42,0,0,0.27453875912569287
c05,43,0,0,0.2564579575836525
c05,44,0,0,0.35206605004755037
c05,45,0,0,0.38820128214345867
c05,46,0,1,0.5019041293171662
c05,47,0,0,0.48349947219109973
c05,48,0,0,0.36429816008916077
c05,49,0,0,0.4695539041673492
c05,50,0,0,0.49631358677079757
c05,51,0,0,0.4957595433654445
c05,52,0,0,0.36418647878667426
c05,53,0,0,0.3716100430697934
c05,54,0,0,0.29230950878572665
c05,55,0,0,0.3138309235082844
c05,56,0,0,0.3447539326533881
c05,57,0,1,0.515071485186823
c05,58,0,0,0.3538824333455144
c05,59,0,0,0.39629540008192443
c05,60,0,0,0.42147336438412714
c05,61,0,0,0.390449879882764
c05,62,0,0,0.3377309550353791
c05,63,0,0,0.4664851268355757
c05,64,0,0,0.33521718191807065
c05,65,0,0,0.40793280566925283
c05,66,0,0,0.3519727657958304
c05,67,0,0,0.09659099167050211
c05,68,0,0,0.3569543432745611
c05,69,0,0,0.39649668819720485
c05,70,0,0,0.2757931877703368
c05,71,0,0,0.3943224613575396
c05,72,0,0,0.2680579435592814
c05,73,0,0,0.36325032252881784
c05,74,0,0,0.350623794427607
c05,75,0,0,0.4158693160769103
c05,76,0,0,0.4303288291215839
c05,77,0,1,0.5239002473802286
c05,78,0,1,0.5326450140405706
c05,79,0,0,0.3985021356746941
c05,80,0,0,0.40417463275818777
c05,81,0,0,0.38425949754016503
c05,82,0,0,0.4072621186716253
c05,83,0,1,0.5311987384963623
c05,84,0,1,0.5449873623726071
c05,85,0,0,0.37840040221962146
c05,86,0,1,0.5014857108833101
c05,87,0,0,0.41047291585877405
c05,88,0,0,0.49288003832772465
c05,89,0,0,0.44971671451357503
c05,90,0,1,0.8586045634402709
c05,91,0,0,0.3351000446351791
c05,92,0,0,0.38360926711519755
c05,93,0,0,0.4344789227431079
c05,94,0,0,0.39063490012038443
c05,95,0,0,0.4673065537252232
c05,96,0,0,0.45338346772277016
c05,97,0,0,0.4065910390166762
c05,98,0,0,0.40728157552423966
c05,99,0,0,0.36554631147189887
c05,100,0,0,0.4963411111856635
c05,101,0,0,0.36214367440766065
c05,102,0,0,0.3817912708278516
c05,103,0,0,0.3893615212970125
c05,104,0,0,0.3918113258594033
c05,105,0,0,0.36848753542776436
c05,106,0,0,0.3779365714243835
c05,107,0,0,0.33145019139227283
c05,108,0,0,0.41000288200821117
c05,109,0,1,0.5074327820942794
c05,110,0,1,0.8698967841495723
c05,111,0,0,0.45382642353357183
c05,112,0,0,0.3468559192270443
c05,113,0,1,0.6734344480662495
c05,114,0,0,0.4581608627081977
c05,115,0,0,0.4555671199529353
c05,116,0,0,0.49339004675661535
c05,117,0,0,0.49397727690944593
c05,118,0,0,0.47860784682681146
c05,119,0,0,0.4497622974763979
c05,120,0,0,0.4671730929614171
c05,121,0,0,0.42958855474747887
c05,122,0,1,0.6281287571700281
c05,123,0,0,0.4583227209282734
c05,124,0,0,0.46935500798369006
c05,125,0,1,0.5471589508749237
c05,126,0,1,0.7507025383408072
c05,127,0,1,0.5563891526837328
c05,128,0,0,0.42048846126872247
c05,129,0,0,0.49266584671666136
c05,130,0,1,0.5016175603685533
c05,131,0,1,0.5328517653568972
c05,132,0,0,0.4121966341171841
c05,133,0,0,0.41653216827891326
c05,134,0,0,0.3679100834578078
c05,135,0,0,0.47122973238981175
c05,136,0,0,0.4157089141182775
c05,137,0,1,0.6633169971124812
c05,138,0,0,0.4406028333405743
c05,139,0,0,0.47827203731253676
c05,140,0,0,0.3405156807972889
c05,141,0,0,0.46010043034651943
c05,142,0,1,0.6272961818383592
c05,143,0,1,0.5595073225610924
c05,144,0,0,0.34056352421228836
c05,145,0,1,0.8553399993238605
c05,146,0,1,0.7651048766603672
c05,147,0,1,0.5010193049527283
c05,148,0,1,0.7120560657118005
c05,149,0,1,0.5200038573056868
c05,150,0,0,0.39680507203846377
c05,151,0,0,0.4462762760424727
c05,152,0,0,0.48652726361593557
c05,153,0,1,0.6567337912778194
c05,154,0,0,0.44135590369041955
c05,155,0,0,0.4053531776262885
c05,156,0,0,0.4339825868458521
c05,157,0,0,0.3928777533267288
c05,158,0,0,0.4093002433666524
c05,159,0,0,0.35017674921117997
c05,160,0,0,0.3530793210859814
c05,161,0,1,0.5224098307515266
c05,162,0,0,0.43010058459642625
c05,163,0,1,0.6329129955844599
c05,164,0,1,0.5678211633415682
c05,165,0,1,0.8575509596527394
c05,166,0,0,0.2492553409942786
c05,167,0,0,0.4046634500556687
c05,168,0,0,0.4362332103548323
c05,169,0,0,0.41246992744511446
c05,170,0,1,0.5242983818159903
c05,171,0,0,0.4238716364424519
c05,172,0,0,0.3353110706838323
c05,173,0,0,0.3980119447709581
c05,174,0,0,0.3635867818928591
c05,175,0,0,0.36108477879404166
c05,176,0,0,0.37562793834465374
c05,177,0,0,0.34368446978995015
c05,178,0,0,0.3142735425165132
c05,179,0,0,0.3383577910284303
c05,180,0,0,0.3685139249176035
c05,181,0,0,0.3510621266622787
c05,182,0,0,0.3480512045846048
c05,183,0,0,0.42185650079955533
c05,184,0,0,0.3610375215659136
c05,185,0,0,0.43303144053982295
c05,186,0,0,0.42630401998625667
c05,187,0,0,0.3540438562672706
c05,188,0,0,0.4346451086862055
c05,189,0,0,0.3864856658552792
c05,190,0,0,0.4236874966947007
c05,191,0,0,0.39051809238300034
c05,192,0,0,0.3531562863828621
c05,193,0,0,0.4023323939924862
c05,194,0,1,0.625361231852232
c05,195,0,1,0.6894657407907702
c05,196,0,1,0.5845913859570953
c05,197,0,1,0.5821445328060431
c05,198,0,1,0.5028955644114
c05,199,0,0,0.4034801363413075
c05,200,0,0,0.48921682175187026
c05,201,0,0,0.3720735568447679
c05,202,0,0,0.4307970379970409
c05,203,0,0,0.4201526910355819
c05,204,0,1,0.5329951392866957
c05,205,0,1,0.5494804958470527
c05,206,0,1,0.6782647462329445
c05,207,0,0,0.4139015716732123
c05,208,0,0,0.38585972575000066
c05,209,0,1,0.858428312290632
c05,210,0,0,0.39854627699424305
c05,211,0,0,0.3915321129523365
c05,212,0,0,0.4267506684551872
c05,213,0,0,0.4703320112353763
c05,214,0,1,0.5147432623071114
c05,215,0,1,0.5515553515728994
c05,216,0,0,0.4724612304661168
c05,217,0,0,0.443446135052439
c05,218,0,0,0.43209843724872266
c05,219,0,0,0.4996581125919024
c05,220,0,1,0.8513269160403907
c05,221,0,0,0.33286151464114017
c05,222,0,1,0.616934728980638
c05,223,0,0,0.36596816503196666
c05,224,0,0,0.4284083921764621
c05,225,0,0,0.4864379889306509
c05,226,0,1,0.5819562537227182
c05,227,0,0,0.35754002844244365
c05,228,0,0,0.3803234856573213
c05,229,0,1,0.5194609617160381
c05,230,0,0,0.41149105535985625
c05,231,0,0,0.35804655733521573
c05,232,0,1,0.6274928744120774
c05,233,0,0,0.4651503303706145
c05,234,0,0,0.3652349344103717
c05,235,0,0,0.34396080529156847
c05,236,0,0,0.3642256463443262
c05,237,0,0,0.38456093008420805
c05,238,0,0,0.3802284278505278
c05,239,0,0,0.3365379285447343
c05,240,0,0,0.41915119296662795
c05,241,0,0,0.3658186758874522
c05,242,0,0,0.4517672584248115
c05,243,0,0,0.3394874648591085
c05,244,0,0,0.3507190694743177
c05,245,0,0,0.3288892446433327
c05,246,0,0,0.4062055133298771
c05,247,0,0,0.3155251854179143
c05,248,0,0,0.39755031055439255
c05,249,0,0,0.348351945154253
c05,250,0,1,0.5011932579319603
c05,251,0,0,0.3428038799445681
c05,252,0,0,0.31779593689648855
c05,253,0,0,0.329021900976801
c05,254,0,1,0.5226869302549021
c05,255,0,1,0.8264103804107223
c05,256,0,0,0.29930338879195245
c05,257,0,0,0.316928690187223
c05,258,0,0,0.45718614234874866
c05,259,0,0,0.32220959160935125
c05,260,0,0,0.3576875631047451
c05,261,0,0,0.3024113845914526
c05,262,0,0,0.28317602314914014
c05,263,0,0,0.3103407907449654
c05,264,0,0,0.27162763725020844
c05,265,0,0,0.36821837008567476
c05,266,0,0,0.28721292078138133
c05,267,0,1,0.5829170876619482
c05,268,0,0,0.2340561593193632
c05,269,0,0,0.27571333532658215
c05,270,0,0,0.3239511998705923
c05,271,0,0,0.3809821333803465
c05,272,0,0,0.4509475788173902
c05,273,0,0,0.27289882630711615
c05,274,0,0,0.3114726780108437
c05,275,0,1,0.8662892281851031
c05,276,0,0,0.2986639184364916
c05,277,0,0,0.42845596482755893
c05,278,0,0,0.36664085008982333
c05,279,0,0,0.3493680050470946
c05,280,0,0,0.3857125967610293
c05,281,0,0,0.34460030066474456
c05,282,0,0,0.32846602005425946
c05,283,0,0,0.3796790680751455
c05,284,0,1,0.6692158450076579
c05,285,0,0,0.3709343529068347
c05,286,0,0,0.3608926967051381
c05,287,0,0,0.41203074790933875
c05,288,0,0,0.4500519642688764
c05,289,0,0,0.46820220531663853
c05,290,0,0,0.41660517267594205
c05,291,0,0,0.397114803310998
c05,292,0,0,0.4152737541109044
c05,293,0,0,0.4377927013935512
c05,294,0,0,0.45482512952358284
c05,295,0,1,0.8003728496350677
c05,296,0,0,0.30440066334123533
c05,297,0,0,0.32563732473408197
c05,298,0,0,0.396354724022206
c05,299,0,1,0.582905429998761
c05,300,0,1,0.9169157955539465
c05,301,0,0,0.2333614570638933
c05,302,0,0,0.4066677071241795
c05,303,0,0,0.47450881543566364
c05,304,0,0,0.3300740845395506
c05,305,0,1,0.5260650219701719
c05,306,0,0,0.3216664497326567
c05,307,0,0,0.44169415875881357
c05,308,0,0,0.4427040211895037
c05,309,0,0,0.3837572752888119
c05,310,0,0,0.36507175498826633
c05,311,0,0,0.36997090894457607
c05,312,0,0,0.31076453260488074
c05,313,0,0,0.4242870416600264
c05,314,0,0,0.32723843188274027
c05,315,0,0,0.3756421840820448
c05,316,0,1,0.850081709604219
c05,317,0,1,0.5417618756111799
c05,318,0,0,0.38250207253491847
c05,319,0,0,0.35186421275474417
c05,320,0,0,0.28803184842938806
c05,321,0,1,0.637538301133573
c05,322,0,0,0.40572893062761745
c05,323,0,0,0.2668531312314343
c05,324,0,0,0.3306733995011383
c05,325,0,0,0.34896155097522336
c05,326,0,0,0.31542079911823584
c05,327,0,1,0.5316182124294343
c05,328,0,0,0.319191038322526
c05,329,0,0,0.2515964044588205
c05,330,0,0,0.3692432339538204
c05,331,0,0,0.27224611996925024
c05,332,0,0,0.3531314068187001
c05,333,0,0,0.2873295169764864
c05,334,0,0,0.3392933013114948
c05,335,0,0,0.2905044411570844
c05,336,0,0,0.3881913080478374
c05,337,0,0,0.3092470022828814
c05,338,0,0,0.31054191787536184
c05,339,0,0,0.3242424101485478
c05,340,0,0,0.20498094233758712
c05,341,0,0,0.25099714395233286
c05,342,0,0,0.41549352334035333
c05,343,0,0,0.3378330100184891
c05,344,0,0,0.37386980542653914
c05,345,0,0,0.3122937526587581
c05,346,0,1,0.9141319070094629
c05,347,0,0,0.18493512364972306
c05,348,0,0,0.4315545861816697
c05,349,0,0,0.39752001027581596
c05,350,0,0,0.3992042896565218
c05,351,0,1,0.5558681966796576
c05,352,0,1,0.9435083547366286
c05,353,0,1,0.5220918100402744
c05,354,0,0,0.32623374429129137
c05,355,0,0,0.45758395930415063
c05,356,0,1,0.6826397581650179
c05,357,0,0,0.4020661286696215
c05,358,0,0,0.2836489457942662
c05,359,0,0,0.24705894033389933
c05,360,0,0,0.2611044934130159
c05,361,0,0,0.46124748200241134
c05,362,0,0,0.357258207165671
c05,363,0,0,0.31231323720573245
c05,364,0,0,0.4347349436114723
c05,365,0,0,0.3765430756830975
c05,366,0,1,0.5927078174764032
c05,367,0,0,0.32331337900511137
c05,368,0,1,0.5266560853689007
c05,369,0,1,0.6997461015162704
c05,370,0,1,0.9442556481822046
c05,371,0,1,0.7400969760359174
c05,372,0,0,0.370475855565475
c05,373,0,1,0.5314722313170837
c05,374,0,0,0.36646914707878403
c05,375,0,0,0.4347805170524127
c05,376,0,0,0.41444541867032847
c05,377,0,0,0.4354084896073654
c05,378,0,1,0.5381717821333021
c05,379,0,1,0.697851524363699
c05,380,0,0,0.38441757384779734
c05,381,0,0,0.38961017097763273
c05,382,0,0,0.4427496617979234
c05,383,0,0,0.46350542291170144
c05,384,0,1,0.5537507304374011
c05,385,1,1,0.557332383943685
c05,386,1,1,0.6694944238894692
c05,387,0,1,0.9751600653155079
c05,388,0,0,0.17459886502478322
c05,389,0,0,0.45154645541860977
c05,390,0,0,0.3728962394090326
c05,391,0,0,0.41003234346303324
c05,392,0,0,0.40841932130900255
c05,393,0,0,0.3762092290899079
c05,394,0,0,0.3448664190379303
c05,395,0,0,0.3439449910553788
c05,396,0,0,0.25732835708089696
c05,397,0,0,0.3202942725947222
c05,398,0,0,0.3660289569374723
c05,399,0,0,0.2197073959294538
c05,400,0,0,0.4212789473026019
c05,401,0,0,0.35508062521608996
c05,402,0,0,0.34186494105562343
c05,403,0,0,0.2275082299463139
c05,404,0,0,0.33280937809825506
c05,405,0,0,0.26390906197142694
c05,406,0,0,0.4118234026389047
c05,407,0,1,0.6893090840742921
c05,408,0,0,0.34602232250959397
c05,409,0,0,0.47580174351143784
c05,410,0,0,0.4262909868589046
c05,411,0,0,0.2278755229309204
c05,412,0,0,0.3034314115698677
c05,413,0,0,0.2824169490712664
c05,414,0,0,0.45952025987731004
c05,415,0,0,0.38692094955200246
c05,416,0,0,0.40410901544587585
c05,417,0,0,0.4024508891934028
c05,418,0,0,0.4565881761347634
c05,419,0,0,0.41815319476052765
c05,420,0,0,0.39065255651758474
c05,421,0,0,0.23064755722251645
c05,422,0,0,0.3418146722486461
c05,423,0,0,0.29442889338590067
c05,424,0,0,0.33002305279280153
c05,425,0,0,0.26677226246467345
c05,426,0,0,0.31591171463478385
c05,427,0,0,0.2707106898723368
c05,428,0,0,0.4280272850998951
c05,429,0,0,0.2268969369066328
c05,430,0,0,0.27484126007494714
c05,431,0,0,0.35108167506478954
c05,432,0,0,0.3511900296731295
c05,433,0,0,0.25679871081354816
c05,434,0,0,0.3490746416389288
c05,435,0,0,0.3288831162601883
c05,436,0,0,0.3757238623494963
c05,437,0,0,0.44083275973735725
c05,438,0,0,0.34579408931855987
c05,439,0,0,0.3548044179568443
c05,440,0,0,0.48682084902840933
c05,441,0,0,0.28977073454221525
c05,442,0,0,0.2729597391143101
c05,443,0,0,0.28078353942143336
c05,444,0,0,0.3980535453111028
c05,445,0,0,0.27487167007464336
c05,446,0,0,0.2806939208424423
c05,447,0,1,0.7568650876490809
c05,448,0,0,0.1209174661048222
c05,449,0,1,0.6902814987528176
c05,450,0,0,0.4328121515857257
c05,451,0,0,0.3273788726955516
c05,452,0,0,0.31152432409144154
c05,453,0,0,0.3703917500628557
c05,454,0,0,0.31280276771757165
c05,455,0,0,0.38061557261536283
c05,456,0,0,0.3638500419783557
c05,457,0,0,0.37674952066899864
c05,458,0,0,0.3170066545282641
c05,459,0,0,0.4336947019814724
c05,460,0,0,0.4750671281587208
c05,461,0,1,0.9317533528957319
c05,462,0,1,0.7606703145412917
c05,463,0,0,0.056517092482118725
c05,464,0,0,0.366832991673115
c05,465,0,1,0.7303485001192059
c06,1,0,0,0.35509057702618707
c06,2,0,0,0.15708592763110535
c06,3,0,0,0.1675233901458388
c06,4,0,0,0.0053019720350048205
c06,5,0,0,0.22997941799382013
c06,6,0,0,0.41183473574042734
c06,7,0,0,0.36485979176421585
c06,8,0,0,0.3218878282687026
c06,9,0,1,0.5744565431490591
c06,10,0,1,0.5305594957097988
c06,11,0,0,0.3806540270009614
c06,12,0,0,0.4254806910064958
c06,13,0,0,0.3982785767779391
c06,14,0,0,0.3167492244015021
c06,15,0,0,0.3277404199409698
c06,16,0,0,0.34057406605960383
c06,17,0,0,0.3739953019582104
c06,18,0,1,0.518582966495393
c06,19,0,0,0.331977904430279
c06,20,0,0,0.45550987105188684
c06,21,0,0,0.3609008926476931
c06,22,0,0,0.3730151098598698
c06,23,0,0,0.3775092990962646
c06,24,0,0,0.42739082908361775
c06,25,0,0,0.35094766351158563
c06,26,0,0,0.3971736195111951
c06,27,0,0,0.46913693778895
c06,28,0,0,0.44810625400092635
c06,29,0,0,0.4505277206330761
c06,30,0,0,0.3836910621273228
c06,31,0,0,0.385948582549629
c06,32,0,0,0.3851830549224305
c06,33,0,0,0.3800726668723049
c06,34,0,0,0.4345457721731523
c06,35,0,0,0.4080871430307175
c06,36,0,0,0.38175637564063447
c06,37,0,0,0.340226846311318
c06,38,0,0,0.46328675633618593
c06,39,0,0,0.42466064282313565
c06,40,0,0,0.35333956074511097
c06,41,0,0,0.34810982613376873
c06,42,0,0,0.24379803373931158
c06,43,0,0,0.2877783372869524
c06,44,0,0,0.25979635143923213
c06,45,0,0,0.34313937409187373
c06,46,0,0,0.36948838674970075
c06,47,0,1,0.510327146885712
c06,48,0,0,0.4511004219643798
c06,49,0,0,0.4563475504899196
c06,50,0,0,0.4782250639505847
c06,51,0,0,0.45882378876991353
c06,52,0,0,0.4867215075952238
c06,53,0,0,0.41638271560494466
c06,54,0,0,0.3613696483612598
c06,55,0,0,0.24964361695268386
c06,56,0,0,0.3368300109578519
c06,57,0,0,0.3473937220843703
c06,58,0,1,0.5043468179776787
c06,59,0,0,0.36518016256468183
c06,60,0,0,0.3504533486870583
c06,61,0,0,0.46064890867380115
c06,62,0,0,0.35035857097571027
c06,63,0,0,0.3770736986045448
c06,64,0,0,0.47023798152074076
c06,65,0,0,0.38103332855848854
c06,66,0,0,0.2950810706611206
c06,67,0,0,0.49261187594874734
c06,68,0,1,0.5591424479076671
c06,69,0,0,0.29624058835589284
c06,70,0,0,0.4104797489790341
c06,71,0,0,0.36830305715577344
c06,72,0,0,0.31066651639276616
c06,73,0,0,0.3027190985698394
c06,74,0,0,0.3802485674347819
c06,75,0,0,0.30156914057351764
c06,76,0,0,0.4132300771171872
c06,77,0,0,0.43554582015843424
c06,78,0,1,0.5474799108873976
c06,79,0,0,0.3537778976122401
c06,80,0,0,0.3687616831678143
c06,81,0,0,0.35739029063214395
c06,82,0,0,0.4889085699678235
c06,83,0,0,0.3671217426135753
c06,84,0,0,0.4337291525434104
c06,85,0,1,0.6467480555900679
c06,86,0,0,0.4180381757926739
c06,87,0,0,0.44529625204346196
c06,88,0,0,0.32499769470146866
c06,89,0,0,0.49120986997791816
c06,90,0,0,0.36729221831809494
c06,91,0,1,0.8007291362699527
c06,92,0,1,0.8726817956464756
c06,93,0,0,0.3135063284715485
c06,94,0,1,0.5220460816428201
c06,95,0,0,0.36710824831373845
c06,96,0,1,0.5255761959387713
c06,97,0,0,0.4601992532734968
c06,98,0,0,0.37063434199086487
c06,99,0,0,0.37550497602287364
c06,100,0,0,0.36278765619355074
c06,101,0,0,0.4786442965400846
c06,102,0,0,0.41499796843429865
c06,103,0,0,0.3779935001295487
c06,104,0,0,0.35711599883879835
c06,105,0,0,0.4132986077548347
c06,106,0,0,0.3082134538388158
c06,107,0,0,0.3946443227558257
c06,108,0,0,0.3340389452316629
c06,109,0,0,0.3816855463534401
c06,110,0,1,0.5132116774408203
c06,111,0,1,0.7821673876600693
c06,112,0,1,0.9732094764895911
c06,113,0,0,0.46484483677287375
c06,114,0,1,0.6335978499962781
c06,115,0,0,0.4482754691483114
c06,116,0,0,0.37022774531919495
c06,117,0,0,0.49635486743823587
c06,118,0,1,0.5064311162682414
c06,119,0,0,0.48356314385498056
c06,120,0,0,0.44022611011493257
c06,121,0,0,0.47055854298669336
c06,122,0,0,0.45073332152396883
c06,123,0,1,0.6597586326855999
c06,124,0,0,0.43365647984067995
c06,125,0,0,0.4646102696735361
c06,126,0,1,0.5443280304256932
c06,127,0,1,0.7064649050797915
c06,128,0,1,0.569442114784204
c06,129,0,0,0.4096796944051576
c06,130,0,0,0.45645289948615086
c06,131,0,0,0.4773679397551762
c06,132,0,0,0.38652527117498203
c06,133,0,0,0.35412845070152554
c06,134,0,1,0.5197872173650788
c06,135,0,0,0.3641596996171572
c06,136,0,0,0.36366385351863884
c06,137,0,1,0.5019570197175514
c06,138,0,1,0.5059344121358355
c06,139,0,1,0.6220476906390234
c06,140,0,1,0.5152400564407379
c06,141,0,0,0.35590069767310933
c06,142,0,0,0.4519214661460232
c06,143,0,0,0.39658778844710396
c06,144,0,1,0.6631525905067717
c06,145,0,0,0.4838543590710319
c06,146,0,0,0.4402992340046695
c06,147,0,1,0.8158348337398147
c06,148,0,0,0.4362901489509527
c06,149,0,1,0.6750568870272081
c06,150,0,1,0.5268628772558418
c06,151,0,0,0.3711216775682767
c06,152,0,0,0.42855910189596774
c06,153,0,0,0.4869349323717355
c06,154,0,1,0.6262180046007454
c06,155,0,0,0.4781754652080845
c06,156,0,0,0.41619059841196393
c06,157,0,0,0.4697109717821158
c06,158,0,0,0.3999221887388367
c06,159,0,0,0.4151570914146381
c06,160,0,0,0.35514678819827317
c06,161,0,0,0.34685696650018016
c06,162,0,0,0.3716934573857696
c06,163,0,1,0.5652252778217411
c06,164,0,1,0.7190475417529434
c06,165,0,1,0.505606065939241
c06,166,0,1,0.7071229463836044
c06,167,0,0,0.25840045508532733
c06,168,0,0,0.44066395847218953
c06,169,0,0,0.4581500829553738
c06,170,0,0,0.4499959142459686
c06,171,0,0,0.42720780651735624
c06,172,0,0,0.46946257096739313
c06,173,0,0,0.36422923630751025
c06,174,0,0,0.3914850487960971
c06,175,0,0,0.34063903475466206
c06,176,0,0,0.36986494186455765
c06,177,0,0,0.3618444552437563
c06,178,0,0,0.337146188822112
c06,179,0,0,0.3306801905590468
c06,180,0,0,0.3631130309206621
c06,181,0,0,0.34788648359740004
c06,182,0,0,0.3828185676920127
c06,183,0,0,0.40037926730678125
c06,184,0,0,0.3597379617303795
c06,185,0,0,0.43652073740398056
c06,186,0,0,0.40015378719844724
c06,187,0,0,0.39735155824309953
c06,188,0,0,0.3974632187040271
c06,189,0,0,0.4373489341945117
c06,190,0,0,0.43318014195593046
c06,191,0,0,0.44253456760648785
c06,192,0,0,0.37537380245109664
c06,193,0,0,0.34090866583184254
c06,194,0,0,0.3774865225353067
c06,195,0,1,0.600031928156543
c06,196,0,1,0.7741170963970836
c06,197,0,0,0.42437947430462764
c06,198,0,1,0.6034609327601531
c06,199,0,0,0.4751030874767338
c06,200,0,0,0.39854819714439055
c06,201,0,0,0.44478065858600563
c06,202,0,0,0.3601603927629003
c06,203,0,0,0.41035730722405694
c06,204,0,0,0.4615805419122884
c06,205,0,0,0.4317272694706003
c06,206,0,0,0.46422383904216996
c06,207,0,1,0.5537807381433196
c06,208,0,1,0.5044294822821185
c06,209,0,0,0.3674064649318412
c06,210,0,1,0.73203774687778
c06,211,0,0,0.39462933399970107
c06,212,0,0,0.37895315574675553
c06,213,0,0,0.3902795805061831
c06,214,0,0,0.4543197424708692
c06,215,0,1,0.5039174703263833
c06,216,0,1,0.526676994555725
c06,217,0,0,0.474845947549496
c06,218,0,0,0.41295932691946297
c06,219,0,0,0.43602082172653195
c06,220,0,1,0.5369821022363847
c06,221,0,1,0.8417578434208534
c06,222,0,0,0.3052735369475492
c06,223,0,0,0.48359797305984226
c06,224,0,0,0.43385006747032373
c06,225,0,0,0.4077955155006158
c06,226,0,0,0.45312385351156104
c06,227,0,1,0.5791040038628839
c06,228,0,0,0.35122868824031683
c06,229,0,0,0.3899980710783577
c06,230,0,0,0.4168877389583894
c06,231,0,0,0.4886845812659564
c06,232,0,0,0.34179208688386986
c06,233,0,1,0.6211274894423032
c06,234,0,1,0.5416851687289966
c06,235,0,0,0.3144858614009243
c06,236,0,0,0.38719466660387447
c06,237,0,0,0.34862851695818
c06,238,0,0,0.3814614869341167
c06,239,0,0,0.36500941970687256
c06,240,0,0,0.3351739240937609
c06,241,0,0,0.4249754918879847
c06,242,0,0,0.36093877767592436
c06,243,0,0,0.3469389570488298
c06,244,0,0,0.3757107439229283
c06,245,0,0,0.33267529274468804
c06,246,0,0,0.35062526046422104
c06,247,0,0,0.35886154578614304
c06,248,0,0,0.3252960933028913
c06,249,0,0,0.3755152621041732
c06,250,0,0,0.36668562174945973
c06,251,0,1,0.5114210148058599
c06,252,0,0,0.3452882591614951
c06,253,0,0,0.36867961580262126
c06,254,0,0,0.31477076685577215
c06,255,0,0,0.4197186050402402
c06,256,0,1,0.8244502193121355
c06,257,0,1,0.8671909115894094
c06,258,0,0,0.28577373472923717
c06,259,0,1,0.5129400026370167
c06,260,0,0,0.40008935823652003
c06,261,0,0,0.2915422234460915
c06,262,0,0,0.34991577042447536
c06,263,0,0,0.25387516492901746
c06,264,0,0,0.30770787867623706
c06,265,0,0,0.26533605367319457
c06,266,0,0,0.3228185090364777
c06,267,0,0,0.3728555498884241
c06,268,0,0,0.40396111248941324
c06,269,0,0,0.4785507861036594
c06,270,0,0,0.2508244548366237
c06,271,0,0,0.3188005117577043
c06,272,0,0,0.41401949873207333
c06,273,0,0,0.3776702047133412
c06,274,0,0,0.3941643834695781
c06,275,0,0,0.2909072219905423
c06,276,0,1,0.6323471190976485
c06,277,0,1,0.9031770289340538
c06,278,0,0,0.3599784712483267
c06,279,0,0,0.3441041478402678
c06,280,0,0,0.34159848906621304
c06,281,0,0,0.3680127237513104
c06,282,0,0,0.3595879595614916
c06,283,0,0,0.35072794011370095
c06,284,0,0,0.2907431455934175
c06,285,0,1,0.7539332655945897
c06,286,0,0,0.43305104423715884
c06,287,0,0,0.35050592839498057
c06,288,0,1,0.5100613053794842
c06,289,0,0,0.3848222482862975
c06,290,0,0,0.4470986663628592
c06,291,0,0,0.4061964624754084
c06,292,0,0,0.3532822337670084
c06,293,0,0,0.4354783774138286
c06,294,0,0,0.35393772336789264
c06,295,0,0,0.4488279220562805
c06,296,0,1,0.7254038574671745
c06,297,0,0,0.255880502071004
c06,298,0,0,0.32254980280624423
c06,299,0,0,0.36347689603334904
c06,300,0,0,0.4160919074307055
c06,301,0,1,0.8427360431964558
c06,302,0,0,0.18420791396206537
c06,303,0,0,0.38841356878747096
c06,304,0,1,0.5053699428054121
c06,305,0,0,0.32342367193303495
c06,306,0,0,0.30688679184636436
c06,307,0,0,0.3555374605440052
c06,308,0,0,0.41682219939863563
c06,309,0,0,0.4294093362467855
c06,310,0,0,0.43962841413081394
c06,311,0,0,0.32287311167599725
c06,312,0,0,0.2947408279798894
c06,313,0,0,0.380132119785297
c06,314,0,0,0.45625268702892186
c06,315,0,0,0.28305306365564975
c06,316,0,0,0.3129827725112264
c06,317,0,1,0.8560110393270227
c06,318,0,1,0.5452293010400486
c06,319,0,0,0.30086870919657904
c06,320,0,0,0.4125006240364527
c06,321,0,0,0.3436796304142618
c06,322,0,0,0.3849792774222205
c06,323,0,1,0.6005614247305917
c06,324,0,0,0.2749840059956834
c06,325,0,0,0.28087058979138413
c06,326,0,0,0.2703727716213411
c06,327,0,0,0.3115267732325574
c06,328,0,0,0.4746289245386778
c06,329,0,0,0.4456680605546375
c06,330,0,0,0.32722370990093885
c06,331,0,0,0.3561538104859351
c06,332,0,0,0.29993668067919754
c06,333,0,0,0.31895918526580475
c06,334,0,0,0.28420686043113474
c06,335,0,0,0.30493114043886943
c06,336,0,0,0.3223461565566763
c06,337,0,0,0.31773110595211573
c06,338,0,0,0.29156153037571786
c06,339,0,0,0.31142558701082934
c06,340,0,0,0.2613936534634702
c06,341,0,0,0.32286951090850546
c06,342,0,0,0.3309511873823982
c06,343,0,0,0.40063824691904204
c06,344,0,0,0.3480455458226193
c06,345,0,0,0.3602975891959286
c06,346,0,0,0.34792949803526335
c06,347,0,1,0.9447185038761559
c06,348,0,1,0.935528029684867
c06,349,0,0,0.2059579839710705
c06,350,0,0,0.2733033664571564
c06,351,0,0,0.41402299775182105
c06,352,0,0,0.4783409824919439
c06,353,0,0,0.4498378708091899
c06,354,0,1,0.7437325846342322
c06,355,0,0,0.1870037942714466
c06,356,0,1,0.5108912452993891
c06,357,0,1,0.6050646695493815
c06,358,0,1,0.5881845941963713
c06,359,0,0,0.32318889622375097
c06,360,0,0,0.24840411927969253
c06,361,0,0,0.26899218357421506
c06,362,0,0,0.4960763823640189
c06,363,0,0,0.3709918441750372
c06,364,0,0,0.4522177024748621
c06,365,0,0,0.351918971255077
c06,366,0,0,0.41499684351857635
c06,367,0,0,0.40341420543967976
c06,368,0,0,0.42227986357216674
c06,369,0,0,0.4679336494608245
c06,370,0,1,0.5169194437386813
c06,371,0,1,0.8323355789504814
c06,372,0,1,0.6843406801938526
c06,373,0,0,0.47808374879826104
c06,374,0,0,0.38907845445320993
c06,375,0,1,0.553607759889156
c06,376,0,0,0.46644012919258204
c06,377,0,0,0.4162812836535137
c06,378,0,0,0.49677360618989524
c06,379,0,0,0.4428501623463618
c06,380,0,1,0.7479205453352955
c06,381,0,0,0.4707002702508461
c06,382,0,0,0.3910424474739697
c06,383,0,0,0.4674001756656685
c06,384,0,0,0.48943925884654194
c06,385,0,0,0.45989705801994324
c06,386,1,1,0.5335338641508303
c06,387,0,1,0.5594633430589799
c06,388,0,1,0.8574102208807546
c06,389,0,0,0.14234727519738455
c06,390,0,0,0.4090991741697193
c06,391,0,0,0.3957580293242876
c06,392,0,0,0.4164727113274189
c06,393,0,1,0.5297293314998204
c06,394,0,0,0.41602546694385595
c06,395,0,0,0.2990222795822233
c06,396,0,0,0.4277958736942625
c06,397,0,0,0.14039980798878987
c06,398,0,0,0.3001001437347952
c06,399,0,0,0.3617118393089098
c06,400,0,0,0.2456093436418659
c06,401,0,0,0.2977107377686572
c06,402,0,0,0.2834938195371017
c06,403,0,0,0.3247894052106856
c06,404,0,0,0.25738056453212144
c06,405,0,0,0.2812499556190669
c06,406,0,0,0.3182419562589728
c06,407,0,0,0.3420772656273914
c06,408,0,1,0.605490652276426
c06,409,0,0,0.3786622800814432
c06,410,0,0,0.47562908169249374
c06,411,0,0,0.4486618798327589
c06,412,0,0,0.30144815721417373
c06,413,0,0,0.29708712866388837
c06,414,0,0,0.32047530808518404
c06,415,0,0,0.3968821112613746
c06,416,0,0,0.30902332508918795
c06,417,0,0,0.44684049941183196
c06,418,0,0,0.3821554318293099
c06,419,0,0,0.40966900914753573
c06,420,0,0,0.407095916845162
c06,421,0,0,0.3087170812441011
c06,422,0,0,0.326828057112458
c06,423,0,0,0.33912918463334557
c06,424,0,0,0.28888264902713384
c06,425,0,0,0.316159785654153
c06,426,0,0,0.24099701125213097
c06,427,0,0,0.3518068391858791
c06,428,0,0,0.2589549652775906
c06,429,0,0,0.3672877874209519
c06,430,0,0,0.30830884038657985
c06,431,0,0,0.2525001465752074
c06,432,0,0,0.3456714673764096
c06,433,0,0,0.35332671387616404
c06,434,0,0,0.3131589638491102
c06,435,0,0,0.24112348079198231
c06,436,0,0,0.4604907125223366
c06,437,0,0,0.3349436474203465
c06,438,0,0,0.43801845128869854
c06,439,0,0,0.2991394818398567
c06,440,0,0,0.30655889220455623
c06,441,0,0,0.32755496690807623
c06,442,0,0,0.47624740011612093
c06,443,0,0,0.31140461223548704
c06,444,0,0,0.2912804550409887
c06,445,0,0,0.356985261953538
c06,446,0,0,0.37664187714203534
c06,447,0,0,0.24457093031258378
c06,448,0,1,0.7582469602998305
c06,449,0,1,0.8953102819563716
c06,450,0,1,0.5947983527528662
c06,451,0,0,0.30879285666540035
c06,452,0,0,0.41757467903208856
c06,453,0,0,0.4102382342091289
c06,454,0,0,0.3579073906909729
c06,455,0,0,0.3447472639174296
c06,456,0,0,0.3587887045991499
c06,457,0,0,0.3339034350087591
c06,458,0,0,0.3833241657144589
c06,459,0,0,0.27474173948053715
c06,460,0,0,0.33240059663940086
c06,461,0,0,0.4502237759402775
c06,462,0,1,0.5268407654894979
c06,463,0,0,0.43526574122006745
c06,464,0,0,0.12131374734207329
c06,465,0,1,0.7592988825528557
c06,466,0,1,0.6561287492905298
c06,467,0,0,0.1625379187112456
c07,1,0,0,0.3370934719142735
c07,2,0,0,0.3743753584028322
c07,3,0,0,0.34829352837305083
c07,4,0,0,0.31250314190191875
c07,5,0,0,0.3613157264550832
c07,6,0,0,0.4455926058716144
c07,7,0,0,0.41000830828135815
c07,8,0,0,0.4464611807834363
c07,9,0,0,0.34519946760432857
c07,10,0,1,0.8270605037723584
c07,11,0,0,0.30111083576161013
c07,12,0,0,0.23377056317303505
c07,13,0,0,0.3253876739366327
c07,14,0,0,0.1973207546782062
c07,15,0,0,0.28973319783860446
c07,16,0,0,0.21078063028993171
c07,17,0,0,0.3220515191966538
c07,18,0,0,0.319109741713414
c07,19,0,0,0.4506515797329852
c07,20,0,0,0.349075931809321
c07,21,0,0,0.4141340261062385
c07,22,0,0,0.37536254285266085
c07,23,0,0,0.26219124752575057
c07,24,0,0,0.2808057898491402
c07,25,0,0,0.40857500510640815
c07,26,0,0,0.46235525337701044
c07,27,0,0,0.320217779389742
c07,28,0,0,0.38720486203714166
c07,29,0,0,0.3830699713625766
c07,30,0,1,0.5553274311417579
c07,31,0,0,0.025684310563770244
c07,32,0,0,0.1277462777725988
c07,33,0,0,0.26897508484629373
c07,34,0,0,0.27896879216161624
c07,35,0,0,0.342506358334532
c07,36,0,0,0.3355070785638796
c07,37,0,0,0.45386743672419627
c07,38,0,0,0.40340798577765286
c07,39,0,0,0.3305112728837747
c07,40,0,0,0.2682484107596673
c07,41,0,0,0.3418850522465688
c07,42,0,0,0.30798068487198405
c07,43,0,0,0.3447232167065592
c07,44,0,0,0.3476083093906899
c07,45,0,0,0.2849952307902463
c07,46,0,0,0.47745065455748575
c07,47,0,0,0.30944689997665586
c07,48,0,0,0.49631365544283534
c07,49,0,0,0.3872068961576871
c07,50,0,0,0.42325260567956313
c07,51,0,0,0.4642266472268549
c07,52,0,1,0.5517733960577601
c07,53,0,1,0.5029718192198829
c07,54,0,0,0.391403787106011
c07,55,0,0,0.4811153289876403
c07,56,0,0,0.3603641967602693
c07,57,0,1,0.5263970427606988
c07,58,0,0,0.3890448862664643
c07,59,0,0,0.3327461143603416
c07,60,0,1,0.5985190673390871
c07,61,0,1,0.6038004209790263
c07,62,0,1,0.5300781274339653
c07,63,0,1,0.5088287498610764
c07,64,0,0,0.42777622886730204
c07,65,0,1,0.5964290415828449
c07,66,0,1,0.5578257229952313
c07,67,0,0,0.42166381066646214
c07,68,0,0,0.4303194308609529
c07,69,0,1,0.5946084172340506
c07,70,0,1,0.6175520645444839
c07,71,0,1,0.5222638929614913
c07,72,0,0,0.3829960530531987
c07,73,0,0,0.42337224151940966
c07,74,0,0,0.2726375988457076
c07,75,0,0,0.3643696131516409
c07,76,0,0,0.29145878565120104
c07,77,0,0,0.31142261192964926
c07,78,0,0,0.33995683322138165
c07,79,0,0,0.44539626240795305
c07,80,0,0,0.4501696326581779
c07,81,0,0,0.35231597441438506
c07,82,0,0,0.443625134902959
c07,83,0,0,0.3813979651122746
c07,84,0,0,0.4349725629639266
c07,85,0,0,0.4386509315698844
c07,86,0,1,0.5643914868638021
c07,87,0,0,0.40350256381464933
c07,88,0,1,0.5351889409222996
c07,89,0,1,0.5242777750630068
c07,90,0,1,0.6285198501997125
c07,91,0,1,0.5570845160084593
c07,92,0,1,0.6991949190235777
c07,93,0,1,0.7392445916506643
c07,94,0,0,0.4871743835685635
c07,95,0,1,0.6058472894009035
c07,96,0,1,0.652195924940945
c07,97,0,1,0.6124077295383572
c07,98,0,1,0.5178654675194386
c07,99,0,0,0.4013247931420207
c07,100,0,1,0.5261134207898374
c07,101,0,0,0.3542410062962949
c07,102,0,0,0.20687855513433928
c07,103,0,1,0.5826259495673709
c07,104,0,0,0.45623921207326595
c07,105,0,0,0.4623886100655037
c07,106,0,0,0.4296237260469364
c07,107,0,0,0.11032819545300747
c07,108,0,0,0.27775497688202394
c07,109,0,0,0.34693617032392043
c07,110,0,0,0.45821579256121586
c07,111,0,0,0.46445793309725536
c07,112,0,0,0.23821827065909476
c07,113,0,0,0.39416466720526544
c07,114,0,0,0.3693976664066727
c07,115,0,1,0.5027923826588595
c07,116,0,1,0.5073405434927772
c07,117,0,1,0.6037452631695964
c07,118,0,0,0.4435230833473615
c07,119,0,0,0.41105087600135276
c07,120,0,1,0.5828916190399991
c07,121,0,0,0.4436796502357928
c07,122,0,0,0.4850968516243799
c07,123,0,0,0.38005977225439785
c07,124,0,0,0.3899606254140735
c07,125,0,1,0.5701265039519173
c07,126,0,0,0.4671818074531729
c07,127,0,0,0.4618952724717497
c07,128,0,1,0.6045021455928402
c07,129,0,1,0.5022577138086392
c07,130,0,0,0.48800234141483245
c07,131,0,0,0.4755363102302125
c07,132,0,1,0.7075451492745117
c07,133,0,1,0.6075247530909583
c07,134,0,1,0.6044606002265992
c07,135,0,1,0.5724447378214179
c07,136,0,1,0.5834164209162652
c07,137,0,1,0.5659299033019274
c07,138,0,1,0.6969892634499596
c07,139,0,1,0.660459098901828
c07,140,0,1,0.5085088518018726
c07,141,0,1,0.604696951921748
c07,142,0,1,0.7166906919480094
c07,143,0,0,0.45586515752962553
c07,144,0,1,0.7520409179914149
c07,145,0,0,0.4941861404193183
c07,146,0,1,0.5863454677077671
c07,147,0,0,0.44057116247806033
c07,148,0,1,0.7225393703994094
c07,149,0,0,0.25817326183505446
c07,150,0,0,0.45687841699065007
c07,151,0,1,0.5534448072209401
c07,152,0,1,0.6271952707026729
c07,153,0,0,0.48508753345214795
c07,154,0,0,0.35158307167128433
c07,155,0,1,0.5310756859989889
c07,156,0,0,0.44218533567894697
c07,157,0,0,0.3609640680969657
c07,158,0,0,0.4949225105907673
c07,159,0,1,0.5160727943449226
c07,160,0,0,0.4149266709449548
c07,161,0,0,0.40532438256029757
c07,162,0,1,0.5005659363884756
c07,163,0,0,0.40129534000563494
c07,164,0,0,0.41673839388486966
c07,165,0,0,0.44670778276886475
c07,166,0,0,0.41258616822402
c07,167,0,0,0.4341075005012459
c07,168,0,0,0.49523792623106533
c07,169,0,0,0.4240891813332838
c07,170,0,0,0.4021276369257951
c07,171,0,0,0.3993240231118218
c07,172,0,1,0.5044896546818601
c07,173,0,0,0.4798783800325602
c07,174,0,0,0.3734104956306986
c07,175,0,0,0.38601749330838564
c07,176,0,0,0.46347872463367706
c07,177,0,0,0.45023747520674506
c07,178,0,1,0.571475217005331
c07,179,0,1,0.7096791535427132
c07,180,0,1,0.5617549078864353
c07,181,0,1,0.7508091512809051
c07,182,0,0,0.3238327888072153
c07,183,0,0,0.363796388838518
c07,184,0,1,0.5805511654074698
c07,185,0,0,0.4818058290501566
c07,186,0,0,0.40778331605602036
c07,187,0,1,0.5516152267337787
c07,188,0,0,0.3717667411509279
c07,189,0,0,0.370835754694911
c07,190,0,0,0.3724234050727188
c07,191,0,0,0.4018113659938853
c07,192,0,0,0.38423079715184766
c07,193,0,0,0.33883591414283615
c07,194,0,1,0.5297889246811208
c07,195,0,1,0.5118544388194483
c07,196,0,0,0.4756832082990873
c07,197,0,0,0.3894976521911162
c07,198,0,0,0.4813834892845247
c07,199,0,0,0.4704401019247399
c07,200,0,0,0.3996942563257617
c07,201,0,1,0.5685873473088185
c07,202,0,1,0.627140382704316
c07,203,0,0,0.47971374954904733
c07,204,0,1,0.550451085756587
c07,205,0,0,0.4880022510733153
c07,206,0,0,0.3187683509378902
c07,207,0,0,0.13811288134824387
c07,208,0,1,0.5043237744163579
c07,209,0,0,0.442624925245958
c07,210,0,1,0.5129553680513422
c07,211,0,1,0.5222305721298801
c07,212,0,1,0.5208226172092488
c07,213,0,1,0.5369075319804406
c07,214,0,1,0.7283466198457971
c07,215,0,1,0.5566862988117919
c07,216,0,1,0.6328407605705656
c07,217,0,1,0.6074828599401205
c07,218,0,1,0.5340299954392926
c07,219,0,0,0.4236182020230045
c07,220,0,1,0.8219731414432562
c07,221,0,1,0.565284742863595
c07,222,0,1,0.6488104023437197
c07,223,0,1,0.7818757346266889
c07,224,0,1,0.6133929384467429
c07,225,0,1,0.5029179104840567
c07,226,0,1,0.5789103090592118
c07,227,1,0,0.43930852648621466
c07,228,0,1,0.5145479960895263
c07,229,0,0,0.4272825678776795
c07,230,0,0,0.3767404960727259
c07,231,0,0,0.43216630651858595
c07,232,0,1,0.6659055346110707
c07,233,0,0,0.41542071957031673
c07,234,0,0,0.4404895398457465
c07,235,0,0,0.36999233854813396
c07,236,0,0,0.48857421024716574
c07,237,0,0,0.4107436583598894
c07,238,0,0,0.3763422572502978
c07,239,0,0,0.4490551504708814
c07,240,0,0,0.3234677228663049
c07,241,0,0,0.35951507941173494
c07,242,0,0,0.456542768098596
c07,243,0,1,0.5332345162195293
c07,244,0,1,0.609739095815612
c07,245,0,0,0.3136820931016243
c07,246,0,1,0.5994362965164289
c07,247,0,0,0.4147302196819591
c07,248,0,0,0.3954555778120815
c07,249,0,0,0.45824314456290666
c07,250,0,0,0.4470555314486929
c07,251,0,0,0.4284285681278559
c07,252,0,0,0.36034116706778857
c07,253,0,0,0.46550919110607414
c07,254,0,0,0.37457398355168625
c07,255,0,0,0.47725688117603215
c07,256,0,0,0.38587630478289686
c07,257,0,1,0.5118288618742834
c07,258,0,0,0.4905693243553045
c07,259,0,0,0.4827075982357124
c07,260,0,0,0.388085499606488
c07,261,0,0,0.45353329976902335
c07,262,0,0,0.4634679364150787
c07,263,0,0,0.37456609112132605
c07,264,0,1,0.5177338451568196
c07,265,0,0,0.3938890258972428
c07,266,0,0,0.4067415336197611
c07,267,0,0,0.47897531982737246
c07,268,0,0,0.41780444784275045
c07,269,0,0,0.3374073986791817
c07,270,0,0,0.45482611390177513
c07,271,0,0,0.4637178094817563
c07,272,0,1,0.5249422862642172
c07,273,0,1,0.5461149991927603
c07,274,0,0,0.41677753742160123
c07,275,0,0,0.410268643930349
c07,276,0,0,0.3999254323539477
c07,277,0,0,0.41932786050786763
c07,278,0,1,0.7269481614565904
c07,279,0,0,0.4121094610874566
c07,280,0,1,0.5235911136162859
c07,281,0,1,0.5018941701002188
c07,282,0,0,0.37158960488517395
c07,283,0,0,0.413662516975014
c07,284,0,0,0.4104641863330489
c07,285,0,0,0.36967232053807497
c07,286,0,1,0.5128173340289534
c07,287,0,0,0.3726449213612659
c07,288,0,1,0.5808419009071291
c07,289,0,0,0.4780734759340284
c07,290,0,0,0.37552397532313675
c07,291,0,0,0.43777594753418086
c07,292,0,0,0.3607180977027536
c07,293,0,0,0.37378571925809506
c07,294,0,0,0.47425773021409157
c07,295,0,1,0.5440804559992015
c07,296,0,0,0.41746615777928114
c07,297,0,1,0.5202149730747889
c07,298,0,0,0.41763972816698697
c07,299,0,0,0.4335949016270776
c07,300,0,0,0.44542320962901133
c07,301,0,0,0.4147346534344034
c07,302,0,0,0.3408466459723934
c07,303,0,0,0.38293792623953316
c07,304,0,0,0.44866721784099
c07,305,0,1,0.5836125238848218
c07,306,0,0,0.480740210362015
c07,307,0,1,0.7336029791053185
c07,308,0,0,0.4934436091517173
c07,309,0,1,0.5140545859996195
c07,310,0,1,0.7136606777065632
c07,311,0,0,0.36556023035353996
c07,312,0,1,0.5330315642114516
c07,313,0,1,0.593931874887852
c07,314,0,1,0.6065680419806552
c07,315,0,1,0.6748121477026296
c07,316,0,1,0.5764866248557123
c07,317,0,1,0.6775309219777169
c07,318,0,1,0.6296570901404989
c07,319,0,0,0.3867606215311652
c07,320,0,1,0.787581217122249
c07,321,0,1,0.7714922516066888
c07,322,0,0,0.4997833217272781
c07,323,0,1,0.5322739941623353
c07,324,0,1,0.6904757430949046
c07,325,0,0,0.3598477567273505
c07,326,0,1,0.5766176117357007
c07,327,0,1,0.5115079312411919
c07,328,0,1,0.5393475577369724
c07,329,0,1,0.567172876717825
c07,330,0,1,0.6994594445818243
c07,331,0,0,0.34619098873306947
c07,332,0,1,0.5315493631045421
c07,333,0,0,0.49794179080261985
c07,334,0,1,0.6091396441749874
c07,335,0,0,0.4506679936720421
c07,336,0,1,0.5240972079065429
c07,337,0,0,0.4388414686592193
c07,338,0,1,0.6218553935880892
c07,339,0,1,0.6741852610670404
c07,340,0,1,0.6452724567689505
c07,341,0,1,0.5359681259460527
c07,342,0,0,0.46942697746102763
c07,343,0,0,0.48766015361826925
c07,344,0,1,0.6359862019927013
c07,345,0,0,0.49242102592922093
c07,346,0,0,0.44496635575104865
c07,347,0,0,0.48046038134106983
c07,348,0,1,0.6514044794713526
c07,349,1,1,0.6915530340971154
c07,350,0,1,0.5998292686005153
c07,351,0,0,0.3417469029661055
c07,352,0,1,0.5164595819393373
c07,353,0,1,0.6525586500504164
c07,354,0,1,0.72967864252961
c07,355,0,0,0.3811621911332731
c07,356,0,0,0.49304300369666587
c07,357,0,1,0.5512464324600262
c07,358,0,1,0.6308564020655133
c07,359,0,0,0.44103560250510343
c07,360,0,0,0.48622467636276123
c07,361,0,0,0.45124314100459434
c07,362,0,0,0.4012222089613153
c07,363,0,1,0.5925203054586099
c07,364,0,0,0.43616245432602646
c07,365,0,0,0.42060959962645267
c07,366,0,0,0.4278339449661593
c07,367,0,0,0.3660366250087066
c07,368,0,0,0.40495117074737824
c07,369,0,1,0.5490206581680702
c07,370,0,0,0.42468387029634924
c07,371,0,0,0.41665166373454243
c07,372,0,0,0.4028974466653427
c07,373,0,1,0.5310202977132759
c07,374,0,0,0.4686931443069317
c07,375,0,1,0.6439142491535422
c07,376,0,0,0.4844710306598369
c07,377,0,0,0.3787276496181276
c07,378,0,0,0.3803044451302459
c07,379,0,0,0.39652828161708226
c07,380,0,0,0.3647631469937056
c07,381,0,0,0.39180568784853
c07,382,0,0,0.4594374281453336
c07,383,0,0,0.37265244079615795
c07,384,0,0,0.4052629945085723
c07,385,0,0,0.3965801573944581
c07,386,0,0,0.4267023044233373
c07,387,0,1,0.5060107273471306
c07,388,0,0,0.38989506091204784
c07,389,0,0,0.22572711926510547
c07,390,0,0,0.47290947768150027
c07,391,0,0,0.4096745095156214
c07,392,0,1,0.5050542299450692
c07,393,0,1,0.5647954781538822
c07,394,0,0,0.45174675758467586
c07,395,0,0,0.462525189165483
c07,396,0,1,0.5391539807077382
c07,397,0,0,0.3652094238384881
c07,398,0,0,0.4247157413782526
c07,399,0,0,0.3714993273320671
c07,400,0,0,0.4911280911036793
c07,401,0,1,0.5507196214297544
c07,402,1,1,0.8068053076254271
c07,403,0,0,0.2717898073255863
c07,404,0,1,0.7944688334006715
c07,405,0,0,0.32173353840424107
c07,406,0,1,0.6956873127870142
c07,407,0,0,0.4469676734953442
c07,408,0,0,0.45326073723845894
c07,409,0,1,0.5536722719536229
c07,410,0,1,0.6113420895859999
c07,411,0,1,0.724498856017956
c07,412,0,1,0.7096444431451465
c07,413,0,1,0.6018181862489771
c07,414,0,1,0.6798556209014921
c07,415,0,1,0.887826170098512
c07,416,1,0,0.4758844160828703
c07,417,0,1,0.5515503965086056
c07,418,0,0,0.3879347755854992
c07,419,0,1,0.5902571868588168
c07,420,0,1,0.7472432328227787
c07,421,0,1,0.7399907215214636
c07,422,0,0,0.4915358132562972
c07,423,0,1,0.6493050493558937
c07,424,0,1,0.7649380495866075
c07,425,0,1,0.8011883232774646
c07,426,0,1,0.6504694627570106
c07,427,0,1,0.5294274841204716
c07,428,0,0,0.31479020636582744
c08,1,0,1,0.6666494196081503
c08,2,0,0,0.29364716701299703
c08,3,0,0,0.24598048617795934
c08,4,0,0,0.3195370405145164
c08,5,0,0,0.28734876321184083
c08,6,0,0,0.3353470064891491
c08,7,0,0,0.18662759436265988
c08,8,0,0,0.38137356070005973
c08,9,0,1,0.7131147816071308
c08,10,0,0,0.3299403905335854
c08,11,0,1,0.7522426800740243
c08,12,0,0,0.4229958054316861
c08,13,0,0,0.3686466180077539
c08,14,0,1,0.6948193484920334
c08,15,0,0,0.47804652219893645
c08,16,0,1,0.5165101550114186
c08,17,0,0,0.3803531060019395
c08,18,0,1,0.573044563660171
c08,19,0,1,0.8403960792958471
c08,20,0,1,0.5357608237193661
c08,21,0,0,0.2930015756509801
c08,22,0,0,0.4910239182542957
c08,23,0,1,0.6322539694737255
c08,24,0,1,0.8057245245597374
c08,25,0,1,0.6592579549902475
c08,26,0,1,0.8832325636708542
c08,27,0,1,0.6716924443283535
c08,28,0,0,0.4504054286609641
c08,29,0,0,0.3911521303197817
c08,30,0,1,0.503432538729311
c08,31,0,1,0.5606646572809667
c08,32,0,1,0.5297010419174674
c08,33,0,1,0.7869461981914999
c08,34,0,1,0.8539185094884665
c08,35,0,1,0.5418602390666859
c08,36,0,0,0.49156420488978647
c08,37,0,0,0.34013644212933825
c08,38,0,0,0.46312173804758433
c08,39,0,1,0.610173310871161
c08,40,0,1,0.578096854563867
c08,41,0,1,0.7553397490482302
c08,42,0,1,0.5319988873166782
c08,43,0,0,0.4198465577180501
c08,44,0,1,0.7525374492603703
c08,45,0,1,0.7330663864103959
c08,46,0,1,0.7710950383736317
c08,47,0,0,0.46696494338445305
c08,48,0,0,0.4941068568543312
c08,49,0,0,0.46918904102319803
c08,50,0,1,0.6126412489509472
c08,51,0,1,0.5931550138568396
c08,52,0,1,0.5076248940417066
c08,53,0,1,0.6589878431381844
c08,54,0,0,0.37107957955711646
c08,55,0,1,0.6600580384186288
c08,56,0,0,0.4766541763036098
c08,57,0,1,0.6427797047273102
c08,58,0,1,0.6037825545431487
c08,59,0,0,0.3270833264389784
c08,60,0,1,0.5960702360315545
c08,61,0,0,0.4892266595334559
c08,62,0,1,0.8128365351983552
c08,63,0,0,0.4539070756018076
c08,64,0,0,0.38161467970760804
c08,65,0,0,0.4884778712924044
c08,66,0,1,0.5905123266659299
c08,67,0,0,0.427545220189107
c08,68,0,1,0.5861401343227083
c08,69,0,1,0.5987504466831557
c08,70,0,1,0.5468634240497554
c08,71,0,1,0.8565594863287526
c08,72,0,1,0.5069131993235015
c08,73,0,1,0.5482513799304086
c08,74,0,1,0.6139152726418877
c08,75,0,1,0.5702286131717359
c08,76,0,1,0.5992590667189656
c08,77,0,1,0.6002139888715405
c08,78,0,0,0.4977509636274349
c08,79,0,0,0.4209294579575395
c08,80,0,1,0.6342633948621333
c08,81,0,0,0.4699899025972647
c08,82,0,1,0.5240436280621239
c08,83,0,1,0.8286092751773932
c08,84,0,0,0.37541022642097216
c08,85,0,0,0.4131447549254199
c08,86,0,0,0.3731661662912267
c08,87,0,0,0.4662769710682472
c08,88,0,1,0.7010351295734006
c08,89,0,0,0.23252871859074847
c08,90,0,1,0.8276964367086708
c08,91,0,0,0.3635061344375296
c08,92,0,1,0.8426456940888856
c08,93,0,1,0.5752403178977082
c08,94,0,0,0.4324955728627914
c08,95,0,1,0.6579294722680945
c08,96,0,1,0.5029610357788943
c08,97,0,0,0.44404319181551866
c08,98,0,0,0.41629216926708124
c08,99,0,0,0.42217814331980813
c08,100,0,1,0.5861501363836951
c08,101,0,1,0.5149665087093106
c08,102,0,1,0.5854126642828404
c08,103,0,0,0.3710096932555634
c08,104,0,0,0.33386794836598804
c08,105,0,0,0.4106328810690165
c08,106,0,0,0.3592474398530526
c08,107,0,0,0.35397976072472
c08,108,0,0,0.34492881080874555
c08,109,0,0,0.3513213719879061
c08,110,0,0,0.361855115454328
c08,111,0,0,0.3791791180110995
c08,112,0,0,0.3460931918210907
c08,113,0,0,0.36279520590898645
c08,114,0,0,0.3851428763658173
c08,115,0,1,0.7621387232456406
c08,116,0,1,0.9332260825224669
c08,117,0,0,0.4858962527462021
c08,118,0,1,0.6956396582110431
c08,119,0,1,0.630589291092755
c08,120,0,1,0.591615771553449
c08,121,0,1,0.5203579799123736
c08,122,0,1,0.6904125819772916
c08,123,0,1,0.5083511339883823
c08,124,0,1,0.5928108748558651
c08,125,0,1,0.672339274505681
c08,126,0,1,0.5268167920722647
c08,127,0,1,0.7813504959596259
c08,128,0,1,0.6922695046298329
c08,129,0,1,0.593788013625636
c08,130,0,1,0.7112889405431351
c08,131,0,0,0.4055649584776761
c08,132,0,1,0.5374346792545479
c08,133,0,0,0.48497319111499254
c08,134,0,0,0.4577280868804703
c08,135,0,1,0.5371626946530819
c08,136,0,1,0.5763891820692078
c08,137,0,0,0.3613308341997352
c08,138,0,0,0.4124098031317317
c08,139,0,0,0.32600993091776875
c08,140,0,0,0.36915815774473404
c08,141,0,0,0.3894632866264538
c08,142,0,0,0.33879811102181256
c08,143,0,0,0.3113365327886185
c08,144,0,0,0.38341299582209437
c08,145,0,0,0.40544771468299856
c08,146,0,1,0.7517955880306377
c08,147,0,0,0.32931218983062827
c08,148,0,0,0.4356430771958914
c08,149,0,1,0.8447612181202646
c08,150,0,0,0.3397869704154157
c08,151,0,1,0.554803562803226
c08,152,0,0,0.4690304519107341
c08,153,0,0,0.3992023614892213
c08,154,0,1,0.5947704116612034
c08,155,0,1,0.5182821889532655
c08,156,0,1,0.6435837367718599
c08,157,0,0,0.46164793144253147
c08,158,0,1,0.5851819113849106
c08,159,0,1,0.5988700244697096
c08,160,0,1,0.6107354721745312
c08,161,0,1,0.6425872050056136
c08,162,0,0,0.49653746818077976
c08,163,0,0,0.39268819816997536
c08,164,0,0,0.419481583308852
c08,165,0,1,0.6142817661721737
c08,166,0,1,0.7055639737015114
c08,167,0,0,0.2765058818481097
c08,168,0,1,0.7682200100669895
c08,169,0,1,0.5196601767234655
c08,170,0,0,0.4799886695136266
c08,171,0,0,0.4831928416463668
c08,172,0,1,0.7293083419928379
c08,173,0,0,0.47897499900822155
c08,174,0,1,0.5457904047089319
c08,175,0,0,0.4658086346332712
c08,176,0,1,0.6209062669980423
c08,177,0,1,0.7231315275896407
c08,178,0,0,0.3385723624232443
c08,179,0,0,0.44882943503308204
c08,180,0,0,0.3610926044400077
c08,181,0,0,0.3308092974850127
c08,182,0,0,0.3551830580203269
c08,183,0,0,0.4222317748915213
c08,184,0,0,0.33165356226516696
c08,185,0,0,0.32513703503949754
c08,186,0,0,0.38571687593553705
c08,187,0,0,0.3265777441573005
c08,188,0,0,0.3477099726182248
c08,189,0,0,0.4098326898146234
c08,190,0,0,0.32366601884029805
c08,191,0,0,0.3054178167040402
c08,192,0,0,0.34419856134207377
c08,193,0,0,0.4092683035634739
c08,194,0,0,0.3330512521884272
c08,195,0,0,0.30422059378772326
c08,196,0,0,0.35239024401230823
c08,197,0,0,0.4152647206073527
c08,198,0,0,0.3295527664964308
c08,199,0,0,0.36816018182827687
c08,200,0,0,0.317313618893865
c08,201,0,0,0.28825076129070815
c08,202,0,0,0.33092053650232767
c08,203,0,1,0.5972947450690277
c08,204,0,1,0.6936189575095574
c08,205,0,0,0.4311747219667752
c08,206,0,1,0.5620495830099466
c08,207,0,1,0.5515707445836581
c08,208,0,0,0.4616836953168854
c08,209,0,1,0.6845698322399985
c08,210,0,1,0.6924464876871977
c08,211,0,0,0.40276045731749494
c08,212,0,1,0.5271670203223068
c08,213,0,0,0.3105639800891018
c08,214,0,1,0.5652102686141468
c08,215,0,1,0.8944990299792646
c08,216,0,1,0.8427968776142789
c08,217,0,1,0.8144874577424341
c08,218,0,1,0.6378828090098231
c08,219,0,0,0.48015412668370644
c08,220,0,1,0.742278328319436
c08,221,0,0,0.4361811697050912
c08,222,0,1,0.6978437056028579
c08,223,0,1,0.5102447103252642
c08,224,0,1,0.8996591520597885
c08,225,0,1,0.6511315664097037
c08,226,0,1,0.5913217448884103
c08,227,0,1,0.8707688009667215
c08,228,0,1,0.5378569057779359
c08,229,0,1,0.9235999845031517
c08,230,0,1,0.5661616263979287
c08,231,0,1,0.7390947888917259
c08,232,0,0,0.3875927431495619
c08,233,0,1,0.8273490103616683
c08,234,0,1,0.8948867674979301
c08,235,0,1,0.8636433176363488
c08,236,0,1,0.8129016839078059
c08,237,0,1,0.7182261252665147
c08,238,0,1,0.6873593647106973
c08,239,0,1,0.6521783380002194
c08,240,0,1,0.6271092810617818
c08,241,0,0,0.4581252379451532
c08,242,0,0,0.49598627955996555
c08,243,0,1,0.8914263657891083
c08,244,0,1,0.7491914473410201
c08,245,0,1,0.5068591635585918
c08,246,0,1,0.6781393858276905
c08,247,0,0,0.2803632107518811
c08,248,0,1,0.609933403031009
c08,249,0,0,0.4333356941986009
c08,250,0,1,0.8923337112728577
c08,251,0,1,0.6672928819166487
c08,252,0,1,0.6685590102415505
c08,253,0,1,0.9083797939765904
c08,254,0,0,0.4755876583419467
c08,255,0,0,0.2865263091485211
c08,256,0,0,0.34951429724107513
c08,257,0,1,0.6086954740302287
c08,258,0,0,0.427005237033378
c08,259,0,1,0.793882512976817
c08,260,0,0,0.3892409498397977
c08,261,0,1,0.867847337649096
c08,262,0,0,0.36765445250743023
c08,263,0,1,0.9328781383390211
c08,264,0,1,0.6511748420859074
c08,265,0,0,0.3563730930317808
c08,266,0,1,0.9048765991553585
c08,267,0,1,0.6154246922873547
c08,268,0,1,0.6190406426885912
c08,269,0,1,0.614220774170359
c08,270,0,0,0.4763218512595523
c08,271,0,1,0.6142523499302179
c08,272,0,1,0.6949715068511703
c08,273,0,0,0.441428061834388
c08,274,0,1,0.6120553313166608
c08,275,0,1,0.6729106331649777
c08,276,0,1,0.6660941662173859
c08,277,0,1,0.7070275920060726
c08,278,0,1,0.6896293554099102
c08,279,0,1,0.7139904521257088
c08,280,0,0,0.3895850004712585
c08,281,0,1,0.6836244069250555
c08,282,0,0,0.4617123654839578
c08,283,0,0,0.4833817582669816
c08,284,0,0,0.35365970133199665
c08,285,0,1,0.6116399271149731
c08,286,0,1,0.674349493068821
c08,287,0,1,0.7108097465348819
c08,288,0,0,0.4815357054816761
c08,289,0,0,0.4258289207372929
c08,290,0,1,0.5203544153142364
c08,291,0,0,0.28909393216757157
c08,292,0,0,0.36583527878927913
c08,293,0,1,0.6571393641547068
c08,294,0,0,0.4459145442588687
c08,295,0,1,0.5469917920975097
c08,296,0,1,0.6549658802238775
c08,297,0,1,0.5681981984414127
c08,298,0,1,0.5377416035897784
c08,299,0,0,0.44672556696114557
c08,300,0,1,0.5908086600381219
c08,301,0,0,0.41945845329383297
c08,302,0,0,0.3567912237208395
c08,303,0,0,0.37647922042589005
c08,304,0,1,0.6279134880834245
c08,305,0,1,0.5408430107742188
c08,306,0,0,0.3494459501861156
c08,307,0,0,0.39141186562449576
c08,308,0,1,0.5141458469693776
c08,309,0,0,0.4932559765647049
c08,310,0,1,0.7754082590162542
c08,311,0,0,0.4769347567443546
c08,312,0,1,0.534589963016627
c08,313,0,0,0.2747127154412436
c08,314,0,1,0.695384099958091
c08,315,0,0,0.3993782451312722
c08,316,0,0,0.3481135701233397
c08,317,0,0,0.4405428400660564
c08,318,0,0,0.40819291515370193
c08,319,0,0,0.22896059963887752
c08,320,0,0,0.3559103104383779
c08,321,0,1,0.5449998376493709
c08,322,0,0,0.3365990040809313
c08,323,0,0,0.2041514524918315
c08,324,0,0,0.3010363028119465
c08,325,0,1,0.5401458397027576
c08,326,0,0,0.34583458532272043
c08,327,0,0,0.4877088796495778
c08,328,0,0,0.3188194859737323
c08,329,0,0,0.3515366215711637
c08,330,0,0,0.4386176109760253
c08,331,0,0,0.34951106053334013
c08,332,0,0,0.44158996340158585
c08,333,0,0,0.46055100534984006
c08,334,0,0,0.4438489173637487
c08,335,0,0,0.44806736513104384
c08,336,0,0,0.4898268731295954
c08,337,0,1,0.8351515787375522
c08,338,0,1,0.8896992897458046
c08,339,0,1,0.5542699917044243
c08,340,0,0,0.3703404862980343
c08,341,0,0,0.2769278543832636
c08,342,0,0,0.24337004302062976
c08,343,0,1,0.9539193476649047
c08,344,0,0,0.4600373908285784
c08,345,0,0,0.4454308472027526
c08,346,0,0,0.40049003304371783
c08,347,0,0,0.4465341433509091
c08,348,0,0,0.3199563833713814
c08,349,0,0,0.40943821835229177
c08,350,0,1,0.5808111431779022
c08,351,0,0,0.2725936637660522
c08,352,0,0,0.28620797345452326
c08,353,0,1,0.766427920407049
c08,354,0,0,0.303651083097508
c08,355,0,1,0.5559558854841711
c08,356,0,0,0.3871962726951176
c08,357,0,0,0.277754187957107
c08,358,0,0,0.3711722448474594
c08,359,0,1,0.6920619964780116
c08,360,0,1,0.5100231910294323
c08,361,0,0,0.3460367673895977
c08,362,0,0,0.3820139218446891
c08,363,0,0,0.39025224517037
c08,364,0,1,0.8550004994077505
c08,365,0,1,0.544838533047539
c08,366,0,1,0.9282853041008571
c08,367,0,0,0.2831270733755337
c08,368,0,1,0.55111695034372
c08,369,0,0,0.4432256879657049
c08,370,0,1,0.8300140969667058
c08,371,0,1,0.595600902323499
c08,372,0,1,0.8010647684912537
c08,373,0,1,0.7337278279027676
c08,374,0,1,0.5014210901480824
c08,375,0,1,0.7831647372129337
c08,376,0,1,0.7556010398123866
c08,377,0,1,0.6753384773819657
c08,378,0,1,0.6878879072720548
c08,379,0,1,0.7419950487014815
c08,380,0,1,0.5928270514715087
c08,381,0,0,0.43268261722290635
c08,382,0,1,0.7026960559714444
c08,383,0,1,0.6704828187111622
c08,384,0,1,0.6732367853703901
c08,385,0,1,0.6615518758429847
c08,386,0,1,0.6771865281300009
c08,387,0,1,0.5946990227489964
c08,388,0,1,0.6216309593290714
c08,389,0,1,0.5785588931949868
c08,390,0,0,0.44952947526127857
c08,391,0,1,0.5504366072691138
c08,392,0,0,0.4717536179404861
c08,393,0,1,0.5022010769032195
c08,394,0,0,0.37924985852208026
c08,395,0,0,0.3596022036245017
c08,396,0,0,0.3534779695169373
c08,397,0,0,0.4936055601133232
c08,398,0,0,0.3173305952053705
c08,399,0,0,0.34186756571171745
c08,400,0,0,0.23293566338397154
c08,401,0,0,0.4198580219536007
c08,402,0,0,0.3033622418260642
c08,403,0,0,0.3012495537370475
c08,404,0,0,0.39879576045010184
c08,405,0,0,0.33020839606342994
c08,406,0,0,0.26128232740842483
c08,407,0,0,0.33844148017434816
c08,408,0,1,0.9050885539116981
c08,409,0,0,0.15031047496886082
c08,410,0,0,0.3196532887728597
c08,411,0,0,0.28732788654007746
c08,412,0,0,0.25398852643191994
c08,413,0,0,0.27739698939741975
c08,414,0,0,0.26048467942935233
c08,415,0,1,0.896496180380068
c08,416,0,1,0.561904836793238
c08,417,0,0,0.06006699870468024
c08,418,0,0,0.36036017507536583
c08,419,0,0,0.21126840762822297
c08,420,0,0,0.10138282166748194
c08,421,0,0,0.0892553160639558
c08,422,0,0,0.10998434104710035
c08,423,0,0,0.07377130874491748
c08,424,0,0,0.06413743769797854
c08,425,0,0,0.08033056226226479
c08,426,0,0,0.09268731586202543
c08,427,0,0,0.06731890330036903
c08,428,0,0,0.06991069177515423
c08,429,0,0,0.12383776440636177
c08,430,0,0,0.1272109561656477
c08,431,0,0,0.10529778009827946
c08,432,0,0,0.10011943031160606
c08,433,0,0,0.09155790908123698
c08,434,0,0,0.07351250585459689
c08,435,0,0,0.06153213824323289
c08,436,0,0,0.12513915868039233
c08,437,0,0,0.05756008764640512
c08,438,0,1,0.7743133959179316
c08,439,0,1,0.9224516811718392
c08,440,0,0,0.060215861411278826
c08,441,0,0,0.19663883795939527
c08,442,0,0,0.18167698321126344
c08,443,0,0,0.20851568603328247
c08,444,0,0,0.1234774964684934
c08,445,0,0,0.17880411208570637
c08,446,0,0,0.1344815583343222
c08,447,0,0,0.1349158359000738
c08,448,0,0,0.1372521788146468
c08,449,0,0,0.13147185124392932
c08,450,0,0,0.18538019738162823
c08,451,0,0,0.12793662199549233
c08,452,0,0,0.1320148321186805
c08,453,0,0,0.10185904776981565
c08,454,0,0,0.1508526284909588
c08,455,0,0,0.13255476674744274
c08,456,0,0,0.12453613374012924
c08,457,0,1,0.8289831612486478
c08,458,0,0,0.10133805217404496
c08,459,0,0,0.11089203535525971
c08,460,0,0,0.08188363530234578
c08,461,0,0,0.06955391984503587
c08,462,0,0,0.08979757538177881
c08,463,0,0,0.06292179997634481
c08,464,0,0,0.05734587079147431
c08,465,0,0,0.10544169886932668
c08,466,0,0,0.06307197462308922
c08,467,0,0,0.06646239892589142
c08,468,0,1,0.6504630307284985
c08,469,0,1,0.5323318628515497
c08,470,0,1,0.6044821160195756
c08,471,0,0,0.32510049270321856
c08,472,0,1,0.6260318874651996
c08,473,0,0,0.1882873570203997
c08,474,0,1,0.5847097325786274
c08,475,0,1,0.6377099109500524
c08,476,0,0,0.48935063982843824
c08,477,0,1,0.7067620908207843
c08,478,0,1,0.7832753479475193
c08,479,0,0,0.467144716953367
c08,480,0,0,0.439250837580687
c08,481,0,0,0.48697176801382586
c08,482,0,1,0.8087991019350135
c08,483,0,0,0.1564020629903915
c08,484,0,0,0.34388977542065374
c08,485,0,1,0.6422232883211443
c08,486,0,1,0.6589082211434093
c08,487,0,0,0.47451447811364345
c08,488,0,0,0.39208634192378533
c08,489,0,0,0.39387492973815863
c08,490,0,0,0.42919177946782094
c08,491,0,0,0.27072798878862886
c08,492,0,1,0.9138054624640772
c08,493,0,0,0.2446772342182554
c08,494,0,1,0.5935381797601931
c08,495,0,0,0.1889743615696978
c08,496,0,0,0.2450577197990949
c08,497,0,0,0.2380076390934536
c08,498,0,0,0.13764582819858995
c08,499,0,0,0.31989242477246166
c08,500,0,0,0.09313192368072612
c08,501,0,0,0.23880507252025995
c08,502,0,1,0.8079463866885479
c08,503,0,1,0.6972533699713503
c08,504,0,0,0.11805846305432503
c08,505,0,1,0.8002345907977344
c08,506,0,0,0.27633113850481655
c08,507,0,1,0.889930545995379
c08,508,0,1,0.7061890844169236
c08,509,0,1,0.7650921279449826
c08,510,0,1,0.8021050528471324
c08,511,0,1,0.608565357476478
c08,512,0,1,0.6867825793062069
c09,13,0,1,0.5501755285740303
c09,14,0,1,0.5160039238176226
c09,15,0,0,0.49294696230894247
c09,16,0,1,0.5030948863304933
c09,17,0,0,0.35959101206798244
c09,18,0,0,0.42934394049749525
c09,19,0,0,0.426298866386532
c09,20,0,1,0.6129378993832897
c09,21,0,0,0.49790739839256043
c09,22,0,0,0.45201276670535323
c09,23,0,0,0.43009013859895695
c09,24,0,1,0.6994095739904086
c09,25,0,0,0.48857272691188086
c09,26,0,1,0.5312944126246815
c09,27,0,1,0.7540123668722418
c09,28,0,1,0.6076407868180774
c09,29,0,0,0.41802207118891244
c09,30,0,1,0.6213596952940643
c09,31,0,1,0.5981532626074662
c09,32,1,0,0.49643385199714235
c09,33,0,0,0.461902968326348
c09,34,0,1,0.520113983809539
c09,35,1,0,0.2541924181098464
c09,36,0,0,0.3940335219122148
c09,37,0,0,0.47467829788808935
c09,38,0,0,0.46731588563550663
c09,39,0,1,0.5322776734338592
c09,40,0,1,0.5596454582716374
c09,41,0,0,0.4019760047033579
c09,42,0,0,0.45642336014695456
c09,43,0,0,0.36806230284689917
c09,44,0,1,0.5536677235273597
c09,45,0,0,0.47860607174423203
c09,46,0,0,0.3979008553806919
c09,47,0,0,0.4256422362806045
c09,48,0,0,0.4843185285042637
c09,49,0,0,0.35836516495163295
c09,50,0,0,0.46141630004562434
c09,51,0,0,0.3938440124307839
c09,52,0,1,0.5197724975855975
c09,53,0,0,0.3966142323401713
c09,54,0,0,0.4696220210374167
c09,55,0,0,0.3742408116995424
c09,56,0,0,0.3839881448080249
c09,57,0,0,0.43395379100482623
c09,58,0,0,0.3911524168721048
c09,59,0,0,0.3999299698776353
c09,60,0,0,0.39890689643359667
c09,61,0,0,0.3668098700573849
c09,62,0,1,0.5291611174061841
c09,63,0,0,0.37302223342975815
c09,64,0,0,0.4225738171286438
c09,65,0,0,0.49917767321614376
c09,66,0,1,0.7801449831707673
c09,67,0,0,0.45934176443087993
c09,68,0,0,0.4270110759647569
c09,69,0,0,0.433153263821231
c09,70,0,0,0.3977062628055703
c09,71,0,0,0.3423743181143266
c09,72,0,0,0.44625364470569545
c09,73,0,0,0.40881669931488945
c09,74,0,0,0.36716830846096854
c09,75,0,0,0.45964972944376986
c09,76,0,1,0.575668260601853
c09,77,0,0,0.36853940614870834
c09,78,0,0,0.46261674999527524
c09,79,0,0,0.39119019284358586
c09,80,0,1,0.5068576107393318
c09,81,0,1,0.5193167904900557
c09,82,0,0,0.4344940554051819
c09,83,0,0,0.34146107952223986
c09,84,0,0,0.33833810598037317
c09,85,0,0,0.4634608717995307
c09,86,0,0,0.44209936662703087
c09,87,0,0,0.43607064228703907
c09,88,0,0,0.38830094198222015
c09,89,0,0,0.30877996454948814
c09,90,0,0,0.3802800985954365
c09,91,0,0,0.3533610072823704
c09,92,0,1,0.5027832529661588
c09,93,0,0,0.35463541977872703
c09,94,0,1,0.706889416555122
c09,95,0,0,0.32081047275483
c09,96,0,1,0.8201852078462385
c09,97,0,1,0.8385941125260556
c09,98,0,0,0.4689333949715139
c09,99,0,1,0.6062629470396884
c09,100,0,0,0.3569197838066008
c09,101,0,0,0.48951566142022407
c09,102,0,1,0.528255151763341
c09,103,0,0,0.3784156309161395
c09,104,0,0,0.36626043147773424
c09,105,0,0,0.43029221379829863
c09,106,0,1,0.5685996526503542
c09,107,0,0,0.39833259133779375
c09,108,0,1,0.5161813079742141
c09,109,0,0,0.43496364515116914
c09,110,0,0,0.4165549790037644
c09,111,0,0,0.4014199497944428
c09,112,0,0,0.4050767524390801
c09,113,0,0,0.4808225376364215
c09,114,0,0,0.4615999181758496
c09,115,0,0,0.47283616391569583
c09,116,0,0,0.45757217044266035
c09,117,0,0,0.4227084687053644
c09,118,0,0,0.3934991379535606
c09,119,0,0,0.46504527044896615
c09,120,0,0,0.46943550585908417
c09,121,0,0,0.4071662109244219
c09,122,0,1,0.5373409748168266
c09,123,0,1,0.5472189845730391
c09,124,0,0,0.30347444963780484
c09,125,0,0,0.4122900809597992
c09,126,0,0,0.45995944015574725
c09,127,0,0,0.4409756720936625
c09,128,0,0,0.390386522968684
c09,129,0,0,0.383634959977301
c09,130,0,0,0.4498803869551576
c09,131,0,0,0.40720938450500993
c09,132,0,0,0.3918782181082311
c09,133,0,0,0.4704317580714497
c09,134,0,0,0.4527240276818858
c09,135,0,1,0.6758331061382308
c09,136,0,0,0.29379495086337337
c09,137,0,0,0.39360277898140145
c09,138,0,0,0.2878526055214211
c09,139,0,0,0.39018889262737483
c09,140,0,0,0.4136066735117659
c09,141,0,0,0.3779715609253228
c09,142,0,0,0.34037274000805096
c09,143,0,0,0.4023783593914381
c09,144,0,0,0.3669807330921216
c09,145,0,0,0.34022795407585044
c09,146,0,0,0.37616395061167124
c09,147,0,0,0.3189792940221816
c09,148,0,0,0.37911147327752337
c09,149,0,0,0.31034133199230635
c09,150,0,0,0.30761061463677086
c09,151,0,0,0.3535935760470303
c09,152,0,0,0.24484011520230928
c09,153,0,0,0.27667844022749866
c09,154,0,0,0.25446730944231966
c09,155,0,0,0.22997803717867
c09,156,0,0,0.2499392966980841
c09,157,0,0,0.3140107320263595
c09,158,0,0,0.3280287982315345
c09,159,0,0,0.248610066081178
c09,160,0,0,0.2542824947322364
c09,161,0,0,0.2076261454526608
c09,162,0,0,0.19737886639965174
c09,163,0,0,0.22502900570236528
c09,164,0,0,0.2135942067895203
c09,165,0,0,0.33082146887898983
c09,166,0,0,0.2832946691244991
c09,167,0,0,0.28897314650217376
c09,168,0,0,0.28932538725089085
c09,169,0,0,0.3786349214449312
c09,170,0,0,0.35404629499017554
c09,171,0,0,0.42437020323396313
c09,172,0,0,0.41458077874897215
c09,173,0,1,0.7486001245479983
c09,174,0,1,0.5515752163143142
c09,175,0,0,0.4408992606850845
c09,176,0,0,0.4632251508154262
c09,177,0,0,0.45574778238203445
c09,178,0,0,0.38388948806131734
c09,179,0,0,0.4531070497380349
c09,180,0,0,0.3670769842076277
c09,181,0,0,0.3566322469551573
c09,182,0,0,0.3720187354484683
c09,183,0,0,0.3634262181220586
c09,184,0,0,0.3648662974552413
c09,185,0,1,0.5381139286797012
c09,186,0,0,0.34433315133453346
c09,187,0,0,0.44408807305652526
c09,188,0,0,0.45550217413368776
c09,189,0,0,0.42523295917608006
c09,190,0,0,0.4099487292041235
c09,191,0,0,0.4710345857240349
c09,192,0,0,0.38525343520991545
c09,193,0,0,0.3574988522420079
c09,194,0,0,0.40608197325398654
c09,195,0,1,0.7796682676583606
c09,196,0,1,0.8006403570257594
c09,197,0,1,0.582547032114224
c09,198,0,1,0.6219727197698096
c09,199,0,0,0.45816110089209533
c09,200,0,0,0.43665398948924317
c09,201,0,0,0.4627833702462512
c09,202,0,0,0.3707062508911546
c09,203,0,0,0.47940879755715865
c09,204,0,1,0.5027087362296688
c09,205,0,0,0.33793377944983416
c09,206,0,0,0.46636583845558516
c09,207,0,1,0.860852300953036
c09,208,0,1,0.6269863234007157
c09,209,0,1,0.8804261339010845
c09,210,0,0,0.2892177921231353
c09,211,0,0,0.27676539651623644
c09,212,0,1,0.5136162403125458
c09,213,0,0,0.4052366028100695
c09,214,0,0,0.4766624335162821
c09,215,0,0,0.46684562802459445
c09,216,0,1,0.7994995369200065
c09,217,0,0,0.2634680590883919
c09,218,0,0,0.4170375631320188
c09,219,0,0,0.33876139837157626
c09,220,0,0,0.3362469152537806
c09,221,0,0,0.38593998897620707
c09,222,0,0,0.39112066420860975
c09,223,0,0,0.3611077025320714
c09,224,0,1,0.6306018311636516
c09,225,0,1,0.8511791193143513
c09,226,0,0,0.4054523422568502
c09,227,0,0,0.3642403910122685
c09,228,0,0,0.38165201014696043
c09,229,0,0,0.38864914636449294
c09,230,0,0,0.36611234082103145
c09,231,0,0,0.3485844244840457
c09,232,0,0,0.423266757233635
c09,233,0,0,0.4754740446595067
c09,234,0,0,0.3654949111937929
c09,235,0,0,0.3647105650773912
c09,236,0,0,0.35687155464300546
c09,237,0,0,0.37710354941378277
c09,238,0,0,0.3573760148285274
c09,239,0,0,0.3784892177563488
c09,240,0,0,0.3713370892395831
c09,241,0,0,0.36290563559400835
c09,242,0,0,0.3673038290337468
c09,243,0,0,0.3949741298725293
c09,244,0,0,0.38394455402531474
c09,245,0,0,0.33938055700647735
c09,246,0,0,0.33504454520379784
c09,247,0,0,0.3439871832411991
c09,248,0,0,0.32622607012870214
c09,249,0,0,0.37227139834182327
c09,250,0,0,0.3820126329607884
c09,251,0,0,0.3516913187135796
c09,252,0,0,0.3984670291367031
c09,253,0,0,0.35864571450252847
c09,254,0,0,0.4321306900322323
c09,255,0,0,0.4471031406941441
c09,256,0,0,0.4014122561529724
c09,257,0,0,0.37913292193442216
c09,258,0,0,0.3331190235936667
c09,259,0,0,0.39672289471677974
c09,260,0,0,0.3656542211336189
c09,261,0,0,0.37252698379510635
c09,262,0,0,0.38351192398980816
c09,263,0,0,0.3573386443410552
c09,264,0,0,0.3437232318523036
c09,265,0,0,0.36478691240110545
c09,266,0,0,0.392836248407021
c09,267,0,1,0.7179487910978732
c09,268,0,1,0.8277391821210028
c09,269,0,0,0.436126771738876
c09,270,0,0,0.3944093677423368
c09,271,0,0,0.40311115437100814
c09,272,0,0,0.4750973408118
c09,273,0,0,0.48425435952216334
c09,274,0,0,0.42619443310967603
c09,275,0,0,0.45243067874328663
c09,276,0,0,0.41176944028071627
c09,277,0,0,0.3551266495157555
c09,278,0,0,0.3764746680293615
c09,279,0,0,0.41383563587086813
c09,280,0,0,0.4131274906378165
c09,281,0,0,0.3735174532685086
c09,282,0,0,0.4093949681477247
c09,283,0,0,0.3818202845596407
c09,284,0,0,0.3634275499250927
c09,285,0,0,0.33816659258422316
c09,286,0,0,0.3507509609840825
c09,287,0,0,0.41884246148179166
c09,288,0,0,0.36337414791400474
c09,289,0,0,0.37904968411863155
c09,290,0,0,0.3850518775639043
c09,291,0,0,0.36277880767610193
c09,292,0,0,0.3820664892235254
c09,293,0,0,0.33073304415848576
c09,294,0,0,0.3770660335445744
c09,295,0,0,0.38901679768099295
c09,296,0,0,0.39881799031137327
c09,297,0,0,0.45884551887926484
c09,298,0,0,0.3854934470463933
c09,299,0,0,0.39801806807483336
c09,300,0,0,0.4086473215689904
c09,301,0,0,0.44023227895665895
c09,302,0,0,0.37573180434860076
c09,303,0,0,0.35570654362487153
c09,304,0,0,0.3846637069295161
c09,305,0,0,0.44004450904814263
c09,306,0,1,0.5288165394855467
c09,307,0,0,0.49362993566847474
c09,308,0,0,0.44260654395495813
c09,309,0,0,0.33815174416258703
c09,310,0,0,0.47254554058006837
c09,311,0,1,0.5869944293791065
c09,312,0,1,0.5933478979550137
c09,313,0,0,0.28495432550134525
c09,314,0,0,0.4601228981598526
c09,315,0,1,0.7266665952654485
c09,316,0,1,0.5253709920380543
c09,317,0,0,0.40330333256273526
c09,318,0,0,0.3513395725812986
c09,319,0,0,0.42285828381719837
c09,320,0,0,0.3775523750606173
c09,321,0,0,0.43484527939641937
c09,322,0,0,0.38711793648669746
c09,323,0,0,0.40550486984578676
c09,324,0,1,0.5328962927063862
c09,325,0,0,0.36917596622416227
c09,326,0,0,0.41333962136442337
c09,327,0,0,0.4069238282916102
c09,328,0,0,0.3882843096851885
c09,329,0,0,0.38740891806820527
c09,330,0,0,0.37139059651802064
c09,331,0,0,0.38404252506549647
c09,332,0,0,0.37892669044809585
c09,333,0,0,0.3519687904154327
c09,334,0,0,0.37039104666618017
c09,335,0,0,0.3901861906894352
c09,336,0,0,0.399513355005382
c09,337,0,0,0.38139575884987187
c09,338,0,0,0.3588259845628493
c09,339,0,0,0.37962140529670935
c09,340,0,0,0.33673910369959925
c09,341,0,0,0.32907202376049816
c09,342,0,0,0.34194324334994464
c09,343,0,0,0.3675872459631941
c09,344,0,0,0.3978882234632023
c09,345,0,0,0.364065473442045
c09,346,0,0,0.4025167389386641
c09,347,0,0,0.38020756190285365
c09,348,0,0,0.3513699385467225
c09,349,0,0,0.38183855814434575
c09,350,0,0,0.41344206847629783
c09,351,0,0,0.41052308512573105
c09,352,0,0,0.36598198174962027
c09,353,0,0,0.34947842482482394
c09,354,0,0,0.3411457686688968
c09,355,0,0,0.37771381439317425
c09,356,0,0,0.37190282405016345
c09,357,0,0,0.36742757277480337
c09,358,0,0,0.37861177941196683
c09,359,0,0,0.43316955173615695
c09,360,0,0,0.3997259891823169
c09,361,0,0,0.3723007072302889
c09,362,0,0,0.3604106394469817
c09,363,0,0,0.3686302692313381
c09,364,0,0,0.3833924581890745
c09,365,0,0,0.37863544703343743
c09,366,0,0,0.3824260967639923
c09,367,0,0,0.42816917153079354
c09,368,0,0,0.3237932596507364
c09,369,0,0,0.32858838233543947
c09,370,0,1,0.7181987668358333
c09,371,0,0,0.33416042989154426
c09,372,0,0,0.42552495621542175
c09,373,0,0,0.42060274484540205
c09,374,0,0,0.371474423942405
c09,375,0,1,0.5672617615320606
c09,376,0,1,0.7916548385870775
c09,377,0,0,0.45443540867553595
c09,378,0,0,0.3806755142135533
c09,379,0,0,0.42242479974037717
c09,380,0,0,0.384115739972341
c09,381,0,0,0.3725744312627209
c09,382,0,0,0.33155279638303864
c09,383,0,0,0.36521907863901915
c09,384,0,0,0.37097291068896887
c09,385,0,0,0.42989011054751525
c09,386,0,0,0.3706103227271707
c09,387,0,1,0.5605572792644743
c09,388,0,1,0.5598150315965452
c09,389,0,0,0.3686565191287021
c09,390,0,1,0.5188308139491373
c09,391,0,0,0.47708294350622993
c09,392,0,0,0.38903364370539867
c09,393,0,0,0.3770981099711682
c09,394,0,0,0.4734116428613003
c09,395,0,0,0.46979496802689014
c09,396,0,1,0.7366820178525884
c09,397,0,1,0.9122956631120894
c09,398,0,0,0.2908495601939328
c09,399,0,0,0.3906292740916445
c09,400,0,0,0.43135452595473966
c09,401,0,0,0.4340938223035313
c09,402,0,0,0.35931743137750494
c09,403,0,0,0.337329191688539
c09,404,0,0,0.34686539488860385
c09,405,0,0,0.35027794526726724
c09,406,0,0,0.3392189800795557
c09,407,0,0,0.31406004258805476
c09,408,0,0,0.3379796500691153
c09,409,0,0,0.37698371758485705
c09,410,0,0,0.362943169584321
c09,411,0,0,0.3255311301820506
c09,412,0,0,0.3746952658233897
c09,413,0,0,0.3295884909178871
c09,414,0,0,0.31657392825363484
c09,415,0,0,0.3269000840751354
c09,416,0,0,0.3757419626696834
c09,417,0,0,0.34110992978529797
c09,418,0,0,0.390979777722884
c09,419,0,0,0.3124992237940332
c09,420,0,0,0.33324849004703483
c09,421,0,0,0.3313976091759261
c09,422,0,0,0.3088758736245569
c09,423,0,0,0.32684539845948135
c09,424,0,0,0.39667261753987926
c09,425,0,0,0.3258072416152635
c09,426,0,0,0.3221594179512501
c09,427,0,0,0.3186614651657351
c09,428,0,0,0.33705131471550753
c09,429,0,0,0.32359959787786213
c09,430,0,0,0.3514913580109327
c09,431,0,0,0.3595224881012341
c09,432,0,0,0.3412073039313332
c09,433,0,0,0.3178373147563924
c09,434,0,0,0.29770628994635745
c09,435,0,0,0.36354920863587825
c09,436,0,0,0.45856647491927477
c09,437,0,0,0.4037655107928113
c09,438,0,0,0.33538640920304064
c09,439,0,0,0.38243405750339277
c09,440,0,1,0.7024817030188129
c09,441,0,0,0.21835495405113825
c09,442,0,0,0.24804716159157644
c09,443,0,1,0.531369784261144
c09,444,0,0,0.37860483969710074
c09,445,0,0,0.3928490858225302
c09,446,0,1,0.5354842037343056
c09,447,0,0,0.4785220508781441
c09,448,0,1,0.8609404842204271
c09,449,0,0,0.22487083393472931
c09,450,0,0,0.38085245479637675
c09,451,0,0,0.3751380250342082
c09,452,0,1,0.7590205547293507
c09,453,0,1,0.8887569277685812
c09,454,0,0,0.3521132327210597
c09,455,0,0,0.4339143951075605
c09,456,0,1,0.8594439279551621
c09,457,0,1,0.540034544062946
c09,458,0,0,0.36308641873237174
c09,459,0,0,0.4139831161163076
c09,460,0,1,0.8474820173096429
c09,461,0,0,0.3017982946895544
c09,462,0,0,0.4496337716078074
c09,463,0,1,0.8377793097276237
c09,464,0,0,0.3550386127385704
c09,465,0,1,0.5811615182887265
c09,466,0,0,0.3036355300230392
c09,467,0,1,0.6024731179992601
c10,5,0,0,5.717659572594821e-07
c10,9,0,0,7.545136112852725e-53
c10,10,0,0,9.268924244964733e-13
c10,11,0,1,0.5543706923372429
c10,12,0,0,0.3058591117534908
c10,13,0,1,0.7290564045884981
c10,14,0,0,0.44646004341378087
c10,15,0,1,0.681098866029171
c10,16,0,1,0.6462519792189222
c10,17,0,1,0.6525049320771128
c10,18,0,1,0.8455536102596254
c10,19,0,1,0.6666365580628852
c10,20,0,1,0.8846201978784991
c10,21,0,0,0.3530812753947942
c10,22,0,0,0.39269251031083546
c10,23,0,0,0.2990315466920936
c10,24,0,0,0.2928400525746582
c10,25,0,1,0.7944522320610825
c10,26,0,0,0.25559439545350526
c10,27,0,0,0.4040037530492118
c10,28,0,0,0.39670823064967464
c10,29,0,0,0.39540231880889576
c10,30,0,0,0.35683741518249573
c10,31,0,1,0.822060392521008
c10,32,0,1,0.6773037684633562
c10,33,0,0,0.333708855357844
c10,34,0,1,0.5462402831297604
c10,35,0,0,0.24455196652767422
c10,36,0,0,0.26884252335002684
c10,37,0,0,0.2578739408747847
c10,38,0,0,0.3982870759533239
c10,39,0,1,0.5453551848337965
c10,40,0,1,0.704159149678143
c10,41,0,0,0.352614695066619
c10,42,0,0,0.2638779606974466
c10,43,0,0,0.333051515133873
c10,44,0,0,0.4758195657904586
c10,45,0,0,0.3262329358557474
c10,46,0,0,0.3228765007821235
c10,47,0,0,0.34712441154285056
c10,48,0,0,0.38271818300200655
c10,49,0,0,0.3161863836868751
c10,50,0,0,0.28354433353504077
c10,51,0,0,0.26975329661967606
c10,52,0,0,0.24166794553779306
c10,53,0,0,0.2535414785086945
c10,54,0,0,0.2960755234564333
c10,55,0,0,0.2756763151439703
c10,56,0,0,0.2758877669285471
c10,57,0,0,0.295034181461055
c10,58,0,0,0.27528023235844845
c10,59,0,0,0.250146667119664
c10,60,0,0,0.2578164875192481
c10,61,0,0,0.35977681227082947
c10,62,0,0,0.2850155252817699
c10,63,0,0,0.27472141438439146
c10,64,0,0,0.2994855172404684
c10,65,0,0,0.28262925739397077
c10,66,0,0,0.2758949284425684
c10,67,0,0,0.2864753742874094
c10,68,0,0,0.2844419388341946
c10,69,0,0,0.277048148327402
c10,70,0,0,0.3357871521999441
c10,71,0,1,0.7967860669070778
c10,72,0,1,0.8806417243058831
c10,73,0,1,0.7289389341982995
c10,74,0,0,0.2663885641330329
c10,75,0,0,0.37585757642536
c10,76,0,0,0.2930296977929184
c10,77,0,0,0.28139247749387514
c10,78,0,0,0.2992980665398857
c10,79,0,0,0.2746205477543328
c10,80,0,0,0.2614080087269977
c10,81,0,0,0.312890805814561
c10,82,0,0,0.30458554395457843
c10,83,0,0,0.2967836763529405
c10,84,0,0,0.2772013918180239
c10,85,0,0,0.29957662102622995
c10,86,0,0,0.31289663219127645
c10,87,0,0,0.2901427735086584
c10,88,0,0,0.26964380484923034
c10,89,0,0,0.3019843542120183
c10,90,0,1,0.9576368995800498
c10,91,0,1,0.7292049295000281
c10,92,0,1,0.8338166913064301
c10,93,0,1,0.8880481284412209
c10,94,0,1,0.9101387441959793
c10,95,0,1,0.8364627931134333
c10,96,0,0,0.1721473378948951
c10,97,0,1,0.7925140545378443
c10,98,0,1,0.7509627127689276
c10,99,0,0,0.3657942313811331
c10,100,0,0,0.3060356291725593
c10,101,0,1,0.7040865894827973
c10,102,0,1,0.8007979293806107
c10,103,0,0,0.3812947612167928
c10,104,0,1,0.590010350420657
c10,105,0,0,0.4824136136682141
c10,106,0,0,0.31066962141668003
c10,107,0,1,0.6949065270435442
c10,108,0,1,0.654057607139724
c10,109,0,1,0.9542843210810652
c10,110,0,1,0.8321784151224905
c10,111,0,0,0.40340687942051784
c10,112,0,1,0.5893423953718212
c10,113,0,0,0.21032170773366368
c10,114,0,1,0.5096923942043695
c10,115,0,1,0.7380242210685389
c10,116,0,0,0.4936227026459441
c10,117,0,0,0.4129022469235229
c10,118,0,0,0.30205700681986786
c10,119,0,1,0.6309566843175288
c10,120,0,0,0.4104289871220016
c10,121,0,0,0.3738149196560279
c10,122,0,0,0.2899242126402669
c10,123,0,0,0.30901298457880755
c10,124,0,0,0.245667591177012
c10,125,0,1,0.70674910914895
c10,126,0,1,0.5727146907998502
c10,127,0,0,0.28093115545203295
c10,128,0,0,0.23068490891216104
c10,129,0,0,0.2757138191250896
c10,130,0,0,0.2777381783809759
c10,131,0,0,0.26215075497013623
c10,132,0,0,0.3094149584570424
c10,133,0,0,0.2552842920354592
c10,134,0,0,0.3947771949754303
c10,135,0,0,0.287236021151012
c10,136,0,0,0.30328099554327537
c10,137,0,0,0.44320537326026876
c10,138,0,0,0.2721814685046356
c10,139,0,0,0.2651146385069998
c10,140,0,0,0.2782640255359403
c10,141,0,0,0.2926681956526257
c10,142,0,0,0.2576838221965624
c10,143,0,0,0.3083210844722874
c10,144,0,0,0.2569328209888045
c10,145,0,0,0.25535924815101135
c10,146,0,0,0.3152922090392592
c10,147,0,1,0.8861757527407443
c10,148,0,1,0.8874170073209215
c10,149,0,0,0.37003036772209513
c10,150,0,1,0.8133715073142744
c10,151,0,0,0.2238305312946039
c10,152,0,0,0.2486646667581564
c10,153,0,0,0.22510791830273444
c10,154,0,0,0.31472268442642476
c10,155,0,0,0.2528437641949423
c10,156,0,0,0.29183118817514675
c10,157,0,0,0.21356623740774625
c10,158,0,0,0.2528426469227397
c10,159,0,0,0.3181540667209664
c10,160,0,0,0.21614417277922962
c10,161,0,0,0.22135480741903688
c10,162,0,0,0.23177011978698372
c10,163,0,0,0.1953517215816201
c10,164,0,1,0.6853098712589618
c10,165,0,0,0.4062080468056708
c10,166,0,0,0.27242568328297045
c10,167,0,0,0.23660981609427378
c10,168,0,0,0.22608972735534247
c10,169,0,0,0.215166621105821
c10,170,0,0,0.2796847010884547
c10,171,0,0,0.24043312275510392
c10,172,0,0,0.2216104870128382
c10,173,0,0,0.20446799248953088
c10,174,0,0,0.20615860840454966
c10,175,0,0,0.23154124108713273
c10,176,0,0,0.22653152684630223
c10,177,0,0,0.22423575765185513
c10,178,0,1,0.6344224972475903
c10,179,0,1,0.9051610997235551
c10,180,0,1,0.9576776848019826
c10,181,0,0,0.06193878174576327
c10,182,0,0,0.2037425533321428
c10,183,0,0,0.20894799595153904
c10,184,0,1,0.6124663693726276
c10,185,0,0,0.2393198815243478
c10,186,0,0,0.22173131594749876
c10,187,0,0,0.17328053029917329
c10,188,0,0,0.1970649969791362
c10,189,0,0,0.22361642572438384
c10,190,0,0,0.2515404193357878
c10,191,0,0,0.222413332146471
c10,192,0,0,0.21672701366062677
c10,193,0,0,0.2671030802083393
c10,194,0,1,0.8208509641914071
c10,195,0,1,0.9149966695569312
c10,196,0,1,0.9255773860179801
c10,197,0,1,0.5117130978192753
c10,198,0,0,0.3599829998078387
c10,199,0,0,0.2227521661060105
c10,200,0,0,0.22221270312477442
c10,201,0,0,0.22187190950865243
c10,202,0,0,0.24562283872177346
c10,203,0,0,0.22874582453690584
c10,204,0,0,0.21208706122939924
c10,205,0,0,0.1882786203353106
c10,206,0,0,0.3378791333814489
c10,207,0,0,0.2455027145612763
c10,208,0,0,0.22177056380902843
c10,209,0,0,0.23912959648292914
c10,210,0,1,0.876041157947215
c10,211,0,1,0.9462351666045298
c10,212,0,0,0.19167841075825579
c10,213,0,0,0.4306315600963069
c10,214,0,0,0.3369694903220597
c10,215,0,1,0.810893957511923
c10,216,0,0,0.17561578543597672
c10,217,0,1,0.5644037649505957
c10,218,0,0,0.46727690121945226
c10,219,0,1,0.8504529460235538
c10,220,0,1,0.6016178794315572
c10,221,0,1,0.7031152704193385
c10,222,0,1,0.603565150910433
c10,223,0,0,0.4484966618848742
c10,224,0,1,0.5990864975478262
c10,225,0,1,0.7722607925977311
c10,226,0,0,0.40651066192356056
c10,227,0,1,0.8883301929377361
c10,228,0,1,0.73714259527158
c10,229,0,0,0.47804996789976867
c10,230,0,0,0.2804753324368556
c10,231,0,0,0.4078221873994908
c10,232,0,1,0.6002095067505326
c10,233,0,1,0.7358127368600944
c10,234,0,1,0.671127600537979
c10,235,0,1,0.934972914177978
c10,236,0,0,0.14769721042499664
c10,237,0,0,0.44349801612567835
c10,238,0,0,0.445384563244541
c10,239,0,0,0.3711858637095543
c10,240,0,0,0.4023493939102647
c10,241,0,0,0.2040872260356242
c10,242,0,0,0.184283134288257
c10,243,0,0,0.2034057629740779
c10,244,0,0,0.271822075019026
c10,245,0,0,0.19395125776484679
c10,246,0,0,0.1974532628006384
c10,247,0,1,0.593324278704065
c10,248,0,0,0.20447381739944093
c10,249,0,0,0.19627920473625476
c10,250,0,0,0.23790570400206587
c10,251,0,0,0.21044523531174075
c10,252,0,0,0.3249498172056839
c10,253,0,0,0.2339819510327037
c10,254,0,0,0.26427680255729274
c10,255,0,0,0.24881682406410155
c10,256,0,0,0.18981244540013215
c10,257,1,1,0.5001962018363546
c10,258,0,0,0.26709656342516874
c10,259,0,0,0.19166300613192705
c10,260,0,0,0.20943866072664222
c10,261,0,0,0.22458061237948035
c10,262,0,0,0.2564421702636043
c10,263,0,0,0.22383485107404352
c10,264,0,0,0.2963332768210484
c10,265,0,0,0.2611485609984962
c10,266,0,0,0.21892136076311314
c10,267,0,0,0.2991963242847925
c10,268,0,0,0.2358952498733766
c10,269,0,0,0.3159385977537432
c10,270,0,0,0.25609364303916027
c10,271,0,0,0.2610521710899817
c10,272,0,0,0.24388204755697296
c10,273,0,0,0.35319776125977814
c10,274,0,0,0.28083964913584275
c10,275,0,0,0.2566925043316798
c10,276,0,0,0.23971226149779393
c10,277,0,0,0.25732562565169637
c10,278,0,0,0.25040615250233333
c10,279,0,0,0.20517723958540376
c10,280,0,0,0.2736364912388935
c10,281,0,0,0.2366350058678638
c10,282,0,0,0.3274132749885447
c10,283,0,1,0.9521304312333263
c10,284,0,1,0.5444507820576999
c10,285,0,1,0.7179815782670339
c10,286,0,1,0.8040794615702545
c10,287,0,0,0.14467498316442717
c10,288,0,1,0.5244506916000133
c10,289,0,1,0.7321277889860365
c10,290,0,0,0.2973501713102977
c10,291,0,0,0.3114253435584785
c10,292,0,0,0.32968080227172814
c10,293,0,0,0.2985489057753704
c10,294,0,0,0.375651115572484
c10,295,0,0,0.2413800687915972
c10,296,0,0,0.24014181143646623
c10,297,0,1,0.5258179828719485
c10,298,0,0,0.2454739912253818
c10,299,0,0,0.2938286844017806
c10,300,0,0,0.2055555987027802
c10,301,0,0,0.2029077968090138
c10,302,0,0,0.25686322772403436
c10,303,0,0,0.22147599418435418
c10,304,0,0,0.22351483451249868
c10,305,0,0,0.23789769442858155
c10,306,0,0,0.381556753018117
c10,307,0,0,0.2283601702350798
c10,308,0,0,0.3055875892292451
c10,309,0,0,0.27501604220999665
c10,310,0,0,0.21513190971896162
c10,311,0,0,0.2395529636856065
c10,312,0,0,0.29539793818645615
c10,313,0,0,0.31648659089571124
c10,314,0,0,0.23560300381333887
c10,315,0,1,0.8656121424378067
c10,316,0,1,0.510464730274843
c10,317,0,0,0.2425442062248946
c10,318,0,0,0.2514247544157453
c10,319,0,1,0.506227229115716
c10,320,0,0,0.3762695581134848
c10,321,0,0,0.36958826698739206
c10,322,0,1,0.9026812169403386
c10,323,0,0,0.11044358979746205
c10,324,0,0,0.2531964666107907
c10,325,0,0,0.4515678055196996
c10,326,0,1,0.8054656423310388
c10,327,0,0,0.3591572254326243
c10,328,0,1,0.688017858499621
c10,329,0,0,0.1889351883918891
c10,330,0,0,0.2638363267324628
c10,331,0,1,0.9341103415150034
c10,332,0,1,0.9029129958758142
c10,333,0,0,0.18520971410559242
c10,334,0,0,0.49973712032876777
c10,335,0,1,0.8191898181576884
c10,336,0,1,0.8031930968113091
c10,337,0,0,0.29276859345574685
c10,338,0,0,0.40273972293407795
c10,339,0,1,0.9201206948388257
c10,340,0,1,0.9793970491395211
c10,341,0,1,0.9132595008794987
c10,342,0,0,0.2882943812322184
c10,343,0,1,0.5915591658884594
c10,344,0,0,0.27806105516241747
c10,345,0,1,0.5740808405553869
c10,346,0,1,0.941214753028005
c10,347,0,1,0.5166268074786705
c10,348,0,0,0.23073356083085902
c10,349,0,0,0.31030569936257507
c10,350,0,0,0.23603413759549122
c10,351,0,0,0.3185895999657448
c10,352,0,0,0.23415256023111228
c10,353,0,0,0.22477593209632438
c10,354,0,0,0.3026393538912901
c10,355,0,0,0.17944356998250865
c10,356,0,1,0.5206543380346472
c10,357,0,0,0.22124774869751004
c10,358,0,0,0.25570591377076646
c10,359,0,0,0.2259040199063417
c10,360,0,0,0.2638497225232026
c10,361,0,0,0.28729030657576815
c10,362,0,0,0.2598800132675494
c10,363,0,0,0.39551045640114463
c10,364,0,0,0.24590934434788714
c10,365,0,0,0.2600460526517287
c10,366,0,0,0.2529338892466958
c10,367,0,0,0.281985816942504
c10,368,0,0,0.26120272395225025
c10,369,0,0,0.25409423934803216
c10,370,0,0,0.3807512832018946
c10,371,0,0,0.3695778830226627
c10,372,0,0,0.23337757188940197
c10,373,0,0,0.29773766789793304
c10,374,0,0,0.3071655566479159
c10,375,0,0,0.38237470675519525
c10,376,0,0,0.22874137395600266
c10,377,0,0,0.2559884768146465
c10,378,0,0,0.25433216940168957
c10,379,0,1,0.8288474188233111
c10,380,0,0,0.16782507089689822
c10,381,0,0,0.2889174731543139
c10,382,0,0,0.2595478478185633
c10,383,0,0,0.33030412021143923
c10,384,0,0,0.3150050946907249
c10,385,0,0,0.28420951813925494
c10,386,0,0,0.30431585909842057
c10,387,0,0,0.3317606220140252
c10,388,0,0,0.30968640842939305
c10,389,0,0,0.3005602185123062
c10,390,0,0,0.3531840701055706
c10,391,0,0,0.3650206765967539
c10,392,0,0,0.3011137865848655
c10,393,0,0,0.35365661620807176
c10,394,0,1,0.701529832562004
c10,395,0,0,0.4859399249111355
c10,396,0,0,0.4744979933602488
c10,397,0,0,0.2524320620735218
c10,398,0,0,0.32407287639611615
c10,399,0,0,0.4964984213884312
c10,400,0,0,0.44440686763229387
c10,401,0,0,0.4499371367380654
c10,402,0,0,0.4606957301549819
c10,403,0,0,0.24349078871288718
c10,404,0,1,0.6931351204332917
c10,405,0,0,0.4616598211131637
c10,406,0,0,0.4045915417178323
c10,407,0,0,0.44715996961664906
c10,408,0,1,0.9227860778112282
c10,409,0,0,0.2794453712487686
c10,410,0,0,0.3568101676867253
c10,411,0,0,0.3984147670391605
c10,412,0,0,0.28902321339228576
c10,413,0,1,0.9118930514480812
c10,414,0,0,0.1688275447341016
c10,415,0,0,0.4805337185517137
c10,416,0,1,0.603443834108572
c10,417,0,1,0.6149118457936986
c10,418,0,1,0.8402967220621124
c10,419,0,0,0.16850452584016354
c10,420,0,0,0.34986272196109863
c10,421,0,0,0.34959574273307675
c10,422,0,1,0.5472816257642084
c10,423,0,1,0.6687490902040806
c10,424,0,1,0.9160945298499816
c10,425,0,1,0.6613007845397935
c10,426,0,1,0.7408896355417903
c10,427,0,0,0.23291780491685354
c10,428,0,1,0.5137000909114835
c10,429,0,1,0.5783697273287267
c10,430,0,1,0.9707551717861989
