record,minute,y_true,y_pred,y_prob
a01,2,0,1,0.64505804
a01,3,0,1,0.6872436
a01,4,0,0,0.38768956
a01,5,0,1,0.55396444
a01,6,0,0,0.34590176
a01,7,0,1,0.66428006
a01,8,0,1,0.8494204
a01,9,0,0,0.41643828
a01,10,0,0,0.33917922
a01,11,0,1,0.5121184
a01,12,0,0,0.17105553
a01,13,1,0,0.27430874
a01,14,1,0,0.26142097
a01,15,1,0,0.31817418
a01,16,1,0,0.2894557
a01,17,1,0,0.30188435
a01,18,1,1,0.52461064
a01,19,1,0,0.23967588
a01,20,1,0,0.2885489
a01,21,1,0,0.38727102
a01,22,1,0,0.22253715
a01,23,1,0,0.37361676
a01,24,1,0,0.43446776
a01,25,1,0,0.32031208
a01,26,1,0,0.2779727
a01,27,1,0,0.24553432
a01,28,1,0,0.4816172
a01,29,1,0,0.34916985
a01,30,1,0,0.35096136
a01,31,1,0,0.4033772
a01,32,1,0,0.2757038
a01,33,1,1,0.5146534
a01,34,1,0,0.1949079
a01,35,1,0,0.471489
a01,37,1,1,0.5850547
a01,38,1,1,0.77793306
a01,39,1,0,0.4573746
a01,41,1,1,0.5819496
a01,42,1,0,0.43582976
a01,43,1,0,0.28303146
a01,44,1,1,0.7246527
a01,45,1,0,0.43957734
a01,46,1,1,0.66320354
a01,47,1,0,0.39701048
a01,48,1,0,0.3797615
a01,49,1,1,0.6292597
a01,50,1,1,0.5423371
a01,51,1,0,0.49933177
a01,52,1,0,0.33917052
a01,53,1,0,0.31342772
a01,54,1,0,0.22657888
a01,55,1,1,0.6911138
a01,56,1,1,0.59173614
a01,57,1,1,0.5007653
a01,58,1,0,0.26558316
a01,59,1,1,0.5050423
a01,60,1,1,0.7177286
a01,61,1,1,0.50820214
a01,62,1,1,0.5045589
a01,63,1,1,0.5653089
a01,65,1,0,0.23019283
a01,66,1,1,0.52454257
a01,67,1,1,0.68709546
a01,68,1,1,0.5313567
a01,69,1,1,0.72947466
a01,70,1,1,0.74787706
a01,71,1,1,0.7839592
a01,72,1,1,0.7972154
a01,73,1,1,0.7850121
a01,74,1,1,0.83896375
a01,75,1,1,0.81978095
a01,76,1,1,0.81920886
a01,77,1,0,0.3777946
a01,78,1,1,0.8140908
a01,79,1,0,0.48108622
a01,80,1,1,0.83661014
a01,81,1,1,0.8007085
a01,82,1,1,0.7868108
a01,83,1,1,0.77780086
a01,84,1,1,0.8347622
a01,85,1,1,0.79286253
a01,86,1,1,0.68930924
a01,87,1,1,0.71379864
a01,88,1,1,0.7366482
a01,89,1,1,0.7695002
a01,90,1,1,0.8373877
a01,91,1,1,0.83692116
a01,92,1,0,0.26413393
a01,93,1,1,0.5917652
a01,94,1,1,0.6369526
a01,95,1,1,0.7331787
a01,96,1,0,0.25663105
a01,97,1,1,0.7351836
a01,98,1,0,0.41845182
a01,99,1,0,0.20231444
a01,100,1,1,0.5964412
a01,101,1,1,0.71092725
a01,102,1,0,0.49542087
a01,103,1,0,0.34629184
a01,104,1,0,0.33497414
a01,105,1,0,0.27786008
a01,106,1,0,0.4011163
a01,107,1,0,0.34985438
a01,108,1,1,0.7098754
a01,109,1,0,0.46791255
a01,110,1,1,0.6216727
a01,111,1,0,0.41427615
a01,112,1,1,0.66358805
a01,113,1,1,0.7042737
a01,114,1,0,0.39992127
a01,115,1,1,0.6196138
a01,116,1,1,0.7056756
a01,117,1,0,0.3679697
a01,118,1,1,0.6788702
a01,119,1,1,0.63763225
a01,120,1,1,0.7581064
a01,121,1,1,0.68449134
a01,122,1,1,0.6487291
a01,123,1,1,0.7469742
a01,124,1,1,0.6234561
a01,125,1,1,0.7457856
a01,126,1,1,0.8225483
a01,127,1,1,0.71892506
a01,128,1,1,0.8494036
a01,129,1,1,0.7195944
a01,130,1,1,0.5989067
a01,131,1,1,0.64297384
a01,132,1,1,0.7645445
a01,133,1,0,0.3571499
a01,134,1,1,0.67597973
a01,135,1,1,0.7133521
a01,136,1,1,0.69845897
a01,137,1,1,0.6449804
a01,138,1,1,0.7118929
a01,139,1,1,0.63807076
a01,140,1,1,0.7994459
a01,141,1,1,0.56479824
a01,142,1,1,0.546812
a01,143,1,1,0.6555828
a01,144,1,1,0.5964285
a01,145,1,1,0.76525605
a01,146,1,1,0.6542335
a01,147,1,0,0.46869653
a01,148,1,1,0.53778756
a01,149,1,1,0.70203596
a01,150,1,1,0.7357054
a01,151,1,0,0.4039292
a01,152,1,0,0.4572606
a01,153,1,1,0.73455065
a01,154,1,1,0.5890334
a01,155,1,1,0.58217627
a01,156,1,0,0.4725983
a01,157,1,1,0.684268
a01,158,1,1,0.62451327
a01,159,1,1,0.8030207
a01,160,1,0,0.396556
a01,161,1,0,0.4078488
a01,162,1,0,0.4148781
a01,163,1,1,0.6985568
a01,164,1,1,0.7185397
a01,165,1,1,0.67629987
a01,166,1,1,0.69668293
a01,167,1,0,0.33796206
a01,168,1,0,0.35702705
a01,169,1,0,0.38279483
a01,170,1,1,0.65483874
a01,171,1,1,0.6088846
a01,172,1,1,0.53005046
a01,173,1,1,0.6229273
a01,174,1,1,0.6774039
a01,175,1,1,0.6287148
a01,176,1,1,0.7142304
a01,177,1,1,0.7110265
a01,178,1,1,0.53835076
a01,179,1,1,0.5612165
a01,180,1,1,0.72929466
a01,181,1,1,0.7389534
a01,182,1,1,0.5083236
a01,183,1,1,0.68013936
a01,184,1,1,0.6427614
a01,185,1,1,0.71251935
a01,186,1,1,0.70952034
a01,187,1,0,0.48922464
a01,188,1,1,0.7467587
a01,189,1,1,0.70698225
a01,190,1,1,0.69828236
a01,191,1,1,0.6896913
a01,192,1,1,0.71798253
a01,193,1,1,0.74532276
a01,194,1,1,0.6269498
a01,195,1,1,0.73253316
a01,196,1,1,0.73123395
a01,197,1,1,0.6586852
a01,198,1,1,0.68848336
a01,199,1,1,0.64299005
a01,200,1,1,0.80767775
a01,201,1,1,0.6458095
a01,202,1,1,0.6115593
a01,203,1,1,0.708841
a01,204,1,1,0.661665
a01,205,1,1,0.80178905
a01,206,1,1,0.8226473
a01,207,1,1,0.7399754
a01,208,1,1,0.833364
a01,209,1,1,0.69446886
a01,210,1,1,0.5955182
a01,211,1,1,0.8331263
a01,212,1,1,0.8248973
a01,213,1,0,0.29026577
a01,214,1,1,0.83778816
a01,215,1,1,0.7416948
a01,216,1,0,0.40879145
a01,217,1,1,0.5537296
a01,218,1,1,0.78038836
a01,219,1,1,0.7783705
a01,220,1,1,0.6615758
a01,221,1,0,0.44245127
a01,222,1,1,0.60561943
a01,223,1,1,0.7152717
a01,224,1,0,0.3862002
a01,225,1,1,0.6431078
a01,226,1,1,0.8065468
a01,227,0,1,0.5165871
a01,228,0,1,0.74272895
a01,229,0,0,0.46592164
a01,230,0,0,0.28962108
a01,231,1,0,0.38826722
a01,232,1,1,0.68276566
a01,233,1,0,0.24457063
a01,234,1,0,0.48293522
a01,235,1,1,0.5597253
a01,236,1,1,0.5138827
a01,237,1,0,0.47392976
a01,238,1,1,0.7075583
a01,239,1,1,0.7337362
a01,240,1,1,0.6683725
a01,241,1,1,0.50167286
a01,242,1,1,0.6713502
a01,243,1,1,0.58307016
a01,244,1,1,0.6418703
a01,245,1,1,0.6418464
a01,246,1,1,0.5276925
a01,247,1,0,0.44526225
a01,248,1,1,0.6497924
a01,249,1,0,0.36641076
a01,250,1,1,0.5988258
a01,251,1,1,0.7399801
a01,252,1,1,0.6994522
a01,253,1,1,0.71261096
a01,254,1,1,0.5672145
a01,255,1,1,0.58897126
a01,256,1,1,0.73350227
a01,257,1,1,0.7262092
a01,258,1,1,0.6179457
a01,259,1,1,0.64734733
a01,260,1,0,0.4299707
a01,261,1,1,0.7077189
a01,262,1,1,0.71124434
a01,263,1,1,0.60738033
a01,264,1,1,0.57127106
a01,265,1,1,0.6793229
a01,266,1,1,0.5683033
a01,267,1,1,0.597762
a01,268,1,1,0.74687487
a01,269,1,0,0.3064788
a01,270,1,1,0.7282157
a01,271,1,1,0.8290194
a01,272,1,1,0.6925015
a01,273,1,1,0.6199812
a01,274,1,1,0.73961484
a01,275,1,1,0.64560854
a01,276,1,1,0.51692104
a01,277,1,1,0.70208037
a01,278,1,1,0.6750695
a01,279,1,1,0.7194642
a01,280,1,1,0.63530374
a01,281,1,1,0.7142901
a01,282,1,1,0.5888906
a01,283,1,0,0.37689
a01,284,1,1,0.63010734
a01,285,1,1,0.6010381
a01,286,1,1,0.725108
a01,287,1,1,0.5657645
a01,288,1,1,0.77327925
a01,289,1,1,0.7546524
a01,290,1,1,0.754382
a01,291,1,1,0.711656
a01,292,1,1,0.63901055
a01,293,1,0,0.48631495
a01,294,1,1,0.75835675
a01,295,1,1,0.56633943
a01,296,1,1,0.73148525
a01,297,1,1,0.6760469
a01,298,1,1,0.7313647
a01,299,1,1,0.74614877
a01,300,1,1,0.75107414
a01,301,1,1,0.7629181
a01,302,1,1,0.66036224
a01,303,1,0,0.47709832
a01,304,1,1,0.58969736
a01,305,1,0,0.44131094
a01,306,1,1,0.8088968
a01,307,1,1,0.82937205
a01,308,1,0,0.36405137
a01,309,1,1,0.8325176
a01,310,1,0,0.4890597
a01,311,1,1,0.7380723
a01,312,1,1,0.83954763
a01,313,1,1,0.77456546
a01,314,1,1,0.720166
a01,315,1,1,0.63935965
a01,316,1,1,0.8408157
a01,317,1,1,0.7166705
a01,318,1,1,0.74377906
a01,319,1,1,0.6110913
a01,320,1,1,0.54574776
a01,321,1,0,0.42680725
a01,322,1,1,0.6339111
a01,323,1,1,0.6016035
a01,324,1,1,0.73663926
a01,325,1,1,0.74983674
a01,326,1,1,0.71348923
a01,327,1,1,0.8190989
a01,328,1,1,0.7683245
a01,329,1,0,0.38990492
a01,330,1,1,0.71478343
a01,331,1,1,0.7548483
a01,332,1,1,0.66789716
a01,333,1,1,0.7754493
a01,334,1,1,0.77119917
a01,335,1,1,0.60974544
a01,336,1,1,0.69334584
a01,337,1,0,0.4448324
a01,338,1,1,0.63381004
a01,339,1,1,0.672636
a01,340,1,1,0.7879603
a01,341,1,1,0.75600153
a01,342,1,1,0.79102075
a01,343,1,1,0.8434847
a01,344,1,1,0.7813468
a01,345,1,1,0.68608445
a01,346,1,1,0.7226741
a01,347,1,1,0.78189313
a01,348,1,1,0.6070665
a01,349,1,1,0.6693196
a01,350,1,1,0.771286
a01,351,1,1,0.8384203
a01,352,0,1,0.7465697
a01,353,0,0,0.31249046
a01,354,1,0,0.28604847
a01,355,1,1,0.64128506
a01,356,1,1,0.66920674
a01,357,1,0,0.4565059
a01,358,1,1,0.58222014
a01,359,1,0,0.44605166
a01,360,1,1,0.63883424
a01,361,1,1,0.68976784
a01,362,1,1,0.5971186
a01,363,1,0,0.46093228
a01,364,1,1,0.75777626
a01,365,1,1,0.70727766
a01,366,1,1,0.691542
a01,367,1,0,0.35858652
a01,368,1,0,0.42231148
a01,369,1,1,0.6440667
a01,370,1,1,0.66058385
a01,371,1,1,0.6794
a01,372,1,1,0.5198458
a01,373,1,1,0.67700917
a01,374,1,1,0.6693374
a01,375,1,0,0.4911466
a01,376,1,1,0.6697683
a01,377,1,1,0.71222705
a01,378,1,1,0.64789754
a01,379,1,1,0.675565
a01,380,1,1,0.71448046
a01,381,1,1,0.6977548
a01,382,1,0,0.38087472
a01,383,1,1,0.6428719
a01,384,1,1,0.7435452
a01,385,1,1,0.63077104
a01,386,1,1,0.6671554
a01,387,1,1,0.6149553
a01,388,1,1,0.72067505
a01,389,1,1,0.7206453
a01,390,1,1,0.7077633
a01,391,1,1,0.67484194
a01,392,1,0,0.42905056
a01,393,1,0,0.36070007
a01,394,1,1,0.7562045
a01,395,1,0,0.2884881
a01,396,1,1,0.6336006
a01,397,1,1,0.6453674
a01,398,1,1,0.7126823
a01,399,1,1,0.8387345
a01,400,1,1,0.7235661
a01,401,1,1,0.6387702
a01,402,1,1,0.5734659
a01,403,1,0,0.32515177
a01,404,1,0,0.41663024
a01,405,1,1,0.60000294
a01,406,1,1,0.7232213
a01,407,1,1,0.7675361
a01,408,1,1,0.5146941
a01,409,1,1,0.7117566
a01,410,1,1,0.60347205
a01,411,1,1,0.6338707
a01,412,1,0,0.42912668
a01,413,1,1,0.64082235
a01,414,1,0,0.35256508
a01,415,1,1,0.5936741
a01,416,1,1,0.6037224
a01,417,1,1,0.6348057
a01,418,1,0,0.39748845
a01,419,1,1,0.7337714
a01,420,1,1,0.6859348
a01,421,1,1,0.69046044
a01,422,1,1,0.6955524
a01,423,1,1,0.67123973
a01,424,1,1,0.55103576
a01,425,1,1,0.7396493
a01,426,1,1,0.7582976
a01,427,1,1,0.69552124
a01,428,1,1,0.72845376
a01,429,1,1,0.6995077
a01,430,1,1,0.6489307
a01,431,1,1,0.7319826
a01,432,1,1,0.7302949
a01,433,1,1,0.8467885
a01,434,1,1,0.6415586
a01,435,1,0,0.38283056
a01,436,1,1,0.6981153
a01,437,1,1,0.6846684
a01,438,1,1,0.7175321
a01,439,1,1,0.7214314
a01,440,1,1,0.5638879
a01,441,1,0,0.42741373
a01,442,1,1,0.6957063
a01,443,1,1,0.68316144
a01,444,1,0,0.30748618
a01,445,1,1,0.8228197
a01,446,1,1,0.6381568
a01,447,1,1,0.6416591
a01,448,1,0,0.48859128
a01,449,1,1,0.81600124
a01,450,1,1,0.7763885
a01,451,1,1,0.51582223
a01,452,1,1,0.73800075
a01,453,1,1,0.5940407
a01,454,1,1,0.69053197
a01,455,1,1,0.68663317
a01,456,1,1,0.71607816
a01,457,1,1,0.6455248
a01,458,1,1,0.79952955
a01,459,1,1,0.8307566
a01,460,1,1,0.7109518
a01,461,1,1,0.682024
a01,462,1,1,0.5901822
a01,463,1,1,0.7254183
a01,464,1,1,0.70428056
a01,465,1,1,0.7519149
a01,466,1,1,0.7288203
a01,467,1,1,0.7157904
a01,468,1,1,0.7888031
a01,469,1,1,0.6292114
a01,470,1,1,0.7275523
a01,471,1,0,0.29571068
a01,472,1,1,0.7108438
a01,473,1,1,0.5724172
a01,474,1,1,0.71234906
a01,475,1,1,0.5422351
a01,476,1,1,0.73660535
a01,477,1,1,0.7321092
a01,478,1,0,0.42587066
a01,479,1,1,0.5737587
a01,480,1,1,0.59525144
a01,481,1,1,0.5116874
a01,482,1,1,0.6964138
a01,483,1,1,0.6831485
a01,484,1,1,0.8403136
a01,485,1,0,0.25728416
a01,486,1,0,0.42256218
a01,487,1,1,0.66498655
a01,488,1,1,0.7769543
a02,1,0,0,0.1896074
a02,2,0,0,0.21256794
a02,3,0,0,0.32849663
a02,4,0,0,0.3333879
a02,5,0,1,0.69799614
a02,6,0,1,0.7709892
a02,7,0,1,0.53998655
a02,8,0,0,0.32760262
a02,9,0,0,0.3330802
a02,10,0,0,0.19952972
a02,11,0,1,0.7128007
a02,12,0,0,0.29469287
a02,13,0,0,0.22879876
a02,14,0,0,0.34444815
a02,15,0,1,0.6200306
a02,16,0,1,0.6015125
a02,17,0,0,0.20331071
a02,18,0,0,0.26376933
a02,19,0,0,0.2510434
a02,21,1,1,0.5323032
a02,22,1,1,0.5449308
a02,23,1,0,0.44372514
a02,24,1,0,0.33629543
a02,25,1,1,0.6459966
a02,26,1,0,0.35066393
a02,27,1,0,0.46800846
a02,28,1,0,0.49839145
a02,29,1,1,0.6436254
a02,30,1,1,0.5721837
a02,31,1,1,0.7704737
a02,32,1,0,0.4849735
a02,33,1,0,0.3011909
a02,34,1,1,0.56526613
a02,35,1,0,0.46027794
a02,36,1,1,0.56976616
a02,37,1,0,0.49835315
a02,38,1,0,0.44655624
a02,39,1,1,0.73409784
a02,40,1,1,0.5472718
a02,41,1,1,0.7679119
a02,42,1,1,0.626098
a02,43,1,1,0.5670428
a02,44,1,1,0.7729494
a02,45,1,1,0.50682104
a02,46,1,1,0.6405446
a02,47,1,1,0.7238766
a02,48,1,1,0.8315753
a02,49,1,1,0.76885384
a02,50,1,1,0.6560559
a02,51,1,1,0.5794786
a02,52,1,0,0.4929778
a02,53,1,0,0.44872135
a02,54,1,1,0.6243356
a02,55,1,1,0.7294692
a02,56,1,1,0.7415132
a02,57,1,1,0.7849372
a02,58,1,1,0.61535734
a02,59,1,1,0.5582532
a02,60,1,0,0.4596395
a02,61,1,1,0.67781246
a02,62,1,0,0.4260776
a02,63,1,1,0.52443635
a02,64,1,1,0.50238013
a02,65,1,1,0.64741504
a02,66,1,1,0.52207553
a02,67,1,1,0.62176174
a02,68,1,1,0.56334054
a02,69,1,0,0.45775828
a02,70,1,1,0.7166571
a02,71,1,1,0.71435827
a02,72,1,1,0.65377337
a02,73,1,1,0.61817604
a02,74,1,0,0.43776578
a02,75,1,1,0.6437628
a02,76,1,0,0.49167576
a02,77,1,0,0.49168584
a02,78,1,1,0.6409381
a02,79,1,1,0.51283985
a02,80,1,0,0.46056446
a02,81,1,0,0.47606963
a02,82,1,0,0.46356156
a02,83,1,1,0.64002293
a02,84,1,1,0.63432276
a02,85,1,1,0.6972115
a02,86,1,1,0.5569008
a02,87,1,1,0.5258043
a02,88,1,1,0.6374031
a02,89,1,1,0.552986
a02,90,1,1,0.5686354
a02,91,1,0,0.4593837
a02,92,1,0,0.47665557
a02,93,1,0,0.2716509
a02,94,1,0,0.42971882
a02,95,1,0,0.48375946
a02,96,1,0,0.43367615
a02,97,1,0,0.49710158
a02,98,1,1,0.50832576
a02,99,1,1,0.73181766
a02,100,1,1,0.6863082
a02,101,1,0,0.4457588
a02,102,1,0,0.46283823
a02,103,1,1,0.53541285
a02,104,1,1,0.7526069
a02,105,1,1,0.5489031
a02,106,1,1,0.53978974
a02,107,1,1,0.60719466
a02,108,1,1,0.64972997
a02,109,1,0,0.4738493
a02,110,1,1,0.8190596
a02,111,1,1,0.7502135
a02,112,1,1,0.70120424
a02,113,1,1,0.56648374
a02,114,1,1,0.60165226
a02,115,1,1,0.58076555
a02,116,1,1,0.7662683
a02,117,1,1,0.8134957
a02,118,1,1,0.5882852
a02,119,1,1,0.58459663
a02,120,1,1,0.56780577
a02,121,1,0,0.48800525
a02,122,1,1,0.547734
a02,123,1,0,0.46556675
a02,124,1,0,0.46119726
a02,125,1,0,0.42232203
a02,126,1,0,0.4209659
a02,127,1,1,0.57095927
a02,128,1,1,0.52353233
a02,129,1,1,0.54571867
a02,130,0,0,0.48589736
a02,131,0,0,0.45115003
a02,132,0,0,0.24021001
a02,133,0,0,0.10823196
a02,134,0,0,0.114468835
a02,135,0,0,0.1020202
a02,136,0,0,0.083451435
a02,137,0,0,0.103492714
a02,138,0,0,0.08229207
a02,139,0,0,0.10010472
a02,140,0,0,0.1428248
a02,141,0,0,0.0813372
a02,142,0,0,0.0951663
a02,143,0,0,0.082069114
a02,144,0,0,0.1594555
a02,145,0,0,0.13778412
a02,146,0,0,0.11651524
a02,147,0,0,0.15567507
a02,148,0,0,0.16369334
a02,149,0,0,0.11866784
a02,150,0,0,0.09346268
a02,151,0,0,0.18871169
a02,152,0,0,0.08616657
a02,153,0,0,0.07605162
a02,154,0,0,0.12805124
a02,155,0,0,0.15303394
a02,156,0,0,0.23748474
a02,157,0,0,0.18315144
a02,158,0,0,0.09532197
a02,159,0,0,0.21748719
a02,160,0,0,0.09798621
a02,161,0,0,0.09968394
a02,162,0,0,0.1725716
a02,163,0,0,0.16420072
a02,164,0,0,0.11730127
a02,165,0,0,0.13901225
a02,166,0,0,0.19527584
a02,167,0,0,0.23117442
a02,168,0,0,0.19644305
a02,169,0,0,0.17315634
a02,170,0,0,0.11727459
a02,171,0,0,0.19457074
a02,172,0,0,0.16836748
a02,173,0,0,0.12698351
a02,174,0,0,0.20784567
a02,175,0,0,0.35340002
a02,176,1,1,0.60625726
a02,177,1,0,0.33752263
a02,178,1,0,0.37339717
a02,179,1,0,0.27938703
a02,180,1,0,0.45078528
a02,181,1,1,0.5997292
a02,182,1,0,0.4192397
a02,183,1,0,0.19100556
a02,184,1,0,0.39600384
a02,185,1,0,0.40633675
a02,186,1,0,0.4365944
a02,187,1,0,0.43933666
a02,188,1,1,0.6552655
a02,189,1,0,0.22607467
a02,190,1,0,0.3421428
a02,191,1,0,0.41765943
a02,192,1,0,0.264973
a02,193,1,0,0.3782943
a02,194,1,0,0.26772815
a02,195,1,0,0.4029127
a02,196,1,0,0.27182522
a02,197,1,0,0.2951611
a02,198,1,0,0.3906033
a02,199,1,0,0.2667783
a02,200,1,0,0.21551281
a02,201,0,0,0.34486997
a02,202,0,1,0.7466447
a02,203,0,0,0.19134331
a02,204,0,0,0.1726569
a02,205,0,0,0.24041207
a02,206,0,1,0.5736467
a02,207,1,1,0.5664359
a02,208,1,1,0.53624105
a02,209,1,0,0.25997293
a02,210,1,1,0.53458023
a02,211,1,0,0.41621628
a02,212,1,0,0.25915062
a02,213,1,0,0.28071907
a02,214,1,0,0.46597573
a02,215,1,0,0.2730363
a02,216,1,0,0.4127537
a02,217,1,1,0.6344576
a02,218,1,0,0.26330996
a02,219,1,0,0.27806294
a02,220,1,1,0.57985204
a02,221,1,1,0.6025909
a02,222,1,1,0.5874023
a02,223,1,1,0.54700375
a02,224,1,1,0.5276387
a02,225,1,0,0.41700378
a02,226,1,1,0.7394006
a02,227,1,0,0.44237772
a02,228,1,0,0.37993285
a02,229,1,1,0.5362426
a02,230,1,1,0.61839706
a02,231,1,1,0.713963
a02,232,1,0,0.39325437
a02,233,1,1,0.6024356
a02,234,1,1,0.6007761
a02,235,1,0,0.4382835
a02,236,1,1,0.7000616
a02,237,1,1,0.60676354
a02,238,1,0,0.48732024
a02,239,1,1,0.5293132
a02,240,1,1,0.5776667
a02,241,1,1,0.56551707
a02,242,1,1,0.557537
a02,243,1,0,0.31462136
a02,244,1,1,0.703311
a02,245,1,0,0.41585794
a02,246,1,1,0.70646113
a02,247,1,1,0.5756578
a02,248,1,0,0.4243942
a02,249,1,1,0.6720633
a02,250,1,0,0.49472743
a02,251,1,1,0.5297037
a02,252,1,0,0.33915037
a02,253,1,0,0.4813522
a02,254,1,1,0.53525406
a02,255,1,0,0.26444662
a02,256,1,0,0.45990902
a02,257,1,1,0.5139327
a02,258,1,1,0.616159
a02,259,1,0,0.2306069
a02,260,1,1,0.8000229
a02,261,1,1,0.52626926
a02,262,1,1,0.64401376
a02,263,1,0,0.45993075
a02,264,1,1,0.5914218
a02,265,1,0,0.19053923
a02,266,0,0,0.41679853
a02,267,0,0,0.11058005
a02,268,0,0,0.3693982
a02,269,0,1,0.5554876
a02,270,1,1,0.6736047
a02,271,1,0,0.29401323
a02,272,1,1,0.6455564
a02,273,1,1,0.5492404
a02,274,1,0,0.393883
a02,275,1,1,0.5395057
a02,276,1,0,0.44810748
a02,277,1,1,0.6111486
a02,278,1,1,0.56646836
a02,279,1,1,0.524442
a02,280,1,1,0.5415697
a02,281,1,1,0.5743358
a02,282,0,1,0.64949
a02,283,0,0,0.15191066
a02,284,0,1,0.5434834
a02,285,0,0,0.44383532
a02,286,0,0,0.36794165
a02,287,0,0,0.39192817
a02,288,1,1,0.61456084
a02,289,1,0,0.42746025
a02,290,1,0,0.439297
a02,291,1,1,0.559016
a02,292,1,1,0.590177
a02,293,1,1,0.6149882
a02,294,1,1,0.55185676
a02,295,0,0,0.31294516
a02,296,0,1,0.5970453
a02,297,1,1,0.62722
a02,298,1,1,0.5179313
a02,299,1,1,0.65408415
a02,300,1,0,0.44400004
a02,301,1,1,0.7571555
a02,302,1,1,0.54516023
a02,303,1,1,0.6110183
a02,304,1,0,0.46870267
a02,305,1,1,0.6284246
a02,306,1,0,0.49665523
a02,307,1,1,0.61092734
a02,308,0,0,0.44019303
a02,309,0,0,0.17239524
a02,310,0,1,0.7292921
a02,311,0,0,0.45191798
a02,312,1,0,0.22638398
a02,313,1,1,0.7996551
a02,314,1,0,0.45990655
a02,315,1,1,0.6478939
a02,316,1,1,0.61901903
a02,317,1,1,0.64369375
a02,318,1,1,0.50194585
a02,319,1,0,0.47691616
a02,320,1,1,0.5271335
a02,321,1,0,0.48875457
a02,322,1,1,0.7321358
a02,323,1,0,0.3649313
a02,324,1,1,0.5192068
a02,325,1,0,0.18298829
a02,326,0,0,0.4687658
a02,327,0,1,0.5760578
a02,328,0,1,0.59309465
a02,329,1,1,0.7289257
a02,330,1,1,0.6378977
a02,331,1,0,0.47518682
a02,332,1,1,0.67397517
a02,333,1,1,0.67048424
a02,334,1,1,0.5640874
a02,335,1,1,0.524982
a02,336,1,0,0.46724358
a02,337,1,1,0.563602
a02,338,1,1,0.5950787
a02,339,1,1,0.67315114
a02,340,1,1,0.54770046
a02,341,1,1,0.70492023
a02,342,1,0,0.48064893
a02,343,1,1,0.51557386
a02,344,1,1,0.7542837
a02,345,1,0,0.16576195
a02,346,1,1,0.54047716
a02,347,1,1,0.8385998
a02,348,1,1,0.6867684
a02,349,1,1,0.53223443
a02,350,1,0,0.4988778
a02,351,1,1,0.5832922
a02,352,1,1,0.6051703
a02,353,1,0,0.3220287
a02,354,1,0,0.33527216
a02,355,1,1,0.6511006
a02,356,1,1,0.69781816
a02,357,1,1,0.58087844
a02,358,1,1,0.57838464
a02,359,1,1,0.8352956
a02,360,1,1,0.53788644
a02,361,1,1,0.7125544
a02,362,1,1,0.52547973
a02,363,1,1,0.524203
a02,364,1,1,0.5619249
a02,365,1,0,0.45793164
a02,366,1,1,0.59025174
a02,367,1,1,0.74283385
a02,368,1,1,0.64157426
a02,369,1,1,0.77884686
a02,370,1,1,0.50470847
a02,371,1,1,0.5645629
a02,372,1,0,0.4312287
a02,373,1,1,0.57115585
a02,374,1,1,0.58023477
a02,375,1,1,0.7077576
a02,376,1,0,0.33949903
a02,377,1,1,0.6972075
a02,378,1,1,0.53533417
a02,379,1,0,0.43751827
a02,380,1,1,0.6403752
a02,381,1,1,0.61593544
a02,382,1,1,0.5684398
a02,383,1,1,0.58045334
a02,384,1,1,0.8078067
a02,385,1,1,0.5863593
a02,386,1,0,0.4157059
a02,387,1,1,0.54463685
a02,388,1,1,0.6535579
a02,389,0,1,0.5190927
a02,390,0,1,0.5899462
a02,391,0,1,0.6013046
a02,392,1,1,0.52529216
a02,393,1,1,0.6292543
a02,394,1,1,0.7176394
a02,395,1,1,0.65117127
a02,396,1,1,0.69532025
a02,397,1,1,0.5614562
a02,398,1,1,0.6098513
a02,399,1,1,0.5774176
a02,400,1,1,0.7971058
a02,401,1,0,0.3737141
a02,402,1,0,0.47489575
a02,403,1,0,0.4301233
a02,404,1,1,0.5132068
a02,405,1,0,0.4298163
a02,406,1,0,0.45287773
a02,407,1,1,0.5752085
a02,408,1,1,0.52762336
a02,409,1,0,0.46899018
a02,410,1,1,0.6060816
a02,411,1,0,0.46551386
a02,412,1,1,0.5695546
a02,413,1,1,0.5252648
a02,414,1,1,0.50322944
a02,415,1,1,0.53659904
a02,416,1,1,0.6177727
a02,417,1,1,0.7907898
a02,418,1,1,0.64570075
a02,419,1,0,0.48114526
a02,420,1,1,0.7262567
a02,421,1,1,0.81674397
a02,422,1,1,0.5754677
a02,423,1,1,0.7852394
a02,424,1,0,0.33172992
a02,425,1,1,0.7719884
a02,426,1,1,0.7198009
a02,427,1,1,0.6022231
a02,428,1,1,0.8493748
a02,429,1,1,0.56422323
a02,430,1,1,0.6086194
a02,431,1,1,0.7237107
a02,432,0,1,0.6038259
a02,433,0,0,0.44328845
a02,434,0,1,0.6055797
a02,435,0,1,0.60197026
a02,436,1,1,0.51116794
a02,437,1,1,0.6275395
a02,438,1,1,0.57533705
a02,439,1,0,0.46020997
a02,440,1,1,0.74625146
a02,441,1,0,0.43166855
a02,442,1,1,0.583186
a02,443,1,1,0.7297939
a02,444,1,0,0.39838576
a02,445,1,1,0.7319168
a02,446,1,1,0.74100477
a02,447,1,1,0.6430736
a02,448,1,1,0.58423156
a02,449,1,0,0.41928792
a02,450,1,1,0.6188292
a02,451,1,1,0.520165
a02,452,1,0,0.49494612
a02,453,1,1,0.5876699
a02,454,1,1,0.59306866
a02,455,1,0,0.35184568
a02,456,1,1,0.64634055
a02,457,1,1,0.538945
a02,458,1,1,0.6568162
a02,459,1,1,0.82005376
a02,460,1,0,0.47501138
a02,461,1,1,0.5327847
a02,462,1,1,0.58269334
a02,463,1,1,0.5336986
a02,464,1,1,0.7794272
a02,465,1,0,0.435417
a02,466,1,1,0.57893807
a02,467,1,0,0.44990614
a02,468,1,1,0.84852093
a02,469,1,1,0.8522898
a02,470,1,1,0.8129719
a02,471,1,1,0.52621
a02,472,1,1,0.643282
a02,473,1,1,0.642546
a02,474,1,1,0.72988236
a02,475,1,1,0.7314452
a02,476,1,1,0.5788908
a02,477,1,1,0.5739656
a02,479,1,1,0.5593921
a02,480,1,1,0.751643
a02,481,1,1,0.514503
a02,482,1,1,0.84515893
a02,483,1,1,0.7337792
a02,484,1,0,0.4462794
a02,485,1,1,0.531574
a02,486,1,1,0.5591188
a02,487,1,0,0.4182137
a02,488,1,1,0.51280516
a02,489,1,1,0.67388296
a02,490,1,1,0.5212518
a02,491,1,0,0.37701908
a02,492,1,1,0.55671567
a02,493,1,1,0.6784307
a02,494,1,0,0.4146904
a02,495,1,1,0.6251792
a02,496,1,1,0.7061759
a02,497,1,1,0.7119124
a02,498,1,1,0.75050294
a02,499,1,0,0.39191082
a02,500,0,0,0.49961585
a02,501,0,1,0.5194761
a02,502,0,0,0.4577723
a02,503,0,0,0.35525584
a02,504,0,1,0.56429434
a02,505,0,0,0.41080916
a02,506,0,1,0.7807033
a02,507,0,1,0.546874
a02,508,0,1,0.70904166
a02,509,1,1,0.7448942
a02,510,1,1,0.79107714
a02,511,1,1,0.55887234
a02,512,1,1,0.6330394
a02,513,1,1,0.7419264
a02,514,1,0,0.462154
a02,515,1,1,0.5810837
a02,516,1,0,0.31841233
a02,517,1,1,0.5542027
a02,518,1,1,0.59772104
a02,519,1,1,0.50997096
a02,520,1,0,0.32810485
a02,521,1,1,0.530156
a02,522,1,0,0.40657333
a02,523,1,1,0.7332521
a02,524,1,1,0.8186179
a02,525,1,1,0.6379039
a02,526,1,1,0.74914265
a02,527,1,1,0.83810276
a03,1,0,1,0.65141547
a03,2,0,1,0.6579188
a03,3,0,1,0.77557516
a03,4,0,1,0.83767724
a03,5,0,0,0.44599047
a03,6,0,1,0.73240846
a03,7,0,1,0.672132
a03,8,0,1,0.79449546
a03,9,0,1,0.8077201
a03,10,0,1,0.74435264
a03,11,0,1,0.8275826
a03,12,0,1,0.83376116
a03,13,1,1,0.67230916
a03,14,1,1,0.69124526
a03,15,1,1,0.78276366
a03,16,1,1,0.7967517
a03,17,1,1,0.79750973
a03,18,1,1,0.7920821
a03,19,1,1,0.80414635
a03,20,1,1,0.7822986
a03,21,1,1,0.7595866
a03,22,1,1,0.8036031
a03,23,1,1,0.8049663
a03,24,1,1,0.8022972
a03,25,1,1,0.8028646
a03,26,1,1,0.78448063
a03,27,1,1,0.79918694
a03,28,1,1,0.79028136
a03,29,1,1,0.79848295
a03,30,1,1,0.7691138
a03,31,1,1,0.79907423
a03,32,1,1,0.8155588
a03,33,1,1,0.80335116
a03,34,1,1,0.79233915
a03,35,1,1,0.7257572
a03,36,1,1,0.7912773
a03,37,1,1,0.78215486
a03,38,1,1,0.7915881
a03,39,1,1,0.7976276
a03,40,1,1,0.79407007
a03,41,1,1,0.80116075
a03,42,1,1,0.80156875
a03,43,1,1,0.7958852
a03,44,1,1,0.8083579
a03,45,1,1,0.8025768
a03,46,1,1,0.7929884
a03,47,1,1,0.80084735
a03,48,1,1,0.7892476
a03,49,1,1,0.799756
a03,50,1,1,0.7898818
a03,51,1,1,0.79953116
a03,52,1,1,0.8040012
a03,53,1,1,0.80100995
a03,54,1,1,0.80379045
a03,55,1,1,0.80274546
a03,56,1,1,0.80005175
a03,57,1,1,0.80321914
a03,58,1,1,0.80080944
a03,59,1,1,0.7650211
a03,60,0,1,0.69913465
a03,61,0,0,0.45491317
a03,63,0,1,0.6992687
a03,64,0,0,0.46558872
a03,66,0,0,0.48181406
a03,67,0,1,0.66061735
a03,68,0,0,0.2651626
a03,69,0,1,0.7253562
a03,70,0,0,0.4914482
a03,71,0,0,0.21428528
a03,72,0,0,0.4360913
a03,73,0,0,0.3469372
a03,74,0,0,0.33354655
a03,75,0,0,0.36261564
a03,76,0,0,0.4115081
a03,77,0,0,0.3551667
a03,78,0,0,0.24986802
a03,79,0,0,0.29892555
a03,80,0,0,0.25572914
a03,81,0,0,0.17732352
a03,82,0,0,0.19282961
a03,83,0,0,0.18446395
a03,84,0,0,0.23995222
a03,85,0,0,0.15834692
a03,86,0,0,0.1498945
a03,87,0,0,0.23714763
a03,88,0,0,0.34830496
a03,89,0,1,0.60311514
a03,90,0,1,0.7960664
a03,91,0,0,0.42575413
a03,92,0,0,0.27322724
a03,93,0,0,0.44167674
a03,94,0,0,0.43658295
a03,95,0,1,0.8045096
a03,96,0,0,0.43372878
a03,97,0,0,0.45251787
a03,98,0,0,0.39470106
a03,99,0,0,0.44754532
a03,100,0,1,0.74858236
a03,101,0,1,0.80101967
a03,102,0,1,0.7237995
a03,103,0,1,0.74191487
a03,104,0,1,0.8078341
a03,105,1,1,0.8071858
a03,106,1,1,0.8113647
a03,107,1,1,0.79734725
a03,108,1,1,0.80281955
a03,109,1,1,0.8034977
a03,110,1,1,0.804599
a03,111,1,1,0.8002594
a03,112,1,1,0.79964006
a03,113,1,1,0.8017937
a03,114,1,1,0.79226184
a03,115,1,1,0.8049724
a03,116,1,1,0.79735196
a03,117,1,1,0.80385256
a03,118,1,1,0.8020556
a03,119,1,1,0.79842913
a03,120,1,1,0.7968927
a03,121,1,1,0.8017245
a03,122,1,1,0.79783386
a03,123,1,1,0.79259956
a03,124,1,1,0.80262357
a03,125,1,1,0.78452396
a03,126,1,1,0.79248744
a03,127,1,1,0.7869359
a03,128,1,1,0.7977983
a03,129,1,1,0.79737765
a03,130,1,1,0.79226565
a03,131,1,1,0.80288935
a03,132,1,1,0.7893287
a03,133,1,1,0.8183961
a03,134,1,1,0.78298086
a03,135,1,1,0.84208643
a03,136,1,1,0.80628276
a03,137,1,1,0.79083306
a03,138,1,1,0.8135392
a03,139,1,1,0.810111
a03,140,1,1,0.7210199
a03,141,1,1,0.82090384
a03,142,1,1,0.8181749
a03,143,1,1,0.806065
a03,144,1,1,0.8119478
a03,145,1,1,0.81474674
a03,146,1,1,0.8053567
a03,147,0,1,0.5347555
a03,148,0,0,0.4875762
a03,149,0,0,0.35472873
a03,150,0,0,0.46518084
a03,151,0,0,0.18481772
a03,152,0,0,0.15458262
a03,153,0,0,0.33999318
a03,154,0,0,0.17351596
a03,155,0,0,0.1414079
a03,156,0,0,0.2611404
a03,157,0,0,0.4411068
a03,158,0,0,0.13956034
a03,159,0,0,0.14825068
a03,160,0,0,0.1449741
a03,161,0,0,0.21164802
a03,162,0,0,0.14674474
a03,163,0,0,0.14118895
a03,164,0,0,0.14695407
a03,165,0,0,0.3559599
a03,166,0,0,0.35404345
a03,167,0,0,0.14473855
a03,168,0,0,0.14859363
a03,169,0,0,0.3396976
a03,170,0,0,0.19123387
a03,171,0,0,0.18800727
a03,172,0,0,0.41755557
a03,173,0,0,0.16841076
a03,174,0,0,0.12114591
a03,175,0,0,0.14930359
a03,176,0,0,0.26270604
a03,177,0,0,0.15676835
a03,178,0,0,0.13979773
a03,179,0,0,0.14328353
a03,180,0,0,0.21226361
a03,181,0,0,0.27022305
a03,182,0,0,0.22780438
a03,183,0,0,0.1734491
a03,184,0,0,0.41248623
a03,185,0,0,0.39811358
a03,186,1,1,0.80927587
a03,187,1,1,0.80446786
a03,188,1,1,0.79975355
a03,189,1,1,0.78922737
a03,190,1,1,0.80627596
a03,191,1,1,0.79596865
a03,192,1,1,0.76086813
a03,193,1,1,0.79772437
a03,194,1,1,0.8148674
a03,195,1,1,0.80880606
a03,196,1,1,0.8018771
a03,197,1,1,0.8009284
a03,198,1,1,0.81225765
a03,199,1,1,0.8218796
a03,200,1,1,0.771724
a03,201,1,1,0.79430926
a03,202,1,1,0.7994359
a03,203,1,1,0.8135047
a03,204,1,1,0.802483
a03,205,1,1,0.80808175
a03,206,1,1,0.8059331
a03,207,1,1,0.8097711
a03,208,1,1,0.77462953
a03,209,1,1,0.8077404
a03,210,1,1,0.72193855
a03,211,1,1,0.7772798
a03,212,1,1,0.8020051
a03,213,1,1,0.80259466
a03,214,1,1,0.81196064
a03,215,1,1,0.8118348
a03,216,1,1,0.7964952
a03,217,1,1,0.85587263
a03,218,1,1,0.81609285
a03,219,1,1,0.70144635
a03,220,1,1,0.8071226
a03,221,1,1,0.8137208
a03,222,1,1,0.77584696
a03,223,1,1,0.8109188
a03,224,1,1,0.7972002
a03,225,1,1,0.81330806
a03,226,1,1,0.6315395
a03,227,1,1,0.7652498
a03,228,1,1,0.8202477
a03,229,0,1,0.7925177
a03,230,0,0,0.42246786
a03,231,0,1,0.50079465
a03,232,0,1,0.66446924
a03,233,0,1,0.7448589
a03,234,0,1,0.52523774
a03,235,0,0,0.3014151
a03,236,0,1,0.5143069
a03,237,0,1,0.7902163
a03,238,0,1,0.7644153
a03,239,0,1,0.7722766
a03,240,1,1,0.8471924
a03,241,1,1,0.8400583
a03,242,1,1,0.8257515
a03,243,1,1,0.82617325
a03,244,1,1,0.6330075
a03,245,1,1,0.80738306
a03,246,1,1,0.81334203
a03,247,1,1,0.7171502
a03,248,1,1,0.80576915
a03,249,1,1,0.8170371
a03,250,1,1,0.8121137
a03,251,1,1,0.81543714
a03,252,1,1,0.8022794
a03,253,1,1,0.8081117
a03,254,1,1,0.79207253
a03,255,1,1,0.801416
a03,256,1,1,0.8280777
a03,257,1,1,0.7877951
a03,258,0,1,0.8321653
a03,259,0,1,0.779787
a03,260,0,0,0.47838765
a03,261,0,0,0.35130802
a03,262,0,1,0.5822063
a03,263,0,0,0.4598368
a03,264,0,1,0.79133475
a03,265,0,0,0.35762456
a03,266,0,0,0.48189858
a03,268,0,0,0.42816034
a03,269,0,0,0.2798282
a03,270,0,0,0.44918245
a03,271,0,0,0.43599054
a03,272,0,1,0.5108042
a03,273,0,0,0.16066635
a03,274,0,0,0.20772058
a03,276,0,0,0.2833922
a03,277,0,0,0.45422888
a03,278,0,1,0.5672514
a03,279,0,1,0.8143848
a03,280,0,1,0.81473595
a03,281,0,1,0.5158454
a03,282,0,1,0.6314087
a03,283,0,1,0.731169
a03,284,0,0,0.39297557
a03,285,0,1,0.8327872
a03,286,0,1,0.7569794
a03,287,0,1,0.53161335
a03,288,0,1,0.771863
a03,289,0,1,0.7878049
a03,290,1,1,0.8133979
a03,291,1,1,0.80223817
a03,292,1,1,0.79325557
a03,293,1,1,0.81538075
a03,294,1,1,0.769758
a03,295,1,1,0.8044499
a03,296,1,1,0.8131632
a03,297,1,1,0.7825662
a03,298,1,1,0.80185074
a03,299,1,1,0.8004362
a03,300,1,1,0.8151637
a03,301,1,1,0.7728755
a03,302,1,1,0.77165717
a03,303,0,1,0.7610074
a03,304,0,0,0.36216584
a03,305,0,1,0.63792926
a03,306,0,0,0.28350112
a03,307,0,0,0.28040203
a03,308,0,0,0.2669519
a03,309,0,1,0.55139893
a03,310,0,1,0.7681739
a03,311,0,0,0.19242433
a03,312,0,0,0.16189939
a03,313,0,0,0.26232266
a03,314,0,0,0.46536943
a03,315,0,0,0.39572915
a03,316,0,0,0.15080473
a03,317,0,1,0.67222756
a03,318,0,0,0.46437442
a03,319,0,0,0.20977291
a03,320,0,0,0.4191467
a03,321,0,0,0.47154874
a03,322,0,1,0.70013905
a03,323,0,0,0.4677559
a03,324,0,1,0.67649317
a03,325,0,0,0.4399973
a03,326,0,0,0.47538158
a03,327,0,1,0.660186
a03,328,0,0,0.32465738
a03,329,0,0,0.2864653
a03,330,0,0,0.45931247
a03,331,0,1,0.68838596
a03,332,0,1,0.5067653
a03,333,0,0,0.32044443
a03,334,0,0,0.2779862
a03,335,0,0,0.36371034
a03,336,0,1,0.5622058
a03,337,0,0,0.47545892
a03,338,0,1,0.5399502
a03,339,0,0,0.14170156
a03,340,0,1,0.6390262
a03,341,0,0,0.46637875
a03,342,0,0,0.45958257
a03,343,0,0,0.4722575
a03,344,0,0,0.2817314
a03,345,0,0,0.2123366
a03,346,0,1,0.66001123
a03,347,1,1,0.78534263
a03,348,1,1,0.80440414
a03,349,1,1,0.8246029
a03,350,1,1,0.780048
a03,351,1,1,0.80133444
a03,352,1,1,0.7864692
a03,353,0,1,0.57165927
a03,354,0,0,0.46613145
a03,355,0,0,0.2822157
a03,356,0,0,0.39547154
a03,357,0,0,0.26294535
a03,358,0,0,0.47406238
a03,359,0,0,0.41823876
a03,360,0,0,0.45361146
a03,361,0,1,0.7438691
a03,362,0,1,0.6884362
a03,363,0,1,0.76793367
a03,364,0,1,0.82140833
a03,365,0,1,0.58532065
a03,366,0,0,0.45264372
a03,367,0,1,0.79846585
a03,368,0,1,0.79876596
a03,370,0,1,0.7696857
a03,371,0,1,0.5342059
a03,372,0,1,0.69081247
a03,373,0,1,0.8079942
a03,374,0,1,0.7995559
a03,375,0,1,0.7969342
a03,376,0,1,0.81238294
a03,377,0,1,0.690516
a03,378,0,1,0.80061
a03,379,0,1,0.7695209
a03,380,0,1,0.8064653
a03,381,0,1,0.51117456
a03,383,0,0,0.2751435
a03,384,0,1,0.7903836
a03,385,1,1,0.8215561
a03,386,1,1,0.8168706
a03,387,1,1,0.8197452
a03,388,1,1,0.81612813
a03,389,1,1,0.7877633
a03,390,1,1,0.80728054
a03,391,1,1,0.7993112
a03,392,1,1,0.80192876
a03,393,1,1,0.8169602
a03,394,1,1,0.81434304
a03,395,1,1,0.8064241
a03,396,1,1,0.8063878
a03,397,1,1,0.810348
a03,398,1,1,0.80498517
a03,399,1,1,0.8037679
a03,400,1,1,0.81215364
a03,401,1,1,0.7393746
a03,402,1,1,0.7976769
a03,403,1,1,0.78536564
a03,404,1,1,0.8011553
a03,405,1,1,0.7802598
a03,406,0,1,0.5295464
a03,407,0,1,0.55020624
a03,408,0,0,0.22088507
a03,409,0,0,0.20876947
a03,410,0,1,0.83616775
a03,411,1,1,0.81315327
a03,412,1,1,0.8043608
a03,413,1,1,0.79527164
a03,414,1,1,0.81918496
a03,415,1,1,0.72789645
a03,416,1,1,0.7188322
a03,417,0,1,0.57724303
a03,418,0,0,0.27685356
a03,419,0,0,0.22049843
a03,420,0,0,0.3165364
a03,421,0,1,0.595095
a03,422,0,0,0.4516945
a03,423,0,1,0.5830871
a03,424,0,0,0.34642473
a03,425,0,0,0.46126947
a03,426,0,1,0.67943245
a03,427,1,1,0.8038801
a03,428,1,1,0.81824034
a03,429,1,1,0.82073617
a03,430,1,1,0.8137895
a03,431,1,1,0.8235669
a03,432,1,1,0.8187224
a03,433,1,1,0.7822506
a03,434,1,1,0.54803175
a03,435,1,1,0.65577865
a03,436,1,1,0.81046706
a03,437,1,1,0.8027239
a03,438,1,1,0.80129117
a03,439,1,1,0.75502145
a03,440,1,1,0.790966
a03,441,1,1,0.8275203
a03,442,1,1,0.6076836
a03,443,0,0,0.4900557
a03,444,0,0,0.40522406
a03,445,0,0,0.46188283
a03,446,0,0,0.44203687
a03,447,0,0,0.2719161
a03,448,0,1,0.546445
a03,449,0,0,0.32833704
a03,450,0,1,0.7682003
a03,451,0,1,0.50394017
a03,452,0,0,0.2833691
a03,453,0,0,0.43678337
a03,454,0,1,0.78664243
a03,455,0,1,0.7735399
a03,456,0,0,0.3598219
a03,457,0,1,0.7462606
a03,458,0,0,0.31775725
a03,459,0,1,0.7229413
a03,460,0,0,0.44530854
a03,461,0,1,0.61783236
a03,462,0,0,0.40452334
a03,463,0,1,0.7400754
a03,464,0,0,0.4910473
a03,465,0,0,0.3706281
a03,466,0,0,0.2448985
a03,467,0,0,0.49484697
a03,468,0,1,0.77546257
a03,469,0,1,0.8161227
a03,470,1,1,0.5850927
a03,471,1,1,0.7783287
a03,472,1,1,0.8107413
a03,473,1,1,0.78842175
a03,474,1,1,0.77533454
a03,475,1,1,0.7971803
a03,476,1,1,0.7841465
a03,477,1,1,0.7992663
a03,478,1,1,0.79737604
a03,479,1,1,0.7977671
a03,480,1,1,0.8099664
a03,481,1,1,0.80442506
a03,482,1,1,0.79203373
a03,483,1,1,0.7801568
a03,484,1,1,0.82241666
a03,485,1,1,0.8225325
a03,486,1,1,0.80594087
a03,487,1,1,0.8092325
a03,488,1,1,0.7666544
a03,489,1,1,0.8022852
a03,490,1,1,0.81527793
a03,491,1,0,0.49679616
a03,492,0,0,0.16668378
a03,493,0,0,0.31790274
a03,494,0,0,0.40409413
a03,495,0,0,0.24423651
a03,496,0,1,0.6626557
a03,497,0,0,0.4540491
a03,498,0,0,0.30535918
a03,499,0,1,0.7090548
a03,500,0,1,0.80613256
a03,501,0,1,0.8145297
a03,502,0,0,0.45973247
a03,503,0,1,0.80170375
a03,504,0,1,0.8058626
a03,505,0,0,0.32410967
a03,506,0,1,0.81558615
a03,507,1,1,0.8021223
a03,508,1,1,0.7540566
a03,509,1,1,0.7530527
a03,510,1,1,0.8022391
a03,511,1,1,0.8106194
a03,512,1,0,0.48729783
a03,513,1,1,0.7749201
a03,514,1,1,0.816926
a03,515,1,1,0.80449796
a03,516,1,1,0.8026332
a03,517,1,1,0.7964596
a03,518,1,1,0.8220259
a04,1,0,0,0.2716845
a04,2,0,1,0.704239
a04,3,0,1,0.6822427
a04,4,0,0,0.28673482
a04,5,0,0,0.4629717
a04,6,0,1,0.7140819
a04,7,0,0,0.31172925
a04,8,0,1,0.51929295
a04,9,0,1,0.6716213
a04,10,0,0,0.33745328
a04,11,0,1,0.7412098
a04,12,0,1,0.5323868
a04,13,0,1,0.65789646
a04,14,0,1,0.72210556
a04,15,0,0,0.47665718
a04,16,0,0,0.39709297
a04,17,0,1,0.63115954
a04,18,0,0,0.25024846
a04,19,0,1,0.6749051
a04,20,0,0,0.3039314
a04,21,0,0,0.26622015
a04,22,0,0,0.4663565
a04,23,0,0,0.3211469
a04,24,0,0,0.31635755
a04,25,0,1,0.6322923
a04,26,0,0,0.4977225
a04,27,0,1,0.6723493
a04,28,0,1,0.77294123
a04,29,0,0,0.40755197
a04,30,0,0,0.47586182
a04,31,0,1,0.560534
a04,32,0,0,0.2920719
a04,33,0,0,0.40947175
a04,34,0,1,0.6521543
a04,35,1,1,0.7959609
a04,36,1,0,0.19143704
a04,37,1,1,0.80196726
a04,38,1,1,0.61171687
a04,39,1,1,0.7863905
a04,40,1,1,0.6371192
a04,41,1,1,0.80101186
a04,42,1,1,0.81081325
a04,43,1,1,0.73963684
a04,44,1,1,0.6536566
a04,45,1,0,0.47536427
a04,46,1,1,0.8309093
a04,47,1,1,0.81001824
a04,48,1,1,0.81586605
a04,49,1,1,0.84934616
a04,50,1,1,0.79298896
a04,51,1,1,0.8035624
a04,52,1,1,0.6086273
a04,53,1,1,0.58447033
a04,54,1,0,0.49691683
a04,55,1,0,0.47838962
a04,56,1,1,0.768348
a04,57,1,1,0.7571885
a04,58,1,1,0.7881604
a04,59,1,1,0.64297885
a04,60,1,1,0.6847808
a04,61,1,1,0.77574277
a04,62,1,1,0.7680643
a04,63,1,1,0.6024547
a04,64,1,1,0.73687536
a04,65,1,1,0.7922541
a04,66,1,0,0.47024238
a04,67,1,1,0.7949853
a04,68,1,0,0.42352706
a04,69,1,1,0.7839187
a04,70,1,1,0.79009485
a04,71,1,1,0.753074
a04,72,1,1,0.7874989
a04,73,1,0,0.37937596
a04,74,1,0,0.39276734
a04,75,1,1,0.81014663
a04,76,1,1,0.8274476
a04,77,1,1,0.7591502
a04,78,1,1,0.78469855
a04,79,1,1,0.7681374
a04,80,1,1,0.7993885
a04,81,1,1,0.760366
a04,82,1,0,0.40807512
a04,83,1,1,0.6879058
a04,84,1,1,0.68123245
a04,85,1,1,0.77252126
a04,86,1,1,0.6325532
a04,87,1,1,0.7934433
a04,88,1,1,0.70200837
a04,89,1,1,0.8340404
a04,90,1,1,0.7932393
a04,91,1,1,0.73481095
a04,92,1,1,0.8267287
a04,93,1,1,0.78168213
a04,94,1,1,0.70050704
a04,95,1,1,0.82434595
a04,96,1,1,0.7985354
a04,97,1,1,0.7972791
a04,98,1,1,0.82116336
a04,99,1,1,0.7823705
a04,100,1,1,0.7491583
a04,101,1,1,0.79733884
a04,102,1,1,0.79287994
a04,103,1,1,0.8163405
a04,104,1,1,0.81027955
a04,105,1,1,0.83407843
a04,106,1,1,0.78787166
a04,107,1,1,0.80936503
a04,108,1,1,0.82348555
a04,109,1,1,0.7567161
a04,110,1,1,0.70261383
a04,111,1,1,0.75896037
a04,112,1,1,0.73380077
a04,113,1,1,0.8033948
a04,114,1,1,0.82027406
a04,115,1,1,0.8173155
a04,116,1,0,0.38603994
a04,117,1,1,0.73800945
a04,118,1,1,0.8342899
a04,119,1,0,0.36697423
a04,120,1,0,0.4704056
a04,121,1,1,0.83975554
a04,122,1,1,0.8323167
a04,123,1,1,0.82352716
a04,124,1,1,0.75581604
a04,125,1,1,0.83581614
a04,126,1,1,0.80511826
a04,127,1,1,0.77744323
a04,128,1,1,0.81381047
a04,129,1,1,0.8266743
a04,130,1,1,0.81804985
a04,131,1,1,0.7774599
a04,132,1,1,0.753775
a04,133,1,1,0.794139
a04,134,1,1,0.81883025
a04,135,1,1,0.78043973
a04,136,1,1,0.80406225
a04,137,1,1,0.7933255
a04,138,1,1,0.8186733
a04,139,1,1,0.75929147
a04,140,1,1,0.82589537
a04,141,1,1,0.81523037
a04,142,1,1,0.8061181
a04,143,1,1,0.7844152
a04,144,1,1,0.55801356
a04,145,1,1,0.8277251
a04,146,1,1,0.8143377
a04,147,1,1,0.809728
a04,148,1,1,0.8120176
a04,149,1,1,0.701605
a04,150,1,1,0.8343058
a04,151,1,1,0.82787466
a04,152,1,1,0.7196849
a04,153,1,1,0.83238715
a04,154,1,1,0.83165514
a04,155,1,1,0.8497001
a04,156,1,1,0.81926256
a04,157,1,1,0.8342368
a04,158,1,1,0.71245587
a04,159,1,1,0.833955
a04,160,1,1,0.83440566
a04,161,1,1,0.8105042
a04,162,1,1,0.8190552
a04,163,1,1,0.702
a04,164,1,1,0.7255371
a04,165,1,1,0.795846
a04,166,1,1,0.78774685
a04,167,1,1,0.7938577
a04,168,1,1,0.6913201
a04,169,1,1,0.8314023
a04,170,1,1,0.837958
a04,171,1,1,0.7173013
a04,172,1,1,0.82357115
a04,173,1,1,0.81528157
a04,174,1,1,0.8183531
a04,175,0,1,0.82243854
a04,176,0,1,0.72658306
a04,177,1,1,0.809443
a04,178,1,1,0.7371713
a04,179,1,1,0.75296664
a04,180,1,1,0.658265
a04,181,1,1,0.6782138
a04,182,1,1,0.82005
a04,183,1,1,0.73586047
a04,184,1,1,0.7980989
a04,185,1,1,0.78917736
a04,186,1,1,0.8179688
a04,187,1,1,0.71917486
a04,188,1,1,0.81598043
a04,189,1,1,0.6451237
a04,190,1,1,0.76384443
a04,191,1,1,0.78139067
a04,192,1,1,0.8162697
a04,193,1,1,0.79422516
a04,194,1,1,0.79272914
a04,195,1,1,0.81266636
a04,196,1,1,0.8245959
a04,197,1,1,0.7587356
a04,198,1,1,0.8168961
a04,199,1,1,0.8051317
a04,200,1,1,0.73792994
a04,201,1,1,0.6230545
a04,202,1,1,0.7217103
a04,203,1,1,0.7998348
a04,204,1,1,0.84207714
a04,205,1,1,0.73184377
a04,206,1,1,0.7988081
a04,207,1,1,0.8045935
a04,208,1,1,0.831656
a04,209,1,1,0.81333524
a04,210,1,1,0.8332309
a04,211,1,1,0.8020634
a04,212,1,1,0.83289146
a04,213,1,1,0.79059947
a04,214,1,1,0.78571016
a04,215,1,1,0.82339907
a04,216,1,1,0.8171945
a04,217,1,0,0.4001716
a04,218,1,1,0.7223515
a04,219,1,0,0.4484981
a04,220,1,1,0.61729294
a04,221,1,0,0.43060052
a04,222,1,1,0.53534067
a04,223,1,1,0.8184554
a04,224,1,0,0.4821397
a04,225,1,1,0.82121485
a04,226,1,1,0.82807887
a04,227,1,1,0.8017642
a04,228,1,1,0.82101023
a04,229,1,0,0.48771548
a04,230,1,1,0.81996906
a04,231,1,1,0.8184658
a04,232,1,1,0.7979294
a04,233,1,1,0.83104366
a04,234,1,1,0.82724625
a04,235,1,1,0.52700466
a04,236,1,1,0.82964766
a04,237,1,1,0.8002032
a04,238,1,1,0.83482045
a04,239,1,1,0.83635634
a04,240,1,1,0.81700224
a04,241,1,1,0.81118935
a04,242,1,0,0.45589072
a04,243,1,1,0.7649617
a04,244,1,1,0.83225816
a04,245,1,1,0.7908911
a04,246,1,1,0.82810277
a04,247,1,1,0.8016055
a04,248,1,1,0.8319287
a04,249,1,1,0.7968249
a04,250,1,1,0.79527694
a04,251,1,1,0.77256215
a04,252,1,1,0.8103763
a04,253,1,1,0.82720995
a04,254,1,1,0.8238877
a04,255,1,1,0.8304486
a04,256,1,1,0.822974
a04,257,1,0,0.46628258
a04,258,1,0,0.49736524
a04,259,1,1,0.8307851
a04,260,1,1,0.5225346
a04,261,1,1,0.8379287
a04,262,1,1,0.78450215
a04,263,1,1,0.8337003
a04,264,1,1,0.8394414
a04,265,1,1,0.8310781
a04,266,1,1,0.8349144
a04,267,1,1,0.83407015
a04,268,1,1,0.8298786
a04,269,1,1,0.8355248
a04,270,1,1,0.8252168
a04,271,1,1,0.8296044
a04,272,1,1,0.83320713
a04,273,1,1,0.82060623
a04,274,1,1,0.8378341
a04,275,1,1,0.83643556
a04,276,1,1,0.627203
a04,277,1,1,0.75994587
a04,278,1,1,0.8360399
a04,279,1,1,0.80777216
a04,280,1,1,0.8152811
a04,281,1,1,0.8199952
a04,282,1,1,0.8403276
a04,283,1,1,0.8237791
a04,284,1,1,0.78383523
a04,285,1,1,0.82414085
a04,286,1,1,0.797769
a04,287,1,1,0.8275139
a04,288,1,1,0.8088457
a04,289,1,1,0.83803284
a04,290,1,1,0.8262024
a04,291,1,1,0.82840466
a04,292,1,1,0.810421
a04,293,1,1,0.8326499
a04,294,1,1,0.8305475
a04,295,1,1,0.81216085
a04,296,1,1,0.8345902
a04,297,1,1,0.8367672
a04,298,1,1,0.8288468
a04,299,1,1,0.59019464
a04,300,1,1,0.8311296
a04,301,1,1,0.82517886
a04,302,1,1,0.7095972
a04,303,1,1,0.8122814
a04,304,1,1,0.81324273
a04,305,1,1,0.83204013
a04,306,1,1,0.566488
a04,307,1,0,0.43565777
a04,308,1,1,0.7267296
a04,309,1,1,0.7403505
a04,310,1,1,0.79286015
a04,311,1,1,0.8315322
a04,312,1,1,0.78415
a04,313,1,1,0.80622554
a04,314,1,1,0.82773775
a04,315,1,1,0.82050824
a04,316,1,1,0.8144518
a04,317,1,1,0.7268883
a04,318,1,1,0.80029577
a04,319,1,1,0.8275319
a04,320,1,1,0.7088571
a04,322,1,1,0.7841565
a04,323,1,1,0.76044744
a04,324,1,1,0.79544175
a04,325,1,0,0.47218207
a04,326,1,1,0.83369166
a04,327,1,0,0.4682329
a04,328,1,1,0.8369539
a04,329,1,1,0.75788724
a04,330,1,1,0.81779593
a04,331,1,1,0.8213481
a04,332,1,1,0.5465018
a04,333,1,1,0.79636884
a04,334,1,1,0.6953947
a04,335,1,1,0.6422218
a04,336,1,1,0.79896826
a04,337,1,1,0.79632175
a04,338,1,1,0.7847577
a04,339,1,1,0.79263216
a04,340,1,1,0.8108163
a04,341,1,1,0.7903389
a04,342,1,0,0.49781507
a04,343,1,1,0.8062095
a04,344,1,1,0.6704168
a04,345,1,1,0.7145453
a04,346,1,1,0.66845024
a04,347,1,1,0.7790354
a04,348,1,1,0.7517874
a04,349,1,1,0.806247
a04,350,1,1,0.80951
a04,351,1,1,0.84333104
a04,352,1,1,0.8170741
a04,353,1,1,0.82819724
a04,354,1,1,0.7926853
a04,355,1,1,0.8202146
a04,356,1,1,0.8260143
a04,357,1,1,0.81953084
a04,358,1,1,0.8255678
a04,359,1,1,0.81204623
a04,360,1,1,0.81882507
a04,361,1,1,0.7984617
a04,362,1,1,0.80387414
a04,363,1,1,0.8026917
a04,364,1,1,0.8185264
a04,365,1,1,0.824478
a04,366,1,1,0.7212719
a04,367,1,1,0.8067054
a04,368,1,1,0.60608757
a04,369,1,1,0.7669744
a04,370,1,1,0.82588685
a04,371,1,1,0.8064383
a04,372,1,1,0.8161277
a04,373,1,1,0.7547234
a04,374,1,1,0.7985558
a04,375,1,1,0.8269895
a04,376,1,1,0.8054196
a04,377,1,1,0.782139
a04,378,1,1,0.71952707
a04,379,1,1,0.78665227
a04,380,1,1,0.5773485
a04,381,1,1,0.8289851
a04,382,1,1,0.8162558
a04,383,1,1,0.83506876
a04,384,1,1,0.79047024
a04,385,1,1,0.8152348
a04,386,1,1,0.8181602
a04,387,1,1,0.7796612
a04,388,1,1,0.78948826
a04,389,1,1,0.83836013
a04,390,1,1,0.831331
a04,391,1,1,0.8294978
a04,392,1,1,0.8440317
a04,393,1,1,0.82673573
a04,394,1,1,0.8302149
a04,395,1,1,0.8350582
a04,396,1,1,0.8170785
a04,397,1,1,0.8223623
a04,398,1,1,0.79669356
a04,399,1,1,0.82724017
a04,400,1,1,0.8215411
a04,401,1,1,0.8334174
a04,402,1,1,0.7682697
a04,403,1,1,0.82811075
a04,404,1,1,0.8086405
a04,405,1,1,0.8423005
a04,406,1,1,0.8328482
a04,407,1,1,0.80084616
a04,408,1,1,0.8148035
a04,409,1,1,0.78686035
a04,410,1,1,0.6951721
a04,411,1,1,0.7002407
a04,412,1,1,0.7699919
a04,413,1,1,0.81785196
a04,414,1,1,0.76728934
a04,415,1,1,0.8084089
a04,416,1,1,0.82868725
a04,417,1,1,0.69336414
a04,418,1,1,0.8286027
a04,419,1,1,0.79946226
a04,420,1,1,0.7627326
a04,421,1,1,0.8090644
a04,422,1,0,0.37852174
a04,423,1,1,0.7890773
a04,424,1,1,0.77694213
a04,425,1,1,0.627211
a04,426,1,1,0.8314325
a04,427,1,1,0.75462353
a04,428,1,1,0.7947881
a04,429,1,1,0.83274686
a04,430,1,1,0.77212536
a04,431,1,1,0.813954
a04,432,1,1,0.82261467
a04,433,1,1,0.8327747
a04,434,1,1,0.8281778
a04,435,1,1,0.8153706
a04,436,1,1,0.80839443
a04,437,1,1,0.79821354
a04,438,1,1,0.7632438
a04,439,1,0,0.4069825
a04,440,1,1,0.81318593
a04,441,1,1,0.5160289
a04,442,1,1,0.8350231
a04,443,1,1,0.7387043
a04,444,1,1,0.8276941
a04,445,1,1,0.79653764
a04,446,1,1,0.683158
a04,447,1,1,0.81739867
a04,448,1,1,0.78445715
a04,449,1,1,0.851225
a04,450,1,1,0.79590786
a04,451,1,1,0.5256737
a04,452,1,1,0.6347377
a04,453,1,1,0.7597238
a04,454,1,1,0.757525
a04,455,1,1,0.7645037
a04,456,1,1,0.8542619
a04,457,1,1,0.8095785
a04,458,1,1,0.78216463
a04,459,1,1,0.8502723
a04,460,1,1,0.81741947
a04,461,1,1,0.77193964
a04,462,0,1,0.83017224
a04,463,0,1,0.80918586
a04,464,1,1,0.74226654
a04,465,1,1,0.5754457
a04,466,1,1,0.8415222
a04,467,1,1,0.70740247
a04,468,1,1,0.78541386
a04,469,1,1,0.824225
a04,470,1,1,0.7547854
a04,471,1,1,0.8089021
a04,472,1,1,0.8227979
a04,473,1,1,0.72295505
a04,474,1,1,0.7190059
a04,475,1,1,0.80200976
a04,476,1,1,0.71321106
a04,477,1,1,0.8374724
a04,478,1,1,0.81464744
a04,479,1,1,0.6963226
a04,480,1,1,0.82472086
a04,481,1,1,0.8092058
a04,482,1,1,0.8330756
a04,483,1,1,0.7976304
a04,484,1,1,0.55435145
a04,485,1,1,0.8296628
a04,486,1,1,0.83185226
a04,487,1,1,0.8238682
a04,488,1,1,0.7741628
a04,489,1,1,0.69144905
a04,490,1,1,0.80323863
a04,491,1,1,0.8450961
a05,1,0,1,0.5333404
a05,2,0,1,0.51641935
a05,3,0,0,0.48060408
a05,4,0,1,0.62741953
a05,5,0,1,0.66388637
a05,6,0,0,0.46296877
a05,7,0,0,0.18964563
a05,8,0,0,0.34802067
a05,9,0,0,0.2066011
a05,10,0,0,0.47222716
a05,11,0,1,0.6301283
a05,12,0,0,0.49451825
a05,13,0,1,0.60580415
a05,14,1,1,0.6065478
a05,15,1,1,0.6769541
a05,16,1,1,0.67872316
a05,17,1,1,0.60823005
a05,18,1,1,0.6939019
a05,19,1,1,0.7050777
a05,20,1,1,0.74083465
a05,21,1,1,0.5459892
a05,22,1,1,0.58288276
a05,23,1,1,0.66628534
a05,24,1,1,0.6222403
a05,25,1,1,0.61254716
a05,26,1,1,0.6055803
a05,27,1,1,0.64794666
a05,28,1,1,0.55971295
a05,29,1,1,0.6388388
a05,30,1,1,0.6638128
a05,31,1,1,0.68000704
a05,32,1,1,0.70493656
a05,33,0,1,0.606244
a05,35,0,1,0.6826461
a05,36,0,1,0.5616418
a05,37,0,1,0.7828075
a05,38,0,1,0.5062742
a05,39,0,1,0.58471894
a05,40,0,1,0.811012
a05,41,0,1,0.5045019
a05,42,0,0,0.4383262
a05,43,0,0,0.4157595
a05,44,0,0,0.17328486
a05,45,0,0,0.20828758
a05,46,0,0,0.19708674
a05,47,0,0,0.19276257
a05,48,0,1,0.7062427
a05,49,0,1,0.80080295
a05,50,0,1,0.65443736
a05,51,0,0,0.18381715
a05,52,0,0,0.23727149
a05,53,0,0,0.29768315
a05,54,0,0,0.2808431
a05,55,0,1,0.6576866
a05,56,0,0,0.44686544
a05,57,0,0,0.32806247
a05,58,0,0,0.3073242
a05,59,0,0,0.34703356
a05,60,0,0,0.30004805
a05,61,0,0,0.38591507
a05,62,0,0,0.47149706
a05,63,0,0,0.37560874
a05,64,0,0,0.28445774
a05,65,0,1,0.625506
a05,66,0,1,0.5685439
a05,67,1,0,0.27028283
a05,68,1,1,0.5218634
a05,69,1,1,0.7493589
a05,70,0,0,0.47941455
a05,71,0,0,0.47838113
a05,72,0,1,0.6100387
a05,73,0,1,0.6899549
a05,74,0,1,0.7641733
a05,75,0,0,0.38018653
a05,76,0,0,0.19594903
a05,77,0,1,0.52260023
a05,78,0,0,0.24729516
a05,79,0,0,0.2525968
a05,80,0,0,0.31523323
a05,81,0,1,0.79746485
a05,82,0,0,0.47681412
a05,83,0,1,0.7159333
a05,84,0,0,0.28385803
a05,85,0,1,0.6110973
a05,86,0,1,0.7573863
a05,87,0,1,0.6489714
a05,88,0,1,0.62442046
a05,89,0,0,0.23387678
a05,90,0,1,0.63312656
a05,91,0,0,0.31645164
a05,92,0,0,0.37438965
a05,93,1,1,0.51469463
a05,94,1,1,0.5097669
a05,95,1,1,0.6296058
a05,96,1,1,0.56821406
a05,97,1,1,0.52956355
a05,98,1,1,0.53991866
a05,99,1,1,0.5014778
a05,100,1,1,0.53949696
a05,101,1,1,0.5196827
a05,102,1,1,0.6855721
a05,103,1,1,0.55241156
a05,104,1,1,0.69157726
a05,105,1,1,0.65758175
a05,106,1,1,0.56373024
a05,107,1,1,0.8312023
a05,108,1,1,0.6593601
a05,109,1,0,0.46777117
a05,110,1,1,0.7293049
a05,111,1,0,0.46414244
a05,112,1,1,0.644054
a05,113,1,1,0.7022806
a05,114,1,1,0.74545926
a05,115,1,1,0.64978
a05,116,1,1,0.538218
a05,117,1,0,0.3876513
a05,118,1,1,0.5663103
a05,119,1,1,0.7199667
a05,120,1,1,0.736026
a05,121,1,1,0.7784143
a05,122,1,1,0.6234164
a05,123,1,1,0.6588682
a05,124,1,1,0.61644703
a05,125,1,1,0.7068117
a05,126,1,1,0.5603598
a05,127,1,1,0.7272072
a05,128,1,1,0.59022427
a05,129,1,1,0.8227295
a05,130,1,1,0.6092473
a05,131,1,1,0.52648324
a05,132,1,1,0.53003895
a05,133,1,1,0.7404114
a05,134,1,1,0.6848658
a05,135,1,1,0.7405807
a05,136,1,1,0.58419645
a05,137,1,1,0.5639038
a05,138,1,1,0.7182329
a05,140,1,1,0.72860634
a05,141,1,1,0.565942
a05,142,1,1,0.61922157
a05,143,1,0,0.23960415
a05,144,1,1,0.73572224
a05,145,1,1,0.59972894
a05,146,1,1,0.7164259
a05,147,1,0,0.49618027
a05,148,1,1,0.5228359
a05,149,1,1,0.8359992
a05,150,0,1,0.8329868
a05,151,0,0,0.45009273
a05,152,0,1,0.62890655
a05,153,0,0,0.46193314
a05,154,0,0,0.30806294
a05,156,0,0,0.3143313
a05,157,0,0,0.38933608
a05,158,0,1,0.50106806
a05,159,1,1,0.5064739
a05,160,1,0,0.32945627
a05,161,1,0,0.24643181
a05,162,1,1,0.5023834
a05,164,1,1,0.681667
a05,166,1,1,0.5632829
a05,167,1,1,0.58493704
a05,168,1,1,0.58592683
a05,169,1,0,0.4852934
a05,170,1,1,0.5511013
a05,171,1,1,0.65110475
a05,172,1,1,0.5957523
a05,173,1,1,0.644664
a05,174,1,0,0.4948981
a05,175,1,1,0.5170029
a05,176,1,1,0.7573279
a05,177,1,1,0.6726737
a05,178,1,1,0.71463686
a05,179,1,1,0.6889987
a05,180,1,1,0.69990444
a05,181,1,1,0.7602049
a05,182,1,1,0.65908587
a05,183,1,1,0.633396
a05,184,1,1,0.6594173
a05,185,1,1,0.65303427
a05,186,1,1,0.7160417
a05,187,1,1,0.5674682
a05,188,1,1,0.5038766
a05,189,1,1,0.6289895
a05,190,1,1,0.75943464
a05,191,1,1,0.64280075
a05,192,1,1,0.70553327
a05,193,1,1,0.7058961
a05,194,1,1,0.66777617
a05,195,1,1,0.6548827
a05,196,1,1,0.71577007
a05,197,1,1,0.6158442
a05,198,1,0,0.46547788
a05,199,1,1,0.56824857
a05,200,1,1,0.684027
a05,201,1,1,0.61470056
a05,202,1,1,0.65218943
a05,203,1,1,0.64555115
a05,204,1,1,0.58132833
a05,205,1,1,0.6229184
a05,206,1,1,0.59747773
a05,207,1,1,0.59386015
a05,208,1,1,0.53624797
a05,209,1,1,0.67689127
a05,210,1,1,0.5405967
a05,211,1,1,0.6139424
a05,213,1,1,0.5790568
a05,214,1,1,0.83354753
a05,215,0,1,0.71644074
a05,216,0,1,0.7560841
a05,217,0,1,0.8194305
a05,218,0,1,0.7198615
a05,219,0,0,0.4897168
a05,220,0,1,0.63171697
a05,221,0,0,0.27221522
a05,222,0,0,0.44176087
a05,223,0,1,0.8431457
a05,225,0,0,0.18245614
a05,226,0,0,0.21824908
a05,227,0,0,0.23256494
a05,228,0,0,0.44624767
a05,229,0,1,0.7878055
a05,230,0,0,0.20768726
a05,232,0,0,0.26801288
a05,233,0,0,0.23871626
a05,234,0,1,0.6455266
a05,235,0,0,0.3498849
a05,236,0,1,0.8339434
a05,237,0,1,0.830222
a05,238,1,1,0.57455903
a05,239,0,0,0.4534168
a05,240,0,1,0.8411465
a05,241,0,0,0.3458667
a05,242,0,0,0.35308295
a05,243,0,1,0.6280853
a05,245,0,0,0.40384263
a05,246,0,0,0.42220557
a05,247,0,1,0.58945817
a05,249,1,0,0.41640356
a05,250,1,1,0.62316275
a05,251,1,0,0.48006457
a05,252,1,1,0.61548275
a05,253,1,0,0.4401769
a05,254,1,1,0.73034406
a05,255,1,1,0.65388703
a05,256,1,1,0.58070415
a05,257,1,1,0.7515875
a05,258,1,0,0.48248973
a05,259,1,0,0.47487995
a05,260,1,1,0.7049208
a05,261,1,1,0.6079075
a05,262,1,1,0.6814635
a05,263,1,1,0.6454346
a05,264,1,0,0.49135852
a05,265,1,0,0.21355198
a05,266,1,1,0.5157726
a05,267,1,1,0.7497208
a05,268,1,1,0.5495775
a05,269,1,0,0.49666235
a05,271,0,0,0.30665037
a05,272,0,1,0.83750814
a05,274,1,0,0.4722962
a05,275,1,1,0.5345698
a05,276,1,0,0.41490322
a05,277,1,0,0.3362522
a05,278,1,1,0.6486538
a05,279,1,1,0.75724536
a05,280,1,1,0.73742175
a05,281,1,1,0.6568974
a05,282,1,1,0.7814443
a05,283,1,1,0.7563577
a05,284,1,0,0.46236852
a05,285,1,1,0.6016659
a05,286,1,1,0.66180015
a05,287,1,1,0.7051824
a05,288,1,1,0.6730645
a05,289,1,1,0.64844275
a05,290,1,1,0.5951071
a05,291,1,1,0.62082493
a05,292,1,1,0.728347
a05,293,1,1,0.831622
a05,294,0,0,0.3504863
a05,295,0,1,0.69854265
a05,296,1,1,0.622893
a05,297,1,1,0.7835147
a05,298,1,1,0.7997065
a05,299,1,1,0.7046051
a05,300,1,1,0.743635
a05,301,1,1,0.6816091
a05,302,1,1,0.80151606
a05,303,1,1,0.6061974
a05,304,1,1,0.7484986
a05,305,1,1,0.79150605
a05,306,1,1,0.81341445
a05,307,1,1,0.8061437
a05,308,1,1,0.8029404
a05,309,1,1,0.78676385
a05,310,1,1,0.81183636
a05,311,1,0,0.40916893
a05,312,1,1,0.7389646
a05,313,1,1,0.7565209
a05,314,1,1,0.78346395
a05,315,1,1,0.7522495
a05,316,1,1,0.7723101
a05,317,1,1,0.6220902
a05,318,1,1,0.81518143
a05,319,1,1,0.61897534
a05,320,1,1,0.7792335
a05,321,1,1,0.7895739
a05,322,1,1,0.7838797
a05,323,1,1,0.68027395
a05,324,1,1,0.83545274
a05,325,1,1,0.61658144
a05,326,1,1,0.80689794
a05,327,1,1,0.55623204
a05,328,1,1,0.833797
a05,329,1,1,0.82753384
a05,330,1,1,0.706667
a05,331,1,0,0.45848063
a05,332,1,1,0.7007514
a05,333,1,1,0.75971377
a05,334,1,1,0.8053163
a05,335,1,1,0.8123847
a05,336,1,0,0.4358164
a05,337,1,1,0.77624315
a05,338,0,1,0.75442886
a05,339,1,0,0.44433954
a05,340,0,0,0.39611807
a05,341,1,1,0.81082153
a05,342,1,1,0.74860525
a05,343,1,1,0.60019743
a05,344,1,1,0.7156011
a05,345,1,1,0.7565421
a05,346,1,1,0.8109339
a05,347,1,1,0.65617394
a05,348,1,1,0.6637684
a05,349,0,1,0.60245514
a05,350,0,1,0.6226038
a05,351,0,1,0.8131481
a05,352,0,1,0.8366752
a05,353,1,1,0.83117473
a05,354,0,0,0.29590884
a05,355,0,0,0.3196574
a05,356,0,0,0.45296407
a05,357,0,1,0.6617382
a05,358,0,0,0.42960826
a05,359,0,1,0.7271537
a05,360,0,1,0.5735727
a05,361,0,1,0.79562587
a05,362,1,0,0.3797267
a05,363,0,1,0.83969426
a05,364,0,1,0.8365184
a05,365,1,1,0.6722012
a05,366,1,0,0.3145891
a05,368,0,0,0.29169473
a05,369,0,1,0.567233
a05,370,0,0,0.36969066
a05,371,0,0,0.19779539
a05,372,0,1,0.5477358
a05,374,0,0,0.32242098
a05,375,0,0,0.41703653
a05,376,0,0,0.4784946
a05,377,0,0,0.36534208
a05,378,0,1,0.50482696
a05,379,0,0,0.3661403
a05,380,0,0,0.4627018
a05,381,0,0,0.3792521
a05,382,0,0,0.3385919
a05,383,0,1,0.51756895
a05,384,0,0,0.40805903
a05,386,0,0,0.3272995
a05,387,0,0,0.49302995
a05,388,0,0,0.40088055
a05,389,0,0,0.47897854
a05,390,0,1,0.68072015
a05,391,0,1,0.50164336
a05,392,0,1,0.54330033
a05,393,0,0,0.23474671
a05,394,0,1,0.5221026
a05,395,0,0,0.24772228
a05,396,0,0,0.22229624
a05,398,0,0,0.4823722
a05,399,0,0,0.36121285
a05,400,0,0,0.28719428
a05,401,0,0,0.2982688
a05,402,0,0,0.23528852
a05,403,0,1,0.5020804
a05,404,0,0,0.32810298
a05,405,0,0,0.44220814
a05,406,0,0,0.29102412
a05,409,0,1,0.81692666
a05,410,1,1,0.6050437
a05,411,1,0,0.44997665
a05,412,1,0,0.49212477
a05,413,1,0,0.41961926
a05,414,1,1,0.71159554
a05,415,1,1,0.58356
a05,416,1,1,0.548574
a05,417,1,1,0.5676711
a05,418,1,1,0.63922745
a05,419,1,0,0.49158022
a05,420,1,1,0.6855209
a05,421,1,1,0.75251174
a05,422,1,1,0.70193964
a05,423,1,1,0.6486135
a05,425,1,1,0.651809
a05,426,1,1,0.56752497
a05,427,1,1,0.6601592
a05,428,1,0,0.47662893
a05,429,1,1,0.7646159
a05,430,1,1,0.73657936
a05,431,1,1,0.69056404
a05,432,1,1,0.55116415
a05,433,1,1,0.56400955
a05,434,1,1,0.6932367
a05,435,1,1,0.55691636
a05,436,1,1,0.7644142
a05,437,1,1,0.6620102
a05,438,1,1,0.55851156
a05,439,1,1,0.5928737
a05,440,1,1,0.61032337
a05,441,1,1,0.73584944
a05,442,1,1,0.76653063
a05,443,1,1,0.810306
a05,444,1,1,0.83470845
a05,445,0,1,0.7202686
a05,446,1,0,0.38030136
a05,447,1,1,0.66812634
a05,448,1,1,0.83700347
a05,449,1,1,0.5843196
a05,450,1,1,0.5952592
a05,451,1,1,0.6922919
a05,452,1,1,0.84041256
a05,453,0,0,0.3130937
a06,1,0,0,0.29059348
a06,2,0,0,0.26152992
a06,3,0,1,0.81292295
a06,4,0,1,0.72676754
a06,5,0,1,0.7938198
a06,6,0,1,0.7604752
a06,7,0,0,0.14622001
a06,8,0,1,0.6727174
a06,9,0,0,0.23149647
a06,10,0,0,0.14890526
a06,11,0,0,0.4477819
a06,12,0,0,0.20256098
a06,13,0,0,0.1915295
a06,14,0,0,0.25524184
a06,15,0,1,0.8136979
a06,16,0,0,0.4111151
a06,17,0,0,0.45018303
a06,18,0,0,0.2501035
a06,19,0,0,0.35067576
a06,20,0,0,0.17001031
a06,21,0,0,0.1981283
a06,22,0,0,0.17295954
a06,23,0,0,0.2192221
a06,26,0,0,0.18322669
a06,27,0,0,0.17153586
a06,30,0,0,0.15951513
a06,31,0,0,0.2747719
a06,32,0,0,0.23848414
a06,33,0,0,0.21348096
a06,34,0,0,0.21212374
a06,35,0,0,0.2187714
a06,36,0,0,0.33946466
a06,37,0,0,0.19250388
a06,38,0,0,0.22749913
a06,39,0,0,0.40504822
a06,43,0,0,0.13483663
a06,44,0,0,0.12896325
a06,45,0,0,0.2968007
a06,46,0,0,0.4207546
a06,47,0,0,0.40476108
a06,48,0,0,0.2683615
a06,49,0,0,0.16444452
a06,50,0,0,0.2092652
a06,51,0,0,0.14692284
a06,52,0,0,0.14884531
a06,53,0,0,0.10657653
a06,55,0,0,0.18459515
a06,56,0,0,0.10671223
a06,57,0,0,0.116168976
a06,58,0,1,0.5020056
a06,60,0,0,0.40631664
a06,61,0,0,0.3925383
a06,62,0,0,0.42644596
a06,63,1,1,0.50124115
a06,64,1,0,0.4167106
a06,65,1,0,0.3612447
a06,66,1,0,0.17234054
a06,67,1,0,0.192597
a06,68,1,0,0.26850757
a06,69,1,0,0.37726602
a06,70,1,1,0.50541216
a06,71,1,0,0.25576392
a06,72,1,0,0.16326433
a06,73,1,1,0.5115877
a06,74,1,0,0.4142243
a06,75,1,1,0.8420687
a06,76,1,0,0.47477818
a06,77,1,0,0.117452964
a06,78,1,0,0.17086649
a06,79,1,0,0.31611222
a06,82,1,0,0.15360318
a06,83,1,0,0.23243946
a06,84,1,0,0.18603203
a06,85,1,0,0.29805756
a06,86,1,0,0.19737212
a06,87,1,0,0.22441414
a06,88,1,0,0.32171553
a06,89,0,0,0.25252727
a06,90,0,0,0.3129735
a06,91,0,0,0.1799474
a06,92,0,0,0.21855883
a06,93,0,0,0.19561365
a06,95,0,1,0.60912275
a06,97,0,0,0.18995006
a06,98,0,0,0.29046533
a06,99,0,0,0.22236872
a06,100,0,0,0.26194495
a06,103,0,0,0.13049366
a06,104,0,0,0.14659388
a06,105,0,1,0.6630553
a06,106,0,1,0.7801579
a06,107,0,0,0.29420877
a06,108,0,0,0.1617178
a06,110,0,0,0.1625782
a06,111,0,0,0.17300735
a06,112,0,0,0.12142761
a06,113,0,0,0.19665593
a06,114,0,0,0.09933159
a06,115,0,0,0.12527704
a06,116,0,0,0.15375641
a06,117,0,0,0.10575247
a06,118,0,0,0.269147
a06,119,0,0,0.16529946
a06,121,0,0,0.10702655
a06,122,0,0,0.1172708
a06,123,0,0,0.13377991
a06,124,0,0,0.13209392
a06,126,0,0,0.16121985
a06,127,0,0,0.10500568
a06,128,0,0,0.11903591
a06,129,0,1,0.7755104
a06,130,0,0,0.20813347
a06,132,0,0,0.1619174
a06,133,0,0,0.10449323
a06,134,0,0,0.1948114
a06,135,0,0,0.28484806
a06,137,0,0,0.14820144
a06,139,0,0,0.1517705
a06,140,0,0,0.2747064
a06,141,0,0,0.19118318
a06,143,0,0,0.12452187
a06,144,0,1,0.7867451
a06,145,1,0,0.2554833
a06,146,1,0,0.22207613
a06,147,1,0,0.3936841
a06,148,1,0,0.23827617
a06,149,1,0,0.2926454
a06,150,1,1,0.76134145
a06,151,1,1,0.7305875
a06,152,1,0,0.2052755
a06,153,1,0,0.32790807
a06,154,1,0,0.35530287
a06,156,1,0,0.2699474
a06,157,1,1,0.84011745
a06,158,1,0,0.1979809
a06,159,1,0,0.1965898
a06,160,1,0,0.25234824
a06,161,1,0,0.1994112
a06,162,1,0,0.17266029
a06,163,1,0,0.25099364
a06,164,1,0,0.22482945
a06,165,1,0,0.44607577
a06,166,1,0,0.44762185
a06,167,1,0,0.47834495
a06,168,1,0,0.22460689
a06,169,1,0,0.38953716
a06,170,1,0,0.38392153
a06,171,1,0,0.4129798
a06,172,1,1,0.6025992
a06,173,1,0,0.44096553
a06,174,1,0,0.4944524
a06,175,1,0,0.301716
a06,176,1,1,0.7227575
a06,177,1,0,0.43575794
a06,178,1,1,0.8090386
a06,180,0,0,0.29068795
a06,181,0,0,0.29030105
a06,182,0,0,0.26391524
a06,183,0,1,0.64241254
a06,184,0,0,0.28798977
a06,185,0,0,0.36860248
a06,186,0,0,0.19668588
a06,188,0,0,0.27432954
a06,190,0,0,0.19018653
a06,191,1,0,0.19494364
a06,192,1,0,0.34852666
a06,193,1,0,0.3901417
a06,194,1,0,0.11916949
a06,195,1,0,0.3303138
a06,196,1,1,0.66114116
a06,197,1,1,0.563553
a06,198,1,0,0.13267297
a06,199,1,0,0.4382694
a06,200,1,0,0.45196828
a06,201,1,1,0.61704063
a06,202,1,0,0.33914936
a06,203,1,1,0.6640068
a06,204,1,0,0.13979734
a06,205,1,0,0.15054964
a06,206,1,0,0.16058743
a06,207,1,0,0.1321584
a06,208,1,0,0.33749893
a06,209,1,0,0.2310626
a06,211,1,0,0.37169832
a06,212,1,0,0.44915032
a06,213,1,0,0.47550413
a06,214,1,0,0.49518275
a06,215,1,0,0.32795164
a06,217,1,0,0.27644753
a06,218,1,0,0.14354959
a06,219,1,0,0.33092687
a06,220,1,0,0.12748222
a06,221,1,0,0.26362938
a06,222,1,0,0.14988603
a06,223,1,0,0.12676066
a06,225,0,0,0.15868561
a06,226,0,0,0.24856932
a06,227,0,0,0.19007441
a06,228,0,0,0.16320549
a06,229,0,0,0.13810334
a06,230,0,0,0.117783226
a06,231,0,0,0.14884922
a06,232,0,0,0.14299817
a06,234,0,0,0.34994972
a06,235,0,0,0.13467608
a06,236,0,1,0.61510813
a06,237,0,0,0.3471928
a06,238,0,0,0.35509777
a06,239,0,0,0.26899388
a06,240,0,0,0.2868785
a06,242,0,0,0.10235924
a06,243,0,0,0.25116664
a06,244,0,0,0.16334416
a06,245,0,0,0.1172754
a06,246,0,0,0.14106649
a06,247,0,0,0.11140376
a06,248,0,0,0.30136955
a06,251,0,0,0.32740706
a06,252,0,0,0.02196053
a06,253,0,0,0.16020037
a06,254,0,0,0.20843762
a06,256,0,0,0.1167385
a06,257,0,0,0.17705354
a06,259,0,1,0.85098773
a06,260,1,1,0.7835263
a06,261,1,0,0.38108307
a06,262,1,0,0.3160806
a06,263,1,0,0.3421491
a06,264,1,0,0.31153956
a06,265,1,0,0.27963564
a06,266,1,1,0.789053
a06,269,0,0,0.41621143
a06,270,0,0,0.10691997
a06,271,0,0,0.13642311
a06,272,0,0,0.16443586
a06,273,0,0,0.15600945
a06,274,0,0,0.12382326
a06,276,0,0,0.17064397
a06,277,0,0,0.11246895
a06,279,0,0,0.20810346
a06,280,0,0,0.3246424
a06,284,0,0,0.14027867
a06,286,0,0,0.30466586
a06,289,0,0,0.27202946
a06,294,0,0,0.35558245
a06,297,0,0,0.19304444
a06,299,0,0,0.12533641
a06,300,0,0,0.1418695
a06,301,0,0,0.15086588
a06,302,0,0,0.1354524
a06,303,0,0,0.16253845
a06,305,0,1,0.8352567
a06,306,1,0,0.16309057
a06,307,1,0,0.16753276
a06,308,1,1,0.59110844
a06,309,1,1,0.54165703
a06,310,1,0,0.2788
a06,311,1,0,0.45258906
a06,312,1,0,0.4844607
a06,313,1,1,0.8087654
a06,314,1,1,0.775373
a06,315,1,0,0.32107082
a06,316,0,0,0.24114886
a06,319,0,0,0.15616068
a06,320,0,0,0.22687307
a06,321,0,0,0.27268612
a06,322,0,0,0.17073463
a06,323,0,0,0.24556758
a06,324,0,0,0.36827597
a06,325,0,0,0.2018906
a06,327,0,0,0.25682047
a06,328,0,1,0.8416374
a06,329,1,0,0.17502797
a06,331,1,0,0.23231342
a06,332,1,1,0.8262509
a06,333,0,0,0.19379109
a06,334,0,0,0.21838085
a06,335,0,0,0.18542151
a06,336,0,0,0.25049073
a06,337,0,0,0.20193349
a06,338,0,0,0.31791544
a06,340,0,0,0.19948609
a06,341,0,0,0.15644535
a06,342,0,0,0.43702963
a06,343,1,0,0.29014546
a06,345,1,0,0.27507368
a06,347,1,1,0.6822672
a06,349,1,1,0.7610826
a06,350,1,0,0.36001256
a06,351,1,1,0.51712734
a06,352,1,1,0.78334653
a06,353,1,0,0.16955768
a06,354,1,0,0.4346764
a06,356,1,0,0.4136379
a06,357,1,0,0.17167524
a06,358,1,1,0.77503914
a06,359,1,1,0.83657
a06,361,1,0,0.12735981
a06,363,1,0,0.15152319
a06,364,1,0,0.22096054
a06,365,1,0,0.10432694
a06,367,1,0,0.12911241
a06,368,1,0,0.19661373
a06,369,1,0,0.13499983
a06,370,1,0,0.17848259
a06,372,1,0,0.13122799
a06,373,1,0,0.14957075
a06,374,1,0,0.21587546
a06,375,1,0,0.14281712
a06,376,1,1,0.51755494
a06,377,1,1,0.7267682
a06,378,1,1,0.7853421
a06,379,1,1,0.6493427
a06,380,1,1,0.728196
a06,381,1,0,0.25633988
a06,382,1,0,0.25639755
a06,383,1,0,0.147174
a06,385,1,0,0.33858275
a06,386,1,0,0.1582728
a06,388,1,0,0.30397376
a06,389,1,1,0.8512623
a06,390,0,1,0.8523743
a06,391,0,0,0.32652894
a06,392,0,1,0.8207117
a06,393,0,1,0.7193036
a06,394,0,0,0.45826498
a06,395,0,0,0.185678
a06,396,0,1,0.59982187
a06,397,0,1,0.798803
a06,398,0,1,0.54796994
a06,399,0,1,0.8307494
a06,400,0,1,0.70632195
a06,401,0,1,0.7855754
a06,402,0,0,0.4604953
a06,403,0,0,0.3719876
a06,404,0,0,0.45104554
a06,405,0,0,0.4189112
a06,406,0,0,0.48766452
a06,407,0,0,0.3485391
a06,408,0,1,0.6297332
a06,409,0,1,0.79060173
a06,410,0,0,0.15259133
a06,411,0,0,0.1136476
a06,412,0,0,0.2198492
a06,413,0,0,0.09626156
a06,414,0,0,0.24234065
a06,415,0,1,0.7893532
a06,416,0,1,0.8168102
a06,417,0,1,0.5171472
a06,419,0,0,0.10749712
a06,420,0,0,0.121609844
a06,421,0,1,0.6011516
a06,422,0,0,0.2761376
a06,423,0,0,0.112264186
a06,424,0,0,0.25672972
a06,425,0,0,0.3949879
a06,426,0,0,0.18103002
a06,427,0,0,0.13513458
a06,428,0,0,0.1501001
a06,429,0,0,0.14047875
a06,430,0,0,0.114457615
a06,431,0,0,0.10676659
a06,432,0,0,0.13799661
a06,434,0,1,0.8286276
a06,435,0,1,0.75117636
a06,437,0,1,0.72624165
a06,438,0,1,0.7437984
a06,439,0,1,0.83205956
a06,440,1,0,0.1859506
a06,441,1,1,0.7843418
a06,442,1,1,0.50690556
a06,443,1,0,0.3263187
a06,444,1,0,0.41015893
a06,445,1,0,0.2195231
a06,446,1,1,0.68102574
a06,447,1,0,0.46500343
a06,448,1,1,0.7632327
a06,449,1,1,0.82137424
a06,450,0,0,0.34730166
a06,451,0,0,0.13679847
a06,452,0,0,0.109682515
a06,456,0,0,0.18407935
a06,457,0,0,0.17596573
a06,458,0,0,0.27054274
a06,459,0,0,0.29746604
a06,460,0,0,0.15903302
a06,461,0,0,0.20644017
a06,463,0,1,0.5552952
a06,464,0,1,0.54402155
a06,465,0,0,0.29122877
a06,466,0,0,0.26051375
a06,467,0,0,0.27442566
a06,468,0,0,0.2688666
a06,469,1,0,0.30529177
a06,470,1,0,0.42625165
a06,471,1,0,0.21583503
a06,472,1,0,0.38356543
a06,473,1,0,0.2507963
a06,476,1,0,0.22839068
a06,478,0,0,0.13777709
a06,479,0,0,0.2139991
a06,480,0,0,0.4165791
a06,481,0,0,0.20193237
a06,482,0,0,0.19213526
a06,483,0,0,0.15433547
a06,484,1,0,0.15775923
a06,485,1,0,0.14217202
a06,486,1,0,0.16128619
a06,487,1,0,0.16237788
a06,488,1,0,0.16635247
a06,489,1,0,0.11483635
a06,490,1,1,0.84433043
a06,491,1,1,0.83542097
a06,492,1,1,0.68155444
a06,493,1,1,0.64419377
a06,494,1,1,0.8288387
a06,496,1,0,0.33359325
a06,497,1,1,0.84727407
a06,498,1,0,0.44024447
a06,499,1,0,0.19771083
a06,500,1,0,0.16358757
a06,501,1,0,0.24464503
a06,502,1,0,0.45956
a06,503,1,0,0.22356176
a06,504,1,1,0.8447986
a06,505,1,1,0.579962
a06,506,1,0,0.40635148
a06,507,0,1,0.8322976
a06,508,0,1,0.76074964
a06,509,0,1,0.5336528
a07,1,0,0,0.39898217
a07,2,1,1,0.71618795
a07,3,1,1,0.7312002
a07,4,0,0,0.1637847
a07,5,0,1,0.7256363
a07,6,0,0,0.48461106
a07,7,0,1,0.7850179
a07,8,0,1,0.7927157
a07,9,0,1,0.6162569
a07,10,0,0,0.48393944
a07,11,0,1,0.81239074
a07,13,0,0,0.16748981
a07,15,0,0,0.40233552
a07,16,0,1,0.5179676
a07,17,0,1,0.50313437
a07,18,0,1,0.7074378
a07,19,0,1,0.6609066
a07,20,0,0,0.143205
a07,21,0,1,0.5408594
a07,22,0,0,0.3847849
a07,24,0,0,0.47247806
a07,25,0,0,0.47895825
a07,26,1,0,0.29230714
a07,27,1,1,0.5244974
a07,28,0,0,0.19283964
a07,29,0,1,0.53871524
a07,30,0,0,0.21996848
a07,31,0,1,0.55685675
a07,32,0,0,0.20828706
a07,33,1,1,0.79498315
a07,34,0,0,0.24852163
a07,35,0,1,0.56656235
a07,36,0,1,0.6531077
a07,37,1,1,0.5918902
a07,38,0,1,0.7674934
a07,39,0,1,0.80792034
a07,40,0,0,0.35680875
a07,41,0,1,0.6394495
a07,42,0,0,0.33871037
a07,43,1,1,0.8392142
a07,44,0,1,0.80466557
a07,45,0,1,0.6694273
a07,46,0,1,0.5346695
a07,47,0,1,0.60621125
a07,48,0,1,0.7832942
a07,49,0,1,0.81200653
a07,50,0,0,0.4913644
a07,51,0,0,0.35969654
a07,52,0,0,0.4225579
a07,53,0,1,0.7122265
a07,54,0,0,0.4386236
a07,55,1,0,0.4380957
a07,56,1,1,0.5535151
a07,57,1,1,0.8106893
a07,58,1,1,0.75231284
a07,59,1,0,0.3348469
a07,60,1,1,0.5286145
a07,61,1,0,0.3504155
a07,62,1,0,0.40150297
a07,63,1,1,0.7921205
a07,64,1,1,0.6109158
a07,65,1,0,0.3758665
a07,66,1,0,0.4799514
a07,67,1,0,0.4020495
a07,68,1,1,0.6279482
a07,69,1,0,0.33367217
a07,70,1,1,0.5991141
a07,71,1,1,0.6657512
a07,72,1,0,0.22598903
a07,73,1,1,0.5715918
a07,74,1,0,0.3109037
a07,75,0,0,0.46266526
a07,76,0,0,0.17696276
a07,77,0,0,0.30322206
a07,78,0,0,0.389462
a07,79,0,1,0.8095092
a07,80,0,1,0.6837205
a07,81,0,1,0.5449755
a07,82,0,1,0.8022967
a07,83,0,1,0.5147253
a07,84,0,0,0.29169253
a07,85,0,0,0.35082912
a07,86,0,0,0.4233782
a07,88,0,0,0.2634251
a07,90,0,1,0.6370968
a07,91,0,0,0.16498269
a07,92,0,1,0.8378501
a07,94,0,1,0.67250305
a07,95,1,1,0.5813302
a07,96,1,1,0.7331381
a07,97,1,1,0.82325727
a07,98,1,1,0.5074895
a07,99,1,1,0.8225345
a07,100,1,1,0.72934306
a07,101,0,0,0.45689458
a07,102,0,1,0.5382514
a07,103,0,1,0.5534916
a07,104,0,0,0.32352322
a07,105,0,0,0.42821988
a07,106,0,1,0.69254816
a07,107,0,0,0.4120171
a07,108,0,1,0.7522274
a07,109,0,1,0.5945503
a07,110,0,1,0.5943551
a07,111,0,1,0.5829564
a07,112,0,1,0.7554583
a07,113,0,1,0.59589684
a07,114,0,1,0.5726236
a07,115,0,1,0.76413685
a07,116,0,1,0.65712684
a07,117,0,1,0.7098227
a07,118,0,1,0.7187148
a07,119,0,1,0.6409089
a07,120,0,1,0.56650126
a07,121,0,0,0.41886058
a07,122,0,0,0.33993438
a07,123,0,0,0.38482204
a07,124,0,1,0.77296287
a07,125,0,1,0.6382924
a07,126,0,1,0.65268224
a07,127,0,0,0.26636985
a07,128,0,0,0.41526628
a07,129,0,0,0.22784682
a07,130,0,0,0.42754441
a07,131,0,1,0.68222857
a07,132,0,0,0.234951
a07,133,0,0,0.44844833
a07,134,0,1,0.77874595
a07,135,0,1,0.5401243
a07,136,0,0,0.17738484
a07,137,0,1,0.6110133
a07,138,0,0,0.35404238
a07,139,0,1,0.6502697
a07,140,0,1,0.51727426
a07,141,0,0,0.45164418
a07,142,0,0,0.25725248
a07,143,0,1,0.509098
a07,144,0,1,0.7454318
a07,145,1,1,0.7847122
a07,146,1,1,0.6672235
a07,147,1,1,0.7123861
a07,148,1,0,0.46149188
a07,149,1,1,0.56179327
a07,150,1,0,0.45065397
a07,152,1,1,0.80007935
a07,153,1,0,0.17577733
a07,154,1,1,0.590331
a07,155,1,0,0.30315983
a07,156,1,1,0.5905934
a07,157,1,0,0.49405318
a07,158,1,1,0.8004278
a07,159,1,1,0.81551677
a07,160,1,1,0.80722314
a07,161,1,1,0.79501534
a07,162,1,1,0.8219344
a07,163,1,1,0.82608336
a07,164,0,1,0.8206617
a07,165,1,1,0.8176597
a07,166,1,1,0.7953348
a07,167,1,1,0.8432009
a07,168,0,1,0.79242873
a07,169,0,1,0.8106317
a07,170,0,1,0.76281464
a07,171,0,1,0.81652755
a07,172,0,1,0.7923974
a07,173,0,1,0.82685584
a07,174,1,1,0.6854989
a07,175,1,1,0.8207421
a07,176,1,1,0.80010647
a07,177,1,1,0.81840736
a07,178,1,1,0.7587094
a07,179,1,1,0.82485175
a07,180,1,1,0.7944866
a07,181,1,1,0.56766105
a07,182,1,0,0.29613966
a07,184,1,1,0.81201094
a07,185,1,0,0.4660201
a07,186,1,0,0.31752145
a07,187,1,1,0.5959772
a07,188,1,1,0.669058
a07,189,1,1,0.80323917
a07,190,1,1,0.7084025
a07,191,1,1,0.8053466
a07,192,1,1,0.62287825
a07,193,1,1,0.84604454
a07,194,1,1,0.7689229
a07,195,1,1,0.54482067
a07,196,1,1,0.81189895
a07,197,1,1,0.68446565
a07,198,1,1,0.75458115
a07,199,1,1,0.788762
a07,200,1,1,0.836278
a07,201,1,0,0.49836245
a07,202,1,1,0.82911676
a07,203,1,1,0.8028984
a07,204,1,1,0.7490505
a07,205,1,1,0.8372834
a07,206,1,1,0.79325426
a07,207,1,1,0.83545065
a07,208,1,1,0.8149812
a07,209,1,1,0.7934888
a07,210,1,1,0.6446669
a07,211,1,1,0.82526183
a07,212,1,1,0.8430333
a07,213,1,1,0.8310553
a07,214,1,1,0.79323864
a07,215,1,1,0.8088554
a07,216,1,1,0.81846225
a07,217,1,1,0.7451264
a07,218,1,1,0.7648558
a07,219,1,1,0.84292006
a07,220,1,1,0.81819034
a07,221,1,1,0.8163897
a07,222,1,1,0.7979096
a07,223,1,1,0.80624855
a07,224,1,1,0.6338832
a07,225,1,1,0.82103324
a07,226,1,1,0.7795733
a07,227,1,1,0.6334468
a07,228,1,1,0.5764958
a07,229,1,1,0.8151651
a07,230,1,0,0.17775111
a07,231,1,1,0.6885158
a07,232,1,0,0.27177966
a07,233,1,1,0.753562
a07,234,1,1,0.7493833
a07,235,1,0,0.344607
a07,236,1,0,0.24347636
a07,237,1,0,0.45515427
a07,238,1,1,0.5496525
a07,239,1,1,0.54571944
a07,240,1,1,0.67176354
a07,241,1,1,0.71719843
a07,242,1,1,0.5509344
a07,243,1,1,0.73304206
a07,244,1,1,0.572585
a07,245,1,0,0.49084598
a07,246,1,0,0.45431694
a07,247,1,1,0.6018744
a07,248,1,1,0.78530914
a07,249,1,1,0.78575116
a07,250,1,0,0.37599948
a07,251,1,1,0.7220531
a07,252,1,0,0.4592964
a07,253,1,1,0.62993836
a07,254,1,1,0.65503657
a07,255,1,1,0.5646237
a07,256,1,1,0.7914444
a07,257,1,0,0.19528565
a07,258,1,1,0.8240933
a07,259,1,1,0.71436995
a07,261,1,1,0.78415877
a07,262,1,1,0.72862214
a07,263,1,1,0.58147305
a07,264,1,0,0.44055584
a07,265,1,1,0.7088661
a07,266,1,1,0.80325985
a07,267,1,0,0.38411725
a07,268,1,1,0.70046467
a07,269,1,1,0.78160363
a07,270,1,0,0.35845107
a07,271,1,0,0.4240546
a07,272,1,1,0.79605526
a07,273,1,0,0.3571615
a07,274,1,1,0.8089649
a07,275,1,1,0.7988255
a07,276,1,0,0.3475525
a07,277,1,1,0.5304816
a07,278,1,1,0.75034845
a07,279,0,1,0.75564873
a07,280,0,0,0.35196456
a07,281,0,1,0.56225485
a07,282,1,1,0.7769999
a07,283,1,1,0.7763631
a07,284,1,1,0.79772687
a07,285,1,1,0.83361775
a07,286,1,1,0.8032326
a07,287,1,1,0.8060407
a07,288,0,1,0.53855985
a07,289,0,1,0.83717924
a07,290,0,1,0.8438143
a07,291,0,1,0.80845654
a07,292,0,1,0.7981025
a07,293,0,1,0.80364424
a07,294,1,1,0.8115391
a07,295,1,1,0.8077384
a07,296,1,1,0.8404383
a07,297,1,1,0.80707234
a07,298,1,1,0.8128747
a07,299,1,1,0.83388966
a07,300,1,1,0.8194985
a07,301,1,1,0.82942986
a07,302,1,1,0.8007433
a07,303,1,1,0.82226443
a07,304,1,1,0.8359122
a07,305,0,1,0.78395456
a07,306,0,0,0.4438196
a07,307,0,1,0.7215982
a07,308,0,1,0.7548674
a07,309,0,1,0.76866597
a07,310,1,1,0.6568956
a07,311,1,1,0.6473113
a07,312,1,1,0.77829874
a07,313,1,1,0.79978824
a07,314,1,1,0.69881827
a07,315,1,1,0.8077872
a07,316,1,1,0.80238193
a07,317,1,1,0.80417466
a07,318,1,1,0.81151783
a07,319,1,1,0.79115933
a07,320,1,1,0.7948772
a07,321,1,1,0.7816698
a07,322,1,1,0.7975442
a07,323,1,1,0.7595119
a07,324,1,1,0.7936571
a07,325,1,1,0.8054607
a07,326,1,1,0.8156731
a07,327,1,1,0.8182169
a07,328,1,1,0.8039462
a07,329,1,1,0.7972784
a07,330,1,1,0.80976045
a07,331,1,1,0.8029738
a07,332,1,1,0.80299556
a07,333,1,1,0.8108245
a07,334,1,1,0.6646328
a07,335,1,1,0.7644142
a07,336,1,1,0.81507474
a07,337,1,1,0.81833714
a07,338,1,1,0.7667349
a07,339,1,1,0.8212285
a07,340,1,1,0.8075761
a07,341,1,1,0.7954161
a07,342,1,1,0.69822407
a07,343,1,1,0.80781204
a07,344,0,1,0.80497754
a07,345,0,1,0.5583677
a07,346,0,1,0.71958685
a07,347,0,1,0.71780664
a07,348,0,1,0.7862096
a07,349,0,0,0.39516938
a07,350,0,1,0.81086665
a07,351,0,1,0.6036528
a07,352,0,1,0.6098285
a07,353,0,1,0.7643902
a07,354,0,1,0.72396106
a07,355,0,0,0.4873156
a07,356,1,1,0.7958256
a07,357,1,1,0.79118675
a07,358,1,1,0.7650676
a07,359,1,1,0.78671026
a07,360,1,1,0.7825275
a07,361,1,1,0.8163754
a07,362,1,1,0.81176716
a07,363,1,1,0.7496235
a07,364,1,1,0.8009594
a07,365,1,1,0.7146445
a07,366,1,1,0.7731687
a07,367,1,1,0.8174265
a07,368,1,1,0.8224834
a07,369,1,1,0.8012238
a07,370,1,1,0.67118806
a07,371,1,1,0.8054517
a07,372,1,1,0.6927815
a07,373,1,1,0.8238062
a07,374,1,1,0.8365913
a07,375,1,1,0.8150476
a07,376,1,1,0.83802354
a07,377,1,1,0.79623485
a07,378,0,1,0.8434418
a07,379,0,1,0.78570724
a07,380,1,1,0.8049224
a07,381,1,1,0.82454085
a07,382,1,1,0.81653523
a07,383,1,1,0.8099603
a07,384,1,1,0.8199544
a07,385,1,1,0.84166044
a07,386,0,1,0.6906548
a07,387,1,1,0.82382333
a07,388,1,1,0.82468915
a07,389,1,1,0.8401892
a07,390,1,0,0.36995173
a07,391,0,1,0.82907766
a07,392,1,1,0.81677544
a07,393,0,1,0.81156623
a07,394,0,1,0.7765971
a07,395,0,1,0.77546984
a07,396,0,1,0.52023
a07,397,0,1,0.7571729
a07,398,0,1,0.6978157
a07,399,1,1,0.822286
a07,400,1,1,0.7538966
a07,401,0,1,0.8160754
a07,402,1,1,0.8025256
a07,403,0,1,0.75768024
a07,404,1,1,0.77626383
a07,405,1,0,0.29362893
a07,406,0,1,0.7493362
a07,407,0,0,0.4819971
a07,408,0,1,0.7262055
a07,409,0,1,0.7561734
a07,410,0,1,0.73054963
a07,411,0,0,0.27877343
a07,412,0,1,0.73573065
a07,413,0,0,0.39063546
a07,414,0,0,0.45239535
a07,415,0,1,0.66716933
a07,416,0,1,0.6352522
a07,417,0,1,0.52956825
a07,418,0,1,0.5777991
a07,419,1,1,0.732659
a07,420,1,0,0.4894673
a07,421,1,1,0.6775693
a07,422,1,1,0.80421776
a07,423,1,1,0.7030559
a07,424,1,0,0.39041957
a07,425,1,0,0.22056945
a07,426,0,1,0.60460746
a07,427,0,1,0.66483253
a07,428,0,0,0.4052012
a07,429,0,0,0.45278847
a07,430,0,0,0.2739789
a07,431,0,0,0.17768724
a07,432,0,0,0.27565753
a07,433,0,0,0.36515868
a07,434,0,1,0.53270537
a07,435,0,0,0.13088717
a07,436,0,0,0.12601751
a07,437,0,1,0.86657286
a07,438,0,1,0.7810725
a07,439,1,1,0.7436398
a07,440,1,0,0.3853266
a07,441,1,1,0.7383063
a07,442,1,1,0.8245467
a07,443,1,1,0.6714267
a07,444,1,1,0.8253237
a07,445,1,1,0.7831449
a07,446,1,1,0.8013383
a07,447,1,0,0.46326044
a07,448,1,1,0.72176474
a07,449,1,1,0.80965245
a07,450,1,1,0.8057443
a07,451,1,1,0.78543144
a07,452,1,1,0.7638841
a07,453,1,1,0.8002585
a07,454,1,1,0.80381846
a07,455,1,1,0.8152403
a07,456,1,1,0.8212225
a07,457,1,1,0.8208356
a07,458,1,1,0.8132119
a07,459,1,1,0.7687768
a07,460,1,1,0.8183208
a07,461,1,1,0.79801893
a07,462,1,1,0.8084688
a07,463,1,1,0.8184902
a07,464,1,1,0.54026157
a07,465,1,1,0.80865026
a07,466,1,1,0.80189675
a07,467,1,1,0.83172685
a07,468,1,1,0.8005602
a07,469,1,1,0.76859987
a07,470,1,1,0.66898113
a07,471,1,1,0.7895507
a07,472,1,1,0.7998713
a07,473,1,1,0.7689862
a07,474,1,1,0.70763355
a07,475,1,1,0.7663353
a07,476,1,1,0.7592638
a07,477,0,1,0.81405455
a07,478,0,1,0.8229171
a07,479,0,1,0.69058055
a07,480,0,0,0.4757435
a07,481,0,1,0.5150812
a07,482,0,0,0.27182057
a07,483,1,1,0.65737796
a07,484,1,1,0.6597446
a07,485,1,1,0.5516857
a07,486,1,1,0.5628824
a07,487,1,1,0.60524523
a07,488,1,0,0.16633147
a07,489,1,1,0.78175586
a07,490,1,1,0.55102015
a07,492,1,1,0.6210557
a07,493,1,1,0.78302085
a07,494,1,1,0.8384338
a07,495,1,0,0.4247727
a07,496,1,1,0.75477725
a07,497,1,1,0.7665782
a07,498,1,1,0.7725843
a07,499,1,1,0.8084124
a07,500,1,1,0.7365292
a07,501,1,1,0.8022174
a07,502,1,1,0.7843983
a07,503,1,1,0.7640751
a07,504,1,1,0.6507863
a07,505,1,1,0.5237033
a07,506,1,1,0.58988655
a07,507,1,1,0.79454714
a07,508,1,1,0.67622393
a07,509,1,1,0.7993733
a08,1,0,1,0.5139209
a08,2,0,0,0.14338005
a08,3,0,0,0.39659065
a08,4,0,1,0.6229602
a08,5,0,1,0.63897187
a08,6,0,0,0.37242308
a08,7,0,0,0.11323995
a08,8,0,0,0.35673854
a08,9,0,0,0.37064955
a08,10,0,0,0.45709488
a08,11,0,0,0.44719818
a08,12,0,0,0.4544024
a08,13,0,1,0.780565
a08,14,0,0,0.16073816
a08,15,0,0,0.16659144
a08,16,0,1,0.6172688
a08,17,0,1,0.549034
a08,18,0,1,0.59551454
a08,19,0,0,0.15383855
a08,20,0,0,0.35849807
a08,21,0,0,0.4680512
a08,22,0,0,0.48546833
a08,23,0,0,0.47139767
a08,24,0,0,0.37668756
a08,25,0,0,0.3369057
a08,26,0,1,0.51830804
a08,27,0,1,0.68505967
a08,28,0,1,0.5706192
a08,29,0,0,0.39309132
a08,30,0,1,0.5687266
a08,31,0,0,0.4697295
a08,32,0,1,0.781391
a08,33,1,1,0.7743975
a08,34,1,1,0.62817144
a08,35,1,1,0.81277126
a08,36,1,1,0.83228695
a08,37,1,1,0.8130451
a08,38,1,1,0.75446045
a08,39,0,1,0.7653671
a08,40,0,1,0.7896742
a08,41,1,1,0.6725242
a08,42,1,1,0.76754135
a08,43,0,1,0.63113123
a08,44,0,0,0.45377028
a08,45,0,0,0.4903843
a08,46,0,1,0.61573905
a08,47,0,0,0.4651309
a08,48,0,0,0.24278536
a08,49,0,1,0.585875
a08,50,0,1,0.57281446
a08,51,0,1,0.6363173
a08,52,0,1,0.6747155
a08,53,0,1,0.753532
a08,54,0,1,0.74591994
a08,55,0,1,0.78485143
a08,56,0,1,0.7214651
a08,57,0,1,0.8302683
a08,58,0,1,0.7772708
a08,59,0,1,0.6015039
a08,60,1,1,0.8446957
a08,61,1,1,0.70285475
a08,62,0,0,0.15547854
a08,63,1,1,0.781948
a08,64,1,0,0.34862867
a08,65,0,1,0.5571634
a08,66,0,1,0.7661485
a08,67,0,0,0.24910527
a08,68,0,1,0.7998364
a08,69,0,0,0.14929509
a08,70,0,0,0.29367283
a08,71,0,0,0.3034549
a08,72,0,1,0.7723536
a08,73,0,1,0.79391897
a08,74,0,1,0.79135567
a08,75,1,1,0.71012014
a08,76,0,1,0.8100458
a08,77,0,1,0.8481163
a08,78,0,1,0.8197916
a08,79,0,1,0.748517
a08,80,1,1,0.8439439
a08,81,1,1,0.71183836
a08,82,0,1,0.74670416
a08,83,0,1,0.7349056
a08,84,0,1,0.8545576
a08,85,0,1,0.79786235
a08,86,0,1,0.83310544
a08,87,1,1,0.7867352
a08,88,1,1,0.6824696
a08,89,0,1,0.84606016
a08,90,1,1,0.8113416
a08,91,1,1,0.6879815
a08,92,1,1,0.57649875
a08,93,0,1,0.78219223
a08,94,1,1,0.8189191
a08,95,1,1,0.83918136
a08,96,1,1,0.82213724
a08,97,1,1,0.7035998
a08,98,1,1,0.7392165
a08,99,1,1,0.8193215
a08,100,1,1,0.76832575
a08,101,1,1,0.80300874
a08,102,0,1,0.76156837
a08,103,0,0,0.3418126
a08,104,0,0,0.30428287
a08,105,1,1,0.6234035
a08,106,1,1,0.60862684
a08,107,1,1,0.5441392
a08,108,1,1,0.7177096
a08,109,0,1,0.70336294
a08,110,0,1,0.5226098
a08,111,0,1,0.5622845
a08,112,0,1,0.62546027
a08,113,0,0,0.3069265
a08,114,0,1,0.600712
a08,115,0,0,0.107226446
a08,116,0,1,0.60178435
a08,117,0,1,0.7091129
a08,118,1,1,0.61400163
a08,119,1,1,0.76562846
a08,120,1,1,0.74303144
a08,121,1,1,0.81351113
a08,122,1,1,0.5941812
a08,123,1,1,0.75818247
a08,124,1,1,0.7380605
a08,125,1,1,0.78512686
a08,126,1,1,0.79730785
a08,127,0,1,0.73051363
a08,128,0,1,0.6780853
a08,129,1,0,0.43204197
a08,130,0,1,0.7910507
a08,131,1,1,0.5558176
a08,132,1,1,0.71102077
a08,133,1,0,0.3021769
a08,134,0,1,0.7670018
a08,135,1,1,0.7265163
a08,136,1,1,0.7802728
a08,137,1,1,0.7108686
a08,138,1,1,0.7441987
a08,139,1,1,0.8135304
a08,140,1,1,0.6951197
a08,141,1,1,0.6129415
a08,142,1,1,0.60713243
a08,143,1,1,0.80098283
a08,144,1,1,0.7456498
a08,145,1,1,0.681634
a08,146,1,1,0.79414546
a08,147,1,1,0.7912709
a08,148,1,1,0.7641081
a08,149,1,1,0.7811294
a08,150,1,1,0.7509953
a08,151,1,1,0.75432885
a08,152,1,1,0.7837486
a08,153,1,1,0.79969084
a08,154,1,1,0.81921345
a08,155,1,1,0.75902474
a08,156,1,1,0.7884325
a08,157,1,1,0.7423138
a08,158,1,1,0.8250601
a08,159,0,0,0.3307677
a08,160,0,1,0.6465848
a08,161,1,1,0.823025
a08,162,1,1,0.823408
a08,163,1,0,0.15415405
a08,164,0,0,0.36807746
a08,165,0,1,0.5367333
a08,166,1,1,0.7647771
a08,167,1,0,0.16274625
a08,168,1,1,0.5443826
a08,169,1,1,0.73918134
a08,170,1,0,0.15371802
a08,171,0,0,0.20008713
a08,172,0,1,0.71783066
a08,173,0,1,0.65913254
a08,174,0,0,0.36353666
a08,175,0,1,0.7542305
a08,176,0,0,0.4347742
a08,177,0,0,0.17113073
a08,178,0,0,0.27094102
a08,179,0,0,0.23410119
a08,180,0,0,0.3126868
a08,181,0,0,0.2371932
a08,182,0,0,0.17723887
a08,183,0,0,0.15903701
a08,184,0,0,0.3857433
a08,185,1,1,0.79514265
a08,186,1,1,0.531208
a08,187,0,0,0.10466883
a08,188,0,1,0.7526871
a08,189,1,0,0.49027288
a08,190,0,0,0.28426394
a08,191,0,1,0.65231127
a08,192,0,0,0.37879726
a08,193,0,0,0.12232453
a08,194,0,0,0.48009008
a08,195,0,1,0.71844727
a08,196,0,1,0.65083385
a08,197,0,0,0.23259635
a08,198,0,0,0.29992318
a08,199,0,0,0.11741973
a08,200,0,0,0.116322584
a08,201,0,0,0.22066471
a08,202,0,1,0.5246613
a08,203,0,0,0.14782795
a08,204,0,0,0.10853017
a08,205,0,0,0.09782007
a08,206,0,0,0.43421674
a08,207,0,1,0.5365648
a08,208,0,0,0.27837867
a08,209,0,1,0.6037287
a08,210,0,0,0.21365868
a08,211,0,1,0.5263954
a08,212,0,1,0.7092391
a08,213,0,0,0.39641327
a08,214,0,1,0.5227278
a08,215,0,1,0.52209425
a08,216,0,1,0.50584173
a08,217,0,0,0.31097835
a08,218,0,1,0.5177464
a08,219,0,0,0.44115067
a08,220,0,1,0.7396573
a08,221,0,1,0.6905127
a08,222,0,1,0.5649902
a08,223,0,1,0.7046468
a08,224,0,0,0.19360717
a08,225,0,1,0.7699773
a08,226,1,1,0.5985644
a08,227,0,1,0.63413644
a08,228,0,1,0.7151922
a08,229,0,0,0.4122449
a08,230,0,1,0.58260244
a08,231,0,1,0.79921865
a08,232,1,0,0.16058895
a08,233,0,0,0.30058235
a08,234,0,1,0.6189461
a08,235,0,0,0.17933606
a08,236,0,1,0.79807556
a08,237,0,0,0.28766456
a08,238,0,1,0.7298835
a08,239,0,0,0.44731894
a08,240,0,1,0.6280386
a08,241,0,0,0.48158738
a08,242,0,0,0.12576547
a08,243,0,1,0.6673246
a08,244,0,1,0.78545886
a08,245,0,1,0.58405864
a08,246,0,1,0.52935153
a08,247,0,1,0.6360524
a08,248,0,0,0.22913964
a08,249,0,1,0.6769564
a08,250,0,0,0.23778301
a08,251,0,0,0.083241634
a08,252,0,0,0.28930256
a08,253,0,0,0.28052175
a08,254,0,1,0.80699205
a08,255,1,1,0.81186515
a08,256,0,1,0.8321049
a08,257,0,1,0.77095866
a08,258,1,1,0.8184338
a08,259,1,1,0.78769696
a08,260,1,1,0.62801874
a08,261,1,1,0.72109526
a08,262,0,1,0.8047314
a08,263,0,0,0.49944404
a08,264,0,1,0.7141714
a08,265,0,1,0.6525363
a08,266,0,1,0.6194245
a08,267,0,0,0.47136438
a08,268,0,1,0.6732787
a08,269,0,1,0.5499842
a08,270,0,0,0.3307268
a08,271,0,1,0.58008766
a08,272,0,1,0.550491
a08,273,0,1,0.69173306
a08,274,0,0,0.41656765
a08,275,0,1,0.54800874
a08,276,0,1,0.5090107
a08,277,0,0,0.4781595
a08,278,0,1,0.60152155
a08,279,0,0,0.47009704
a08,280,0,1,0.5449052
a08,281,0,0,0.46283606
a08,282,0,1,0.6642546
a08,283,1,1,0.5895868
a08,284,0,1,0.7419048
a08,285,0,1,0.7709376
a08,286,0,0,0.48615915
a08,287,0,1,0.6003812
a08,288,0,0,0.439974
a08,289,0,1,0.7225362
a08,290,0,0,0.43770337
a08,291,0,1,0.6767763
a08,292,1,1,0.6887961
a08,293,0,1,0.62650084
a08,294,0,1,0.7160484
a08,295,0,1,0.5949066
a08,296,0,1,0.64540106
a08,297,0,1,0.76717937
a08,298,1,0,0.16197541
a08,299,1,1,0.6439579
a08,300,1,1,0.80536443
a08,301,1,1,0.7035797
a08,302,1,1,0.70664775
a08,303,1,1,0.82236964
a08,304,1,1,0.72545683
a08,305,1,1,0.77207434
a08,306,1,1,0.7563702
a08,307,1,1,0.8113045
a08,308,0,1,0.758053
a08,309,0,0,0.42566925
a08,310,0,1,0.7217802
a08,311,0,0,0.45204452
a08,312,0,1,0.7705178
a08,313,0,1,0.7043814
a08,314,0,1,0.76051635
a08,315,0,1,0.770349
a08,316,0,1,0.7588955
a08,317,0,0,0.36224222
a08,318,0,1,0.72168213
a08,319,0,1,0.5592232
a08,320,0,1,0.73081905
a08,321,0,1,0.7908509
a08,322,0,1,0.82296586
a08,323,0,1,0.71778786
a08,324,0,1,0.78502584
a08,325,0,1,0.72978586
a08,326,0,1,0.76895636
a08,327,1,1,0.80156034
a08,328,1,1,0.78122777
a08,329,0,1,0.67964524
a08,330,1,1,0.5812711
a08,331,1,1,0.7005516
a08,332,1,1,0.8240529
a08,333,1,1,0.70605725
a08,334,1,1,0.6879276
a08,335,1,1,0.7661709
a08,336,1,1,0.84987086
a08,337,1,1,0.82988644
a08,338,1,1,0.8555802
a08,339,1,1,0.79488295
a08,340,1,1,0.84709865
a08,341,1,1,0.7537104
a08,342,1,1,0.83958215
a08,343,1,1,0.727697
a08,344,1,1,0.8517771
a08,345,1,1,0.7953203
a08,346,1,1,0.63709855
a08,347,1,1,0.84504145
a08,348,1,1,0.84531796
a08,349,1,1,0.8505284
a08,350,1,1,0.78200483
a08,351,1,1,0.84447265
a08,352,1,1,0.7995138
a08,353,0,1,0.710087
a08,354,0,1,0.6981913
a08,355,1,1,0.748429
a08,356,1,0,0.44686514
a08,357,1,1,0.7563731
a08,358,1,1,0.5646967
a08,359,1,1,0.719755
a08,360,1,1,0.628424
a08,361,1,1,0.6832318
a08,362,1,1,0.8370877
a08,363,0,0,0.31533152
a08,364,0,1,0.8385686
a08,365,1,0,0.42924106
a08,366,1,1,0.8587152
a08,367,1,0,0.32380253
a08,368,0,0,0.372222
a08,369,0,0,0.35271028
a08,370,0,1,0.53665817
a08,371,0,1,0.6934933
a08,372,0,0,0.21172579
a08,373,0,0,0.4870311
a08,374,0,0,0.48829287
a08,375,0,1,0.7383436
a08,376,0,1,0.5616325
a08,377,0,0,0.14285874
a08,378,0,1,0.558443
a08,379,0,1,0.5115664
a08,380,0,0,0.3954338
a08,381,0,0,0.4476144
a08,382,0,1,0.75149053
a08,383,0,0,0.47405726
a08,384,0,1,0.72949165
a08,385,0,1,0.59062386
a08,386,0,1,0.64250875
a08,387,0,1,0.5396484
a08,388,0,1,0.58204114
a08,389,0,0,0.20420434
a08,390,0,1,0.56627566
a08,391,0,0,0.3544143
a08,392,0,0,0.10034961
a08,393,0,1,0.74576414
a08,394,0,0,0.13235445
a08,395,0,1,0.7870497
a08,396,0,1,0.6343837
a08,397,0,0,0.30475885
a08,398,0,0,0.2692306
a08,399,0,1,0.64655876
a08,400,0,1,0.81682324
a08,401,1,1,0.80055565
a08,402,1,1,0.80365705
a08,403,1,1,0.8470038
a08,404,1,1,0.822892
a08,405,1,1,0.6796819
a08,406,1,1,0.7748991
a08,407,1,1,0.753259
a08,408,1,1,0.8104938
a08,409,1,1,0.7617252
a08,410,1,1,0.6704947
a08,411,1,1,0.81777036
a08,412,1,1,0.8221611
a08,413,1,1,0.7907989
a08,414,1,1,0.7370078
a08,415,1,1,0.8585511
a08,416,1,1,0.834635
a08,417,1,1,0.808909
a08,418,1,1,0.8359659
a08,419,1,1,0.8023723
a08,420,1,1,0.82058126
a08,421,1,1,0.8729302
a08,422,1,1,0.8473363
a08,423,1,1,0.8222328
a08,424,1,1,0.8157173
a08,425,1,1,0.8275804
a08,426,1,1,0.7568897
a08,427,1,0,0.14728841
a08,428,0,1,0.84471875
a08,429,1,1,0.52812326
a08,430,0,0,0.22688706
a08,431,0,0,0.4661443
a08,432,0,0,0.26347017
a08,433,0,0,0.11853355
a08,434,0,0,0.2670034
a08,435,0,0,0.18196201
a08,436,0,0,0.17847957
a08,437,0,0,0.2838985
a08,438,0,0,0.11368425
a08,439,0,0,0.34222212
a08,440,0,0,0.1591695
a08,441,0,0,0.2897778
a08,442,0,0,0.17441939
a08,443,0,0,0.11293453
a08,444,0,0,0.10778033
a08,445,0,0,0.23933311
a08,446,0,0,0.23796692
a08,447,0,0,0.12660794
a08,448,0,0,0.12036464
a08,449,0,0,0.22213824
a08,450,0,0,0.14855678
a08,451,0,0,0.31664106
a08,452,0,0,0.12258784
a08,453,0,1,0.7947553
a08,454,0,1,0.8333137
a08,455,0,1,0.8194484
a08,456,1,1,0.8281963
a08,457,1,1,0.7255418
a08,458,1,1,0.78061134
a08,459,1,1,0.5683583
a08,460,1,1,0.844692
a08,461,1,1,0.77270997
a08,462,1,1,0.832861
a08,463,1,1,0.8565821
a08,464,1,1,0.8262042
a08,465,1,1,0.7083076
a08,466,1,1,0.7724401
a08,467,1,1,0.8695764
a08,468,1,1,0.83465093
a08,469,1,1,0.84506774
a08,470,1,1,0.6866077
a08,471,1,1,0.8123054
a08,472,1,1,0.8364397
a08,473,1,1,0.8471855
a08,474,1,1,0.8579635
a08,475,1,1,0.85378826
a08,476,1,1,0.8643455
a08,477,1,1,0.7435447
a08,478,1,1,0.69612795
a08,479,1,1,0.8176692
a08,480,1,1,0.8262626
a08,481,1,1,0.8616139
a08,482,0,1,0.8115312
a08,483,0,1,0.6002106
a08,484,0,1,0.7169836
a08,485,0,1,0.63761157
a08,486,0,1,0.7172371
a08,487,0,0,0.04859388
a08,488,0,1,0.59287685
a08,489,0,0,0.38654158
a08,490,0,1,0.744548
a08,491,0,1,0.7705691
a08,492,0,1,0.5572699
a08,493,0,0,0.13050033
a08,494,0,0,0.14886358
a08,495,0,0,0.108706474
a08,496,0,0,0.19444752
a08,497,0,0,0.37732086
a08,498,0,1,0.7270372
a08,499,0,1,0.6433508
a08,500,0,1,0.65173966
a09,1,0,0,0.116159886
a09,2,0,0,0.2735491
a09,3,0,1,0.84108233
a09,4,0,1,0.60809684
a09,5,0,0,0.49580407
a09,6,0,1,0.63075644
a09,7,0,0,0.15234888
a09,8,0,0,0.12809458
a09,9,0,1,0.58982193
a09,10,1,1,0.528889
a09,11,1,1,0.6789112
a09,12,1,1,0.5651063
a09,13,1,1,0.6737765
a09,14,1,1,0.75092727
a09,15,0,1,0.72837543
a09,16,0,1,0.59214175
a09,17,1,0,0.29077503
a09,18,1,0,0.15500423
a09,19,1,0,0.2145637
a09,20,1,0,0.49713787
a09,21,1,0,0.4113926
a09,22,1,0,0.38440347
a09,23,1,0,0.33909407
a09,24,1,0,0.3622611
a09,25,0,0,0.096205175
a09,26,0,1,0.5137428
a09,27,0,0,0.12303215
a09,28,0,0,0.12658036
a09,29,0,0,0.29622105
a09,30,0,0,0.001827897
a09,31,0,0,0.12717828
a09,32,0,0,0.12555602
a09,33,0,0,0.13643344
a09,34,1,0,0.0885788
a09,36,1,0,0.29754847
a09,37,1,0,0.16729896
a09,38,1,0,0.37511283
a09,40,1,0,0.32784143
a09,41,1,0,0.122264326
a09,42,1,0,0.27532142
a09,43,1,0,0.21738023
a09,44,1,0,0.11306678
a09,45,1,0,0.1617741
a09,46,1,0,0.14034845
a09,47,1,0,0.16482398
a09,48,1,0,0.30604792
a09,49,1,0,0.22782189
a09,50,1,0,0.124877274
a09,51,1,0,0.11138548
a09,52,1,0,0.13712026
a09,53,1,0,0.1392261
a09,54,1,0,0.2631639
a09,55,1,0,0.19842906
a09,56,1,0,0.20395325
a09,57,1,0,0.22293778
a09,58,0,0,0.12716065
a09,59,0,0,0.14822383
a09,60,1,0,0.19846176
a09,61,1,0,0.22540797
a09,62,1,0,0.13965558
a09,63,1,0,0.13602285
a09,65,1,0,0.31821924
a09,66,1,0,0.39811462
a09,67,1,0,0.13369304
a09,68,1,0,0.13711931
a09,69,1,1,0.7644122
a09,70,1,0,0.12276395
a09,71,1,0,0.12048902
a09,72,1,0,0.1293229
a09,73,1,0,0.13576363
a09,74,1,0,0.096987545
a09,76,1,0,0.4793901
a09,77,1,1,0.63206935
a09,79,1,1,0.530478
a09,80,1,0,0.32236212
a09,81,1,0,0.263117
a09,82,1,1,0.5172726
a09,83,1,1,0.6894439
a09,84,1,1,0.5020704
a09,85,1,0,0.31566384
a09,87,1,1,0.5750333
a09,89,1,0,0.49462882
a09,90,1,0,0.31385136
a09,91,1,1,0.62860715
a09,92,1,1,0.82386774
a09,93,1,0,0.44135824
a09,94,1,1,0.846345
a09,95,1,1,0.7936841
a09,96,1,0,0.3463091
a09,97,1,1,0.838839
a09,98,1,1,0.83447546
a09,99,1,0,0.45040724
a09,100,1,1,0.79793364
a09,101,1,1,0.8410571
a09,102,1,1,0.84946364
a09,103,1,0,0.25952396
a09,104,1,1,0.6054551
a09,105,1,0,0.3908113
a09,106,1,1,0.6082101
a09,108,1,0,0.15616637
a09,109,1,1,0.7512576
a09,110,1,0,0.25703666
a09,111,1,1,0.7575881
a09,113,1,0,0.29980996
a09,114,1,0,0.44704285
a09,115,1,0,0.12669528
a09,118,1,0,0.42170975
a09,119,1,0,0.16044402
a09,120,0,0,0.16754642
a09,121,0,1,0.7792544
a09,122,1,0,0.47741804
a09,123,1,0,0.3630468
a09,124,1,1,0.67127264
a09,125,1,0,0.25433204
a09,126,0,0,0.26971045
a09,127,0,0,0.15803318
a09,128,0,0,0.13751395
a09,129,0,0,0.11239942
a09,131,1,1,0.8178927
a09,133,1,1,0.62642187
a09,134,1,1,0.81792057
a09,135,1,0,0.23702236
a09,136,1,1,0.5665022
a09,137,1,1,0.5418994
a09,138,1,0,0.23030022
a09,139,1,1,0.51369303
a09,140,1,1,0.8051164
a09,141,1,0,0.4895531
a09,142,1,0,0.11503008
a09,143,1,1,0.8109934
a09,144,1,0,0.08311854
a09,145,1,1,0.8355759
a09,146,1,0,0.36890024
a09,147,1,0,0.42662925
a09,148,1,1,0.5318678
a09,149,1,0,0.41008404
a09,150,1,1,0.5625556
a09,151,1,1,0.5123381
a09,152,1,0,0.14058281
a09,153,1,1,0.7879609
a09,154,1,0,0.22862619
a09,155,1,1,0.70833457
a09,156,1,0,0.33190164
a09,157,1,0,0.31121275
a09,158,1,1,0.5979731
a09,159,1,0,0.3501427
a09,160,1,0,0.44041023
a09,161,1,1,0.7250828
a09,162,1,1,0.54055387
a09,163,1,0,0.18799037
a09,164,1,0,0.32616812
a09,165,1,0,0.24577093
a09,166,1,1,0.59548205
a09,167,1,0,0.11876076
a09,168,1,0,0.3254105
a09,169,1,0,0.39855367
a09,171,1,1,0.8479343
a09,172,1,0,0.33612436
a09,173,1,1,0.82971036
a09,174,1,1,0.722156
a09,175,1,1,0.6490134
a09,176,1,1,0.8201821
a09,177,1,1,0.8027144
a09,178,1,1,0.81907266
a09,179,1,0,0.3485822
a09,180,1,1,0.84505457
a09,181,1,1,0.7977818
a09,182,1,0,0.34392604
a09,183,1,1,0.6134902
a09,184,1,1,0.8286171
a09,185,1,1,0.59565073
a09,186,1,0,0.29529423
a09,187,1,1,0.85335016
a09,188,1,1,0.6665401
a09,189,1,1,0.72111195
a09,190,1,1,0.797684
a09,191,1,1,0.79202354
a09,192,1,1,0.5871198
a09,193,1,1,0.8201536
a09,194,1,0,0.19472605
a09,195,1,1,0.8131379
a09,196,1,1,0.7978638
a09,197,1,0,0.43095022
a09,198,1,1,0.7078215
a09,199,1,1,0.7570845
a09,200,1,1,0.53820014
a09,201,1,1,0.8019386
a09,202,1,1,0.65854025
a09,203,1,0,0.37300804
a09,204,1,1,0.8416232
a09,205,1,0,0.43679118
a09,206,1,0,0.27322212
a09,207,0,0,0.14591356
a09,208,0,0,0.13662203
a09,209,0,0,0.4211159
a09,210,0,0,0.1604766
a09,211,0,0,0.09651388
a09,212,0,0,0.12275099
a09,213,0,0,0.14506118
a09,214,0,0,0.09660633
a09,215,0,0,0.2746333
a09,216,0,0,0.18727325
a09,217,0,0,0.0781028
a09,218,0,0,0.121768184
a09,219,0,0,0.120669015
a09,220,0,0,0.0907278
a09,221,0,0,0.11537301
a09,222,0,0,0.29130194
a09,223,0,0,0.103089854
a09,224,0,0,0.24846795
a09,225,0,0,0.19777122
a09,226,0,0,0.119598344
a09,227,0,0,0.14794047
a09,228,0,0,0.23955446
a09,229,0,1,0.77440417
a09,231,0,0,0.16802879
a09,232,0,0,0.16210154
a09,233,0,0,0.15364383
a09,234,0,0,0.34404194
a09,235,0,0,0.1831462
a09,236,0,0,0.18525693
a09,237,0,1,0.6471263
a09,238,1,1,0.5913708
a09,239,1,1,0.71369666
a09,240,1,1,0.5142654
a09,241,1,0,0.23487425
a09,242,0,0,0.24686956
a09,243,0,0,0.098803475
a09,244,1,1,0.75894725
a09,245,1,1,0.64968085
a09,246,1,1,0.5388514
a09,247,0,0,0.08650144
a09,248,0,0,0.17286727
a09,249,0,1,0.52769136
a09,250,1,0,0.4024594
a09,251,1,0,0.22538684
a09,252,1,0,0.13311347
a09,253,1,0,0.26681882
a09,254,0,0,0.09381603
a09,255,0,0,0.16696377
a09,256,0,1,0.5034002
a09,257,0,0,0.09594162
a09,258,0,0,0.08181827
a09,259,0,0,0.09581799
a09,260,0,0,0.09878085
a09,261,0,1,0.8338384
a09,262,1,0,0.28386274
a09,263,1,0,0.31355396
a09,264,1,0,0.46023512
a09,265,0,0,0.3012533
a09,266,0,0,0.087647066
a09,267,0,0,0.19291
a09,268,0,1,0.50024545
a09,269,1,1,0.5979455
a09,270,0,0,0.23661937
a09,271,0,0,0.09551268
a09,272,0,1,0.69066656
a09,273,0,0,0.43921822
a09,274,0,0,0.45784786
a09,275,0,1,0.7156515
a09,276,0,0,0.20086947
a09,277,0,1,0.7907687
a09,278,1,0,0.16237538
a09,279,1,1,0.7672778
a09,280,1,0,0.45711067
a09,281,1,0,0.230819
a09,282,1,1,0.6822031
a09,283,1,1,0.552448
a09,284,1,1,0.84670264
a09,285,1,1,0.6800702
a09,286,1,0,0.26107356
a09,287,1,1,0.83751255
a09,288,1,1,0.5949214
a09,289,1,1,0.84296274
a09,290,1,0,0.48252648
a09,292,1,0,0.4995881
a09,293,1,0,0.47313726
a09,294,1,1,0.52405995
a09,295,1,1,0.76979285
a09,296,1,1,0.5946477
a09,297,1,1,0.7405257
a09,298,1,1,0.8195133
a09,299,1,1,0.52172804
a09,300,1,0,0.35887584
a09,301,1,1,0.81725454
a09,302,1,0,0.23027939
a09,303,1,0,0.39054054
a09,304,1,0,0.4608272
a09,305,1,1,0.5597758
a09,306,1,1,0.5274278
a09,307,1,0,0.122136325
a09,308,1,0,0.18903783
a09,309,1,0,0.12792948
a09,310,1,0,0.42441773
a09,311,1,0,0.27498206
a09,312,1,1,0.63418174
a09,313,1,1,0.5369354
a09,314,1,1,0.5190286
a09,315,1,0,0.4796953
a09,316,1,0,0.47387666
a09,317,1,1,0.50826275
a09,318,1,1,0.60305256
a09,319,1,0,0.4603644
a09,321,1,0,0.45947587
a09,322,1,0,0.4243602
a09,323,1,1,0.5434746
a09,325,1,1,0.5215701
a09,326,1,0,0.28188962
a09,327,1,1,0.650245
a09,328,1,1,0.82038337
a09,329,1,1,0.5345344
a09,330,1,1,0.8260943
a09,331,1,1,0.63583916
a09,332,1,1,0.81675595
a09,333,1,1,0.7893206
a09,334,1,0,0.17406197
a09,335,1,1,0.8531351
a09,336,1,1,0.7790449
a09,337,1,1,0.8445335
a09,338,1,1,0.80768335
a09,339,1,0,0.47344422
a09,340,1,1,0.74075216
a09,341,1,1,0.84573513
a09,342,1,1,0.5544541
a09,343,1,0,0.19513036
a09,344,1,1,0.6286161
a09,345,1,1,0.79112583
a09,346,1,1,0.61354923
a09,347,1,1,0.8303338
a09,348,1,1,0.6690228
a09,349,1,0,0.3055317
a09,350,1,1,0.7008811
a09,351,1,0,0.30996725
a09,352,1,1,0.70429564
a09,353,1,0,0.26506883
a09,354,1,0,0.18391202
a09,355,1,1,0.6283173
a09,356,1,0,0.40565228
a09,357,1,0,0.42109126
a09,358,1,0,0.17347641
a09,359,1,1,0.61666256
a09,360,1,1,0.62816644
a09,361,1,1,0.7270713
a09,362,0,0,0.27391684
a09,363,0,0,0.13141304
a09,364,0,0,0.3945358
a09,365,0,0,0.1239611
a09,366,0,0,0.17008172
a09,367,0,0,0.14608727
a09,368,0,0,0.122099884
a09,369,0,0,0.16762532
a09,370,0,1,0.6161359
a09,371,0,0,0.15938424
a09,372,0,0,0.15466519
a09,373,0,0,0.3205778
a09,374,0,0,0.11839257
a09,375,0,0,0.19121276
a09,376,0,0,0.24694096
a09,377,0,0,0.13824117
a09,378,0,0,0.44125542
a09,379,0,0,0.29826
a09,380,1,0,0.26127666
a09,381,1,0,0.15574418
a09,382,1,0,0.081701666
a09,383,1,1,0.57009274
a09,384,1,0,0.10916524
a09,385,1,0,0.23048164
a09,386,1,1,0.66506124
a09,387,1,1,0.50930595
a09,388,1,1,0.65788925
a09,389,1,1,0.57224107
a09,390,1,1,0.83391327
a09,391,1,1,0.56482464
a09,392,1,1,0.8347568
a09,393,1,0,0.21413635
a09,394,1,0,0.3575912
a09,395,1,0,0.46648067
a09,396,1,0,0.4211806
a09,397,1,0,0.34756133
a09,398,1,0,0.38400966
a09,399,1,0,0.23617135
a09,400,1,0,0.432969
a09,401,1,1,0.7102199
a09,402,1,1,0.6593678
a09,403,1,0,0.4139815
a09,404,1,1,0.6853662
a09,405,1,0,0.35192835
a09,406,1,1,0.5572715
a09,407,1,1,0.8027791
a09,408,1,1,0.84631294
a09,409,1,1,0.76151264
a09,410,1,1,0.56908464
a09,411,1,0,0.43141595
a09,412,1,1,0.8346514
a09,413,1,1,0.66263825
a09,414,1,0,0.4663034
a09,415,1,1,0.5841825
a09,416,1,1,0.8291262
a09,417,1,1,0.82603335
a09,418,1,1,0.67285
a09,419,1,1,0.81566817
a09,420,1,1,0.81075376
a09,421,1,1,0.5519304
a09,422,1,1,0.83529085
a09,423,1,0,0.38192242
a09,424,1,1,0.62007564
a09,425,1,1,0.5805262
a09,426,1,1,0.54590845
a09,427,1,0,0.27326706
a09,428,1,0,0.48696733
a09,429,1,0,0.18035462
a09,430,1,1,0.8343083
a09,431,1,1,0.5544074
a09,432,1,1,0.54261494
a09,433,1,1,0.8370252
a09,434,1,1,0.5380834
a09,435,1,1,0.6648785
a09,436,1,0,0.2666374
a09,437,1,1,0.70044196
a09,438,1,0,0.22664024
a09,439,1,1,0.7674786
a09,440,0,0,0.20433116
a09,441,0,0,0.33583996
a09,442,0,0,0.31400687
a09,443,0,0,0.27214763
a09,444,0,0,0.19064943
a09,445,0,1,0.56078225
a09,446,0,0,0.16576676
a09,447,0,0,0.081199214
a09,448,0,0,0.07937357
a09,449,0,1,0.6084079
a09,450,1,1,0.5270241
a09,451,1,1,0.73680085
a09,452,1,1,0.7049894
a09,453,1,1,0.8319128
a09,454,1,1,0.6968796
a09,455,1,0,0.2911253
a09,456,1,1,0.52488977
a09,457,1,1,0.51009524
a09,458,1,1,0.69508225
a09,459,1,1,0.5834218
a09,460,1,0,0.39062393
a09,461,1,0,0.2346166
a09,462,1,1,0.84511286
a09,463,1,0,0.2149827
a09,464,1,0,0.15146984
a09,465,1,1,0.7965837
a09,466,1,1,0.6437863
a09,467,1,1,0.5909666
a09,468,1,1,0.73582596
a09,469,1,1,0.75686586
a09,470,1,0,0.42653638
a09,471,1,1,0.5863521
a09,472,1,1,0.5696769
a09,473,1,0,0.2663408
a09,474,1,1,0.79097575
a09,475,1,1,0.69382524
a09,476,1,1,0.58576447
a09,477,1,1,0.83522
a09,478,1,1,0.83371836
a09,479,1,0,0.13718992
a09,480,1,0,0.15271191
a09,481,1,1,0.5479385
a09,482,1,0,0.32873732
a09,483,1,0,0.3887464
a09,484,1,0,0.48540476
a09,485,1,1,0.5272452
a09,486,1,0,0.26498616
a09,487,1,1,0.6724202
a09,488,1,1,0.8292443
a09,489,1,1,0.6634854
a09,490,1,1,0.8288306
a09,491,1,0,0.18656877
a09,492,1,0,0.24954925
a09,493,1,0,0.4432194
a09,494,1,1,0.76574576
a10,1,0,1,0.84396994
a10,2,0,1,0.6778414
a10,3,0,1,0.55615276
a10,6,0,1,0.8319283
a10,7,0,0,0.49199823
a10,9,0,1,0.6354038
a10,10,0,1,0.79186606
a10,11,0,1,0.71008784
a10,12,0,0,0.4389814
a10,13,0,0,0.31506523
a10,14,0,0,0.16524896
a10,15,0,0,0.47991276
a10,16,0,1,0.767037
a10,17,0,1,0.79727405
a10,18,0,0,0.0017724741
a10,19,0,0,0.14222826
a10,20,0,0,0.1441787
a10,21,0,0,0.15205763
a10,22,0,1,0.5709714
a10,23,0,0,0.15336132
a10,26,0,0,0.36854672
a10,28,0,0,0.19564234
a10,29,0,0,0.21583565
a10,30,0,0,0.40816882
a10,31,0,1,0.6962574
a10,32,0,1,0.58238375
a10,34,0,0,0.21040389
a10,35,0,1,0.8010373
a10,36,0,0,0.42078558
a10,37,0,0,0.27771074
a10,38,0,0,0.39511526
a10,39,0,1,0.7510064
a10,42,0,0,0.21512932
a10,44,0,0,0.16308951
a10,45,0,0,0.17984582
a10,46,0,1,0.64240557
a10,47,0,0,0.45947614
a10,48,0,1,0.8065785
a10,49,0,0,0.23370786
a10,50,0,0,0.22612359
a10,51,0,0,0.38009834
a10,52,0,0,0.42182556
a10,54,0,1,0.78931653
a10,55,1,0,0.33316946
a10,56,1,1,0.690942
a10,57,1,1,0.5747151
a10,58,1,1,0.862854
a10,59,1,0,0.3091194
a10,60,0,1,0.609509
a10,61,0,1,0.817203
a10,62,0,1,0.67815983
a10,63,0,1,0.84403414
a10,64,0,1,0.7561248
a10,65,0,1,0.7152509
a10,66,0,1,0.68386275
a10,67,0,0,0.46841028
a10,68,0,1,0.54817396
a10,70,0,0,0.40143895
a10,71,0,0,0.36630762
a10,72,0,1,0.52149373
a10,73,0,1,0.58489156
a10,77,0,0,0.17924869
a10,78,0,0,0.4100792
a10,79,0,0,0.23868296
a10,81,0,1,0.56161207
a10,82,0,1,0.6992055
a10,83,0,1,0.5188312
a10,84,0,0,0.31489363
a10,85,0,0,0.19609958
a10,86,0,1,0.83526623
a10,87,0,0,0.32462534
a10,88,0,1,0.6552837
a10,89,0,0,0.4109534
a10,90,0,0,0.21270823
a10,92,0,0,0.41526604
a10,93,0,1,0.5330451
a10,94,0,0,0.31644478
a10,95,0,1,0.5324949
a10,96,0,0,0.27017596
a10,97,0,0,0.21816592
a10,98,0,0,0.42384946
a10,99,0,0,0.32491627
a10,100,0,0,0.18353361
a10,101,0,0,0.18314189
a10,102,0,0,0.22599773
a10,103,0,0,0.16489866
a10,104,0,0,0.32636407
a10,105,1,0,0.40495887
a10,106,1,0,0.40317693
a10,107,1,1,0.60227036
a10,108,1,1,0.81928074
a10,109,1,1,0.7871216
a10,110,1,1,0.6534502
a10,111,1,1,0.71068114
a10,112,1,1,0.6929993
a10,113,1,1,0.7624633
a10,114,1,1,0.7609272
a10,115,1,1,0.82277936
a10,116,1,1,0.7697225
a10,117,1,1,0.76042426
a10,118,1,1,0.8500778
a10,119,1,1,0.7767717
a10,120,1,1,0.82465446
a10,121,1,1,0.83097976
a10,122,1,1,0.5478821
a10,123,1,1,0.8023842
a10,124,1,1,0.8070688
a10,125,1,1,0.73218805
a10,126,1,1,0.8183765
a10,127,1,1,0.65070933
a10,128,1,1,0.8109834
a10,129,1,0,0.44888297
a10,130,0,0,0.1514539
a10,131,0,0,0.16399778
a10,132,0,0,0.16100629
a10,133,0,0,0.19881347
a10,134,0,0,0.38564214
a10,135,0,0,0.24125344
a10,136,0,0,0.15420757
a10,137,0,0,0.13440391
a10,138,0,0,0.15822537
a10,139,0,0,0.2974947
a10,140,0,0,0.30198896
a10,141,0,0,0.20688105
a10,142,0,0,0.21717359
a10,143,0,1,0.7557299
a10,144,1,1,0.76937985
a10,145,0,1,0.6743902
a10,146,0,1,0.72114384
a10,147,0,1,0.77732295
a10,148,0,0,0.25978777
a10,149,0,0,0.24363536
a10,151,0,1,0.7966888
a10,152,0,0,0.31146875
a10,153,0,0,0.47477406
a10,154,0,1,0.6663362
a10,155,0,1,0.7176084
a10,156,0,1,0.81125414
a10,157,0,0,0.34624937
a10,158,0,0,0.16982809
a10,159,0,0,0.25888506
a10,160,0,0,0.2746749
a10,161,0,1,0.78402865
a10,162,0,0,0.46863323
a10,163,0,0,0.22148837
a10,164,0,1,0.53739285
a10,165,0,1,0.59362376
a10,166,0,1,0.604901
a10,167,0,0,0.37756717
a10,168,0,0,0.3062735
a10,169,0,1,0.7587353
a10,171,0,0,0.256732
a10,172,0,0,0.31809798
a10,173,0,1,0.5565986
a10,174,0,1,0.77299863
a10,175,0,0,0.3011012
a10,176,0,0,0.30530077
a10,177,0,0,0.19681983
a10,178,0,0,0.2231056
a10,179,0,0,0.34202144
a10,180,0,1,0.64116806
a10,181,0,0,0.15118626
a10,182,0,0,0.15111157
a10,183,0,0,0.2168937
a10,184,0,0,0.23215744
a10,185,0,0,0.22836271
a10,186,0,0,0.2734023
a10,187,0,1,0.6507403
a10,188,0,1,0.7051304
a10,189,0,1,0.7926968
a10,190,0,0,0.17529145
a10,191,0,1,0.86433953
a10,193,0,1,0.7197895
a10,194,0,0,0.23078212
a10,195,0,0,0.24763419
a10,196,0,0,0.2407893
a10,197,0,0,0.20401816
a10,198,0,0,0.1548072
a10,199,0,0,0.30910817
a10,200,0,0,0.3482205
a10,201,0,0,0.4713129
a10,202,0,0,0.21488786
a10,203,0,0,0.45257598
a10,204,0,0,0.4331402
a10,205,0,0,0.23590893
a10,206,0,0,0.22962688
a10,207,0,0,0.1672979
a10,208,0,0,0.27233648
a10,209,0,0,0.30987588
a10,210,0,0,0.2119732
a10,211,0,0,0.15008168
a10,212,0,0,0.26060304
a10,213,0,1,0.8038324
a10,214,0,0,0.18452995
a10,215,0,0,0.20221215
a10,216,0,0,0.23204958
a10,217,0,1,0.6715704
a10,218,1,1,0.6597878
a10,219,1,1,0.73929733
a10,220,0,1,0.6983078
a10,221,1,0,0.24099882
a10,222,0,1,0.7950316
a10,224,0,1,0.7884821
a10,225,1,1,0.71727675
a10,226,1,0,0.41074157
a10,227,0,1,0.838503
a10,228,0,0,0.49865282
a10,229,0,1,0.78160083
a10,230,0,1,0.7087433
a10,231,0,1,0.7738778
a10,232,1,1,0.82805747
a10,233,1,1,0.83298784
a10,234,1,1,0.7553159
a10,235,1,1,0.8153946
a10,236,1,1,0.79947543
a10,237,1,1,0.7466929
a10,238,1,1,0.7593342
a10,239,0,1,0.76236206
a10,240,0,0,0.09597935
a10,242,0,0,0.19824165
a10,243,0,0,0.3200185
a10,245,0,0,0.22460482
a10,246,0,0,0.43138245
a10,248,0,1,0.8433704
a10,249,0,0,0.15263855
a10,250,0,0,0.1864525
a10,251,0,0,0.46256596
a10,253,0,0,0.31121653
a10,254,0,1,0.6883374
a10,256,0,1,0.84110385
a10,257,0,0,0.29128766
a10,258,0,0,0.3210944
a10,259,0,1,0.5685541
a10,260,0,1,0.85012954
a10,261,0,1,0.81097335
a10,262,0,1,0.8394177
a10,263,0,1,0.7966173
a10,264,1,0,0.2451742
a10,265,0,1,0.7111244
a10,266,0,0,0.26084948
a10,267,0,0,0.22713006
a10,268,0,0,0.127738
a10,269,0,0,0.40494725
a10,270,0,0,0.40478313
a10,271,0,1,0.67095935
a10,272,0,1,0.5470809
a10,273,0,1,0.7516369
a10,274,1,1,0.8165719
a10,275,1,0,0.16236483
a10,276,0,0,0.14979129
a10,277,0,1,0.6165026
a10,278,0,0,0.20814037
a10,280,0,0,0.15733743
a10,281,0,0,0.21998338
a10,282,0,0,0.20489028
a10,283,0,1,0.70673984
a10,284,0,1,0.5281922
a10,285,0,0,0.42559326
a10,286,0,0,0.17772266
a10,287,0,0,0.24746376
a10,289,0,0,0.28825945
a10,290,0,0,0.18719842
a10,291,0,1,0.8148913
a10,293,0,0,0.40246227
a10,295,0,0,0.3342412
a10,297,0,0,0.4689299
a10,298,0,0,0.32894194
a10,299,0,0,0.28712094
a10,301,0,0,0.19096322
a10,302,0,0,0.20995286
a10,303,0,0,0.19288908
a10,304,0,0,0.17217001
a10,305,0,0,0.36954293
a10,306,0,0,0.28026563
a10,309,0,0,0.21615036
a10,310,0,0,0.25300318
a10,311,0,0,0.20891218
a10,313,0,0,0.2372263
a10,314,0,0,0.3115881
a10,315,0,0,0.23486228
a10,316,0,0,0.24144804
a10,317,0,0,0.3254956
a10,318,0,0,0.30262128
a10,319,0,0,0.16746044
a10,320,0,0,0.35917985
a10,321,0,1,0.8030742
a10,322,0,1,0.6824062
a10,323,1,1,0.60125226
a10,324,1,1,0.76481164
a10,325,0,0,0.21737628
a10,326,0,0,0.37383395
a10,327,0,1,0.5315773
a10,328,0,0,0.45139125
a10,329,0,0,0.31689972
a10,330,0,0,0.21896802
a10,331,0,0,0.29155737
a10,332,0,0,0.42690843
a10,333,0,1,0.8578385
a10,334,0,0,0.17452885
a10,335,0,0,0.24394883
a10,336,0,1,0.7117306
a10,338,0,1,0.6041583
a10,339,0,0,0.46491
a10,340,0,0,0.29574636
a10,341,0,1,0.58957297
a10,342,0,1,0.53618133
a10,343,0,1,0.51938903
a10,345,0,0,0.14396085
a10,346,0,1,0.53244245
a10,348,0,0,0.3300077
a10,349,0,1,0.5932611
a10,350,0,0,0.30207562
a10,351,0,0,0.49073803
a10,352,0,0,0.14677216
a10,353,0,1,0.61037564
a10,354,0,0,0.373958
a10,355,0,1,0.6770481
a10,356,0,1,0.8200322
a10,357,0,1,0.783757
a10,359,0,0,0.494021
a10,360,0,0,0.40529394
a10,361,0,1,0.8282064
a10,362,1,0,0.45763814
a10,363,1,0,0.4801712
a10,364,1,1,0.6920802
a10,365,1,0,0.28194943
a10,366,1,1,0.8268146
a10,367,1,1,0.8093601
a10,369,0,1,0.57346845
a10,370,1,1,0.6905756
a10,372,0,0,0.19189745
a10,373,0,0,0.20254573
a10,374,0,1,0.64248705
a10,376,0,0,0.19136906
a10,377,0,0,0.19315854
a10,378,0,1,0.7924964
a10,379,0,1,0.81434613
a10,380,0,1,0.61435455
a10,381,0,1,0.7835393
a10,383,0,0,0.21495898
a10,385,0,0,0.44538367
a10,387,0,0,0.17523547
a10,388,0,1,0.60687953
a10,389,0,1,0.8700509
a10,390,0,1,0.80504876
a10,391,0,1,0.7879193
a10,392,0,1,0.56333923
a10,393,0,1,0.65353054
a10,394,0,1,0.8702945
a10,395,0,0,0.24150158
a10,396,0,1,0.8148599
a10,397,0,0,0.45780578
a10,398,1,1,0.57508683
a10,399,1,1,0.8633239
a10,400,1,0,0.18413772
a10,401,0,1,0.70201886
a10,402,0,0,0.32487822
a10,405,0,1,0.76882696
a10,406,0,1,0.51381123
a10,407,0,1,0.72111267
a10,408,0,1,0.68260264
a10,409,0,0,0.447106
a10,410,0,0,0.2751564
a10,411,0,1,0.8231079
a10,412,0,1,0.63166684
a10,413,0,1,0.8443254
a10,414,1,1,0.8149396
a10,415,1,1,0.7512097
a10,416,1,1,0.8214854
a10,417,1,0,0.30926627
a10,418,1,0,0.40955842
a10,419,1,1,0.78897613
a10,420,1,0,0.21324421
a10,421,0,0,0.22715455
a10,422,0,0,0.2617937
a10,425,0,0,0.15108916
a10,426,0,1,0.5450885
a10,427,0,1,0.5682525
a10,428,0,1,0.50125986
a10,430,0,0,0.24128078
a10,431,0,1,0.6407379
a10,432,0,0,0.29272974
a10,433,0,1,0.7563751
a10,434,0,1,0.65228057
a10,435,0,0,0.2123897
a10,436,0,1,0.598683
a10,437,0,1,0.5883679
a10,438,0,1,0.64263344
a10,439,0,0,0.4976908
a10,440,0,0,0.21284989
a10,441,0,1,0.5497622
a10,442,0,1,0.5159629
a10,443,0,0,0.37886506
a10,444,0,0,0.4186839
a10,445,0,1,0.8707096
a10,446,1,0,0.46430174
a10,447,1,1,0.81950307
a10,448,1,1,0.82818097
a10,449,1,1,0.8382155
a10,450,1,1,0.8685761
a10,451,1,1,0.82688135
a10,452,1,1,0.8869507
a10,453,1,1,0.8337086
a10,454,1,1,0.83052456
a10,455,1,1,0.86648864
a10,456,1,1,0.8483771
a10,457,1,1,0.84705657
a10,458,1,0,0.3365845
a10,459,0,0,0.18576992
a10,460,0,0,0.23090582
a10,461,0,1,0.62365586
a10,462,1,1,0.6944797
a10,463,1,1,0.85289985
a10,464,1,0,0.29467654
a10,465,0,1,0.51905787
a10,466,0,1,0.764948
a10,467,1,0,0.4284863
a10,468,0,1,0.5658361
a10,469,0,1,0.6606437
a10,470,0,0,0.24378623
a10,472,0,0,0.1826881
a10,473,0,0,0.22644986
a10,475,0,1,0.5334344
a10,476,0,0,0.23615241
a10,477,0,0,0.47911412
a10,479,0,0,0.18986046
a10,480,0,0,0.29958677
a10,481,0,0,0.19943835
a10,482,0,1,0.89054877
a10,483,0,0,0.4166438
a10,484,0,1,0.8334719
a10,485,0,0,0.17607448
a10,486,0,1,0.77751833
a10,487,0,0,0.45226884
a10,488,0,1,0.5681995
a10,489,0,0,0.4687825
a10,490,0,1,0.5133738
a10,491,0,1,0.63538307
a10,492,0,1,0.8886389
a10,493,0,1,0.84646684
a10,494,0,1,0.8296935
a10,495,0,0,0.23308572
a10,496,0,1,0.8431137
a10,497,0,1,0.77672887
a10,498,0,1,0.8239262
a10,499,0,1,0.7820758
a10,500,1,1,0.7901376
a10,501,1,0,0.19040202
a10,502,1,1,0.8440169
a10,503,1,1,0.82047904
a10,504,1,1,0.71141785
a10,505,1,1,0.67306507
a10,506,1,1,0.8522672
a10,507,1,1,0.8645153
a10,508,1,1,0.8039322
a10,509,1,1,0.8076523
a10,510,1,1,0.78513855
a10,511,1,0,0.4541966
a10,512,1,1,0.8526131
a10,515,1,1,0.8331096
a10,516,1,1,0.78430486
a11,1,0,0,0.41745043
a11,2,0,0,0.48184848
a11,3,0,0,0.43276232
a11,4,0,1,0.6452776
a11,5,0,0,0.3441444
a11,6,0,0,0.2893824
a11,7,0,0,0.40119076
a11,8,0,0,0.39728758
a11,9,0,0,0.24940716
a11,10,0,1,0.7326545
a11,11,0,0,0.17452593
a11,12,0,0,0.29268283
a11,13,0,1,0.55165666
a11,14,0,0,0.44062573
a11,15,0,0,0.19240576
a11,16,0,0,0.23421484
a11,17,1,0,0.33396256
a11,18,1,0,0.17333424
a11,19,1,1,0.53853047
a11,20,1,0,0.25812864
a11,21,1,1,0.5595258
a11,22,1,0,0.16611199
a11,23,1,0,0.38976854
a11,24,1,0,0.16536708
a11,25,0,0,0.45043328
a11,26,0,0,0.33941984
a11,27,0,0,0.4360365
a11,28,0,1,0.5423128
a11,29,0,0,0.4316229
a11,30,0,0,0.269932
a11,31,0,0,0.1550023
a11,32,0,0,0.29796848
a11,33,0,0,0.17865752
a11,34,0,0,0.33552602
a11,35,0,0,0.14921884
a11,36,0,0,0.15030314
a11,37,0,0,0.16157365
a11,38,0,0,0.33997074
a11,39,0,0,0.20986064
a11,40,0,0,0.15848592
a11,41,0,0,0.2503422
a11,42,0,0,0.1544679
a11,43,0,0,0.170505
a11,44,0,0,0.19502842
a11,45,0,0,0.18340115
a11,46,0,0,0.15534942
a11,47,0,0,0.18887208
a11,48,0,0,0.31696138
a11,49,0,0,0.1986455
a11,50,0,0,0.18425278
a11,51,0,0,0.17202136
a11,52,0,0,0.24728635
a11,53,0,0,0.23181665
a11,54,0,0,0.2144786
a11,55,0,0,0.17733882
a11,56,0,0,0.16276921
a11,57,0,0,0.17563368
a11,58,0,0,0.17779359
a11,59,0,0,0.26043877
a11,60,0,0,0.22541562
a11,61,0,0,0.2081476
a11,62,0,0,0.20330463
a11,63,0,0,0.23054093
a11,64,0,0,0.19957775
a11,65,0,0,0.26574922
a11,66,0,0,0.22282316
a11,67,0,0,0.213628
a11,68,0,0,0.17452069
a11,69,0,0,0.17596413
a11,70,0,0,0.25888932
a11,71,0,0,0.2198461
a11,72,0,0,0.23825617
a11,73,0,0,0.21741268
a11,74,0,0,0.23409466
a11,75,0,0,0.36228377
a11,76,0,0,0.2777734
a11,77,0,0,0.23579583
a11,78,0,0,0.301991
a11,79,0,0,0.20679069
a11,80,0,0,0.23319326
a11,81,0,0,0.2213617
a11,82,0,0,0.22454856
a11,83,1,0,0.45319265
a11,84,1,1,0.6688728
a11,85,1,0,0.4766298
a11,86,1,1,0.58350676
a11,87,1,0,0.32181397
a11,88,1,0,0.2538654
a11,89,1,0,0.22580087
a11,90,1,0,0.28875464
a11,91,1,1,0.5860467
a11,92,1,0,0.23157643
a11,93,1,1,0.5108336
a11,94,0,1,0.60465795
a11,95,0,0,0.22262628
a11,96,0,0,0.29228535
a11,97,0,0,0.24564293
a11,98,0,0,0.282873
a11,99,0,1,0.5818363
a11,100,1,0,0.39561307
a11,101,1,0,0.39480048
a11,102,1,0,0.33877444
a11,103,1,0,0.31139046
a11,104,1,0,0.3737566
a11,105,1,0,0.4595158
a11,106,1,0,0.35409838
a11,107,1,0,0.4275744
a11,108,1,0,0.4900099
a11,109,1,0,0.38192025
a11,110,1,0,0.3624376
a11,111,1,0,0.48739272
a11,112,1,0,0.37483191
a11,113,1,1,0.5182901
a11,114,1,1,0.55930704
a11,115,1,0,0.41462126
a11,116,1,1,0.5514582
a11,117,1,0,0.42112353
a11,118,1,1,0.5270422
a11,119,1,1,0.5508239
a11,120,1,0,0.28311577
a11,121,1,0,0.47687343
a11,122,1,0,0.40226564
a11,123,1,1,0.53298306
a11,124,1,1,0.6275745
a11,125,1,0,0.3341591
a11,126,1,1,0.5621026
a11,127,1,1,0.6228829
a11,128,0,0,0.3313139
a11,129,0,0,0.3704974
a11,130,0,0,0.4306456
a11,131,0,0,0.31688675
a11,132,0,1,0.77951896
a11,134,0,0,0.29091346
a11,135,0,0,0.2108072
a11,136,0,0,0.17090827
a11,137,0,0,0.24078774
a11,138,0,0,0.2536577
a11,139,0,0,0.19481851
a11,140,0,0,0.18487322
a11,141,0,0,0.21876875
a11,142,0,0,0.19482605
a11,144,0,0,0.21887295
a11,145,0,0,0.17096093
a11,146,0,0,0.20147333
a11,147,0,0,0.1646668
a11,148,0,0,0.18111879
a11,149,0,0,0.18403357
a11,150,0,0,0.16387182
a11,151,0,0,0.19525231
a11,152,0,0,0.24483125
a11,153,0,0,0.36318824
a11,154,0,0,0.2081146
a11,155,0,0,0.1684686
a11,156,0,0,0.17201532
a11,157,0,0,0.24536674
a11,158,0,0,0.21405154
a11,159,0,0,0.31811666
a11,160,0,0,0.3820956
a11,161,0,0,0.14710529
a11,162,0,0,0.15042946
a11,163,0,0,0.16337225
a11,164,0,0,0.19617754
a11,165,0,0,0.16123287
a11,166,0,0,0.20808446
a11,167,0,0,0.1856022
a11,168,0,0,0.43075415
a11,169,0,1,0.52704453
a11,170,0,0,0.2768536
a11,171,0,0,0.15379891
a11,172,0,0,0.29051968
a11,173,0,0,0.29069325
a11,174,0,0,0.15029785
a11,175,0,0,0.3603571
a11,176,0,0,0.14753447
a11,177,0,0,0.19225644
a11,178,0,0,0.20301645
a11,179,0,0,0.14417219
a11,180,0,0,0.17498761
a11,181,0,0,0.17215177
a11,182,0,0,0.16573857
a11,183,0,0,0.1493321
a11,184,0,0,0.17432284
a11,185,0,0,0.19004755
a11,186,0,0,0.1556353
a11,187,0,0,0.17156528
a11,188,0,1,0.76350915
a11,189,1,0,0.20341341
a11,190,1,0,0.44662595
a11,191,1,0,0.15424918
a11,192,1,1,0.5636986
a11,193,1,0,0.37391838
a11,194,1,0,0.28119782
a11,195,1,0,0.3485165
a11,196,1,0,0.26341105
a11,197,1,0,0.4423952
a11,198,1,0,0.35976124
a11,199,1,0,0.36869144
a11,200,1,0,0.34836832
a11,201,1,0,0.33283377
a11,202,1,0,0.3928109
a11,203,1,0,0.36587137
a11,204,1,0,0.48445982
a11,205,1,0,0.44720334
a11,206,1,1,0.53210914
a11,207,1,0,0.32813674
a11,208,1,0,0.19840173
a11,209,1,0,0.41933784
a11,210,1,0,0.29176465
a11,211,1,0,0.39122295
a11,212,1,1,0.6145191
a11,213,1,0,0.27949518
a11,215,1,0,0.45756388
a11,216,1,0,0.31070748
a11,217,1,0,0.41390187
a11,218,1,1,0.64199626
a11,219,0,1,0.53706574
a11,220,0,0,0.3068385
a11,221,0,0,0.4867597
a11,222,0,0,0.34245503
a11,223,0,0,0.4191814
a11,224,0,0,0.37880492
a11,225,1,0,0.3360029
a11,226,1,0,0.38544625
a11,227,1,0,0.39294937
a11,229,1,0,0.33950737
a11,230,1,0,0.41227797
a11,231,1,1,0.56900334
a11,232,1,0,0.45239717
a11,233,1,1,0.59418404
a11,234,1,0,0.37688017
a11,235,1,0,0.34554356
a11,236,1,0,0.40537843
a11,237,1,0,0.2773523
a11,238,1,1,0.52828014
a11,240,1,1,0.5168221
a11,241,1,0,0.4365594
a11,242,1,0,0.3807764
a11,243,1,0,0.4345684
a11,244,1,0,0.4024083
a11,246,1,0,0.49345392
a11,248,1,0,0.46446595
a11,249,1,0,0.47153968
a11,250,1,0,0.42132363
a11,251,1,0,0.43303597
a11,252,1,1,0.50616425
a11,253,1,0,0.49881965
a11,254,1,0,0.4687015
a11,255,1,0,0.4831682
a11,256,1,0,0.46857125
a11,257,0,1,0.6039152
a11,258,0,1,0.5001612
a11,259,0,0,0.16617028
a11,260,0,0,0.18804993
a11,261,0,0,0.27252322
a11,262,0,0,0.20675513
a11,263,0,0,0.37967533
a11,264,0,0,0.23987305
a11,265,0,0,0.16044812
a11,266,0,0,0.20041296
a11,267,0,0,0.19206734
a11,269,0,0,0.23153363
a11,270,0,0,0.22159076
a11,271,0,0,0.20705074
a11,272,0,0,0.249936
a11,273,0,0,0.21554789
a11,274,0,0,0.209287
a11,275,0,0,0.16791637
a11,276,0,0,0.28834516
a11,277,0,0,0.36769044
a11,278,0,0,0.20721781
a11,279,0,0,0.17468701
a11,280,0,0,0.17736314
a11,282,0,0,0.23384498
a11,283,0,0,0.1781205
a11,284,0,0,0.18674284
a11,285,0,0,0.22279547
a11,286,0,0,0.16927686
a11,287,0,0,0.2114339
a11,288,0,0,0.18839188
a11,289,0,0,0.17361699
a11,290,0,0,0.1680152
a11,291,0,0,0.20131987
a11,292,0,0,0.21172896
a11,293,0,0,0.15581124
a11,294,0,0,0.2038966
a11,295,0,0,0.15847173
a11,296,0,0,0.17397194
a11,298,0,0,0.18380395
a11,299,0,0,0.39994758
a11,300,0,0,0.17018035
a11,301,0,0,0.18173389
a11,302,0,0,0.24943148
a11,303,0,0,0.15351549
a11,304,0,0,0.16166885
a11,305,0,0,0.1502094
a11,306,0,0,0.23314497
a11,307,0,0,0.4213044
a11,308,0,0,0.2196366
a11,309,0,0,0.15425527
a11,310,0,0,0.17958963
a11,311,0,0,0.1478189
a11,312,0,1,0.66886264
a11,313,0,0,0.42628762
a11,314,0,0,0.1796087
a11,315,0,0,0.2081108
a11,316,0,0,0.20990592
a11,318,0,0,0.172607
a11,319,0,0,0.339241
a11,320,0,0,0.18881015
a11,321,0,0,0.14348936
a11,322,0,0,0.39124298
a11,323,0,1,0.6637776
a11,324,0,1,0.80044365
a11,325,0,0,0.20438676
a11,326,0,0,0.31741923
a11,327,0,0,0.20355543
a11,328,0,0,0.3908308
a11,329,0,0,0.3025058
a11,330,0,0,0.16880517
a11,331,0,0,0.15290236
a11,332,0,0,0.22535042
a11,333,0,0,0.16907316
a11,334,0,0,0.15178931
a11,335,0,1,0.6545091
a11,336,0,1,0.66559243
a11,337,0,0,0.2778183
a11,338,0,1,0.539414
a11,339,0,0,0.15569931
a11,340,0,0,0.15666428
a11,341,0,1,0.7366989
a11,342,0,0,0.24911383
a11,343,0,0,0.18957347
a11,345,1,0,0.18776855
a11,346,1,0,0.32940888
a11,347,1,0,0.16379553
a11,349,1,0,0.28343078
a11,350,1,1,0.54599494
a11,351,1,0,0.26024407
a11,352,1,0,0.22685677
a11,353,1,0,0.17894408
a11,354,1,0,0.40057528
a11,355,1,0,0.24203138
a11,356,1,0,0.42762357
a11,357,1,0,0.28883806
a11,358,1,0,0.1918285
a11,359,1,0,0.300426
a11,360,1,0,0.4533716
a11,361,1,1,0.6648415
a11,362,1,1,0.57541525
a11,363,1,1,0.5371234
a11,364,1,0,0.47142628
a11,365,1,0,0.45627853
a11,366,1,0,0.41624087
a11,367,1,1,0.637368
a11,368,1,0,0.42213747
a11,369,1,0,0.41627073
a11,370,1,0,0.4160132
a11,371,1,0,0.4934582
a11,372,1,1,0.69782174
a11,373,1,0,0.4112428
a11,374,1,0,0.3782039
a11,375,1,1,0.5235504
a11,376,1,0,0.4240554
a11,377,1,0,0.4880044
a11,378,1,0,0.35953054
a11,379,1,0,0.35627192
a11,380,1,1,0.57508504
a11,381,1,1,0.5723599
a11,382,1,1,0.6582691
a11,383,1,0,0.36364767
a11,384,1,1,0.6835718
a11,385,1,0,0.31366196
a11,386,1,0,0.3313486
a11,387,1,0,0.32287386
a11,388,1,0,0.44742334
a11,389,1,0,0.4282475
a11,390,1,0,0.36116794
a11,391,1,0,0.48094752
a11,393,1,1,0.5338289
a11,394,1,0,0.3666785
a11,395,1,0,0.41766354
a11,396,1,0,0.3233782
a11,397,1,0,0.3801806
a11,400,1,1,0.66406643
a11,401,1,0,0.46788138
a11,402,1,1,0.52015656
a11,403,1,1,0.5851305
a11,404,1,0,0.4810047
a11,405,1,0,0.36425692
a11,406,1,0,0.3834879
a11,407,1,0,0.41969943
a11,408,1,0,0.38703746
a11,409,1,1,0.6334377
a11,410,1,0,0.18169004
a11,411,1,0,0.44990522
a11,412,1,0,0.20583573
a11,413,1,0,0.21772386
a11,416,1,0,0.20663534
a11,418,0,0,0.1807038
a11,420,0,0,0.20193416
a11,421,0,0,0.19941543
a11,422,0,0,0.22343762
a11,425,0,0,0.2139658
a11,427,1,0,0.19428939
a11,428,1,0,0.33177966
a11,429,1,0,0.14644592
a11,430,1,0,0.15527448
a11,431,1,0,0.18730298
a11,432,1,0,0.16979508
a11,433,1,0,0.31465036
a11,434,1,0,0.28717417
a11,436,1,0,0.16337942
a11,437,1,0,0.42151916
a11,439,1,0,0.19089472
a11,440,1,0,0.33258843
a11,442,1,0,0.16017018
a11,443,1,0,0.14376538
a11,444,1,1,0.64718795
a11,445,1,0,0.28329977
a11,446,1,0,0.21790652
a11,447,1,0,0.15419212
a11,448,1,0,0.27002066
a11,449,1,0,0.41682437
a11,450,1,0,0.32714513
a11,451,1,0,0.278336
a11,452,1,0,0.25819683
a11,453,1,1,0.76241094
a11,454,1,0,0.33876503
a11,455,1,0,0.30314526
a11,456,1,0,0.19994053
a11,457,1,0,0.17018682
a11,458,1,0,0.19971775
a11,459,1,0,0.2644914
a11,460,1,0,0.19117518
a11,461,1,0,0.2895503
a11,462,1,0,0.35662243
a11,463,1,0,0.23921233
a11,464,1,0,0.36734357
a11,465,1,1,0.6946484
a12,1,0,0,0.22783947
a12,2,0,0,0.282489
a12,3,0,1,0.6407521
a12,4,0,0,0.3790427
a12,5,0,0,0.35679597
a12,6,0,0,0.20690279
a12,7,0,1,0.58375424
a12,8,0,0,0.3427935
a12,9,0,0,0.2814966
a12,10,0,0,0.34395918
a12,11,0,0,0.08817322
a12,12,0,1,0.72521704
a12,13,0,1,0.6577475
a12,14,0,1,0.7286951
a12,15,0,1,0.5112156
a12,16,0,1,0.62437147
a12,17,0,0,0.48797554
a12,18,0,1,0.5329694
a12,19,1,0,0.34076306
a12,20,1,0,0.41608375
a12,21,1,0,0.27721584
a12,22,1,0,0.16651858
a12,23,1,0,0.16588129
a12,24,1,1,0.7866702
a12,25,1,1,0.5757792
a12,26,1,0,0.122733444
a12,27,1,0,0.21417975
a12,28,1,0,0.33821264
a12,29,1,0,0.3496347
a12,30,1,0,0.47604826
a12,31,1,0,0.3013011
a12,32,1,0,0.12789567
a12,33,1,0,0.1732121
a12,34,1,1,0.7136439
a12,35,1,1,0.63436663
a12,36,1,0,0.1852093
a12,37,1,0,0.20950463
a12,39,1,0,0.15719752
a12,40,1,0,0.1635255
a12,41,1,0,0.05998433
a12,42,1,0,0.0717148
a12,43,1,0,0.13622276
a12,44,1,0,0.07821237
a12,45,1,0,0.08040978
a12,46,1,0,0.15915518
a12,47,1,0,0.14880712
a12,48,1,0,0.1373051
a12,49,1,0,0.33599713
a12,50,1,0,0.1352765
a12,51,1,0,0.10669894
a12,52,1,0,0.26596883
a12,53,1,0,0.32507366
a12,54,1,0,0.26253965
a12,55,1,0,0.2838262
a12,56,1,0,0.27310422
a12,57,1,0,0.20342876
a12,58,1,0,0.15197267
a12,59,1,0,0.2543591
a12,60,1,0,0.12866667
a12,61,1,1,0.550998
a12,62,1,1,0.6854427
a12,63,1,0,0.3279007
a12,64,1,0,0.42005098
a12,65,1,0,0.3354533
a12,66,1,0,0.48888758
a12,67,1,0,0.32918417
a12,68,1,1,0.5890852
a12,69,1,1,0.80834264
a12,70,1,0,0.49368358
a12,71,1,1,0.63428634
a12,72,1,0,0.19100782
a12,73,1,1,0.6434376
a12,74,1,1,0.76456857
a12,75,1,0,0.3198686
a12,76,1,1,0.65279484
a12,77,1,0,0.26524776
a12,78,1,1,0.7411995
a12,79,1,0,0.42139304
a12,80,1,1,0.8334087
a12,81,1,1,0.75338733
a12,82,1,1,0.8410724
a12,83,1,0,0.24432848
a12,84,1,1,0.6760941
a12,85,1,1,0.7096089
a12,86,1,1,0.8031345
a12,87,1,1,0.7831756
a12,88,1,1,0.8179906
a12,89,1,1,0.7338559
a12,90,1,0,0.23964822
a12,91,1,0,0.42999503
a12,92,1,0,0.17539522
a12,93,1,0,0.15994303
a12,94,1,0,0.1317415
a12,95,1,0,0.2787981
a12,96,1,0,0.30806896
a12,97,1,1,0.67270374
a12,98,1,0,0.3683119
a12,99,1,1,0.6650892
a12,100,1,1,0.7304199
a12,101,1,0,0.26319382
a12,102,1,1,0.7515086
a12,103,1,0,0.22550075
a12,104,1,1,0.8151144
a12,105,1,1,0.84201586
a12,106,1,1,0.83502007
a12,107,1,1,0.85662305
a12,108,1,1,0.82072395
a12,109,1,1,0.8398231
a12,110,1,1,0.70226204
a12,111,1,1,0.85095775
a12,112,1,1,0.70119506
a12,113,1,1,0.8089074
a12,114,1,0,0.36879045
a12,115,1,1,0.7739893
a12,116,1,1,0.8422554
a12,117,1,0,0.31507078
a12,118,1,1,0.74005073
a12,119,1,0,0.18029556
a12,120,1,0,0.0704818
a12,121,1,0,0.06702108
a12,122,1,0,0.076221876
a12,123,1,0,0.26849696
a12,124,1,0,0.25035915
a12,125,1,0,0.1985067
a12,126,1,0,0.23011836
a12,127,1,0,0.11685447
a12,128,1,0,0.11982828
a12,129,1,0,0.025869884
a12,130,1,0,0.24545893
a12,131,1,0,0.10735846
a12,132,1,0,0.35806417
a12,133,1,0,0.2091819
a12,134,1,1,0.56987405
a12,135,1,0,0.16700956
a12,136,1,0,0.14525275
a12,137,1,0,0.14093228
a12,138,1,0,0.28682125
a12,139,1,0,0.1955591
a12,140,1,0,0.13383795
a12,141,1,0,0.39328232
a12,142,1,1,0.8174534
a12,143,1,1,0.8365873
a12,144,1,1,0.8450153
a12,145,1,1,0.5245803
a12,146,1,1,0.61925817
a12,147,1,0,0.2725827
a12,148,1,1,0.52017826
a12,149,1,0,0.32561237
a12,150,1,0,0.41573587
a12,151,1,0,0.29050314
a12,152,1,0,0.087504886
a12,153,1,0,0.04404167
a12,154,1,0,0.49966025
a12,155,1,0,0.22284628
a12,156,1,0,0.15813324
a12,157,1,0,0.44653043
a12,158,1,0,0.13803612
a12,159,1,0,0.18148318
a12,160,1,0,0.13972114
a12,161,1,0,0.07303345
a12,162,1,0,0.09644546
a12,163,1,1,0.8523031
a12,164,1,1,0.85226333
a12,165,1,0,0.23395777
a12,166,1,0,0.39025784
a12,167,1,0,0.1310643
a12,168,1,0,0.33957407
a12,169,1,0,0.14375558
a12,170,1,0,0.2522452
a12,171,1,0,0.47147185
a12,172,1,0,0.21112868
a12,173,1,0,0.21763392
a12,174,1,0,0.16331537
a12,175,1,0,0.18054491
a12,176,1,1,0.7729497
a12,177,1,1,0.8226748
a12,178,1,1,0.81239754
a12,179,1,1,0.6171281
a12,180,1,1,0.66298574
a12,181,1,1,0.82455873
a12,182,1,1,0.68800056
a12,183,1,1,0.8508768
a12,184,1,1,0.6581828
a12,185,1,0,0.3910803
a12,186,1,0,0.26025513
a12,187,1,0,0.37209415
a12,188,1,0,0.2862488
a12,189,1,0,0.37268716
a12,190,1,1,0.5907562
a12,191,1,1,0.82224315
a12,192,1,1,0.8403276
a12,193,1,1,0.8331364
a12,194,1,1,0.8631732
a12,195,1,1,0.83790225
a12,196,1,1,0.7765928
a12,197,1,0,0.49944654
a12,198,1,1,0.8004243
a12,199,1,0,0.12433835
a12,200,1,0,0.18112932
a12,201,1,0,0.1043615
a12,202,1,0,0.45438796
a12,203,1,1,0.67160034
a12,204,1,1,0.70135987
a12,205,1,0,0.13762075
a12,206,1,1,0.6972553
a12,207,1,1,0.8407723
a12,208,1,1,0.84895486
a12,209,1,1,0.85302293
a12,210,1,1,0.85252154
a12,211,1,1,0.8596012
a12,212,1,1,0.8484506
a12,213,1,1,0.86683136
a12,214,1,1,0.8101488
a12,215,0,0,0.10654784
a12,216,0,1,0.7092298
a12,217,0,1,0.54191196
a12,218,0,1,0.66283625
a12,219,0,0,0.48392636
a12,220,0,1,0.8139499
a12,221,0,1,0.65177304
a12,222,0,1,0.5742738
a12,223,1,1,0.78827435
a12,224,1,1,0.81707853
a12,225,1,1,0.53063977
a12,226,1,1,0.83554745
a12,227,1,1,0.7484529
a12,228,1,1,0.8170466
a12,229,1,1,0.8445064
a12,230,1,1,0.8187381
a12,231,1,1,0.81736165
a12,232,1,1,0.8277194
a12,233,1,1,0.84813774
a12,234,1,1,0.83096355
a12,235,1,1,0.8528439
a12,236,1,1,0.8445945
a12,237,1,1,0.8309773
a12,238,1,1,0.79726887
a12,239,1,1,0.86639994
a12,240,1,1,0.84397256
a12,241,1,1,0.8457744
a12,242,1,1,0.8521168
a12,243,1,1,0.8546341
a12,244,1,1,0.52120405
a12,245,1,1,0.8479433
a12,246,1,1,0.84251535
a12,247,1,1,0.8082086
a12,248,1,1,0.78516805
a12,249,1,1,0.75383514
a12,250,1,1,0.7522648
a12,251,1,1,0.86330074
a12,252,1,1,0.8662795
a12,253,1,1,0.78752023
a12,254,1,1,0.73667264
a12,255,1,1,0.77606505
a12,256,1,1,0.82767165
a12,257,1,1,0.7396943
a12,258,1,1,0.8444714
a12,259,1,1,0.806702
a12,260,1,1,0.7702035
a12,261,1,1,0.7629929
a12,262,1,1,0.82271373
a12,263,1,1,0.8456378
a12,264,1,1,0.6745939
a12,265,1,1,0.7880537
a12,266,1,1,0.8319183
a12,267,1,1,0.73278344
a12,268,1,1,0.7406146
a12,269,1,1,0.80211586
a12,270,1,1,0.8515434
a12,271,1,1,0.8360905
a12,272,1,1,0.828164
a12,273,1,1,0.80360055
a12,274,1,1,0.82987624
a12,275,1,1,0.7323405
a12,276,1,1,0.7981279
a12,277,1,1,0.7303933
a12,278,1,1,0.8151014
a12,279,1,1,0.8154574
a12,280,1,1,0.8618048
a12,281,1,1,0.6030626
a12,282,1,1,0.828427
a12,283,1,1,0.71702117
a12,284,1,1,0.74264234
a12,285,1,1,0.6459889
a12,286,1,1,0.78690165
a12,287,1,1,0.50570995
a12,288,1,1,0.8274244
a12,289,1,1,0.68260026
a12,290,1,1,0.85186434
a12,291,1,1,0.74085945
a12,292,1,0,0.41852704
a12,293,1,0,0.3531634
a12,294,1,1,0.82863986
a12,295,1,1,0.806783
a12,296,1,1,0.846413
a12,297,1,0,0.38130358
a12,298,1,1,0.81549346
a12,299,1,1,0.77329785
a12,300,1,1,0.7217743
a12,301,1,1,0.83843935
a12,302,1,1,0.87007123
a12,303,1,1,0.77611905
a12,304,1,1,0.8643983
a12,305,1,1,0.8127394
a12,306,1,1,0.8474713
a12,307,1,1,0.7818656
a12,308,1,1,0.80929655
a12,309,1,1,0.61506176
a12,310,1,0,0.37650514
a12,311,1,0,0.26305342
a12,312,1,1,0.62260026
a12,313,1,0,0.11607948
a12,314,0,0,0.24333215
a12,315,1,0,0.40039667
a12,316,1,0,0.12639289
a12,317,1,0,0.32054976
a12,318,1,0,0.38375926
a12,319,0,0,0.22295263
a12,320,0,0,0.08861251
a12,322,0,1,0.5516609
a12,323,1,0,0.42670786
a12,324,1,1,0.8400774
a12,325,1,1,0.82677644
a12,326,1,1,0.8489751
a12,327,1,0,0.4425917
a12,328,1,0,0.38495794
a12,329,1,0,0.24030265
a12,330,1,1,0.81195724
a12,331,1,1,0.53798616
a12,332,1,1,0.6625595
a12,334,1,0,0.34609276
a12,335,1,1,0.5748961
a12,336,1,1,0.72150326
a12,337,1,1,0.8371348
a12,338,1,1,0.74952424
a12,339,1,0,0.40084538
a12,340,1,0,0.48757768
a12,341,1,1,0.631013
a12,342,1,0,0.4185951
a12,343,1,1,0.7990894
a12,344,1,0,0.4304887
a12,345,1,1,0.808255
a12,346,1,1,0.758405
a12,347,1,1,0.7885874
a12,348,1,0,0.250019
a12,349,1,1,0.5859178
a12,350,1,0,0.15262707
a12,351,1,0,0.18458983
a12,352,1,1,0.8568183
a12,353,1,0,0.3289291
a12,354,1,0,0.41030183
a12,355,1,0,0.23276746
a12,356,1,0,0.13937524
a12,357,1,1,0.7947428
a12,358,1,0,0.49537852
a12,359,1,0,0.2565345
a12,360,1,1,0.8084143
a12,361,1,1,0.68504983
a12,362,1,1,0.8116806
a12,363,1,1,0.74669677
a12,364,1,1,0.51946056
a12,365,1,1,0.65776527
a12,366,1,0,0.47094753
a12,367,1,1,0.74430954
a12,368,1,0,0.2964748
a12,369,1,0,0.2264312
a12,370,1,0,0.3111621
a12,371,1,1,0.58529377
a12,372,1,1,0.8274252
a12,373,1,1,0.82699484
a12,374,1,1,0.6005205
a12,375,1,1,0.8261995
a12,376,1,1,0.8420886
a12,377,1,1,0.8206965
a12,378,1,1,0.5638021
a12,379,1,1,0.81884754
a12,380,0,1,0.8266461
a12,381,0,1,0.5505801
a12,382,0,0,0.3942894
a12,383,0,0,0.4804582
a12,384,0,1,0.515851
a12,385,0,1,0.77255774
a12,386,0,1,0.74564415
a12,387,1,1,0.82434005
a12,388,1,1,0.82881653
a12,389,1,1,0.81775147
a12,390,1,1,0.82458025
a12,391,1,1,0.7532764
a12,392,1,1,0.8517453
a12,393,1,1,0.8072241
a12,394,1,1,0.7368158
a12,395,1,1,0.50463307
a12,396,1,1,0.81904906
a12,397,1,1,0.6304828
a12,398,1,1,0.8277927
a12,399,1,1,0.81708306
a12,400,1,1,0.7086114
a12,401,1,1,0.8287074
a12,402,1,1,0.7647763
a12,403,1,1,0.81884736
a12,404,1,1,0.7227238
a12,405,1,1,0.8101575
a12,406,1,1,0.55677235
a12,407,1,1,0.721185
a12,408,1,1,0.8330378
a12,409,1,1,0.7105384
a12,410,1,1,0.82082176
a12,411,1,1,0.83363265
a12,412,1,1,0.6887459
a12,413,1,1,0.81299686
a12,414,1,1,0.8203631
a12,415,1,1,0.6862101
a12,416,1,1,0.78851897
a12,417,1,1,0.80544686
a12,418,1,1,0.81109643
a12,419,1,1,0.80319214
a12,420,1,1,0.7965784
a12,421,1,1,0.69882447
a12,422,1,1,0.707042
a12,423,1,1,0.82660675
a12,424,1,1,0.54919994
a12,425,1,1,0.531019
a12,426,1,1,0.63710505
a12,427,1,1,0.7295641
a12,428,1,1,0.7614368
a12,429,1,1,0.87577957
a12,430,1,1,0.8346434
a12,431,1,1,0.8015133
a12,432,1,1,0.7334356
a12,433,1,1,0.86617035
a12,434,1,1,0.83843696
a12,435,1,0,0.48267817
a12,436,1,1,0.7081687
a12,437,1,1,0.8542402
a12,438,1,1,0.8298706
a12,439,1,1,0.8466715
a12,440,1,1,0.81412774
a12,441,1,1,0.8497519
a12,442,1,1,0.82023185
a12,443,1,1,0.8541449
a12,444,1,1,0.79578125
a12,445,1,1,0.8291511
a12,446,1,0,0.42327774
a12,447,1,1,0.5430528
a12,448,1,0,0.06173116
a12,449,1,1,0.8216167
a12,450,1,1,0.8064444
a12,451,1,0,0.24058507
a12,452,1,0,0.24356504
a12,453,1,1,0.54605967
a12,454,1,0,0.14123143
a12,455,1,0,0.4736
a12,456,1,0,0.3101317
a12,457,1,1,0.5665756
a12,458,1,1,0.50844216
a12,459,1,0,0.21987315
a12,460,1,1,0.84039074
a12,461,1,0,0.14756377
a12,462,1,0,0.41774172
a12,463,1,0,0.1502409
a12,464,1,1,0.7554312
a12,465,1,0,0.25851244
a12,466,1,1,0.83059454
a12,467,1,1,0.8661109
a12,468,1,1,0.7132758
a12,469,1,1,0.7594091
a12,470,1,1,0.65032554
a12,471,1,0,0.42409557
a12,472,1,1,0.8249645
a12,473,1,0,0.29325116
a12,474,1,1,0.5836607
a12,475,1,1,0.7629024
a12,476,1,1,0.6396142
a12,477,1,1,0.7043235
a12,478,0,0,0.26644772
a12,479,0,0,0.19376005
a12,480,1,1,0.65675265
a12,481,1,1,0.8314499
a12,482,1,1,0.8563883
a12,483,1,1,0.8513544
a12,484,1,1,0.8225101
a12,485,1,1,0.6399378
a12,486,0,1,0.68528754
a12,487,0,0,0.17749855
a12,488,1,1,0.5289981
a12,489,1,1,0.6416211
a12,490,1,1,0.7810552
a12,491,1,0,0.24802692
a12,492,1,1,0.52039915
a12,493,1,1,0.502031
a12,494,1,0,0.4720955
a12,495,1,0,0.29672262
a12,496,1,1,0.6225719
a12,497,1,0,0.46841854
a12,498,1,1,0.6207073
a12,499,1,0,0.25315067
a12,500,1,1,0.59779954
a12,501,1,0,0.29012364
a12,502,1,1,0.81111085
a12,503,1,0,0.21754642
a12,504,1,1,0.6885956
a12,505,1,1,0.6781835
a12,506,1,1,0.71701056
a12,507,1,1,0.52647173
a12,508,1,0,0.18217778
a12,509,1,1,0.7192926
a12,510,1,0,0.44146717
a12,511,1,1,0.7552011
a12,512,1,1,0.71677804
a12,513,1,0,0.24176686
a12,514,1,0,0.39242503
a12,515,1,0,0.4076501
a12,516,1,0,0.43081504
a12,517,1,0,0.45831874
a12,518,1,1,0.78773093
a12,519,1,1,0.7300949
a12,520,1,1,0.80290365
a12,521,1,0,0.20383602
a12,522,1,0,0.3555186
a12,523,1,0,0.3832108
a12,524,1,0,0.14772406
a12,525,1,1,0.69233555
a12,526,1,0,0.27690747
a12,527,1,0,0.3398363
a12,528,1,0,0.17905053
a12,529,1,1,0.8088946
a12,531,1,1,0.5741251
a12,532,1,1,0.72321963
a12,533,1,0,0.4037635
a12,534,1,0,0.41433883
a12,535,1,0,0.3521031
a12,536,1,1,0.7017441
a12,537,1,0,0.35945997
a12,538,1,0,0.42698526
a12,539,1,1,0.8474276
a12,540,1,1,0.788056
a12,541,1,0,0.39673862
a12,542,1,1,0.84317464
a12,543,1,1,0.64090294
a12,544,1,1,0.80571866
a12,545,1,1,0.55283463
a12,546,1,1,0.83625054
a12,547,1,1,0.7323653
a12,549,1,1,0.63947034
a12,550,1,0,0.47267285
a12,551,1,1,0.7265271
a12,552,1,1,0.7733674
a12,553,1,0,0.4684264
a12,554,1,1,0.8430985
a12,555,1,0,0.13553545
a12,556,1,1,0.83386356
a12,557,1,0,0.13941552
a12,558,1,1,0.6614796
a12,559,1,1,0.51884943
a12,560,1,0,0.16120689
a12,561,1,0,0.3431704
a12,562,1,0,0.36717469
a12,563,1,0,0.49137288
a12,564,1,1,0.5291208
a12,565,1,1,0.6871677
a12,566,1,1,0.5342684
a12,567,1,0,0.45473552
a12,568,1,1,0.5655172
a12,569,1,1,0.8680865
a12,570,1,1,0.7930431
a12,571,1,1,0.5415869
a12,572,1,1,0.7195077
a12,573,1,1,0.836618
a12,574,1,1,0.7998564
a12,575,1,1,0.6758812
a12,576,1,1,0.8523976
a13,1,0,0,0.44816437
a13,2,0,1,0.80567205
a13,3,0,1,0.7195865
a13,4,0,1,0.6177585
a13,5,0,0,0.4477602
a13,6,0,0,0.338116
a13,7,0,1,0.7467719
a13,8,0,1,0.5885249
a13,9,0,0,0.39290938
a13,10,0,1,0.6566677
a13,11,0,1,0.6079923
a13,12,0,1,0.7918884
a13,13,0,1,0.8111119
a13,14,0,1,0.7090429
a13,15,0,1,0.74013126
a13,16,0,1,0.79473126
a13,17,0,0,0.16448961
a13,18,0,1,0.8153721
a13,19,0,1,0.82825387
a13,20,0,1,0.52552885
a13,21,0,1,0.5732883
a13,22,0,0,0.1337421
a13,23,0,1,0.7508054
a13,24,0,1,0.835656
a13,25,0,0,0.35513085
a13,26,0,1,0.7540021
a13,27,0,1,0.8180453
a13,28,0,0,0.3795331
a13,29,0,1,0.6824814
a13,30,0,1,0.72783005
a13,31,0,0,0.47361904
a13,32,0,0,0.4915562
a13,33,0,0,0.2854124
a13,34,0,1,0.75580597
a13,35,0,1,0.68327713
a13,36,0,1,0.8307913
a13,37,1,1,0.8243464
a13,38,1,1,0.61887026
a13,39,1,1,0.65205103
a13,40,1,1,0.8277015
a13,41,1,1,0.8444497
a13,42,1,1,0.8465909
a13,43,1,1,0.8395573
a13,44,1,1,0.71794957
a13,45,1,1,0.7811005
a13,46,1,1,0.6222871
a13,47,1,1,0.8176146
a13,48,1,1,0.8386841
a13,49,1,1,0.8578557
a13,50,1,1,0.8274665
a13,51,1,1,0.82609445
a13,52,1,1,0.6365452
a13,53,1,1,0.8544542
a13,54,1,1,0.82750297
a13,55,1,1,0.79704916
a13,56,1,1,0.8242499
a13,57,1,1,0.74729556
a13,58,1,1,0.6628198
a13,59,1,1,0.8202794
a13,60,1,1,0.8596424
a13,61,1,1,0.8470665
a13,62,1,1,0.6654496
a13,63,1,1,0.84092003
a13,64,1,1,0.83050424
a13,65,1,1,0.8547644
a13,66,0,1,0.8160244
a13,67,0,1,0.5300699
a13,68,0,1,0.72154284
a13,69,0,0,0.49988428
a13,70,1,0,0.13538143
a13,71,1,1,0.7942756
a13,72,1,1,0.56053644
a13,73,1,1,0.75550556
a13,74,0,0,0.19849169
a13,75,0,0,0.1953287
a13,76,0,0,0.1318794
a13,77,0,0,0.23740323
a13,78,0,0,0.1565126
a13,79,0,0,0.20908129
a13,80,0,0,0.13242818
a13,81,0,0,0.1893619
a13,82,0,0,0.20146838
a13,83,0,1,0.6119538
a13,84,0,0,0.24997467
a13,85,0,0,0.11255847
a13,86,0,0,0.14202458
a13,87,0,0,0.28351814
a13,88,0,0,0.09701015
a13,89,0,0,0.10480106
a13,90,0,0,0.13412756
a13,91,0,0,0.096553236
a13,92,0,0,0.12788123
a13,93,0,0,0.100403115
a13,94,0,0,0.16207013
a13,95,0,0,0.12711376
a13,96,0,0,0.12484031
a13,97,0,0,0.26359773
a13,98,0,0,0.14106436
a13,99,0,0,0.10236842
a13,100,0,0,0.1601063
a13,101,0,0,0.118819885
a13,102,0,0,0.4125465
a13,103,0,0,0.12322132
a13,104,0,0,0.103670634
a13,105,0,0,0.19639502
a13,106,0,0,0.1273217
a13,107,0,0,0.25266725
a13,108,0,0,0.21362409
a13,109,0,0,0.23320885
a13,110,0,0,0.18866105
a13,111,0,0,0.11045038
a13,112,0,0,0.15888911
a13,113,0,1,0.8103325
a13,114,0,1,0.8212996
a13,115,1,1,0.7647763
a13,116,1,1,0.8200221
a13,117,1,1,0.8130891
a13,118,1,1,0.5548658
a13,119,0,0,0.44034863
a13,120,0,0,0.466987
a13,121,0,0,0.24848409
a13,122,0,1,0.7520102
a13,123,0,0,0.23544952
a13,124,0,0,0.12470227
a13,125,0,0,0.1051666
a13,126,0,0,0.45962366
a13,127,0,0,0.3420281
a13,128,0,0,0.25952107
a13,129,0,0,0.19355705
a13,130,0,0,0.44065785
a13,131,0,0,0.36717108
a13,132,0,1,0.7995938
a13,133,0,1,0.66331834
a13,134,0,0,0.17831965
a13,135,0,0,0.118396424
a13,136,0,0,0.4318762
a13,137,0,1,0.80335826
a13,138,0,1,0.72867936
a13,139,0,1,0.58977085
a13,140,0,0,0.2251541
a13,141,0,0,0.2638114
a13,142,0,1,0.5498987
a13,143,0,0,0.38383842
a13,144,0,0,0.21250294
a13,145,0,0,0.15381719
a13,146,0,0,0.39809778
a13,147,0,0,0.3401055
a13,148,0,1,0.52730215
a13,149,0,1,0.8044251
a13,150,0,1,0.81444806
a13,151,1,1,0.8196878
a13,152,1,1,0.8364491
a13,153,1,1,0.82702434
a13,154,1,1,0.7909511
a13,155,1,1,0.8327866
a13,156,0,1,0.82879907
a13,157,0,1,0.8089714
a13,158,0,1,0.81096834
a13,159,0,0,0.21651074
a13,160,0,1,0.5405591
a13,161,0,1,0.7865754
a13,162,0,1,0.811621
a13,163,0,0,0.23794581
a13,164,0,1,0.7343544
a13,165,1,1,0.7208946
a13,166,0,1,0.6337776
a13,167,0,1,0.72354645
a13,168,1,1,0.7900993
a13,169,0,1,0.81056535
a13,170,0,1,0.8004067
a13,171,0,1,0.6632758
a13,172,1,1,0.8123469
a13,173,0,0,0.4609681
a13,174,0,1,0.8473222
a13,175,1,1,0.8303783
a13,176,1,1,0.7818624
a13,177,1,1,0.77958083
a13,178,1,1,0.8053536
a13,179,1,1,0.5315551
a13,180,1,1,0.84127325
a13,181,1,1,0.84732723
a13,182,1,1,0.83560497
a13,183,1,1,0.8101804
a13,184,1,0,0.39964944
a13,185,1,1,0.82986385
a13,186,1,1,0.81265825
a13,187,1,1,0.8423545
a13,188,1,1,0.7242594
a13,189,1,1,0.54265636
a13,190,1,1,0.8388884
a13,191,1,1,0.8259605
a13,192,1,1,0.79953253
a13,193,1,1,0.80264235
a13,194,1,1,0.8539383
a13,195,1,1,0.79940283
a13,196,1,1,0.6599838
a13,197,1,1,0.84238154
a13,198,1,1,0.8399011
a13,199,1,1,0.8514345
a13,200,1,1,0.8293993
a13,201,1,1,0.8159878
a13,202,0,1,0.5226409
a13,203,0,0,0.34069255
a13,204,0,1,0.682191
a13,205,1,1,0.61874735
a13,206,1,1,0.79810035
a13,207,1,1,0.80316186
a13,208,1,1,0.8356115
a13,209,1,1,0.81842226
a13,210,1,1,0.8045783
a13,211,1,0,0.44143116
a13,212,1,1,0.8462128
a13,213,1,1,0.8131447
a13,214,1,1,0.836891
a13,215,1,1,0.57724005
a13,216,0,1,0.555143
a13,217,0,1,0.8301362
a13,218,1,1,0.8057644
a13,219,1,1,0.8245562
a13,220,1,1,0.8303808
a13,221,1,1,0.8451065
a13,222,1,1,0.6322765
a13,223,1,0,0.4450918
a13,224,0,1,0.77996624
a13,225,1,0,0.14489993
a13,226,0,1,0.56671035
a13,227,0,1,0.66292405
a13,228,0,1,0.76690584
a13,229,0,1,0.7186161
a13,230,0,1,0.7441355
a13,231,0,1,0.80430025
a13,232,0,1,0.7590832
a13,233,0,1,0.6792395
a13,234,0,1,0.681676
a13,235,0,0,0.4869543
a13,236,1,1,0.57181406
a13,237,1,1,0.68322426
a13,238,1,1,0.83262223
a13,239,1,1,0.632481
a13,240,1,1,0.81783366
a13,241,1,1,0.7987854
a13,242,1,1,0.74764806
a13,243,0,1,0.7775369
a13,244,0,1,0.80813295
a13,245,0,1,0.64284116
a13,246,0,1,0.6111882
a13,247,0,1,0.78310746
a13,248,0,0,0.43945494
a13,249,0,0,0.34541053
a13,250,1,1,0.8391573
a13,251,1,1,0.7956611
a13,252,1,1,0.79510605
a13,253,1,1,0.78465974
a13,254,1,1,0.5605215
a13,255,1,1,0.82842284
a13,256,1,1,0.59659874
a13,257,1,1,0.8248942
a13,258,1,1,0.82399666
a13,259,1,1,0.84336317
a13,260,1,1,0.8399475
a13,261,0,1,0.8341714
a13,262,0,1,0.7172425
a13,263,0,1,0.81791216
a13,264,0,1,0.6202079
a13,265,0,1,0.8494949
a13,266,0,1,0.8240003
a13,267,0,1,0.55946296
a13,268,0,1,0.762606
a13,269,1,1,0.8382508
a13,270,1,1,0.8407894
a13,271,1,1,0.80226684
a13,272,1,1,0.5259324
a13,273,1,1,0.8343893
a13,274,1,1,0.8464507
a13,275,1,1,0.86061394
a13,276,1,1,0.60161364
a13,277,1,1,0.85342044
a13,278,1,1,0.5928063
a13,279,1,1,0.84076506
a13,280,1,1,0.8234081
a13,281,1,1,0.83047754
a13,282,1,1,0.8501614
a13,283,1,1,0.57829714
a13,284,1,1,0.84360945
a13,285,1,1,0.8154082
a13,286,1,1,0.83955353
a13,287,1,1,0.8324351
a13,288,1,1,0.64111716
a13,289,0,1,0.8546185
a13,290,1,1,0.83057225
a13,291,1,1,0.8234562
a13,292,1,1,0.8402043
a13,293,1,1,0.83338
a13,294,1,1,0.8234547
a13,295,1,1,0.8237259
a13,296,1,1,0.7220965
a13,297,0,1,0.6361628
a13,298,0,1,0.6063413
a13,299,0,0,0.34852007
a13,300,0,1,0.5724336
a13,301,0,0,0.36753318
a13,302,0,1,0.58569145
a13,303,0,1,0.71044046
a13,304,0,0,0.30548224
a13,305,0,1,0.52648574
a13,306,0,1,0.72966486
a13,307,0,0,0.34065506
a13,308,0,1,0.7648356
a13,309,0,1,0.5477737
a13,310,0,1,0.7848821
a13,311,0,0,0.46361545
a13,312,0,0,0.21151212
a13,313,0,1,0.69317734
a13,314,0,1,0.5126872
a13,315,0,1,0.69271314
a13,316,0,1,0.55534685
a13,317,0,0,0.15844026
a13,318,0,0,0.20826347
a13,319,0,1,0.62297857
a13,320,0,0,0.30150124
a13,321,0,1,0.5475215
a13,322,0,0,0.4147741
a13,323,0,0,0.21296969
a13,324,0,1,0.82978547
a13,325,0,1,0.82057846
a13,326,1,1,0.73673064
a13,327,1,1,0.5149898
a13,328,1,1,0.84251565
a13,329,1,1,0.8392237
a13,330,1,1,0.7067221
a13,331,1,1,0.86522186
a13,332,1,1,0.79141116
a13,333,1,1,0.82868946
a13,334,1,1,0.79293716
a13,335,1,1,0.8397737
a13,336,1,1,0.81672794
a13,337,1,1,0.830698
a13,338,1,1,0.8521367
a13,339,1,1,0.8455375
a13,340,1,1,0.7799097
a13,341,1,1,0.8418952
a13,342,1,1,0.8453623
a13,343,1,1,0.83644533
a13,344,1,1,0.8482204
a13,345,1,1,0.84348136
a13,346,1,1,0.82618964
a13,347,1,1,0.8539952
a13,348,1,1,0.84223866
a13,349,1,1,0.83876616
a13,350,1,1,0.8497162
a13,351,1,1,0.50816256
a13,352,1,1,0.82226956
a13,353,1,1,0.6143807
a13,354,1,1,0.67244315
a13,355,1,1,0.84507287
a13,356,1,1,0.835368
a13,357,1,1,0.85477185
a13,358,1,1,0.8556893
a13,359,1,1,0.8487369
a13,360,1,1,0.8559255
a13,361,1,1,0.8501601
a13,362,1,1,0.8568571
a13,363,1,0,0.47899655
a13,364,1,1,0.85552555
a13,365,1,1,0.8374195
a13,366,1,1,0.83624333
a13,367,1,1,0.8431366
a13,368,1,1,0.84696954
a13,369,1,1,0.85343075
a13,370,1,1,0.66828245
a13,371,1,1,0.84029824
a13,372,1,1,0.82505274
a13,373,1,0,0.47744623
a13,374,1,1,0.8411325
a13,375,1,1,0.84357893
a13,376,1,1,0.8181812
a13,377,1,1,0.8328389
a13,378,1,1,0.83082277
a13,379,1,1,0.8306924
a13,380,1,1,0.8334459
a13,381,1,1,0.84011364
a13,382,1,1,0.84202
a13,383,1,1,0.8258462
a13,384,1,1,0.7809862
a13,385,1,1,0.723604
a13,386,1,1,0.83556885
a13,387,1,1,0.8326441
a13,388,1,1,0.7340035
a13,389,1,1,0.8520092
a13,390,1,1,0.8233949
a13,391,1,1,0.84312993
a13,392,1,1,0.84217393
a13,393,1,0,0.3428726
a13,394,1,1,0.8300642
a13,395,1,1,0.83684635
a13,396,1,1,0.84471256
a13,397,1,0,0.29219267
a13,398,1,1,0.80654603
a13,399,1,1,0.8472354
a13,400,1,1,0.8232257
a13,401,1,1,0.7020778
a13,402,0,1,0.6866222
a13,403,1,1,0.8472259
a13,404,1,1,0.8227331
a13,405,1,0,0.43019104
a13,406,1,1,0.8354472
a13,407,0,0,0.31089455
a13,408,0,1,0.76439345
a13,409,0,0,0.19441323
a13,410,0,1,0.7618517
a13,411,0,1,0.6718418
a13,412,0,1,0.663403
a13,413,0,1,0.61102027
a13,414,0,1,0.66439295
a13,415,0,1,0.7234243
a13,416,0,1,0.7011695
a13,417,0,1,0.6095661
a13,418,0,1,0.55298924
a13,419,0,0,0.18026035
a13,420,0,1,0.5537186
a13,421,0,0,0.35618994
a13,422,0,0,0.33787516
a13,423,0,1,0.7991915
a13,424,0,1,0.7817357
a13,425,1,0,0.4640991
a13,426,1,1,0.821495
a13,427,1,1,0.546492
a13,428,1,1,0.6077194
a13,429,1,1,0.74831134
a13,430,1,1,0.83394355
a13,431,1,1,0.6934914
a13,432,1,1,0.7868745
a13,433,1,1,0.77422446
a13,434,1,1,0.8372289
a13,435,1,1,0.84677166
a13,436,1,1,0.7152948
a13,437,1,1,0.8124973
a13,438,1,1,0.6920946
a13,439,1,1,0.6378334
a13,440,1,1,0.79511106
a13,441,1,1,0.7151566
a13,442,1,1,0.83616793
a13,443,1,1,0.8210163
a13,444,1,1,0.67780423
a13,445,0,1,0.6146435
a13,446,0,1,0.668581
a13,447,0,1,0.51573163
a13,448,0,1,0.8049903
a13,449,0,1,0.6055036
a13,450,0,1,0.739594
a13,451,0,1,0.6420573
a13,452,0,0,0.22692563
a13,453,0,0,0.23314455
a13,454,0,0,0.45649457
a13,455,0,0,0.43306953
a13,456,0,0,0.41255647
a13,457,0,0,0.27070785
a13,458,0,0,0.1636585
a13,459,0,0,0.28283867
a13,460,0,0,0.32953924
a13,461,0,1,0.8400286
a13,462,0,1,0.63244075
a13,463,0,0,0.4271816
a13,464,0,0,0.18983647
a13,465,0,0,0.20560096
a13,466,0,0,0.13535433
a13,467,0,0,0.22154261
a13,468,0,0,0.18096904
a13,469,0,0,0.25184077
a13,470,0,0,0.17091991
a13,471,0,1,0.69546473
a13,472,0,0,0.2857217
a13,473,0,0,0.36743012
a13,474,0,0,0.25873715
a13,475,0,0,0.1848215
a13,476,0,1,0.6890825
a13,477,0,1,0.54288405
a13,478,0,0,0.24932386
a13,479,0,0,0.27905655
a13,480,0,0,0.26903328
a13,481,0,1,0.8281363
a13,482,0,1,0.8063287
a13,483,0,1,0.73241943
a13,484,0,1,0.684652
a13,485,1,1,0.6881889
a13,486,0,1,0.7274636
a13,487,1,1,0.6594557
a13,488,1,0,0.4801216
a13,489,1,1,0.7740426
a13,490,1,1,0.6671796
a13,491,1,1,0.7375981
a13,492,1,1,0.54064894
a13,493,1,0,0.4489526
a13,494,1,0,0.19085187
a14,1,0,0,0.4048834
a14,2,0,0,0.31107643
a14,3,0,1,0.56817776
a14,4,0,0,0.28654805
a14,5,0,1,0.5845074
a14,6,0,0,0.3696816
a14,7,0,1,0.6187662
a14,8,0,1,0.5706303
a14,9,0,1,0.86494726
a14,10,0,0,0.1639051
a14,11,0,1,0.85660714
a14,12,0,1,0.6717089
a14,13,0,0,0.23004098
a14,14,0,1,0.56876093
a14,15,1,0,0.22945769
a14,16,1,0,0.17907892
a14,17,1,0,0.41410857
a14,18,1,0,0.40295216
a14,20,1,1,0.6767355
a14,21,1,1,0.6437916
a14,22,1,0,0.3040013
a14,23,1,0,0.17691283
a14,24,1,0,0.26817304
a14,25,1,0,0.2150874
a14,26,1,0,0.15217613
a14,27,1,0,0.16835083
a14,28,1,0,0.2581472
a14,29,1,0,0.14314714
a14,30,1,0,0.3388498
a14,31,1,0,0.3857192
a14,32,1,0,0.3957114
a14,33,1,0,0.293878
a14,34,1,0,0.2620786
a14,35,1,0,0.39239708
a14,36,1,0,0.40334368
a14,37,1,0,0.36629775
a14,38,1,0,0.25703833
a14,39,1,0,0.25089434
a14,40,1,0,0.4636118
a14,41,1,1,0.7551179
a14,42,1,1,0.5231567
a14,43,1,1,0.53702366
a14,44,1,0,0.19929042
a14,45,1,0,0.22285452
a14,46,1,0,0.17389522
a14,47,1,0,0.38342005
a14,48,1,0,0.26529628
a14,49,1,0,0.29885396
a14,50,1,0,0.3652092
a14,53,1,0,0.25319517
a14,54,1,0,0.20698245
a14,55,1,1,0.60010713
a14,56,1,0,0.35326084
a14,57,1,0,0.39954266
a14,58,1,0,0.1768674
a14,59,1,0,0.34482065
a14,60,1,0,0.2897526
a14,61,1,0,0.3556293
a14,62,1,0,0.16730791
a14,63,1,0,0.17627023
a14,64,1,1,0.798147
a14,65,1,0,0.36556977
a14,66,1,0,0.33201218
a14,67,1,0,0.43577874
a14,68,1,0,0.20252292
a14,69,1,1,0.7994357
a14,70,1,0,0.25417504
a14,71,1,1,0.7914009
a14,72,1,0,0.42077017
a14,73,1,1,0.8456633
a14,74,1,1,0.72228456
a14,75,1,1,0.7991341
a14,76,1,1,0.73882776
a14,77,1,1,0.85642934
a14,78,1,1,0.82491803
a14,79,1,1,0.5361579
a14,80,1,1,0.8357401
a14,81,1,0,0.4773434
a14,82,1,1,0.83762497
a14,83,1,1,0.82568777
a14,84,1,0,0.4276207
a14,85,1,1,0.7924312
a14,86,1,1,0.81084484
a14,87,1,0,0.46358988
a14,88,1,1,0.81295633
a14,89,1,1,0.8288628
a14,91,1,1,0.73897314
a14,92,1,1,0.61323833
a14,93,1,1,0.6247514
a14,94,1,1,0.8617648
a14,95,1,1,0.75019187
a14,96,1,0,0.34790823
a14,97,1,1,0.5495706
a14,98,1,0,0.3480093
a14,99,1,1,0.8265097
a14,100,1,1,0.6615039
a14,101,1,1,0.6802496
a14,102,1,1,0.8370063
a14,103,1,1,0.68525887
a14,104,1,1,0.7593812
a14,105,0,1,0.7949632
a14,106,0,0,0.15839116
a14,108,1,0,0.3882023
a14,109,1,0,0.18441035
a14,110,1,0,0.3781168
a14,111,1,0,0.2716811
a14,112,1,0,0.22126403
a14,113,1,1,0.62543535
a14,115,1,0,0.2263605
a14,116,1,0,0.25676307
a14,117,1,0,0.2928312
a14,118,1,0,0.37657812
a14,119,1,0,0.26196697
a14,120,1,1,0.54105175
a14,121,1,0,0.27595633
a14,122,1,0,0.4035747
a14,123,1,0,0.34648633
a14,125,1,1,0.5320711
a14,126,1,0,0.27915922
a14,127,1,0,0.2267688
a14,128,1,1,0.59830874
a14,129,1,0,0.37199658
a14,130,1,0,0.31245163
a14,131,1,0,0.4483653
a14,132,1,1,0.51387036
a14,133,1,0,0.44516495
a14,134,1,1,0.50340694
a14,135,1,0,0.26391956
a14,136,1,1,0.5984273
a14,137,1,0,0.3854002
a14,138,1,1,0.64207464
a14,139,1,0,0.3492367
a14,140,1,1,0.64263237
a14,141,1,0,0.16269279
a14,142,1,1,0.7767841
a14,143,1,0,0.2894588
a14,144,1,1,0.7781232
a14,145,1,1,0.5003418
a14,146,1,1,0.786451
a14,147,1,1,0.74159336
a14,148,1,0,0.46052802
a14,149,1,1,0.54345113
a14,150,1,1,0.599299
a14,151,1,0,0.3886439
a14,152,1,0,0.32342958
a14,153,1,1,0.6118644
a14,154,1,1,0.5176756
a14,155,1,1,0.64515305
a14,156,1,1,0.6951797
a14,157,1,0,0.38605446
a14,158,1,1,0.7202156
a14,159,1,1,0.7188068
a14,160,1,1,0.50622576
a14,161,1,1,0.54098785
a14,162,1,1,0.85108966
a14,163,1,0,0.29675788
a14,164,1,1,0.7269765
a14,165,1,0,0.27335095
a14,166,1,0,0.15962283
a14,167,1,1,0.71676886
a14,168,1,1,0.8258102
a14,169,1,1,0.7742228
a14,170,1,1,0.76383656
a14,171,1,1,0.7469885
a14,172,1,1,0.7748995
a14,173,1,0,0.3799556
a14,174,1,1,0.8569374
a14,175,1,1,0.76728415
a14,176,1,0,0.38070777
a14,177,1,1,0.6804312
a14,178,1,1,0.5609088
a14,179,1,1,0.65302217
a14,180,1,1,0.73288816
a14,181,1,0,0.48062992
a14,182,1,1,0.6169625
a14,183,1,0,0.3679931
a14,184,1,1,0.5315094
a14,185,1,0,0.39079148
a14,186,1,1,0.6847433
a14,187,1,1,0.8603283
a14,188,1,0,0.30998373
a14,189,1,1,0.6348715
a14,190,1,0,0.3736147
a14,191,1,0,0.30463728
a14,192,1,0,0.4711364
a14,193,1,1,0.7093678
a14,194,1,1,0.55100685
a14,195,1,1,0.55019736
a14,196,1,0,0.2119096
a14,197,1,1,0.7173114
a14,198,1,1,0.85583323
a14,199,1,1,0.8386959
a14,200,1,1,0.8261482
a14,202,1,1,0.8016071
a14,203,1,1,0.80660576
a14,204,1,1,0.7539731
a14,205,1,0,0.26352346
a14,206,1,1,0.68953544
a14,207,1,1,0.8490255
a14,208,1,1,0.84741205
a14,209,1,0,0.31110016
a14,210,1,1,0.7121221
a14,211,1,0,0.42287105
a14,212,1,1,0.5045875
a14,213,1,0,0.39803243
a14,214,1,0,0.37182906
a14,215,1,1,0.64525366
a14,216,1,1,0.85809183
a14,217,1,1,0.82361436
a14,218,1,1,0.8202514
a14,219,1,1,0.8054212
a14,220,1,0,0.26665306
a14,221,1,0,0.40882906
a14,222,1,0,0.45754454
a14,223,1,0,0.37307394
a14,224,1,1,0.80008876
a14,225,1,0,0.17375952
a14,226,1,1,0.5309558
a14,227,1,0,0.42723283
a14,228,1,0,0.35415548
a14,229,1,1,0.6724508
a14,230,1,1,0.6357133
a14,231,1,1,0.7471224
a14,232,1,1,0.81105345
a14,233,1,1,0.506064
a14,234,1,0,0.4789329
a14,235,1,0,0.49529657
a14,236,1,1,0.65288854
a14,237,1,1,0.68270516
a14,238,1,0,0.22335045
a14,239,1,1,0.67182356
a14,240,1,1,0.72830385
a14,241,1,1,0.82893676
a14,242,1,0,0.43883348
a14,243,1,0,0.3395498
a14,244,1,1,0.61229014
a14,245,1,0,0.3648427
a14,246,1,0,0.49773413
a14,247,1,1,0.7393512
a14,248,1,0,0.29645002
a14,249,1,0,0.3073641
a14,250,1,0,0.41112718
a14,251,1,0,0.34587982
a14,252,1,1,0.55847996
a14,253,1,1,0.8056766
a14,254,1,1,0.6734072
a14,255,1,0,0.37018234
a14,256,1,0,0.19707848
a14,257,1,0,0.46764934
a14,258,1,1,0.73505336
a14,259,1,1,0.6370307
a14,260,1,1,0.8290453
a14,261,1,1,0.64975536
a14,262,1,1,0.52381986
a14,263,1,1,0.7410005
a14,264,1,1,0.62461454
a14,265,1,1,0.60769933
a14,266,1,0,0.20190156
a14,267,1,0,0.40758583
a14,268,1,1,0.65521055
a14,269,1,0,0.49626726
a14,270,1,1,0.5727868
a14,271,1,1,0.5745548
a14,272,1,1,0.54509217
a14,274,1,1,0.8255495
a14,275,1,1,0.5989721
a14,276,1,1,0.7900274
a14,277,1,0,0.43437162
a14,278,1,0,0.24596386
a14,279,1,0,0.4763953
a14,280,1,1,0.658721
a14,281,1,1,0.8706497
a14,282,1,1,0.6943868
a14,283,1,1,0.7332026
a14,284,1,1,0.6125095
a14,285,1,1,0.6277801
a14,286,1,1,0.62851673
a14,287,1,1,0.5882001
a14,288,1,1,0.74298865
a14,289,1,0,0.22910738
a14,290,1,1,0.6292702
a14,291,1,1,0.7624564
a14,292,1,1,0.59892523
a14,294,1,1,0.77738667
a14,295,1,1,0.6638954
a14,296,1,1,0.5107796
a14,297,1,1,0.6412411
a14,298,1,1,0.78158706
a14,299,1,1,0.5585487
a14,300,1,1,0.71565735
a14,301,1,1,0.6798579
a14,302,1,0,0.32155818
a14,303,1,1,0.62959707
a14,304,1,0,0.28321788
a14,305,1,1,0.744981
a14,306,1,1,0.7647578
a14,307,1,1,0.6988147
a14,308,1,0,0.2911725
a14,309,1,1,0.62161374
a14,310,1,1,0.7250861
a14,311,1,1,0.80292034
a14,312,1,1,0.6182227
a14,313,1,1,0.5748679
a14,314,1,1,0.68541217
a14,315,1,0,0.27585787
a14,316,1,1,0.7272658
a14,317,1,1,0.68947953
a14,318,1,1,0.8346966
a14,319,1,1,0.63946784
a14,320,1,1,0.7502462
a14,321,1,1,0.8800945
a14,322,1,1,0.74443966
a14,323,1,1,0.6051843
a14,324,1,1,0.66828835
a14,325,1,1,0.82321936
a14,326,1,1,0.86359006
a14,327,1,1,0.8620509
a14,328,1,1,0.8152939
a14,329,1,1,0.79475296
a14,330,0,1,0.8721142
a14,331,0,0,0.2994703
a14,332,0,0,0.19186461
a14,333,0,0,0.34766045
a14,334,0,0,0.26258177
a14,335,0,1,0.6736417
a14,336,0,1,0.5908597
a14,337,0,1,0.79191786
a14,338,0,0,0.46317768
a14,339,0,1,0.7177172
a14,340,0,1,0.7135488
a14,341,0,0,0.36517495
a14,342,0,1,0.587379
a14,343,0,1,0.678176
a14,344,0,1,0.6911863
a14,345,0,0,0.34040254
a14,346,0,0,0.23813161
a14,347,0,1,0.6446185
a14,348,0,1,0.8382324
a14,349,0,1,0.7783569
a14,350,0,1,0.7922258
a14,351,0,1,0.7862837
a14,352,0,0,0.32015973
a14,353,0,0,0.43035227
a14,354,0,1,0.53655815
a14,355,0,1,0.7187894
a14,357,0,1,0.86216646
a14,358,0,0,0.2826544
a14,359,0,1,0.72126913
a14,360,0,1,0.58334106
a14,361,0,1,0.5184442
a14,362,0,0,0.24256769
a14,363,0,1,0.7298035
a14,364,0,0,0.36823258
a14,365,0,0,0.32030562
a14,366,0,1,0.619716
a14,367,1,1,0.5908718
a14,368,1,1,0.7871298
a14,369,1,1,0.61012316
a14,371,0,1,0.80884117
a14,372,0,1,0.5320826
a14,373,0,1,0.81351745
a14,374,1,1,0.55881876
a14,375,1,0,0.39156893
a14,376,1,1,0.5353691
a14,377,1,1,0.65650403
a14,378,1,1,0.8724796
a14,379,0,0,0.4667152
a14,380,0,1,0.8388515
a14,381,1,0,0.35587347
a14,382,1,0,0.31120276
a14,383,1,0,0.37451556
a14,384,1,0,0.29616615
a14,385,1,0,0.16442902
a14,386,1,1,0.5191232
a14,387,1,0,0.32434243
a14,388,1,0,0.16372299
a14,389,1,1,0.5437755
a14,390,1,1,0.70113444
a14,391,1,0,0.16469467
a14,392,1,0,0.43567845
a14,393,1,1,0.53305304
a14,394,1,0,0.16691281
a14,395,0,0,0.20978625
a14,396,0,0,0.19265014
a14,397,0,0,0.3993058
a14,398,0,0,0.17552662
a14,399,0,0,0.17101806
a14,400,0,0,0.17752081
a14,401,0,0,0.2954597
a14,403,0,0,0.38569185
a14,404,0,0,0.17422809
a14,405,0,0,0.16094853
a14,406,0,0,0.16156235
a14,407,0,0,0.21049644
a14,408,0,0,0.26181984
a14,409,0,0,0.24953568
a14,410,0,0,0.20505616
a14,411,0,0,0.16710167
a14,412,0,1,0.8126275
a14,413,1,0,0.48476958
a14,414,1,0,0.41910452
a14,415,1,1,0.78114593
a14,416,1,0,0.2929067
a14,417,1,1,0.6744217
a14,418,1,1,0.62842566
a14,421,0,0,0.37298894
a14,422,0,0,0.17730594
a14,423,0,0,0.23604116
a14,424,0,0,0.15276742
a14,426,0,0,0.22966121
a14,428,0,1,0.85968584
a14,429,1,1,0.8087011
a14,430,1,0,0.4015092
a14,431,1,0,0.3811935
a14,432,1,1,0.5902489
a14,433,1,0,0.3255442
a14,434,1,1,0.53160715
a14,435,1,1,0.7873659
a14,436,1,1,0.53612256
a14,437,1,1,0.7156834
a14,438,1,1,0.8435518
a14,439,1,0,0.39305753
a14,440,1,1,0.6983444
a14,441,1,1,0.8254186
a14,442,1,1,0.81279635
a14,443,1,1,0.66522795
a14,444,1,1,0.84802645
a14,445,1,0,0.4557737
a14,446,1,1,0.8333823
a14,447,1,1,0.6485934
a14,448,1,1,0.53147393
a14,449,0,0,0.25250804
a14,450,0,0,0.2249852
a14,451,0,1,0.77199644
a14,452,1,1,0.60175616
a14,453,1,1,0.7740282
a14,454,1,1,0.8116783
a14,455,1,1,0.87822837
a14,456,1,0,0.4339553
a14,457,1,1,0.76504433
a14,458,1,0,0.3830212
a14,459,1,1,0.8518944
a14,460,1,1,0.8708221
a14,462,1,1,0.8318083
a14,463,1,1,0.83162385
a14,464,1,1,0.79036474
a14,465,1,0,0.29566303
a14,466,1,0,0.4629399
a14,467,1,1,0.85737073
a14,468,1,1,0.65662634
a14,469,1,0,0.49396068
a14,470,1,0,0.4337174
a14,471,1,0,0.3592223
a14,472,0,1,0.78810805
a14,473,0,1,0.57885987
a14,474,0,1,0.620514
a14,475,0,1,0.73733926
a14,476,0,1,0.8527764
a14,477,0,0,0.43096882
a14,478,0,1,0.8747101
a14,479,0,1,0.54834914
a14,480,0,0,0.20583105
a14,482,0,0,0.2496891
a14,483,0,0,0.16497265
a14,484,0,0,0.1597529
a14,485,0,1,0.5459128
a14,486,0,0,0.48115692
a14,487,0,0,0.36077347
a14,488,0,0,0.36904383
a14,489,0,0,0.19723602
a14,490,0,1,0.8643937
a14,491,0,0,0.23979266
a14,492,0,0,0.15784529
a14,494,0,0,0.15549026
a14,495,0,0,0.48817194
a14,496,0,1,0.512501
a14,497,0,1,0.6144506
a14,498,0,1,0.8003578
a14,499,0,1,0.5155407
a14,501,0,1,0.65765935
a14,502,0,0,0.15980406
a14,503,0,0,0.19520584
a14,504,0,0,0.19065614
a14,506,0,0,0.28085715
a14,508,0,1,0.87818754
a15,1,0,1,0.7976004
a15,2,0,1,0.57831824
a15,3,0,1,0.7900651
a15,4,0,0,0.3653491
a15,5,0,1,0.6009154
a15,6,0,1,0.7593578
a15,7,0,1,0.50091547
a15,8,0,0,0.44551277
a15,9,0,0,0.44207954
a15,11,0,0,0.34664014
a15,12,0,0,0.4470107
a15,13,0,0,0.2681431
a15,14,0,1,0.83301336
a15,15,0,1,0.8469893
a15,16,0,1,0.6286392
a15,17,0,0,0.31645393
a15,18,0,0,0.24846406
a15,19,0,0,0.25133923
a15,20,0,1,0.57595956
a15,21,0,1,0.6545811
a15,22,0,1,0.796456
a15,23,0,0,0.19004998
a15,24,0,0,0.2109451
a15,25,0,0,0.17301087
a15,26,0,0,0.2543753
a15,28,0,0,0.48770705
a15,29,0,1,0.60182226
a15,30,0,1,0.7075608
a15,31,1,1,0.6364828
a15,32,1,1,0.5953197
a15,33,1,1,0.7210249
a15,34,1,1,0.7157899
a15,35,1,1,0.7215613
a15,36,1,1,0.62952894
a15,37,1,1,0.6737168
a15,38,1,1,0.67645645
a15,39,1,1,0.6391313
a15,40,1,1,0.6636636
a15,41,1,1,0.7857511
a15,42,1,0,0.48400432
a15,43,1,0,0.3996763
a15,44,1,1,0.5964813
a15,45,1,1,0.7906159
a15,46,1,1,0.6574129
a15,47,1,1,0.67260647
a15,48,1,1,0.60224813
a15,49,1,1,0.80707926
a15,50,1,1,0.78349864
a15,51,1,1,0.7578849
a15,52,1,1,0.70609987
a15,53,0,1,0.5517256
a15,54,0,1,0.6087197
a15,55,0,0,0.38075984
a15,56,1,1,0.84343255
a15,57,1,1,0.7128527
a15,58,1,0,0.40803203
a15,59,1,1,0.83094096
a15,60,1,1,0.7983382
a15,61,1,1,0.64321655
a15,62,1,1,0.8435415
a15,63,1,1,0.80440336
a15,64,1,1,0.8038381
a15,65,1,1,0.6849157
a15,66,1,1,0.8337923
a15,67,1,1,0.5780431
a15,68,1,1,0.8308788
a15,69,1,1,0.7807542
a15,70,1,1,0.828995
a15,71,1,1,0.60294837
a15,72,0,1,0.64126784
a15,73,0,1,0.60132885
a15,74,0,1,0.52597404
a15,75,0,1,0.70619404
a15,76,0,1,0.58598197
a15,77,0,1,0.8407549
a15,78,0,1,0.6760989
a15,79,1,1,0.53769684
a15,80,1,1,0.7487457
a15,81,1,1,0.57312137
a15,82,1,1,0.6077219
a15,83,1,1,0.7667606
a15,84,1,1,0.79079175
a15,85,1,1,0.80278283
a15,86,1,1,0.8104898
a15,87,1,1,0.77837896
a15,88,1,1,0.827701
a15,89,1,1,0.8110951
a15,90,1,1,0.75569314
a15,91,1,1,0.84182715
a15,92,1,1,0.7827716
a15,93,1,1,0.7921594
a15,94,1,1,0.7710647
a15,95,1,1,0.7850937
a15,96,1,1,0.837653
a15,97,1,1,0.81930083
a15,98,1,1,0.83555233
a15,99,1,1,0.7974928
a15,100,1,1,0.8355307
a15,101,1,1,0.8009278
a15,102,1,1,0.83850074
a15,103,1,1,0.61580974
a15,104,1,1,0.7007591
a15,105,1,1,0.6202555
a15,106,1,1,0.67891484
a15,107,1,1,0.8412678
a15,108,1,1,0.80128044
a15,109,1,1,0.62951136
a15,110,1,1,0.7900732
a15,111,1,1,0.8439359
a15,112,1,1,0.7134662
a15,114,0,0,0.21355018
a15,115,0,0,0.32973102
a15,116,0,0,0.23129448
a15,117,0,0,0.22278336
a15,118,0,0,0.38260826
a15,119,0,0,0.41827524
a15,120,0,0,0.33857208
a15,121,0,1,0.83944464
a15,122,0,1,0.8041319
a15,123,0,1,0.74245936
a15,124,0,1,0.7756697
a15,125,1,1,0.8223599
a15,126,1,1,0.804853
a15,127,1,1,0.7297075
a15,128,1,1,0.8447992
a15,129,1,1,0.81515765
a15,130,1,1,0.7757358
a15,131,1,1,0.82775193
a15,132,1,1,0.5267149
a15,133,1,1,0.79852337
a15,134,1,1,0.8395337
a15,135,1,1,0.7516623
a15,136,1,1,0.8380576
a15,137,1,1,0.8205844
a15,138,1,1,0.6052394
a15,139,1,1,0.80490845
a15,140,1,1,0.8388896
a15,141,1,1,0.83853084
a15,142,1,1,0.8434811
a15,143,1,1,0.84100163
a15,144,1,1,0.84463805
a15,145,1,1,0.8410612
a15,146,1,1,0.8419814
a15,147,1,1,0.8447293
a15,148,1,1,0.8320579
a15,149,1,1,0.840492
a15,150,1,1,0.7789862
a15,151,1,1,0.8396585
a15,152,1,1,0.84001917
a15,153,1,1,0.5334132
a15,154,1,1,0.8023447
a15,155,1,1,0.684961
a15,157,1,1,0.6790909
a15,158,1,1,0.80048466
a15,159,1,1,0.6205908
a15,160,1,1,0.8102283
a15,161,1,1,0.7271066
a15,162,1,1,0.8096563
a15,163,1,1,0.819779
a15,164,1,1,0.826238
a15,165,1,1,0.8209151
a15,166,1,1,0.8384993
a15,167,1,1,0.58064157
a15,168,1,1,0.6679329
a15,169,1,1,0.8126275
a15,170,1,0,0.42342284
a15,171,0,0,0.15139844
a15,172,0,0,0.30817494
a15,173,0,1,0.80456144
a15,174,0,1,0.8133975
a15,175,1,1,0.8291903
a15,176,1,1,0.8151774
a15,177,1,1,0.766332
a15,178,1,1,0.8100495
a15,179,1,1,0.79748726
a15,180,1,1,0.5852566
a15,181,1,1,0.6216433
a15,182,1,1,0.79696953
a15,183,1,1,0.75007534
a15,184,1,1,0.84689224
a15,185,1,1,0.50451916
a15,186,1,1,0.83399427
a15,187,1,1,0.8387644
a15,188,1,1,0.83592147
a15,189,1,1,0.8297401
a15,190,1,1,0.8407412
a15,191,1,1,0.83414114
a15,192,1,1,0.8325034
a15,193,1,1,0.82360244
a15,194,1,1,0.8402696
a15,195,1,1,0.7494751
a15,196,1,1,0.5747749
a15,197,0,0,0.43516248
a15,198,0,1,0.59838676
a15,199,0,1,0.71206784
a15,200,0,1,0.6489207
a15,201,0,1,0.700547
a15,202,0,1,0.6688789
a15,203,0,0,0.43505242
a15,204,0,1,0.6139602
a15,205,0,0,0.4883436
a15,206,0,1,0.7474975
a15,207,1,1,0.61338294
a15,208,1,1,0.7568088
a15,209,1,1,0.5909554
a15,210,1,1,0.60695094
a15,211,1,0,0.3237837
a15,212,1,0,0.39456493
a15,213,1,1,0.53433686
a15,214,1,1,0.79554874
a15,215,1,1,0.68605864
a15,216,1,1,0.8008656
a15,217,1,1,0.72766334
a15,218,1,1,0.8374728
a15,219,1,1,0.8178368
a15,220,1,1,0.8327608
a15,221,1,1,0.80973446
a15,222,1,1,0.6396303
a15,223,1,1,0.8385676
a15,224,1,1,0.805904
a15,225,1,1,0.80818266
a15,226,1,1,0.8263036
a15,227,1,1,0.81964177
a15,228,1,1,0.8392619
a15,229,1,1,0.8288012
a15,230,1,1,0.8120379
a15,231,1,1,0.82857865
a15,232,1,1,0.8012339
a15,233,1,1,0.8096909
a15,234,1,1,0.8397725
a15,235,1,1,0.8221863
a15,236,1,1,0.81684136
a15,237,1,1,0.8259711
a15,238,1,1,0.8133339
a15,239,1,1,0.8372942
a15,240,1,1,0.83253765
a15,241,1,1,0.8413735
a15,242,1,1,0.84155434
a15,243,1,1,0.8353703
a15,244,1,1,0.8231101
a15,245,1,1,0.8268776
a15,246,1,1,0.8239976
a15,247,1,1,0.8148964
a15,248,1,1,0.7777365
a15,249,1,1,0.82631993
a15,250,1,1,0.83577245
a15,251,1,1,0.82523364
a15,252,1,1,0.836196
a15,253,1,1,0.7509872
a15,254,1,1,0.7844313
a15,255,1,1,0.8418252
a15,256,1,1,0.8240023
a15,257,1,1,0.80022854
a15,258,1,1,0.8121216
a15,259,1,1,0.8346497
a15,260,1,1,0.80788815
a15,261,1,1,0.8420433
a15,262,1,1,0.6667432
a15,263,1,1,0.8423224
a15,264,1,1,0.8261993
a15,265,1,1,0.8369582
a15,266,1,1,0.84159815
a15,267,1,1,0.8302902
a15,268,1,1,0.84242386
a15,269,1,1,0.8348368
a15,270,1,1,0.812006
a15,271,1,1,0.8225482
a15,272,1,1,0.8195628
a15,273,1,1,0.8148687
a15,274,1,1,0.81544244
a15,275,1,1,0.82674754
a15,276,1,1,0.8074374
a15,277,1,1,0.82636696
a15,278,1,1,0.67724866
a15,279,1,1,0.8216903
a15,280,1,1,0.7666286
a15,281,1,1,0.8310642
a15,282,1,1,0.81320894
a15,283,1,1,0.8061434
a15,284,1,1,0.8140184
a15,285,1,1,0.5513025
a15,286,1,1,0.7257196
a15,287,1,1,0.84543353
a15,288,0,0,0.29998586
a15,289,0,1,0.80681825
a15,290,0,1,0.552994
a15,291,0,1,0.5218091
a15,292,0,0,0.40996468
a15,293,0,1,0.7063866
a15,294,0,1,0.50638527
a15,295,0,0,0.49749303
a15,296,0,1,0.6309841
a15,297,0,1,0.5749364
a15,298,0,0,0.3939369
a15,299,0,0,0.33401495
a15,300,0,1,0.8244721
a15,301,1,1,0.8256976
a15,302,1,1,0.82255185
a15,303,1,1,0.8140927
a15,304,1,1,0.7903032
a15,305,1,1,0.8327353
a15,306,1,1,0.8218439
a15,307,1,1,0.824894
a15,308,1,1,0.8316475
a15,309,1,1,0.82501954
a15,310,1,1,0.8101111
a15,311,1,1,0.83962494
a15,312,1,1,0.71970826
a15,313,1,1,0.8373304
a15,314,1,1,0.8275743
a15,315,1,1,0.81953853
a15,316,1,1,0.8353041
a15,317,1,1,0.8388889
a15,318,1,1,0.83312887
a15,319,1,1,0.84185594
a15,320,1,0,0.29338333
a15,321,1,1,0.5741998
a15,322,1,1,0.7674109
a15,323,0,0,0.3665689
a15,324,0,1,0.8440367
a15,325,0,1,0.76297957
a15,326,1,0,0.22255304
a15,327,1,1,0.6764226
a15,328,1,1,0.81877613
a15,329,1,1,0.8269062
a15,330,1,1,0.80544454
a15,331,1,1,0.8138778
a15,332,1,1,0.84045076
a15,333,1,1,0.82643247
a15,334,1,1,0.8337797
a15,335,1,1,0.8413462
a15,336,1,1,0.82315195
a15,337,1,1,0.8394239
a15,338,1,1,0.81659997
a15,339,1,1,0.82758653
a15,340,1,1,0.8356993
a15,341,1,1,0.8251015
a15,342,1,1,0.81913394
a15,343,1,1,0.83097833
a15,344,1,1,0.832148
a15,345,1,1,0.8196926
a15,346,1,1,0.8379436
a15,347,1,1,0.8260684
a15,348,1,1,0.8296023
a15,349,1,1,0.8244532
a15,350,1,1,0.83032656
a15,351,1,1,0.82841957
a15,352,1,1,0.83005625
a15,353,1,1,0.841504
a15,354,1,1,0.83699495
a15,355,1,1,0.8292315
a15,356,1,1,0.77143365
a15,357,1,1,0.82035
a15,358,1,1,0.79476607
a15,359,1,1,0.8201206
a15,360,1,1,0.8301669
a15,361,1,1,0.8308288
a15,362,1,1,0.81811786
a15,363,1,1,0.82954454
a15,364,1,1,0.8405591
a15,365,1,1,0.8089772
a15,366,1,1,0.82966036
a15,367,1,1,0.5103144
a15,368,1,1,0.52984774
a15,369,1,0,0.26503208
a15,370,0,1,0.5097334
a15,371,1,1,0.66822946
a15,372,1,1,0.7014736
a15,373,1,1,0.6718241
a15,374,1,0,0.24047206
a15,375,0,1,0.8207507
a15,376,0,1,0.534552
a15,377,0,1,0.52675825
a15,378,0,1,0.8330579
a15,379,1,0,0.45804617
a15,380,0,1,0.5161712
a15,381,0,1,0.84126943
a15,382,0,1,0.7310298
a15,383,0,0,0.33952996
a15,384,0,1,0.83722174
a15,385,0,1,0.69202346
a15,386,0,0,0.42919248
a15,387,0,1,0.75164557
a15,388,0,0,0.16706659
a15,389,0,1,0.84171385
a15,390,0,1,0.83588153
a15,391,0,1,0.7709629
a15,392,0,1,0.60404515
a15,393,0,0,0.49911654
a15,394,0,1,0.8412692
a15,395,0,1,0.84196615
a15,396,0,1,0.8455
a15,397,0,1,0.73327816
a15,398,0,1,0.70165807
a15,399,0,0,0.49092326
a15,400,0,1,0.7424454
a15,401,0,1,0.78895
a15,402,0,1,0.6152007
a15,403,0,1,0.7231356
a15,404,1,1,0.7094499
a15,405,1,0,0.39964756
a15,406,1,0,0.49822748
a15,407,1,1,0.5375041
a15,408,1,1,0.5847642
a15,409,1,1,0.79774714
a15,410,1,1,0.8461408
a15,411,1,1,0.68667
a15,412,1,1,0.5878904
a15,413,1,1,0.74380225
a15,414,1,1,0.82032067
a15,415,1,0,0.44477266
a15,416,1,1,0.8398815
a15,417,1,1,0.80337006
a15,418,1,1,0.6538635
a15,419,1,1,0.82934785
a15,420,1,1,0.82072717
a15,421,1,1,0.83323073
a15,422,1,1,0.83674014
a15,423,1,1,0.82801586
a15,424,1,1,0.8208457
a15,425,1,1,0.84034294
a15,426,1,1,0.83881366
a15,427,1,1,0.8258341
a15,428,1,1,0.790743
a15,429,1,0,0.2616722
a15,430,1,1,0.8211977
a15,431,1,1,0.5959488
a15,432,1,0,0.410523
a15,433,1,1,0.78850204
a15,434,1,1,0.7642037
a15,435,1,1,0.7760838
a15,436,1,1,0.6716199
a15,437,0,1,0.6537548
a15,438,0,1,0.83272725
a15,439,1,0,0.48684353
a15,440,0,1,0.76632255
a15,442,1,1,0.5783291
a15,443,1,0,0.35403
a15,444,1,1,0.8320762
a15,445,1,1,0.60084265
a15,446,0,1,0.60111725
a15,447,0,0,0.41653556
a15,448,0,0,0.49597228
a15,449,0,1,0.79719496
a15,450,0,1,0.8008024
a15,451,1,1,0.8072585
a15,452,0,1,0.70727533
a15,453,0,1,0.8304174
a15,454,1,1,0.7963304
a15,455,1,1,0.80126345
a15,456,1,1,0.83395517
a15,457,1,1,0.8297272
a15,458,1,1,0.807792
a15,459,1,1,0.81930447
a15,460,1,1,0.8379277
a15,461,1,1,0.82487464
a15,462,1,1,0.84227943
a15,463,1,1,0.8188643
a15,464,1,1,0.83247834
a15,465,1,1,0.83636767
a15,466,1,0,0.42169422
a15,467,1,1,0.8393983
a15,468,1,1,0.8368375
a15,469,1,1,0.84329355
a15,470,1,1,0.84460574
a15,471,1,1,0.83518314
a15,472,1,1,0.8284482
a15,473,1,1,0.840946
a15,474,1,1,0.83591336
a15,475,1,1,0.8399987
a15,476,1,1,0.844284
a15,477,1,1,0.84646064
a15,478,0,1,0.8403108
a15,479,0,1,0.6228482
a15,480,0,1,0.59272295
a15,481,0,1,0.7488558
a15,482,0,1,0.7242622
a15,483,0,1,0.62091506
a15,484,1,1,0.76083696
a15,485,1,1,0.71328884
a15,486,1,1,0.6557333
a15,487,1,0,0.35478652
a15,488,1,1,0.51003534
a15,489,1,1,0.68205225
a15,490,1,1,0.732321
a15,491,1,1,0.6274899
a15,492,1,1,0.69793653
a15,493,1,1,0.6504603
a15,494,1,1,0.786993
a15,495,1,1,0.63803303
a15,496,0,1,0.8376579
a15,497,0,1,0.77024907
a15,498,0,0,0.29324096
a15,499,0,1,0.5237892
a15,500,0,1,0.68681514
a15,501,0,1,0.7070725
a15,502,0,1,0.69561327
a15,503,0,1,0.5944643
a15,504,0,1,0.77716106
a15,505,0,1,0.62888557
a15,506,0,1,0.726033
a15,507,0,1,0.7630854
a15,508,0,1,0.7156125
a15,509,0,0,0.3077746
a16,1,0,1,0.60108244
a16,2,0,1,0.6820112
a16,3,0,1,0.6137754
a16,4,0,0,0.11607014
a16,5,0,1,0.59813136
a16,6,0,0,0.3564653
a16,7,0,0,0.29111174
a16,8,0,0,0.24107163
a16,9,0,1,0.6283982
a16,10,0,0,0.17241937
a16,11,0,1,0.56004125
a16,12,0,0,0.25144613
a16,13,0,0,0.22972888
a16,14,0,0,0.24725956
a16,15,0,0,0.4556028
a16,16,0,0,0.28519964
a16,17,0,1,0.6866731
a16,18,0,1,0.66745937
a16,19,0,1,0.64910936
a16,20,0,0,0.15453315
a16,21,0,0,0.35835373
a16,22,0,1,0.70415086
a16,23,0,0,0.3595497
a16,24,0,0,0.35590136
a16,25,0,0,0.3400762
a16,26,0,1,0.5364751
a16,27,0,1,0.5565716
a16,28,0,1,0.59961706
a16,29,0,1,0.51870465
a16,30,0,1,0.62447584
a16,31,0,1,0.6162002
a16,32,0,1,0.72864586
a16,33,0,1,0.5442931
a16,34,0,1,0.7529009
a16,35,0,0,0.17366694
a16,36,0,1,0.6061876
a16,37,0,0,0.40438727
a16,38,0,1,0.6241937
a16,39,0,0,0.12527902
a16,40,0,1,0.56372917
a16,41,0,0,0.37716228
a16,42,0,0,0.31449324
a16,43,0,0,0.37080237
a16,44,0,1,0.73723775
a16,45,0,1,0.76998776
a16,46,0,0,0.28240386
a16,47,0,1,0.60991555
a16,48,0,1,0.63322246
a16,49,0,1,0.5200978
a16,50,0,1,0.5513131
a16,51,0,1,0.57088554
a16,52,0,1,0.79219884
a16,53,0,0,0.40259352
a16,54,0,0,0.41116387
a16,55,0,0,0.4600646
a16,56,0,0,0.4478049
a16,57,0,1,0.67525035
a16,58,1,1,0.6201729
a16,59,1,1,0.62555933
a16,60,1,1,0.5452882
a16,61,1,1,0.60180944
a16,62,0,1,0.66556835
a16,63,0,1,0.66901803
a16,64,0,1,0.5370171
a16,65,0,0,0.35812283
a16,66,0,1,0.6848296
a16,67,1,1,0.60205775
a16,68,1,1,0.70102364
a16,69,0,1,0.81342304
a16,70,0,1,0.7370603
a16,71,0,1,0.6570152
a16,72,0,1,0.54192984
a16,73,0,0,0.20970047
a16,74,0,0,0.14895107
a16,75,0,0,0.18306221
a16,76,0,1,0.68356365
a16,77,0,1,0.63068295
a16,78,0,0,0.12756172
a16,79,0,0,0.48981816
a16,80,0,0,0.42095602
a16,81,1,1,0.5037081
a16,82,1,1,0.6053421
a16,83,1,0,0.3959796
a16,84,1,0,0.36809266
a16,85,1,0,0.3648933
a16,87,1,0,0.43808392
a16,88,1,1,0.7405336
a16,89,1,1,0.6053725
a16,90,1,1,0.6512155
a16,91,1,1,0.60158193
a16,92,1,1,0.73331094
a16,93,1,1,0.60066324
a16,94,1,1,0.70814115
a16,95,1,1,0.84283674
a16,96,0,1,0.69504666
a16,97,0,1,0.7526222
a16,98,0,1,0.60842466
a16,99,0,1,0.7377764
a16,100,0,1,0.76094687
a16,101,0,1,0.5681181
a16,102,0,1,0.5807583
a16,103,0,0,0.35597295
a16,104,0,1,0.5696103
a16,105,0,0,0.46032953
a16,107,0,0,0.45509097
a16,108,0,0,0.3380831
a16,109,0,0,0.45807892
a16,110,0,1,0.59246904
a16,111,0,1,0.51717895
a16,112,0,1,0.5817923
a16,113,0,1,0.8106205
a16,114,0,0,0.31404448
a16,115,0,0,0.48057315
a16,116,0,1,0.63221335
a16,117,0,0,0.4398737
a16,118,0,1,0.6468381
a16,119,0,1,0.567829
a16,120,0,0,0.39197913
a16,121,0,0,0.42536086
a16,122,0,1,0.53549427
a16,123,0,1,0.5781095
a16,124,0,1,0.5349461
a16,125,0,0,0.38860804
a16,126,0,0,0.44588795
a16,127,0,1,0.5565202
a16,128,0,1,0.54377174
a16,129,0,1,0.6272416
a16,130,0,1,0.6808418
a16,131,0,1,0.66347426
a16,132,0,1,0.5771709
a16,133,0,1,0.7081405
a16,134,0,0,0.23214136
a16,135,0,1,0.7421242
a16,136,0,1,0.6804719
a16,137,1,1,0.60733193
a16,138,1,0,0.2861175
a16,139,1,0,0.46576807
a16,140,1,1,0.75179553
a16,141,1,0,0.49439386
a16,142,1,1,0.6031025
a16,143,1,1,0.57611567
a16,144,1,1,0.52861625
a16,145,1,1,0.5242413
a16,146,1,1,0.6225204
a16,148,1,1,0.8064437
a16,149,1,0,0.4221867
a16,150,1,1,0.50347257
a16,151,1,1,0.7398431
a16,152,1,1,0.8230159
a16,153,1,0,0.46590328
a16,154,1,1,0.68225497
a16,155,1,1,0.5657394
a16,156,1,1,0.5156284
a16,157,1,1,0.5129112
a16,158,1,1,0.68995506
a16,159,1,1,0.7262795
a16,160,1,1,0.51609796
a16,161,1,0,0.49455494
a16,162,1,1,0.63727874
a16,163,1,1,0.51080006
a16,164,1,1,0.803953
a16,165,1,1,0.8250678
a16,166,1,0,0.47761554
a16,167,1,1,0.7916834
a16,168,1,1,0.8004468
a16,169,1,1,0.8098116
a16,170,1,1,0.81656003
a16,171,1,1,0.80690926
a16,172,1,1,0.7246488
a16,173,1,1,0.8179293
a16,174,1,1,0.75284535
a16,175,1,1,0.819863
a16,176,1,1,0.6375916
a16,177,1,1,0.8212953
a16,178,1,1,0.8227495
a16,179,1,1,0.8188504
a16,180,1,0,0.44678694
a16,181,1,1,0.7190592
a16,182,1,1,0.65434957
a16,183,1,1,0.5999079
a16,184,1,1,0.7468922
a16,185,1,1,0.8049651
a16,186,1,1,0.784537
a16,187,1,1,0.5173229
a16,188,1,1,0.7008482
a16,189,1,1,0.7798058
a16,190,1,1,0.5072466
a16,191,0,1,0.7287717
a16,192,0,0,0.37632766
a16,193,0,1,0.62666345
a16,194,0,1,0.750846
a16,195,0,1,0.68729055
a16,196,0,1,0.7909228
a16,197,1,1,0.77628064
a16,198,1,0,0.4619883
a16,199,1,0,0.42270157
a16,200,1,1,0.7595174
a16,201,1,1,0.6767336
a16,202,1,0,0.4914779
a16,203,1,1,0.5473406
a16,204,1,1,0.5895286
a16,205,1,0,0.44027522
a16,206,1,0,0.4198695
a16,207,1,1,0.6885665
a16,209,1,0,0.49261096
a16,210,1,1,0.6160007
a16,211,1,1,0.5329144
a16,212,1,1,0.5290642
a16,213,1,1,0.7737967
a16,215,1,1,0.6361377
a16,216,1,1,0.6997529
a16,217,1,1,0.78492767
a16,218,1,1,0.6399013
a16,219,1,1,0.7431641
a16,220,1,1,0.7029934
a16,221,1,1,0.8292044
a16,222,1,1,0.63329166
a16,223,1,1,0.7071907
a16,224,1,1,0.7984438
a16,225,1,1,0.694614
a16,226,1,1,0.61070055
a16,227,1,1,0.6640248
a16,228,1,1,0.7600419
a16,229,1,1,0.8384663
a16,230,1,1,0.7147503
a16,231,1,1,0.678923
a16,232,1,1,0.7372566
a16,233,1,1,0.6044219
a16,234,1,1,0.76396424
a16,235,1,1,0.682947
a16,236,1,1,0.6585508
a16,237,1,1,0.8098204
a16,238,1,1,0.7754878
a16,239,1,1,0.6991413
a16,240,1,1,0.8442339
a16,241,1,1,0.5667116
a16,242,1,1,0.6692622
a16,243,1,1,0.8360888
a16,244,1,1,0.80915195
a16,245,1,1,0.7598929
a16,246,1,1,0.76131463
a16,247,1,1,0.7235855
a16,248,1,1,0.76429015
a16,249,1,1,0.634115
a16,250,1,1,0.60829884
a16,251,1,1,0.51574963
a16,252,1,1,0.7276202
a16,253,1,1,0.682374
a16,254,1,1,0.76549095
a16,255,1,1,0.69762784
a16,256,1,0,0.43933782
a16,257,1,1,0.7234394
a16,258,1,1,0.76971996
a16,259,1,1,0.8206573
a16,260,1,1,0.6567117
a16,261,1,1,0.5867805
a16,262,1,1,0.7415212
a16,263,1,1,0.7851848
a16,264,1,1,0.73681533
a16,265,1,1,0.748051
a16,266,1,1,0.72642803
a16,267,1,1,0.7063632
a16,268,1,1,0.7022508
a16,269,1,1,0.7780012
a16,270,1,1,0.70563847
a16,271,1,1,0.66362464
a16,272,1,1,0.83679295
a16,273,1,1,0.82301176
a16,274,1,1,0.6669029
a16,275,1,1,0.81149447
a16,276,1,0,0.3907998
a16,277,1,1,0.7812971
a16,278,1,1,0.8383837
a16,279,1,1,0.82222915
a16,280,1,1,0.8205261
a16,281,1,0,0.45696247
a16,282,1,1,0.799026
a16,283,1,1,0.80678684
a16,284,1,1,0.79244477
a16,285,1,1,0.78533185
a16,286,1,1,0.8039237
a16,287,1,1,0.7323405
a16,288,1,1,0.79658026
a16,289,1,1,0.80698436
a16,290,1,1,0.82592046
a16,291,1,1,0.79968244
a16,292,1,1,0.8225657
a16,293,1,1,0.77851045
a16,294,1,1,0.7583448
a16,295,1,1,0.7831336
a16,296,0,1,0.7059061
a16,297,0,0,0.44372448
a16,298,0,1,0.6042474
a16,299,0,0,0.37660062
a16,300,0,0,0.21792094
a16,301,0,0,0.2511898
a16,302,0,0,0.47121906
a16,303,0,1,0.8298771
a16,304,0,0,0.24689479
a16,305,0,0,0.1519157
a16,306,0,0,0.20338674
a16,307,0,1,0.8204656
a16,308,0,1,0.6009094
a16,309,0,1,0.84409964
a16,310,1,1,0.82227045
a16,312,1,1,0.5271379
a16,313,1,1,0.73531103
a16,314,1,1,0.7073687
a16,315,1,1,0.57102895
a16,316,1,0,0.45839584
a16,317,0,1,0.5508835
a16,318,0,1,0.5523574
a16,319,0,1,0.83949167
a16,320,1,1,0.6250592
a16,321,1,1,0.6768178
a16,322,1,1,0.7921019
a16,323,1,1,0.5960278
a16,324,1,1,0.62662226
a16,325,1,1,0.74011713
a16,327,0,0,0.40370053
a16,328,1,1,0.8275479
a16,329,1,1,0.79850745
a16,330,1,1,0.52468514
a16,331,1,1,0.838585
a16,332,1,1,0.68999344
a16,333,1,1,0.7233716
a16,334,1,1,0.7543061
a16,335,1,1,0.70191777
a16,336,1,1,0.8060706
a16,337,1,1,0.79957986
a16,338,1,1,0.81404924
a16,339,1,1,0.8193709
a16,340,1,1,0.7790383
a16,341,1,1,0.7748206
a16,342,1,1,0.733106
a16,343,1,1,0.67537856
a16,344,1,1,0.7705177
a16,345,1,1,0.8411543
a16,346,1,1,0.8046355
a16,347,1,1,0.6575982
a16,348,1,1,0.61418307
a16,349,1,1,0.5787389
a16,350,1,1,0.7627621
a16,351,1,1,0.7017872
a16,352,1,1,0.83566207
a16,353,1,1,0.8195171
a16,354,1,1,0.80287176
a16,355,1,1,0.74062663
a16,356,1,1,0.81231797
a16,357,1,1,0.8193655
a16,358,1,1,0.8145632
a16,359,1,1,0.8008815
a16,360,1,1,0.8105943
a16,361,1,1,0.81447154
a16,362,1,1,0.8235787
a16,363,1,1,0.80200225
a16,364,1,1,0.8105706
a16,365,1,1,0.73422
a16,366,0,1,0.8032077
a16,367,1,1,0.7932579
a16,368,1,1,0.7915998
a16,369,1,1,0.80487025
a16,370,1,1,0.82732534
a16,371,1,1,0.80585694
a16,372,1,1,0.80931646
a16,373,1,1,0.82432127
a16,374,1,1,0.7940374
a16,375,1,1,0.80169773
a16,376,1,1,0.77182835
a16,377,1,1,0.55694234
a16,378,1,1,0.79528415
a16,379,1,1,0.7223536
a16,380,0,1,0.81619966
a16,381,1,1,0.7700774
a16,382,1,1,0.7901224
a16,383,1,1,0.796383
a16,384,1,1,0.79739
a16,385,1,1,0.7265052
a16,386,1,1,0.82794577
a16,387,1,1,0.80677783
a16,388,1,1,0.7413979
a16,389,1,1,0.77361387
a16,390,1,1,0.8197486
a16,391,1,1,0.8367375
a16,392,1,1,0.5678137
a16,393,1,1,0.7292654
a16,394,1,1,0.7886888
a16,395,1,1,0.65783584
a16,396,1,1,0.7684893
a16,397,1,1,0.5212521
a16,398,1,1,0.8511527
a16,399,1,1,0.70178735
a16,400,1,1,0.72532517
a16,401,1,1,0.5672326
a16,402,1,1,0.7733205
a16,403,1,1,0.7231039
a16,404,1,1,0.7179765
a16,405,1,0,0.48946753
a16,406,1,0,0.4968209
a16,407,1,1,0.71829313
a16,408,1,1,0.7457592
a16,409,1,1,0.71730274
a16,410,1,1,0.6810156
a16,411,1,1,0.63859457
a16,412,1,1,0.5789519
a16,413,1,1,0.65221006
a16,414,1,1,0.6226253
a16,415,1,1,0.74831474
a16,416,1,1,0.7553343
a16,417,1,1,0.57030416
a16,418,1,1,0.73692465
a16,419,1,1,0.79982907
a16,420,1,1,0.69625854
a16,421,1,1,0.68674636
a16,422,1,1,0.71358794
a16,423,1,1,0.70309854
a16,424,1,1,0.60390514
a16,425,1,1,0.5415412
a16,426,1,1,0.7611323
a16,427,1,1,0.7771091
a16,428,1,0,0.43784484
a16,429,1,0,0.43865022
a16,430,1,1,0.5418674
a16,431,1,1,0.5104472
a16,432,1,1,0.5758877
a16,433,1,1,0.53296965
a16,434,1,1,0.61007595
a16,435,1,1,0.6506174
a16,436,1,1,0.7926628
a16,437,1,1,0.8223826
a16,438,1,1,0.6261129
a16,439,1,1,0.61203074
a16,440,1,1,0.69870186
a16,441,1,1,0.7355915
a16,442,1,1,0.7144469
a16,443,1,1,0.8161194
a16,444,1,1,0.6682891
a16,445,1,1,0.639724
a16,446,1,0,0.480116
a16,447,1,1,0.8101629
a16,448,1,1,0.799802
a16,449,1,1,0.7666923
a16,450,1,0,0.3436697
a16,451,1,1,0.7477328
a16,452,1,1,0.80899024
a16,453,1,1,0.6746607
a16,454,0,0,0.44907722
a16,455,0,0,0.37268505
a16,456,0,1,0.6667743
a16,457,0,1,0.67408097
a16,458,0,1,0.8132933
a16,459,0,1,0.81042755
a16,460,0,1,0.5764946
a16,461,0,1,0.7129033
a16,462,1,1,0.6148816
a16,463,1,1,0.60217625
a16,464,1,1,0.8382409
a16,465,0,1,0.7165003
a16,466,0,1,0.78839815
a16,467,0,1,0.7624342
a16,468,0,1,0.72340906
a16,469,0,1,0.76363057
a16,470,0,1,0.6122992
a16,471,1,0,0.47646108
a16,472,1,0,0.3781437
a16,473,1,1,0.6369767
a16,474,1,1,0.69794095
a16,475,0,1,0.8059139
a16,476,0,1,0.648753
a16,477,0,1,0.7022646
a16,478,1,1,0.5898153
a16,479,1,1,0.6587063
a16,480,0,1,0.7110495
a16,481,0,0,0.32354647
a17,1,0,0,0.47149527
a17,2,0,1,0.789355
a17,3,0,0,0.25919142
a17,4,0,0,0.45546833
a17,5,0,1,0.6807594
a17,6,0,1,0.61009294
a17,7,0,1,0.5144519
a17,8,0,1,0.67855746
a17,9,0,0,0.17840677
a17,10,0,0,0.17552736
a17,11,0,1,0.5156882
a17,12,0,0,0.487499
a17,13,0,1,0.63446814
a17,14,0,1,0.74155015
a17,15,0,1,0.66157186
a17,16,0,0,0.4488989
a17,17,0,1,0.5400269
a17,18,0,1,0.590211
a17,19,0,1,0.51714534
a17,20,0,0,0.21961473
a17,21,0,1,0.55292785
a17,22,0,1,0.58451253
a17,23,0,1,0.61925584
a17,24,0,1,0.6424778
a17,25,0,1,0.67490786
a17,26,0,1,0.5878288
a17,27,0,1,0.73432493
a17,28,0,0,0.4037058
a17,29,0,0,0.3188042
a17,30,0,0,0.15063444
a17,31,0,1,0.6174961
a17,32,0,1,0.61220485
a17,33,0,1,0.53392565
a17,34,0,0,0.16152427
a17,35,0,0,0.34716436
a17,36,0,0,0.27398816
a17,37,0,0,0.38581124
a17,38,0,0,0.37262353
a17,39,0,1,0.6026483
a17,40,0,0,0.22641674
a17,41,0,0,0.44864446
a17,42,0,1,0.65327704
a17,43,0,1,0.8412213
a17,44,0,0,0.17160538
a17,45,0,0,0.3754309
a17,46,0,1,0.57379013
a17,47,0,1,0.6805194
a17,48,0,1,0.6779439
a17,49,0,1,0.722359
a17,50,0,1,0.608472
a17,51,0,1,0.56429976
a17,52,0,1,0.61388266
a17,53,0,1,0.53278095
a17,54,0,0,0.22799775
a17,55,0,0,0.2296388
a17,56,1,1,0.81150645
a17,57,1,1,0.6592079
a17,58,1,1,0.70127994
a17,59,1,1,0.74756914
a17,60,1,0,0.36725655
a17,61,1,1,0.5448191
a17,62,1,1,0.6086289
a17,63,1,1,0.69250214
a17,64,1,0,0.35110214
a17,65,1,1,0.66502935
a17,66,1,0,0.49706665
a17,67,1,0,0.38802063
a17,68,1,0,0.45557362
a17,69,1,1,0.8366457
a17,70,1,1,0.6711801
a17,71,1,1,0.77982235
a17,72,1,1,0.7929431
a17,73,1,1,0.77536494
a17,74,1,1,0.79179037
a17,75,1,1,0.8019778
a17,76,1,1,0.78578925
a17,77,1,1,0.8150052
a17,78,1,1,0.79122466
a17,79,1,1,0.744219
a17,80,1,1,0.73853105
a17,81,1,1,0.75645316
a17,82,1,0,0.40536457
a17,83,0,0,0.19937336
a17,84,0,0,0.2917162
a17,85,0,0,0.2507749
a17,86,0,0,0.22035193
a17,87,0,1,0.5169307
a17,88,0,0,0.16711307
a17,89,0,0,0.37153006
a17,90,1,0,0.44966146
a17,91,1,0,0.1899388
a17,92,0,0,0.18878376
a17,93,0,0,0.16753808
a17,94,0,0,0.14806272
a17,95,0,0,0.19878507
a17,96,0,0,0.13406654
a17,97,1,1,0.7460681
a17,98,1,1,0.554502
a17,99,1,1,0.7650353
a17,100,1,1,0.800933
a17,101,1,1,0.56173587
a17,102,0,0,0.20823374
a17,103,0,0,0.12658753
a17,104,0,0,0.14085086
a17,105,0,0,0.20803186
a17,106,0,0,0.16456796
a17,107,0,0,0.1829185
a17,108,0,0,0.1728452
a17,109,0,0,0.1421346
a17,110,0,0,0.18274881
a17,111,0,0,0.17954552
a17,112,0,0,0.1560714
a17,113,0,0,0.18880482
a17,114,0,0,0.1353607
a17,115,0,0,0.16300954
a17,116,0,0,0.17355846
a17,117,0,0,0.16630074
a17,118,0,0,0.17086524
a17,119,0,1,0.67721367
a17,120,1,1,0.8089019
a17,121,1,1,0.7765387
a17,122,1,1,0.55736786
a17,123,1,1,0.81012934
a17,124,1,1,0.7533216
a17,125,1,1,0.8106267
a17,126,1,1,0.85055816
a17,127,1,1,0.8308498
a17,128,1,1,0.8384798
a17,129,1,1,0.8102004
a17,130,1,1,0.80722964
a17,131,1,1,0.85413975
a17,132,1,1,0.80802995
a17,133,1,1,0.6904604
a17,134,1,1,0.81738186
a17,135,1,1,0.6278798
a17,136,1,1,0.78441054
a17,137,1,1,0.7070393
a17,138,1,1,0.8092192
a17,139,1,1,0.70063806
a17,140,1,0,0.45989665
a17,141,1,0,0.19432825
a17,142,0,0,0.17744242
a17,143,0,0,0.14792362
a17,144,0,1,0.77746516
a17,145,1,1,0.814091
a17,146,1,1,0.8484428
a17,147,1,1,0.51641846
a17,148,1,1,0.82366985
a17,149,1,1,0.83067286
a17,150,1,1,0.6928273
a17,151,1,1,0.80535066
a17,152,1,1,0.8307478
a17,153,1,1,0.67265034
a17,154,1,1,0.83130336
a17,155,1,1,0.7462969
a17,156,1,1,0.8196655
a17,157,1,1,0.8462524
a17,158,1,1,0.79307055
a17,159,1,0,0.4995473
a17,160,0,1,0.8447727
a17,161,1,1,0.8413641
a17,162,1,1,0.5494155
a17,163,1,1,0.6679877
a17,164,1,1,0.808151
a17,165,1,1,0.5581188
a17,166,0,0,0.48205632
a17,167,0,1,0.6507234
a17,168,0,0,0.49762076
a17,169,0,1,0.59807867
a17,170,0,0,0.11056818
a17,171,0,1,0.55393624
a17,172,0,0,0.43642205
a17,173,0,0,0.13176224
a17,174,0,1,0.56391305
a17,175,0,0,0.12780443
a17,176,0,1,0.58540934
a17,177,0,0,0.18632291
a17,178,0,1,0.5651963
a17,179,0,0,0.14406018
a17,180,0,0,0.39607975
a17,181,0,1,0.5815682
a17,182,0,0,0.13416125
a17,183,0,0,0.49751037
a17,184,0,0,0.2647365
a17,185,0,0,0.32110396
a17,186,0,1,0.705917
a17,187,0,0,0.42703208
a17,188,0,1,0.7125187
a17,189,0,0,0.1640552
a17,190,0,0,0.49938303
a17,191,0,0,0.40324605
a17,192,0,0,0.1576388
a17,193,0,1,0.73474663
a17,194,0,1,0.6526095
a17,195,0,0,0.45264044
a17,196,0,1,0.71434116
a17,197,0,1,0.51007247
a17,198,0,1,0.5261315
a17,199,1,1,0.72501963
a17,200,1,1,0.67846256
a17,201,1,1,0.6828699
a17,202,1,0,0.4756423
a17,203,1,1,0.6825032
a17,204,1,1,0.641085
a17,205,1,1,0.79620045
a17,206,1,1,0.76315033
a17,207,1,1,0.73248625
a17,208,1,0,0.48595658
a17,210,0,1,0.56591666
a17,211,0,1,0.77818626
a17,212,0,1,0.58153296
a17,213,0,0,0.2532956
a17,214,0,0,0.16835159
a17,215,0,0,0.22955492
a17,216,0,1,0.6332046
a17,217,0,0,0.27941245
a17,218,0,0,0.47247025
a17,219,0,1,0.6976652
a17,220,0,0,0.46276563
a17,221,0,0,0.2835789
a17,222,0,1,0.8352766
a17,223,0,0,0.31496778
a17,224,0,0,0.4036662
a17,225,0,1,0.522523
a17,226,0,0,0.49677092
a17,227,0,1,0.642516
a17,228,0,1,0.7355505
a17,229,1,0,0.4018276
a17,230,1,1,0.5121861
a17,232,1,1,0.7266142
a17,233,1,1,0.78200525
a17,234,1,0,0.35060343
a17,235,1,0,0.49739715
a17,236,1,0,0.49816626
a17,237,1,0,0.25626054
a17,238,1,0,0.37891662
a17,239,1,1,0.576292
a17,240,1,0,0.2820373
a17,241,1,0,0.2752796
a17,242,1,0,0.28370124
a17,243,1,0,0.18053886
a17,244,0,0,0.14473672
a17,245,0,0,0.16165715
a17,246,0,0,0.17365749
a17,247,0,0,0.13657114
a17,248,0,0,0.17617118
a17,249,0,0,0.14119424
a17,250,0,0,0.17385197
a17,251,0,0,0.17049126
a17,252,0,0,0.11559212
a17,253,0,0,0.1633421
a17,254,0,0,0.13406059
a17,255,0,0,0.12575507
a17,256,0,0,0.10777272
a17,257,0,0,0.09980644
a17,258,0,0,0.143035
a17,259,0,0,0.17299598
a17,260,0,0,0.12641607
a17,261,0,1,0.8664119
a17,262,0,1,0.58717716
a17,263,0,1,0.58159417
a17,264,1,0,0.47123453
a17,265,1,1,0.8206805
a17,266,1,1,0.51869977
a17,267,1,1,0.7548665
a17,268,1,1,0.6226193
a17,269,1,1,0.7799348
a17,270,1,1,0.5291536
a17,271,1,1,0.61158836
a17,272,1,1,0.57234424
a17,273,1,1,0.5125284
a17,274,1,0,0.34031656
a17,275,1,1,0.7734737
a17,276,1,1,0.739845
a17,277,1,1,0.72609854
a17,278,1,1,0.7072839
a17,279,1,1,0.5434933
a17,280,1,1,0.7607975
a17,281,1,1,0.66822386
a17,282,1,0,0.43291175
a17,283,1,1,0.76976985
a17,284,1,1,0.8161875
a17,285,1,1,0.8025021
a17,286,1,1,0.80344015
a17,287,1,1,0.8030354
a17,288,1,1,0.739675
a17,289,1,1,0.5968066
a17,290,1,1,0.7919204
a17,291,1,1,0.6676037
a17,292,1,1,0.8007568
a17,293,1,1,0.7449568
a17,294,1,1,0.76190174
a17,295,1,1,0.805765
a17,296,1,1,0.7794405
a17,297,1,1,0.7795666
a17,298,1,0,0.19527613
a17,299,0,0,0.20399097
a17,300,0,0,0.49209744
a17,301,0,0,0.291057
a17,302,0,1,0.56881464
a17,303,0,0,0.281069
a17,304,0,1,0.69195306
a17,305,0,1,0.5393207
a17,306,0,0,0.17051703
a17,307,0,1,0.8464085
a17,309,0,1,0.56942534
a17,310,0,0,0.3920572
a17,311,0,1,0.69231266
a17,312,0,0,0.22617714
a17,313,0,1,0.79857576
a17,314,0,0,0.35100037
a17,315,0,0,0.4284466
a17,317,0,1,0.7891448
a17,318,0,1,0.6528351
a17,319,0,1,0.7441249
a17,320,0,1,0.8334519
a17,321,0,0,0.18903966
a17,322,0,0,0.38770422
a17,323,0,0,0.18767585
a17,324,0,0,0.36351827
a17,325,0,0,0.21915376
a17,327,0,0,0.1106377
a17,328,0,0,0.17397392
a17,329,0,0,0.26845086
a17,330,0,1,0.78639644
a17,331,0,0,0.37679186
a17,333,0,1,0.56008005
a17,334,0,1,0.61811334
a17,335,0,1,0.6002416
a17,336,0,0,0.12671
a17,338,0,0,0.1623354
a17,339,0,0,0.15961915
a17,340,0,0,0.14838995
a17,341,0,0,0.16815305
a17,342,0,0,0.1823085
a17,343,0,0,0.15958427
a17,344,0,0,0.17977834
a17,345,0,1,0.65546775
a17,346,0,0,0.20791128
a17,347,0,0,0.17091492
a17,348,0,0,0.13697144
a17,349,0,0,0.1819237
a17,350,0,0,0.15692477
a17,351,0,0,0.11004557
a17,352,0,0,0.16779807
a17,353,0,0,0.14078353
a17,354,0,0,0.111062564
a17,355,0,0,0.18142475
a17,356,0,0,0.16963866
a17,357,0,0,0.13430049
a17,358,0,0,0.16479036
a17,359,0,0,0.108191736
a17,360,0,0,0.106307164
a17,361,0,0,0.16648267
a17,362,0,0,0.13737623
a17,363,0,0,0.112908095
a17,364,0,1,0.6110958
a17,367,1,1,0.7998287
a17,368,1,0,0.028117433
a17,369,1,0,0.25848907
a17,370,1,1,0.5010422
a17,371,1,1,0.7276285
a17,372,1,1,0.61262834
a17,373,0,0,0.014590358
a17,374,0,1,0.6160864
a17,375,0,1,0.5779679
a17,376,0,0,0.24422252
a17,377,0,0,0.17493005
a17,378,0,0,0.17570314
a17,379,0,0,0.18608527
a17,380,0,1,0.80462074
a17,381,1,1,0.790288
a17,382,1,1,0.6024643
a17,383,1,0,0.0007310197
a17,384,0,0,0.00017668228
a17,385,0,0,0.0038401042
a17,386,0,1,0.5731254
a17,387,0,1,0.50001824
a17,388,0,0,0.28755692
a17,389,0,1,0.530697
a17,390,0,1,0.56868374
a17,391,0,0,0.19373724
a17,392,0,0,0.13846473
a17,393,1,0,0.35291496
a17,394,1,0,0.31744882
a17,395,1,0,0.48753822
a17,396,1,0,0.22308424
a17,397,1,0,0.0649062
a17,398,1,0,0.4392385
a17,399,1,0,0.44602874
a17,400,1,0,0.29324862
a17,401,0,0,0.14687097
a17,402,0,0,0.24733698
a17,403,0,0,0.1776529
a17,404,0,0,0.1066873
a17,406,0,0,0.1655246
a17,407,0,0,0.10374457
a17,408,0,0,0.2673952
a17,409,0,1,0.7641662
a17,410,0,0,6.831255e-06
a17,411,0,0,0.49182093
a17,412,0,1,0.690152
a17,413,0,0,0.21787931
a17,414,0,0,0.379915
a17,415,0,0,0.24098156
a17,416,0,0,0.33656204
a17,417,0,0,0.03870953
a17,418,0,0,0.41710538
a17,419,0,0,0.23457158
a17,420,0,0,0.23411496
a17,421,0,1,0.781906
a17,422,0,0,4.502338e-05
a17,423,0,0,0.00050057005
a17,424,0,1,0.52394396
a17,425,0,0,0.37899742
a17,426,0,1,0.6299889
a17,427,0,1,0.651962
a17,428,0,0,0.34188524
a17,429,0,0,0.24576525
a17,430,0,0,0.21725026
a17,431,0,0,0.43824807
a17,432,0,0,0.44552886
a17,433,0,0,0.1712836
a17,434,0,1,0.68294615
a17,435,0,0,0.18834601
a17,436,0,0,0.27324346
a17,438,0,0,0.17122915
a17,439,0,0,0.18350936
a17,440,0,0,0.16953646
a17,441,0,0,0.25583705
a17,442,0,0,0.2988618
a17,443,0,0,0.16158332
a17,444,0,0,0.3069464
a17,445,0,1,0.8067303
a17,446,0,0,0.37259826
a17,448,0,0,0.16986713
a17,449,0,0,0.25697058
a17,450,0,0,0.2064747
a17,451,0,0,0.18195975
a17,452,0,0,0.18521905
a17,453,0,0,0.18853994
a17,454,0,0,0.17560878
a17,455,0,0,0.16985707
a17,456,0,0,0.011398586
a17,457,0,0,0.18953611
a17,459,0,0,0.4374596
a17,460,0,0,0.47807434
a17,461,0,0,0.45022994
a17,462,1,0,0.27927935
a17,463,0,0,0.4820106
a17,464,0,0,0.41886953
a17,465,0,0,0.19268785
a17,466,0,0,0.19042368
a17,467,0,0,0.14491679
a17,468,0,0,0.17110576
a17,469,0,0,0.16479097
a17,470,0,0,0.17235713
a17,471,0,0,0.2939351
a17,472,0,0,0.17256328
a17,473,0,0,0.15243933
a17,474,0,0,0.32715616
a17,475,0,1,0.64653105
a17,476,0,0,0.17681092
a17,477,0,0,0.18413578
a17,478,0,0,0.48403564
a17,479,0,0,0.34770268
a17,480,0,0,0.15507829
a17,481,0,0,0.24799396
a17,482,0,0,0.14139633
a17,483,0,0,0.05778781
a18,1,0,1,0.5490391
a18,2,0,1,0.5122445
a18,3,0,1,0.86065286
a18,4,0,1,0.6267766
a18,5,0,0,0.110079564
a18,6,0,0,0.43313554
a18,7,0,1,0.67142123
a18,8,0,0,0.49078575
a18,9,0,0,0.17104869
a18,10,0,0,0.4311415
a18,11,0,0,0.34943038
a18,12,0,0,0.1117668
a18,13,0,0,0.3682459
a18,14,0,0,0.4090699
a18,15,0,1,0.60872096
a18,16,0,1,0.66468567
a18,17,0,1,0.63404334
a18,18,0,1,0.7731732
a18,19,0,1,0.7749175
a18,20,0,0,0.43008226
a18,21,0,0,0.11389586
a18,22,0,1,0.6889083
a18,23,0,1,0.69395024
a18,24,0,0,0.203018
a18,25,0,1,0.8115274
a18,26,0,1,0.64983803
a18,27,0,0,0.1853414
a18,28,0,0,0.36288506
a18,29,0,0,0.38065013
a18,30,0,0,0.20149954
a18,31,0,0,0.14424406
a18,32,0,0,0.36105973
a18,33,1,0,0.08675611
a18,34,1,0,0.49470267
a18,35,1,1,0.57597107
a18,36,1,0,0.38395053
a18,37,1,0,0.14860068
a18,38,1,0,0.19110477
a18,39,1,0,0.48885232
a18,40,1,0,0.21197763
a18,41,1,0,0.29931092
a18,42,1,1,0.7292648
a18,43,1,1,0.62124765
a18,44,1,0,0.18483137
a18,45,1,1,0.590001
a18,46,1,0,0.3587356
a18,47,1,0,0.21875052
a18,48,1,0,0.22757025
a18,50,1,0,0.28431877
a18,51,1,0,0.27822676
a18,52,1,0,0.21778251
a18,53,1,0,0.4668564
a18,54,1,1,0.6366086
a18,55,1,0,0.45396674
a18,56,1,1,0.7234477
a18,57,1,0,0.106780045
a18,58,1,0,0.38874763
a18,59,1,1,0.5300688
a18,60,1,0,0.26836067
a18,61,1,1,0.5384758
a18,62,1,1,0.63585204
a18,63,1,1,0.64283484
a18,64,1,0,0.18281843
a18,65,1,0,0.28719717
a18,66,1,0,0.21475683
a18,67,1,0,0.23842447
a18,68,1,0,0.255585
a18,69,1,0,0.23543692
a18,70,1,0,0.22336328
a18,71,1,0,0.15358521
a18,72,1,0,0.1967613
a18,73,1,0,0.14986137
a18,74,1,0,0.4388628
a18,75,1,0,0.49794236
a18,76,1,1,0.6596302
a18,77,1,0,0.26108816
a18,78,1,0,0.1778043
a18,79,1,0,0.47716168
a18,80,1,0,0.25906068
a18,81,1,0,0.27672958
a18,82,1,0,0.2623971
a18,83,1,1,0.5774104
a18,84,1,0,0.3898004
a18,85,1,0,0.46546006
a18,86,1,0,0.4475786
a18,87,1,0,0.37428638
a18,88,1,0,0.29217955
a18,89,1,0,0.43698165
a18,90,1,0,0.39616808
a18,91,1,0,0.12945063
a18,92,1,0,0.43062466
a18,93,1,0,0.14537773
a18,94,1,0,0.115350746
a18,95,1,0,0.13153438
a18,96,1,0,0.15607104
a18,97,1,0,0.43448305
a18,98,1,0,0.22359575
a18,99,1,0,0.24035724
a18,100,1,0,0.36128387
a18,101,1,0,0.33491725
a18,102,1,0,0.11722434
a18,103,1,0,0.10761668
a18,104,1,0,0.1386038
a18,105,1,0,0.26119253
a18,106,1,1,0.5179584
a18,107,1,0,0.45318723
a18,108,1,0,0.33980817
a18,109,1,0,0.13330191
a18,110,1,1,0.6509618
a18,111,1,0,0.36608374
a18,112,1,0,0.35814023
a18,113,1,1,0.64451075
a18,114,1,0,0.18634802
a18,115,1,1,0.5720302
a18,116,1,0,0.24332906
a18,117,1,1,0.5631402
a18,118,1,0,0.32934967
a18,119,1,0,0.10388073
a18,120,1,1,0.6132256
a18,121,1,1,0.7023295
a18,122,1,0,0.23906519
a18,123,1,0,0.4219342
a18,124,1,1,0.5746378
a18,125,1,0,0.20602451
a18,126,1,0,0.11455623
a18,127,1,0,0.17136794
a18,128,1,1,0.6950508
a18,129,1,1,0.5843405
a18,130,1,0,0.20782557
a18,131,1,1,0.56179917
a18,132,1,0,0.38513762
a18,133,1,1,0.63831186
a18,134,1,0,0.092686675
a18,135,1,0,0.18721615
a18,136,1,1,0.5078397
a18,137,1,0,0.09419788
a18,138,1,0,0.44339046
a18,139,1,1,0.65418136
a18,140,1,0,0.3802879
a18,141,1,1,0.5653043
a18,142,1,0,0.36389008
a18,143,1,0,0.22253455
a18,144,1,1,0.64789164
a18,145,1,0,0.097981386
a18,146,1,0,0.3316214
a18,147,1,0,0.16658871
a18,148,1,0,0.36661223
a18,149,1,1,0.69051886
a18,150,1,0,0.22001451
a18,151,1,1,0.5441889
a18,152,1,0,0.19895068
a18,153,1,1,0.57705057
a18,154,1,0,0.44448882
a18,155,1,0,0.17063144
a18,156,1,0,0.3701874
a18,157,1,1,0.5923261
a18,158,1,0,0.13489874
a18,159,1,1,0.64428234
a18,160,1,1,0.5158969
a18,161,1,1,0.5034169
a18,162,1,1,0.5868697
a18,163,1,1,0.6974593
a18,164,1,0,0.26458162
a18,165,1,0,0.1980141
a18,166,1,1,0.6720779
a18,167,1,0,0.14237407
a18,168,1,0,0.11885481
a18,169,1,1,0.75110054
a18,170,0,1,0.83105385
a18,171,0,1,0.6551926
a18,172,0,1,0.6963731
a18,173,0,1,0.79652554
a18,174,0,1,0.6919586
a18,175,0,0,0.40304345
a18,176,0,1,0.60417765
a18,177,0,0,0.24876663
a18,178,0,1,0.59319127
a18,179,0,1,0.60933346
a18,180,1,1,0.66575986
a18,181,1,0,0.12143696
a18,182,1,0,0.12371537
a18,183,1,1,0.7159029
a18,184,1,0,0.19960646
a18,185,1,1,0.5184826
a18,186,1,1,0.8494694
a18,187,0,1,0.7996309
a18,188,0,0,0.1089518
a18,189,0,0,0.44132748
a18,190,1,0,0.36195973
a18,191,1,0,0.26325125
a18,192,1,0,0.15980999
a18,193,1,0,0.28670952
a18,194,1,0,0.17866273
a18,195,0,0,0.12802275
a18,196,1,0,0.33077794
a18,197,1,0,0.26318836
a18,198,1,0,0.17684516
a18,199,1,1,0.5595537
a18,200,1,1,0.5323408
a18,201,1,0,0.25811392
a18,202,1,0,0.30403605
a18,203,1,0,0.12392106
a18,204,1,0,0.1295531
a18,205,1,1,0.63525754
a18,206,1,0,0.11811129
a18,207,1,0,0.12716962
a18,208,1,0,0.10759985
a18,209,1,0,0.26380178
a18,210,1,0,0.15515256
a18,211,1,0,0.14481018
a18,212,1,0,0.22101752
a18,213,1,0,0.1803559
a18,214,1,0,0.1031316
a18,215,1,0,0.123136096
a18,216,1,1,0.5388062
a18,217,1,0,0.11911734
a18,218,1,0,0.17831454
a18,219,1,0,0.3517256
a18,220,1,0,0.14358278
a18,221,1,0,0.2228334
a18,222,1,0,0.3568077
a18,223,1,1,0.7394736
a18,225,1,0,0.1770295
a18,226,0,0,0.11227477
a18,227,0,0,0.14080724
a18,228,1,1,0.78839314
a18,229,1,0,0.14704409
a18,230,0,0,0.124063924
a18,231,0,0,0.31250322
a18,232,1,0,0.15806924
a18,233,1,0,0.32606962
a18,234,1,0,0.19328319
a18,235,1,0,0.1695463
a18,236,1,0,0.16828798
a18,237,1,0,0.13544986
a18,238,1,0,0.11538405
a18,239,1,0,0.23539628
a18,240,1,0,0.12862448
a18,241,1,0,0.3223642
a18,242,1,0,0.10088801
a18,243,1,0,0.20385748
a18,244,1,0,0.4753291
a18,245,1,0,0.15499853
a18,246,1,0,0.1485518
a18,247,1,0,0.10682048
a18,248,1,0,0.48309842
a18,249,1,1,0.8438571
a18,250,1,1,0.5146772
a18,251,1,0,0.09107582
a18,252,1,0,0.1663531
a18,253,1,0,0.13673009
a18,254,1,0,0.26223806
a18,255,1,0,0.24516004
a18,256,1,0,0.10212935
a18,257,1,0,0.2809606
a18,258,1,0,0.47230595
a18,259,1,0,0.31786966
a18,260,1,0,0.15405302
a18,261,1,1,0.59870213
a18,262,1,0,0.2722093
a18,263,1,0,0.42095244
a18,264,1,1,0.860945
a18,265,1,1,0.6612213
a18,266,1,1,0.7962706
a18,267,1,1,0.85062885
a18,268,1,1,0.76382077
a18,269,1,1,0.76190126
a18,270,1,0,0.49430472
a18,271,1,1,0.7831519
a18,272,1,0,0.4522852
a18,273,1,1,0.59012586
a18,275,1,1,0.84598005
a18,276,1,0,0.42094415
a18,277,1,1,0.8166131
a18,278,1,0,0.1525888
a18,279,1,0,0.33045518
a18,280,1,0,0.39195073
a18,281,1,1,0.6541906
a18,282,1,1,0.5505096
a18,283,1,1,0.5163301
a18,284,1,0,0.40415
a18,285,1,0,0.44915724
a18,286,1,0,0.16962592
a18,287,1,1,0.7728279
a18,288,1,1,0.8471806
a18,289,1,0,0.43201527
a18,290,1,0,0.17321327
a18,291,1,0,0.1452924
a18,292,1,1,0.6414156
a18,293,1,0,0.18776564
a18,294,1,0,0.22742642
a18,295,1,0,0.41692805
a18,296,1,0,0.46401587
a18,297,1,0,0.3335975
a18,298,1,0,0.44360647
a18,299,1,1,0.8314123
a18,300,1,0,0.29601708
a18,301,1,0,0.38624263
a18,302,1,1,0.6228625
a18,303,1,1,0.5788216
a18,304,1,0,0.47175872
a18,305,1,0,0.4506399
a18,307,1,0,0.41610977
a18,309,1,1,0.86573774
a18,310,1,0,0.31263787
a18,311,1,0,0.4003707
a18,312,1,0,0.255009
a18,313,1,1,0.69481254
a18,314,1,0,0.27215073
a18,315,1,0,0.3746722
a18,316,1,0,0.24276796
a18,317,1,0,0.31536487
a18,318,1,1,0.56709176
a18,319,1,0,0.12192125
a18,320,1,1,0.6092223
a18,321,1,1,0.5132674
a18,322,1,1,0.61186296
a18,323,1,0,0.18829398
a18,324,1,1,0.6486433
a18,325,1,1,0.6757613
a18,326,1,1,0.5271767
a18,327,1,1,0.8590049
a18,328,1,1,0.52768993
a18,329,1,0,0.26153302
a18,330,1,1,0.67644316
a18,331,1,1,0.5750573
a18,333,1,0,0.29923552
a18,334,1,1,0.53320605
a18,335,1,1,0.54689234
a18,336,1,0,0.4457117
a18,337,1,0,0.12978809
a18,338,1,1,0.5289277
a18,339,1,1,0.7525544
a18,340,1,0,0.44108367
a18,341,1,1,0.5287784
a18,342,1,1,0.8163291
a18,343,1,1,0.64077497
a18,344,1,1,0.78557193
a18,345,1,0,0.27421927
a18,346,1,0,0.34662643
a18,347,1,0,0.3369353
a18,348,1,1,0.769072
a18,349,1,0,0.1421147
a18,350,1,0,0.28311938
a18,351,1,0,0.18964575
a18,352,1,0,0.4430152
a18,353,1,0,0.35027394
a18,354,1,1,0.5241871
a18,355,1,1,0.7414074
a18,356,1,0,0.22672074
a18,357,1,0,0.25834873
a18,358,1,0,0.3406365
a18,359,1,0,0.41891074
a18,360,1,0,0.43405482
a18,361,1,1,0.71399075
a18,362,1,1,0.8242234
a18,363,1,0,0.48395395
a18,364,1,1,0.6412745
a18,365,1,0,0.3560297
a18,366,1,1,0.59200007
a18,367,1,1,0.7301775
a18,368,1,1,0.84138316
a18,369,1,1,0.8666742
a18,370,1,1,0.6477506
a18,371,1,1,0.866366
a18,372,1,1,0.8604875
a18,373,1,1,0.8062529
a18,374,1,1,0.62102544
a18,375,1,1,0.8434923
a18,376,1,1,0.8268749
a18,377,1,1,0.86010194
a18,378,1,1,0.83183444
a18,379,1,0,0.31884047
a18,380,1,1,0.7918168
a18,381,1,1,0.8675596
a18,382,1,1,0.806999
a18,383,1,1,0.8197578
a18,384,1,0,0.4427037
a18,385,1,1,0.5674467
a18,386,1,1,0.5187145
a18,387,1,0,0.43047112
a18,388,1,1,0.8140804
a18,389,1,1,0.8264094
a18,390,1,0,0.13593991
a18,391,1,0,0.14679778
a18,392,1,0,0.29278633
a18,393,1,1,0.610928
a18,394,1,0,0.30834502
a18,395,1,1,0.85151535
a18,396,1,1,0.6275931
a18,397,1,0,0.15111396
a18,398,1,0,0.15656415
a18,399,1,0,0.32990843
a18,400,1,0,0.21348093
a18,401,1,0,0.41869447
a18,402,1,0,0.4415623
a18,403,1,1,0.642191
a18,404,1,0,0.47329134
a18,405,1,0,0.1455679
a18,406,1,0,0.44918135
a18,407,1,0,0.37002847
a18,408,1,0,0.19946188
a18,409,1,0,0.3117194
a18,410,1,0,0.20150109
a18,411,1,0,0.12671822
a18,412,1,0,0.15304598
a18,413,1,1,0.6243686
a18,414,1,0,0.38389236
a18,415,1,0,0.4524554
a18,416,1,0,0.33480442
a18,417,1,0,0.33090165
a18,418,1,1,0.8565342
a18,419,1,1,0.8009843
a18,420,1,0,0.2345645
a18,421,1,0,0.321288
a18,422,1,1,0.7571434
a18,423,1,1,0.81383026
a18,424,1,0,0.4829123
a18,425,1,0,0.29711598
a18,426,1,1,0.5414621
a18,427,1,0,0.30638012
a18,428,1,1,0.53538406
a18,429,1,0,0.18124375
a18,430,1,0,0.43543684
a18,431,1,0,0.31250498
a18,432,1,0,0.1573429
a18,433,1,0,0.2891656
a18,435,1,1,0.5762357
a18,436,1,0,0.26829922
a18,437,1,0,0.3758026
a18,438,1,0,0.2611672
a18,439,1,0,0.124486834
a18,440,1,1,0.51162016
a18,441,1,0,0.41825452
a18,442,1,0,0.09723351
a18,444,1,1,0.50226235
a18,445,1,0,0.40785557
a18,446,1,1,0.8281941
a18,447,1,0,0.26024672
a18,449,1,0,0.24422799
a18,450,1,1,0.8288179
a18,452,1,0,0.20078363
a18,453,1,1,0.58297735
a18,454,1,0,0.20175397
a18,455,1,0,0.43804148
a18,456,1,0,0.2961747
a18,457,1,1,0.60613465
a18,458,1,0,0.4398172
a18,459,1,1,0.68597466
a18,460,1,1,0.6631181
a18,461,1,0,0.26383495
a18,462,1,0,0.30015278
a18,463,1,1,0.51616913
a18,464,1,1,0.5684622
a18,465,1,0,0.16161498
a18,466,1,0,0.15941237
a18,467,1,0,0.47163132
a18,468,1,0,0.38278067
a18,469,1,1,0.64050156
a18,470,1,0,0.42389828
a18,471,1,0,0.30330053
a18,472,1,1,0.60867226
a18,473,1,0,0.43171388
a18,474,1,0,0.31171694
a18,475,1,0,0.23396264
a18,476,1,0,0.30608562
a18,477,1,1,0.5644364
a18,478,1,1,0.5549442
a18,479,1,1,0.58822143
a18,480,1,0,0.4720719
a18,481,1,0,0.49000332
a18,482,1,1,0.5849449
a18,483,1,1,0.61243725
a18,484,1,1,0.6208288
a18,485,1,1,0.65019923
a18,486,1,1,0.5148743
a18,488,1,1,0.845886
a19,1,1,0,0.4900679
a19,2,1,1,0.75800925
a19,3,1,1,0.7426498
a19,4,1,1,0.7377584
a19,5,1,1,0.7857228
a19,6,1,1,0.6367675
a19,7,0,1,0.5519762
a19,8,0,1,0.7203264
a19,9,1,1,0.542549
a19,10,1,1,0.80270535
a19,11,1,1,0.77790827
a19,12,1,1,0.544273
a19,13,1,1,0.7151198
a19,14,0,0,0.3708257
a19,15,0,1,0.57353324
a19,16,0,1,0.78712976
a19,17,0,1,0.7624056
a19,18,0,0,0.2025448
a19,19,0,1,0.7496914
a19,20,0,1,0.56266594
a19,21,0,1,0.65218574
a19,22,0,1,0.6247954
a19,23,0,1,0.6719471
a19,24,0,1,0.747626
a19,25,0,0,0.4564849
a19,26,0,1,0.69712406
a19,27,1,1,0.7704646
a19,28,0,1,0.6226262
a19,29,0,1,0.7770008
a19,30,0,1,0.62622684
a19,31,0,1,0.50084674
a19,32,0,1,0.588031
a19,33,0,1,0.72787553
a19,34,0,1,0.64125913
a19,35,0,0,0.109069675
a19,36,0,0,0.20174971
a19,37,0,0,0.36923385
a19,38,0,1,0.52352446
a19,39,0,0,0.213369
a19,40,0,1,0.71703535
a19,41,0,1,0.58629966
a19,42,0,0,0.17102633
a19,43,0,0,0.122475274
a19,44,0,0,0.19711728
a19,45,0,0,0.17112915
a19,46,0,1,0.5115849
a19,47,0,0,0.1249408
a19,48,0,0,0.38292572
a19,49,0,0,0.14364383
a19,50,0,0,0.34274483
a19,51,0,0,0.25782812
a19,52,0,0,0.19248217
a19,53,0,1,0.74059325
a19,54,0,1,0.83860177
a19,55,0,0,0.3257356
a19,56,0,0,0.2515376
a19,57,0,0,0.21837899
a19,58,0,0,0.16244417
a19,59,0,0,0.2349945
a19,60,0,0,0.12513302
a19,61,0,0,0.2192549
a19,62,0,0,0.20435557
a19,63,0,0,0.13176419
a19,64,0,0,0.14326376
a19,65,0,0,0.1264269
a19,66,0,0,0.14869979
a19,67,0,0,0.12549359
a19,68,0,0,0.36716157
a19,69,0,0,0.2916179
a19,70,0,1,0.50174963
a19,71,0,1,0.6483126
a19,72,0,0,0.43440202
a19,73,0,1,0.59465414
a19,74,0,0,0.31790978
a19,75,0,0,0.3090042
a19,76,0,0,0.38564476
a19,77,0,1,0.5039654
a19,78,0,0,0.33959106
a19,79,0,0,0.18520795
a19,80,0,1,0.64409643
a19,81,0,0,0.31456572
a19,82,0,1,0.7219734
a19,83,0,1,0.6939527
a19,84,0,1,0.74074155
a19,85,0,0,0.36670905
a19,86,0,1,0.5986501
a19,87,1,1,0.78646934
a19,88,1,1,0.57170707
a19,89,1,1,0.57178456
a19,90,1,1,0.6149954
a19,91,1,1,0.72353995
a19,92,1,1,0.8333949
a19,93,1,1,0.82148397
a19,94,1,1,0.8259808
a19,95,1,1,0.8236275
a19,96,1,1,0.84479237
a19,97,1,1,0.8502647
a19,98,1,1,0.5673022
a19,99,0,0,0.45019802
a19,100,0,0,0.25546053
a19,101,0,0,0.23890603
a19,102,0,0,0.17917578
a19,103,0,0,0.28551018
a19,104,0,1,0.8121613
a19,105,0,0,0.16532975
a19,106,0,0,0.14427035
a19,107,0,0,0.122476906
a19,108,0,1,0.73032683
a19,109,0,1,0.7143213
a19,110,0,0,0.23906001
a19,111,0,0,0.1213111
a19,112,0,0,0.28170344
a19,113,0,0,0.19154342
a19,114,0,0,0.1326476
a19,115,0,0,0.3926725
a19,116,0,0,0.16369563
a19,117,0,0,0.17547964
a19,118,0,0,0.3584943
a19,119,0,0,0.22554082
a19,120,0,0,0.19767533
a19,121,0,0,0.14147986
a19,122,0,0,0.10033873
a19,123,0,0,0.25002715
a19,124,0,0,0.13773428
a19,125,0,0,0.17891298
a19,126,0,0,0.21619372
a19,127,0,0,0.309294
a19,128,0,0,0.31389493
a19,129,0,0,0.33178768
a19,130,0,0,0.36435762
a19,131,0,0,0.20307015
a19,132,0,0,0.34011844
a19,133,0,0,0.36561292
a19,134,0,0,0.37113905
a19,135,0,0,0.27133426
a19,136,0,1,0.57548904
a19,137,0,0,0.2970758
a19,138,0,0,0.15575187
a19,139,0,1,0.55968875
a19,140,0,0,0.4881549
a19,141,0,0,0.22451061
a19,142,0,0,0.32184193
a19,143,0,0,0.43718636
a19,144,0,0,0.4622013
a19,145,0,0,0.35661802
a19,146,0,0,0.38382432
a19,147,0,1,0.60933393
a19,148,0,1,0.83429086
a19,149,1,1,0.74787635
a19,150,1,1,0.7129093
a19,151,1,1,0.8113084
a19,152,1,1,0.8195406
a19,153,1,1,0.80585563
a19,154,1,1,0.7068855
a19,155,1,1,0.83974016
a19,156,1,1,0.8080496
a19,157,1,1,0.7942313
a19,158,1,1,0.83632624
a19,159,1,1,0.7681763
a19,160,1,1,0.8389813
a19,161,1,1,0.7506152
a19,162,1,1,0.8537759
a19,163,1,1,0.8373021
a19,164,1,1,0.8004499
a19,165,1,1,0.7784341
a19,166,1,1,0.8588539
a19,167,1,1,0.83192027
a19,168,1,1,0.7432532
a19,169,1,1,0.84705806
a19,170,1,1,0.767521
a19,171,1,1,0.85464525
a19,172,1,1,0.79832065
a19,173,1,1,0.81456745
a19,174,1,1,0.5738984
a19,175,1,0,0.40565792
a19,176,0,0,0.11921455
a19,177,0,0,0.20871657
a19,178,0,0,0.13760155
a19,179,0,0,0.19419421
a19,180,0,0,0.111572206
a19,181,0,0,0.15902989
a19,182,0,1,0.6830344
a19,183,0,0,0.2961606
a19,184,0,0,0.23885672
a19,185,0,0,0.102877654
a19,186,0,0,0.18764223
a19,187,0,0,0.15766768
a19,188,0,0,0.20751484
a19,189,0,0,0.28191653
a19,190,0,0,0.0993791
a19,191,0,0,0.11303642
a19,192,0,0,0.24669918
a19,193,0,0,0.13350812
a19,194,0,1,0.68511796
a19,195,1,1,0.59523475
a19,196,0,0,0.29228753
a19,197,0,0,0.23890075
a19,198,0,0,0.18794996
a19,199,0,0,0.15603864
a19,200,0,0,0.14626887
a19,201,0,0,0.19565934
a19,202,0,0,0.40160376
a19,203,0,0,0.34144008
a19,204,0,1,0.50190306
a19,205,0,0,0.3879277
a19,206,0,0,0.3408052
a19,207,0,1,0.59820193
a19,208,0,0,0.3937792
a19,209,0,0,0.31365204
a19,210,0,1,0.7747202
a19,211,0,0,0.49577662
a19,212,1,1,0.753915
a19,213,1,1,0.8259303
a19,214,1,1,0.8057476
a19,215,1,1,0.79369223
a19,216,1,1,0.80421126
a19,217,1,1,0.84297025
a19,218,1,1,0.7632397
a19,219,1,1,0.8291756
a19,220,1,1,0.80969405
a19,221,1,1,0.8443182
a19,222,1,1,0.79531646
a19,223,1,1,0.7518822
a19,224,1,1,0.7840785
a19,225,1,1,0.7781761
a19,226,1,1,0.7494561
a19,227,1,1,0.7781526
a19,228,1,1,0.8386508
a19,229,1,1,0.8082453
a19,230,1,1,0.8231618
a19,231,1,1,0.7743198
a19,232,1,1,0.7644046
a19,233,1,1,0.8256271
a19,234,1,1,0.77913475
a19,235,1,1,0.8265035
a19,236,1,1,0.8061535
a19,237,1,1,0.8188785
a19,238,0,1,0.7872389
a19,239,0,0,0.3943468
a19,240,0,0,0.33015013
a19,241,0,0,0.42837602
a19,242,0,0,0.12487403
a19,243,0,0,0.19663145
a19,244,0,0,0.113000944
a19,245,0,0,0.15834719
a19,246,0,1,0.78342646
a19,247,1,1,0.77611077
a19,248,1,1,0.7434509
a19,249,1,1,0.80498403
a19,250,1,1,0.8306475
a19,251,1,1,0.6935626
a19,252,1,1,0.74407
a19,253,1,1,0.79970676
a19,254,1,1,0.8259922
a19,255,1,1,0.75953037
a19,256,1,1,0.7375504
a19,257,1,1,0.77195585
a19,258,1,1,0.84070045
a19,259,1,1,0.8188694
a19,260,1,1,0.8210755
a19,261,1,1,0.84003675
a19,262,1,1,0.781941
a19,263,1,1,0.80035996
a19,264,1,1,0.7703928
a19,265,1,1,0.83487487
a19,266,1,1,0.78172815
a19,267,1,1,0.8393091
a19,268,1,1,0.82929474
a19,269,1,1,0.7262144
a19,270,1,1,0.8148114
a19,271,1,1,0.8390894
a19,272,1,1,0.78961813
a19,273,1,1,0.78743154
a19,274,1,1,0.7918948
a19,275,1,1,0.77946967
a19,276,1,1,0.8348234
a19,277,1,1,0.8409385
a19,278,1,1,0.7949399
a19,279,0,1,0.7895269
a19,280,0,0,0.26679045
a19,281,0,0,0.24330993
a19,282,0,0,0.24905246
a19,283,0,0,0.28542358
a19,284,0,0,0.21091247
a19,285,0,0,0.4978614
a19,286,0,0,0.25418657
a19,287,0,0,0.1623337
a19,288,0,0,0.36177966
a19,289,0,0,0.30088982
a19,290,0,0,0.41866356
a19,291,0,0,0.33014387
a19,292,0,1,0.65664184
a19,293,0,0,0.43619448
a19,294,0,0,0.33645976
a19,295,0,1,0.5472675
a19,296,0,0,0.49531257
a19,297,0,0,0.2763469
a19,298,0,0,0.26425856
a19,299,0,0,0.4958275
a19,300,0,1,0.6435741
a19,301,0,0,0.41075942
a19,302,0,0,0.33086106
a19,303,0,1,0.6376172
a19,304,0,0,0.20899113
a19,305,0,1,0.5384575
a19,306,0,0,0.35019544
a19,307,0,0,0.26208985
a19,308,0,0,0.340701
a19,309,0,0,0.2062703
a19,310,0,0,0.24393748
a19,311,0,1,0.6815607
a19,312,0,1,0.7126813
a19,313,0,1,0.8289845
a19,314,1,1,0.736661
a19,315,1,1,0.8118862
a19,316,1,1,0.7787626
a19,317,1,1,0.78124624
a19,318,1,1,0.71562266
a19,319,1,1,0.8300082
a19,320,1,1,0.7469357
a19,321,1,1,0.8271495
a19,322,1,1,0.748822
a19,323,1,1,0.7728557
a19,324,1,1,0.82689065
a19,325,1,1,0.8288338
a19,326,1,1,0.8306136
a19,327,1,1,0.6921286
a19,328,1,1,0.81978303
a19,329,1,1,0.8500497
a19,330,1,0,0.48177314
a19,331,1,1,0.78271866
a19,332,1,1,0.8286362
a19,333,1,1,0.7982258
a19,334,1,1,0.83506346
a19,335,1,1,0.8178681
a19,336,1,1,0.83473015
a19,337,1,1,0.8402763
a19,338,1,1,0.8314312
a19,339,1,1,0.8261367
a19,340,1,1,0.8331346
a19,341,1,1,0.83314097
a19,342,0,1,0.56004
a19,343,0,0,0.41981393
a19,344,0,0,0.28509378
a19,345,0,0,0.19032148
a19,346,0,1,0.7337362
a19,347,1,1,0.6182342
a19,348,0,0,0.15779394
a19,349,0,0,0.28809795
a19,350,0,0,0.20832364
a19,351,0,0,0.14927965
a19,352,0,0,0.13867088
a19,353,0,0,0.13347615
a19,354,0,0,0.25396276
a19,355,0,0,0.33073
a19,356,0,0,0.15736678
a19,357,0,0,0.14674152
a19,358,0,0,0.1159029
a19,359,0,0,0.15313905
a19,360,0,0,0.11724271
a19,361,0,0,0.19273199
a19,362,0,0,0.27747634
a19,363,0,0,0.12703748
a19,364,0,0,0.13224055
a19,365,0,0,0.46745807
a19,366,0,0,0.24122597
a19,367,0,1,0.5941755
a19,368,0,0,0.1798954
a19,369,0,0,0.3240769
a19,370,0,0,0.32517785
a19,371,0,0,0.18074991
a19,372,0,0,0.3076009
a19,373,0,0,0.16459963
a19,374,0,0,0.19404963
a19,375,0,1,0.83163047
a19,376,0,1,0.73699737
a19,377,1,1,0.7646488
a19,378,1,1,0.82951194
a19,379,1,1,0.81374586
a19,380,1,1,0.8301621
a19,381,1,1,0.82851154
a19,382,1,1,0.83923966
a19,383,1,1,0.81010836
a19,384,1,1,0.8428084
a19,385,1,1,0.83869606
a19,386,1,1,0.8408447
a19,387,1,1,0.8494712
a19,388,1,1,0.7726605
a19,389,1,1,0.84976447
a19,390,1,1,0.84085876
a19,391,1,1,0.66612417
a19,392,1,1,0.8430056
a19,393,1,1,0.8317007
a19,394,1,1,0.61261463
a19,395,1,1,0.7242881
a19,396,0,1,0.54373246
a19,397,0,0,0.45846653
a19,398,0,0,0.23362692
a19,399,0,1,0.5202625
a19,400,0,0,0.1468153
a19,401,0,0,0.15039825
a19,402,0,0,0.21131289
a19,403,0,0,0.23526323
a19,404,0,0,0.2009249
a19,405,0,0,0.23719011
a19,406,0,0,0.24587962
a19,407,0,0,0.3483372
a19,408,0,0,0.224058
a19,409,0,0,0.105354406
a19,410,0,0,0.26370203
a19,411,0,1,0.53531784
a19,412,0,1,0.60471326
a19,413,0,0,0.4912419
a19,414,0,1,0.5737644
a19,415,0,0,0.34252113
a19,416,0,1,0.60620475
a19,417,0,0,0.24100918
a19,418,0,0,0.26598555
a19,419,0,0,0.30943382
a19,420,0,0,0.09917043
a19,421,0,1,0.55388653
a19,422,0,0,0.14549002
a19,423,0,1,0.5381953
a19,424,0,0,0.33522233
a19,425,0,1,0.6244412
a19,426,0,1,0.6253326
a19,427,0,0,0.27490526
a19,428,0,0,0.24814866
a19,429,0,0,0.2940302
a19,430,0,0,0.36528593
a19,431,0,1,0.54534036
a19,432,0,0,0.44584665
a19,433,0,0,0.47541708
a19,434,0,0,0.21897542
a19,435,0,1,0.6408411
a19,436,0,0,0.3766244
a19,437,0,0,0.15455441
a19,438,0,1,0.8166322
a19,439,1,1,0.85590285
a19,440,1,1,0.7261601
a19,441,1,1,0.69957525
a19,442,1,1,0.7637127
a19,443,1,1,0.8353441
a19,444,1,1,0.7204216
a19,445,1,1,0.8136074
a19,446,1,1,0.8250408
a19,447,1,1,0.80447096
a19,448,1,1,0.74023604
a19,449,1,1,0.8515674
a19,450,1,1,0.6387067
a19,451,1,1,0.76787066
a19,452,1,1,0.7228624
a19,453,1,1,0.81463146
a19,454,1,1,0.77300483
a19,455,1,1,0.588295
a19,456,1,1,0.86229026
a19,457,0,1,0.77134126
a19,458,1,1,0.74905235
a19,459,1,1,0.78616244
a19,460,1,1,0.805995
a19,461,1,1,0.8339783
a19,462,1,1,0.8344222
a19,463,1,1,0.85232073
a19,464,1,1,0.60891074
a19,465,1,1,0.7245541
a19,466,0,0,0.43555385
a19,467,0,1,0.5190975
a19,468,0,1,0.5932327
a19,469,0,0,0.37185726
a19,470,0,0,0.2667038
a19,471,0,0,0.20992559
a19,472,0,1,0.61294967
a19,473,0,0,0.35664237
a19,474,0,0,0.21767646
a19,475,0,0,0.18035202
a19,476,0,0,0.31339064
a19,477,0,0,0.2557873
a19,478,0,1,0.7841074
a19,479,1,1,0.6646206
a19,480,0,1,0.8328925
a19,481,1,1,0.73422086
a19,482,0,1,0.58024967
a19,483,1,1,0.8054438
a19,484,1,1,0.74184793
a19,485,1,1,0.5268058
a19,486,1,1,0.83747745
a19,487,1,1,0.7912347
a19,488,1,1,0.8309939
a19,489,1,1,0.73593014
a19,490,1,1,0.79586923
a19,491,1,1,0.83021873
a19,492,1,1,0.6657744
a19,493,1,1,0.7652336
a19,494,1,1,0.6647373
a19,495,1,1,0.7372007
a19,496,1,1,0.7707452
a19,497,1,1,0.74235237
a19,498,1,1,0.77690566
a19,499,1,1,0.7694851
a19,500,1,1,0.70773304
a19,501,1,1,0.85332733
a20,1,0,0,0.11773699
a20,2,0,0,0.4720398
a20,3,0,0,0.15148646
a20,4,0,1,0.5322976
a20,5,0,0,0.09257051
a20,6,0,0,0.13128416
a20,7,0,0,0.118728526
a20,8,0,1,0.7495451
a20,9,0,1,0.7635323
a20,10,0,0,0.49284267
a20,11,0,1,0.51436055
a20,12,0,1,0.5207936
a20,13,0,0,0.30285302
a20,14,0,1,0.55307627
a20,15,0,1,0.54790473
a20,16,0,0,0.19393906
a20,17,0,0,0.4634123
a20,18,0,0,0.1977598
a20,19,0,0,0.25277996
a20,20,0,1,0.5852989
a20,21,0,1,0.6995382
a20,22,0,1,0.82184917
a20,23,0,1,0.7346866
a20,24,0,0,0.16339707
a20,25,0,0,0.4316651
a20,26,0,0,0.07428526
a20,27,0,0,0.21406533
a20,28,0,1,0.5506764
a20,29,0,0,0.091722734
a20,30,0,0,0.33573094
a20,31,0,0,0.111952476
a20,32,0,1,0.6699614
a20,33,0,1,0.5609391
a20,34,0,0,0.3800907
a20,35,0,1,0.50301665
a20,36,0,0,0.14046536
a20,37,0,0,0.3823317
a20,38,0,0,0.17641734
a20,39,0,0,0.13777587
a20,40,0,1,0.50651044
a20,41,0,1,0.52641207
a20,42,0,0,0.4134201
a20,43,0,0,0.11421384
a20,44,0,0,0.1554901
a20,45,0,0,0.16040987
a20,46,0,0,0.1575078
a20,47,0,0,0.16365111
a20,48,0,0,0.2572571
a20,49,0,0,0.12046602
a20,50,1,1,0.81941324
a20,52,1,1,0.6347627
a20,53,1,1,0.5513705
a20,54,1,1,0.7569948
a20,55,1,1,0.7291644
a20,56,1,1,0.61521995
a20,57,1,1,0.7129271
a20,58,1,1,0.63417786
a20,60,1,1,0.72046065
a20,62,1,0,0.2696135
a20,63,1,0,0.49091032
a20,64,1,1,0.66627926
a20,65,1,0,0.30119097
a20,66,1,1,0.6457697
a20,67,1,1,0.71933854
a20,68,1,0,0.47295052
a20,69,1,1,0.7620453
a20,70,1,1,0.7469421
a20,71,1,0,0.376818
a20,72,0,0,0.41293043
a20,73,0,1,0.7598479
a20,74,1,0,0.3249044
a20,75,1,0,0.43560728
a20,76,1,1,0.60167885
a20,77,1,1,0.64555967
a20,78,1,1,0.70039004
a20,79,1,0,0.38480362
a20,80,1,0,0.40103325
a20,81,1,0,0.43137065
a20,82,1,1,0.8107301
a20,83,0,0,0.13094074
a20,84,0,0,0.17514509
a20,85,0,0,0.22475065
a20,86,0,0,0.15628766
a20,87,0,0,0.12532967
a20,88,0,0,0.23163219
a20,90,1,0,0.46740222
a20,91,1,1,0.67482036
a20,92,0,0,0.3360176
a20,93,0,1,0.54486376
a20,94,1,0,0.40429753
a20,95,1,1,0.7298561
a20,96,1,1,0.57814544
a20,97,1,0,0.2534697
a20,98,1,0,0.2816464
a20,100,1,0,0.18450165
a20,101,1,0,0.2961344
a20,102,1,1,0.7108105
a20,103,1,1,0.8128249
a20,106,1,1,0.7637605
a20,107,1,1,0.79630256
a20,108,1,1,0.74037296
a20,109,1,0,0.3474307
a20,110,1,1,0.714066
a20,111,1,0,0.30028462
a20,112,1,0,0.29558757
a20,114,1,1,0.625231
a20,115,1,0,0.44468182
a20,116,1,1,0.6554496
a20,117,1,1,0.67452127
a20,118,1,0,0.4634943
a20,119,1,1,0.8510892
a20,120,1,1,0.6273611
a20,121,1,0,0.39795628
a20,122,1,1,0.84649575
a20,123,1,0,0.49900848
a20,125,0,0,0.19481991
a20,126,0,0,0.34425074
a20,127,0,0,0.45684853
a20,128,1,0,0.30427006
a20,130,1,0,0.26463962
a20,131,1,1,0.55031794
a20,132,1,0,0.42790315
a20,133,1,1,0.5838872
a20,134,1,0,0.47402295
a20,135,0,0,0.18953864
a20,136,0,0,0.14667153
a20,137,0,1,0.6179328
a20,138,1,1,0.71927065
a20,139,1,1,0.54545796
a20,140,1,1,0.75246084
a20,141,1,1,0.5477447
a20,142,1,1,0.83559024
a20,143,1,0,0.40634575
a20,144,1,0,0.4606401
a20,145,1,1,0.6724921
a20,146,1,1,0.7529475
a20,147,1,1,0.7240957
a20,148,1,1,0.5539532
a20,149,1,0,0.48727846
a20,150,1,1,0.72052604
a20,151,1,1,0.8235177
a20,152,1,1,0.80162615
a20,153,1,1,0.73159623
a20,154,1,1,0.8073904
a20,155,1,1,0.7620173
a20,156,1,1,0.5112919
a20,157,1,1,0.50841445
a20,158,1,1,0.8167112
a20,160,1,1,0.5006553
a20,161,1,1,0.8290533
a20,162,1,1,0.79861695
a20,163,1,1,0.74454445
a20,164,1,1,0.8065415
a20,165,1,1,0.8111919
a20,166,1,1,0.70237577
a20,167,1,1,0.58729845
a20,168,1,1,0.76305985
a20,169,1,1,0.78844774
a20,170,1,1,0.8004044
a20,171,1,0,0.41791105
a20,172,1,1,0.72177833
a20,173,1,1,0.74136674
a20,174,1,1,0.81387407
a20,175,1,1,0.56022364
a20,176,1,1,0.7823276
a20,177,1,1,0.59037256
a20,178,1,1,0.55606073
a20,179,1,1,0.7815799
a20,180,1,1,0.6896133
a20,181,1,1,0.5236622
a20,182,1,1,0.71251154
a20,183,1,1,0.552235
a20,184,1,1,0.68604326
a20,185,1,1,0.7888437
a20,186,1,0,0.4461016
a20,187,1,1,0.5325649
a20,189,0,0,0.26736715
a20,190,0,0,0.26911685
a20,191,1,1,0.6822199
a20,192,1,1,0.7212395
a20,193,1,1,0.81975645
a20,194,1,1,0.86210835
a20,195,0,0,0.4682554
a20,196,0,0,0.23997521
a20,197,0,1,0.5712733
a20,198,1,1,0.75407284
a20,199,1,1,0.6015215
a20,200,0,0,0.14275669
a20,201,0,0,0.14954996
a20,202,0,0,0.28638718
a20,203,0,0,0.20350516
a20,204,0,0,0.39498895
a20,205,0,0,0.46233916
a20,206,1,0,0.1546175
a20,207,1,0,0.33424324
a20,210,1,1,0.5837346
a20,211,1,0,0.3104504
a20,212,1,1,0.7838398
a20,213,1,0,0.45952246
a20,214,1,1,0.81223005
a20,215,1,1,0.6410444
a20,216,1,1,0.7277795
a20,217,1,1,0.7784757
a20,218,1,0,0.48324037
a20,219,1,1,0.82591933
a20,220,1,1,0.82484365
a20,221,1,1,0.5635155
a20,222,1,0,0.42437166
a20,223,1,1,0.8089861
a20,224,1,1,0.82092464
a20,225,1,1,0.5844433
a20,226,1,1,0.7989733
a20,227,1,1,0.7951555
a20,228,1,1,0.8068067
a20,229,1,1,0.7900419
a20,230,1,1,0.8007463
a20,231,1,1,0.7333192
a20,232,1,1,0.8051241
a20,233,1,1,0.8404389
a20,234,1,1,0.84726876
a20,235,1,1,0.82350993
a20,236,1,1,0.73635226
a20,237,1,1,0.84721845
a20,238,1,1,0.855041
a20,240,1,1,0.75461406
a20,241,1,1,0.8357018
a20,242,1,1,0.69654745
a20,243,1,1,0.6887852
a20,244,1,1,0.8310953
a20,245,1,1,0.7489713
a20,246,1,1,0.78913546
a20,247,1,1,0.81504637
a20,248,1,1,0.7893637
a20,249,1,1,0.76336855
a20,250,1,1,0.8581624
a20,251,1,1,0.8123987
a20,252,1,1,0.8341845
a20,253,1,1,0.83785546
a20,254,1,1,0.6264367
a20,255,1,1,0.76141924
a20,256,1,1,0.7978965
a20,257,1,1,0.78384376
a20,258,1,1,0.83151484
a20,259,1,1,0.705954
a20,260,1,1,0.8597417
a20,261,1,1,0.82707113
a20,262,1,1,0.81956416
a20,263,1,1,0.7672821
a20,264,1,1,0.84999585
a20,265,1,1,0.85148376
a20,266,0,0,0.3631602
a20,267,0,1,0.72995055
a20,268,0,0,0.40246385
a20,269,1,1,0.71623933
a20,270,1,0,0.46993455
a20,271,1,1,0.7390361
a20,272,1,1,0.688793
a20,273,1,1,0.70790553
a20,274,1,0,0.14179738
a20,275,1,1,0.7478018
a20,276,1,1,0.61860794
a20,277,1,1,0.84294945
a20,278,1,1,0.5004256
a20,279,1,1,0.6492158
a20,280,1,1,0.77490765
a20,281,0,0,0.36423674
a20,282,0,0,0.3753163
a20,283,0,0,0.38721946
a20,284,0,0,0.40761328
a20,285,0,0,0.45039415
a20,286,0,0,0.3689298
a20,287,0,0,0.29542163
a20,288,0,0,0.31993294
a20,290,0,0,0.21529323
a20,291,0,0,0.14828302
a20,292,0,0,0.1590289
a20,293,0,0,0.14764181
a20,294,1,1,0.65144664
a20,295,1,1,0.723219
a20,297,1,1,0.7641102
a20,298,1,1,0.5546511
a20,299,1,1,0.7161546
a20,300,1,1,0.5566055
a20,301,0,0,0.16959241
a20,302,0,0,0.48331404
a20,303,0,0,0.13879506
a20,304,0,0,0.3469277
a20,305,0,0,0.26322418
a20,306,0,0,0.13907963
a20,307,0,0,0.28956077
a20,308,0,0,0.17704153
a20,309,0,0,0.14147939
a20,310,0,0,0.27415183
a20,311,0,0,0.14933889
a20,312,0,0,0.21484263
a20,313,0,0,0.116025895
a20,314,0,0,0.13709082
a20,315,0,0,0.3181274
a20,316,0,0,0.18881388
a20,317,0,0,0.14528987
a20,318,0,0,0.15139142
a20,319,0,0,0.18410672
a20,320,0,0,0.21037515
a20,321,0,0,0.16765386
a20,322,0,0,0.3834045
a20,323,0,0,0.121406324
a20,324,0,0,0.36216682
a20,325,0,0,0.14209603
a20,326,0,0,0.16961391
a20,327,0,0,0.3587164
a20,328,0,0,0.23976582
a20,329,0,0,0.4455584
a20,330,0,0,0.265795
a20,331,0,0,0.3675484
a20,332,0,1,0.8611092
a20,333,1,0,0.4610161
a20,334,1,1,0.78333366
a20,336,1,1,0.5710012
a20,337,1,0,0.16009401
a20,338,1,1,0.8324967
a20,339,0,0,0.49922484
a20,340,0,1,0.7237713
a20,341,0,1,0.6431789
a20,342,0,0,0.12368256
a20,343,0,0,0.25317106
a20,344,0,1,0.5319057
a20,345,0,1,0.8571358
a20,346,0,1,0.62495774
a20,347,0,0,0.34333876
a20,348,0,1,0.541794
a20,349,0,1,0.6521039
a20,350,0,1,0.54436505
a20,351,0,0,0.28990817
a20,352,0,1,0.8507194
a20,353,1,1,0.5751847
a20,354,1,1,0.51610976
a20,355,1,1,0.6802687
a20,356,1,0,0.4738105
a20,357,1,1,0.59668696
a20,358,1,1,0.7598707
a20,359,1,0,0.46522397
a20,360,1,1,0.8387482
a20,361,1,1,0.7656744
a20,362,1,1,0.8078145
a20,363,1,1,0.80364555
a20,364,1,1,0.82837963
a20,365,1,1,0.713094
a20,366,1,1,0.78440475
a20,367,1,1,0.5977264
a20,368,1,1,0.5530215
a20,369,1,1,0.7200895
a20,370,1,1,0.7895018
a20,371,1,1,0.7476318
a20,372,1,1,0.80774564
a20,373,1,1,0.75530696
a20,374,1,1,0.72722167
a20,375,1,1,0.762636
a20,376,1,1,0.5719829
a20,377,1,1,0.742946
a20,378,1,1,0.7211816
a20,379,1,1,0.7609207
a20,380,1,1,0.83509904
a20,381,1,1,0.8510119
a20,382,1,1,0.8430227
a20,383,1,1,0.7749976
a20,384,1,1,0.81277233
a20,385,1,1,0.8234611
a20,386,1,1,0.69945306
a20,387,1,1,0.8457074
a20,388,1,1,0.83107024
a20,389,1,0,0.41170156
a20,390,1,1,0.85695297
a20,391,1,0,0.17012092
a20,392,0,0,0.4359599
a20,393,0,0,0.15671575
a20,394,0,0,0.33007455
a20,395,0,0,0.27402115
a20,396,0,0,0.19967812
a20,397,0,0,0.15136652
a20,398,0,0,0.21983425
a20,399,0,0,0.33654177
a20,401,0,0,0.16744067
a20,402,0,0,0.31825835
a20,403,0,0,0.30811495
a20,404,0,0,0.1393608
a20,405,0,1,0.74171984
a20,406,1,1,0.85714155
a20,408,1,1,0.75615406
a20,409,0,0,0.15326099
a20,410,0,0,0.38321114
a20,411,0,1,0.5587422
a20,412,0,0,0.27825174
a20,413,0,0,0.39304933
a20,414,0,0,0.3900255
a20,415,0,0,0.3234235
a20,416,0,0,0.38647777
a20,417,0,0,0.09785403
a20,418,0,1,0.6883381
a20,419,0,0,0.23681706
a20,420,0,1,0.52672136
a20,421,0,0,0.4657128
a20,422,0,1,0.50139946
a20,423,0,0,0.35195053
a20,424,0,0,0.12429026
a20,425,0,1,0.8105659
a20,426,0,1,0.524616
a20,427,0,1,0.5714985
a20,428,0,0,0.3924464
a20,429,0,1,0.6629077
a20,430,0,1,0.5812193
a20,431,0,0,0.18313935
a20,432,0,1,0.58116436
a20,433,0,0,0.29841793
a20,434,0,0,0.38672674
a20,435,0,0,0.4899525
a20,436,0,0,0.3028662
a20,437,0,0,0.28081575
a20,438,0,0,0.47311643
a20,439,0,0,0.32280257
a20,440,1,1,0.75300676
a20,441,1,1,0.70863837
a20,442,1,1,0.802454
a20,443,1,1,0.6166464
a20,445,1,1,0.59021467
a20,446,1,1,0.543584
a20,447,1,1,0.7153014
a20,448,1,1,0.76235956
a20,449,1,1,0.7422308
a20,450,1,0,0.30214298
a20,451,1,1,0.6311829
a20,452,1,0,0.26358464
a20,453,1,1,0.5825692
a20,454,1,1,0.59577024
a20,455,1,0,0.3055903
a20,456,1,1,0.8288614
a20,457,1,1,0.6484142
a20,458,1,1,0.61813813
a20,459,1,1,0.6281547
a20,460,1,1,0.83914894
a20,461,1,1,0.79289865
a20,462,1,1,0.7674109
a20,463,1,1,0.73756796
a20,464,1,1,0.66995275
a20,465,1,1,0.86237687
a20,466,1,1,0.7888167
a20,467,1,1,0.6314134
a20,468,1,1,0.5643448
a20,469,1,1,0.7357528
a20,470,1,1,0.70839804
a20,471,1,1,0.68314207
a20,472,1,1,0.8234937
a20,473,1,1,0.7928341
a20,474,1,1,0.69515735
a20,475,1,1,0.85595846
a20,476,1,1,0.6443061
a20,478,1,1,0.8465841
a20,479,1,1,0.8532299
a20,480,1,1,0.5776839
a20,481,1,1,0.80614656
a20,482,1,1,0.843308
a20,483,1,1,0.75374526
a20,484,1,1,0.60312593
a20,485,1,0,0.4588686
a20,486,1,1,0.82537913
a20,487,1,1,0.85808176
a20,488,1,0,0.3449169
a20,489,1,1,0.76667255
a20,490,1,1,0.86275214
a20,491,1,1,0.86219347
a20,492,1,1,0.7105747
a20,493,0,1,0.8696672
a20,494,0,1,0.86068714
a20,495,0,1,0.84055746
a20,496,0,1,0.8116744
a20,497,1,1,0.7586067
a20,498,1,1,0.8567218
a20,499,1,1,0.8528628
a20,500,1,1,0.5760589
a20,501,1,1,0.5553181
a20,502,1,1,0.8219051
a20,504,0,0,0.47799402
a20,505,0,1,0.52392364
a20,506,0,0,0.33204147
a20,507,0,1,0.5824149
a20,508,0,1,0.6113398
a20,509,0,1,0.8487301
b01,1,0,0,0.424817
b01,2,0,0,0.31680888
b01,3,0,0,0.24428676
b01,4,0,1,0.6536007
b01,5,1,0,0.33305126
b01,6,0,0,0.39852327
b01,7,0,0,0.47855893
b01,8,0,0,0.24856228
b01,9,0,1,0.8253805
b01,10,0,1,0.82371116
b01,11,0,0,0.35073707
b01,12,0,0,0.24974412
b01,13,0,0,0.30469066
b01,14,0,0,0.23435552
b01,15,0,0,0.21298018
b01,16,0,0,0.20313492
b01,17,0,0,0.43476933
b01,18,0,0,0.2213528
b01,19,0,0,0.34675753
b01,20,0,0,0.27470154
b01,21,0,0,0.3300652
b01,22,0,0,0.30875096
b01,23,0,1,0.69460016
b01,24,0,0,0.4092257
b01,26,0,0,0.2540432
b01,27,0,0,0.26583046
b01,28,0,1,0.72161245
b01,29,0,0,0.20926628
b01,30,0,0,0.17141202
b01,31,0,0,0.18583645
b01,33,0,0,0.21194214
b01,34,0,0,0.17460808
b01,35,0,1,0.8219125
b01,36,0,1,0.7436457
b01,37,0,0,0.43977952
b01,38,0,0,0.39100978
b01,39,0,1,0.70832175
b01,40,0,1,0.6121368
b01,41,0,1,0.6628111
b01,42,0,1,0.6648931
b01,43,0,0,0.16351147
b01,44,0,1,0.70687234
b01,45,0,1,0.53245866
b01,46,0,0,0.44824186
b01,47,0,0,0.36208698
b01,48,0,1,0.80302703
b01,49,0,0,0.16752237
b01,50,0,1,0.51215863
b01,51,0,0,0.2193391
b01,52,0,1,0.59457046
b01,53,0,0,0.28162336
b01,55,0,0,0.1906101
b01,56,0,0,0.24819489
b01,57,0,0,0.3280388
b01,58,0,0,0.29700217
b01,59,0,0,0.21857741
b01,60,0,0,0.22312832
b01,61,0,1,0.7640367
b01,62,0,1,0.7595167
b01,63,0,1,0.80319977
b01,64,0,1,0.6982431
b01,65,0,1,0.8310998
b01,66,0,1,0.8236414
b01,67,0,1,0.6911512
b01,68,0,0,0.28733635
b01,69,0,0,0.2707249
b01,70,0,0,0.14701857
b01,71,0,0,0.18046762
b01,72,0,0,0.21839337
b01,73,0,0,0.1317313
b01,74,0,0,0.17769882
b01,75,0,0,0.17788734
b01,76,0,0,0.17663205
b01,77,0,0,0.16682744
b01,78,0,0,0.1338893
b01,79,0,0,0.12698877
b01,80,0,0,0.1618393
b01,81,0,0,0.15583237
b01,82,0,0,0.15051284
b01,83,0,0,0.12870272
b01,84,0,0,0.14193447
b01,85,0,0,0.11438963
b01,86,0,0,0.15700166
b01,87,0,0,0.13681129
b01,88,0,0,0.28695276
b01,89,0,0,0.16194132
b01,90,0,0,0.13652182
b01,91,0,0,0.13605876
b01,92,0,0,0.13343322
b01,93,0,0,0.15408354
b01,94,0,0,0.1753625
b01,95,0,0,0.12926167
b01,96,0,0,0.12551491
b01,97,0,0,0.17475723
b01,98,0,1,0.80549264
b01,99,0,1,0.80838865
b01,100,0,1,0.8048249
b01,101,0,1,0.7253055
b01,102,0,1,0.7936006
b01,103,0,1,0.6497167
b01,104,0,0,0.29627204
b01,105,0,0,0.36087894
b01,106,0,0,0.19817084
b01,107,0,0,0.41323584
b01,108,0,0,0.31605682
b01,109,0,1,0.808204
b01,110,0,0,0.45554578
b01,111,0,0,0.3311594
b01,112,0,1,0.58845305
b01,113,0,1,0.6122546
b01,114,0,0,0.309024
b01,115,0,1,0.5443303
b01,116,0,0,0.15456139
b01,117,0,0,0.29323152
b01,118,0,0,0.3791494
b01,119,0,0,0.39564985
b01,120,0,0,0.1913234
b01,121,0,0,0.44854322
b01,122,0,1,0.53098166
b01,123,0,0,0.49303362
b01,124,0,0,0.24467923
b01,125,0,1,0.5181063
b01,126,0,1,0.82716924
b01,127,0,1,0.8228857
b01,128,0,1,0.6206327
b01,129,0,0,0.3481609
b01,130,0,0,0.14269291
b01,131,0,0,0.13870077
b01,132,0,0,0.21199754
b01,133,0,0,0.119857244
b01,134,0,1,0.82759017
b01,135,1,1,0.8201704
b01,136,0,0,0.12768331
b01,137,0,0,0.26512027
b01,138,0,0,0.20802937
b01,139,0,0,0.12509061
b01,140,0,0,0.20038813
b01,141,0,0,0.19584249
b01,142,0,0,0.23623571
b01,143,0,0,0.45088646
b01,144,0,0,0.16323428
b01,145,0,0,0.14479502
b01,146,0,0,0.15880299
b01,147,0,0,0.1224514
b01,148,0,0,0.3620037
b01,149,0,0,0.15169738
b01,150,0,0,0.121848464
b01,151,0,0,0.1174413
b01,152,0,0,0.1118957
b01,153,0,0,0.12775138
b01,154,0,0,0.14029676
b01,155,0,0,0.15351708
b01,156,0,0,0.13387457
b01,157,0,0,0.116132714
b01,158,0,1,0.8089027
b01,159,1,1,0.82107055
b01,160,1,1,0.81935227
b01,161,1,1,0.8115936
b01,162,1,1,0.8159499
b01,163,0,1,0.76581305
b01,164,0,1,0.81215435
b01,165,0,1,0.78852916
b01,166,0,1,0.7602269
b01,167,0,0,0.12944736
b01,168,0,1,0.7834905
b01,169,0,1,0.79408044
b01,170,0,0,0.37067762
b01,171,0,1,0.80441666
b01,172,0,1,0.5051461
b01,173,0,1,0.78011805
b01,174,0,1,0.7602335
b01,175,0,1,0.82106614
b01,176,0,1,0.8166495
b01,177,0,0,0.3318749
b01,178,0,1,0.81662303
b01,179,0,1,0.67114127
b01,180,0,1,0.7964157
b01,181,0,0,0.461812
b01,182,0,1,0.7930097
b01,183,0,1,0.7668163
b01,184,0,1,0.6135596
b01,185,0,1,0.81245095
b01,186,0,1,0.7991563
b01,187,0,1,0.6040469
b01,188,0,1,0.6511097
b01,189,0,1,0.643008
b01,190,0,1,0.5048241
b01,191,0,1,0.6902374
b01,192,0,0,0.41671178
b01,193,0,0,0.2895222
b01,194,0,0,0.31967488
b01,195,0,1,0.5020991
b01,196,0,1,0.6547529
b01,197,0,0,0.49887127
b01,198,0,0,0.37849656
b01,199,0,1,0.50762695
b01,200,0,0,0.30981493
b01,201,0,0,0.3891828
b01,202,0,0,0.2019262
b01,203,0,0,0.21068697
b01,204,0,0,0.43485036
b01,205,0,1,0.5495997
b01,206,0,0,0.4338473
b01,207,0,0,0.43086076
b01,208,0,0,0.3953063
b01,209,0,0,0.2899936
b01,210,0,0,0.466046
b01,211,0,1,0.5816071
b01,212,0,0,0.14035618
b01,213,0,0,0.46939024
b01,214,0,0,0.38495246
b01,216,0,0,0.27260563
b01,217,0,0,0.26756382
b01,218,0,1,0.8219957
b01,219,0,0,0.2467884
b01,220,0,1,0.8173592
b01,221,0,1,0.7032132
b01,222,0,1,0.5068223
b01,223,0,0,0.120901115
b01,224,0,0,0.19331391
b01,225,0,0,0.24011636
b01,226,0,0,0.17049038
b01,227,0,1,0.7938676
b01,228,0,0,0.14027357
b01,229,0,0,0.18382867
b01,230,0,0,0.13445382
b01,231,0,0,0.17244405
b01,232,0,0,0.11616138
b01,233,0,0,0.15838055
b01,234,0,0,0.15276572
b01,235,0,0,0.12042421
b01,236,0,0,0.13107856
b01,237,0,0,0.15971358
b01,238,0,0,0.14742999
b01,239,0,0,0.16302016
b01,240,0,0,0.19133848
b01,241,0,0,0.13718744
b01,242,0,0,0.19971193
b01,243,0,0,0.23228882
b01,244,0,0,0.1339232
b01,245,0,0,0.12934835
b01,246,0,0,0.20174804
b01,247,0,0,0.15752508
b01,248,0,0,0.16467744
b01,249,0,0,0.15432845
b01,250,0,0,0.16399279
b01,251,0,0,0.11617901
b01,252,0,0,0.13627207
b01,253,0,0,0.1626362
b01,254,0,0,0.13644885
b01,255,0,0,0.28066525
b01,256,0,0,0.14751932
b01,257,0,0,0.122506656
b01,258,0,0,0.15646002
b01,259,0,0,0.15487346
b01,260,0,0,0.17073117
b01,261,0,0,0.13222124
b01,262,0,0,0.17096066
b01,263,0,0,0.13882172
b01,264,0,0,0.1622283
b01,265,0,0,0.2144161
b01,266,0,0,0.16153365
b01,267,0,0,0.15721773
b01,268,0,0,0.16481288
b01,269,0,0,0.15886699
b01,270,0,0,0.13354088
b01,271,0,1,0.806441
b01,272,0,1,0.7974626
b01,273,0,1,0.7216194
b01,274,0,1,0.72097737
b01,275,0,1,0.59577405
b01,276,0,1,0.70315015
b01,277,0,1,0.7846227
b01,278,0,1,0.65629095
b01,279,0,0,0.16125189
b01,280,0,0,0.32753912
b01,281,0,0,0.3286887
b01,282,0,0,0.49336684
b01,283,0,0,0.17193274
b01,284,0,0,0.45188156
b01,285,0,1,0.59563744
b01,286,0,1,0.57968944
b01,287,0,0,0.28034437
b01,288,0,0,0.13424692
b01,289,0,0,0.2815224
b01,290,0,0,0.14942865
b01,291,0,0,0.33832705
b01,292,0,1,0.6240007
b01,293,0,0,0.3347602
b01,294,0,0,0.33255318
b01,295,0,0,0.15902534
b01,296,0,0,0.29847834
b01,297,0,1,0.5698561
b01,298,0,1,0.6876814
b01,299,0,0,0.25037116
b01,300,0,0,0.29346758
b01,301,0,1,0.5277069
b01,302,0,0,0.12939124
b01,303,0,0,0.1215037
b01,304,0,0,0.35737655
b01,305,0,1,0.82048327
b01,306,0,1,0.5431888
b01,307,0,1,0.70811373
b01,308,0,0,0.27940714
b01,309,0,0,0.17607258
b01,310,0,1,0.78967875
b01,311,0,1,0.510604
b01,312,0,1,0.670704
b01,313,0,0,0.34209338
b01,314,0,1,0.8182931
b01,315,0,0,0.44889748
b01,316,0,1,0.72036386
b01,317,0,0,0.2930309
b01,318,0,0,0.21884602
b01,319,0,0,0.4667777
b01,320,0,0,0.1621942
b01,321,0,0,0.12582822
b01,322,0,0,0.18638721
b01,323,0,0,0.16637367
b01,324,0,0,0.21883525
b01,325,0,0,0.29354227
b01,326,0,0,0.23095146
b01,327,0,0,0.1297001
b01,329,0,0,0.19344336
b01,330,0,0,0.19103742
b01,331,0,0,0.15642963
b01,332,0,0,0.16199
b01,334,0,0,0.21259725
b01,335,0,0,0.24628323
b01,338,0,1,0.81959397
b01,339,1,1,0.6425553
b01,340,0,0,0.1748045
b01,341,0,0,0.15022027
b01,342,0,0,0.23759578
b01,343,0,0,0.38339272
b01,344,0,1,0.81387126
b01,345,0,1,0.68781304
b01,346,0,1,0.7903969
b01,347,0,1,0.5284381
b01,348,0,1,0.61801755
b01,349,0,1,0.80371886
b01,350,0,1,0.79744095
b01,351,0,1,0.6857437
b01,352,0,0,0.28004363
b01,354,0,1,0.5946437
b01,355,0,1,0.50931334
b01,356,0,1,0.80462235
b01,357,0,0,0.30462074
b01,359,0,0,0.44808355
b01,360,0,1,0.5798689
b01,361,0,1,0.68857044
b01,362,0,1,0.8197409
b01,363,0,1,0.53167707
b01,364,0,1,0.5161679
b01,365,0,1,0.7284763
b01,366,0,0,0.28769597
b01,367,0,0,0.22526705
b01,368,0,1,0.79982024
b01,371,0,0,0.17957588
b01,372,0,0,0.28780332
b01,373,0,0,0.17997052
b01,374,0,0,0.21908693
b01,375,0,0,0.40331602
b01,376,0,0,0.3330222
b01,377,0,1,0.77717745
b01,378,0,0,0.44733822
b01,379,0,0,0.19047995
b01,380,0,1,0.6452676
b01,381,0,0,0.32152933
b01,382,0,1,0.53109556
b01,383,0,1,0.81111497
b01,384,0,0,0.42347586
b01,385,0,0,0.44097874
b01,387,0,0,0.45154715
b01,388,0,0,0.4537048
b01,390,0,1,0.5043907
b01,391,0,1,0.60967946
b01,393,0,0,0.273031
b01,394,0,0,0.4245658
b01,395,0,0,0.4123049
b01,396,0,0,0.47041136
b01,397,0,0,0.15192817
b01,398,0,0,0.45462185
b01,399,0,1,0.8181352
b01,400,0,1,0.8212028
b01,401,0,1,0.7915215
b01,402,0,1,0.6048838
b01,403,0,1,0.5541146
b01,404,0,1,0.505377
b01,405,0,1,0.6593933
b01,407,0,1,0.71376026
b01,408,0,0,0.25946328
b01,409,0,0,0.2998904
b01,410,0,1,0.66018337
b01,411,0,0,0.40284458
b01,412,0,1,0.77218366
b01,413,0,0,0.3510058
b01,414,0,0,0.45923218
b01,415,0,1,0.5619371
b01,416,0,0,0.3968026
b01,417,0,1,0.8135076
b01,418,0,1,0.71954435
b01,419,0,1,0.82363576
b01,420,1,1,0.8045962
b01,421,1,1,0.8105167
b01,422,0,0,0.3787961
b01,423,0,0,0.483898
b01,424,0,1,0.7900864
b01,425,1,1,0.82355624
b01,426,1,1,0.8175169
b01,427,1,1,0.81833297
b01,428,1,1,0.6071508
b01,429,1,1,0.79630554
b01,430,1,1,0.7865241
b01,431,1,1,0.8081966
b01,432,1,1,0.6898022
b01,433,1,1,0.7448117
b01,434,1,0,0.41279164
b01,436,0,1,0.8178893
b01,437,0,1,0.73053986
b01,438,0,1,0.6225788
b01,439,0,1,0.68413216
b01,440,0,0,0.48899606
b01,441,0,1,0.55050886
b01,442,0,1,0.8000655
b01,443,0,1,0.7256616
b01,444,0,0,0.36034352
b01,445,0,0,0.47693384
b01,446,0,0,0.43770716
b01,447,0,0,0.29502064
b01,448,0,0,0.22234553
b01,449,0,0,0.24411504
b01,450,0,0,0.48382673
b01,451,0,0,0.25683808
b01,452,0,0,0.33617783
b01,453,0,0,0.33765903
b01,454,0,0,0.32729337
b01,455,0,0,0.2846953
b01,456,0,0,0.2389044
b01,458,0,1,0.72594297
b01,459,0,0,0.3321538
b01,460,0,0,0.23008719
b01,461,0,0,0.2897094
b01,462,0,0,0.26942897
b01,463,0,0,0.21967624
b01,464,0,0,0.46867386
b01,465,0,0,0.24220261
b01,466,0,0,0.27671948
b01,467,0,0,0.24354558
b01,468,0,0,0.37915996
b01,469,0,0,0.2978772
b01,470,0,0,0.21129292
b01,471,0,0,0.24071534
b01,472,0,0,0.36143866
b01,473,0,1,0.66416025
b01,474,0,0,0.23662975
b01,475,0,0,0.49548754
b01,476,0,0,0.2642935
b01,477,0,0,0.36478934
b01,478,0,0,0.4369611
b01,479,0,1,0.7435017
b01,480,0,0,0.28868806
b01,481,0,0,0.4335639
b01,482,0,1,0.8117169
b01,483,0,1,0.6154173
b01,484,0,0,0.40546843
b01,485,0,1,0.81770647
b02,1,0,1,0.5411437
b02,2,0,1,0.7516449
b02,3,0,1,0.84621763
b02,4,0,1,0.56457347
b02,5,0,0,0.27081743
b02,6,0,1,0.86210114
b02,7,0,1,0.8313916
b02,8,0,1,0.5756594
b02,9,0,0,0.36062652
b02,10,0,1,0.5026411
b02,11,0,1,0.8121235
b02,12,0,1,0.6263546
b02,13,0,1,0.74640816
b02,14,0,1,0.7314194
b02,15,0,1,0.6001539
b02,16,0,1,0.7206835
b02,17,0,1,0.51998496
b02,18,0,1,0.8484639
b02,19,0,0,0.4906778
b02,20,0,1,0.58135015
b02,21,0,1,0.71221685
b02,22,0,1,0.6776602
b02,23,0,0,0.47231025
b02,24,0,1,0.5020168
b02,25,0,1,0.53685725
b02,26,0,1,0.844548
b02,27,0,1,0.61706966
b02,28,0,1,0.55209523
b02,29,0,1,0.5364861
b02,30,0,1,0.6620737
b02,31,0,1,0.70892143
b02,32,0,1,0.70226216
b02,33,0,1,0.6387434
b02,34,0,1,0.7236963
b02,35,0,1,0.7443374
b02,36,0,1,0.81269133
b02,37,0,1,0.67981714
b02,38,0,0,0.4621579
b02,39,0,1,0.5914876
b02,40,0,1,0.681829
b02,41,0,1,0.78752327
b02,42,0,1,0.8335456
b02,43,0,1,0.56134105
b02,44,0,0,0.46999902
b02,45,0,1,0.5468733
b02,46,0,1,0.53425545
b02,47,0,0,0.42897624
b02,48,0,1,0.5655846
b02,49,0,1,0.5499562
b02,50,0,1,0.829602
b02,52,0,1,0.81149113
b02,53,0,1,0.58624274
b02,54,0,1,0.55999535
b02,55,0,1,0.5691387
b02,56,0,1,0.60489094
b02,57,0,1,0.7218069
b02,58,0,1,0.6326177
b02,59,0,0,0.23555271
b02,60,0,0,0.3376293
b02,61,0,1,0.66061735
b02,62,0,1,0.5712836
b02,63,0,0,0.12120893
b02,64,0,0,0.44673473
b02,65,0,1,0.6882363
b02,66,0,1,0.7282734
b02,67,0,0,0.44924447
b02,68,0,0,0.23644891
b02,69,0,1,0.7419098
b02,70,0,1,0.566373
b02,71,0,0,0.36514008
b02,72,0,0,0.12605892
b02,73,0,0,0.11497042
b02,74,0,0,0.46279952
b02,75,0,0,0.15175225
b02,76,0,0,0.27772745
b02,77,0,1,0.58732724
b02,78,1,1,0.85651016
b02,79,1,1,0.85795605
b02,80,1,1,0.662928
b02,81,1,1,0.7871571
b02,82,1,1,0.85323006
b02,83,1,1,0.85154456
b02,84,1,1,0.8610267
b02,85,1,1,0.8556423
b02,86,1,1,0.845778
b02,87,1,1,0.861034
b02,88,1,1,0.80903834
b02,89,1,1,0.8328633
b02,90,1,1,0.85107
b02,91,1,1,0.85213155
b02,92,1,1,0.8584011
b02,93,1,1,0.86238074
b02,94,1,1,0.8603083
b02,95,1,1,0.84968096
b02,96,1,1,0.84218657
b02,97,1,1,0.8549276
b02,98,1,1,0.85902655
b02,99,1,1,0.8472062
b02,100,1,1,0.7606786
b02,101,0,1,0.84824216
b02,102,0,1,0.78520715
b02,103,0,1,0.54314744
b02,104,0,0,0.31295565
b02,105,0,1,0.6812566
b02,106,0,1,0.7309175
b02,107,0,1,0.5738865
b02,108,0,0,0.37262723
b02,109,0,0,0.37614828
b02,110,0,1,0.58859724
b02,111,0,1,0.57680166
b02,112,0,1,0.8243569
b02,113,0,1,0.50966924
b02,114,0,1,0.74795914
b02,115,0,1,0.8213476
b02,116,0,1,0.64473224
b02,117,0,1,0.7178508
b02,118,0,1,0.7878315
b02,119,0,1,0.84219134
b02,120,0,0,0.47481334
b02,121,0,1,0.82995045
b02,122,0,1,0.742996
b02,123,0,0,0.4475704
b02,124,0,1,0.65970504
b02,125,0,1,0.6208654
b02,126,0,1,0.7205252
b02,127,0,1,0.8026325
b02,128,0,1,0.85045964
b02,129,0,1,0.73726076
b02,130,0,1,0.5026755
b02,131,0,1,0.84591335
b02,132,0,1,0.6805297
b02,133,0,1,0.8348712
b02,134,0,1,0.68935007
b02,135,0,1,0.6239988
b02,136,0,1,0.8133992
b02,137,0,1,0.8255528
b02,138,0,1,0.82259756
b02,139,1,1,0.7866114
b02,140,0,1,0.5980151
b02,141,0,1,0.6197075
b02,142,0,0,0.29145813
b02,143,0,1,0.6318208
b02,144,0,0,0.25677297
b02,145,0,0,0.2878932
b02,146,0,1,0.51796347
b02,147,0,0,0.49757648
b02,148,0,0,0.37249154
b02,149,0,0,0.30140242
b02,150,0,0,0.15002084
b02,151,0,0,0.47396553
b02,152,0,0,0.325351
b02,153,0,0,0.18694651
b02,154,0,0,0.15969704
b02,155,0,0,0.30940852
b02,156,0,0,0.30037794
b02,157,0,1,0.67365724
b02,158,1,1,0.85833144
b02,159,1,1,0.84948206
b02,160,1,1,0.7221342
b02,161,0,0,0.24597126
b02,162,0,0,0.33360425
b02,163,0,0,0.28585634
b02,164,0,0,0.15493895
b02,165,0,0,0.1524193
b02,166,0,0,0.28664654
b02,167,0,0,0.42541826
b02,168,0,0,0.27298495
b02,169,0,1,0.8539614
b02,170,0,1,0.85799205
b02,171,0,1,0.84051406
b02,172,0,1,0.8478429
b02,173,0,1,0.7148531
b02,174,0,0,0.29351646
b02,175,0,0,0.44342473
b02,176,0,0,0.44600585
b02,177,0,0,0.49387878
b02,178,0,0,0.2925968
b02,179,0,0,0.3502238
b02,180,0,1,0.5566608
b02,181,0,0,0.20796736
b02,182,0,0,0.38289118
b02,183,0,0,0.1907533
b02,184,0,0,0.08939806
b02,185,0,0,0.24404895
b02,186,0,0,0.20598288
b02,187,0,0,0.13626213
b02,188,0,0,0.26995888
b02,189,0,0,0.30718154
b02,190,0,0,0.19524443
b02,191,0,0,0.1978707
b02,192,0,0,0.16661616
b02,193,0,1,0.80976605
b02,194,1,1,0.69569546
b02,195,0,1,0.6770384
b02,196,0,1,0.80896276
b02,197,0,1,0.77262944
b02,198,0,1,0.82898164
b02,199,0,1,0.57959545
b02,200,0,1,0.5515606
b02,201,0,1,0.6422083
b02,202,0,1,0.59854615
b02,203,0,1,0.58314574
b02,204,0,1,0.6906646
b02,205,0,0,0.43166766
b02,206,0,1,0.6844218
b02,207,0,1,0.6449455
b02,208,0,1,0.61792165
b02,209,0,0,0.33010978
b02,210,0,1,0.56908303
b02,211,0,1,0.6580793
b02,212,0,0,0.32380176
b02,213,0,1,0.55810857
b02,214,0,0,0.25975394
b02,215,0,1,0.76805884
b02,216,0,1,0.8595124
b02,217,0,0,0.49853262
b02,218,0,1,0.5708372
b02,219,0,1,0.75651556
b02,220,0,1,0.7737848
b02,221,0,1,0.79000264
b02,222,0,1,0.8308111
b02,223,1,1,0.84328425
b02,224,1,1,0.85158473
b02,225,1,1,0.8470548
b02,226,1,1,0.84918374
b02,227,1,1,0.8428566
b02,228,1,1,0.7876489
b02,229,1,1,0.8313886
b02,230,1,1,0.6566232
b02,231,0,1,0.6079301
b02,232,0,1,0.5121953
b02,233,0,1,0.72671336
b02,234,0,1,0.7537792
b02,235,0,1,0.7966733
b02,236,0,1,0.73323953
b02,237,0,1,0.81424266
b02,238,0,1,0.6848391
b02,239,0,0,0.22590363
b02,240,0,0,0.46390322
b02,241,0,1,0.681737
b02,242,0,1,0.58841515
b02,243,0,0,0.12235397
b02,244,0,1,0.6568526
b02,245,0,1,0.59648633
b02,246,0,0,0.39337653
b02,247,0,0,0.3916828
b02,248,0,1,0.7433534
b02,249,0,1,0.61340827
b02,250,0,1,0.5330399
b02,251,0,0,0.27372077
b02,252,0,1,0.6328219
b02,253,0,0,0.31375974
b02,254,0,1,0.6454366
b02,255,0,1,0.58625746
b02,256,0,0,0.40517
b02,257,0,0,0.25970677
b02,258,0,0,0.3997846
b02,259,0,1,0.711837
b02,260,0,0,0.408429
b02,261,0,1,0.5893273
b02,262,0,1,0.62157184
b02,263,0,1,0.82986623
b02,264,1,1,0.8588763
b02,265,1,1,0.8436424
b02,266,1,1,0.8445002
b02,267,0,1,0.82526714
b02,268,0,0,0.49014884
b02,269,0,1,0.8107976
b02,270,0,1,0.6096605
b02,271,0,1,0.6826335
b02,272,0,1,0.6934859
b02,273,0,1,0.7117526
b02,274,0,1,0.55700964
b02,275,0,1,0.5382181
b02,276,0,1,0.7256566
b02,277,0,0,0.29995948
b02,278,0,1,0.83862555
b02,279,0,1,0.8275848
b02,280,0,1,0.807424
b02,281,1,1,0.7544681
b02,282,1,1,0.85999554
b02,283,1,1,0.7422203
b02,284,0,1,0.7110411
b02,285,0,1,0.6420931
b02,286,0,1,0.82075006
b02,287,0,1,0.6999041
b02,288,0,1,0.6572439
b02,289,0,1,0.6215193
b02,290,0,1,0.6508767
b02,291,0,1,0.65931666
b02,292,0,1,0.74013627
b02,293,0,1,0.6483735
b02,294,0,1,0.5227801
b02,295,0,1,0.6434519
b02,296,0,0,0.39658782
b02,297,0,1,0.5311862
b02,298,0,1,0.5031032
b02,299,0,1,0.8048007
b02,300,0,1,0.81145173
b02,301,0,1,0.56036574
b02,302,0,1,0.6820099
b02,303,0,1,0.7081659
b02,304,0,1,0.6666335
b02,305,0,0,0.45600882
b02,306,0,0,0.49370947
b02,307,0,1,0.5664724
b02,308,0,1,0.6811628
b02,309,0,1,0.6970446
b02,310,0,1,0.59090585
b02,311,0,0,0.21229179
b02,312,0,1,0.50321525
b02,313,0,1,0.66782475
b02,314,0,1,0.5074402
b02,315,0,1,0.5779792
b02,316,0,0,0.49941072
b02,317,0,0,0.33234465
b02,318,0,1,0.55946
b02,319,0,1,0.7135235
b02,320,0,1,0.7704723
b02,321,0,0,0.4919965
b02,322,0,1,0.553566
b02,323,0,1,0.6920089
b02,324,0,1,0.5627927
b02,325,0,1,0.55157584
b02,326,0,1,0.66088474
b02,327,0,1,0.58195525
b02,328,0,1,0.6194157
b02,329,0,1,0.66767335
b02,330,0,0,0.25988033
b02,331,0,1,0.58586836
b02,332,0,1,0.7171533
b02,333,0,1,0.67323434
b02,334,0,0,0.43493783
b02,335,0,1,0.66362345
b02,336,0,1,0.61884177
b02,337,0,1,0.5683175
b02,338,0,1,0.8260422
b02,339,0,1,0.773461
b02,340,0,1,0.8434564
b02,341,0,1,0.815411
b02,342,0,1,0.71343994
b02,343,1,1,0.85109407
b02,344,1,1,0.8436245
b02,345,1,1,0.8423266
b02,346,1,0,0.3768131
b02,347,1,1,0.8534891
b02,348,1,1,0.7264869
b02,349,1,1,0.7579165
b02,350,1,1,0.85482067
b02,351,1,1,0.8556349
b02,352,1,1,0.8488401
b02,353,1,1,0.8610419
b02,354,1,1,0.86152583
b02,355,1,1,0.8722137
b02,356,1,1,0.8463795
b02,357,1,1,0.74584615
b02,358,0,1,0.8623905
b02,359,0,1,0.8525263
b02,360,0,1,0.6650151
b02,361,0,1,0.5903537
b02,362,0,1,0.69355035
b02,363,0,1,0.7122642
b02,364,0,1,0.5192393
b02,365,0,0,0.37666553
b02,366,0,1,0.84003216
b02,367,1,1,0.8504078
b02,368,1,1,0.7352148
b02,369,0,0,0.3120446
b02,370,0,1,0.6789474
b02,371,0,0,0.40162063
b02,372,0,0,0.46666646
b02,373,0,1,0.73517567
b02,374,0,0,0.47060364
b02,375,0,0,0.407113
b02,376,0,1,0.5532328
b02,377,0,0,0.1955177
b02,378,0,0,0.42894492
b02,379,0,0,0.34066853
b02,380,0,1,0.71639353
b02,381,0,0,0.3134986
b02,382,0,0,0.4379424
b02,383,0,1,0.6903626
b02,384,0,1,0.6376177
b02,385,0,1,0.697311
b02,386,0,1,0.7506618
b02,387,0,0,0.13523957
b02,388,0,1,0.84508866
b02,389,0,1,0.60964936
b02,390,0,0,0.31710157
b02,391,0,1,0.8319497
b02,392,0,1,0.8373119
b02,393,0,1,0.7381914
b02,394,0,1,0.6422979
b02,395,0,1,0.85519606
b02,396,0,1,0.7416694
b02,397,0,1,0.8519751
b02,398,0,1,0.63227826
b02,399,0,1,0.82448554
b02,400,0,1,0.83396226
b02,401,0,1,0.51043004
b02,402,0,1,0.74444395
b02,403,0,1,0.83409923
b02,404,0,1,0.7785125
b02,405,0,1,0.84770685
b02,406,0,1,0.8337586
b02,407,0,1,0.8089831
b02,408,0,1,0.55962247
b02,409,0,0,0.32511634
b02,410,0,1,0.726942
b02,411,0,1,0.8525236
b02,412,0,0,0.46061394
b02,413,0,0,0.21599343
b02,414,0,1,0.8201438
b02,415,0,1,0.7671907
b02,416,0,1,0.7691408
b02,417,0,1,0.8308398
b02,418,0,1,0.78644073
b02,419,0,1,0.8612455
b02,420,0,1,0.7844769
b02,421,1,1,0.8542119
b02,422,1,1,0.8532839
b02,423,1,1,0.85777533
b02,424,1,1,0.8671778
b02,425,1,1,0.8353144
b02,426,1,1,0.8568898
b02,427,1,1,0.8226636
b02,428,1,1,0.84899473
b02,429,1,1,0.75962615
b02,430,1,1,0.8596754
b02,431,1,1,0.86799765
b02,432,1,1,0.8592507
b02,433,1,1,0.8107298
b02,434,1,1,0.8506368
b02,435,1,1,0.83495754
b02,436,1,1,0.8549032
b02,437,1,1,0.8667615
b02,438,1,1,0.8168592
b02,439,1,1,0.6055538
b02,440,0,1,0.54471195
b02,441,0,0,0.4539402
b02,442,1,1,0.86152965
b02,443,1,1,0.85999817
b02,444,1,1,0.85337776
b02,445,1,1,0.8428506
b02,446,1,1,0.8345432
b02,447,1,1,0.821798
b02,449,0,0,0.4255062
b02,450,0,0,0.46159655
b02,451,0,1,0.829809
b02,452,1,1,0.8308295
b02,453,1,1,0.7613951
b02,454,1,1,0.74347335
b02,455,0,0,0.44843945
b02,456,0,1,0.5776838
b02,457,0,0,0.18438922
b02,459,0,1,0.6142263
b02,460,0,1,0.782461
b02,461,0,1,0.8408874
b02,462,0,1,0.54000837
b02,463,0,1,0.79092604
b02,465,0,0,0.30028453
b02,466,0,1,0.8485015
b02,467,0,0,0.33829582
b02,469,0,1,0.6502192
b02,470,0,1,0.85311466
b02,471,0,1,0.74235064
b02,472,0,1,0.59366244
b02,473,0,1,0.85892826
b02,474,1,1,0.85656804
b02,475,1,1,0.85970134
b02,476,1,1,0.8377518
b02,477,1,1,0.79948777
b02,478,1,1,0.8596617
b02,479,1,1,0.8208802
b02,480,0,1,0.5962035
b02,481,0,1,0.5896763
b02,482,0,1,0.8410701
b02,483,0,1,0.61478764
b02,484,0,1,0.652038
b02,485,0,1,0.6681552
b02,486,0,1,0.6112328
b02,487,0,1,0.63358825
b02,488,0,1,0.63803124
b02,489,0,1,0.6881637
b02,490,0,1,0.6740019
b02,491,0,1,0.84491605
b02,492,0,1,0.63649946
b02,493,0,1,0.7018975
b02,494,0,1,0.66834086
b02,495,0,1,0.57595515
b02,496,0,1,0.6864888
b02,497,0,1,0.6476178
b02,498,0,1,0.8533821
b02,499,0,1,0.7983782
b02,500,0,0,0.22581536
b02,501,0,1,0.6170676
b02,502,0,1,0.5797787
b02,503,0,1,0.6238027
b02,504,0,1,0.8359375
b02,505,0,1,0.6135179
b02,506,0,1,0.59073895
b02,507,0,1,0.83636403
b02,508,0,1,0.5760792
b02,509,0,1,0.5609918
b02,510,0,0,0.4433924
b02,511,0,1,0.65110344
b02,512,0,1,0.8420282
b02,513,0,1,0.8267095
b02,514,0,1,0.67036515
b02,515,0,1,0.8152593
b02,516,0,1,0.59862775
b03,1,0,0,0.12258528
b03,2,0,1,0.54834735
b03,3,0,1,0.5209789
b03,4,0,0,0.48600227
b03,5,0,0,0.3647744
b03,6,0,0,0.3769132
b03,7,0,1,0.56754667
b03,8,0,1,0.67102003
b03,9,0,0,0.15471104
b03,10,0,0,0.48918974
b03,12,0,1,0.5984274
b03,13,0,1,0.72221684
b03,14,0,0,0.38110524
b03,15,0,1,0.7119434
b03,16,0,0,0.32281765
b03,17,0,1,0.74964386
b03,18,0,1,0.5584296
b03,19,0,0,0.4237501
b03,20,0,0,0.4357807
b03,21,0,0,0.31107396
b03,22,0,0,0.49127206
b03,23,0,0,0.49914572
b03,24,0,0,0.3626083
b03,25,0,0,0.4010299
b03,26,0,1,0.5681709
b03,27,0,0,0.22475155
b03,28,0,0,0.44957495
b03,29,0,1,0.70348567
b03,31,0,1,0.5436968
b03,32,0,1,0.586633
b03,33,0,1,0.5280866
b03,34,0,0,0.3509683
b03,35,0,0,0.34414667
b03,36,0,0,0.4629338
b03,37,0,0,0.12928993
b03,38,0,1,0.5184925
b03,39,0,1,0.6511568
b03,40,0,1,0.5321611
b03,41,0,1,0.6507628
b03,42,0,0,0.45327485
b03,43,0,0,0.45283392
b03,44,0,1,0.62179863
b03,45,0,0,0.49586958
b03,46,0,1,0.5563538
b03,47,0,0,0.47341922
b03,48,0,0,0.43524647
b03,49,0,0,0.48352647
b03,50,0,1,0.50537306
b03,51,0,0,0.34486285
b03,52,0,0,0.37914395
b03,53,0,0,0.48130924
b03,54,0,0,0.40102664
b03,55,0,1,0.5549064
b03,56,0,0,0.4811726
b03,57,0,0,0.36831853
b03,58,0,0,0.17112209
b03,59,0,1,0.5617736
b03,60,0,1,0.55032194
b03,61,0,1,0.57488674
b03,62,0,1,0.5384167
b03,63,0,0,0.25494438
b03,64,0,0,0.36887932
b03,65,0,0,0.39768183
b03,66,0,0,0.25777668
b03,67,0,0,0.111133955
b03,68,0,1,0.5467799
b03,69,0,1,0.67367435
b03,70,0,0,0.42926732
b03,71,0,1,0.66132027
b03,72,0,0,0.18732654
b03,73,0,0,0.39350265
b03,74,0,0,0.42252088
b03,75,0,0,0.2437406
b03,76,0,0,0.49772775
b03,77,0,0,0.42802638
b03,78,0,0,0.2613146
b03,79,0,0,0.35644034
b03,80,0,0,0.30775556
b03,81,0,0,0.2645548
b03,82,0,0,0.45029894
b03,83,0,0,0.24269012
b03,84,0,0,0.46561876
b03,85,0,0,0.28705552
b03,86,0,0,0.25213015
b03,87,0,0,0.3424344
b03,88,0,1,0.56121194
b03,89,0,0,0.39611092
b03,90,0,0,0.18479958
b03,91,0,0,0.44570318
b03,92,0,0,0.2807261
b03,93,0,1,0.62125313
b03,94,0,0,0.43457714
b03,95,0,1,0.568352
b03,96,0,1,0.5732576
b03,97,0,1,0.65850204
b03,98,1,1,0.75876224
b03,99,1,1,0.63079864
b03,100,1,1,0.6246127
b03,101,1,1,0.7182487
b03,102,1,1,0.62491435
b03,103,0,1,0.65473473
b03,104,0,1,0.50871223
b03,105,0,0,0.3236466
b03,106,0,0,0.4967278
b03,107,0,0,0.39074555
b03,108,0,1,0.50850207
b03,109,0,0,0.42119378
b03,110,0,0,0.4386047
b03,111,0,0,0.28092283
b03,112,0,0,0.29952642
b03,113,0,0,0.2732864
b03,114,0,1,0.51765144
b03,115,0,0,0.36647287
b03,116,0,0,0.13525674
b03,117,0,0,0.17066756
b03,118,0,0,0.14825223
b03,119,0,0,0.24375172
b03,120,0,0,0.12957557
b03,121,0,0,0.2328148
b03,122,0,0,0.19445227
b03,123,0,0,0.1297184
b03,124,0,0,0.080693506
b03,125,0,0,0.24282035
b03,126,0,0,0.16609934
b03,127,0,0,0.19179231
b03,128,0,0,0.20958555
b03,129,0,0,0.34841356
b03,130,0,0,0.24552022
b03,131,0,0,0.082983784
b03,132,0,0,0.40041628
b03,133,0,0,0.24378648
b03,134,0,1,0.6281291
b03,135,0,1,0.80488116
b03,136,0,1,0.6936212
b03,137,0,1,0.65573233
b03,138,0,0,0.2575048
b03,139,0,0,0.16852014
b03,140,0,0,0.37271163
b03,141,0,0,0.08723293
b03,142,0,1,0.5380995
b03,143,0,1,0.6295232
b03,144,0,0,0.28546637
b03,145,0,1,0.59499764
b03,146,0,0,0.49675405
b03,147,0,1,0.5110241
b03,148,0,1,0.5567172
b03,149,0,0,0.4265361
b03,150,0,0,0.46618152
b03,151,0,0,0.24827504
b03,152,0,0,0.41852513
b03,153,0,0,0.092057645
b03,154,0,0,0.2677406
b03,155,0,0,0.45981988
b03,156,0,1,0.6451405
b03,157,0,0,0.15110299
b03,158,0,0,0.25222403
b03,159,0,0,0.4752368
b03,160,0,1,0.7596547
b03,161,0,1,0.6381238
b03,162,0,1,0.5677028
b03,163,0,1,0.64159405
b03,164,1,1,0.7156576
b03,165,1,1,0.6249481
b03,166,1,1,0.72727734
b03,167,1,1,0.68565154
b03,168,1,1,0.7705527
b03,169,1,1,0.77602196
b03,170,1,1,0.79247946
b03,171,1,1,0.7739909
b03,172,1,1,0.67213106
b03,173,0,1,0.7682756
b03,174,0,1,0.5744519
b03,175,0,1,0.5771231
b03,176,0,0,0.33674
b03,177,0,0,0.2079137
b03,178,0,1,0.61701196
b03,179,0,0,0.41393763
b03,180,0,0,0.4583712
b03,181,0,0,0.46760723
b03,182,0,0,0.13687995
b03,183,0,1,0.5562354
b03,184,0,0,0.47240376
b03,185,0,0,0.47921863
b03,186,0,0,0.22671321
b03,187,0,0,0.27049783
b03,188,0,0,0.22345579
b03,189,0,0,0.1974544
b03,190,0,1,0.5884128
b03,191,0,1,0.5393306
b03,192,0,0,0.2176577
b03,193,0,0,0.23622051
b03,194,0,0,0.2964393
b03,195,0,0,0.21411099
b03,196,0,0,0.19946563
b03,197,0,0,0.29084462
b03,198,0,1,0.63298243
b03,199,0,1,0.68976265
b03,200,0,1,0.5103508
b03,201,0,0,0.3638158
b03,202,0,0,0.34324124
b03,203,0,0,0.2501602
b03,204,0,0,0.17516449
b03,205,0,0,0.16768779
b03,206,0,0,0.25313476
b03,207,0,0,0.10586277
b03,208,0,1,0.6954807
b03,209,0,0,0.49311545
b03,210,0,0,0.48505035
b03,211,0,0,0.32611918
b03,212,0,1,0.5752517
b03,213,0,1,0.50025946
b03,214,0,0,0.31112987
b03,215,0,0,0.4571648
b03,216,0,1,0.50684756
b03,217,0,1,0.63373333
b03,218,0,1,0.5511988
b03,219,0,0,0.33193657
b03,220,0,0,0.48428604
b03,221,0,0,0.30764207
b03,222,0,1,0.64377075
b03,223,0,1,0.6142141
b03,224,0,1,0.6406388
b03,225,1,1,0.632562
b03,226,1,1,0.75763637
b03,227,1,1,0.7707536
b03,228,1,1,0.79245096
b03,229,1,1,0.74470294
b03,230,1,1,0.5457573
b03,231,1,1,0.7422252
b03,232,1,1,0.7877439
b03,233,1,1,0.6719376
b03,234,1,1,0.7225875
b03,235,1,1,0.7652934
b03,236,1,1,0.66341645
b03,237,1,1,0.66735816
b03,238,1,1,0.7947658
b03,239,1,1,0.65196216
b03,240,0,1,0.65140414
b03,241,0,1,0.73001504
b03,242,0,1,0.59376603
b03,243,0,1,0.7840385
b03,244,0,1,0.7766863
b03,245,0,1,0.6175131
b03,246,0,1,0.63221806
b03,247,0,0,0.41362986
b03,248,0,0,0.49141836
b03,249,0,1,0.5476002
b03,250,0,0,0.47174653
b03,251,0,0,0.4610475
b03,252,0,0,0.42951947
b03,253,0,1,0.64344895
b03,254,0,1,0.56520104
b03,255,0,0,0.32648858
b03,256,0,1,0.7463665
b03,257,1,1,0.7332216
b03,258,0,1,0.7338386
b03,259,0,1,0.65585274
b03,260,0,1,0.72735
b03,261,0,1,0.50569683
b03,262,0,0,0.42481703
b03,263,0,1,0.6650408
b03,264,0,1,0.7665063
b03,265,1,1,0.7808535
b03,266,0,1,0.7125127
b03,267,0,1,0.6053085
b03,268,0,0,0.45440534
b03,269,0,0,0.12325878
b03,270,0,0,0.29777426
b03,271,0,1,0.61035204
b03,272,0,1,0.69142497
b03,273,0,1,0.66440845
b03,274,0,0,0.42471126
b03,275,0,0,0.3414638
b03,276,0,0,0.21451353
b03,277,0,0,0.43076742
b03,278,0,1,0.500106
b03,279,0,0,0.18431394
b03,280,0,0,0.12282015
b03,281,0,0,0.1818705
b03,282,0,1,0.5306746
b03,283,0,0,0.43804485
b03,284,0,1,0.5482203
b03,285,0,1,0.65798193
b03,286,0,0,0.47668758
b03,287,0,0,0.46492034
b03,288,0,0,0.25256506
b03,289,0,0,0.46448466
b03,290,0,1,0.508014
b03,291,0,1,0.56839925
b03,292,0,1,0.65398663
b03,293,0,0,0.406536
b03,294,0,1,0.59001034
b03,295,0,0,0.4002762
b03,296,0,1,0.51071244
b03,297,0,1,0.64021623
b03,298,0,1,0.54005706
b03,299,0,0,0.4733471
b03,300,0,0,0.27911264
b03,301,0,1,0.55312514
b03,302,0,1,0.52549326
b03,303,0,1,0.6705467
b03,304,0,1,0.56965065
b03,305,0,1,0.6710603
b03,306,0,1,0.64843744
b03,307,0,0,0.46618667
b03,308,1,1,0.78433216
b03,309,1,1,0.7664419
b03,310,1,1,0.747192
b03,311,1,1,0.63376063
b03,312,0,0,0.13070035
b03,313,0,1,0.6678345
b03,314,1,1,0.5163389
b03,315,0,1,0.5372587
b03,316,0,0,0.48084277
b03,317,0,0,0.39091933
b03,318,0,1,0.53368205
b03,319,0,1,0.5165372
b03,320,0,1,0.55971265
b03,321,0,1,0.6114819
b03,322,0,1,0.52560693
b03,323,0,1,0.5960073
b03,324,0,0,0.3689139
b03,325,0,1,0.5748981
b03,326,0,0,0.13729145
b03,327,0,1,0.5024941
b03,328,0,1,0.51237386
b03,329,0,1,0.6470199
b03,330,0,0,0.48271945
b03,331,0,0,0.4610928
b03,332,0,0,0.29611313
b03,333,0,0,0.13677908
b03,334,0,0,0.29419777
b03,335,0,1,0.60383135
b03,336,0,0,0.37922496
b03,337,0,1,0.5542494
b03,338,0,1,0.5959548
b03,339,0,0,0.15289572
b03,340,0,0,0.21935989
b03,341,0,0,0.1916572
b03,342,0,0,0.35392773
b03,343,0,0,0.101571776
b03,344,0,0,0.17230286
b03,345,0,0,0.44879803
b03,346,0,0,0.37773085
b03,347,0,0,0.20239854
b03,348,0,0,0.08839709
b03,349,0,0,0.11465047
b03,350,0,0,0.16266227
b03,351,0,0,0.38262123
b03,352,0,1,0.6150506
b03,353,0,0,0.29287386
b03,354,0,1,0.5758199
b03,355,0,0,0.15852143
b03,356,0,0,0.36113274
b03,357,0,0,0.15940887
b03,358,0,1,0.77140725
b03,359,0,1,0.6880878
b03,360,0,1,0.54868686
b03,361,0,1,0.6360312
b03,362,0,1,0.6027756
b03,363,0,0,0.4726745
b03,364,0,0,0.1550914
b03,365,0,1,0.51801264
b03,366,0,0,0.4715292
b03,367,0,0,0.34496677
b03,368,0,1,0.608389
b03,369,0,0,0.40864566
b03,370,0,1,0.6351502
b03,371,0,0,0.46019134
b03,372,0,1,0.5890306
b03,373,0,1,0.7813561
b03,374,1,1,0.7764925
b03,375,1,1,0.8071931
b03,376,1,1,0.7772688
b03,377,1,1,0.73281664
b03,378,1,1,0.78261304
b03,379,1,1,0.7282562
b03,380,1,1,0.7906984
b03,381,1,1,0.732532
b03,382,1,1,0.770153
b03,383,1,1,0.78612876
b03,384,1,1,0.7656398
b03,385,1,1,0.779581
b03,386,1,1,0.6517127
b03,387,1,1,0.77951014
b03,388,1,1,0.7754965
b03,389,1,1,0.7859909
b03,390,1,1,0.7568047
b03,391,1,1,0.7711217
b03,392,1,1,0.7143391
b03,393,1,1,0.78022736
b03,394,1,1,0.8092053
b03,395,1,1,0.6372881
b03,396,1,1,0.7052615
b03,397,1,1,0.80957884
b03,398,1,1,0.774077
b03,399,1,1,0.77618307
b03,400,1,1,0.58535916
b03,401,1,1,0.79975927
b03,402,1,1,0.787949
b03,403,0,1,0.6691845
b03,404,0,1,0.68206173
b03,405,0,1,0.74184936
b03,406,0,1,0.6255625
b03,407,0,1,0.6432894
b03,408,0,1,0.662005
b03,409,0,1,0.61725837
b03,410,0,1,0.51460516
b03,411,0,1,0.6764012
b03,412,0,1,0.53336203
b03,413,0,1,0.7358562
b03,414,0,1,0.6611398
b03,415,0,1,0.5663504
b03,416,0,1,0.66245395
b03,417,0,0,0.4596219
b03,418,0,1,0.6450959
b03,420,0,1,0.809473
b03,421,0,0,0.36879635
b03,422,0,1,0.60996866
b03,423,0,1,0.66471744
b03,424,0,1,0.7919269
b03,425,1,1,0.7489988
b03,426,0,1,0.7523778
b03,427,0,1,0.7829685
b03,429,0,1,0.77692556
b03,430,1,0,0.44673607
b03,431,0,1,0.8103307
b03,432,0,1,0.74348634
b03,433,0,1,0.78653044
b03,434,1,1,0.79499066
b03,435,1,1,0.6903705
b03,436,1,1,0.75605696
b03,437,1,1,0.5897013
b03,438,1,1,0.76778823
b03,439,1,1,0.6711177
b03,440,0,1,0.7463459
b04,3,0,0,2.1740896e-05
b04,8,0,0,2.863101e-10
b04,9,0,0,0.48296657
b04,10,0,0,0.4606219
b04,11,0,0,0.4898425
b04,12,0,0,0.46117982
b04,13,0,1,0.54686135
b04,14,0,0,0.4786684
b04,15,0,1,0.50310564
b04,16,0,0,0.49473706
b04,17,0,0,0.32747898
b04,18,0,0,0.43001103
b04,19,0,1,0.57876647
b04,20,0,0,0.31895247
b04,21,0,0,0.4689667
b04,22,0,0,0.4570479
b04,23,0,0,0.24777609
b04,24,0,0,0.18576454
b04,25,0,1,0.57817733
b04,26,0,0,0.44327435
b04,27,0,0,0.40921867
b04,28,0,1,0.603717
b04,29,0,1,0.58416766
b04,30,0,1,0.50505036
b04,31,0,0,0.381884
b04,32,0,1,0.57205534
b04,33,0,0,0.3177987
b04,34,0,0,0.25818914
b04,35,0,0,0.19320792
b04,36,0,1,0.5232162
b04,37,0,0,0.3943197
b04,38,0,1,0.57316244
b04,39,0,0,0.47165433
b04,40,0,0,0.43687326
b04,41,0,0,0.36400282
b04,42,0,0,0.27516705
b04,43,0,0,0.14168422
b04,44,0,0,0.27755523
b04,45,0,0,0.42174274
b04,46,0,0,0.2027475
b04,47,0,0,0.19853659
b04,48,0,0,0.34709778
b04,49,0,0,0.28537044
b04,50,0,1,0.78384846
b04,51,0,0,0.38615113
b04,52,0,0,0.31061667
b04,53,0,0,0.30518562
b04,54,0,1,0.70547056
b04,55,0,0,0.4652104
b04,56,0,0,0.4813643
b04,57,0,0,0.38809693
b04,58,0,0,0.3121842
b04,59,0,0,0.18546142
b04,61,0,0,0.44292912
b04,62,0,0,0.32714173
b04,63,0,0,0.14938378
b04,64,0,0,0.3485892
b04,65,0,0,0.44775552
b04,66,0,0,0.44445157
b04,67,0,0,0.32952183
b04,68,0,0,0.36969712
b04,69,0,0,0.47983864
b04,70,0,1,0.6898163
b04,71,0,0,0.28526136
b04,72,0,0,0.41158167
b04,73,0,1,0.6833604
b04,74,0,1,0.5592882
b04,75,0,0,0.2900095
b04,76,0,0,0.17518456
b04,78,0,0,0.42087927
b04,79,0,0,0.16958882
b04,80,0,0,0.2647325
b04,81,0,0,0.23051746
b04,82,0,0,0.34798574
b04,83,0,0,0.37662116
b04,84,0,0,0.44329324
b04,85,0,0,0.45321897
b04,86,0,0,0.30809784
b04,87,0,0,0.47942364
b04,88,0,0,0.26301876
b04,89,0,0,0.30783486
b04,90,0,0,0.37304392
b04,91,0,0,0.285707
b04,92,0,0,0.26816767
b04,93,0,0,0.257234
b04,94,0,0,0.36279875
b04,95,0,0,0.32998985
b04,96,0,0,0.35068822
b04,97,0,0,0.27674302
b04,98,0,0,0.39466694
b04,99,0,0,0.3426851
b04,100,0,0,0.23098534
b04,101,0,0,0.24803779
b04,102,0,0,0.3100613
b04,103,0,0,0.27013382
b04,104,0,1,0.62557644
b04,105,0,1,0.8028345
b04,106,0,1,0.58751893
b04,107,0,0,0.26806802
b04,108,0,1,0.6279905
b04,109,0,0,0.42715043
b04,110,0,0,0.33703277
b04,111,0,0,0.20965423
b04,112,0,0,0.37931547
b04,113,0,0,0.24778935
b04,114,0,1,0.7626791
b04,115,0,1,0.85411036
b04,116,0,0,0.48596284
b04,117,0,1,0.55541486
b04,118,0,0,0.44655067
b04,119,0,0,0.34054062
b04,120,0,1,0.59168255
b04,121,0,1,0.84894216
b04,122,0,0,0.30146816
b04,123,0,1,0.707439
b04,124,0,1,0.55544853
b04,125,0,1,0.7592458
b04,126,0,1,0.52590543
b04,127,0,0,0.18878879
b04,128,0,0,0.29745117
b04,129,0,0,0.3282167
b04,130,0,1,0.7335073
b04,131,0,1,0.72965693
b04,132,0,1,0.7642606
b04,133,0,0,0.48824194
b04,134,0,1,0.6740679
b04,135,1,1,0.74274874
b04,136,1,0,0.49802384
b04,137,1,1,0.5707723
b04,138,1,0,0.45501247
b04,139,1,1,0.84737974
b04,140,0,1,0.8204004
b04,141,0,1,0.7965891
b04,142,0,1,0.84696394
b04,143,0,1,0.8483134
b04,144,0,1,0.76850605
b04,145,0,1,0.8671692
b04,146,0,1,0.53506345
b04,147,0,0,0.34647205
b04,148,0,1,0.75809807
b04,149,0,0,0.2733609
b04,150,0,0,0.38174793
b04,151,0,0,0.43670633
b04,152,0,0,0.30390966
b04,153,0,1,0.528603
b04,154,0,0,0.43989933
b04,155,0,0,0.36153984
b04,156,0,0,0.4055678
b04,159,0,0,0.42720503
b04,160,0,0,0.32451034
b04,161,0,0,0.2832752
b04,162,0,0,0.33295506
b04,163,0,0,0.33024496
b04,164,0,0,0.26092514
b04,165,0,0,0.24543417
b04,166,0,0,0.35206932
b04,167,0,0,0.2964228
b04,168,0,0,0.36738634
b04,169,0,0,0.2528892
b04,170,0,0,0.23900214
b04,171,0,0,0.27484444
b04,172,0,0,0.25074348
b04,173,0,0,0.28447607
b04,174,0,0,0.3076199
b04,175,0,0,0.3063629
b04,176,0,0,0.27011412
b04,177,0,0,0.23549397
b04,178,0,0,0.228222
b04,179,0,0,0.23128276
b04,180,0,0,0.23870105
b04,181,0,0,0.24410264
b04,182,0,0,0.30100733
b04,183,0,0,0.26960024
b04,184,0,0,0.2381728
b04,185,0,0,0.20766936
b04,186,0,0,0.26932794
b04,187,0,0,0.18604714
b04,188,0,0,0.2580262
b04,189,0,0,0.25591362
b04,190,0,0,0.3269937
b04,191,0,0,0.26229843
b04,192,0,0,0.30087417
b04,193,0,0,0.24571426
b04,194,0,0,0.31587195
b04,195,0,0,0.2595261
b04,196,0,0,0.27991542
b04,197,0,0,0.33877
b04,198,0,0,0.22423536
b04,199,0,0,0.2641474
b04,200,0,0,0.20408042
b04,201,0,0,0.28350526
b04,202,0,0,0.25703838
b04,203,0,1,0.6504329
b04,204,0,1,0.8312536
b04,205,0,1,0.84276086
b04,206,0,0,0.3596898
b04,207,0,1,0.7119208
b04,208,0,0,0.25887603
b04,209,0,0,0.34645042
b04,210,0,1,0.5797279
b04,211,0,0,0.42718118
b04,212,0,1,0.68943334
b04,213,0,1,0.6934869
b04,215,0,0,0.14575425
b04,217,0,0,0.39450353
b04,218,0,1,0.81550974
b04,219,0,0,0.40369606
b04,220,0,1,0.8439106
b04,221,0,1,0.71056414
b04,222,0,1,0.65626955
b04,223,0,0,0.2934771
b04,224,0,0,0.14778845
b04,225,0,1,0.536864
b04,226,0,1,0.7455377
b04,227,0,1,0.7263482
b04,228,0,0,0.2290554
b04,229,0,1,0.75586486
b04,230,0,1,0.84156865
b04,231,0,1,0.81021875
b04,232,0,1,0.7689007
b04,233,0,1,0.8466293
b04,234,0,1,0.8257058
b04,235,0,1,0.65740496
b04,236,0,1,0.589791
b04,237,1,1,0.854157
b04,238,1,1,0.7598858
b04,239,0,1,0.52943265
b04,240,0,1,0.8614974
b04,241,0,1,0.6324766
b04,242,0,1,0.69347554
b04,243,0,1,0.82094437
b04,244,0,0,0.4307957
b04,245,0,0,0.24632579
b04,247,0,1,0.5432278
b04,248,0,0,0.26422718
b04,249,0,0,0.38472053
b04,250,0,1,0.7358281
b04,251,0,1,0.71824914
b04,252,0,1,0.80192983
b04,253,0,0,0.46979928
b04,254,0,0,0.4113509
b04,255,0,0,0.21628334
b04,256,0,0,0.103254564
b04,257,0,0,0.3025575
b04,258,0,0,0.31216428
b04,259,0,0,0.3103714
b04,260,0,0,0.36697096
b04,261,0,0,0.352426
b04,262,0,0,0.23539363
b04,263,0,0,0.39190626
b04,264,0,0,0.40437052
b04,265,0,0,0.27505964
b04,266,0,0,0.36334744
b04,267,0,0,0.286771
b04,268,0,0,0.4260719
b04,269,0,0,0.36012235
b04,270,0,0,0.27495643
b04,271,0,0,0.23390698
b04,272,0,0,0.2665966
b04,273,0,0,0.21383202
b04,274,0,0,0.39367977
b04,275,0,0,0.21012565
b04,276,0,0,0.3192305
b04,277,0,0,0.34469554
b04,278,0,0,0.22299443
b04,279,0,0,0.213537
b04,280,0,0,0.11580576
b04,281,0,1,0.5326224
b04,282,0,0,0.1690535
b04,283,0,0,0.28589544
b04,284,0,0,0.280181
b04,285,0,0,0.10730131
b04,286,0,0,0.17552483
b04,287,0,0,0.11879003
b04,288,0,0,0.032424383
b04,289,0,0,0.000105357816
b04,290,0,0,0.0038765913
b04,291,0,0,0.11624828
b04,292,0,0,0.03064284
b04,293,0,0,0.105454855
b04,294,0,0,0.14139321
b04,295,0,0,0.016800858
b04,296,0,1,0.5325913
b04,297,0,1,0.85963243
b04,298,0,0,0.39985272
b04,299,0,0,0.32640088
b04,300,0,1,0.7334697
b04,301,0,0,0.33882245
b04,302,0,1,0.5475995
b04,303,0,0,0.39703208
b04,304,0,0,0.48661262
b04,305,0,0,0.21032283
b04,306,0,0,0.15156484
b04,308,0,0,0.3411323
b04,309,0,1,0.65858877
b04,310,0,1,0.56679845
b04,311,0,1,0.62033343
b04,312,0,1,0.8525314
b04,313,0,1,0.6263882
b04,314,0,0,0.41412655
b04,315,0,1,0.6331672
b04,316,0,1,0.61382246
b04,317,0,1,0.7120098
b04,318,0,1,0.8430026
b04,319,0,1,0.79325175
b04,320,0,0,0.34373122
b04,321,0,1,0.8470398
b04,322,0,1,0.8278289
b04,323,0,1,0.6941032
b04,324,0,1,0.6221442
b04,325,0,1,0.71327436
b04,326,0,1,0.6558283
b04,327,0,1,0.8220433
b04,328,0,1,0.8281849
b04,329,0,1,0.83834136
b04,330,0,0,0.44779897
b04,331,0,1,0.82128114
b04,332,0,1,0.68061656
b04,333,0,1,0.5533465
b04,334,0,0,0.2642415
b04,335,0,0,0.37976962
b04,336,0,1,0.78510433
b04,337,0,1,0.8227987
b04,338,0,1,0.5053198
b04,339,0,1,0.6922038
b04,340,0,0,0.19268838
b04,341,0,0,0.32274896
b04,342,0,1,0.55819464
b04,343,0,0,0.1855695
b04,344,0,0,0.15263997
b04,345,0,0,0.38476488
b04,346,0,0,0.15613729
b04,349,0,0,0.1558797
b04,350,0,0,0.15819347
b04,351,0,1,0.8580249
b04,352,1,0,0.42320788
b04,353,1,0,0.39169872
b04,354,1,1,0.57723516
b04,355,0,1,0.79348004
b04,356,0,0,0.20900005
b04,357,0,0,0.2898982
b04,358,0,0,0.16753931
b04,359,0,1,0.59954596
b04,360,0,0,0.14229223
b04,362,0,1,0.5962713
b04,363,0,0,0.4205763
b04,364,0,0,0.330132
b04,365,0,0,0.3908005
b04,366,0,0,0.473256
b04,367,0,1,0.71631175
b04,368,0,0,0.3640182
b04,370,0,1,0.6399963
b04,371,0,0,0.34297672
b04,372,0,0,0.30701935
b04,373,0,0,0.22562037
b04,374,0,0,0.49354205
b04,375,0,0,0.387467
b04,376,0,0,0.48469833
b04,377,0,0,0.40027392
b04,378,0,1,0.56357116
b04,379,0,1,0.60420984
b04,380,0,0,0.43328902
b04,381,0,1,0.7874532
b04,382,0,0,0.3516741
b04,383,0,0,0.31275922
b04,384,0,0,0.4533929
b04,385,0,0,0.31587407
b04,386,0,1,0.691417
b04,387,0,0,0.4264104
b04,388,0,1,0.74645877
b04,389,0,1,0.7043219
b04,390,0,0,0.404064
b04,391,0,0,0.44571567
b04,392,0,0,0.48514578
b04,393,0,1,0.84502494
b04,394,0,0,0.12868015
b04,395,0,1,0.81305194
b04,396,0,1,0.69606906
b04,397,0,0,0.25259703
b04,398,0,0,0.07395364
b04,399,0,0,0.08392607
b04,400,0,0,0.05179684
b04,401,0,0,0.079999
b04,402,0,0,0.1454252
b04,403,0,0,0.12357612
b04,404,0,0,0.13808511
b04,405,0,0,0.0841752
b04,406,0,0,0.017468426
b04,407,0,0,0.050618857
b04,408,0,0,0.11868909
b04,409,0,0,0.30837137
b04,410,0,1,0.8718494
b04,411,0,0,0.37351805
b04,412,0,1,0.58447707
b04,413,0,1,0.54249036
b04,414,0,0,0.2160468
b04,415,0,1,0.6062797
b04,416,0,0,0.4854509
b04,417,0,1,0.5085743
b04,418,0,1,0.7101055
b04,419,0,1,0.65497583
b04,420,0,0,0.46673626
b04,421,0,1,0.56150436
b04,422,0,1,0.544864
b04,423,0,1,0.7792487
b04,424,0,1,0.7651746
b04,425,0,1,0.5884314
b04,426,0,1,0.84908444
b04,427,0,1,0.65128016
b04,428,0,0,0.44279453
b05,1,0,0,0.39892077
b05,2,0,0,0.36622968
b05,3,0,0,0.45206887
b05,4,0,0,0.462981
b05,5,0,0,0.4487966
b05,6,0,0,0.45204684
b05,7,0,0,0.3791981
b05,8,0,0,0.17872606
b05,9,0,0,0.4548667
b05,10,0,0,0.15800515
b05,11,0,0,0.4591291
b05,12,0,0,0.4813199
b05,13,0,0,0.4947566
b05,14,0,0,0.4625253
b05,15,0,0,0.41811776
b05,16,0,0,0.17395447
b05,17,0,0,0.49948782
b05,18,0,0,0.21505517
b05,19,0,1,0.5346072
b05,20,0,0,0.48573104
b05,21,0,0,0.4855235
b05,23,0,0,0.38674095
b05,24,0,1,0.6247068
b05,25,0,0,0.36323288
b05,26,0,0,0.44116807
b05,27,0,0,0.26059812
b05,28,0,0,0.18133058
b05,29,0,0,0.16976333
b05,30,0,0,0.4855022
b05,31,0,0,0.44871762
b05,32,0,0,0.43263742
b05,33,0,0,0.3094519
b05,34,0,0,0.15474544
b05,35,0,0,0.26367602
b05,36,0,0,0.32921016
b05,37,0,0,0.25738022
b05,38,0,0,0.47378993
b05,39,0,0,0.40971568
b05,40,0,0,0.35853544
b05,41,0,0,0.45261416
b05,42,0,0,0.45936936
b05,43,0,0,0.39281023
b05,44,0,0,0.16969444
b05,45,0,0,0.23608197
b05,46,1,0,0.096231796
b05,47,0,0,0.2073785
b05,48,0,0,0.18361692
b05,49,0,0,0.27742696
b05,50,0,0,0.1341358
b05,51,0,0,0.24983959
b05,52,0,0,0.2516505
b05,53,0,0,0.119653985
b05,54,0,0,0.17460436
b05,55,0,0,0.1266758
b05,56,0,0,0.11613542
b05,57,0,0,0.106549405
b05,58,0,0,0.10449077
b05,59,0,0,0.15658928
b05,60,0,0,0.13039304
b05,61,0,0,0.09917843
b05,62,0,0,0.11232046
b05,63,0,0,0.12804367
b05,64,0,0,0.14522594
b05,65,0,0,0.12635525
b05,66,0,0,0.14496525
b05,67,0,0,0.09662652
b05,68,0,0,0.123347126
b05,69,0,0,0.073665574
b05,70,0,0,0.30781007
b05,71,0,0,0.0937923
b05,72,0,0,0.14783265
b05,73,0,0,0.20964973
b05,74,0,0,0.10699536
b05,75,0,0,0.11758893
b05,76,0,0,0.14914976
b05,77,0,0,0.11555985
b05,78,0,0,0.13478267
b05,79,0,0,0.11788185
b05,80,0,0,0.109420076
b05,81,0,0,0.0729959
b05,82,0,0,0.17236142
b05,83,0,0,0.13388844
b05,84,0,0,0.077773295
b05,85,0,0,0.11732156
b05,86,0,0,0.12716916
b05,87,0,0,0.13664512
b05,88,0,0,0.12515676
b05,89,0,0,0.12172004
b05,90,0,0,0.1192812
b05,91,0,0,0.101025425
b05,92,0,0,0.116782315
b05,93,0,0,0.13067603
b05,94,0,0,0.14482254
b05,95,0,0,0.0793778
b05,96,0,0,0.11754796
b05,97,0,0,0.10553508
b05,98,0,0,0.1168904
b05,99,0,0,0.13381088
b05,100,0,0,0.13216794
b05,101,0,0,0.2535041
b05,102,0,0,0.28589615
b05,103,0,0,0.41613916
b05,104,0,0,0.11073897
b05,105,0,0,0.30229336
b05,106,0,0,0.25834146
b05,107,0,0,0.20775479
b05,108,0,0,0.15621823
b05,109,0,0,0.15061852
b05,110,0,0,0.110849716
b05,111,0,0,0.114498384
b05,112,0,0,0.123572476
b05,113,0,0,0.11720957
b05,114,0,0,0.13772215
b05,115,0,0,0.14531176
b05,116,1,0,0.073874526
b05,117,1,0,0.40129516
b05,118,0,0,0.26402822
b05,119,0,0,0.24461216
b05,120,0,0,0.11393619
b05,121,0,0,0.05359461
b05,122,0,0,0.12565134
b05,123,0,0,0.18015404
b05,124,0,0,0.10523684
b05,125,0,0,0.14950937
b05,126,0,0,0.13835448
b05,127,0,0,0.0715991
b05,128,0,0,0.097628444
b05,129,0,0,0.025782198
b05,130,0,0,0.07787079
b05,131,0,0,0.16958775
b05,132,0,0,0.11963976
b05,133,0,0,0.029306559
b05,134,0,0,0.14683689
b05,135,0,0,0.04447496
b05,136,0,0,0.051880687
b05,137,0,0,0.20523806
b05,138,0,0,0.30333167
b05,139,0,0,0.28806737
b05,140,0,0,0.10633185
b05,141,0,0,0.079429895
b05,142,0,0,0.014320213
b05,143,0,0,0.015278624
b05,144,0,0,0.005693366
b05,145,0,0,0.035321146
b05,146,0,0,0.17324871
b05,147,0,0,0.025456056
b05,148,0,0,0.045439556
b05,149,0,0,0.1009984
b05,150,0,0,0.15291737
b05,151,0,0,0.13326037
b05,152,0,0,0.19129391
b05,153,0,0,0.2562946
b05,154,0,0,0.124450944
b05,155,0,0,0.16124259
b05,156,0,0,0.17905377
b05,157,0,0,0.12743455
b05,158,0,0,0.10041526
b05,159,0,0,0.07717018
b05,160,0,0,0.08380217
b05,161,0,0,0.18197235
b05,162,0,0,0.13684271
b05,163,0,0,0.11631771
b05,164,0,0,0.1317885
b05,165,0,0,0.12319072
b05,166,0,0,0.17224382
b05,167,0,0,0.13157636
b05,168,0,0,0.16036737
b05,169,0,0,0.1095716
b05,170,0,0,0.041828517
b05,171,0,0,0.08410338
b05,172,0,0,0.35796484
b05,173,0,0,0.30851567
b05,174,0,0,0.038014624
b05,175,0,0,0.03742698
b05,176,0,0,0.034807667
b05,177,0,0,0.13523366
b05,178,0,0,0.10669464
b05,179,0,0,0.07432959
b05,180,0,0,0.13683295
b05,181,0,0,0.11482529
b05,182,0,0,0.1096535
b05,183,0,0,0.10222751
b05,184,0,0,0.09182146
b05,185,0,0,0.18035851
b05,186,0,0,0.12646222
b05,187,0,0,0.45685026
b05,188,0,0,0.3010782
b05,189,0,0,0.06420416
b05,190,0,0,0.1455712
b05,191,0,0,0.120068505
b05,192,0,0,0.08846053
b05,193,0,0,0.15085621
b05,194,0,0,0.20068742
b05,195,0,0,0.14779423
b05,196,0,0,0.14893739
b05,197,0,0,0.10534703
b05,198,0,0,0.14392376
b05,199,0,0,0.11870934
b05,200,0,0,0.19894828
b05,201,0,0,0.1540103
b05,202,0,0,0.19238728
b05,203,0,0,0.19177032
b05,204,0,0,0.1765744
b05,205,0,0,0.2368428
b05,206,0,0,0.2128812
b05,207,0,0,0.22184639
b05,208,0,0,0.16141392
b05,209,0,0,0.24160537
b05,210,0,0,0.22092828
b05,211,0,0,0.13714325
b05,212,0,0,0.096996695
b05,213,0,0,0.13343124
b05,214,0,0,0.1529109
b05,215,0,0,0.1417375
b05,216,0,0,0.10723288
b05,217,0,0,0.08262948
b05,218,0,0,0.12781315
b05,219,0,0,0.13029256
b05,220,0,0,0.15028772
b05,221,0,0,0.13103907
b05,222,0,0,0.13413575
b05,223,0,0,0.16594571
b05,224,0,0,0.10353108
b05,225,0,0,0.1474684
b05,226,0,0,0.085129716
b05,227,0,0,0.17698778
b05,228,0,0,0.12832554
b05,229,0,0,0.1538733
b05,230,0,0,0.14226808
b05,231,0,0,0.14021373
b05,232,0,0,0.12510355
b05,233,0,0,0.16804361
b05,234,0,0,0.23434356
b05,235,0,0,0.09187084
b05,236,0,0,0.060549617
b05,237,0,0,0.12764314
b05,238,0,0,0.09623005
b05,239,0,1,0.6530347
b05,240,0,0,0.14791498
b05,241,0,0,0.15554832
b05,242,0,0,0.12343141
b05,243,0,0,0.04511252
b05,244,0,0,0.173181
b05,245,0,0,0.070506185
b05,246,0,0,0.2023072
b05,247,0,0,0.224874
b05,248,0,0,0.116749756
b05,249,0,0,0.12634006
b05,250,0,0,0.168387
b05,251,0,0,0.28410247
b05,252,0,0,0.15879194
b05,253,0,1,0.5082009
b05,254,0,0,0.16167673
b05,255,0,0,0.48643795
b05,256,0,0,0.34985915
b05,257,0,0,0.4028681
b05,258,0,0,0.27581495
b05,259,0,0,0.28405198
b05,260,0,0,0.30484372
b05,261,0,0,0.15393238
b05,262,0,0,0.14789344
b05,263,0,0,0.3010863
b05,264,0,1,0.6586873
b05,265,0,1,0.6429997
b05,266,0,1,0.56416386
b05,267,0,0,0.322582
b05,268,0,0,0.23866136
b05,269,0,0,0.4613125
b05,270,0,1,0.50204927
b05,271,0,0,0.1342874
b05,272,0,0,0.22034591
b05,273,0,0,0.37523532
b05,274,0,0,0.028867694
b05,275,0,0,0.041337054
b05,276,0,0,0.044994373
b05,277,0,0,0.041939195
b05,278,0,0,0.11879167
b05,280,0,0,0.23149568
b05,283,0,0,0.09449218
b05,284,0,0,0.25751114
b05,285,0,0,0.26934466
b05,286,0,1,0.5546744
b05,287,0,1,0.5005672
b05,288,0,0,0.48373199
b05,289,0,0,0.43718803
b05,290,0,0,0.37388825
b05,291,0,1,0.5476577
b05,292,0,0,0.17359713
b05,293,0,0,0.18156761
b05,294,0,0,0.4615488
b05,295,0,0,0.24844384
b05,296,0,1,0.5458754
b05,297,0,1,0.53547126
b05,298,0,0,0.23270282
b05,299,0,0,0.44089994
b05,300,0,0,0.16056086
b05,301,0,0,0.41772667
b05,302,0,0,0.1670688
b05,303,0,0,0.3254266
b05,304,0,1,0.68943423
b05,305,0,0,0.37461618
b05,306,0,0,0.3721046
b05,307,0,0,0.30563
b05,308,0,0,0.2573049
b05,309,0,0,0.4020129
b05,310,0,0,0.48518905
b05,311,1,0,0.48829952
b05,312,1,0,0.42083544
b05,313,1,0,0.35237297
b05,314,0,0,0.35384783
b05,315,0,0,0.28717467
b05,316,0,0,0.19830084
b05,317,0,0,0.13913046
b05,318,0,0,0.2694275
b05,319,0,0,0.15702744
b05,320,1,0,0.24940045
b05,321,1,0,0.1059764
b05,322,1,0,0.23343146
b05,323,1,0,0.17583117
b05,324,1,0,0.46937895
b05,325,1,0,0.18409689
b05,326,1,0,0.28443256
b05,327,1,0,0.34446967
b05,328,1,0,0.4616961
b05,329,1,0,0.3745997
b05,330,1,0,0.28490534
b05,331,1,0,0.18928161
b05,332,1,0,0.20662402
b05,333,1,0,0.34444934
b05,334,1,0,0.4177255
b05,335,1,0,0.34371558
b05,336,1,1,0.54217917
b05,337,0,0,0.3151474
b05,338,0,0,0.19648153
b05,339,0,0,0.13025309
b05,340,0,0,0.19272724
b05,341,0,0,0.35606772
b05,342,0,0,0.4923986
b05,343,0,0,0.3693418
b05,344,0,0,0.45716965
b05,345,0,0,0.2980445
b05,346,0,0,0.27078316
b05,347,0,0,0.37666553
b05,348,0,0,0.31751397
b05,349,0,0,0.40558985
b05,350,0,0,0.36095363
b05,351,1,0,0.39273855
b05,352,0,1,0.71592736
b05,353,0,0,0.42109802
b05,354,0,0,0.27142107
b05,355,0,1,0.7552724
b05,356,0,1,0.56700903
b05,357,0,1,0.51197726
b05,358,0,0,0.27507123
b05,359,0,0,0.22716738
b05,360,0,0,0.4107794
b05,361,0,1,0.540034
b05,362,0,0,0.18152335
b05,363,0,0,0.3877938
b05,364,0,0,0.2472155
b05,365,0,0,0.41192424
b05,367,0,0,0.27988663
b05,368,0,0,0.28885671
b05,369,0,0,0.3747705
b05,370,0,1,0.52415234
b05,371,0,0,0.32560408
b05,372,0,0,0.38641667
b05,373,0,0,0.41653776
b05,374,0,0,0.23087516
b05,375,0,0,0.32750294
b05,376,0,0,0.18916579
b05,377,0,0,0.2137821
b05,379,0,0,0.31605622
b05,380,0,0,0.35290837
b05,381,0,0,0.45031682
b05,382,0,0,0.13970023
b05,383,0,0,0.16228779
b05,384,0,0,0.41015115
b05,385,0,0,0.39287207
b05,386,0,0,0.42332324
b05,387,0,0,0.2740922
b05,388,0,0,0.3206847
b05,389,1,0,0.45600134
b05,390,1,0,0.46074128
b05,391,1,0,0.27738807
b05,392,1,0,0.4175285
b05,393,1,0,0.41589093
b05,394,1,1,0.8304491
b05,395,0,1,0.8459869
b05,396,0,0,0.31490287
b05,397,0,0,0.36695278
b05,398,0,0,0.40782183
b05,399,0,0,0.41657582
b05,400,0,0,0.3799857
b05,401,0,0,0.34569353
b05,402,0,0,0.48882428
b05,403,0,0,0.3245503
b05,404,0,0,0.48369464
b05,405,1,0,0.21793811
b05,406,1,0,0.22684853
b05,407,1,0,0.4156874
b05,408,1,1,0.5496675
b05,409,1,1,0.54672754
b05,410,1,0,0.30518168
b05,411,1,0,0.25925517
b05,412,1,0,0.4873736
b05,413,1,0,0.4411229
b05,414,1,0,0.1599059
b05,415,1,1,0.7959696
b05,416,1,1,0.65457356
b05,417,1,0,0.47464114
b05,418,1,0,0.35999426
b05,419,1,0,0.41061363
b05,420,1,0,0.20002235
b05,421,1,0,0.48809826
b05,422,1,0,0.3955034
b05,423,1,1,0.5022509
b05,424,1,0,0.35229388
b05,425,1,1,0.51139605
b05,426,1,1,0.51713926
b05,427,1,0,0.44579196
b05,428,1,1,0.5038078
b05,429,1,0,0.42581126
b05,430,1,1,0.7044521
b05,431,1,1,0.60796505
c01,10,0,0,0.40857115
c01,11,0,0,0.29021037
c01,12,0,1,0.52321315
c01,13,0,0,0.4857173
c01,14,0,0,0.46424633
c01,15,0,0,0.44706535
c01,16,0,1,0.52628875
c01,17,0,0,0.4966101
c01,18,0,1,0.5809768
c01,20,0,1,0.51530695
c01,21,0,1,0.51582295
c01,22,0,1,0.7009409
c01,23,0,0,0.35496736
c01,24,0,1,0.5882035
c01,25,0,0,0.48623675
c01,26,0,0,0.47458613
c01,27,0,0,0.28240576
c01,28,0,0,0.36666346
c01,29,0,0,0.4380772
c01,30,0,0,0.21033694
c01,31,0,0,0.1521097
c01,32,0,1,0.59952474
c01,33,0,0,0.27482468
c01,34,0,0,0.2860522
c01,35,0,1,0.5663904
c01,36,0,1,0.79564357
c01,37,0,0,0.4760074
c01,38,0,1,0.5601872
c01,39,0,0,0.2082443
c01,40,0,0,0.34668893
c01,41,0,0,0.2894078
c01,42,0,0,0.39165932
c01,43,0,0,0.28829303
c01,44,0,0,0.26744714
c01,45,0,0,0.35919443
c01,46,0,0,0.3461077
c01,49,0,1,0.7835414
c01,51,0,0,0.46357292
c01,52,0,0,0.28626946
c01,54,0,1,0.7828058
c01,55,0,0,0.31434864
c01,56,0,0,0.43201715
c01,57,0,0,0.3197819
c01,58,0,0,0.25150707
c01,59,0,0,0.30590707
c01,60,0,0,0.26518807
c01,61,0,0,0.45356086
c01,62,0,0,0.2607329
c01,63,0,0,0.24325652
c01,64,0,0,0.2972795
c01,65,0,0,0.25877756
c01,66,0,0,0.28344643
c01,67,0,0,0.320435
c01,68,0,0,0.4880848
c01,69,0,0,0.31566152
c01,70,0,0,0.22606374
c01,71,0,0,0.25777343
c01,72,0,0,0.2728847
c01,73,0,0,0.36503792
c01,74,0,0,0.36091837
c01,75,0,0,0.38006824
c01,76,0,0,0.34720963
c01,77,0,0,0.29402712
c01,78,0,0,0.30596736
c01,79,0,0,0.42246434
c01,80,0,0,0.3943185
c01,81,0,0,0.3822261
c01,82,0,0,0.40981615
c01,83,0,0,0.42271942
c01,84,0,1,0.5156088
c01,85,0,1,0.5731802
c01,86,0,1,0.5824296
c01,87,0,0,0.36708283
c01,89,0,1,0.5378145
c01,90,0,0,0.37249416
c01,91,0,0,0.42182603
c01,92,0,0,0.45351568
c01,94,0,1,0.64415425
c01,95,0,0,0.31676763
c01,96,0,1,0.51543194
c01,97,0,1,0.5898337
c01,98,0,0,0.40144137
c01,99,0,0,0.4159959
c01,100,0,1,0.5108181
c01,101,0,1,0.5158152
c01,102,0,1,0.53417337
c01,103,0,0,0.48440924
c01,104,0,1,0.5033629
c01,105,0,0,0.3848302
c01,106,0,1,0.50949293
c01,107,0,0,0.42890728
c01,108,0,0,0.39045322
c01,109,0,1,0.5986728
c01,110,0,0,0.40913713
c01,111,0,0,0.32492784
c01,112,0,0,0.25125194
c01,113,0,1,0.5141223
c01,114,0,0,0.38330135
c01,115,0,0,0.33361718
c01,116,0,0,0.32330048
c01,117,0,0,0.2731769
c01,118,0,0,0.267682
c01,119,0,0,0.46169844
c01,121,0,0,0.26272044
c01,122,0,0,0.33372545
c01,123,0,0,0.4517335
c01,124,0,0,0.33637577
c01,125,0,0,0.25540507
c01,126,0,0,0.44595766
c01,127,0,0,0.30174166
c01,128,0,0,0.28063512
c01,129,0,0,0.37186083
c01,130,0,0,0.35271263
c01,131,0,1,0.5112246
c01,132,0,0,0.24696568
c01,133,0,0,0.35109365
c01,134,0,0,0.41840315
c01,135,0,0,0.302882
c01,136,0,0,0.27678934
c01,137,0,0,0.39282
c01,138,0,1,0.80492544
c01,139,0,1,0.8151885
c01,140,0,1,0.7538877
c01,141,0,0,0.37864685
c01,142,0,1,0.6629115
c01,143,0,1,0.7382955
c01,144,0,0,0.40805575
c01,145,0,0,0.38240907
c01,147,0,0,0.2892959
c01,148,0,0,0.27987018
c01,149,0,0,0.3295668
c01,150,0,0,0.25473893
c01,151,0,0,0.34197706
c01,152,0,0,0.30154777
c01,153,0,0,0.23727314
c01,154,0,0,0.3461002
c01,155,0,0,0.2691646
c01,156,0,0,0.30397582
c01,157,0,0,0.34412563
c01,158,0,1,0.650555
c01,159,0,0,0.37780625
c01,160,0,0,0.3289527
c01,161,0,0,0.34461597
c01,163,0,0,0.33780438
c01,164,0,0,0.46349105
c01,165,0,0,0.26506025
c01,166,0,0,0.24533953
c01,167,0,0,0.3837385
c01,168,0,0,0.38365972
c01,169,0,0,0.47494856
c01,170,0,0,0.2823505
c01,172,0,0,0.35903302
c01,173,0,0,0.39734066
c01,174,0,0,0.30968338
c01,177,0,0,0.2596989
c01,178,0,0,0.220758
c01,180,0,0,0.2952227
c01,181,0,0,0.27338994
c01,182,0,0,0.22221014
c01,184,0,0,0.3450765
c01,185,0,0,0.45349613
c01,186,0,0,0.32831296
c01,187,0,1,0.77135485
c01,188,0,1,0.8059766
c01,189,0,1,0.6348199
c01,190,0,1,0.53867203
c01,191,0,1,0.5360637
c01,192,0,1,0.59853697
c01,193,0,1,0.59135437
c01,194,0,0,0.47618446
c01,195,0,0,0.39592814
c01,196,0,0,0.40730634
c01,197,0,0,0.3280628
c01,198,0,0,0.4044075
c01,199,0,0,0.35390195
c01,200,0,0,0.22980699
c01,201,0,0,0.31688446
c01,202,0,1,0.62318754
c01,203,0,1,0.50639695
c01,204,0,1,0.66361105
c01,205,0,1,0.7688717
c01,206,0,1,0.5613899
c01,207,0,0,0.37605986
c01,208,0,0,0.20864244
c01,209,0,0,0.40107688
c01,210,0,0,0.2125915
c01,212,0,0,0.4118549
c01,213,0,1,0.6239812
c01,214,0,0,0.24686345
c01,215,0,0,0.27003023
c01,216,0,0,0.34467426
c01,217,0,1,0.7214995
c01,218,0,0,0.20640212
c01,219,0,0,0.4882673
c01,220,0,0,0.2419997
c01,221,0,0,0.46006954
c01,222,0,0,0.21225256
c01,223,0,0,0.38454953
c01,224,0,1,0.5921607
c01,225,0,0,0.23629874
c01,226,0,1,0.5405509
c01,227,0,0,0.38205
c01,228,0,1,0.6473443
c01,229,0,0,0.3413787
c01,230,0,0,0.3678032
c01,231,0,1,0.7029424
c01,232,0,0,0.4664788
c01,233,0,0,0.44819963
c01,234,0,1,0.5464068
c01,235,0,0,0.31127518
c01,236,0,1,0.5431839
c01,237,0,1,0.64151996
c01,238,0,1,0.71306133
c01,239,0,1,0.54973733
c01,240,0,1,0.5199939
c01,241,0,0,0.43707764
c01,242,0,0,0.36641833
c01,243,0,0,0.42865998
c01,244,0,0,0.46489963
c01,245,0,1,0.8146901
c01,246,0,1,0.7197779
c01,247,0,1,0.73732084
c01,248,0,0,0.45963636
c01,249,0,0,0.3527012
c01,250,0,1,0.5585859
c01,251,0,1,0.5304738
c01,252,0,0,0.47574025
c01,253,0,1,0.6061097
c01,254,0,1,0.6314266
c01,255,0,0,0.4650888
c01,256,0,1,0.64130676
c01,257,0,0,0.48043284
c01,258,0,1,0.53550565
c01,259,0,0,0.4116528
c01,260,0,1,0.54719025
c01,261,0,1,0.5742815
c01,262,0,1,0.6492168
c01,263,0,1,0.6936924
c01,264,0,1,0.67133695
c01,265,0,0,0.49788857
c01,266,0,1,0.7010921
c01,267,0,1,0.6609284
c01,268,0,0,0.39206442
c01,269,0,1,0.5605089
c01,270,0,1,0.79961956
c01,271,0,1,0.52490836
c01,272,0,1,0.5879157
c01,273,0,1,0.6002667
c01,274,0,1,0.54120827
c01,275,0,1,0.56269103
c01,276,0,1,0.63399756
c01,277,0,1,0.5707539
c01,278,0,1,0.6631996
c01,279,0,0,0.4036007
c01,280,0,1,0.67919093
c01,281,0,1,0.81313056
c01,282,0,1,0.64393735
c01,283,0,0,0.31915432
c01,285,0,0,0.19979495
c01,286,0,0,0.23762846
c01,287,0,0,0.4098306
c01,288,0,0,0.3868775
c01,289,0,0,0.44171023
c01,290,0,1,0.706608
c01,291,0,0,0.4052335
c01,292,0,1,0.8078515
c01,293,0,1,0.81883746
c01,294,0,0,0.3785898
c01,295,0,0,0.4206476
c01,296,0,0,0.16786067
c01,299,0,0,0.28823587
c01,301,0,0,0.30914935
c01,302,0,1,0.566843
c01,303,0,1,0.5347028
c01,304,0,1,0.7637942
c01,305,0,1,0.81918705
c01,306,0,1,0.5775616
c01,307,0,0,0.41432214
c01,308,0,1,0.8186864
c01,309,0,0,0.4019611
c01,310,0,0,0.44466105
c01,311,0,1,0.6756086
c01,314,0,0,0.19156
c01,315,0,0,0.3988983
c01,316,0,1,0.6631756
c01,317,0,0,0.35262123
c01,318,0,1,0.62301344
c01,319,0,0,0.35523012
c01,320,0,0,0.42413715
c01,321,0,0,0.4059558
c01,322,0,0,0.4099602
c01,323,0,0,0.4826035
c01,324,0,0,0.42752916
c01,325,0,0,0.29794827
c01,326,0,1,0.61410576
c01,327,0,0,0.29923537
c01,328,0,0,0.32951692
c01,329,0,0,0.32157677
c01,330,0,0,0.43431795
c01,331,0,0,0.40869576
c01,332,0,1,0.6357305
c01,333,0,0,0.25575593
c01,334,0,0,0.39927766
c01,335,0,0,0.39519662
c01,336,0,0,0.49685374
c01,337,0,0,0.20203792
c01,339,0,0,0.22029458
c01,340,0,1,0.5436592
c01,341,0,0,0.29804397
c01,343,0,0,0.31541553
c01,344,0,0,0.41566333
c01,345,0,0,0.29683545
c01,346,0,0,0.47737965
c01,347,0,1,0.67895526
c01,348,0,0,0.31546602
c01,349,0,0,0.42049235
c01,350,0,1,0.61460674
c01,351,0,0,0.24211963
c01,352,0,0,0.32714993
c01,353,0,0,0.30278563
c01,354,0,0,0.35019258
c01,355,0,0,0.27732623
c01,356,0,1,0.53496796
c01,357,0,0,0.28495404
c01,358,0,0,0.42843044
c01,359,0,0,0.487511
c01,360,0,0,0.3727712
c01,361,0,0,0.3676393
c01,362,0,0,0.2922794
c01,363,0,1,0.5213612
c01,364,0,0,0.4436531
c01,365,0,0,0.33558422
c01,366,0,0,0.28500512
c01,367,0,1,0.6091917
c01,368,0,0,0.30593738
c01,369,0,0,0.45928112
c01,370,0,0,0.3132192
c01,371,0,0,0.4850113
c01,372,0,0,0.312534
c01,373,0,0,0.27138904
c01,374,0,0,0.36113346
c01,375,0,0,0.23245399
c01,377,0,0,0.36541808
c01,378,0,1,0.68175083
c01,379,0,0,0.32514808
c01,380,0,0,0.39899045
c01,382,0,0,0.40448195
c01,383,0,0,0.30003527
c01,384,0,1,0.62277275
c01,385,0,0,0.42019495
c01,386,0,0,0.29916343
c01,387,0,0,0.38585684
c01,388,0,1,0.81572306
c01,389,0,1,0.82208693
c01,390,0,0,0.39225623
c01,391,0,0,0.40073147
c01,392,0,0,0.36529893
c01,394,0,0,0.4686394
c01,395,0,0,0.2875032
c01,396,0,1,0.68359715
c01,397,0,0,0.36309227
c01,398,0,0,0.2569574
c01,399,0,0,0.29827672
c01,400,0,0,0.27308917
c01,402,0,0,0.3590253
c01,403,0,0,0.42587352
c01,404,0,0,0.3000065
c01,405,0,0,0.31696767
c01,406,0,0,0.32162848
c01,407,0,0,0.29951465
c01,408,0,0,0.3679279
c01,410,0,0,0.2648478
c01,411,0,0,0.39718848
c01,412,0,0,0.23595813
c01,413,0,0,0.42606068
c01,415,0,0,0.22850107
c01,416,0,0,0.21628135
c01,417,0,0,0.4698228
c01,418,0,0,0.28631788
c01,419,0,1,0.7274416
c01,421,0,0,0.41029868
c01,422,0,1,0.6078996
c01,423,0,1,0.8123043
c01,424,0,0,0.43367785
c01,425,0,0,0.24651147
c01,426,0,0,0.30223337
c01,427,0,1,0.6222446
c01,428,0,0,0.2743626
c01,429,0,1,0.50427353
c01,430,0,1,0.6302986
c01,431,0,1,0.59769565
c01,432,0,1,0.5594859
c01,433,0,1,0.584824
c01,434,0,1,0.5422731
c01,435,0,0,0.22159964
c01,436,0,0,0.3391513
c01,437,0,0,0.35742596
c01,438,0,0,0.32467628
c01,439,0,1,0.5744282
c01,440,0,0,0.26347682
c01,441,0,0,0.28820714
c01,442,0,0,0.4948284
c01,444,0,0,0.48546174
c01,445,0,0,0.27322388
c01,446,0,0,0.42285937
c01,447,0,1,0.6810688
c01,448,0,1,0.5015615
c01,449,0,0,0.39727166
c01,450,0,0,0.42350376
c01,451,0,1,0.58754647
c01,452,0,1,0.6855229
c01,453,0,0,0.43233454
c01,454,0,1,0.82208914
c01,455,0,0,0.450326
c01,456,0,1,0.5334536
c01,457,0,0,0.4231191
c01,458,0,1,0.6050788
c01,459,0,0,0.48590216
c01,460,0,1,0.5174557
c01,461,0,0,0.30006674
c01,462,0,0,0.3683443
c01,463,0,1,0.5812163
c01,464,0,0,0.3206153
c01,465,0,1,0.5968638
c01,466,0,1,0.7997804
c01,467,0,1,0.7999298
c01,468,0,1,0.81508243
c01,469,0,1,0.81113154
c01,470,0,0,0.40254015
c01,472,0,0,0.33202106
c01,473,0,0,0.2467017
c01,474,0,0,0.3817805
c01,475,0,0,0.41570267
c01,476,0,1,0.6962217
c01,477,0,0,0.48175383
c01,478,0,1,0.8138736
c01,479,0,1,0.7959213
c01,480,0,0,0.25105584
c01,481,0,1,0.8224789
c01,482,0,0,0.4659409
c02,10,0,0,0.27210718
c02,11,0,1,0.54711545
c02,12,0,0,0.2894391
c02,13,0,0,0.3766513
c02,14,0,0,0.42489445
c02,15,0,0,0.42873242
c02,16,0,0,0.356357
c02,17,0,1,0.5558303
c02,18,0,1,0.5214048
c02,19,0,1,0.5957967
c02,20,0,1,0.6693054
c02,21,1,1,0.805768
c02,22,0,1,0.5820906
c02,23,0,1,0.5521223
c02,24,0,0,0.46180823
c02,25,0,0,0.24162346
c02,26,0,0,0.44304594
c02,27,0,0,0.47881165
c02,28,0,0,0.45972532
c02,29,0,1,0.72070265
c02,30,0,0,0.48830083
c02,31,0,0,0.46869847
c02,32,0,0,0.37149745
c02,33,0,0,0.3207664
c02,34,0,0,0.17058396
c02,35,0,0,0.23453464
c02,36,0,1,0.526911
c02,37,0,0,0.23552094
c02,38,0,0,0.17348316
c02,39,0,0,0.28042546
c02,40,0,0,0.18482801
c02,41,0,1,0.62275535
c02,42,0,0,0.18193221
c02,43,0,0,0.24186878
c02,44,0,1,0.706293
c02,45,0,0,0.17543967
c02,46,0,0,0.33330995
c02,47,0,0,0.26107925
c02,48,0,0,0.47727102
c02,49,0,0,0.18001571
c02,50,0,0,0.22810848
c02,51,0,0,0.18136837
c02,52,0,0,0.20418994
c02,53,0,0,0.20830485
c02,56,0,0,0.200149
c02,57,0,0,0.2952135
c02,58,0,0,0.21736042
c02,60,0,0,0.25340763
c02,61,0,1,0.5585253
c02,62,0,0,0.18068141
c02,63,0,0,0.17601632
c02,64,0,0,0.17858337
c02,65,0,0,0.18462612
c02,66,0,0,0.23882979
c02,67,0,0,0.18016517
c02,68,0,0,0.1779935
c02,69,0,0,0.17243938
c02,70,0,0,0.16781996
c02,71,0,0,0.18376398
c02,72,0,0,0.26797962
c02,73,0,0,0.19038942
c02,74,0,0,0.21874908
c02,76,0,0,0.19255239
c02,77,0,0,0.18349774
c02,78,0,0,0.21161225
c02,80,0,1,0.6803011
c02,81,0,1,0.77575284
c02,82,0,0,0.21172617
c02,83,0,0,0.19357976
c02,84,0,0,0.18728153
c02,85,0,0,0.2781342
c02,87,0,0,0.21285778
c02,88,0,0,0.19831371
c02,89,0,0,0.49900004
c02,90,0,0,0.20770006
c02,91,0,0,0.19920182
c02,92,0,0,0.21148007
c02,94,0,0,0.2251216
c02,95,0,0,0.22801599
c02,96,0,0,0.22958241
c02,97,0,0,0.23819877
c02,98,0,0,0.20038006
c02,99,0,0,0.19459148
c02,100,0,0,0.19997427
c02,101,0,0,0.19821759
c02,102,0,0,0.23488384
c02,103,0,0,0.18238471
c02,104,0,0,0.20322564
c02,105,0,0,0.23023206
c02,106,0,0,0.1895596
c02,107,0,0,0.1757124
c02,108,0,0,0.2063486
c02,109,0,0,0.24261105
c02,111,0,0,0.2012104
c02,112,0,0,0.19598725
c02,113,0,0,0.20099919
c02,114,0,0,0.20984408
c02,115,0,0,0.19813713
c02,116,0,0,0.19006729
c02,117,0,0,0.20091009
c02,118,0,0,0.17935425
c02,119,0,0,0.20547076
c02,120,0,0,0.17961673
c02,121,0,0,0.19631585
c02,122,0,0,0.22416689
c02,123,0,0,0.18939956
c02,124,0,0,0.18401575
c02,125,0,0,0.17662317
c02,126,0,0,0.17862764
c02,127,0,0,0.18392035
c02,128,0,0,0.19925617
c02,129,0,0,0.1928018
c02,130,0,0,0.20437953
c02,131,0,0,0.1947636
c02,132,0,0,0.28737396
c02,133,0,0,0.17691354
c02,134,0,0,0.1724055
c02,135,0,0,0.340547
c02,136,0,0,0.39565912
c02,137,0,0,0.31673485
c02,138,0,0,0.35422435
c02,139,0,0,0.17102282
c02,140,0,0,0.17665109
c02,141,0,0,0.21300116
c02,142,0,0,0.1573277
c02,143,0,0,0.25466934
c02,144,0,0,0.1708091
c02,145,0,1,0.5290704
c02,146,0,1,0.55696565
c02,147,0,0,0.29889613
c02,148,0,0,0.42767835
c02,149,0,0,0.20917311
c02,150,0,0,0.46290302
c02,151,0,0,0.22558218
c02,152,0,1,0.7889667
c02,153,0,1,0.8223087
c02,154,0,1,0.7361975
c02,155,0,0,0.31068486
c02,156,0,0,0.20511328
c02,157,0,0,0.31639293
c02,158,0,0,0.23985678
c02,159,0,0,0.18586098
c02,160,0,0,0.17990635
c02,161,0,0,0.1602578
c02,162,0,0,0.1530051
c02,163,0,0,0.1532108
c02,164,0,0,0.15768583
c02,165,0,0,0.17134754
c02,166,0,0,0.16259776
c02,167,0,0,0.17115384
c02,168,0,0,0.24820247
c02,169,0,0,0.17926723
c02,170,0,0,0.23879594
c02,171,0,0,0.17065075
c02,172,0,0,0.20632367
c02,173,0,0,0.19777262
c02,174,0,0,0.15938693
c02,175,0,0,0.15158844
c02,176,0,0,0.16605142
c02,177,0,0,0.41502327
c02,178,0,0,0.18039298
c02,179,0,0,0.20954609
c02,180,0,0,0.22277863
c02,181,0,0,0.17461722
c02,182,0,0,0.16565351
c02,183,0,0,0.24406801
c02,184,0,0,0.237728
c02,185,0,0,0.17315374
c02,186,0,0,0.26884237
c02,187,0,0,0.17282376
c02,188,0,1,0.8177005
c02,189,0,1,0.7678572
c02,190,0,1,0.6681096
c02,191,0,1,0.7225801
c02,192,0,0,0.18319109
c02,193,0,0,0.37205824
c02,194,0,0,0.21962357
c02,195,0,0,0.35634145
c02,196,0,0,0.36078775
c02,197,0,0,0.29931524
c02,198,0,0,0.29849064
c02,199,0,0,0.23337711
c02,201,0,0,0.33564457
c02,202,0,1,0.80597275
c02,203,0,1,0.527388
c02,204,0,1,0.7110747
c02,205,0,1,0.5933582
c02,206,0,0,0.30787563
c02,207,0,0,0.3147394
c02,208,0,0,0.19715738
c02,209,0,0,0.30903926
c02,210,0,0,0.18330367
c02,211,0,0,0.31220385
c02,212,0,0,0.21410255
c02,213,0,0,0.15532443
c02,214,0,0,0.34337273
c02,215,0,0,0.18153316
c02,216,0,1,0.5035901
c02,217,0,0,0.39080167
c02,218,0,0,0.36805782
c02,219,0,0,0.41387385
c02,220,0,0,0.3531824
c02,221,0,1,0.6372546
c02,222,0,0,0.3203339
c02,223,0,0,0.3811538
c02,224,0,0,0.17252365
c02,225,0,0,0.32728037
c02,226,0,1,0.573657
c02,227,0,0,0.43019986
c02,228,0,1,0.7893737
c02,229,0,1,0.8256007
c02,230,0,0,0.49824038
c02,231,0,0,0.39115214
c02,232,0,1,0.62255603
c02,233,0,1,0.50381213
c02,234,0,0,0.35635543
c02,235,0,0,0.30252573
c02,236,0,1,0.752027
c02,237,0,1,0.5928838
c02,238,0,1,0.6016963
c02,239,0,0,0.24896891
c02,240,0,0,0.24276341
c02,241,0,0,0.24259746
c02,242,0,0,0.16918406
c02,243,0,0,0.1690524
c02,244,0,0,0.18248038
c02,245,0,0,0.15468687
c02,246,0,0,0.26361203
c02,247,0,0,0.16733928
c02,248,0,0,0.24359371
c02,249,0,0,0.15003042
c02,250,0,0,0.24497458
c02,251,0,0,0.17873953
c02,252,0,0,0.1692164
c02,253,0,0,0.22529276
c02,254,0,0,0.25036895
c02,255,0,0,0.15246849
c02,256,0,0,0.17366521
c02,257,0,0,0.16032977
c02,258,0,0,0.16557221
c02,259,0,0,0.19045882
c02,260,0,0,0.40435502
c02,261,0,0,0.20514004
c02,262,0,0,0.15061592
c02,263,0,0,0.17514662
c02,264,0,0,0.16458124
c02,265,0,0,0.20697418
c02,266,0,0,0.19585486
c02,267,0,0,0.24227819
c02,268,0,0,0.16740984
c02,269,0,0,0.37289917
c02,270,0,0,0.32716382
c02,271,0,0,0.16147704
c02,272,0,0,0.15376736
c02,273,0,0,0.21596606
c02,274,0,0,0.17587848
c02,275,0,0,0.15618707
c02,276,0,0,0.32075763
c02,277,0,0,0.16544774
c02,278,0,0,0.16302213
c02,279,0,0,0.22333592
c02,280,0,0,0.1602306
c02,281,0,0,0.1804027
c02,282,0,0,0.16847132
c02,283,0,0,0.19506831
c02,284,0,0,0.2587652
c02,285,0,0,0.16789412
c02,286,0,0,0.29652846
c02,287,0,1,0.81377244
c02,288,0,1,0.80019635
c02,289,0,1,0.5492974
c02,290,0,1,0.7442447
c02,291,0,1,0.5790186
c02,293,0,0,0.34132358
c02,294,0,0,0.27739048
c02,295,0,0,0.18289956
c02,296,0,0,0.18325491
c02,297,0,0,0.25422165
c02,298,0,0,0.20980982
c02,299,0,0,0.17520833
c02,301,0,1,0.54990363
c02,303,0,0,0.4549039
c02,305,0,1,0.7387084
c02,306,0,0,0.24632315
c02,307,0,0,0.25638106
c02,308,0,0,0.43143854
c02,309,0,0,0.16927704
c02,310,0,0,0.25174487
c02,311,0,0,0.40819952
c02,312,0,0,0.1578344
c02,313,0,0,0.29858062
c02,314,0,0,0.24909808
c02,315,0,0,0.22090222
c02,316,0,0,0.19695911
c02,317,0,0,0.26773265
c02,318,0,0,0.15978786
c02,319,0,0,0.23110901
c02,320,0,0,0.17174311
c02,321,0,0,0.21641055
c02,322,0,0,0.16326627
c02,323,0,0,0.15937756
c02,324,0,0,0.1982424
c02,325,0,0,0.16033004
c02,326,0,0,0.18174039
c02,327,0,0,0.17819914
c02,328,0,0,0.38502228
c02,329,0,0,0.19324057
c02,330,0,0,0.23534603
c02,331,0,0,0.2885476
c02,332,0,0,0.4517912
c02,333,0,0,0.22370817
c02,334,0,0,0.29194048
c02,335,0,0,0.18427685
c02,336,0,0,0.16721518
c02,337,0,0,0.23179589
c02,338,0,0,0.18297973
c02,339,0,0,0.2298214
c02,340,0,0,0.1514871
c02,341,0,0,0.18859653
c02,342,0,0,0.16289385
c02,343,0,0,0.21792124
c02,344,0,0,0.18113875
c02,345,0,1,0.752378
c02,346,0,1,0.77061695
c02,347,0,1,0.70301193
c02,348,0,1,0.7604252
c02,349,0,1,0.78786755
c02,350,0,1,0.5213511
c02,351,0,0,0.23774463
c02,352,0,0,0.21542983
c02,353,0,0,0.3194487
c02,354,0,0,0.18737788
c02,355,0,0,0.26486415
c02,356,0,0,0.19586968
c02,357,0,0,0.16675183
c02,358,0,0,0.17852195
c02,359,0,0,0.17243962
c02,360,0,0,0.17169932
c02,361,0,1,0.5691231
c02,362,0,0,0.17118852
c02,363,0,0,0.20757309
c02,364,0,0,0.18304023
c02,365,0,0,0.40122628
c02,367,0,0,0.4521331
c02,368,0,0,0.40632945
c02,369,0,1,0.80165625
c02,370,0,0,0.3874242
c02,371,0,0,0.16767044
c02,372,0,0,0.329722
c02,373,0,1,0.7745258
c02,374,0,1,0.81695443
c02,375,0,0,0.17739896
c02,376,0,0,0.16002949
c02,377,0,1,0.66741955
c02,378,0,1,0.63399756
c02,379,0,1,0.67566776
c02,380,0,0,0.39723092
c02,381,0,0,0.421142
c02,382,0,1,0.5377432
c02,383,0,1,0.5135075
c02,384,0,0,0.4285094
c02,385,0,0,0.17311585
c02,386,0,1,0.62473685
c02,387,0,1,0.81878775
c02,388,0,0,0.2497329
c02,389,0,0,0.23289138
c02,390,0,0,0.43794397
c02,391,0,1,0.556714
c02,392,0,0,0.18084444
c02,393,0,0,0.19421676
c02,394,0,1,0.78548473
c02,396,0,1,0.7219207
c02,397,0,1,0.55972916
c02,398,0,0,0.18307485
c02,399,0,0,0.3691645
c02,400,0,0,0.20608975
c02,401,0,0,0.27848744
c02,402,0,0,0.17869249
c02,403,0,0,0.2170214
c02,404,0,0,0.3545061
c02,405,0,0,0.19672188
c02,407,0,0,0.19609451
c02,408,0,0,0.17691863
c02,409,0,0,0.2802928
c02,410,0,0,0.17706425
c02,411,0,0,0.3667947
c02,412,0,0,0.17947064
c02,413,0,0,0.35596132
c02,414,0,0,0.3275003
c02,415,0,0,0.33367473
c02,416,0,0,0.21526171
c02,417,0,0,0.17522024
c02,418,0,0,0.33086303
c02,421,0,0,0.26527968
c02,422,0,0,0.22905722
c02,423,0,0,0.26825273
c02,424,0,0,0.16446605
c02,425,0,0,0.23455726
c02,426,0,0,0.28703377
c02,427,0,0,0.29966724
c02,428,0,0,0.17179008
c02,430,0,0,0.3735909
c02,431,0,0,0.18353409
c02,432,0,0,0.36173186
c02,433,0,0,0.25335237
c02,434,0,0,0.39442244
c02,435,0,0,0.28208756
c02,436,0,0,0.24888405
c02,437,0,0,0.19953796
c02,438,0,0,0.16450183
c02,439,0,0,0.22442637
c02,440,0,0,0.18453285
c02,441,0,0,0.32212427
c02,442,0,0,0.27558464
c02,443,0,1,0.81337553
c02,444,0,0,0.21857084
c02,445,0,1,0.77723145
c02,446,0,1,0.8136167
c02,447,0,1,0.8115691
c02,448,0,1,0.6760869
c02,449,0,0,0.25261807
c02,450,0,1,0.7088238
c02,451,0,1,0.8044974
c02,452,0,0,0.23766848
c02,453,0,1,0.5253392
c02,454,0,0,0.4913821
c02,455,0,0,0.33692116
c02,456,0,1,0.5192897
c02,457,0,0,0.17813237
c02,458,0,0,0.23584785
c02,459,0,0,0.22450882
c02,460,0,0,0.186834
c02,461,0,0,0.20148665
c02,462,0,0,0.16250835
c02,463,0,0,0.16530757
c02,464,0,0,0.19267738
c02,465,0,0,0.28380504
c02,466,0,0,0.18057734
c02,467,0,0,0.23758776
c02,468,0,0,0.17383884
c02,469,0,0,0.21680366
c02,470,0,0,0.17629609
c02,471,0,0,0.16945174
c02,472,0,0,0.20261045
c02,473,0,0,0.1743168
c02,474,0,0,0.3359064
c02,475,0,0,0.18276961
c02,476,0,0,0.17547692
c02,477,0,0,0.16974393
c02,478,0,0,0.25605384
c02,479,0,0,0.40164834
c02,480,0,0,0.2095121
c02,482,0,0,0.18058199
c02,483,0,0,0.2527814
c02,485,0,1,0.8044453
c02,486,0,1,0.6790203
c02,487,0,1,0.755792
c02,488,0,1,0.6112307
c02,489,0,1,0.659595
c02,490,0,1,0.7670198
c02,491,0,1,0.7069537
c02,492,0,1,0.6446414
c02,493,0,0,0.355893
c02,494,0,1,0.7635049
c02,495,0,1,0.7261969
c02,496,0,0,0.27943963
c02,497,0,0,0.49787918
c02,498,0,0,0.4826969
c02,499,0,0,0.18333173
c02,500,0,0,0.44831622
c03,1,0,1,0.64400893
c03,2,0,1,0.7768474
c03,3,0,1,0.6504376
c03,4,0,0,0.39203134
c03,5,0,0,0.4985053
c03,6,0,1,0.8434743
c03,7,0,1,0.68079895
c03,8,0,0,0.36949918
c03,10,0,1,0.5256316
c03,11,0,0,0.39708287
c03,12,0,0,0.26213023
c03,13,0,0,0.2628302
c03,14,0,1,0.55811965
c03,15,0,0,0.2572275
c03,16,0,0,0.43113628
c03,17,0,0,0.42047474
c03,18,0,1,0.6883617
c03,19,0,0,0.24040931
c03,21,0,0,0.273019
c03,22,0,0,0.49788982
c03,23,0,0,0.3535555
c03,24,0,0,0.3225767
c03,25,0,0,0.3565771
c03,26,0,1,0.58638966
c03,28,0,0,0.25951743
c03,29,0,1,0.65765375
c03,30,0,0,0.28329036
c03,31,0,0,0.48723057
c03,32,0,1,0.81315476
c03,33,0,0,0.3784415
c03,34,0,1,0.6829608
c03,35,0,1,0.667608
c03,36,0,1,0.6232424
c03,37,0,0,0.40241647
c03,38,0,0,0.4514477
c03,39,0,0,0.3854207
c03,40,0,1,0.535119
c03,41,0,0,0.47951704
c03,43,0,0,0.3516216
c03,45,0,0,0.282041
c03,48,0,0,0.41708207
c03,49,0,0,0.26383674
c03,50,0,0,0.28808263
c03,51,0,1,0.5185162
c03,52,0,0,0.2992098
c03,54,0,0,0.32827643
c03,55,0,0,0.22342429
c03,56,0,1,0.8496619
c03,57,0,0,0.49461734
c03,58,0,0,0.49245542
c03,59,0,0,0.2882243
c03,60,0,0,0.29022926
c03,61,0,0,0.31196344
c03,62,0,0,0.26362705
c03,63,0,0,0.2648391
c03,64,0,0,0.27775994
c03,65,0,0,0.29624775
c03,66,0,0,0.27801418
c03,67,0,0,0.24972112
c03,68,0,0,0.34491962
c03,70,0,0,0.346068
c03,71,0,0,0.40288538
c03,72,0,0,0.2874405
c03,73,0,0,0.32881856
c03,74,0,0,0.44792166
c03,75,0,1,0.60124177
c03,76,0,1,0.5365606
c03,77,0,1,0.5372408
c03,78,0,0,0.3609184
c03,79,0,1,0.60075104
c03,80,0,1,0.54940957
c03,81,0,1,0.6307606
c03,82,0,1,0.5117291
c03,83,0,1,0.7725419
c03,84,0,1,0.8649739
c03,85,0,1,0.5316972
c03,86,0,1,0.7008889
c03,87,0,1,0.77757424
c03,88,0,1,0.65344894
c03,89,0,1,0.7219977
c03,90,0,1,0.5318855
c03,91,0,1,0.51525795
c03,92,0,1,0.55739564
c03,93,0,1,0.5418936
c03,94,0,1,0.721662
c03,95,0,1,0.5472167
c03,96,0,1,0.7230367
c03,97,0,1,0.655348
c03,98,0,1,0.5830219
c03,99,0,1,0.55999625
c03,100,0,1,0.5734172
c03,101,0,1,0.50241965
c03,102,0,1,0.52134895
c03,103,0,1,0.6563038
c03,104,0,1,0.6371697
c03,105,0,1,0.542005
c03,106,0,1,0.57407045
c03,107,0,1,0.6328277
c03,108,0,1,0.55887985
c03,109,0,1,0.5921513
c03,110,0,0,0.493027
c03,111,0,1,0.52457464
c03,112,0,1,0.5161691
c03,113,0,1,0.52310723
c03,114,0,0,0.37964976
c03,115,0,0,0.49285698
c03,116,0,0,0.49999368
c03,117,0,0,0.44634435
c03,118,0,1,0.5240949
c03,119,0,1,0.5690917
c03,120,0,1,0.533649
c03,121,0,1,0.5929828
c03,123,0,1,0.5279192
c03,125,0,1,0.6086048
c03,126,0,0,0.4873335
c03,127,0,1,0.609011
c03,128,0,1,0.5374732
c03,129,0,1,0.52977747
c03,130,0,1,0.5417124
c03,131,0,0,0.4144615
c03,132,0,1,0.63284564
c03,133,0,0,0.37540582
c03,134,0,0,0.49515173
c03,135,0,1,0.6225601
c03,136,0,1,0.78608674
c03,137,0,1,0.85784334
c03,138,0,1,0.64566004
c03,139,0,1,0.5771035
c03,140,0,1,0.6902072
c03,141,0,1,0.8246378
c03,142,0,1,0.6359062
c03,143,0,0,0.49306968
c03,144,0,1,0.63546705
c03,145,0,1,0.6009874
c03,146,0,1,0.5851846
c03,147,0,0,0.4772501
c03,148,0,1,0.5250952
c03,149,0,0,0.49856207
c03,150,0,1,0.5089224
c03,151,0,1,0.6612055
c03,152,0,1,0.56617427
c03,153,0,1,0.5865706
c03,154,0,0,0.45533916
c03,155,0,1,0.5213043
c03,156,0,1,0.68894297
c03,157,0,1,0.66624963
c03,158,0,1,0.7440837
c03,159,0,1,0.58818793
c03,160,0,1,0.6088134
c03,161,0,1,0.83261824
c03,162,0,1,0.6508584
c03,163,0,1,0.73670095
c03,164,0,1,0.6636552
c03,165,0,1,0.6467042
c03,166,0,1,0.5079052
c03,167,0,1,0.6513722
c03,168,0,0,0.14969155
c03,169,0,0,0.15475878
c03,170,0,1,0.53717524
c03,171,0,0,0.16545722
c03,172,0,1,0.66125107
c03,173,0,1,0.5599699
c03,174,0,1,0.5885796
c03,175,0,1,0.5482514
c03,176,0,1,0.7732591
c03,177,0,0,0.15505145
c03,178,0,1,0.51036656
c03,179,0,1,0.64965534
c03,180,0,1,0.7424572
c03,181,0,1,0.722484
c03,182,0,1,0.6507072
c03,183,0,0,0.4981761
c03,184,0,1,0.7113929
c03,185,0,0,0.4675561
c03,186,0,0,0.46787
c03,187,0,0,0.1600939
c03,188,0,1,0.8082571
c03,189,0,1,0.6817559
c03,190,0,1,0.7618807
c03,191,0,1,0.7970392
c03,192,0,1,0.6464949
c03,193,0,1,0.727798
c03,194,0,1,0.5247592
c03,195,0,0,0.49487558
c03,196,0,1,0.6931729
c03,197,0,1,0.5028512
c03,198,0,1,0.747399
c03,199,0,1,0.53216803
c03,200,0,1,0.67050767
c03,201,0,1,0.5366794
c03,202,0,1,0.5040006
c03,203,0,0,0.46399662
c03,204,0,0,0.45329374
c03,205,0,0,0.31505504
c03,207,0,0,0.31995806
c03,208,0,0,0.36963204
c03,211,0,0,0.479597
c03,212,0,0,0.43121728
c03,213,0,0,0.29175138
c03,214,0,0,0.27216637
c03,215,0,1,0.6543126
c03,218,0,1,0.5096015
c03,219,0,0,0.29832298
c03,220,0,0,0.49279934
c03,221,0,0,0.46100563
c03,223,0,0,0.47616175
c03,224,0,1,0.5260749
c03,228,0,1,0.5156598
c03,229,0,0,0.37536022
c03,230,0,1,0.5201599
c03,231,0,0,0.23343226
c03,232,0,1,0.54198664
c03,233,0,0,0.4565272
c03,234,0,1,0.5143823
c03,235,0,0,0.3990275
c03,236,0,0,0.4616555
c03,237,0,0,0.4776262
c03,238,0,1,0.51237786
c03,239,0,1,0.5874707
c03,240,0,0,0.46480072
c03,241,0,0,0.46355632
c03,242,0,1,0.5164778
c03,243,0,0,0.30013752
c03,244,0,0,0.37599188
c03,245,0,1,0.5079166
c03,246,0,1,0.85751253
c03,247,0,1,0.65331924
c03,248,0,1,0.6710523
c03,249,0,1,0.6345776
c03,250,0,1,0.6887367
c03,251,0,1,0.6138349
c03,252,0,1,0.58776087
c03,253,0,1,0.84396416
c03,254,0,1,0.79439616
c03,255,0,1,0.56102693
c03,256,0,1,0.5283461
c03,257,0,1,0.6254771
c03,258,0,1,0.501852
c03,259,0,1,0.6480905
c03,260,0,1,0.5051846
c03,261,0,1,0.6469868
c03,262,0,1,0.6959574
c03,263,0,1,0.6181893
c03,264,0,1,0.61252075
c03,265,0,1,0.60452515
c03,266,0,1,0.6658032
c03,267,0,1,0.5934299
c03,268,0,1,0.75379044
c03,269,0,0,0.45665008
c03,270,0,1,0.51822793
c03,271,0,1,0.69039017
c03,272,0,0,0.44005415
c03,273,0,1,0.60816765
c03,274,0,1,0.52565855
c03,275,0,1,0.5525217
c03,276,0,1,0.50675064
c03,277,0,1,0.5714251
c03,278,0,1,0.6635371
c03,279,0,1,0.6031245
c03,280,0,1,0.67775404
c03,281,0,0,0.48433957
c03,282,0,1,0.68440807
c03,283,0,1,0.5530617
c03,284,0,1,0.5839585
c03,285,0,1,0.52858365
c03,286,0,1,0.78105956
c03,287,0,1,0.85149306
c03,288,0,1,0.84009784
c03,289,0,1,0.67353797
c03,290,0,1,0.6712305
c03,291,0,1,0.71231383
c03,292,0,1,0.70642066
c03,293,0,1,0.5804988
c03,294,0,1,0.597919
c03,295,0,1,0.680141
c03,296,0,1,0.61757773
c03,298,0,0,0.46270856
c03,299,0,0,0.38867033
c03,300,0,1,0.7189368
c03,301,0,1,0.5871284
c03,302,0,1,0.66908777
c03,303,0,1,0.7082673
c03,304,0,1,0.50145197
c03,306,0,1,0.62741804
c03,307,0,1,0.61691767
c03,308,0,1,0.5473253
c03,309,0,1,0.600592
c03,310,0,0,0.45954758
c03,311,0,1,0.5828653
c03,312,0,1,0.6804969
c03,313,0,1,0.52964705
c03,314,0,0,0.47527266
c03,315,0,1,0.579639
c03,316,0,1,0.5757932
c03,318,0,1,0.58268976
c03,319,0,1,0.61264086
c03,320,0,1,0.6135203
c03,321,0,1,0.5077062
c03,322,0,1,0.6746866
c03,323,0,1,0.6486722
c03,324,0,0,0.46501467
c03,325,0,0,0.4915218
c03,326,0,1,0.68633693
c03,327,0,1,0.6188579
c03,328,0,1,0.6469949
c03,331,0,1,0.7170927
c03,332,0,1,0.6246869
c03,333,0,1,0.50224066
c03,334,0,1,0.50102675
c03,335,0,1,0.8729171
c03,336,0,1,0.6841733
c03,337,0,1,0.5778137
c03,338,0,1,0.6967582
c03,339,0,1,0.682283
c03,340,0,1,0.64469224
c03,341,0,1,0.6102789
c03,342,0,1,0.73316133
c03,343,0,1,0.6712585
c03,344,0,0,0.40723217
c03,345,0,1,0.71198875
c03,346,0,1,0.52601314
c03,347,0,1,0.526819
c03,348,0,1,0.5817433
c03,349,0,0,0.48257372
c03,350,0,0,0.45463663
c03,351,0,1,0.5233755
c03,352,0,1,0.59270114
c03,353,0,0,0.45819056
c03,354,0,1,0.8368811
c03,355,0,1,0.6033941
c03,356,0,1,0.5072289
c03,357,0,1,0.69763356
c03,359,0,1,0.52107126
c03,360,0,0,0.48774448
c03,361,0,1,0.6971563
c03,362,0,0,0.27063346
c03,363,0,0,0.27219406
c03,364,0,1,0.64212567
c03,366,0,0,0.2599172
c03,367,0,0,0.43839025
c03,368,0,1,0.5807971
c03,369,0,1,0.8720517
c03,370,0,1,0.64961696
c03,371,0,1,0.5869002
c03,372,0,1,0.55496544
c03,373,0,1,0.7052301
c03,374,0,0,0.4536462
c03,375,0,1,0.55491483
c03,376,0,0,0.49809304
c03,377,0,1,0.5217484
c03,378,0,1,0.8567487
c03,380,0,0,0.46320584
c03,381,0,1,0.6500492
c03,382,0,1,0.61009884
c03,383,0,0,0.35536605
c03,385,0,0,0.27273533
c03,386,0,0,0.48387584
c03,387,0,0,0.33813515
c03,388,0,0,0.3133878
c03,390,0,0,0.27197292
c03,391,0,1,0.51419455
c03,393,0,0,0.28816918
c03,394,0,0,0.23912957
c03,399,0,0,0.45498496
c03,401,0,0,0.27941182
c03,402,0,0,0.2545709
c03,403,0,1,0.87241566
c03,405,0,1,0.569437
c03,406,0,1,0.6190005
c03,407,0,1,0.6379579
c03,408,0,0,0.2612383
c03,409,0,0,0.36621496
c03,410,0,0,0.41276723
c03,411,0,0,0.2570469
c03,412,0,0,0.34256375
c03,413,0,0,0.30273107
c03,414,0,0,0.3614028
c03,415,0,0,0.42979676
c03,416,0,0,0.28571483
c03,417,0,0,0.49533826
c03,420,0,0,0.49814522
c03,421,0,1,0.7482898
c03,422,0,1,0.8729999
c03,423,0,1,0.80607337
c03,424,0,1,0.7378815
c03,425,0,1,0.6619826
c03,426,0,0,0.40981585
c03,427,0,1,0.61350805
c03,428,0,1,0.6483185
c03,429,0,0,0.43398798
c03,430,0,1,0.50471056
c03,431,0,1,0.6208126
c03,432,0,0,0.46288303
c03,434,0,1,0.5938092
c03,435,0,1,0.56855357
c03,436,0,1,0.5216256
c03,437,0,0,0.4800727
c03,438,0,0,0.46459764
c03,439,0,1,0.61544245
c03,440,0,1,0.61542535
c03,441,0,1,0.6843556
c03,442,0,1,0.8645128
c03,443,0,1,0.8514422
c03,444,0,1,0.5958338
c03,445,0,1,0.5964992
c03,446,0,1,0.6725367
c03,447,0,0,0.4094722
c03,448,0,1,0.5151246
c03,449,0,1,0.6565429
c03,450,0,1,0.5286003
c03,451,0,1,0.8733971
c03,452,0,1,0.75639474
c04,19,0,0,0.10413441
c04,20,0,0,0.2419097
c04,21,0,0,0.3232964
c04,22,0,0,0.29667798
c04,23,0,0,0.3484081
c04,24,0,0,0.40095776
c04,25,0,0,0.38101828
c04,26,0,0,0.3587788
c04,27,0,0,0.3964096
c04,28,0,0,0.3387572
c04,29,0,0,0.285068
c04,30,0,0,0.35861424
c04,31,0,0,0.37017325
c04,32,0,0,0.2688242
c04,33,0,0,0.38205126
c04,34,0,0,0.36533743
c04,35,0,0,0.38598332
c04,36,0,0,0.33955383
c04,37,0,0,0.38988176
c04,38,0,0,0.30930385
c04,39,0,0,0.40200755
c04,40,0,0,0.23102824
c04,41,0,0,0.33711836
c04,42,0,0,0.34023732
c04,43,0,0,0.40229195
c04,44,0,0,0.3232486
c04,45,0,0,0.3628155
c04,46,0,0,0.41680545
c04,47,0,0,0.49876532
c04,48,0,0,0.3943548
c04,49,0,0,0.39401945
c04,50,0,0,0.36628056
c04,51,0,0,0.3844975
c04,52,0,0,0.39094853
c04,53,0,0,0.34222883
c04,54,0,0,0.3224668
c04,55,0,0,0.40301928
c04,56,0,0,0.30902448
c04,57,0,0,0.4061309
c04,58,0,0,0.41020682
c04,59,0,0,0.32036668
c04,60,0,0,0.30979094
c04,61,0,0,0.36210927
c04,62,0,0,0.33475164
c04,63,0,0,0.39580014
c04,64,0,0,0.37023595
c04,65,0,0,0.31273255
c04,66,0,0,0.2982166
c04,67,0,0,0.31887996
c04,68,0,0,0.2953238
c04,69,0,0,0.37026414
c04,70,0,0,0.3793862
c04,71,0,0,0.34487826
c04,72,0,0,0.3115698
c04,73,0,0,0.30704618
c04,74,0,0,0.31538045
c04,75,0,0,0.37169543
c04,76,0,0,0.30425385
c04,77,0,0,0.30230626
c04,78,0,0,0.42866403
c04,79,0,0,0.2267868
c04,80,0,0,0.27061915
c04,81,0,0,0.28842193
c04,82,0,0,0.29237422
c04,83,0,0,0.26993158
c04,84,0,0,0.2855809
c04,85,0,0,0.27754262
c04,86,0,0,0.3355482
c04,87,0,0,0.25086892
c04,88,0,0,0.30425537
c04,89,0,0,0.25211322
c04,90,0,0,0.2612127
c04,91,0,0,0.27198797
c04,92,0,0,0.28094196
c04,93,0,0,0.29622385
c04,94,0,0,0.3060337
c04,95,0,0,0.2896993
c04,96,0,0,0.30545214
c04,97,0,0,0.26736927
c04,98,0,0,0.2533424
c04,99,0,0,0.25849432
c04,100,0,0,0.32274735
c04,101,0,0,0.27167982
c04,102,0,0,0.25963274
c04,103,0,0,0.266607
c04,104,0,0,0.2647689
c04,105,0,0,0.29079077
c04,106,0,0,0.27584082
c04,107,0,0,0.2616185
c04,108,0,0,0.26344773
c04,109,0,0,0.28811347
c04,110,0,0,0.30094433
c04,111,0,0,0.27629933
c04,112,0,0,0.29015595
c04,113,0,0,0.2874086
c04,114,0,0,0.34129354
c04,115,0,0,0.29698405
c04,116,0,0,0.29371038
c04,117,0,0,0.2703862
c04,118,0,0,0.30593425
c04,119,0,0,0.269917
c04,120,0,0,0.28462678
c04,121,0,0,0.27008796
c04,122,0,0,0.34412697
c04,123,0,0,0.30048493
c04,124,0,0,0.29745123
c04,125,0,0,0.2777631
c04,126,0,0,0.28225672
c04,127,0,0,0.32092637
c04,128,0,0,0.29786202
c04,129,0,0,0.31958467
c04,130,0,0,0.4142773
c04,131,0,0,0.33684513
c04,132,0,0,0.30348206
c04,133,0,0,0.32285857
c04,134,0,0,0.3069208
c04,135,0,0,0.35058445
c04,136,0,0,0.33860734
c04,137,0,0,0.33892217
c04,138,0,0,0.3731855
c04,139,0,0,0.32225263
c04,140,0,0,0.31664258
c04,141,0,0,0.3418705
c04,142,0,0,0.3359071
c04,143,0,0,0.35181618
c04,144,0,0,0.3351288
c04,145,0,0,0.30151477
c04,146,0,0,0.32702154
c04,147,0,0,0.34512943
c04,148,0,0,0.3361264
c04,149,0,0,0.31449592
c04,150,0,0,0.3458935
c04,151,0,0,0.3749458
c04,152,0,0,0.32320526
c04,153,0,0,0.35785693
c04,154,0,0,0.2878345
c04,155,0,0,0.3216394
c04,156,0,0,0.28145787
c04,157,0,0,0.2608748
c04,158,0,0,0.28727967
c04,159,0,0,0.27272502
c04,160,0,0,0.26756942
c04,161,0,0,0.26769444
c04,162,0,0,0.267412
c04,163,0,0,0.24937955
c04,164,0,0,0.26641658
c04,165,0,0,0.23782837
c04,166,0,0,0.23867153
c04,167,0,0,0.2560787
c04,168,0,0,0.25377503
c04,169,0,0,0.26276395
c04,170,0,0,0.2617107
c04,171,0,0,0.25033972
c04,172,0,0,0.2511084
c04,173,0,0,0.26299408
c04,174,0,0,0.25032288
c04,175,0,0,0.24979897
c04,176,0,0,0.26717088
c04,177,0,0,0.26358238
c04,178,0,0,0.25730363
c04,179,0,0,0.25681588
c04,180,0,0,0.23793763
c04,181,0,0,0.27218395
c04,182,0,0,0.2506805
c04,183,0,0,0.2201491
c04,184,0,0,0.24709593
c04,185,0,0,0.24287874
c04,186,0,0,0.27833897
c04,187,0,0,0.23122159
c04,188,0,0,0.246042
c04,189,0,0,0.27928263
c04,190,0,0,0.26649827
c04,191,0,0,0.23926806
c04,192,0,0,0.23889574
c04,193,0,0,0.23368382
c04,194,0,0,0.22597277
c04,195,0,0,0.28139666
c04,196,0,0,0.22443773
c04,197,0,0,0.23701224
c04,198,0,0,0.2436992
c04,199,0,0,0.20772175
c04,200,0,0,0.23459719
c04,201,0,0,0.23857579
c04,202,0,0,0.22126244
c04,203,0,0,0.21894512
c04,204,0,0,0.22301185
c04,205,0,0,0.23348333
c04,206,0,0,0.23652247
c04,207,0,0,0.25055483
c04,208,0,0,0.22023009
c04,209,0,0,0.22286542
c04,210,0,0,0.22190593
c04,211,0,0,0.2307955
c04,212,0,0,0.22230136
c04,213,0,0,0.23507963
c04,214,0,0,0.2690106
c04,215,0,0,0.22724627
c04,216,0,0,0.21018879
c04,217,0,0,0.23090152
c04,218,0,0,0.22555172
c04,219,0,0,0.22602937
c04,220,0,0,0.21245988
c04,221,0,0,0.21263467
c04,222,0,0,0.20383929
c04,223,0,0,0.21563937
c04,224,0,0,0.2039834
c04,225,0,0,0.23912159
c04,226,0,0,0.29270408
c04,227,0,0,0.22588217
c04,228,0,0,0.19731921
c04,229,0,0,0.21974212
c04,230,0,0,0.20737788
c04,231,0,0,0.24136847
c04,232,0,0,0.20456041
c04,233,0,0,0.22230807
c04,234,0,0,0.21666324
c04,235,0,0,0.2289715
c04,236,0,0,0.20516013
c04,237,0,0,0.24237266
c04,238,0,0,0.2880776
c04,239,0,0,0.24978542
c04,240,0,0,0.2517171
c04,241,0,0,0.27512577
c04,242,0,0,0.28615776
c04,243,0,0,0.25766915
c04,244,0,0,0.232239
c04,245,0,0,0.30874795
c04,246,0,0,0.26663825
c04,247,0,0,0.27994245
c04,248,0,0,0.28952044
c04,249,0,0,0.251521
c04,250,0,0,0.2596319
c04,251,0,0,0.3061462
c04,252,0,0,0.26446262
c04,253,0,0,0.2897416
c04,254,0,0,0.24218594
c04,255,0,0,0.26325086
c04,256,0,0,0.23523669
c04,257,0,0,0.23257118
c04,258,0,0,0.2774866
c04,259,0,0,0.25880656
c04,260,0,0,0.45094466
c04,261,0,0,0.40494084
c04,262,0,0,0.14070246
c04,263,0,0,0.12894437
c04,264,0,0,0.18696925
c04,265,0,0,0.14345324
c04,266,0,0,0.13371894
c04,268,0,0,0.18891798
c04,269,0,0,0.15705456
c04,270,0,0,0.1255663
c04,271,0,0,0.16500165
c04,272,0,0,0.14608358
c04,273,0,0,0.13307875
c04,275,0,1,0.5093966
c04,276,0,0,0.13131474
c04,277,0,1,0.59410316
c04,278,0,0,0.17599414
c04,279,0,0,0.13093264
c04,280,0,0,0.13124909
c04,281,0,0,0.13418774
c04,282,0,0,0.14435703
c04,283,0,0,0.13138166
c04,284,0,0,0.12517059
c04,285,0,1,0.57074374
c04,286,0,0,0.35335767
c04,287,0,0,0.3043637
c04,288,0,0,0.33013335
c04,289,0,0,0.16476718
c04,290,0,0,0.1316059
c04,291,0,0,0.13308187
c04,292,0,0,0.13982278
c04,293,0,0,0.15171675
c04,294,0,0,0.15001497
c04,295,0,0,0.13014898
c04,296,0,0,0.12936118
c04,297,0,0,0.31654146
c04,298,0,0,0.1442724
c04,299,0,0,0.20354617
c04,300,0,0,0.14990665
c04,301,0,0,0.15207765
c04,302,0,0,0.12481948
c04,303,0,0,0.14507394
c04,304,0,0,0.40667808
c04,305,0,0,0.4118059
c04,306,0,0,0.39751005
c04,307,0,0,0.4458766
c04,308,0,0,0.37511855
c04,309,0,0,0.39885128
c04,311,0,0,0.3833414
c04,312,0,0,0.399766
c04,313,0,0,0.34499562
c04,314,0,0,0.43300432
c04,315,0,0,0.4340192
c04,316,0,0,0.36016217
c04,317,0,0,0.428961
c04,318,0,0,0.34994555
c04,319,0,0,0.4109577
c04,320,0,0,0.37826458
c04,321,0,0,0.40313613
c04,322,0,0,0.3086338
c04,323,0,0,0.4564876
c04,324,0,0,0.4630396
c04,325,0,0,0.3720335
c04,326,0,0,0.37951517
c04,327,0,0,0.36129388
c04,328,0,0,0.36442095
c04,329,0,0,0.35386527
c04,330,0,0,0.44753477
c04,331,0,0,0.33285007
c04,332,0,0,0.38137916
c04,333,0,0,0.331321
c04,334,0,0,0.33448094
c04,335,0,0,0.35063645
c04,336,0,0,0.35261795
c04,337,0,0,0.29120776
c04,338,0,0,0.39128196
c04,339,0,0,0.3375186
c04,340,0,0,0.30147725
c04,341,0,0,0.39428407
c04,342,0,0,0.3060175
c04,343,0,0,0.37203482
c04,344,0,0,0.38912687
c04,345,0,0,0.39814296
c04,346,0,0,0.43035164
c04,347,0,0,0.43430158
c04,348,0,0,0.4048504
c04,349,0,0,0.32817775
c04,350,0,0,0.25584686
c04,351,0,0,0.24061145
c04,352,0,0,0.27821514
c04,353,0,0,0.34458843
c04,354,0,0,0.28782406
c04,355,0,0,0.3292291
c04,356,0,0,0.31190434
c04,357,0,0,0.3043374
c04,358,0,0,0.25046787
c04,359,0,0,0.354849
c04,360,0,0,0.376472
c04,361,0,0,0.3751935
c04,362,0,0,0.33948684
c04,363,0,0,0.27989608
c04,364,0,0,0.33967888
c04,365,0,0,0.38707757
c04,366,0,0,0.27574724
c04,367,0,0,0.31608084
c04,368,0,0,0.35897684
c04,369,0,0,0.39758343
c04,370,0,0,0.46602353
c04,371,0,0,0.3735565
c04,372,0,0,0.35775074
c04,373,0,0,0.42104688
c04,374,0,0,0.13413359
c04,375,0,0,0.37634376
c04,376,0,0,0.33327374
c04,377,0,0,0.38378817
c04,378,0,0,0.31873527
c04,379,0,0,0.18842195
c04,380,0,0,0.32069868
c04,381,0,0,0.32079905
c04,383,0,0,0.34047854
c04,384,0,0,0.38399357
c04,385,0,0,0.28991958
c04,386,0,0,0.36514628
c04,387,0,0,0.3170657
c04,388,0,0,0.32731578
c04,389,0,0,0.2986851
c04,390,0,0,0.34359145
c04,391,0,0,0.41657314
c04,392,0,0,0.4516834
c04,393,0,0,0.31417823
c04,394,0,0,0.25173265
c04,395,0,0,0.4351689
c04,396,0,0,0.3954213
c04,397,0,0,0.32383475
c04,398,0,0,0.33122653
c04,399,0,0,0.30112234
c04,400,0,0,0.4024064
c04,401,0,0,0.4851639
c04,402,0,0,0.27703038
c04,403,0,0,0.21264748
c04,404,0,0,0.25253648
c04,405,0,0,0.42591763
c04,406,0,0,0.38652924
c04,407,0,0,0.38053182
c04,408,0,0,0.36681107
c04,409,0,0,0.28539756
c04,410,0,0,0.2775066
c04,411,0,0,0.25064245
c04,412,0,0,0.3248887
c04,413,0,0,0.36575696
c04,414,0,0,0.23738158
c04,415,0,0,0.2564457
c04,416,0,0,0.2797933
c04,417,0,0,0.22372928
c04,418,0,0,0.45269126
c04,419,0,0,0.25705844
c04,420,0,0,0.2569968
c04,421,0,0,0.24660696
c04,422,0,0,0.38083872
c04,423,0,0,0.27722508
c04,424,0,0,0.35985133
c04,425,0,0,0.26709753
c04,426,0,0,0.24508788
c04,427,0,0,0.31418008
c04,428,0,0,0.23062009
c04,429,0,0,0.26487896
c04,430,0,0,0.27794963
c04,431,0,0,0.2355035
c04,432,0,0,0.19678931
c04,433,0,0,0.19035387
c04,434,0,0,0.21635897
c04,435,0,0,0.22895873
c04,436,0,0,0.19915304
c04,437,0,0,0.26718473
c04,438,0,0,0.24783714
c04,439,0,0,0.20631935
c04,440,0,0,0.2045266
c04,441,0,0,0.19056772
c04,442,0,0,0.2354585
c04,443,0,0,0.20765086
c04,444,0,0,0.21578857
c04,445,0,0,0.20116593
c04,446,0,0,0.20250298
c04,447,0,0,0.26407537
c04,448,0,0,0.20271254
c04,449,0,0,0.22353022
c04,450,0,0,0.2022276
c04,451,0,0,0.19289821
c04,452,0,0,0.23391551
c04,453,0,0,0.24414542
c04,454,0,0,0.21167266
c04,455,0,0,0.21968734
c04,456,0,0,0.27854785
c04,457,0,0,0.2316432
c04,458,0,0,0.24601449
c04,459,0,0,0.2645965
c04,460,0,0,0.2059854
c04,461,0,0,0.23536566
c04,462,0,0,0.19322996
c04,463,0,0,0.2125386
c04,464,0,0,0.20748034
c04,465,0,0,0.20819987
c04,466,0,0,0.2405873
c04,467,0,0,0.18434732
c04,468,0,0,0.21271926
c04,469,0,0,0.2320569
c04,470,0,0,0.26748827
c04,471,0,0,0.2642142
c04,472,0,0,0.23524962
c04,473,0,0,0.2110438
c04,474,0,0,0.2348562
c04,475,0,0,0.26661518
c04,476,0,0,0.23720412
c04,477,0,0,0.41570964
c04,478,0,0,0.3542884
c04,479,0,0,0.34397805
c04,480,0,0,0.28575858
c05,1,0,0,0.4249515
c05,2,0,0,0.22968996
c05,3,0,0,0.29011467
c05,4,0,0,0.25954744
c05,5,0,1,0.547456
c05,6,1,0,0.33538195
c05,7,0,0,0.24628969
c05,8,0,1,0.513941
c05,9,0,0,0.40816632
c05,10,0,0,0.3302546
c05,11,0,0,0.31475067
c05,12,0,0,0.17835918
c05,13,0,0,0.19961376
c05,14,0,0,0.21868396
c05,15,0,0,0.16807713
c05,16,0,0,0.44199592
c05,17,0,0,0.17254983
c05,19,0,0,0.3659812
c05,20,0,0,0.18176706
c05,21,0,0,0.23282142
c05,22,0,0,0.20362012
c05,23,0,0,0.19882193
c05,26,0,0,0.41681287
c05,27,0,0,0.4248133
c05,28,0,0,0.20050053
c05,29,0,0,0.28666556
c05,30,0,0,0.3435848
c05,31,0,0,0.35354942
c05,34,0,0,0.40445244
c05,37,0,0,0.48481408
c05,38,0,0,0.41992077
c05,39,0,0,0.18201439
c05,40,0,0,0.30384275
c05,41,0,0,0.22552286
c05,44,0,0,0.18422578
c05,45,0,0,0.27407247
c05,46,0,0,0.4330703
c05,47,0,0,0.4407346
c05,48,0,0,0.27434224
c05,49,0,0,0.4504353
c05,50,0,0,0.46640497
c05,51,0,0,0.45944393
c05,52,0,0,0.31114307
c05,53,0,0,0.22358799
c05,54,0,0,0.22189055
c05,55,0,0,0.16665527
c05,57,0,0,0.40543848
c05,58,0,0,0.22633332
c05,59,0,0,0.3550087
c05,60,0,0,0.35280484
c05,61,0,0,0.35018864
c05,63,0,0,0.39530906
c05,65,0,0,0.39833066
c05,66,0,1,0.5363745
c05,67,0,1,0.51800334
c05,69,0,0,0.4822465
c05,70,0,0,0.2598232
c05,71,0,0,0.48282504
c05,72,0,1,0.5004016
c05,73,0,0,0.37256488
c05,74,0,0,0.34315982
c05,75,0,1,0.5013446
c05,76,0,1,0.50244576
c05,77,0,0,0.46600136
c05,78,0,0,0.46704575
c05,80,0,0,0.42994422
c05,81,0,0,0.47207296
c05,82,0,0,0.45278725
c05,83,0,0,0.4594188
c05,84,0,1,0.50468385
c05,86,0,0,0.4640818
c05,87,0,0,0.23724067
c05,88,0,0,0.33166647
c05,89,0,0,0.42949104
c05,90,0,1,0.792253
c05,91,0,0,0.37506258
c05,92,0,0,0.28268296
c05,93,0,0,0.44415593
c05,94,0,0,0.4216552
c05,95,0,1,0.55203307
c05,96,0,0,0.47027937
c05,97,0,0,0.3433513
c05,100,0,0,0.43704328
c05,101,0,0,0.24913463
c05,102,0,0,0.31452087
c05,104,0,0,0.3237278
c05,105,0,0,0.26079726
c05,107,0,0,0.21252632
c05,109,0,0,0.47832602
c05,110,0,1,0.80732965
c05,111,0,1,0.6425456
c05,113,0,1,0.54870373
c05,114,0,0,0.38882688
c05,115,0,0,0.306982
c05,116,0,1,0.5274486
c05,117,0,0,0.36400256
c05,118,0,0,0.38652676
c05,119,0,0,0.34185374
c05,120,0,0,0.26498625
c05,121,0,0,0.49170187
c05,122,0,1,0.53981644
c05,123,0,0,0.4999609
c05,124,0,0,0.38245037
c05,125,0,1,0.544189
c05,126,0,1,0.6421952
c05,127,0,1,0.51498663
c05,128,0,0,0.39603257
c05,129,0,0,0.43569988
c05,132,0,0,0.3517954
c05,133,0,0,0.26805505
c05,134,0,0,0.21594661
c05,135,0,0,0.38921553
c05,136,0,0,0.37644634
c05,137,0,1,0.5671671
c05,138,0,0,0.455856
c05,139,0,0,0.46677938
c05,140,0,0,0.24229689
c05,142,0,1,0.60112274
c05,143,0,1,0.58844066
c05,144,0,0,0.30539513
c05,145,0,1,0.6856324
c05,146,0,1,0.7648782
c05,147,0,0,0.44932586
c05,148,0,1,0.65159184
c05,149,0,0,0.4773958
c05,150,0,0,0.30516994
c05,151,0,0,0.25141048
c05,153,0,1,0.60974425
c05,156,0,0,0.40691516
c05,157,0,0,0.1983037
c05,158,0,0,0.35406777
c05,159,0,0,0.2280525
c05,160,0,0,0.21672744
c05,161,0,0,0.47776586
c05,162,0,0,0.31140596
c05,163,0,1,0.61809003
c05,164,0,1,0.63678
c05,165,0,1,0.7726965
c05,166,0,0,0.32171556
c05,167,0,0,0.35648215
c05,168,0,0,0.4129586
c05,169,0,0,0.401959
c05,170,0,1,0.54428375
c05,171,0,0,0.3588834
c05,175,0,0,0.17505713
c05,177,0,0,0.22380824
c05,178,0,0,0.27873683
c05,180,0,0,0.2059344
c05,182,0,0,0.17761737
c05,183,0,0,0.26843646
c05,184,0,0,0.20567389
c05,185,0,0,0.34129807
c05,186,0,0,0.24474932
c05,188,0,0,0.41459277
c05,190,0,0,0.43228623
c05,191,0,0,0.39270118
c05,193,0,0,0.20826222
c05,194,0,1,0.6319696
c05,195,0,1,0.6206759
c05,196,0,1,0.51090443
c05,197,0,1,0.58562946
c05,199,0,0,0.20914194
c05,200,0,0,0.3805217
c05,201,0,0,0.2741134
c05,202,0,0,0.36244917
c05,203,0,0,0.38792732
c05,204,0,0,0.43434083
c05,205,0,1,0.54945624
c05,206,0,1,0.6851421
c05,207,0,0,0.43281075
c05,208,0,0,0.34961972
c05,209,0,1,0.79992694
c05,210,0,0,0.43172926
c05,211,0,0,0.29965279
c05,212,0,0,0.20020987
c05,213,0,0,0.38259396
c05,214,0,0,0.31805435
c05,215,0,1,0.51625526
c05,216,0,0,0.32675624
c05,217,0,0,0.42468584
c05,218,0,0,0.30884862
c05,219,0,0,0.4287061
c05,220,0,1,0.67137265
c05,221,0,0,0.32701176
c05,222,0,1,0.51979285
c05,223,0,0,0.32033947
c05,225,0,0,0.42190775
c05,226,0,0,0.47092643
c05,228,0,0,0.33550933
c05,229,0,0,0.46901032
c05,230,0,0,0.23489408
c05,232,0,1,0.5331952
c05,233,0,0,0.4725558
c05,236,0,0,0.19401784
c05,237,0,0,0.1950289
c05,238,0,0,0.33181334
c05,240,0,0,0.32198352
c05,241,0,0,0.18045606
c05,242,0,0,0.48919007
c05,244,0,0,0.35747525
c05,245,0,0,0.36054882
c05,246,0,0,0.44591215
c05,249,0,0,0.2824883
c05,250,0,0,0.45704314
c05,251,0,0,0.3830842
c05,253,0,0,0.18698116
c05,254,0,0,0.48278436
c05,255,0,1,0.8029671
c05,256,0,1,0.5420397
c05,257,0,0,0.29397562
c05,258,0,1,0.5102701
c05,259,0,0,0.31914216
c05,260,0,0,0.47180787
c05,261,0,0,0.4324146
c05,262,0,0,0.37102464
c05,263,0,0,0.25524083
c05,264,0,0,0.26914245
c05,265,0,0,0.42945772
c05,266,0,0,0.18334225
c05,267,0,1,0.5306663
c05,268,0,0,0.22881009
c05,269,0,0,0.4138206
c05,270,0,0,0.34436175
c05,271,0,0,0.40747207
c05,272,0,0,0.46707472
c05,274,0,0,0.38098156
c05,275,0,1,0.8013209
c05,276,0,0,0.35380924
c05,277,0,0,0.4290045
c05,278,0,0,0.47698066
c05,279,0,0,0.3650075
c05,280,0,0,0.35840955
c05,281,0,0,0.47087753
c05,282,0,0,0.42313638
c05,283,0,0,0.46396762
c05,284,0,1,0.6897521
c05,285,0,0,0.44558337
c05,287,0,0,0.49178776
c05,288,0,0,0.45291612
c05,289,0,0,0.44220927
c05,292,0,0,0.23348713
c05,293,0,0,0.32802126
c05,294,0,0,0.26181605
c05,295,0,1,0.7466706
c05,297,0,0,0.18289663
c05,299,0,0,0.47715423
c05,300,0,1,0.8104618
c05,301,0,0,0.28014106
c05,303,0,0,0.4720365
c05,305,0,0,0.4578965
c05,306,0,0,0.34228882
c05,307,0,1,0.5023345
c05,308,0,0,0.46127763
c05,309,0,0,0.4886416
c05,310,0,0,0.36522737
c05,311,0,0,0.33645225
c05,312,0,0,0.43690923
c05,313,0,0,0.41178212
c05,314,0,0,0.36833304
c05,315,0,0,0.32309678
c05,316,0,1,0.71371394
c05,317,0,1,0.5751275
c05,318,0,0,0.31175056
c05,319,0,0,0.4690236
c05,320,0,0,0.40403944
c05,321,0,1,0.56530166
c05,322,0,0,0.32279253
c05,323,0,0,0.2901596
c05,324,0,0,0.29889446
c05,325,0,0,0.43531477
c05,327,0,1,0.56532425
c05,329,0,0,0.33504102
c05,330,0,0,0.37212142
c05,331,0,0,0.3088185
c05,332,0,0,0.42068446
c05,334,0,0,0.30971253
c05,335,0,0,0.3153566
c05,336,0,0,0.41273734
c05,337,0,0,0.38805464
c05,339,0,0,0.31379133
c05,340,0,0,0.23314452
c05,341,0,0,0.4351027
c05,342,0,0,0.49778128
c05,343,0,0,0.3679054
c05,344,0,0,0.32900614
c05,345,0,0,0.27548072
c05,346,0,1,0.8103118
c05,347,0,0,0.44203183
c05,348,0,0,0.43039805
c05,349,0,0,0.47151828
c05,350,0,0,0.37270293
c05,351,0,1,0.5008324
c05,352,0,1,0.6302585
c05,353,0,0,0.44624522
c05,354,0,0,0.46626112
c05,355,0,1,0.50812566
c05,356,0,1,0.5647632
c05,358,0,0,0.46243495
c05,359,0,0,0.3502494
c05,360,0,0,0.27779222
c05,361,0,0,0.4974037
c05,362,0,1,0.538282
c05,363,0,0,0.36681676
c05,364,0,0,0.4342763
c05,365,0,0,0.2653802
c05,366,0,1,0.54229647
c05,367,0,0,0.30335924
c05,368,0,1,0.50420773
c05,369,0,1,0.6856491
c05,370,0,1,0.8103119
c05,371,0,1,0.6292681
c05,372,0,0,0.3216323
c05,373,0,1,0.5278091
c05,374,0,0,0.18611166
c05,375,0,0,0.28145367
c05,376,0,0,0.37194267
c05,377,0,0,0.2863009
c05,379,0,1,0.6530052
c05,380,0,0,0.36494893
c05,381,0,0,0.35279483
c05,384,0,1,0.55927205
c05,385,1,1,0.5138108
c05,386,1,1,0.5012784
c05,387,0,1,0.7349585
c05,388,0,0,0.31084478
c05,389,0,0,0.4809177
c05,390,0,0,0.3294683
c05,391,0,1,0.5187214
c05,392,0,0,0.4181011
c05,393,0,0,0.4897685
c05,394,0,1,0.5034589
c05,395,0,0,0.4996608
c05,396,0,0,0.3546216
c05,397,0,0,0.45733786
c05,398,0,0,0.40904126
c05,399,0,0,0.37655616
c05,400,0,0,0.49527982
c05,401,0,0,0.37291208
c05,402,0,0,0.2795158
c05,403,0,0,0.25535828
c05,404,0,0,0.4559046
c05,405,0,0,0.38205495
c05,406,0,0,0.24887486
c05,407,0,1,0.5932621
c05,408,0,0,0.3095874
c05,409,0,0,0.39187214
c05,410,0,0,0.39341164
c05,412,0,0,0.30753168
c05,413,0,0,0.2293996
c05,414,0,0,0.4370927
c05,415,0,0,0.3485994
c05,416,0,0,0.42470482
c05,417,0,0,0.40112296
c05,418,0,0,0.43936127
c05,419,0,0,0.49988124
c05,420,0,0,0.45956025
c05,421,0,0,0.21306732
c05,422,0,0,0.37720925
c05,424,0,0,0.4793968
c05,425,0,0,0.30026448
c05,426,0,0,0.38489974
c05,427,0,0,0.32368243
c05,428,0,0,0.2754593
c05,429,0,0,0.19385241
c05,430,0,0,0.35466993
c05,431,0,0,0.36593485
c05,432,0,0,0.4612979
c05,433,0,0,0.3054068
c05,434,0,0,0.47244677
c05,435,0,0,0.33929217
c05,436,0,0,0.43524095
c05,437,0,0,0.38147882
c05,438,0,0,0.35548967
c05,439,0,0,0.39897
c05,440,0,0,0.46996012
c05,441,0,0,0.18491548
c05,442,0,0,0.21798848
c05,443,0,0,0.30109173
c05,444,0,0,0.41633016
c05,446,0,0,0.257387
c05,447,0,1,0.7965946
c05,448,0,0,0.43904537
c05,449,0,1,0.646439
c05,450,0,0,0.37449485
c05,451,0,0,0.48033956
c05,452,0,0,0.33440873
c05,453,0,0,0.4160709
c05,454,0,0,0.2917649
c05,455,0,0,0.47364944
c05,456,0,0,0.35905796
c05,457,0,0,0.3866986
c05,458,0,0,0.21121727
c05,459,0,0,0.41568208
c05,460,0,1,0.50521463
c05,461,0,1,0.7895575
c05,462,0,1,0.8151449
c05,463,0,0,0.23842897
c05,464,0,1,0.5609453
c05,465,0,1,0.7093361
c06,1,0,0,0.45793644
c06,2,0,0,0.29900286
c06,3,0,0,0.199491
c06,4,0,0,0.13175309
c06,5,0,0,0.25496295
c06,6,0,0,0.45626116
c06,7,0,0,0.4248997
c06,8,0,0,0.18726724
c06,9,0,0,0.4409346
c06,10,0,0,0.45360333
c06,11,0,0,0.4378177
c06,12,0,0,0.20020673
c06,13,0,0,0.20920758
c06,14,0,0,0.13377282
c06,15,0,0,0.1326653
c06,16,0,0,0.15457885
c06,17,0,0,0.12998486
c06,18,0,0,0.4882589
c06,20,0,0,0.2516814
c06,21,0,0,0.22359106
c06,22,0,0,0.14759968
c06,23,0,0,0.16305722
c06,24,0,0,0.2234271
c06,27,0,0,0.33424127
c06,28,0,0,0.38985616
c06,29,0,0,0.24721459
c06,30,0,0,0.23199064
c06,31,0,0,0.24571674
c06,32,0,0,0.23406456
c06,33,0,0,0.15302505
c06,35,0,0,0.19546247
c06,36,0,0,0.36648074
c06,37,0,0,0.16339266
c06,38,0,0,0.3603406
c06,39,0,0,0.34779438
c06,40,0,0,0.19399296
c06,41,0,0,0.40351143
c06,43,0,0,0.16276067
c06,47,0,0,0.3856057
c06,48,0,0,0.3192803
c06,49,0,0,0.45836592
c06,50,0,0,0.38663608
c06,51,0,0,0.33295575
c06,52,0,0,0.48057216
c06,53,0,0,0.34520686
c06,54,0,0,0.30094296
c06,55,0,0,0.15926474
c06,56,0,0,0.14646947
c06,58,0,0,0.37097198
c06,59,0,0,0.17993626
c06,60,0,0,0.18377355
c06,61,0,0,0.37384915
c06,62,0,0,0.24566106
c06,63,0,0,0.3474999
c06,64,0,0,0.37187263
c06,65,0,0,0.29034305
c06,67,0,1,0.5404815
c06,68,0,1,0.7275818
c06,69,0,0,0.43574578
c06,70,0,0,0.46728528
c06,71,0,0,0.34227943
c06,72,0,0,0.43674433
c06,73,0,0,0.41982612
c06,74,0,0,0.3410127
c06,75,0,0,0.42860538
c06,76,0,0,0.31264797
c06,77,0,0,0.49929467
c06,78,0,0,0.44887853
c06,80,0,0,0.390109
c06,81,0,0,0.35388717
c06,82,0,0,0.49093476
c06,83,0,0,0.45292017
c06,84,0,0,0.4431724
c06,85,0,1,0.67229223
c06,86,0,0,0.32252765
c06,87,0,0,0.4080334
c06,88,0,0,0.15953921
c06,89,0,0,0.41049054
c06,91,0,1,0.75998265
c06,92,0,1,0.8319404
c06,93,0,0,0.41776976
c06,94,0,0,0.4571244
c06,96,0,1,0.6305973
c06,97,0,0,0.3588243
c06,98,0,0,0.17652553
c06,99,0,0,0.1544406
c06,101,0,0,0.40404975
c06,102,0,0,0.26955315
c06,103,0,0,0.3076349
c06,106,0,0,0.2373522
c06,107,0,0,0.20404479
c06,108,0,0,0.16100508
c06,109,0,0,0.19460201
c06,110,0,0,0.39398274
c06,111,0,1,0.80670434
c06,112,0,1,0.8478341
c06,113,0,1,0.6164962
c06,114,0,1,0.5220738
c06,115,0,0,0.30479982
c06,116,0,0,0.23231064
c06,117,0,1,0.563233
c06,118,0,0,0.4765362
c06,119,0,0,0.3129893
c06,120,0,0,0.34925023
c06,122,0,0,0.4384214
c06,123,0,1,0.59655344
c06,124,0,0,0.43702483
c06,125,0,0,0.4104205
c06,126,0,1,0.585381
c06,127,0,1,0.7146141
c06,128,0,1,0.5691901
c06,129,0,0,0.34231833
c06,130,0,0,0.27835172
c06,131,0,0,0.3767937
c06,132,0,0,0.24829806
c06,133,0,0,0.3158221
c06,134,0,1,0.548625
c06,135,0,0,0.17455944
c06,136,0,0,0.15599796
c06,137,0,1,0.54355556
c06,138,0,0,0.42916822
c06,139,0,1,0.64430505
c06,140,0,0,0.4738335
c06,141,0,0,0.15242541
c06,142,0,0,0.3466086
c06,143,0,0,0.2763917
c06,144,0,1,0.73653483
c06,145,0,0,0.4847637
c06,146,0,0,0.37673062
c06,147,0,1,0.75412893
c06,148,0,1,0.53937536
c06,149,0,1,0.69089603
c06,150,0,0,0.42836598
c06,151,0,0,0.24504945
c06,153,0,0,0.33003783
c06,154,0,1,0.5994443
c06,155,0,0,0.34880093
c06,157,0,0,0.38234502
c06,159,0,0,0.1873825
c06,160,0,0,0.3064029
c06,161,0,0,0.14324032
c06,162,0,0,0.21190087
c06,163,0,0,0.49853712
c06,164,0,1,0.7219789
c06,165,0,0,0.44111115
c06,166,0,1,0.790773
c06,167,0,0,0.3485004
c06,168,0,0,0.36896706
c06,169,0,0,0.3258224
c06,170,0,0,0.29546595
c06,171,0,0,0.32922423
c06,172,0,0,0.44319987
c06,174,0,0,0.17858636
c06,177,0,0,0.22589375
c06,178,0,0,0.15885547
c06,179,0,0,0.17514044
c06,181,0,0,0.14323364
c06,183,0,0,0.18537204
c06,185,0,0,0.19566062
c06,186,0,0,0.24815695
c06,189,0,0,0.32388934
c06,190,0,0,0.2396938
c06,191,0,0,0.36076134
c06,193,0,0,0.2319843
c06,194,0,0,0.14497584
c06,195,0,1,0.5077931
c06,196,0,1,0.76584035
c06,197,0,0,0.36391202
c06,198,0,1,0.6746713
c06,199,0,0,0.38419276
c06,200,0,0,0.19055589
c06,201,0,0,0.34329644
c06,202,0,0,0.18407698
c06,203,0,0,0.21891314
c06,204,0,0,0.3781193
c06,205,0,0,0.34923947
c06,206,0,0,0.3841781
c06,207,0,1,0.6449396
c06,208,0,1,0.60589767
c06,209,0,0,0.27371287
c06,210,0,1,0.8164879
c06,211,0,0,0.45390907
c06,212,0,0,0.3324151
c06,213,0,0,0.23724556
c06,214,0,0,0.27120778
c06,215,0,0,0.37151882
c06,216,0,0,0.39738193
c06,218,0,0,0.35062277
c06,220,0,1,0.5876415
c06,221,0,1,0.59073156
c06,223,0,0,0.4086248
c06,224,0,0,0.41139394
c06,226,0,0,0.38355538
c06,227,0,1,0.5299462
c06,228,0,0,0.22904082
c06,229,0,0,0.29262665
c06,230,0,0,0.38363576
c06,231,0,0,0.41183794
c06,232,0,0,0.16871801
c06,233,0,1,0.5327384
c06,234,0,1,0.5118185
c06,236,0,0,0.22884852
c06,237,0,0,0.17194992
c06,238,0,0,0.20004064
c06,239,0,0,0.18113941
c06,244,0,0,0.30520314
c06,246,0,0,0.3843319
c06,247,0,0,0.33063996
c06,249,0,0,0.32023975
c06,250,0,0,0.3108611
c06,251,0,1,0.56902385
c06,252,0,0,0.27288637
c06,253,0,0,0.379618
c06,254,0,0,0.17676106
c06,255,0,0,0.21944095
c06,256,0,1,0.82964414
c06,257,0,1,0.7959901
c06,258,0,0,0.36028686
c06,259,0,1,0.51407415
c06,260,0,0,0.46734068
c06,261,0,0,0.38390324
c06,262,0,0,0.43246967
c06,263,0,0,0.30474213
c06,264,0,0,0.19234917
c06,265,0,0,0.1935038
c06,267,0,0,0.301408
c06,268,0,0,0.26300147
c06,269,0,1,0.61775094
c06,270,0,0,0.3136411
c06,271,0,0,0.333032
c06,272,0,0,0.36065096
c06,273,0,0,0.45091292
c06,274,0,0,0.39685732
c06,275,0,0,0.27188024
c06,276,0,1,0.6182608
c06,277,0,1,0.831725
c06,278,0,0,0.37984678
c06,279,0,0,0.4551438
c06,280,0,0,0.30302063
c06,281,0,0,0.25489047
c06,282,0,0,0.42375413
c06,283,0,0,0.25675473
c06,285,0,1,0.7629078
c06,286,0,0,0.41748044
c06,288,0,0,0.49253467
c06,289,0,0,0.3419201
c06,290,0,0,0.41894317
c06,291,0,0,0.3435662
c06,293,0,0,0.27248544
c06,294,0,0,0.14856318
c06,296,0,1,0.7878139
c06,298,0,0,0.15337025
c06,299,0,0,0.17229386
c06,300,0,0,0.31885073
c06,301,0,1,0.8402159
c06,302,0,0,0.20174558
c06,304,0,0,0.45558557
c06,305,0,0,0.26879448
c06,306,0,0,0.15437171
c06,307,0,0,0.39151937
c06,308,0,0,0.4197843
c06,309,0,0,0.41062737
c06,310,0,0,0.48198658
c06,311,0,0,0.29287118
c06,313,0,0,0.4429832
c06,314,0,0,0.4954015
c06,315,0,0,0.27948374
c06,316,0,0,0.3924531
c06,317,0,1,0.7367682
c06,318,0,1,0.6164256
c06,319,0,0,0.18851653
c06,320,0,1,0.5169017
c06,321,0,0,0.242553
c06,322,0,0,0.43461147
c06,323,0,1,0.5876074
c06,324,0,0,0.2608002
c06,325,0,0,0.21790005
c06,327,0,0,0.40626955
c06,328,0,0,0.4726006
c06,329,0,0,0.49937695
c06,330,0,0,0.35665554
c06,331,0,0,0.3251901
c06,332,0,0,0.20192583
c06,333,0,0,0.2758859
c06,334,0,0,0.1932456
c06,335,0,0,0.20655218
c06,336,0,0,0.28203565
c06,337,0,0,0.34512705
c06,338,0,0,0.30785972
c06,340,0,0,0.21492502
c06,341,0,0,0.32750174
c06,342,0,0,0.38696265
c06,343,0,0,0.43155986
c06,344,0,0,0.38605258
c06,345,0,0,0.25223047
c06,346,0,0,0.27710915
c06,347,0,1,0.84650373
c06,348,0,1,0.82040745
c06,349,0,0,0.3375048
c06,350,0,0,0.18165575
c06,351,0,0,0.47587514
c06,352,0,0,0.47795263
c06,353,0,1,0.5648063
c06,354,0,0,0.40840882
c06,355,0,0,0.41383642
c06,356,0,1,0.5197116
c06,357,0,1,0.61463374
c06,358,0,1,0.57298094
c06,360,0,0,0.22950536
c06,361,0,0,0.2868364
c06,362,0,1,0.5347364
c06,363,0,1,0.50458676
c06,364,0,1,0.506718
c06,365,0,0,0.23677124
c06,366,0,0,0.43486407
c06,368,0,0,0.44630265
c06,369,0,0,0.4059106
c06,370,0,0,0.48164004
c06,371,0,1,0.84101486
c06,372,0,1,0.5890713
c06,373,0,0,0.3492917
c06,374,0,0,0.24958858
c06,375,0,1,0.5835907
c06,376,0,0,0.2947155
c06,377,0,0,0.28494745
c06,378,0,0,0.44849646
c06,379,0,0,0.2794735
c06,380,0,1,0.69583786
c06,382,0,0,0.26957995
c06,383,0,0,0.27715185
c06,385,0,0,0.4622826
c06,386,1,1,0.58677626
c06,387,0,1,0.69070935
c06,388,0,0,0.36056712
c06,389,0,0,0.33607548
c06,390,0,0,0.38009423
c06,391,0,0,0.32739007
c06,392,0,0,0.4146572
c06,393,0,1,0.5112969
c06,394,0,0,0.48025933
c06,395,0,0,0.4217055
c06,396,0,1,0.5320194
c06,397,0,0,0.3260126
c06,398,0,0,0.34134412
c06,400,0,0,0.2437241
c06,401,0,0,0.32623124
c06,402,0,0,0.37399063
c06,403,0,0,0.4804996
c06,404,0,0,0.28987923
c06,405,0,0,0.27552783
c06,406,0,0,0.23091215
c06,407,0,0,0.22161406
c06,408,0,1,0.664837
c06,409,0,0,0.38050276
c06,410,0,0,0.44976807
c06,411,0,0,0.3787391
c06,413,0,0,0.2584256
c06,414,0,0,0.26532042
c06,415,0,0,0.30397993
c06,416,0,0,0.25082844
c06,417,0,0,0.38675252
c06,418,0,0,0.3698196
c06,419,0,0,0.40497077
c06,420,0,1,0.5007426
c06,421,0,1,0.501023
c06,422,0,0,0.3024211
c06,423,0,0,0.3622593
c06,425,0,0,0.3491415
c06,426,0,0,0.36681563
c06,427,0,0,0.28898558
c06,428,0,0,0.32074022
c06,429,0,0,0.33811814
c06,430,0,0,0.25135267
c06,431,0,0,0.19151217
c06,432,0,0,0.32975644
c06,433,0,0,0.35985774
c06,434,0,0,0.26156718
c06,435,0,0,0.2516817
c06,436,0,0,0.48356795
c06,437,0,0,0.28166372
c06,438,0,0,0.49522415
c06,439,0,0,0.27882266
c06,441,0,0,0.39449686
c06,442,0,0,0.45135835
c06,443,0,0,0.2611257
c06,444,0,0,0.21042106
c06,445,0,0,0.2768652
c06,446,0,0,0.3140343
c06,447,0,0,0.28254107
c06,448,0,1,0.70427096
c06,449,0,1,0.8229092
c06,450,0,1,0.7203042
c06,451,0,0,0.24769197
c06,452,0,0,0.4899141
c06,453,0,0,0.41560856
c06,454,0,0,0.40518114
c06,455,0,0,0.27342108
c06,456,0,0,0.30441287
c06,457,0,0,0.31942376
c06,458,0,0,0.41073155
c06,459,0,0,0.31893712
c06,460,0,0,0.24305724
c06,461,0,0,0.4701699
c06,462,0,0,0.47785583
c06,463,0,1,0.8239893
c06,464,0,0,0.39528593
c06,465,0,1,0.68154854
c06,466,0,1,0.78043497
c06,467,0,0,0.33186588
c07,1,0,0,0.31177077
c07,2,0,0,0.33469296
c07,3,0,0,0.3947876
c07,4,0,0,0.14488395
c07,5,0,0,0.18186478
c07,6,0,0,0.33939788
c07,7,0,0,0.3887934
c07,8,0,0,0.42011812
c07,9,0,0,0.22514881
c07,10,0,1,0.6395543
c07,11,0,0,0.4803584
c07,12,0,0,0.2873659
c07,13,0,0,0.31432754
c07,14,0,0,0.13519026
c07,15,0,1,0.59378254
c07,16,0,1,0.5493264
c07,17,0,0,0.35027856
c07,18,0,0,0.3231807
c07,19,0,0,0.45447397
c07,20,0,0,0.25956252
c07,21,0,0,0.41458383
c07,22,0,0,0.33964977
c07,23,0,0,0.124327205
c07,24,0,0,0.2066801
c07,25,0,0,0.2703349
c07,27,0,0,0.24631864
c07,28,0,0,0.19757932
c07,29,0,0,0.25317574
c07,30,0,1,0.7447401
c07,31,0,1,0.7254687
c07,32,0,1,0.58916926
c07,33,0,0,0.4547386
c07,34,0,0,0.38728237
c07,35,0,0,0.4463259
c07,36,0,1,0.6020119
c07,37,0,1,0.6567637
c07,38,0,1,0.56363684
c07,39,0,0,0.4971952
c07,40,0,0,0.26426777
c07,41,0,0,0.36067417
c07,42,0,0,0.39393708
c07,43,0,0,0.3507227
c07,44,0,0,0.49839252
c07,45,0,0,0.25201553
c07,46,0,0,0.49149105
c07,47,0,0,0.38089794
c07,48,0,1,0.59320074
c07,49,0,0,0.4251345
c07,50,0,0,0.34468862
c07,51,0,0,0.401541
c07,52,0,1,0.79931873
c07,53,0,1,0.67171776
c07,54,0,0,0.39499745
c07,55,0,0,0.46298176
c07,56,0,0,0.3331421
c07,57,0,1,0.5692988
c07,58,0,0,0.3137361
c07,59,0,0,0.1466812
c07,60,0,0,0.48880002
c07,61,0,1,0.54991245
c07,62,0,1,0.5421138
c07,63,0,0,0.36732802
c07,64,0,0,0.20977159
c07,65,0,1,0.6616153
c07,66,0,1,0.6643007
c07,67,0,0,0.40773937
c07,68,0,0,0.32960755
c07,69,0,1,0.6107747
c07,70,0,1,0.57701457
c07,71,0,0,0.45063385
c07,72,0,0,0.15301743
c07,73,0,0,0.3145614
c07,74,0,0,0.16590756
c07,75,0,0,0.2617878
c07,76,0,0,0.16377634
c07,77,0,0,0.15364286
c07,78,0,0,0.23852694
c07,79,0,0,0.43017602
c07,80,0,0,0.33397517
c07,81,0,0,0.14004394
c07,82,0,0,0.34308055
c07,83,0,0,0.18609476
c07,84,0,0,0.33105308
c07,85,0,0,0.25590578
c07,86,0,1,0.7008304
c07,87,0,0,0.38349092
c07,88,0,1,0.6465081
c07,89,0,1,0.61931026
c07,90,0,1,0.5581122
c07,91,0,1,0.58830506
c07,92,0,1,0.56028616
c07,93,0,1,0.61104757
c07,94,0,0,0.40458745
c07,95,0,0,0.43644744
c07,96,0,1,0.6446714
c07,97,0,1,0.5544211
c07,98,0,0,0.4295325
c07,99,0,0,0.33247444
c07,100,0,1,0.61338156
c07,101,0,1,0.805422
c07,102,0,0,0.358016
c07,103,0,1,0.63498944
c07,104,0,0,0.31850383
c07,105,0,0,0.34514883
c07,106,0,0,0.23355962
c07,107,0,1,0.7967851
c07,108,0,0,0.4197804
c07,109,0,1,0.6027465
c07,110,0,1,0.6678511
c07,111,0,1,0.7511145
c07,112,0,0,0.3060153
c07,113,0,0,0.44585943
c07,114,0,0,0.37263572
c07,115,0,0,0.32081354
c07,116,0,0,0.40643764
c07,117,0,1,0.6731747
c07,118,0,0,0.2768742
c07,119,0,1,0.761621
c07,120,0,1,0.7250842
c07,121,0,0,0.42562407
c07,122,0,0,0.43618205
c07,123,0,0,0.27072003
c07,124,0,0,0.26655355
c07,125,0,1,0.50653774
c07,126,0,0,0.400484
c07,127,0,0,0.30253738
c07,128,0,1,0.6934168
c07,129,0,0,0.46711308
c07,130,0,1,0.51433235
c07,131,0,0,0.44458663
c07,132,0,1,0.6872479
c07,133,0,1,0.6172044
c07,134,0,1,0.6979003
c07,135,0,1,0.75268245
c07,136,0,1,0.68809503
c07,137,0,1,0.62021977
c07,138,0,1,0.6858071
c07,139,0,1,0.6624875
c07,140,0,0,0.48997787
c07,141,0,1,0.6477146
c07,142,0,1,0.7527649
c07,143,0,1,0.5047781
c07,144,0,1,0.7577972
c07,145,0,1,0.55101717
c07,146,0,1,0.67062944
c07,147,0,0,0.3154022
c07,148,0,1,0.80949867
c07,149,0,0,0.21866001
c07,150,0,0,0.4013789
c07,151,0,0,0.3438139
c07,152,0,1,0.6452178
c07,154,0,0,0.16874178
c07,155,0,0,0.47748372
c07,156,0,0,0.2546467
c07,157,0,0,0.1805519
c07,158,0,0,0.41935554
c07,159,0,0,0.45923698
c07,160,0,0,0.2734247
c07,161,0,0,0.1576198
c07,162,0,1,0.5467795
c07,163,0,0,0.22784068
c07,164,0,0,0.23036078
c07,165,0,0,0.32606187
c07,166,0,0,0.16147141
c07,167,0,0,0.31508657
c07,168,0,0,0.3047993
c07,169,0,0,0.2689823
c07,170,0,0,0.1911949
c07,171,0,0,0.1526397
c07,172,0,1,0.5027883
c07,173,0,0,0.41745138
c07,174,0,0,0.17245574
c07,175,0,0,0.1730909
c07,176,0,0,0.36320564
c07,177,0,0,0.23547594
c07,178,0,0,0.4598142
c07,179,0,1,0.74490654
c07,180,0,1,0.5914425
c07,181,0,1,0.8109381
c07,182,0,0,0.31425223
c07,183,0,0,0.22141534
c07,184,0,0,0.4148087
c07,185,0,0,0.40081975
c07,186,0,0,0.2658997
c07,187,0,0,0.48267925
c07,188,0,0,0.17389332
c07,189,0,0,0.21443206
c07,190,0,0,0.18541078
c07,191,0,0,0.38163814
c07,192,0,0,0.21887903
c07,193,0,0,0.16823469
c07,194,0,0,0.41467917
c07,195,0,1,0.55523705
c07,196,0,1,0.6458413
c07,197,0,0,0.36602873
c07,198,0,1,0.540253
c07,199,0,0,0.44945487
c07,200,0,0,0.2651177
c07,201,0,1,0.50502706
c07,202,0,1,0.6756805
c07,203,0,0,0.43170464
c07,204,0,0,0.44300842
c07,205,0,0,0.37434778
c07,206,0,1,0.79964465
c07,207,0,0,0.14265317
c07,208,0,0,0.43285415
c07,211,0,0,0.35999966
c07,212,0,1,0.56961685
c07,213,0,0,0.49681935
c07,214,0,1,0.65818286
c07,215,0,1,0.5591387
c07,216,0,0,0.41552562
c07,217,0,0,0.49996084
c07,218,0,0,0.46052164
c07,219,0,0,0.30981353
c07,220,0,1,0.7959111
c07,221,0,1,0.5250431
c07,222,0,1,0.7317118
c07,223,0,1,0.6738476
c07,224,0,1,0.65158343
c07,225,0,0,0.34728992
c07,226,0,1,0.7508362
c07,227,1,0,0.479035
c07,228,0,1,0.5272004
c07,229,0,0,0.37451512
c07,230,0,0,0.22779135
c07,231,0,0,0.27961716
c07,232,0,1,0.68506384
c07,233,0,0,0.23112337
c07,234,0,0,0.3241821
c07,235,0,0,0.13326822
c07,236,0,0,0.36892006
c07,237,0,0,0.2911379
c07,238,0,0,0.13825743
c07,239,0,0,0.32581893
c07,240,0,0,0.1259856
c07,241,0,0,0.19263875
c07,242,0,0,0.38904086
c07,243,0,0,0.33569393
c07,244,0,1,0.80002016
c07,245,0,0,0.26783547
c07,246,0,1,0.50759965
c07,247,0,1,0.5853865
c07,248,0,0,0.39024526
c07,249,0,0,0.43225953
c07,250,0,0,0.3410204
c07,251,0,0,0.27634925
c07,252,0,0,0.22201179
c07,253,0,0,0.40012005
c07,254,0,0,0.2735269
c07,255,0,0,0.4332394
c07,256,0,0,0.26990387
c07,257,0,0,0.44586274
c07,258,0,0,0.49875107
c07,259,0,0,0.4844491
c07,260,0,0,0.32345188
c07,261,0,0,0.38085648
c07,262,0,0,0.44895992
c07,263,0,0,0.1930395
c07,264,0,0,0.4890735
c07,265,0,0,0.2886041
c07,266,0,0,0.41960782
c07,267,0,1,0.5223284
c07,268,0,0,0.36352685
c07,269,0,0,0.37703386
c07,270,0,0,0.48869205
c07,271,0,1,0.5134892
c07,272,0,1,0.54291284
c07,273,0,0,0.39606068
c07,274,0,0,0.2769845
c07,275,0,0,0.2425151
c07,276,0,0,0.3090505
c07,277,0,0,0.31858617
c07,278,0,1,0.7183474
c07,279,0,0,0.2448977
c07,280,0,1,0.5090745
c07,281,0,0,0.44045952
c07,282,0,0,0.18721382
c07,283,0,0,0.32302478
c07,284,0,0,0.37494785
c07,285,0,0,0.16383511
c07,286,0,0,0.46254185
c07,287,0,0,0.15584715
c07,288,0,1,0.62151724
c07,289,0,0,0.39434835
c07,290,0,0,0.13124843
c07,291,0,0,0.38886514
c07,292,0,0,0.22376025
c07,293,0,0,0.30474702
c07,294,0,0,0.41186622
c07,295,0,0,0.47223002
c07,296,0,0,0.2262416
c07,297,0,0,0.3145438
c07,298,0,0,0.33281007
c07,299,0,0,0.31791228
c07,300,0,0,0.27367368
c07,301,0,0,0.23845713
c07,302,0,0,0.11766604
c07,303,0,0,0.21121104
c07,304,0,0,0.45524937
c07,305,0,1,0.5730308
c07,306,0,0,0.47016665
c07,307,0,1,0.7854534
c07,308,0,1,0.8151928
c07,309,0,1,0.7787613
c07,310,0,1,0.79150945
c07,311,0,0,0.29594427
c07,312,0,1,0.5714747
c07,313,0,1,0.7185878
c07,314,0,1,0.6113732
c07,315,0,1,0.7386938
c07,316,0,1,0.5477033
c07,317,0,1,0.627558
c07,318,0,1,0.73903877
c07,319,0,0,0.35593742
c07,320,0,1,0.7276122
c07,321,0,1,0.80223644
c07,322,0,1,0.68445873
c07,323,0,0,0.42080525
c07,324,0,1,0.5721697
c07,325,0,0,0.32772163
c07,326,0,1,0.57134116
c07,328,0,0,0.3601476
c07,329,0,0,0.41913712
c07,330,0,1,0.6172133
c07,331,0,0,0.3695599
c07,332,0,1,0.5650298
c07,333,0,0,0.3774331
c07,334,0,1,0.67638737
c07,335,0,0,0.13381495
c07,336,0,0,0.47393212
c07,337,0,0,0.34363925
c07,338,0,1,0.6914561
c07,339,0,1,0.5605302
c07,340,0,1,0.75833803
c07,341,0,0,0.4192617
c07,342,0,0,0.46741208
c07,343,0,0,0.49734294
c07,344,0,1,0.704794
c07,345,0,0,0.13225451
c07,346,0,0,0.36965746
c07,347,0,0,0.35090995
c07,348,0,1,0.503319
c07,349,1,1,0.58643407
c07,350,0,1,0.6123071
c07,351,0,0,0.1635985
c07,352,0,0,0.39447212
c07,353,0,1,0.59322214
c07,354,0,1,0.71784633
c07,355,0,0,0.25500286
c07,356,0,0,0.3245101
c07,357,0,0,0.42042217
c07,358,0,1,0.6215604
c07,359,0,0,0.22214158
c07,360,0,0,0.42833698
c07,361,0,0,0.3158092
c07,362,0,0,0.18348901
c07,364,0,0,0.3429617
c07,365,0,0,0.3236096
c07,366,0,0,0.278781
c07,367,0,0,0.13710962
c07,368,0,0,0.3502254
c07,369,0,0,0.48405728
c07,370,0,0,0.2148136
c07,371,0,0,0.25619364
c07,372,0,0,0.19826812
c07,374,0,0,0.4918012
c07,375,0,1,0.68230534
c07,376,0,0,0.34001172
c07,377,0,0,0.2970687
c07,378,0,0,0.16732344
c07,379,0,0,0.21587849
c07,380,0,0,0.13548933
c07,381,0,0,0.18359055
c07,382,0,0,0.4600988
c07,383,0,0,0.14940938
c07,384,0,0,0.32603055
c07,385,0,0,0.289425
c07,386,0,0,0.271172
c07,387,0,0,0.37834147
c07,388,0,1,0.80575174
c07,389,0,0,0.3070145
c07,390,0,0,0.4268818
c07,391,0,0,0.21774133
c07,392,0,0,0.34502047
c07,393,0,1,0.5757459
c07,394,0,0,0.44971126
c07,397,0,0,0.30747145
c07,398,0,0,0.32733673
c07,399,0,0,0.15307797
c07,400,0,0,0.3796918
c07,401,0,1,0.67548895
c07,402,1,1,0.81364703
c07,403,0,0,0.275528
c07,404,0,1,0.817842
c07,405,0,0,0.37739107
c07,406,0,1,0.78850573
c07,407,0,0,0.43694526
c07,408,0,0,0.43439776
c07,410,0,1,0.749287
c07,411,0,1,0.65264475
c07,412,0,1,0.6522293
c07,413,0,1,0.680002
c07,414,0,1,0.6589146
c07,415,0,1,0.7260155
c07,416,1,1,0.5093864
c07,417,0,0,0.43725762
c07,419,0,0,0.4686674
c07,420,0,1,0.74653894
c07,421,0,1,0.696827
c07,422,0,1,0.53370935
c07,423,0,1,0.82187086
c07,424,0,1,0.75793475
c07,425,0,1,0.5692774
c07,426,0,0,0.37231618
c07,427,0,0,0.35506597
c08,1,0,0,0.4689671
c08,2,0,0,0.35201174
c08,3,0,0,0.3403786
c08,4,0,0,0.4146942
c08,5,0,0,0.4270479
c08,6,0,0,0.39875707
c08,7,0,0,0.29437295
c08,8,0,0,0.36764026
c08,9,0,0,0.30523965
c08,10,0,0,0.40218693
c08,11,0,0,0.460709
c08,12,0,0,0.33497807
c08,13,0,0,0.26324368
c08,14,0,0,0.345803
c08,15,0,0,0.44902742
c08,16,0,0,0.36017507
c08,18,0,1,0.5259043
c08,19,0,0,0.38082176
c08,20,0,0,0.3083948
c08,21,0,0,0.32913148
c08,22,0,0,0.37447512
c08,23,0,0,0.274249
c08,24,0,0,0.44860443
c08,25,0,0,0.35167176
c08,26,0,1,0.5025551
c08,27,0,0,0.41355252
c08,28,0,0,0.3999932
c08,30,0,0,0.39160785
c08,31,0,0,0.47317356
c08,32,0,0,0.4049116
c08,33,0,0,0.46656093
c08,34,0,1,0.62267977
c08,35,0,1,0.51011527
c08,36,0,0,0.3993108
c08,37,0,0,0.22147828
c08,38,0,0,0.2586251
c08,39,0,0,0.40076646
c08,40,0,0,0.45056352
c08,41,0,1,0.5038903
c08,42,0,1,0.6005576
c08,43,0,0,0.3327759
c08,44,0,1,0.6897212
c08,45,0,0,0.38959447
c08,46,0,0,0.49331567
c08,47,0,0,0.4854159
c08,48,0,0,0.23395565
c08,49,0,0,0.25963902
c08,50,0,0,0.41563168
c08,51,0,1,0.57390726
c08,52,0,0,0.3649939
c08,53,0,0,0.17028482
c08,54,0,0,0.42197555
c08,55,0,1,0.5006887
c08,56,0,0,0.4000032
c08,57,0,0,0.3172431
c08,58,0,1,0.50129545
c08,59,0,0,0.2137333
c08,60,0,0,0.3851082
c08,61,0,0,0.3534656
c08,62,0,0,0.4964687
c08,63,0,1,0.51386315
c08,64,0,0,0.22909512
c08,65,0,0,0.3942718
c08,66,0,1,0.5037059
c08,67,0,0,0.45501766
c08,68,0,0,0.4869118
c08,69,0,1,0.5754067
c08,70,0,0,0.33932078
c08,71,0,1,0.6910954
c08,72,0,0,0.4903554
c08,73,0,0,0.45404184
c08,74,0,1,0.66783214
c08,75,0,1,0.5491183
c08,76,0,1,0.5211078
c08,77,0,1,0.5567983
c08,78,0,0,0.3861876
c08,79,0,0,0.35479116
c08,80,0,0,0.4999206
c08,81,0,0,0.4039419
c08,82,0,0,0.4495262
c08,83,0,1,0.56324625
c08,84,0,0,0.2215491
c08,87,0,0,0.40288937
c08,88,0,1,0.72299254
c08,89,0,0,0.2974613
c08,90,0,1,0.7643825
c08,91,0,0,0.30950683
c08,92,0,1,0.76841664
c08,93,0,1,0.5042218
c08,94,0,0,0.4369865
c08,95,0,1,0.5766562
c08,96,0,0,0.44615975
c08,97,0,0,0.33931866
c08,100,0,1,0.5263048
c08,101,0,0,0.45663035
c08,102,0,1,0.5583569
c08,104,0,0,0.16336447
c08,105,0,0,0.3222907
c08,107,0,0,0.18444647
c08,108,0,0,0.29682773
c08,109,0,0,0.16448215
c08,111,0,0,0.20687771
c08,112,0,0,0.16515413
c08,113,0,0,0.162495
c08,114,0,0,0.19814917
c08,115,0,1,0.8352822
c08,116,0,1,0.73215365
c08,117,0,1,0.5662942
c08,118,0,1,0.62764156
c08,119,0,1,0.63782996
c08,120,0,0,0.37922287
c08,121,0,1,0.5135631
c08,122,0,1,0.61264485
c08,123,0,0,0.4055974
c08,124,0,1,0.578283
c08,125,0,1,0.5915935
c08,126,0,1,0.5469292
c08,127,0,1,0.6948198
c08,128,0,0,0.4908797
c08,129,0,1,0.55303043
c08,130,0,1,0.6478543
c08,131,0,0,0.36717358
c08,132,0,0,0.47845927
c08,133,0,0,0.4292211
c08,134,0,0,0.34321934
c08,135,0,0,0.45019662
c08,136,0,0,0.323257
c08,139,0,0,0.16492149
c08,141,0,0,0.1743247
c08,144,0,0,0.18722287
c08,145,0,0,0.28567392
c08,146,0,1,0.7345055
c08,147,0,1,0.5032767
c08,148,0,0,0.34789062
c08,149,0,1,0.7459955
c08,150,0,0,0.48492354
c08,151,0,0,0.4951415
c08,152,0,0,0.33017057
c08,153,0,0,0.3498583
c08,154,0,1,0.57138336
c08,155,0,0,0.4515105
c08,156,0,1,0.57499933
c08,157,0,0,0.2611626
c08,158,0,1,0.5298147
c08,159,0,1,0.55328393
c08,160,0,1,0.5553669
c08,161,0,1,0.5903931
c08,162,0,0,0.49733847
c08,163,0,0,0.18687178
c08,165,0,1,0.61908156
c08,166,0,0,0.30518577
c08,167,0,0,0.45692343
c08,168,0,1,0.71034753
c08,169,0,1,0.5197609
c08,170,0,0,0.41521668
c08,171,0,0,0.44993183
c08,172,0,1,0.6990835
c08,173,0,0,0.38406417
c08,174,0,1,0.5189487
c08,175,0,0,0.41513196
c08,176,0,1,0.5365382
c08,177,0,1,0.6739716
c08,179,0,1,0.5608595
c08,180,0,0,0.33036172
c08,181,0,0,0.22064944
c08,183,0,0,0.2838515
c08,185,0,0,0.16655113
c08,187,0,0,0.18980955
c08,188,0,0,0.19249593
c08,189,0,0,0.2892599
c08,191,0,0,0.22362727
c08,193,0,0,0.3092045
c08,194,0,0,0.16973585
c08,195,0,0,0.16621077
c08,198,0,0,0.19686241
c08,199,0,0,0.26187015
c08,201,0,0,0.16517462
c08,203,0,1,0.52976465
c08,204,0,0,0.4946965
c08,205,0,1,0.5104576
c08,206,0,1,0.5625382
c08,207,0,1,0.52717924
c08,208,0,0,0.4749273
c08,209,0,1,0.65158516
c08,210,0,1,0.6590176
c08,211,0,0,0.38827816
c08,212,0,1,0.5200555
c08,214,0,0,0.49664733
c08,215,0,1,0.7699431
c08,216,0,1,0.65811443
c08,217,0,1,0.76941997
c08,218,0,1,0.61904925
c08,219,0,0,0.47527686
c08,220,0,1,0.6869168
c08,221,0,0,0.38793024
c08,222,0,1,0.72794443
c08,223,0,1,0.58637637
c08,224,0,1,0.83668244
c08,225,0,1,0.63981104
c08,226,0,1,0.7310089
c08,227,0,1,0.8333999
c08,228,0,1,0.55258423
c08,229,0,1,0.7116598
c08,230,0,1,0.7352263
c08,231,0,1,0.7631309
c08,232,0,1,0.7704862
c08,233,0,1,0.55848014
c08,234,0,1,0.8204985
c08,235,0,1,0.8021299
c08,236,0,1,0.6879723
c08,237,0,1,0.54579216
c08,238,0,0,0.35336348
c08,239,0,1,0.52897584
c08,240,0,0,0.44224945
c08,241,0,0,0.4122771
c08,242,0,0,0.46132377
c08,243,0,0,0.4722223
c08,244,0,1,0.54862326
c08,245,0,1,0.5909814
c08,246,0,0,0.46072307
c08,247,0,0,0.23094851
c08,248,0,1,0.5508056
c08,249,0,1,0.5170637
c08,250,0,1,0.6117325
c08,251,0,1,0.6008551
c08,252,0,1,0.68449676
c08,253,0,1,0.786693
c08,254,0,0,0.43314686
c08,256,0,0,0.24874279
c08,257,0,1,0.573504
c08,258,0,1,0.5617685
c08,259,0,1,0.72587276
c08,260,0,0,0.44117457
c08,261,0,1,0.63624513
c08,262,0,0,0.4256279
c08,263,0,1,0.73098296
c08,264,0,1,0.6378573
c08,265,0,0,0.43919134
c08,266,0,1,0.8361508
c08,267,0,1,0.51767415
c08,268,0,1,0.5947064
c08,269,0,1,0.58720684
c08,270,0,0,0.38507903
c08,271,0,1,0.66254246
c08,272,0,0,0.4839783
c08,273,0,0,0.38967597
c08,274,0,1,0.59684354
c08,275,0,1,0.62074107
c08,276,0,1,0.7214009
c08,277,0,1,0.7077993
c08,278,0,1,0.6931002
c08,279,0,1,0.5042347
c08,280,0,0,0.37708598
c08,281,0,0,0.39664757
c08,282,0,0,0.49299073
c08,283,0,0,0.2895817
c08,284,0,0,0.40075168
c08,285,0,1,0.6288283
c08,286,0,1,0.64574355
c08,287,0,1,0.6640279
c08,288,0,0,0.40996957
c08,289,0,0,0.4174462
c08,290,0,1,0.5464692
c08,291,0,0,0.35099694
c08,292,0,0,0.4701648
c08,293,0,1,0.58489716
c08,294,0,0,0.43152937
c08,296,0,1,0.6617122
c08,297,0,1,0.56780654
c08,298,0,1,0.5452877
c08,299,0,0,0.40019536
c08,300,0,1,0.5834352
c08,301,0,0,0.354071
c08,302,0,0,0.31479797
c08,303,0,0,0.34188196
c08,304,0,1,0.648668
c08,305,0,1,0.5640593
c08,306,0,0,0.27401996
c08,307,0,0,0.38050076
c08,308,0,1,0.513362
c08,309,0,0,0.40544736
c08,310,0,0,0.46606496
c08,311,0,0,0.37945876
c08,312,0,0,0.45811412
c08,313,0,0,0.26658967
c08,314,0,0,0.42927012
c08,315,0,0,0.4410778
c08,316,0,0,0.41534844
c08,317,0,0,0.45588428
c08,318,0,0,0.47803015
c08,319,0,0,0.2894336
c08,320,0,0,0.31020775
c08,321,0,1,0.50860536
c08,322,0,0,0.27074325
c08,323,0,0,0.3023468
c08,325,0,0,0.43161294
c08,326,0,0,0.41112277
c08,327,0,1,0.50686055
c08,328,0,0,0.2904451
c08,329,0,0,0.29069814
c08,330,0,0,0.4984982
c08,332,0,0,0.49970704
c08,333,0,0,0.41030324
c08,334,0,0,0.42290115
c08,335,0,1,0.5397173
c08,336,0,0,0.46563306
c08,337,0,1,0.80686647
c08,338,0,1,0.7825915
c08,339,0,1,0.59389937
c08,340,0,0,0.3990568
c08,341,0,0,0.22490099
c08,342,0,0,0.44362247
c08,343,0,1,0.794765
c08,344,0,1,0.57222116
c08,345,0,0,0.40116078
c08,346,0,0,0.4665134
c08,347,0,0,0.45970467
c08,348,0,0,0.308108
c08,349,0,0,0.37079504
c08,350,0,1,0.6383169
c08,351,0,0,0.24087168
c08,352,0,0,0.23837134
c08,353,0,1,0.7529316
c08,354,0,0,0.31437206
c08,355,0,1,0.5288464
c08,356,0,0,0.29496312
c08,357,0,0,0.31671193
c08,358,0,0,0.3682994
c08,359,0,1,0.68853086
c08,360,0,0,0.44661906
c08,361,0,0,0.31864226
c08,362,0,0,0.29130876
c08,363,0,0,0.38561612
c08,364,0,0,0.4279945
c08,365,0,1,0.56978583
c08,366,0,1,0.81861156
c08,367,0,0,0.39259696
c08,368,0,1,0.518933
c08,369,0,0,0.49228105
c08,370,0,1,0.82809645
c08,371,0,1,0.65931326
c08,372,0,1,0.7511532
c08,373,0,1,0.73317343
c08,374,0,1,0.53969747
c08,375,0,1,0.7789999
c08,376,0,1,0.74582803
c08,377,0,1,0.71112555
c08,378,0,1,0.66761404
c08,379,0,1,0.63230467
c08,380,0,1,0.56232524
c08,381,0,1,0.5088583
c08,382,0,1,0.72536725
c08,383,0,1,0.57660115
c08,384,0,1,0.56318593
c08,385,0,0,0.47663477
c08,386,0,1,0.692424
c08,387,0,0,0.49104682
c08,388,0,0,0.48717785
c08,389,0,0,0.42195556
c08,390,0,0,0.44256952
c08,391,0,0,0.47189397
c08,392,0,0,0.36107722
c08,393,0,1,0.5661428
c08,394,0,0,0.32642797
c08,395,0,0,0.36373532
c08,396,0,0,0.30490506
c08,397,0,0,0.4320334
c08,399,0,0,0.2502093
c08,400,0,0,0.2831569
c08,401,0,0,0.32654664
c08,402,0,0,0.2681118
c08,403,0,0,0.31048945
c08,404,0,0,0.32367063
c08,405,0,0,0.25922436
c08,407,0,0,0.24758969
c08,408,0,1,0.8366608
c08,409,0,0,0.36978394
c08,410,0,0,0.32461044
c08,411,0,0,0.2463437
c08,415,0,1,0.75378823
c08,416,0,1,0.5560395
c08,417,0,0,0.27195406
c08,418,0,0,0.35721704
c08,419,0,0,0.36535773
c08,420,0,0,0.30064029
c08,421,0,0,0.37607345
c08,422,0,0,0.29780614
c08,425,0,0,0.34762982
c08,426,0,0,0.37153426
c08,427,0,0,0.34541357
c08,428,0,0,0.35032898
c08,430,0,0,0.28350493
c08,431,0,0,0.41520444
c08,432,0,0,0.38176355
c08,434,0,0,0.36962923
c08,435,0,0,0.34662512
c08,437,0,0,0.35742676
c08,438,0,1,0.7931178
c08,439,0,1,0.75175
c08,441,0,0,0.4510481
c08,442,0,0,0.24389096
c08,444,0,0,0.33841813
c08,445,0,0,0.2539289
c08,446,0,0,0.33336857
c08,447,0,0,0.28403097
c08,448,0,0,0.35192263
c08,449,0,0,0.40452492
c08,450,0,0,0.3257089
c08,451,0,0,0.3615758
c08,452,0,0,0.34172663
c08,453,0,0,0.40908137
c08,454,0,0,0.33902442
c08,455,0,0,0.31786087
c08,456,0,0,0.350887
c08,457,0,1,0.65398395
c08,458,0,0,0.38807315
c08,459,0,0,0.43427065
c08,460,0,0,0.4123252
c08,461,0,0,0.41882515
c08,462,0,0,0.28610522
c08,463,0,0,0.40067574
c08,464,0,0,0.40335438
c08,465,0,0,0.40095803
c08,466,0,0,0.32524863
c08,467,0,0,0.4014811
c08,468,0,1,0.6060766
c08,469,0,0,0.38480178
c08,470,0,1,0.57667285
c08,471,0,0,0.36567193
c08,472,0,1,0.5322432
c08,473,0,0,0.43075928
c08,474,0,0,0.24606004
c08,475,0,1,0.5204074
c08,476,0,0,0.49062636
c08,477,0,1,0.622873
c08,478,0,1,0.70778936
c08,479,0,1,0.5559761
c08,480,0,0,0.3693494
c08,481,0,0,0.409441
c08,482,0,0,0.43235388
c08,484,0,0,0.31164026
c08,485,0,1,0.628912
c08,486,0,1,0.67662746
c08,487,0,0,0.48777556
c08,488,0,0,0.40296707
c08,489,0,0,0.3598175
c08,490,0,0,0.4241111
c08,492,0,1,0.8293299
c08,493,0,0,0.11186299
c08,494,0,1,0.52356744
c08,495,0,0,0.44004455
c08,496,0,0,0.34606138
c08,497,0,0,0.42825383
c08,498,0,0,0.30352965
c08,499,0,0,0.37264246
c08,500,0,0,0.364465
c08,501,0,0,0.28704315
c08,502,0,1,0.6575791
c08,503,0,0,0.36086842
c08,504,0,0,0.24565646
c08,505,0,1,0.7655746
c08,506,0,0,0.35861853
c08,507,0,1,0.70135814
c08,508,0,1,0.6599108
c08,509,0,1,0.7134304
c08,510,0,1,0.7155103
c08,511,0,1,0.5110158
c08,512,0,1,0.6528753
c09,13,0,1,0.70905405
c09,14,0,0,0.39511234
c09,15,0,0,0.49929753
c09,16,0,0,0.15938452
c09,17,0,0,0.3896229
c09,18,0,1,0.52281404
c09,19,0,1,0.594216
c09,20,0,1,0.5740031
c09,21,0,1,0.6869155
c09,22,0,0,0.4618749
c09,23,0,0,0.34881222
c09,24,0,0,0.40743828
c09,26,0,0,0.34495148
c09,27,0,0,0.47340438
c09,28,0,1,0.5607106
c09,30,0,0,0.40006292
c09,31,0,1,0.6433758
c09,32,1,1,0.5971641
c09,33,0,1,0.6520137
c09,34,0,1,0.7846096
c09,35,1,0,0.26739964
c09,36,0,0,0.2999097
c09,37,0,0,0.3651677
c09,38,0,0,0.34136894
c09,39,0,0,0.45486054
c09,40,0,1,0.6935507
c09,41,0,0,0.2730006
c09,42,0,0,0.3785952
c09,43,0,0,0.2965226
c09,44,0,1,0.55815446
c09,45,0,0,0.43171152
c09,47,0,0,0.25201052
c09,48,0,0,0.30304843
c09,49,0,0,0.16297607
c09,50,0,0,0.35183197
c09,51,0,0,0.19499375
c09,52,0,0,0.4691135
c09,53,0,0,0.18987149
c09,55,0,0,0.1765429
c09,56,0,0,0.1500726
c09,57,0,0,0.17868266
c09,58,0,0,0.17556562
c09,59,0,0,0.15992805
c09,60,0,0,0.16085467
c09,61,0,0,0.16665913
c09,62,0,1,0.5331372
c09,64,0,0,0.27518743
c09,65,0,0,0.46773258
c09,66,0,1,0.7725683
c09,67,0,0,0.41367343
c09,68,0,0,0.42901143
c09,69,0,0,0.38379022
c09,70,0,0,0.35950825
c09,71,0,0,0.32559326
c09,72,0,1,0.54944414
c09,73,0,0,0.49374053
c09,74,0,0,0.26488808
c09,75,0,0,0.4920123
c09,76,0,1,0.71445125
c09,77,0,0,0.4386159
c09,78,0,1,0.51055706
c09,79,0,0,0.42071638
c09,80,0,1,0.72416055
c09,81,0,1,0.7020362
c09,82,0,1,0.54086894
c09,83,0,0,0.28663734
c09,84,0,0,0.19217627
c09,85,0,1,0.54885495
c09,86,0,0,0.47094643
c09,87,0,0,0.23240428
c09,88,0,0,0.44307777
c09,89,0,0,0.28922883
c09,90,0,1,0.53164124
c09,91,0,0,0.15995282
c09,92,0,1,0.55119425
c09,93,0,0,0.14522636
c09,94,0,1,0.7880277
c09,95,0,0,0.36434427
c09,96,0,1,0.79351014
c09,97,0,1,0.80154973
c09,98,0,1,0.53457654
c09,99,0,1,0.6584205
c09,100,0,0,0.3108622
c09,101,0,1,0.5166085
c09,102,0,1,0.58223146
c09,103,0,0,0.32916036
c09,104,0,0,0.13779426
c09,105,0,0,0.43707877
c09,107,0,0,0.27826318
c09,108,0,0,0.2999146
c09,109,0,0,0.2865833
c09,110,0,0,0.17762826
c09,111,0,0,0.3591751
c09,112,0,0,0.19217739
c09,113,0,0,0.40471932
c09,114,0,0,0.43859845
c09,115,0,0,0.4767526
c09,116,0,0,0.39504096
c09,117,0,0,0.24660337
c09,118,0,0,0.17457402
c09,119,0,0,0.3699592
c09,120,0,1,0.5095008
c09,121,0,0,0.33295646
c09,122,0,1,0.6469724
c09,123,0,1,0.69745964
c09,124,0,0,0.15266238
c09,125,0,0,0.2619139
c09,126,0,0,0.34481746
c09,127,0,0,0.47433904
c09,128,0,0,0.32093546
c09,129,0,0,0.17207356
c09,130,0,0,0.4435058
c09,131,0,0,0.26468682
c09,132,0,0,0.3819764
c09,133,0,0,0.35132256
c09,134,0,0,0.37798086
c09,135,0,1,0.77007556
c09,137,0,1,0.6736129
c09,138,0,0,0.2713831
c09,139,0,0,0.1932328
c09,140,0,0,0.2414669
c09,141,0,0,0.15016644
c09,142,0,0,0.15139532
c09,143,0,0,0.26720938
c09,144,0,0,0.1398005
c09,145,0,0,0.15951829
c09,146,0,0,0.15168603
c09,147,0,0,0.15400518
c09,148,0,0,0.15749355
c09,149,0,0,0.14025962
c09,150,0,0,0.1313159
c09,151,0,0,0.15539742
c09,152,0,0,0.0807889
c09,153,0,0,0.1118171
c09,154,0,0,0.11390989
c09,156,0,0,0.11974622
c09,157,0,0,0.22772521
c09,158,0,0,0.22623655
c09,159,0,0,0.13689622
c09,161,0,0,0.11923563
c09,162,0,0,0.089228615
c09,163,0,0,0.124833494
c09,164,0,0,0.102020085
c09,165,0,0,0.116730206
c09,166,0,0,0.13050406
c09,167,0,0,0.11920962
c09,168,0,0,0.122323886
c09,169,0,0,0.18138833
c09,170,0,0,0.14015402
c09,171,0,0,0.27590832
c09,172,0,0,0.38844875
c09,173,0,1,0.77987874
c09,174,0,1,0.66310686
c09,175,0,0,0.4034562
c09,176,0,0,0.40686953
c09,177,0,0,0.3717341
c09,178,0,0,0.19835201
c09,179,0,0,0.4510107
c09,180,0,0,0.15452592
c09,181,0,0,0.15217127
c09,182,0,0,0.16169596
c09,183,0,0,0.15800862
c09,184,0,0,0.16820654
c09,185,0,1,0.62253
c09,186,0,0,0.13573532
c09,187,0,0,0.27876273
c09,188,0,0,0.42017853
c09,189,0,0,0.36061758
c09,190,0,0,0.20654558
c09,191,0,1,0.51605874
c09,192,0,0,0.19694914
c09,193,0,0,0.22320476
c09,194,0,0,0.23158406
c09,195,0,1,0.80344003
c09,196,0,1,0.7880042
c09,197,0,1,0.70047396
c09,198,0,1,0.68270975
c09,199,0,0,0.47299382
c09,200,0,0,0.39721692
c09,201,0,0,0.47971514
c09,202,0,0,0.39485198
c09,203,0,1,0.6012281
c09,204,0,1,0.6522535
c09,205,0,0,0.19302106
c09,206,0,1,0.6359229
c09,207,0,1,0.8082992
c09,208,0,1,0.74907476
c09,209,0,1,0.8130885
c09,210,0,1,0.7568555
c09,211,0,1,0.6666228
c09,212,0,1,0.6409588
c09,213,0,0,0.44223326
c09,214,0,1,0.6486149
c09,215,0,1,0.79366475
c09,216,0,1,0.71450824
c09,217,0,0,0.46359843
c09,218,0,1,0.6866873
c09,219,0,0,0.41627595
c09,220,0,0,0.13790147
c09,221,0,0,0.4214192
c09,222,0,0,0.37412378
c09,223,0,0,0.3075094
c09,224,0,1,0.8020055
c09,225,0,1,0.806113
c09,226,0,0,0.36746794
c09,227,0,0,0.17027988
c09,228,0,0,0.1818309
c09,229,0,0,0.2559137
c09,230,0,0,0.16794327
c09,231,0,0,0.17011166
c09,232,0,0,0.25043032
c09,233,0,1,0.52457565
c09,234,0,0,0.17082527
c09,235,0,0,0.13902447
c09,236,0,0,0.19104367
c09,237,0,0,0.16235909
c09,238,0,0,0.15448989
c09,239,0,0,0.18468025
c09,240,0,0,0.15537964
c09,241,0,0,0.16415343
c09,242,0,0,0.15974475
c09,243,0,0,0.22734499
c09,244,0,0,0.14613257
c09,245,0,0,0.13821042
c09,246,0,0,0.13107365
c09,247,0,0,0.14041151
c09,248,0,0,0.12668437
c09,249,0,0,0.14964609
c09,250,0,0,0.16645797
c09,251,0,0,0.18418387
c09,252,0,0,0.23002417
c09,253,0,0,0.17125872
c09,254,0,0,0.3075812
c09,255,0,0,0.3929273
c09,256,0,0,0.2767646
c09,257,0,0,0.24156204
c09,258,0,0,0.13974948
c09,259,0,0,0.329553
c09,260,0,0,0.1930515
c09,261,0,0,0.19576705
c09,262,0,0,0.24432285
c09,263,0,0,0.15502039
c09,264,0,0,0.1206492
c09,265,0,0,0.15341121
c09,266,0,0,0.28684944
c09,267,0,1,0.7999474
c09,268,0,1,0.8060121
c09,269,0,1,0.71545625
c09,270,0,0,0.21611375
c09,271,0,0,0.26856375
c09,272,0,0,0.45714754
c09,273,0,0,0.48789948
c09,274,0,0,0.31863177
c09,275,0,0,0.29128754
c09,276,0,0,0.28166407
c09,277,0,0,0.13431762
c09,278,0,0,0.15565431
c09,279,0,0,0.31581968
c09,280,0,0,0.2828227
c09,281,0,0,0.19703
c09,282,0,0,0.2550278
c09,283,0,0,0.17378765
c09,284,0,0,0.16480744
c09,285,0,0,0.14380819
c09,286,0,0,0.13672513
c09,287,0,0,0.3207105
c09,288,0,0,0.16213006
c09,289,0,0,0.19215669
c09,290,0,0,0.21914822
c09,291,0,0,0.13619882
c09,292,0,0,0.19080324
c09,293,0,0,0.14293651
c09,294,0,0,0.14381772
c09,295,0,0,0.21772406
c09,296,0,0,0.24273036
c09,297,0,0,0.38199475
c09,298,0,0,0.16772807
c09,299,0,0,0.19945012
c09,300,0,0,0.48289713
c09,301,0,0,0.48474595
c09,302,0,0,0.2123022
c09,303,0,0,0.2588827
c09,304,0,0,0.30219114
c09,305,0,0,0.4073595
c09,306,0,1,0.63491696
c09,307,0,0,0.44705787
c09,308,0,1,0.5226855
c09,309,0,0,0.13514091
c09,310,0,0,0.42125162
c09,311,0,1,0.7151861
c09,312,0,1,0.73822343
c09,313,0,0,0.15176217
c09,314,0,1,0.5399363
c09,315,0,1,0.8184888
c09,316,0,1,0.6531179
c09,317,0,1,0.5176096
c09,318,0,0,0.19201049
c09,319,0,0,0.37016097
c09,320,0,0,0.24492046
c09,321,0,1,0.50637835
c09,322,0,0,0.30614156
c09,323,0,0,0.20059612
c09,324,0,1,0.612867
c09,325,0,0,0.15750283
c09,326,0,0,0.20417495
c09,327,0,0,0.2030854
c09,328,0,0,0.15739645
c09,329,0,0,0.22113542
c09,330,0,0,0.15773411
c09,331,0,0,0.17004785
c09,332,0,0,0.1906399
c09,333,0,0,0.1646047
c09,334,0,0,0.15791127
c09,335,0,0,0.22138372
c09,336,0,0,0.38264757
c09,337,0,0,0.21834975
c09,338,0,0,0.14706632
c09,339,0,0,0.16518432
c09,340,0,0,0.15672636
c09,341,0,0,0.13011229
c09,342,0,0,0.1356072
c09,343,0,0,0.15811358
c09,344,0,0,0.1735102
c09,345,0,0,0.13804987
c09,346,0,0,0.26588553
c09,347,0,0,0.15809377
c09,348,0,0,0.13560791
c09,349,0,0,0.18134463
c09,350,0,0,0.28612888
c09,351,0,0,0.21848442
c09,352,0,0,0.18728009
c09,353,0,0,0.13768683
c09,354,0,0,0.1280685
c09,355,0,0,0.1463916
c09,356,0,0,0.16096501
c09,357,0,0,0.15044715
c09,358,0,0,0.17035696
c09,359,0,0,0.22380602
c09,360,0,0,0.3068101
c09,361,0,0,0.17572545
c09,362,0,0,0.17059274
c09,363,0,0,0.14896874
c09,364,0,0,0.16422284
c09,365,0,0,0.1552039
c09,366,0,0,0.17224103
c09,367,0,0,0.49906892
c09,368,0,1,0.74150836
c09,369,0,1,0.69423306
c09,370,0,1,0.76998794
c09,371,0,0,0.17364325
c09,372,0,0,0.31367862
c09,373,0,0,0.34251693
c09,374,0,0,0.17826521
c09,375,0,1,0.67605144
c09,376,0,1,0.8084679
c09,377,0,1,0.60675883
c09,378,0,0,0.16461498
c09,379,0,0,0.2974799
c09,380,0,0,0.18247095
c09,381,0,0,0.16469869
c09,382,0,0,0.13269712
c09,383,0,0,0.1730551
c09,384,0,0,0.16245826
c09,385,0,0,0.3268698
c09,386,0,0,0.41869056
c09,387,0,1,0.6505824
c09,388,0,1,0.6554157
c09,389,0,0,0.24944875
c09,390,0,1,0.5687496
c09,392,0,0,0.25850484
c09,393,0,0,0.31392518
c09,394,0,0,0.3474533
c09,395,0,0,0.45411688
c09,396,0,1,0.7238322
c09,397,0,1,0.8090755
c09,398,0,0,0.21054956
c09,399,0,0,0.27210253
c09,400,0,0,0.39415246
c09,401,0,0,0.34795994
c09,402,0,0,0.15290663
c09,403,0,0,0.14289534
c09,404,0,0,0.15673843
c09,405,0,0,0.17283142
c09,406,0,0,0.14381345
c09,407,0,0,0.16690679
c09,408,0,0,0.14768147
c09,409,0,0,0.25236395
c09,410,0,0,0.16943015
c09,411,0,0,0.13801639
c09,413,0,0,0.14779407
c09,414,0,0,0.13767567
c09,415,0,0,0.14222245
c09,416,0,0,0.21180831
c09,417,0,0,0.15318014
c09,418,0,0,0.22962011
c09,419,0,0,0.12352985
c09,420,0,0,0.13942415
c09,421,0,0,0.13357517
c09,422,0,0,0.13455315
c09,423,0,0,0.1402659
c09,424,0,0,0.2047366
c09,425,0,0,0.15962945
c09,426,0,0,0.1392039
c09,427,0,0,0.118404604
c09,428,0,0,0.1419148
c09,429,0,0,0.13630247
c09,430,0,0,0.1562688
c09,431,0,0,0.1882189
c09,432,0,0,0.1451657
c09,433,0,0,0.12664849
c09,434,0,0,0.11872034
c09,435,0,0,0.19451386
c09,436,0,0,0.31394586
c09,437,0,0,0.26318684
c09,438,0,0,0.14994796
c09,439,0,0,0.17074837
c09,440,0,1,0.8106821
c09,441,0,1,0.7798767
c09,442,0,1,0.56182426
c09,443,0,1,0.6127013
c09,444,0,0,0.24805257
c09,445,0,0,0.19407175
c09,446,0,1,0.56354517
c09,447,0,1,0.6392038
c09,448,0,1,0.8101162
c09,449,0,0,0.16825117
c09,450,0,0,0.23656291
c09,451,0,0,0.22094513
c09,452,0,1,0.7968184
c09,453,0,1,0.79836726
c09,454,0,0,0.39182994
c09,455,0,1,0.6108829
c09,456,0,1,0.78840685
c09,457,0,1,0.647516
c09,458,0,0,0.19667472
c09,459,0,0,0.33602336
c09,460,0,1,0.7961496
c09,461,0,0,0.16536863
c09,462,0,0,0.29409534
c09,463,0,1,0.76713926
c09,464,0,1,0.50502115
c09,465,0,1,0.74876016
c09,466,0,0,0.41725
c09,467,0,1,0.7514146
c10,5,0,0,0.00014646102
c10,9,0,0,2.0466507e-07
c10,10,0,0,0.004624735
c10,11,0,1,0.81144077
c10,12,0,0,0.35035574
c10,13,0,0,0.4178074
c10,14,0,0,0.20307045
c10,15,0,1,0.82346386
c10,16,0,0,0.44995606
c10,17,0,1,0.71137446
c10,18,0,1,0.8412349
c10,19,0,1,0.55971783
c10,20,0,1,0.8602237
c10,21,0,0,0.29493693
c10,23,0,0,0.15527701
c10,24,0,0,0.1434755
c10,25,0,1,0.7515716
c10,26,0,0,0.1629489
c10,27,0,0,0.32291386
c10,28,0,0,0.3487942
c10,29,0,0,0.22991432
c10,30,0,0,0.4028492
c10,31,0,1,0.728369
c10,32,0,1,0.83124006
c10,33,0,0,0.21608038
c10,34,0,1,0.56731415
c10,35,0,0,0.15066908
c10,37,0,0,0.16098417
c10,38,0,0,0.29617786
c10,39,0,1,0.5588722
c10,40,0,1,0.76010907
c10,41,0,0,0.1800324
c10,42,0,0,0.16180642
c10,44,0,0,0.373259
c10,45,0,0,0.17149684
c10,48,0,0,0.22819711
c10,49,0,0,0.17752464
c10,50,0,0,0.14091903
c10,51,0,0,0.1583329
c10,52,0,0,0.13505211
c10,53,0,0,0.14418274
c10,54,0,0,0.12263115
c10,57,0,0,0.16724898
c10,59,0,0,0.16943099
c10,60,0,0,0.15969373
c10,62,0,0,0.16490959
c10,63,0,0,0.15304902
c10,65,0,0,0.16267596
c10,67,0,0,0.11840702
c10,68,0,0,0.11498452
c10,70,0,0,0.13193306
c10,71,0,1,0.88054854
c10,72,0,1,0.9030415
c10,73,0,1,0.83949286
c10,78,0,0,0.17053792
c10,79,0,0,0.11002576
c10,80,0,0,0.15823656
c10,81,0,0,0.14627829
c10,82,0,0,0.11282915
c10,84,0,0,0.16320266
c10,86,0,0,0.16036907
c10,87,0,0,0.1594042
c10,90,0,1,0.7992271
c10,91,0,1,0.8706127
c10,92,0,1,0.86891156
c10,93,0,1,0.90286314
c10,94,0,1,0.91042876
c10,95,0,1,0.8804079
c10,97,0,1,0.86172444
c10,98,0,1,0.8401166
c10,99,0,0,0.21223968
c10,100,0,0,0.20178047
c10,101,0,1,0.7036651
c10,102,0,1,0.8534291
c10,103,0,0,0.20219196
c10,104,0,1,0.5909314
c10,105,0,0,0.43466732
c10,106,0,0,0.15830933
c10,107,0,1,0.7312629
c10,108,0,1,0.7105956
c10,109,0,1,0.8478666
c10,110,0,1,0.8924071
c10,111,0,1,0.62893337
c10,112,0,1,0.6681615
c10,113,0,0,0.18564689
c10,114,0,1,0.6703224
c10,115,0,1,0.85930926
c10,116,0,0,0.41912127
c10,117,0,0,0.27479193
c10,119,0,1,0.6575322
c10,120,0,0,0.29869795
c10,121,0,0,0.21017365
c10,123,0,0,0.18761398
c10,124,0,0,0.15149044
c10,125,0,1,0.6149272
c10,126,0,1,0.5069221
c10,131,0,0,0.13268326
c10,132,0,0,0.15138926
c10,133,0,0,0.1696264
c10,134,0,1,0.56769496
c10,135,0,0,0.15749003
c10,136,0,0,0.3815933
c10,137,0,0,0.27782375
c10,139,0,0,0.15551797
c10,140,0,0,0.16366059
c10,145,0,0,0.17924756
c10,147,0,1,0.83534867
c10,148,0,1,0.83987534
c10,149,0,1,0.84027076
c10,150,0,1,0.8856996
c10,151,0,0,0.19094399
c10,152,0,0,0.17903686
c10,153,0,0,0.13725583
c10,156,0,0,0.15494312
c10,159,0,0,0.21562313
c10,161,0,0,0.18970856
c10,163,0,0,0.1666375
c10,164,0,1,0.8217961
c10,165,0,0,0.42492175
c10,166,0,0,0.20382474
c10,167,0,0,0.17077294
c10,172,0,0,0.15923777
c10,173,0,0,0.19836295
c10,174,0,0,0.15164828
c10,176,0,0,0.20246834
c10,178,0,1,0.79941434
c10,179,0,1,0.8839652
c10,180,0,1,0.8621054
c10,181,0,0,0.19045833
c10,182,0,0,0.16973728
c10,184,0,1,0.7447158
c10,185,0,0,0.17702451
c10,187,0,0,0.28079233
c10,188,0,0,0.32111242
c10,189,0,0,0.13051409
c10,192,0,0,0.18793547
c10,193,0,0,0.15429136
c10,194,0,1,0.892144
c10,195,0,1,0.86836535
c10,196,0,1,0.80635774
c10,197,0,1,0.85332596
c10,198,0,0,0.23102576
c10,201,0,0,0.314043
c10,205,0,0,0.18331191
c10,206,0,0,0.18916622
c10,208,0,0,0.18636516
c10,210,0,1,0.8984376
c10,211,0,1,0.8556962
c10,212,0,0,0.32843617
c10,213,0,0,0.42701113
c10,214,0,0,0.16315249
c10,215,0,1,0.86343247
c10,217,0,1,0.6948903
c10,218,0,0,0.35364175
c10,219,0,1,0.87038076
c10,220,0,1,0.6978023
c10,221,0,1,0.7153604
c10,222,0,1,0.7174098
c10,223,0,0,0.28170964
c10,224,0,0,0.4793143
c10,225,0,1,0.8523041
c10,226,0,0,0.25967854
c10,227,0,1,0.8844866
c10,228,0,1,0.8382957
c10,229,0,0,0.4819435
c10,230,0,0,0.2236642
c10,231,0,0,0.3981264
c10,232,0,0,0.4109808
c10,233,0,1,0.82792705
c10,234,0,1,0.85699177
c10,235,0,1,0.9027268
c10,237,0,0,0.40139323
c10,238,0,1,0.66912556
c10,239,0,0,0.30596128
c10,240,0,0,0.31792802
c10,243,0,0,0.16005297
c10,244,0,0,0.16504546
c10,245,0,0,0.11355321
c10,247,0,1,0.76935595
c10,249,0,0,0.12787461
c10,252,0,0,0.25693753
c10,253,0,0,0.17470965
c10,254,0,0,0.11088378
c10,255,0,0,0.17325522
c10,256,0,0,0.11003791
c10,257,1,1,0.60265875
c10,258,0,0,0.2014748
c10,259,0,0,0.17766254
c10,262,0,0,0.18119472
c10,263,0,0,0.1532313
c10,265,0,0,0.17345573
c10,266,0,0,0.12836969
c10,267,0,0,0.20540914
c10,269,0,0,0.28486302
c10,270,0,0,0.17501473
c10,271,0,0,0.10245051
c10,272,0,0,0.112129055
c10,273,0,0,0.18688764
c10,275,0,0,0.17840238
c10,276,0,0,0.09844492
c10,277,0,0,0.12571518
c10,278,0,0,0.16772011
c10,279,0,0,0.16927908
c10,280,0,0,0.16991927
c10,281,0,0,0.12744579
c10,282,0,0,0.19822972
c10,283,0,1,0.83012277
c10,284,0,1,0.8875488
c10,285,0,1,0.81989837
c10,286,0,1,0.87325835
c10,287,0,0,0.13532749
c10,288,0,1,0.5823408
c10,289,0,1,0.8620574
c10,290,0,0,0.22422963
c10,291,0,0,0.22266197
c10,292,0,0,0.32892263
c10,293,0,0,0.1911679
c10,294,0,0,0.4018981
c10,297,0,1,0.6753373
c10,298,0,0,0.16779627
c10,301,0,0,0.24813521
c10,302,0,0,0.16115028
c10,303,0,0,0.11828654
c10,304,0,0,0.13463543
c10,305,0,0,0.15729532
c10,306,0,0,0.33359516
c10,307,0,0,0.14072083
c10,308,0,0,0.15077421
c10,309,0,0,0.17511362
c10,311,0,0,0.16265635
c10,313,0,0,0.17108226
c10,314,0,0,0.16564791
c10,315,0,1,0.8721907
c10,316,0,1,0.82009256
c10,317,0,0,0.17295821
c10,319,0,1,0.5382418
c10,320,0,0,0.33902732
c10,321,0,0,0.2685238
c10,322,0,1,0.8970156
c10,323,0,0,0.20089857
c10,324,0,0,0.19489336
c10,325,0,0,0.2694822
c10,326,0,1,0.8404473
c10,327,0,0,0.46022448
c10,328,0,1,0.7606278
c10,330,0,0,0.1774337
c10,331,0,1,0.88160884
c10,332,0,1,0.8693029
c10,333,0,0,0.18910426
c10,334,0,0,0.4808516
c10,335,0,1,0.86067563
c10,336,0,1,0.85544765
c10,337,0,0,0.2769659
c10,338,0,0,0.33634293
c10,339,0,1,0.8740218
c10,340,0,1,0.8481187
c10,341,0,1,0.8967336
c10,342,0,0,0.2315751
c10,343,0,1,0.59755516
c10,344,0,0,0.15275711
c10,345,0,1,0.6287912
c10,346,0,1,0.8358029
c10,347,0,1,0.8803454
c10,348,0,0,0.17417496
c10,349,0,0,0.31196293
c10,350,0,0,0.11722674
c10,351,0,0,0.375945
c10,353,0,0,0.17100339
c10,354,0,0,0.2949505
c10,355,0,0,0.12055874
c10,356,0,1,0.56737506
c10,357,0,0,0.15407202
c10,358,0,0,0.17588235
c10,359,0,0,0.13235228
c10,362,0,0,0.20835419
c10,363,0,1,0.50475335
c10,364,0,0,0.16492487
c10,365,0,0,0.16319247
c10,366,0,0,0.17497872
c10,367,0,0,0.1879251
c10,368,0,0,0.12292874
c10,369,0,0,0.16171132
c10,371,0,0,0.4178485
c10,372,0,0,0.11778803
c10,373,0,0,0.22961795
c10,374,0,0,0.228215
c10,375,0,0,0.22134675
c10,376,0,0,0.1764299
c10,379,0,1,0.82700133
c10,380,0,1,0.5199046
c10,381,0,0,0.28867775
c10,382,0,0,0.16625533
c10,385,0,0,0.15513346
c10,386,0,0,0.1252196
c10,388,0,0,0.15094176
c10,389,0,0,0.17097743
c10,391,0,0,0.20698503
c10,392,0,0,0.17901067
c10,394,0,1,0.8590301
c10,395,0,0,0.3681394
c10,396,0,1,0.52645385
c10,399,0,0,0.4201312
c10,400,0,0,0.39981398
c10,401,0,0,0.32151607
c10,402,0,1,0.5722179
c10,404,0,1,0.81355137
c10,405,0,0,0.44503915
c10,406,0,0,0.21747875
c10,407,0,0,0.33054227
c10,408,0,1,0.87418
c10,409,0,0,0.23083319
c10,410,0,0,0.25541356
c10,411,0,0,0.18816192
c10,413,0,1,0.8935251
c10,414,0,0,0.12674883
c10,415,0,1,0.598243
c10,416,0,1,0.6989121
c10,417,0,1,0.84068835
c10,418,0,1,0.8666288
c10,420,0,0,0.26405367
c10,421,0,0,0.23016372
c10,422,0,1,0.57163554
c10,423,0,1,0.72277814
c10,424,0,1,0.8333859
c10,425,0,1,0.7311924
c10,426,0,1,0.8544644
c10,427,0,0,0.44106814
c10,428,0,1,0.5114228
c10,429,0,1,0.7093488
c10,430,0,1,0.8065035
