record,minute,y_true,y_pred,y_prob
a01,1,0,0,0.344397
a01,2,0,0,0.49144292
a01,3,0,1,0.6477545
a01,4,0,1,0.59909695
a01,5,0,0,0.38237637
a01,6,0,1,0.5544324
a01,7,0,1,0.528387
a01,8,0,1,0.72540665
a01,9,0,0,0.38806352
a01,10,0,0,0.49480498
a01,11,0,1,0.5522456
a01,12,0,0,0.29628202
a01,13,1,0,0.40046602
a01,14,1,0,0.36943853
a01,15,1,0,0.3503803
a01,16,1,1,0.51208144
a01,17,1,0,0.35926065
a01,18,1,1,0.5180877
a01,19,1,0,0.38386846
a01,20,1,0,0.34153488
a01,21,1,0,0.39421135
a01,22,1,0,0.30646047
a01,23,1,0,0.39411572
a01,24,1,0,0.39402896
a01,25,1,0,0.3625849
a01,26,1,0,0.39633584
a01,27,1,0,0.35399857
a01,28,1,0,0.49054128
a01,29,1,0,0.4151008
a01,30,1,0,0.3538486
a01,31,1,0,0.37658
a01,32,1,0,0.35155955
a01,33,1,0,0.3823651
a01,34,1,0,0.30886212
a01,35,1,0,0.39070627
a01,36,1,0,0.32254213
a01,37,1,1,0.52725667
a01,38,1,0,0.44092226
a01,39,1,0,0.37513942
a01,40,1,0,0.3344826
a01,41,1,1,0.58988714
a01,42,1,1,0.52701664
a01,43,1,0,0.34455028
a01,44,1,1,0.53329545
a01,45,1,1,0.5330008
a01,46,1,1,0.5500414
a01,47,1,1,0.5055067
a01,48,1,0,0.38733813
a01,49,1,1,0.62552935
a01,50,1,1,0.50672305
a01,51,1,0,0.39060354
a01,52,1,0,0.44043502
a01,53,1,0,0.35127357
a01,54,1,0,0.33778852
a01,55,1,1,0.563076
a01,56,1,1,0.65347606
a01,57,1,0,0.35432556
a01,58,1,0,0.3391892
a01,59,1,1,0.51929927
a01,60,1,1,0.71606535
a01,61,1,1,0.5333585
a01,62,1,0,0.3820135
a01,63,1,1,0.5925119
a01,64,1,0,0.41993886
a01,65,1,0,0.31026062
a01,66,1,0,0.4137786
a01,67,1,1,0.69321805
a01,68,1,0,0.39691937
a01,69,1,1,0.659155
a01,70,1,0,0.3688949
a01,71,1,0,0.4717106
a01,72,1,1,0.6076699
a01,73,1,1,0.67796934
a01,74,1,1,0.6712125
a01,75,1,1,0.5429701
a01,76,1,0,0.48698223
a01,77,1,0,0.31478488
a01,78,1,0,0.33236858
a01,79,1,0,0.3246077
a01,80,1,1,0.7208973
a01,81,1,1,0.6781196
a01,82,1,1,0.6102434
a01,83,1,1,0.55456215
a01,84,1,1,0.707584
a01,85,1,0,0.3502203
a01,86,1,1,0.5504157
a01,87,1,1,0.56265694
a01,88,1,1,0.5282453
a01,89,1,1,0.6910346
a01,90,1,0,0.35533223
a01,91,1,1,0.644553
a01,92,1,0,0.4123452
a01,93,1,1,0.5154943
a01,94,1,1,0.6585421
a01,95,1,0,0.433685
a01,96,1,0,0.3943992
a01,97,1,1,0.6671807
a01,98,1,1,0.62504876
a01,99,1,0,0.36713913
a01,100,1,1,0.6119025
a01,101,1,1,0.60110974
a01,102,1,0,0.42608234
a01,103,1,0,0.37605843
a01,104,1,1,0.50960845
a01,105,1,0,0.42828235
a01,106,1,1,0.6352262
a01,107,1,0,0.30734563
a01,108,1,1,0.7534812
a01,109,1,0,0.37445313
a01,110,1,1,0.69956875
a01,111,1,1,0.66642475
a01,112,1,1,0.6947185
a01,113,1,1,0.66128135
a01,114,1,1,0.5413298
a01,115,1,1,0.6082163
a01,116,1,1,0.5038512
a01,117,1,0,0.4211365
a01,118,1,1,0.6529951
a01,119,1,1,0.6297326
a01,120,1,1,0.6300397
a01,121,1,1,0.5574946
a01,122,1,1,0.6465842
a01,123,1,1,0.64601415
a01,124,1,1,0.6339317
a01,125,1,1,0.7114923
a01,126,1,1,0.67695975
a01,127,1,1,0.54217404
a01,128,1,1,0.61084723
a01,129,1,1,0.6580336
a01,130,1,1,0.5149422
a01,131,1,1,0.5598899
a01,132,1,1,0.7417393
a01,133,1,1,0.65444094
a01,134,1,1,0.5946738
a01,135,1,1,0.7085969
a01,136,1,1,0.6521852
a01,137,1,1,0.6527908
a01,138,1,1,0.6932947
a01,139,1,1,0.6210501
a01,140,1,1,0.6586863
a01,141,1,1,0.53680086
a01,142,1,0,0.37286612
a01,143,1,1,0.6510433
a01,144,1,1,0.63533944
a01,145,1,1,0.6857933
a01,146,1,1,0.523545
a01,147,1,0,0.3422861
a01,148,1,0,0.42123133
a01,149,1,0,0.39497364
a01,150,1,1,0.67738324
a01,151,1,0,0.4069514
a01,152,1,1,0.57037485
a01,153,1,1,0.68721217
a01,154,1,1,0.61507833
a01,155,1,0,0.4765038
a01,156,1,0,0.41291973
a01,157,1,1,0.54254997
a01,158,1,0,0.40849078
a01,159,1,1,0.70229375
a01,160,1,0,0.3520133
a01,161,1,0,0.39742243
a01,162,1,1,0.53213245
a01,163,1,1,0.51786596
a01,164,1,1,0.66700536
a01,165,1,1,0.5860622
a01,166,1,1,0.6759603
a01,167,1,1,0.5575864
a01,168,1,0,0.44636452
a01,169,1,1,0.6200449
a01,170,1,1,0.6813979
a01,171,1,1,0.607755
a01,172,1,0,0.3514097
a01,173,1,1,0.66590184
a01,174,1,1,0.6308754
a01,175,1,1,0.61216664
a01,176,1,1,0.61605036
a01,177,1,1,0.62627065
a01,178,1,0,0.44602898
a01,179,1,1,0.63949025
a01,180,1,1,0.6920888
a01,181,1,1,0.66615146
a01,182,1,1,0.51113373
a01,183,1,1,0.618353
a01,184,1,1,0.65596586
a01,185,1,1,0.7321249
a01,186,1,1,0.6569851
a01,187,1,1,0.5453948
a01,188,1,0,0.47004715
a01,189,1,1,0.5221514
a01,190,1,1,0.6014466
a01,191,1,1,0.6468147
a01,192,1,1,0.68792534
a01,193,1,1,0.6856933
a01,194,1,1,0.5714463
a01,195,1,1,0.7359559
a01,196,1,1,0.7301488
a01,197,1,1,0.70337445
a01,198,1,1,0.6987983
a01,199,1,1,0.57534885
a01,200,1,1,0.5852482
a01,201,1,1,0.5648036
a01,202,1,1,0.5368961
a01,203,1,0,0.43823254
a01,204,1,0,0.43172196
a01,205,1,0,0.4880422
a01,206,1,1,0.7170646
a01,207,1,1,0.57567966
a01,208,1,1,0.7154251
a01,209,1,0,0.3510291
a01,210,1,0,0.35920465
a01,211,1,1,0.6889403
a01,212,1,1,0.5507033
a01,213,1,0,0.43409315
a01,214,1,0,0.39990374
a01,215,1,1,0.5190778
a01,216,1,0,0.34680727
a01,217,1,1,0.5156914
a01,218,1,1,0.68008757
a01,219,1,0,0.35466805
a01,220,1,1,0.52122617
a01,221,1,0,0.3793605
a01,222,1,1,0.71665275
a01,223,1,0,0.36772463
a01,224,1,1,0.57139105
a01,225,1,0,0.29618308
a01,226,1,0,0.38563773
a01,227,0,0,0.3070659
a01,228,0,1,0.66818815
a01,229,0,0,0.3252877
a01,230,0,0,0.37526262
a01,231,1,0,0.34655678
a01,232,1,0,0.47780553
a01,233,1,0,0.35632396
a01,234,1,0,0.339483
a01,235,1,0,0.4948272
a01,236,1,1,0.5407878
a01,237,1,1,0.5013194
a01,238,1,1,0.6331238
a01,239,1,1,0.6742297
a01,240,1,1,0.6765284
a01,241,1,1,0.52408814
a01,242,1,1,0.67889416
a01,243,1,1,0.6331693
a01,244,1,1,0.5623474
a01,245,1,1,0.52156353
a01,246,1,0,0.4225856
a01,247,1,1,0.5032946
a01,248,1,1,0.6713481
a01,249,1,0,0.41384727
a01,250,1,1,0.64452
a01,251,1,1,0.65457237
a01,252,1,1,0.6624616
a01,253,1,1,0.6833129
a01,254,1,0,0.4304573
a01,255,1,1,0.55864054
a01,256,1,1,0.5852617
a01,257,1,1,0.5628368
a01,258,1,1,0.6129778
a01,259,1,1,0.6677036
a01,260,1,1,0.5971315
a01,261,1,1,0.6826709
a01,262,1,1,0.6745949
a01,263,1,1,0.6686371
a01,264,1,0,0.37339216
a01,265,1,1,0.6333364
a01,266,1,1,0.5350196
a01,267,1,1,0.5026339
a01,268,1,1,0.6682062
a01,269,1,0,0.3543984
a01,270,1,1,0.66827357
a01,271,1,1,0.6217767
a01,272,1,1,0.536105
a01,273,1,1,0.5801246
a01,274,1,1,0.7336301
a01,275,1,1,0.6641263
a01,276,1,1,0.55259913
a01,277,1,1,0.7005849
a01,278,1,1,0.6236291
a01,279,1,1,0.55933034
a01,280,1,1,0.6703056
a01,281,1,1,0.72812593
a01,282,1,1,0.6648239
a01,283,1,1,0.69935024
a01,284,1,1,0.6162193
a01,285,1,1,0.56546336
a01,286,1,1,0.810765
a01,287,1,1,0.54728633
a01,288,1,1,0.7908451
a01,289,1,1,0.67706543
a01,290,1,1,0.6917052
a01,291,1,1,0.7318123
a01,292,1,1,0.6578807
a01,293,1,0,0.41221127
a01,294,1,1,0.6690938
a01,295,1,1,0.5443692
a01,296,1,1,0.64608246
a01,297,1,1,0.6678329
a01,298,1,1,0.71751493
a01,299,1,1,0.7552727
a01,300,1,1,0.72547704
a01,301,1,1,0.62437105
a01,302,1,0,0.49391368
a01,303,1,0,0.39043462
a01,304,1,1,0.57955897
a01,305,1,1,0.53589267
a01,306,1,0,0.34453523
a01,307,1,1,0.67485785
a01,308,1,0,0.2879579
a01,309,1,1,0.52626836
a01,310,1,0,0.35017624
a01,311,1,1,0.67584395
a01,312,1,1,0.73839945
a01,313,1,1,0.72163314
a01,314,1,1,0.6636811
a01,315,1,0,0.29899627
a01,316,1,1,0.5521104
a01,317,1,1,0.72194004
a01,318,1,0,0.46722886
a01,319,1,0,0.4078762
a01,320,1,1,0.5442918
a01,321,1,0,0.46008307
a01,322,1,0,0.3503597
a01,323,1,0,0.43006822
a01,324,1,1,0.64792234
a01,325,1,1,0.7153603
a01,326,1,1,0.6161236
a01,327,1,1,0.76279604
a01,328,1,1,0.67102593
a01,329,1,0,0.3400109
a01,330,1,1,0.7265021
a01,331,1,0,0.4387272
a01,332,1,0,0.32626837
a01,333,1,1,0.5303495
a01,334,1,1,0.5938366
a01,335,1,1,0.53743
a01,336,1,1,0.55989707
a01,337,1,0,0.40655744
a01,338,1,1,0.51240367
a01,339,1,1,0.540911
a01,340,1,1,0.6709169
a01,341,1,1,0.523352
a01,342,1,1,0.5256186
a01,343,1,1,0.5399432
a01,344,1,0,0.32589546
a01,345,1,1,0.662936
a01,346,1,1,0.68717706
a01,347,1,1,0.62411326
a01,348,1,1,0.6193845
a01,349,1,1,0.5671102
a01,350,1,1,0.7117147
a01,351,1,0,0.42576337
a01,352,0,1,0.61494887
a01,353,0,0,0.3534535
a01,354,1,0,0.37918323
a01,355,1,1,0.67164135
a01,356,1,1,0.5565223
a01,357,1,0,0.35390735
a01,358,1,1,0.5444861
a01,359,1,0,0.48164025
a01,360,1,1,0.6647974
a01,361,1,1,0.6622481
a01,362,1,1,0.6171899
a01,363,1,0,0.3346711
a01,364,1,1,0.687128
a01,365,1,1,0.5227353
a01,366,1,1,0.6278738
a01,367,1,0,0.3649453
a01,368,1,1,0.6205854
a01,369,1,1,0.62028813
a01,370,1,1,0.5419457
a01,371,1,1,0.6616323
a01,372,1,1,0.5589879
a01,373,1,1,0.58377486
a01,374,1,1,0.5914616
a01,375,1,0,0.41416654
a01,376,1,1,0.5716648
a01,377,1,1,0.7123265
a01,378,1,1,0.6368644
a01,379,1,1,0.6457453
a01,380,1,1,0.6326744
a01,381,1,1,0.6916803
a01,382,1,0,0.49490488
a01,383,1,1,0.6615776
a01,384,1,1,0.6325302
a01,385,1,1,0.55655724
a01,386,1,1,0.664661
a01,387,1,1,0.6790128
a01,388,1,1,0.7137362
a01,389,1,1,0.66323364
a01,390,1,1,0.6741834
a01,391,1,1,0.7079858
a01,392,1,1,0.5455537
a01,393,1,0,0.3932101
a01,394,1,1,0.7075216
a01,395,1,0,0.35236698
a01,396,1,1,0.593375
a01,397,1,1,0.64198554
a01,398,1,1,0.66310275
a01,399,1,1,0.55701786
a01,400,1,1,0.66946006
a01,401,1,0,0.48209876
a01,402,1,1,0.53886926
a01,403,1,0,0.3612458
a01,404,1,1,0.6246455
a01,405,1,0,0.44621652
a01,406,1,1,0.57018805
a01,407,1,1,0.6422561
a01,408,1,0,0.48838073
a01,409,1,1,0.66114825
a01,410,1,1,0.6453875
a01,411,1,1,0.6429888
a01,412,1,0,0.47872537
a01,413,1,1,0.7427426
a01,414,1,0,0.47464076
a01,415,1,1,0.5339533
a01,416,1,1,0.65823096
a01,417,1,1,0.58532965
a01,418,1,0,0.4056135
a01,419,1,1,0.74818265
a01,420,1,1,0.643167
a01,421,1,1,0.6779028
a01,422,1,1,0.56191546
a01,423,1,1,0.5259063
a01,424,1,1,0.55968136
a01,425,1,1,0.7409678
a01,426,1,0,0.44431195
a01,427,1,1,0.6301212
a01,428,1,1,0.63831156
a01,429,1,0,0.4306595
a01,430,1,1,0.64739263
a01,431,1,1,0.6751857
a01,432,1,1,0.79555875
a01,433,1,1,0.5869331
a01,434,1,1,0.50664264
a01,435,1,0,0.3687885
a01,436,1,1,0.53369653
a01,437,1,1,0.5643186
a01,438,1,1,0.61813205
a01,439,1,1,0.77215075
a01,440,1,1,0.5338415
a01,441,1,0,0.32137743
a01,442,1,1,0.6567655
a01,443,1,1,0.65171826
a01,444,1,0,0.3700802
a01,445,1,1,0.7631586
a01,446,1,1,0.6765949
a01,447,1,1,0.5661793
a01,448,1,0,0.2975845
a01,449,1,0,0.3490549
a01,450,1,1,0.67657864
a01,451,1,0,0.39455473
a01,452,1,0,0.42265484
a01,453,1,0,0.31753173
a01,454,1,1,0.5988399
a01,455,1,0,0.4382881
a01,456,1,1,0.67004555
a01,457,1,0,0.36290005
a01,458,1,1,0.72909194
a01,459,1,1,0.5734671
a01,460,1,0,0.41540328
a01,461,1,1,0.59602183
a01,462,1,0,0.3903193
a01,463,1,1,0.55406386
a01,464,1,0,0.41455102
a01,465,1,0,0.40734175
a01,466,1,1,0.63858205
a01,467,1,1,0.587932
a01,468,1,1,0.5570352
a01,469,1,1,0.6809683
a01,470,1,1,0.588213
a01,471,1,1,0.5646348
a01,472,1,1,0.54344416
a01,473,1,1,0.5663346
a01,474,1,1,0.6576332
a01,475,1,1,0.53128165
a01,476,1,1,0.6808705
a01,477,1,1,0.76636434
a01,478,1,0,0.3794231
a01,479,1,0,0.49267763
a01,480,1,1,0.5171488
a01,481,1,1,0.6498819
a01,482,1,1,0.66076654
a01,483,1,1,0.63788986
a01,484,1,1,0.54184717
a01,485,1,0,0.32650825
a01,486,1,0,0.43736562
a01,487,1,1,0.64730537
a01,488,1,0,0.37938097
a02,1,0,1,0.5961537
a02,2,0,1,0.699277
a02,3,0,1,0.691815
a02,4,0,1,0.68786633
a02,5,0,1,0.6810492
a02,6,0,0,0.3912366
a02,7,0,0,0.37235913
a02,8,0,0,0.36322057
a02,9,0,0,0.45263204
a02,10,0,0,0.43299913
a02,11,0,1,0.70376354
a02,12,0,0,0.4648847
a02,13,0,1,0.5732091
a02,14,0,1,0.67758316
a02,15,0,0,0.37212047
a02,16,0,1,0.67900354
a02,17,0,0,0.4268903
a02,18,0,0,0.48595017
a02,19,0,1,0.5728769
a02,20,0,1,0.68926316
a02,21,1,1,0.68335664
a02,22,1,1,0.66063154
a02,23,1,1,0.6299929
a02,24,1,0,0.4053723
a02,25,1,1,0.6821565
a02,26,1,1,0.68386376
a02,27,1,1,0.5920535
a02,28,1,1,0.6824669
a02,29,1,0,0.35721886
a02,30,1,0,0.37888718
a02,31,1,1,0.6763678
a02,32,1,1,0.6770545
a02,33,1,0,0.35036206
a02,34,1,1,0.70782095
a02,35,1,1,0.68139285
a02,36,1,1,0.6970881
a02,37,1,1,0.71361375
a02,38,1,1,0.6821269
a02,39,1,1,0.68207073
a02,40,1,1,0.70612496
a02,41,1,1,0.70542216
a02,42,1,1,0.6562212
a02,43,1,1,0.6884673
a02,44,1,1,0.7062239
a02,45,1,1,0.6834764
a02,46,1,1,0.68752825
a02,47,1,0,0.45659086
a02,48,1,1,0.6715885
a02,49,1,1,0.72797364
a02,50,1,1,0.6980508
a02,51,1,1,0.68155104
a02,52,1,1,0.69094944
a02,53,1,1,0.6438291
a02,54,1,1,0.6921233
a02,55,1,1,0.7133247
a02,56,1,0,0.38392454
a02,57,1,1,0.6834406
a02,58,1,1,0.71279126
a02,59,1,1,0.6949489
a02,60,1,1,0.69058216
a02,61,1,1,0.6546099
a02,62,1,0,0.41193977
a02,63,1,0,0.38335893
a02,64,1,1,0.6190454
a02,65,1,1,0.7231393
a02,66,1,1,0.69238704
a02,67,1,1,0.68420124
a02,68,1,1,0.654954
a02,69,1,1,0.6494669
a02,70,1,1,0.69263506
a02,71,1,0,0.4176926
a02,72,1,1,0.6822716
a02,73,1,1,0.68631804
a02,74,1,1,0.6851189
a02,75,1,1,0.58498794
a02,76,1,1,0.6655733
a02,77,1,1,0.7039131
a02,78,1,1,0.69842035
a02,79,1,1,0.5703576
a02,80,1,1,0.6708176
a02,81,1,1,0.6807263
a02,82,1,1,0.6748136
a02,83,1,0,0.38144004
a02,84,1,1,0.6725293
a02,85,1,1,0.7504025
a02,86,1,1,0.6868304
a02,87,1,1,0.6825194
a02,88,1,1,0.682633
a02,89,1,1,0.6361343
a02,90,1,1,0.6860839
a02,91,1,1,0.6919637
a02,92,1,1,0.68128735
a02,93,1,1,0.6794118
a02,94,1,1,0.62973434
a02,95,1,1,0.59575087
a02,96,1,0,0.3622976
a02,97,1,1,0.6770742
a02,98,1,1,0.69220805
a02,99,1,0,0.44436106
a02,100,1,1,0.6785092
a02,101,1,1,0.7282235
a02,102,1,1,0.7155335
a02,103,1,1,0.6795111
a02,104,1,1,0.69475764
a02,105,1,1,0.67324984
a02,106,1,1,0.7002736
a02,107,1,1,0.6774762
a02,108,1,1,0.6878469
a02,109,1,1,0.67121315
a02,110,1,1,0.6801916
a02,111,1,1,0.7111301
a02,112,1,1,0.7234113
a02,113,1,1,0.7234045
a02,114,1,1,0.684038
a02,115,1,1,0.7071592
a02,116,1,1,0.6788559
a02,117,1,1,0.67245454
a02,118,1,1,0.7181785
a02,119,1,1,0.67728335
a02,120,1,1,0.69696814
a02,121,1,1,0.68828225
a02,122,1,1,0.72735846
a02,123,1,1,0.70774496
a02,124,1,1,0.6831972
a02,125,1,1,0.6754935
a02,126,1,1,0.6826832
a02,127,1,1,0.7028639
a02,128,1,1,0.68585104
a02,129,1,0,0.34566626
a02,130,0,1,0.57138157
a02,131,0,0,0.46944696
a02,132,0,1,0.56796634
a02,133,0,0,0.40449077
a02,134,0,1,0.51989615
a02,135,0,1,0.57252
a02,136,0,0,0.43452775
a02,137,0,0,0.4316669
a02,138,0,0,0.40504658
a02,139,0,0,0.38753366
a02,140,0,0,0.3998441
a02,141,0,0,0.4410292
a02,142,0,1,0.5151711
a02,143,0,0,0.38504615
a02,144,0,1,0.55772996
a02,145,0,1,0.5347245
a02,146,0,1,0.54980785
a02,147,0,1,0.6650893
a02,148,0,1,0.6709681
a02,149,0,1,0.56744736
a02,150,0,0,0.39412904
a02,151,0,1,0.67527187
a02,152,0,1,0.65066504
a02,153,0,0,0.3668676
a02,154,0,0,0.45035866
a02,155,0,1,0.5437431
a02,156,0,1,0.6869197
a02,157,0,1,0.6810729
a02,158,0,1,0.5427465
a02,159,0,1,0.6773592
a02,160,0,1,0.5679081
a02,161,0,1,0.63313884
a02,162,0,1,0.68048674
a02,163,0,1,0.64859825
a02,164,0,1,0.67503566
a02,165,0,1,0.53184766
a02,166,0,1,0.6773023
a02,167,0,1,0.6954925
a02,168,0,1,0.6305449
a02,169,0,1,0.59459007
a02,170,0,1,0.5191635
a02,171,0,1,0.5882679
a02,172,0,1,0.6857573
a02,173,0,1,0.54379225
a02,174,0,1,0.68503845
a02,175,0,0,0.3431496
a02,176,1,1,0.67653733
a02,177,1,1,0.7159608
a02,178,1,1,0.70770043
a02,179,1,1,0.67906415
a02,180,1,0,0.4084649
a02,181,1,0,0.45541918
a02,182,1,1,0.69157416
a02,183,1,1,0.69098246
a02,184,1,1,0.6989039
a02,185,1,1,0.518352
a02,186,1,1,0.68183434
a02,187,1,1,0.7082576
a02,188,1,0,0.37256548
a02,189,1,1,0.69341195
a02,190,1,1,0.72848314
a02,191,1,1,0.7200798
a02,192,1,1,0.70216465
a02,193,1,1,0.7194991
a02,194,1,1,0.7043509
a02,195,1,1,0.7397994
a02,196,1,1,0.6877147
a02,197,1,1,0.68268013
a02,198,1,1,0.6861021
a02,199,1,1,0.7377328
a02,200,1,1,0.6380514
a02,201,0,1,0.61235416
a02,202,0,1,0.6937338
a02,203,0,0,0.46389204
a02,204,0,1,0.5932712
a02,205,0,1,0.67743903
a02,206,0,0,0.36863694
a02,207,1,0,0.3684309
a02,208,1,1,0.5689164
a02,209,1,1,0.6774722
a02,210,1,1,0.7498563
a02,211,1,1,0.71053547
a02,212,1,1,0.71588004
a02,213,1,1,0.6865362
a02,214,1,1,0.70349413
a02,215,1,1,0.67845356
a02,216,1,1,0.6141201
a02,217,1,0,0.3763971
a02,218,1,1,0.6818266
a02,219,1,1,0.7252234
a02,220,1,1,0.6931872
a02,221,1,0,0.37797052
a02,222,1,1,0.7046796
a02,223,1,1,0.747377
a02,224,1,0,0.39180303
a02,225,1,1,0.7385889
a02,226,1,1,0.6303542
a02,227,1,1,0.6666566
a02,228,1,1,0.74160105
a02,229,1,1,0.737039
a02,230,1,1,0.68131834
a02,231,1,1,0.69266194
a02,232,1,1,0.6798165
a02,233,1,1,0.70839125
a02,234,1,1,0.70393825
a02,235,1,1,0.7307838
a02,236,1,1,0.6873489
a02,237,1,1,0.7113938
a02,238,1,1,0.7284887
a02,239,1,1,0.7324843
a02,240,1,1,0.7471382
a02,241,1,1,0.74386805
a02,242,1,1,0.7292205
a02,243,1,1,0.74576426
a02,244,1,1,0.67911994
a02,245,1,1,0.72925305
a02,246,1,1,0.6830955
a02,247,1,1,0.75016624
a02,248,1,1,0.70764565
a02,249,1,1,0.6752444
a02,250,1,1,0.70470953
a02,251,1,1,0.7394894
a02,252,1,1,0.68260324
a02,253,1,1,0.6788321
a02,254,1,1,0.74260414
a02,255,1,1,0.70957816
a02,256,1,1,0.69996375
a02,257,1,1,0.7082886
a02,258,1,1,0.6840371
a02,259,1,1,0.58419883
a02,260,1,1,0.67912906
a02,261,1,1,0.7336925
a02,262,1,1,0.67554396
a02,263,1,1,0.69829315
a02,264,1,1,0.68978435
a02,265,1,0,0.3673127
a02,266,0,1,0.61925495
a02,267,0,1,0.56598276
a02,268,0,1,0.6805531
a02,269,0,1,0.6949087
a02,270,1,1,0.7468529
a02,271,1,1,0.66764563
a02,272,1,0,0.45012003
a02,273,1,1,0.6799621
a02,274,1,1,0.6862805
a02,275,1,1,0.66702497
a02,276,1,0,0.37881437
a02,277,1,1,0.7255823
a02,278,1,1,0.7480438
a02,279,1,1,0.7509558
a02,280,1,1,0.7467685
a02,281,1,0,0.38756225
a02,282,0,0,0.32264695
a02,283,0,1,0.560349
a02,284,0,1,0.6684117
a02,285,0,1,0.67904407
a02,286,0,1,0.67899287
a02,287,0,1,0.5077698
a02,288,1,1,0.6824281
a02,289,1,1,0.68083113
a02,290,1,1,0.678705
a02,291,1,1,0.686624
a02,292,1,1,0.72884524
a02,293,1,1,0.7509385
a02,294,1,1,0.73734736
a02,295,0,1,0.6101918
a02,296,0,1,0.67543226
a02,297,1,0,0.45228863
a02,298,1,1,0.73710716
a02,299,1,1,0.74648255
a02,300,1,1,0.7382825
a02,301,1,1,0.7484952
a02,302,1,1,0.74432606
a02,303,1,1,0.685498
a02,304,1,1,0.5364453
a02,305,1,1,0.6497699
a02,306,1,1,0.6477128
a02,307,1,1,0.6312206
a02,308,0,1,0.50116223
a02,309,0,1,0.6393917
a02,310,0,0,0.36292124
a02,311,0,1,0.74004793
a02,312,1,1,0.6780143
a02,313,1,1,0.74337745
a02,314,1,1,0.7441113
a02,315,1,1,0.69465905
a02,316,1,1,0.68938345
a02,317,1,1,0.7054156
a02,318,1,1,0.71198255
a02,319,1,1,0.6956571
a02,320,1,1,0.7494573
a02,321,1,1,0.7127891
a02,322,1,1,0.72737646
a02,323,1,1,0.6860287
a02,324,1,1,0.7366119
a02,325,1,0,0.37091175
a02,326,0,0,0.44487512
a02,327,0,1,0.6886266
a02,328,0,1,0.681746
a02,329,1,1,0.7127313
a02,330,1,1,0.7112546
a02,331,1,1,0.72863877
a02,332,1,1,0.7018232
a02,333,1,0,0.41518837
a02,334,1,1,0.6764125
a02,335,1,1,0.69112366
a02,336,1,0,0.36588892
a02,337,1,1,0.69815224
a02,338,1,1,0.67925864
a02,339,1,1,0.72776335
a02,340,1,1,0.6815711
a02,341,1,1,0.7330717
a02,342,1,1,0.68446094
a02,343,1,1,0.734768
a02,344,1,1,0.7326906
a02,345,1,1,0.54586774
a02,346,1,1,0.69632345
a02,347,1,1,0.7295048
a02,348,1,1,0.72690153
a02,349,1,1,0.7416719
a02,350,1,0,0.41887844
a02,351,1,1,0.67839366
a02,352,1,0,0.46117797
a02,353,1,1,0.56592035
a02,354,1,1,0.6314719
a02,355,1,1,0.69507354
a02,356,1,1,0.73120785
a02,357,1,1,0.7197171
a02,358,1,1,0.7131563
a02,359,1,1,0.69532084
a02,360,1,0,0.38556224
a02,361,1,0,0.37503767
a02,362,1,1,0.70039576
a02,363,1,1,0.7500049
a02,364,1,1,0.71672153
a02,365,1,1,0.6782901
a02,366,1,1,0.7187792
a02,367,1,1,0.68907624
a02,368,1,1,0.7076538
a02,369,1,1,0.71640366
a02,370,1,1,0.55053484
a02,371,1,1,0.712884
a02,372,1,1,0.6381895
a02,373,1,1,0.7381132
a02,374,1,1,0.7011682
a02,375,1,1,0.6851715
a02,376,1,1,0.7047597
a02,377,1,1,0.7005593
a02,378,1,1,0.7441395
a02,379,1,1,0.64042467
a02,380,1,1,0.69423616
a02,381,1,1,0.7181387
a02,382,1,1,0.7464982
a02,383,1,1,0.7491442
a02,384,1,1,0.70416373
a02,385,1,1,0.71787614
a02,386,1,1,0.73422647
a02,387,1,1,0.7061365
a02,388,1,0,0.36966792
a02,389,0,1,0.6616867
a02,390,0,1,0.6809651
a02,391,0,1,0.69395745
a02,392,1,1,0.66825765
a02,393,1,1,0.71240443
a02,394,1,1,0.67790395
a02,395,1,1,0.59743387
a02,396,1,1,0.714086
a02,397,1,1,0.67332727
a02,398,1,1,0.7155162
a02,399,1,1,0.7162243
a02,400,1,1,0.75072825
a02,401,1,1,0.71841496
a02,402,1,1,0.74293995
a02,403,1,1,0.7137482
a02,404,1,1,0.73028815
a02,405,1,1,0.7153834
a02,406,1,1,0.75174755
a02,407,1,1,0.74356323
a02,408,1,1,0.6957994
a02,409,1,1,0.7088658
a02,410,1,1,0.73556364
a02,411,1,1,0.7212759
a02,412,1,1,0.7031225
a02,413,1,1,0.72768456
a02,414,1,1,0.71001595
a02,415,1,1,0.7244772
a02,416,1,1,0.6850662
a02,417,1,1,0.7099991
a02,418,1,1,0.68397576
a02,419,1,1,0.6999064
a02,420,1,1,0.7423247
a02,421,1,1,0.7487296
a02,422,1,1,0.71402264
a02,423,1,1,0.7329153
a02,424,1,1,0.71634763
a02,425,1,1,0.7287906
a02,426,1,1,0.70054984
a02,427,1,1,0.72721016
a02,428,1,1,0.74406457
a02,429,1,1,0.6811412
a02,430,1,0,0.3796733
a02,431,1,0,0.49959287
a02,432,0,0,0.36696276
a02,433,0,0,0.36003268
a02,434,0,0,0.35784116
a02,435,0,1,0.6825546
a02,436,1,1,0.7237711
a02,437,1,1,0.74582297
a02,438,1,1,0.7191967
a02,439,1,1,0.6777166
a02,440,1,1,0.6654178
a02,441,1,0,0.3534388
a02,442,1,0,0.3586847
a02,443,1,1,0.70293695
a02,444,1,1,0.67745847
a02,445,1,1,0.7194769
a02,446,1,0,0.42371705
a02,447,1,1,0.7129042
a02,448,1,1,0.7031158
a02,449,1,1,0.69324946
a02,450,1,1,0.69895995
a02,451,1,1,0.7468893
a02,452,1,1,0.68360025
a02,453,1,1,0.7359838
a02,454,1,1,0.7033388
a02,455,1,0,0.35418132
a02,456,1,1,0.68014896
a02,457,1,1,0.57868296
a02,458,1,1,0.67940366
a02,459,1,1,0.7432687
a02,460,1,0,0.40025398
a02,461,1,1,0.6750733
a02,462,1,0,0.35703492
a02,463,1,1,0.7019084
a02,464,1,1,0.7132491
a02,465,1,1,0.6796067
a02,466,1,1,0.70064944
a02,467,1,1,0.670218
a02,468,1,1,0.748751
a02,469,1,0,0.40671802
a02,470,1,1,0.6790859
a02,471,1,1,0.70699185
a02,472,1,1,0.7208141
a02,473,1,1,0.71508664
a02,474,1,1,0.71491766
a02,475,1,1,0.69748294
a02,476,1,1,0.72722596
a02,477,1,1,0.7444794
a02,478,1,1,0.73824364
a02,479,1,1,0.7318893
a02,480,1,1,0.7247171
a02,481,1,1,0.6783465
a02,482,1,1,0.5678747
a02,483,1,1,0.7033102
a02,484,1,1,0.6975253
a02,485,1,1,0.69843835
a02,486,1,0,0.37848035
a02,487,1,1,0.6825841
a02,488,1,1,0.698223
a02,489,1,1,0.7412927
a02,490,1,1,0.7037709
a02,491,1,1,0.7086412
a02,492,1,1,0.7177766
a02,493,1,1,0.69498336
a02,494,1,1,0.6739377
a02,495,1,1,0.69823617
a02,496,1,1,0.71984905
a02,497,1,1,0.7021095
a02,498,1,1,0.7505123
a02,499,1,0,0.38169816
a02,500,0,1,0.749703
a02,501,0,1,0.67925745
a02,502,0,1,0.57405627
a02,503,0,1,0.59311384
a02,504,0,1,0.6918627
a02,505,0,1,0.54904723
a02,506,0,1,0.6935736
a02,507,0,1,0.6792541
a02,508,0,1,0.6785177
a02,509,1,1,0.67833704
a02,510,1,1,0.69947326
a02,511,1,1,0.68349904
a02,512,1,1,0.6444478
a02,513,1,0,0.41818434
a02,514,1,1,0.54642254
a02,515,1,1,0.6751803
a02,516,1,0,0.413145
a02,517,1,1,0.6851932
a02,518,1,1,0.7478917
a02,519,1,1,0.65784883
a02,520,1,1,0.6856591
a02,521,1,1,0.7347918
a02,522,1,1,0.73019683
a02,523,1,1,0.7060646
a02,524,1,1,0.65355134
a02,525,1,1,0.7252854
a02,526,1,1,0.7105835
a02,527,1,1,0.7090411
a03,1,0,0,0.25119323
a03,2,0,1,0.6663077
a03,3,0,1,0.6083483
a03,4,0,1,0.66818243
a03,5,0,0,0.25906828
a03,6,0,0,0.3468358
a03,7,0,0,0.31468487
a03,8,0,1,0.639725
a03,9,0,1,0.6169311
a03,10,0,1,0.65044075
a03,11,0,0,0.47991803
a03,12,0,1,0.6739079
a03,13,1,0,0.32590654
a03,14,1,0,0.299984
a03,15,1,1,0.5291641
a03,16,1,1,0.6354139
a03,17,1,1,0.6571063
a03,18,1,1,0.646691
a03,19,1,0,0.35037288
a03,20,1,0,0.49763456
a03,21,1,0,0.3278424
a03,22,1,1,0.5314924
a03,23,1,0,0.4542025
a03,24,1,1,0.5132464
a03,25,1,1,0.54812163
a03,26,1,1,0.5161389
a03,27,1,1,0.6252018
a03,28,1,0,0.323623
a03,29,1,0,0.4259113
a03,30,1,0,0.32805246
a03,31,1,1,0.5979164
a03,32,1,0,0.3193845
a03,33,1,0,0.4804729
a03,34,1,1,0.573166
a03,35,1,0,0.40467355
a03,36,1,0,0.33578184
a03,37,1,0,0.2806565
a03,38,1,1,0.658698
a03,39,1,1,0.6520814
a03,40,1,1,0.62122375
a03,41,1,1,0.5869218
a03,42,1,1,0.66652817
a03,43,1,0,0.39717162
a03,44,1,1,0.5102718
a03,45,1,1,0.5793499
a03,46,1,0,0.41688257
a03,47,1,1,0.6462738
a03,48,1,0,0.4875944
a03,49,1,1,0.6688338
a03,50,1,1,0.589325
a03,51,1,1,0.5306936
a03,52,1,1,0.6156332
a03,53,1,1,0.5672827
a03,54,1,1,0.62517416
a03,55,1,1,0.6448127
a03,56,1,0,0.45582342
a03,57,1,1,0.6745009
a03,58,1,1,0.65352196
a03,59,1,0,0.2829756
a03,60,0,1,0.71102047
a03,61,0,0,0.39603814
a03,62,0,0,0.3570132
a03,63,0,0,0.3134832
a03,64,0,1,0.52586263
a03,65,0,0,0.37855917
a03,66,0,0,0.2436302
a03,67,0,0,0.3963205
a03,68,0,0,0.43977368
a03,69,0,1,0.50860375
a03,70,0,1,0.5687491
a03,71,0,0,0.36928692
a03,72,0,1,0.66728055
a03,73,0,0,0.2434442
a03,74,0,0,0.23739584
a03,75,0,0,0.2479579
a03,76,0,0,0.25290734
a03,77,0,0,0.24328269
a03,78,0,0,0.23698252
a03,79,0,0,0.24743673
a03,80,0,0,0.29359487
a03,81,0,0,0.24570596
a03,82,0,0,0.23400319
a03,83,0,0,0.23789732
a03,84,0,0,0.24399874
a03,85,0,0,0.23627824
a03,86,0,0,0.2359391
a03,87,0,0,0.24264415
a03,88,0,0,0.3565694
a03,89,0,1,0.5045816
a03,90,0,1,0.58101994
a03,91,0,0,0.25326204
a03,92,0,0,0.3031706
a03,93,0,0,0.24784827
a03,94,0,0,0.25048432
a03,95,0,0,0.47968087
a03,96,0,0,0.25294536
a03,97,0,0,0.24654573
a03,98,0,1,0.5407469
a03,99,0,0,0.2555078
a03,100,0,1,0.6245355
a03,101,0,1,0.5352402
a03,102,0,0,0.42704746
a03,103,0,1,0.5593872
a03,104,0,1,0.6735485
a03,105,1,1,0.645572
a03,106,1,1,0.6042331
a03,107,1,1,0.52824116
a03,108,1,1,0.6790185
a03,109,1,1,0.68011105
a03,110,1,1,0.6552259
a03,111,1,1,0.5329783
a03,112,1,1,0.6363619
a03,113,1,1,0.62138736
a03,114,1,0,0.4210105
a03,115,1,1,0.6659838
a03,116,1,1,0.5406789
a03,117,1,1,0.68868154
a03,118,1,1,0.5904334
a03,119,1,1,0.66582096
a03,120,1,1,0.5997522
a03,121,1,1,0.6556254
a03,122,1,1,0.6870519
a03,123,1,1,0.6399702
a03,124,1,1,0.5851498
a03,125,1,1,0.5435441
a03,126,1,1,0.53244966
a03,127,1,1,0.6754974
a03,128,1,1,0.64088166
a03,129,1,1,0.52733827
a03,130,1,1,0.6820442
a03,131,1,1,0.67694074
a03,132,1,0,0.30637518
a03,133,1,0,0.37393224
a03,134,1,0,0.40007132
a03,135,1,1,0.641696
a03,136,1,1,0.53187835
a03,137,1,0,0.30422106
a03,138,1,1,0.57918626
a03,139,1,1,0.6063854
a03,140,1,0,0.32220992
a03,141,1,1,0.687024
a03,142,1,1,0.54064816
a03,143,1,1,0.57587665
a03,144,1,1,0.5342444
a03,145,1,1,0.6592949
a03,146,1,0,0.2936258
a03,147,0,0,0.3894095
a03,148,0,0,0.37719497
a03,149,0,0,0.45000637
a03,150,0,0,0.24578372
a03,151,0,0,0.29027677
a03,152,0,0,0.27445307
a03,153,0,0,0.24290113
a03,154,0,0,0.28100374
a03,155,0,0,0.28622738
a03,156,0,0,0.31070337
a03,157,0,0,0.2345016
a03,158,0,0,0.2565592
a03,159,0,0,0.27600235
a03,160,0,0,0.30004486
a03,161,0,0,0.34180298
a03,162,0,0,0.28172645
a03,163,0,0,0.32634076
a03,164,0,0,0.32093698
a03,165,0,0,0.298869
a03,166,0,0,0.38028952
a03,167,0,0,0.30724645
a03,168,0,0,0.30133772
a03,169,0,0,0.30662283
a03,170,0,0,0.37884107
a03,171,0,0,0.2818748
a03,172,0,0,0.36352658
a03,173,0,0,0.27107814
a03,174,0,0,0.2887477
a03,175,0,0,0.3635042
a03,176,0,0,0.35093638
a03,177,0,0,0.30073395
a03,178,0,0,0.3405704
a03,179,0,0,0.31191817
a03,180,0,0,0.36957443
a03,181,0,0,0.3892343
a03,182,0,0,0.33265048
a03,183,0,0,0.2938412
a03,184,0,0,0.24879237
a03,185,0,1,0.52449346
a03,186,1,0,0.38669804
a03,187,1,1,0.5475176
a03,188,1,1,0.57670856
a03,189,1,0,0.41543096
a03,190,1,1,0.677976
a03,191,1,1,0.6524604
a03,192,1,1,0.61021596
a03,193,1,1,0.5806745
a03,194,1,1,0.6807225
a03,195,1,1,0.67528015
a03,196,1,1,0.6578572
a03,197,1,1,0.70142746
a03,198,1,0,0.298665
a03,199,1,0,0.48123524
a03,200,1,1,0.7164891
a03,201,1,1,0.6806403
a03,202,1,1,0.55062515
a03,203,1,1,0.5380219
a03,204,1,0,0.35034513
a03,205,1,0,0.30310795
a03,206,1,1,0.6477622
a03,207,1,1,0.6695213
a03,208,1,0,0.39858428
a03,209,1,1,0.5383604
a03,210,1,0,0.36733046
a03,211,1,0,0.3370101
a03,212,1,1,0.5609528
a03,213,1,1,0.67751324
a03,214,1,1,0.6715732
a03,215,1,1,0.5373034
a03,216,1,0,0.33385837
a03,217,1,1,0.7150916
a03,218,1,1,0.6539752
a03,219,1,0,0.27537268
a03,220,1,0,0.4678633
a03,221,1,1,0.61706644
a03,222,1,0,0.33418933
a03,223,1,1,0.5458659
a03,224,1,0,0.396745
a03,225,1,1,0.674869
a03,226,1,0,0.32786623
a03,227,1,1,0.7318418
a03,228,1,1,0.6850477
a03,229,0,1,0.6468334
a03,230,0,0,0.2548586
a03,231,0,1,0.65855455
a03,232,0,1,0.5770942
a03,233,0,1,0.7497684
a03,234,0,0,0.27203953
a03,235,0,0,0.25623205
a03,236,0,0,0.28213844
a03,237,0,1,0.757834
a03,238,0,1,0.6720725
a03,239,0,1,0.76048124
a03,240,1,1,0.75156665
a03,241,1,1,0.6844604
a03,242,1,1,0.76872176
a03,243,1,1,0.7615631
a03,244,1,0,0.29534882
a03,245,1,1,0.5306498
a03,246,1,1,0.67549664
a03,247,1,0,0.29027
a03,248,1,0,0.48803154
a03,249,1,1,0.64674157
a03,250,1,1,0.67610216
a03,251,1,0,0.38293293
a03,252,1,1,0.5816642
a03,253,1,1,0.6885152
a03,254,1,1,0.65909374
a03,255,1,1,0.65933084
a03,256,1,1,0.5535481
a03,257,1,1,0.51557815
a03,258,0,1,0.68141466
a03,259,0,0,0.3272564
a03,260,0,0,0.26035634
a03,261,0,0,0.24376005
a03,262,0,0,0.2473671
a03,263,0,0,0.24879609
a03,264,0,1,0.53566045
a03,265,0,0,0.38903382
a03,266,0,0,0.2440031
a03,267,0,0,0.25985077
a03,268,0,0,0.32667306
a03,269,0,0,0.27130133
a03,270,0,0,0.2594977
a03,271,0,0,0.25039363
a03,272,0,0,0.2444929
a03,273,0,0,0.29713494
a03,274,0,0,0.31023234
a03,275,0,0,0.30592108
a03,276,0,0,0.25627485
a03,277,0,0,0.25961643
a03,278,0,0,0.27798343
a03,279,0,1,0.5591078
a03,280,0,0,0.40368226
a03,281,0,0,0.2547606
a03,282,0,0,0.28765342
a03,283,0,0,0.39548323
a03,284,0,0,0.35837296
a03,285,0,0,0.4619921
a03,286,0,0,0.32029963
a03,287,0,0,0.3487905
a03,288,0,1,0.5331287
a03,289,0,0,0.36810657
a03,290,1,1,0.67727625
a03,291,1,0,0.43797967
a03,292,1,0,0.40615094
a03,293,1,1,0.53112614
a03,294,1,0,0.37227008
a03,295,1,1,0.69159675
a03,296,1,1,0.6814113
a03,297,1,1,0.57481104
a03,298,1,1,0.7044222
a03,299,1,1,0.6548901
a03,300,1,1,0.5422261
a03,301,1,1,0.66532534
a03,302,1,0,0.29849833
a03,303,0,0,0.25801623
a03,304,0,0,0.2501314
a03,305,0,1,0.70360965
a03,306,0,1,0.5319756
a03,307,0,1,0.53776133
a03,308,0,1,0.5848584
a03,309,0,0,0.2650386
a03,310,0,1,0.68387246
a03,311,0,0,0.37268662
a03,312,0,0,0.36844757
a03,313,0,1,0.5158854
a03,314,0,0,0.24098846
a03,315,0,0,0.24612726
a03,316,0,0,0.35511732
a03,317,0,0,0.42265722
a03,318,0,0,0.25455922
a03,319,0,0,0.25452295
a03,320,0,0,0.32650846
a03,321,0,0,0.24929304
a03,322,0,0,0.26525012
a03,323,0,0,0.24327789
a03,324,0,0,0.4358712
a03,325,0,0,0.27589107
a03,326,0,1,0.6146897
a03,327,0,1,0.6754598
a03,328,0,1,0.5306822
a03,329,0,1,0.5177517
a03,330,0,0,0.36339793
a03,331,0,1,0.5311943
a03,332,0,1,0.532163
a03,333,0,1,0.54523814
a03,334,0,1,0.5643563
a03,335,0,1,0.5297983
a03,336,0,1,0.66515374
a03,337,0,1,0.70693654
a03,338,0,1,0.6497823
a03,339,0,0,0.3278587
a03,340,0,1,0.61910486
a03,341,0,0,0.25957716
a03,342,0,1,0.6257897
a03,343,0,0,0.43571508
a03,344,0,1,0.66084856
a03,345,0,0,0.30252287
a03,346,0,0,0.24324891
a03,347,1,0,0.40781257
a03,348,1,1,0.57749003
a03,349,1,1,0.7458089
a03,350,1,0,0.36102414
a03,351,1,0,0.30948555
a03,352,1,1,0.5360209
a03,353,0,0,0.2969895
a03,354,0,0,0.24530084
a03,355,0,0,0.2673826
a03,356,0,0,0.2758036
a03,357,0,0,0.34462136
a03,358,0,0,0.305654
a03,359,0,0,0.41504
a03,360,0,0,0.33090496
a03,361,0,0,0.31968385
a03,362,0,0,0.2935838
a03,363,0,0,0.2820618
a03,364,0,0,0.47511792
a03,365,0,0,0.32403883
a03,366,0,0,0.27522153
a03,367,0,0,0.40728587
a03,368,0,0,0.34960973
a03,369,0,0,0.36398676
a03,370,0,0,0.35352933
a03,371,0,0,0.3313092
a03,372,0,0,0.34403405
a03,373,0,0,0.3684878
a03,374,0,0,0.41782454
a03,375,0,0,0.4208817
a03,376,0,0,0.36635563
a03,377,0,0,0.38278854
a03,378,0,0,0.45194012
a03,379,0,0,0.3035849
a03,380,0,0,0.37244558
a03,381,0,0,0.2743482
a03,382,0,0,0.30432126
a03,383,0,0,0.3096453
a03,384,0,0,0.29976553
a03,385,1,1,0.5266242
a03,386,1,1,0.6929677
a03,387,1,1,0.66452515
a03,388,1,1,0.529387
a03,389,1,0,0.3272437
a03,390,1,0,0.4923736
a03,391,1,1,0.6545217
a03,392,1,1,0.6272648
a03,393,1,0,0.33376974
a03,394,1,1,0.6826589
a03,395,1,1,0.7447942
a03,396,1,1,0.6836173
a03,397,1,1,0.6588085
a03,398,1,0,0.39234927
a03,399,1,1,0.71326774
a03,400,1,1,0.68112415
a03,401,1,0,0.31815675
a03,402,1,1,0.69051665
a03,403,1,1,0.5287387
a03,404,1,1,0.51170105
a03,405,1,1,0.5291715
a03,406,0,0,0.38771936
a03,407,0,0,0.32406884
a03,408,0,0,0.278417
a03,409,0,0,0.27866718
a03,410,0,0,0.4218663
a03,411,1,1,0.5269447
a03,412,1,1,0.57037735
a03,413,1,1,0.5333351
a03,414,1,1,0.7575475
a03,415,1,0,0.2593254
a03,416,1,1,0.5411495
a03,417,0,0,0.40101123
a03,418,0,0,0.33264467
a03,419,0,0,0.27524498
a03,420,0,0,0.2908555
a03,421,0,0,0.3771762
a03,422,0,0,0.29577124
a03,423,0,0,0.42110243
a03,424,0,0,0.35467866
a03,425,0,0,0.3255474
a03,426,0,0,0.34783423
a03,427,1,1,0.6021643
a03,428,1,1,0.66915447
a03,429,1,1,0.6823278
a03,430,1,1,0.54392654
a03,431,1,1,0.68693316
a03,432,1,1,0.6742199
a03,433,1,0,0.40001634
a03,434,1,0,0.268132
a03,435,1,0,0.31145263
a03,436,1,1,0.63000584
a03,437,1,0,0.37474337
a03,438,1,0,0.3092365
a03,439,1,0,0.26620138
a03,440,1,1,0.5354887
a03,441,1,1,0.6792484
a03,442,1,0,0.28524056
a03,443,0,0,0.26242086
a03,444,0,0,0.2442953
a03,445,0,0,0.24375667
a03,446,0,0,0.47778898
a03,447,0,1,0.57615423
a03,448,0,1,0.70083547
a03,449,0,0,0.45567992
a03,450,0,1,0.5036667
a03,451,0,1,0.5429733
a03,452,0,1,0.56716317
a03,453,0,1,0.53101224
a03,454,0,1,0.7336878
a03,455,0,1,0.6245772
a03,456,0,1,0.6472922
a03,457,0,1,0.64606047
a03,458,0,1,0.6782116
a03,459,0,1,0.5640111
a03,460,0,0,0.45128188
a03,461,0,1,0.6395894
a03,462,0,0,0.2437288
a03,463,0,0,0.36174458
a03,464,0,1,0.59883755
a03,465,0,1,0.6607689
a03,466,0,0,0.2654141
a03,467,0,1,0.5232404
a03,468,0,1,0.7826109
a03,469,0,0,0.28935638
a03,470,1,0,0.2578615
a03,471,1,0,0.4353792
a03,472,1,1,0.6714446
a03,473,1,0,0.37488645
a03,474,1,0,0.3245869
a03,475,1,1,0.67097515
a03,476,1,1,0.72420573
a03,477,1,0,0.42726204
a03,478,1,1,0.60568845
a03,479,1,1,0.5682608
a03,480,1,0,0.34316656
a03,481,1,1,0.66498154
a03,482,1,1,0.66764945
a03,483,1,0,0.2589163
a03,484,1,1,0.5842147
a03,485,1,1,0.5056841
a03,486,1,0,0.34636465
a03,487,1,1,0.68780416
a03,488,1,0,0.34322447
a03,489,1,1,0.5339967
a03,490,1,1,0.6753529
a03,491,1,0,0.26788765
a03,492,0,0,0.31066796
a03,493,0,0,0.2718874
a03,494,0,0,0.34917313
a03,495,0,0,0.2816999
a03,496,0,0,0.38490623
a03,497,0,0,0.25611937
a03,498,0,0,0.27852988
a03,499,0,0,0.3226799
a03,500,0,0,0.3189716
a03,501,0,1,0.5769723
a03,502,0,0,0.33942625
a03,503,0,1,0.6745743
a03,504,0,1,0.52886695
a03,505,0,0,0.32628104
a03,506,0,0,0.45885772
a03,507,1,1,0.657725
a03,508,1,0,0.30745706
a03,509,1,0,0.29617056
a03,510,1,1,0.6742401
a03,511,1,1,0.59681946
a03,512,1,0,0.28483772
a03,513,1,0,0.3262057
a03,514,1,1,0.6167627
a03,515,1,1,0.53615046
a03,516,1,0,0.39140955
a03,517,1,1,0.7084464
a03,518,1,1,0.7577509
a04,1,0,0,0.43242732
a04,2,0,0,0.28671324
a04,3,0,1,0.8088028
a04,4,0,1,0.6252512
a04,5,0,1,0.6897871
a04,6,0,0,0.3386111
a04,7,0,1,0.5513505
a04,8,0,0,0.26090446
a04,9,0,0,0.24814291
a04,10,0,1,0.6073477
a04,11,0,1,0.8230944
a04,12,0,1,0.5077869
a04,13,0,0,0.28194317
a04,14,0,0,0.2625272
a04,15,0,1,0.6502802
a04,16,0,0,0.4099156
a04,17,0,1,0.7736268
a04,18,0,1,0.53387463
a04,19,0,1,0.5572307
a04,20,0,1,0.62987363
a04,21,0,1,0.5475579
a04,22,0,1,0.5422666
a04,23,0,1,0.67118686
a04,24,0,1,0.6355677
a04,25,0,1,0.64475006
a04,26,0,1,0.6482471
a04,27,0,0,0.26476353
a04,28,0,1,0.5587456
a04,29,0,1,0.7597185
a04,30,0,1,0.7439665
a04,31,0,1,0.74260205
a04,32,0,1,0.6476702
a04,33,0,1,0.52987367
a04,34,0,1,0.7542228
a04,35,1,0,0.32961333
a04,36,1,1,0.7016542
a04,37,1,1,0.68919903
a04,38,1,1,0.8141023
a04,39,1,1,0.6878365
a04,40,1,1,0.64875376
a04,41,1,1,0.8227411
a04,42,1,1,0.7232689
a04,43,1,1,0.738621
a04,44,1,1,0.7278278
a04,45,1,0,0.3104282
a04,46,1,1,0.6669279
a04,47,1,1,0.657605
a04,48,1,1,0.76027954
a04,49,1,0,0.4513207
a04,50,1,1,0.6585777
a04,51,1,1,0.8229538
a04,52,1,0,0.30341485
a04,53,1,1,0.53140664
a04,54,1,0,0.29792693
a04,55,1,0,0.28485307
a04,56,1,1,0.64193064
a04,57,1,1,0.6549401
a04,58,1,1,0.59277695
a04,59,1,1,0.50864565
a04,60,1,1,0.5773586
a04,61,1,1,0.68091244
a04,62,1,1,0.6479088
a04,63,1,0,0.39439115
a04,64,1,0,0.4594543
a04,65,1,1,0.66646796
a04,66,1,0,0.24679026
a04,67,1,1,0.7312064
a04,68,1,0,0.30112895
a04,69,1,1,0.6639427
a04,70,1,1,0.6382761
a04,71,1,1,0.5369744
a04,72,1,1,0.5446049
a04,73,1,0,0.3215215
a04,74,1,0,0.2661276
a04,75,1,1,0.7669022
a04,76,1,1,0.5589487
a04,77,1,1,0.63947755
a04,78,1,1,0.6624756
a04,79,1,1,0.6719745
a04,80,1,1,0.6497821
a04,81,1,1,0.5386076
a04,82,1,0,0.3504071
a04,83,1,1,0.5327083
a04,84,1,1,0.52905226
a04,85,1,1,0.6552177
a04,86,1,1,0.5369491
a04,87,1,1,0.642331
a04,88,1,1,0.61629015
a04,89,1,1,0.66141504
a04,90,1,1,0.66820836
a04,91,1,1,0.53872514
a04,92,1,1,0.72771436
a04,93,1,1,0.639485
a04,94,1,1,0.59633005
a04,95,1,1,0.662739
a04,96,1,1,0.6737912
a04,97,1,1,0.59381455
a04,98,1,1,0.64987475
a04,99,1,0,0.31155887
a04,100,1,0,0.28482547
a04,101,1,1,0.66741496
a04,102,1,1,0.65823597
a04,103,1,1,0.61332214
a04,104,1,1,0.684961
a04,105,1,1,0.72454697
a04,106,1,1,0.58596975
a04,107,1,1,0.63389266
a04,108,1,1,0.60955244
a04,109,1,0,0.3548335
a04,110,1,0,0.34960666
a04,111,1,1,0.6681061
a04,112,1,0,0.32632354
a04,113,1,1,0.6336362
a04,114,1,1,0.6809614
a04,115,1,1,0.7590602
a04,116,1,0,0.3734392
a04,117,1,1,0.53464806
a04,118,1,1,0.6316568
a04,119,1,1,0.54641354
a04,120,1,0,0.32339448
a04,121,1,1,0.61731
a04,122,1,1,0.5254881
a04,123,1,0,0.33515635
a04,124,1,1,0.5906035
a04,125,1,1,0.65715224
a04,126,1,1,0.6624623
a04,127,1,1,0.6433534
a04,128,1,1,0.65930897
a04,129,1,1,0.67894053
a04,130,1,1,0.5997034
a04,131,1,1,0.60895747
a04,132,1,1,0.69913423
a04,133,1,1,0.5977948
a04,134,1,1,0.6784737
a04,135,1,1,0.6609997
a04,136,1,0,0.32278803
a04,137,1,1,0.6795217
a04,138,1,1,0.68487704
a04,139,1,1,0.54559845
a04,140,1,1,0.69985783
a04,141,1,1,0.6521611
a04,142,1,1,0.70454496
a04,143,1,1,0.54047984
a04,144,1,0,0.35906026
a04,145,1,1,0.7202028
a04,146,1,1,0.6332882
a04,147,1,1,0.5313154
a04,148,1,1,0.7376252
a04,149,1,0,0.36763743
a04,150,1,1,0.6581276
a04,151,1,1,0.63502246
a04,152,1,0,0.41488123
a04,153,1,1,0.672903
a04,154,1,1,0.5341297
a04,155,1,0,0.48961985
a04,156,1,1,0.5723343
a04,157,1,1,0.67343813
a04,158,1,1,0.65522707
a04,159,1,1,0.7300051
a04,160,1,1,0.54802895
a04,161,1,1,0.643193
a04,162,1,1,0.7026143
a04,163,1,1,0.54837537
a04,164,1,1,0.65449554
a04,165,1,1,0.6762046
a04,166,1,1,0.6207779
a04,167,1,1,0.6879517
a04,168,1,1,0.5396569
a04,169,1,1,0.6772722
a04,170,1,1,0.6998514
a04,171,1,0,0.37521678
a04,172,1,1,0.6662612
a04,173,1,1,0.72254246
a04,174,1,1,0.6254266
a04,175,0,1,0.6702962
a04,176,0,1,0.67846864
a04,177,1,1,0.6687368
a04,178,1,1,0.66442126
a04,179,1,0,0.32248288
a04,180,1,1,0.63663954
a04,181,1,1,0.5147536
a04,182,1,1,0.7435287
a04,183,1,1,0.63743657
a04,184,1,1,0.78279686
a04,185,1,1,0.6110168
a04,186,1,1,0.53313
a04,187,1,1,0.66823435
a04,188,1,1,0.7555076
a04,189,1,1,0.5881659
a04,190,1,1,0.75840634
a04,191,1,1,0.54105383
a04,192,1,1,0.65442765
a04,193,1,1,0.66998154
a04,194,1,1,0.65157396
a04,195,1,1,0.68879056
a04,196,1,1,0.6232076
a04,197,1,1,0.57106525
a04,198,1,1,0.5395607
a04,199,1,1,0.6810719
a04,200,1,1,0.5493011
a04,201,1,1,0.65127903
a04,202,1,1,0.53901166
a04,203,1,1,0.6245308
a04,204,1,1,0.6486708
a04,205,1,1,0.6229523
a04,206,1,1,0.74530756
a04,207,1,1,0.58520865
a04,208,1,1,0.7445167
a04,209,1,1,0.55946654
a04,210,1,1,0.70943433
a04,211,1,1,0.6607913
a04,212,1,1,0.6766512
a04,213,1,1,0.53739965
a04,214,1,1,0.63461995
a04,215,1,1,0.68911594
a04,216,1,1,0.63216466
a04,217,1,0,0.3389042
a04,218,1,0,0.37646276
a04,219,1,0,0.27673724
a04,220,1,0,0.36485
a04,221,1,0,0.29230294
a04,222,1,0,0.26514435
a04,223,1,1,0.6739379
a04,224,1,0,0.2738936
a04,225,1,1,0.7291592
a04,226,1,1,0.5527838
a04,227,1,0,0.3808596
a04,228,1,1,0.6714415
a04,229,1,0,0.39261934
a04,230,1,1,0.5430267
a04,231,1,1,0.7276807
a04,232,1,1,0.5630706
a04,233,1,1,0.7765155
a04,234,1,1,0.68013275
a04,235,1,0,0.3093851
a04,236,1,1,0.7604379
a04,237,1,0,0.3161583
a04,238,1,1,0.71681833
a04,239,1,0,0.4994784
a04,240,1,1,0.67655784
a04,241,1,1,0.60289574
a04,242,1,0,0.3000347
a04,243,1,1,0.5821917
a04,244,1,1,0.6008778
a04,245,1,1,0.64288306
a04,246,1,1,0.7048144
a04,247,1,1,0.62596947
a04,248,1,1,0.65697056
a04,249,1,1,0.52009773
a04,250,1,1,0.7492478
a04,251,1,1,0.6528593
a04,252,1,1,0.6065176
a04,253,1,1,0.68977207
a04,254,1,1,0.6004953
a04,255,1,1,0.7955212
a04,256,1,1,0.6685294
a04,257,1,0,0.35591483
a04,258,1,0,0.358985
a04,259,1,1,0.65506494
a04,260,1,0,0.40815753
a04,261,1,1,0.5774829
a04,262,1,0,0.34569907
a04,263,1,1,0.53077763
a04,264,1,1,0.65857667
a04,265,1,1,0.65409267
a04,266,1,1,0.8234867
a04,267,1,1,0.67927337
a04,268,1,1,0.6541229
a04,269,1,1,0.81832135
a04,270,1,1,0.66770655
a04,271,1,1,0.82280093
a04,272,1,1,0.7280564
a04,273,1,1,0.65327525
a04,274,1,1,0.7217436
a04,275,1,1,0.82193846
a04,276,1,1,0.5322349
a04,277,1,1,0.5589579
a04,278,1,1,0.6656287
a04,279,1,1,0.65354
a04,280,1,1,0.591222
a04,281,1,1,0.6664519
a04,282,1,1,0.6724371
a04,283,1,1,0.64725417
a04,284,1,1,0.61845404
a04,285,1,1,0.7243143
a04,286,1,1,0.72438043
a04,287,1,1,0.8200242
a04,288,1,1,0.6568783
a04,289,1,1,0.72638327
a04,290,1,1,0.78442746
a04,291,1,1,0.6454567
a04,292,1,1,0.668433
a04,293,1,1,0.74842125
a04,294,1,1,0.659208
a04,295,1,1,0.68030053
a04,296,1,1,0.7530972
a04,297,1,1,0.63385546
a04,298,1,1,0.68685
a04,299,1,0,0.3350766
a04,300,1,1,0.6607513
a04,301,1,1,0.64428437
a04,302,1,1,0.65791774
a04,303,1,1,0.6739218
a04,304,1,1,0.6316961
a04,305,1,1,0.6672728
a04,306,1,0,0.33895034
a04,307,1,0,0.27993104
a04,308,1,0,0.43347284
a04,309,1,0,0.3644437
a04,310,1,1,0.6099627
a04,311,1,1,0.7631808
a04,312,1,1,0.61029017
a04,313,1,0,0.32032257
a04,314,1,1,0.654372
a04,315,1,0,0.3114295
a04,316,1,1,0.6520553
a04,317,1,0,0.3242637
a04,318,1,0,0.33342394
a04,319,1,1,0.6446889
a04,320,1,1,0.6665413
a04,321,1,1,0.6787194
a04,322,1,1,0.67147624
a04,323,1,1,0.6613852
a04,324,1,1,0.8229452
a04,325,1,0,0.3256151
a04,326,1,1,0.57491916
a04,327,1,1,0.51256204
a04,328,1,0,0.3489527
a04,329,1,1,0.66097707
a04,330,1,1,0.66369885
a04,331,1,1,0.6981631
a04,332,1,0,0.2838365
a04,333,1,1,0.7293966
a04,334,1,1,0.56425846
a04,335,1,1,0.62698424
a04,336,1,1,0.6585197
a04,337,1,1,0.53416723
a04,338,1,0,0.27923763
a04,339,1,1,0.7262988
a04,340,1,1,0.5382186
a04,341,1,1,0.658652
a04,342,1,0,0.31731573
a04,343,1,1,0.72985095
a04,344,1,1,0.64675695
a04,345,1,0,0.4020126
a04,346,1,0,0.40759194
a04,347,1,1,0.61795187
a04,348,1,1,0.6470599
a04,349,1,1,0.7796689
a04,350,1,1,0.55378455
a04,351,1,0,0.34224063
a04,352,1,1,0.62911403
a04,353,1,1,0.6027909
a04,354,1,1,0.6904476
a04,355,1,1,0.6532193
a04,356,1,1,0.72896814
a04,357,1,1,0.53044736
a04,358,1,1,0.7472743
a04,359,1,1,0.71505195
a04,360,1,0,0.30547464
a04,361,1,0,0.32773846
a04,362,1,1,0.66988206
a04,363,1,1,0.6585839
a04,364,1,1,0.6528681
a04,365,1,1,0.6902453
a04,366,1,1,0.6826771
a04,367,1,1,0.67917126
a04,368,1,0,0.49747947
a04,369,1,1,0.6407261
a04,370,1,1,0.766879
a04,371,1,1,0.651687
a04,372,1,1,0.5349271
a04,373,1,1,0.67739874
a04,374,1,1,0.81780535
a04,375,1,1,0.633809
a04,376,1,1,0.73491687
a04,377,1,1,0.6104073
a04,378,1,1,0.65856653
a04,379,1,1,0.7439102
a04,380,1,0,0.28565592
a04,381,1,1,0.64771205
a04,382,1,1,0.6791643
a04,383,1,1,0.650661
a04,384,1,0,0.33231616
a04,385,1,1,0.69477075
a04,386,1,1,0.6146482
a04,387,1,1,0.6477162
a04,388,1,0,0.36958623
a04,389,1,1,0.6875541
a04,390,1,1,0.775205
a04,391,1,0,0.37213868
a04,392,1,1,0.61946476
a04,393,1,1,0.5482977
a04,394,1,1,0.54685956
a04,395,1,1,0.6764656
a04,396,1,1,0.5289383
a04,397,1,1,0.66241497
a04,398,1,0,0.41617256
a04,399,1,1,0.6746632
a04,400,1,0,0.38479945
a04,401,1,1,0.71761954
a04,402,1,1,0.6679888
a04,403,1,1,0.6568082
a04,404,1,1,0.6486036
a04,405,1,1,0.82335013
a04,406,1,1,0.7878255
a04,407,1,1,0.71444744
a04,408,1,1,0.6783314
a04,409,1,1,0.72600543
a04,410,1,1,0.71560484
a04,411,1,1,0.67653346
a04,412,1,1,0.809165
a04,413,1,1,0.5568861
a04,414,1,1,0.64012945
a04,415,1,1,0.64610255
a04,416,1,1,0.6538969
a04,417,1,1,0.54739535
a04,418,1,1,0.67984474
a04,419,1,1,0.5221386
a04,420,1,1,0.6225279
a04,421,1,1,0.67753863
a04,422,1,0,0.4996066
a04,423,1,1,0.734996
a04,424,1,1,0.548388
a04,425,1,0,0.3212393
a04,426,1,1,0.7465617
a04,427,1,1,0.6612389
a04,428,1,1,0.7263844
a04,429,1,0,0.32862142
a04,430,1,1,0.5713132
a04,431,1,0,0.32538489
a04,432,1,1,0.6521343
a04,433,1,1,0.6576425
a04,434,1,1,0.7664717
a04,435,1,1,0.68978465
a04,436,1,1,0.6232746
a04,437,1,1,0.6500168
a04,438,1,0,0.3093499
a04,439,1,1,0.53587574
a04,440,1,0,0.3133971
a04,441,1,0,0.2791914
a04,442,1,1,0.68497545
a04,443,1,1,0.6459925
a04,444,1,1,0.52975905
a04,445,1,1,0.68476796
a04,446,1,0,0.3496624
a04,447,1,1,0.6583012
a04,448,1,1,0.58554584
a04,449,1,1,0.52910125
a04,450,1,1,0.53763276
a04,451,1,0,0.4019071
a04,452,1,0,0.28652164
a04,453,1,1,0.63995534
a04,454,1,0,0.45687625
a04,455,1,0,0.45084894
a04,456,1,1,0.64158916
a04,457,1,1,0.6680914
a04,458,1,1,0.65786105
a04,459,1,1,0.6536316
a04,460,1,1,0.52293205
a04,461,1,0,0.26960126
a04,462,0,1,0.6266392
a04,463,0,1,0.7494664
a04,464,1,1,0.67902577
a04,465,1,1,0.53754157
a04,466,1,1,0.6507065
a04,467,1,1,0.61959434
a04,468,1,1,0.69406164
a04,469,1,1,0.6797191
a04,470,1,1,0.7360352
a04,471,1,1,0.72668016
a04,472,1,1,0.6538113
a04,473,1,1,0.6565338
a04,474,1,1,0.5374064
a04,475,1,1,0.7095603
a04,476,1,1,0.6315819
a04,477,1,1,0.684555
a04,478,1,0,0.31935284
a04,479,1,1,0.56068665
a04,480,1,1,0.7723905
a04,481,1,1,0.6633194
a04,482,1,1,0.6679196
a04,483,1,1,0.59847593
a04,484,1,0,0.38616025
a04,485,1,1,0.6150332
a04,486,1,1,0.7004408
a04,487,1,1,0.697989
a04,488,1,1,0.6214639
a04,489,1,0,0.331958
a04,490,1,1,0.6762814
a04,491,1,1,0.67046946
a05,1,0,1,0.5959617
a05,2,0,1,0.52205366
a05,3,0,1,0.5532622
a05,4,0,0,0.40498748
a05,5,0,1,0.644808
a05,6,0,0,0.39324114
a05,7,0,0,0.33489424
a05,8,0,0,0.4582105
a05,9,0,0,0.36149737
a05,10,0,0,0.29610357
a05,11,0,1,0.55780756
a05,12,0,0,0.40845287
a05,13,0,1,0.66741955
a05,14,1,0,0.33145145
a05,15,1,0,0.39526835
a05,16,1,1,0.52704954
a05,17,1,1,0.5352796
a05,18,1,1,0.5196232
a05,19,1,0,0.4260267
a05,20,1,1,0.5213505
a05,21,1,0,0.35309434
a05,22,1,0,0.34815332
a05,23,1,1,0.53530234
a05,24,1,0,0.3774396
a05,25,1,0,0.40473932
a05,26,1,0,0.45010912
a05,27,1,0,0.48928514
a05,28,1,0,0.40411142
a05,29,1,0,0.34135762
a05,30,1,1,0.543728
a05,31,1,1,0.6473127
a05,32,1,1,0.6574738
a05,33,0,1,0.7520945
a05,34,0,1,0.7428842
a05,35,0,1,0.54412776
a05,36,0,0,0.31825784
a05,37,0,1,0.5372804
a05,38,0,1,0.6740708
a05,39,0,1,0.767834
a05,40,0,1,0.6504489
a05,41,0,0,0.36105734
a05,42,0,0,0.43805447
a05,43,0,0,0.3936278
a05,44,0,0,0.2811868
a05,45,0,0,0.31933942
a05,46,0,0,0.3179961
a05,47,0,0,0.34303382
a05,48,0,1,0.7592942
a05,49,0,1,0.68202543
a05,50,0,1,0.6828048
a05,51,0,0,0.3416199
a05,52,0,0,0.36330286
a05,53,0,0,0.30456907
a05,54,0,0,0.35579884
a05,55,0,1,0.5658934
a05,56,0,0,0.37689942
a05,57,0,0,0.40559584
a05,58,0,0,0.4610308
a05,59,0,1,0.5022781
a05,60,0,0,0.3801969
a05,61,0,0,0.30353618
a05,62,0,0,0.41111523
a05,63,0,0,0.44381592
a05,64,0,0,0.37634918
a05,65,0,1,0.5102805
a05,66,0,1,0.5468851
a05,67,1,0,0.41667187
a05,68,1,0,0.44845802
a05,69,1,1,0.6739114
a05,70,0,0,0.4453088
a05,71,0,1,0.69358623
a05,72,0,1,0.67450213
a05,73,0,1,0.5630457
a05,74,0,1,0.7077533
a05,75,0,1,0.5148466
a05,76,0,0,0.40116838
a05,77,0,0,0.4170527
a05,78,0,0,0.4705988
a05,79,0,0,0.41207454
a05,80,0,1,0.63641655
a05,81,0,1,0.7140504
a05,82,0,0,0.45641106
a05,83,0,1,0.62543565
a05,84,0,0,0.43957618
a05,85,0,1,0.6450134
a05,86,0,1,0.69133127
a05,87,0,1,0.68742627
a05,88,0,1,0.63769245
a05,89,0,0,0.3259489
a05,90,0,0,0.3533896
a05,91,0,0,0.36102748
a05,92,0,0,0.40295348
a05,93,1,0,0.4256059
a05,94,1,0,0.4799589
a05,95,1,0,0.41630304
a05,96,1,1,0.51897734
a05,97,1,0,0.36076036
a05,98,1,0,0.4943301
a05,99,1,0,0.4711911
a05,100,1,0,0.4030399
a05,101,1,1,0.5476697
a05,102,1,1,0.6161141
a05,103,1,1,0.54777473
a05,104,1,1,0.5539372
a05,105,1,1,0.63259286
a05,106,1,1,0.5346086
a05,107,1,1,0.75610876
a05,108,1,1,0.629862
a05,109,1,1,0.5386462
a05,110,1,1,0.59437215
a05,111,1,0,0.47120276
a05,112,1,1,0.6338173
a05,113,1,1,0.5363577
a05,114,1,1,0.5686302
a05,115,1,1,0.5636474
a05,116,1,0,0.35120937
a05,117,1,1,0.5162977
a05,118,1,0,0.42916164
a05,119,1,1,0.6766308
a05,120,1,1,0.70340407
a05,121,1,1,0.7024807
a05,122,1,0,0.44215474
a05,123,1,1,0.50969994
a05,124,1,1,0.626325
a05,125,1,1,0.5429717
a05,126,1,1,0.532081
a05,127,1,1,0.5846404
a05,128,1,1,0.50705385
a05,129,1,1,0.5452115
a05,130,1,0,0.4150196
a05,131,1,1,0.53613156
a05,132,1,0,0.43830112
a05,133,1,1,0.6786061
a05,134,1,1,0.54771036
a05,135,1,1,0.68485266
a05,136,1,1,0.56393534
a05,137,1,1,0.6417465
a05,138,1,1,0.6378513
a05,139,1,1,0.6780772
a05,140,1,1,0.6198708
a05,141,1,1,0.621209
a05,142,1,1,0.55094504
a05,143,1,0,0.37493786
a05,144,1,1,0.6177802
a05,145,1,0,0.49541947
a05,146,1,1,0.60430765
a05,147,1,1,0.6602611
a05,148,1,1,0.5173117
a05,149,1,1,0.5769045
a05,150,0,1,0.5356202
a05,151,0,0,0.41051364
a05,152,0,0,0.39332378
a05,153,0,0,0.45557806
a05,154,0,0,0.3813104
a05,155,0,1,0.51744664
a05,156,0,0,0.37683657
a05,157,0,0,0.35662627
a05,158,0,0,0.45392674
a05,159,1,0,0.3809016
a05,160,1,0,0.28133073
a05,161,1,0,0.30078802
a05,162,1,0,0.42331073
a05,163,1,0,0.39831465
a05,164,1,1,0.53516877
a05,165,1,0,0.33573782
a05,166,1,0,0.49285528
a05,167,1,1,0.5578251
a05,168,1,0,0.41170508
a05,169,1,0,0.3905841
a05,170,1,0,0.4389448
a05,171,1,1,0.5553963
a05,172,1,0,0.42538583
a05,173,1,0,0.37691247
a05,174,1,0,0.4105059
a05,175,1,0,0.49496317
a05,176,1,1,0.54003686
a05,177,1,1,0.5246685
a05,178,1,1,0.5750697
a05,179,1,1,0.55193776
a05,180,1,0,0.39514416
a05,181,1,1,0.53871673
a05,182,1,0,0.47936293
a05,183,1,1,0.6680147
a05,184,1,0,0.35486197
a05,185,1,0,0.41529787
a05,186,1,0,0.4547374
a05,187,1,0,0.42429313
a05,188,1,0,0.39831063
a05,189,1,1,0.5560828
a05,190,1,1,0.5051999
a05,191,1,1,0.5533975
a05,192,1,1,0.65212363
a05,193,1,1,0.5033583
a05,194,1,0,0.44063088
a05,195,1,0,0.3631999
a05,196,1,1,0.54214454
a05,197,1,0,0.43604583
a05,198,1,0,0.4220874
a05,199,1,0,0.45593035
a05,200,1,1,0.5560003
a05,201,1,0,0.43153727
a05,202,1,0,0.4325216
a05,203,1,0,0.42058262
a05,204,1,1,0.67549586
a05,205,1,1,0.58897495
a05,206,1,0,0.45138896
a05,207,1,0,0.42396557
a05,208,1,0,0.44912487
a05,209,1,0,0.37278694
a05,210,1,0,0.37677455
a05,211,1,0,0.35302028
a05,212,1,0,0.37977442
a05,213,1,0,0.37203217
a05,214,1,1,0.6246578
a05,215,0,1,0.75661874
a05,216,0,1,0.6744934
a05,217,0,1,0.7066594
a05,218,0,1,0.676067
a05,219,0,1,0.5855261
a05,220,0,1,0.5414555
a05,221,0,0,0.3459336
a05,222,0,1,0.5400091
a05,223,0,1,0.6876557
a05,224,0,1,0.6841607
a05,225,0,0,0.367582
a05,226,0,0,0.3584948
a05,227,0,0,0.37878326
a05,228,0,1,0.62456644
a05,229,0,1,0.6980387
a05,230,0,0,0.34958214
a05,231,0,0,0.44506422
a05,232,0,0,0.3995188
a05,233,0,0,0.37340224
a05,234,0,1,0.6920022
a05,235,0,1,0.54564124
a05,236,0,1,0.54625106
a05,237,0,1,0.68515193
a05,238,1,1,0.6625413
a05,239,0,0,0.42530656
a05,240,0,1,0.65533733
a05,241,0,0,0.33293173
a05,242,0,1,0.50420207
a05,243,0,0,0.4990351
a05,244,0,0,0.4001929
a05,245,0,1,0.5413256
a05,246,0,0,0.38629374
a05,247,0,1,0.6630074
a05,248,0,0,0.37350243
a05,249,1,1,0.56972474
a05,250,1,1,0.53681654
a05,251,1,0,0.39042664
a05,252,1,0,0.42241502
a05,253,1,0,0.4256174
a05,254,1,1,0.6261759
a05,255,1,1,0.6288132
a05,256,1,1,0.5888196
a05,257,1,1,0.7100375
a05,258,1,0,0.4149965
a05,259,1,0,0.40573528
a05,260,1,1,0.62323636
a05,261,1,0,0.4670023
a05,262,1,1,0.6389463
a05,263,1,1,0.6735158
a05,264,1,0,0.43720642
a05,265,1,0,0.37547484
a05,266,1,1,0.5637517
a05,267,1,1,0.6559876
a05,268,1,1,0.6535258
a05,269,1,0,0.4589469
a05,270,0,0,0.4793315
a05,271,0,0,0.33837086
a05,272,0,1,0.7011485
a05,273,1,0,0.35231522
a05,274,1,0,0.35823587
a05,275,1,0,0.44517997
a05,276,1,0,0.3333118
a05,277,1,0,0.449353
a05,278,1,0,0.4175346
a05,279,1,1,0.617623
a05,280,1,1,0.67090744
a05,281,1,1,0.5485868
a05,282,1,1,0.6724382
a05,283,1,1,0.74861574
a05,284,1,0,0.36654505
a05,285,1,0,0.427202
a05,286,1,0,0.44009793
a05,287,1,0,0.4218776
a05,288,1,1,0.5408549
a05,289,1,1,0.56389827
a05,290,1,1,0.54448265
a05,291,1,0,0.40612897
a05,292,1,1,0.5768953
a05,293,1,1,0.73004127
a05,294,0,0,0.41686144
a05,295,0,1,0.6650848
a05,296,1,1,0.5784887
a05,297,1,1,0.5624487
a05,298,1,1,0.6818707
a05,299,1,0,0.498577
a05,300,1,1,0.7002279
a05,301,1,0,0.35082448
a05,302,1,0,0.48874432
a05,303,1,1,0.61144173
a05,304,1,1,0.55176675
a05,305,1,1,0.68340546
a05,306,1,1,0.78498936
a05,307,1,1,0.5715898
a05,308,1,1,0.72421896
a05,309,1,1,0.67529523
a05,310,1,0,0.46417573
a05,311,1,0,0.4433968
a05,312,1,1,0.6259894
a05,313,1,1,0.68427676
a05,314,1,1,0.67691946
a05,315,1,1,0.6313569
a05,316,1,1,0.65527695
a05,317,1,1,0.6332712
a05,318,1,1,0.5415189
a05,319,1,0,0.47079673
a05,320,1,1,0.5273206
a05,321,1,1,0.7222381
a05,322,1,0,0.3581939
a05,323,1,0,0.4231479
a05,324,1,1,0.6491467
a05,325,1,1,0.64275867
a05,326,1,1,0.6532663
a05,327,1,1,0.56862885
a05,328,1,1,0.55152833
a05,329,1,1,0.54007566
a05,330,1,0,0.49460244
a05,331,1,0,0.35143855
a05,332,1,0,0.45816365
a05,333,1,0,0.43335426
a05,334,1,1,0.71170527
a05,335,1,1,0.68035454
a05,336,1,0,0.39885482
a05,337,1,1,0.6495216
a05,338,0,1,0.6752061
a05,339,1,0,0.34551352
a05,340,0,0,0.44550458
a05,341,1,1,0.61834574
a05,342,1,1,0.599626
a05,343,1,1,0.6252561
a05,344,1,0,0.48444653
a05,345,1,1,0.53681254
a05,346,1,1,0.54427654
a05,347,1,0,0.4294945
a05,348,1,1,0.5119601
a05,349,0,0,0.42445174
a05,350,0,1,0.55071265
a05,351,0,1,0.5458335
a05,352,0,1,0.6749861
a05,353,1,1,0.666066
a05,354,0,0,0.40445268
a05,355,0,0,0.3323995
a05,356,0,0,0.35293823
a05,357,0,1,0.6823221
a05,358,0,0,0.36024743
a05,359,0,1,0.70348275
a05,360,0,1,0.6689513
a05,361,0,1,0.68267757
a05,362,1,1,0.57427603
a05,363,0,1,0.54425853
a05,364,0,0,0.4199678
a05,365,1,0,0.33809528
a05,366,1,0,0.32330438
a05,367,1,0,0.3033879
a05,368,0,0,0.39746886
a05,369,0,1,0.528656
a05,370,0,0,0.33750665
a05,371,0,0,0.3223671
a05,372,0,1,0.6699035
a05,373,0,0,0.38150755
a05,374,0,0,0.36972427
a05,375,0,0,0.44531703
a05,376,0,0,0.38277936
a05,377,0,0,0.40140516
a05,378,0,0,0.38745463
a05,379,0,1,0.5451544
a05,380,0,1,0.5456507
a05,381,0,1,0.56109333
a05,382,0,0,0.3758411
a05,383,0,1,0.6988936
a05,384,0,0,0.33032078
a05,385,0,1,0.6129262
a05,386,0,0,0.43317765
a05,387,0,0,0.4189825
a05,388,0,0,0.4442769
a05,389,0,1,0.62449384
a05,390,0,1,0.5405343
a05,391,0,1,0.5398545
a05,392,0,1,0.535544
a05,393,0,0,0.3442712
a05,394,0,1,0.6407759
a05,395,0,0,0.3937101
a05,396,0,0,0.3636723
a05,397,0,1,0.53413296
a05,398,0,1,0.5985153
a05,399,0,0,0.38516223
a05,400,0,0,0.38991883
a05,401,0,0,0.34634653
a05,402,0,0,0.3005672
a05,403,0,1,0.5387027
a05,404,0,0,0.41188037
a05,405,0,0,0.4049219
a05,406,0,0,0.3551788
a05,407,0,0,0.37615213
a05,408,0,0,0.3190457
a05,409,0,1,0.6528348
a05,410,1,0,0.3742067
a05,411,1,0,0.30280495
a05,412,1,0,0.40255815
a05,413,1,0,0.36266905
a05,414,1,1,0.5543898
a05,415,1,0,0.4300331
a05,416,1,0,0.40887442
a05,417,1,0,0.46585777
a05,418,1,1,0.5062276
a05,419,1,0,0.35441256
a05,420,1,0,0.3718912
a05,421,1,1,0.58516896
a05,422,1,0,0.38923043
a05,423,1,0,0.35474855
a05,424,1,0,0.31668895
a05,425,1,1,0.5008118
a05,426,1,0,0.40537804
a05,427,1,0,0.3920609
a05,428,1,0,0.29966572
a05,429,1,0,0.47698265
a05,430,1,1,0.53133273
a05,431,1,0,0.42618388
a05,432,1,0,0.33776137
a05,433,1,0,0.46779063
a05,434,1,0,0.37982646
a05,435,1,0,0.47581294
a05,436,1,1,0.6542778
a05,437,1,0,0.43916386
a05,438,1,0,0.37775588
a05,439,1,0,0.37444553
a05,440,1,1,0.5281262
a05,441,1,0,0.43820727
a05,442,1,1,0.53994524
a05,443,1,1,0.619411
a05,444,1,1,0.68129927
a05,445,0,1,0.67143184
a05,446,1,0,0.4080024
a05,447,1,1,0.5586443
a05,448,1,1,0.669352
a05,449,1,1,0.66909504
a05,450,1,1,0.67580086
a05,451,1,0,0.4377349
a05,452,1,1,0.67494816
a05,453,0,0,0.27132505
a06,1,0,1,0.5514421
a06,2,0,1,0.5027798
a06,3,0,1,0.7075131
a06,4,0,1,0.67455757
a06,5,0,0,0.42995185
a06,6,0,1,0.66142267
a06,7,0,1,0.5432941
a06,8,0,1,0.61105937
a06,9,0,0,0.41687563
a06,10,0,0,0.42015478
a06,11,0,0,0.418919
a06,12,0,0,0.41783085
a06,13,0,0,0.43128335
a06,14,0,0,0.42909455
a06,15,0,1,0.5767875
a06,16,0,0,0.44201094
a06,17,0,0,0.44596732
a06,18,0,0,0.42495197
a06,19,0,0,0.43215373
a06,20,0,0,0.41067097
a06,21,0,0,0.42057553
a06,22,0,0,0.4474352
a06,23,0,0,0.43483382
a06,24,0,0,0.42843875
a06,25,0,0,0.42306283
a06,26,0,0,0.41963455
a06,27,0,0,0.408636
a06,28,0,0,0.43280444
a06,29,0,0,0.4117231
a06,30,0,0,0.4129654
a06,31,0,0,0.42802227
a06,32,0,0,0.41784686
a06,33,0,0,0.41697875
a06,34,0,0,0.41858628
a06,35,0,0,0.450312
a06,36,0,0,0.48313075
a06,37,0,0,0.42635837
a06,38,0,0,0.452612
a06,39,0,0,0.41832405
a06,40,0,0,0.40240452
a06,41,0,0,0.4436937
a06,42,0,0,0.4437105
a06,43,0,0,0.41109326
a06,44,0,0,0.42037734
a06,45,0,0,0.40334576
a06,46,0,0,0.3999139
a06,47,0,0,0.4020406
a06,48,0,0,0.43435717
a06,49,0,0,0.41305348
a06,50,0,0,0.42157757
a06,51,0,0,0.4164577
a06,52,0,0,0.4285996
a06,53,0,0,0.40853342
a06,54,0,0,0.43919054
a06,55,0,0,0.4440429
a06,56,0,0,0.44079354
a06,57,0,0,0.44134814
a06,58,0,1,0.6296558
a06,59,0,1,0.5505358
a06,60,0,1,0.5655153
a06,61,0,1,0.5588475
a06,62,0,1,0.5190742
a06,63,1,1,0.5944963
a06,64,1,0,0.47183174
a06,65,1,0,0.48934412
a06,66,1,0,0.4416741
a06,67,1,0,0.44509587
a06,68,1,0,0.47629768
a06,69,1,0,0.49296594
a06,70,1,1,0.55029005
a06,71,1,0,0.4442232
a06,72,1,1,0.53620034
a06,73,1,1,0.57132006
a06,74,1,1,0.5945447
a06,75,1,1,0.6541815
a06,76,1,1,0.6366106
a06,77,1,0,0.4517052
a06,78,1,1,0.5193457
a06,79,1,0,0.49551317
a06,80,1,0,0.42451292
a06,81,1,1,0.5168007
a06,82,1,0,0.44972476
a06,83,1,1,0.5547268
a06,84,1,1,0.5466788
a06,85,1,1,0.5481812
a06,86,1,0,0.45437256
a06,87,1,0,0.46099648
a06,88,1,1,0.5502839
a06,89,0,1,0.5315438
a06,90,0,1,0.51456696
a06,91,0,0,0.49955317
a06,92,0,0,0.4490128
a06,93,0,1,0.5444647
a06,94,0,0,0.44283625
a06,95,0,0,0.49946782
a06,96,0,0,0.43937913
a06,97,0,0,0.41446045
a06,98,0,1,0.58814585
a06,99,0,0,0.47368518
a06,100,0,1,0.5407017
a06,101,0,0,0.46392027
a06,102,0,1,0.5100818
a06,103,0,0,0.42646813
a06,104,0,0,0.46008417
a06,105,0,0,0.43352285
a06,106,0,0,0.42728314
a06,107,0,0,0.43647787
a06,108,0,0,0.43045855
a06,109,0,0,0.41742933
a06,110,0,0,0.4210234
a06,111,0,0,0.4063039
a06,112,0,0,0.4271444
a06,113,0,0,0.4177859
a06,114,0,0,0.41335997
a06,115,0,0,0.4153318
a06,116,0,0,0.41119346
a06,117,0,0,0.40903598
a06,118,0,0,0.40252197
a06,119,0,0,0.42604837
a06,120,0,0,0.40137678
a06,121,0,0,0.41381395
a06,122,0,0,0.41830558
a06,123,0,0,0.40881822
a06,124,0,0,0.42535594
a06,125,0,0,0.41029084
a06,126,0,0,0.41591096
a06,127,0,0,0.41388607
a06,128,0,0,0.40626082
a06,129,0,1,0.5464606
a06,130,0,0,0.41535872
a06,131,0,0,0.42019284
a06,132,0,0,0.42141822
a06,133,0,0,0.41376522
a06,134,0,0,0.41922796
a06,135,0,0,0.43746763
a06,136,0,0,0.4310081
a06,137,0,0,0.41075832
a06,138,0,0,0.41513446
a06,139,0,0,0.41959873
a06,140,0,0,0.47162712
a06,141,0,0,0.43652463
a06,142,0,0,0.40887624
a06,143,0,0,0.41129127
a06,144,0,1,0.5426924
a06,145,1,0,0.45788884
a06,146,1,0,0.4395908
a06,147,1,0,0.47488636
a06,148,1,0,0.43435556
a06,149,1,0,0.47950235
a06,150,1,0,0.4360987
a06,151,1,1,0.5836765
a06,152,1,0,0.43508205
a06,153,1,0,0.4215701
a06,154,1,0,0.43193847
a06,155,1,0,0.439072
a06,156,1,0,0.43145013
a06,157,1,1,0.60678524
a06,158,1,0,0.42363933
a06,159,1,0,0.45487064
a06,160,1,0,0.40536383
a06,161,1,1,0.5108321
a06,162,1,0,0.40835547
a06,163,1,0,0.44077346
a06,164,1,0,0.46616793
a06,165,1,0,0.4715398
a06,166,1,0,0.4551224
a06,167,1,1,0.5075964
a06,168,1,0,0.44659346
a06,169,1,0,0.4082782
a06,170,1,0,0.43782333
a06,171,1,1,0.5189334
a06,172,1,0,0.4366957
a06,173,1,0,0.44229087
a06,174,1,1,0.545255
a06,175,1,0,0.41793486
a06,176,1,0,0.462836
a06,177,1,1,0.5390747
a06,178,1,1,0.67297184
a06,179,1,0,0.4435657
a06,180,0,1,0.50251484
a06,181,0,1,0.5655884
a06,182,0,1,0.5488639
a06,183,0,0,0.4253638
a06,184,0,1,0.54529905
a06,185,0,1,0.5470657
a06,186,0,0,0.44670105
a06,187,0,0,0.41895622
a06,188,0,1,0.54658115
a06,189,0,0,0.46970704
a06,190,0,0,0.44216558
a06,191,1,0,0.4264357
a06,192,1,0,0.4241148
a06,193,1,0,0.46417224
a06,194,1,0,0.45468956
a06,195,1,1,0.5479275
a06,196,1,1,0.6090749
a06,197,1,1,0.6843175
a06,198,1,1,0.553581
a06,199,1,0,0.40375513
a06,200,1,1,0.6376034
a06,201,1,1,0.57243896
a06,202,1,1,0.5419974
a06,203,1,0,0.43508494
a06,204,1,0,0.43328017
a06,205,1,0,0.48621315
a06,206,1,0,0.42914116
a06,207,1,0,0.45913592
a06,208,1,1,0.53629404
a06,209,1,0,0.49079698
a06,210,1,1,0.6608219
a06,211,1,1,0.5544023
a06,212,1,1,0.6206405
a06,213,1,1,0.5458867
a06,214,1,0,0.47031036
a06,215,1,1,0.596787
a06,216,1,0,0.42545587
a06,217,1,0,0.45927337
a06,218,1,0,0.41551232
a06,219,1,1,0.557888
a06,220,1,0,0.44360426
a06,221,1,1,0.5584989
a06,222,1,0,0.4101293
a06,223,1,0,0.41833496
a06,224,1,1,0.54724836
a06,225,0,0,0.49829027
a06,226,0,1,0.514464
a06,227,0,1,0.55470806
a06,228,0,0,0.48070103
a06,229,0,1,0.5224333
a06,230,0,0,0.46008468
a06,231,0,1,0.5392004
a06,232,0,0,0.4353436
a06,233,0,1,0.541272
a06,234,0,1,0.5466499
a06,235,0,0,0.44061676
a06,236,0,1,0.663742
a06,237,0,1,0.64298517
a06,238,0,1,0.58847874
a06,239,0,1,0.53829217
a06,240,0,1,0.5466687
a06,241,0,0,0.49007803
a06,242,0,0,0.42758042
a06,243,0,0,0.44144854
a06,244,0,1,0.5064851
a06,245,0,0,0.42811343
a06,246,0,0,0.42122042
a06,247,0,0,0.43068755
a06,248,0,0,0.48596257
a06,249,0,0,0.42279917
a06,250,0,0,0.4277418
a06,251,0,0,0.42086506
a06,252,0,0,0.4494836
a06,253,0,0,0.41435674
a06,254,0,0,0.43039304
a06,255,0,0,0.43637756
a06,256,0,0,0.41226152
a06,257,0,0,0.4399216
a06,258,0,0,0.40312767
a06,259,0,1,0.556349
a06,260,1,1,0.6735202
a06,261,1,0,0.41900763
a06,262,1,0,0.46906152
a06,263,1,1,0.54499596
a06,264,1,1,0.54447174
a06,265,1,0,0.4447456
a06,266,1,0,0.43760762
a06,267,1,0,0.40675828
a06,268,0,0,0.4163557
a06,269,0,1,0.5460878
a06,270,0,0,0.41295713
a06,271,0,0,0.40400076
a06,272,0,0,0.4245556
a06,273,0,0,0.41317216
a06,274,0,0,0.4298688
a06,275,0,0,0.42419067
a06,276,0,0,0.4217222
a06,277,0,0,0.409918
a06,278,0,0,0.4056492
a06,279,0,0,0.45043457
a06,280,0,0,0.40455887
a06,281,0,0,0.40755126
a06,282,0,0,0.40653995
a06,283,0,0,0.43556648
a06,284,0,0,0.42261997
a06,285,0,0,0.42322904
a06,286,0,0,0.405479
a06,287,0,0,0.42797422
a06,288,0,0,0.42660704
a06,289,0,0,0.4498314
a06,290,0,0,0.4055378
a06,291,0,0,0.40988544
a06,292,0,0,0.40850413
a06,293,0,0,0.47785512
a06,294,0,0,0.43140814
a06,295,0,0,0.41338718
a06,296,0,0,0.41486064
a06,297,0,0,0.4183987
a06,298,0,0,0.46531007
a06,299,0,0,0.41763267
a06,300,0,0,0.42136472
a06,301,0,0,0.41254988
a06,302,0,0,0.41253915
a06,303,0,0,0.40647742
a06,304,0,0,0.41521797
a06,305,0,1,0.6072534
a06,306,1,0,0.4217618
a06,307,1,0,0.41746166
a06,308,1,1,0.5325186
a06,309,1,1,0.5448503
a06,310,1,0,0.43432263
a06,311,1,0,0.45135915
a06,312,1,1,0.54423153
a06,313,1,0,0.44861135
a06,314,1,1,0.6522136
a06,315,1,0,0.46116865
a06,316,0,0,0.43485275
a06,317,0,0,0.41870588
a06,318,0,0,0.42508063
a06,319,0,0,0.42068306
a06,320,0,0,0.41792846
a06,321,0,0,0.4488603
a06,322,0,0,0.43194008
a06,323,0,0,0.44930536
a06,324,0,0,0.4503854
a06,325,0,0,0.43146765
a06,326,0,0,0.41213378
a06,327,0,0,0.44375333
a06,328,0,1,0.685325
a06,329,1,0,0.41906017
a06,330,1,0,0.4472016
a06,331,1,0,0.4642807
a06,332,1,1,0.67505825
a06,333,0,1,0.55073047
a06,334,0,0,0.40586123
a06,335,0,0,0.43182382
a06,336,0,0,0.399842
a06,337,0,0,0.4155518
a06,338,0,0,0.4672905
a06,339,0,0,0.40991944
a06,340,0,0,0.41732815
a06,341,0,0,0.42957798
a06,342,0,1,0.6530103
a06,343,1,1,0.6663291
a06,344,1,0,0.42735827
a06,345,1,1,0.5220898
a06,346,1,0,0.44993907
a06,347,1,1,0.58738405
a06,348,1,0,0.46014988
a06,349,1,1,0.54673225
a06,350,1,1,0.540938
a06,351,1,0,0.47975785
a06,352,1,1,0.6348925
a06,353,1,0,0.42018107
a06,354,1,0,0.4715698
a06,355,1,0,0.44438747
a06,356,1,0,0.4427336
a06,357,1,0,0.41476995
a06,358,1,0,0.49937814
a06,359,1,0,0.46627882
a06,360,1,0,0.4019006
a06,361,1,0,0.41815853
a06,362,1,0,0.40643504
a06,363,1,0,0.40812787
a06,364,1,0,0.4277061
a06,365,1,0,0.42756277
a06,366,1,0,0.488362
a06,367,1,0,0.42753336
a06,368,1,0,0.42722455
a06,369,1,0,0.41805628
a06,370,1,0,0.45734444
a06,371,1,0,0.44872525
a06,372,1,0,0.42237598
a06,373,1,0,0.42860478
a06,374,1,0,0.44646958
a06,375,1,0,0.42220995
a06,376,1,0,0.4823148
a06,377,1,1,0.6477911
a06,378,1,1,0.6542401
a06,379,1,1,0.54838043
a06,380,1,1,0.5899661
a06,381,1,0,0.4238115
a06,382,1,0,0.49183223
a06,383,1,0,0.4195034
a06,384,1,0,0.44075933
a06,385,1,0,0.49051288
a06,386,1,0,0.40174955
a06,387,1,0,0.43000394
a06,388,1,0,0.47222853
a06,389,1,1,0.5522873
a06,390,0,1,0.6827079
a06,391,0,0,0.42797694
a06,392,0,1,0.66389114
a06,393,0,1,0.6586725
a06,394,0,1,0.65358716
a06,395,0,1,0.5605775
a06,396,0,0,0.43378907
a06,397,0,1,0.69477737
a06,398,0,1,0.64224607
a06,399,0,1,0.6884523
a06,400,0,1,0.6511874
a06,401,0,1,0.58928704
a06,402,0,1,0.647298
a06,403,0,1,0.6338586
a06,404,0,1,0.5179368
a06,405,0,1,0.5595016
a06,406,0,1,0.5921264
a06,407,0,1,0.57449514
a06,408,0,1,0.6340498
a06,409,0,1,0.6235187
a06,410,0,1,0.5457083
a06,411,0,0,0.4336047
a06,412,0,1,0.5387992
a06,413,0,0,0.43401513
a06,414,0,1,0.5447605
a06,415,0,0,0.43071294
a06,416,0,0,0.44290268
a06,417,0,0,0.42303902
a06,418,0,1,0.50317425
a06,419,0,0,0.41383854
a06,420,0,0,0.42660227
a06,421,0,1,0.5543867
a06,422,0,0,0.4764352
a06,423,0,0,0.4390657
a06,424,0,0,0.4891644
a06,425,0,0,0.44678724
a06,426,0,0,0.41900963
a06,427,0,0,0.41292328
a06,428,0,0,0.44878575
a06,429,0,0,0.40104103
a06,430,0,0,0.40521356
a06,431,0,0,0.4018132
a06,432,0,0,0.4014386
a06,433,0,0,0.4108149
a06,434,0,0,0.43919
a06,435,0,1,0.6816665
a06,436,0,0,0.47056776
a06,437,0,0,0.43330312
a06,438,0,0,0.43899715
a06,439,0,1,0.59180796
a06,440,1,0,0.48403606
a06,441,1,0,0.43732372
a06,442,1,1,0.6083803
a06,443,1,1,0.5448868
a06,444,1,1,0.5439499
a06,445,1,0,0.47163323
a06,446,1,1,0.54506713
a06,447,1,1,0.53934807
a06,448,1,1,0.54745597
a06,449,1,0,0.42702842
a06,450,0,0,0.43882185
a06,451,0,0,0.399254
a06,452,0,0,0.40174705
a06,453,0,0,0.42104092
a06,454,0,0,0.40020114
a06,455,0,0,0.40598524
a06,456,0,0,0.41978917
a06,457,0,0,0.41297078
a06,458,0,0,0.4097832
a06,459,0,0,0.42147446
a06,460,0,0,0.43148488
a06,461,0,0,0.42756778
a06,462,0,0,0.40270114
a06,463,0,0,0.4178595
a06,464,0,0,0.48448926
a06,465,0,0,0.46932742
a06,466,0,1,0.50948036
a06,467,0,0,0.4199228
a06,468,0,0,0.45049453
a06,469,1,0,0.4693364
a06,470,1,0,0.4553453
a06,471,1,0,0.43810746
a06,472,1,1,0.5410634
a06,473,1,0,0.48008314
a06,474,1,0,0.43877545
a06,475,1,0,0.4376218
a06,476,1,0,0.43635818
a06,477,1,0,0.4175921
a06,478,0,0,0.41986904
a06,479,0,0,0.424369
a06,480,0,0,0.4693814
a06,481,0,0,0.4272789
a06,482,0,0,0.44106454
a06,483,0,0,0.43558675
a06,484,1,0,0.4262801
a06,485,1,0,0.42028898
a06,486,1,0,0.4347483
a06,487,1,0,0.4130372
a06,488,1,0,0.40526783
a06,489,1,0,0.40247303
a06,490,1,1,0.54570943
a06,491,1,1,0.60047376
a06,492,1,0,0.4741191
a06,493,1,1,0.5295605
a06,494,1,1,0.560286
a06,495,1,0,0.43427712
a06,496,1,0,0.42416978
a06,497,1,1,0.67692316
a06,498,1,0,0.48372203
a06,499,1,0,0.4455722
a06,500,1,0,0.42569545
a06,501,1,0,0.41852137
a06,502,1,1,0.5474095
a06,503,1,0,0.4277977
a06,504,1,1,0.55032426
a06,505,1,0,0.43982264
a06,506,1,0,0.44693062
a06,507,0,1,0.6316355
a06,508,0,1,0.57441
a06,509,0,1,0.59845155
a07,1,0,1,0.54267013
a07,2,1,1,0.72990465
a07,3,1,1,0.7542696
a07,4,0,0,0.3859653
a07,5,0,1,0.6744572
a07,6,0,1,0.53845155
a07,7,0,1,0.6853179
a07,8,0,1,0.5553376
a07,9,0,1,0.53851193
a07,10,0,1,0.6004625
a07,11,0,1,0.583943
a07,12,0,1,0.6135424
a07,13,0,0,0.36129874
a07,14,0,0,0.34469375
a07,15,0,0,0.44562376
a07,16,0,1,0.6359836
a07,17,0,0,0.36205515
a07,18,0,1,0.6914346
a07,19,0,1,0.54695207
a07,20,0,0,0.37366402
a07,21,0,1,0.6471726
a07,22,0,0,0.37744242
a07,23,0,0,0.44183263
a07,24,0,1,0.5716131
a07,25,0,0,0.46554232
a07,26,1,1,0.65480405
a07,27,1,0,0.48345044
a07,28,0,1,0.6776122
a07,29,0,0,0.37552413
a07,30,0,1,0.5558606
a07,31,0,1,0.64853346
a07,32,0,0,0.4373078
a07,33,1,1,0.71682936
a07,34,0,0,0.49371815
a07,35,0,1,0.6566347
a07,36,0,1,0.6426739
a07,37,1,1,0.6518229
a07,38,0,1,0.5296026
a07,39,0,1,0.65895176
a07,40,0,1,0.542724
a07,41,0,1,0.62361395
a07,42,0,1,0.6859424
a07,43,1,1,0.66872185
a07,44,0,1,0.66417843
a07,45,0,1,0.5063372
a07,46,0,1,0.7125435
a07,47,0,0,0.38273132
a07,48,0,1,0.7042455
a07,49,0,1,0.68322825
a07,50,0,1,0.5389793
a07,51,0,1,0.534838
a07,52,0,1,0.6396653
a07,53,0,0,0.4465309
a07,54,0,0,0.34336045
a07,55,1,0,0.35200882
a07,56,1,1,0.60187644
a07,57,1,1,0.6924251
a07,58,1,1,0.669499
a07,59,1,0,0.36838475
a07,60,1,1,0.53593534
a07,61,1,1,0.53723836
a07,62,1,0,0.39945897
a07,63,1,1,0.65852165
a07,64,1,1,0.65848356
a07,65,1,0,0.46599784
a07,66,1,1,0.5355839
a07,67,1,1,0.62247187
a07,68,1,1,0.64216363
a07,69,1,0,0.3966804
a07,70,1,0,0.4296027
a07,71,1,1,0.58072114
a07,72,1,0,0.3499409
a07,73,1,0,0.36991948
a07,74,1,0,0.44026616
a07,75,0,1,0.55764365
a07,76,0,0,0.33873677
a07,77,0,1,0.59076524
a07,78,0,1,0.53512317
a07,79,0,1,0.6891829
a07,80,0,1,0.5465787
a07,81,0,0,0.4005912
a07,82,0,1,0.67185396
a07,83,0,1,0.6292192
a07,84,0,1,0.5424006
a07,85,0,0,0.41935492
a07,86,0,0,0.46191332
a07,87,0,0,0.455394
a07,88,0,0,0.43949494
a07,89,0,0,0.31186458
a07,90,0,0,0.4867607
a07,91,0,0,0.31757468
a07,92,0,1,0.5655324
a07,93,0,0,0.37173995
a07,94,0,1,0.5516474
a07,95,1,1,0.6321983
a07,96,1,1,0.589136
a07,97,1,1,0.7045961
a07,98,1,0,0.44663048
a07,99,1,0,0.44621632
a07,100,1,1,0.5321806
a07,101,0,0,0.4020543
a07,102,0,1,0.5408919
a07,103,0,1,0.57584107
a07,104,0,0,0.47116852
a07,105,0,1,0.5426231
a07,106,0,1,0.53749675
a07,107,0,1,0.5903665
a07,108,0,1,0.5371648
a07,109,0,1,0.6716335
a07,110,0,1,0.51997334
a07,111,0,1,0.55376256
a07,112,0,0,0.40736222
a07,113,0,1,0.5734536
a07,114,0,1,0.55572784
a07,115,0,1,0.5526291
a07,116,0,1,0.5348779
a07,117,0,1,0.5203778
a07,118,0,1,0.6309603
a07,119,0,1,0.53880113
a07,120,0,1,0.6584343
a07,121,0,1,0.52406573
a07,122,0,1,0.5076275
a07,123,0,0,0.46751148
a07,124,0,1,0.66808504
a07,125,0,0,0.47702262
a07,126,0,1,0.6914768
a07,127,0,1,0.7004089
a07,128,0,1,0.6944746
a07,129,0,1,0.712845
a07,130,0,1,0.7198975
a07,131,0,1,0.64144456
a07,132,0,1,0.74651206
a07,133,0,1,0.6581728
a07,134,0,0,0.41829672
a07,135,0,0,0.36936334
a07,136,0,0,0.32723412
a07,137,0,1,0.5514062
a07,138,0,0,0.42094922
a07,139,0,1,0.611069
a07,140,0,1,0.676527
a07,141,0,1,0.6233969
a07,142,0,0,0.47375107
a07,143,0,0,0.36322397
a07,144,0,1,0.7039211
a07,145,1,1,0.66657853
a07,146,1,1,0.5424764
a07,147,1,1,0.63161296
a07,148,1,1,0.5529043
a07,149,1,1,0.5417562
a07,150,1,1,0.53758246
a07,151,1,0,0.4089087
a07,152,1,1,0.71924466
a07,153,1,0,0.39706922
a07,154,1,1,0.6072711
a07,155,1,1,0.53712684
a07,156,1,1,0.53262395
a07,157,1,1,0.6177848
a07,158,1,1,0.70215803
a07,159,1,0,0.39741477
a07,160,1,1,0.78173876
a07,161,1,1,0.7706776
a07,162,1,1,0.5619785
a07,163,1,0,0.3516038
a07,164,0,1,0.7797174
a07,165,1,1,0.68128073
a07,166,1,0,0.3370827
a07,167,1,1,0.52967656
a07,168,0,0,0.39337763
a07,169,0,1,0.70313066
a07,170,0,1,0.54815394
a07,171,0,0,0.35131988
a07,172,0,1,0.6728214
a07,173,0,0,0.40187463
a07,174,1,0,0.29996455
a07,175,1,1,0.58241844
a07,176,1,1,0.5279766
a07,177,1,1,0.599348
a07,178,1,0,0.4368526
a07,179,1,0,0.42204428
a07,180,1,1,0.6790297
a07,181,1,0,0.40273312
a07,182,1,0,0.3996951
a07,183,1,0,0.3911266
a07,184,1,1,0.6626767
a07,185,1,1,0.53872275
a07,186,1,0,0.4315574
a07,187,1,0,0.42955342
a07,188,1,1,0.55772245
a07,189,1,1,0.6708275
a07,190,1,1,0.56766343
a07,191,1,1,0.7011261
a07,192,1,1,0.63587034
a07,193,1,1,0.7520903
a07,194,1,1,0.7051588
a07,195,1,0,0.49230543
a07,196,1,1,0.6804432
a07,197,1,1,0.609418
a07,198,1,1,0.67063457
a07,199,1,1,0.7205234
a07,200,1,1,0.7037483
a07,201,1,0,0.41357616
a07,202,1,1,0.6800085
a07,203,1,1,0.6982622
a07,204,1,1,0.69315076
a07,205,1,1,0.6847695
a07,206,1,1,0.6791757
a07,207,1,1,0.6859229
a07,208,1,1,0.6738061
a07,209,1,1,0.6904051
a07,210,1,1,0.6456603
a07,211,1,1,0.70574874
a07,212,1,1,0.7404743
a07,213,1,1,0.72058237
a07,214,1,1,0.67189306
a07,215,1,0,0.44438112
a07,216,1,1,0.6430175
a07,217,1,1,0.61751556
a07,218,1,1,0.6530047
a07,219,1,1,0.6740816
a07,220,1,1,0.69507927
a07,221,1,1,0.63548946
a07,222,1,1,0.67358345
a07,223,1,1,0.6858253
a07,224,1,1,0.5356527
a07,225,1,1,0.6829662
a07,226,1,1,0.5426078
a07,227,1,1,0.5711537
a07,228,1,1,0.5257108
a07,229,1,1,0.6634049
a07,230,1,0,0.4335138
a07,231,1,1,0.6558364
a07,232,1,0,0.40219313
a07,233,1,1,0.68992287
a07,234,1,1,0.61863196
a07,235,1,0,0.49833882
a07,236,1,0,0.4102721
a07,237,1,1,0.5599408
a07,238,1,1,0.573534
a07,239,1,0,0.35705984
a07,240,1,1,0.7226582
a07,241,1,1,0.5688974
a07,242,1,1,0.60577685
a07,243,1,0,0.43407568
a07,244,1,1,0.6093125
a07,245,1,1,0.6013268
a07,246,1,0,0.40017524
a07,247,1,1,0.58164126
a07,248,1,1,0.616641
a07,249,1,1,0.6116129
a07,250,1,0,0.35262033
a07,251,1,1,0.5485648
a07,252,1,1,0.54408884
a07,253,1,0,0.4648171
a07,254,1,1,0.55833316
a07,255,1,1,0.6779253
a07,256,1,1,0.6712189
a07,257,1,0,0.34517443
a07,258,1,1,0.5380926
a07,259,1,1,0.54959387
a07,260,1,0,0.48809308
a07,261,1,0,0.34907758
a07,262,1,1,0.6046967
a07,263,1,0,0.49463174
a07,264,1,0,0.32996726
a07,265,1,0,0.46964934
a07,266,1,0,0.41881442
a07,267,1,0,0.37429184
a07,268,1,1,0.54108167
a07,269,1,1,0.53786194
a07,270,1,0,0.40285096
a07,271,1,0,0.39979815
a07,272,1,1,0.5678142
a07,273,1,0,0.35582757
a07,274,1,1,0.7065501
a07,275,1,1,0.5369517
a07,276,1,0,0.40839186
a07,277,1,0,0.4052981
a07,278,1,0,0.43199462
a07,279,0,0,0.43670323
a07,280,0,0,0.42760274
a07,281,0,1,0.63648236
a07,282,1,1,0.5464249
a07,283,1,1,0.65915686
a07,284,1,1,0.59338874
a07,285,1,0,0.38228017
a07,286,1,1,0.55557823
a07,287,1,1,0.78120273
a07,288,0,0,0.36352968
a07,289,0,1,0.5184812
a07,290,0,0,0.47388035
a07,291,0,0,0.45642933
a07,292,0,1,0.6720407
a07,293,0,0,0.3953517
a07,294,1,1,0.65913135
a07,295,1,1,0.5390697
a07,296,1,1,0.63159114
a07,297,1,1,0.664443
a07,298,1,1,0.71015847
a07,299,1,0,0.41489473
a07,300,1,1,0.67402565
a07,301,1,1,0.53202736
a07,302,1,1,0.652459
a07,303,1,1,0.61872554
a07,304,1,1,0.65625465
a07,305,0,1,0.5831409
a07,306,0,0,0.3561848
a07,307,0,0,0.36288235
a07,308,0,0,0.47993368
a07,309,0,0,0.41292968
a07,310,1,1,0.5470653
a07,311,1,1,0.60923195
a07,312,1,1,0.5422835
a07,313,1,1,0.61808145
a07,314,1,1,0.5508804
a07,315,1,1,0.65803736
a07,316,1,1,0.6942581
a07,317,1,1,0.6532531
a07,318,1,1,0.6869025
a07,319,1,1,0.6640119
a07,320,1,1,0.6440335
a07,321,1,1,0.66791564
a07,322,1,1,0.5645089
a07,323,1,1,0.54325855
a07,324,1,1,0.52889806
a07,325,1,1,0.6788366
a07,326,1,1,0.6892117
a07,327,1,1,0.6828051
a07,328,1,1,0.6038197
a07,329,1,1,0.64794385
a07,330,1,1,0.6390134
a07,331,1,0,0.4998041
a07,332,1,1,0.687066
a07,333,1,1,0.67320025
a07,334,1,0,0.460061
a07,335,1,1,0.6907765
a07,336,1,1,0.6280233
a07,337,1,1,0.6447191
a07,338,1,0,0.4924929
a07,339,1,1,0.6934481
a07,340,1,1,0.68615985
a07,341,1,1,0.681794
a07,342,1,1,0.6933451
a07,343,1,0,0.4637487
a07,344,0,1,0.568291
a07,345,0,0,0.38279915
a07,346,0,1,0.5547436
a07,347,0,1,0.5871676
a07,348,0,1,0.57986593
a07,349,0,1,0.5496304
a07,350,0,0,0.42825958
a07,351,0,0,0.4026075
a07,352,0,1,0.5980114
a07,353,0,1,0.62702984
a07,354,0,1,0.68970793
a07,355,0,0,0.37669238
a07,356,1,0,0.43531713
a07,357,1,1,0.6275995
a07,358,1,1,0.6495485
a07,359,1,1,0.6317362
a07,360,1,1,0.6326114
a07,361,1,0,0.39215836
a07,362,1,1,0.6807631
a07,363,1,1,0.6684765
a07,364,1,1,0.6666276
a07,365,1,1,0.5863451
a07,366,1,1,0.5809586
a07,367,1,1,0.6515943
a07,368,1,1,0.7145306
a07,369,1,1,0.61629933
a07,370,1,1,0.6455129
a07,371,1,1,0.67432356
a07,372,1,0,0.40892017
a07,373,1,0,0.42911467
a07,374,1,1,0.59422255
a07,375,1,1,0.5520797
a07,376,1,1,0.59684384
a07,377,1,1,0.5340578
a07,378,0,0,0.44676986
a07,379,0,0,0.43568593
a07,380,1,1,0.6144287
a07,381,1,1,0.5298727
a07,382,1,1,0.5462762
a07,383,1,1,0.5244318
a07,384,1,0,0.42839903
a07,385,1,1,0.54602724
a07,386,0,0,0.42889413
a07,387,1,0,0.3792884
a07,388,1,1,0.67688656
a07,389,1,0,0.47295523
a07,390,1,0,0.35372785
a07,391,0,1,0.592345
a07,392,1,0,0.33127823
a07,393,0,1,0.51188207
a07,394,0,1,0.5486582
a07,395,0,1,0.6602062
a07,396,0,1,0.6438182
a07,397,0,1,0.54835826
a07,398,0,1,0.7048282
a07,399,1,1,0.6228363
a07,400,1,1,0.5385319
a07,401,0,1,0.56006134
a07,402,1,1,0.53472894
a07,403,0,1,0.6370208
a07,404,1,1,0.69475037
a07,405,1,0,0.4483513
a07,406,0,1,0.6150029
a07,407,0,1,0.5631634
a07,408,0,1,0.5561732
a07,409,0,0,0.49797913
a07,410,0,0,0.42137653
a07,411,0,1,0.7031518
a07,412,0,1,0.5675591
a07,413,0,1,0.7593007
a07,414,0,1,0.6409278
a07,415,0,1,0.65051156
a07,416,0,0,0.42690837
a07,417,0,1,0.61421067
a07,418,0,1,0.574898
a07,419,1,1,0.5664966
a07,420,1,1,0.698841
a07,421,1,0,0.39409238
a07,422,1,1,0.53755885
a07,423,1,0,0.41450673
a07,424,1,0,0.39246455
a07,425,1,0,0.46435574
a07,426,0,1,0.7101735
a07,427,0,0,0.44144183
a07,428,0,0,0.32959634
a07,429,0,1,0.5205607
a07,430,0,1,0.5281525
a07,431,0,0,0.4560924
a07,432,0,0,0.46542913
a07,433,0,0,0.38412753
a07,434,0,0,0.4039092
a07,435,0,0,0.3903596
a07,436,0,0,0.34235296
a07,437,0,0,0.43674916
a07,438,0,1,0.5989538
a07,439,1,1,0.6992552
a07,440,1,0,0.37934333
a07,441,1,0,0.39225754
a07,442,1,1,0.53436506
a07,443,1,1,0.5582053
a07,444,1,1,0.63789093
a07,445,1,1,0.7204988
a07,446,1,1,0.55449116
a07,447,1,0,0.37352172
a07,448,1,1,0.66446775
a07,449,1,1,0.6371286
a07,450,1,1,0.53475827
a07,451,1,1,0.5377852
a07,452,1,0,0.37495214
a07,453,1,1,0.6412082
a07,454,1,1,0.5685514
a07,455,1,1,0.6344536
a07,456,1,1,0.5375623
a07,457,1,1,0.569789
a07,458,1,0,0.44740275
a07,459,1,1,0.57778305
a07,460,1,1,0.5063517
a07,461,1,1,0.67258906
a07,462,1,1,0.74399185
a07,463,1,1,0.5923578
a07,464,1,0,0.4389877
a07,465,1,1,0.5784143
a07,466,1,1,0.58859026
a07,467,1,0,0.43113524
a07,468,1,1,0.5796766
a07,469,1,1,0.61446047
a07,470,1,1,0.6491288
a07,471,1,1,0.54791915
a07,472,1,1,0.7123593
a07,473,1,1,0.5935308
a07,474,1,0,0.44216633
a07,475,1,1,0.69930226
a07,476,1,1,0.53176695
a07,477,0,1,0.58741057
a07,478,0,1,0.57387537
a07,479,0,0,0.42398348
a07,480,0,0,0.44304514
a07,481,0,1,0.53401786
a07,482,0,0,0.34811875
a07,483,1,1,0.5348118
a07,484,1,1,0.52413476
a07,485,1,1,0.52659225
a07,486,1,0,0.42242157
a07,487,1,0,0.40532672
a07,488,1,0,0.4141275
a07,489,1,1,0.6465858
a07,490,1,1,0.6739062
a07,491,1,0,0.4873813
a07,492,1,1,0.5773224
a07,493,1,1,0.56257457
a07,494,1,0,0.42643416
a07,495,1,0,0.3562526
a07,496,1,1,0.5836622
a07,497,1,1,0.6931613
a07,498,1,1,0.67515224
a07,499,1,0,0.39992872
a07,500,1,1,0.5500164
a07,501,1,0,0.48081455
a07,502,1,1,0.53730613
a07,503,1,1,0.63890725
a07,504,1,1,0.66295666
a07,505,1,0,0.4589632
a07,506,1,0,0.38640025
a07,507,1,1,0.6386415
a07,508,1,1,0.5170729
a07,509,1,1,0.5611006
a07,510,1,0,0.35223868
a08,1,0,0,0.4646659
a08,2,0,0,0.3304183
a08,3,0,0,0.3656189
a08,4,0,1,0.50973916
a08,5,0,1,0.69417816
a08,6,0,0,0.38738966
a08,7,0,0,0.27951345
a08,8,0,1,0.5549569
a08,9,0,0,0.43738562
a08,10,0,1,0.5768229
a08,11,0,1,0.58550584
a08,12,0,0,0.49092004
a08,13,0,1,0.6833
a08,14,0,0,0.33517423
a08,15,0,0,0.3750209
a08,16,0,0,0.31521186
a08,17,0,1,0.67934906
a08,18,0,0,0.39541003
a08,19,0,0,0.37242827
a08,20,0,0,0.44100407
a08,21,0,0,0.4133046
a08,22,0,0,0.42610097
a08,23,0,1,0.695397
a08,24,0,0,0.4165272
a08,25,0,1,0.5347897
a08,26,0,0,0.36541834
a08,27,0,1,0.6831867
a08,28,0,0,0.36884046
a08,29,0,1,0.5762423
a08,30,0,1,0.5758715
a08,31,0,1,0.5317585
a08,32,0,1,0.6798849
a08,33,1,1,0.7378125
a08,34,1,1,0.5136613
a08,35,1,1,0.726113
a08,36,1,1,0.67074
a08,37,1,1,0.6824492
a08,38,1,1,0.54039365
a08,39,0,0,0.4965563
a08,40,0,1,0.6684855
a08,41,1,1,0.56408846
a08,42,1,1,0.69851446
a08,43,0,1,0.54183066
a08,44,0,1,0.67346495
a08,45,0,1,0.73148763
a08,46,0,1,0.6743834
a08,47,0,1,0.65227515
a08,48,0,0,0.38438693
a08,49,0,1,0.7609173
a08,50,0,1,0.5382731
a08,51,0,1,0.5110846
a08,52,0,1,0.6586764
a08,53,0,1,0.6679193
a08,54,0,1,0.5121995
a08,55,0,1,0.6929144
a08,56,0,1,0.5646291
a08,57,0,1,0.6869541
a08,58,0,0,0.36209744
a08,59,0,0,0.48630288
a08,60,1,1,0.68751144
a08,61,1,1,0.5410703
a08,62,0,0,0.35899293
a08,63,1,1,0.690697
a08,64,1,0,0.32605734
a08,65,0,0,0.49304774
a08,66,0,1,0.6669138
a08,67,0,1,0.6315256
a08,68,0,1,0.55077225
a08,69,0,0,0.32642663
a08,70,0,0,0.42108935
a08,71,0,1,0.5294898
a08,72,0,1,0.5787782
a08,73,0,1,0.7770711
a08,74,0,1,0.53569436
a08,75,1,1,0.6476535
a08,76,0,1,0.6674996
a08,77,0,1,0.7543557
a08,78,0,1,0.68185306
a08,79,0,1,0.68532383
a08,80,1,1,0.7473815
a08,81,1,1,0.5286317
a08,82,0,1,0.6730523
a08,83,0,1,0.56903684
a08,84,0,1,0.7666676
a08,85,0,1,0.69850016
a08,86,0,1,0.771639
a08,87,1,1,0.69092846
a08,88,1,1,0.53575337
a08,89,0,1,0.691765
a08,90,1,1,0.7758322
a08,91,1,1,0.67373204
a08,92,1,0,0.33436105
a08,93,0,1,0.68217015
a08,94,1,1,0.6824721
a08,95,1,1,0.6714562
a08,96,1,1,0.5250076
a08,97,1,1,0.55374795
a08,98,1,0,0.4521159
a08,99,1,1,0.70759326
a08,100,1,1,0.5470412
a08,101,1,1,0.6772826
a08,102,0,1,0.5188529
a08,103,0,1,0.56195104
a08,104,0,0,0.35852462
a08,105,1,1,0.67722803
a08,106,1,1,0.69074535
a08,107,1,1,0.65527654
a08,108,1,1,0.5932155
a08,109,0,0,0.4191938
a08,110,0,1,0.6352158
a08,111,0,1,0.5789536
a08,112,0,0,0.46414256
a08,113,0,1,0.6327514
a08,114,0,1,0.6779647
a08,115,0,0,0.32067275
a08,116,0,1,0.6737595
a08,117,0,1,0.7008984
a08,118,1,1,0.5810637
a08,119,1,1,0.6371444
a08,120,1,1,0.67493415
a08,121,1,1,0.6862269
a08,122,1,1,0.5307536
a08,123,1,0,0.35465914
a08,124,1,1,0.6913525
a08,125,1,1,0.68217784
a08,126,1,1,0.69377995
a08,127,0,1,0.72706157
a08,128,0,1,0.56921995
a08,129,1,1,0.53720635
a08,130,0,1,0.6861158
a08,131,1,0,0.39788055
a08,132,1,0,0.32783553
a08,133,1,0,0.3617074
a08,134,0,1,0.66182375
a08,135,1,1,0.67508245
a08,136,1,1,0.72573435
a08,137,1,0,0.4170673
a08,138,1,1,0.68159485
a08,139,1,1,0.68644905
a08,140,1,0,0.33025563
a08,141,1,1,0.67058605
a08,142,1,1,0.6928154
a08,143,1,1,0.7355537
a08,144,1,1,0.6902433
a08,145,1,1,0.52207583
a08,146,1,1,0.7007302
a08,147,1,0,0.46651396
a08,148,1,1,0.69715005
a08,149,1,1,0.6972819
a08,150,1,0,0.4268163
a08,151,1,0,0.3810681
a08,152,1,1,0.675939
a08,153,1,1,0.8208042
a08,154,1,1,0.6766084
a08,155,1,1,0.6157845
a08,156,1,1,0.66974324
a08,157,1,1,0.6773536
a08,158,1,1,0.7345833
a08,159,0,0,0.35911188
a08,160,0,0,0.36593065
a08,161,1,1,0.67714185
a08,162,1,1,0.69514924
a08,163,1,0,0.34891966
a08,164,0,1,0.5662077
a08,165,0,0,0.33689404
a08,166,1,1,0.72573173
a08,167,1,0,0.38880926
a08,168,1,1,0.52521265
a08,169,1,1,0.6356693
a08,170,1,0,0.41402078
a08,171,0,0,0.34884635
a08,172,0,1,0.6686237
a08,173,0,1,0.64829916
a08,174,0,0,0.4143114
a08,175,0,1,0.6678827
a08,176,0,1,0.6707623
a08,177,0,1,0.500023
a08,178,0,0,0.39244872
a08,179,0,0,0.3492345
a08,180,0,1,0.54534465
a08,181,0,0,0.38351935
a08,182,0,0,0.3950511
a08,183,0,0,0.42216206
a08,184,0,1,0.66126835
a08,185,1,1,0.53786695
a08,186,1,1,0.5801914
a08,187,0,0,0.3755668
a08,188,0,1,0.7900557
a08,189,1,1,0.5450697
a08,190,0,0,0.3860528
a08,191,0,1,0.5452515
a08,192,0,1,0.5454846
a08,193,0,0,0.40839317
a08,194,0,1,0.66472113
a08,195,0,1,0.5263984
a08,196,0,1,0.6817187
a08,197,0,0,0.32593125
a08,198,0,1,0.6792752
a08,199,0,0,0.3935548
a08,200,0,0,0.3281002
a08,201,0,0,0.43808824
a08,202,0,1,0.57556707
a08,203,0,0,0.29204586
a08,204,0,0,0.35358867
a08,205,0,0,0.31344303
a08,206,0,1,0.62672454
a08,207,0,1,0.6423701
a08,208,0,0,0.3523413
a08,209,0,1,0.5924794
a08,210,0,1,0.5360287
a08,211,0,1,0.5190619
a08,212,0,1,0.67394674
a08,213,0,1,0.5586985
a08,214,0,1,0.69698185
a08,215,0,1,0.53873867
a08,216,0,0,0.41629016
a08,217,0,1,0.57806206
a08,218,0,1,0.6295349
a08,219,0,0,0.406361
a08,220,0,1,0.6953129
a08,221,0,1,0.77455395
a08,222,0,1,0.62273204
a08,223,0,1,0.6705882
a08,224,0,1,0.5300123
a08,225,0,1,0.69501877
a08,226,1,1,0.72550964
a08,227,0,1,0.57430553
a08,228,0,1,0.7241474
a08,229,0,1,0.5436724
a08,230,0,1,0.72248894
a08,231,0,1,0.78270894
a08,232,1,0,0.43847063
a08,233,0,1,0.57403964
a08,234,0,1,0.6982842
a08,235,0,1,0.53007096
a08,236,0,1,0.67564905
a08,237,0,0,0.38945886
a08,238,0,1,0.8272057
a08,239,0,1,0.5888716
a08,240,0,1,0.7865799
a08,241,0,0,0.2978151
a08,242,0,0,0.3297049
a08,243,0,1,0.6882734
a08,244,0,1,0.6987873
a08,245,0,1,0.8260291
a08,246,0,1,0.5637722
a08,247,0,1,0.6861593
a08,248,0,1,0.5422313
a08,249,0,1,0.65538216
a08,250,0,0,0.39584157
a08,251,0,0,0.37001204
a08,252,0,1,0.5953595
a08,253,0,1,0.52800137
a08,254,0,1,0.684629
a08,255,1,1,0.6462977
a08,256,0,1,0.6681462
a08,257,0,1,0.701608
a08,258,1,1,0.6914426
a08,259,1,1,0.72494084
a08,260,1,1,0.68281215
a08,261,1,1,0.69991297
a08,262,0,1,0.6982717
a08,263,0,1,0.78396654
a08,264,0,1,0.58117616
a08,265,0,1,0.5786559
a08,266,0,1,0.76001817
a08,267,0,1,0.68424606
a08,268,0,1,0.68043524
a08,269,0,1,0.5576356
a08,270,0,1,0.5526537
a08,271,0,1,0.5587142
a08,272,0,1,0.5276164
a08,273,0,1,0.739072
a08,274,0,1,0.5568043
a08,275,0,1,0.74166703
a08,276,0,1,0.6869785
a08,277,0,0,0.4263463
a08,278,0,1,0.6885491
a08,279,0,1,0.6543612
a08,280,0,1,0.5480812
a08,281,0,1,0.69059914
a08,282,0,1,0.55077666
a08,283,1,1,0.52865076
a08,284,0,1,0.5498202
a08,285,0,1,0.60080993
a08,286,0,1,0.64047533
a08,287,0,1,0.6235978
a08,288,0,1,0.5678138
a08,289,0,1,0.57902104
a08,290,0,1,0.5791487
a08,291,0,1,0.61387104
a08,292,1,1,0.6764938
a08,293,0,1,0.63913125
a08,294,0,1,0.70682573
a08,295,0,1,0.7753284
a08,296,0,1,0.68600523
a08,297,0,1,0.634743
a08,298,1,0,0.3448442
a08,299,1,1,0.702159
a08,300,1,1,0.695145
a08,301,1,1,0.70587033
a08,302,1,1,0.6775091
a08,303,1,1,0.6861438
a08,304,1,1,0.73088974
a08,305,1,1,0.5691405
a08,306,1,1,0.7706892
a08,307,1,1,0.5996645
a08,308,0,1,0.69492257
a08,309,0,1,0.6545274
a08,310,0,1,0.68651927
a08,311,0,1,0.6783058
a08,312,0,1,0.7209851
a08,313,0,1,0.712628
a08,314,0,1,0.825666
a08,315,0,1,0.71820325
a08,316,0,1,0.827265
a08,317,0,1,0.6458984
a08,318,0,1,0.6721392
a08,319,0,1,0.57255954
a08,320,0,1,0.74965245
a08,321,0,1,0.82396054
a08,322,0,1,0.6762322
a08,323,0,1,0.6612028
a08,324,0,1,0.7208165
a08,325,0,1,0.67644054
a08,326,0,1,0.7138298
a08,327,1,1,0.7494144
a08,328,1,1,0.530682
a08,329,0,0,0.37892818
a08,330,1,0,0.33057877
a08,331,1,0,0.4002383
a08,332,1,1,0.6716691
a08,333,1,1,0.67127997
a08,334,1,0,0.37018022
a08,335,1,1,0.6907774
a08,336,1,1,0.757408
a08,337,1,1,0.67598224
a08,338,1,1,0.76438236
a08,339,1,1,0.5696713
a08,340,1,1,0.69519746
a08,341,1,1,0.68730575
a08,342,1,1,0.7244904
a08,343,1,1,0.6971496
a08,344,1,1,0.7931321
a08,345,1,1,0.68768126
a08,346,1,0,0.3118063
a08,347,1,1,0.81706804
a08,348,1,1,0.7468407
a08,349,1,1,0.75621563
a08,350,1,1,0.7349151
a08,351,1,1,0.7256392
a08,352,1,1,0.6848635
a08,353,0,1,0.73815674
a08,354,0,1,0.6592519
a08,355,1,1,0.61235577
a08,356,1,0,0.3934612
a08,357,1,1,0.72298604
a08,358,1,1,0.57808
a08,359,1,1,0.6507679
a08,360,1,1,0.5539354
a08,361,1,1,0.67136425
a08,362,1,1,0.5340246
a08,363,0,0,0.39369592
a08,364,0,1,0.7165212
a08,365,1,0,0.40038264
a08,366,1,1,0.63715345
a08,367,1,0,0.49353614
a08,368,0,1,0.6537204
a08,369,0,1,0.5349195
a08,370,0,1,0.69579345
a08,371,0,1,0.68983966
a08,372,0,1,0.5736539
a08,373,0,1,0.64850247
a08,374,0,1,0.56941473
a08,375,0,1,0.7863819
a08,376,0,1,0.5766119
a08,377,0,0,0.3550187
a08,378,0,1,0.67230165
a08,379,0,1,0.7000697
a08,380,0,1,0.5754059
a08,381,0,1,0.63937217
a08,382,0,1,0.82266015
a08,383,0,1,0.6885778
a08,384,0,1,0.70232207
a08,385,0,1,0.56915945
a08,386,0,1,0.72483087
a08,387,0,1,0.5809834
a08,388,0,1,0.6916711
a08,389,0,1,0.5532451
a08,390,0,1,0.6911999
a08,391,0,1,0.5529753
a08,392,0,0,0.33018452
a08,393,0,1,0.6953071
a08,394,0,0,0.2944907
a08,395,0,1,0.71676344
a08,396,0,1,0.6692834
a08,397,0,1,0.6718154
a08,398,0,1,0.59618044
a08,399,0,1,0.66513133
a08,400,0,1,0.7659858
a08,401,1,1,0.69120836
a08,402,1,1,0.73151654
a08,403,1,1,0.68445677
a08,404,1,1,0.63887703
a08,405,1,1,0.58366835
a08,406,1,1,0.69058067
a08,407,1,1,0.8286664
a08,408,1,1,0.7876264
a08,409,1,1,0.67629814
a08,410,1,1,0.53577065
a08,411,1,1,0.68288964
a08,412,1,1,0.78748584
a08,413,1,1,0.57625115
a08,414,1,1,0.68228513
a08,415,1,1,0.73966837
a08,416,1,1,0.77564913
a08,417,1,1,0.6797355
a08,418,1,1,0.8286772
a08,419,1,1,0.7640015
a08,420,1,1,0.7906469
a08,421,1,1,0.756488
a08,422,1,1,0.8009835
a08,423,1,1,0.8081115
a08,424,1,1,0.8063221
a08,425,1,1,0.8147452
a08,426,1,1,0.6845568
a08,427,1,0,0.3218988
a08,428,0,1,0.7202997
a08,429,1,1,0.6725532
a08,430,0,1,0.6768339
a08,431,0,1,0.60723454
a08,432,0,1,0.5657424
a08,433,0,0,0.44587404
a08,434,0,1,0.71948564
a08,435,0,1,0.6308868
a08,436,0,0,0.30485559
a08,437,0,1,0.68842435
a08,438,0,1,0.58365816
a08,439,0,1,0.648462
a08,440,0,1,0.51160604
a08,441,0,0,0.46916184
a08,442,0,1,0.64626175
a08,443,0,1,0.53686136
a08,444,0,1,0.56383383
a08,445,0,1,0.5494061
a08,446,0,0,0.4168524
a08,447,0,0,0.32796028
a08,448,0,0,0.30395934
a08,449,0,0,0.4010052
a08,450,0,1,0.651835
a08,451,0,1,0.53846174
a08,452,0,0,0.40889367
a08,453,0,1,0.6862325
a08,454,0,1,0.6573858
a08,455,0,1,0.6974797
a08,456,1,1,0.66668904
a08,457,1,1,0.6701906
a08,458,1,1,0.639762
a08,459,1,1,0.6434153
a08,460,1,1,0.79799247
a08,461,1,1,0.52951026
a08,462,1,1,0.736738
a08,463,1,1,0.8289561
a08,464,1,1,0.6732318
a08,465,1,1,0.66893005
a08,466,1,1,0.72492915
a08,467,1,1,0.70792955
a08,468,1,1,0.8209551
a08,469,1,1,0.73960626
a08,470,1,0,0.3841608
a08,471,1,1,0.82177216
a08,472,1,1,0.694917
a08,473,1,1,0.676845
a08,474,1,1,0.61876243
a08,475,1,1,0.6915858
a08,476,1,1,0.53338844
a08,477,1,1,0.5928882
a08,478,1,1,0.6431745
a08,479,1,1,0.54512054
a08,480,1,1,0.82484144
a08,481,1,1,0.7336213
a08,482,0,1,0.82856077
a08,483,0,1,0.7121303
a08,484,0,1,0.684468
a08,485,0,1,0.6989026
a08,486,0,1,0.6875024
a08,487,0,0,0.36496088
a08,488,0,1,0.6348201
a08,489,0,0,0.47350013
a08,490,0,1,0.6987005
a08,491,0,1,0.6802519
a08,492,0,1,0.67489964
a08,493,0,0,0.32930732
a08,494,0,1,0.5378899
a08,495,0,0,0.37270823
a08,496,0,0,0.34799087
a08,497,0,1,0.58120865
a08,498,0,1,0.68649614
a08,499,0,1,0.6487357
a08,500,0,1,0.69610924
a09,1,0,0,0.44959798
a09,2,0,0,0.27229047
a09,3,0,1,0.73734623
a09,4,0,1,0.5242307
a09,5,0,1,0.70336044
a09,6,0,1,0.52522314
a09,7,0,0,0.25454405
a09,8,0,0,0.40881512
a09,9,0,1,0.6796257
a09,10,1,1,0.6162207
a09,11,1,1,0.6463891
a09,12,1,1,0.6510064
a09,13,1,0,0.35507283
a09,14,1,0,0.32958308
a09,15,0,0,0.30375946
a09,16,0,1,0.6553685
a09,17,1,0,0.26561302
a09,18,1,0,0.42432043
a09,19,1,1,0.5321487
a09,20,1,1,0.53172165
a09,21,1,1,0.6214495
a09,22,1,1,0.5366509
a09,23,1,0,0.4187603
a09,24,1,0,0.39245492
a09,25,0,0,0.36345935
a09,26,0,1,0.6507655
a09,27,0,0,0.41335547
a09,28,0,0,0.3743874
a09,29,0,0,0.26531035
a09,30,0,0,0.4063974
a09,31,0,0,0.34744734
a09,32,0,0,0.32939586
a09,33,0,0,0.26775846
a09,34,1,0,0.28044182
a09,35,1,0,0.38194263
a09,36,1,1,0.52154714
a09,37,1,0,0.37144035
a09,38,1,1,0.5339674
a09,39,1,0,0.42740136
a09,40,1,1,0.57228416
a09,41,1,0,0.35070643
a09,42,1,1,0.5306792
a09,43,1,0,0.4008885
a09,44,1,0,0.3487964
a09,45,1,0,0.39350864
a09,46,1,0,0.45317578
a09,47,1,1,0.510923
a09,48,1,0,0.3542269
a09,49,1,0,0.3892093
a09,50,1,0,0.35580188
a09,51,1,0,0.33413768
a09,52,1,0,0.33890375
a09,53,1,0,0.35774645
a09,54,1,0,0.36769652
a09,55,1,0,0.372702
a09,56,1,0,0.37905648
a09,57,1,0,0.4030778
a09,58,0,0,0.33131167
a09,59,0,1,0.5252685
a09,60,1,0,0.37801692
a09,61,1,1,0.5583364
a09,62,1,0,0.37995902
a09,63,1,0,0.41915643
a09,64,1,1,0.53039294
a09,65,1,1,0.6292732
a09,66,1,0,0.4525538
a09,67,1,0,0.38940766
a09,68,1,0,0.3394031
a09,69,1,0,0.46134213
a09,70,1,0,0.37476686
a09,71,1,0,0.3630899
a09,72,1,0,0.35011965
a09,73,1,0,0.30136117
a09,74,1,0,0.37136117
a09,75,1,1,0.7089183
a09,76,1,1,0.5562557
a09,77,1,0,0.42207465
a09,78,1,0,0.3223067
a09,79,1,1,0.51438063
a09,80,1,0,0.33326384
a09,81,1,1,0.54381484
a09,82,1,1,0.637389
a09,83,1,1,0.7259771
a09,84,1,0,0.31324756
a09,85,1,0,0.29618323
a09,86,1,1,0.5745808
a09,87,1,1,0.68115395
a09,88,1,1,0.61531085
a09,89,1,1,0.702489
a09,90,1,1,0.631361
a09,91,1,1,0.6623788
a09,92,1,1,0.72583395
a09,93,1,0,0.28496176
a09,94,1,1,0.5152139
a09,95,1,1,0.6662089
a09,96,1,1,0.6288982
a09,97,1,1,0.52790934
a09,98,1,1,0.68961805
a09,99,1,0,0.34316197
a09,100,1,1,0.6986821
a09,101,1,1,0.6528576
a09,102,1,1,0.67601854
a09,103,1,1,0.60386705
a09,104,1,1,0.6736072
a09,105,1,1,0.62952876
a09,106,1,1,0.66188484
a09,107,1,1,0.6932869
a09,108,1,0,0.3877647
a09,109,1,1,0.66230303
a09,110,1,1,0.5364113
a09,111,1,1,0.81776685
a09,112,1,1,0.5202321
a09,113,1,1,0.6321412
a09,114,1,1,0.644088
a09,115,1,0,0.25302255
a09,116,1,1,0.6671776
a09,117,1,1,0.50405794
a09,118,1,0,0.43439603
a09,119,1,0,0.36479104
a09,120,0,0,0.39489323
a09,121,0,1,0.5964516
a09,122,1,1,0.5910095
a09,123,1,1,0.5457291
a09,124,1,1,0.6067723
a09,125,1,0,0.36951998
a09,126,0,1,0.56443775
a09,127,0,0,0.3553853
a09,128,0,0,0.41288924
a09,129,0,0,0.33001962
a09,130,0,0,0.3809475
a09,131,1,1,0.66041994
a09,132,1,1,0.690773
a09,133,1,1,0.6823963
a09,134,1,1,0.6597424
a09,135,1,0,0.30384886
a09,136,1,1,0.67061824
a09,137,1,1,0.62703395
a09,138,1,0,0.27797687
a09,139,1,0,0.4796389
a09,140,1,1,0.81584024
a09,141,1,1,0.56366867
a09,142,1,1,0.51038176
a09,143,1,1,0.7468224
a09,144,1,0,0.37056515
a09,145,1,1,0.5323304
a09,146,1,0,0.40110233
a09,147,1,1,0.63509464
a09,148,1,1,0.6315501
a09,149,1,1,0.66106665
a09,150,1,1,0.54397
a09,151,1,1,0.6092041
a09,152,1,0,0.35150123
a09,153,1,1,0.54103976
a09,154,1,0,0.4260036
a09,155,1,1,0.533281
a09,156,1,0,0.26910254
a09,157,1,0,0.43831462
a09,158,1,0,0.44423115
a09,159,1,0,0.32502857
a09,160,1,1,0.5789931
a09,161,1,1,0.5740279
a09,162,1,1,0.6595779
a09,163,1,1,0.5270085
a09,164,1,0,0.47310084
a09,165,1,0,0.25436366
a09,166,1,1,0.6079518
a09,167,1,0,0.39920703
a09,168,1,0,0.3705198
a09,169,1,1,0.563302
a09,170,1,1,0.59723467
a09,171,1,1,0.71045476
a09,172,1,0,0.25885132
a09,173,1,0,0.4370641
a09,174,1,1,0.53054523
a09,175,1,0,0.28652593
a09,176,1,1,0.5443196
a09,177,1,1,0.53705657
a09,178,1,1,0.5319056
a09,179,1,0,0.2714029
a09,180,1,1,0.52901477
a09,181,1,0,0.44745126
a09,182,1,1,0.57756233
a09,183,1,0,0.4547156
a09,184,1,1,0.5314414
a09,185,1,1,0.5333996
a09,186,1,1,0.66379035
a09,187,1,1,0.6441793
a09,188,1,1,0.65124416
a09,189,1,1,0.66344553
a09,190,1,1,0.6536126
a09,191,1,1,0.5599782
a09,192,1,1,0.6388227
a09,193,1,1,0.6698085
a09,194,1,0,0.25393078
a09,195,1,0,0.49122345
a09,196,1,1,0.6843862
a09,197,1,1,0.6377499
a09,198,1,1,0.7020435
a09,199,1,1,0.6844276
a09,200,1,1,0.68035334
a09,201,1,1,0.5266519
a09,202,1,1,0.73892015
a09,203,1,1,0.66839945
a09,204,1,1,0.73648393
a09,205,1,1,0.6912103
a09,206,1,1,0.5247816
a09,207,0,1,0.53562075
a09,208,0,0,0.25711814
a09,209,0,1,0.5468468
a09,210,0,0,0.4000007
a09,211,0,0,0.34528184
a09,212,0,0,0.4047038
a09,213,0,0,0.3777858
a09,214,0,0,0.40209705
a09,215,0,0,0.34403944
a09,216,0,0,0.25073802
a09,217,0,0,0.28295708
a09,218,0,0,0.29226682
a09,219,0,1,0.5149755
a09,220,0,0,0.37935957
a09,221,0,0,0.41092506
a09,222,0,1,0.54340893
a09,223,0,0,0.4059038
a09,224,0,1,0.50433075
a09,225,0,1,0.643385
a09,226,0,0,0.34611204
a09,227,0,0,0.2458563
a09,228,0,1,0.5829297
a09,229,0,0,0.3428674
a09,230,0,0,0.35767776
a09,231,0,0,0.44298965
a09,232,0,1,0.51896906
a09,233,0,1,0.5318524
a09,234,0,1,0.70004046
a09,235,0,0,0.42358923
a09,236,0,1,0.5306227
a09,237,0,1,0.53675735
a09,238,1,1,0.5223456
a09,239,1,1,0.71385044
a09,240,1,0,0.46116328
a09,241,1,1,0.5523213
a09,242,0,0,0.46529263
a09,243,0,0,0.26059344
a09,244,1,1,0.5334226
a09,245,1,1,0.7380379
a09,246,1,1,0.65719616
a09,247,0,0,0.43853137
a09,248,0,1,0.5442649
a09,249,0,1,0.6609882
a09,250,1,0,0.2814269
a09,251,1,1,0.6371721
a09,252,1,0,0.2570127
a09,253,1,1,0.6399301
a09,254,0,0,0.3889992
a09,255,0,1,0.5950535
a09,256,0,0,0.29519922
a09,257,0,0,0.35687554
a09,258,0,0,0.33737215
a09,259,0,0,0.32936564
a09,260,0,0,0.37316796
a09,261,0,1,0.663079
a09,262,1,1,0.5300176
a09,263,1,1,0.60855144
a09,264,1,1,0.59147656
a09,265,0,1,0.6119229
a09,266,0,0,0.36204416
a09,267,0,1,0.569425
a09,268,0,0,0.2683142
a09,269,1,1,0.6671135
a09,270,0,1,0.51106447
a09,271,0,0,0.26685965
a09,272,0,1,0.7599164
a09,273,0,1,0.5980451
a09,274,0,0,0.40914148
a09,275,0,0,0.40614122
a09,276,0,0,0.3975756
a09,277,0,1,0.61083657
a09,278,1,0,0.4026289
a09,279,1,1,0.5814298
a09,280,1,1,0.6620522
a09,281,1,0,0.24480787
a09,282,1,1,0.52594477
a09,283,1,0,0.2675779
a09,284,1,1,0.63463944
a09,285,1,1,0.59972584
a09,286,1,0,0.273407
a09,287,1,1,0.7274548
a09,288,1,1,0.7565389
a09,289,1,1,0.7993779
a09,290,1,1,0.76662546
a09,291,1,1,0.81563103
a09,292,1,1,0.6806644
a09,293,1,1,0.59882224
a09,294,1,1,0.6158582
a09,295,1,1,0.6830363
a09,296,1,1,0.6353018
a09,297,1,1,0.66710556
a09,298,1,1,0.76475537
a09,299,1,1,0.7467019
a09,300,1,1,0.5431401
a09,301,1,1,0.770629
a09,302,1,0,0.26961058
a09,303,1,1,0.68748885
a09,304,1,1,0.70205665
a09,305,1,1,0.74514806
a09,306,1,1,0.7657674
a09,307,1,0,0.37403473
a09,308,1,1,0.61914754
a09,309,1,1,0.5303833
a09,310,1,1,0.68743247
a09,311,1,0,0.29388416
a09,312,1,1,0.73325825
a09,313,1,1,0.7772017
a09,314,1,1,0.6420709
a09,315,1,1,0.6829846
a09,316,1,1,0.62524486
a09,317,1,1,0.6801711
a09,318,1,1,0.669473
a09,319,1,1,0.6800959
a09,320,1,1,0.81451905
a09,321,1,1,0.57353663
a09,322,1,1,0.66848016
a09,323,1,1,0.67809856
a09,324,1,1,0.6655971
a09,325,1,1,0.71853757
a09,326,1,0,0.27696916
a09,327,1,1,0.62399673
a09,328,1,1,0.6729458
a09,329,1,0,0.3424449
a09,330,1,1,0.7079619
a09,331,1,0,0.29387555
a09,332,1,1,0.64874536
a09,333,1,1,0.8177287
a09,334,1,0,0.46107233
a09,335,1,1,0.68900037
a09,336,1,1,0.5766247
a09,337,1,1,0.6437377
a09,338,1,1,0.6934894
a09,339,1,0,0.38011006
a09,340,1,1,0.6601065
a09,341,1,1,0.70601314
a09,342,1,0,0.45243284
a09,343,1,1,0.53064406
a09,344,1,0,0.28189108
a09,345,1,1,0.6692918
a09,346,1,1,0.6840897
a09,347,1,1,0.54083544
a09,348,1,1,0.58428144
a09,349,1,1,0.52165866
a09,350,1,0,0.3999585
a09,351,1,1,0.5982385
a09,352,1,1,0.64987004
a09,353,1,0,0.27272898
a09,354,1,1,0.5942994
a09,355,1,0,0.30020872
a09,356,1,1,0.5518831
a09,357,1,1,0.72152525
a09,358,1,0,0.38374454
a09,359,1,1,0.65377766
a09,360,1,1,0.5176957
a09,361,1,1,0.53976876
a09,362,0,0,0.25342685
a09,363,0,0,0.43261942
a09,364,0,1,0.5325046
a09,365,0,0,0.3820553
a09,366,0,0,0.24571897
a09,367,0,1,0.5389872
a09,368,0,0,0.35739562
a09,369,0,1,0.5717993
a09,370,0,1,0.66509175
a09,371,0,0,0.47787118
a09,372,0,1,0.5481182
a09,373,0,1,0.53224367
a09,374,0,0,0.25586593
a09,375,0,1,0.5247484
a09,376,0,1,0.54032123
a09,377,0,1,0.5413974
a09,378,0,1,0.56734616
a09,379,0,0,0.43095624
a09,380,1,0,0.26983058
a09,381,1,0,0.42352667
a09,382,1,0,0.42389613
a09,383,1,0,0.46006393
a09,384,1,0,0.46485212
a09,385,1,0,0.25735503
a09,386,1,1,0.5350353
a09,387,1,1,0.58614266
a09,388,1,1,0.60746026
a09,389,1,1,0.67046165
a09,390,1,1,0.7138832
a09,391,1,1,0.61507905
a09,392,1,1,0.81150895
a09,393,1,1,0.674075
a09,394,1,1,0.6813883
a09,395,1,1,0.78365284
a09,396,1,1,0.64998204
a09,397,1,1,0.6567992
a09,398,1,1,0.69559485
a09,399,1,1,0.7120075
a09,400,1,1,0.6727168
a09,401,1,1,0.801468
a09,402,1,0,0.30672222
a09,403,1,1,0.6301439
a09,404,1,1,0.60654557
a09,405,1,0,0.48903129
a09,406,1,0,0.26427865
a09,407,1,1,0.65171236
a09,408,1,1,0.5566985
a09,409,1,1,0.6915058
a09,410,1,0,0.48681188
a09,411,1,1,0.54087275
a09,412,1,1,0.5524915
a09,413,1,0,0.2899388
a09,414,1,1,0.6831938
a09,415,1,1,0.820151
a09,416,1,1,0.7265939
a09,417,1,1,0.749147
a09,418,1,1,0.7752481
a09,419,1,1,0.6961787
a09,420,1,1,0.6698963
a09,421,1,1,0.6568316
a09,422,1,1,0.7942121
a09,423,1,1,0.63806456
a09,424,1,1,0.71731365
a09,425,1,1,0.7289431
a09,426,1,1,0.52410245
a09,427,1,1,0.5806628
a09,428,1,1,0.69717383
a09,429,1,0,0.2582394
a09,430,1,1,0.65228933
a09,431,1,1,0.8205847
a09,432,1,1,0.62293166
a09,433,1,1,0.53424937
a09,434,1,0,0.28033563
a09,435,1,1,0.55584013
a09,436,1,0,0.25480485
a09,437,1,1,0.7844433
a09,438,1,1,0.5009797
a09,439,1,1,0.62172866
a09,440,0,0,0.25888714
a09,441,0,1,0.646369
a09,442,0,0,0.49846667
a09,443,0,1,0.65152556
a09,444,0,0,0.48723352
a09,445,0,1,0.6744865
a09,446,0,1,0.54608697
a09,447,0,1,0.5454117
a09,448,0,0,0.3595695
a09,449,0,0,0.24828357
a09,450,1,1,0.7639021
a09,451,1,1,0.66267776
a09,452,1,1,0.659517
a09,453,1,1,0.66928124
a09,454,1,1,0.5405175
a09,455,1,0,0.25384304
a09,456,1,1,0.6860594
a09,457,1,1,0.53184444
a09,458,1,1,0.53397745
a09,459,1,1,0.6713123
a09,460,1,0,0.41500917
a09,461,1,1,0.52246755
a09,462,1,1,0.68442917
a09,463,1,0,0.40282112
a09,464,1,0,0.4136198
a09,465,1,1,0.67781854
a09,466,1,1,0.6825573
a09,467,1,1,0.6625843
a09,468,1,0,0.31204903
a09,469,1,1,0.68564904
a09,470,1,1,0.6403335
a09,471,1,1,0.7347238
a09,472,1,1,0.6696137
a09,473,1,0,0.27815232
a09,474,1,0,0.3769143
a09,475,1,1,0.8166362
a09,476,1,1,0.82057095
a09,477,1,1,0.7613109
a09,478,1,1,0.66391444
a09,479,1,1,0.5323694
a09,480,1,1,0.5214924
a09,481,1,0,0.44629002
a09,482,1,1,0.66548705
a09,483,1,1,0.6731265
a09,484,1,1,0.7259588
a09,485,1,1,0.6955492
a09,486,1,0,0.30669823
a09,487,1,1,0.6718526
a09,488,1,1,0.8203024
a09,489,1,1,0.64383316
a09,490,1,1,0.7991027
a09,491,1,0,0.32801563
a09,492,1,1,0.5705912
a09,493,1,1,0.5435545
a09,494,1,1,0.68845147
a10,1,0,1,0.6817486
a10,2,0,0,0.42383635
a10,3,0,1,0.519496
a10,4,0,0,0.3903543
a10,5,0,1,0.64015734
a10,6,0,1,0.6827671
a10,7,0,1,0.5397361
a10,8,0,1,0.6250822
a10,9,0,1,0.54210633
a10,10,0,1,0.6646629
a10,11,0,1,0.5797417
a10,12,0,0,0.4481665
a10,13,0,0,0.28441706
a10,14,0,0,0.3887848
a10,15,0,0,0.44633844
a10,16,0,0,0.29750758
a10,17,0,1,0.5344405
a10,18,0,0,0.21951574
a10,19,0,0,0.22700681
a10,20,0,0,0.28009257
a10,21,0,0,0.2622952
a10,22,0,0,0.4274334
a10,23,0,0,0.28954172
a10,24,0,0,0.26291305
a10,25,0,0,0.28222072
a10,26,0,0,0.44980705
a10,27,0,0,0.49357134
a10,28,0,0,0.38072166
a10,29,0,0,0.40149844
a10,30,0,0,0.31093925
a10,31,0,1,0.5368677
a10,32,0,1,0.6325002
a10,33,0,0,0.2856148
a10,34,0,0,0.2880872
a10,35,0,1,0.6214932
a10,36,0,0,0.43445697
a10,37,0,0,0.45477998
a10,38,0,0,0.37544557
a10,39,0,1,0.52810115
a10,40,0,0,0.4377709
a10,41,0,0,0.37838426
a10,42,0,0,0.31564748
a10,43,0,0,0.4710861
a10,44,0,0,0.2924749
a10,45,0,0,0.3408864
a10,46,0,1,0.5402606
a10,47,0,0,0.45008698
a10,48,0,0,0.42653087
a10,49,0,0,0.28796366
a10,50,0,0,0.34814972
a10,51,0,0,0.37206036
a10,52,0,1,0.53718996
a10,53,0,1,0.5362715
a10,54,0,1,0.6155474
a10,55,1,0,0.38170576
a10,56,1,1,0.53828937
a10,57,1,0,0.33271292
a10,58,1,1,0.6719102
a10,59,1,0,0.28978398
a10,60,0,0,0.3449009
a10,61,0,0,0.37075666
a10,62,0,1,0.5253895
a10,63,0,0,0.4089098
a10,64,0,1,0.681457
a10,65,0,1,0.64422834
a10,66,0,1,0.6678352
a10,67,0,1,0.53306794
a10,68,0,1,0.56445163
a10,69,0,0,0.33673126
a10,70,0,0,0.44340795
a10,71,0,0,0.49361372
a10,72,0,1,0.53977424
a10,73,0,0,0.3761723
a10,74,0,1,0.63701737
a10,75,0,0,0.39877695
a10,76,0,0,0.3343263
a10,77,0,0,0.3788704
a10,78,0,1,0.57363504
a10,79,0,0,0.38892174
a10,80,0,0,0.48172042
a10,81,0,1,0.53671837
a10,82,0,1,0.5627485
a10,83,0,1,0.692257
a10,84,0,1,0.6781229
a10,85,0,1,0.6535424
a10,86,0,1,0.5518318
a10,87,0,0,0.4597876
a10,88,0,1,0.570268
a10,89,0,0,0.43320403
a10,90,0,0,0.35172194
a10,91,0,0,0.36807933
a10,92,0,0,0.40519798
a10,93,0,1,0.53899026
a10,94,0,1,0.5483107
a10,95,0,1,0.59315646
a10,96,0,0,0.35457647
a10,97,0,0,0.30540657
a10,98,0,0,0.3851577
a10,99,0,0,0.42175546
a10,100,0,0,0.28358424
a10,101,0,0,0.32271758
a10,102,0,0,0.4066273
a10,103,0,0,0.28825504
a10,104,0,0,0.32337847
a10,105,1,0,0.39006984
a10,106,1,0,0.42618522
a10,107,1,1,0.59456664
a10,108,1,1,0.52918476
a10,109,1,1,0.5483082
a10,110,1,1,0.5167258
a10,111,1,1,0.5393225
a10,112,1,0,0.42250293
a10,113,1,0,0.4711565
a10,114,1,1,0.53304994
a10,115,1,1,0.53680307
a10,116,1,1,0.6308877
a10,117,1,1,0.53539205
a10,118,1,1,0.6740019
a10,119,1,1,0.5006698
a10,120,1,0,0.4003491
a10,121,1,1,0.60955983
a10,122,1,0,0.43425146
a10,123,1,1,0.5345324
a10,124,1,0,0.41924766
a10,125,1,0,0.46304938
a10,126,1,1,0.6692442
a10,127,1,0,0.37356472
a10,128,1,1,0.56569296
a10,129,1,0,0.4348463
a10,130,0,0,0.25917643
a10,131,0,0,0.35860184
a10,132,0,0,0.2768559
a10,133,0,0,0.3263927
a10,134,0,0,0.43722072
a10,135,0,0,0.38300985
a10,136,0,0,0.33559665
a10,137,0,0,0.25466445
a10,138,0,0,0.24378373
a10,139,0,0,0.29034635
a10,140,0,0,0.36673638
a10,141,0,0,0.41092396
a10,142,0,0,0.3924901
a10,143,0,0,0.44341624
a10,144,1,0,0.39063075
a10,145,0,1,0.5533887
a10,146,0,1,0.5426076
a10,147,0,1,0.6605412
a10,148,0,0,0.41271636
a10,149,0,0,0.4965548
a10,150,0,0,0.4491277
a10,151,0,1,0.52614975
a10,152,0,1,0.5342308
a10,153,0,0,0.39303613
a10,154,0,1,0.5293965
a10,155,0,0,0.4730891
a10,156,0,1,0.6680713
a10,157,0,0,0.44703937
a10,158,0,0,0.32854772
a10,159,0,0,0.41899785
a10,160,0,0,0.38643685
a10,161,0,0,0.4291944
a10,162,0,1,0.6190659
a10,163,0,0,0.38343298
a10,164,0,0,0.36865032
a10,165,0,0,0.43046388
a10,166,0,0,0.48723793
a10,167,0,0,0.4324632
a10,168,0,1,0.53168035
a10,169,0,0,0.4607564
a10,170,0,0,0.420786
a10,171,0,0,0.377644
a10,172,0,0,0.36660087
a10,173,0,0,0.4929204
a10,174,0,1,0.5534997
a10,175,0,0,0.4223382
a10,176,0,0,0.3897542
a10,177,0,0,0.2946724
a10,178,0,0,0.26553136
a10,179,0,0,0.3604614
a10,180,0,1,0.616678
a10,181,0,0,0.41643506
a10,182,0,0,0.2665332
a10,183,0,0,0.34416792
a10,184,0,0,0.2757863
a10,185,0,0,0.24112763
a10,186,0,0,0.39451793
a10,187,0,1,0.53939885
a10,188,0,0,0.38891816
a10,189,0,1,0.66665447
a10,190,0,0,0.36077532
a10,191,0,1,0.5546057
a10,192,0,0,0.37601072
a10,193,0,1,0.53062636
a10,194,0,0,0.35494444
a10,195,0,0,0.3545701
a10,196,0,0,0.28269616
a10,197,0,0,0.25631532
a10,198,0,0,0.27630544
a10,199,0,0,0.39405352
a10,200,0,0,0.35985765
a10,201,0,0,0.45482644
a10,202,0,0,0.3185066
a10,203,0,0,0.4337427
a10,204,0,1,0.5008769
a10,205,0,0,0.34047246
a10,206,0,0,0.38257053
a10,207,0,0,0.3618894
a10,208,0,0,0.37758085
a10,209,0,0,0.4222065
a10,210,0,0,0.34359112
a10,211,0,0,0.379802
a10,212,0,0,0.38488293
a10,213,0,1,0.64232343
a10,214,0,0,0.3877292
a10,215,0,0,0.36141247
a10,216,0,0,0.4394109
a10,217,0,1,0.5218111
a10,218,1,0,0.40580297
a10,219,1,1,0.53852
a10,220,0,1,0.53329384
a10,221,1,0,0.3686645
a10,222,0,1,0.5846705
a10,223,0,0,0.37886262
a10,224,0,1,0.6323473
a10,225,1,1,0.53866524
a10,226,1,1,0.53607595
a10,227,0,1,0.56067216
a10,228,0,0,0.3817436
a10,229,0,0,0.3833327
a10,230,0,1,0.53590727
a10,231,0,0,0.49262953
a10,232,1,0,0.44252872
a10,233,1,1,0.6499637
a10,234,1,1,0.5358081
a10,235,1,1,0.61070406
a10,236,1,1,0.5734069
a10,237,1,1,0.66805756
a10,238,1,0,0.43126464
a10,239,0,1,0.6649527
a10,240,0,0,0.23102789
a10,241,0,0,0.33220068
a10,242,0,0,0.30364454
a10,243,0,0,0.41116866
a10,244,0,0,0.26742503
a10,245,0,0,0.36253315
a10,246,0,0,0.40567383
a10,247,0,0,0.39833277
a10,248,0,1,0.60919005
a10,249,0,0,0.28297222
a10,250,0,0,0.37370184
a10,251,0,0,0.41238517
a10,252,0,0,0.4265976
a10,253,0,0,0.41829005
a10,254,0,0,0.4924574
a10,255,0,0,0.32925847
a10,256,0,1,0.5338681
a10,257,0,0,0.33369964
a10,258,0,0,0.39448312
a10,259,0,0,0.40456456
a10,260,0,1,0.6686082
a10,261,0,1,0.6243376
a10,262,0,1,0.5848538
a10,263,0,1,0.65504825
a10,264,1,0,0.4124818
a10,265,0,0,0.36415297
a10,266,0,1,0.5117449
a10,267,0,0,0.38024187
a10,268,0,0,0.40638417
a10,269,0,1,0.6725101
a10,270,0,1,0.6678926
a10,271,0,1,0.8010188
a10,272,0,0,0.35502285
a10,273,0,0,0.3719764
a10,274,1,1,0.6656465
a10,275,1,0,0.34693953
a10,276,0,0,0.3509395
a10,277,0,1,0.5188605
a10,278,0,0,0.31446984
a10,279,0,0,0.25899267
a10,280,0,0,0.35036868
a10,281,0,0,0.33438045
a10,282,0,0,0.30674085
a10,283,0,1,0.5441723
a10,284,0,0,0.44072852
a10,285,0,0,0.33482334
a10,286,0,0,0.2872651
a10,287,0,0,0.35595235
a10,288,0,0,0.28187814
a10,289,0,0,0.39095646
a10,290,0,0,0.23199154
a10,291,0,1,0.5617503
a10,292,0,1,0.5383773
a10,293,0,0,0.40699753
a10,294,0,0,0.28166267
a10,295,0,0,0.4272774
a10,296,0,0,0.35771835
a10,297,0,1,0.5401472
a10,298,0,0,0.41111955
a10,299,0,0,0.2567055
a10,300,0,0,0.33386165
a10,301,0,0,0.31841174
a10,302,0,0,0.3356981
a10,303,0,0,0.33969298
a10,304,0,0,0.38804206
a10,305,0,0,0.4130273
a10,306,0,0,0.29513225
a10,307,0,0,0.3542711
a10,308,0,0,0.39481065
a10,309,0,0,0.34343264
a10,310,0,0,0.32461208
a10,311,0,0,0.31630462
a10,312,0,0,0.35053727
a10,313,0,0,0.35839617
a10,314,0,0,0.30272394
a10,315,0,0,0.38998967
a10,316,0,0,0.44174013
a10,317,0,0,0.33222005
a10,318,0,0,0.3758186
a10,319,0,0,0.30775863
a10,320,0,0,0.43218127
a10,321,0,1,0.68954104
a10,322,0,0,0.42207205
a10,323,1,1,0.53557366
a10,324,1,1,0.64632976
a10,325,0,0,0.34866875
a10,326,0,1,0.54156786
a10,327,0,1,0.6256449
a10,328,0,1,0.6520398
a10,329,0,1,0.6798725
a10,330,0,1,0.6266325
a10,331,0,1,0.5270223
a10,332,0,0,0.44555336
a10,333,0,1,0.687035
a10,334,0,0,0.42647848
a10,335,0,1,0.53465205
a10,336,0,1,0.68084407
a10,337,0,1,0.67194
a10,338,0,1,0.64387184
a10,339,0,1,0.62056524
a10,340,0,0,0.3990974
a10,341,0,1,0.53424096
a10,342,0,0,0.44865367
a10,343,0,1,0.64689946
a10,344,0,1,0.55349225
a10,345,0,0,0.39964387
a10,346,0,0,0.34580335
a10,347,0,0,0.46654895
a10,348,0,0,0.41334042
a10,349,0,1,0.55787
a10,350,0,0,0.37608665
a10,351,0,1,0.67177474
a10,352,0,0,0.41660947
a10,353,0,1,0.6036283
a10,354,0,1,0.5394092
a10,355,0,0,0.42425373
a10,356,0,0,0.431055
a10,357,0,1,0.5329161
a10,358,0,0,0.3498349
a10,359,0,0,0.44038934
a10,360,0,0,0.3593121
a10,361,0,1,0.54306763
a10,362,1,0,0.42217955
a10,363,1,0,0.3201396
a10,364,1,0,0.38119438
a10,365,1,0,0.37826127
a10,366,1,0,0.4280187
a10,367,1,1,0.6442935
a10,368,0,0,0.38051578
a10,369,0,0,0.40132356
a10,370,1,0,0.4048913
a10,371,1,0,0.2927722
a10,372,0,0,0.35008153
a10,373,0,0,0.24664107
a10,374,0,1,0.56975836
a10,375,0,0,0.28295016
a10,376,0,0,0.2899031
a10,377,0,0,0.2770901
a10,378,0,1,0.56453407
a10,379,0,0,0.45106873
a10,380,0,1,0.53314507
a10,381,0,1,0.6399298
a10,382,0,1,0.54267865
a10,383,0,0,0.41441494
a10,384,0,1,0.5386446
a10,385,0,0,0.47069025
a10,386,0,0,0.34313864
a10,387,0,0,0.3446404
a10,388,0,0,0.33584931
a10,389,0,1,0.53381747
a10,390,0,1,0.5439585
a10,391,0,0,0.48052084
a10,392,0,0,0.43371308
a10,393,0,0,0.3737245
a10,394,0,0,0.41783428
a10,395,0,0,0.26965123
a10,396,0,1,0.53458285
a10,397,0,0,0.36782813
a10,398,1,1,0.53239185
a10,399,1,1,0.6054805
a10,400,1,0,0.28484842
a10,401,0,0,0.3380487
a10,402,0,0,0.4408312
a10,403,0,0,0.35507125
a10,404,0,0,0.35616925
a10,405,0,0,0.49661887
a10,406,0,0,0.37505212
a10,407,0,0,0.36476296
a10,408,0,1,0.58466756
a10,409,0,0,0.4306436
a10,410,0,0,0.33955944
a10,411,0,1,0.72696155
a10,412,0,1,0.53691477
a10,413,0,1,0.6254559
a10,414,1,0,0.41803482
a10,415,1,1,0.66862416
a10,416,1,0,0.26852772
a10,417,1,0,0.42942417
a10,418,1,0,0.41907415
a10,419,1,1,0.80109596
a10,420,1,0,0.38223267
a10,421,0,0,0.35596746
a10,422,0,0,0.41679332
a10,423,0,0,0.3550911
a10,424,0,0,0.34024757
a10,425,0,0,0.38211957
a10,426,0,1,0.5223259
a10,427,0,1,0.7232364
a10,428,0,1,0.62790173
a10,429,0,0,0.4331257
a10,430,0,1,0.5732959
a10,431,0,1,0.7043533
a10,432,0,1,0.6059749
a10,433,0,1,0.6825301
a10,434,0,0,0.4658137
a10,435,0,0,0.41301984
a10,436,0,1,0.7732962
a10,437,0,1,0.69306386
a10,438,0,0,0.2782106
a10,439,0,1,0.53910035
a10,440,0,0,0.37403962
a10,441,0,0,0.3975013
a10,442,0,1,0.5544642
a10,443,0,0,0.38086465
a10,444,0,1,0.5085177
a10,445,0,1,0.702611
a10,446,1,0,0.31662235
a10,447,1,1,0.5693795
a10,448,1,1,0.6371051
a10,449,1,0,0.40049323
a10,450,1,1,0.62335855
a10,451,1,1,0.5402658
a10,452,1,1,0.69432366
a10,453,1,1,0.54293376
a10,454,1,1,0.5888414
a10,455,1,1,0.60010856
a10,456,1,1,0.657232
a10,457,1,0,0.32231075
a10,458,1,0,0.36022535
a10,459,0,0,0.35790756
a10,460,0,0,0.3894336
a10,461,0,0,0.3700546
a10,462,1,1,0.53822076
a10,463,1,1,0.6571031
a10,464,1,0,0.34777284
a10,465,0,0,0.30074415
a10,466,0,0,0.388086
a10,467,1,0,0.42109406
a10,468,0,0,0.48491228
a10,469,0,1,0.66262764
a10,470,0,0,0.3806092
a10,471,0,0,0.39691898
a10,472,0,0,0.32159626
a10,473,0,0,0.3992496
a10,474,0,0,0.35584527
a10,475,0,0,0.3917652
a10,476,0,0,0.41234535
a10,477,0,0,0.37608317
a10,478,0,0,0.3667001
a10,479,0,0,0.33485153
a10,480,0,0,0.43780452
a10,481,0,0,0.30552855
a10,482,0,1,0.7275393
a10,483,0,0,0.2961212
a10,484,0,1,0.5496977
a10,485,0,0,0.34531283
a10,486,0,0,0.44002444
a10,487,0,0,0.3705508
a10,488,0,0,0.4377541
a10,489,0,1,0.5064215
a10,490,0,0,0.4874215
a10,491,0,0,0.43224415
a10,492,0,1,0.6819426
a10,493,0,0,0.4355976
a10,494,0,1,0.71585226
a10,495,0,0,0.42382145
a10,496,0,1,0.6911266
a10,497,0,0,0.32735705
a10,498,0,1,0.70320547
a10,499,0,1,0.5564195
a10,500,1,1,0.718293
a10,501,1,0,0.37783104
a10,502,1,1,0.65264285
a10,503,1,1,0.78637415
a10,504,1,1,0.5427414
a10,505,1,1,0.6898416
a10,506,1,1,0.646301
a10,507,1,1,0.6534519
a10,508,1,1,0.52814585
a10,509,1,1,0.67694443
a10,510,1,0,0.43919146
a10,511,1,0,0.2666104
a10,512,1,1,0.6617564
a10,513,1,1,0.6660645
a10,514,1,0,0.42393488
a10,515,1,1,0.70947003
a10,516,1,1,0.5581379
a11,1,0,0,0.35687226
a11,2,0,1,0.52123755
a11,3,0,1,0.5675838
a11,4,0,0,0.35768044
a11,5,0,1,0.5241021
a11,6,0,1,0.54583186
a11,7,0,1,0.637164
a11,8,0,0,0.34272146
a11,9,0,0,0.37951002
a11,10,0,1,0.5452525
a11,11,0,0,0.3877223
a11,12,0,0,0.440283
a11,13,0,0,0.42553607
a11,14,0,0,0.49035174
a11,15,0,0,0.34828985
a11,16,0,0,0.3722433
a11,17,1,1,0.540911
a11,18,1,0,0.37258154
a11,19,1,0,0.4381619
a11,20,1,1,0.50942737
a11,21,1,0,0.40597123
a11,22,1,0,0.35627067
a11,23,1,0,0.38870984
a11,24,1,0,0.43441758
a11,25,0,0,0.36946845
a11,26,0,0,0.4990163
a11,27,0,0,0.47875056
a11,28,0,0,0.35634682
a11,29,0,0,0.3424549
a11,30,0,0,0.35642695
a11,31,0,0,0.3505968
a11,32,0,0,0.41005698
a11,33,0,0,0.3907558
a11,34,0,0,0.37632507
a11,35,0,0,0.3283751
a11,36,0,0,0.31602654
a11,37,0,0,0.32584396
a11,38,0,0,0.44047508
a11,39,0,0,0.34514454
a11,40,0,0,0.34002584
a11,41,0,0,0.45037678
a11,42,0,0,0.32609755
a11,43,0,0,0.32706925
a11,44,0,0,0.357836
a11,45,0,0,0.33543193
a11,46,0,0,0.3481788
a11,47,0,0,0.33812445
a11,48,0,1,0.54142076
a11,49,0,0,0.41637486
a11,50,0,0,0.44003662
a11,51,0,0,0.37185457
a11,52,0,0,0.40534487
a11,53,0,0,0.40414304
a11,54,0,0,0.35470623
a11,55,0,0,0.38107297
a11,56,0,0,0.3780629
a11,57,0,0,0.3334825
a11,58,0,0,0.37936538
a11,59,0,0,0.43907613
a11,60,0,0,0.4690438
a11,61,0,0,0.4373163
a11,62,0,0,0.3816062
a11,63,0,0,0.42608747
a11,64,0,0,0.36064258
a11,65,0,0,0.4014768
a11,66,0,0,0.396479
a11,67,0,0,0.42355233
a11,68,0,0,0.402058
a11,69,0,0,0.39787656
a11,70,0,0,0.40630963
a11,71,0,1,0.5006452
a11,72,0,1,0.5399883
a11,73,0,1,0.5435579
a11,74,0,0,0.43200463
a11,75,0,0,0.42889455
a11,76,0,1,0.64132655
a11,77,0,1,0.56482345
a11,78,0,1,0.6336008
a11,79,0,0,0.43597567
a11,80,0,0,0.4372882
a11,81,0,0,0.49281928
a11,82,0,0,0.4522092
a11,83,1,0,0.3700661
a11,84,1,1,0.6710119
a11,85,1,1,0.5320435
a11,86,1,1,0.5261546
a11,87,1,0,0.45137504
a11,88,1,0,0.35138974
a11,89,1,0,0.4291953
a11,90,1,0,0.42729354
a11,91,1,1,0.5482858
a11,92,1,0,0.42498326
a11,93,1,0,0.43709517
a11,94,0,0,0.445856
a11,95,0,0,0.4324115
a11,96,0,1,0.5002225
a11,97,0,1,0.50988066
a11,98,0,1,0.5442003
a11,99,0,0,0.32874236
a11,100,1,0,0.46231014
a11,101,1,1,0.5429791
a11,102,1,1,0.59488904
a11,103,1,0,0.48661262
a11,104,1,1,0.6840618
a11,105,1,1,0.63077027
a11,106,1,1,0.55564284
a11,107,1,1,0.55093443
a11,108,1,1,0.6746444
a11,109,1,1,0.6630667
a11,110,1,1,0.6405257
a11,111,1,1,0.55876166
a11,112,1,1,0.6048838
a11,113,1,1,0.6411959
a11,114,1,1,0.63563055
a11,115,1,1,0.63099533
a11,116,1,1,0.6734644
a11,117,1,1,0.62963134
a11,118,1,1,0.5686846
a11,119,1,1,0.5491163
a11,120,1,1,0.6422064
a11,121,1,1,0.6402242
a11,122,1,1,0.54708
a11,123,1,1,0.64317137
a11,124,1,1,0.65375316
a11,125,1,1,0.545818
a11,126,1,1,0.7099546
a11,127,1,0,0.31862727
a11,128,0,1,0.53552556
a11,129,0,1,0.54900056
a11,130,0,0,0.44767693
a11,131,0,1,0.57985425
a11,132,0,1,0.5238773
a11,133,0,0,0.34611854
a11,134,0,1,0.54399866
a11,135,0,1,0.51060975
a11,136,0,0,0.39241043
a11,137,0,1,0.5458516
a11,138,0,0,0.47090545
a11,139,0,0,0.48893803
a11,140,0,0,0.47599715
a11,141,0,0,0.46714583
a11,142,0,0,0.47293004
a11,143,0,0,0.4280469
a11,144,0,0,0.4669433
a11,145,0,0,0.3694755
a11,146,0,1,0.5395211
a11,147,0,0,0.40272334
a11,148,0,0,0.43635163
a11,149,0,0,0.37048712
a11,150,0,1,0.51873153
a11,151,0,0,0.47822636
a11,152,0,1,0.53864527
a11,153,0,1,0.6240855
a11,154,0,0,0.4129925
a11,155,0,0,0.42061356
a11,156,0,0,0.38815814
a11,157,0,0,0.38819996
a11,158,0,1,0.54199487
a11,159,0,1,0.6694807
a11,160,0,0,0.47406262
a11,161,0,0,0.3659238
a11,162,0,0,0.3912183
a11,163,0,0,0.36092576
a11,164,0,0,0.3518141
a11,165,0,0,0.3921974
a11,166,0,0,0.4368547
a11,167,0,0,0.3946986
a11,168,0,0,0.47404197
a11,169,0,1,0.5332847
a11,170,0,0,0.49466527
a11,171,0,0,0.3832476
a11,172,0,1,0.539013
a11,173,0,0,0.3755796
a11,174,0,0,0.3680539
a11,175,0,1,0.5992917
a11,176,0,0,0.38442004
a11,177,0,0,0.42338285
a11,178,0,0,0.44509473
a11,179,0,0,0.3669902
a11,180,0,0,0.4516035
a11,181,0,0,0.34904286
a11,182,0,0,0.36362514
a11,183,0,0,0.42265517
a11,184,0,0,0.35559392
a11,185,0,0,0.43863
a11,186,0,0,0.35249662
a11,187,0,0,0.369206
a11,188,0,1,0.55109745
a11,189,1,0,0.38125232
a11,190,1,0,0.44385615
a11,191,1,0,0.34363154
a11,192,1,0,0.4187689
a11,193,1,1,0.54264283
a11,194,1,0,0.4027992
a11,195,1,0,0.3733648
a11,196,1,0,0.42194274
a11,197,1,0,0.3737382
a11,198,1,0,0.4371946
a11,199,1,0,0.4242611
a11,200,1,0,0.4438876
a11,201,1,0,0.4433123
a11,202,1,0,0.46372068
a11,203,1,1,0.5415625
a11,204,1,1,0.62519747
a11,205,1,0,0.41931203
a11,206,1,1,0.60487735
a11,207,1,1,0.5347956
a11,208,1,0,0.39804164
a11,209,1,1,0.67505395
a11,210,1,1,0.6184606
a11,211,1,1,0.55341434
a11,212,1,1,0.6639759
a11,213,1,1,0.5895332
a11,214,1,1,0.7083649
a11,215,1,1,0.5757473
a11,216,1,1,0.6260248
a11,217,1,1,0.67113817
a11,218,1,0,0.35671678
a11,219,0,0,0.34521663
a11,220,0,1,0.6563747
a11,221,0,1,0.69636714
a11,222,0,1,0.66777617
a11,223,0,1,0.64479244
a11,224,0,1,0.62706035
a11,225,1,1,0.63895875
a11,226,1,1,0.6668585
a11,227,1,1,0.68998605
a11,228,1,1,0.68120396
a11,229,1,1,0.65130836
a11,230,1,1,0.63470095
a11,231,1,1,0.6712399
a11,232,1,1,0.64293885
a11,233,1,0,0.43186545
a11,234,1,1,0.7176872
a11,235,1,1,0.63566166
a11,236,1,1,0.6869403
a11,237,1,1,0.6284391
a11,238,1,1,0.66652566
a11,239,1,1,0.6457983
a11,240,1,1,0.6816455
a11,241,1,1,0.65755904
a11,242,1,1,0.6729964
a11,243,1,1,0.6016053
a11,244,1,1,0.6554602
a11,245,1,1,0.57603055
a11,246,1,1,0.6887806
a11,247,1,1,0.6838234
a11,248,1,1,0.6736043
a11,249,1,1,0.6925561
a11,250,1,1,0.66982955
a11,251,1,1,0.6730914
a11,252,1,1,0.7182161
a11,253,1,1,0.7313638
a11,254,1,1,0.6776832
a11,255,1,1,0.7032501
a11,256,1,1,0.68755054
a11,257,0,0,0.33562744
a11,258,0,1,0.5799596
a11,259,0,0,0.41309062
a11,260,0,0,0.35572118
a11,261,0,1,0.52670616
a11,262,0,0,0.48820966
a11,263,0,1,0.63236237
a11,264,0,1,0.607816
a11,265,0,0,0.42442974
a11,266,0,1,0.5412159
a11,267,0,1,0.5470716
a11,268,0,0,0.4271447
a11,269,0,1,0.5781534
a11,270,0,1,0.54634815
a11,271,0,1,0.5479941
a11,272,0,0,0.43555084
a11,273,0,1,0.519748
a11,274,0,1,0.5234437
a11,275,0,0,0.43048722
a11,276,0,1,0.5922528
a11,277,0,1,0.6312303
a11,278,0,0,0.44083154
a11,279,0,0,0.37209612
a11,280,0,0,0.35871974
a11,281,0,0,0.46172628
a11,282,0,0,0.4188923
a11,283,0,0,0.37770373
a11,284,0,0,0.37091354
a11,285,0,0,0.44921833
a11,286,0,0,0.37110257
a11,287,0,1,0.5447077
a11,288,0,0,0.4540389
a11,289,0,0,0.40642658
a11,290,0,0,0.40890592
a11,291,0,0,0.44015172
a11,292,0,0,0.4420624
a11,293,0,0,0.37983248
a11,294,0,0,0.3780191
a11,295,0,0,0.37969247
a11,296,0,0,0.39274788
a11,297,0,0,0.37967104
a11,298,0,0,0.36944845
a11,299,0,0,0.36380044
a11,300,0,0,0.42283335
a11,301,0,1,0.5518097
a11,302,0,0,0.46497065
a11,303,0,0,0.4193717
a11,304,0,0,0.34422114
a11,305,0,0,0.3611779
a11,306,0,1,0.6359441
a11,307,0,1,0.5804287
a11,308,0,0,0.4201271
a11,309,0,0,0.3536503
a11,310,0,0,0.45679232
a11,311,0,0,0.34224308
a11,312,0,1,0.538755
a11,313,0,0,0.38946348
a11,314,0,0,0.48403186
a11,315,0,0,0.41725358
a11,316,0,0,0.43511862
a11,317,0,1,0.53696066
a11,318,0,0,0.36784065
a11,319,0,0,0.3495737
a11,320,0,0,0.34399697
a11,321,0,0,0.35930014
a11,322,0,1,0.55925405
a11,323,0,1,0.5186478
a11,324,0,0,0.3721557
a11,325,0,0,0.38609794
a11,326,0,0,0.48697183
a11,327,0,0,0.3779855
a11,328,0,0,0.4085739
a11,329,0,0,0.39611566
a11,330,0,0,0.36095485
a11,331,0,0,0.35070288
a11,332,0,0,0.49340394
a11,333,0,0,0.4600155
a11,334,0,0,0.39805713
a11,335,0,1,0.54130477
a11,336,0,0,0.36608934
a11,337,0,0,0.42472708
a11,338,0,0,0.35088477
a11,339,0,0,0.34344143
a11,340,0,0,0.34497714
a11,341,0,0,0.34196198
a11,342,0,0,0.33356205
a11,343,0,0,0.35074258
a11,344,0,0,0.38378528
a11,345,1,0,0.3277374
a11,346,1,0,0.36027274
a11,347,1,0,0.3382612
a11,348,1,0,0.36224964
a11,349,1,0,0.39421833
a11,350,1,1,0.5417086
a11,351,1,1,0.544448
a11,352,1,0,0.36035317
a11,353,1,0,0.34556642
a11,354,1,0,0.43057713
a11,355,1,0,0.40592608
a11,356,1,0,0.46477577
a11,357,1,0,0.4399748
a11,358,1,0,0.3444272
a11,359,1,0,0.41890058
a11,360,1,1,0.5467632
a11,361,1,1,0.5364074
a11,362,1,0,0.47874904
a11,363,1,1,0.54953384
a11,364,1,0,0.48376277
a11,365,1,1,0.585739
a11,366,1,1,0.6411632
a11,367,1,1,0.5312884
a11,368,1,1,0.53538495
a11,369,1,1,0.6350082
a11,370,1,0,0.37619352
a11,371,1,1,0.6046737
a11,372,1,0,0.42507157
a11,373,1,1,0.5390335
a11,374,1,1,0.6597556
a11,375,1,1,0.64998204
a11,376,1,1,0.64772296
a11,377,1,1,0.5847807
a11,378,1,1,0.5746187
a11,379,1,1,0.6420867
a11,380,1,1,0.6554301
a11,381,1,1,0.6432003
a11,382,1,1,0.66263604
a11,383,1,1,0.57796866
a11,384,1,1,0.6949262
a11,385,1,1,0.52766716
a11,386,1,1,0.5414502
a11,387,1,1,0.56798553
a11,388,1,1,0.6111936
a11,389,1,1,0.6624935
a11,390,1,1,0.58381736
a11,391,1,1,0.57996076
a11,392,1,1,0.5470439
a11,393,1,1,0.6968786
a11,394,1,1,0.6169991
a11,395,1,1,0.54166377
a11,396,1,1,0.55771846
a11,397,1,1,0.60615975
a11,398,1,1,0.5651873
a11,399,1,1,0.61876214
a11,400,1,1,0.60853875
a11,401,1,1,0.55846137
a11,402,1,0,0.48928836
a11,403,1,0,0.42247733
a11,404,1,1,0.5840401
a11,405,1,1,0.58073086
a11,406,1,1,0.6108143
a11,407,1,1,0.6782869
a11,408,1,1,0.65385085
a11,409,1,0,0.37681943
a11,410,1,0,0.40978935
a11,411,1,0,0.33989036
a11,412,1,0,0.31533876
a11,413,1,0,0.33941513
a11,414,1,0,0.3606793
a11,415,1,0,0.35418844
a11,416,1,0,0.3384312
a11,417,1,0,0.39522466
a11,418,0,0,0.33330718
a11,419,0,0,0.3229595
a11,420,0,0,0.31385255
a11,421,0,0,0.3511896
a11,422,0,0,0.33113396
a11,423,0,0,0.32424414
a11,424,0,0,0.32419184
a11,425,0,0,0.33108982
a11,426,1,0,0.32972285
a11,427,1,0,0.3219621
a11,428,1,0,0.33329108
a11,429,1,0,0.3166889
a11,430,1,0,0.331108
a11,431,1,0,0.34112114
a11,432,1,0,0.32701463
a11,433,1,0,0.44087458
a11,434,1,0,0.34990966
a11,435,1,0,0.33657062
a11,436,1,0,0.3450096
a11,437,1,0,0.33726582
a11,438,1,0,0.3625267
a11,439,1,0,0.35061112
a11,440,1,0,0.37122416
a11,441,1,0,0.33059618
a11,442,1,0,0.33716553
a11,443,1,0,0.331724
a11,444,1,0,0.36099705
a11,445,1,0,0.3383205
a11,446,1,0,0.349048
a11,447,1,0,0.3125786
a11,448,1,0,0.325745
a11,449,1,0,0.34058177
a11,450,1,0,0.33195657
a11,451,1,0,0.33421135
a11,452,1,0,0.34396175
a11,453,1,0,0.34240437
a11,454,1,0,0.3376441
a11,455,1,0,0.38642064
a11,456,1,0,0.3190946
a11,457,1,0,0.33502164
a11,458,1,0,0.34227994
a11,459,1,0,0.3922574
a11,460,1,0,0.3485809
a11,461,1,0,0.34628162
a11,462,1,0,0.3261259
a11,463,1,0,0.37465715
a11,464,1,1,0.52843034
a11,465,1,0,0.3474588
a12,1,0,1,0.65149623
a12,2,0,1,0.5482514
a12,3,0,0,0.26557267
a12,4,0,0,0.32245612
a12,5,0,1,0.61772573
a12,6,0,1,0.53803986
a12,7,0,0,0.30620676
a12,8,0,0,0.27424455
a12,9,0,0,0.40513313
a12,10,0,0,0.43286273
a12,11,0,0,0.31135592
a12,12,0,0,0.36020082
a12,13,0,0,0.40969595
a12,14,0,0,0.30765152
a12,15,0,1,0.7010871
a12,16,0,1,0.7392977
a12,17,0,1,0.75851333
a12,18,0,1,0.74868363
a12,19,1,1,0.68769634
a12,20,1,1,0.70795316
a12,21,1,1,0.68875295
a12,22,1,1,0.64458686
a12,23,1,1,0.675527
a12,24,1,0,0.35861227
a12,25,1,1,0.67127275
a12,26,1,1,0.6017566
a12,27,1,0,0.3146627
a12,28,1,1,0.5561769
a12,29,1,1,0.6059123
a12,30,1,0,0.32774323
a12,31,1,0,0.3311534
a12,32,1,0,0.32846296
a12,33,1,1,0.5281063
a12,34,1,0,0.30395502
a12,35,1,0,0.45462424
a12,36,1,0,0.2966867
a12,37,1,0,0.31918037
a12,38,1,0,0.33324435
a12,39,1,0,0.3177467
a12,40,1,0,0.31940153
a12,41,1,0,0.29437163
a12,42,1,0,0.2995871
a12,43,1,0,0.2823305
a12,44,1,0,0.3001625
a12,45,1,0,0.3014341
a12,46,1,0,0.27996594
a12,47,1,0,0.27171052
a12,48,1,0,0.26543257
a12,49,1,0,0.26999897
a12,50,1,0,0.27210218
a12,51,1,0,0.29007602
a12,52,1,0,0.3028491
a12,53,1,1,0.5392692
a12,54,1,0,0.3668008
a12,55,1,0,0.2924447
a12,56,1,0,0.457932
a12,57,1,0,0.29284734
a12,58,1,0,0.26885277
a12,59,1,0,0.3250485
a12,60,1,0,0.33459088
a12,61,1,0,0.44059995
a12,62,1,0,0.30123073
a12,63,1,1,0.6641661
a12,64,1,1,0.55141693
a12,65,1,0,0.4389262
a12,66,1,0,0.2959302
a12,67,1,0,0.29688084
a12,68,1,1,0.55018914
a12,69,1,1,0.651939
a12,70,1,0,0.3423154
a12,71,1,1,0.56925774
a12,72,1,0,0.28444582
a12,73,1,1,0.6578326
a12,74,1,1,0.57907593
a12,75,1,0,0.3046808
a12,76,1,0,0.2897911
a12,77,1,0,0.4666097
a12,78,1,1,0.54784286
a12,79,1,0,0.30175933
a12,80,1,1,0.6190181
a12,81,1,1,0.7259635
a12,82,1,1,0.6942489
a12,83,1,1,0.5463426
a12,84,1,0,0.33330193
a12,85,1,0,0.3098957
a12,86,1,0,0.30583552
a12,87,1,1,0.5277116
a12,88,1,0,0.37348434
a12,89,1,0,0.33162704
a12,90,1,0,0.31577832
a12,91,1,0,0.4773933
a12,92,1,0,0.29541364
a12,93,1,0,0.25473726
a12,94,1,0,0.3100135
a12,95,1,0,0.43215248
a12,96,1,0,0.3062963
a12,97,1,0,0.2888984
a12,98,1,1,0.55416507
a12,99,1,0,0.42008457
a12,100,1,0,0.45346367
a12,101,1,0,0.36972564
a12,102,1,0,0.3114443
a12,103,1,0,0.30178732
a12,104,1,0,0.38159814
a12,105,1,1,0.6523075
a12,106,1,1,0.70872456
a12,107,1,1,0.57967085
a12,108,1,1,0.57943267
a12,109,1,1,0.6808539
a12,110,1,0,0.34168905
a12,111,1,1,0.70594513
a12,112,1,1,0.53721386
a12,113,1,0,0.36267442
a12,114,1,0,0.41293657
a12,115,1,0,0.29379928
a12,116,1,1,0.79561603
a12,117,1,0,0.3045213
a12,118,1,0,0.37996614
a12,119,1,0,0.2983811
a12,120,1,0,0.45254624
a12,121,1,0,0.29502484
a12,122,1,0,0.29507044
a12,123,1,0,0.28748065
a12,124,1,0,0.37942
a12,125,1,0,0.4353746
a12,126,1,0,0.30638558
a12,127,1,0,0.29304555
a12,128,1,0,0.30647668
a12,129,1,0,0.2805121
a12,130,1,0,0.28876898
a12,131,1,0,0.26808685
a12,132,1,0,0.38005173
a12,133,1,0,0.26535502
a12,134,1,1,0.5514524
a12,135,1,0,0.3296208
a12,136,1,0,0.28097486
a12,137,1,0,0.31295758
a12,138,1,0,0.31312987
a12,139,1,0,0.3030571
a12,140,1,0,0.3034625
a12,141,1,0,0.44366518
a12,142,1,1,0.7132853
a12,143,1,0,0.44956127
a12,144,1,1,0.7644884
a12,145,1,0,0.31198776
a12,146,1,1,0.55591094
a12,147,1,0,0.33101264
a12,148,1,0,0.43120906
a12,149,1,0,0.39594838
a12,150,1,0,0.44238952
a12,151,1,0,0.33556965
a12,152,1,0,0.27544358
a12,153,1,0,0.28218868
a12,154,1,0,0.33706373
a12,155,1,0,0.3150106
a12,156,1,0,0.308013
a12,157,1,1,0.6168214
a12,158,1,0,0.3326334
a12,159,1,0,0.33041045
a12,160,1,0,0.28410393
a12,161,1,0,0.2800225
a12,162,1,0,0.28864577
a12,163,1,1,0.69644976
a12,164,1,1,0.64831495
a12,165,1,0,0.35219124
a12,166,1,0,0.3591754
a12,167,1,0,0.27983633
a12,168,1,0,0.31084225
a12,169,1,0,0.30348915
a12,170,1,0,0.36331037
a12,171,1,1,0.55033594
a12,172,1,0,0.31078374
a12,173,1,0,0.3124342
a12,174,1,0,0.3283884
a12,175,1,0,0.3339978
a12,176,1,1,0.6522493
a12,177,1,1,0.68237704
a12,178,1,0,0.38773245
a12,179,1,1,0.7203253
a12,180,1,0,0.3020837
a12,181,1,1,0.7437479
a12,182,1,0,0.32766634
a12,183,1,1,0.7142403
a12,184,1,0,0.36371344
a12,185,1,0,0.43463877
a12,186,1,0,0.30361596
a12,187,1,0,0.43679914
a12,188,1,0,0.311211
a12,189,1,0,0.28671834
a12,190,1,0,0.31173882
a12,191,1,1,0.7443388
a12,192,1,1,0.684566
a12,193,1,1,0.7609523
a12,194,1,1,0.6455033
a12,195,1,1,0.7140996
a12,196,1,0,0.31631735
a12,197,1,0,0.30374634
a12,198,1,1,0.6868069
a12,199,1,0,0.30994725
a12,200,1,0,0.32266656
a12,201,1,0,0.29966348
a12,202,1,0,0.35828215
a12,203,1,0,0.39754567
a12,204,1,1,0.5442824
a12,205,1,0,0.30371627
a12,206,1,1,0.580401
a12,207,1,1,0.6847323
a12,208,1,1,0.7068081
a12,209,1,1,0.719275
a12,210,1,1,0.6844771
a12,211,1,1,0.6705866
a12,212,1,1,0.7172766
a12,213,1,1,0.70977634
a12,214,1,1,0.5489007
a12,215,0,0,0.30508077
a12,216,0,0,0.30443025
a12,217,0,0,0.30653155
a12,218,0,1,0.5843492
a12,219,0,0,0.48718253
a12,220,0,1,0.6832873
a12,221,0,0,0.30664328
a12,222,0,0,0.3577535
a12,223,1,0,0.3302937
a12,224,1,0,0.34018195
a12,225,1,1,0.5181009
a12,226,1,0,0.29771185
a12,227,1,0,0.291801
a12,228,1,1,0.5447179
a12,229,1,1,0.6991022
a12,230,1,0,0.29148313
a12,231,1,0,0.36790398
a12,232,1,0,0.34376103
a12,233,1,1,0.62061775
a12,234,1,1,0.7772356
a12,235,1,1,0.71916217
a12,236,1,1,0.705584
a12,237,1,1,0.7193837
a12,238,1,0,0.32540733
a12,239,1,1,0.6786462
a12,240,1,1,0.71247244
a12,241,1,1,0.7770946
a12,242,1,1,0.75929904
a12,243,1,1,0.65929395
a12,244,1,0,0.35568237
a12,245,1,1,0.70804644
a12,246,1,0,0.39067206
a12,247,1,0,0.28468022
a12,248,1,0,0.3870521
a12,249,1,0,0.28611025
a12,250,1,0,0.34960786
a12,251,1,1,0.7573169
a12,252,1,1,0.69822526
a12,253,1,0,0.3895684
a12,254,1,1,0.5473895
a12,255,1,0,0.36728638
a12,256,1,1,0.73483956
a12,257,1,0,0.36881724
a12,258,1,1,0.64015067
a12,259,1,0,0.38840234
a12,260,1,1,0.57439107
a12,261,1,0,0.29841307
a12,262,1,0,0.4111578
a12,263,1,1,0.55782855
a12,264,1,0,0.35186058
a12,265,1,0,0.3450629
a12,266,1,1,0.8087659
a12,267,1,1,0.6203884
a12,268,1,0,0.38193133
a12,269,1,0,0.30843672
a12,270,1,1,0.69957644
a12,271,1,1,0.6811194
a12,272,1,0,0.33957013
a12,273,1,0,0.31795233
a12,274,1,1,0.6902853
a12,275,1,0,0.3311831
a12,276,1,0,0.3086683
a12,277,1,0,0.30767596
a12,278,1,0,0.37878954
a12,279,1,0,0.3136076
a12,280,1,1,0.72221535
a12,281,1,1,0.62476546
a12,282,1,0,0.3257079
a12,283,1,0,0.3401326
a12,284,1,0,0.31768355
a12,285,1,0,0.31657648
a12,286,1,0,0.3903719
a12,287,1,0,0.31384784
a12,288,1,1,0.66323435
a12,289,1,0,0.3384041
a12,290,1,1,0.67210704
a12,291,1,0,0.29367286
a12,292,1,0,0.30016464
a12,293,1,0,0.36114094
a12,294,1,0,0.3220857
a12,295,1,0,0.36681458
a12,296,1,1,0.5442458
a12,297,1,0,0.35412434
a12,298,1,0,0.3088869
a12,299,1,0,0.3296111
a12,300,1,1,0.543947
a12,301,1,1,0.68742335
a12,302,1,1,0.7859577
a12,303,1,0,0.3076891
a12,304,1,1,0.5362732
a12,305,1,0,0.38819823
a12,306,1,1,0.6980738
a12,307,1,0,0.32117814
a12,308,1,0,0.34736603
a12,309,1,0,0.31710875
a12,310,1,0,0.29467705
a12,311,1,1,0.54242074
a12,312,1,0,0.3076998
a12,313,1,0,0.3410276
a12,314,0,0,0.36544845
a12,315,1,1,0.5581143
a12,316,1,0,0.289631
a12,317,1,0,0.34808934
a12,318,1,1,0.5892954
a12,319,0,0,0.37059364
a12,320,0,0,0.2644937
a12,321,0,0,0.25492525
a12,322,0,0,0.43554974
a12,323,1,1,0.55318356
a12,324,1,1,0.50100833
a12,325,1,1,0.63030183
a12,326,1,1,0.76234907
a12,327,1,0,0.3202452
a12,328,1,1,0.5250231
a12,329,1,0,0.33672142
a12,330,1,1,0.6921094
a12,331,1,1,0.5093548
a12,332,1,1,0.65673846
a12,333,1,0,0.45155463
a12,334,1,0,0.30066833
a12,335,1,1,0.5048533
a12,336,1,1,0.52601016
a12,337,1,1,0.5608552
a12,338,1,0,0.31997207
a12,339,1,0,0.31136587
a12,340,1,1,0.5143486
a12,341,1,0,0.30013767
a12,342,1,1,0.5043669
a12,343,1,0,0.29701373
a12,344,1,0,0.47096652
a12,345,1,0,0.30208403
a12,346,1,0,0.38135937
a12,347,1,1,0.5372097
a12,348,1,0,0.3829358
a12,349,1,0,0.33400553
a12,350,1,0,0.30022058
a12,351,1,0,0.32837778
a12,352,1,1,0.6804202
a12,353,1,0,0.3270547
a12,354,1,0,0.43488744
a12,355,1,0,0.32979256
a12,356,1,0,0.3145795
a12,357,1,0,0.44393808
a12,358,1,0,0.37234294
a12,359,1,0,0.2771608
a12,360,1,1,0.5512098
a12,361,1,0,0.31075335
a12,362,1,0,0.41953436
a12,363,1,0,0.30444872
a12,364,1,1,0.5425811
a12,365,1,0,0.31642503
a12,366,1,1,0.52304894
a12,367,1,0,0.39618728
a12,368,1,0,0.40870014
a12,369,1,0,0.30303133
a12,370,1,0,0.46436748
a12,371,1,1,0.5259688
a12,372,1,0,0.28950143
a12,373,1,1,0.68405056
a12,374,1,0,0.33733597
a12,375,1,0,0.37527943
a12,376,1,1,0.68222404
a12,377,1,0,0.4301016
a12,378,1,0,0.39261812
a12,379,1,0,0.34610882
a12,380,0,1,0.5719564
a12,381,0,1,0.6845179
a12,382,0,0,0.29134756
a12,383,0,0,0.3014648
a12,384,0,0,0.32690328
a12,385,0,0,0.31275544
a12,386,0,0,0.3799293
a12,387,1,0,0.2877408
a12,388,1,1,0.7106415
a12,389,1,0,0.38133934
a12,390,1,0,0.35090682
a12,391,1,0,0.33667594
a12,392,1,1,0.70155233
a12,393,1,1,0.76126486
a12,394,1,0,0.3117321
a12,395,1,0,0.33141196
a12,396,1,0,0.32931173
a12,397,1,0,0.336873
a12,398,1,0,0.41000447
a12,399,1,0,0.36697322
a12,400,1,0,0.3153925
a12,401,1,1,0.66270036
a12,402,1,0,0.30503765
a12,403,1,1,0.6750517
a12,404,1,1,0.53602946
a12,405,1,0,0.4415768
a12,406,1,0,0.29103193
a12,407,1,0,0.302818
a12,408,1,1,0.7262659
a12,409,1,0,0.28394383
a12,410,1,0,0.35785338
a12,411,1,0,0.32878256
a12,412,1,0,0.3331132
a12,413,1,0,0.28078413
a12,414,1,1,0.64442855
a12,415,1,0,0.3499198
a12,416,1,0,0.31206262
a12,417,1,0,0.3365897
a12,418,1,0,0.2885298
a12,419,1,1,0.5888109
a12,420,1,0,0.3245077
a12,421,1,0,0.3062227
a12,422,1,0,0.4522365
a12,423,1,0,0.41905636
a12,424,1,0,0.28241834
a12,425,1,0,0.30577868
a12,426,1,0,0.3040037
a12,427,1,0,0.3761162
a12,428,1,0,0.34023643
a12,429,1,1,0.700398
a12,430,1,1,0.7055955
a12,431,1,0,0.3885703
a12,432,1,0,0.27975175
a12,433,1,1,0.6838379
a12,434,1,1,0.55688936
a12,435,1,0,0.321614
a12,436,1,0,0.3014848
a12,437,1,1,0.62035215
a12,438,1,0,0.32617688
a12,439,1,1,0.705348
a12,440,1,1,0.68553334
a12,441,1,1,0.6899318
a12,442,1,1,0.60910064
a12,443,1,0,0.3648281
a12,444,1,0,0.35650995
a12,445,1,1,0.5422872
a12,446,1,0,0.4137213
a12,447,1,0,0.4985096
a12,448,1,0,0.29455772
a12,449,1,0,0.30640775
a12,450,1,1,0.5406593
a12,451,1,0,0.27609682
a12,452,1,0,0.30707633
a12,453,1,0,0.4836111
a12,454,1,0,0.30383277
a12,455,1,0,0.3329611
a12,456,1,0,0.3375923
a12,457,1,1,0.5449634
a12,458,1,0,0.29286915
a12,459,1,0,0.28442815
a12,460,1,1,0.54153484
a12,461,1,0,0.25463912
a12,462,1,0,0.3349865
a12,463,1,0,0.3104063
a12,464,1,0,0.36274126
a12,465,1,0,0.37999618
a12,466,1,1,0.59677446
a12,467,1,1,0.71438956
a12,468,1,1,0.62120354
a12,469,1,0,0.29897302
a12,470,1,0,0.34746435
a12,471,1,0,0.36519936
a12,472,1,0,0.43058023
a12,473,1,0,0.2919388
a12,474,1,0,0.3238325
a12,475,1,0,0.30524158
a12,476,1,0,0.33877194
a12,477,1,0,0.29732442
a12,478,0,0,0.3127454
a12,479,0,1,0.5711849
a12,480,1,0,0.2956745
a12,481,1,0,0.36228055
a12,482,1,1,0.5733133
a12,483,1,1,0.6265557
a12,484,1,0,0.2894603
a12,485,1,0,0.37552795
a12,486,0,0,0.3476421
a12,487,0,0,0.4839649
a12,488,1,0,0.40255135
a12,489,1,1,0.657058
a12,490,1,0,0.4140347
a12,491,1,0,0.4274079
a12,492,1,0,0.34454972
a12,493,1,1,0.54650694
a12,494,1,1,0.65316606
a12,495,1,1,0.5426065
a12,496,1,1,0.59551436
a12,497,1,1,0.5573477
a12,498,1,0,0.34289488
a12,499,1,0,0.30359343
a12,500,1,1,0.5995942
a12,501,1,0,0.385664
a12,502,1,1,0.66083753
a12,503,1,0,0.32413992
a12,504,1,1,0.53739154
a12,505,1,1,0.64346904
a12,506,1,1,0.6809947
a12,507,1,1,0.5648281
a12,508,1,1,0.5442761
a12,509,1,1,0.5579196
a12,510,1,0,0.307065
a12,511,1,1,0.54794806
a12,512,1,0,0.3398475
a12,513,1,0,0.32310283
a12,514,1,1,0.5822227
a12,515,1,0,0.36770114
a12,516,1,0,0.4002223
a12,517,1,1,0.59343535
a12,518,1,1,0.5067191
a12,519,1,1,0.6366062
a12,520,1,0,0.37856317
a12,521,1,0,0.32658005
a12,522,1,0,0.42942876
a12,523,1,0,0.34813517
a12,524,1,0,0.3132384
a12,525,1,0,0.42679393
a12,526,1,0,0.32898536
a12,527,1,0,0.37008438
a12,528,1,0,0.331671
a12,529,1,1,0.66606534
a12,530,1,0,0.42576104
a12,531,1,0,0.3112463
a12,532,1,0,0.4901289
a12,533,1,0,0.319129
a12,534,1,0,0.33623224
a12,535,1,0,0.460832
a12,536,1,1,0.5542395
a12,537,1,1,0.66521704
a12,538,1,0,0.3481387
a12,539,1,1,0.6948524
a12,540,1,1,0.5537569
a12,541,1,0,0.35938248
a12,542,1,1,0.55212384
a12,543,1,0,0.37304255
a12,544,1,0,0.4158014
a12,545,1,0,0.3504726
a12,546,1,1,0.6595196
a12,547,1,0,0.42266262
a12,548,1,1,0.53949606
a12,549,1,1,0.55608094
a12,550,1,0,0.39836115
a12,551,1,0,0.42128327
a12,552,1,0,0.4139748
a12,553,1,0,0.34669188
a12,554,1,1,0.5081824
a12,555,1,0,0.278377
a12,556,1,1,0.55786675
a12,557,1,0,0.29198256
a12,558,1,1,0.5392753
a12,559,1,0,0.28725836
a12,560,1,0,0.28972206
a12,561,1,0,0.31686655
a12,562,1,0,0.3818362
a12,563,1,0,0.43996903
a12,564,1,0,0.31900424
a12,565,1,0,0.40402564
a12,566,1,0,0.45837685
a12,567,1,0,0.44460765
a12,568,1,0,0.39899924
a12,569,1,1,0.592985
a12,570,1,0,0.46098426
a12,571,1,0,0.4764654
a12,572,1,0,0.3107004
a12,573,1,1,0.5351469
a12,574,1,1,0.6546129
a12,575,1,0,0.3201667
a12,576,1,1,0.5467259
a13,1,0,0,0.32168502
a13,2,0,0,0.3821571
a13,3,0,1,0.699333
a13,4,0,1,0.67856956
a13,5,0,1,0.6723867
a13,6,0,1,0.64878476
a13,7,0,1,0.69838417
a13,8,0,1,0.5719877
a13,9,0,1,0.5381755
a13,10,0,1,0.55853057
a13,11,0,0,0.47568494
a13,12,0,1,0.5310645
a13,13,0,1,0.6715252
a13,14,0,1,0.70271695
a13,15,0,0,0.3998174
a13,16,0,1,0.59218156
a13,17,0,0,0.47184905
a13,18,0,1,0.6865105
a13,19,0,1,0.65374833
a13,20,0,1,0.6721957
a13,21,0,1,0.6719494
a13,22,0,0,0.3950426
a13,23,0,1,0.6521535
a13,24,0,1,0.5925728
a13,25,0,0,0.3104586
a13,26,0,1,0.58050597
a13,27,0,1,0.6865951
a13,28,0,0,0.3790861
a13,29,0,1,0.5334396
a13,30,0,1,0.5256915
a13,31,0,0,0.31866178
a13,32,0,0,0.45442268
a13,33,0,0,0.40338728
a13,34,0,1,0.611717
a13,35,0,1,0.5422452
a13,36,0,1,0.5413864
a13,37,1,1,0.6451407
a13,38,1,1,0.610791
a13,39,1,1,0.6395071
a13,40,1,1,0.73894227
a13,41,1,1,0.7482828
a13,42,1,1,0.78683114
a13,43,1,1,0.7435705
a13,44,1,1,0.6703105
a13,45,1,1,0.6332763
a13,46,1,0,0.40369704
a13,47,1,1,0.70122844
a13,48,1,1,0.69505155
a13,49,1,1,0.7073529
a13,50,1,1,0.72830296
a13,51,1,0,0.4343887
a13,52,1,1,0.55740374
a13,53,1,1,0.75503147
a13,54,1,1,0.6048665
a13,55,1,1,0.67316276
a13,56,1,1,0.6740706
a13,57,1,0,0.4097464
a13,58,1,0,0.47822055
a13,59,1,1,0.67457926
a13,60,1,1,0.7439553
a13,61,1,1,0.723942
a13,62,1,0,0.37617865
a13,63,1,1,0.6039389
a13,64,1,1,0.75003934
a13,65,1,1,0.60391784
a13,66,0,1,0.6832089
a13,67,0,0,0.4048577
a13,68,0,1,0.6453852
a13,69,0,0,0.4228592
a13,70,1,1,0.51225066
a13,71,1,1,0.67183864
a13,72,1,1,0.6947925
a13,73,1,1,0.55531514
a13,74,0,0,0.38478917
a13,75,0,0,0.42009726
a13,76,0,0,0.40000874
a13,77,0,0,0.3052506
a13,78,0,0,0.33755174
a13,79,0,1,0.5062633
a13,80,0,0,0.38761497
a13,81,0,0,0.36990103
a13,82,0,0,0.4883718
a13,83,0,1,0.53086704
a13,84,0,0,0.40150404
a13,85,0,0,0.37642053
a13,86,0,0,0.3803811
a13,87,0,0,0.3539575
a13,88,0,0,0.36286572
a13,89,0,0,0.3311743
a13,90,0,0,0.40735316
a13,91,0,0,0.3480648
a13,92,0,1,0.5108375
a13,93,0,0,0.33742777
a13,94,0,0,0.41632387
a13,95,0,0,0.4393606
a13,96,0,0,0.3281422
a13,97,0,1,0.51751417
a13,98,0,1,0.5153118
a13,99,0,0,0.36571598
a13,100,0,0,0.40814173
a13,101,0,0,0.36730456
a13,102,0,1,0.642542
a13,103,0,0,0.37828007
a13,104,0,0,0.3564689
a13,105,0,1,0.5075392
a13,106,0,0,0.40335625
a13,107,0,1,0.5403582
a13,108,0,1,0.54433435
a13,109,0,1,0.5045271
a13,110,0,0,0.39934564
a13,111,0,0,0.41927338
a13,112,0,0,0.36802143
a13,113,0,1,0.53344595
a13,114,0,1,0.6842357
a13,115,1,1,0.6826795
a13,116,1,1,0.6699698
a13,117,1,1,0.5873968
a13,118,1,0,0.3545113
a13,119,0,0,0.31543952
a13,120,0,0,0.35069862
a13,121,0,0,0.46954656
a13,122,0,1,0.5482438
a13,123,0,1,0.5580857
a13,124,0,1,0.5326986
a13,125,0,0,0.3696669
a13,126,0,0,0.45424092
a13,127,0,1,0.530528
a13,128,0,1,0.5376055
a13,129,0,0,0.4126499
a13,130,0,1,0.674742
a13,131,0,0,0.4887229
a13,132,0,1,0.62848794
a13,133,0,0,0.40707368
a13,134,0,0,0.32182667
a13,135,0,0,0.36353174
a13,136,0,1,0.64699674
a13,137,0,1,0.7361082
a13,138,0,1,0.7242497
a13,139,0,1,0.7137898
a13,140,0,0,0.441529
a13,141,0,0,0.42332748
a13,142,0,0,0.4109969
a13,143,0,0,0.42250207
a13,144,0,0,0.43332782
a13,145,0,0,0.41277376
a13,146,0,0,0.44609678
a13,147,0,0,0.4941194
a13,148,0,1,0.54940957
a13,149,0,1,0.6689686
a13,150,0,1,0.69156414
a13,151,1,1,0.67264897
a13,152,1,1,0.6965982
a13,153,1,1,0.6999975
a13,154,1,1,0.66245854
a13,155,1,1,0.78255177
a13,156,0,1,0.6699501
a13,157,0,1,0.76573986
a13,158,0,1,0.70859385
a13,159,0,0,0.33290884
a13,160,0,1,0.67876005
a13,161,0,1,0.58488417
a13,162,0,1,0.706066
a13,163,0,0,0.44573852
a13,164,0,1,0.6841896
a13,165,1,1,0.6717217
a13,166,0,1,0.6567459
a13,167,0,1,0.71174043
a13,168,1,1,0.54820937
a13,169,0,1,0.7292883
a13,170,0,1,0.60202706
a13,171,0,0,0.39371654
a13,172,1,1,0.7219237
a13,173,0,1,0.6475742
a13,174,0,1,0.71007156
a13,175,1,1,0.6247499
a13,176,1,0,0.35326946
a13,177,1,1,0.6833409
a13,178,1,1,0.6193002
a13,179,1,0,0.37811676
a13,180,1,1,0.7171214
a13,181,1,1,0.723032
a13,182,1,1,0.67304826
a13,183,1,1,0.7585558
a13,184,1,0,0.41042337
a13,185,1,1,0.7401706
a13,186,1,1,0.67200786
a13,187,1,1,0.57323056
a13,188,1,1,0.5524346
a13,189,1,0,0.40225485
a13,190,1,1,0.786138
a13,191,1,1,0.6335433
a13,192,1,1,0.70988554
a13,193,1,1,0.6756771
a13,194,1,1,0.6808232
a13,195,1,1,0.69874203
a13,196,1,0,0.36764702
a13,197,1,1,0.71808463
a13,198,1,1,0.7263411
a13,199,1,1,0.7087295
a13,200,1,1,0.71533126
a13,201,1,1,0.72175395
a13,202,0,1,0.69461465
a13,203,0,1,0.63072544
a13,204,0,1,0.5509263
a13,205,1,1,0.6315077
a13,206,1,1,0.67750126
a13,207,1,1,0.6625127
a13,208,1,1,0.69665104
a13,209,1,1,0.77823806
a13,210,1,1,0.66684216
a13,211,1,0,0.35290885
a13,212,1,1,0.7106824
a13,213,1,1,0.6763472
a13,214,1,1,0.7423227
a13,215,1,1,0.5387506
a13,216,0,1,0.54253805
a13,217,0,1,0.7073395
a13,218,1,1,0.7060631
a13,219,1,1,0.7270192
a13,220,1,1,0.68630564
a13,221,1,1,0.7015803
a13,222,1,0,0.30660567
a13,223,1,1,0.53948057
a13,224,0,1,0.7076519
a13,225,1,1,0.53435546
a13,226,0,1,0.6831012
a13,227,0,1,0.6862888
a13,228,0,1,0.6688674
a13,229,0,1,0.5424224
a13,230,0,1,0.7048528
a13,231,0,0,0.46576476
a13,232,0,1,0.69487953
a13,233,0,1,0.6786469
a13,234,0,1,0.7057514
a13,235,0,1,0.67428976
a13,236,1,0,0.43086335
a13,237,1,1,0.632497
a13,238,1,1,0.72667146
a13,239,1,1,0.67050683
a13,240,1,1,0.7044109
a13,241,1,1,0.7778396
a13,242,1,1,0.56048983
a13,243,0,1,0.6774291
a13,244,0,1,0.6966481
a13,245,0,1,0.6681646
a13,246,0,1,0.61118025
a13,247,0,1,0.68810636
a13,248,0,1,0.5210401
a13,249,0,1,0.5344721
a13,250,1,1,0.6892153
a13,251,1,1,0.5060971
a13,252,1,1,0.73341006
a13,253,1,1,0.71454877
a13,254,1,1,0.5320465
a13,255,1,1,0.6850843
a13,256,1,1,0.5328475
a13,257,1,1,0.66521573
a13,258,1,1,0.70675105
a13,259,1,1,0.61095184
a13,260,1,1,0.6708857
a13,261,0,1,0.7185366
a13,262,0,1,0.545416
a13,263,0,1,0.53936446
a13,264,0,1,0.6179787
a13,265,0,1,0.7227907
a13,266,0,1,0.7862232
a13,267,0,1,0.51144487
a13,268,0,1,0.54341686
a13,269,1,1,0.69989026
a13,270,1,1,0.77685595
a13,271,1,1,0.7152786
a13,272,1,0,0.4091303
a13,273,1,1,0.62611425
a13,274,1,1,0.78757
a13,275,1,1,0.76143664
a13,276,1,1,0.528158
a13,277,1,1,0.71322733
a13,278,1,1,0.53005236
a13,279,1,1,0.73021877
a13,280,1,1,0.6387817
a13,281,1,1,0.74288183
a13,282,1,1,0.7398531
a13,283,1,1,0.6545996
a13,284,1,1,0.76371396
a13,285,1,1,0.7870362
a13,286,1,1,0.68474996
a13,287,1,1,0.7838472
a13,288,1,1,0.50448436
a13,289,0,1,0.737607
a13,290,1,1,0.6995938
a13,291,1,1,0.7320821
a13,292,1,1,0.68912476
a13,293,1,1,0.6969584
a13,294,1,1,0.74600536
a13,295,1,1,0.7068201
a13,296,1,1,0.78203505
a13,297,0,1,0.67590183
a13,298,0,1,0.6823412
a13,299,0,1,0.5116031
a13,300,0,1,0.7156643
a13,301,0,0,0.32875565
a13,302,0,1,0.69995433
a13,303,0,1,0.6067216
a13,304,0,1,0.661509
a13,305,0,1,0.74351376
a13,306,0,1,0.7563487
a13,307,0,1,0.5429975
a13,308,0,1,0.7694778
a13,309,0,1,0.53902
a13,310,0,1,0.7328459
a13,311,0,0,0.339761
a13,312,0,0,0.30931717
a13,313,0,0,0.39514372
a13,314,0,1,0.6731302
a13,315,0,1,0.68351024
a13,316,0,1,0.64508617
a13,317,0,0,0.3530456
a13,318,0,0,0.3274025
a13,319,0,1,0.6828683
a13,320,0,0,0.46359095
a13,321,0,1,0.785093
a13,322,0,1,0.6767032
a13,323,0,0,0.37353384
a13,324,0,1,0.63150537
a13,325,0,1,0.5452534
a13,326,1,1,0.59847623
a13,327,1,0,0.4004462
a13,328,1,1,0.64650154
a13,329,1,1,0.74743587
a13,330,1,1,0.74637944
a13,331,1,1,0.7847545
a13,332,1,1,0.70015377
a13,333,1,1,0.68387413
a13,334,1,1,0.71418667
a13,335,1,1,0.7700246
a13,336,1,1,0.64118236
a13,337,1,1,0.6914801
a13,338,1,1,0.75525224
a13,339,1,1,0.7699601
a13,340,1,0,0.40738142
a13,341,1,1,0.72347367
a13,342,1,1,0.68995416
a13,343,1,1,0.75368047
a13,344,1,1,0.6934248
a13,345,1,1,0.7060034
a13,346,1,1,0.6724919
a13,347,1,1,0.70759666
a13,348,1,1,0.76031727
a13,349,1,1,0.7620566
a13,350,1,1,0.69109416
a13,351,1,1,0.5157101
a13,352,1,1,0.69905865
a13,353,1,0,0.45100993
a13,354,1,0,0.3587376
a13,355,1,1,0.72812355
a13,356,1,1,0.6892986
a13,357,1,1,0.71163845
a13,358,1,1,0.7111435
a13,359,1,1,0.75092864
a13,360,1,1,0.7879908
a13,361,1,1,0.7826327
a13,362,1,1,0.7479919
a13,363,1,0,0.39375702
a13,364,1,1,0.7524237
a13,365,1,1,0.69359803
a13,366,1,1,0.7031175
a13,367,1,1,0.74846756
a13,368,1,1,0.68264145
a13,369,1,1,0.6853258
a13,370,1,1,0.6270007
a13,371,1,1,0.71751744
a13,372,1,1,0.7890386
a13,373,1,1,0.5323106
a13,374,1,1,0.68579733
a13,375,1,1,0.7367646
a13,376,1,1,0.76307565
a13,377,1,1,0.71027726
a13,378,1,1,0.7179814
a13,379,1,1,0.69800526
a13,380,1,1,0.6330296
a13,381,1,1,0.6901088
a13,382,1,1,0.53424424
a13,383,1,1,0.7413916
a13,384,1,0,0.47325364
a13,385,1,1,0.5379465
a13,386,1,1,0.764854
a13,387,1,1,0.78652155
a13,388,1,1,0.7810881
a13,389,1,1,0.7163395
a13,390,1,1,0.76501405
a13,391,1,1,0.72958356
a13,392,1,1,0.68249273
a13,393,1,0,0.3796186
a13,394,1,1,0.7659647
a13,395,1,1,0.6905138
a13,396,1,1,0.7810739
a13,397,1,0,0.40094557
a13,398,1,1,0.7846795
a13,399,1,1,0.72769845
a13,400,1,1,0.67786664
a13,401,1,1,0.6701197
a13,402,0,1,0.6870825
a13,403,1,1,0.77288824
a13,404,1,1,0.70148367
a13,405,1,0,0.3210382
a13,406,1,1,0.6837758
a13,407,0,1,0.54691494
a13,408,0,1,0.66892856
a13,409,0,1,0.6067269
a13,410,0,1,0.75192773
a13,411,0,1,0.60443205
a13,412,0,1,0.75897956
a13,413,0,1,0.5555086
a13,414,0,1,0.7291199
a13,415,0,1,0.7211684
a13,416,0,1,0.53083205
a13,417,0,1,0.6946712
a13,418,0,1,0.70400584
a13,419,0,1,0.5565228
a13,420,0,1,0.7725841
a13,421,0,1,0.7130856
a13,422,0,1,0.67203486
a13,423,0,0,0.46195292
a13,424,0,0,0.3861362
a13,425,1,0,0.32953492
a13,426,1,1,0.7189437
a13,427,1,1,0.5254256
a13,428,1,1,0.78068393
a13,429,1,1,0.6955536
a13,430,1,1,0.7778592
a13,431,1,1,0.66882885
a13,432,1,1,0.570268
a13,433,1,1,0.6342199
a13,434,1,1,0.7850732
a13,435,1,1,0.70824474
a13,436,1,1,0.6913194
a13,437,1,1,0.7346398
a13,438,1,0,0.4814566
a13,439,1,1,0.67996275
a13,440,1,1,0.622262
a13,441,1,1,0.69446695
a13,442,1,1,0.78303415
a13,443,1,1,0.7241597
a13,444,1,1,0.6931993
a13,445,0,0,0.37101483
a13,446,0,1,0.68905044
a13,447,0,1,0.6412202
a13,448,0,1,0.70820206
a13,449,0,1,0.6257101
a13,450,0,0,0.4089117
a13,451,0,1,0.7188249
a13,452,0,0,0.371552
a13,453,0,0,0.34369394
a13,454,0,1,0.5580592
a13,455,0,1,0.67467964
a13,456,0,1,0.6695868
a13,457,0,1,0.52800673
a13,458,0,0,0.30047992
a13,459,0,1,0.64147073
a13,460,0,1,0.6718237
a13,461,0,1,0.685135
a13,462,0,1,0.65207636
a13,463,0,1,0.55776906
a13,464,0,1,0.5310062
a13,465,0,0,0.3675969
a13,466,0,1,0.530055
a13,467,0,1,0.5408727
a13,468,0,1,0.65062225
a13,469,0,1,0.5521213
a13,470,0,1,0.54655945
a13,471,0,1,0.76108843
a13,472,0,0,0.43939823
a13,473,0,1,0.66344017
a13,474,0,0,0.48921934
a13,475,0,1,0.57531875
a13,476,0,1,0.69373673
a13,477,0,1,0.6330637
a13,478,0,1,0.5630949
a13,479,0,1,0.60429543
a13,480,0,1,0.6911447
a13,481,0,0,0.42741895
a13,482,0,1,0.55152494
a13,483,0,1,0.67330974
a13,484,0,1,0.5103421
a13,485,1,1,0.6955106
a13,486,0,1,0.7103058
a13,487,1,1,0.73977536
a13,488,1,0,0.44874159
a13,489,1,1,0.78473014
a13,490,1,1,0.67694634
a13,491,1,1,0.7261667
a13,492,1,0,0.3496075
a13,493,1,0,0.30517882
a13,494,1,0,0.3762195
a14,1,0,0,0.42872047
a14,2,0,0,0.36639813
a14,3,0,1,0.56592226
a14,4,0,0,0.4203703
a14,5,0,1,0.67848533
a14,6,0,1,0.5769984
a14,7,0,1,0.5426783
a14,8,0,0,0.41899565
a14,9,0,1,0.5095173
a14,10,0,0,0.32785282
a14,11,0,0,0.42099825
a14,12,0,0,0.483377
a14,13,0,0,0.34637952
a14,14,0,0,0.45268306
a14,15,1,0,0.38134202
a14,16,1,0,0.34317935
a14,17,1,0,0.44966903
a14,18,1,0,0.43757457
a14,19,1,0,0.32925645
a14,20,1,1,0.5314391
a14,21,1,1,0.5248147
a14,22,1,0,0.37019867
a14,23,1,0,0.3202219
a14,24,1,0,0.3623498
a14,25,1,0,0.35077363
a14,26,1,0,0.3396537
a14,27,1,0,0.31784934
a14,28,1,0,0.34784108
a14,29,1,0,0.3699405
a14,30,1,0,0.3631821
a14,31,1,0,0.38765854
a14,32,1,0,0.31560904
a14,33,1,0,0.38185418
a14,34,1,0,0.40093943
a14,35,1,0,0.33735377
a14,36,1,0,0.42428455
a14,37,1,0,0.36596814
a14,38,1,0,0.33101228
a14,39,1,0,0.39790577
a14,40,1,1,0.50028825
a14,41,1,1,0.52943397
a14,42,1,1,0.5261599
a14,43,1,1,0.61254144
a14,44,1,0,0.3639845
a14,45,1,0,0.41414082
a14,46,1,0,0.35853624
a14,47,1,0,0.352997
a14,48,1,0,0.36548677
a14,49,1,0,0.3438912
a14,50,1,0,0.41826895
a14,51,1,0,0.39281094
a14,52,1,0,0.43060407
a14,53,1,0,0.36121473
a14,54,1,0,0.34607717
a14,55,1,1,0.66946805
a14,56,1,0,0.39491156
a14,57,1,0,0.41337013
a14,58,1,0,0.3406996
a14,59,1,0,0.3916222
a14,60,1,1,0.55259985
a14,61,1,1,0.5273242
a14,62,1,0,0.34563556
a14,63,1,0,0.37180832
a14,64,1,1,0.6784686
a14,65,1,0,0.38480085
a14,66,1,0,0.49512812
a14,67,1,0,0.39206102
a14,68,1,0,0.38708597
a14,69,1,1,0.6099722
a14,70,1,0,0.44535685
a14,71,1,0,0.39600483
a14,72,1,0,0.3411966
a14,73,1,1,0.56325245
a14,74,1,0,0.39716643
a14,75,1,1,0.64257187
a14,76,1,0,0.42072442
a14,77,1,1,0.6946524
a14,78,1,1,0.5283279
a14,79,1,1,0.64294255
a14,80,1,0,0.39017764
a14,81,1,0,0.3447424
a14,82,1,1,0.5320334
a14,83,1,1,0.54332685
a14,84,1,0,0.33442104
a14,85,1,0,0.42468554
a14,86,1,1,0.66111654
a14,87,1,0,0.37787423
a14,88,1,1,0.7400925
a14,89,1,1,0.56219774
a14,90,1,0,0.35816228
a14,91,1,0,0.35622063
a14,92,1,0,0.38851732
a14,93,1,1,0.6107689
a14,94,1,0,0.3293979
a14,95,1,0,0.3957841
a14,96,1,0,0.3867497
a14,97,1,0,0.47811353
a14,98,1,0,0.34156844
a14,99,1,1,0.683085
a14,100,1,1,0.5350378
a14,101,1,0,0.37219223
a14,102,1,1,0.682055
a14,103,1,0,0.36746112
a14,104,1,1,0.6647273
a14,105,0,1,0.55550045
a14,106,0,0,0.35466778
a14,107,1,0,0.30708537
a14,108,1,0,0.35507998
a14,109,1,0,0.37097105
a14,110,1,0,0.39919397
a14,111,1,0,0.37219462
a14,112,1,0,0.36030406
a14,113,1,1,0.5240806
a14,114,1,0,0.35600123
a14,115,1,0,0.38937813
a14,116,1,0,0.37887144
a14,117,1,0,0.39332038
a14,118,1,0,0.4405082
a14,119,1,0,0.32357782
a14,120,1,0,0.42071012
a14,121,1,0,0.41056514
a14,122,1,0,0.4038925
a14,123,1,0,0.46855846
a14,124,1,0,0.3887267
a14,125,1,1,0.5483182
a14,126,1,0,0.39585164
a14,127,1,0,0.38290703
a14,128,1,1,0.52758133
a14,129,1,0,0.3715514
a14,130,1,0,0.36224842
a14,131,1,0,0.49572694
a14,132,1,0,0.4386793
a14,133,1,0,0.3937263
a14,134,1,1,0.54963654
a14,135,1,0,0.4182109
a14,136,1,0,0.47908512
a14,137,1,0,0.47448036
a14,138,1,1,0.6453004
a14,139,1,0,0.34465814
a14,140,1,0,0.46928602
a14,141,1,0,0.3662647
a14,142,1,0,0.49892253
a14,143,1,0,0.36495718
a14,144,1,1,0.53785014
a14,145,1,0,0.48117992
a14,146,1,1,0.54439896
a14,147,1,1,0.6303238
a14,148,1,1,0.52414185
a14,149,1,0,0.43436283
a14,150,1,1,0.52872217
a14,151,1,0,0.38446912
a14,152,1,0,0.36003587
a14,153,1,1,0.5418432
a14,154,1,1,0.5292569
a14,155,1,1,0.5475482
a14,156,1,1,0.5579452
a14,157,1,0,0.38892585
a14,158,1,1,0.5515421
a14,159,1,1,0.5319367
a14,160,1,1,0.52402383
a14,161,1,1,0.54174834
a14,162,1,0,0.3971241
a14,163,1,0,0.37387684
a14,164,1,1,0.5344286
a14,165,1,0,0.40707427
a14,166,1,0,0.38648343
a14,167,1,1,0.6571581
a14,168,1,1,0.54254156
a14,169,1,1,0.583929
a14,170,1,1,0.6763089
a14,171,1,1,0.58840823
a14,172,1,1,0.6644687
a14,173,1,0,0.41990313
a14,174,1,1,0.7028593
a14,175,1,1,0.6820178
a14,176,1,0,0.40583113
a14,177,1,1,0.5928008
a14,178,1,1,0.53230387
a14,179,1,1,0.6248904
a14,180,1,1,0.6821831
a14,181,1,1,0.52395695
a14,182,1,1,0.53033024
a14,183,1,0,0.47343794
a14,184,1,1,0.5728615
a14,185,1,1,0.5144866
a14,186,1,1,0.5765846
a14,187,1,1,0.5365661
a14,188,1,1,0.53996986
a14,189,1,1,0.665449
a14,190,1,0,0.35287696
a14,191,1,0,0.42114887
a14,192,1,1,0.5537277
a14,193,1,1,0.6404858
a14,194,1,1,0.55266947
a14,195,1,1,0.63196343
a14,196,1,0,0.41039497
a14,197,1,0,0.38641143
a14,198,1,0,0.48587498
a14,199,1,0,0.44411784
a14,200,1,0,0.36356527
a14,201,1,0,0.3265352
a14,202,1,0,0.3718568
a14,203,1,1,0.57633793
a14,204,1,0,0.42980468
a14,205,1,0,0.36664316
a14,206,1,1,0.65559983
a14,207,1,0,0.42304412
a14,208,1,0,0.42842802
a14,209,1,0,0.35015732
a14,210,1,0,0.46433833
a14,211,1,0,0.37725458
a14,212,1,0,0.38131648
a14,213,1,1,0.52617836
a14,214,1,0,0.35578096
a14,215,1,0,0.49634042
a14,216,1,1,0.5470441
a14,217,1,1,0.5521938
a14,218,1,1,0.53211516
a14,219,1,0,0.49540713
a14,220,1,0,0.39110136
a14,221,1,0,0.4702309
a14,222,1,0,0.36328226
a14,223,1,0,0.38989043
a14,224,1,1,0.68579406
a14,225,1,0,0.33860415
a14,226,1,0,0.37325868
a14,227,1,1,0.58450365
a14,228,1,0,0.39270118
a14,229,1,1,0.6363686
a14,230,1,1,0.52482206
a14,231,1,1,0.5915885
a14,232,1,1,0.54304653
a14,233,1,0,0.49622557
a14,234,1,0,0.39792117
a14,235,1,1,0.53087735
a14,236,1,1,0.50351363
a14,237,1,1,0.55957836
a14,238,1,0,0.35477626
a14,239,1,1,0.61506
a14,240,1,1,0.5418149
a14,241,1,1,0.5684532
a14,242,1,0,0.41833228
a14,243,1,0,0.4034402
a14,244,1,1,0.56704056
a14,245,1,0,0.430478
a14,246,1,0,0.4251699
a14,247,1,1,0.6672951
a14,248,1,1,0.5444629
a14,249,1,1,0.5428093
a14,250,1,1,0.52760017
a14,251,1,0,0.46711203
a14,252,1,1,0.5324594
a14,253,1,1,0.55524325
a14,254,1,1,0.54335606
a14,255,1,0,0.41764995
a14,256,1,0,0.4869742
a14,257,1,0,0.49494925
a14,258,1,1,0.5428101
a14,259,1,1,0.56397307
a14,260,1,1,0.53859705
a14,261,1,0,0.4965696
a14,262,1,0,0.41598406
a14,263,1,1,0.5923828
a14,264,1,1,0.53844494
a14,265,1,0,0.39282852
a14,266,1,0,0.40862763
a14,267,1,0,0.4333984
a14,268,1,1,0.625164
a14,269,1,1,0.5779061
a14,270,1,0,0.4638724
a14,271,1,1,0.6633744
a14,272,1,1,0.6034397
a14,273,1,0,0.49580547
a14,274,1,1,0.65882355
a14,275,1,1,0.5454207
a14,276,1,1,0.531915
a14,277,1,0,0.47489253
a14,278,1,0,0.4053174
a14,279,1,0,0.49671397
a14,280,1,1,0.56494236
a14,281,1,0,0.4424019
a14,282,1,1,0.5469238
a14,283,1,1,0.5636567
a14,284,1,1,0.53870076
a14,285,1,1,0.50479144
a14,286,1,1,0.6148772
a14,287,1,1,0.5452847
a14,288,1,1,0.5335112
a14,289,1,0,0.42905596
a14,290,1,1,0.53217787
a14,291,1,1,0.58766127
a14,292,1,1,0.6267778
a14,293,1,0,0.3674114
a14,294,1,1,0.67100626
a14,295,1,1,0.55055296
a14,296,1,1,0.5498817
a14,297,1,1,0.5397774
a14,298,1,1,0.6963538
a14,299,1,0,0.4394882
a14,300,1,1,0.682765
a14,301,1,1,0.5736976
a14,302,1,0,0.49795797
a14,303,1,1,0.54159164
a14,304,1,0,0.43571568
a14,305,1,1,0.62892896
a14,306,1,1,0.6658041
a14,307,1,1,0.5518477
a14,308,1,0,0.37280402
a14,309,1,1,0.5738224
a14,310,1,1,0.5724178
a14,311,1,1,0.68010235
a14,312,1,1,0.6873006
a14,313,1,0,0.4212266
a14,314,1,1,0.6777277
a14,315,1,0,0.35515723
a14,316,1,1,0.5431688
a14,317,1,1,0.559539
a14,318,1,1,0.6308038
a14,319,1,0,0.39250407
a14,320,1,1,0.5598265
a14,321,1,0,0.44127163
a14,322,1,0,0.4065029
a14,323,1,0,0.40849367
a14,324,1,1,0.6621766
a14,325,1,1,0.5650857
a14,326,1,1,0.71591026
a14,327,1,1,0.6488037
a14,328,1,1,0.531237
a14,329,1,0,0.35082656
a14,330,0,0,0.4687648
a14,331,0,1,0.5116278
a14,332,0,0,0.3783646
a14,333,0,0,0.354379
a14,334,0,0,0.38935617
a14,335,0,1,0.52683514
a14,336,0,0,0.3661946
a14,337,0,0,0.45974368
a14,338,0,0,0.4273916
a14,339,0,0,0.35456178
a14,340,0,1,0.5223284
a14,341,0,0,0.34795243
a14,342,0,1,0.5454598
a14,343,0,0,0.43904358
a14,344,0,0,0.46752673
a14,345,0,1,0.53475666
a14,346,0,0,0.35735223
a14,347,0,1,0.53558034
a14,348,0,0,0.4512734
a14,349,0,1,0.5189962
a14,350,0,1,0.6539598
a14,351,0,0,0.39066043
a14,352,0,0,0.4100787
a14,353,0,0,0.41304785
a14,354,0,0,0.4820929
a14,355,0,0,0.3786546
a14,356,0,0,0.3278803
a14,357,0,1,0.53848106
a14,358,0,0,0.35618505
a14,359,0,1,0.56587505
a14,360,0,1,0.5305958
a14,361,0,1,0.5477832
a14,362,0,0,0.41076
a14,363,0,1,0.54601365
a14,364,0,0,0.40805775
a14,365,0,0,0.39583978
a14,366,0,1,0.5514431
a14,367,1,1,0.5309661
a14,368,1,1,0.67335683
a14,369,1,1,0.55528843
a14,370,1,0,0.36657768
a14,371,0,1,0.5319187
a14,372,0,1,0.5413528
a14,373,0,1,0.568736
a14,374,1,0,0.3646109
a14,375,1,0,0.4046311
a14,376,1,1,0.5102585
a14,377,1,0,0.36682403
a14,378,1,0,0.3831677
a14,379,0,0,0.34762222
a14,380,0,0,0.48022518
a14,381,1,0,0.3429314
a14,382,1,0,0.37985376
a14,383,1,0,0.37535417
a14,384,1,0,0.42756742
a14,385,1,0,0.35768148
a14,386,1,1,0.52525705
a14,387,1,0,0.42595834
a14,388,1,0,0.37613022
a14,389,1,1,0.5293079
a14,390,1,1,0.5649929
a14,391,1,0,0.37128964
a14,392,1,0,0.48168573
a14,393,1,1,0.5421843
a14,394,1,0,0.4916083
a14,395,0,0,0.43302542
a14,396,0,0,0.3312784
a14,397,0,1,0.5253901
a14,398,0,0,0.3704251
a14,399,0,0,0.33310673
a14,400,0,0,0.34396175
a14,401,0,0,0.33370903
a14,402,0,0,0.3461263
a14,403,0,0,0.32393405
a14,404,0,0,0.3830161
a14,405,0,0,0.3983701
a14,406,0,0,0.3315614
a14,407,0,0,0.369039
a14,408,0,0,0.33996958
a14,409,0,0,0.3495917
a14,410,0,0,0.3332587
a14,411,0,0,0.3558091
a14,412,0,1,0.5840554
a14,413,1,1,0.54164404
a14,414,1,1,0.5892217
a14,415,1,1,0.6981651
a14,416,1,0,0.3208453
a14,417,1,1,0.65323204
a14,418,1,1,0.65850633
a14,419,1,1,0.53080344
a14,420,0,0,0.37552136
a14,421,0,0,0.32898304
a14,422,0,0,0.35331705
a14,423,0,0,0.39703095
a14,424,0,0,0.34596393
a14,425,0,0,0.35840133
a14,426,0,0,0.3464748
a14,427,0,0,0.36656275
a14,428,0,1,0.62011856
a14,429,1,1,0.66636556
a14,430,1,1,0.5141916
a14,431,1,0,0.4015954
a14,432,1,1,0.53700155
a14,433,1,0,0.42193776
a14,434,1,1,0.5390507
a14,435,1,1,0.5535894
a14,436,1,0,0.46096942
a14,437,1,0,0.4896579
a14,438,1,1,0.6633372
a14,439,1,0,0.37332022
a14,440,1,0,0.48098317
a14,441,1,1,0.6131963
a14,442,1,1,0.6762746
a14,443,1,0,0.35231644
a14,444,1,1,0.71649235
a14,445,1,0,0.41517395
a14,446,1,1,0.6832213
a14,447,1,1,0.58023006
a14,448,1,0,0.35038856
a14,449,0,0,0.41901776
a14,450,0,0,0.3964804
a14,451,0,1,0.6490866
a14,452,1,0,0.42971337
a14,453,1,1,0.64094615
a14,454,1,1,0.68475366
a14,455,1,1,0.6249662
a14,456,1,0,0.33263764
a14,457,1,0,0.43966526
a14,458,1,0,0.3899981
a14,459,1,1,0.69816506
a14,460,1,1,0.69077504
a14,461,1,0,0.38022295
a14,462,1,1,0.67214125
a14,463,1,0,0.49275026
a14,464,1,1,0.62192696
a14,465,1,0,0.4268287
a14,466,1,0,0.4164597
a14,467,1,1,0.5569678
a14,468,1,0,0.4116786
a14,469,1,0,0.48419553
a14,470,1,0,0.43167552
a14,471,1,0,0.36268067
a14,472,0,1,0.5830418
a14,473,0,1,0.5289099
a14,474,0,0,0.4726542
a14,475,0,0,0.44393152
a14,476,0,1,0.66761196
a14,477,0,0,0.3562099
a14,478,0,1,0.6043886
a14,479,0,0,0.41117167
a14,480,0,0,0.38727024
a14,481,0,0,0.3613405
a14,482,0,0,0.3950843
a14,483,0,0,0.346545
a14,484,0,0,0.36251208
a14,485,0,0,0.3856788
a14,486,0,0,0.4421583
a14,487,0,0,0.40089762
a14,488,0,0,0.38059697
a14,489,0,0,0.41644517
a14,490,0,0,0.4221629
a14,491,0,0,0.37294284
a14,492,0,0,0.38917378
a14,493,0,0,0.36578548
a14,494,0,0,0.41052347
a14,495,0,1,0.530184
a14,496,0,1,0.5994024
a14,497,0,1,0.6104954
a14,498,0,1,0.6846627
a14,499,0,1,0.6074927
a14,500,0,0,0.42494792
a14,501,0,0,0.42502183
a14,502,0,0,0.40758243
a14,503,0,1,0.5354423
a14,504,0,0,0.49983513
a14,505,0,0,0.4774323
a14,506,0,0,0.45823503
a14,507,0,1,0.56191826
a14,508,0,0,0.41488045
a15,1,0,1,0.6850551
a15,2,0,1,0.5523649
a15,3,0,1,0.55174327
a15,4,0,0,0.41592655
a15,5,0,1,0.54680365
a15,6,0,0,0.4582956
a15,7,0,0,0.42681116
a15,8,0,1,0.6467762
a15,9,0,1,0.64835995
a15,10,0,1,0.62294513
a15,11,0,1,0.5582423
a15,12,0,1,0.5537262
a15,13,0,0,0.48846912
a15,14,0,1,0.5509527
a15,15,0,1,0.5944698
a15,16,0,1,0.6606856
a15,17,0,1,0.5344564
a15,18,0,0,0.43330848
a15,19,0,0,0.43935484
a15,20,0,1,0.61492115
a15,21,0,0,0.42170957
a15,22,0,1,0.5647815
a15,23,0,0,0.43668824
a15,24,0,0,0.4394121
a15,25,0,0,0.42581463
a15,26,0,0,0.4245731
a15,27,0,0,0.48831436
a15,28,0,1,0.5488394
a15,29,0,1,0.5627932
a15,30,0,1,0.6697225
a15,31,1,1,0.57213706
a15,32,1,1,0.5568793
a15,33,1,1,0.6775924
a15,34,1,1,0.649616
a15,35,1,1,0.6545174
a15,36,1,1,0.55445415
a15,37,1,1,0.59040654
a15,38,1,1,0.5632297
a15,39,1,1,0.5673677
a15,40,1,1,0.64386284
a15,41,1,1,0.5964985
a15,42,1,0,0.48588166
a15,43,1,0,0.48338053
a15,44,1,1,0.65540963
a15,45,1,1,0.68339443
a15,46,1,1,0.6607018
a15,47,1,1,0.6780261
a15,48,1,0,0.4493491
a15,49,1,1,0.5082891
a15,50,1,1,0.6256752
a15,51,1,0,0.46447042
a15,52,1,1,0.5523167
a15,53,0,0,0.43569267
a15,54,0,1,0.5529421
a15,55,0,1,0.5051766
a15,56,1,1,0.665499
a15,57,1,1,0.55452114
a15,58,1,1,0.57497704
a15,59,1,1,0.6954248
a15,60,1,1,0.662398
a15,61,1,1,0.54749906
a15,62,1,1,0.7227092
a15,63,1,1,0.7099829
a15,64,1,1,0.6538217
a15,65,1,1,0.55608
a15,66,1,1,0.6792628
a15,67,1,1,0.67322063
a15,68,1,1,0.7153233
a15,69,1,1,0.70189214
a15,70,1,1,0.6701621
a15,71,1,1,0.65583056
a15,72,0,1,0.62657493
a15,73,0,1,0.57433134
a15,74,0,1,0.61733663
a15,75,0,1,0.5602757
a15,76,0,1,0.6828121
a15,77,0,1,0.54703015
a15,78,0,1,0.54755306
a15,79,1,0,0.4406596
a15,80,1,1,0.5658332
a15,81,1,1,0.55666476
a15,82,1,1,0.60359854
a15,83,1,1,0.68433785
a15,84,1,1,0.6584572
a15,85,1,1,0.64960057
a15,86,1,1,0.67422307
a15,87,1,1,0.6726916
a15,88,1,1,0.67133754
a15,89,1,1,0.6805028
a15,90,1,1,0.55521333
a15,91,1,1,0.68329716
a15,92,1,1,0.608072
a15,93,1,1,0.6118758
a15,94,1,1,0.64435774
a15,95,1,1,0.6729267
a15,96,1,1,0.67127466
a15,97,1,1,0.6750238
a15,98,1,1,0.6524681
a15,99,1,1,0.69689727
a15,100,1,1,0.69524175
a15,101,1,1,0.6299819
a15,102,1,1,0.704449
a15,103,1,1,0.5963085
a15,104,1,0,0.4502893
a15,105,1,0,0.49860463
a15,106,1,1,0.55114794
a15,107,1,1,0.67286295
a15,108,1,1,0.6635178
a15,109,1,1,0.55513287
a15,110,1,1,0.6772803
a15,111,1,1,0.72880733
a15,112,1,1,0.6432656
a15,113,0,1,0.5163341
a15,114,0,0,0.44479936
a15,115,0,1,0.55195785
a15,116,0,1,0.504847
a15,117,0,1,0.5519283
a15,118,0,0,0.44757977
a15,119,0,1,0.5363029
a15,120,0,1,0.5564161
a15,121,0,1,0.5824504
a15,122,0,1,0.68765056
a15,123,0,1,0.6024565
a15,124,0,1,0.6740699
a15,125,1,1,0.624048
a15,126,1,1,0.74162894
a15,127,1,0,0.42510435
a15,128,1,1,0.68047583
a15,129,1,1,0.6137478
a15,130,1,1,0.6645143
a15,131,1,1,0.67431134
a15,132,1,0,0.42918915
a15,133,1,1,0.56138563
a15,134,1,1,0.71149194
a15,135,1,1,0.6635018
a15,136,1,1,0.69357675
a15,137,1,1,0.7359382
a15,138,1,1,0.7183522
a15,139,1,1,0.6426806
a15,140,1,1,0.70159584
a15,141,1,1,0.7081637
a15,142,1,1,0.73937225
a15,143,1,1,0.71225035
a15,144,1,1,0.7414483
a15,145,1,1,0.68044275
a15,146,1,1,0.72356194
a15,147,1,1,0.6948789
a15,148,1,1,0.73474884
a15,149,1,1,0.72971004
a15,150,1,1,0.72334343
a15,151,1,1,0.7026832
a15,152,1,1,0.6985732
a15,153,1,0,0.42747545
a15,154,1,1,0.67317885
a15,155,1,1,0.6876447
a15,156,1,1,0.6382072
a15,157,1,1,0.6774409
a15,158,1,1,0.7183205
a15,159,1,1,0.62836206
a15,160,1,1,0.6769297
a15,161,1,1,0.59289557
a15,162,1,1,0.7264212
a15,163,1,1,0.7213944
a15,164,1,1,0.72330004
a15,165,1,1,0.6970249
a15,166,1,1,0.6821781
a15,167,1,0,0.4392429
a15,168,1,1,0.6491106
a15,169,1,1,0.67828757
a15,170,1,0,0.48415792
a15,171,0,0,0.4327464
a15,172,0,0,0.46039572
a15,173,0,1,0.6729823
a15,174,0,1,0.67832875
a15,175,1,1,0.69106764
a15,176,1,1,0.676076
a15,177,1,1,0.68080693
a15,178,1,1,0.6724283
a15,179,1,1,0.69071966
a15,180,1,1,0.5237021
a15,181,1,0,0.47519377
a15,182,1,1,0.6843708
a15,183,1,1,0.62284124
a15,184,1,1,0.67205286
a15,185,1,1,0.5557471
a15,186,1,1,0.7151534
a15,187,1,1,0.6994711
a15,188,1,1,0.72623205
a15,189,1,1,0.741268
a15,190,1,1,0.6668293
a15,191,1,1,0.7258855
a15,192,1,1,0.6824561
a15,193,1,1,0.69601935
a15,194,1,1,0.6812423
a15,195,1,1,0.6337168
a15,196,1,0,0.44700983
a15,197,0,1,0.5068384
a15,198,0,1,0.7265764
a15,199,0,1,0.6541048
a15,200,0,1,0.6464576
a15,201,0,1,0.6865509
a15,202,0,1,0.66769516
a15,203,0,1,0.56006587
a15,204,0,1,0.5559175
a15,205,0,0,0.4636637
a15,206,0,1,0.5898064
a15,207,1,1,0.6540202
a15,208,1,1,0.5538187
a15,209,1,1,0.6102154
a15,210,1,1,0.58939224
a15,211,1,1,0.5462882
a15,212,1,0,0.4753836
a15,213,1,1,0.5845212
a15,214,1,1,0.66216946
a15,215,1,1,0.6209394
a15,216,1,1,0.54685235
a15,217,1,1,0.6260992
a15,218,1,1,0.69445074
a15,219,1,1,0.6402749
a15,220,1,1,0.6841415
a15,221,1,1,0.68325007
a15,222,1,0,0.4893983
a15,223,1,1,0.72711074
a15,224,1,1,0.6939612
a15,225,1,1,0.671175
a15,226,1,1,0.7360523
a15,227,1,1,0.71998113
a15,228,1,1,0.70335776
a15,229,1,1,0.6824023
a15,230,1,1,0.714094
a15,231,1,1,0.69848055
a15,232,1,1,0.6672738
a15,233,1,1,0.7014743
a15,234,1,1,0.67443866
a15,235,1,1,0.67684877
a15,236,1,1,0.68235266
a15,237,1,1,0.7158897
a15,238,1,1,0.70772904
a15,239,1,1,0.737215
a15,240,1,1,0.65704346
a15,241,1,1,0.7073029
a15,242,1,1,0.67319626
a15,243,1,1,0.71477365
a15,244,1,1,0.6852756
a15,245,1,1,0.7229107
a15,246,1,1,0.62992966
a15,247,1,1,0.7227622
a15,248,1,1,0.6689382
a15,249,1,1,0.69145066
a15,250,1,1,0.7096398
a15,251,1,1,0.74063396
a15,252,1,1,0.69722885
a15,253,1,1,0.56817544
a15,254,1,1,0.6795779
a15,255,1,1,0.74146754
a15,256,1,1,0.6673899
a15,257,1,1,0.5598052
a15,258,1,1,0.6834116
a15,259,1,1,0.71857893
a15,260,1,1,0.6839957
a15,261,1,1,0.6564806
a15,262,1,0,0.49797288
a15,263,1,1,0.61358047
a15,264,1,1,0.6502469
a15,265,1,1,0.70683336
a15,266,1,1,0.67394805
a15,267,1,1,0.6722476
a15,268,1,1,0.6832027
a15,269,1,1,0.70958316
a15,270,1,1,0.6750936
a15,271,1,1,0.74140674
a15,272,1,1,0.70811695
a15,273,1,1,0.712848
a15,274,1,1,0.70665
a15,275,1,1,0.68046373
a15,276,1,1,0.72968924
a15,277,1,1,0.7379983
a15,278,1,1,0.66205764
a15,279,1,1,0.6905341
a15,280,1,1,0.6793726
a15,281,1,1,0.73490405
a15,282,1,1,0.703852
a15,283,1,1,0.6444677
a15,284,1,1,0.6790717
a15,285,1,1,0.68205965
a15,286,1,1,0.69256276
a15,287,1,1,0.60415536
a15,288,0,0,0.42623022
a15,289,0,1,0.66819584
a15,290,0,1,0.59302616
a15,291,0,1,0.6129366
a15,292,0,1,0.6585971
a15,293,0,1,0.6622164
a15,294,0,1,0.72036976
a15,295,0,1,0.6840731
a15,296,0,1,0.65656245
a15,297,0,1,0.6962349
a15,298,0,1,0.5899213
a15,299,0,1,0.59629303
a15,300,0,1,0.7381497
a15,301,1,1,0.7250496
a15,302,1,1,0.6888836
a15,303,1,1,0.7289051
a15,304,1,1,0.6888437
a15,305,1,1,0.7406686
a15,306,1,1,0.73853797
a15,307,1,1,0.7329682
a15,308,1,1,0.73655957
a15,309,1,1,0.66978896
a15,310,1,1,0.6713365
a15,311,1,1,0.7015686
a15,312,1,1,0.53447515
a15,313,1,1,0.7270806
a15,314,1,1,0.6790482
a15,315,1,1,0.7409883
a15,316,1,1,0.7126158
a15,317,1,1,0.7303971
a15,318,1,1,0.6801818
a15,319,1,1,0.68856335
a15,320,1,0,0.42694926
a15,321,1,0,0.40726882
a15,322,1,1,0.6695046
a15,323,0,0,0.4206952
a15,324,0,1,0.6655687
a15,325,0,1,0.6887222
a15,326,1,1,0.53044903
a15,327,1,1,0.73302394
a15,328,1,1,0.65754735
a15,329,1,1,0.7413812
a15,330,1,1,0.6972523
a15,331,1,1,0.6693967
a15,332,1,1,0.70074856
a15,333,1,1,0.63955706
a15,334,1,1,0.66615075
a15,335,1,1,0.6938577
a15,336,1,1,0.6969037
a15,337,1,1,0.6786235
a15,338,1,1,0.6775337
a15,339,1,1,0.7044577
a15,340,1,1,0.7159156
a15,341,1,1,0.67136
a15,342,1,1,0.7084303
a15,343,1,1,0.7297709
a15,344,1,1,0.71573174
a15,345,1,1,0.7075611
a15,346,1,1,0.73394465
a15,347,1,1,0.7214077
a15,348,1,1,0.7247512
a15,349,1,1,0.7200615
a15,350,1,1,0.7057706
a15,351,1,1,0.5566386
a15,352,1,1,0.7204637
a15,353,1,1,0.71923536
a15,354,1,1,0.6737948
a15,355,1,1,0.6838354
a15,356,1,1,0.5948553
a15,357,1,1,0.68180615
a15,358,1,1,0.65620023
a15,359,1,1,0.6868995
a15,360,1,1,0.6524555
a15,361,1,1,0.6860482
a15,362,1,1,0.5616197
a15,363,1,1,0.71865314
a15,364,1,1,0.6992243
a15,365,1,1,0.67579824
a15,366,1,1,0.68795913
a15,367,1,1,0.6794212
a15,368,1,1,0.6571936
a15,369,1,0,0.41968232
a15,370,0,1,0.5627636
a15,371,1,1,0.685479
a15,372,1,1,0.68395996
a15,373,1,1,0.67091936
a15,374,1,0,0.43630475
a15,375,0,1,0.68487996
a15,376,0,1,0.71196836
a15,377,0,1,0.6743877
a15,378,0,1,0.6814091
a15,379,1,1,0.6758787
a15,380,0,1,0.5946925
a15,381,0,1,0.6780018
a15,382,0,1,0.71923715
a15,383,0,0,0.48741454
a15,384,0,1,0.6822446
a15,385,0,1,0.56894463
a15,386,0,1,0.71491945
a15,387,0,0,0.43248546
a15,388,0,1,0.6734279
a15,389,0,1,0.70004964
a15,390,0,1,0.73151696
a15,391,0,1,0.68090254
a15,392,0,1,0.6724841
a15,393,0,1,0.64047366
a15,394,0,1,0.7614988
a15,395,0,1,0.6842555
a15,396,0,1,0.6721701
a15,397,0,1,0.7143634
a15,398,0,1,0.7329828
a15,399,0,1,0.71548706
a15,400,0,1,0.6044943
a15,401,0,1,0.73634815
a15,402,0,1,0.675323
a15,403,0,1,0.67945045
a15,404,1,1,0.7259895
a15,405,1,1,0.55444384
a15,406,1,1,0.6604864
a15,407,1,1,0.6917958
a15,408,1,1,0.6562957
a15,409,1,1,0.6707591
a15,410,1,1,0.6598343
a15,411,1,1,0.6763128
a15,412,1,1,0.6963521
a15,413,1,1,0.697975
a15,414,1,1,0.73232454
a15,415,1,1,0.62241757
a15,416,1,1,0.7355176
a15,417,1,1,0.6739272
a15,418,1,1,0.55973166
a15,419,1,1,0.7376912
a15,420,1,1,0.7232165
a15,421,1,1,0.7293649
a15,422,1,1,0.7131438
a15,423,1,1,0.72877365
a15,424,1,1,0.62464124
a15,425,1,1,0.7332558
a15,426,1,1,0.73518103
a15,427,1,1,0.739911
a15,428,1,1,0.65834004
a15,429,1,0,0.43281353
a15,430,1,1,0.672313
a15,431,1,1,0.5462388
a15,432,1,1,0.5334647
a15,433,1,1,0.66865784
a15,434,1,1,0.5545888
a15,435,1,1,0.6172214
a15,436,1,1,0.66792846
a15,437,0,0,0.49970895
a15,438,0,1,0.63781303
a15,439,1,1,0.55106324
a15,440,0,1,0.5472678
a15,441,1,1,0.61444974
a15,442,1,1,0.5024087
a15,443,1,1,0.5556363
a15,444,1,1,0.68667674
a15,445,1,1,0.5230728
a15,446,0,1,0.55247706
a15,447,0,0,0.48055977
a15,448,0,1,0.52138406
a15,449,0,1,0.5676199
a15,450,0,1,0.62368417
a15,451,1,1,0.6822062
a15,452,0,1,0.5542279
a15,453,0,1,0.64607966
a15,454,1,1,0.68776226
a15,455,1,1,0.60991955
a15,456,1,1,0.65709484
a15,457,1,1,0.68200755
a15,458,1,1,0.61150986
a15,459,1,1,0.68206203
a15,460,1,1,0.7184198
a15,461,1,1,0.6780137
a15,462,1,1,0.64908123
a15,463,1,1,0.5583205
a15,464,1,1,0.69792056
a15,465,1,1,0.74124867
a15,466,1,0,0.43130323
a15,467,1,1,0.7226705
a15,468,1,1,0.6774056
a15,469,1,1,0.69660515
a15,470,1,1,0.7080893
a15,471,1,1,0.70755595
a15,472,1,1,0.68549055
a15,473,1,1,0.7233862
a15,474,1,1,0.5287389
a15,475,1,1,0.7270012
a15,476,1,1,0.67153466
a15,477,1,1,0.6642145
a15,478,0,1,0.689421
a15,479,0,1,0.7274358
a15,480,0,1,0.73897374
a15,481,0,1,0.7416137
a15,482,0,1,0.7349022
a15,483,0,1,0.71587336
a15,484,1,1,0.72672415
a15,485,1,1,0.7362336
a15,486,1,1,0.6954383
a15,487,1,1,0.58128905
a15,488,1,1,0.6952746
a15,489,1,1,0.69143593
a15,490,1,1,0.67456615
a15,491,1,1,0.67876136
a15,492,1,1,0.672473
a15,493,1,1,0.62766635
a15,494,1,1,0.66791016
a15,495,1,1,0.6905459
a15,496,0,1,0.6800628
a15,497,0,1,0.6820878
a15,498,0,0,0.4502059
a15,499,0,1,0.6803406
a15,500,0,1,0.69708824
a15,501,0,1,0.68384254
a15,502,0,1,0.7218708
a15,503,0,1,0.70834804
a15,504,0,1,0.739305
a15,505,0,1,0.55672836
a15,506,0,1,0.7290363
a15,507,0,1,0.73748934
a15,508,0,1,0.6457096
a15,509,0,1,0.7087322
a16,1,0,1,0.6403403
a16,2,0,1,0.5294773
a16,3,0,1,0.6518259
a16,4,0,0,0.35417286
a16,5,0,0,0.41970137
a16,6,0,1,0.70106345
a16,7,0,1,0.7027997
a16,8,0,1,0.55228376
a16,9,0,1,0.7017286
a16,10,0,0,0.3890122
a16,11,0,1,0.69452834
a16,12,0,0,0.45920655
a16,13,0,0,0.38789943
a16,14,0,1,0.60359985
a16,15,0,1,0.6753804
a16,16,0,1,0.621428
a16,17,0,0,0.3464189
a16,18,0,1,0.5879672
a16,19,0,0,0.4212293
a16,20,0,0,0.40064052
a16,21,0,1,0.6606821
a16,22,0,1,0.5890659
a16,23,0,1,0.51540416
a16,24,0,1,0.5101801
a16,25,0,1,0.50667477
a16,26,0,1,0.6436529
a16,27,0,0,0.3151941
a16,28,0,1,0.5780078
a16,29,0,1,0.68931353
a16,30,0,1,0.7242633
a16,31,0,1,0.6809772
a16,32,0,1,0.7127599
a16,33,0,1,0.76280516
a16,34,0,1,0.6754105
a16,35,0,0,0.3953669
a16,36,0,1,0.69344413
a16,37,0,1,0.700761
a16,38,0,0,0.49625963
a16,39,0,0,0.40367907
a16,40,0,1,0.6718997
a16,41,0,1,0.709542
a16,42,0,1,0.52427435
a16,43,0,1,0.53242767
a16,44,0,1,0.5297612
a16,45,0,1,0.69126797
a16,46,0,0,0.4062553
a16,47,0,0,0.46464944
a16,48,0,1,0.54919803
a16,49,0,1,0.5306172
a16,50,0,1,0.5562368
a16,51,0,1,0.5352561
a16,52,0,1,0.78338724
a16,53,0,0,0.46234265
a16,54,0,0,0.42868206
a16,55,0,1,0.6617023
a16,56,0,1,0.54733163
a16,57,0,1,0.6103353
a16,58,1,1,0.67920333
a16,59,1,1,0.7446829
a16,60,1,1,0.6186246
a16,61,1,0,0.37426358
a16,62,0,1,0.7156392
a16,63,0,1,0.59202796
a16,64,0,1,0.61081654
a16,65,0,0,0.46693018
a16,66,0,1,0.5480024
a16,67,1,1,0.5637023
a16,68,1,1,0.6699982
a16,69,0,1,0.75911665
a16,70,0,1,0.7237889
a16,71,0,1,0.77991986
a16,72,0,1,0.68239963
a16,73,0,0,0.45330545
a16,74,0,0,0.3591927
a16,75,0,0,0.33255064
a16,76,0,0,0.38250986
a16,77,0,1,0.675919
a16,78,0,0,0.3393142
a16,79,0,1,0.54199237
a16,80,0,1,0.6141376
a16,81,1,1,0.50750697
a16,82,1,1,0.5593672
a16,83,1,0,0.46043515
a16,84,1,0,0.362186
a16,85,1,0,0.4553619
a16,86,1,0,0.44178498
a16,87,1,1,0.51846033
a16,88,1,1,0.71343446
a16,89,1,1,0.68095124
a16,90,1,1,0.6812912
a16,91,1,1,0.65616983
a16,92,1,1,0.68358636
a16,93,1,1,0.65926874
a16,94,1,1,0.69038236
a16,95,1,1,0.67409176
a16,96,0,0,0.33751583
a16,97,0,1,0.5318035
a16,98,0,1,0.5435966
a16,99,0,0,0.37720487
a16,100,0,0,0.35569385
a16,101,0,1,0.5381548
a16,102,0,1,0.5946364
a16,103,0,1,0.5045512
a16,104,0,1,0.66495407
a16,105,0,1,0.50079983
a16,106,0,1,0.5228793
a16,107,0,1,0.52933794
a16,108,0,1,0.5461033
a16,109,0,1,0.5373721
a16,110,0,1,0.6301759
a16,111,0,0,0.38932848
a16,112,0,1,0.5403888
a16,113,0,1,0.5697506
a16,114,0,0,0.49735644
a16,115,0,0,0.48958355
a16,116,0,1,0.53147256
a16,117,0,0,0.44605076
a16,118,0,1,0.50830305
a16,119,0,1,0.52674526
a16,120,0,0,0.40375367
a16,121,0,0,0.39415887
a16,122,0,1,0.5315215
a16,123,0,0,0.46750075
a16,124,0,0,0.40511638
a16,125,0,0,0.3496882
a16,126,0,0,0.34983188
a16,127,0,1,0.52612805
a16,128,0,1,0.5249425
a16,129,0,1,0.5295514
a16,130,0,1,0.60805684
a16,131,0,1,0.52742326
a16,132,0,0,0.47821432
a16,133,0,0,0.376545
a16,134,0,0,0.4268892
a16,135,0,1,0.68059325
a16,136,0,1,0.69228643
a16,137,1,0,0.4363761
a16,138,1,0,0.42732707
a16,139,1,1,0.5366839
a16,140,1,0,0.48833257
a16,141,1,0,0.38073525
a16,142,1,1,0.67232203
a16,143,1,1,0.62034565
a16,144,1,0,0.4258526
a16,145,1,0,0.41099876
a16,146,1,1,0.6117315
a16,147,1,1,0.67406017
a16,148,1,1,0.6479958
a16,149,1,1,0.6539067
a16,150,1,1,0.6881785
a16,151,1,1,0.70722884
a16,152,1,1,0.68198526
a16,153,1,1,0.54435253
a16,154,1,1,0.67546296
a16,155,1,1,0.53434646
a16,156,1,1,0.6444493
a16,157,1,1,0.5340026
a16,158,1,1,0.66341966
a16,159,1,1,0.6881368
a16,160,1,0,0.4859192
a16,161,1,1,0.6654808
a16,162,1,1,0.56682855
a16,163,1,1,0.66328716
a16,164,1,1,0.523029
a16,165,1,0,0.48515862
a16,166,1,0,0.4480912
a16,167,1,1,0.72781867
a16,168,1,0,0.36155045
a16,169,1,1,0.5623755
a16,170,1,1,0.6393258
a16,171,1,0,0.4017347
a16,172,1,1,0.728925
a16,173,1,1,0.53542167
a16,174,1,1,0.6268973
a16,175,1,0,0.3758572
a16,176,1,1,0.67647886
a16,177,1,1,0.638843
a16,178,1,1,0.67080903
a16,179,1,1,0.6693881
a16,180,1,0,0.39257583
a16,181,1,1,0.6721898
a16,182,1,1,0.678973
a16,183,1,1,0.5608375
a16,184,1,1,0.63529134
a16,185,1,1,0.71357685
a16,186,1,1,0.64441615
a16,187,1,1,0.6338417
a16,188,1,1,0.6955945
a16,189,1,1,0.728602
a16,190,1,0,0.34319937
a16,191,0,1,0.7748388
a16,192,0,0,0.33678108
a16,193,0,1,0.7979232
a16,194,0,1,0.64356893
a16,195,0,1,0.63267034
a16,196,0,1,0.70593375
a16,197,1,1,0.70811236
a16,198,1,1,0.54057276
a16,199,1,1,0.56105644
a16,200,1,1,0.72656536
a16,201,1,1,0.61710715
a16,202,1,1,0.6632974
a16,203,1,1,0.6763634
a16,204,1,1,0.5406095
a16,205,1,1,0.64097714
a16,206,1,1,0.5232273
a16,207,1,1,0.63915104
a16,208,1,1,0.6311425
a16,209,1,0,0.4375516
a16,210,1,1,0.6173963
a16,211,1,1,0.53935015
a16,212,1,1,0.6648522
a16,213,1,1,0.7261257
a16,214,1,1,0.5921071
a16,215,1,1,0.5487202
a16,216,1,1,0.57877445
a16,217,1,1,0.67533207
a16,218,1,1,0.6201831
a16,219,1,1,0.63591427
a16,220,1,1,0.6193941
a16,221,1,1,0.6861709
a16,222,1,1,0.6130438
a16,223,1,1,0.5316974
a16,224,1,1,0.7019523
a16,225,1,1,0.6134135
a16,226,1,1,0.5918116
a16,227,1,1,0.6539919
a16,228,1,1,0.6924817
a16,229,1,1,0.682055
a16,230,1,1,0.6075401
a16,231,1,1,0.6531511
a16,232,1,1,0.7020688
a16,233,1,1,0.5311579
a16,234,1,1,0.69944376
a16,235,1,0,0.48869216
a16,236,1,1,0.51738966
a16,237,1,1,0.68707865
a16,238,1,1,0.66805065
a16,239,1,1,0.6255356
a16,240,1,1,0.691691
a16,241,1,1,0.5730414
a16,242,1,1,0.62799513
a16,243,1,1,0.71055233
a16,244,1,1,0.66969585
a16,245,1,1,0.6377649
a16,246,1,1,0.5318491
a16,247,1,1,0.6274083
a16,248,1,1,0.63701683
a16,249,1,1,0.51958644
a16,250,1,1,0.60436916
a16,251,1,1,0.62153447
a16,252,1,1,0.6547926
a16,253,1,1,0.643299
a16,254,1,1,0.6650124
a16,255,1,1,0.5300959
a16,256,1,0,0.46707225
a16,257,1,1,0.68230265
a16,258,1,1,0.67642677
a16,259,1,1,0.72551066
a16,260,1,1,0.56324345
a16,261,1,1,0.6154567
a16,262,1,1,0.6825535
a16,263,1,1,0.6780171
a16,264,1,1,0.66076976
a16,265,1,0,0.4619305
a16,266,1,1,0.66939825
a16,267,1,1,0.6105942
a16,268,1,1,0.5847126
a16,269,1,1,0.6704423
a16,270,1,1,0.5586846
a16,271,1,1,0.5481724
a16,272,1,1,0.54914767
a16,273,1,1,0.5474418
a16,274,1,0,0.4743731
a16,275,1,1,0.6005934
a16,276,1,0,0.42358235
a16,277,1,0,0.36483344
a16,278,1,1,0.5694508
a16,279,1,0,0.3824863
a16,280,1,1,0.62008435
a16,281,1,0,0.42460075
a16,282,1,1,0.68549323
a16,283,1,1,0.725129
a16,284,1,1,0.74119765
a16,285,1,1,0.7449088
a16,286,1,1,0.6791763
a16,287,1,1,0.55137473
a16,288,1,0,0.38492543
a16,289,1,1,0.52526873
a16,290,1,0,0.4837723
a16,291,1,1,0.6870146
a16,292,1,1,0.731254
a16,293,1,1,0.69082385
a16,294,1,1,0.7121418
a16,295,1,0,0.42964733
a16,296,0,1,0.6478212
a16,297,0,0,0.42225358
a16,298,0,1,0.5463997
a16,299,0,0,0.44532728
a16,300,0,0,0.36325994
a16,301,0,0,0.35939398
a16,302,0,0,0.3618335
a16,303,0,1,0.5268347
a16,304,0,0,0.37947342
a16,305,0,0,0.3196222
a16,306,0,0,0.3402081
a16,307,0,1,0.5651415
a16,308,0,1,0.5355669
a16,309,0,0,0.41630718
a16,310,1,1,0.68804693
a16,311,1,0,0.44635755
a16,312,1,1,0.64989245
a16,313,1,1,0.70885086
a16,314,1,1,0.6788878
a16,315,1,1,0.5349143
a16,316,1,0,0.38745227
a16,317,0,1,0.5300912
a16,318,0,1,0.5380633
a16,319,0,1,0.52515227
a16,320,1,1,0.6334646
a16,321,1,1,0.688258
a16,322,1,1,0.5261668
a16,323,1,1,0.5349037
a16,324,1,1,0.6602424
a16,325,1,0,0.43717918
a16,326,0,0,0.45552868
a16,327,0,0,0.43031028
a16,328,1,1,0.6300853
a16,329,1,1,0.675156
a16,330,1,1,0.6105593
a16,331,1,1,0.6868321
a16,332,1,1,0.6757228
a16,333,1,1,0.67163306
a16,334,1,1,0.54584074
a16,335,1,1,0.5745761
a16,336,1,1,0.54959685
a16,337,1,1,0.67638946
a16,338,1,1,0.70975
a16,339,1,0,0.4137098
a16,340,1,1,0.68075114
a16,341,1,1,0.555106
a16,342,1,1,0.6280336
a16,343,1,1,0.667415
a16,344,1,1,0.57803255
a16,345,1,1,0.68038696
a16,346,1,1,0.54663754
a16,347,1,1,0.6170212
a16,348,1,1,0.68038344
a16,349,1,1,0.53017163
a16,350,1,1,0.52133983
a16,351,1,1,0.5573706
a16,352,1,1,0.6758175
a16,353,1,1,0.5324637
a16,354,1,1,0.602816
a16,355,1,1,0.60548985
a16,356,1,1,0.6786007
a16,357,1,1,0.57635653
a16,358,1,1,0.53770083
a16,359,1,0,0.48073563
a16,360,1,1,0.6829432
a16,361,1,1,0.68306637
a16,362,1,0,0.36853197
a16,363,1,1,0.72634614
a16,364,1,0,0.48331943
a16,365,1,0,0.3535632
a16,366,0,1,0.53734154
a16,367,1,1,0.68928653
a16,368,1,1,0.6814609
a16,369,1,1,0.7456054
a16,370,1,0,0.36132094
a16,371,1,1,0.6662205
a16,372,1,1,0.5961648
a16,373,1,1,0.67507553
a16,374,1,1,0.516102
a16,375,1,0,0.43615404
a16,376,1,1,0.5703899
a16,377,1,0,0.49119008
a16,378,1,1,0.68584806
a16,379,1,1,0.5146808
a16,380,0,1,0.6040325
a16,381,1,0,0.4073342
a16,382,1,1,0.6557925
a16,383,1,1,0.6815352
a16,384,1,1,0.688988
a16,385,1,1,0.69213015
a16,386,1,1,0.67631745
a16,387,1,1,0.6819389
a16,388,1,1,0.6270903
a16,389,1,0,0.482151
a16,390,1,0,0.46704492
a16,391,1,1,0.610727
a16,392,1,1,0.623079
a16,393,1,1,0.5145845
a16,394,1,1,0.6646979
a16,395,1,1,0.5606845
a16,396,1,1,0.6324789
a16,397,1,1,0.64031
a16,398,1,1,0.67483306
a16,399,1,1,0.522684
a16,400,1,1,0.6986735
a16,401,1,0,0.48127976
a16,402,1,1,0.63303334
a16,403,1,1,0.5614952
a16,404,1,1,0.59822935
a16,405,1,0,0.46613038
a16,406,1,1,0.53543097
a16,407,1,1,0.64332306
a16,408,1,1,0.5736496
a16,409,1,1,0.62967557
a16,410,1,1,0.5999303
a16,411,1,1,0.5375133
a16,412,1,1,0.5261243
a16,413,1,1,0.6367225
a16,414,1,1,0.63354164
a16,415,1,1,0.6105251
a16,416,1,1,0.5203235
a16,417,1,1,0.5374636
a16,418,1,1,0.59881425
a16,419,1,1,0.53984624
a16,420,1,1,0.5143983
a16,421,1,1,0.6075347
a16,422,1,0,0.48605606
a16,423,1,1,0.66097933
a16,424,1,1,0.5410974
a16,425,1,1,0.5651417
a16,426,1,1,0.6870085
a16,427,1,1,0.67629206
a16,428,1,1,0.51411974
a16,429,1,0,0.4398798
a16,430,1,0,0.47185606
a16,431,1,0,0.40292543
a16,432,1,1,0.5257499
a16,433,1,1,0.57435447
a16,434,1,1,0.5580624
a16,435,1,1,0.54059374
a16,436,1,1,0.6773755
a16,437,1,1,0.67813456
a16,438,1,1,0.5426984
a16,439,1,1,0.53105396
a16,440,1,1,0.5919998
a16,441,1,1,0.5239864
a16,442,1,1,0.68312615
a16,443,1,1,0.68344045
a16,444,1,1,0.60265887
a16,445,1,1,0.5273133
a16,446,1,1,0.5126678
a16,447,1,1,0.57521874
a16,448,1,1,0.6541609
a16,449,1,1,0.5538604
a16,450,1,0,0.4953032
a16,451,1,1,0.5155166
a16,452,1,0,0.36920565
a16,453,1,1,0.71167064
a16,454,0,1,0.64872855
a16,455,0,1,0.63848954
a16,456,0,1,0.59479123
a16,457,0,1,0.56489545
a16,458,0,1,0.73065794
a16,459,0,1,0.7984932
a16,460,0,1,0.6546243
a16,461,0,1,0.67795146
a16,462,1,1,0.56944
a16,463,1,1,0.7027663
a16,464,1,1,0.6855534
a16,465,0,1,0.6927058
a16,466,0,1,0.670674
a16,467,0,1,0.5917667
a16,468,0,1,0.6745922
a16,469,0,1,0.68195236
a16,470,0,0,0.44836888
a16,471,1,1,0.7837128
a16,472,1,1,0.75753593
a16,473,1,1,0.79760665
a16,474,1,1,0.57638556
a16,475,0,1,0.67918956
a16,476,0,1,0.6823136
a16,477,0,1,0.7009179
a16,478,1,1,0.52425545
a16,479,1,1,0.69422495
a16,480,0,1,0.7191624
a16,481,0,1,0.5595825
a17,1,0,1,0.53179973
a17,2,0,0,0.4778236
a17,3,0,0,0.49355918
a17,4,0,0,0.49085298
a17,5,0,1,0.53151864
a17,6,0,1,0.65234596
a17,7,0,1,0.6485702
a17,8,0,0,0.43462533
a17,9,0,0,0.4707794
a17,10,0,0,0.41115507
a17,11,0,1,0.5053479
a17,12,0,0,0.48994386
a17,13,0,1,0.50687736
a17,14,0,1,0.6582919
a17,15,0,1,0.5286945
a17,16,0,0,0.47947922
a17,17,0,1,0.53481555
a17,18,0,0,0.43371245
a17,19,0,1,0.509893
a17,20,0,0,0.49352244
a17,21,0,0,0.47874412
a17,22,0,0,0.45457736
a17,23,0,1,0.52843195
a17,24,0,0,0.47813603
a17,25,0,0,0.47213385
a17,26,0,0,0.4956997
a17,27,0,1,0.67304295
a17,28,0,1,0.5291812
a17,29,0,0,0.4203288
a17,30,0,0,0.39193124
a17,31,0,1,0.54240304
a17,32,0,1,0.6509416
a17,33,0,0,0.49491882
a17,34,0,0,0.41200083
a17,35,0,0,0.4439351
a17,36,0,0,0.39976782
a17,37,0,0,0.47067314
a17,38,0,0,0.42342624
a17,39,0,1,0.5359757
a17,40,0,0,0.4297942
a17,41,0,0,0.41901508
a17,42,0,1,0.52905947
a17,43,0,1,0.6247876
a17,44,0,0,0.4320287
a17,45,0,0,0.43386284
a17,46,0,0,0.4655447
a17,47,0,1,0.5301221
a17,48,0,1,0.65363616
a17,49,0,1,0.60559803
a17,50,0,0,0.47440234
a17,51,0,0,0.49312067
a17,52,0,1,0.56660444
a17,53,0,1,0.5335397
a17,54,0,0,0.42347667
a17,55,0,0,0.4522063
a17,56,1,1,0.5355663
a17,57,1,1,0.60333323
a17,58,1,1,0.5336164
a17,59,1,1,0.56602347
a17,60,1,0,0.46607956
a17,61,1,1,0.5019331
a17,62,1,1,0.5893116
a17,63,1,1,0.53515536
a17,64,1,0,0.4411465
a17,65,1,1,0.564757
a17,66,1,1,0.50763977
a17,67,1,1,0.51781404
a17,68,1,0,0.48195323
a17,69,1,1,0.6739376
a17,70,1,1,0.56474364
a17,71,1,1,0.6520726
a17,72,1,1,0.5289037
a17,73,1,1,0.5577846
a17,74,1,1,0.532498
a17,75,1,1,0.55110127
a17,76,1,1,0.56268543
a17,77,1,1,0.6318522
a17,78,1,1,0.60450685
a17,79,1,1,0.57800275
a17,80,1,1,0.6009734
a17,81,1,1,0.5650624
a17,82,1,0,0.43942347
a17,83,0,0,0.3892779
a17,84,0,0,0.4490374
a17,85,0,0,0.42328638
a17,86,0,0,0.4074621
a17,87,0,0,0.46278483
a17,88,0,0,0.40470165
a17,89,0,0,0.46525258
a17,90,1,1,0.5312576
a17,91,1,0,0.40410855
a17,92,0,0,0.41079557
a17,93,0,0,0.3843498
a17,94,0,0,0.39067253
a17,95,0,0,0.38990223
a17,96,0,0,0.39236197
a17,97,1,1,0.53006387
a17,98,1,1,0.51949435
a17,99,1,1,0.64307326
a17,100,1,1,0.6536919
a17,101,1,0,0.4274979
a17,102,0,0,0.43231463
a17,103,0,0,0.39783087
a17,104,0,0,0.40211427
a17,105,0,0,0.438782
a17,106,0,0,0.40165222
a17,107,0,0,0.408064
a17,108,0,0,0.46048525
a17,109,0,0,0.39363524
a17,110,0,0,0.40764457
a17,111,0,0,0.41853127
a17,112,0,0,0.4179504
a17,113,0,0,0.41865924
a17,114,0,0,0.38848087
a17,115,0,0,0.37915415
a17,116,0,0,0.3921693
a17,117,0,0,0.3791105
a17,118,0,0,0.3910362
a17,119,0,1,0.5304464
a17,120,1,1,0.5599134
a17,121,1,1,0.54508895
a17,122,1,1,0.57460135
a17,123,1,1,0.62681323
a17,124,1,1,0.6730748
a17,125,1,1,0.64998764
a17,126,1,1,0.6676157
a17,127,1,1,0.6802311
a17,128,1,1,0.6753136
a17,129,1,1,0.66504383
a17,130,1,1,0.6761259
a17,131,1,1,0.6690121
a17,132,1,1,0.6614697
a17,133,1,1,0.5816198
a17,134,1,1,0.6629778
a17,135,1,1,0.52965814
a17,136,1,1,0.53217924
a17,137,1,1,0.5723804
a17,138,1,1,0.667417
a17,139,1,0,0.4216342
a17,140,1,1,0.50207174
a17,141,1,0,0.38519135
a17,142,0,0,0.37825856
a17,143,0,0,0.37849295
a17,144,0,0,0.4875262
a17,145,1,1,0.5790884
a17,146,1,1,0.6752403
a17,147,1,1,0.5311833
a17,148,1,1,0.63794434
a17,149,1,1,0.6827081
a17,150,1,1,0.664027
a17,151,1,1,0.66381896
a17,152,1,1,0.67177504
a17,153,1,1,0.5331236
a17,154,1,1,0.6913163
a17,155,1,1,0.56123424
a17,156,1,1,0.67512923
a17,157,1,1,0.7476498
a17,158,1,1,0.6879088
a17,159,1,0,0.4442379
a17,160,0,1,0.5825518
a17,161,1,1,0.66947013
a17,162,1,1,0.52742964
a17,163,1,1,0.63855284
a17,164,1,1,0.6058292
a17,165,1,1,0.64836484
a17,166,0,0,0.4480487
a17,167,0,1,0.62956667
a17,168,0,0,0.41009003
a17,169,0,0,0.42554843
a17,170,0,0,0.40094155
a17,171,0,0,0.49863616
a17,172,0,1,0.5369817
a17,173,0,0,0.45228028
a17,174,0,0,0.40607965
a17,175,0,0,0.46780467
a17,176,0,1,0.53120637
a17,177,0,0,0.4361407
a17,178,0,1,0.5304029
a17,179,0,0,0.39608604
a17,180,0,1,0.59194523
a17,181,0,1,0.5950046
a17,182,0,0,0.42324153
a17,183,0,0,0.4669841
a17,184,0,0,0.4038672
a17,185,0,0,0.4042648
a17,186,0,1,0.6083374
a17,187,0,0,0.46600837
a17,188,0,1,0.6102818
a17,189,0,0,0.40359995
a17,190,0,1,0.5942682
a17,191,0,1,0.52877825
a17,192,0,1,0.5067084
a17,193,0,1,0.52868384
a17,194,0,1,0.51885945
a17,195,0,0,0.45950386
a17,196,0,1,0.57327473
a17,197,0,0,0.48873237
a17,198,0,1,0.53362787
a17,199,1,1,0.5843149
a17,200,1,1,0.5313011
a17,201,1,1,0.53874785
a17,202,1,1,0.5019198
a17,203,1,1,0.54029673
a17,204,1,0,0.4400982
a17,205,1,1,0.6424062
a17,206,1,1,0.62940985
a17,207,1,1,0.5414925
a17,208,1,0,0.40279514
a17,209,1,0,0.40094268
a17,210,0,1,0.50127405
a17,211,0,1,0.5325841
a17,212,0,1,0.51386213
a17,213,0,0,0.39871758
a17,214,0,0,0.40690625
a17,215,0,0,0.42622468
a17,216,0,1,0.5459767
a17,217,0,0,0.40340152
a17,218,0,0,0.45187834
a17,219,0,0,0.4436142
a17,220,0,0,0.44153413
a17,221,0,0,0.41640365
a17,222,0,0,0.44368225
a17,223,0,0,0.413492
a17,224,0,0,0.4257481
a17,225,0,1,0.5276414
a17,226,0,0,0.47471353
a17,227,0,1,0.5264152
a17,228,0,1,0.5213947
a17,229,1,0,0.45092764
a17,230,1,1,0.5302745
a17,231,1,0,0.48832864
a17,232,1,1,0.5343244
a17,233,1,1,0.5640911
a17,234,1,0,0.45071295
a17,235,1,0,0.45631146
a17,236,1,0,0.46056443
a17,237,1,0,0.40431944
a17,238,1,0,0.41668427
a17,239,1,1,0.52576524
a17,240,1,0,0.43202096
a17,241,1,0,0.419666
a17,242,1,0,0.43204296
a17,243,1,0,0.40396515
a17,244,0,0,0.38458964
a17,245,0,0,0.37713337
a17,246,0,0,0.37888536
a17,247,0,0,0.38005614
a17,248,0,0,0.3880706
a17,249,0,0,0.38119072
a17,250,0,0,0.39010495
a17,251,0,0,0.37653452
a17,252,0,0,0.38268763
a17,253,0,0,0.38626036
a17,254,0,0,0.3806384
a17,255,0,0,0.3832259
a17,256,0,0,0.37805972
a17,257,0,0,0.37972736
a17,258,0,0,0.4173147
a17,259,0,0,0.37628037
a17,260,0,0,0.38009366
a17,261,0,1,0.5747813
a17,262,0,1,0.5282794
a17,263,0,1,0.5934151
a17,264,1,1,0.5305291
a17,265,1,1,0.6677919
a17,266,1,0,0.4453072
a17,267,1,1,0.5950138
a17,268,1,1,0.5327303
a17,269,1,1,0.54746526
a17,270,1,1,0.5311973
a17,271,1,0,0.4809922
a17,272,1,1,0.533853
a17,273,1,1,0.5291293
a17,274,1,0,0.4348957
a17,275,1,1,0.5884592
a17,276,1,1,0.50151247
a17,277,1,1,0.594446
a17,278,1,1,0.5627189
a17,279,1,1,0.5357191
a17,280,1,1,0.5954606
a17,281,1,1,0.5710113
a17,282,1,0,0.45525527
a17,283,1,1,0.5642887
a17,284,1,1,0.66897446
a17,285,1,1,0.6465962
a17,286,1,1,0.53176385
a17,287,1,1,0.65277815
a17,288,1,1,0.53265905
a17,289,1,1,0.5271899
a17,290,1,1,0.5347393
a17,291,1,1,0.66276765
a17,292,1,1,0.57925874
a17,293,1,1,0.6639774
a17,294,1,1,0.60503215
a17,295,1,1,0.5213244
a17,296,1,1,0.5288503
a17,297,1,1,0.63956624
a17,298,1,0,0.3995536
a17,299,0,0,0.3947831
a17,300,0,1,0.55763763
a17,301,0,0,0.42382783
a17,302,0,1,0.5255688
a17,303,0,0,0.3923856
a17,304,0,1,0.5260006
a17,305,0,0,0.41717649
a17,306,0,0,0.48108092
a17,307,0,1,0.6464024
a17,308,0,1,0.531564
a17,309,0,1,0.5959274
a17,310,0,1,0.52609324
a17,311,0,1,0.64061046
a17,312,0,0,0.4958124
a17,313,0,1,0.66843617
a17,314,0,0,0.4608585
a17,315,0,1,0.5265493
a17,316,1,0,0.46139452
a17,317,0,0,0.42841426
a17,318,0,1,0.58172125
a17,319,0,0,0.49931893
a17,320,0,1,0.5359025
a17,321,0,0,0.38011998
a17,322,0,0,0.46382365
a17,323,0,0,0.42295063
a17,324,0,1,0.510091
a17,325,0,0,0.3853877
a17,326,0,0,0.43169734
a17,327,0,0,0.38563362
a17,328,0,0,0.41847268
a17,329,0,0,0.40643603
a17,330,0,1,0.61885804
a17,331,0,0,0.48618224
a17,332,0,0,0.4028686
a17,333,0,0,0.44073284
a17,334,0,1,0.53689265
a17,335,0,1,0.54513216
a17,336,0,0,0.38607243
a17,337,0,0,0.47465262
a17,338,0,0,0.38149315
a17,339,0,0,0.38921183
a17,340,0,0,0.380217
a17,341,0,0,0.3937144
a17,342,0,0,0.39244637
a17,343,0,0,0.3849403
a17,344,0,0,0.38492072
a17,345,0,1,0.6051499
a17,346,0,0,0.38191184
a17,347,0,0,0.40067238
a17,348,0,0,0.38727483
a17,349,0,0,0.39329883
a17,350,0,0,0.387405
a17,351,0,0,0.38766956
a17,352,0,0,0.38393217
a17,353,0,0,0.38473833
a17,354,0,0,0.38702545
a17,355,0,0,0.39652467
a17,356,0,0,0.3932803
a17,357,0,0,0.3799768
a17,358,0,0,0.38556778
a17,359,0,0,0.37632275
a17,360,0,0,0.39153817
a17,361,0,0,0.39143825
a17,362,0,0,0.40286252
a17,363,0,0,0.3944473
a17,364,0,1,0.52641016
a17,367,1,1,0.5309875
a17,368,1,0,0.39812574
a17,369,1,0,0.40256506
a17,370,1,0,0.49495953
a17,371,1,1,0.56282926
a17,372,1,0,0.48606935
a17,373,0,0,0.39930746
a17,374,0,1,0.5627038
a17,375,0,1,0.5321706
a17,376,0,0,0.4215009
a17,377,0,0,0.38474783
a17,378,0,0,0.3899066
a17,379,0,0,0.40107328
a17,380,0,1,0.56052446
a17,381,1,1,0.53332055
a17,382,1,1,0.53402686
a17,383,1,0,0.416238
a17,384,0,0,0.37273294
a17,385,0,0,0.4033143
a17,386,0,0,0.4963734
a17,387,0,0,0.43740436
a17,388,0,0,0.46705756
a17,389,0,1,0.52056265
a17,390,0,0,0.45892903
a17,391,0,0,0.39654887
a17,392,0,0,0.4086433
a17,393,1,0,0.4198415
a17,394,1,0,0.41620493
a17,395,1,0,0.47129288
a17,396,1,0,0.39753875
a17,397,1,0,0.41451147
a17,398,1,0,0.42117414
a17,399,1,0,0.44224885
a17,400,1,0,0.40284565
a17,401,0,0,0.38273144
a17,402,0,0,0.4036029
a17,403,0,0,0.40759975
a17,404,0,0,0.40211943
a17,405,0,0,0.48288274
a17,406,0,0,0.39184955
a17,407,0,0,0.39480793
a17,408,0,0,0.39187607
a17,409,0,0,0.40430602
a17,410,0,0,0.20375875
a17,411,0,0,0.38801998
a17,412,0,1,0.5276155
a17,413,0,0,0.4366921
a17,414,0,1,0.524899
a17,415,0,0,0.38545826
a17,416,0,0,0.4622423
a17,417,0,0,0.39812565
a17,418,0,0,0.38901812
a17,419,0,0,0.39746246
a17,420,0,0,0.43942153
a17,421,0,0,0.46110752
a17,422,0,0,0.25666308
a17,423,0,0,0.41570923
a17,424,0,1,0.62136555
a17,425,0,0,0.45992675
a17,426,0,1,0.544641
a17,427,0,1,0.5142852
a17,428,0,0,0.4261662
a17,429,0,0,0.40548214
a17,430,0,0,0.41187322
a17,431,0,0,0.4641411
a17,432,0,0,0.3924503
a17,433,0,0,0.3862968
a17,434,0,1,0.5081228
a17,435,0,0,0.4241237
a17,436,0,0,0.3969708
a17,437,0,0,0.43696225
a17,438,0,0,0.38853806
a17,439,0,0,0.44730902
a17,440,0,0,0.42182314
a17,441,0,0,0.40574133
a17,442,0,0,0.45326236
a17,443,0,0,0.39759165
a17,444,0,0,0.4112986
a17,445,0,1,0.5423068
a17,446,0,0,0.43227726
a17,447,0,0,0.4175451
a17,448,0,0,0.39410076
a17,449,0,0,0.43646875
a17,450,0,0,0.4199987
a17,451,0,0,0.4384247
a17,452,0,0,0.39044437
a17,453,0,0,0.4076231
a17,454,0,0,0.40434417
a17,455,0,0,0.39029074
a17,456,0,0,0.38555393
a17,457,0,0,0.40770766
a17,458,0,0,0.4077861
a17,459,0,0,0.3842583
a17,460,0,0,0.4459547
a17,461,0,0,0.42889434
a17,462,1,0,0.42603132
a17,463,0,1,0.55073255
a17,464,0,0,0.41395947
a17,465,0,0,0.39877376
a17,466,0,0,0.4006475
a17,467,0,0,0.390477
a17,468,0,0,0.38301215
a17,469,0,0,0.38871583
a17,470,0,0,0.39392573
a17,471,0,0,0.4126879
a17,472,0,0,0.3920596
a17,473,0,0,0.38546956
a17,474,0,0,0.48952124
a17,475,0,1,0.5044108
a17,476,0,0,0.38005894
a17,477,0,0,0.38750443
a17,478,0,0,0.4369286
a17,479,0,0,0.39486104
a17,480,0,0,0.3815546
a17,481,0,0,0.4080167
a17,482,0,0,0.41340902
a17,483,0,0,0.39793345
a17,484,0,0,0.4034763
a18,1,0,0,0.37737957
a18,2,0,1,0.7035995
a18,3,0,1,0.840968
a18,4,0,1,0.51701367
a18,5,0,0,0.23751123
a18,6,0,1,0.69512504
a18,7,0,0,0.26942796
a18,8,0,1,0.5599123
a18,9,0,0,0.43432644
a18,10,0,1,0.6083431
a18,11,0,0,0.38562867
a18,12,0,0,0.24756064
a18,13,0,0,0.26139465
a18,14,0,1,0.71889335
a18,15,0,0,0.319684
a18,16,0,1,0.762879
a18,17,0,1,0.81356907
a18,18,0,0,0.33082533
a18,19,0,0,0.3315894
a18,20,0,1,0.56873614
a18,21,0,0,0.38602164
a18,22,0,0,0.3298928
a18,23,0,0,0.31724396
a18,24,0,0,0.25264472
a18,25,0,1,0.69561553
a18,26,0,1,0.68577665
a18,27,0,0,0.25093246
a18,28,0,1,0.6173303
a18,29,0,1,0.5230025
a18,30,0,0,0.25636393
a18,31,0,1,0.5311391
a18,32,0,1,0.5284377
a18,33,1,0,0.40296355
a18,34,1,1,0.60177183
a18,35,1,1,0.6513182
a18,36,1,0,0.43789604
a18,37,1,0,0.3633397
a18,38,1,0,0.25080892
a18,39,1,1,0.53627443
a18,40,1,1,0.51760036
a18,41,1,0,0.45637465
a18,42,1,0,0.26045915
a18,43,1,1,0.6122214
a18,44,1,0,0.25406244
a18,45,1,1,0.6551839
a18,46,1,1,0.6682429
a18,47,1,1,0.52588356
a18,48,1,0,0.26184565
a18,49,1,1,0.60337526
a18,50,1,1,0.5234274
a18,51,1,1,0.55486137
a18,52,1,0,0.44513953
a18,53,1,0,0.40370005
a18,54,1,1,0.6837268
a18,55,1,1,0.6743788
a18,56,1,0,0.30823705
a18,57,1,1,0.5216946
a18,58,1,1,0.54546434
a18,59,1,1,0.59827006
a18,60,1,1,0.5564904
a18,61,1,1,0.6407824
a18,62,1,0,0.32115057
a18,63,1,1,0.51383996
a18,64,1,0,0.39989778
a18,65,1,1,0.6537675
a18,66,1,0,0.42896023
a18,67,1,0,0.26511008
a18,68,1,0,0.4268373
a18,69,1,0,0.46864215
a18,70,1,0,0.47932696
a18,71,1,0,0.36838323
a18,72,1,0,0.4879299
a18,73,1,0,0.3513526
a18,74,1,1,0.5233291
a18,75,1,0,0.47714576
a18,76,1,0,0.40184665
a18,77,1,0,0.3548291
a18,78,1,1,0.52164906
a18,79,1,0,0.3763959
a18,80,1,0,0.27232108
a18,81,1,1,0.52713424
a18,82,1,1,0.55382603
a18,83,1,1,0.685642
a18,84,1,1,0.5359619
a18,85,1,1,0.5254246
a18,86,1,1,0.6489149
a18,87,1,1,0.5092602
a18,88,1,0,0.41847965
a18,89,1,0,0.3744209
a18,90,1,1,0.66452515
a18,91,1,1,0.5234893
a18,92,1,1,0.52977633
a18,93,1,0,0.34799525
a18,94,1,0,0.34967464
a18,95,1,0,0.39283317
a18,96,1,0,0.39391422
a18,97,1,1,0.6816362
a18,98,1,1,0.5402658
a18,99,1,1,0.693131
a18,100,1,0,0.40123585
a18,101,1,1,0.527329
a18,102,1,0,0.3393379
a18,103,1,0,0.3710884
a18,104,1,0,0.37947923
a18,105,1,1,0.51754564
a18,106,1,1,0.6581714
a18,107,1,0,0.35908544
a18,108,1,1,0.66841453
a18,109,1,0,0.35279244
a18,110,1,1,0.69668806
a18,111,1,1,0.52342266
a18,112,1,1,0.56593627
a18,113,1,1,0.57753444
a18,114,1,0,0.2538186
a18,115,1,1,0.6312968
a18,116,1,0,0.45170596
a18,117,1,0,0.3863936
a18,118,1,1,0.65511227
a18,119,1,0,0.24966072
a18,120,1,1,0.5374078
a18,121,1,0,0.40155348
a18,122,1,1,0.5665578
a18,123,1,1,0.5746376
a18,124,1,1,0.61437935
a18,125,1,0,0.2587763
a18,126,1,1,0.5015823
a18,127,1,0,0.39070532
a18,128,1,1,0.5236825
a18,129,1,1,0.69808453
a18,130,1,1,0.64078057
a18,131,1,1,0.6863044
a18,132,1,1,0.5587546
a18,133,1,1,0.7489424
a18,134,1,0,0.38503796
a18,135,1,1,0.5312656
a18,136,1,1,0.5198896
a18,137,1,1,0.5185424
a18,138,1,1,0.68871534
a18,139,1,1,0.8437115
a18,140,1,1,0.5193161
a18,141,1,1,0.544846
a18,142,1,0,0.44267952
a18,143,1,1,0.6515546
a18,144,1,1,0.7670723
a18,145,1,1,0.5167147
a18,146,1,0,0.4063912
a18,147,1,1,0.6271898
a18,148,1,1,0.58948725
a18,149,1,1,0.7866359
a18,150,1,1,0.6617971
a18,151,1,1,0.65102166
a18,152,1,0,0.32785967
a18,153,1,0,0.4339671
a18,154,1,1,0.6787837
a18,155,1,1,0.5373271
a18,156,1,1,0.5848178
a18,157,1,1,0.6798415
a18,158,1,1,0.527557
a18,159,1,1,0.68761027
a18,160,1,0,0.3881442
a18,161,1,1,0.50189656
a18,162,1,1,0.69119287
a18,163,1,1,0.5507333
a18,164,1,1,0.67041856
a18,165,1,0,0.25645757
a18,166,1,0,0.38712394
a18,167,1,0,0.32804984
a18,168,1,1,0.530257
a18,169,1,1,0.5247525
a18,170,0,1,0.80939204
a18,171,0,0,0.33609837
a18,172,0,1,0.7959357
a18,173,0,0,0.34718448
a18,174,0,1,0.7961421
a18,175,0,1,0.58822656
a18,176,0,1,0.60486263
a18,177,0,1,0.5185705
a18,178,0,1,0.75142163
a18,179,0,1,0.69836044
a18,180,1,0,0.35428604
a18,181,1,0,0.24806204
a18,182,1,0,0.49260464
a18,183,1,1,0.7198396
a18,184,1,1,0.70097566
a18,185,1,1,0.7326246
a18,186,1,1,0.6598156
a18,187,0,1,0.67985
a18,188,0,1,0.5103193
a18,189,0,1,0.67450947
a18,190,1,1,0.5292338
a18,191,1,1,0.55577326
a18,192,1,0,0.4120997
a18,193,1,0,0.45549
a18,194,1,0,0.25340566
a18,195,0,1,0.50914437
a18,196,1,1,0.6769761
a18,197,1,0,0.2549292
a18,198,1,0,0.24976198
a18,199,1,1,0.7443341
a18,200,1,1,0.6246439
a18,201,1,0,0.44138253
a18,202,1,1,0.6236648
a18,203,1,0,0.3466567
a18,204,1,0,0.48877347
a18,205,1,0,0.31153673
a18,206,1,0,0.3973363
a18,207,1,0,0.35318515
a18,208,1,0,0.4330376
a18,209,1,0,0.36445487
a18,210,1,0,0.43034852
a18,211,1,0,0.32870418
a18,212,1,1,0.52324927
a18,213,1,0,0.36279026
a18,214,1,0,0.34407976
a18,215,1,0,0.40853024
a18,216,1,0,0.383929
a18,217,1,0,0.43740037
a18,218,1,0,0.35357946
a18,219,1,0,0.35756582
a18,220,1,0,0.48431873
a18,221,1,0,0.2521636
a18,222,1,1,0.5166609
a18,223,1,1,0.6884431
a18,224,1,1,0.6443421
a18,225,1,0,0.42550638
a18,226,0,0,0.31044307
a18,227,0,0,0.34345347
a18,228,1,1,0.5347178
a18,229,1,0,0.4279949
a18,230,0,0,0.46025088
a18,231,0,0,0.2570727
a18,232,1,0,0.3381389
a18,233,1,0,0.36376214
a18,234,1,0,0.42779014
a18,235,1,1,0.6017392
a18,236,1,0,0.39187366
a18,237,1,0,0.42134893
a18,238,1,0,0.4151982
a18,239,1,1,0.53140396
a18,240,1,1,0.5194444
a18,241,1,1,0.53203195
a18,242,1,0,0.4002054
a18,243,1,1,0.52707636
a18,244,1,0,0.46374002
a18,245,1,1,0.66503763
a18,246,1,0,0.25409096
a18,247,1,0,0.45662573
a18,248,1,1,0.55894566
a18,249,1,0,0.34291935
a18,250,1,1,0.5191807
a18,251,1,0,0.38980463
a18,252,1,0,0.3430393
a18,253,1,0,0.40080756
a18,254,1,1,0.65389985
a18,255,1,0,0.40316835
a18,256,1,0,0.39752147
a18,257,1,1,0.67203563
a18,258,1,1,0.66075623
a18,259,1,1,0.53371793
a18,260,1,0,0.38907784
a18,261,1,1,0.51237106
a18,262,1,0,0.3491186
a18,263,1,0,0.3887243
a18,264,1,1,0.7055346
a18,265,1,0,0.4274037
a18,266,1,1,0.65431976
a18,267,1,1,0.5225656
a18,268,1,1,0.7197796
a18,269,1,1,0.7356502
a18,270,1,0,0.26668888
a18,271,1,1,0.7514197
a18,272,1,1,0.6119831
a18,273,1,1,0.5620288
a18,274,1,0,0.36146986
a18,275,1,1,0.68592757
a18,276,1,1,0.6458194
a18,277,1,1,0.6875659
a18,278,1,1,0.52325267
a18,279,1,1,0.51239026
a18,280,1,1,0.5532419
a18,281,1,0,0.34103808
a18,282,1,1,0.644768
a18,283,1,1,0.67874616
a18,284,1,1,0.562776
a18,285,1,1,0.7044573
a18,286,1,1,0.6732324
a18,287,1,1,0.7197798
a18,288,1,1,0.8436178
a18,289,1,0,0.4590678
a18,290,1,1,0.5191243
a18,291,1,0,0.40313208
a18,292,1,0,0.475928
a18,293,1,1,0.55951893
a18,294,1,1,0.5570843
a18,295,1,1,0.6097594
a18,296,1,1,0.5205546
a18,297,1,1,0.6858067
a18,298,1,1,0.52951497
a18,299,1,1,0.6916826
a18,300,1,1,0.5166539
a18,301,1,1,0.5176006
a18,302,1,1,0.7319857
a18,303,1,0,0.48364535
a18,304,1,1,0.78648007
a18,305,1,0,0.4784866
a18,306,1,1,0.69950724
a18,307,1,0,0.36110842
a18,308,1,0,0.36910072
a18,309,1,1,0.7464352
a18,310,1,1,0.62980604
a18,311,1,1,0.51770896
a18,312,1,1,0.6514202
a18,313,1,1,0.6973451
a18,314,1,1,0.61230636
a18,315,1,0,0.26076177
a18,316,1,1,0.63316655
a18,317,1,1,0.6824363
a18,318,1,1,0.74483865
a18,319,1,0,0.39675495
a18,320,1,1,0.6970822
a18,321,1,1,0.75376403
a18,322,1,1,0.723627
a18,323,1,1,0.52291995
a18,324,1,1,0.6995931
a18,325,1,1,0.6067697
a18,326,1,1,0.6632487
a18,327,1,1,0.83347946
a18,328,1,0,0.45325884
a18,329,1,1,0.62581795
a18,330,1,1,0.69879603
a18,331,1,1,0.6206366
a18,332,1,1,0.5178682
a18,333,1,1,0.5303917
a18,334,1,1,0.73222864
a18,335,1,1,0.6234471
a18,336,1,1,0.6862123
a18,337,1,1,0.52117854
a18,338,1,1,0.7001207
a18,339,1,1,0.7071467
a18,340,1,1,0.6854143
a18,341,1,1,0.74524504
a18,342,1,0,0.26054308
a18,343,1,1,0.6662256
a18,344,1,1,0.6976936
a18,345,1,1,0.52332294
a18,346,1,0,0.26706398
a18,347,1,1,0.625012
a18,348,1,0,0.3473243
a18,349,1,1,0.5236741
a18,350,1,1,0.67981017
a18,351,1,1,0.50094354
a18,352,1,1,0.54440683
a18,353,1,1,0.6553688
a18,354,1,1,0.6902836
a18,355,1,0,0.3204398
a18,356,1,0,0.25558704
a18,357,1,0,0.2739787
a18,358,1,1,0.7197629
a18,359,1,0,0.44015667
a18,360,1,1,0.6935086
a18,361,1,0,0.3201702
a18,362,1,1,0.7607738
a18,363,1,0,0.400186
a18,364,1,1,0.5534239
a18,365,1,1,0.7024349
a18,366,1,1,0.7739121
a18,367,1,1,0.521426
a18,368,1,1,0.5270287
a18,369,1,1,0.79559445
a18,370,1,1,0.83182776
a18,371,1,1,0.74123245
a18,372,1,1,0.6279911
a18,373,1,1,0.6876453
a18,374,1,0,0.49853826
a18,375,1,1,0.7139735
a18,376,1,1,0.549175
a18,377,1,1,0.7506474
a18,378,1,1,0.84306616
a18,379,1,1,0.5342417
a18,380,1,1,0.61185014
a18,381,1,1,0.5085079
a18,382,1,1,0.7046965
a18,383,1,1,0.6860688
a18,384,1,1,0.70052624
a18,385,1,1,0.52485245
a18,386,1,1,0.6763462
a18,387,1,1,0.7398784
a18,388,1,1,0.5956847
a18,389,1,1,0.6756653
a18,390,1,1,0.52531004
a18,391,1,1,0.5216127
a18,392,1,1,0.6041415
a18,393,1,0,0.4400444
a18,394,1,0,0.26671982
a18,395,1,1,0.58041495
a18,396,1,1,0.6470275
a18,397,1,0,0.43669236
a18,398,1,0,0.34008536
a18,399,1,1,0.61380064
a18,400,1,0,0.4157567
a18,401,1,1,0.63410693
a18,402,1,1,0.6238593
a18,403,1,1,0.5261884
a18,404,1,1,0.7660086
a18,405,1,0,0.43829876
a18,406,1,1,0.6808331
a18,407,1,1,0.685546
a18,408,1,1,0.5075383
a18,409,1,0,0.4273504
a18,410,1,1,0.54973644
a18,411,1,0,0.3299821
a18,412,1,0,0.4306758
a18,413,1,0,0.3083669
a18,414,1,1,0.52021956
a18,415,1,0,0.41216925
a18,416,1,1,0.68552345
a18,417,1,1,0.68251
a18,418,1,1,0.66175723
a18,419,1,1,0.68480885
a18,420,1,1,0.52462727
a18,421,1,1,0.5861063
a18,422,1,0,0.30930912
a18,423,1,1,0.71148664
a18,424,1,0,0.27010268
a18,425,1,1,0.5211045
a18,426,1,1,0.79376084
a18,427,1,0,0.442997
a18,428,1,1,0.6679843
a18,429,1,1,0.54457515
a18,430,1,1,0.7051191
a18,431,1,1,0.6617728
a18,432,1,0,0.25010294
a18,433,1,1,0.61040443
a18,434,1,0,0.41800618
a18,435,1,0,0.2826526
a18,436,1,1,0.65130305
a18,437,1,0,0.26765087
a18,438,1,0,0.26104608
a18,439,1,0,0.2591573
a18,440,1,1,0.64202476
a18,441,1,1,0.64316785
a18,442,1,0,0.3971375
a18,443,1,1,0.72257316
a18,444,1,1,0.63222396
a18,445,1,0,0.275397
a18,446,1,0,0.26236686
a18,447,1,1,0.6714942
a18,448,1,1,0.68915886
a18,449,1,1,0.64780265
a18,450,1,1,0.69246805
a18,451,1,1,0.5871667
a18,452,1,0,0.47668374
a18,453,1,1,0.51999426
a18,454,1,0,0.4562428
a18,455,1,1,0.61473536
a18,456,1,1,0.6600943
a18,457,1,1,0.64917165
a18,458,1,0,0.45918936
a18,459,1,0,0.4335645
a18,460,1,1,0.655818
a18,461,1,0,0.4080154
a18,462,1,1,0.5345032
a18,463,1,1,0.69072294
a18,464,1,1,0.72430336
a18,465,1,1,0.5608514
a18,466,1,1,0.6508701
a18,467,1,1,0.6908
a18,468,1,1,0.72689766
a18,469,1,1,0.7186738
a18,470,1,1,0.68166226
a18,471,1,1,0.6318272
a18,472,1,1,0.5939207
a18,473,1,0,0.44761768
a18,474,1,1,0.52095205
a18,475,1,0,0.2533532
a18,476,1,0,0.2823629
a18,477,1,1,0.7378463
a18,478,1,1,0.5320828
a18,479,1,1,0.6791534
a18,480,1,0,0.47424862
a18,481,1,1,0.56369317
a18,482,1,1,0.5777069
a18,483,1,1,0.52315557
a18,484,1,1,0.7229244
a18,485,1,1,0.70561093
a18,486,1,1,0.53909045
a18,487,1,1,0.69272065
a18,488,1,1,0.5224897
a19,1,1,1,0.53298485
a19,2,1,1,0.6427584
a19,3,1,1,0.6526797
a19,4,1,1,0.59720284
a19,5,1,1,0.6842312
a19,6,1,1,0.6833548
a19,7,0,1,0.55294424
a19,8,0,1,0.7000384
a19,9,1,1,0.606373
a19,10,1,1,0.6652653
a19,11,1,1,0.7458056
a19,12,1,0,0.46423393
a19,13,1,1,0.58830684
a19,14,0,1,0.6905108
a19,15,0,1,0.6474734
a19,16,0,1,0.67286164
a19,17,0,1,0.8145857
a19,18,0,0,0.38500482
a19,19,0,1,0.8154084
a19,20,0,1,0.5358079
a19,21,0,1,0.67706484
a19,22,0,1,0.6702617
a19,23,0,1,0.66107684
a19,24,0,1,0.77196807
a19,25,0,0,0.44753763
a19,26,0,1,0.67639196
a19,27,1,1,0.67773306
a19,28,0,1,0.7360847
a19,29,0,1,0.7016049
a19,30,0,1,0.696144
a19,31,0,1,0.79368293
a19,32,0,0,0.33700407
a19,33,0,1,0.62423736
a19,34,0,1,0.6154308
a19,35,0,0,0.3560064
a19,36,0,0,0.40972117
a19,37,0,0,0.39840597
a19,38,0,1,0.62369585
a19,39,0,0,0.40282336
a19,40,0,1,0.553609
a19,41,0,1,0.55949396
a19,42,0,0,0.38510013
a19,43,0,0,0.34428078
a19,44,0,0,0.33107632
a19,45,0,0,0.41924518
a19,46,0,1,0.53038377
a19,47,0,1,0.5090533
a19,48,0,0,0.36321187
a19,49,0,0,0.32646632
a19,50,0,0,0.37389573
a19,51,0,0,0.40281776
a19,52,0,0,0.3469624
a19,53,0,1,0.54117423
a19,54,0,1,0.66339767
a19,55,0,0,0.41575918
a19,56,0,0,0.37610137
a19,57,0,0,0.49214438
a19,58,0,0,0.36432666
a19,59,0,0,0.43139952
a19,60,0,0,0.35733896
a19,61,0,0,0.35066843
a19,62,0,0,0.36622915
a19,63,0,0,0.36704943
a19,64,0,0,0.35779536
a19,65,0,0,0.34564838
a19,66,0,0,0.3757619
a19,67,0,0,0.3690413
a19,68,0,0,0.40434805
a19,69,0,1,0.59383726
a19,70,0,1,0.64976007
a19,71,0,1,0.5676563
a19,72,0,1,0.6375177
a19,73,0,1,0.57859385
a19,74,0,1,0.66592544
a19,75,0,1,0.6645418
a19,76,0,1,0.54852235
a19,77,0,1,0.73561037
a19,78,0,1,0.605569
a19,79,0,1,0.6252956
a19,80,0,1,0.7461528
a19,81,0,0,0.41333202
a19,82,0,1,0.54386157
a19,83,0,1,0.67367315
a19,84,0,1,0.7532458
a19,85,0,1,0.5328125
a19,86,0,1,0.6930127
a19,87,1,1,0.6864036
a19,88,1,1,0.6115487
a19,89,1,1,0.6756316
a19,90,1,1,0.6857658
a19,91,1,1,0.67851317
a19,92,1,1,0.65986836
a19,93,1,1,0.6715414
a19,94,1,1,0.67473525
a19,95,1,1,0.70843357
a19,96,1,1,0.66707486
a19,97,1,1,0.67101943
a19,98,1,0,0.38145918
a19,99,0,0,0.37710425
a19,100,0,0,0.35264158
a19,101,0,0,0.4091408
a19,102,0,0,0.35156742
a19,103,0,0,0.39000297
a19,104,0,1,0.6005005
a19,105,0,0,0.36094663
a19,106,0,0,0.32853183
a19,107,0,0,0.34989554
a19,108,0,1,0.637745
a19,109,0,1,0.67377174
a19,110,0,0,0.38844046
a19,111,0,0,0.3520346
a19,112,0,0,0.3598719
a19,113,0,0,0.34593344
a19,114,0,0,0.3603297
a19,115,0,0,0.44006404
a19,116,0,0,0.35283053
a19,117,0,0,0.42025068
a19,118,0,0,0.45788196
a19,119,0,0,0.39757228
a19,120,0,0,0.41081217
a19,121,0,0,0.39691725
a19,122,0,0,0.32668632
a19,123,0,0,0.46268088
a19,124,0,0,0.4059155
a19,125,0,0,0.44435692
a19,126,0,1,0.53652656
a19,127,0,1,0.5064756
a19,128,0,0,0.4284307
a19,129,0,0,0.43219352
a19,130,0,1,0.5629707
a19,131,0,1,0.532117
a19,132,0,0,0.42746633
a19,133,0,1,0.6854083
a19,134,0,0,0.4996605
a19,135,0,1,0.52334285
a19,136,0,1,0.61034006
a19,137,0,0,0.48717907
a19,138,0,0,0.37529543
a19,139,0,1,0.6746754
a19,140,0,0,0.41605318
a19,141,0,0,0.44697407
a19,142,0,1,0.55658156
a19,143,0,1,0.555257
a19,144,0,1,0.64469117
a19,145,0,1,0.6667563
a19,146,0,1,0.52011186
a19,147,0,1,0.77488756
a19,148,0,1,0.7914637
a19,149,1,1,0.5938687
a19,150,1,1,0.7030469
a19,151,1,1,0.7620604
a19,152,1,1,0.7638009
a19,153,1,1,0.7056083
a19,154,1,1,0.690979
a19,155,1,1,0.7579142
a19,156,1,1,0.7242893
a19,157,1,1,0.6416478
a19,158,1,1,0.73602724
a19,159,1,1,0.65363765
a19,160,1,1,0.7166798
a19,161,1,1,0.5405045
a19,162,1,1,0.8153867
a19,163,1,1,0.649662
a19,164,1,1,0.6734257
a19,165,1,0,0.4637431
a19,166,1,1,0.7174849
a19,167,1,1,0.7412202
a19,168,1,1,0.54119366
a19,169,1,1,0.706818
a19,170,1,1,0.64755166
a19,171,1,1,0.7864468
a19,172,1,1,0.7270523
a19,173,1,1,0.68378294
a19,174,1,0,0.34595013
a19,175,1,1,0.53325427
a19,176,0,0,0.34815273
a19,177,0,0,0.35183653
a19,178,0,0,0.36110052
a19,179,0,0,0.44709885
a19,180,0,0,0.33436355
a19,181,0,0,0.42732793
a19,182,0,1,0.5107513
a19,183,0,0,0.4417296
a19,184,0,0,0.41372204
a19,185,0,0,0.35410163
a19,186,0,0,0.38906533
a19,187,0,0,0.37557262
a19,188,0,0,0.35635525
a19,189,0,0,0.37832332
a19,190,0,0,0.3485848
a19,191,0,0,0.36624762
a19,192,0,0,0.37286556
a19,193,0,0,0.3862109
a19,194,0,1,0.5758733
a19,195,1,1,0.6751904
a19,196,0,0,0.35527486
a19,197,0,1,0.5455682
a19,198,0,0,0.3901041
a19,199,0,1,0.50028545
a19,200,0,0,0.48246005
a19,201,0,1,0.5327603
a19,202,0,0,0.48785123
a19,203,0,1,0.68930477
a19,204,0,1,0.5907957
a19,205,0,1,0.52463096
a19,206,0,0,0.48448345
a19,207,0,1,0.5515835
a19,208,0,1,0.62869406
a19,209,0,1,0.55059683
a19,210,0,1,0.699888
a19,211,0,0,0.40549618
a19,212,1,1,0.6774112
a19,213,1,1,0.73724264
a19,214,1,1,0.80514103
a19,215,1,1,0.7085955
a19,216,1,1,0.8155415
a19,217,1,1,0.79520535
a19,218,1,1,0.66717845
a19,219,1,1,0.68942475
a19,220,1,1,0.72253406
a19,221,1,1,0.69267124
a19,222,1,1,0.69851154
a19,223,1,1,0.70935124
a19,224,1,1,0.7695257
a19,225,1,1,0.785941
a19,226,1,1,0.6895072
a19,227,1,1,0.67316306
a19,228,1,1,0.7387391
a19,229,1,1,0.60819364
a19,230,1,1,0.7380443
a19,231,1,1,0.65799516
a19,232,1,1,0.7060774
a19,233,1,1,0.70440465
a19,234,1,1,0.6754487
a19,235,1,1,0.69194055
a19,236,1,1,0.72488105
a19,237,1,1,0.75851
a19,238,0,1,0.65924245
a19,239,0,1,0.5380779
a19,240,0,1,0.5499822
a19,241,0,0,0.46342686
a19,242,0,0,0.33770326
a19,243,0,0,0.37554616
a19,244,0,0,0.34198007
a19,245,0,0,0.37513202
a19,246,0,1,0.7668538
a19,247,1,1,0.8151356
a19,248,1,1,0.661248
a19,249,1,1,0.7843832
a19,250,1,1,0.7024068
a19,251,1,1,0.6938293
a19,252,1,1,0.66644686
a19,253,1,1,0.70063066
a19,254,1,1,0.7415964
a19,255,1,1,0.65342593
a19,256,1,1,0.6588929
a19,257,1,1,0.6615699
a19,258,1,1,0.69585705
a19,259,1,1,0.72629064
a19,260,1,1,0.69091064
a19,261,1,1,0.72992665
a19,262,1,1,0.7320558
a19,263,1,1,0.7616871
a19,264,1,1,0.69011486
a19,265,1,1,0.6739489
a19,266,1,1,0.8102931
a19,267,1,1,0.674282
a19,268,1,1,0.6936169
a19,269,1,0,0.48247913
a19,270,1,1,0.790539
a19,271,1,1,0.7909394
a19,272,1,1,0.81536406
a19,273,1,1,0.7768359
a19,274,1,1,0.814887
a19,275,1,1,0.66945565
a19,276,1,1,0.5769186
a19,277,1,1,0.69566923
a19,278,1,1,0.77176976
a19,279,0,1,0.6899568
a19,280,0,1,0.52519286
a19,281,0,0,0.39595515
a19,282,0,0,0.36458975
a19,283,0,0,0.4893743
a19,284,0,0,0.42681056
a19,285,0,1,0.5619093
a19,286,0,0,0.41375694
a19,287,0,1,0.52884203
a19,288,0,1,0.5536454
a19,289,0,0,0.39261457
a19,290,0,1,0.5387986
a19,291,0,1,0.62403214
a19,292,0,1,0.76745033
a19,293,0,1,0.67561644
a19,294,0,1,0.5339763
a19,295,0,1,0.7973527
a19,296,0,1,0.7580836
a19,297,0,1,0.66807026
a19,298,0,1,0.5182657
a19,299,0,1,0.6745941
a19,300,0,1,0.6959145
a19,301,0,0,0.49008965
a19,302,0,1,0.5302824
a19,303,0,1,0.77627873
a19,304,0,0,0.3967472
a19,305,0,1,0.8128717
a19,306,0,1,0.52825135
a19,307,0,0,0.40339226
a19,308,0,1,0.55342346
a19,309,0,0,0.45249814
a19,310,0,1,0.6680017
a19,311,0,1,0.64687663
a19,312,0,1,0.6336692
a19,313,0,1,0.815363
a19,314,1,1,0.5915961
a19,315,1,1,0.7100683
a19,316,1,1,0.672609
a19,317,1,1,0.67238706
a19,318,1,1,0.662784
a19,319,1,1,0.70331216
a19,320,1,1,0.6398732
a19,321,1,1,0.77238417
a19,322,1,1,0.71814287
a19,323,1,1,0.7033496
a19,324,1,1,0.6849134
a19,325,1,1,0.68886137
a19,326,1,1,0.7136349
a19,327,1,0,0.4777164
a19,328,1,1,0.76864696
a19,329,1,1,0.7682018
a19,330,1,0,0.35472453
a19,331,1,1,0.6797921
a19,332,1,1,0.7683022
a19,333,1,1,0.6798973
a19,334,1,1,0.6912183
a19,335,1,1,0.6913109
a19,336,1,1,0.7793633
a19,337,1,1,0.70834905
a19,338,1,1,0.6639691
a19,339,1,1,0.66472
a19,340,1,1,0.69146717
a19,341,1,1,0.76037794
a19,342,0,0,0.41655952
a19,343,0,1,0.5344887
a19,344,0,0,0.4227619
a19,345,0,0,0.42013842
a19,346,0,1,0.6781631
a19,347,1,1,0.6262354
a19,348,0,0,0.37576145
a19,349,0,0,0.47852513
a19,350,0,0,0.448664
a19,351,0,0,0.47282788
a19,352,0,0,0.41858009
a19,353,0,1,0.50959814
a19,354,0,1,0.6227507
a19,355,0,0,0.44189906
a19,356,0,0,0.41110256
a19,357,0,0,0.4519223
a19,358,0,1,0.50763273
a19,359,0,0,0.37221682
a19,360,0,0,0.42246088
a19,361,0,0,0.46980202
a19,362,0,1,0.6251243
a19,363,0,0,0.3985483
a19,364,0,0,0.42876697
a19,365,0,1,0.58866614
a19,366,0,1,0.546728
a19,367,0,1,0.78654456
a19,368,0,0,0.44895273
a19,369,0,1,0.6898692
a19,370,0,1,0.76154506
a19,371,0,0,0.4365451
a19,372,0,0,0.48730147
a19,373,0,1,0.640675
a19,374,0,1,0.61553925
a19,375,0,1,0.6902575
a19,376,0,1,0.6852439
a19,377,1,1,0.5438474
a19,378,1,1,0.68186307
a19,379,1,1,0.68223906
a19,380,1,1,0.6766502
a19,381,1,1,0.7551769
a19,382,1,1,0.7166333
a19,383,1,1,0.53157043
a19,384,1,1,0.69798285
a19,385,1,1,0.6773954
a19,386,1,1,0.72612524
a19,387,1,1,0.8146193
a19,388,1,1,0.6984892
a19,389,1,1,0.78367823
a19,390,1,1,0.8156359
a19,391,1,1,0.5637975
a19,392,1,1,0.70452595
a19,393,1,1,0.7278514
a19,394,1,0,0.35278326
a19,395,1,1,0.71077824
a19,396,0,0,0.44426927
a19,397,0,0,0.4417286
a19,398,0,0,0.35656837
a19,399,0,0,0.42600194
a19,400,0,0,0.37774676
a19,401,0,0,0.46799532
a19,402,0,0,0.4214335
a19,403,0,0,0.39148358
a19,404,0,0,0.46223018
a19,405,0,0,0.47595567
a19,406,0,0,0.49654928
a19,407,0,1,0.5350208
a19,408,0,0,0.3755966
a19,409,0,0,0.3615966
a19,410,0,1,0.6869466
a19,411,0,1,0.7016207
a19,412,0,1,0.6797257
a19,413,0,1,0.7257173
a19,414,0,1,0.6749648
a19,415,0,1,0.521501
a19,416,0,1,0.7317727
a19,417,0,1,0.66601294
a19,418,0,1,0.6615841
a19,419,0,0,0.42843613
a19,420,0,1,0.53369945
a19,421,0,1,0.6805227
a19,422,0,1,0.5211413
a19,423,0,1,0.5266168
a19,424,0,1,0.54216397
a19,425,0,1,0.702879
a19,426,0,1,0.74169374
a19,427,0,1,0.5682438
a19,428,0,1,0.5303821
a19,429,0,1,0.5307201
a19,430,0,1,0.6762125
a19,431,0,1,0.68860024
a19,432,0,1,0.61943245
a19,433,0,1,0.64959353
a19,434,0,1,0.640434
a19,435,0,1,0.7465331
a19,436,0,1,0.68947667
a19,437,0,0,0.43444532
a19,438,0,1,0.68220884
a19,439,1,1,0.6863501
a19,440,1,1,0.66361976
a19,441,1,1,0.6632093
a19,442,1,1,0.6189977
a19,443,1,1,0.7183563
a19,444,1,1,0.70266837
a19,445,1,1,0.71371347
a19,446,1,1,0.5321123
a19,447,1,1,0.76767194
a19,448,1,1,0.6844236
a19,449,1,1,0.67348236
a19,450,1,1,0.59364355
a19,451,1,1,0.72476923
a19,452,1,1,0.5268234
a19,453,1,1,0.73773164
a19,454,1,1,0.6992181
a19,455,1,0,0.44367787
a19,456,1,1,0.54446733
a19,457,0,1,0.68601465
a19,458,1,1,0.60153806
a19,459,1,1,0.786337
a19,460,1,1,0.6620493
a19,461,1,1,0.78477216
a19,462,1,1,0.70317304
a19,463,1,1,0.6705925
a19,464,1,0,0.37163422
a19,465,1,1,0.5414363
a19,466,0,0,0.41530886
a19,467,0,1,0.53818506
a19,468,0,1,0.5596552
a19,469,0,0,0.45853013
a19,470,0,0,0.41762608
a19,471,0,0,0.49969703
a19,472,0,0,0.4953285
a19,473,0,1,0.6229819
a19,474,0,0,0.42158046
a19,475,0,0,0.45999566
a19,476,0,0,0.39571851
a19,477,0,0,0.3814365
a19,478,0,1,0.71903104
a19,479,1,1,0.6913377
a19,480,0,1,0.7504947
a19,481,1,1,0.76172334
a19,482,0,1,0.6780406
a19,483,1,1,0.7449561
a19,484,1,1,0.8147697
a19,485,1,1,0.60300255
a19,486,1,1,0.7992622
a19,487,1,1,0.67650086
a19,488,1,1,0.81476974
a19,489,1,1,0.65271354
a19,490,1,1,0.8071277
a19,491,1,1,0.78974456
a19,492,1,1,0.66750515
a19,493,1,1,0.6795586
a19,494,1,1,0.68434286
a19,495,1,1,0.6856708
a19,496,1,1,0.53305334
a19,497,1,1,0.6834846
a19,498,1,1,0.7481024
a19,499,1,1,0.58857167
a19,500,1,1,0.63067037
a19,501,1,1,0.648069
a20,1,0,0,0.43068188
a20,2,0,1,0.5672951
a20,3,0,0,0.46197745
a20,4,0,1,0.53134525
a20,5,0,0,0.4062588
a20,6,0,0,0.45496163
a20,7,0,0,0.44903117
a20,8,0,1,0.6226828
a20,9,0,1,0.5576238
a20,10,0,1,0.53226835
a20,11,0,1,0.5381722
a20,12,0,1,0.5447852
a20,13,0,1,0.5314359
a20,14,0,1,0.53166366
a20,15,0,0,0.42160124
a20,16,0,0,0.4106815
a20,17,0,1,0.5292618
a20,18,0,1,0.5447997
a20,19,0,1,0.5817642
a20,20,0,0,0.41177437
a20,21,0,0,0.41374198
a20,22,0,1,0.63337696
a20,23,0,1,0.5640644
a20,24,0,1,0.54148567
a20,25,0,1,0.64566123
a20,26,0,0,0.4086535
a20,27,0,1,0.5476135
a20,28,0,1,0.5587646
a20,29,0,0,0.42808953
a20,30,0,0,0.4477039
a20,31,0,0,0.4258167
a20,32,0,1,0.6242529
a20,33,0,1,0.5432861
a20,34,0,1,0.5162465
a20,35,0,0,0.44639355
a20,36,0,0,0.4258782
a20,37,0,1,0.5012172
a20,38,0,0,0.42585796
a20,39,0,0,0.40136212
a20,40,0,1,0.5801017
a20,41,0,1,0.53612787
a20,42,0,1,0.5158097
a20,43,0,0,0.4018996
a20,44,0,0,0.45860788
a20,45,0,0,0.4093299
a20,46,0,0,0.4871506
a20,47,0,1,0.53338754
a20,48,0,0,0.4263981
a20,49,0,1,0.5022554
a20,50,1,1,0.6189488
a20,51,1,1,0.52028334
a20,52,1,1,0.5231547
a20,53,1,0,0.4694809
a20,54,1,1,0.5347482
a20,55,1,0,0.49620777
a20,56,1,0,0.47936186
a20,57,1,1,0.5292523
a20,58,1,1,0.55495644
a20,59,1,0,0.47616184
a20,60,1,0,0.4782529
a20,61,1,0,0.48936862
a20,62,1,0,0.43386963
a20,63,1,0,0.47523123
a20,64,1,1,0.6473278
a20,65,1,1,0.5290164
a20,66,1,1,0.52499956
a20,67,1,1,0.51107377
a20,68,1,0,0.48848373
a20,69,1,0,0.48830846
a20,70,1,1,0.5039947
a20,71,1,0,0.4125748
a20,72,0,1,0.57281107
a20,73,0,0,0.44322136
a20,74,1,0,0.41878575
a20,75,1,0,0.48229906
a20,76,1,1,0.5108061
a20,77,1,1,0.5216178
a20,78,1,1,0.5306142
a20,79,1,1,0.52718645
a20,80,1,1,0.5270591
a20,81,1,1,0.5232727
a20,82,1,1,0.5662224
a20,83,0,0,0.4144213
a20,84,0,0,0.4540901
a20,85,0,0,0.45901152
a20,86,0,0,0.41013035
a20,87,0,0,0.40489268
a20,88,0,1,0.5299541
a20,89,1,1,0.52633685
a20,90,1,1,0.50417894
a20,91,1,1,0.5534309
a20,92,0,1,0.51351964
a20,93,0,1,0.5000109
a20,94,1,1,0.551145
a20,95,1,1,0.5561913
a20,96,1,1,0.52680546
a20,97,1,0,0.49685562
a20,98,1,0,0.4583077
a20,99,1,1,0.53823036
a20,100,1,1,0.527772
a20,101,1,0,0.45398456
a20,102,1,1,0.5568581
a20,103,1,1,0.56264013
a20,104,1,0,0.43694416
a20,105,1,0,0.4922252
a20,106,1,1,0.5315895
a20,107,1,1,0.5056816
a20,108,1,1,0.6369931
a20,109,1,1,0.51397645
a20,110,1,1,0.5385834
a20,111,1,1,0.5351787
a20,112,1,0,0.4465754
a20,113,1,1,0.5251159
a20,114,1,1,0.54392886
a20,115,1,1,0.53061646
a20,116,1,1,0.5416022
a20,117,1,1,0.5456508
a20,118,1,1,0.6122278
a20,119,1,1,0.62552506
a20,120,1,1,0.57534724
a20,121,1,0,0.4799976
a20,122,1,1,0.62405974
a20,123,1,1,0.56854624
a20,124,0,0,0.43186313
a20,125,0,0,0.48754445
a20,126,0,1,0.5385816
a20,127,0,1,0.5546584
a20,128,1,1,0.5302377
a20,129,1,1,0.5415343
a20,130,1,0,0.49884623
a20,131,1,0,0.44147447
a20,132,1,0,0.486878
a20,133,1,1,0.53254944
a20,134,1,1,0.54886955
a20,135,0,0,0.44857726
a20,136,0,0,0.42425752
a20,137,0,1,0.5348874
a20,138,1,1,0.50125206
a20,139,1,1,0.55470234
a20,140,1,1,0.5286503
a20,141,1,0,0.43859223
a20,142,1,1,0.54636776
a20,143,1,0,0.4435854
a20,144,1,0,0.44548458
a20,145,1,1,0.5299577
a20,146,1,0,0.48453224
a20,147,1,1,0.54088986
a20,148,1,1,0.5323673
a20,149,1,1,0.536019
a20,150,1,1,0.6362424
a20,151,1,1,0.59739846
a20,152,1,1,0.5421146
a20,153,1,1,0.55145365
a20,154,1,1,0.56908417
a20,155,1,1,0.54725534
a20,156,1,1,0.6114685
a20,157,1,1,0.54004586
a20,158,1,1,0.52449757
a20,159,1,0,0.47720325
a20,160,1,1,0.5246348
a20,161,1,1,0.6170301
a20,162,1,1,0.65508825
a20,163,1,1,0.61936146
a20,164,1,1,0.60376245
a20,165,1,1,0.68793356
a20,166,1,1,0.56445974
a20,167,1,1,0.547825
a20,168,1,1,0.5288276
a20,169,1,1,0.58187133
a20,170,1,1,0.6445714
a20,171,1,0,0.49401733
a20,172,1,1,0.53515667
a20,173,1,1,0.5647453
a20,174,1,1,0.6322362
a20,175,1,1,0.5419357
a20,176,1,1,0.5338745
a20,177,1,1,0.5297173
a20,178,1,1,0.55450726
a20,179,1,1,0.6250211
a20,180,1,1,0.52252156
a20,181,1,0,0.44111046
a20,182,1,1,0.5436701
a20,183,1,1,0.55908084
a20,184,1,1,0.5203013
a20,185,1,1,0.5526059
a20,186,1,1,0.5741234
a20,187,1,1,0.5314335
a20,188,1,1,0.6209443
a20,189,0,1,0.5228158
a20,190,0,0,0.4357373
a20,191,1,1,0.5103471
a20,192,1,1,0.5693488
a20,193,1,1,0.6942383
a20,194,1,1,0.63758415
a20,195,0,1,0.550269
a20,196,0,0,0.45330086
a20,197,0,1,0.64702797
a20,198,1,1,0.59628123
a20,199,1,1,0.525467
a20,200,0,0,0.46260464
a20,201,0,0,0.44167575
a20,202,0,1,0.53216255
a20,203,0,0,0.49692002
a20,204,0,1,0.5386558
a20,205,0,1,0.54032844
a20,206,1,0,0.45559958
a20,207,1,0,0.4651709
a20,208,1,0,0.43668604
a20,209,1,1,0.53742826
a20,210,1,1,0.5343423
a20,211,1,0,0.48491228
a20,212,1,1,0.6258655
a20,213,1,1,0.5282681
a20,214,1,1,0.6277226
a20,215,1,1,0.6103796
a20,216,1,1,0.5571228
a20,217,1,1,0.69400483
a20,218,1,1,0.5525147
a20,219,1,1,0.5899715
a20,220,1,1,0.69615316
a20,221,1,1,0.5784185
a20,222,1,1,0.6226809
a20,223,1,1,0.6787967
a20,224,1,1,0.6738743
a20,225,1,1,0.60011923
a20,226,1,1,0.6659199
a20,227,1,0,0.43938276
a20,228,1,1,0.5086917
a20,229,1,1,0.6304508
a20,230,1,1,0.5695803
a20,231,1,1,0.6922397
a20,232,1,1,0.6741457
a20,233,1,1,0.67126524
a20,234,1,1,0.6715556
a20,235,1,1,0.6660885
a20,236,1,1,0.6791502
a20,237,1,1,0.6283335
a20,238,1,1,0.5802793
a20,239,1,1,0.547387
a20,240,1,1,0.6067637
a20,241,1,1,0.5362325
a20,242,1,1,0.68139267
a20,243,1,1,0.6234532
a20,244,1,1,0.6639901
a20,245,1,0,0.4914356
a20,246,1,1,0.64441454
a20,247,1,1,0.6097284
a20,248,1,1,0.527153
a20,249,1,1,0.53078187
a20,250,1,1,0.6159474
a20,251,1,1,0.6110694
a20,252,1,1,0.6713595
a20,253,1,1,0.58175594
a20,254,1,1,0.5737311
a20,255,1,1,0.65856475
a20,256,1,1,0.64422596
a20,257,1,1,0.6832112
a20,258,1,1,0.59144217
a20,259,1,1,0.5439597
a20,260,1,1,0.6681306
a20,261,1,1,0.7245863
a20,262,1,1,0.66661656
a20,263,1,1,0.6994994
a20,264,1,1,0.6181399
a20,265,1,1,0.66337526
a20,266,0,1,0.5414727
a20,267,0,1,0.6395228
a20,268,0,1,0.68654877
a20,269,1,1,0.7951894
a20,270,1,1,0.5599682
a20,271,1,1,0.6591875
a20,272,1,1,0.65559286
a20,273,1,1,0.54625314
a20,274,1,0,0.41600943
a20,275,1,1,0.5321388
a20,276,1,1,0.6535215
a20,277,1,1,0.6534213
a20,278,1,1,0.6861734
a20,279,1,1,0.5752926
a20,280,1,0,0.42390436
a20,281,0,1,0.5254577
a20,282,0,1,0.5230595
a20,283,0,1,0.52944994
a20,284,0,0,0.47661158
a20,285,0,1,0.50824285
a20,286,0,1,0.5290049
a20,287,0,0,0.4706444
a20,288,0,1,0.5072529
a20,289,0,1,0.520783
a20,290,0,0,0.41749528
a20,291,0,0,0.40106675
a20,292,0,0,0.4312756
a20,293,0,0,0.41879758
a20,294,1,1,0.5392631
a20,295,1,1,0.5203464
a20,296,1,0,0.4313396
a20,297,1,1,0.51657933
a20,298,1,1,0.53422296
a20,299,1,1,0.5147919
a20,300,1,1,0.5450122
a20,301,0,0,0.434964
a20,302,0,1,0.5044458
a20,303,0,0,0.46397108
a20,304,0,1,0.5253822
a20,305,0,0,0.4959179
a20,306,0,0,0.4276602
a20,307,0,0,0.41767362
a20,308,0,0,0.43688044
a20,309,0,0,0.47761717
a20,310,0,1,0.5175557
a20,311,0,1,0.5231585
a20,312,0,0,0.44644505
a20,313,0,0,0.44281608
a20,314,0,0,0.4535744
a20,315,0,0,0.4614073
a20,316,0,0,0.47681153
a20,317,0,0,0.46949646
a20,318,0,0,0.4310937
a20,319,0,0,0.44109514
a20,320,0,1,0.5030561
a20,321,0,1,0.5069757
a20,322,0,1,0.5497332
a20,323,0,0,0.43355274
a20,324,0,0,0.480273
a20,325,0,0,0.44820315
a20,326,0,0,0.49024117
a20,327,0,1,0.52572674
a20,328,0,0,0.44535524
a20,329,0,1,0.5716618
a20,330,0,1,0.5361025
a20,331,0,1,0.55294377
a20,332,0,0,0.44023532
a20,333,1,1,0.5308675
a20,334,1,1,0.5443382
a20,335,1,1,0.53223443
a20,336,1,1,0.5361345
a20,337,1,0,0.4145275
a20,338,1,1,0.6506158
a20,339,0,1,0.67996204
a20,340,0,1,0.7578753
a20,341,0,1,0.6929481
a20,342,0,1,0.5804076
a20,343,0,1,0.5553806
a20,344,0,1,0.58717257
a20,345,0,1,0.6821936
a20,346,0,1,0.52463233
a20,347,0,1,0.6089982
a20,348,0,1,0.70548075
a20,349,0,1,0.65100116
a20,350,0,1,0.5855762
a20,351,0,0,0.44475672
a20,352,0,1,0.68560785
a20,353,1,1,0.5314401
a20,354,1,1,0.56776863
a20,355,1,1,0.6151615
a20,356,1,1,0.53058237
a20,357,1,1,0.5307491
a20,358,1,1,0.5465971
a20,359,1,1,0.5500886
a20,360,1,1,0.7070076
a20,361,1,1,0.5412341
a20,362,1,1,0.6409486
a20,363,1,1,0.62466866
a20,364,1,1,0.62488985
a20,365,1,1,0.6725262
a20,366,1,1,0.65139735
a20,367,1,1,0.5783224
a20,368,1,1,0.5752354
a20,369,1,1,0.52349293
a20,370,1,1,0.5523872
a20,371,1,1,0.5460514
a20,372,1,1,0.6251261
a20,373,1,1,0.59184045
a20,374,1,1,0.6151394
a20,375,1,1,0.5967571
a20,376,1,1,0.5897091
a20,377,1,0,0.47863397
a20,378,1,0,0.47553453
a20,379,1,1,0.62958556
a20,380,1,1,0.7208529
a20,381,1,1,0.6145111
a20,382,1,1,0.55901825
a20,383,1,1,0.678558
a20,384,1,1,0.62705755
a20,385,1,1,0.6391214
a20,386,1,1,0.57952505
a20,387,1,1,0.6320336
a20,388,1,1,0.6207356
a20,389,1,0,0.41591188
a20,390,1,1,0.69312733
a20,391,1,1,0.5178051
a20,392,0,1,0.6058431
a20,393,0,0,0.49656478
a20,394,0,1,0.52768767
a20,395,0,1,0.52708215
a20,396,0,1,0.5294215
a20,397,0,0,0.4837034
a20,398,0,1,0.5305194
a20,399,0,1,0.5792348
a20,400,0,1,0.55700386
a20,401,0,0,0.45099762
a20,402,0,0,0.48788393
a20,403,0,0,0.42560473
a20,404,0,0,0.40055868
a20,405,0,1,0.53057694
a20,406,1,1,0.6242333
a20,407,1,1,0.51176417
a20,408,1,1,0.54818517
a20,409,0,0,0.41198257
a20,410,0,0,0.49462533
a20,411,0,0,0.42431152
a20,412,0,1,0.54151744
a20,413,0,1,0.6775151
a20,414,0,1,0.6746676
a20,415,0,1,0.5651571
a20,416,0,1,0.5544968
a20,417,0,0,0.4567997
a20,418,0,1,0.68537813
a20,419,0,1,0.5267181
a20,420,0,1,0.6444166
a20,421,0,1,0.5033044
a20,422,0,1,0.584642
a20,423,0,1,0.5256695
a20,424,0,1,0.5211352
a20,425,0,1,0.58432364
a20,426,0,1,0.6646365
a20,427,0,1,0.7167972
a20,428,0,1,0.55292624
a20,429,0,1,0.5272058
a20,430,0,1,0.657039
a20,431,0,0,0.43925196
a20,432,0,0,0.45319074
a20,433,0,1,0.5330922
a20,434,0,1,0.58652085
a20,435,0,1,0.5660993
a20,436,0,1,0.51068044
a20,437,0,1,0.5305154
a20,438,0,1,0.5070836
a20,439,0,0,0.4398261
a20,440,1,1,0.66093975
a20,441,1,1,0.54067147
a20,442,1,1,0.54712987
a20,443,1,0,0.48184195
a20,444,1,1,0.5711043
a20,445,1,1,0.5399603
a20,446,1,1,0.54000956
a20,447,1,1,0.5231654
a20,448,1,1,0.6112443
a20,449,1,1,0.67261595
a20,450,1,1,0.537729
a20,451,1,1,0.63033694
a20,452,1,1,0.5389549
a20,453,1,1,0.54331726
a20,454,1,0,0.43874022
a20,455,1,1,0.52750254
a20,456,1,1,0.672338
a20,457,1,1,0.57546175
a20,458,1,1,0.5383242
a20,459,1,1,0.6191209
a20,460,1,1,0.6632322
a20,461,1,1,0.533232
a20,462,1,1,0.57185185
a20,463,1,1,0.56056917
a20,464,1,1,0.6410291
a20,465,1,1,0.68305546
a20,466,1,1,0.6168696
a20,467,1,1,0.623973
a20,468,1,1,0.5477353
a20,469,1,1,0.5817613
a20,470,1,1,0.5521619
a20,471,1,1,0.6080505
a20,472,1,1,0.6418682
a20,473,1,1,0.6713752
a20,474,1,1,0.5549811
a20,475,1,1,0.6506389
a20,476,1,1,0.6379994
a20,477,1,1,0.5461556
a20,478,1,1,0.5911963
a20,479,1,1,0.66778016
a20,480,1,1,0.5923596
a20,481,1,1,0.5690523
a20,482,1,1,0.7206088
a20,483,1,1,0.6359388
a20,484,1,1,0.533362
a20,485,1,1,0.5701496
a20,486,1,1,0.64287347
a20,487,1,1,0.64844805
a20,488,1,1,0.54764766
a20,489,1,1,0.6557019
a20,490,1,0,0.4313479
a20,491,1,1,0.6872646
a20,492,1,1,0.6858652
a20,493,0,1,0.6825005
a20,494,0,1,0.6976004
a20,495,0,1,0.6879232
a20,496,0,1,0.731117
a20,497,1,0,0.4466092
a20,498,1,1,0.6670706
a20,499,1,1,0.73858166
a20,500,1,1,0.67237794
a20,501,1,1,0.62051535
a20,502,1,1,0.69379795
a20,503,1,1,0.68182826
a20,504,0,1,0.56300193
a20,505,0,1,0.64945334
a20,506,0,1,0.5279957
a20,507,0,0,0.43528086
a20,508,0,1,0.5214528
a20,509,0,1,0.68958277
b01,1,0,1,0.53523576
b01,2,0,1,0.54555994
b01,3,0,0,0.48914707
b01,4,0,1,0.5234995
b01,5,1,1,0.5381364
b01,6,0,1,0.544914
b01,7,0,1,0.5432383
b01,8,0,1,0.5186982
b01,9,0,1,0.5101043
b01,10,0,1,0.5568129
b01,11,0,1,0.5410901
b01,12,0,1,0.5301282
b01,13,0,1,0.5407473
b01,14,0,0,0.49936423
b01,15,0,0,0.47597736
b01,16,0,1,0.50390744
b01,17,0,1,0.5424166
b01,18,0,1,0.5144057
b01,19,0,1,0.5201767
b01,20,0,1,0.51873237
b01,21,0,1,0.5398195
b01,22,0,1,0.51666695
b01,23,0,1,0.5201593
b01,24,0,1,0.54897857
b01,25,0,1,0.5087541
b01,26,0,0,0.49884787
b01,27,0,1,0.5381955
b01,28,0,1,0.5621589
b01,29,0,1,0.5091707
b01,30,0,0,0.49443594
b01,31,0,1,0.523308
b01,32,0,1,0.53455955
b01,33,0,0,0.4911364
b01,34,0,1,0.55242646
b01,35,0,1,0.5426544
b01,36,0,1,0.56919676
b01,37,0,1,0.5160819
b01,38,0,1,0.53717774
b01,39,0,1,0.6033715
b01,40,0,1,0.5437995
b01,41,0,1,0.5373069
b01,42,0,1,0.5429838
b01,43,0,0,0.48263264
b01,44,0,1,0.6726953
b01,45,0,1,0.54046804
b01,46,0,1,0.5406297
b01,47,0,1,0.5414458
b01,48,0,1,0.5844284
b01,49,0,1,0.5065843
b01,50,0,1,0.5580024
b01,51,0,1,0.53895366
b01,52,0,1,0.54715306
b01,53,0,1,0.5409661
b01,54,0,1,0.5336269
b01,55,0,1,0.53691363
b01,56,0,1,0.5371553
b01,57,0,1,0.5226328
b01,58,0,1,0.5516425
b01,59,0,1,0.5214298
b01,60,0,1,0.5179741
b01,61,0,1,0.53747517
b01,62,0,1,0.5525239
b01,63,0,1,0.65471226
b01,64,0,1,0.57273597
b01,65,0,1,0.6658902
b01,66,0,1,0.6663385
b01,67,0,1,0.5481406
b01,68,0,1,0.5466678
b01,69,0,1,0.5467889
b01,70,0,0,0.49699867
b01,71,0,1,0.5266622
b01,72,0,1,0.5392227
b01,73,0,1,0.5314806
b01,74,0,1,0.5318054
b01,75,0,0,0.49727368
b01,76,0,1,0.5297722
b01,77,0,1,0.5219137
b01,78,0,1,0.5034638
b01,79,0,1,0.5188449
b01,80,0,1,0.5003108
b01,81,0,1,0.53206176
b01,82,0,1,0.51872474
b01,83,0,1,0.50172925
b01,84,0,1,0.503582
b01,85,0,1,0.5007638
b01,86,0,1,0.5157859
b01,87,0,1,0.5151978
b01,88,0,1,0.54116976
b01,89,0,0,0.48970342
b01,90,0,0,0.4998969
b01,91,0,0,0.4864898
b01,92,0,0,0.49979636
b01,93,0,1,0.51169634
b01,94,0,0,0.49561694
b01,95,0,1,0.5238424
b01,96,0,1,0.52907544
b01,97,0,1,0.5174868
b01,98,0,1,0.5835637
b01,99,0,1,0.6533344
b01,100,0,1,0.5699096
b01,101,0,1,0.6616605
b01,102,0,1,0.6678246
b01,103,0,1,0.67623323
b01,104,0,1,0.55552983
b01,105,0,1,0.5611988
b01,106,0,1,0.5413093
b01,107,0,1,0.5484897
b01,108,0,1,0.5419552
b01,109,0,1,0.65148884
b01,110,0,1,0.5755198
b01,111,0,1,0.5466052
b01,112,0,1,0.5590734
b01,113,0,1,0.5552099
b01,114,0,1,0.5464121
b01,115,0,1,0.6512332
b01,116,0,1,0.53547305
b01,117,0,0,0.48328495
b01,118,0,1,0.5418533
b01,119,0,1,0.5822192
b01,120,0,1,0.55099887
b01,121,0,1,0.60365456
b01,122,0,1,0.64089453
b01,123,0,1,0.569583
b01,124,0,1,0.5357823
b01,125,0,1,0.6100075
b01,126,0,1,0.6017919
b01,127,0,1,0.6696808
b01,128,0,1,0.65224206
b01,129,0,1,0.54356146
b01,130,0,1,0.5232365
b01,131,0,1,0.51990145
b01,132,0,1,0.5492266
b01,133,0,1,0.50293684
b01,134,0,1,0.6637063
b01,135,1,1,0.6706959
b01,136,0,1,0.5501648
b01,137,0,1,0.5390926
b01,138,0,1,0.53898764
b01,139,0,1,0.54333884
b01,140,0,1,0.5420853
b01,141,0,1,0.54381233
b01,142,0,1,0.5410683
b01,143,0,1,0.54400235
b01,144,0,1,0.55525583
b01,145,0,1,0.5079644
b01,146,0,1,0.5184566
b01,147,0,1,0.5379968
b01,148,0,1,0.5403122
b01,149,0,1,0.5388142
b01,150,0,1,0.53148276
b01,151,0,1,0.51203775
b01,152,0,0,0.49481198
b01,153,0,1,0.52059895
b01,154,0,0,0.48015547
b01,155,0,0,0.49611166
b01,156,0,1,0.5281228
b01,157,0,1,0.53769606
b01,158,0,1,0.6743633
b01,159,1,1,0.67093253
b01,160,1,1,0.6480647
b01,161,1,1,0.6722187
b01,162,1,1,0.6324322
b01,163,0,1,0.6671643
b01,164,0,1,0.65893894
b01,165,0,1,0.6629
b01,166,0,1,0.6705002
b01,167,0,1,0.53955775
b01,168,0,1,0.63979346
b01,169,0,1,0.59186256
b01,170,0,1,0.6091698
b01,171,0,1,0.6434066
b01,172,0,1,0.54478824
b01,173,0,1,0.67289466
b01,174,0,1,0.6751886
b01,175,0,1,0.57849
b01,176,0,1,0.6599526
b01,177,0,1,0.5398092
b01,178,0,1,0.64984155
b01,179,0,1,0.5676453
b01,180,0,1,0.64263433
b01,181,0,1,0.5584209
b01,182,0,1,0.5699027
b01,183,0,1,0.6253912
b01,184,0,1,0.55486804
b01,185,0,1,0.64501715
b01,186,0,1,0.67995435
b01,187,0,1,0.5638378
b01,188,0,1,0.56969815
b01,189,0,1,0.5436824
b01,190,0,1,0.5590534
b01,191,0,1,0.53719574
b01,192,0,1,0.5534039
b01,193,0,1,0.5368431
b01,194,0,1,0.5678809
b01,195,0,1,0.546087
b01,196,0,1,0.5873941
b01,197,0,1,0.54543304
b01,198,0,1,0.55429584
b01,199,0,1,0.54050434
b01,200,0,1,0.5386659
b01,201,0,1,0.5482672
b01,202,0,1,0.53839165
b01,203,0,1,0.5342584
b01,204,0,1,0.5266001
b01,205,0,1,0.56368715
b01,206,0,1,0.6244967
b01,207,0,1,0.609027
b01,208,0,1,0.58004135
b01,209,0,1,0.53302956
b01,210,0,1,0.5510624
b01,211,0,1,0.64885753
b01,212,0,1,0.527244
b01,213,0,1,0.5976463
b01,214,0,1,0.5852496
b01,215,0,1,0.53382677
b01,216,0,1,0.5594886
b01,217,0,1,0.5344039
b01,218,0,1,0.71571374
b01,219,0,1,0.5429824
b01,220,0,1,0.6221373
b01,221,0,1,0.5709607
b01,222,0,1,0.53625256
b01,223,0,1,0.5073443
b01,224,0,1,0.5436523
b01,225,0,1,0.5167379
b01,226,0,1,0.5392762
b01,227,0,1,0.63646656
b01,228,0,1,0.50391644
b01,229,0,1,0.53041804
b01,230,0,1,0.5104064
b01,231,0,1,0.5138409
b01,232,0,0,0.49107683
b01,233,0,0,0.47822872
b01,234,0,0,0.4882804
b01,235,0,0,0.49067563
b01,236,0,1,0.50575674
b01,237,0,0,0.48317394
b01,238,0,0,0.49153367
b01,239,0,1,0.5072659
b01,240,0,1,0.53997916
b01,241,0,1,0.5091329
b01,242,0,1,0.540057
b01,243,0,1,0.5141883
b01,244,0,1,0.5016842
b01,245,0,0,0.49849418
b01,246,0,1,0.54688156
b01,247,0,1,0.51037836
b01,248,0,1,0.5118252
b01,249,0,1,0.5243934
b01,250,0,0,0.49994987
b01,251,0,1,0.52408457
b01,252,0,0,0.49731222
b01,253,0,0,0.48166853
b01,254,0,0,0.47650686
b01,255,0,1,0.538799
b01,256,0,0,0.4897223
b01,257,0,1,0.53173625
b01,258,0,1,0.50914645
b01,259,0,1,0.52575105
b01,260,0,1,0.5020743
b01,261,0,1,0.5168885
b01,262,0,1,0.53826773
b01,263,0,1,0.5232954
b01,264,0,1,0.5068189
b01,265,0,1,0.5372976
b01,266,0,0,0.49238756
b01,267,0,0,0.49094027
b01,268,0,1,0.50969356
b01,269,0,0,0.48195833
b01,270,0,1,0.52423114
b01,271,0,1,0.64232916
b01,272,0,1,0.5671034
b01,273,0,1,0.57572997
b01,274,0,1,0.6014999
b01,275,0,1,0.5464867
b01,276,0,1,0.5723426
b01,277,0,1,0.55758715
b01,278,0,1,0.57736653
b01,279,0,0,0.48544562
b01,280,0,1,0.547535
b01,281,0,1,0.5754989
b01,282,0,1,0.5478289
b01,283,0,1,0.51424235
b01,284,0,1,0.5465196
b01,285,0,1,0.57045656
b01,286,0,1,0.54816234
b01,287,0,1,0.5467464
b01,288,0,1,0.5387696
b01,289,0,1,0.5352117
b01,290,0,1,0.5212096
b01,291,0,1,0.53620154
b01,292,0,1,0.60733795
b01,293,0,1,0.561547
b01,294,0,1,0.5445943
b01,295,0,1,0.52713346
b01,296,0,0,0.4999329
b01,297,0,1,0.5368522
b01,298,0,1,0.54787415
b01,299,0,1,0.5094328
b01,300,0,1,0.5323916
b01,301,0,1,0.59840935
b01,302,0,1,0.5158097
b01,303,0,1,0.52433234
b01,304,0,1,0.55055296
b01,305,0,1,0.5776189
b01,306,0,1,0.5620576
b01,307,0,1,0.5565093
b01,308,0,1,0.53674775
b01,309,0,1,0.535735
b01,310,0,1,0.61437166
b01,311,0,1,0.5094683
b01,312,0,1,0.56484157
b01,313,0,1,0.54222804
b01,314,0,1,0.54972464
b01,315,0,1,0.54462934
b01,316,0,1,0.647581
b01,317,0,1,0.5280048
b01,318,0,1,0.52708274
b01,319,0,1,0.5494724
b01,320,0,1,0.5305569
b01,321,0,1,0.511556
b01,322,0,1,0.5370395
b01,323,0,0,0.4947189
b01,324,0,1,0.51875234
b01,325,0,1,0.53940594
b01,326,0,1,0.53781223
b01,327,0,1,0.51919174
b01,328,0,1,0.52702785
b01,329,0,1,0.5381735
b01,330,0,1,0.5241572
b01,331,0,1,0.5040345
b01,332,0,1,0.5070895
b01,333,0,1,0.5147508
b01,334,0,1,0.5447636
b01,335,0,1,0.53835213
b01,336,0,1,0.53474814
b01,337,0,1,0.53438115
b01,338,0,1,0.58630306
b01,339,1,1,0.6316288
b01,340,0,0,0.49921113
b01,341,0,1,0.5032776
b01,342,0,1,0.5012611
b01,343,0,1,0.54414225
b01,344,0,1,0.6073748
b01,345,0,1,0.55935526
b01,346,0,1,0.61888015
b01,347,0,1,0.5878974
b01,348,0,1,0.5424267
b01,349,0,1,0.65687966
b01,350,0,1,0.594411
b01,351,0,1,0.6186669
b01,352,0,1,0.54564625
b01,353,0,1,0.5361375
b01,354,0,1,0.6057482
b01,355,0,1,0.57485974
b01,356,0,1,0.6325962
b01,357,0,1,0.51213545
b01,358,0,1,0.5475571
b01,359,0,1,0.5497058
b01,360,0,1,0.54576504
b01,361,0,1,0.5509918
b01,362,0,1,0.6723733
b01,363,0,1,0.5480327
b01,364,0,1,0.5448873
b01,365,0,1,0.5408365
b01,366,0,0,0.49308443
b01,367,0,1,0.5310147
b01,368,0,1,0.6044529
b01,369,0,1,0.5179069
b01,370,0,1,0.54267526
b01,371,0,1,0.5415832
b01,372,0,1,0.5346377
b01,373,0,1,0.5221925
b01,374,0,1,0.5146636
b01,375,0,1,0.5387238
b01,376,0,1,0.5524516
b01,377,0,1,0.5993583
b01,378,0,1,0.5770979
b01,379,0,1,0.536139
b01,380,0,1,0.5554721
b01,381,0,1,0.504255
b01,382,0,1,0.5427719
b01,383,0,1,0.53083384
b01,384,0,1,0.5518769
b01,385,0,1,0.54853606
b01,386,0,1,0.5457947
b01,387,0,1,0.56379277
b01,388,0,1,0.5430777
b01,389,0,1,0.53579515
b01,390,0,1,0.6291763
b01,391,0,1,0.56520295
b01,392,0,1,0.5440961
b01,393,0,1,0.54841363
b01,394,0,1,0.5225422
b01,395,0,1,0.588628
b01,396,0,1,0.53753465
b01,397,0,1,0.5395421
b01,398,0,1,0.53174704
b01,399,0,1,0.563289
b01,400,0,1,0.546128
b01,401,0,1,0.6367681
b01,402,0,1,0.53595525
b01,403,0,1,0.5645166
b01,404,0,1,0.57531023
b01,405,0,1,0.5739325
b01,406,0,1,0.5380824
b01,407,0,1,0.59966516
b01,408,0,1,0.5335202
b01,409,0,0,0.48874068
b01,410,0,1,0.5658738
b01,411,0,1,0.5437497
b01,412,0,1,0.5873124
b01,413,0,1,0.55788195
b01,414,0,1,0.60903805
b01,415,0,1,0.54834676
b01,416,0,1,0.57326084
b01,417,0,1,0.6257439
b01,418,0,1,0.57472175
b01,419,0,1,0.5438007
b01,420,1,1,0.5834623
b01,421,1,1,0.61215454
b01,422,0,1,0.54246956
b01,423,0,1,0.5439778
b01,424,0,1,0.5485108
b01,425,1,1,0.67526484
b01,426,1,1,0.6076498
b01,427,1,1,0.65400237
b01,428,1,1,0.5489095
b01,429,1,1,0.65398365
b01,430,1,1,0.56001836
b01,431,1,1,0.58750534
b01,432,1,1,0.5495901
b01,433,1,1,0.5555165
b01,434,1,1,0.51602066
b01,435,0,1,0.53013766
b01,436,0,1,0.62111557
b01,437,0,1,0.5748793
b01,438,0,1,0.5426649
b01,439,0,1,0.5511947
b01,440,0,1,0.5885847
b01,441,0,1,0.5416562
b01,442,0,1,0.6209832
b01,443,0,1,0.5531215
b01,444,0,1,0.5333063
b01,445,0,1,0.53521127
b01,446,0,1,0.54154706
b01,447,0,1,0.5021395
b01,448,0,1,0.5130377
b01,449,0,1,0.5206411
b01,450,0,1,0.53894764
b01,451,0,1,0.5292797
b01,452,0,1,0.5409223
b01,453,0,1,0.5428132
b01,454,0,1,0.5129033
b01,455,0,1,0.5032193
b01,456,0,1,0.5045216
b01,457,0,1,0.5424406
b01,458,0,1,0.5433396
b01,459,0,1,0.548402
b01,460,0,1,0.53329426
b01,461,0,1,0.53049994
b01,462,0,1,0.51704556
b01,463,0,0,0.48697665
b01,464,0,1,0.54954135
b01,465,0,1,0.51862097
b01,466,0,1,0.5364866
b01,467,0,1,0.52872866
b01,468,0,1,0.5199107
b01,469,0,1,0.5378719
b01,470,0,1,0.52251935
b01,471,0,1,0.520396
b01,472,0,1,0.5440369
b01,473,0,1,0.542985
b01,474,0,1,0.5078505
b01,475,0,1,0.5512677
b01,476,0,1,0.544758
b01,477,0,1,0.563209
b01,478,0,1,0.57816255
b01,479,0,1,0.61883396
b01,480,0,1,0.5386983
b01,481,0,1,0.56091934
b01,482,0,1,0.5652081
b01,483,0,1,0.6163781
b01,484,0,1,0.54052055
b01,485,0,1,0.6231967
b01,486,0,1,0.5736691
b02,1,0,1,0.69823647
b02,2,0,1,0.7046524
b02,3,0,1,0.7498972
b02,4,0,1,0.70634484
b02,5,0,1,0.54727197
b02,6,0,1,0.69089603
b02,7,0,1,0.66612554
b02,8,0,1,0.7143044
b02,9,0,0,0.4315945
b02,10,0,1,0.68830234
b02,11,0,1,0.7812314
b02,12,0,1,0.598699
b02,13,0,1,0.6939306
b02,14,0,0,0.37661105
b02,15,0,1,0.7039002
b02,16,0,1,0.6852809
b02,17,0,1,0.71439046
b02,18,0,1,0.55494726
b02,19,0,1,0.64496595
b02,20,0,1,0.7283551
b02,21,0,1,0.78008616
b02,22,0,1,0.7010929
b02,23,0,1,0.6631584
b02,24,0,1,0.653308
b02,25,0,1,0.6879046
b02,26,0,1,0.83669835
b02,27,0,1,0.70633465
b02,28,0,1,0.6842203
b02,29,0,1,0.7297142
b02,30,0,1,0.7963878
b02,31,0,1,0.5905378
b02,32,0,1,0.7789911
b02,33,0,1,0.7399979
b02,34,0,1,0.7367204
b02,35,0,1,0.71866524
b02,36,0,0,0.3924236
b02,37,0,1,0.66627717
b02,38,0,1,0.7340439
b02,39,0,1,0.75858724
b02,40,0,1,0.7539377
b02,41,0,0,0.26641133
b02,42,0,1,0.73987657
b02,43,0,1,0.68739563
b02,44,0,1,0.5348756
b02,45,0,1,0.6576961
b02,46,0,0,0.3240849
b02,47,0,1,0.5437352
b02,48,0,1,0.5538705
b02,49,0,1,0.6985278
b02,50,0,1,0.7288629
b02,51,0,1,0.618109
b02,52,0,1,0.7400829
b02,53,0,1,0.7000517
b02,54,0,1,0.6580949
b02,55,0,1,0.6517702
b02,56,0,1,0.57540894
b02,57,0,1,0.70045274
b02,58,0,1,0.7155213
b02,59,0,0,0.49286646
b02,60,0,0,0.45606506
b02,61,0,1,0.6314161
b02,62,0,1,0.54114175
b02,63,0,0,0.3753322
b02,64,0,1,0.528322
b02,65,0,1,0.6739832
b02,66,0,1,0.6673641
b02,67,0,1,0.5336841
b02,68,0,1,0.54405475
b02,69,0,1,0.7732208
b02,70,0,1,0.78773713
b02,71,0,1,0.5535371
b02,72,0,0,0.44339812
b02,73,0,0,0.349097
b02,74,0,1,0.5205361
b02,75,0,0,0.41405317
b02,76,0,0,0.4082347
b02,77,0,0,0.33785313
b02,78,1,1,0.79361516
b02,79,1,1,0.7714845
b02,80,1,0,0.48830822
b02,81,1,1,0.7045351
b02,82,1,1,0.6853127
b02,83,1,1,0.8416345
b02,84,1,1,0.5966023
b02,85,1,1,0.7258756
b02,86,1,1,0.71089333
b02,87,1,1,0.7001057
b02,88,1,1,0.80237675
b02,89,1,1,0.58016413
b02,90,1,1,0.74884856
b02,91,1,1,0.70679694
b02,92,1,1,0.80872774
b02,93,1,1,0.75475043
b02,94,1,1,0.8733399
b02,95,1,1,0.66487455
b02,96,1,1,0.69038147
b02,97,1,1,0.6542758
b02,98,1,1,0.7305909
b02,99,1,1,0.54353684
b02,100,1,0,0.34669033
b02,101,0,1,0.87638295
b02,102,0,1,0.62448406
b02,103,0,1,0.54721117
b02,104,0,0,0.44890207
b02,105,0,1,0.7897426
b02,106,0,1,0.7084875
b02,107,0,1,0.7083463
b02,108,0,1,0.7053701
b02,109,0,0,0.45135084
b02,110,0,1,0.704529
b02,111,0,1,0.54859626
b02,112,0,1,0.8591872
b02,113,0,1,0.7048857
b02,114,0,1,0.6682976
b02,115,0,1,0.7373107
b02,116,0,0,0.41827512
b02,117,0,1,0.5697078
b02,118,0,1,0.70957
b02,119,0,1,0.881276
b02,120,0,1,0.69102776
b02,121,0,1,0.8808493
b02,122,0,1,0.7824228
b02,123,0,1,0.5430078
b02,124,0,1,0.8359546
b02,125,0,1,0.53099453
b02,126,0,0,0.43095487
b02,127,0,1,0.7015566
b02,128,0,1,0.8691563
b02,129,0,1,0.76269925
b02,130,0,1,0.7435827
b02,131,0,1,0.8499976
b02,132,0,1,0.73024285
b02,133,0,1,0.8712996
b02,134,0,1,0.7226192
b02,135,0,1,0.544576
b02,136,0,1,0.7329051
b02,137,0,1,0.6360732
b02,138,0,1,0.81802547
b02,139,1,1,0.7690369
b02,140,0,1,0.78730494
b02,141,0,1,0.70771104
b02,142,0,1,0.5902212
b02,143,0,0,0.417997
b02,144,0,1,0.5486036
b02,145,0,1,0.58763784
b02,146,0,0,0.49200594
b02,147,0,1,0.6724731
b02,148,0,1,0.5291766
b02,149,0,1,0.58423764
b02,150,0,0,0.41110766
b02,151,0,1,0.7618116
b02,152,0,0,0.36447862
b02,153,0,0,0.40466562
b02,154,0,0,0.45774898
b02,155,0,0,0.4030252
b02,156,0,1,0.50597733
b02,157,0,1,0.6485985
b02,158,1,1,0.87853825
b02,159,1,1,0.80568844
b02,160,1,1,0.5399972
b02,161,0,0,0.44821936
b02,162,0,0,0.45723087
b02,163,0,1,0.53251755
b02,164,0,0,0.41518095
b02,165,0,0,0.42515674
b02,166,0,0,0.41878375
b02,167,0,0,0.47379085
b02,168,0,1,0.5252864
b02,169,0,1,0.867097
b02,170,0,1,0.796414
b02,171,0,1,0.7816913
b02,172,0,1,0.8522087
b02,173,0,1,0.73160475
b02,174,0,1,0.51738626
b02,175,0,1,0.57780755
b02,176,0,1,0.60452217
b02,177,0,1,0.7755764
b02,178,0,0,0.48587418
b02,179,0,1,0.6849677
b02,180,0,0,0.3790555
b02,181,0,0,0.3672293
b02,182,0,1,0.54737496
b02,183,0,0,0.43108627
b02,184,0,0,0.34711343
b02,185,0,0,0.2689529
b02,186,0,1,0.647687
b02,187,0,0,0.45163387
b02,188,0,0,0.42370918
b02,189,0,0,0.42762524
b02,190,0,0,0.44214377
b02,191,0,0,0.33603144
b02,192,0,1,0.52999294
b02,193,0,1,0.6997073
b02,194,1,1,0.7002542
b02,195,0,1,0.7239778
b02,196,0,1,0.8451959
b02,197,0,1,0.77459025
b02,198,0,1,0.7546829
b02,199,0,1,0.7034327
b02,200,0,1,0.6869588
b02,201,0,1,0.5902489
b02,202,0,0,0.29126334
b02,203,0,1,0.7167048
b02,204,0,1,0.6738857
b02,205,0,1,0.5695069
b02,206,0,1,0.68980974
b02,207,0,1,0.75433093
b02,208,0,1,0.7048805
b02,209,0,0,0.3905309
b02,210,0,1,0.51137054
b02,211,0,1,0.65926266
b02,212,0,1,0.6933865
b02,213,0,0,0.40623882
b02,214,0,0,0.45053613
b02,215,0,1,0.88041985
b02,216,0,1,0.7404339
b02,217,0,1,0.7369676
b02,218,0,1,0.71156615
b02,219,0,1,0.86680037
b02,220,0,1,0.8667291
b02,221,0,1,0.69873506
b02,222,0,1,0.7285803
b02,223,1,1,0.69612026
b02,224,1,1,0.54403895
b02,225,1,1,0.7171422
b02,226,1,1,0.78871375
b02,227,1,1,0.697605
b02,228,1,1,0.5029832
b02,229,1,1,0.70874906
b02,230,1,1,0.6945979
b02,231,0,1,0.6757246
b02,232,0,1,0.5312198
b02,233,0,1,0.76372486
b02,234,0,1,0.5750568
b02,235,0,1,0.76086706
b02,236,0,1,0.8177286
b02,237,0,1,0.77670693
b02,238,0,1,0.740278
b02,239,0,0,0.4585321
b02,240,0,1,0.6813012
b02,241,0,1,0.71332127
b02,242,0,1,0.75072944
b02,243,0,1,0.5260247
b02,244,0,1,0.70317787
b02,245,0,1,0.7835819
b02,246,0,0,0.36372182
b02,247,0,1,0.54267347
b02,248,0,1,0.5895645
b02,249,0,1,0.7015327
b02,250,0,1,0.62896377
b02,251,0,1,0.5286211
b02,252,0,1,0.7185949
b02,253,0,1,0.53504163
b02,254,0,1,0.7365149
b02,255,0,1,0.51788056
b02,256,0,1,0.6186681
b02,257,0,1,0.59562945
b02,258,0,0,0.472445
b02,259,0,1,0.7181061
b02,260,0,1,0.55497265
b02,261,0,1,0.727804
b02,262,0,1,0.7795236
b02,263,0,1,0.69439054
b02,264,1,1,0.73893404
b02,265,1,1,0.77902764
b02,266,1,1,0.7306364
b02,267,0,1,0.71768445
b02,268,0,0,0.45880955
b02,269,0,1,0.8809113
b02,270,0,1,0.6964479
b02,271,0,1,0.70662135
b02,272,0,1,0.8470854
b02,273,0,1,0.841655
b02,274,0,1,0.5492892
b02,275,0,1,0.59084684
b02,276,0,1,0.72077024
b02,277,0,1,0.5732298
b02,278,0,1,0.7269821
b02,279,0,1,0.52657723
b02,280,0,1,0.75938135
b02,281,1,1,0.7540616
b02,282,1,1,0.88161695
b02,283,1,0,0.30936146
b02,284,0,1,0.77676296
b02,285,0,1,0.72550094
b02,286,0,1,0.8667564
b02,287,0,1,0.875843
b02,288,0,1,0.7352252
b02,289,0,1,0.7948069
b02,290,0,1,0.7859157
b02,291,0,1,0.8375085
b02,292,0,1,0.8037456
b02,293,0,1,0.6969884
b02,294,0,1,0.69395554
b02,295,0,1,0.7355736
b02,296,0,1,0.6214272
b02,297,0,1,0.73241156
b02,298,0,1,0.6915709
b02,299,0,1,0.7193342
b02,300,0,1,0.79807925
b02,301,0,1,0.70337284
b02,302,0,1,0.7494076
b02,303,0,1,0.8095987
b02,304,0,1,0.78900546
b02,305,0,1,0.7231742
b02,306,0,1,0.68850195
b02,307,0,1,0.6971658
b02,308,0,1,0.7674287
b02,309,0,1,0.733442
b02,310,0,1,0.72699946
b02,311,0,0,0.45679048
b02,312,0,1,0.70981675
b02,313,0,1,0.77962005
b02,314,0,1,0.66237
b02,315,0,1,0.7356567
b02,316,0,1,0.7542544
b02,317,0,1,0.5933032
b02,318,0,1,0.50972086
b02,319,0,1,0.5791272
b02,320,0,1,0.5567357
b02,321,0,1,0.6873712
b02,322,0,1,0.8024627
b02,323,0,1,0.51098645
b02,324,0,1,0.64172584
b02,325,0,1,0.709875
b02,326,0,1,0.85967904
b02,327,0,1,0.72063917
b02,328,0,1,0.85142374
b02,329,0,1,0.87420964
b02,330,0,1,0.556708
b02,331,0,1,0.8394758
b02,332,0,1,0.88260144
b02,333,0,1,0.73311293
b02,334,0,1,0.7066682
b02,335,0,1,0.69080716
b02,336,0,0,0.472023
b02,337,0,1,0.73327315
b02,338,0,1,0.8353216
b02,339,0,1,0.73103714
b02,340,0,1,0.72471845
b02,341,0,1,0.81368476
b02,342,0,1,0.7655221
b02,343,1,1,0.8630682
b02,344,1,1,0.8432768
b02,345,1,1,0.6919767
b02,346,1,0,0.39729777
b02,347,1,1,0.88163084
b02,348,1,1,0.8716879
b02,349,1,1,0.7745737
b02,350,1,1,0.8402248
b02,351,1,1,0.7561613
b02,352,1,1,0.816621
b02,353,1,1,0.7004302
b02,354,1,1,0.7440125
b02,355,1,1,0.8451608
b02,356,1,1,0.71601856
b02,357,1,0,0.3574924
b02,358,0,1,0.5865474
b02,359,0,1,0.7047028
b02,360,0,1,0.71830964
b02,361,0,1,0.8013224
b02,362,0,1,0.7627067
b02,363,0,1,0.8157559
b02,364,0,1,0.64950943
b02,365,0,1,0.55304873
b02,366,0,1,0.78980285
b02,367,1,1,0.88344437
b02,368,1,1,0.600857
b02,369,0,1,0.63605493
b02,370,0,1,0.80103
b02,371,0,1,0.5617748
b02,372,0,1,0.54281825
b02,373,0,1,0.65328526
b02,374,0,0,0.485133
b02,375,0,1,0.5883945
b02,376,0,0,0.4659455
b02,377,0,0,0.33597037
b02,378,0,1,0.5807095
b02,379,0,1,0.70574915
b02,380,0,1,0.7225874
b02,381,0,1,0.6267845
b02,382,0,1,0.69854677
b02,383,0,1,0.7027697
b02,384,0,1,0.7282468
b02,385,0,1,0.65740526
b02,386,0,1,0.7269828
b02,387,0,0,0.42291522
b02,388,0,1,0.86966664
b02,389,0,1,0.6972419
b02,390,0,0,0.48967484
b02,391,0,1,0.7804772
b02,392,0,1,0.72819483
b02,393,0,1,0.53516454
b02,394,0,0,0.47016412
b02,395,0,1,0.7662335
b02,396,0,1,0.88286036
b02,397,0,1,0.8792806
b02,398,0,1,0.7230497
b02,399,0,1,0.8882316
b02,400,0,1,0.88315314
b02,401,0,0,0.40897942
b02,402,0,1,0.78138465
b02,403,0,1,0.88385886
b02,404,0,1,0.7253
b02,405,0,1,0.88401484
b02,406,0,1,0.88368905
b02,407,0,1,0.7223498
b02,408,0,1,0.7652006
b02,409,0,1,0.6972281
b02,410,0,1,0.6403788
b02,411,0,1,0.8785002
b02,412,0,1,0.69263613
b02,413,0,0,0.31414407
b02,414,0,1,0.71392846
b02,415,0,1,0.87719774
b02,416,0,1,0.7597009
b02,417,0,1,0.84921193
b02,418,0,1,0.6062451
b02,419,0,1,0.6505159
b02,420,0,0,0.44651815
b02,421,1,1,0.77911574
b02,422,1,1,0.70015657
b02,423,1,1,0.69083244
b02,424,1,1,0.5734907
b02,425,1,1,0.86421067
b02,426,1,1,0.62924904
b02,427,1,1,0.7854518
b02,428,1,1,0.77340657
b02,429,1,1,0.6353798
b02,430,1,1,0.85091865
b02,431,1,1,0.71806777
b02,432,1,1,0.7004113
b02,433,1,1,0.84101903
b02,434,1,1,0.6863823
b02,435,1,1,0.79628664
b02,436,1,1,0.8330588
b02,437,1,1,0.83857
b02,438,1,0,0.43681675
b02,439,1,0,0.38710746
b02,440,0,0,0.38749823
b02,441,0,0,0.4566046
b02,442,1,1,0.72476566
b02,443,1,1,0.7734193
b02,444,1,1,0.7181082
b02,445,1,1,0.58609045
b02,446,1,1,0.6952589
b02,447,1,1,0.5402065
b02,448,0,0,0.36351803
b02,449,0,0,0.44666013
b02,450,0,1,0.5163745
b02,451,0,1,0.7283805
b02,452,1,0,0.48689824
b02,453,1,1,0.5144821
b02,454,1,0,0.39808074
b02,455,0,0,0.4561777
b02,456,0,0,0.43690914
b02,457,0,0,0.34384027
b02,458,0,0,0.2989948
b02,459,0,0,0.38280413
b02,460,0,1,0.5472198
b02,461,0,1,0.5422355
b02,462,0,0,0.36447996
b02,463,0,1,0.5364538
b02,464,0,0,0.35275105
b02,465,0,0,0.41965744
b02,466,0,1,0.58013576
b02,467,0,0,0.36185482
b02,468,0,0,0.35002425
b02,469,0,0,0.4996663
b02,470,0,1,0.6145497
b02,471,0,0,0.38132098
b02,472,0,1,0.52550274
b02,473,0,1,0.68001854
b02,474,1,1,0.7129382
b02,475,1,1,0.71300834
b02,476,1,1,0.58444625
b02,477,1,0,0.46789894
b02,478,1,1,0.62829787
b02,479,1,0,0.36201698
b02,480,0,1,0.5821018
b02,481,0,1,0.70845693
b02,482,0,1,0.72920144
b02,483,0,1,0.7531751
b02,484,0,1,0.8227364
b02,485,0,1,0.6727649
b02,486,0,1,0.8124853
b02,487,0,1,0.6887825
b02,488,0,1,0.72446215
b02,489,0,1,0.6045798
b02,490,0,1,0.6013033
b02,491,0,1,0.6948151
b02,492,0,1,0.71742207
b02,493,0,1,0.7386368
b02,494,0,1,0.72424316
b02,495,0,1,0.5780586
b02,496,0,1,0.68065244
b02,497,0,1,0.7511108
b02,498,0,1,0.68735677
b02,499,0,1,0.70930684
b02,500,0,1,0.5401928
b02,501,0,1,0.57159096
b02,502,0,1,0.6361762
b02,503,0,1,0.8769015
b02,504,0,1,0.8807296
b02,505,0,1,0.7087421
b02,506,0,1,0.6943515
b02,507,0,1,0.6935966
b02,508,0,1,0.74751765
b02,509,0,1,0.7318441
b02,510,0,1,0.54054976
b02,511,0,1,0.5506518
b02,512,0,1,0.6621062
b02,513,0,1,0.7163995
b02,514,0,1,0.5987185
b02,515,0,1,0.7807849
b02,516,0,1,0.5591277
b03,1,0,0,0.39176735
b03,2,0,1,0.5394463
b03,3,0,1,0.58628505
b03,4,0,0,0.38116944
b03,5,0,0,0.45513833
b03,6,0,0,0.39819503
b03,7,0,1,0.5700302
b03,8,0,1,0.67821676
b03,9,0,0,0.38563058
b03,10,0,1,0.6883076
b03,11,0,1,0.54094326
b03,12,0,1,0.7325463
b03,13,0,0,0.39897078
b03,14,0,0,0.37249842
b03,15,0,1,0.56884474
b03,16,0,1,0.6605705
b03,17,0,1,0.6961503
b03,18,0,1,0.5579091
b03,19,0,1,0.6559579
b03,20,0,1,0.5294224
b03,21,0,1,0.55441064
b03,22,0,1,0.5418478
b03,23,0,0,0.37914395
b03,24,0,0,0.48647654
b03,25,0,1,0.6752721
b03,26,0,1,0.5528163
b03,27,0,0,0.44650745
b03,28,0,1,0.6620181
b03,29,0,0,0.44189754
b03,30,0,1,0.5721676
b03,31,0,1,0.639777
b03,32,0,0,0.4065049
b03,33,0,1,0.69357586
b03,34,0,1,0.6907963
b03,35,0,1,0.6847657
b03,36,0,1,0.63981247
b03,37,0,0,0.41957086
b03,38,0,1,0.6101744
b03,39,0,1,0.60792625
b03,40,0,1,0.5398236
b03,41,0,1,0.72622174
b03,42,0,1,0.63270557
b03,43,0,1,0.53401446
b03,44,0,1,0.6509663
b03,45,0,1,0.61817926
b03,46,0,0,0.3878047
b03,47,0,1,0.6807295
b03,48,0,1,0.59775215
b03,49,0,1,0.7155813
b03,50,0,1,0.70161444
b03,51,0,1,0.671341
b03,52,0,1,0.5509926
b03,53,0,1,0.68859535
b03,54,0,1,0.6521683
b03,55,0,1,0.71825665
b03,56,0,1,0.66889584
b03,57,0,1,0.6563863
b03,58,0,0,0.42495584
b03,59,0,0,0.39217657
b03,60,0,1,0.6722799
b03,61,0,1,0.5979453
b03,62,0,0,0.38822973
b03,63,0,1,0.69205916
b03,64,0,1,0.65620726
b03,65,0,1,0.6763329
b03,66,0,1,0.61676264
b03,67,0,1,0.55244946
b03,68,0,1,0.70820904
b03,69,0,1,0.75526434
b03,70,0,1,0.6902718
b03,71,0,1,0.69401735
b03,72,0,1,0.5019203
b03,73,0,1,0.6854301
b03,74,0,1,0.56239444
b03,75,0,1,0.63570046
b03,76,0,1,0.7053933
b03,77,0,1,0.66700107
b03,78,0,1,0.61800665
b03,79,0,1,0.7138564
b03,80,0,1,0.6829686
b03,81,0,1,0.70905316
b03,82,0,1,0.66432726
b03,83,0,1,0.5406433
b03,84,0,1,0.7048525
b03,85,0,1,0.64517766
b03,86,0,1,0.5276481
b03,87,0,1,0.68483675
b03,88,0,1,0.7067708
b03,89,0,1,0.70556015
b03,90,0,1,0.5400262
b03,91,0,1,0.73735243
b03,92,0,0,0.48505908
b03,93,0,0,0.4199807
b03,94,0,1,0.5743716
b03,95,0,1,0.63621444
b03,96,0,1,0.57419205
b03,97,0,1,0.6968323
b03,98,1,1,0.7464472
b03,99,1,1,0.68317753
b03,100,1,1,0.7019911
b03,101,1,1,0.7058357
b03,102,1,0,0.4061962
b03,103,0,1,0.547403
b03,104,0,1,0.5533559
b03,105,0,1,0.70996517
b03,106,0,1,0.7416007
b03,107,0,1,0.6812443
b03,108,0,1,0.5384483
b03,109,0,1,0.7153618
b03,110,0,1,0.6574738
b03,111,0,1,0.58892125
b03,112,0,1,0.6515853
b03,113,0,1,0.5672841
b03,114,0,1,0.70033216
b03,115,0,1,0.6055078
b03,116,0,1,0.53929394
b03,117,0,1,0.5847153
b03,118,0,0,0.46175796
b03,119,0,1,0.6670946
b03,120,0,0,0.47808185
b03,121,0,1,0.6634814
b03,122,0,0,0.49765593
b03,123,0,1,0.5417371
b03,124,0,1,0.55045944
b03,125,0,1,0.5513788
b03,126,0,1,0.5361917
b03,127,0,1,0.6245431
b03,128,0,1,0.5638964
b03,129,0,1,0.57095844
b03,130,0,0,0.49098602
b03,131,0,1,0.54837066
b03,132,0,1,0.69588184
b03,133,0,0,0.3759309
b03,134,0,0,0.4189006
b03,135,0,1,0.6778639
b03,136,0,1,0.6591577
b03,137,0,1,0.6183495
b03,138,0,1,0.6532488
b03,139,0,1,0.5422055
b03,140,0,1,0.6426104
b03,141,0,0,0.43049312
b03,142,0,1,0.60697454
b03,143,0,1,0.7625077
b03,144,0,1,0.6480923
b03,145,0,1,0.7047314
b03,146,0,1,0.5949527
b03,147,0,1,0.62983364
b03,148,0,1,0.63902473
b03,149,0,1,0.69102573
b03,150,0,1,0.6779666
b03,151,0,0,0.4133492
b03,152,0,1,0.66791725
b03,153,0,0,0.42160344
b03,154,0,1,0.54071367
b03,155,0,1,0.6118759
b03,156,0,1,0.684742
b03,157,0,0,0.482819
b03,158,0,0,0.46102408
b03,159,0,0,0.42822674
b03,160,0,1,0.58363515
b03,161,0,1,0.7517486
b03,162,0,1,0.74273616
b03,163,0,1,0.70275015
b03,164,1,1,0.7335695
b03,165,1,1,0.6992937
b03,166,1,1,0.6913016
b03,167,1,1,0.72555655
b03,168,1,1,0.55974525
b03,169,1,1,0.62602264
b03,170,1,1,0.72001326
b03,171,1,1,0.5501085
b03,172,1,0,0.38671184
b03,173,0,1,0.6684892
b03,174,0,1,0.68914205
b03,175,0,1,0.6181672
b03,176,0,1,0.67861664
b03,177,0,1,0.62692225
b03,178,0,1,0.68083763
b03,179,0,1,0.6878923
b03,180,0,1,0.5882092
b03,181,0,1,0.5182612
b03,182,0,0,0.48331848
b03,183,0,0,0.38775983
b03,184,0,1,0.5377392
b03,185,0,1,0.5426995
b03,186,0,1,0.6584876
b03,187,0,1,0.67411405
b03,188,0,1,0.5442625
b03,189,0,1,0.53680784
b03,190,0,1,0.65725464
b03,191,0,0,0.41613287
b03,192,0,1,0.59209245
b03,193,0,0,0.4356366
b03,194,0,1,0.61900854
b03,195,0,1,0.5403311
b03,196,0,0,0.46079025
b03,197,0,1,0.548138
b03,198,0,1,0.6267199
b03,199,0,0,0.46832
b03,200,0,1,0.6933003
b03,201,0,1,0.5913408
b03,202,0,1,0.70142806
b03,203,0,1,0.54893094
b03,204,0,0,0.4720909
b03,205,0,1,0.5557239
b03,206,0,1,0.53664726
b03,207,0,0,0.45138824
b03,208,0,1,0.6906407
b03,209,0,1,0.69243157
b03,210,0,1,0.5590589
b03,211,0,1,0.674247
b03,212,0,1,0.69041497
b03,213,0,1,0.6805569
b03,214,0,0,0.46383137
b03,215,0,1,0.5022927
b03,216,0,1,0.68491775
b03,217,0,1,0.5453379
b03,218,0,1,0.55756545
b03,219,0,0,0.3961022
b03,220,0,1,0.71377265
b03,221,0,1,0.63228506
b03,222,0,1,0.61659396
b03,223,0,1,0.6733763
b03,224,0,1,0.6918341
b03,225,1,1,0.69634265
b03,226,1,1,0.70772946
b03,227,1,1,0.66433233
b03,228,1,1,0.70986634
b03,229,1,1,0.7064969
b03,230,1,1,0.6871471
b03,231,1,1,0.73293614
b03,232,1,1,0.7479842
b03,233,1,1,0.5478284
b03,234,1,1,0.7029597
b03,235,1,1,0.6833743
b03,236,1,1,0.73639107
b03,237,1,1,0.59857416
b03,238,1,1,0.61482763
b03,239,1,0,0.41780877
b03,240,0,1,0.6613449
b03,241,0,1,0.7168922
b03,242,0,1,0.6090938
b03,243,0,1,0.69422734
b03,244,0,1,0.6816412
b03,245,0,1,0.7043617
b03,246,0,1,0.5713458
b03,247,0,1,0.69691324
b03,248,0,1,0.69250536
b03,249,0,1,0.64864933
b03,250,0,1,0.5396841
b03,251,0,1,0.69746405
b03,252,0,0,0.48379362
b03,253,0,1,0.69298655
b03,254,0,1,0.71367675
b03,255,0,1,0.54689103
b03,256,0,1,0.6933967
b03,257,1,1,0.6781137
b03,258,0,1,0.67564625
b03,259,0,1,0.6800186
b03,260,0,1,0.7119909
b03,261,0,1,0.54273915
b03,262,0,1,0.6768669
b03,263,0,1,0.7116303
b03,264,0,1,0.702256
b03,265,1,1,0.7178787
b03,266,0,1,0.699034
b03,267,0,1,0.67423975
b03,268,0,1,0.64208746
b03,269,0,0,0.40688697
b03,270,0,0,0.42752925
b03,271,0,1,0.695219
b03,272,0,1,0.70491713
b03,273,0,1,0.67047274
b03,274,0,1,0.6977489
b03,275,0,0,0.44459793
b03,276,0,0,0.48263946
b03,277,0,1,0.6516942
b03,278,0,1,0.71299154
b03,279,0,1,0.56050354
b03,280,0,1,0.5711681
b03,281,0,0,0.43382493
b03,282,0,1,0.6803828
b03,283,0,1,0.5415244
b03,284,0,1,0.699276
b03,285,0,1,0.74616885
b03,286,0,1,0.7488844
b03,287,0,1,0.7206912
b03,288,0,1,0.6608972
b03,289,0,1,0.69051087
b03,290,0,1,0.69056433
b03,291,0,1,0.6071537
b03,292,0,1,0.7429704
b03,293,0,0,0.4389994
b03,294,0,1,0.6471976
b03,295,0,1,0.517195
b03,296,0,1,0.5417766
b03,297,0,1,0.74903655
b03,298,0,0,0.41587368
b03,299,0,1,0.5765132
b03,300,0,1,0.6163234
b03,301,0,1,0.65904725
b03,302,0,1,0.6906944
b03,303,0,1,0.67783993
b03,304,0,1,0.7703742
b03,305,0,1,0.70656484
b03,306,0,1,0.6856238
b03,307,0,1,0.6530138
b03,308,1,1,0.6950359
b03,309,1,1,0.5557361
b03,310,1,1,0.69499755
b03,311,1,0,0.4041199
b03,312,0,0,0.49461448
b03,313,0,0,0.429138
b03,314,1,0,0.4661447
b03,315,0,1,0.57227147
b03,316,0,1,0.70016813
b03,317,0,1,0.67066586
b03,318,0,1,0.54166716
b03,319,0,1,0.7316408
b03,320,0,1,0.5494905
b03,321,0,1,0.57185775
b03,322,0,0,0.49982065
b03,323,0,1,0.632483
b03,324,0,1,0.5145033
b03,325,0,1,0.68676287
b03,326,0,1,0.5393808
b03,327,0,1,0.6897742
b03,328,0,1,0.5473517
b03,329,0,1,0.68409914
b03,330,0,1,0.6605696
b03,331,0,1,0.5694716
b03,332,0,1,0.6691412
b03,333,0,1,0.54965484
b03,334,0,1,0.55722296
b03,335,0,1,0.69573015
b03,336,0,1,0.6677789
b03,337,0,1,0.54169244
b03,338,0,0,0.39342612
b03,339,0,0,0.46718425
b03,340,0,0,0.43188128
b03,341,0,0,0.36660862
b03,342,0,1,0.62281233
b03,343,0,0,0.41813207
b03,344,0,1,0.5468435
b03,345,0,1,0.6964898
b03,346,0,1,0.5437977
b03,347,0,1,0.55199957
b03,348,0,0,0.39364815
b03,349,0,0,0.49274927
b03,350,0,0,0.49525684
b03,351,0,1,0.65092707
b03,352,0,1,0.54999053
b03,353,0,1,0.54228115
b03,354,0,1,0.6867597
b03,355,0,0,0.44163993
b03,356,0,0,0.3766462
b03,357,0,1,0.50564873
b03,358,0,1,0.6982722
b03,359,0,1,0.63400745
b03,360,0,1,0.50462496
b03,361,0,1,0.70561016
b03,362,0,1,0.7747067
b03,363,0,1,0.549393
b03,364,0,0,0.44459444
b03,365,0,1,0.6988773
b03,366,0,1,0.70518607
b03,367,0,0,0.49707165
b03,368,0,1,0.75760335
b03,369,0,0,0.41371003
b03,370,0,1,0.6984123
b03,371,0,1,0.6532323
b03,372,0,1,0.5383071
b03,373,0,1,0.6814689
b03,374,1,1,0.6794666
b03,375,1,1,0.7205608
b03,376,1,1,0.74288857
b03,377,1,1,0.72103095
b03,378,1,1,0.72462374
b03,379,1,1,0.6615223
b03,380,1,1,0.71191186
b03,381,1,1,0.7083513
b03,382,1,1,0.5861894
b03,383,1,1,0.744035
b03,384,1,1,0.74557596
b03,385,1,1,0.7060178
b03,386,1,0,0.375157
b03,387,1,1,0.5832471
b03,388,1,1,0.7546587
b03,389,1,1,0.7510875
b03,390,1,1,0.7110863
b03,391,1,1,0.70977026
b03,392,1,1,0.77473104
b03,393,1,1,0.69423896
b03,394,1,1,0.7204616
b03,395,1,1,0.66163844
b03,396,1,1,0.72959906
b03,397,1,1,0.7325412
b03,398,1,1,0.7012551
b03,399,1,1,0.7217163
b03,400,1,0,0.4529843
b03,401,1,1,0.69266874
b03,402,1,1,0.7060504
b03,403,0,1,0.6880249
b03,404,0,0,0.40802774
b03,405,0,1,0.6851989
b03,406,0,1,0.7018142
b03,407,0,1,0.67123246
b03,408,0,1,0.7286573
b03,409,0,1,0.63577175
b03,410,0,1,0.5553539
b03,411,0,1,0.70163727
b03,412,0,1,0.596218
b03,413,0,0,0.45488334
b03,414,0,1,0.6456253
b03,415,0,1,0.5501417
b03,416,0,1,0.5698986
b03,417,0,1,0.56058544
b03,418,0,1,0.6655102
b03,419,0,1,0.5615372
b03,420,0,1,0.6924995
b03,421,0,1,0.6807235
b03,422,0,1,0.6554894
b03,423,0,1,0.6661822
b03,424,0,1,0.7012479
b03,425,1,1,0.6566137
b03,426,0,1,0.688706
b03,427,0,1,0.6874846
b03,428,0,1,0.58697146
b03,429,0,1,0.72485197
b03,430,1,1,0.5442536
b03,431,0,1,0.76670814
b03,432,0,1,0.73617333
b03,433,0,0,0.4408294
b03,434,1,1,0.56676644
b03,435,1,1,0.69016284
b03,436,1,1,0.7464739
b03,437,1,1,0.6950566
b03,438,1,1,0.6920242
b03,439,1,0,0.38632184
b03,440,0,1,0.75577354
b04,3,0,0,1.0129899e-09
b04,8,0,0,2.2068995e-21
b04,9,0,0,0.40536723
b04,10,0,0,0.40515676
b04,11,0,0,0.425428
b04,12,0,0,0.38534093
b04,13,0,0,0.40166056
b04,14,0,0,0.3927607
b04,15,0,0,0.4429461
b04,16,0,0,0.4225598
b04,17,0,1,0.51499957
b04,18,0,0,0.42602664
b04,19,0,0,0.39654437
b04,20,0,0,0.37942562
b04,21,0,0,0.4454341
b04,22,0,0,0.3929523
b04,23,0,1,0.520796
b04,24,0,1,0.53923905
b04,25,0,1,0.5461108
b04,26,0,0,0.40302837
b04,27,0,0,0.39597213
b04,28,0,0,0.40593383
b04,29,0,0,0.4628101
b04,30,0,1,0.51815045
b04,31,0,1,0.5387484
b04,32,0,0,0.47078928
b04,33,0,0,0.43524402
b04,34,0,1,0.51264626
b04,35,0,0,0.4392083
b04,36,0,1,0.56907856
b04,37,0,1,0.54411244
b04,38,0,0,0.40148997
b04,39,0,0,0.41350538
b04,40,0,0,0.42595354
b04,41,0,0,0.39210647
b04,42,0,1,0.51531047
b04,43,0,0,0.411042
b04,44,0,0,0.40520334
b04,45,0,0,0.4879299
b04,46,0,1,0.54435474
b04,47,0,0,0.43322757
b04,48,0,0,0.49720204
b04,49,0,0,0.46391892
b04,50,0,0,0.3800155
b04,51,0,0,0.37646493
b04,52,0,1,0.546654
b04,53,0,1,0.5365093
b04,54,0,0,0.3873216
b04,55,0,1,0.56373703
b04,56,0,0,0.45705527
b04,57,0,0,0.37840325
b04,58,0,0,0.4772586
b04,59,0,1,0.5387348
b04,60,0,0,0.47929454
b04,61,0,1,0.5765174
b04,62,0,0,0.38084522
b04,63,0,0,0.39217356
b04,64,0,0,0.4509636
b04,65,0,0,0.40070608
b04,66,0,0,0.38834363
b04,67,0,0,0.47572988
b04,68,0,0,0.39922902
b04,69,0,0,0.41880593
b04,70,0,1,0.6795297
b04,71,0,0,0.4848485
b04,72,0,0,0.48047087
b04,73,0,1,0.5143118
b04,74,0,1,0.55255675
b04,75,0,1,0.51589423
b04,76,0,0,0.42308274
b04,77,0,1,0.521462
b04,78,0,0,0.4430812
b04,79,0,0,0.39931384
b04,80,0,0,0.39608392
b04,81,0,0,0.36888537
b04,82,0,0,0.36736122
b04,83,0,0,0.39906272
b04,84,0,0,0.43379322
b04,85,0,0,0.43180934
b04,86,0,0,0.3924603
b04,87,0,0,0.4671189
b04,88,0,0,0.37507597
b04,89,0,0,0.39051935
b04,90,0,0,0.40858212
b04,91,0,0,0.37094018
b04,92,0,0,0.37570596
b04,93,0,0,0.36747232
b04,94,0,0,0.3866771
b04,95,0,0,0.39162406
b04,96,0,0,0.3731997
b04,97,0,0,0.38377175
b04,98,0,0,0.3791612
b04,99,0,0,0.37039754
b04,100,0,0,0.37120733
b04,101,0,0,0.37278655
b04,102,0,0,0.3739688
b04,103,0,0,0.36870727
b04,104,0,0,0.4097512
b04,105,0,1,0.61645633
b04,106,0,1,0.5542698
b04,107,0,1,0.604107
b04,108,0,0,0.41162014
b04,109,0,1,0.5430361
b04,110,0,1,0.50490785
b04,111,0,1,0.5480778
b04,112,0,1,0.54985666
b04,113,0,0,0.42384833
b04,114,0,1,0.6811301
b04,115,0,1,0.55509955
b04,116,0,1,0.56242204
b04,117,0,1,0.630846
b04,118,0,1,0.686347
b04,119,0,1,0.57274985
b04,120,0,1,0.64710563
b04,121,0,1,0.6884232
b04,122,0,0,0.49510235
b04,123,0,0,0.39245477
b04,124,0,0,0.4337044
b04,125,0,1,0.74620605
b04,126,0,1,0.6608564
b04,127,0,0,0.4425141
b04,128,0,1,0.5185474
b04,129,0,1,0.546702
b04,130,0,1,0.6845079
b04,131,0,1,0.6420413
b04,132,0,1,0.61463976
b04,133,0,0,0.39584836
b04,134,0,1,0.6648342
b04,135,1,1,0.68194526
b04,136,1,1,0.67305464
b04,137,1,0,0.4102137
b04,138,1,1,0.56184816
b04,139,1,1,0.51956916
b04,140,0,1,0.5503918
b04,141,0,1,0.7023927
b04,142,0,1,0.68104815
b04,143,0,0,0.43928692
b04,144,0,0,0.43263057
b04,145,0,1,0.66681224
b04,146,0,0,0.37340692
b04,147,0,0,0.38230124
b04,148,0,1,0.70714945
b04,149,0,0,0.38685918
b04,150,0,1,0.6028004
b04,151,0,0,0.48311412
b04,152,0,1,0.52176636
b04,153,0,1,0.54018235
b04,154,0,1,0.5036558
b04,155,0,1,0.5388172
b04,156,0,1,0.6499273
b04,157,0,0,0.47299245
b04,158,0,1,0.54848844
b04,159,0,0,0.38309255
b04,160,0,0,0.37209627
b04,161,0,0,0.3693641
b04,162,0,0,0.36602128
b04,163,0,0,0.3710358
b04,164,0,0,0.38897476
b04,165,0,0,0.3836753
b04,166,0,0,0.38415116
b04,167,0,0,0.38395208
b04,168,0,0,0.39883986
b04,169,0,0,0.3907284
b04,170,0,0,0.3936517
b04,171,0,0,0.37536085
b04,172,0,0,0.37712535
b04,173,0,0,0.37134126
b04,174,0,0,0.39246053
b04,175,0,0,0.39517394
b04,176,0,0,0.378718
b04,177,0,0,0.37951517
b04,178,0,0,0.37667742
b04,179,0,0,0.37789062
b04,180,0,0,0.37435287
b04,181,0,0,0.37769616
b04,182,0,0,0.37801787
b04,183,0,0,0.36993572
b04,184,0,0,0.37426147
b04,185,0,0,0.36740515
b04,186,0,0,0.36972496
b04,187,0,0,0.3691367
b04,188,0,0,0.37001237
b04,189,0,0,0.38759118
b04,190,0,0,0.36692703
b04,191,0,0,0.37236318
b04,192,0,0,0.3713998
b04,193,0,0,0.37236214
b04,194,0,0,0.36947098
b04,195,0,0,0.37614647
b04,196,0,0,0.37037307
b04,197,0,0,0.3626283
b04,198,0,0,0.3651728
b04,199,0,0,0.37393284
b04,200,0,0,0.36431804
b04,201,0,0,0.36725557
b04,202,0,0,0.3821539
b04,203,0,0,0.3741524
b04,204,0,1,0.6920129
b04,205,0,1,0.54256034
b04,206,0,1,0.5410681
b04,207,0,1,0.66801816
b04,208,0,1,0.54020846
b04,209,0,1,0.5298031
b04,210,0,1,0.6673006
b04,211,0,1,0.5559348
b04,212,0,1,0.68527716
b04,213,0,1,0.6901722
b04,214,0,0,0.3978207
b04,215,0,0,0.39195517
b04,216,0,0,0.40420485
b04,217,0,1,0.58397526
b04,218,0,0,0.39988756
b04,219,0,0,0.4652148
b04,220,0,1,0.6754833
b04,221,0,1,0.51727825
b04,222,0,1,0.53892255
b04,223,0,1,0.56477773
b04,224,0,0,0.43023223
b04,225,0,1,0.70412946
b04,226,0,1,0.6979675
b04,227,0,1,0.53867644
b04,228,0,0,0.4978277
b04,229,0,1,0.6699723
b04,230,0,1,0.6922863
b04,231,0,1,0.66894144
b04,232,0,1,0.6331108
b04,233,0,1,0.68485624
b04,234,0,1,0.67927164
b04,235,0,1,0.56301
b04,236,0,1,0.6483912
b04,237,1,1,0.6535107
b04,238,1,1,0.68272334
b04,239,0,0,0.40435207
b04,240,0,0,0.4874783
b04,241,0,1,0.6352003
b04,242,0,1,0.685991
b04,243,0,0,0.4141255
b04,244,0,1,0.62810993
b04,245,0,1,0.5421115
b04,246,0,1,0.5561262
b04,247,0,1,0.66930366
b04,248,0,1,0.54552704
b04,249,0,1,0.64562345
b04,250,0,1,0.67070657
b04,251,0,1,0.6619212
b04,252,0,1,0.68184143
b04,253,0,0,0.42799327
b04,254,0,0,0.37287718
b04,255,0,0,0.37882885
b04,256,0,0,0.37644416
b04,257,0,0,0.3796739
b04,258,0,0,0.37585872
b04,259,0,0,0.38927788
b04,260,0,0,0.38803795
b04,261,0,0,0.39437664
b04,262,0,0,0.3691881
b04,263,0,0,0.36960495
b04,264,0,0,0.3714408
b04,265,0,0,0.38834095
b04,266,0,0,0.3821272
b04,267,0,0,0.38077655
b04,268,0,0,0.37059382
b04,269,0,0,0.3881503
b04,270,0,0,0.39419758
b04,271,0,0,0.40200448
b04,272,0,0,0.3893595
b04,273,0,0,0.37782845
b04,274,0,0,0.3977674
b04,275,0,0,0.38623938
b04,276,0,0,0.37158668
b04,277,0,0,0.36567402
b04,278,0,0,0.36931112
b04,279,0,0,0.38194722
b04,280,0,0,0.37029523
b04,281,0,0,0.40812355
b04,282,0,0,0.3867406
b04,283,0,0,0.38641638
b04,284,0,0,0.3883336
b04,285,0,0,0.39078486
b04,286,0,0,0.4012643
b04,287,0,0,0.3854001
b04,288,0,0,0.38993582
b04,289,0,0,0.45689458
b04,290,0,0,0.48471546
b04,291,0,0,0.40159023
b04,292,0,0,0.43782791
b04,293,0,0,0.3938213
b04,294,0,0,0.38702586
b04,295,0,0,0.38279992
b04,296,0,0,0.40095004
b04,297,0,1,0.67107284
b04,298,0,1,0.53811
b04,299,0,0,0.46514216
b04,300,0,1,0.66284466
b04,301,0,1,0.54143316
b04,302,0,1,0.54132986
b04,303,0,1,0.6188394
b04,304,0,1,0.5957535
b04,305,0,1,0.5161115
b04,306,0,0,0.4524581
b04,307,0,1,0.5428055
b04,308,0,1,0.54839087
b04,309,0,1,0.5431568
b04,310,0,1,0.688572
b04,311,0,1,0.5498696
b04,312,0,1,0.68118
b04,313,0,1,0.54043955
b04,314,0,1,0.6701014
b04,315,0,1,0.6591834
b04,316,0,1,0.65460324
b04,317,0,1,0.54769504
b04,318,0,1,0.7073973
b04,319,0,1,0.5475346
b04,320,0,1,0.6203795
b04,321,0,1,0.6799909
b04,322,0,1,0.5384208
b04,323,0,1,0.67786705
b04,324,0,1,0.69436544
b04,325,0,0,0.39742416
b04,326,0,1,0.7318982
b04,327,0,1,0.6906776
b04,328,0,1,0.6496485
b04,329,0,1,0.65919507
b04,330,0,1,0.57390535
b04,331,0,1,0.685921
b04,332,0,1,0.69633126
b04,333,0,1,0.6810356
b04,334,0,0,0.49950832
b04,335,0,1,0.64087266
b04,336,0,0,0.47592974
b04,337,0,0,0.4099046
b04,338,0,1,0.68431115
b04,339,0,1,0.6815135
b04,340,0,0,0.45871022
b04,341,0,1,0.53685206
b04,342,0,1,0.5911906
b04,343,0,0,0.3914528
b04,344,0,0,0.43174836
b04,345,0,1,0.53860694
b04,346,0,0,0.40424868
b04,347,0,0,0.47724766
b04,348,0,0,0.40874776
b04,349,0,0,0.4246182
b04,350,0,0,0.43151355
b04,351,0,0,0.4778935
b04,352,1,1,0.5816579
b04,353,1,1,0.5529239
b04,354,1,0,0.3907563
b04,355,0,0,0.4250592
b04,356,0,1,0.5517693
b04,357,0,1,0.56532675
b04,358,0,0,0.37856936
b04,359,0,0,0.42059407
b04,360,0,0,0.4221898
b04,361,0,0,0.47148365
b04,362,0,1,0.654734
b04,363,0,1,0.6166315
b04,364,0,1,0.5587913
b04,365,0,1,0.66444343
b04,366,0,1,0.68698674
b04,367,0,1,0.5508461
b04,368,0,1,0.54613143
b04,369,0,1,0.6510847
b04,370,0,1,0.6780136
b04,371,0,1,0.62719876
b04,372,0,1,0.5437983
b04,373,0,1,0.50428206
b04,374,0,1,0.54736197
b04,375,0,0,0.40023863
b04,376,0,1,0.5295874
b04,377,0,1,0.545227
b04,378,0,1,0.68447936
b04,379,0,1,0.6358248
b04,380,0,1,0.5897393
b04,381,0,1,0.6876943
b04,382,0,1,0.6602284
b04,383,0,1,0.5592283
b04,384,0,1,0.5579135
b04,385,0,1,0.61829996
b04,386,0,1,0.6918572
b04,387,0,0,0.4148615
b04,388,0,1,0.67926186
b04,389,0,1,0.6886821
b04,390,0,1,0.5590561
b04,391,0,1,0.70478606
b04,392,0,1,0.6488212
b04,393,0,1,0.5084468
b04,394,0,0,0.38610393
b04,395,0,1,0.5229365
b04,396,0,0,0.3951095
b04,397,0,0,0.42102253
b04,398,0,0,0.37949973
b04,399,0,0,0.37657794
b04,400,0,0,0.38069272
b04,401,0,0,0.37835038
b04,402,0,0,0.3794709
b04,403,0,0,0.39136532
b04,404,0,0,0.38949665
b04,405,0,0,0.38464826
b04,406,0,0,0.40180174
b04,407,0,0,0.37808418
b04,408,0,0,0.40701187
b04,409,0,1,0.50163484
b04,410,0,1,0.52572393
b04,411,0,0,0.41151297
b04,412,0,0,0.42729485
b04,413,0,1,0.538582
b04,414,0,0,0.40532923
b04,415,0,0,0.39742938
b04,416,0,0,0.41050422
b04,417,0,1,0.589476
b04,418,0,1,0.56529146
b04,419,0,1,0.55378777
b04,420,0,1,0.551666
b04,421,0,1,0.543388
b04,422,0,0,0.43204793
b04,423,0,0,0.44102964
b04,424,0,1,0.5139849
b04,425,0,1,0.66514796
b04,426,0,0,0.41849154
b04,427,0,1,0.5459431
b04,428,0,0,0.3971435
b05,1,0,1,0.5480013
b05,2,0,1,0.549927
b05,3,0,1,0.5457528
b05,4,0,1,0.5446407
b05,5,0,1,0.5465805
b05,6,0,1,0.54601306
b05,7,0,1,0.54522514
b05,8,0,1,0.5433967
b05,9,0,1,0.545735
b05,10,0,1,0.54440314
b05,11,0,1,0.54991275
b05,12,0,1,0.54479265
b05,13,0,1,0.5451669
b05,14,0,1,0.5441592
b05,15,0,1,0.54546666
b05,16,0,1,0.54522777
b05,17,0,1,0.5445849
b05,18,0,1,0.54400027
b05,19,0,1,0.5506796
b05,20,0,1,0.54688424
b05,21,0,1,0.55118364
b05,22,0,1,0.5440059
b05,23,0,1,0.54684466
b05,24,0,1,0.5475003
b05,25,0,1,0.54392564
b05,26,0,1,0.5456706
b05,27,0,1,0.54514223
b05,28,0,1,0.54306394
b05,29,0,1,0.5431473
b05,30,0,1,0.5442505
b05,31,0,1,0.54594177
b05,32,0,1,0.5466057
b05,33,0,1,0.5482763
b05,34,0,1,0.543705
b05,35,0,1,0.5459719
b05,36,0,1,0.5487639
b05,37,0,1,0.55041414
b05,38,0,1,0.5448307
b05,39,0,1,0.544709
b05,40,0,1,0.5462915
b05,41,0,1,0.5451769
b05,42,0,1,0.54494464
b05,43,0,1,0.5463252
b05,44,0,1,0.5464349
b05,45,0,1,0.54636157
b05,46,1,1,0.5458533
b05,47,0,1,0.5459118
b05,48,0,1,0.5470458
b05,49,0,1,0.54588944
b05,50,0,1,0.5472662
b05,51,0,1,0.54431456
b05,52,0,1,0.5450488
b05,53,0,1,0.54692245
b05,54,0,1,0.54599357
b05,55,0,1,0.5478612
b05,56,0,1,0.5477677
b05,57,0,1,0.54646605
b05,58,0,1,0.546685
b05,59,0,1,0.5468548
b05,60,0,1,0.5479303
b05,61,0,1,0.5459153
b05,62,0,1,0.55257833
b05,63,0,1,0.54876137
b05,64,0,1,0.5476696
b05,65,0,1,0.5481257
b05,66,0,1,0.54790115
b05,67,0,1,0.54769224
b05,68,0,1,0.5479563
b05,69,0,1,0.54691523
b05,70,0,1,0.55072683
b05,71,0,1,0.54834914
b05,72,0,1,0.54823166
b05,73,0,1,0.5478516
b05,74,0,1,0.54836756
b05,75,0,1,0.54797786
b05,76,0,1,0.54512686
b05,77,0,1,0.54708356
b05,78,0,1,0.54752976
b05,79,0,1,0.54618394
b05,80,0,1,0.547351
b05,81,0,1,0.54777783
b05,82,0,1,0.549991
b05,83,0,1,0.5476046
b05,84,0,1,0.547278
b05,85,0,1,0.54657817
b05,86,0,1,0.5474013
b05,87,0,1,0.5472848
b05,88,0,1,0.5470548
b05,89,0,1,0.5460095
b05,90,0,1,0.54628646
b05,91,0,1,0.547024
b05,92,0,1,0.5463506
b05,93,0,1,0.5480576
b05,94,0,1,0.54849607
b05,95,0,1,0.54693174
b05,96,0,1,0.5474633
b05,97,0,1,0.5469776
b05,98,0,1,0.54929036
b05,99,0,1,0.5492904
b05,100,0,1,0.5462111
b05,101,0,1,0.5482514
b05,102,0,1,0.5467031
b05,103,0,1,0.5472679
b05,104,0,1,0.5453701
b05,105,0,1,0.5467523
b05,106,0,1,0.5487448
b05,107,0,1,0.54733866
b05,108,0,1,0.54795986
b05,109,0,1,0.54616416
b05,110,0,1,0.5494276
b05,111,0,1,0.5486601
b05,112,0,1,0.5488297
b05,113,0,1,0.5481359
b05,114,0,1,0.5477884
b05,115,0,1,0.54884714
b05,116,1,1,0.54773927
b05,117,1,1,0.5466448
b05,118,0,1,0.54898113
b05,119,0,1,0.5469301
b05,120,0,1,0.5481282
b05,121,0,1,0.5476288
b05,122,0,1,0.54663414
b05,123,0,1,0.5478981
b05,124,0,1,0.5463129
b05,125,0,1,0.54757726
b05,126,0,1,0.5475304
b05,127,0,1,0.54518014
b05,128,0,1,0.55133975
b05,129,0,1,0.547405
b05,130,0,1,0.5481012
b05,131,0,1,0.550769
b05,132,0,1,0.54698277
b05,133,0,1,0.54821706
b05,134,0,1,0.5459684
b05,135,0,1,0.55453235
b05,136,0,1,0.54637474
b05,137,0,1,0.54791987
b05,138,0,1,0.54930747
b05,139,0,1,0.5480111
b05,140,0,1,0.5501251
b05,141,0,1,0.5573502
b05,142,0,1,0.54853016
b05,143,0,1,0.54810005
b05,144,0,1,0.5486726
b05,145,0,1,0.55617195
b05,146,0,1,0.6141572
b05,147,0,1,0.55001664
b05,148,0,1,0.5534718
b05,149,0,1,0.5475044
b05,150,0,1,0.54972976
b05,151,0,1,0.54985595
b05,152,0,1,0.54798025
b05,153,0,1,0.54807866
b05,154,0,1,0.5495592
b05,155,0,1,0.5463797
b05,156,0,1,0.54706293
b05,157,0,1,0.5475681
b05,158,0,1,0.54995435
b05,159,0,1,0.5467375
b05,160,0,1,0.5476276
b05,161,0,1,0.54793704
b05,162,0,1,0.5485197
b05,163,0,1,0.5457258
b05,164,0,1,0.5463766
b05,165,0,1,0.54597497
b05,166,0,1,0.5480043
b05,167,0,1,0.5460103
b05,168,0,1,0.5482611
b05,169,0,1,0.5480256
b05,170,0,1,0.5442022
b05,171,0,1,0.54523635
b05,172,0,1,0.5466401
b05,173,0,1,0.5468584
b05,174,0,1,0.5463407
b05,175,0,1,0.54598635
b05,176,0,1,0.5466682
b05,177,0,1,0.5468832
b05,178,0,1,0.5469324
b05,179,0,1,0.545548
b05,180,0,1,0.5580503
b05,181,0,1,0.554653
b05,182,0,1,0.5472747
b05,183,0,1,0.5464796
b05,184,0,1,0.55675524
b05,185,0,1,0.5466414
b05,186,0,1,0.5453967
b05,187,0,1,0.54410595
b05,188,0,1,0.55340827
b05,189,0,1,0.5457789
b05,190,0,1,0.54680544
b05,191,0,1,0.5467413
b05,192,0,1,0.5466382
b05,193,0,1,0.5450707
b05,194,0,1,0.5444439
b05,195,0,1,0.5459097
b05,196,0,1,0.5457935
b05,197,0,1,0.54633313
b05,198,0,1,0.54668564
b05,199,0,1,0.546015
b05,200,0,1,0.5457872
b05,201,0,1,0.54764533
b05,202,0,1,0.54699194
b05,203,0,1,0.5465463
b05,204,0,1,0.546915
b05,205,0,1,0.5462791
b05,206,0,1,0.54755443
b05,207,0,1,0.547505
b05,208,0,1,0.54793644
b05,209,0,1,0.547149
b05,210,0,1,0.5539742
b05,211,0,1,0.5522974
b05,212,0,1,0.5505454
b05,213,0,1,0.54868037
b05,214,0,1,0.54772747
b05,215,0,1,0.546926
b05,216,0,1,0.5474739
b05,217,0,1,0.5490571
b05,218,0,1,0.54928493
b05,219,0,1,0.54810315
b05,220,0,1,0.54633635
b05,221,0,1,0.54784936
b05,222,0,1,0.5478236
b05,223,0,1,0.5472974
b05,224,0,1,0.5472444
b05,225,0,1,0.5476827
b05,226,0,1,0.54549307
b05,227,0,1,0.54710495
b05,228,0,1,0.5477297
b05,229,0,1,0.5477433
b05,230,0,1,0.5481203
b05,231,0,1,0.54818255
b05,232,0,1,0.54798615
b05,233,0,1,0.5480737
b05,234,0,1,0.5479032
b05,235,0,1,0.5471641
b05,236,0,1,0.5454973
b05,237,0,1,0.54781765
b05,238,0,1,0.5474197
b05,239,0,1,0.5470805
b05,240,0,1,0.54677
b05,241,0,1,0.5471289
b05,242,0,1,0.5470268
b05,243,0,1,0.54726887
b05,244,0,1,0.5472648
b05,245,0,1,0.54594374
b05,246,0,1,0.54642314
b05,247,0,1,0.5463722
b05,248,0,1,0.5467602
b05,249,0,1,0.54826385
b05,250,0,1,0.54680586
b05,251,0,1,0.5471547
b05,252,0,1,0.5452849
b05,253,0,1,0.5448836
b05,254,0,1,0.5451552
b05,255,0,1,0.5457269
b05,256,0,1,0.5446132
b05,257,0,1,0.54684794
b05,258,0,1,0.5450575
b05,259,0,1,0.5468613
b05,260,0,1,0.5460331
b05,261,0,1,0.5468133
b05,262,0,1,0.5494802
b05,263,0,1,0.545768
b05,264,0,1,0.5464669
b05,265,0,1,0.5625239
b05,266,0,1,0.5475983
b05,267,0,1,0.5496846
b05,268,0,1,0.54338914
b05,269,0,1,0.54476297
b05,270,0,1,0.54575586
b05,271,0,1,0.55286735
b05,272,0,1,0.6058463
b05,273,0,1,0.5718218
b05,274,0,1,0.5704185
b05,275,0,1,0.5743131
b05,276,0,1,0.5633645
b05,277,0,1,0.5528602
b05,278,0,1,0.5734628
b05,279,0,1,0.6575126
b05,280,0,1,0.5964648
b05,281,0,1,0.637034
b05,282,0,1,0.5719191
b05,283,0,1,0.57523453
b05,284,0,1,0.55241716
b05,285,0,1,0.543475
b05,286,0,1,0.5462449
b05,287,0,1,0.54650074
b05,288,0,1,0.54402375
b05,289,0,1,0.5471137
b05,290,0,1,0.5453708
b05,291,0,1,0.54466563
b05,292,0,1,0.54322934
b05,293,0,1,0.54517525
b05,294,0,1,0.5463438
b05,295,0,1,0.5454514
b05,296,0,1,0.54789585
b05,297,0,1,0.5471773
b05,298,0,1,0.5525762
b05,299,0,1,0.5473533
b05,300,0,1,0.54337406
b05,301,0,1,0.5451912
b05,302,0,1,0.54728264
b05,303,0,1,0.5437552
b05,304,0,1,0.54775006
b05,305,0,1,0.54727066
b05,306,0,1,0.5473746
b05,307,0,1,0.54439056
b05,308,0,1,0.547633
b05,309,0,1,0.54549843
b05,310,0,1,0.5483371
b05,311,1,1,0.5460097
b05,312,1,1,0.5482267
b05,313,1,1,0.5475233
b05,314,0,1,0.5458623
b05,315,0,1,0.5461067
b05,316,0,1,0.54725355
b05,317,0,1,0.5468688
b05,318,0,1,0.54704994
b05,319,0,1,0.54609
b05,320,1,1,0.5485063
b05,321,1,1,0.5482939
b05,322,1,1,0.5460792
b05,323,1,1,0.5485783
b05,324,1,1,0.54743564
b05,325,1,1,0.5469805
b05,326,1,1,0.5458415
b05,327,1,1,0.54540217
b05,328,1,1,0.54664105
b05,329,1,1,0.54480803
b05,330,1,1,0.5475245
b05,331,1,1,0.54653746
b05,332,1,1,0.547168
b05,333,1,1,0.54591155
b05,334,1,1,0.5472169
b05,335,1,1,0.5462203
b05,336,1,1,0.5496376
b05,337,0,1,0.54789317
b05,338,0,1,0.54612076
b05,339,0,1,0.5473159
b05,340,0,1,0.5461786
b05,341,0,1,0.5467505
b05,342,0,1,0.55150664
b05,343,0,1,0.5467041
b05,344,0,1,0.54759836
b05,345,0,1,0.5440331
b05,346,0,1,0.5623759
b05,347,0,1,0.54972935
b05,348,0,1,0.56537426
b05,349,0,1,0.55045736
b05,350,0,1,0.54549414
b05,351,1,1,0.5486376
b05,352,0,1,0.56113935
b05,353,0,1,0.5462807
b05,354,0,1,0.547537
b05,355,0,1,0.5629722
b05,356,0,1,0.59740204
b05,357,0,1,0.55941516
b05,358,0,1,0.54790026
b05,359,0,1,0.5520195
b05,360,0,1,0.5440629
b05,361,0,1,0.556839
b05,362,0,1,0.5470083
b05,363,0,1,0.5449855
b05,364,0,1,0.5463605
b05,365,0,1,0.55520463
b05,366,0,1,0.5439779
b05,367,0,1,0.549696
b05,368,0,1,0.54680914
b05,369,0,1,0.5455977
b05,370,0,1,0.5507482
b05,371,0,1,0.5454847
b05,372,0,1,0.5438397
b05,373,0,1,0.5455778
b05,374,0,1,0.5450834
b05,375,0,1,0.5443333
b05,376,0,1,0.5488681
b05,377,0,1,0.54392433
b05,378,0,1,0.5457197
b05,379,0,1,0.54590267
b05,380,0,1,0.5475086
b05,381,0,1,0.5451267
b05,382,0,1,0.5455261
b05,383,0,1,0.544657
b05,384,0,1,0.54547006
b05,385,0,1,0.5463016
b05,386,0,1,0.5461498
b05,387,0,1,0.5473987
b05,388,0,1,0.5455136
b05,389,1,1,0.54704624
b05,390,1,1,0.54526883
b05,391,1,1,0.5523886
b05,392,1,1,0.5530785
b05,393,1,1,0.54719514
b05,394,1,1,0.5960398
b05,395,0,1,0.5451165
b05,396,0,1,0.5477112
b05,397,0,1,0.5530904
b05,398,0,1,0.5454581
b05,399,0,1,0.55568093
b05,400,0,1,0.5469534
b05,401,0,1,0.547043
b05,402,0,1,0.546705
b05,403,0,1,0.54610497
b05,404,0,1,0.54592264
b05,405,1,1,0.5433303
b05,406,1,1,0.5480265
b05,407,1,1,0.5461875
b05,408,1,1,0.5515284
b05,409,1,1,0.5454575
b05,410,1,1,0.5462263
b05,411,1,1,0.54415375
b05,412,1,1,0.54655313
b05,413,1,1,0.5474717
b05,414,1,1,0.54989517
b05,415,1,1,0.56713057
b05,416,1,1,0.54613715
b05,417,1,1,0.54776216
b05,418,1,1,0.5451349
b05,419,1,1,0.548335
b05,420,1,1,0.5491477
b05,421,1,1,0.5440877
b05,422,1,1,0.5493426
b05,423,1,1,0.54589057
b05,424,1,1,0.54895556
b05,425,1,1,0.5629642
b05,426,1,1,0.5458385
b05,427,1,1,0.5460076
b05,428,1,1,0.54749274
b05,429,1,1,0.54653084
b05,430,1,1,0.54693145
b05,431,1,1,0.54701847
b05,432,0,1,0.5669823
c01,10,0,1,0.5452714
c01,11,0,1,0.5548594
c01,12,0,1,0.54488176
c01,13,0,1,0.54516464
c01,14,0,1,0.5445768
c01,15,0,1,0.5425958
c01,16,0,1,0.5448272
c01,17,0,1,0.5537465
c01,18,0,1,0.54986626
c01,19,0,1,0.56588656
c01,20,0,1,0.5480498
c01,21,0,1,0.5547376
c01,22,0,1,0.5749991
c01,23,0,1,0.54516923
c01,24,0,1,0.5449001
c01,25,0,1,0.5625451
c01,26,0,1,0.54250515
c01,27,0,1,0.54428405
c01,28,0,1,0.55604255
c01,29,0,1,0.5623441
c01,30,0,1,0.547686
c01,31,0,1,0.54081756
c01,32,0,1,0.5512844
c01,33,0,1,0.54408926
c01,34,0,1,0.54508775
c01,35,0,1,0.5819032
c01,36,0,1,0.58692765
c01,37,0,1,0.55281055
c01,38,0,1,0.55679315
c01,39,0,1,0.5469254
c01,40,0,1,0.54679495
c01,41,0,1,0.5528237
c01,42,0,1,0.55526453
c01,43,0,1,0.5483859
c01,44,0,1,0.5521956
c01,45,0,1,0.5488005
c01,46,0,1,0.5481033
c01,47,0,1,0.54620856
c01,48,0,1,0.54894084
c01,49,0,1,0.55556905
c01,50,0,1,0.546094
c01,51,0,1,0.5732936
c01,52,0,1,0.54518116
c01,53,0,1,0.55152076
c01,54,0,1,0.5685504
c01,55,0,1,0.55334437
c01,56,0,1,0.5500515
c01,57,0,1,0.54433006
c01,58,0,1,0.54169923
c01,59,0,1,0.5451453
c01,60,0,1,0.5436785
c01,61,0,1,0.54242593
c01,62,0,1,0.54493666
c01,63,0,1,0.54335916
c01,64,0,1,0.5460347
c01,65,0,1,0.5425115
c01,66,0,1,0.54358304
c01,67,0,1,0.5472793
c01,68,0,1,0.5445105
c01,69,0,1,0.5459257
c01,70,0,1,0.54466033
c01,71,0,1,0.541813
c01,72,0,1,0.54246813
c01,73,0,1,0.54586995
c01,74,0,1,0.5442244
c01,75,0,1,0.54494965
c01,76,0,1,0.5442838
c01,77,0,1,0.54386437
c01,78,0,1,0.5422191
c01,79,0,1,0.5435931
c01,80,0,1,0.5466651
c01,81,0,1,0.5431754
c01,82,0,1,0.54243827
c01,83,0,1,0.546176
c01,84,0,1,0.54457074
c01,85,0,1,0.5543817
c01,86,0,1,0.5662428
c01,87,0,1,0.54293686
c01,88,0,1,0.5460394
c01,89,0,1,0.55146855
c01,90,0,1,0.54338294
c01,91,0,1,0.54863733
c01,92,0,1,0.550336
c01,93,0,1,0.5419895
c01,94,0,1,0.57478696
c01,95,0,1,0.5452613
c01,96,0,1,0.5552022
c01,97,0,1,0.5786674
c01,98,0,1,0.55016446
c01,99,0,1,0.5507836
c01,100,0,1,0.55371207
c01,101,0,1,0.552804
c01,102,0,1,0.5577369
c01,103,0,1,0.55017823
c01,104,0,1,0.54971963
c01,105,0,1,0.5464269
c01,106,0,1,0.5764217
c01,107,0,1,0.5497087
c01,108,0,1,0.54841703
c01,109,0,1,0.5781569
c01,110,0,1,0.5460192
c01,111,0,1,0.5432741
c01,112,0,1,0.54454225
c01,113,0,1,0.56528884
c01,114,0,1,0.5453448
c01,115,0,1,0.5446694
c01,116,0,1,0.54677606
c01,117,0,1,0.54152256
c01,118,0,1,0.5440904
c01,119,0,1,0.55938387
c01,120,0,1,0.5462099
c01,121,0,1,0.544713
c01,122,0,1,0.5434705
c01,123,0,1,0.5456249
c01,124,0,1,0.54490054
c01,125,0,1,0.54231
c01,126,0,1,0.55212027
c01,127,0,1,0.5431877
c01,128,0,1,0.54326546
c01,129,0,1,0.54834235
c01,130,0,1,0.5443757
c01,131,0,1,0.5485634
c01,132,0,1,0.5399412
c01,133,0,1,0.5446433
c01,134,0,1,0.5437295
c01,135,0,1,0.54457
c01,136,0,1,0.5426498
c01,137,0,1,0.54646564
c01,138,0,1,0.6089787
c01,139,0,1,0.5527774
c01,140,0,1,0.55317456
c01,141,0,1,0.5501721
c01,142,0,1,0.5591253
c01,143,0,1,0.56916755
c01,144,0,1,0.5454779
c01,145,0,1,0.5459491
c01,146,0,1,0.5489646
c01,147,0,1,0.54595023
c01,148,0,1,0.54908
c01,149,0,1,0.5431494
c01,150,0,1,0.54333067
c01,151,0,1,0.5465822
c01,152,0,1,0.5439211
c01,153,0,1,0.54520017
c01,154,0,1,0.54443043
c01,155,0,1,0.5450223
c01,156,0,1,0.54329133
c01,157,0,1,0.5486006
c01,158,0,1,0.58308196
c01,159,0,1,0.5458884
c01,160,0,1,0.54414403
c01,161,0,1,0.54614365
c01,162,0,1,0.56601155
c01,163,0,1,0.5469749
c01,164,0,1,0.5716285
c01,165,0,1,0.54700446
c01,166,0,1,0.54805934
c01,167,0,1,0.54702425
c01,168,0,1,0.54789364
c01,169,0,1,0.5465817
c01,170,0,1,0.5441616
c01,171,0,1,0.5435161
c01,172,0,1,0.5645784
c01,173,0,1,0.54555655
c01,174,0,1,0.54945445
c01,175,0,1,0.54562676
c01,176,0,1,0.54432195
c01,177,0,1,0.5464713
c01,178,0,1,0.54218304
c01,179,0,1,0.5461288
c01,180,0,1,0.5450199
c01,181,0,1,0.5447229
c01,182,0,1,0.54499036
c01,183,0,1,0.5415291
c01,184,0,1,0.5452254
c01,185,0,1,0.555989
c01,186,0,1,0.5500598
c01,187,0,1,0.56867474
c01,188,0,1,0.5755331
c01,189,0,1,0.57564825
c01,190,0,1,0.5604545
c01,191,0,1,0.57104594
c01,192,0,1,0.5545304
c01,193,0,1,0.55078316
c01,194,0,1,0.5800349
c01,195,0,1,0.5585982
c01,196,0,1,0.5614156
c01,197,0,1,0.5454065
c01,198,0,1,0.5449418
c01,199,0,1,0.55141354
c01,200,0,1,0.5453412
c01,201,0,1,0.62941957
c01,202,0,1,0.63062143
c01,203,0,1,0.5873785
c01,204,0,1,0.55717176
c01,205,0,1,0.55170715
c01,206,0,1,0.63968647
c01,207,0,1,0.56041366
c01,208,0,1,0.55456567
c01,209,0,1,0.5539589
c01,210,0,1,0.54612005
c01,211,0,1,0.5654628
c01,212,0,1,0.5568618
c01,213,0,1,0.5839291
c01,214,0,1,0.5540781
c01,215,0,1,0.54845005
c01,216,0,1,0.5772685
c01,217,0,1,0.5881152
c01,218,0,1,0.5489015
c01,219,0,1,0.5603453
c01,220,0,1,0.5466138
c01,221,0,1,0.5592333
c01,222,0,1,0.5452565
c01,223,0,1,0.54740113
c01,224,0,1,0.57779557
c01,225,0,1,0.5534803
c01,226,0,1,0.5516361
c01,227,0,1,0.5575941
c01,228,0,1,0.5748013
c01,229,0,1,0.55126566
c01,230,0,1,0.55065984
c01,231,0,1,0.5570315
c01,232,0,1,0.57313377
c01,233,0,1,0.5527117
c01,234,0,1,0.5605776
c01,235,0,1,0.5467888
c01,236,0,1,0.5682443
c01,237,0,1,0.5616161
c01,238,0,1,0.5791536
c01,239,0,1,0.5624815
c01,240,0,1,0.5601103
c01,241,0,1,0.54825574
c01,242,0,1,0.5520721
c01,243,0,1,0.5435524
c01,244,0,1,0.5438864
c01,245,0,1,0.5504125
c01,246,0,1,0.5976789
c01,247,0,1,0.6310676
c01,248,0,1,0.54576755
c01,249,0,1,0.54855394
c01,250,0,1,0.56754583
c01,251,0,1,0.5536465
c01,252,0,1,0.54776865
c01,253,0,1,0.5506274
c01,254,0,1,0.59009695
c01,255,0,1,0.5522032
c01,256,0,1,0.57167464
c01,257,0,1,0.57127213
c01,258,0,1,0.5874558
c01,259,0,1,0.54817504
c01,260,0,1,0.5621945
c01,261,0,1,0.555669
c01,262,0,1,0.6117099
c01,263,0,1,0.56668884
c01,264,0,1,0.5552509
c01,265,0,1,0.5741873
c01,266,0,1,0.5674771
c01,267,0,1,0.5888938
c01,268,0,1,0.5750907
c01,269,0,1,0.5710001
c01,270,0,1,0.570883
c01,271,0,1,0.55524933
c01,272,0,1,0.56922096
c01,273,0,1,0.55685675
c01,274,0,1,0.56761426
c01,275,0,1,0.5475471
c01,276,0,1,0.57132864
c01,277,0,1,0.59005445
c01,278,0,1,0.62927574
c01,279,0,1,0.55270326
c01,280,0,1,0.6082271
c01,281,0,1,0.59309244
c01,282,0,1,0.5544789
c01,283,0,1,0.560253
c01,284,0,1,0.54503405
c01,285,0,1,0.55366164
c01,286,0,1,0.5551758
c01,287,0,1,0.55161667
c01,288,0,1,0.54917085
c01,289,0,1,0.57013154
c01,290,0,1,0.5948268
c01,291,0,1,0.5894779
c01,292,0,1,0.60576606
c01,293,0,1,0.5477454
c01,294,0,1,0.55219257
c01,295,0,1,0.5549713
c01,296,0,1,0.5439391
c01,297,0,1,0.54453444
c01,298,0,1,0.5436989
c01,299,0,1,0.5527681
c01,300,0,1,0.5483534
c01,301,0,1,0.549804
c01,302,0,1,0.56477576
c01,303,0,1,0.5660981
c01,304,0,1,0.5576357
c01,305,0,1,0.56569266
c01,306,0,1,0.553521
c01,307,0,1,0.5816005
c01,308,0,1,0.56775904
c01,309,0,1,0.5744784
c01,310,0,1,0.56739116
c01,311,0,1,0.55166644
c01,312,0,1,0.54522085
c01,313,0,1,0.5580145
c01,314,0,1,0.54404354
c01,315,0,1,0.5581435
c01,316,0,1,0.58370566
c01,317,0,1,0.548558
c01,318,0,1,0.57775956
c01,319,0,1,0.54639524
c01,320,0,1,0.55101645
c01,321,0,1,0.5575356
c01,322,0,1,0.5583472
c01,323,0,1,0.5478416
c01,324,0,1,0.553657
c01,325,0,1,0.5523341
c01,326,0,1,0.5677731
c01,327,0,1,0.5521793
c01,328,0,1,0.5520538
c01,329,0,1,0.55196524
c01,330,0,1,0.5748065
c01,331,0,1,0.54872817
c01,332,0,1,0.5536826
c01,333,0,1,0.54602134
c01,334,0,1,0.5558807
c01,335,0,1,0.5449026
c01,336,0,1,0.56439346
c01,337,0,1,0.5387511
c01,338,0,1,0.55004764
c01,339,0,1,0.5464426
c01,340,0,1,0.5673182
c01,341,0,1,0.5667093
c01,342,0,1,0.5448826
c01,343,0,1,0.5510555
c01,344,0,1,0.5718525
c01,345,0,1,0.55419683
c01,346,0,1,0.572224
c01,347,0,1,0.5773432
c01,348,0,1,0.57039434
c01,349,0,1,0.57798463
c01,350,0,1,0.5631525
c01,351,0,1,0.5439263
c01,352,0,1,0.5526364
c01,353,0,1,0.5481765
c01,354,0,1,0.5497221
c01,355,0,1,0.54519373
c01,356,0,1,0.5893866
c01,357,0,1,0.5520892
c01,358,0,1,0.5632268
c01,359,0,1,0.5650745
c01,360,0,1,0.5460767
c01,361,0,1,0.5510691
c01,362,0,1,0.5463597
c01,363,0,1,0.5778794
c01,364,0,1,0.585303
c01,365,0,1,0.5536739
c01,366,0,1,0.54573053
c01,367,0,1,0.56621397
c01,368,0,1,0.5454194
c01,369,0,1,0.5644351
c01,370,0,1,0.549447
c01,371,0,1,0.553188
c01,372,0,1,0.5416194
c01,373,0,1,0.5449536
c01,374,0,1,0.54807687
c01,375,0,1,0.54449016
c01,376,0,1,0.54146224
c01,377,0,1,0.5509162
c01,378,0,1,0.5627421
c01,379,0,1,0.54336244
c01,380,0,1,0.5555204
c01,381,0,1,0.5438772
c01,382,0,1,0.55711246
c01,383,0,1,0.5486672
c01,384,0,1,0.5938708
c01,385,0,1,0.5804975
c01,386,0,1,0.54402655
c01,387,0,1,0.5438322
c01,388,0,1,0.55909985
c01,389,0,1,0.6212366
c01,390,0,1,0.556214
c01,391,0,1,0.5585752
c01,392,0,1,0.5558146
c01,393,0,1,0.5509453
c01,394,0,1,0.5533618
c01,395,0,1,0.5501184
c01,396,0,1,0.59487575
c01,397,0,1,0.5524583
c01,398,0,1,0.5519001
c01,399,0,1,0.549123
c01,400,0,1,0.5446071
c01,401,0,1,0.54552597
c01,402,0,1,0.55411816
c01,403,0,1,0.57128596
c01,404,0,1,0.5474419
c01,405,0,1,0.543615
c01,406,0,1,0.5611991
c01,407,0,1,0.54915994
c01,408,0,1,0.54363847
c01,409,0,1,0.5537628
c01,410,0,1,0.54743755
c01,411,0,1,0.550107
c01,412,0,1,0.5442038
c01,413,0,1,0.55283445
c01,414,0,1,0.55013746
c01,415,0,1,0.54427373
c01,416,0,1,0.54634356
c01,417,0,1,0.60028446
c01,418,0,1,0.54714775
c01,419,0,1,0.61618406
c01,420,0,1,0.54400367
c01,421,0,1,0.5656075
c01,422,0,1,0.55337113
c01,423,0,1,0.6402554
c01,424,0,1,0.5470076
c01,425,0,1,0.5468604
c01,426,0,1,0.55975676
c01,427,0,1,0.60339695
c01,428,0,1,0.54403937
c01,429,0,1,0.5498373
c01,430,0,1,0.57894266
c01,431,0,1,0.5734672
c01,432,0,1,0.550397
c01,433,0,1,0.57008195
c01,434,0,1,0.57833004
c01,435,0,1,0.5455054
c01,436,0,1,0.5463107
c01,437,0,1,0.5557736
c01,438,0,1,0.55415195
c01,439,0,1,0.60592985
c01,440,0,1,0.5465674
c01,441,0,1,0.5443458
c01,442,0,1,0.57229495
c01,443,0,1,0.5498971
c01,444,0,1,0.58387744
c01,445,0,1,0.54573524
c01,446,0,1,0.5502865
c01,447,0,1,0.5676354
c01,448,0,1,0.56883657
c01,449,0,1,0.54951626
c01,450,0,1,0.5559575
c01,451,0,1,0.56351626
c01,452,0,1,0.5545725
c01,453,0,1,0.5497557
c01,454,0,1,0.55662817
c01,455,0,1,0.55279803
c01,456,0,1,0.5677307
c01,457,0,1,0.5515926
c01,458,0,1,0.55823004
c01,459,0,1,0.54942167
c01,460,0,1,0.55399495
c01,461,0,1,0.5423534
c01,462,0,1,0.5480794
c01,463,0,1,0.5616695
c01,464,0,1,0.54674935
c01,465,0,1,0.57932353
c01,466,0,1,0.55981916
c01,467,0,1,0.5571665
c01,468,0,1,0.5512151
c01,469,0,1,0.5611897
c01,470,0,1,0.54663527
c01,471,0,1,0.5461772
c01,472,0,1,0.5594833
c01,473,0,1,0.5476677
c01,474,0,1,0.5540427
c01,475,0,1,0.5635852
c01,476,0,1,0.55905914
c01,477,0,1,0.54723287
c01,478,0,1,0.5906859
c01,479,0,1,0.5487552
c01,480,0,1,0.5600474
c01,481,0,1,0.55412763
c01,482,0,1,0.5477194
c02,10,0,0,0.45256114
c02,11,0,0,0.49476138
c02,12,0,0,0.4465873
c02,13,0,0,0.45784986
c02,14,0,0,0.46667883
c02,15,0,0,0.45247072
c02,16,0,0,0.44385093
c02,17,0,0,0.45876008
c02,18,0,0,0.46839345
c02,19,0,1,0.54085666
c02,20,0,1,0.59626025
c02,21,1,1,0.7178786
c02,22,0,1,0.5501718
c02,23,0,1,0.6208306
c02,24,0,1,0.53922516
c02,25,0,0,0.4897957
c02,26,0,1,0.63261783
c02,27,0,1,0.5625726
c02,28,0,1,0.540276
c02,29,0,1,0.5729631
c02,30,0,0,0.45172104
c02,31,0,1,0.5827895
c02,32,0,1,0.5715571
c02,33,0,1,0.5868511
c02,34,0,1,0.50834477
c02,35,0,1,0.55384016
c02,36,0,1,0.6343806
c02,37,0,1,0.53942525
c02,38,0,0,0.44040933
c02,39,0,0,0.45446157
c02,40,0,0,0.49590746
c02,41,0,1,0.613547
c02,42,0,0,0.45945102
c02,43,0,1,0.53957385
c02,44,0,1,0.57760096
c02,45,0,0,0.48321742
c02,46,0,1,0.54326886
c02,47,0,1,0.5135292
c02,48,0,1,0.5381804
c02,49,0,0,0.48238114
c02,50,0,1,0.5042619
c02,51,0,0,0.4770113
c02,52,0,0,0.4716331
c02,53,0,1,0.53874785
c02,54,0,1,0.5424566
c02,55,0,1,0.53292316
c02,56,0,1,0.50525707
c02,57,0,1,0.54394704
c02,58,0,0,0.49649355
c02,59,0,0,0.4984354
c02,60,0,0,0.4833851
c02,61,0,1,0.6331077
c02,62,0,1,0.52233356
c02,63,0,0,0.46977997
c02,64,0,0,0.4735428
c02,65,0,0,0.48801255
c02,66,0,0,0.44630516
c02,67,0,0,0.45242983
c02,68,0,1,0.5054508
c02,69,0,0,0.45206293
c02,70,0,0,0.4546198
c02,71,0,0,0.4675808
c02,72,0,1,0.51760805
c02,73,0,1,0.52628994
c02,74,0,0,0.44197214
c02,75,0,0,0.45532265
c02,76,0,0,0.4834271
c02,77,0,0,0.48517126
c02,78,0,0,0.45593622
c02,79,0,1,0.50051224
c02,80,0,1,0.5267826
c02,81,0,1,0.53808904
c02,82,0,1,0.5417784
c02,83,0,0,0.49007878
c02,84,0,0,0.49415597
c02,85,0,1,0.53906775
c02,86,0,0,0.4887005
c02,87,0,0,0.45103526
c02,88,0,0,0.44988206
c02,89,0,1,0.58942264
c02,90,0,0,0.46282533
c02,91,0,0,0.46550816
c02,92,0,0,0.45132577
c02,93,0,0,0.45769438
c02,94,0,0,0.44302526
c02,95,0,0,0.4376978
c02,96,0,0,0.44214153
c02,97,0,0,0.43966764
c02,98,0,1,0.53966224
c02,99,0,0,0.44451186
c02,100,0,0,0.4541801
c02,101,0,0,0.44612682
c02,102,0,0,0.43858466
c02,103,0,0,0.4372274
c02,104,0,0,0.4547288
c02,105,0,0,0.43891007
c02,106,0,0,0.45806807
c02,107,0,0,0.44364807
c02,108,0,0,0.44010776
c02,109,0,0,0.4468087
c02,110,0,0,0.43454933
c02,111,0,0,0.44608235
c02,112,0,0,0.44164827
c02,113,0,0,0.45944202
c02,114,0,0,0.4415709
c02,115,0,0,0.43971884
c02,116,0,0,0.4480957
c02,117,0,0,0.4353595
c02,118,0,0,0.44547665
c02,119,0,0,0.43627504
c02,120,0,0,0.44409806
c02,121,0,0,0.43607196
c02,122,0,0,0.44852385
c02,123,0,0,0.44675368
c02,124,0,0,0.44986427
c02,125,0,0,0.45352075
c02,126,0,0,0.4417499
c02,127,0,0,0.4382016
c02,128,0,0,0.4420864
c02,129,0,0,0.44333902
c02,130,0,0,0.46126655
c02,131,0,0,0.45407698
c02,132,0,1,0.5394348
c02,133,0,0,0.4540021
c02,134,0,0,0.4489519
c02,135,0,0,0.43898132
c02,136,0,1,0.5481838
c02,137,0,1,0.6352968
c02,138,0,0,0.49867055
c02,139,0,0,0.45611212
c02,140,0,1,0.5068757
c02,141,0,1,0.54015654
c02,142,0,0,0.46040225
c02,143,0,0,0.4822476
c02,144,0,1,0.50729007
c02,145,0,1,0.5257729
c02,146,0,1,0.55113906
c02,147,0,1,0.5770257
c02,148,0,1,0.57176733
c02,149,0,1,0.542182
c02,150,0,1,0.5093178
c02,151,0,1,0.5275715
c02,152,0,0,0.47162664
c02,153,0,1,0.62859625
c02,154,0,1,0.6595754
c02,155,0,0,0.47685173
c02,156,0,1,0.54126906
c02,157,0,1,0.5305581
c02,158,0,1,0.51183915
c02,159,0,0,0.4563905
c02,160,0,0,0.47626862
c02,161,0,0,0.45330656
c02,162,0,0,0.46322206
c02,163,0,0,0.46518925
c02,164,0,0,0.4531499
c02,165,0,0,0.47938114
c02,166,0,1,0.52834016
c02,167,0,1,0.51560503
c02,168,0,0,0.48007974
c02,169,0,0,0.46478495
c02,170,0,1,0.54002666
c02,171,0,0,0.47051263
c02,172,0,1,0.5541844
c02,173,0,1,0.5457779
c02,174,0,0,0.44990903
c02,175,0,0,0.44934425
c02,176,0,0,0.48275673
c02,177,0,1,0.5423804
c02,178,0,0,0.470424
c02,179,0,1,0.5398057
c02,180,0,1,0.5234443
c02,181,0,0,0.45651037
c02,182,0,0,0.48101863
c02,183,0,0,0.46843445
c02,184,0,1,0.5083916
c02,185,0,1,0.5240211
c02,186,0,1,0.5390906
c02,187,0,1,0.5109508
c02,188,0,1,0.5862931
c02,189,0,1,0.5921698
c02,190,0,1,0.54258275
c02,191,0,1,0.6762607
c02,192,0,1,0.5423301
c02,193,0,1,0.5452251
c02,194,0,1,0.54388857
c02,195,0,1,0.5396791
c02,196,0,1,0.5407601
c02,197,0,1,0.5404807
c02,198,0,1,0.5423387
c02,199,0,0,0.491012
c02,200,0,1,0.57876587
c02,201,0,1,0.5396352
c02,202,0,1,0.5878929
c02,203,0,1,0.5989064
c02,204,0,1,0.6021793
c02,205,0,1,0.57240355
c02,206,0,1,0.5450207
c02,207,0,1,0.5422873
c02,208,0,1,0.53164065
c02,209,0,1,0.5437409
c02,210,0,0,0.4569086
c02,211,0,1,0.53508455
c02,212,0,0,0.4629373
c02,213,0,1,0.50342464
c02,214,0,1,0.57221055
c02,215,0,1,0.5400732
c02,216,0,1,0.5300161
c02,217,0,1,0.5440795
c02,218,0,1,0.5396511
c02,219,0,1,0.5444666
c02,220,0,0,0.4845496
c02,221,0,1,0.64499074
c02,222,0,1,0.52895904
c02,223,0,1,0.54188156
c02,224,0,1,0.5393661
c02,225,0,1,0.62968767
c02,226,0,1,0.6594288
c02,227,0,0,0.49033144
c02,228,0,1,0.5703436
c02,229,0,1,0.6451175
c02,230,0,1,0.5364109
c02,231,0,1,0.6600687
c02,232,0,1,0.6013543
c02,233,0,1,0.6686201
c02,234,0,1,0.54078543
c02,235,0,1,0.5655269
c02,236,0,1,0.65248746
c02,237,0,1,0.66919273
c02,238,0,1,0.54442465
c02,239,0,1,0.5225948
c02,240,0,1,0.5393705
c02,241,0,1,0.5391124
c02,242,0,0,0.45698482
c02,243,0,0,0.46715257
c02,244,0,0,0.49030647
c02,245,0,0,0.45915753
c02,246,0,1,0.51682186
c02,247,0,1,0.51960915
c02,248,0,1,0.5413516
c02,249,0,0,0.45925257
c02,250,0,1,0.52345496
c02,251,0,0,0.49925402
c02,252,0,1,0.5181287
c02,253,0,1,0.5080417
c02,254,0,1,0.53481877
c02,255,0,0,0.46961984
c02,256,0,0,0.4584505
c02,257,0,0,0.45453832
c02,258,0,0,0.45805553
c02,259,0,0,0.46177784
c02,260,0,1,0.56543696
c02,261,0,0,0.45254686
c02,262,0,0,0.450193
c02,263,0,0,0.45735076
c02,264,0,0,0.45557845
c02,265,0,0,0.46742573
c02,266,0,1,0.5256852
c02,267,0,0,0.46030623
c02,268,0,1,0.50153995
c02,269,0,1,0.544884
c02,270,0,1,0.5073551
c02,271,0,0,0.4794811
c02,272,0,0,0.45276415
c02,273,0,1,0.5235194
c02,274,0,0,0.4585973
c02,275,0,0,0.47641703
c02,276,0,1,0.5053601
c02,277,0,0,0.46015716
c02,278,0,0,0.45289466
c02,279,0,1,0.52852374
c02,280,0,0,0.49486682
c02,281,0,0,0.46594244
c02,282,0,1,0.5429624
c02,283,0,1,0.5253521
c02,284,0,0,0.47347
c02,285,0,0,0.45874733
c02,286,0,1,0.51968735
c02,287,0,1,0.6229287
c02,288,0,1,0.67469424
c02,289,0,1,0.6192962
c02,290,0,1,0.6521199
c02,291,0,1,0.6584685
c02,292,0,1,0.5447126
c02,293,0,1,0.5455858
c02,294,0,1,0.54588944
c02,295,0,1,0.5175529
c02,296,0,0,0.45649207
c02,297,0,0,0.47767183
c02,298,0,1,0.54561126
c02,299,0,0,0.48776966
c02,300,0,0,0.45727527
c02,301,0,1,0.53182834
c02,302,0,1,0.5786753
c02,303,0,1,0.5410717
c02,304,0,1,0.54264313
c02,305,0,0,0.47871122
c02,306,0,0,0.45661056
c02,307,0,0,0.47344604
c02,308,0,1,0.547869
c02,309,0,0,0.48424897
c02,310,0,0,0.49069467
c02,311,0,1,0.53872484
c02,312,0,1,0.50877583
c02,313,0,1,0.5446676
c02,314,0,0,0.4887869
c02,315,0,1,0.5401577
c02,316,0,1,0.5283928
c02,317,0,1,0.5337688
c02,318,0,0,0.4537579
c02,319,0,1,0.55149376
c02,320,0,0,0.482407
c02,321,0,0,0.49055052
c02,322,0,0,0.44714442
c02,323,0,0,0.46641794
c02,324,0,1,0.51462775
c02,325,0,0,0.46797875
c02,326,0,1,0.53929085
c02,327,0,1,0.53621596
c02,328,0,1,0.5050527
c02,329,0,0,0.45411626
c02,330,0,1,0.542435
c02,331,0,1,0.5399557
c02,332,0,1,0.65866756
c02,333,0,0,0.4881174
c02,334,0,1,0.55241907
c02,335,0,1,0.50341374
c02,336,0,0,0.47355562
c02,337,0,1,0.5531377
c02,338,0,1,0.54137045
c02,339,0,0,0.46127304
c02,340,0,0,0.49407798
c02,341,0,1,0.5397506
c02,342,0,0,0.4524978
c02,343,0,0,0.48774412
c02,344,0,1,0.53402716
c02,345,0,1,0.6363394
c02,346,0,1,0.5283779
c02,347,0,1,0.6972858
c02,348,0,1,0.64001477
c02,349,0,1,0.620334
c02,350,0,1,0.65355045
c02,351,0,0,0.46821
c02,352,0,1,0.50099504
c02,353,0,1,0.53967
c02,354,0,1,0.5290101
c02,355,0,1,0.52695256
c02,356,0,1,0.51769745
c02,357,0,0,0.4806985
c02,358,0,0,0.45595172
c02,359,0,0,0.46736473
c02,360,0,0,0.45403162
c02,361,0,1,0.5453741
c02,362,0,0,0.4851667
c02,363,0,0,0.45890293
c02,364,0,0,0.47647288
c02,365,0,0,0.49990836
c02,366,0,1,0.5657128
c02,367,0,1,0.546162
c02,368,0,1,0.54034245
c02,369,0,1,0.52946156
c02,370,0,1,0.52864623
c02,371,0,0,0.48600158
c02,372,0,1,0.5418514
c02,373,0,0,0.44271117
c02,374,0,1,0.61689615
c02,375,0,1,0.5067122
c02,376,0,0,0.44577897
c02,377,0,0,0.46081743
c02,378,0,1,0.52427727
c02,379,0,1,0.63366574
c02,380,0,1,0.5404477
c02,381,0,1,0.5747252
c02,382,0,0,0.48543656
c02,383,0,1,0.539146
c02,384,0,1,0.576031
c02,385,0,0,0.4567665
c02,386,0,1,0.6503242
c02,387,0,1,0.650463
c02,388,0,0,0.46154836
c02,389,0,0,0.49482647
c02,390,0,1,0.5091727
c02,391,0,1,0.6075696
c02,392,0,1,0.51707053
c02,393,0,0,0.4780398
c02,394,0,1,0.570531
c02,395,0,1,0.5025665
c02,396,0,1,0.6485462
c02,397,0,1,0.55233115
c02,398,0,1,0.50722873
c02,399,0,1,0.5437415
c02,400,0,0,0.49642444
c02,401,0,1,0.5406496
c02,402,0,0,0.4637192
c02,403,0,1,0.5535689
c02,404,0,1,0.5411427
c02,405,0,1,0.51899475
c02,406,0,1,0.5469486
c02,407,0,1,0.5391243
c02,408,0,1,0.5391091
c02,409,0,0,0.47594485
c02,410,0,1,0.5214123
c02,411,0,1,0.53548557
c02,412,0,0,0.47731566
c02,413,0,1,0.56580406
c02,414,0,1,0.5443995
c02,415,0,1,0.55239177
c02,416,0,0,0.49122265
c02,417,0,0,0.47439247
c02,418,0,1,0.55500704
c02,419,0,1,0.5400746
c02,420,0,1,0.5510605
c02,421,0,1,0.50708336
c02,422,0,1,0.53925425
c02,423,0,1,0.5399894
c02,424,0,0,0.46790296
c02,425,0,1,0.51655763
c02,426,0,1,0.50662744
c02,427,0,1,0.58667344
c02,428,0,0,0.48912093
c02,429,0,0,0.46788776
c02,430,0,1,0.5113423
c02,431,0,1,0.5322332
c02,432,0,1,0.5395416
c02,433,0,1,0.5556606
c02,434,0,1,0.56884706
c02,435,0,1,0.5177051
c02,436,0,1,0.5395366
c02,437,0,0,0.499396
c02,438,0,1,0.52650946
c02,439,0,1,0.5178989
c02,440,0,0,0.48097086
c02,441,0,1,0.6179184
c02,442,0,1,0.5422318
c02,443,0,1,0.5985161
c02,444,0,0,0.4999885
c02,445,0,1,0.61140203
c02,446,0,1,0.6834567
c02,447,0,1,0.6294503
c02,448,0,1,0.602472
c02,449,0,0,0.49632135
c02,450,0,1,0.65420693
c02,451,0,1,0.6742577
c02,452,0,0,0.4643735
c02,453,0,1,0.5034132
c02,454,0,1,0.51270777
c02,455,0,0,0.4974542
c02,456,0,1,0.54390043
c02,457,0,0,0.46284744
c02,458,0,0,0.49658737
c02,459,0,1,0.51592225
c02,460,0,0,0.47418246
c02,461,0,1,0.53927386
c02,462,0,0,0.43675286
c02,463,0,0,0.4367061
c02,464,0,0,0.45907563
c02,465,0,1,0.56324023
c02,466,0,1,0.50672734
c02,467,0,0,0.4858171
c02,468,0,0,0.48764217
c02,469,0,0,0.47122988
c02,470,0,0,0.47867462
c02,471,0,0,0.45833388
c02,472,0,0,0.4975518
c02,473,0,0,0.4548149
c02,474,0,1,0.54276997
c02,475,0,0,0.47319072
c02,476,0,0,0.49692506
c02,477,0,0,0.4564697
c02,478,0,0,0.45300418
c02,479,0,0,0.4699791
c02,480,0,0,0.46844125
c02,481,0,0,0.45462245
c02,482,0,0,0.4715134
c02,483,0,0,0.45161328
c02,484,0,1,0.53955305
c02,485,0,1,0.65265954
c02,486,0,1,0.68156916
c02,487,0,1,0.6582654
c02,488,0,1,0.6614284
c02,489,0,1,0.6664759
c02,490,0,1,0.6737185
c02,491,0,1,0.67674905
c02,492,0,1,0.6623952
c02,493,0,1,0.58076996
c02,494,0,1,0.59741443
c02,495,0,1,0.6621563
c02,496,0,1,0.53949153
c02,497,0,1,0.52780944
c02,498,0,1,0.6367808
c02,499,0,1,0.5442845
c02,500,0,1,0.5228433
c02,501,0,0,0.46993908
c03,1,0,1,0.5366836
c03,2,0,1,0.53639346
c03,3,0,1,0.53384155
c03,4,0,1,0.5340674
c03,5,0,1,0.5397215
c03,6,0,1,0.53638864
c03,7,0,1,0.5403881
c03,8,0,1,0.53649294
c03,9,0,1,0.5359212
c03,10,0,1,0.53869325
c03,11,0,1,0.5371057
c03,12,0,1,0.5369738
c03,13,0,1,0.5351861
c03,14,0,1,0.5364157
c03,15,0,1,0.5365529
c03,16,0,1,0.5364457
c03,17,0,1,0.5354655
c03,18,0,1,0.537131
c03,19,0,1,0.53343797
c03,20,0,1,0.53654647
c03,21,0,1,0.5351217
c03,22,0,1,0.5364503
c03,23,0,1,0.53640795
c03,24,0,1,0.5344954
c03,25,0,1,0.53645813
c03,26,0,1,0.5368098
c03,27,0,1,0.5365587
c03,28,0,1,0.5356472
c03,29,0,1,0.5429448
c03,30,0,1,0.5347651
c03,31,0,1,0.5364746
c03,32,0,1,0.53655565
c03,33,0,1,0.53617454
c03,34,0,1,0.53642565
c03,35,0,1,0.5527484
c03,36,0,1,0.5407718
c03,37,0,1,0.5352887
c03,38,0,1,0.5358177
c03,39,0,1,0.53608644
c03,40,0,1,0.547241
c03,41,0,1,0.5371931
c03,42,0,1,0.53584594
c03,43,0,1,0.53525555
c03,44,0,1,0.5369647
c03,45,0,1,0.53720593
c03,46,0,1,0.5364802
c03,47,0,1,0.5365789
c03,48,0,1,0.53832597
c03,49,0,1,0.5346225
c03,50,0,1,0.53481144
c03,51,0,1,0.53658324
c03,52,0,1,0.53677106
c03,53,0,1,0.53586775
c03,54,0,1,0.5364279
c03,55,0,1,0.53648865
c03,56,0,1,0.54729867
c03,57,0,1,0.53703207
c03,58,0,1,0.5365114
c03,59,0,1,0.5354643
c03,60,0,1,0.53643304
c03,61,0,1,0.53639704
c03,62,0,1,0.5374929
c03,63,0,1,0.53641486
c03,64,0,1,0.5365699
c03,65,0,1,0.54288316
c03,66,0,1,0.53854346
c03,67,0,1,0.5368498
c03,68,0,1,0.53638226
c03,69,0,1,0.53782403
c03,70,0,1,0.5365456
c03,71,0,1,0.5375954
c03,72,0,1,0.5364294
c03,73,0,1,0.53984994
c03,74,0,1,0.5399151
c03,75,0,1,0.5365611
c03,76,0,1,0.53644115
c03,77,0,1,0.53642356
c03,78,0,1,0.53882486
c03,79,0,1,0.5373951
c03,80,0,1,0.55472726
c03,81,0,1,0.56398267
c03,82,0,1,0.5704124
c03,83,0,1,0.55591977
c03,84,0,1,0.5394937
c03,85,0,1,0.5373231
c03,86,0,1,0.54484504
c03,87,0,1,0.54290336
c03,88,0,1,0.54224885
c03,89,0,1,0.5419939
c03,90,0,1,0.5476633
c03,91,0,1,0.53710955
c03,92,0,1,0.54043895
c03,93,0,1,0.5439092
c03,94,0,1,0.56293035
c03,95,0,1,0.55826163
c03,96,0,1,0.5673034
c03,97,0,1,0.5428756
c03,98,0,1,0.55553675
c03,99,0,1,0.55215144
c03,100,0,1,0.5424331
c03,101,0,1,0.54350954
c03,102,0,1,0.53725666
c03,103,0,1,0.5698357
c03,104,0,1,0.5409172
c03,105,0,1,0.5402804
c03,106,0,1,0.542214
c03,107,0,1,0.56553507
c03,108,0,1,0.5365379
c03,109,0,1,0.5479905
c03,110,0,1,0.5407492
c03,111,0,1,0.5586439
c03,112,0,1,0.5434217
c03,113,0,1,0.54594314
c03,114,0,1,0.5491545
c03,115,0,1,0.54591566
c03,116,0,1,0.5376922
c03,117,0,1,0.5411116
c03,118,0,1,0.55745745
c03,119,0,1,0.5732214
c03,120,0,1,0.5415177
c03,121,0,1,0.5441802
c03,122,0,1,0.54689676
c03,123,0,1,0.5429697
c03,124,0,1,0.5366509
c03,125,0,1,0.5420791
c03,126,0,1,0.53650606
c03,127,0,1,0.5383749
c03,128,0,1,0.53651774
c03,129,0,1,0.5400054
c03,130,0,1,0.5405902
c03,131,0,1,0.5461922
c03,132,0,1,0.54141617
c03,133,0,1,0.5611379
c03,134,0,1,0.54378146
c03,135,0,1,0.54748714
c03,136,0,1,0.658901
c03,137,0,1,0.53919923
c03,138,0,1,0.5491992
c03,139,0,1,0.5768891
c03,140,0,1,0.6126908
c03,141,0,1,0.5412147
c03,142,0,1,0.54601127
c03,143,0,1,0.5402244
c03,144,0,1,0.56025136
c03,145,0,1,0.5434087
c03,146,0,1,0.5476953
c03,147,0,1,0.5480292
c03,148,0,1,0.5409875
c03,149,0,1,0.5391654
c03,150,0,1,0.5376078
c03,151,0,1,0.54445755
c03,152,0,1,0.59227186
c03,153,0,1,0.5385307
c03,154,0,1,0.5376787
c03,155,0,1,0.54198414
c03,156,0,1,0.54983205
c03,157,0,1,0.5405846
c03,158,0,1,0.5392975
c03,159,0,1,0.53653884
c03,160,0,1,0.5365928
c03,161,0,1,0.569635
c03,162,0,1,0.5369968
c03,163,0,1,0.53782594
c03,164,0,1,0.53652817
c03,165,0,1,0.54909235
c03,166,0,1,0.5507684
c03,167,0,1,0.5426629
c03,168,0,1,0.53841347
c03,169,0,1,0.53716874
c03,170,0,1,0.54608464
c03,171,0,1,0.5414836
c03,172,0,1,0.5368334
c03,173,0,1,0.54272103
c03,174,0,1,0.54300874
c03,175,0,1,0.55034024
c03,176,0,1,0.56095445
c03,177,0,1,0.5364384
c03,178,0,1,0.5366409
c03,179,0,1,0.5791765
c03,180,0,1,0.5390463
c03,181,0,1,0.5667607
c03,182,0,1,0.5412936
c03,183,0,1,0.5455544
c03,184,0,1,0.54549533
c03,185,0,1,0.5388067
c03,186,0,1,0.54534894
c03,187,0,1,0.5411671
c03,188,0,1,0.5715615
c03,189,0,1,0.5908763
c03,190,0,1,0.62945825
c03,191,0,1,0.53972185
c03,192,0,1,0.56317097
c03,193,0,1,0.55358
c03,194,0,1,0.5398131
c03,195,0,1,0.53842
c03,196,0,1,0.5373956
c03,197,0,1,0.53651494
c03,198,0,1,0.54737943
c03,199,0,1,0.55386037
c03,200,0,1,0.5986309
c03,201,0,1,0.5404453
c03,202,0,1,0.53644085
c03,203,0,1,0.539333
c03,204,0,1,0.54137284
c03,205,0,1,0.5411223
c03,206,0,1,0.53704864
c03,207,0,1,0.5445916
c03,208,0,1,0.53744495
c03,209,0,1,0.5481345
c03,210,0,1,0.5373982
c03,211,0,1,0.5395229
c03,212,0,1,0.5472697
c03,213,0,1,0.5380152
c03,214,0,1,0.53783345
c03,215,0,1,0.54122263
c03,216,0,1,0.5388739
c03,217,0,1,0.53702223
c03,218,0,1,0.5416959
c03,219,0,1,0.55383027
c03,220,0,1,0.5389768
c03,221,0,1,0.55370957
c03,222,0,1,0.5370778
c03,223,0,1,0.53814286
c03,224,0,1,0.5387839
c03,225,0,1,0.5376117
c03,226,0,1,0.5375046
c03,227,0,1,0.5396996
c03,228,0,1,0.54524726
c03,229,0,1,0.540697
c03,230,0,1,0.54192793
c03,231,0,1,0.5407682
c03,232,0,1,0.5421906
c03,233,0,1,0.53709584
c03,234,0,1,0.5476631
c03,235,0,1,0.540298
c03,236,0,1,0.53823376
c03,237,0,1,0.53912264
c03,238,0,1,0.53811806
c03,239,0,1,0.54172885
c03,240,0,1,0.56103295
c03,241,0,1,0.5481497
c03,242,0,1,0.5519054
c03,243,0,1,0.5419816
c03,244,0,1,0.5377112
c03,245,0,1,0.5441779
c03,246,0,1,0.5913784
c03,247,0,1,0.5439122
c03,248,0,1,0.55004656
c03,249,0,1,0.5392878
c03,250,0,1,0.5674306
c03,251,0,1,0.5558487
c03,252,0,1,0.54461426
c03,253,0,1,0.61808765
c03,254,0,1,0.5988452
c03,255,0,1,0.54327124
c03,256,0,1,0.5609072
c03,257,0,1,0.5402838
c03,258,0,1,0.537606
c03,259,0,1,0.5429658
c03,260,0,1,0.5386486
c03,261,0,1,0.5583716
c03,262,0,1,0.5478339
c03,263,0,1,0.5368288
c03,264,0,1,0.54800576
c03,265,0,1,0.53960323
c03,266,0,1,0.5406166
c03,267,0,1,0.5513888
c03,268,0,1,0.5524198
c03,269,0,1,0.5358089
c03,270,0,1,0.5553287
c03,271,0,1,0.5765245
c03,272,0,1,0.5388613
c03,273,0,1,0.54013616
c03,274,0,1,0.53735584
c03,275,0,1,0.5364123
c03,276,0,1,0.536434
c03,277,0,1,0.5478298
c03,278,0,1,0.5364947
c03,279,0,1,0.5386894
c03,280,0,1,0.5715483
c03,281,0,1,0.53643346
c03,282,0,1,0.5776445
c03,283,0,1,0.54045635
c03,284,0,1,0.5474775
c03,285,0,1,0.54686445
c03,286,0,1,0.5376503
c03,287,0,1,0.5371824
c03,288,0,1,0.5371751
c03,289,0,1,0.5372885
c03,290,0,1,0.5377754
c03,291,0,1,0.53897876
c03,292,0,1,0.53675723
c03,293,0,1,0.53509384
c03,294,0,1,0.5374862
c03,295,0,1,0.53705657
c03,296,0,1,0.53874725
c03,297,0,1,0.53660554
c03,298,0,1,0.5400443
c03,299,0,1,0.53665423
c03,300,0,1,0.55314714
c03,301,0,1,0.53697014
c03,302,0,1,0.53770894
c03,303,0,1,0.5420936
c03,304,0,1,0.53407246
c03,305,0,1,0.5498384
c03,306,0,1,0.5365156
c03,307,0,1,0.53662896
c03,308,0,1,0.5365546
c03,309,0,1,0.5419621
c03,310,0,1,0.5370825
c03,311,0,1,0.5365726
c03,312,0,1,0.5447787
c03,313,0,1,0.53714365
c03,314,0,1,0.53641105
c03,315,0,1,0.5364516
c03,316,0,1,0.5392619
c03,317,0,1,0.536553
c03,318,0,1,0.53644335
c03,319,0,1,0.53718716
c03,320,0,1,0.53522635
c03,321,0,1,0.5368343
c03,322,0,1,0.5367475
c03,323,0,1,0.5391553
c03,324,0,1,0.536138
c03,325,0,1,0.5401364
c03,326,0,1,0.5402637
c03,327,0,1,0.53646314
c03,328,0,1,0.5381498
c03,329,0,1,0.54162574
c03,330,0,1,0.5368885
c03,331,0,1,0.53814256
c03,332,0,1,0.53994644
c03,333,0,1,0.53538024
c03,334,0,1,0.53646404
c03,335,0,1,0.53806263
c03,336,0,1,0.5393409
c03,337,0,1,0.5366527
c03,338,0,1,0.5518761
c03,339,0,1,0.5366047
c03,340,0,1,0.5474102
c03,341,0,1,0.53524137
c03,342,0,1,0.53711367
c03,343,0,1,0.53662634
c03,344,0,1,0.5370869
c03,345,0,1,0.536684
c03,346,0,1,0.537802
c03,347,0,1,0.53655696
c03,348,0,1,0.54246825
c03,349,0,1,0.53652114
c03,350,0,1,0.5414961
c03,351,0,1,0.53657866
c03,352,0,1,0.53824574
c03,353,0,1,0.53539985
c03,354,0,1,0.54079103
c03,355,0,1,0.53661287
c03,356,0,1,0.54282266
c03,357,0,1,0.54234815
c03,358,0,1,0.5379416
c03,359,0,1,0.5364295
c03,360,0,1,0.53666395
c03,361,0,1,0.5453787
c03,362,0,1,0.564034
c03,363,0,1,0.57995254
c03,364,0,1,0.6210663
c03,365,0,1,0.5364312
c03,366,0,1,0.53642774
c03,367,0,1,0.5365353
c03,368,0,1,0.56567186
c03,369,0,1,0.540287
c03,370,0,1,0.5369881
c03,371,0,1,0.561448
c03,372,0,1,0.54992807
c03,373,0,1,0.5383509
c03,374,0,1,0.53653175
c03,375,0,1,0.5452636
c03,376,0,1,0.5396688
c03,377,0,1,0.5569371
c03,378,0,1,0.5854986
c03,379,0,1,0.53566873
c03,380,0,1,0.53649986
c03,381,0,1,0.54841924
c03,382,0,1,0.54422337
c03,383,0,1,0.5382345
c03,384,0,1,0.53659153
c03,385,0,1,0.5374851
c03,386,0,1,0.53631383
c03,387,0,1,0.53562844
c03,388,0,1,0.53650695
c03,389,0,1,0.5364982
c03,390,0,1,0.53658384
c03,391,0,1,0.5364681
c03,392,0,1,0.5379269
c03,393,0,1,0.5365735
c03,394,0,1,0.5365189
c03,395,0,1,0.5391328
c03,396,0,1,0.5365115
c03,397,0,1,0.5390703
c03,398,0,1,0.53645355
c03,399,0,1,0.5379426
c03,400,0,1,0.5494961
c03,401,0,1,0.53642225
c03,402,0,1,0.5385283
c03,403,0,1,0.54906666
c03,404,0,1,0.5382267
c03,405,0,1,0.53828937
c03,406,0,1,0.58976424
c03,407,0,1,0.54880285
c03,408,0,1,0.5362827
c03,409,0,1,0.53646976
c03,410,0,1,0.5368462
c03,411,0,1,0.53684044
c03,412,0,1,0.5377454
c03,413,0,1,0.5378394
c03,414,0,1,0.5487149
c03,415,0,1,0.5455555
c03,416,0,1,0.5365813
c03,417,0,1,0.5685841
c03,418,0,1,0.5365461
c03,419,0,1,0.53643954
c03,420,0,1,0.5399609
c03,421,0,1,0.64927095
c03,422,0,1,0.550403
c03,423,0,1,0.5584949
c03,424,0,1,0.54256725
c03,425,0,1,0.53948873
c03,426,0,1,0.5359549
c03,427,0,1,0.541648
c03,428,0,1,0.53647405
c03,429,0,1,0.53758067
c03,430,0,1,0.5365203
c03,431,0,1,0.5366251
c03,432,0,1,0.5394717
c03,433,0,1,0.53686625
c03,434,0,1,0.5367766
c03,435,0,1,0.53581464
c03,436,0,1,0.53651226
c03,437,0,1,0.54200435
c03,438,0,1,0.5559315
c03,439,0,1,0.53942597
c03,440,0,1,0.53756624
c03,441,0,1,0.54291904
c03,442,0,1,0.5395355
c03,443,0,1,0.54530364
c03,444,0,1,0.5435156
c03,445,0,1,0.54761523
c03,446,0,1,0.5494014
c03,447,0,1,0.53804785
c03,448,0,1,0.53658086
c03,449,0,1,0.54121
c03,450,0,1,0.5364989
c03,451,0,1,0.5526445
c03,452,0,1,0.5614015
c03,453,0,1,0.53720427
c04,19,0,1,0.5259787
c04,20,0,1,0.51792073
c04,21,0,1,0.5239763
c04,22,0,1,0.5273416
c04,23,0,1,0.5200988
c04,24,0,1,0.5160408
c04,25,0,1,0.52735215
c04,26,0,1,0.52371275
c04,27,0,1,0.52239954
c04,28,0,1,0.5182488
c04,29,0,1,0.5108726
c04,30,0,1,0.52997506
c04,31,0,1,0.5242734
c04,32,0,1,0.52503
c04,33,0,1,0.5190903
c04,34,0,1,0.52202404
c04,35,0,1,0.5176518
c04,36,0,1,0.5267553
c04,37,0,1,0.5214783
c04,38,0,1,0.51638114
c04,39,0,1,0.5188293
c04,40,0,1,0.5208972
c04,41,0,1,0.5333287
c04,42,0,1,0.52604705
c04,43,0,1,0.53095174
c04,44,0,1,0.5160179
c04,45,0,1,0.5183597
c04,46,0,1,0.51718146
c04,47,0,1,0.51932144
c04,48,0,1,0.52344805
c04,49,0,1,0.5202344
c04,50,0,1,0.5224068
c04,51,0,1,0.5317824
c04,52,0,1,0.52454984
c04,53,0,1,0.52393997
c04,54,0,1,0.5222636
c04,55,0,1,0.5358751
c04,56,0,1,0.5191308
c04,57,0,1,0.5327327
c04,58,0,1,0.5224169
c04,59,0,1,0.5298654
c04,60,0,1,0.5331612
c04,61,0,1,0.51965284
c04,62,0,1,0.53063136
c04,63,0,1,0.52459544
c04,64,0,1,0.52447194
c04,65,0,1,0.524478
c04,66,0,1,0.53176016
c04,67,0,1,0.5289488
c04,68,0,1,0.533188
c04,69,0,1,0.53043836
c04,70,0,1,0.5188654
c04,71,0,1,0.53171325
c04,72,0,1,0.518051
c04,73,0,1,0.5196445
c04,74,0,1,0.524666
c04,75,0,1,0.52167666
c04,76,0,1,0.525426
c04,77,0,1,0.5206901
c04,78,0,1,0.52545214
c04,79,0,1,0.5173886
c04,80,0,1,0.5122893
c04,81,0,1,0.5157246
c04,82,0,1,0.53047264
c04,83,0,1,0.52159536
c04,84,0,1,0.51738447
c04,85,0,1,0.5267075
c04,86,0,1,0.5146582
c04,87,0,1,0.51418906
c04,88,0,1,0.5157822
c04,89,0,1,0.5142876
c04,90,0,1,0.5137062
c04,91,0,1,0.51454914
c04,92,0,1,0.51400745
c04,93,0,1,0.51526195
c04,94,0,1,0.5228171
c04,95,0,1,0.514149
c04,96,0,1,0.5140991
c04,97,0,1,0.5126936
c04,98,0,1,0.5126407
c04,99,0,1,0.51885116
c04,100,0,1,0.5175347
c04,101,0,1,0.5109232
c04,102,0,1,0.5155633
c04,103,0,1,0.5107749
c04,104,0,1,0.51051366
c04,105,0,1,0.50950915
c04,106,0,1,0.5115202
c04,107,0,1,0.50980836
c04,108,0,1,0.5119049
c04,109,0,1,0.51233864
c04,110,0,1,0.5124089
c04,111,0,1,0.5160227
c04,112,0,1,0.5092473
c04,113,0,1,0.5095836
c04,114,0,1,0.5108344
c04,115,0,1,0.510294
c04,116,0,1,0.5115717
c04,117,0,1,0.5103541
c04,118,0,1,0.50988376
c04,119,0,1,0.51017004
c04,120,0,1,0.5099052
c04,121,0,1,0.51276886
c04,122,0,1,0.5132152
c04,123,0,1,0.51246125
c04,124,0,1,0.51008046
c04,125,0,1,0.51374394
c04,126,0,1,0.50997674
c04,127,0,1,0.5122067
c04,128,0,1,0.5131891
c04,129,0,1,0.50914377
c04,130,0,1,0.50984204
c04,131,0,1,0.50952125
c04,132,0,1,0.50961375
c04,133,0,1,0.50951463
c04,134,0,1,0.5089966
c04,135,0,1,0.5094595
c04,136,0,1,0.50980026
c04,137,0,1,0.50970125
c04,138,0,1,0.50957716
c04,139,0,1,0.5095694
c04,140,0,1,0.5092261
c04,141,0,1,0.5107471
c04,142,0,1,0.5090464
c04,143,0,1,0.509541
c04,144,0,1,0.5092459
c04,145,0,1,0.50924987
c04,146,0,1,0.50948364
c04,147,0,1,0.50959665
c04,148,0,1,0.5094023
c04,149,0,1,0.5092216
c04,150,0,1,0.50943154
c04,151,0,1,0.51118547
c04,152,0,1,0.5103426
c04,153,0,1,0.511738
c04,154,0,1,0.5194794
c04,155,0,1,0.51195097
c04,156,0,1,0.50949544
c04,157,0,1,0.5093288
c04,158,0,1,0.50941175
c04,159,0,1,0.5091559
c04,160,0,1,0.50938535
c04,161,0,1,0.5094943
c04,162,0,1,0.50974274
c04,163,0,1,0.5091899
c04,164,0,1,0.5095953
c04,165,0,1,0.5169339
c04,166,0,1,0.5098879
c04,167,0,1,0.51082
c04,168,0,1,0.5100399
c04,169,0,1,0.5089288
c04,170,0,1,0.50939614
c04,171,0,1,0.5093057
c04,172,0,1,0.5091383
c04,173,0,1,0.50956285
c04,174,0,1,0.5092568
c04,175,0,1,0.5092725
c04,176,0,1,0.5094808
c04,177,0,1,0.50951767
c04,178,0,1,0.50985014
c04,179,0,1,0.50937355
c04,180,0,1,0.51024246
c04,181,0,1,0.50932884
c04,182,0,1,0.5118284
c04,183,0,1,0.5099935
c04,184,0,1,0.50939554
c04,185,0,1,0.510399
c04,186,0,1,0.5092838
c04,187,0,1,0.51022655
c04,188,0,1,0.51202875
c04,189,0,1,0.51242274
c04,190,0,1,0.5125144
c04,191,0,1,0.5095354
c04,192,0,1,0.50943065
c04,193,0,1,0.5095816
c04,194,0,1,0.50923836
c04,195,0,1,0.5102041
c04,196,0,1,0.5098872
c04,197,0,1,0.50939935
c04,198,0,1,0.5095412
c04,199,0,1,0.5159272
c04,200,0,1,0.5102179
c04,201,0,1,0.5092558
c04,202,0,1,0.50959027
c04,203,0,1,0.5094476
c04,204,0,1,0.50998807
c04,205,0,1,0.51042354
c04,206,0,1,0.5100046
c04,207,0,1,0.5096461
c04,208,0,1,0.5106323
c04,209,0,1,0.509968
c04,210,0,1,0.5095608
c04,211,0,1,0.5103408
c04,212,0,1,0.5093391
c04,213,0,1,0.5091771
c04,214,0,1,0.5093349
c04,215,0,1,0.5095464
c04,216,0,1,0.5098902
c04,217,0,1,0.5097172
c04,218,0,1,0.50946635
c04,219,0,1,0.50923383
c04,220,0,1,0.5095907
c04,221,0,1,0.50937253
c04,222,0,1,0.5091911
c04,223,0,1,0.509286
c04,224,0,1,0.5093702
c04,225,0,1,0.51095265
c04,226,0,1,0.5130257
c04,227,0,1,0.5098179
c04,228,0,1,0.5093944
c04,229,0,1,0.5093241
c04,230,0,1,0.50955254
c04,231,0,1,0.5096542
c04,232,0,1,0.5092664
c04,233,0,1,0.5095358
c04,234,0,1,0.5092765
c04,235,0,1,0.50939023
c04,236,0,1,0.50912595
c04,237,0,1,0.5090349
c04,238,0,1,0.5090856
c04,239,0,1,0.5098875
c04,240,0,1,0.5092275
c04,241,0,1,0.5094516
c04,242,0,1,0.50941145
c04,243,0,1,0.50922793
c04,244,0,1,0.5091459
c04,245,0,1,0.50949025
c04,246,0,1,0.50905126
c04,247,0,1,0.50913477
c04,248,0,1,0.50931406
c04,249,0,1,0.5096025
c04,250,0,1,0.509057
c04,251,0,1,0.5091494
c04,252,0,1,0.50908315
c04,253,0,1,0.50930196
c04,254,0,1,0.5091772
c04,255,0,1,0.5104168
c04,256,0,1,0.5092293
c04,257,0,1,0.50929725
c04,258,0,1,0.50919133
c04,259,0,1,0.5116152
c04,260,0,1,0.5233915
c04,261,0,1,0.5329873
c04,262,0,1,0.5259498
c04,263,0,1,0.5357037
c04,264,0,1,0.52249444
c04,265,0,1,0.5329919
c04,266,0,1,0.5317133
c04,267,0,1,0.5319076
c04,268,0,1,0.53210753
c04,269,0,1,0.5261531
c04,270,0,1,0.51941365
c04,271,0,1,0.5337845
c04,272,0,1,0.52685845
c04,273,0,1,0.5225016
c04,274,0,1,0.5354875
c04,275,0,1,0.53692347
c04,276,0,1,0.5318213
c04,277,0,1,0.5435523
c04,278,0,1,0.52116114
c04,279,0,1,0.52075356
c04,280,0,1,0.533338
c04,281,0,1,0.5215601
c04,282,0,1,0.5266659
c04,283,0,1,0.5355839
c04,284,0,1,0.5321487
c04,285,0,1,0.5419893
c04,286,0,1,0.5326754
c04,287,0,1,0.535921
c04,288,0,1,0.527543
c04,289,0,1,0.53647536
c04,290,0,1,0.52606773
c04,291,0,1,0.5291005
c04,292,0,1,0.52859116
c04,293,0,1,0.5302829
c04,294,0,1,0.5179406
c04,295,0,1,0.52420706
c04,296,0,1,0.51866937
c04,297,0,1,0.5236152
c04,298,0,1,0.5213277
c04,299,0,1,0.518658
c04,300,0,1,0.53270626
c04,301,0,1,0.5266091
c04,302,0,1,0.5292524
c04,303,0,1,0.5217934
c04,304,0,1,0.5134525
c04,305,0,1,0.51828694
c04,306,0,1,0.5179319
c04,307,0,1,0.5148302
c04,308,0,1,0.51899904
c04,309,0,1,0.5167335
c04,310,0,1,0.5153717
c04,311,0,1,0.5130225
c04,312,0,1,0.51735085
c04,313,0,1,0.52058023
c04,314,0,1,0.5174554
c04,315,0,1,0.52113634
c04,316,0,1,0.5231025
c04,317,0,1,0.5183403
c04,318,0,1,0.52104294
c04,319,0,1,0.51660234
c04,320,0,1,0.5169388
c04,321,0,1,0.5146466
c04,322,0,1,0.5232692
c04,323,0,1,0.5171916
c04,324,0,1,0.5147197
c04,325,0,1,0.5125622
c04,326,0,1,0.5176598
c04,327,0,1,0.5124092
c04,328,0,1,0.51535374
c04,329,0,1,0.5138473
c04,330,0,1,0.5179428
c04,331,0,1,0.51105106
c04,332,0,1,0.51141816
c04,333,0,1,0.5114632
c04,334,0,1,0.50955003
c04,335,0,1,0.51095545
c04,336,0,1,0.51613224
c04,337,0,1,0.5096158
c04,338,0,1,0.5149828
c04,339,0,1,0.5114936
c04,340,0,1,0.5239088
c04,341,0,1,0.51034474
c04,342,0,1,0.5133195
c04,343,0,1,0.5122562
c04,344,0,1,0.5105524
c04,345,0,1,0.5152511
c04,346,0,1,0.5106429
c04,347,0,1,0.51042587
c04,348,0,1,0.5129229
c04,349,0,1,0.5160089
c04,350,0,1,0.5130343
c04,351,0,1,0.5146808
c04,352,0,1,0.50995195
c04,353,0,1,0.5103051
c04,354,0,1,0.51439553
c04,355,0,1,0.51077884
c04,356,0,1,0.50967145
c04,357,0,1,0.5135625
c04,358,0,1,0.5127282
c04,359,0,1,0.5105809
c04,360,0,1,0.51287085
c04,361,0,1,0.51178914
c04,362,0,1,0.5100622
c04,363,0,1,0.5099921
c04,364,0,1,0.5142292
c04,365,0,1,0.51426125
c04,366,0,1,0.51229346
c04,367,0,1,0.51589185
c04,368,0,1,0.51155025
c04,369,0,1,0.5167483
c04,370,0,1,0.51536345
c04,371,0,1,0.5314757
c04,372,0,1,0.51713395
c04,373,0,1,0.53098977
c04,374,0,1,0.5295845
c04,375,0,1,0.52019703
c04,376,0,1,0.5145076
c04,377,0,1,0.5151977
c04,378,0,1,0.53107345
c04,379,0,1,0.5265785
c04,380,0,1,0.5207248
c04,381,0,1,0.51347804
c04,382,0,1,0.53147036
c04,383,0,1,0.5140626
c04,384,0,1,0.5138473
c04,385,0,1,0.5272905
c04,386,0,1,0.5180751
c04,387,0,1,0.5207982
c04,388,0,1,0.5165189
c04,389,0,1,0.5214396
c04,390,0,1,0.51542455
c04,391,0,1,0.5151272
c04,392,0,1,0.51545817
c04,393,0,1,0.51077545
c04,394,0,1,0.5163
c04,395,0,1,0.51442057
c04,396,0,1,0.51418155
c04,397,0,1,0.51471573
c04,398,0,1,0.51130277
c04,399,0,1,0.50968987
c04,400,0,1,0.5180513
c04,401,0,1,0.5312321
c04,402,0,1,0.5095829
c04,403,0,1,0.50927705
c04,404,0,1,0.5100764
c04,405,0,1,0.5117785
c04,406,0,1,0.51328677
c04,407,0,1,0.51331156
c04,408,0,1,0.5117187
c04,409,0,1,0.5151055
c04,410,0,1,0.5167167
c04,411,0,1,0.51177967
c04,412,0,1,0.5153048
c04,413,0,1,0.5129
c04,414,0,1,0.51169974
c04,415,0,1,0.51024663
c04,416,0,1,0.5100748
c04,417,0,1,0.5103448
c04,418,0,1,0.5168594
c04,419,0,1,0.51291084
c04,420,0,1,0.5128502
c04,421,0,1,0.52129364
c04,422,0,1,0.5242307
c04,423,0,1,0.5209134
c04,424,0,1,0.51514995
c04,425,0,1,0.51044965
c04,426,0,1,0.50952756
c04,427,0,1,0.50951284
c04,428,0,1,0.5100205
c04,429,0,1,0.5094687
c04,430,0,1,0.5095415
c04,431,0,1,0.5097989
c04,432,0,1,0.51238906
c04,433,0,1,0.50933045
c04,434,0,1,0.5097256
c04,435,0,1,0.50974387
c04,436,0,1,0.5105889
c04,437,0,1,0.50965667
c04,438,0,1,0.50970966
c04,439,0,1,0.5093324
c04,440,0,1,0.51089704
c04,441,0,1,0.5097742
c04,442,0,1,0.50982195
c04,443,0,1,0.50947285
c04,444,0,1,0.5096265
c04,445,0,1,0.5100626
c04,446,0,1,0.5095006
c04,447,0,1,0.5095234
c04,448,0,1,0.5118699
c04,449,0,1,0.50931257
c04,450,0,1,0.51297545
c04,451,0,1,0.50972223
c04,452,0,1,0.50961024
c04,453,0,1,0.50943625
c04,454,0,1,0.5095705
c04,455,0,1,0.5092406
c04,456,0,1,0.5124171
c04,457,0,1,0.51209134
c04,458,0,1,0.5090406
c04,459,0,1,0.509771
c04,460,0,1,0.5096233
c04,461,0,1,0.50908566
c04,462,0,1,0.50959957
c04,463,0,1,0.5092434
c04,464,0,1,0.50924164
c04,465,0,1,0.50928503
c04,466,0,1,0.5114034
c04,467,0,1,0.5112352
c04,468,0,1,0.5092085
c04,469,0,1,0.50961375
c04,470,0,1,0.5095787
c04,471,0,1,0.50907606
c04,472,0,1,0.50947285
c04,473,0,1,0.509683
c04,474,0,1,0.5098633
c04,475,0,1,0.5093128
c04,476,0,1,0.5094933
c04,477,0,1,0.5153089
c04,478,0,1,0.514001
c04,479,0,1,0.51322424
c04,480,0,1,0.5191915
c04,481,0,1,0.52037436
c05,1,0,1,0.52013165
c05,2,0,1,0.5205869
c05,3,0,1,0.5346732
c05,4,0,1,0.54640365
c05,5,0,1,0.52644396
c05,6,1,1,0.5424541
c05,7,0,1,0.53668994
c05,8,0,1,0.5178077
c05,9,0,1,0.5183442
c05,10,0,1,0.5333774
c05,11,0,1,0.5160184
c05,12,0,1,0.53439796
c05,13,0,1,0.5138855
c05,14,0,1,0.5184703
c05,15,0,1,0.5121357
c05,16,0,1,0.5589515
c05,17,0,1,0.5007336
c05,18,0,1,0.53413486
c05,19,0,1,0.52993304
c05,20,0,1,0.533755
c05,21,0,1,0.5314882
c05,22,0,1,0.5393977
c05,23,0,1,0.51737344
c05,24,0,1,0.50710905
c05,25,0,1,0.52730954
c05,26,0,1,0.5361498
c05,27,0,1,0.5659394
c05,28,0,1,0.5318283
c05,29,0,1,0.53621256
c05,30,0,1,0.5343528
c05,31,0,1,0.5445241
c05,32,0,1,0.5300742
c05,33,0,1,0.5314327
c05,34,0,1,0.540213
c05,35,0,1,0.52517825
c05,36,0,1,0.54056334
c05,37,0,1,0.5404645
c05,38,0,1,0.53575593
c05,39,0,1,0.52528656
c05,40,0,1,0.52164805
c05,41,0,1,0.5103517
c05,42,0,1,0.5267488
c05,43,0,1,0.5182059
c05,44,0,1,0.53310454
c05,45,0,1,0.5329636
c05,46,0,1,0.54408175
c05,47,0,1,0.54889774
c05,48,0,1,0.5322649
c05,49,0,1,0.5583746
c05,50,0,1,0.5407993
c05,51,0,1,0.5379374
c05,52,0,1,0.5258401
c05,53,0,1,0.5147114
c05,54,0,1,0.5360031
c05,55,0,1,0.5269756
c05,56,0,1,0.53383625
c05,57,0,1,0.53828365
c05,58,0,1,0.53710395
c05,59,0,1,0.53313065
c05,60,0,1,0.5369094
c05,61,0,1,0.53913474
c05,62,0,1,0.5379462
c05,63,0,1,0.5414795
c05,64,0,1,0.5172085
c05,65,0,1,0.53285635
c05,66,0,1,0.5346431
c05,67,0,1,0.5566031
c05,68,0,1,0.5442346
c05,69,0,1,0.54153705
c05,70,0,1,0.5295948
c05,71,0,1,0.5411902
c05,72,0,1,0.53966224
c05,73,0,1,0.5376707
c05,74,0,1,0.5392304
c05,75,0,1,0.5505968
c05,76,0,1,0.5484747
c05,77,0,1,0.560641
c05,78,0,1,0.5564968
c05,79,0,1,0.5432672
c05,80,0,1,0.52060413
c05,81,0,1,0.5460869
c05,82,0,1,0.5649334
c05,83,0,1,0.53467673
c05,84,0,1,0.5546223
c05,85,0,1,0.5439623
c05,86,0,1,0.5389575
c05,87,0,1,0.54153264
c05,88,0,1,0.5470841
c05,89,0,1,0.55458
c05,90,0,1,0.57758313
c05,91,0,1,0.5386874
c05,92,0,1,0.5378519
c05,93,0,1,0.5485885
c05,94,0,1,0.5384113
c05,95,0,1,0.5574769
c05,96,0,1,0.5446209
c05,97,0,1,0.5403188
c05,98,0,1,0.534623
c05,99,0,1,0.5431263
c05,100,0,1,0.5444175
c05,101,0,1,0.5369081
c05,102,0,1,0.5329211
c05,103,0,1,0.5394662
c05,104,0,1,0.532116
c05,105,0,1,0.53721386
c05,106,0,1,0.54200715
c05,107,0,1,0.51401514
c05,108,0,1,0.5650552
c05,109,0,1,0.571309
c05,110,0,1,0.61845696
c05,111,0,1,0.56817335
c05,112,0,1,0.55409276
c05,113,0,1,0.5930289
c05,114,0,1,0.5442474
c05,115,0,1,0.57684267
c05,116,0,1,0.63427263
c05,117,0,1,0.56771594
c05,118,0,1,0.5444232
c05,119,0,1,0.54015887
c05,120,0,1,0.5560253
c05,121,0,1,0.58797807
c05,122,0,1,0.64851266
c05,123,0,1,0.5915955
c05,124,0,1,0.55720973
c05,125,0,1,0.6322077
c05,126,0,1,0.67013985
c05,127,0,1,0.6366631
c05,128,0,1,0.55380005
c05,129,0,1,0.58928907
c05,130,0,1,0.5411443
c05,131,0,1,0.5405258
c05,132,0,1,0.5596458
c05,133,0,1,0.54592043
c05,134,0,1,0.53465897
c05,135,0,1,0.552822
c05,136,0,1,0.54706836
c05,137,0,1,0.6618492
c05,138,0,1,0.54555887
c05,139,0,1,0.5406001
c05,140,0,1,0.53854716
c05,141,0,1,0.5406861
c05,142,0,1,0.6184664
c05,143,0,1,0.55168515
c05,144,0,1,0.5376196
c05,145,0,1,0.53133875
c05,146,0,1,0.64150417
c05,147,0,1,0.5629655
c05,148,0,1,0.54908484
c05,149,0,1,0.55576974
c05,150,0,1,0.54815364
c05,151,0,1,0.538684
c05,152,0,1,0.55736244
c05,153,0,1,0.5658965
c05,154,0,1,0.5376823
c05,155,0,1,0.532691
c05,156,0,1,0.5467344
c05,157,0,1,0.53934205
c05,158,0,1,0.54117256
c05,159,0,1,0.5236034
c05,160,0,1,0.5319623
c05,161,0,1,0.5654251
c05,162,0,1,0.56620514
c05,163,0,1,0.58314735
c05,164,0,1,0.5453753
c05,165,0,1,0.53973323
c05,166,0,1,0.53823215
c05,167,0,1,0.5211956
c05,168,0,1,0.55242175
c05,169,0,1,0.5399901
c05,170,0,1,0.548982
c05,171,0,1,0.5234939
c05,172,0,1,0.5364311
c05,173,0,1,0.5368362
c05,174,0,1,0.51856714
c05,175,0,1,0.529403
c05,176,0,1,0.53204525
c05,177,0,1,0.52146316
c05,178,0,1,0.5184615
c05,179,0,1,0.53554094
c05,180,0,1,0.51846266
c05,181,0,1,0.5383532
c05,182,0,1,0.53090703
c05,183,0,1,0.5460782
c05,184,0,1,0.5129225
c05,185,0,1,0.53758466
c05,186,0,1,0.5386928
c05,187,0,1,0.51638645
c05,188,0,1,0.54313785
c05,189,0,1,0.53451765
c05,190,0,1,0.5385827
c05,191,0,1,0.53347105
c05,192,0,1,0.5162003
c05,193,0,1,0.5313184
c05,194,0,1,0.55639064
c05,195,0,1,0.5604461
c05,196,0,1,0.57618934
c05,197,0,1,0.54599345
c05,198,0,1,0.5507279
c05,199,0,1,0.53099126
c05,200,0,1,0.5394978
c05,201,0,1,0.5392819
c05,202,0,1,0.5414365
c05,203,0,1,0.54618484
c05,204,0,1,0.57181305
c05,205,0,1,0.599488
c05,206,0,1,0.65318996
c05,207,0,1,0.552971
c05,208,0,1,0.5312766
c05,209,0,1,0.6162108
c05,210,0,1,0.52634245
c05,211,0,1,0.5378639
c05,212,0,1,0.535548
c05,213,0,1,0.53239906
c05,214,0,1,0.58547777
c05,215,0,1,0.6013094
c05,216,0,1,0.5606089
c05,217,0,1,0.54370433
c05,218,0,1,0.5513903
c05,219,0,1,0.55598706
c05,220,0,1,0.53056014
c05,221,0,1,0.53808886
c05,222,0,1,0.56621766
c05,223,0,1,0.53070414
c05,224,0,1,0.5311781
c05,225,0,1,0.54142636
c05,226,0,1,0.54095435
c05,227,0,1,0.52233756
c05,228,0,1,0.5257539
c05,229,0,1,0.54891735
c05,230,0,1,0.52932996
c05,231,0,1,0.517526
c05,232,0,1,0.54386234
c05,233,0,1,0.5411516
c05,234,0,1,0.5345444
c05,235,0,1,0.5350024
c05,236,0,1,0.52843446
c05,237,0,1,0.5214535
c05,238,0,1,0.5299117
c05,239,0,1,0.53047854
c05,240,0,1,0.53329486
c05,241,0,1,0.52391016
c05,242,0,1,0.5339306
c05,243,0,1,0.5232859
c05,244,0,1,0.5217589
c05,245,0,1,0.5257869
c05,246,0,1,0.5310743
c05,247,0,1,0.52223694
c05,248,0,1,0.53028005
c05,249,0,1,0.52913415
c05,250,0,1,0.5655993
c05,251,0,1,0.5364009
c05,252,0,1,0.5308021
c05,253,0,1,0.51693046
c05,254,0,1,0.5475296
c05,255,0,1,0.6515841
c05,256,0,1,0.5473617
c05,257,0,1,0.53465205
c05,258,0,1,0.54575384
c05,259,0,1,0.53594965
c05,260,0,1,0.53475106
c05,261,0,1,0.53153926
c05,262,0,1,0.51762676
c05,263,0,1,0.5153815
c05,264,0,1,0.522524
c05,265,0,1,0.5354054
c05,266,0,1,0.5111127
c05,267,0,1,0.55505526
c05,268,0,1,0.53182656
c05,269,0,1,0.5264826
c05,270,0,1,0.52538484
c05,271,0,1,0.53690195
c05,272,0,1,0.53526783
c05,273,0,1,0.52603877
c05,274,0,1,0.5243206
c05,275,0,1,0.541988
c05,276,0,1,0.54209924
c05,277,0,1,0.5523244
c05,278,0,1,0.5367299
c05,279,0,1,0.5342262
c05,280,0,1,0.5310951
c05,281,0,1,0.53574735
c05,282,0,1,0.535942
c05,283,0,1,0.5375246
c05,284,0,1,0.54444903
c05,285,0,1,0.5592851
c05,286,0,1,0.53600603
c05,287,0,1,0.54506236
c05,288,0,1,0.54081446
c05,289,0,1,0.54136944
c05,290,0,1,0.53191936
c05,291,0,1,0.53876144
c05,292,0,1,0.53823113
c05,293,0,1,0.54240894
c05,294,0,1,0.54545987
c05,295,0,1,0.5461635
c05,296,0,1,0.51805365
c05,297,0,1,0.51977473
c05,298,0,1,0.53227
c05,299,0,1,0.5384148
c05,300,0,1,0.5457047
c05,301,0,1,0.5277205
c05,302,0,1,0.54299563
c05,303,0,1,0.5374623
c05,304,0,1,0.5114991
c05,305,0,1,0.5457029
c05,306,0,1,0.5410207
c05,307,0,1,0.53374827
c05,308,0,1,0.5454805
c05,309,0,1,0.53706026
c05,310,0,1,0.53111285
c05,311,0,1,0.5344598
c05,312,0,1,0.52885497
c05,313,0,1,0.556991
c05,314,0,1,0.5202957
c05,315,0,1,0.5425871
c05,316,0,1,0.53228706
c05,317,0,1,0.58382004
c05,318,0,1,0.5446937
c05,319,0,1,0.54848236
c05,320,0,1,0.5351964
c05,321,0,1,0.5741405
c05,322,0,1,0.5337589
c05,323,0,1,0.51939136
c05,324,0,1,0.53339636
c05,325,0,1,0.537368
c05,326,0,1,0.52542233
c05,327,0,1,0.54043865
c05,328,0,1,0.53399116
c05,329,0,1,0.5309015
c05,330,0,1,0.5319635
c05,331,0,1,0.51958084
c05,332,0,1,0.53778774
c05,333,0,1,0.5317296
c05,334,0,1,0.53794396
c05,335,0,1,0.5250494
c05,336,0,1,0.53175765
c05,337,0,1,0.5327949
c05,338,0,1,0.5158699
c05,339,0,1,0.52127343
c05,340,0,1,0.53137624
c05,341,0,1,0.5273542
c05,342,0,1,0.5387821
c05,343,0,1,0.53204286
c05,344,0,1,0.5312191
c05,345,0,1,0.53549355
c05,346,0,1,0.6054161
c05,347,0,1,0.5490925
c05,348,0,1,0.5356559
c05,349,0,1,0.5436959
c05,350,0,1,0.5480044
c05,351,0,1,0.55103904
c05,352,0,1,0.53514934
c05,353,0,1,0.5221396
c05,354,0,1,0.53682107
c05,355,0,1,0.5401046
c05,356,0,1,0.5584901
c05,357,0,1,0.539862
c05,358,0,1,0.53550446
c05,359,0,1,0.5224616
c05,360,0,1,0.53423655
c05,361,0,1,0.5419013
c05,362,0,1,0.54192215
c05,363,0,1,0.53709674
c05,364,0,1,0.53623235
c05,365,0,1,0.54672486
c05,366,0,1,0.5529636
c05,367,0,1,0.53580725
c05,368,0,1,0.54911333
c05,369,0,1,0.57589275
c05,370,0,1,0.5540854
c05,371,0,1,0.5185462
c05,372,0,1,0.53333545
c05,373,0,1,0.5829197
c05,374,0,1,0.5380694
c05,375,0,1,0.5595088
c05,376,0,1,0.6170283
c05,377,0,1,0.5644657
c05,378,0,1,0.6398033
c05,379,0,1,0.57091147
c05,380,0,1,0.56218106
c05,381,0,1,0.61270803
c05,382,0,1,0.61881083
c05,383,0,1,0.5484706
c05,384,0,1,0.5358835
c05,385,1,1,0.6045756
c05,386,1,1,0.5254164
c05,387,0,1,0.5413937
c05,388,0,1,0.52166575
c05,389,0,1,0.5415525
c05,390,0,1,0.54084754
c05,391,0,1,0.54235667
c05,392,0,1,0.5311327
c05,393,0,1,0.5361312
c05,394,0,1,0.54263014
c05,395,0,1,0.5246501
c05,396,0,1,0.5304297
c05,397,0,1,0.5389062
c05,398,0,1,0.5441794
c05,399,0,1,0.50987077
c05,400,0,1,0.5333648
c05,401,0,1,0.53972113
c05,402,0,1,0.53138137
c05,403,0,1,0.5293146
c05,404,0,1,0.5377665
c05,405,0,1,0.5227943
c05,406,0,1,0.5353539
c05,407,0,1,0.5800685
c05,408,0,1,0.5180293
c05,409,0,1,0.5391305
c05,410,0,1,0.5404312
c05,411,0,1,0.51638514
c05,412,0,1,0.52605796
c05,413,0,1,0.52684456
c05,414,0,1,0.54357857
c05,415,0,1,0.5393848
c05,416,0,1,0.54237795
c05,417,0,1,0.53647107
c05,418,0,1,0.5344655
c05,419,0,1,0.5400429
c05,420,0,1,0.5428769
c05,421,0,1,0.52528447
c05,422,0,1,0.5394578
c05,423,0,1,0.53485817
c05,424,0,1,0.53555745
c05,425,0,1,0.53384423
c05,426,0,1,0.5367704
c05,427,0,1,0.51533467
c05,428,0,1,0.54594874
c05,429,0,1,0.50834876
c05,430,0,1,0.5169717
c05,431,0,1,0.530108
c05,432,0,1,0.53810084
c05,433,0,1,0.5159356
c05,434,0,1,0.54089415
c05,435,0,1,0.53935444
c05,436,0,1,0.53637075
c05,437,0,1,0.5440319
c05,438,0,1,0.52752554
c05,439,0,1,0.5353481
c05,440,0,1,0.55258214
c05,441,0,1,0.5150071
c05,442,0,1,0.5306709
c05,443,0,1,0.5318199
c05,444,0,1,0.5399192
c05,445,0,1,0.5184361
c05,446,0,1,0.5140676
c05,447,0,1,0.53625107
c05,448,0,1,0.5404934
c05,449,0,1,0.5707671
c05,450,0,1,0.5361268
c05,451,0,1,0.5502738
c05,452,0,1,0.5381037
c05,453,0,1,0.53920484
c05,454,0,1,0.5424938
c05,455,0,1,0.53627497
c05,456,0,1,0.5399259
c05,457,0,1,0.53270763
c05,458,0,1,0.5314704
c05,459,0,1,0.53872484
c05,460,0,1,0.5310744
c05,461,0,1,0.5580867
c05,462,0,1,0.5778259
c05,463,0,1,0.5211535
c05,464,0,1,0.523569
c05,465,0,1,0.6428642
c06,1,0,1,0.54143584
c06,2,0,1,0.51224625
c06,3,0,1,0.5422207
c06,4,0,1,0.5447567
c06,5,0,1,0.5475885
c06,6,0,1,0.53863466
c06,7,0,1,0.5437786
c06,8,0,1,0.5430142
c06,9,0,1,0.52334154
c06,10,0,1,0.52106434
c06,11,0,1,0.5713117
c06,12,0,1,0.5222531
c06,13,0,1,0.5425189
c06,14,0,1,0.5071562
c06,15,0,1,0.52213144
c06,16,0,1,0.5220731
c06,17,0,1,0.5300615
c06,18,0,1,0.5471583
c06,19,0,1,0.52056617
c06,20,0,1,0.53900295
c06,21,0,1,0.54186314
c06,22,0,1,0.5377938
c06,23,0,1,0.5383736
c06,24,0,1,0.53950846
c06,25,0,1,0.51883423
c06,26,0,1,0.5316006
c06,27,0,1,0.5391947
c06,28,0,1,0.5480395
c06,29,0,1,0.55249095
c06,30,0,1,0.54201716
c06,31,0,1,0.54283446
c06,32,0,1,0.54220814
c06,33,0,1,0.5337185
c06,34,0,1,0.541143
c06,35,0,1,0.54026276
c06,36,0,1,0.54159135
c06,37,0,1,0.5485626
c06,38,0,1,0.5451925
c06,39,0,1,0.5412232
c06,40,0,1,0.5363972
c06,41,0,1,0.52505195
c06,42,0,1,0.5126835
c06,43,0,1,0.5373234
c06,44,0,1,0.5168246
c06,45,0,1,0.53004503
c06,46,0,1,0.5426725
c06,47,0,1,0.5504669
c06,48,0,1,0.5452803
c06,49,0,1,0.545659
c06,50,0,1,0.5567815
c06,51,0,1,0.5561528
c06,52,0,1,0.5410506
c06,53,0,1,0.5444899
c06,54,0,1,0.5172183
c06,55,0,1,0.52147806
c06,56,0,1,0.54230917
c06,57,0,1,0.5441533
c06,58,0,1,0.5428133
c06,59,0,1,0.54122233
c06,60,0,1,0.54096437
c06,61,0,1,0.54278713
c06,62,0,1,0.5407533
c06,63,0,1,0.5351117
c06,64,0,1,0.55178446
c06,65,0,1,0.5453833
c06,66,0,1,0.52475214
c06,67,0,1,0.5379972
c06,68,0,1,0.57533044
c06,69,0,1,0.5531877
c06,70,0,1,0.55068034
c06,71,0,1,0.5422855
c06,72,0,1,0.54616785
c06,73,0,1,0.5441683
c06,74,0,1,0.55426997
c06,75,0,1,0.54138255
c06,76,0,1,0.54243904
c06,77,0,1,0.5531366
c06,78,0,1,0.5622087
c06,79,0,1,0.54942316
c06,80,0,1,0.55287075
c06,81,0,1,0.5421474
c06,82,0,1,0.54927796
c06,83,0,1,0.60100394
c06,84,0,1,0.5391375
c06,85,0,1,0.5728444
c06,86,0,1,0.5486828
c06,87,0,1,0.5546227
c06,88,0,1,0.5155829
c06,89,0,1,0.55811936
c06,90,0,1,0.5427388
c06,91,0,1,0.5572296
c06,92,0,1,0.60313594
c06,93,0,1,0.54122406
c06,94,0,1,0.55739695
c06,95,0,1,0.54529417
c06,96,0,1,0.57402945
c06,97,0,1,0.54907656
c06,98,0,1,0.538134
c06,99,0,1,0.5429481
c06,100,0,1,0.5440699
c06,101,0,1,0.54845196
c06,102,0,1,0.5411423
c06,103,0,1,0.5407854
c06,104,0,1,0.5408178
c06,105,0,1,0.54188937
c06,106,0,1,0.529191
c06,107,0,1,0.54978347
c06,108,0,1,0.53201663
c06,109,0,1,0.5461722
c06,110,0,1,0.5546119
c06,111,0,1,0.59567773
c06,112,0,1,0.61730963
c06,113,0,1,0.5789303
c06,114,0,1,0.5748549
c06,115,0,1,0.5513322
c06,116,0,1,0.5563666
c06,117,0,1,0.59647214
c06,118,0,1,0.58792937
c06,119,0,1,0.58766365
c06,120,0,1,0.56748736
c06,121,0,1,0.5553995
c06,122,0,1,0.5440862
c06,123,0,1,0.65604544
c06,124,0,1,0.5569718
c06,125,0,1,0.5708447
c06,126,0,1,0.590713
c06,127,0,1,0.6770834
c06,128,0,1,0.6361154
c06,129,0,1,0.5557956
c06,130,0,1,0.57892853
c06,131,0,1,0.5544368
c06,132,0,1,0.54650897
c06,133,0,1,0.56051356
c06,134,0,1,0.56262773
c06,135,0,1,0.5403094
c06,136,0,1,0.5328633
c06,137,0,1,0.5817209
c06,138,0,1,0.5832994
c06,139,0,1,0.6584191
c06,140,0,1,0.5529189
c06,141,0,1,0.54176307
c06,142,0,1,0.55142474
c06,143,0,1,0.5444673
c06,144,0,1,0.6088581
c06,145,0,1,0.55140567
c06,146,0,1,0.5518879
c06,147,0,1,0.54157585
c06,148,0,1,0.5842013
c06,149,0,1,0.56952906
c06,150,0,1,0.5934969
c06,151,0,1,0.547419
c06,152,0,1,0.5440444
c06,153,0,1,0.5649605
c06,154,0,1,0.5836123
c06,155,0,1,0.5539174
c06,156,0,1,0.5411778
c06,157,0,1,0.5501869
c06,158,0,1,0.54853624
c06,159,0,1,0.5439873
c06,160,0,1,0.5370046
c06,161,0,1,0.53517133
c06,162,0,1,0.54314476
c06,163,0,1,0.5711241
c06,164,0,1,0.63935935
c06,165,0,1,0.5566915
c06,166,0,1,0.54442257
c06,167,0,1,0.54343414
c06,168,0,1,0.52755576
c06,169,0,1,0.54947776
c06,170,0,1,0.54563975
c06,171,0,1,0.54112613
c06,172,0,1,0.5592177
c06,173,0,1,0.54164714
c06,174,0,1,0.5416597
c06,175,0,1,0.52609754
c06,176,0,1,0.5400572
c06,177,0,1,0.5331585
c06,178,0,1,0.533025
c06,179,0,1,0.5235214
c06,180,0,1,0.5398692
c06,181,0,1,0.52584565
c06,182,0,1,0.53947926
c06,183,0,1,0.5411792
c06,184,0,1,0.5410738
c06,185,0,1,0.5446149
c06,186,0,1,0.5439814
c06,187,0,1,0.5372077
c06,188,0,1,0.54258996
c06,189,0,1,0.5446384
c06,190,0,1,0.5431013
c06,191,0,1,0.5442599
c06,192,0,1,0.5379961
c06,193,0,1,0.5150795
c06,194,0,1,0.5267358
c06,195,0,1,0.55068415
c06,196,0,1,0.60185945
c06,197,0,1,0.5457211
c06,198,0,1,0.57820004
c06,199,0,1,0.55352384
c06,200,0,1,0.5455193
c06,201,0,1,0.5443092
c06,202,0,1,0.53621936
c06,203,0,1,0.55117226
c06,204,0,1,0.539858
c06,205,0,1,0.5520908
c06,206,0,1,0.5554407
c06,207,0,1,0.61256045
c06,208,0,1,0.6039657
c06,209,0,1,0.54582214
c06,210,0,1,0.6338858
c06,211,0,1,0.5422097
c06,212,0,1,0.5471818
c06,213,0,1,0.5415258
c06,214,0,1,0.54144144
c06,215,0,1,0.5922885
c06,216,0,1,0.57762504
c06,217,0,1,0.5706654
c06,218,0,1,0.55193496
c06,219,0,1,0.5494159
c06,220,0,1,0.54727703
c06,221,0,1,0.5355752
c06,222,0,1,0.5418704
c06,223,0,1,0.5467799
c06,224,0,1,0.5457527
c06,225,0,1,0.5304981
c06,226,0,1,0.55257165
c06,227,0,1,0.5464343
c06,228,0,1,0.5246112
c06,229,0,1,0.5397784
c06,230,0,1,0.5479912
c06,231,0,1,0.545029
c06,232,0,1,0.51242924
c06,233,0,1,0.54505634
c06,234,0,1,0.54922175
c06,235,0,1,0.5200666
c06,236,0,1,0.5448918
c06,237,0,1,0.5298829
c06,238,0,1,0.5299787
c06,239,0,1,0.5349187
c06,240,0,1,0.5326458
c06,241,0,1,0.5396315
c06,242,0,1,0.5246976
c06,243,0,1,0.524683
c06,244,0,1,0.54066813
c06,245,0,1,0.5289309
c06,246,0,1,0.53897506
c06,247,0,1,0.53099775
c06,248,0,1,0.5377986
c06,249,0,1,0.5309185
c06,250,0,1,0.5277092
c06,251,0,1,0.5760028
c06,252,0,1,0.54320294
c06,253,0,1,0.5381978
c06,254,0,1,0.5133142
c06,255,0,1,0.5388867
c06,256,0,1,0.57873553
c06,257,0,1,0.61297643
c06,258,0,1,0.54549336
c06,259,0,1,0.54942364
c06,260,0,1,0.54133123
c06,261,0,1,0.53851247
c06,262,0,1,0.53766584
c06,263,0,1,0.5168703
c06,264,0,1,0.52835256
c06,265,0,1,0.5213524
c06,266,0,1,0.53194803
c06,267,0,1,0.53897417
c06,268,0,1,0.54296815
c06,269,0,1,0.5887982
c06,270,0,1,0.5115958
c06,271,0,1,0.534643
c06,272,0,1,0.53830576
c06,273,0,1,0.5400841
c06,274,0,1,0.5420161
c06,275,0,1,0.5223248
c06,276,0,1,0.5428579
c06,277,0,1,0.5432453
c06,278,0,1,0.55195034
c06,279,0,1,0.54327476
c06,280,0,1,0.54017496
c06,281,0,1,0.53550464
c06,282,0,1,0.53585
c06,283,0,1,0.5397498
c06,284,0,1,0.53093505
c06,285,0,1,0.5482452
c06,286,0,1,0.5696165
c06,287,0,1,0.54110026
c06,288,0,1,0.5581918
c06,289,0,1,0.54188406
c06,290,0,1,0.55837595
c06,291,0,1,0.5386207
c06,292,0,1,0.5413074
c06,293,0,1,0.5439106
c06,294,0,1,0.54126835
c06,295,0,1,0.5569751
c06,296,0,1,0.58561635
c06,297,0,1,0.528166
c06,298,0,1,0.51483256
c06,299,0,1,0.5412848
c06,300,0,1,0.5419433
c06,301,0,1,0.55703914
c06,302,0,1,0.5385581
c06,303,0,1,0.5434952
c06,304,0,1,0.5384789
c06,305,0,1,0.5398481
c06,306,0,1,0.53842026
c06,307,0,1,0.55279696
c06,308,0,1,0.53933877
c06,309,0,1,0.5458479
c06,310,0,1,0.54642713
c06,311,0,1,0.53525627
c06,312,0,1,0.5343976
c06,313,0,1,0.5318752
c06,314,0,1,0.5580458
c06,315,0,1,0.53313166
c06,316,0,1,0.5448698
c06,317,0,1,0.5323987
c06,318,0,1,0.5648728
c06,319,0,1,0.5436279
c06,320,0,1,0.57075024
c06,321,0,1,0.5308422
c06,322,0,1,0.550009
c06,323,0,1,0.57995826
c06,324,0,1,0.5287683
c06,325,0,1,0.535104
c06,326,0,1,0.5206487
c06,327,0,1,0.5419688
c06,328,0,1,0.54384255
c06,329,0,1,0.54603904
c06,330,0,1,0.5352223
c06,331,0,1,0.5435187
c06,332,0,1,0.5188553
c06,333,0,1,0.54208755
c06,334,0,1,0.5360855
c06,335,0,1,0.5416619
c06,336,0,1,0.5420237
c06,337,0,1,0.5416687
c06,338,0,1,0.5377477
c06,339,0,1,0.53094625
c06,340,0,1,0.5248365
c06,341,0,1,0.5253695
c06,342,0,1,0.5289068
c06,343,0,1,0.5412773
c06,344,0,1,0.5422665
c06,345,0,1,0.5400518
c06,346,0,1,0.5394137
c06,347,0,1,0.5723175
c06,348,0,1,0.5791165
c06,349,0,1,0.5452662
c06,350,0,1,0.5395006
c06,351,0,1,0.5489124
c06,352,0,1,0.5449778
c06,353,0,1,0.5720437
c06,354,0,1,0.5357441
c06,355,0,1,0.5422237
c06,356,0,1,0.5538674
c06,357,0,1,0.56192684
c06,358,0,1,0.5678223
c06,359,0,1,0.54370236
c06,360,0,1,0.5365318
c06,361,0,1,0.54100466
c06,362,0,1,0.54385823
c06,363,0,1,0.5447341
c06,364,0,1,0.54607457
c06,365,0,1,0.54042846
c06,366,0,1,0.5412417
c06,367,0,1,0.5601748
c06,368,0,1,0.5483174
c06,369,0,1,0.56859785
c06,370,0,1,0.5477981
c06,371,0,1,0.63599277
c06,372,0,1,0.53236705
c06,373,0,1,0.56550705
c06,374,0,1,0.5504028
c06,375,0,1,0.60935605
c06,376,0,1,0.5559658
c06,377,0,1,0.5768148
c06,378,0,1,0.55628115
c06,379,0,1,0.5516054
c06,380,0,1,0.6636325
c06,381,0,1,0.56413805
c06,382,0,1,0.60676634
c06,383,0,1,0.6461105
c06,384,0,1,0.55879974
c06,385,0,1,0.5420558
c06,386,1,1,0.61847603
c06,387,0,1,0.5496177
c06,388,0,1,0.542416
c06,389,0,1,0.5258586
c06,390,0,1,0.54311454
c06,391,0,1,0.5432497
c06,392,0,1,0.5479858
c06,393,0,1,0.545582
c06,394,0,1,0.54180914
c06,395,0,1,0.5458827
c06,396,0,1,0.5453548
c06,397,0,1,0.5249939
c06,398,0,1,0.5435613
c06,399,0,1,0.5505329
c06,400,0,1,0.5212866
c06,401,0,1,0.5387876
c06,402,0,1,0.54270726
c06,403,0,1,0.5393778
c06,404,0,1,0.52636087
c06,405,0,1,0.5390663
c06,406,0,1,0.5429301
c06,407,0,1,0.54178476
c06,408,0,1,0.5768052
c06,409,0,1,0.52407944
c06,410,0,1,0.540378
c06,411,0,1,0.53722036
c06,412,0,1,0.53822553
c06,413,0,1,0.5390637
c06,414,0,1,0.5147417
c06,415,0,1,0.5444303
c06,416,0,1,0.53773224
c06,417,0,1,0.55156165
c06,418,0,1,0.54173213
c06,419,0,1,0.5407744
c06,420,0,1,0.5444027
c06,421,0,1,0.54843146
c06,422,0,1,0.53321207
c06,423,0,1,0.5394682
c06,424,0,1,0.54232764
c06,425,0,1,0.5317642
c06,426,0,1,0.53265643
c06,427,0,1,0.54724365
c06,428,0,1,0.5234063
c06,429,0,1,0.54207516
c06,430,0,1,0.54041946
c06,431,0,1,0.5103778
c06,432,0,1,0.5379915
c06,433,0,1,0.54514927
c06,434,0,1,0.5198427
c06,435,0,1,0.5257115
c06,436,0,1,0.5465117
c06,437,0,1,0.5393874
c06,438,0,1,0.5498539
c06,439,0,1,0.5261608
c06,440,0,1,0.5405423
c06,441,0,1,0.5534591
c06,442,0,1,0.54661936
c06,443,0,1,0.53609186
c06,444,0,1,0.53020185
c06,445,0,1,0.53996634
c06,446,0,1,0.5435502
c06,447,0,1,0.50783086
c06,448,0,1,0.55403113
c06,449,0,1,0.5418739
c06,450,0,1,0.5529554
c06,451,0,1,0.5468016
c06,452,0,1,0.5442459
c06,453,0,1,0.5569093
c06,454,0,1,0.5432208
c06,455,0,1,0.5457421
c06,456,0,1,0.5430251
c06,457,0,1,0.5429742
c06,458,0,1,0.5384965
c06,459,0,1,0.53783506
c06,460,0,1,0.5406844
c06,461,0,1,0.5394078
c06,462,0,1,0.5509123
c06,463,0,1,0.5690063
c06,464,0,1,0.54161745
c06,465,0,1,0.5375214
c06,466,0,1,0.6404779
c06,467,0,1,0.5330321
c07,1,0,1,0.5496828
c07,2,0,1,0.5508102
c07,3,0,1,0.5653059
c07,4,0,1,0.5542383
c07,5,0,1,0.55182564
c07,6,0,1,0.5573313
c07,7,0,1,0.56125075
c07,8,0,1,0.5530384
c07,9,0,1,0.553504
c07,10,0,1,0.5756734
c07,11,0,1,0.55075604
c07,12,0,1,0.5597319
c07,13,0,1,0.5595255
c07,14,0,1,0.5502757
c07,15,0,1,0.55183285
c07,16,0,1,0.5649973
c07,17,0,1,0.5560276
c07,18,0,1,0.5650924
c07,19,0,1,0.5763957
c07,20,0,1,0.5656582
c07,21,0,1,0.56587625
c07,22,0,1,0.5760607
c07,23,0,1,0.5520647
c07,24,0,1,0.5731091
c07,25,0,1,0.5638306
c07,26,0,1,0.57887405
c07,27,0,1,0.5594546
c07,28,0,1,0.556284
c07,29,0,1,0.55483013
c07,30,0,1,0.5713577
c07,31,0,1,0.54926157
c07,32,0,1,0.5608908
c07,33,0,1,0.5521502
c07,34,0,1,0.5569014
c07,35,0,1,0.5737752
c07,36,0,1,0.59216547
c07,37,0,1,0.60452527
c07,38,0,1,0.58696467
c07,39,0,1,0.5881348
c07,40,0,1,0.55926895
c07,41,0,1,0.5780091
c07,42,0,1,0.5609841
c07,43,0,1,0.5606579
c07,44,0,1,0.59704155
c07,45,0,1,0.55445576
c07,46,0,1,0.5820005
c07,47,0,1,0.56901103
c07,48,0,1,0.59822434
c07,49,0,1,0.5628653
c07,50,0,1,0.56439126
c07,51,0,1,0.5786823
c07,52,0,1,0.6119922
c07,53,0,1,0.5771008
c07,54,0,1,0.562476
c07,55,0,1,0.56528753
c07,56,0,1,0.5616067
c07,57,0,1,0.5666858
c07,58,0,1,0.5551135
c07,59,0,1,0.55430543
c07,60,0,1,0.626724
c07,61,0,1,0.5897882
c07,62,0,1,0.6100924
c07,63,0,1,0.5683496
c07,64,0,1,0.55412155
c07,65,0,1,0.6619906
c07,66,0,1,0.5974198
c07,67,0,1,0.594164
c07,68,0,1,0.5779112
c07,69,0,1,0.59095544
c07,70,0,1,0.66032493
c07,71,0,1,0.59725726
c07,72,0,1,0.5530374
c07,73,0,1,0.5571201
c07,74,0,1,0.5531511
c07,75,0,1,0.55419457
c07,76,0,1,0.55188257
c07,77,0,1,0.55445516
c07,78,0,1,0.55637527
c07,79,0,1,0.57993543
c07,80,0,1,0.5619565
c07,81,0,1,0.5530164
c07,82,0,1,0.5549696
c07,83,0,1,0.55136186
c07,84,0,1,0.5597853
c07,85,0,1,0.56720877
c07,86,0,1,0.6766142
c07,87,0,1,0.58102274
c07,88,0,1,0.60212183
c07,89,0,1,0.60149205
c07,90,0,1,0.63399225
c07,91,0,1,0.6297055
c07,92,0,1,0.659825
c07,93,0,1,0.62820363
c07,94,0,1,0.56513864
c07,95,0,1,0.57440054
c07,96,0,1,0.58913803
c07,97,0,1,0.58801866
c07,98,0,1,0.59497446
c07,99,0,1,0.55342615
c07,100,0,1,0.5588869
c07,101,0,1,0.56875306
c07,102,0,1,0.55570084
c07,103,0,1,0.6398628
c07,104,0,1,0.5634504
c07,105,0,1,0.56418824
c07,106,0,1,0.5654637
c07,107,0,1,0.6236935
c07,108,0,1,0.5603075
c07,109,0,1,0.57575005
c07,110,0,1,0.5925294
c07,111,0,1,0.5708504
c07,112,0,1,0.5591893
c07,113,0,1,0.5566178
c07,114,0,1,0.56045896
c07,115,0,1,0.56523967
c07,116,0,1,0.560445
c07,117,0,1,0.5829554
c07,118,0,1,0.5676771
c07,119,0,1,0.5598859
c07,120,0,1,0.5608722
c07,121,0,1,0.56995016
c07,122,0,1,0.5888833
c07,123,0,1,0.55687577
c07,124,0,1,0.55189335
c07,125,0,1,0.5835665
c07,126,0,1,0.5535382
c07,127,0,1,0.5662119
c07,128,0,1,0.5973769
c07,129,0,1,0.58149725
c07,130,0,1,0.58078784
c07,131,0,1,0.59721845
c07,132,0,1,0.6403402
c07,133,0,1,0.6002529
c07,134,0,1,0.62135327
c07,135,0,1,0.65687
c07,136,0,1,0.5594802
c07,137,0,1,0.63653034
c07,138,0,1,0.62529284
c07,139,0,1,0.61761844
c07,140,0,1,0.58557665
c07,141,0,1,0.57218474
c07,142,0,1,0.56629217
c07,143,0,1,0.5783139
c07,144,0,1,0.57452255
c07,145,0,1,0.6563253
c07,146,0,1,0.609155
c07,147,0,1,0.5694644
c07,148,0,1,0.6630581
c07,149,0,1,0.5606853
c07,150,0,1,0.57863086
c07,151,0,1,0.6073527
c07,152,0,1,0.5707713
c07,153,0,1,0.57316124
c07,154,0,1,0.55172145
c07,155,0,1,0.5810482
c07,156,0,1,0.5586692
c07,157,0,1,0.5521796
c07,158,0,1,0.5623578
c07,159,0,1,0.585906
c07,160,0,1,0.55685496
c07,161,0,1,0.5536349
c07,162,0,1,0.568573
c07,163,0,1,0.5545879
c07,164,0,1,0.55457467
c07,165,0,1,0.5577183
c07,166,0,1,0.56071043
c07,167,0,1,0.55236685
c07,168,0,1,0.55957764
c07,169,0,1,0.55000514
c07,170,0,1,0.55519766
c07,171,0,1,0.5509038
c07,172,0,1,0.6058353
c07,173,0,1,0.5609296
c07,174,0,1,0.55056024
c07,175,0,1,0.5516693
c07,176,0,1,0.5665964
c07,177,0,1,0.5572007
c07,178,0,1,0.56903577
c07,179,0,1,0.6276322
c07,180,0,1,0.6035585
c07,181,0,1,0.56161344
c07,182,0,1,0.5681848
c07,183,0,1,0.55312914
c07,184,0,1,0.5963486
c07,185,0,1,0.5545266
c07,186,0,1,0.55240786
c07,187,0,1,0.5878676
c07,188,0,1,0.552837
c07,189,0,1,0.5521561
c07,190,0,1,0.55575234
c07,191,0,1,0.55370206
c07,192,0,1,0.55691344
c07,193,0,1,0.5502596
c07,194,0,1,0.57267666
c07,195,0,1,0.57163626
c07,196,0,1,0.58814615
c07,197,0,1,0.5983701
c07,198,0,1,0.58098227
c07,199,0,1,0.57803303
c07,200,0,1,0.56143427
c07,201,0,1,0.5808403
c07,202,0,1,0.6656104
c07,203,0,1,0.5783665
c07,204,0,1,0.58703995
c07,205,0,1,0.5696964
c07,206,0,1,0.65674865
c07,207,0,1,0.551295
c07,208,0,1,0.5733006
c07,209,0,1,0.5554938
c07,210,0,1,0.5589596
c07,211,0,1,0.5724588
c07,212,0,1,0.5794955
c07,213,0,1,0.5608675
c07,214,0,1,0.6086786
c07,215,0,1,0.5991649
c07,216,0,1,0.5983725
c07,217,0,1,0.61127573
c07,218,0,1,0.5655175
c07,219,0,1,0.586847
c07,220,0,1,0.6987198
c07,221,0,1,0.5830175
c07,222,0,1,0.6010774
c07,223,0,1,0.6769082
c07,224,0,1,0.59044045
c07,225,0,1,0.5775271
c07,226,0,1,0.6450123
c07,227,1,1,0.5634394
c07,228,0,1,0.5757482
c07,229,0,1,0.5688716
c07,230,0,1,0.55543745
c07,231,0,1,0.5644012
c07,232,0,1,0.59408724
c07,233,0,1,0.55755895
c07,234,0,1,0.5596899
c07,235,0,1,0.5520605
c07,236,0,1,0.5807363
c07,237,0,1,0.5609039
c07,238,0,1,0.5526821
c07,239,0,1,0.57325083
c07,240,0,1,0.55214614
c07,241,0,1,0.55424696
c07,242,0,1,0.5615491
c07,243,0,1,0.6007593
c07,244,0,1,0.55818236
c07,245,0,1,0.55573833
c07,246,0,1,0.5596643
c07,247,0,1,0.5676342
c07,248,0,1,0.5834581
c07,249,0,1,0.57357967
c07,250,0,1,0.57323843
c07,251,0,1,0.55731624
c07,252,0,1,0.55564564
c07,253,0,1,0.5684756
c07,254,0,1,0.5602047
c07,255,0,1,0.60249066
c07,256,0,1,0.5588167
c07,257,0,1,0.6264833
c07,258,0,1,0.59911036
c07,259,0,1,0.60292864
c07,260,0,1,0.5653121
c07,261,0,1,0.59925467
c07,262,0,1,0.57015705
c07,263,0,1,0.562774
c07,264,0,1,0.58382297
c07,265,0,1,0.5533344
c07,266,0,1,0.5892604
c07,267,0,1,0.58809984
c07,268,0,1,0.57592756
c07,269,0,1,0.55714756
c07,270,0,1,0.572367
c07,271,0,1,0.65721226
c07,272,0,1,0.6297945
c07,273,0,1,0.59700567
c07,274,0,1,0.5626248
c07,275,0,1,0.5567939
c07,276,0,1,0.5629441
c07,277,0,1,0.5635114
c07,278,0,1,0.6602865
c07,279,0,1,0.56712115
c07,280,0,1,0.62863064
c07,281,0,1,0.6061147
c07,282,0,1,0.553126
c07,283,0,1,0.5825069
c07,284,0,1,0.5617755
c07,285,0,1,0.55393267
c07,286,0,1,0.6128482
c07,287,0,1,0.554346
c07,288,0,1,0.5813468
c07,289,0,1,0.590388
c07,290,0,1,0.552634
c07,291,0,1,0.574702
c07,292,0,1,0.59126216
c07,293,0,1,0.5567364
c07,294,0,1,0.6336523
c07,295,0,1,0.6582927
c07,296,0,1,0.55788475
c07,297,0,1,0.5780091
c07,298,0,1,0.57140625
c07,299,0,1,0.56368756
c07,300,0,1,0.5835176
c07,301,0,1,0.55951864
c07,302,0,1,0.5528024
c07,303,0,1,0.57775545
c07,304,0,1,0.57503194
c07,305,0,1,0.63082284
c07,306,0,1,0.6132923
c07,307,0,1,0.65149504
c07,308,0,1,0.6601073
c07,309,0,1,0.6149654
c07,310,0,1,0.57865983
c07,311,0,1,0.5814452
c07,312,0,1,0.582641
c07,313,0,1,0.5836038
c07,314,0,1,0.5900654
c07,315,0,1,0.6113578
c07,316,0,1,0.6186363
c07,317,0,1,0.6745108
c07,318,0,1,0.7217105
c07,319,0,1,0.5995366
c07,320,0,1,0.6884017
c07,321,0,1,0.56851405
c07,322,0,1,0.5739451
c07,323,0,1,0.5700384
c07,324,0,1,0.55662066
c07,325,0,1,0.5892662
c07,326,0,1,0.66067326
c07,327,0,1,0.56170857
c07,328,0,1,0.5811746
c07,329,0,1,0.6284136
c07,330,0,1,0.5758673
c07,331,0,1,0.55028045
c07,332,0,1,0.5769333
c07,333,0,1,0.5658519
c07,334,0,1,0.6491823
c07,335,0,1,0.5554438
c07,336,0,1,0.6231679
c07,337,0,1,0.57003343
c07,338,0,1,0.56874037
c07,339,0,1,0.60077053
c07,340,0,1,0.6655843
c07,341,0,1,0.55913126
c07,342,0,1,0.63249385
c07,343,0,1,0.5955599
c07,344,0,1,0.64216435
c07,345,0,1,0.5516005
c07,346,0,1,0.56821465
c07,347,0,1,0.56412387
c07,348,0,1,0.5664232
c07,349,1,1,0.58254135
c07,350,0,1,0.62222016
c07,351,0,1,0.554398
c07,352,0,1,0.5694684
c07,353,0,1,0.56793904
c07,354,0,1,0.59281754
c07,355,0,1,0.56705195
c07,356,0,1,0.5889396
c07,357,0,1,0.6145832
c07,358,0,1,0.6224427
c07,359,0,1,0.5592938
c07,360,0,1,0.6057797
c07,361,0,1,0.56084585
c07,362,0,1,0.55451274
c07,363,0,1,0.6161123
c07,364,0,1,0.56468904
c07,365,0,1,0.5746737
c07,366,0,1,0.5593751
c07,367,0,1,0.55637705
c07,368,0,1,0.5732598
c07,369,0,1,0.6072419
c07,370,0,1,0.55957174
c07,371,0,1,0.55695873
c07,372,0,1,0.55681115
c07,373,0,1,0.6084255
c07,374,0,1,0.56179255
c07,375,0,1,0.65565443
c07,376,0,1,0.57307386
c07,377,0,1,0.55436784
c07,378,0,1,0.56515044
c07,379,0,1,0.5667535
c07,380,0,1,0.55263144
c07,381,0,1,0.5521138
c07,382,0,1,0.55919576
c07,383,0,1,0.55387384
c07,384,0,1,0.5642158
c07,385,0,1,0.568433
c07,386,0,1,0.56637836
c07,387,0,1,0.5724738
c07,388,0,1,0.5946474
c07,389,0,1,0.578604
c07,390,0,1,0.58057684
c07,391,0,1,0.5589497
c07,392,0,1,0.6087251
c07,393,0,1,0.6291721
c07,394,0,1,0.5895984
c07,395,0,1,0.60026854
c07,396,0,1,0.58886737
c07,397,0,1,0.56528383
c07,398,0,1,0.5769166
c07,399,0,1,0.5541801
c07,400,0,1,0.61534685
c07,401,0,1,0.63651043
c07,402,1,1,0.66447526
c07,403,0,1,0.56511474
c07,404,0,1,0.561287
c07,405,0,1,0.575669
c07,406,0,1,0.6598857
c07,407,0,1,0.57326597
c07,408,0,1,0.56145793
c07,409,0,1,0.58255553
c07,410,0,1,0.67667896
c07,411,0,1,0.6517572
c07,412,0,1,0.56871957
c07,413,0,1,0.6556792
c07,414,0,1,0.57197547
c07,415,0,1,0.5552244
c07,416,1,1,0.5877807
c07,417,0,1,0.59354156
c07,418,0,1,0.55245376
c07,419,0,1,0.5650541
c07,420,0,1,0.58064526
c07,421,0,1,0.605781
c07,422,0,1,0.6213374
c07,423,0,1,0.5706455
c07,424,0,1,0.5929655
c07,425,0,1,0.55616754
c07,426,0,1,0.5507953
c07,427,0,1,0.5650972
c07,428,0,1,0.5610256
c08,1,0,0,0.49374866
c08,2,0,1,0.51316816
c08,3,0,0,0.48627183
c08,4,0,0,0.4895503
c08,5,0,0,0.49239588
c08,6,0,1,0.5088397
c08,7,0,0,0.4919779
c08,8,0,0,0.48738572
c08,9,0,0,0.49331525
c08,10,0,1,0.53485006
c08,11,0,1,0.50501335
c08,12,0,1,0.53638124
c08,13,0,1,0.5321301
c08,14,0,0,0.47317943
c08,15,0,1,0.56621677
c08,16,0,1,0.5518989
c08,17,0,1,0.53011924
c08,18,0,1,0.56800175
c08,19,0,1,0.50351894
c08,20,0,0,0.496221
c08,21,0,1,0.56447566
c08,22,0,0,0.48862144
c08,23,0,0,0.4848023
c08,24,0,0,0.48486677
c08,25,0,0,0.47364536
c08,26,0,1,0.529087
c08,27,0,1,0.55284065
c08,28,0,1,0.5618824
c08,29,0,1,0.5347101
c08,30,0,1,0.6334742
c08,31,0,1,0.5600267
c08,32,0,1,0.5585948
c08,33,0,1,0.51373243
c08,34,0,1,0.5335904
c08,35,0,1,0.5393565
c08,36,0,1,0.52123886
c08,37,0,0,0.47507423
c08,38,0,1,0.5027355
c08,39,0,0,0.4887409
c08,40,0,1,0.5191961
c08,41,0,0,0.4954661
c08,42,0,1,0.7092083
c08,43,0,1,0.5484672
c08,44,0,1,0.55276346
c08,45,0,0,0.48709965
c08,46,0,1,0.5154685
c08,47,0,0,0.49138016
c08,48,0,1,0.5335063
c08,49,0,0,0.46953264
c08,50,0,0,0.49610227
c08,51,0,1,0.5534442
c08,52,0,1,0.54276854
c08,53,0,0,0.49913764
c08,54,0,1,0.5360435
c08,55,0,1,0.5470593
c08,56,0,1,0.5517713
c08,57,0,0,0.4868602
c08,58,0,1,0.5423424
c08,59,0,1,0.53409874
c08,60,0,1,0.53474164
c08,61,0,1,0.56103843
c08,62,0,0,0.49114832
c08,63,0,1,0.58628035
c08,64,0,1,0.52554315
c08,65,0,1,0.54649603
c08,66,0,1,0.5653215
c08,67,0,1,0.5311421
c08,68,0,1,0.5910064
c08,69,0,1,0.6299735
c08,70,0,1,0.5358142
c08,71,0,1,0.5302984
c08,72,0,1,0.58736247
c08,73,0,1,0.54489577
c08,74,0,1,0.6111869
c08,75,0,1,0.63682866
c08,76,0,1,0.625682
c08,77,0,1,0.5720403
c08,78,0,1,0.54602337
c08,79,0,1,0.5750496
c08,80,0,1,0.6280556
c08,81,0,1,0.62323964
c08,82,0,1,0.57787347
c08,83,0,1,0.5334875
c08,84,0,1,0.54108393
c08,85,0,1,0.5482341
c08,86,0,1,0.5446283
c08,87,0,1,0.538409
c08,88,0,1,0.5603596
c08,89,0,1,0.53976893
c08,90,0,1,0.6716403
c08,91,0,1,0.5318649
c08,92,0,1,0.5520711
c08,93,0,1,0.5483639
c08,94,0,1,0.58586717
c08,95,0,1,0.6674185
c08,96,0,1,0.60184443
c08,97,0,1,0.55148846
c08,98,0,1,0.53944474
c08,99,0,1,0.5455733
c08,100,0,1,0.6215108
c08,101,0,1,0.6068412
c08,102,0,1,0.6640695
c08,103,0,1,0.549209
c08,104,0,1,0.53329176
c08,105,0,1,0.54264086
c08,106,0,1,0.5456784
c08,107,0,1,0.5352057
c08,108,0,1,0.54334795
c08,109,0,1,0.55389154
c08,110,0,1,0.5396103
c08,111,0,1,0.55262226
c08,112,0,1,0.535951
c08,113,0,1,0.53770924
c08,114,0,1,0.53151345
c08,115,0,1,0.62419003
c08,116,0,1,0.5251446
c08,117,0,1,0.6114323
c08,118,0,1,0.6525106
c08,119,0,1,0.66984814
c08,120,0,1,0.5409851
c08,121,0,1,0.626695
c08,122,0,1,0.669673
c08,123,0,1,0.5936081
c08,124,0,1,0.5844966
c08,125,0,1,0.59482294
c08,126,0,1,0.6369724
c08,127,0,1,0.71126926
c08,128,0,1,0.5550515
c08,129,0,1,0.6300375
c08,130,0,1,0.6466409
c08,131,0,1,0.5399737
c08,132,0,1,0.57371163
c08,133,0,1,0.55752313
c08,134,0,1,0.5391545
c08,135,0,1,0.6001177
c08,136,0,1,0.55825627
c08,137,0,1,0.5278035
c08,138,0,1,0.53420794
c08,139,0,0,0.49975055
c08,140,0,1,0.5301187
c08,141,0,1,0.5324229
c08,142,0,0,0.4941732
c08,143,0,1,0.5093929
c08,144,0,1,0.5323422
c08,145,0,0,0.48424488
c08,146,0,1,0.5798119
c08,147,0,1,0.56378037
c08,148,0,1,0.6080902
c08,149,0,1,0.5138496
c08,150,0,1,0.5681643
c08,151,0,1,0.5875071
c08,152,0,1,0.54118764
c08,153,0,1,0.5813032
c08,154,0,1,0.66205496
c08,155,0,1,0.60270035
c08,156,0,1,0.65898234
c08,157,0,1,0.5533482
c08,158,0,1,0.64550227
c08,159,0,1,0.5956482
c08,160,0,1,0.60861236
c08,161,0,1,0.6502097
c08,162,0,1,0.628124
c08,163,0,1,0.53711647
c08,164,0,1,0.5317693
c08,165,0,1,0.6168419
c08,166,0,1,0.5158428
c08,167,0,1,0.6238564
c08,168,0,1,0.6791928
c08,169,0,1,0.6506211
c08,170,0,1,0.56850564
c08,171,0,1,0.5599863
c08,172,0,1,0.6402885
c08,173,0,1,0.614262
c08,174,0,1,0.5808045
c08,175,0,1,0.62665117
c08,176,0,1,0.5534537
c08,177,0,1,0.57863826
c08,178,0,1,0.5503055
c08,179,0,1,0.56292117
c08,180,0,1,0.5722509
c08,181,0,1,0.5386968
c08,182,0,1,0.5450896
c08,183,0,1,0.5409511
c08,184,0,1,0.5355849
c08,185,0,1,0.53092027
c08,186,0,1,0.5417446
c08,187,0,1,0.5336827
c08,188,0,1,0.5352257
c08,189,0,1,0.5658494
c08,190,0,1,0.5032482
c08,191,0,1,0.5086418
c08,192,0,1,0.5427152
c08,193,0,1,0.53149146
c08,194,0,1,0.5378701
c08,195,0,0,0.48205516
c08,196,0,1,0.53122175
c08,197,0,1,0.53261817
c08,198,0,1,0.5379234
c08,199,0,1,0.5444679
c08,200,0,1,0.5262435
c08,201,0,1,0.51099086
c08,202,0,1,0.50747514
c08,203,0,1,0.524734
c08,204,0,1,0.5149273
c08,205,0,1,0.59188163
c08,206,0,1,0.62631506
c08,207,0,1,0.63317347
c08,208,0,1,0.65028787
c08,209,0,1,0.6986947
c08,210,0,1,0.6906385
c08,211,0,1,0.5930881
c08,212,0,1,0.66281897
c08,213,0,1,0.53344107
c08,214,0,1,0.5712726
c08,215,0,1,0.598315
c08,216,0,1,0.5389693
c08,217,0,1,0.5374514
c08,218,0,1,0.5464655
c08,219,0,1,0.58280206
c08,220,0,1,0.6873123
c08,221,0,1,0.5399873
c08,222,0,1,0.5520012
c08,223,0,1,0.6733058
c08,224,0,1,0.6273333
c08,225,0,1,0.56740963
c08,226,0,1,0.66927075
c08,227,0,1,0.5789092
c08,228,0,1,0.65322775
c08,229,0,1,0.5331575
c08,230,0,1,0.6509497
c08,231,0,1,0.5812126
c08,232,0,1,0.5960293
c08,233,0,0,0.49306527
c08,234,0,1,0.5502293
c08,235,0,1,0.7082203
c08,236,0,1,0.5193306
c08,237,0,1,0.51193917
c08,238,0,0,0.4934141
c08,239,0,1,0.57259226
c08,240,0,1,0.5396798
c08,241,0,1,0.55828184
c08,242,0,1,0.53798515
c08,243,0,1,0.5295821
c08,244,0,1,0.6306095
c08,245,0,1,0.5362792
c08,246,0,1,0.53195
c08,247,0,0,0.47329113
c08,248,0,1,0.5650944
c08,249,0,1,0.5559988
c08,250,0,1,0.53858805
c08,251,0,1,0.6618853
c08,252,0,1,0.5429226
c08,253,0,1,0.5362522
c08,254,0,1,0.54625434
c08,255,0,1,0.539914
c08,256,0,1,0.541777
c08,257,0,1,0.5805711
c08,258,0,1,0.6047019
c08,259,0,1,0.528607
c08,260,0,1,0.6164139
c08,261,0,1,0.5399152
c08,262,0,1,0.58933383
c08,263,0,1,0.53709596
c08,264,0,1,0.5747858
c08,265,0,1,0.5801055
c08,266,0,1,0.6258572
c08,267,0,1,0.53013116
c08,268,0,1,0.5671991
c08,269,0,1,0.65702814
c08,270,0,1,0.57235533
c08,271,0,1,0.635826
c08,272,0,1,0.53546476
c08,273,0,1,0.6480729
c08,274,0,1,0.5641602
c08,275,0,1,0.5618585
c08,276,0,1,0.67598027
c08,277,0,1,0.6561989
c08,278,0,1,0.6643227
c08,279,0,0,0.49841526
c08,280,0,1,0.5005365
c08,281,0,1,0.51542497
c08,282,0,1,0.5723972
c08,283,0,1,0.5403366
c08,284,0,1,0.5578861
c08,285,0,1,0.5523829
c08,286,0,1,0.6412251
c08,287,0,1,0.61081135
c08,288,0,1,0.53715134
c08,289,0,1,0.56826735
c08,290,0,1,0.6150474
c08,291,0,1,0.54088706
c08,292,0,1,0.6211137
c08,293,0,1,0.5779837
c08,294,0,1,0.5721918
c08,295,0,1,0.5641889
c08,296,0,1,0.58208543
c08,297,0,1,0.62549925
c08,298,0,1,0.64511925
c08,299,0,1,0.5654001
c08,300,0,1,0.58386153
c08,301,0,1,0.601012
c08,302,0,1,0.54859644
c08,303,0,1,0.5626385
c08,304,0,1,0.60794663
c08,305,0,1,0.57856154
c08,306,0,1,0.5506317
c08,307,0,1,0.5909763
c08,308,0,1,0.64673007
c08,309,0,1,0.5682511
c08,310,0,0,0.49768576
c08,311,0,1,0.5798456
c08,312,0,1,0.56688774
c08,313,0,1,0.5060367
c08,314,0,1,0.5381744
c08,315,0,0,0.48522985
c08,316,0,1,0.53574663
c08,317,0,1,0.5385256
c08,318,0,1,0.5314339
c08,319,0,1,0.51068366
c08,320,0,1,0.5308676
c08,321,0,1,0.5579453
c08,322,0,1,0.568559
c08,323,0,0,0.47782326
c08,324,0,1,0.53238505
c08,325,0,1,0.53341097
c08,326,0,1,0.58107096
c08,327,0,1,0.55680853
c08,328,0,1,0.55197436
c08,329,0,1,0.53135914
c08,330,0,1,0.60078543
c08,331,0,1,0.54976326
c08,332,0,1,0.588512
c08,333,0,1,0.5528414
c08,334,0,1,0.574589
c08,335,0,1,0.57034343
c08,336,0,1,0.66923296
c08,337,0,1,0.5306064
c08,338,0,1,0.6219465
c08,339,0,1,0.63570976
c08,340,0,1,0.5389826
c08,341,0,1,0.53777134
c08,342,0,1,0.5137407
c08,343,0,1,0.5802457
c08,344,0,1,0.60271287
c08,345,0,1,0.58964425
c08,346,0,1,0.55964756
c08,347,0,1,0.56190604
c08,348,0,1,0.5551739
c08,349,0,1,0.5420655
c08,350,0,1,0.6731799
c08,351,0,1,0.5323121
c08,352,0,1,0.5341897
c08,353,0,1,0.60978407
c08,354,0,1,0.54266423
c08,355,0,1,0.55819
c08,356,0,1,0.552572
c08,357,0,1,0.53630596
c08,358,0,1,0.53926396
c08,359,0,1,0.6048963
c08,360,0,1,0.6133094
c08,361,0,1,0.57689124
c08,362,0,1,0.53960377
c08,363,0,1,0.5384598
c08,364,0,0,0.48535764
c08,365,0,1,0.523481
c08,366,0,1,0.67269576
c08,367,0,1,0.5979619
c08,368,0,1,0.5591563
c08,369,0,1,0.53648245
c08,370,0,1,0.5380982
c08,371,0,1,0.53662586
c08,372,0,1,0.55310404
c08,373,0,1,0.58366305
c08,374,0,1,0.6388973
c08,375,0,1,0.55517685
c08,376,0,1,0.6249762
c08,377,0,1,0.5737818
c08,378,0,1,0.6251107
c08,379,0,1,0.6161269
c08,380,0,1,0.5531728
c08,381,0,1,0.53802955
c08,382,0,1,0.6107902
c08,383,0,1,0.65316963
c08,384,0,1,0.55248886
c08,385,0,1,0.527288
c08,386,0,1,0.62964195
c08,387,0,1,0.5872827
c08,388,0,1,0.6162389
c08,389,0,1,0.53270864
c08,390,0,1,0.53070503
c08,391,0,1,0.5759688
c08,392,0,1,0.545279
c08,393,0,1,0.5624375
c08,394,0,1,0.5412321
c08,395,0,1,0.53099954
c08,396,0,1,0.536209
c08,397,0,1,0.5401068
c08,398,0,1,0.53067183
c08,399,0,1,0.5315037
c08,400,0,0,0.48340833
c08,401,0,1,0.55467033
c08,402,0,1,0.52552557
c08,403,0,1,0.532164
c08,404,0,1,0.54013765
c08,405,0,1,0.5333606
c08,406,0,0,0.4815743
c08,407,0,1,0.5284385
c08,408,0,1,0.6670849
c08,409,0,1,0.56181276
c08,410,0,1,0.552408
c08,411,0,1,0.5254243
c08,412,0,1,0.51940477
c08,413,0,1,0.5300981
c08,414,0,1,0.5274904
c08,415,0,1,0.5590738
c08,416,0,1,0.50218076
c08,417,0,1,0.5215737
c08,418,0,1,0.5328455
c08,419,0,1,0.5327346
c08,420,0,1,0.5031734
c08,421,0,0,0.46995592
c08,422,0,0,0.47478378
c08,423,0,0,0.4864421
c08,424,0,0,0.46469828
c08,425,0,0,0.47476965
c08,426,0,0,0.47342017
c08,427,0,0,0.46718118
c08,428,0,0,0.46568647
c08,429,0,0,0.48957837
c08,430,0,0,0.4888667
c08,431,0,0,0.48133907
c08,432,0,0,0.47410932
c08,433,0,0,0.4723009
c08,434,0,0,0.47207764
c08,435,0,0,0.4813915
c08,436,0,0,0.4926139
c08,437,0,0,0.4678909
c08,438,0,1,0.5309393
c08,439,0,1,0.5757133
c08,440,0,0,0.48664126
c08,441,0,0,0.4897598
c08,442,0,0,0.49362394
c08,443,0,1,0.50956625
c08,444,0,0,0.46685335
c08,445,0,0,0.48278058
c08,446,0,0,0.47466627
c08,447,0,0,0.47490522
c08,448,0,0,0.47231516
c08,449,0,0,0.4712661
c08,450,0,0,0.49559656
c08,451,0,0,0.46971035
c08,452,0,0,0.47467482
c08,453,0,0,0.47122136
c08,454,0,0,0.47220254
c08,455,0,0,0.47074214
c08,456,0,0,0.4713753
c08,457,0,0,0.49634016
c08,458,0,1,0.5108229
c08,459,0,0,0.4858155
c08,460,0,0,0.48518625
c08,461,0,0,0.4764062
c08,462,0,0,0.47769424
c08,463,0,0,0.4754533
c08,464,0,0,0.47992197
c08,465,0,0,0.49393
c08,466,0,0,0.47460225
c08,467,0,0,0.47080106
c08,468,0,1,0.5164742
c08,469,0,0,0.48722595
c08,470,0,1,0.5194774
c08,471,0,1,0.5123858
c08,472,0,1,0.5091504
c08,473,0,1,0.5089546
c08,474,0,1,0.5320137
c08,475,0,1,0.55563986
c08,476,0,1,0.5662685
c08,477,0,1,0.63432807
c08,478,0,1,0.60426646
c08,479,0,1,0.6686107
c08,480,0,1,0.5783663
c08,481,0,1,0.5651379
c08,482,0,1,0.51270384
c08,483,0,1,0.5327828
c08,484,0,1,0.5314567
c08,485,0,1,0.5750981
c08,486,0,1,0.65716827
c08,487,0,1,0.544509
c08,488,0,1,0.5458008
c08,489,0,1,0.54731953
c08,490,0,1,0.54489744
c08,491,0,1,0.53155196
c08,492,0,1,0.54480535
c08,493,0,0,0.4929044
c08,494,0,1,0.5241043
c08,495,0,1,0.5336817
c08,496,0,1,0.5235923
c08,497,0,1,0.5222336
c08,498,0,0,0.4834305
c08,499,0,1,0.5306563
c08,500,0,0,0.49356383
c08,501,0,1,0.5304982
c08,502,0,1,0.5224234
c08,503,0,0,0.4964825
c08,504,0,1,0.50403017
c08,505,0,1,0.53162163
c08,506,0,1,0.56419694
c08,507,0,1,0.5244877
c08,508,0,1,0.5740126
c08,509,0,1,0.64465874
c08,510,0,1,0.6425383
c08,511,0,1,0.5809765
c08,512,0,1,0.55810535
c09,13,0,1,0.6613943
c09,14,0,1,0.58211166
c09,15,0,1,0.5626695
c09,16,0,1,0.55006784
c09,17,0,1,0.59910774
c09,18,0,1,0.57610226
c09,19,0,1,0.5469136
c09,20,0,1,0.54596287
c09,21,0,1,0.605187
c09,22,0,1,0.56437796
c09,23,0,1,0.54611593
c09,24,0,1,0.54626876
c09,25,0,1,0.58331066
c09,26,0,1,0.5766692
c09,27,0,1,0.54634047
c09,28,0,1,0.5923213
c09,29,0,1,0.6316793
c09,30,0,1,0.54995906
c09,31,0,1,0.5479733
c09,32,1,1,0.5539007
c09,33,0,1,0.55802804
c09,34,0,1,0.6202337
c09,35,1,1,0.55945563
c09,36,0,1,0.601287
c09,37,0,1,0.56210184
c09,38,0,1,0.5855789
c09,39,0,1,0.6106585
c09,40,0,1,0.62370205
c09,41,0,1,0.60649365
c09,42,0,1,0.5805805
c09,43,0,1,0.56391037
c09,44,0,1,0.56921905
c09,45,0,1,0.57665884
c09,46,0,1,0.55494744
c09,47,0,1,0.591342
c09,48,0,1,0.59293777
c09,49,0,1,0.55350244
c09,50,0,1,0.58088094
c09,51,0,1,0.5681009
c09,52,0,1,0.6411211
c09,53,0,1,0.55735874
c09,54,0,1,0.6110628
c09,55,0,1,0.5658677
c09,56,0,1,0.55894357
c09,57,0,1,0.56137896
c09,58,0,1,0.55439496
c09,59,0,1,0.5457087
c09,60,0,1,0.55345553
c09,61,0,1,0.5529373
c09,62,0,1,0.59489286
c09,63,0,1,0.5467767
c09,64,0,1,0.55861497
c09,65,0,1,0.58237517
c09,66,0,1,0.58970237
c09,67,0,1,0.5715537
c09,68,0,1,0.6137407
c09,69,0,1,0.6286604
c09,70,0,1,0.62474465
c09,71,0,1,0.61953324
c09,72,0,1,0.6691508
c09,73,0,1,0.5734366
c09,74,0,1,0.60664684
c09,75,0,1,0.6055685
c09,76,0,1,0.64098936
c09,77,0,1,0.6126568
c09,78,0,1,0.64415985
c09,79,0,1,0.6436318
c09,80,0,1,0.59135646
c09,81,0,1,0.60676813
c09,82,0,1,0.61756265
c09,83,0,1,0.54747796
c09,84,0,1,0.5474055
c09,85,0,1,0.6109803
c09,86,0,1,0.5693319
c09,87,0,1,0.57456905
c09,88,0,1,0.5922028
c09,89,0,1,0.5598177
c09,90,0,1,0.5535614
c09,91,0,1,0.547328
c09,92,0,1,0.5903492
c09,93,0,1,0.54738164
c09,94,0,1,0.6607314
c09,95,0,1,0.6187264
c09,96,0,1,0.6318168
c09,97,0,1,0.6534162
c09,98,0,1,0.6229026
c09,99,0,1,0.67257154
c09,100,0,1,0.6255174
c09,101,0,1,0.63423425
c09,102,0,1,0.672846
c09,103,0,1,0.6219874
c09,104,0,1,0.5485765
c09,105,0,1,0.56261873
c09,106,0,1,0.645465
c09,107,0,1,0.5472653
c09,108,0,1,0.59990263
c09,109,0,1,0.5491479
c09,110,0,1,0.5511441
c09,111,0,1,0.5648759
c09,112,0,1,0.5468143
c09,113,0,1,0.56381077
c09,114,0,1,0.586989
c09,115,0,1,0.54735976
c09,116,0,1,0.57115585
c09,117,0,1,0.5532388
c09,118,0,1,0.56252986
c09,119,0,1,0.5493212
c09,120,0,1,0.5812409
c09,121,0,1,0.55066204
c09,122,0,1,0.56918794
c09,123,0,1,0.61816144
c09,124,0,1,0.54980814
c09,125,0,1,0.5564938
c09,126,0,1,0.56435215
c09,127,0,1,0.55997515
c09,128,0,1,0.5475979
c09,129,0,1,0.54962194
c09,130,0,1,0.58832085
c09,131,0,1,0.5700555
c09,132,0,1,0.5830297
c09,133,0,1,0.5694958
c09,134,0,1,0.55073774
c09,135,0,1,0.5868772
c09,136,0,1,0.55726177
c09,137,0,1,0.551934
c09,138,0,1,0.5905052
c09,139,0,1,0.5546081
c09,140,0,1,0.55038255
c09,141,0,1,0.5470333
c09,142,0,1,0.5472935
c09,143,0,1,0.549766
c09,144,0,1,0.5557251
c09,145,0,1,0.5462168
c09,146,0,1,0.5463492
c09,147,0,1,0.5462499
c09,148,0,1,0.54556334
c09,149,0,1,0.54619485
c09,150,0,1,0.544094
c09,151,0,1,0.54586226
c09,152,0,1,0.5444888
c09,153,0,1,0.5447361
c09,154,0,1,0.54639953
c09,155,0,1,0.54458064
c09,156,0,1,0.54416025
c09,157,0,1,0.5464964
c09,158,0,1,0.5476512
c09,159,0,1,0.54637057
c09,160,0,1,0.54663044
c09,161,0,1,0.54414636
c09,162,0,1,0.54370415
c09,163,0,1,0.5453784
c09,164,0,1,0.54416144
c09,165,0,1,0.5463214
c09,166,0,1,0.5447945
c09,167,0,1,0.54527086
c09,168,0,1,0.5464629
c09,169,0,1,0.5468985
c09,170,0,1,0.5464581
c09,171,0,1,0.5519837
c09,172,0,1,0.5988953
c09,173,0,1,0.5908479
c09,174,0,1,0.65485823
c09,175,0,1,0.5820228
c09,176,0,1,0.5944155
c09,177,0,1,0.61238396
c09,178,0,1,0.5545571
c09,179,0,1,0.5801041
c09,180,0,1,0.55002964
c09,181,0,1,0.5471546
c09,182,0,1,0.5471796
c09,183,0,1,0.54740506
c09,184,0,1,0.5480578
c09,185,0,1,0.61296123
c09,186,0,1,0.5490257
c09,187,0,1,0.5529925
c09,188,0,1,0.5543742
c09,189,0,1,0.60023385
c09,190,0,1,0.5560609
c09,191,0,1,0.5791074
c09,192,0,1,0.57119954
c09,193,0,1,0.54712594
c09,194,0,1,0.5559258
c09,195,0,1,0.6162575
c09,196,0,1,0.67957574
c09,197,0,1,0.6645376
c09,198,0,1,0.66532725
c09,199,0,1,0.5773834
c09,200,0,1,0.59643334
c09,201,0,1,0.5884373
c09,202,0,1,0.56064004
c09,203,0,1,0.58933735
c09,204,0,1,0.6190115
c09,205,0,1,0.56171227
c09,206,0,1,0.62572104
c09,207,0,1,0.6606694
c09,208,0,1,0.63136125
c09,209,0,1,0.5875311
c09,210,0,1,0.5580773
c09,211,0,1,0.59244996
c09,212,0,1,0.5774205
c09,213,0,1,0.5740237
c09,214,0,1,0.5539499
c09,215,0,1,0.624018
c09,216,0,1,0.54698664
c09,217,0,1,0.5598601
c09,218,0,1,0.5516241
c09,219,0,1,0.56315756
c09,220,0,1,0.5488578
c09,221,0,1,0.5779982
c09,222,0,1,0.60105395
c09,223,0,1,0.54884
c09,224,0,1,0.6186264
c09,225,0,1,0.6340285
c09,226,0,1,0.5469949
c09,227,0,1,0.54703754
c09,228,0,1,0.54701155
c09,229,0,1,0.5795378
c09,230,0,1,0.54745317
c09,231,0,1,0.54772526
c09,232,0,1,0.5619554
c09,233,0,1,0.5583793
c09,234,0,1,0.55664706
c09,235,0,1,0.546401
c09,236,0,1,0.55424035
c09,237,0,1,0.5517897
c09,238,0,1,0.54661834
c09,239,0,1,0.55128056
c09,240,0,1,0.5473934
c09,241,0,1,0.5521999
c09,242,0,1,0.5479574
c09,243,0,1,0.5476821
c09,244,0,1,0.5528047
c09,245,0,1,0.54647475
c09,246,0,1,0.5441199
c09,247,0,1,0.5548453
c09,248,0,1,0.5460753
c09,249,0,1,0.55080825
c09,250,0,1,0.55433136
c09,251,0,1,0.5510351
c09,252,0,1,0.5631223
c09,253,0,1,0.54719245
c09,254,0,1,0.618992
c09,255,0,1,0.569273
c09,256,0,1,0.5864624
c09,257,0,1,0.5666301
c09,258,0,1,0.54694873
c09,259,0,1,0.56997985
c09,260,0,1,0.5516414
c09,261,0,1,0.5478398
c09,262,0,1,0.551133
c09,263,0,1,0.5508958
c09,264,0,1,0.5465189
c09,265,0,1,0.54676753
c09,266,0,1,0.5563665
c09,267,0,1,0.6044994
c09,268,0,1,0.60514367
c09,269,0,1,0.5882277
c09,270,0,1,0.5643878
c09,271,0,1,0.5551711
c09,272,0,1,0.60350657
c09,273,0,1,0.58080447
c09,274,0,1,0.5498393
c09,275,0,1,0.5787259
c09,276,0,1,0.5552293
c09,277,0,1,0.5463313
c09,278,0,1,0.54852027
c09,279,0,1,0.5580271
c09,280,0,1,0.5807774
c09,281,0,1,0.54707307
c09,282,0,1,0.5576874
c09,283,0,1,0.54620653
c09,284,0,1,0.5478961
c09,285,0,1,0.5465502
c09,286,0,1,0.5498871
c09,287,0,1,0.55152094
c09,288,0,1,0.5465286
c09,289,0,1,0.5630332
c09,290,0,1,0.5643329
c09,291,0,1,0.54683435
c09,292,0,1,0.5480249
c09,293,0,1,0.54724956
c09,294,0,1,0.54998106
c09,295,0,1,0.5537134
c09,296,0,1,0.54725486
c09,297,0,1,0.5844714
c09,298,0,1,0.5495676
c09,299,0,1,0.54933876
c09,300,0,1,0.57011837
c09,301,0,1,0.5657169
c09,302,0,1,0.5499561
c09,303,0,1,0.54828054
c09,304,0,1,0.58840716
c09,305,0,1,0.57299733
c09,306,0,1,0.59107244
c09,307,0,1,0.5951258
c09,308,0,1,0.55335397
c09,309,0,1,0.5470218
c09,310,0,1,0.6323767
c09,311,0,1,0.57336944
c09,312,0,1,0.5733993
c09,313,0,1,0.54608357
c09,314,0,1,0.5672146
c09,315,0,1,0.60187316
c09,316,0,1,0.557519
c09,317,0,1,0.6096579
c09,318,0,1,0.54793847
c09,319,0,1,0.5709093
c09,320,0,1,0.54621994
c09,321,0,1,0.5583798
c09,322,0,1,0.55968094
c09,323,0,1,0.5471938
c09,324,0,1,0.6237911
c09,325,0,1,0.5482283
c09,326,0,1,0.5509963
c09,327,0,1,0.54754335
c09,328,0,1,0.5469992
c09,329,0,1,0.5548352
c09,330,0,1,0.5469356
c09,331,0,1,0.5468193
c09,332,0,1,0.5476408
c09,333,0,1,0.5465105
c09,334,0,1,0.54628503
c09,335,0,1,0.54807407
c09,336,0,1,0.5567357
c09,337,0,1,0.5468397
c09,338,0,1,0.5471736
c09,339,0,1,0.55434525
c09,340,0,1,0.54919076
c09,341,0,1,0.546492
c09,342,0,1,0.54589427
c09,343,0,1,0.55270326
c09,344,0,1,0.5523714
c09,345,0,1,0.54614735
c09,346,0,1,0.5575163
c09,347,0,1,0.55797076
c09,348,0,1,0.5479845
c09,349,0,1,0.5540029
c09,350,0,1,0.55092585
c09,351,0,1,0.5571696
c09,352,0,1,0.5476111
c09,353,0,1,0.5513027
c09,354,0,1,0.5463692
c09,355,0,1,0.5473818
c09,356,0,1,0.54656106
c09,357,0,1,0.5537484
c09,358,0,1,0.54700845
c09,359,0,1,0.57703644
c09,360,0,1,0.55207235
c09,361,0,1,0.55315125
c09,362,0,1,0.5465543
c09,363,0,1,0.54713494
c09,364,0,1,0.54855734
c09,365,0,1,0.5474899
c09,366,0,1,0.5588776
c09,367,0,1,0.5723858
c09,368,0,1,0.6478608
c09,369,0,1,0.60705614
c09,370,0,1,0.684161
c09,371,0,1,0.5494165
c09,372,0,1,0.56166047
c09,373,0,1,0.5463412
c09,374,0,1,0.55318993
c09,375,0,1,0.6649854
c09,376,0,1,0.62295747
c09,377,0,1,0.5795592
c09,378,0,1,0.54797506
c09,379,0,1,0.5834781
c09,380,0,1,0.5489359
c09,381,0,1,0.5503512
c09,382,0,1,0.5457172
c09,383,0,1,0.5470759
c09,384,0,1,0.5471948
c09,385,0,1,0.55119926
c09,386,0,1,0.5654604
c09,387,0,1,0.56473315
c09,388,0,1,0.55595773
c09,389,0,1,0.5472213
c09,390,0,1,0.5464899
c09,391,0,1,0.55109614
c09,392,0,1,0.60671675
c09,393,0,1,0.5636354
c09,394,0,1,0.54736346
c09,395,0,1,0.6202043
c09,396,0,1,0.6449496
c09,397,0,1,0.6635965
c09,398,0,1,0.56126046
c09,399,0,1,0.5467862
c09,400,0,1,0.583981
c09,401,0,1,0.5471552
c09,402,0,1,0.54601115
c09,403,0,1,0.55065113
c09,404,0,1,0.548187
c09,405,0,1,0.55924344
c09,406,0,1,0.5464276
c09,407,0,1,0.54639393
c09,408,0,1,0.5483724
c09,409,0,1,0.5524039
c09,410,0,1,0.55968475
c09,411,0,1,0.54589844
c09,412,0,1,0.5466575
c09,413,0,1,0.54771113
c09,414,0,1,0.54764766
c09,415,0,1,0.54640394
c09,416,0,1,0.5527715
c09,417,0,1,0.5483096
c09,418,0,1,0.5568071
c09,419,0,1,0.54563355
c09,420,0,1,0.5462375
c09,421,0,1,0.5463875
c09,422,0,1,0.54635644
c09,423,0,1,0.5471097
c09,424,0,1,0.5478784
c09,425,0,1,0.5463147
c09,426,0,1,0.5450858
c09,427,0,1,0.5473818
c09,428,0,1,0.5463485
c09,429,0,1,0.54616165
c09,430,0,1,0.54619324
c09,431,0,1,0.55933666
c09,432,0,1,0.54797196
c09,433,0,1,0.5464358
c09,434,0,1,0.54382277
c09,435,0,1,0.547119
c09,436,0,1,0.57347393
c09,437,0,1,0.55491227
c09,438,0,1,0.5478178
c09,439,0,1,0.5545027
c09,440,0,1,0.5598684
c09,441,0,1,0.67624485
c09,442,0,1,0.6536938
c09,443,0,1,0.59172237
c09,444,0,1,0.55079335
c09,445,0,1,0.5472207
c09,446,0,1,0.54720074
c09,447,0,1,0.6608775
c09,448,0,1,0.5915501
c09,449,0,1,0.54497826
c09,450,0,1,0.5465549
c09,451,0,1,0.54637337
c09,452,0,1,0.58770126
c09,453,0,1,0.6451114
c09,454,0,1,0.617917
c09,455,0,1,0.6146879
c09,456,0,1,0.66927975
c09,457,0,1,0.60839534
c09,458,0,1,0.54671776
c09,459,0,1,0.5476582
c09,460,0,1,0.5590158
c09,461,0,1,0.5472377
c09,462,0,1,0.5478108
c09,463,0,1,0.54710823
c09,464,0,1,0.570388
c09,465,0,1,0.65400326
c09,466,0,1,0.5541582
c09,467,0,1,0.6802139
c10,5,0,0,0.0013736455
c10,9,0,0,3.3760917e-26
c10,10,0,0,1.3929829e-08
c10,11,0,0,0.39416775
c10,12,0,0,0.40346283
c10,13,0,0,0.35217673
c10,14,0,0,0.32609788
c10,15,0,1,0.5854988
c10,16,0,0,0.3511275
c10,17,0,1,0.66803753
c10,18,0,0,0.46628815
c10,19,0,0,0.32815033
c10,20,0,0,0.3526347
c10,21,0,1,0.53540075
c10,22,0,1,0.70088416
c10,23,0,0,0.32579628
c10,24,0,0,0.3311665
c10,25,0,0,0.3585887
c10,26,0,0,0.3763387
c10,27,0,0,0.4353155
c10,28,0,0,0.34430525
c10,29,0,0,0.37239173
c10,30,0,1,0.5304661
c10,31,0,0,0.4023598
c10,32,0,1,0.53495073
c10,33,0,0,0.33532926
c10,34,0,1,0.51511204
c10,35,0,0,0.31768328
c10,36,0,0,0.3464789
c10,37,0,0,0.33336902
c10,38,0,0,0.4804255
c10,39,0,1,0.53797215
c10,40,0,1,0.5398898
c10,41,0,0,0.4468829
c10,42,0,0,0.33809462
c10,43,0,0,0.36363235
c10,44,0,0,0.37655595
c10,45,0,0,0.31975365
c10,46,0,0,0.34869653
c10,47,0,0,0.34301805
c10,48,0,0,0.392486
c10,49,0,0,0.3248059
c10,50,0,0,0.32976747
c10,51,0,0,0.33693802
c10,52,0,0,0.30909446
c10,53,0,0,0.321271
c10,54,0,0,0.34884804
c10,55,0,0,0.31328177
c10,56,0,0,0.32251
c10,57,0,0,0.31278315
c10,58,0,0,0.32677412
c10,59,0,0,0.31364954
c10,60,0,0,0.31210956
c10,61,0,0,0.3596121
c10,62,0,0,0.3303786
c10,63,0,0,0.3232546
c10,64,0,0,0.33827618
c10,65,0,0,0.34480575
c10,66,0,0,0.32863858
c10,67,0,0,0.32870248
c10,68,0,0,0.32766438
c10,69,0,0,0.31730473
c10,70,0,0,0.36577043
c10,71,0,1,0.7012537
c10,72,0,1,0.53563297
c10,73,0,1,0.5352753
c10,74,0,0,0.32690966
c10,75,0,0,0.34615192
c10,76,0,0,0.3270237
c10,77,0,0,0.322311
c10,78,0,0,0.31733194
c10,79,0,0,0.33058965
c10,80,0,0,0.31890878
c10,81,0,0,0.36411503
c10,82,0,0,0.32113212
c10,83,0,0,0.3847547
c10,84,0,0,0.32810038
c10,85,0,0,0.32741192
c10,86,0,0,0.3302437
c10,87,0,0,0.32712317
c10,88,0,0,0.31560266
c10,89,0,0,0.32087815
c10,90,0,1,0.6553614
c10,91,0,0,0.45691502
c10,92,0,1,0.6739657
c10,93,0,1,0.5737791
c10,94,0,1,0.5377419
c10,95,0,1,0.56759423
c10,96,0,0,0.33064047
c10,97,0,1,0.70036757
c10,98,0,1,0.67388463
c10,99,0,0,0.38364753
c10,100,0,0,0.3317912
c10,101,0,1,0.5803502
c10,102,0,1,0.67519134
c10,103,0,0,0.42657337
c10,104,0,1,0.53861785
c10,105,0,0,0.4095946
c10,106,0,0,0.3535083
c10,107,0,1,0.67310214
c10,108,0,0,0.4955791
c10,109,0,1,0.61899287
c10,110,0,1,0.66038567
c10,111,0,0,0.47295094
c10,112,0,1,0.5522719
c10,113,0,0,0.32499734
c10,114,0,0,0.46662012
c10,115,0,1,0.6718437
c10,116,0,0,0.38709942
c10,117,0,0,0.38432425
c10,118,0,0,0.3276237
c10,119,0,1,0.53625274
c10,120,0,0,0.3343834
c10,121,0,0,0.40188786
c10,122,0,0,0.31417534
c10,123,0,0,0.34436297
c10,124,0,0,0.31317207
c10,125,0,1,0.53524417
c10,126,0,1,0.53554994
c10,127,0,0,0.32563952
c10,128,0,0,0.32036757
c10,129,0,0,0.3329057
c10,130,0,0,0.35228282
c10,131,0,0,0.34469455
c10,132,0,0,0.318303
c10,133,0,0,0.3160219
c10,134,0,0,0.34913564
c10,135,0,0,0.32649115
c10,136,0,0,0.32288212
c10,137,0,1,0.5279489
c10,138,0,0,0.36191425
c10,139,0,0,0.3244855
c10,140,0,0,0.34823874
c10,141,0,0,0.3424598
c10,142,0,0,0.32283902
c10,143,0,0,0.36342448
c10,144,0,0,0.32319537
c10,145,0,0,0.33178252
c10,146,0,0,0.37975192
c10,147,0,1,0.5328941
c10,148,0,0,0.43341845
c10,149,0,1,0.70822054
c10,150,0,1,0.63781357
c10,151,0,0,0.35623956
c10,152,0,0,0.35129562
c10,153,0,0,0.3141081
c10,154,0,0,0.34095865
c10,155,0,0,0.32294834
c10,156,0,0,0.35501012
c10,157,0,0,0.3114466
c10,158,0,0,0.3172776
c10,159,0,0,0.36898828
c10,160,0,0,0.3201014
c10,161,0,0,0.33156648
c10,162,0,0,0.3207514
c10,163,0,0,0.31455845
c10,164,0,1,0.59786814
c10,165,0,1,0.5353349
c10,166,0,0,0.34066325
c10,167,0,0,0.32593447
c10,168,0,0,0.34387872
c10,169,0,0,0.3188721
c10,170,0,0,0.36094248
c10,171,0,0,0.32775015
c10,172,0,0,0.32051373
c10,173,0,0,0.31111628
c10,174,0,0,0.31627083
c10,175,0,0,0.32970893
c10,176,0,0,0.3095077
c10,177,0,0,0.31815618
c10,178,0,1,0.5395775
c10,179,0,1,0.62611717
c10,180,0,1,0.6752604
c10,181,0,0,0.32706586
c10,182,0,0,0.32315728
c10,183,0,0,0.3125358
c10,184,0,1,0.5429386
c10,185,0,0,0.35345247
c10,186,0,0,0.32464692
c10,187,0,0,0.3127588
c10,188,0,0,0.31109676
c10,189,0,0,0.315294
c10,190,0,0,0.33905828
c10,191,0,0,0.33002162
c10,192,0,0,0.3205404
c10,193,0,0,0.36894208
c10,194,0,1,0.5390213
c10,195,0,1,0.68082935
c10,196,0,1,0.68295616
c10,197,0,1,0.6652357
c10,198,0,0,0.46527568
c10,199,0,0,0.3252972
c10,200,0,0,0.30882776
c10,201,0,0,0.3325174
c10,202,0,0,0.34993914
c10,203,0,0,0.36090755
c10,204,0,0,0.3275458
c10,205,0,0,0.32167396
c10,206,0,0,0.49275494
c10,207,0,0,0.33025858
c10,208,0,0,0.30833972
c10,209,0,0,0.3406155
c10,210,0,1,0.6749219
c10,211,0,1,0.66148096
c10,212,0,0,0.43908727
c10,213,0,0,0.49116528
c10,214,0,0,0.3351339
c10,215,0,1,0.6775959
c10,216,0,0,0.35208175
c10,217,0,0,0.42094353
c10,218,0,0,0.33638975
c10,219,0,1,0.5991531
c10,220,0,1,0.63047343
c10,221,0,1,0.5421517
c10,222,0,1,0.53413236
c10,223,0,0,0.42124987
c10,224,0,0,0.40270454
c10,225,0,1,0.67124546
c10,226,0,0,0.46924734
c10,227,0,1,0.53928894
c10,228,0,0,0.38089612
c10,229,0,0,0.40664634
c10,230,0,0,0.3974865
c10,231,0,1,0.5002937
c10,232,0,0,0.3843668
c10,233,0,1,0.6362981
c10,234,0,0,0.34040293
c10,235,0,1,0.6240914
c10,236,0,0,0.39950985
c10,237,0,0,0.4955363
c10,238,0,1,0.53647155
c10,239,0,0,0.4578929
c10,240,0,0,0.44484058
c10,241,0,0,0.33113396
c10,242,0,0,0.31745517
c10,243,0,0,0.35827196
c10,244,0,0,0.31851113
c10,245,0,0,0.36561653
c10,246,0,0,0.31793505
c10,247,0,1,0.67768085
c10,248,0,0,0.33027396
c10,249,0,0,0.34354463
c10,250,0,0,0.32985097
c10,251,0,0,0.34397754
c10,252,0,0,0.36307144
c10,253,0,0,0.3327265
c10,254,0,0,0.39438266
c10,255,0,0,0.38282895
c10,256,0,0,0.32765308
c10,257,1,1,0.54237324
c10,258,0,0,0.36968043
c10,259,0,0,0.31684312
c10,260,0,0,0.34495783
c10,261,0,0,0.31359276
c10,262,0,0,0.3658953
c10,263,0,0,0.3561526
c10,264,0,0,0.44512555
c10,265,0,0,0.33419204
c10,266,0,0,0.32150066
c10,267,0,0,0.33401835
c10,268,0,0,0.32259345
c10,269,0,0,0.3774569
c10,270,0,0,0.38259435
c10,271,0,0,0.36069858
c10,272,0,0,0.32688576
c10,273,0,0,0.44302133
c10,274,0,0,0.41154206
c10,275,0,0,0.352735
c10,276,0,0,0.35058007
c10,277,0,0,0.35832256
c10,278,0,0,0.42377836
c10,279,0,0,0.32748643
c10,280,0,0,0.38001376
c10,281,0,0,0.34454122
c10,282,0,0,0.37432113
c10,283,0,0,0.41366965
c10,284,0,1,0.6743921
c10,285,0,1,0.6311194
c10,286,0,1,0.6745529
c10,287,0,0,0.33206835
c10,288,0,1,0.5184694
c10,289,0,1,0.5342729
c10,290,0,1,0.52747244
c10,291,0,0,0.37014922
c10,292,0,0,0.42267552
c10,293,0,0,0.31896907
c10,294,0,0,0.45971394
c10,295,0,0,0.3396518
c10,296,0,0,0.36796346
c10,297,0,1,0.6694971
c10,298,0,0,0.39181232
c10,299,0,0,0.3937559
c10,300,0,0,0.3533218
c10,301,0,0,0.31413352
c10,302,0,0,0.3279238
c10,303,0,0,0.33286735
c10,304,0,0,0.36125067
c10,305,0,0,0.34859562
c10,306,0,0,0.43973112
c10,307,0,0,0.31865203
c10,308,0,0,0.42175245
c10,309,0,0,0.33238044
c10,310,0,0,0.36309177
c10,311,0,0,0.3392643
c10,312,0,0,0.38242963
c10,313,0,0,0.33528274
c10,314,0,0,0.3122392
c10,315,0,1,0.74029976
c10,316,0,1,0.56403
c10,317,0,0,0.3331889
c10,318,0,0,0.33877137
c10,319,0,1,0.5733836
c10,320,0,0,0.3529831
c10,321,0,0,0.36247137
c10,322,0,1,0.56111795
c10,323,0,0,0.3157591
c10,324,0,0,0.32027113
c10,325,0,0,0.37264714
c10,326,0,1,0.67002505
c10,327,0,1,0.54168874
c10,328,0,1,0.55560166
c10,329,0,0,0.331729
c10,330,0,0,0.35131693
c10,331,0,1,0.5006109
c10,332,0,0,0.4994061
c10,333,0,0,0.37377265
c10,334,0,0,0.45523635
c10,335,0,1,0.6762111
c10,336,0,1,0.59270746
c10,337,0,0,0.31773117
c10,338,0,0,0.41544384
c10,339,0,1,0.64398694
c10,340,0,0,0.42255703
c10,341,0,1,0.52755207
c10,342,0,0,0.4587089
c10,343,0,0,0.49681464
c10,344,0,0,0.32721916
c10,345,0,1,0.5388238
c10,346,0,0,0.3443159
c10,347,0,1,0.618286
c10,348,0,0,0.3757459
c10,349,0,1,0.527044
c10,350,0,0,0.32849172
c10,351,0,0,0.37873146
c10,352,0,0,0.44919342
c10,353,0,0,0.3595443
c10,354,0,0,0.42693415
c10,355,0,0,0.32783175
c10,356,0,1,0.61716485
c10,357,0,0,0.37614736
c10,358,0,0,0.38840607
c10,359,0,0,0.33385986
c10,360,0,0,0.40817472
c10,361,0,0,0.3617284
c10,362,0,0,0.37317497
c10,363,0,1,0.62320524
c10,364,0,0,0.32926306
c10,365,0,0,0.3840466
c10,366,0,0,0.4059743
c10,367,0,0,0.3755817
c10,368,0,0,0.35695365
c10,369,0,0,0.39339086
c10,370,0,1,0.53783715
c10,371,0,1,0.5092825
c10,372,0,0,0.32707334
c10,373,0,0,0.39148787
c10,374,0,0,0.48645732
c10,375,0,1,0.5354694
c10,376,0,0,0.34506142
c10,377,0,0,0.36721012
c10,378,0,0,0.3434944
c10,379,0,1,0.54183716
c10,380,0,1,0.57537985
c10,381,0,0,0.39961475
c10,382,0,0,0.34360135
c10,383,0,0,0.3422948
c10,384,0,0,0.41685802
c10,385,0,0,0.34556174
c10,386,0,0,0.35541165
c10,387,0,0,0.37443703
c10,388,0,0,0.34321892
c10,389,0,0,0.34902447
c10,390,0,0,0.43526897
c10,391,0,0,0.43737438
c10,392,0,0,0.37220097
c10,393,0,0,0.42771524
c10,394,0,1,0.6462027
c10,395,0,1,0.6558819
c10,396,0,1,0.55380714
c10,397,0,0,0.34977722
c10,398,0,0,0.47376096
c10,399,0,1,0.55696344
c10,400,0,1,0.53540134
c10,401,0,1,0.5452205
c10,402,0,1,0.54170054
c10,403,0,0,0.32185677
c10,404,0,1,0.6358354
c10,405,0,0,0.3617828
c10,406,0,0,0.4726058
c10,407,0,0,0.38119322
c10,408,0,1,0.5833832
c10,409,0,0,0.3222588
c10,410,0,0,0.3640279
c10,411,0,1,0.51056176
c10,412,0,0,0.39900622
c10,413,0,1,0.6040915
c10,414,0,0,0.31510296
c10,415,0,0,0.38056275
c10,416,0,1,0.53336495
c10,417,0,1,0.53466934
c10,418,0,0,0.48718157
c10,419,0,0,0.32744524
c10,420,0,0,0.35932386
c10,421,0,0,0.35569957
c10,422,0,0,0.44549638
c10,423,0,0,0.40469277
c10,424,0,0,0.47222012
c10,425,0,0,0.3865267
c10,426,0,1,0.68780553
c10,427,0,1,0.52464104
c10,428,0,1,0.5378742
c10,429,0,0,0.4198383
c10,430,0,1,0.5429662
