record,minute,y_true,y_pred,y_prob
a01,1,0,1,0.6548135
a01,2,0,1,0.7673347
a01,3,0,1,0.66159534
a01,4,0,1,0.71837705
a01,5,0,1,0.7490979
a01,6,0,1,0.74228126
a01,7,0,1,0.53080785
a01,8,0,1,0.5995572
a01,9,0,1,0.716915
a01,10,0,1,0.65342075
a01,11,0,1,0.6700165
a01,12,0,1,0.6461345
a01,13,1,1,0.6872422
a01,14,1,1,0.66050744
a01,15,1,1,0.6306452
a01,16,1,1,0.63913757
a01,17,1,1,0.5949342
a01,18,1,1,0.68327934
a01,19,1,1,0.6435177
a01,20,1,1,0.5999919
a01,21,1,1,0.6395522
a01,22,1,1,0.68024296
a01,23,1,1,0.65609926
a01,24,1,1,0.6253826
a01,25,1,1,0.68928766
a01,26,1,1,0.5758673
a01,27,1,1,0.5025097
a01,28,1,1,0.5796079
a01,29,1,0,0.41104427
a01,30,1,0,0.49903613
a01,31,1,1,0.75074947
a01,32,1,0,0.3833332
a01,33,1,1,0.6259764
a01,34,1,1,0.658504
a01,35,1,1,0.6439453
a01,36,1,0,0.48955974
a01,37,1,1,0.62884045
a01,38,1,1,0.6822264
a01,39,1,1,0.76325697
a01,40,1,1,0.6391862
a01,41,1,1,0.5947239
a01,42,1,1,0.6424122
a01,43,1,0,0.43287632
a01,44,1,1,0.5681089
a01,45,1,1,0.659819
a01,46,1,1,0.54970497
a01,47,1,1,0.63924617
a01,48,1,1,0.6797426
a01,49,1,1,0.5597402
a01,50,1,1,0.6623414
a01,51,1,0,0.42544603
a01,52,1,1,0.63775885
a01,53,1,1,0.53665775
a01,54,1,1,0.5066708
a01,55,1,1,0.7148113
a01,56,1,1,0.6507449
a01,57,1,1,0.63189614
a01,58,1,1,0.5930223
a01,59,1,1,0.66511524
a01,60,1,1,0.72028804
a01,61,1,1,0.6310613
a01,62,1,1,0.5973726
a01,63,1,1,0.5677233
a01,64,1,1,0.6432284
a01,65,1,1,0.5305738
a01,66,1,1,0.6551436
a01,67,1,1,0.58048046
a01,68,1,1,0.8428448
a01,69,1,1,0.8149717
a01,70,1,1,0.84481496
a01,71,1,1,0.8151912
a01,72,1,1,0.8429197
a01,73,1,1,0.8328673
a01,74,1,1,0.92458415
a01,75,1,1,0.9364977
a01,76,1,1,0.88145405
a01,77,1,1,0.8359253
a01,78,1,1,0.6995505
a01,79,1,1,0.83834946
a01,80,1,1,0.9278835
a01,81,1,1,0.90510947
a01,82,1,1,0.7954474
a01,83,1,1,0.8033224
a01,84,1,1,0.9138572
a01,85,1,1,0.9355051
a01,86,1,1,0.81854546
a01,87,1,1,0.76594836
a01,88,1,1,0.8543274
a01,89,1,1,0.8946015
a01,90,1,1,0.7943921
a01,91,1,1,0.8106806
a01,92,1,1,0.5242849
a01,93,1,1,0.7348618
a01,94,1,1,0.51798165
a01,95,1,1,0.68735564
a01,96,1,1,0.7923787
a01,97,1,1,0.8111455
a01,98,1,1,0.6618975
a01,99,1,0,0.3705207
a01,100,1,1,0.71000075
a01,101,1,1,0.79055697
a01,102,1,1,0.5426832
a01,103,1,1,0.69154704
a01,104,1,1,0.54678226
a01,105,1,1,0.65021586
a01,106,1,1,0.68036133
a01,107,1,0,0.48468953
a01,108,1,1,0.69288206
a01,109,1,1,0.64918596
a01,110,1,1,0.7537997
a01,111,1,1,0.76391065
a01,112,1,1,0.6186633
a01,113,1,1,0.6950712
a01,114,1,1,0.7054446
a01,115,1,1,0.79175186
a01,116,1,1,0.7851312
a01,117,1,1,0.65674335
a01,118,1,1,0.69387376
a01,119,1,1,0.7630322
a01,120,1,1,0.71912277
a01,121,1,1,0.70368665
a01,122,1,1,0.6950479
a01,123,1,1,0.71933526
a01,124,1,1,0.7567845
a01,125,1,1,0.74106294
a01,126,1,1,0.76428956
a01,127,1,1,0.7156114
a01,128,1,1,0.757734
a01,129,1,1,0.7422244
a01,130,1,1,0.6589638
a01,131,1,1,0.78497434
a01,132,1,1,0.6727112
a01,133,1,1,0.66288835
a01,134,1,1,0.6397541
a01,135,1,1,0.56070393
a01,136,1,1,0.77613753
a01,137,1,1,0.70123684
a01,138,1,1,0.76452845
a01,139,1,1,0.7059262
a01,140,1,1,0.80650485
a01,141,1,1,0.56316745
a01,142,1,1,0.7752148
a01,143,1,1,0.72393817
a01,144,1,0,0.4536069
a01,145,1,1,0.7407594
a01,146,1,1,0.6564709
a01,147,1,1,0.7109207
a01,148,1,1,0.672418
a01,149,1,1,0.61379236
a01,150,1,1,0.7899032
a01,151,1,1,0.74912494
a01,152,1,1,0.6899918
a01,153,1,1,0.7126775
a01,154,1,1,0.66832376
a01,155,1,1,0.7524645
a01,156,1,1,0.80289644
a01,157,1,1,0.7640676
a01,158,1,1,0.79197836
a01,159,1,1,0.7673305
a01,160,1,1,0.6617049
a01,161,1,1,0.7361588
a01,162,1,1,0.7194514
a01,163,1,1,0.6931682
a01,164,1,1,0.67800814
a01,165,1,1,0.7569134
a01,166,1,1,0.67860943
a01,167,1,1,0.64640486
a01,168,1,1,0.55530125
a01,169,1,1,0.5888839
a01,170,1,1,0.56130004
a01,171,1,1,0.6858764
a01,172,1,1,0.81962174
a01,173,1,1,0.61405224
a01,174,1,1,0.6505091
a01,175,1,1,0.7145787
a01,176,1,1,0.70651054
a01,177,1,1,0.7548357
a01,178,1,1,0.56935227
a01,179,1,1,0.51227474
a01,180,1,1,0.8309173
a01,181,1,1,0.6812915
a01,182,1,1,0.70399845
a01,183,1,1,0.73713714
a01,184,1,1,0.7296595
a01,185,1,1,0.7413158
a01,186,1,1,0.7359954
a01,187,1,1,0.8015627
a01,188,1,1,0.7556308
a01,189,1,1,0.6892462
a01,190,1,1,0.67180586
a01,191,1,1,0.6300167
a01,192,1,1,0.7571871
a01,193,1,1,0.73607033
a01,194,1,1,0.5325373
a01,195,1,1,0.72894686
a01,196,1,1,0.7304139
a01,197,1,1,0.5101992
a01,198,1,1,0.5867871
a01,199,1,1,0.6852134
a01,200,1,1,0.83152443
a01,201,1,1,0.57782936
a01,202,1,1,0.5787434
a01,203,1,1,0.8582619
a01,204,1,1,0.8759106
a01,205,1,1,0.90646046
a01,206,1,1,0.9107458
a01,207,1,1,0.74809533
a01,208,1,1,0.9051107
a01,209,1,1,0.85951865
a01,210,1,1,0.794861
a01,211,1,1,0.9375399
a01,212,1,1,0.82358694
a01,213,1,0,0.3770407
a01,214,1,1,0.8652738
a01,215,1,1,0.81016845
a01,216,1,1,0.8315501
a01,217,1,1,0.7326531
a01,218,1,1,0.7902077
a01,219,1,1,0.90436673
a01,220,1,1,0.7557059
a01,221,1,1,0.79966056
a01,222,1,1,0.6306091
a01,223,1,1,0.84338444
a01,224,1,1,0.5837863
a01,225,1,1,0.8168597
a01,226,1,0,0.44417152
a01,227,0,1,0.626995
a01,228,0,1,0.783681
a01,229,0,1,0.5143646
a01,230,0,1,0.5149718
a01,231,1,0,0.4201092
a01,232,1,1,0.76427424
a01,233,1,0,0.2645711
a01,234,1,1,0.6445179
a01,235,1,0,0.38906375
a01,236,1,1,0.5058552
a01,237,1,1,0.59491783
a01,238,1,1,0.63165027
a01,239,1,1,0.66562104
a01,240,1,1,0.63404995
a01,241,1,1,0.60937726
a01,242,1,1,0.66535336
a01,243,1,1,0.54644656
a01,244,1,1,0.62355274
a01,245,1,1,0.75809085
a01,246,1,1,0.5559991
a01,247,1,0,0.42113423
a01,248,1,1,0.6472693
a01,249,1,1,0.58662516
a01,250,1,1,0.61203206
a01,251,1,1,0.6835784
a01,252,1,1,0.70148647
a01,253,1,1,0.7425262
a01,254,1,1,0.5712038
a01,255,1,1,0.5897394
a01,256,1,1,0.72200626
a01,257,1,1,0.65846545
a01,258,1,0,0.4319188
a01,259,1,1,0.69006646
a01,260,1,1,0.65890354
a01,261,1,1,0.6868435
a01,262,1,1,0.7001504
a01,263,1,1,0.6114868
a01,264,1,1,0.7961854
a01,265,1,1,0.7426432
a01,266,1,1,0.61875665
a01,267,1,1,0.65634125
a01,268,1,1,0.68281096
a01,269,1,0,0.28511798
a01,270,1,1,0.76488817
a01,271,1,1,0.7732686
a01,272,1,1,0.6316989
a01,273,1,1,0.63657224
a01,274,1,1,0.8150377
a01,275,1,0,0.3640839
a01,276,1,1,0.5533832
a01,277,1,1,0.6954922
a01,278,1,1,0.6323201
a01,279,1,1,0.7919216
a01,280,1,0,0.4544073
a01,281,1,1,0.58159167
a01,282,1,1,0.6540563
a01,283,1,1,0.5422447
a01,284,1,1,0.66525704
a01,285,1,1,0.6126573
a01,286,1,1,0.61051047
a01,287,1,1,0.75387204
a01,288,1,1,0.68847287
a01,289,1,1,0.73036486
a01,290,1,1,0.6243758
a01,291,1,1,0.7361815
a01,292,1,1,0.60422045
a01,293,1,1,0.76358074
a01,294,1,1,0.6951534
a01,295,1,0,0.4774635
a01,296,1,1,0.70878947
a01,297,1,1,0.5688432
a01,298,1,1,0.77728075
a01,299,1,1,0.84789366
a01,300,1,1,0.67889255
a01,301,1,1,0.80725926
a01,302,1,1,0.7059404
a01,303,1,1,0.79030603
a01,304,1,1,0.6603542
a01,305,1,0,0.44638467
a01,306,1,1,0.86713344
a01,307,1,1,0.84089637
a01,308,1,1,0.8399174
a01,309,1,1,0.88343227
a01,310,1,1,0.88385224
a01,311,1,1,0.8038658
a01,312,1,1,0.9060252
a01,313,1,1,0.848642
a01,314,1,1,0.84832203
a01,315,1,1,0.8336537
a01,316,1,1,0.8195196
a01,317,1,1,0.8347284
a01,318,1,1,0.7430651
a01,319,1,1,0.5597952
a01,320,1,1,0.6277966
a01,321,1,1,0.6725484
a01,322,1,0,0.17442755
a01,323,1,1,0.86972195
a01,324,1,1,0.64930826
a01,325,1,1,0.9067398
a01,326,1,1,0.85609835
a01,327,1,1,0.9237725
a01,328,1,1,0.8710477
a01,329,1,0,0.0938347
a01,330,1,1,0.88856906
a01,331,1,1,0.85262054
a01,332,1,1,0.86402357
a01,333,1,1,0.8623256
a01,334,1,1,0.87047887
a01,335,1,1,0.5805045
a01,336,1,1,0.7836933
a01,337,1,0,0.18571979
a01,338,1,1,0.61242425
a01,339,1,1,0.7806135
a01,340,1,1,0.91120285
a01,341,1,1,0.90160775
a01,342,1,1,0.9495741
a01,343,1,1,0.86235154
a01,344,1,1,0.9029823
a01,345,1,1,0.7732158
a01,346,1,1,0.946616
a01,347,1,1,0.7054945
a01,348,1,1,0.7549946
a01,349,1,1,0.67077
a01,350,1,1,0.7683902
a01,351,1,1,0.87629944
a01,352,0,1,0.8220763
a01,353,0,1,0.5336037
a01,354,1,0,0.21896747
a01,355,1,0,0.48644462
a01,356,1,1,0.7417174
a01,357,1,1,0.669106
a01,358,1,1,0.56054753
a01,359,1,1,0.5761211
a01,360,1,1,0.6158622
a01,361,1,0,0.4477557
a01,362,1,1,0.56323814
a01,363,1,1,0.6276866
a01,364,1,1,0.6486504
a01,365,1,0,0.38295278
a01,366,1,1,0.5420977
a01,367,1,0,0.46955916
a01,368,1,1,0.66193223
a01,369,1,1,0.625544
a01,370,1,1,0.6630447
a01,371,1,1,0.8219453
a01,372,1,0,0.2860949
a01,373,1,1,0.64143604
a01,374,1,1,0.7035612
a01,375,1,0,0.48423743
a01,376,1,1,0.6097567
a01,377,1,1,0.6850576
a01,378,1,1,0.6606775
a01,379,1,1,0.75478244
a01,380,1,1,0.72365904
a01,381,1,1,0.69035923
a01,382,1,1,0.8050367
a01,383,1,0,0.49031922
a01,384,1,1,0.7442708
a01,385,1,1,0.661659
a01,386,1,1,0.504761
a01,387,1,0,0.44586796
a01,388,1,1,0.76179653
a01,389,1,1,0.7562721
a01,390,1,1,0.78063744
a01,391,1,1,0.6803892
a01,392,1,1,0.5279691
a01,393,1,1,0.8120322
a01,394,1,1,0.76745886
a01,395,1,0,0.439808
a01,396,1,0,0.33427557
a01,397,1,1,0.69272953
a01,398,1,1,0.73141205
a01,399,1,1,0.81667787
a01,400,1,1,0.87364125
a01,401,1,1,0.58319944
a01,402,1,1,0.67835253
a01,403,1,1,0.50505316
a01,404,1,1,0.5733499
a01,405,1,1,0.51771504
a01,406,1,1,0.6790069
a01,407,1,1,0.6781903
a01,408,1,1,0.5322281
a01,409,1,1,0.74591476
a01,410,1,1,0.5602729
a01,411,1,1,0.73071885
a01,412,1,1,0.7538109
a01,413,1,1,0.7180071
a01,414,1,1,0.5699132
a01,415,1,1,0.62722534
a01,416,1,1,0.65527004
a01,417,1,1,0.6668297
a01,418,1,1,0.5053009
a01,419,1,1,0.7158146
a01,420,1,1,0.82822603
a01,421,1,1,0.79458886
a01,422,1,1,0.7385008
a01,423,1,1,0.562138
a01,424,1,1,0.60610735
a01,425,1,1,0.80922973
a01,426,1,1,0.6706298
a01,427,1,1,0.85288703
a01,428,1,1,0.84932464
a01,429,1,1,0.74467415
a01,430,1,1,0.51773536
a01,431,1,1,0.78969914
a01,432,1,1,0.86288416
a01,433,1,1,0.7961841
a01,434,1,0,0.4698713
a01,435,1,1,0.5024144
a01,436,1,1,0.65110826
a01,437,1,1,0.8166724
a01,438,1,1,0.7587006
a01,439,1,1,0.85131407
a01,440,1,1,0.6695829
a01,441,1,1,0.7694443
a01,442,1,1,0.81925523
a01,443,1,1,0.7265581
a01,444,1,0,0.39930785
a01,445,1,1,0.8639145
a01,446,1,1,0.65492034
a01,447,1,1,0.6625879
a01,448,1,1,0.87942666
a01,449,1,1,0.9148241
a01,450,1,1,0.8678186
a01,451,1,1,0.8186268
a01,452,1,1,0.86717635
a01,453,1,1,0.5940876
a01,454,1,1,0.7930644
a01,455,1,1,0.6269254
a01,456,1,1,0.83794576
a01,457,1,1,0.86520225
a01,458,1,1,0.8485049
a01,459,1,1,0.9228947
a01,460,1,1,0.84096557
a01,461,1,1,0.7406695
a01,462,1,1,0.62823236
a01,463,1,1,0.8835411
a01,464,1,1,0.7479343
a01,465,1,1,0.6602686
a01,466,1,1,0.86426616
a01,467,1,1,0.80858004
a01,468,1,0,0.4922818
a01,469,1,1,0.71001893
a01,470,1,1,0.7125935
a01,471,1,1,0.80670565
a01,472,1,1,0.80124146
a01,473,1,1,0.60040957
a01,474,1,1,0.8816656
a01,475,1,1,0.6544527
a01,476,1,1,0.8420206
a01,477,1,1,0.8234805
a01,478,1,0,0.4701151
a01,479,1,1,0.73138624
a01,480,1,0,0.36285526
a01,481,1,0,0.45764056
a01,482,1,1,0.61658555
a01,483,1,0,0.39298105
a01,484,1,1,0.85977614
a01,485,1,0,0.3086746
a01,486,1,0,0.4522258
a01,487,1,1,0.7304741
a01,488,1,1,0.7244487
a02,1,0,0,0.072874285
a02,2,0,0,0.059723854
a02,3,0,0,0.07683776
a02,4,0,0,0.10529321
a02,5,0,1,0.56145847
a02,6,0,0,0.41936505
a02,7,0,0,0.05312728
a02,8,0,0,0.035985257
a02,9,0,0,0.12547654
a02,10,0,0,0.10146533
a02,11,0,1,0.71822524
a02,12,0,0,0.12696752
a02,13,0,0,0.088777386
a02,14,0,0,0.15227848
a02,15,0,0,0.059232254
a02,16,0,1,0.5353157
a02,17,0,0,0.0791446
a02,18,0,0,0.10175682
a02,19,0,0,0.07235425
a02,20,0,1,0.5956016
a02,21,1,0,0.35569793
a02,22,1,1,0.7209784
a02,23,1,0,0.19815515
a02,24,1,0,0.12329223
a02,25,1,1,0.6362971
a02,26,1,0,0.22206888
a02,27,1,0,0.20716618
a02,28,1,0,0.22393829
a02,29,1,0,0.27387446
a02,30,1,1,0.67635816
a02,31,1,1,0.6732472
a02,32,1,0,0.2554618
a02,33,1,1,0.54095525
a02,34,1,0,0.3425555
a02,35,1,0,0.26668257
a02,36,1,0,0.40255535
a02,37,1,0,0.29880586
a02,38,1,0,0.14122479
a02,39,1,1,0.6773559
a02,40,1,0,0.48659644
a02,41,1,1,0.75870156
a02,42,1,1,0.55420417
a02,43,1,1,0.6159068
a02,44,1,1,0.74954176
a02,45,1,1,0.5804239
a02,46,1,1,0.75107193
a02,47,1,1,0.6823589
a02,48,1,1,0.72220546
a02,49,1,1,0.7514887
a02,50,1,1,0.6136648
a02,51,1,0,0.34222928
a02,52,1,0,0.34053642
a02,53,1,0,0.22306105
a02,54,1,1,0.6456601
a02,55,1,1,0.67058927
a02,56,1,1,0.5836992
a02,57,1,1,0.7548976
a02,58,1,1,0.6464151
a02,59,1,0,0.4976765
a02,60,1,0,0.32865575
a02,61,1,1,0.6227863
a02,62,1,0,0.47358355
a02,63,1,0,0.42588866
a02,64,1,1,0.5875417
a02,65,1,0,0.45562714
a02,66,1,0,0.48021406
a02,67,1,0,0.48547235
a02,68,1,1,0.6531508
a02,69,1,0,0.23481844
a02,70,1,1,0.6194958
a02,71,1,0,0.40028012
a02,72,1,1,0.5287992
a02,73,1,0,0.28240243
a02,74,1,0,0.12424019
a02,75,1,1,0.5355318
a02,76,1,0,0.2814904
a02,77,1,0,0.21086642
a02,78,1,1,0.5354784
a02,79,1,0,0.15471426
a02,80,1,0,0.3813329
a02,81,1,0,0.19551708
a02,82,1,0,0.37990612
a02,83,1,0,0.106917724
a02,84,1,1,0.7026061
a02,85,1,1,0.7043989
a02,86,1,0,0.4742099
a02,87,1,0,0.20402732
a02,88,1,1,0.6328128
a02,89,1,0,0.46607944
a02,90,1,0,0.31228486
a02,91,1,0,0.14810203
a02,92,1,0,0.22919984
a02,93,1,1,0.6427636
a02,94,1,0,0.17923276
a02,95,1,0,0.42161924
a02,96,1,0,0.403171
a02,97,1,0,0.2852506
a02,98,1,0,0.30471888
a02,99,1,0,0.48745674
a02,100,1,1,0.5127771
a02,101,1,0,0.24293698
a02,102,1,0,0.15661015
a02,103,1,0,0.4210029
a02,104,1,1,0.68959653
a02,105,1,0,0.39861685
a02,106,1,0,0.48242864
a02,107,1,0,0.48458353
a02,108,1,1,0.7842038
a02,109,1,0,0.39998353
a02,110,1,1,0.7077561
a02,111,1,1,0.6851941
a02,112,1,1,0.81433094
a02,113,1,0,0.27417645
a02,114,1,1,0.5212535
a02,115,1,0,0.44845268
a02,116,1,1,0.54048926
a02,117,1,1,0.76998955
a02,118,1,0,0.44382516
a02,119,1,1,0.72246933
a02,120,1,0,0.3476847
a02,121,1,0,0.28222662
a02,122,1,0,0.28455314
a02,123,1,0,0.22790733
a02,124,1,0,0.1028359
a02,125,1,0,0.1276451
a02,126,1,0,0.10398337
a02,127,1,0,0.3306814
a02,128,1,0,0.20242065
a02,129,1,0,0.38831186
a02,130,0,0,0.23869698
a02,131,0,1,0.5404934
a02,132,0,0,0.070152745
a02,133,0,0,0.0510177
a02,134,0,0,0.047153533
a02,135,0,0,0.045658384
a02,136,0,0,0.044126287
a02,137,0,0,0.03511712
a02,138,0,0,0.032152336
a02,139,0,0,0.038135815
a02,140,0,0,0.04387842
a02,141,0,0,0.035688125
a02,142,0,0,0.040765572
a02,143,0,0,0.039388385
a02,144,0,0,0.03657307
a02,145,0,0,0.04551778
a02,146,0,0,0.041136958
a02,147,0,0,0.034532234
a02,148,0,0,0.037013482
a02,149,0,0,0.037753165
a02,150,0,0,0.032772776
a02,151,0,0,0.032472268
a02,152,0,0,0.027200328
a02,153,0,0,0.025764965
a02,154,0,0,0.02373968
a02,155,0,0,0.023025425
a02,156,0,0,0.053824447
a02,157,0,0,0.032430906
a02,158,0,0,0.02513868
a02,159,0,0,0.035246838
a02,160,0,0,0.025450384
a02,161,0,0,0.023564665
a02,162,0,0,0.023921732
a02,163,0,0,0.021413047
a02,164,0,0,0.022220202
a02,165,0,0,0.019975303
a02,166,0,0,0.019185305
a02,167,0,0,0.032297026
a02,168,0,0,0.028890507
a02,169,0,0,0.023823394
a02,170,0,0,0.01784431
a02,171,0,0,0.02792521
a02,172,0,0,0.021751286
a02,173,0,0,0.019290432
a02,174,0,0,0.029905185
a02,175,0,0,0.10502445
a02,176,1,0,0.0681721
a02,177,1,0,0.030978335
a02,178,1,0,0.03982519
a02,179,1,0,0.032285754
a02,180,1,0,0.10822696
a02,181,1,0,0.12199702
a02,182,1,0,0.119566314
a02,183,1,0,0.071730204
a02,184,1,0,0.073518515
a02,185,1,0,0.107722655
a02,186,1,0,0.08594127
a02,187,1,0,0.13709868
a02,188,1,0,0.15747958
a02,189,1,0,0.024053045
a02,190,1,0,0.043168362
a02,191,1,0,0.07679688
a02,192,1,0,0.04802647
a02,193,1,0,0.06292949
a02,194,1,0,0.041794073
a02,195,1,0,0.05687219
a02,196,1,0,0.05206488
a02,197,1,0,0.052431967
a02,198,1,0,0.05853297
a02,199,1,0,0.06455304
a02,200,1,0,0.039665103
a02,201,0,0,0.06438095
a02,202,0,1,0.6699631
a02,203,0,0,0.05240054
a02,204,0,0,0.040320635
a02,205,0,0,0.066963844
a02,206,0,0,0.16513506
a02,207,1,0,0.05518084
a02,208,1,0,0.20580588
a02,209,1,0,0.041542917
a02,210,1,0,0.27653265
a02,211,1,0,0.088269204
a02,212,1,0,0.06105249
a02,213,1,0,0.056826845
a02,214,1,0,0.14367385
a02,215,1,0,0.05837605
a02,216,1,0,0.070623256
a02,217,1,0,0.01733792
a02,218,1,0,0.07296827
a02,219,1,0,0.057366207
a02,220,1,0,0.4085397
a02,221,1,1,0.5106871
a02,222,1,0,0.48669958
a02,223,1,0,0.40615934
a02,224,1,0,0.111888975
a02,225,1,0,0.099098
a02,226,1,0,0.38441622
a02,227,1,0,0.12110733
a02,228,1,0,0.11407657
a02,229,1,0,0.30943444
a02,230,1,0,0.45870832
a02,231,1,1,0.5307988
a02,232,1,0,0.24825974
a02,233,1,0,0.4377547
a02,234,1,0,0.42644876
a02,235,1,0,0.19029671
a02,236,1,1,0.5968756
a02,237,1,0,0.3834495
a02,238,1,0,0.13503586
a02,239,1,0,0.38010374
a02,240,1,0,0.3168896
a02,241,1,1,0.60777044
a02,242,1,0,0.27849382
a02,243,1,0,0.09436749
a02,244,1,1,0.6575534
a02,245,1,0,0.16127504
a02,246,1,0,0.47927114
a02,247,1,0,0.31752712
a02,248,1,0,0.099471815
a02,249,1,0,0.44377312
a02,250,1,0,0.24535818
a02,251,1,0,0.122298874
a02,252,1,0,0.08434027
a02,253,1,0,0.12924129
a02,254,1,0,0.26162955
a02,255,1,0,0.0814755
a02,256,1,0,0.12770809
a02,257,1,0,0.17545694
a02,258,1,0,0.29797733
a02,259,1,0,0.36265576
a02,260,1,1,0.63432646
a02,261,1,0,0.25799072
a02,262,1,0,0.41844568
a02,263,1,0,0.12360904
a02,264,1,0,0.23833531
a02,265,1,0,0.16420718
a02,266,0,0,0.14739664
a02,267,0,0,0.065179504
a02,268,0,0,0.13746963
a02,269,0,0,0.18814154
a02,270,1,0,0.39447913
a02,271,1,0,0.10541881
a02,272,1,0,0.4514203
a02,273,1,0,0.2839233
a02,274,1,0,0.16688588
a02,275,1,0,0.28139013
a02,276,1,0,0.1874211
a02,277,1,0,0.38282967
a02,278,1,0,0.38809586
a02,279,1,0,0.27892047
a02,280,1,0,0.36042047
a02,281,1,0,0.30088732
a02,282,0,0,0.17767954
a02,283,0,0,0.09165637
a02,284,0,0,0.41943568
a02,285,0,0,0.15096793
a02,286,0,0,0.16182366
a02,287,0,0,0.13925198
a02,288,1,0,0.3450632
a02,289,1,0,0.14733852
a02,290,1,0,0.17634714
a02,291,1,0,0.25993454
a02,292,1,0,0.42560095
a02,293,1,0,0.39152762
a02,294,1,0,0.24183123
a02,295,0,0,0.135467
a02,296,0,0,0.21542566
a02,297,1,1,0.6978546
a02,298,1,0,0.15947713
a02,299,1,0,0.43047386
a02,300,1,0,0.20278767
a02,301,1,0,0.49540642
a02,302,1,0,0.26185137
a02,303,1,0,0.39564693
a02,304,1,0,0.19472754
a02,305,1,1,0.50256425
a02,306,1,0,0.26240173
a02,307,1,1,0.53094417
a02,308,0,0,0.16660881
a02,309,0,0,0.0690483
a02,310,0,0,0.025632551
a02,311,0,0,0.16335902
a02,312,1,0,0.04634947
a02,313,1,0,0.43741128
a02,314,1,0,0.18304867
a02,315,1,1,0.64387876
a02,316,1,0,0.35783014
a02,317,1,0,0.4353666
a02,318,1,0,0.23127194
a02,319,1,0,0.19219528
a02,320,1,0,0.27079928
a02,321,1,0,0.08958962
a02,322,1,0,0.46247035
a02,323,1,0,0.09534305
a02,324,1,0,0.28623152
a02,325,1,0,0.36265135
a02,326,0,0,0.12658386
a02,327,0,0,0.3623448
a02,328,0,0,0.3483467
a02,329,1,1,0.5914732
a02,330,1,0,0.36834875
a02,331,1,0,0.18624191
a02,332,1,0,0.40545067
a02,333,1,0,0.10917272
a02,334,1,1,0.6140285
a02,335,1,0,0.34869525
a02,336,1,1,0.5458769
a02,337,1,1,0.5490414
a02,338,1,1,0.7324386
a02,339,1,1,0.6078669
a02,340,1,1,0.5373659
a02,341,1,1,0.60634893
a02,342,1,0,0.14731333
a02,343,1,0,0.22195232
a02,344,1,1,0.516525
a02,345,1,0,0.48024562
a02,346,1,1,0.6408556
a02,347,1,1,0.5663302
a02,348,1,0,0.48117992
a02,349,1,0,0.27361852
a02,350,1,1,0.5200325
a02,351,1,0,0.43744376
a02,352,1,1,0.70912653
a02,353,1,0,0.0994713
a02,354,1,0,0.10627901
a02,355,1,0,0.49026474
a02,356,1,1,0.6933154
a02,357,1,0,0.42422163
a02,358,1,0,0.39425254
a02,359,1,1,0.74770474
a02,360,1,0,0.20825998
a02,361,1,0,0.2513675
a02,362,1,0,0.3287773
a02,363,1,1,0.54471505
a02,364,1,1,0.7502456
a02,365,1,0,0.24252422
a02,366,1,0,0.34265375
a02,367,1,1,0.65429103
a02,368,1,1,0.60718894
a02,369,1,1,0.7123695
a02,370,1,0,0.063655354
a02,371,1,0,0.27493697
a02,372,1,0,0.33818397
a02,373,1,0,0.264717
a02,374,1,0,0.4969966
a02,375,1,0,0.39922264
a02,376,1,0,0.0739494
a02,377,1,1,0.71563697
a02,378,1,0,0.21967718
a02,379,1,1,0.5593753
a02,380,1,0,0.43003827
a02,381,1,0,0.49875593
a02,382,1,1,0.67115116
a02,383,1,0,0.30692837
a02,384,1,1,0.7612829
a02,385,1,0,0.21825099
a02,386,1,0,0.07067965
a02,387,1,0,0.15097179
a02,388,1,0,0.22713988
a02,389,0,0,0.49474835
a02,390,0,0,0.48631293
a02,391,0,0,0.46124035
a02,392,1,1,0.65204144
a02,393,1,0,0.42401853
a02,394,1,1,0.7615094
a02,395,1,1,0.57370895
a02,396,1,1,0.5543736
a02,397,1,0,0.41246915
a02,398,1,0,0.49404237
a02,399,1,0,0.3711864
a02,400,1,1,0.70080626
a02,401,1,0,0.123416506
a02,402,1,0,0.10124658
a02,403,1,0,0.18005037
a02,404,1,0,0.116803676
a02,405,1,0,0.1414859
a02,406,1,0,0.098999
a02,407,1,0,0.25955847
a02,408,1,0,0.13942106
a02,409,1,0,0.12848389
a02,410,1,0,0.26717916
a02,411,1,0,0.20376264
a02,412,1,0,0.19244474
a02,413,1,0,0.164438
a02,414,1,0,0.123643875
a02,415,1,0,0.18285653
a02,416,1,0,0.22684224
a02,417,1,1,0.7684456
a02,418,1,1,0.71778476
a02,419,1,0,0.34402725
a02,420,1,1,0.6438007
a02,421,1,1,0.63998234
a02,422,1,0,0.49635863
a02,423,1,1,0.72928274
a02,424,1,0,0.10644552
a02,425,1,1,0.6808214
a02,426,1,1,0.7355096
a02,427,1,0,0.4128304
a02,428,1,1,0.73542273
a02,429,1,0,0.45595464
a02,430,1,1,0.5774755
a02,431,1,1,0.65610725
a02,432,0,0,0.13562374
a02,433,0,0,0.2767358
a02,434,0,0,0.15605521
a02,435,0,0,0.4879205
a02,436,1,0,0.21404849
a02,437,1,0,0.3867277
a02,438,1,0,0.32771957
a02,439,1,1,0.6460074
a02,440,1,1,0.7566057
a02,441,1,0,0.46054965
a02,442,1,0,0.10724168
a02,443,1,1,0.7030389
a02,444,1,0,0.11597957
a02,445,1,1,0.70804435
a02,446,1,0,0.02457059
a02,447,1,0,0.4704964
a02,448,1,0,0.4599556
a02,449,1,0,0.11537465
a02,450,1,0,0.27859503
a02,451,1,0,0.22934562
a02,452,1,0,0.28751683
a02,453,1,0,0.3029909
a02,454,1,0,0.40077737
a02,455,1,0,0.44822118
a02,456,1,1,0.73846126
a02,457,1,0,0.38809925
a02,458,1,0,0.47610384
a02,459,1,1,0.6496929
a02,460,1,0,0.16503933
a02,461,1,0,0.47233993
a02,462,1,0,0.39090368
a02,463,1,0,0.34128836
a02,464,1,1,0.8022775
a02,465,1,0,0.16031289
a02,466,1,1,0.55815136
a02,467,1,1,0.5055225
a02,468,1,1,0.73465633
a02,469,1,0,0.4344005
a02,470,1,1,0.8192534
a02,471,1,0,0.36926627
a02,472,1,1,0.57605416
a02,473,1,1,0.6159518
a02,474,1,1,0.7316236
a02,475,1,1,0.6500403
a02,476,1,1,0.65634596
a02,477,1,1,0.6596736
a02,478,1,1,0.7143954
a02,479,1,0,0.46250215
a02,480,1,1,0.7323802
a02,481,1,1,0.6953579
a02,482,1,1,0.5615673
a02,483,1,0,0.48919392
a02,484,1,0,0.19675985
a02,485,1,0,0.22248623
a02,486,1,0,0.36084032
a02,487,1,0,0.17385647
a02,488,1,0,0.29242304
a02,489,1,0,0.45584315
a02,490,1,0,0.18545724
a02,491,1,0,0.19451924
a02,492,1,0,0.23290277
a02,493,1,1,0.58633804
a02,494,1,0,0.2029351
a02,495,1,0,0.40644756
a02,496,1,1,0.73750776
a02,497,1,0,0.44304505
a02,498,1,0,0.49652582
a02,499,1,1,0.5082856
a02,500,0,0,0.12426778
a02,501,0,0,0.24629675
a02,502,0,0,0.15270114
a02,503,0,0,0.12465877
a02,504,0,0,0.3440655
a02,505,0,0,0.1670493
a02,506,0,1,0.6700386
a02,507,0,1,0.54717416
a02,508,0,1,0.7495457
a02,509,1,1,0.7084669
a02,510,1,1,0.7746538
a02,511,1,1,0.5133984
a02,512,1,1,0.7511966
a02,513,1,0,0.43036303
a02,514,1,0,0.254484
a02,515,1,1,0.5014306
a02,516,1,0,0.3059841
a02,517,1,1,0.5037779
a02,518,1,1,0.57809716
a02,519,1,0,0.22364871
a02,520,1,0,0.0729654
a02,521,1,0,0.25324392
a02,522,1,0,0.114652485
a02,523,1,0,0.495165
a02,524,1,1,0.7574201
a02,525,1,1,0.5893759
a02,526,1,1,0.7050869
a02,527,1,1,0.61566746
a03,1,0,1,0.7088953
a03,2,0,0,0.46599102
a03,3,0,1,0.6721115
a03,4,0,1,0.8394642
a03,5,0,1,0.51528424
a03,6,0,1,0.5807646
a03,7,0,1,0.65738785
a03,8,0,1,0.5677324
a03,9,0,1,0.6714937
a03,10,0,1,0.5309324
a03,11,0,1,0.8510965
a03,12,0,1,0.80319554
a03,13,1,1,0.82849413
a03,14,1,1,0.8535305
a03,15,1,1,0.76062584
a03,16,1,1,0.7594258
a03,17,1,1,0.90302527
a03,18,1,1,0.796402
a03,19,1,1,0.78670883
a03,20,1,1,0.80214745
a03,21,1,1,0.8793901
a03,22,1,1,0.6784625
a03,23,1,1,0.7824778
a03,24,1,1,0.898895
a03,25,1,1,0.8560669
a03,26,1,1,0.89496547
a03,27,1,1,0.8867743
a03,28,1,1,0.90647066
a03,29,1,1,0.8944634
a03,30,1,1,0.8849729
a03,31,1,1,0.85002583
a03,32,1,1,0.864023
a03,33,1,1,0.86544317
a03,34,1,1,0.8981511
a03,35,1,1,0.9096289
a03,36,1,1,0.8825295
a03,37,1,1,0.89169717
a03,38,1,1,0.8870565
a03,39,1,1,0.871908
a03,40,1,1,0.7836561
a03,41,1,1,0.8474865
a03,42,1,1,0.90208954
a03,43,1,1,0.9170658
a03,44,1,1,0.81395864
a03,45,1,1,0.84546983
a03,46,1,1,0.85039514
a03,47,1,1,0.87890494
a03,48,1,1,0.92731506
a03,49,1,1,0.90508103
a03,50,1,1,0.8811402
a03,51,1,1,0.86134166
a03,52,1,1,0.8384338
a03,53,1,1,0.88659674
a03,54,1,1,0.84419835
a03,55,1,1,0.8164584
a03,56,1,1,0.8587217
a03,57,1,1,0.8696313
a03,58,1,1,0.87992
a03,59,1,1,0.87298065
a03,60,0,1,0.66825324
a03,61,0,0,0.31321663
a03,62,0,1,0.5935139
a03,63,0,1,0.603151
a03,64,0,0,0.276145
a03,65,0,1,0.5263416
a03,66,0,1,0.82046217
a03,67,0,1,0.66349447
a03,68,0,0,0.07519364
a03,69,0,1,0.71877474
a03,70,0,0,0.10998736
a03,71,0,0,0.059049807
a03,72,0,0,0.12669902
a03,73,0,0,0.30490386
a03,74,0,0,0.26617506
a03,75,0,0,0.22291355
a03,76,0,0,0.4650981
a03,77,0,0,0.36951068
a03,78,0,0,0.20277523
a03,79,0,0,0.41482213
a03,80,0,1,0.5587017
a03,81,0,0,0.14269833
a03,82,0,0,0.14220884
a03,83,0,0,0.15552661
a03,84,0,0,0.22990571
a03,85,0,0,0.14313665
a03,86,0,0,0.13445185
a03,87,0,0,0.21633063
a03,88,0,0,0.0962939
a03,89,0,0,0.2902529
a03,90,0,1,0.7550856
a03,91,0,0,0.49205405
a03,92,0,1,0.80165166
a03,93,0,0,0.49134055
a03,94,0,0,0.4549001
a03,95,0,1,0.7799991
a03,96,0,1,0.53155273
a03,97,0,1,0.5867193
a03,98,0,0,0.10775184
a03,99,0,0,0.4758917
a03,100,0,1,0.53460354
a03,101,0,1,0.739785
a03,102,0,1,0.5210527
a03,103,0,1,0.7084713
a03,104,0,1,0.84987473
a03,105,1,1,0.8350814
a03,106,1,1,0.86706954
a03,107,1,1,0.7786875
a03,108,1,1,0.91823846
a03,109,1,1,0.83368874
a03,110,1,1,0.8591389
a03,111,1,1,0.8773353
a03,112,1,1,0.8730926
a03,113,1,1,0.8850736
a03,114,1,1,0.88150483
a03,115,1,1,0.85901904
a03,116,1,1,0.8095439
a03,117,1,1,0.9035988
a03,118,1,1,0.8517307
a03,119,1,1,0.860645
a03,120,1,1,0.89062935
a03,121,1,1,0.85416573
a03,122,1,1,0.8690257
a03,123,1,1,0.8940921
a03,124,1,1,0.92512614
a03,125,1,1,0.886803
a03,126,1,1,0.9012889
a03,127,1,1,0.87464744
a03,128,1,1,0.8964839
a03,129,1,1,0.8460819
a03,130,1,1,0.85185975
a03,131,1,1,0.8874313
a03,132,1,1,0.8514386
a03,133,1,1,0.76392025
a03,134,1,1,0.8491396
a03,135,1,1,0.8133171
a03,136,1,1,0.80993384
a03,137,1,1,0.83882046
a03,138,1,1,0.8247476
a03,139,1,1,0.860917
a03,140,1,1,0.88189256
a03,141,1,1,0.81628937
a03,142,1,1,0.83778006
a03,143,1,1,0.86640716
a03,144,1,1,0.8088973
a03,145,1,1,0.8063685
a03,146,1,1,0.7748884
a03,147,0,0,0.48755047
a03,148,0,0,0.31057596
a03,149,0,0,0.27980793
a03,150,0,1,0.7113988
a03,151,0,0,0.2725506
a03,152,0,0,0.18253662
a03,153,0,1,0.5482861
a03,154,0,0,0.13025731
a03,155,0,0,0.13562593
a03,156,0,0,0.17859182
a03,157,0,1,0.61064494
a03,158,0,0,0.1027326
a03,159,0,0,0.14710118
a03,160,0,0,0.14890784
a03,161,0,0,0.1333584
a03,162,0,0,0.07762933
a03,163,0,0,0.11296193
a03,164,0,0,0.097631186
a03,165,0,0,0.25252742
a03,166,0,0,0.27662534
a03,167,0,0,0.14212316
a03,168,0,0,0.084274046
a03,169,0,0,0.13268039
a03,170,0,0,0.08444581
a03,171,0,0,0.12222248
a03,172,0,0,0.24050462
a03,173,0,0,0.15499134
a03,174,0,0,0.08957014
a03,175,0,0,0.10961815
a03,176,0,0,0.12803872
a03,177,0,0,0.089685746
a03,178,0,0,0.13369006
a03,179,0,0,0.10449956
a03,180,0,0,0.098788805
a03,181,0,0,0.13045216
a03,182,0,0,0.112655625
a03,183,0,0,0.08464409
a03,184,0,1,0.5335152
a03,185,0,0,0.32133943
a03,186,1,1,0.8557838
a03,187,1,1,0.7699118
a03,188,1,1,0.793124
a03,189,1,1,0.8826152
a03,190,1,1,0.8683392
a03,191,1,1,0.8854945
a03,192,1,1,0.84823084
a03,193,1,1,0.8647342
a03,194,1,1,0.8710487
a03,195,1,1,0.84568375
a03,196,1,1,0.85482305
a03,197,1,1,0.8636324
a03,198,1,1,0.791896
a03,199,1,1,0.8544229
a03,200,1,1,0.88434124
a03,201,1,1,0.8559604
a03,202,1,1,0.8834117
a03,203,1,1,0.82564014
a03,204,1,1,0.8150695
a03,205,1,1,0.8991974
a03,206,1,1,0.8382113
a03,207,1,1,0.8939428
a03,208,1,1,0.8455468
a03,209,1,1,0.84880257
a03,210,1,1,0.9117155
a03,211,1,1,0.85917497
a03,212,1,1,0.9226176
a03,213,1,1,0.8743217
a03,214,1,1,0.8827772
a03,215,1,1,0.8327962
a03,216,1,1,0.86800325
a03,217,1,1,0.86282295
a03,218,1,1,0.8107979
a03,219,1,1,0.8643696
a03,220,1,1,0.8603757
a03,221,1,1,0.87497497
a03,222,1,1,0.8772595
a03,223,1,1,0.8794685
a03,224,1,1,0.83528966
a03,225,1,1,0.86210656
a03,226,1,1,0.61772674
a03,227,1,1,0.73788255
a03,228,1,1,0.8338508
a03,229,0,1,0.70834565
a03,230,0,0,0.066090554
a03,231,0,0,0.05916982
a03,232,0,0,0.06418849
a03,233,0,0,0.26593176
a03,234,0,1,0.58125407
a03,235,0,1,0.59283674
a03,236,0,1,0.7993144
a03,237,0,1,0.79679716
a03,238,0,1,0.6480068
a03,239,0,1,0.7785035
a03,240,1,1,0.85708886
a03,241,1,1,0.77369976
a03,242,1,1,0.739761
a03,243,1,1,0.85693824
a03,244,1,1,0.73840725
a03,245,1,1,0.8595563
a03,246,1,1,0.8259775
a03,247,1,1,0.8927628
a03,248,1,1,0.88134384
a03,249,1,1,0.83830875
a03,250,1,1,0.8779659
a03,251,1,1,0.86035913
a03,252,1,1,0.87156653
a03,253,1,1,0.85898036
a03,254,1,1,0.8778412
a03,255,1,1,0.8646039
a03,256,1,1,0.8689546
a03,257,1,1,0.90239424
a03,258,0,1,0.8680068
a03,259,0,1,0.6259812
a03,260,0,0,0.43792465
a03,261,0,0,0.3866255
a03,262,0,0,0.4334345
a03,263,0,1,0.55359715
a03,264,0,1,0.70770323
a03,265,0,0,0.1676443
a03,266,0,1,0.7964982
a03,267,0,0,0.22162211
a03,268,0,0,0.38946244
a03,269,0,1,0.5271857
a03,270,0,1,0.8209869
a03,271,0,1,0.67267215
a03,272,0,1,0.7354751
a03,273,0,0,0.2351778
a03,274,0,0,0.20426735
a03,275,0,0,0.12058888
a03,276,0,0,0.10219753
a03,277,0,0,0.4750781
a03,278,0,0,0.11340037
a03,279,0,1,0.80984646
a03,280,0,1,0.61907214
a03,281,0,1,0.55204546
a03,282,0,0,0.2605075
a03,283,0,1,0.8875042
a03,284,0,0,0.25796923
a03,285,0,1,0.73062474
a03,286,0,0,0.30578414
a03,287,0,0,0.3996784
a03,288,0,1,0.66501486
a03,289,0,1,0.77823144
a03,290,1,1,0.82413745
a03,291,1,1,0.804859
a03,292,1,1,0.81590116
a03,293,1,1,0.8594094
a03,294,1,1,0.90021765
a03,295,1,1,0.9098692
a03,296,1,1,0.8788334
a03,297,1,1,0.77235866
a03,298,1,1,0.8910354
a03,299,1,1,0.9039873
a03,300,1,1,0.8256861
a03,301,1,1,0.88457453
a03,302,1,1,0.734721
a03,303,0,1,0.79600585
a03,304,0,0,0.30455953
a03,305,0,0,0.25487036
a03,306,0,0,0.049761623
a03,307,0,0,0.07300048
a03,308,0,0,0.090201646
a03,309,0,1,0.5134192
a03,310,0,1,0.63845277
a03,311,0,0,0.071880005
a03,312,0,0,0.055229586
a03,313,0,0,0.06868502
a03,314,0,0,0.37596953
a03,315,0,0,0.44683817
a03,316,0,0,0.06927447
a03,317,0,0,0.43257275
a03,318,0,0,0.45149806
a03,319,0,1,0.6268796
a03,320,0,0,0.404117
a03,321,0,1,0.5537866
a03,322,0,1,0.659333
a03,323,0,1,0.5831481
a03,324,0,0,0.45576212
a03,325,0,1,0.57101715
a03,326,0,0,0.1527777
a03,327,0,0,0.1868448
a03,328,0,0,0.11832516
a03,329,0,0,0.13946025
a03,330,0,0,0.09970076
a03,331,0,1,0.54377407
a03,332,0,0,0.23973885
a03,333,0,0,0.07234755
a03,334,0,0,0.07900138
a03,335,0,0,0.086554796
a03,336,0,0,0.1459686
a03,337,0,0,0.12940446
a03,338,0,0,0.14611727
a03,339,0,0,0.07036693
a03,340,0,0,0.28407994
a03,341,0,1,0.53891194
a03,342,0,0,0.15618496
a03,343,0,0,0.122107334
a03,344,0,0,0.073881015
a03,345,0,0,0.077968985
a03,346,0,0,0.44357643
a03,347,1,1,0.7446369
a03,348,1,1,0.8098411
a03,349,1,1,0.8822917
a03,350,1,1,0.843592
a03,351,1,1,0.89759356
a03,352,1,1,0.70583916
a03,353,0,0,0.34541586
a03,354,0,0,0.47813714
a03,355,0,0,0.11749389
a03,356,0,1,0.8092081
a03,357,0,0,0.31649384
a03,358,0,1,0.8729346
a03,359,0,0,0.2661577
a03,360,0,0,0.19939399
a03,361,0,1,0.7059533
a03,362,0,0,0.2845032
a03,363,0,1,0.91767234
a03,364,0,1,0.86281693
a03,365,0,0,0.24533546
a03,366,0,1,0.78463453
a03,367,0,1,0.74393654
a03,368,0,1,0.80121994
a03,369,0,0,0.34131277
a03,370,0,1,0.6948632
a03,371,0,0,0.48946437
a03,372,0,0,0.34991086
a03,373,0,1,0.6357882
a03,374,0,1,0.8122924
a03,375,0,1,0.86849993
a03,376,0,1,0.7959173
a03,377,0,0,0.3847513
a03,378,0,1,0.87715936
a03,379,0,1,0.86366874
a03,380,0,1,0.6599296
a03,381,0,1,0.50323343
a03,382,0,0,0.13335201
a03,383,0,0,0.1571979
a03,384,0,1,0.8600851
a03,385,1,1,0.8364778
a03,386,1,1,0.83461297
a03,387,1,1,0.8687675
a03,388,1,1,0.8295924
a03,389,1,1,0.8837217
a03,390,1,1,0.84477687
a03,391,1,1,0.8713152
a03,392,1,1,0.84287626
a03,393,1,1,0.8669986
a03,394,1,1,0.87645835
a03,395,1,1,0.8736494
a03,396,1,1,0.8995296
a03,397,1,1,0.8082626
a03,398,1,1,0.87202424
a03,399,1,1,0.87774444
a03,400,1,1,0.86778325
a03,401,1,1,0.8964523
a03,402,1,1,0.8654545
a03,403,1,1,0.6905308
a03,404,1,1,0.7454737
a03,405,1,1,0.60578424
a03,406,0,0,0.24165526
a03,407,0,0,0.38428134
a03,408,0,0,0.10337119
a03,409,0,0,0.12829351
a03,410,0,1,0.8026932
a03,411,1,1,0.813343
a03,412,1,1,0.8157708
a03,413,1,1,0.7209731
a03,414,1,1,0.8499088
a03,415,1,1,0.6447676
a03,416,1,1,0.56654876
a03,417,0,0,0.22432764
a03,418,0,0,0.23467432
a03,419,0,0,0.08949927
a03,420,0,0,0.17069702
a03,421,0,1,0.7211306
a03,422,0,1,0.79709804
a03,423,0,1,0.6582112
a03,424,0,0,0.24231175
a03,425,0,1,0.69699895
a03,426,0,1,0.7516932
a03,427,1,1,0.7595366
a03,428,1,1,0.8460939
a03,429,1,1,0.838786
a03,430,1,1,0.80413973
a03,431,1,1,0.8589846
a03,432,1,1,0.8844823
a03,433,1,1,0.9132697
a03,434,1,1,0.8528422
a03,435,1,1,0.9117077
a03,436,1,1,0.8939486
a03,437,1,1,0.84484303
a03,438,1,1,0.8888501
a03,439,1,1,0.7941475
a03,440,1,1,0.7770262
a03,441,1,1,0.7687967
a03,442,1,1,0.8303992
a03,443,0,1,0.9097409
a03,444,0,0,0.4782682
a03,445,0,1,0.50985605
a03,446,0,0,0.108573325
a03,447,0,0,0.07272801
a03,448,0,0,0.24940169
a03,449,0,0,0.12691116
a03,450,0,1,0.6130603
a03,451,0,0,0.18177487
a03,452,0,0,0.08142564
a03,453,0,0,0.14725208
a03,454,0,1,0.7531842
a03,455,0,1,0.68969697
a03,456,0,0,0.10981576
a03,457,0,0,0.44921368
a03,458,0,0,0.10542157
a03,459,0,1,0.6765064
a03,460,0,0,0.23885302
a03,461,0,0,0.22881907
a03,462,0,0,0.43992233
a03,463,0,0,0.46265036
a03,464,0,0,0.16908963
a03,465,0,0,0.13381402
a03,466,0,1,0.72870827
a03,467,0,0,0.21566483
a03,468,0,1,0.7340408
a03,469,0,1,0.83588403
a03,470,1,1,0.75053686
a03,471,1,1,0.8911003
a03,472,1,1,0.86542743
a03,473,1,1,0.8812446
a03,474,1,1,0.90077716
a03,475,1,1,0.8252904
a03,476,1,1,0.91560906
a03,477,1,1,0.83639276
a03,478,1,1,0.7146989
a03,479,1,1,0.89728105
a03,480,1,1,0.8968493
a03,481,1,1,0.8661135
a03,482,1,1,0.8911605
a03,483,1,1,0.9305045
a03,484,1,1,0.84750897
a03,485,1,1,0.8656199
a03,486,1,1,0.8046996
a03,487,1,1,0.8562952
a03,488,1,1,0.89662
a03,489,1,1,0.7721932
a03,490,1,1,0.84970576
a03,491,1,1,0.87334657
a03,492,0,0,0.44922373
a03,493,0,0,0.13861288
a03,494,0,0,0.294136
a03,495,0,0,0.14381862
a03,496,0,1,0.54271555
a03,497,0,1,0.8025525
a03,498,0,0,0.13995558
a03,499,0,0,0.47855097
a03,500,0,1,0.7952465
a03,501,0,1,0.77525085
a03,502,0,0,0.38229942
a03,503,0,1,0.8759752
a03,504,0,1,0.6472968
a03,505,0,0,0.21278726
a03,506,0,1,0.827984
a03,507,1,1,0.8669195
a03,508,1,1,0.6894483
a03,509,1,1,0.73646325
a03,510,1,1,0.84264
a03,511,1,1,0.8658105
a03,512,1,1,0.6204113
a03,513,1,1,0.90891564
a03,514,1,1,0.8769441
a03,515,1,1,0.8513898
a03,516,1,1,0.8720843
a03,517,1,1,0.8972939
a03,518,1,1,0.81037563
a04,1,0,0,0.079760365
a04,2,0,0,0.39442396
a04,3,0,0,0.36233756
a04,4,0,0,0.20597225
a04,5,0,0,0.18487938
a04,6,0,0,0.40762863
a04,7,0,0,0.16826503
a04,8,0,0,0.18023415
a04,9,0,0,0.47876066
a04,10,0,0,0.16972576
a04,11,0,1,0.61725086
a04,12,0,0,0.27262926
a04,13,0,0,0.33631834
a04,14,0,0,0.39443278
a04,15,0,0,0.30219918
a04,16,0,0,0.29809484
a04,17,0,0,0.2560803
a04,18,0,0,0.094774775
a04,19,0,0,0.28683615
a04,20,0,0,0.0950468
a04,21,0,0,0.06387439
a04,22,0,0,0.14594103
a04,23,0,0,0.08960476
a04,24,0,0,0.12917954
a04,25,0,0,0.28485024
a04,26,0,0,0.14332494
a04,27,0,0,0.35271725
a04,28,0,0,0.4956017
a04,29,0,0,0.15641575
a04,30,0,0,0.1315913
a04,31,0,0,0.25679716
a04,32,0,0,0.09269002
a04,33,0,0,0.14746688
a04,34,0,0,0.22547816
a04,35,1,1,0.5255178
a04,36,1,0,0.36142364
a04,37,1,1,0.7135106
a04,38,1,1,0.57940817
a04,39,1,1,0.70051616
a04,40,1,1,0.6421071
a04,41,1,1,0.709372
a04,42,1,1,0.73359454
a04,43,1,1,0.61966
a04,44,1,1,0.61489683
a04,45,1,1,0.7393115
a04,46,1,1,0.73811054
a04,47,1,1,0.7625524
a04,48,1,1,0.74867564
a04,49,1,1,0.5009333
a04,50,1,1,0.82860893
a04,51,1,1,0.6935031
a04,52,1,1,0.59989035
a04,53,1,1,0.58563626
a04,54,1,0,0.4800272
a04,55,1,0,0.4177788
a04,56,1,1,0.66792524
a04,57,1,1,0.62684494
a04,58,1,1,0.6470822
a04,59,1,1,0.6047758
a04,60,1,1,0.6177753
a04,61,1,1,0.69666344
a04,62,1,1,0.6728381
a04,63,1,1,0.615401
a04,64,1,1,0.6221961
a04,65,1,1,0.7818876
a04,66,1,1,0.58722585
a04,67,1,1,0.7571082
a04,68,1,1,0.76132494
a04,69,1,1,0.6517539
a04,70,1,1,0.74371696
a04,71,1,1,0.73961
a04,72,1,1,0.749715
a04,73,1,1,0.67494524
a04,74,1,1,0.75309765
a04,75,1,1,0.7930399
a04,76,1,1,0.7186868
a04,77,1,1,0.7581793
a04,78,1,1,0.67228216
a04,79,1,1,0.6816503
a04,80,1,1,0.77768916
a04,81,1,1,0.6877285
a04,82,1,1,0.69088405
a04,83,1,1,0.72586733
a04,84,1,1,0.69453084
a04,85,1,1,0.642127
a04,86,1,1,0.61509717
a04,87,1,1,0.7475114
a04,88,1,1,0.74420834
a04,89,1,1,0.84585536
a04,90,1,1,0.75829405
a04,91,1,1,0.6933026
a04,92,1,1,0.76564026
a04,93,1,1,0.636047
a04,94,1,1,0.7591895
a04,95,1,1,0.7018956
a04,96,1,1,0.8249446
a04,97,1,1,0.71672523
a04,98,1,1,0.7866701
a04,99,1,1,0.69876015
a04,100,1,1,0.70178115
a04,101,1,1,0.7216616
a04,102,1,1,0.7436492
a04,103,1,1,0.7938789
a04,104,1,1,0.8106323
a04,105,1,1,0.77405983
a04,106,1,1,0.7420274
a04,107,1,1,0.7475373
a04,108,1,1,0.795986
a04,109,1,1,0.5994827
a04,110,1,1,0.8439651
a04,111,1,1,0.64384544
a04,112,1,1,0.61500376
a04,113,1,1,0.711351
a04,114,1,1,0.8028493
a04,115,1,1,0.7286573
a04,116,1,1,0.8135236
a04,117,1,1,0.7906148
a04,118,1,1,0.85824734
a04,119,1,1,0.6149314
a04,120,1,1,0.70092124
a04,121,1,1,0.8472857
a04,122,1,1,0.79034203
a04,123,1,1,0.70322895
a04,124,1,1,0.6846164
a04,125,1,1,0.7782687
a04,126,1,1,0.6534788
a04,127,1,1,0.74562114
a04,128,1,1,0.7082675
a04,129,1,1,0.80837846
a04,130,1,1,0.83360857
a04,131,1,1,0.7374122
a04,132,1,1,0.6524245
a04,133,1,1,0.70274293
a04,134,1,1,0.7997636
a04,135,1,1,0.6247028
a04,136,1,1,0.80078536
a04,137,1,1,0.6485889
a04,138,1,1,0.75613797
a04,139,1,1,0.67488205
a04,140,1,1,0.7529022
a04,141,1,1,0.71669155
a04,142,1,1,0.7427176
a04,143,1,1,0.6640705
a04,144,1,1,0.674942
a04,145,1,1,0.8327078
a04,146,1,1,0.75150645
a04,147,1,1,0.71450895
a04,148,1,1,0.7403007
a04,149,1,1,0.77570796
a04,150,1,1,0.8725532
a04,151,1,1,0.8569418
a04,152,1,1,0.7386191
a04,153,1,1,0.8380196
a04,154,1,1,0.82371736
a04,155,1,1,0.87417775
a04,156,1,1,0.7637486
a04,157,1,1,0.82369673
a04,158,1,1,0.72506326
a04,159,1,1,0.7900648
a04,160,1,1,0.7515794
a04,161,1,1,0.68691695
a04,162,1,1,0.7141969
a04,163,1,1,0.6514975
a04,164,1,1,0.66421896
a04,165,1,1,0.6743859
a04,166,1,1,0.6528867
a04,167,1,1,0.6838548
a04,168,1,1,0.6153899
a04,169,1,1,0.79724365
a04,170,1,1,0.74584824
a04,171,1,1,0.69236594
a04,172,1,1,0.7694359
a04,173,1,1,0.7029246
a04,174,1,1,0.6893406
a04,175,0,1,0.712493
a04,176,0,1,0.57840466
a04,177,1,1,0.6101937
a04,178,1,0,0.49568284
a04,179,1,1,0.58035684
a04,180,1,0,0.26800168
a04,181,1,0,0.23289795
a04,182,1,1,0.620707
a04,183,1,0,0.22885564
a04,184,1,1,0.55605054
a04,185,1,1,0.62798643
a04,186,1,1,0.64491445
a04,187,1,0,0.3295376
a04,188,1,1,0.7145928
a04,189,1,0,0.42725402
a04,190,1,1,0.5890256
a04,191,1,0,0.4749776
a04,192,1,1,0.5965304
a04,193,1,1,0.59298587
a04,194,1,0,0.38779646
a04,195,1,1,0.6998587
a04,196,1,1,0.6475629
a04,197,1,1,0.66771203
a04,198,1,1,0.7627301
a04,199,1,1,0.6078491
a04,200,1,1,0.61213917
a04,201,1,1,0.58685255
a04,202,1,1,0.5374049
a04,203,1,1,0.6655894
a04,204,1,1,0.86515814
a04,205,1,1,0.6359539
a04,206,1,1,0.6266209
a04,207,1,1,0.63079286
a04,208,1,1,0.77544945
a04,209,1,1,0.68942475
a04,210,1,1,0.7946249
a04,211,1,1,0.6247567
a04,212,1,1,0.8086472
a04,213,1,0,0.49751332
a04,214,1,1,0.61917895
a04,215,1,1,0.7956837
a04,216,1,1,0.58190054
a04,217,1,1,0.67813087
a04,218,1,1,0.71715623
a04,219,1,1,0.61670786
a04,220,1,1,0.8306057
a04,221,1,1,0.58719736
a04,222,1,1,0.66853327
a04,223,1,1,0.7965333
a04,224,1,1,0.83498836
a04,225,1,1,0.7753689
a04,226,1,1,0.81829363
a04,227,1,1,0.7882793
a04,228,1,1,0.8278509
a04,229,1,1,0.64427274
a04,230,1,1,0.6741009
a04,231,1,1,0.7583614
a04,232,1,1,0.6067232
a04,233,1,1,0.74620223
a04,234,1,1,0.77122015
a04,235,1,1,0.6537712
a04,236,1,1,0.7780998
a04,237,1,1,0.69030404
a04,238,1,1,0.8078746
a04,239,1,1,0.7738224
a04,240,1,1,0.5048241
a04,241,1,1,0.68876445
a04,242,1,1,0.77197444
a04,243,1,1,0.74158543
a04,244,1,1,0.7782086
a04,245,1,1,0.70325
a04,246,1,1,0.70687294
a04,247,1,1,0.6652668
a04,248,1,1,0.74217045
a04,249,1,1,0.7286727
a04,250,1,1,0.64594334
a04,251,1,1,0.6266109
a04,252,1,1,0.59414804
a04,253,1,1,0.6907872
a04,254,1,1,0.6953594
a04,255,1,1,0.7442705
a04,256,1,1,0.535262
a04,257,1,1,0.86071646
a04,258,1,1,0.7685716
a04,259,1,1,0.76335865
a04,260,1,1,0.8807588
a04,261,1,1,0.89525497
a04,262,1,1,0.84955406
a04,263,1,1,0.78606004
a04,264,1,1,0.8392912
a04,265,1,1,0.8650058
a04,266,1,1,0.88265693
a04,267,1,1,0.8647822
a04,268,1,1,0.8699199
a04,269,1,1,0.87715197
a04,270,1,1,0.76924145
a04,271,1,1,0.87098175
a04,272,1,1,0.84365565
a04,273,1,1,0.88045645
a04,274,1,1,0.8232199
a04,275,1,1,0.86267084
a04,276,1,1,0.64903784
a04,277,1,1,0.59406716
a04,278,1,1,0.7511521
a04,279,1,1,0.69886976
a04,280,1,1,0.7142612
a04,281,1,1,0.64412403
a04,282,1,1,0.7377126
a04,283,1,1,0.72257507
a04,284,1,1,0.65108997
a04,285,1,1,0.6511839
a04,286,1,1,0.6955976
a04,287,1,1,0.6711143
a04,288,1,1,0.66685474
a04,289,1,1,0.80508184
a04,290,1,1,0.8423488
a04,291,1,1,0.6376681
a04,292,1,1,0.6789097
a04,293,1,1,0.80968016
a04,294,1,1,0.7073584
a04,295,1,1,0.78192365
a04,296,1,1,0.81248486
a04,297,1,1,0.76692533
a04,298,1,1,0.72249764
a04,299,1,1,0.7674284
a04,300,1,1,0.66562724
a04,301,1,1,0.82065034
a04,302,1,1,0.74873877
a04,303,1,1,0.7355253
a04,304,1,1,0.68127686
a04,305,1,1,0.6735357
a04,306,1,1,0.6768715
a04,307,1,1,0.8381926
a04,308,1,1,0.80690503
a04,309,1,1,0.82698023
a04,310,1,1,0.7448801
a04,311,1,1,0.789778
a04,312,1,1,0.5539973
a04,313,1,1,0.7767969
a04,314,1,1,0.80614936
a04,315,1,1,0.88695633
a04,316,1,1,0.71969926
a04,317,1,1,0.664322
a04,318,1,1,0.8262988
a04,319,1,1,0.70571226
a04,320,1,0,0.46318385
a04,321,1,1,0.6152345
a04,322,1,1,0.50931007
a04,323,1,0,0.27837402
a04,324,1,0,0.4368969
a04,325,1,1,0.62676495
a04,326,1,1,0.8442294
a04,327,1,0,0.3614204
a04,328,1,1,0.88731766
a04,329,1,0,0.261743
a04,330,1,1,0.69587374
a04,331,1,1,0.6826761
a04,332,1,1,0.86121786
a04,333,1,1,0.5291662
a04,334,1,0,0.38671523
a04,335,1,0,0.20776664
a04,336,1,1,0.6531178
a04,337,1,1,0.7044628
a04,338,1,1,0.7472095
a04,339,1,1,0.5979282
a04,340,1,1,0.5016775
a04,341,1,1,0.50216293
a04,342,1,1,0.7772152
a04,343,1,1,0.6544059
a04,344,1,0,0.38355502
a04,345,1,0,0.3336421
a04,346,1,1,0.8715136
a04,347,1,1,0.60593504
a04,348,1,0,0.45739886
a04,349,1,1,0.7054653
a04,350,1,1,0.6433537
a04,351,1,1,0.873998
a04,352,1,1,0.6477874
a04,353,1,1,0.6885194
a04,354,1,1,0.60690904
a04,355,1,1,0.60389674
a04,356,1,1,0.7314767
a04,357,1,1,0.67444146
a04,358,1,1,0.6677374
a04,359,1,0,0.49214634
a04,360,1,1,0.72370034
a04,361,1,1,0.7249938
a04,362,1,1,0.60006356
a04,363,1,0,0.4933441
a04,364,1,0,0.4155832
a04,365,1,1,0.61803645
a04,366,1,1,0.68024904
a04,367,1,0,0.48144835
a04,368,1,0,0.35422596
a04,369,1,0,0.38048378
a04,370,1,1,0.6561029
a04,371,1,1,0.61639106
a04,372,1,1,0.66449714
a04,373,1,1,0.61952657
a04,374,1,1,0.6307483
a04,375,1,1,0.59994304
a04,376,1,1,0.6487143
a04,377,1,0,0.4580902
a04,378,1,0,0.22737466
a04,379,1,1,0.5150498
a04,380,1,1,0.63796026
a04,381,1,1,0.78959584
a04,382,1,1,0.7290681
a04,383,1,1,0.73862284
a04,384,1,1,0.79288745
a04,385,1,1,0.62107134
a04,386,1,1,0.5357902
a04,387,1,1,0.52226496
a04,388,1,1,0.81280345
a04,389,1,1,0.8080591
a04,390,1,1,0.77720135
a04,391,1,1,0.78202873
a04,392,1,1,0.8446657
a04,393,1,1,0.7629384
a04,394,1,1,0.87513596
a04,395,1,1,0.831275
a04,396,1,1,0.7309318
a04,397,1,1,0.80341524
a04,398,1,1,0.6115471
a04,399,1,1,0.8019384
a04,400,1,1,0.86033326
a04,401,1,1,0.87042004
a04,402,1,1,0.67617023
a04,403,1,1,0.72253287
a04,404,1,1,0.71472895
a04,405,1,1,0.83166885
a04,406,1,1,0.8327153
a04,407,1,1,0.636068
a04,408,1,1,0.6919922
a04,409,1,0,0.46457022
a04,410,1,1,0.59591776
a04,411,1,1,0.60741144
a04,412,1,1,0.7074519
a04,413,1,1,0.7455885
a04,414,1,1,0.6386798
a04,415,1,1,0.6222141
a04,416,1,1,0.6407097
a04,417,1,1,0.6138244
a04,418,1,1,0.6388506
a04,419,1,1,0.5631079
a04,420,1,1,0.5378796
a04,421,1,1,0.66004175
a04,422,1,0,0.1446738
a04,423,1,1,0.6722855
a04,424,1,1,0.54304224
a04,425,1,1,0.58440405
a04,426,1,1,0.78535736
a04,427,1,0,0.48323664
a04,428,1,0,0.37353688
a04,429,1,1,0.77794415
a04,430,1,1,0.5914699
a04,431,1,1,0.8107374
a04,432,1,1,0.8365769
a04,433,1,1,0.8125185
a04,434,1,1,0.64318454
a04,435,1,1,0.7367339
a04,436,1,1,0.651946
a04,437,1,0,0.41116074
a04,438,1,1,0.78794926
a04,439,1,0,0.22975363
a04,440,1,1,0.804851
a04,441,1,1,0.6781021
a04,442,1,1,0.7796986
a04,443,1,0,0.36049172
a04,444,1,1,0.65561
a04,445,1,1,0.7227107
a04,446,1,1,0.6546544
a04,447,1,1,0.68022126
a04,448,1,1,0.73527485
a04,449,1,1,0.7977545
a04,450,1,1,0.7383328
a04,451,1,1,0.81734765
a04,452,1,1,0.81489235
a04,453,1,1,0.66418254
a04,454,1,1,0.8786266
a04,455,1,0,0.3749419
a04,456,1,1,0.91412413
a04,457,1,1,0.63901836
a04,458,1,1,0.5453295
a04,459,1,1,0.8741546
a04,460,1,1,0.64547694
a04,461,1,1,0.8129315
a04,462,0,1,0.8638683
a04,463,0,1,0.50931364
a04,464,1,0,0.4772765
a04,465,1,0,0.15145771
a04,466,1,1,0.8316292
a04,467,1,0,0.17300563
a04,468,1,1,0.6748975
a04,469,1,1,0.7598792
a04,470,1,0,0.2664042
a04,471,1,1,0.5373033
a04,472,1,1,0.72544533
a04,473,1,0,0.2319734
a04,474,1,0,0.3650456
a04,475,1,1,0.6385469
a04,476,1,0,0.48449588
a04,477,1,1,0.6945511
a04,478,1,1,0.85293263
a04,479,1,0,0.14311485
a04,480,1,1,0.6819663
a04,481,1,0,0.45249757
a04,482,1,1,0.73877656
a04,483,1,1,0.66326845
a04,484,1,1,0.78870434
a04,485,1,1,0.5947125
a04,486,1,1,0.7455487
a04,487,1,1,0.7453047
a04,488,1,0,0.47997403
a04,489,1,1,0.79345804
a04,490,1,1,0.677328
a04,491,1,1,0.8885405
a05,1,0,0,0.2884396
a05,2,0,0,0.28585705
a05,3,0,1,0.51917875
a05,4,0,1,0.59940773
a05,5,0,1,0.7255213
a05,6,0,1,0.8082047
a05,7,0,1,0.5137694
a05,8,0,1,0.5179797
a05,9,0,0,0.3430925
a05,10,0,0,0.22323914
a05,11,0,1,0.7753655
a05,12,0,0,0.2690949
a05,13,0,1,0.589695
a05,14,1,0,0.34481958
a05,15,1,0,0.323499
a05,16,1,1,0.55873424
a05,17,1,0,0.45175555
a05,18,1,1,0.66688716
a05,19,1,1,0.78051424
a05,20,1,1,0.7843385
a05,21,1,0,0.23660143
a05,22,1,0,0.38308883
a05,23,1,1,0.67550886
a05,24,1,1,0.6586158
a05,25,1,1,0.63950187
a05,26,1,1,0.5074116
a05,27,1,1,0.6908778
a05,28,1,1,0.550599
a05,29,1,1,0.61905205
a05,30,1,1,0.68679
a05,31,1,1,0.7937582
a05,32,1,1,0.7598477
a05,33,0,1,0.5681528
a05,34,0,1,0.50020236
a05,35,0,1,0.6880692
a05,36,0,1,0.7173799
a05,37,0,1,0.78387904
a05,38,0,0,0.21824522
a05,39,0,1,0.53129
a05,40,0,1,0.82654566
a05,41,0,1,0.67893076
a05,42,0,0,0.46215913
a05,43,0,1,0.673664
a05,44,0,0,0.4024956
a05,45,0,0,0.4330471
a05,46,0,0,0.3382158
a05,47,0,0,0.24527073
a05,48,0,1,0.65982723
a05,49,0,1,0.9005147
a05,50,0,1,0.7605698
a05,51,0,0,0.47480384
a05,52,0,1,0.53245324
a05,53,0,0,0.41908008
a05,54,0,0,0.45195693
a05,55,0,1,0.74167305
a05,56,0,1,0.61501557
a05,57,0,1,0.531761
a05,58,0,1,0.62604254
a05,59,0,1,0.601106
a05,60,0,1,0.6085096
a05,61,0,1,0.74720174
a05,62,0,1,0.57527196
a05,63,0,1,0.5151341
a05,64,0,0,0.35759145
a05,65,0,1,0.67274195
a05,66,0,1,0.65339255
a05,67,1,0,0.34772363
a05,68,1,0,0.39536408
a05,69,1,1,0.6937321
a05,70,0,1,0.73041
a05,71,0,1,0.61685044
a05,72,0,1,0.7016267
a05,73,0,1,0.57572496
a05,74,0,1,0.7811354
a05,75,0,0,0.44556302
a05,76,0,0,0.33037782
a05,77,0,1,0.599018
a05,78,0,0,0.3786665
a05,79,0,0,0.46872112
a05,80,0,1,0.56728166
a05,81,0,1,0.84872466
a05,82,0,1,0.639933
a05,83,0,1,0.82077664
a05,84,0,0,0.2682236
a05,85,0,1,0.73915714
a05,86,0,1,0.8016992
a05,87,0,1,0.6378009
a05,88,0,1,0.757045
a05,89,0,1,0.5562975
a05,90,0,0,0.46254036
a05,91,0,1,0.5068745
a05,92,0,0,0.31096834
a05,93,1,0,0.28004423
a05,94,1,0,0.37938887
a05,95,1,0,0.45765343
a05,96,1,0,0.33117753
a05,97,1,0,0.45923254
a05,98,1,1,0.54325825
a05,99,1,0,0.49201593
a05,100,1,1,0.5390238
a05,101,1,1,0.5960303
a05,102,1,1,0.70701766
a05,103,1,1,0.624546
a05,104,1,1,0.6938806
a05,105,1,1,0.58710766
a05,106,1,1,0.51706284
a05,107,1,1,0.8870413
a05,108,1,1,0.7204428
a05,109,1,1,0.64508235
a05,110,1,1,0.8114584
a05,111,1,1,0.6084094
a05,112,1,1,0.5309863
a05,113,1,1,0.77177835
a05,114,1,1,0.6878761
a05,115,1,1,0.72007436
a05,116,1,1,0.8342718
a05,117,1,0,0.2193846
a05,118,1,0,0.43648383
a05,119,1,1,0.70544124
a05,120,1,1,0.75425637
a05,121,1,1,0.789258
a05,122,1,1,0.6840719
a05,123,1,1,0.50611854
a05,124,1,1,0.6544066
a05,125,1,1,0.6760221
a05,126,1,0,0.49616346
a05,127,1,1,0.7595859
a05,128,1,1,0.58704823
a05,129,1,1,0.89554286
a05,130,1,1,0.6566643
a05,131,1,1,0.57476217
a05,132,1,0,0.45126885
a05,133,1,1,0.7782746
a05,134,1,1,0.6951952
a05,135,1,1,0.6886153
a05,136,1,0,0.47391403
a05,137,1,1,0.5455212
a05,138,1,1,0.6645397
a05,139,1,1,0.73475766
a05,140,1,1,0.65264827
a05,141,1,1,0.6695432
a05,142,1,1,0.66263896
a05,143,1,0,0.39286095
a05,144,1,1,0.72024363
a05,145,1,1,0.7241686
a05,146,1,1,0.78044
a05,147,1,1,0.66819096
a05,148,1,1,0.6728947
a05,149,1,1,0.888868
a05,150,0,1,0.86989194
a05,151,0,0,0.3018091
a05,152,0,1,0.70565325
a05,153,0,1,0.6661818
a05,154,0,0,0.28111517
a05,155,0,1,0.6362249
a05,156,0,0,0.4101639
a05,157,0,0,0.2617409
a05,158,0,0,0.27575484
a05,159,1,0,0.4331635
a05,160,1,0,0.1996893
a05,161,1,0,0.21067601
a05,162,1,0,0.372385
a05,163,1,0,0.24644206
a05,164,1,1,0.64301807
a05,165,1,0,0.13396889
a05,166,1,0,0.34376544
a05,167,1,1,0.6608958
a05,168,1,1,0.6805844
a05,169,1,0,0.37406233
a05,170,1,0,0.36751083
a05,171,1,1,0.53616303
a05,172,1,1,0.64573103
a05,173,1,1,0.72158515
a05,174,1,1,0.5476828
a05,175,1,1,0.5604227
a05,176,1,1,0.72858775
a05,177,1,1,0.7659219
a05,178,1,1,0.75472844
a05,179,1,1,0.7171293
a05,180,1,1,0.6807579
a05,181,1,1,0.73615265
a05,182,1,1,0.6762446
a05,183,1,1,0.6563626
a05,184,1,1,0.5147603
a05,185,1,1,0.66658616
a05,186,1,1,0.75732535
a05,187,1,1,0.60835195
a05,188,1,1,0.51246506
a05,189,1,1,0.59640294
a05,190,1,1,0.7904232
a05,191,1,1,0.60072005
a05,192,1,1,0.7530372
a05,193,1,1,0.72683454
a05,194,1,1,0.71659064
a05,195,1,1,0.6562293
a05,196,1,1,0.78081775
a05,197,1,1,0.6915053
a05,198,1,0,0.29017794
a05,199,1,1,0.5444888
a05,200,1,1,0.7417193
a05,201,1,1,0.5716118
a05,202,1,1,0.65101135
a05,203,1,1,0.55237633
a05,204,1,1,0.6539585
a05,205,1,1,0.6950688
a05,206,1,1,0.67421377
a05,207,1,0,0.4452618
a05,208,1,1,0.5690724
a05,209,1,1,0.68380374
a05,210,1,1,0.64561105
a05,211,1,1,0.71489257
a05,212,1,0,0.22526146
a05,213,1,1,0.7434679
a05,214,1,1,0.78336114
a05,215,0,1,0.56301916
a05,216,0,1,0.7402772
a05,217,0,1,0.8817107
a05,218,0,1,0.73691493
a05,219,0,0,0.27586663
a05,220,0,1,0.70610666
a05,221,0,0,0.11039665
a05,222,0,1,0.6377441
a05,223,0,1,0.8866217
a05,224,0,1,0.6530807
a05,225,0,0,0.39122897
a05,226,0,0,0.31010097
a05,227,0,0,0.43213758
a05,228,0,1,0.7019509
a05,229,0,1,0.8281911
a05,230,0,0,0.32877123
a05,231,0,1,0.5541173
a05,232,0,0,0.26162243
a05,233,0,0,0.35385087
a05,234,0,1,0.78127897
a05,235,0,1,0.56379336
a05,236,0,1,0.88373977
a05,237,0,1,0.8992514
a05,238,1,1,0.65209824
a05,239,0,1,0.6394495
a05,240,0,1,0.92344487
a05,241,0,0,0.23124613
a05,242,0,1,0.5524181
a05,243,0,1,0.75581366
a05,244,0,0,0.18240812
a05,245,0,0,0.4391988
a05,246,0,1,0.54103863
a05,247,0,1,0.71363777
a05,248,0,0,0.34634268
a05,249,1,1,0.6488177
a05,250,1,1,0.5854248
a05,251,1,1,0.6694003
a05,252,1,0,0.43787628
a05,253,1,1,0.6244118
a05,254,1,1,0.79566497
a05,255,1,0,0.29111683
a05,256,1,0,0.4821426
a05,257,1,1,0.79652023
a05,258,1,0,0.32260957
a05,259,1,0,0.24044979
a05,260,1,1,0.72741127
a05,261,1,0,0.42970517
a05,262,1,1,0.59235275
a05,263,1,0,0.43386555
a05,264,1,1,0.5220788
a05,265,1,0,0.14405055
a05,266,1,0,0.37478217
a05,267,1,1,0.7522092
a05,268,1,1,0.6295367
a05,269,1,0,0.49576983
a05,270,0,0,0.4400527
a05,271,0,0,0.48995176
a05,272,0,1,0.84384847
a05,273,1,0,0.19015534
a05,274,1,0,0.15113552
a05,275,1,0,0.39703614
a05,276,1,0,0.13108534
a05,277,1,0,0.21950793
a05,278,1,1,0.63848865
a05,279,1,1,0.7503214
a05,280,1,1,0.6696614
a05,281,1,0,0.32326388
a05,282,1,1,0.7472631
a05,283,1,1,0.69748473
a05,284,1,0,0.20160197
a05,285,1,1,0.6042399
a05,286,1,1,0.7351511
a05,287,1,1,0.6687909
a05,288,1,1,0.5206485
a05,289,1,0,0.37448433
a05,290,1,1,0.53241503
a05,291,1,1,0.68541515
a05,292,1,1,0.6670261
a05,293,1,1,0.86487806
a05,294,0,0,0.103372574
a05,295,0,0,0.28488538
a05,296,1,0,0.2205324
a05,297,1,1,0.77876043
a05,298,1,1,0.8972812
a05,299,1,1,0.7237708
a05,300,1,0,0.3123393
a05,301,1,1,0.7598592
a05,302,1,1,0.8637973
a05,303,1,0,0.28982878
a05,304,1,1,0.71826327
a05,305,1,1,0.8706169
a05,306,1,1,0.89318377
a05,307,1,1,0.87004423
a05,308,1,1,0.8723359
a05,309,1,1,0.7301427
a05,310,1,1,0.87462854
a05,311,1,0,0.12895283
a05,312,1,1,0.83754545
a05,313,1,1,0.8038739
a05,314,1,1,0.80291384
a05,315,1,1,0.815755
a05,316,1,1,0.8199529
a05,317,1,1,0.69978714
a05,318,1,1,0.85895425
a05,319,1,0,0.16975167
a05,320,1,1,0.8628511
a05,321,1,1,0.8555112
a05,322,1,1,0.7405761
a05,323,1,1,0.666054
a05,324,1,1,0.8878067
a05,325,1,1,0.5416427
a05,326,1,1,0.85589063
a05,327,1,1,0.6131262
a05,328,1,1,0.8863845
a05,329,1,1,0.88505167
a05,330,1,0,0.39541534
a05,331,1,0,0.17627595
a05,332,1,1,0.72422457
a05,333,1,1,0.7973545
a05,334,1,1,0.8702363
a05,335,1,1,0.84341675
a05,336,1,0,0.163482
a05,337,1,1,0.7741902
a05,338,0,1,0.83062243
a05,339,1,0,0.15152723
a05,340,0,0,0.1608501
a05,341,1,1,0.8392794
a05,342,1,1,0.7643849
a05,343,1,0,0.4550257
a05,344,1,1,0.7400861
a05,345,1,1,0.7731297
a05,346,1,1,0.8914303
a05,347,1,1,0.5636104
a05,348,1,1,0.88486344
a05,349,0,1,0.5219318
a05,350,0,0,0.47616228
a05,351,0,1,0.8793238
a05,352,0,1,0.8821626
a05,353,1,1,0.88674194
a05,354,0,0,0.40107587
a05,355,0,1,0.55221313
a05,356,0,1,0.5805874
a05,357,0,1,0.52143794
a05,358,0,0,0.13326184
a05,359,0,1,0.64472437
a05,360,0,0,0.2860382
a05,361,0,1,0.8414576
a05,362,1,1,0.65198374
a05,363,0,1,0.92087364
a05,364,0,1,0.82890236
a05,365,1,1,0.7208369
a05,366,1,0,0.38287663
a05,367,1,0,0.3357001
a05,368,0,1,0.62917477
a05,369,0,1,0.6551269
a05,370,0,0,0.47170186
a05,371,0,1,0.6046929
a05,372,0,1,0.65610856
a05,373,0,1,0.64700985
a05,374,0,1,0.55635834
a05,375,0,0,0.23887539
a05,376,0,0,0.18087538
a05,377,0,0,0.40661818
a05,378,0,0,0.13725704
a05,379,0,0,0.06731448
a05,380,0,1,0.5995716
a05,381,0,0,0.4834557
a05,382,0,0,0.20613578
a05,383,0,1,0.64485145
a05,384,0,1,0.5391724
a05,385,0,0,0.2577833
a05,386,0,0,0.18176728
a05,387,0,0,0.44951412
a05,388,0,0,0.42434588
a05,389,0,0,0.3437068
a05,390,0,1,0.6315253
a05,391,0,0,0.16917108
a05,392,0,1,0.5677204
a05,393,0,0,0.12217808
a05,394,0,0,0.45127323
a05,395,0,0,0.37788746
a05,396,0,0,0.25467888
a05,397,0,0,0.37565503
a05,398,0,1,0.6078595
a05,399,0,0,0.37041932
a05,400,0,0,0.32117963
a05,401,0,1,0.5567315
a05,402,0,0,0.36547
a05,403,0,0,0.2762776
a05,404,0,0,0.40974826
a05,405,0,1,0.5860606
a05,406,0,0,0.49315795
a05,407,0,0,0.19902769
a05,408,0,0,0.10278788
a05,409,0,1,0.8754235
a05,410,1,0,0.44132683
a05,411,1,0,0.40677398
a05,412,1,0,0.44544667
a05,413,1,0,0.25576934
a05,414,1,1,0.7985426
a05,415,1,0,0.29402208
a05,416,1,1,0.55659586
a05,417,1,0,0.4704051
a05,418,1,1,0.7375186
a05,419,1,0,0.45406246
a05,420,1,1,0.7778608
a05,421,1,1,0.7678438
a05,422,1,1,0.79934853
a05,423,1,1,0.804764
a05,424,1,0,0.16053897
a05,425,1,1,0.74485517
a05,426,1,1,0.6371286
a05,427,1,1,0.5290445
a05,428,1,1,0.5296231
a05,429,1,1,0.7412419
a05,430,1,1,0.7656146
a05,431,1,1,0.75389206
a05,432,1,1,0.5236091
a05,433,1,0,0.48257184
a05,434,1,0,0.45437768
a05,435,1,1,0.73636675
a05,436,1,1,0.743252
a05,437,1,1,0.6830666
a05,438,1,1,0.63653886
a05,439,1,1,0.6613864
a05,440,1,1,0.5821601
a05,441,1,1,0.78358597
a05,442,1,1,0.8211779
a05,443,1,1,0.8106579
a05,444,1,1,0.8513175
a05,445,0,1,0.7750133
a05,446,1,0,0.3009666
a05,447,1,1,0.71938443
a05,448,1,1,0.8873087
a05,449,1,1,0.5294573
a05,450,1,1,0.7013459
a05,451,1,1,0.8119168
a05,452,1,1,0.8770514
a05,453,0,0,0.35441238
a06,1,0,0,0.19411545
a06,2,0,0,0.11132685
a06,3,0,1,0.8370065
a06,4,0,1,0.75964785
a06,5,0,1,0.77030563
a06,6,0,1,0.85120535
a06,7,0,0,0.1807803
a06,8,0,0,0.32151777
a06,9,0,0,0.08277873
a06,10,0,0,0.025453039
a06,11,0,0,0.45958066
a06,12,0,0,0.14903055
a06,13,0,0,0.057993323
a06,14,0,0,0.044864923
a06,15,0,1,0.90990186
a06,16,0,0,0.06551632
a06,17,0,0,0.31039432
a06,18,0,0,0.22562504
a06,19,0,0,0.08469762
a06,20,0,0,0.05367993
a06,21,0,0,0.078883655
a06,22,0,0,0.065177955
a06,23,0,0,0.12398197
a06,24,0,0,0.024764713
a06,25,0,0,0.018723967
a06,26,0,0,0.025942296
a06,27,0,0,0.0343271
a06,28,0,0,0.020699717
a06,29,0,0,0.020088252
a06,30,0,0,0.09509917
a06,31,0,0,0.0794826
a06,32,0,0,0.09539634
a06,33,0,0,0.0800832
a06,34,0,0,0.07213768
a06,35,0,0,0.09296159
a06,36,0,1,0.5140717
a06,37,0,0,0.043700278
a06,38,0,0,0.15315644
a06,39,0,0,0.28767997
a06,40,0,0,0.07133982
a06,41,0,0,0.08947529
a06,42,0,0,0.048425287
a06,43,0,0,0.034782402
a06,44,0,0,0.037580125
a06,45,0,0,0.355075
a06,46,0,0,0.28581095
a06,47,0,0,0.295855
a06,48,0,0,0.054287147
a06,49,0,0,0.03252742
a06,50,0,0,0.10911268
a06,51,0,0,0.036052898
a06,52,0,0,0.16398743
a06,53,0,0,0.03481833
a06,54,0,0,0.09244124
a06,55,0,0,0.055278383
a06,56,0,0,0.060569618
a06,57,0,0,0.056332376
a06,58,0,1,0.65819323
a06,59,0,0,0.053989302
a06,60,0,0,0.37093988
a06,61,0,0,0.171728
a06,62,0,0,0.4628262
a06,63,1,1,0.6827748
a06,64,1,0,0.39102006
a06,65,1,1,0.50556815
a06,66,1,0,0.07412054
a06,67,1,0,0.09297828
a06,68,1,0,0.20769651
a06,69,1,1,0.7536631
a06,70,1,1,0.67958844
a06,71,1,0,0.13834201
a06,72,1,0,0.14716467
a06,73,1,1,0.56673175
a06,74,1,0,0.44542184
a06,75,1,1,0.9249107
a06,76,1,0,0.11927176
a06,77,1,0,0.15519945
a06,78,1,0,0.062128913
a06,79,1,0,0.12871946
a06,80,1,0,0.057694115
a06,81,1,0,0.18740223
a06,82,1,0,0.043153387
a06,83,1,0,0.13909233
a06,84,1,0,0.20444725
a06,85,1,0,0.3636184
a06,86,1,0,0.04623277
a06,87,1,0,0.06432147
a06,88,1,0,0.46946484
a06,89,0,0,0.15324666
a06,90,0,0,0.14942664
a06,91,0,0,0.07646025
a06,92,0,0,0.12801771
a06,93,0,0,0.09666165
a06,94,0,0,0.05900281
a06,95,0,0,0.3789232
a06,96,0,0,0.07289086
a06,97,0,0,0.086591005
a06,98,0,0,0.2251601
a06,99,0,0,0.18155952
a06,100,0,0,0.102970816
a06,101,0,0,0.2594725
a06,102,0,0,0.0868562
a06,103,0,0,0.054661065
a06,104,0,0,0.0767717
a06,105,0,1,0.8083319
a06,106,0,1,0.59226024
a06,107,0,0,0.27257875
a06,108,0,0,0.09220895
a06,109,0,0,0.05592687
a06,110,0,0,0.044152312
a06,111,0,0,0.06842635
a06,112,0,0,0.056490812
a06,113,0,0,0.1284197
a06,114,0,0,0.114548996
a06,115,0,0,0.05385991
a06,116,0,0,0.03911187
a06,117,0,0,0.048193026
a06,118,0,0,0.08738438
a06,119,0,0,0.12059184
a06,120,0,0,0.042070948
a06,121,0,0,0.10996604
a06,122,0,0,0.09540136
a06,123,0,0,0.07661089
a06,124,0,0,0.09309534
a06,125,0,0,0.09159091
a06,126,0,0,0.0663719
a06,127,0,0,0.053020366
a06,128,0,0,0.056668065
a06,129,0,1,0.80051106
a06,130,0,0,0.07658393
a06,131,0,0,0.051309995
a06,132,0,0,0.055795465
a06,133,0,0,0.052782364
a06,134,0,0,0.067419626
a06,135,0,0,0.12510504
a06,136,0,0,0.075181775
a06,137,0,0,0.06743457
a06,138,0,0,0.07062266
a06,139,0,0,0.116621435
a06,140,0,0,0.17388554
a06,141,0,0,0.057787344
a06,142,0,0,0.041044302
a06,143,0,0,0.06534774
a06,144,0,1,0.9104356
a06,145,1,0,0.44730273
a06,146,1,0,0.24845986
a06,147,1,1,0.7313337
a06,148,1,0,0.2773184
a06,149,1,0,0.24361968
a06,150,1,1,0.80442935
a06,151,1,1,0.8631214
a06,152,1,0,0.17693481
a06,153,1,0,0.19920063
a06,154,1,0,0.21148086
a06,155,1,0,0.13321427
a06,156,1,0,0.23004481
a06,157,1,1,0.9064541
a06,158,1,0,0.14954257
a06,159,1,0,0.14452201
a06,160,1,0,0.0816216
a06,161,1,0,0.2559823
a06,162,1,0,0.08733423
a06,163,1,0,0.29306036
a06,164,1,0,0.35079283
a06,165,1,1,0.50545716
a06,166,1,1,0.7160365
a06,167,1,1,0.69105685
a06,168,1,1,0.6356579
a06,169,1,1,0.6709104
a06,170,1,1,0.64735115
a06,171,1,1,0.80522656
a06,172,1,1,0.5989335
a06,173,1,1,0.58998436
a06,174,1,1,0.7216821
a06,175,1,0,0.21109466
a06,176,1,1,0.62968516
a06,177,1,1,0.5393442
a06,178,1,1,0.73739296
a06,179,1,0,0.04382927
a06,180,0,0,0.14087106
a06,181,0,0,0.2422403
a06,182,0,0,0.045443475
a06,183,0,1,0.506677
a06,184,0,0,0.073283575
a06,185,0,0,0.38353744
a06,186,0,0,0.06521978
a06,187,0,0,0.03317782
a06,188,0,0,0.13648263
a06,189,0,0,0.32609633
a06,190,0,0,0.3503394
a06,191,1,0,0.35514015
a06,192,1,1,0.5901294
a06,193,1,1,0.65225565
a06,194,1,0,0.09810854
a06,195,1,1,0.5933121
a06,196,1,1,0.74418277
a06,197,1,1,0.62156665
a06,198,1,0,0.12928712
a06,199,1,1,0.77421105
a06,200,1,1,0.69865704
a06,201,1,1,0.7603796
a06,202,1,0,0.14205478
a06,203,1,0,0.44060406
a06,204,1,0,0.037150487
a06,205,1,0,0.054305535
a06,206,1,0,0.29805496
a06,207,1,0,0.385746
a06,208,1,0,0.1997885
a06,209,1,0,0.12598988
a06,210,1,0,0.30814964
a06,211,1,0,0.43307728
a06,212,1,0,0.3125888
a06,213,1,0,0.23194784
a06,214,1,1,0.6978131
a06,215,1,0,0.31083107
a06,216,1,0,0.0971487
a06,217,1,0,0.44324452
a06,218,1,0,0.35437515
a06,219,1,1,0.5242784
a06,220,1,0,0.35499948
a06,221,1,0,0.29448673
a06,222,1,0,0.30801377
a06,223,1,0,0.20111054
a06,224,1,0,0.34514773
a06,225,0,0,0.42283115
a06,226,0,0,0.40899545
a06,227,0,0,0.065172456
a06,228,0,0,0.2926409
a06,229,0,0,0.049342643
a06,230,0,0,0.18121505
a06,231,0,0,0.3495503
a06,232,0,0,0.06608832
a06,233,0,0,0.47536957
a06,234,0,0,0.46837863
a06,235,0,0,0.1187023
a06,236,0,1,0.7450874
a06,237,0,0,0.4527821
a06,238,0,0,0.31826895
a06,239,0,0,0.09799266
a06,240,0,0,0.23469365
a06,241,0,0,0.042575363
a06,242,0,0,0.2717953
a06,243,0,0,0.10253971
a06,244,0,0,0.1540658
a06,245,0,0,0.10987175
a06,246,0,0,0.09674514
a06,247,0,0,0.12709554
a06,248,0,0,0.15892622
a06,249,0,0,0.12439468
a06,250,0,0,0.040807407
a06,251,0,1,0.6035381
a06,252,0,0,0.05066162
a06,253,0,0,0.033924464
a06,254,0,0,0.14849848
a06,255,0,0,0.0638982
a06,256,0,0,0.064817406
a06,257,0,0,0.11948737
a06,258,0,0,0.049735475
a06,259,0,1,0.86331296
a06,260,1,1,0.8805403
a06,261,1,1,0.74624646
a06,262,1,0,0.17425217
a06,263,1,0,0.4157877
a06,264,1,0,0.32239884
a06,265,1,0,0.39692175
a06,266,1,1,0.8612166
a06,267,1,0,0.038794503
a06,268,0,0,0.035669833
a06,269,0,0,0.1889554
a06,270,0,0,0.083442636
a06,271,0,0,0.092038564
a06,272,0,0,0.08034824
a06,273,0,0,0.02750126
a06,274,0,0,0.041112352
a06,275,0,0,0.035646558
a06,276,0,0,0.035154276
a06,277,0,0,0.033673152
a06,278,0,0,0.04169284
a06,279,0,0,0.06140452
a06,280,0,0,0.17096478
a06,281,0,0,0.040918812
a06,282,0,0,0.31466737
a06,283,0,0,0.04713223
a06,284,0,0,0.043304052
a06,285,0,0,0.03215727
a06,286,0,0,0.171025
a06,287,0,0,0.04962235
a06,288,0,0,0.03980256
a06,289,0,0,0.28002515
a06,290,0,0,0.04547192
a06,291,0,0,0.027669763
a06,292,0,0,0.0276616
a06,293,0,0,0.059408057
a06,294,0,0,0.15030007
a06,295,0,0,0.040893275
a06,296,0,0,0.09937524
a06,297,0,0,0.0864404
a06,298,0,0,0.09126051
a06,299,0,0,0.08240768
a06,300,0,0,0.04765422
a06,301,0,0,0.030476248
a06,302,0,0,0.05713724
a06,303,0,0,0.03371058
a06,304,0,0,0.04470461
a06,305,0,1,0.89262474
a06,306,1,0,0.056558155
a06,307,1,0,0.15626992
a06,308,1,1,0.54090875
a06,309,1,0,0.38766313
a06,310,1,0,0.16416503
a06,311,1,0,0.38032252
a06,312,1,0,0.16253144
a06,313,1,1,0.8754647
a06,314,1,1,0.9224841
a06,315,1,0,0.09507389
a06,316,0,0,0.0626689
a06,317,0,0,0.035449382
a06,318,0,0,0.018960977
a06,319,0,0,0.024231387
a06,320,0,0,0.08441697
a06,321,0,0,0.38597775
a06,322,0,0,0.08105393
a06,323,0,0,0.09852828
a06,324,0,0,0.05404798
a06,325,0,0,0.06488904
a06,326,0,0,0.039940413
a06,327,0,0,0.07744705
a06,328,0,1,0.8924318
a06,329,1,0,0.12293722
a06,330,1,0,0.042995058
a06,331,1,0,0.15964235
a06,332,1,1,0.8084408
a06,333,0,0,0.059423372
a06,334,0,0,0.040912036
a06,335,0,0,0.06499152
a06,336,0,0,0.09795583
a06,337,0,0,0.03707956
a06,338,0,0,0.24103771
a06,339,0,0,0.067750916
a06,340,0,0,0.061348554
a06,341,0,0,0.040620986
a06,342,0,0,0.48903236
a06,343,1,0,0.4039516
a06,344,1,0,0.20002282
a06,345,1,0,0.07803714
a06,346,1,0,0.03450035
a06,347,1,1,0.72002184
a06,348,1,0,0.09906032
a06,349,1,1,0.6247952
a06,350,1,0,0.49822906
a06,351,1,0,0.45485398
a06,352,1,1,0.7315277
a06,353,1,0,0.17377304
a06,354,1,0,0.3130123
a06,355,1,0,0.28978947
a06,356,1,1,0.5460655
a06,357,1,0,0.07481668
a06,358,1,1,0.59067726
a06,359,1,1,0.93035465
a06,360,1,0,0.030208992
a06,361,1,0,0.03591582
a06,362,1,0,0.01596662
a06,363,1,0,0.025701633
a06,364,1,0,0.07154809
a06,365,1,0,0.22942425
a06,366,1,0,0.16013987
a06,367,1,0,0.0449451
a06,368,1,0,0.044585496
a06,369,1,0,0.02292967
a06,370,1,0,0.029831896
a06,371,1,0,0.065605454
a06,372,1,0,0.03882467
a06,373,1,0,0.09566043
a06,374,1,0,0.05059787
a06,375,1,0,0.09825665
a06,376,1,0,0.48406297
a06,377,1,1,0.66908586
a06,378,1,1,0.75597525
a06,379,1,0,0.25708044
a06,380,1,0,0.38557953
a06,381,1,0,0.11970483
a06,382,1,0,0.09122838
a06,383,1,0,0.022734385
a06,384,1,0,0.05418602
a06,385,1,0,0.14540006
a06,386,1,0,0.039168116
a06,387,1,0,0.024610335
a06,388,1,0,0.114252314
a06,389,1,1,0.9021393
a06,390,0,1,0.893475
a06,391,0,1,0.6058017
a06,392,0,1,0.8097284
a06,393,0,1,0.7429412
a06,394,0,1,0.73338145
a06,395,0,0,0.21335076
a06,396,0,0,0.38143274
a06,397,0,1,0.73794705
a06,398,0,0,0.30845532
a06,399,0,1,0.71683764
a06,400,0,1,0.76526386
a06,401,0,1,0.826367
a06,402,0,1,0.6981669
a06,403,0,1,0.6334762
a06,404,0,0,0.38271448
a06,405,0,1,0.52485937
a06,406,0,1,0.607308
a06,407,0,1,0.6251896
a06,408,0,1,0.7497389
a06,409,0,1,0.7006313
a06,410,0,0,0.12913834
a06,411,0,0,0.20647292
a06,412,0,0,0.4006848
a06,413,0,0,0.028507838
a06,414,0,0,0.20533463
a06,415,0,1,0.77580047
a06,416,0,1,0.72319376
a06,417,0,0,0.1923229
a06,418,0,0,0.24615136
a06,419,0,0,0.12253552
a06,420,0,0,0.101970054
a06,421,0,1,0.55598366
a06,422,0,0,0.47440577
a06,423,0,0,0.04170609
a06,424,0,0,0.39380828
a06,425,0,1,0.59285843
a06,426,0,0,0.16695206
a06,427,0,0,0.1892307
a06,428,0,0,0.35176298
a06,429,0,0,0.096918225
a06,430,0,0,0.3237007
a06,431,0,0,0.0925615
a06,432,0,0,0.18401603
a06,433,0,0,0.036906898
a06,434,0,1,0.8578078
a06,435,0,1,0.7620335
a06,436,0,0,0.18492214
a06,437,0,1,0.7629531
a06,438,0,1,0.77737373
a06,439,0,1,0.8846491
a06,440,1,0,0.15402366
a06,441,1,1,0.50983644
a06,442,1,1,0.61717933
a06,443,1,0,0.4323814
a06,444,1,0,0.4383779
a06,445,1,0,0.23127799
a06,446,1,1,0.64064604
a06,447,1,0,0.43297938
a06,448,1,1,0.7543892
a06,449,1,1,0.89494276
a06,450,0,0,0.04779559
a06,451,0,0,0.015519347
a06,452,0,0,0.079437256
a06,453,0,0,0.033539183
a06,454,0,0,0.021839796
a06,455,0,0,0.02004925
a06,456,0,0,0.04874966
a06,457,0,0,0.1055375
a06,458,0,0,0.10147246
a06,459,0,0,0.07218259
a06,460,0,0,0.085049845
a06,461,0,0,0.057698928
a06,462,0,0,0.05295142
a06,463,0,0,0.3955281
a06,464,0,0,0.21169336
a06,465,0,0,0.06396342
a06,466,0,0,0.2253867
a06,467,0,0,0.10046336
a06,468,0,0,0.13364585
a06,469,1,0,0.12621355
a06,470,1,0,0.26555446
a06,471,1,0,0.028439624
a06,472,1,0,0.11791895
a06,473,1,0,0.07741167
a06,474,1,0,0.042246528
a06,475,1,0,0.07296661
a06,476,1,0,0.1325364
a06,477,1,0,0.0332306
a06,478,0,0,0.029777301
a06,479,0,0,0.17091261
a06,480,0,0,0.07018341
a06,481,0,0,0.05069958
a06,482,0,0,0.07156154
a06,483,0,0,0.11094549
a06,484,1,0,0.13898791
a06,485,1,0,0.029913282
a06,486,1,0,0.038246963
a06,487,1,0,0.038806632
a06,488,1,0,0.015941922
a06,489,1,0,0.014887009
a06,490,1,1,0.87255824
a06,491,1,1,0.94523597
a06,492,1,0,0.4726763
a06,493,1,1,0.7008199
a06,494,1,1,0.92604405
a06,495,1,0,0.05500078
a06,496,1,0,0.13262282
a06,497,1,1,0.89647776
a06,498,1,0,0.24978685
a06,499,1,0,0.063917845
a06,500,1,0,0.07750027
a06,501,1,0,0.084446125
a06,502,1,0,0.29016668
a06,503,1,0,0.22191495
a06,504,1,1,0.8796209
a06,505,1,1,0.6965115
a06,506,1,1,0.65956724
a06,507,0,1,0.90208
a06,508,0,1,0.837063
a06,509,0,0,0.46753877
a07,1,0,1,0.6142733
a07,2,1,1,0.7337399
a07,3,1,1,0.7399362
a07,4,0,0,0.17072168
a07,5,0,1,0.77554685
a07,6,0,0,0.26725048
a07,7,0,1,0.6282233
a07,8,0,1,0.55549175
a07,9,0,1,0.6518817
a07,10,0,0,0.36516747
a07,11,0,1,0.7772333
a07,12,0,0,0.44963375
a07,13,0,0,0.14270905
a07,14,0,0,0.33680645
a07,15,0,0,0.20277639
a07,16,0,1,0.57268506
a07,17,0,0,0.37172619
a07,18,0,1,0.6589354
a07,19,0,1,0.82547647
a07,20,0,0,0.1990532
a07,21,0,1,0.79416746
a07,22,0,0,0.27643746
a07,23,0,0,0.3093568
a07,24,0,1,0.5902819
a07,25,0,0,0.49607328
a07,26,1,1,0.67887306
a07,27,1,1,0.68220663
a07,28,0,0,0.1764618
a07,29,0,1,0.8262174
a07,30,0,0,0.24636382
a07,31,0,1,0.57744735
a07,32,0,0,0.121274985
a07,33,1,1,0.77973825
a07,34,0,1,0.6627611
a07,35,0,1,0.63094753
a07,36,0,1,0.6970511
a07,37,1,1,0.6197085
a07,38,0,1,0.7666608
a07,39,0,1,0.76900524
a07,40,0,1,0.70916826
a07,41,0,1,0.67449015
a07,42,0,1,0.67355555
a07,43,1,1,0.82076377
a07,44,0,1,0.7251753
a07,45,0,1,0.5156599
a07,46,0,1,0.65818805
a07,47,0,1,0.63379216
a07,48,0,1,0.62245303
a07,49,0,1,0.74156076
a07,50,0,1,0.52266055
a07,51,0,1,0.654726
a07,52,0,1,0.62181795
a07,53,0,1,0.735782
a07,54,0,0,0.45880476
a07,55,1,1,0.64884466
a07,56,1,1,0.6752623
a07,57,1,1,0.6949735
a07,58,1,1,0.6794906
a07,59,1,1,0.5302027
a07,60,1,1,0.692738
a07,61,1,1,0.69574773
a07,62,1,1,0.6279756
a07,63,1,1,0.75149834
a07,64,1,1,0.7582847
a07,65,1,1,0.659109
a07,66,1,1,0.69191325
a07,67,1,1,0.69183373
a07,68,1,1,0.7119401
a07,69,1,1,0.71898216
a07,70,1,1,0.72293985
a07,71,1,1,0.5558627
a07,72,1,1,0.6503905
a07,73,1,1,0.703781
a07,74,1,1,0.63343257
a07,75,0,1,0.70305926
a07,76,0,1,0.58525276
a07,77,0,1,0.68751264
a07,78,0,1,0.74844915
a07,79,0,1,0.75741065
a07,80,0,1,0.7495288
a07,81,0,1,0.6745694
a07,82,0,1,0.5212492
a07,83,0,1,0.6176575
a07,84,0,1,0.6036747
a07,85,0,1,0.5968407
a07,86,0,1,0.6624153
a07,87,0,0,0.45116043
a07,88,0,1,0.6340641
a07,89,0,0,0.17924403
a07,90,0,1,0.6171029
a07,91,0,1,0.57452494
a07,92,0,1,0.5780096
a07,93,0,1,0.59796894
a07,94,0,1,0.70598614
a07,95,1,1,0.7283551
a07,96,1,1,0.6608844
a07,97,1,1,0.64154994
a07,98,1,1,0.67922205
a07,99,1,1,0.66105944
a07,100,1,1,0.75555456
a07,101,0,1,0.54909015
a07,102,0,0,0.47267285
a07,103,0,1,0.648212
a07,104,0,1,0.59263825
a07,105,0,1,0.62264913
a07,106,0,1,0.6897771
a07,107,0,1,0.6133633
a07,108,0,1,0.52339005
a07,109,0,0,0.4979598
a07,110,0,0,0.47505507
a07,111,0,0,0.48106718
a07,112,0,1,0.54105186
a07,113,0,1,0.5582704
a07,114,0,1,0.5129715
a07,115,0,1,0.6398015
a07,116,0,1,0.5197158
a07,117,0,0,0.31472108
a07,118,0,1,0.5885011
a07,119,0,1,0.71144915
a07,120,0,1,0.60341185
a07,121,0,1,0.7549774
a07,122,0,1,0.652851
a07,123,0,1,0.62242323
a07,124,0,1,0.7083829
a07,125,0,1,0.6205421
a07,126,0,0,0.15621115
a07,127,0,0,0.02517914
a07,128,0,0,0.35132456
a07,129,0,0,0.19796269
a07,130,0,0,0.30198407
a07,131,0,0,0.21355155
a07,132,0,0,0.00023614662
a07,133,0,0,0.010999246
a07,134,0,0,0.4670398
a07,135,0,0,0.36141416
a07,136,0,0,0.2914925
a07,137,0,1,0.75878906
a07,138,0,0,0.24304162
a07,139,0,1,0.73645586
a07,140,0,1,0.62866336
a07,141,0,1,0.66996735
a07,142,0,0,0.46137288
a07,143,0,1,0.72994465
a07,144,0,1,0.8380681
a07,145,1,1,0.6808324
a07,146,1,1,0.6896927
a07,147,1,1,0.74903274
a07,148,1,1,0.68581694
a07,149,1,1,0.6153601
a07,150,1,1,0.75116605
a07,151,1,1,0.5676229
a07,152,1,1,0.7832677
a07,153,1,1,0.62843245
a07,154,1,1,0.7034346
a07,155,1,0,0.39296228
a07,156,1,1,0.6676774
a07,157,1,1,0.8009075
a07,158,1,1,0.80975515
a07,159,1,0,0.40082574
a07,160,1,1,0.64331496
a07,161,1,1,0.79611176
a07,162,1,1,0.7859712
a07,163,1,1,0.7809047
a07,164,0,1,0.6347004
a07,165,1,1,0.5825715
a07,166,1,1,0.5575842
a07,167,1,1,0.87197155
a07,168,0,1,0.64689976
a07,169,0,1,0.7942661
a07,170,0,1,0.71729356
a07,171,0,1,0.5726515
a07,172,0,1,0.605482
a07,173,0,1,0.8218385
a07,174,1,1,0.6960809
a07,175,1,1,0.79947597
a07,176,1,1,0.6705417
a07,177,1,1,0.7767267
a07,178,1,1,0.86949563
a07,179,1,1,0.69041127
a07,180,1,1,0.71313626
a07,181,1,1,0.63931197
a07,182,1,1,0.7140561
a07,183,1,1,0.56397986
a07,184,1,1,0.75280076
a07,185,1,1,0.67468286
a07,186,1,1,0.7074974
a07,187,1,1,0.7130155
a07,188,1,1,0.7582177
a07,189,1,1,0.7159476
a07,190,1,1,0.75268227
a07,191,1,1,0.5807134
a07,192,1,1,0.80898273
a07,193,1,1,0.72697526
a07,194,1,1,0.77332294
a07,195,1,1,0.7543518
a07,196,1,1,0.6086583
a07,197,1,1,0.75475156
a07,198,1,1,0.73688143
a07,199,1,1,0.846169
a07,200,1,1,0.81102127
a07,201,1,1,0.75459313
a07,202,1,1,0.8416965
a07,203,1,1,0.5342018
a07,204,1,1,0.74053025
a07,205,1,1,0.8036652
a07,206,1,1,0.7677837
a07,207,1,1,0.8354632
a07,208,1,1,0.64458275
a07,209,1,1,0.82647425
a07,210,1,1,0.79512525
a07,211,1,1,0.704255
a07,212,1,1,0.8509286
a07,213,1,1,0.836919
a07,214,1,1,0.60210717
a07,215,1,1,0.83761126
a07,216,1,1,0.76103204
a07,217,1,1,0.6603429
a07,218,1,1,0.828731
a07,219,1,1,0.831826
a07,220,1,1,0.7702148
a07,221,1,1,0.80847037
a07,222,1,1,0.72981596
a07,223,1,1,0.58805066
a07,224,1,1,0.76673204
a07,225,1,1,0.71787846
a07,226,1,1,0.81195873
a07,227,1,1,0.6931568
a07,228,1,1,0.7685172
a07,229,1,1,0.68512774
a07,230,1,0,0.49838406
a07,231,1,1,0.82250917
a07,232,1,1,0.7761392
a07,233,1,1,0.77060866
a07,234,1,1,0.7458479
a07,235,1,1,0.6844915
a07,236,1,1,0.74409133
a07,237,1,1,0.69760394
a07,238,1,1,0.71326536
a07,239,1,1,0.7014949
a07,240,1,1,0.66492105
a07,241,1,0,0.424246
a07,242,1,1,0.73392224
a07,243,1,1,0.7275095
a07,244,1,1,0.7473928
a07,245,1,1,0.7846614
a07,246,1,1,0.7794841
a07,247,1,1,0.67481065
a07,248,1,1,0.7789767
a07,249,1,1,0.55177075
a07,250,1,1,0.73326683
a07,251,1,1,0.67063993
a07,252,1,1,0.68513095
a07,253,1,1,0.68558073
a07,254,1,1,0.6693994
a07,255,1,1,0.7853021
a07,256,1,1,0.56328464
a07,257,1,1,0.66697514
a07,258,1,1,0.57356954
a07,259,1,1,0.7436497
a07,260,1,0,0.2662405
a07,261,1,1,0.62451386
a07,262,1,1,0.77280354
a07,263,1,1,0.80845636
a07,264,1,1,0.6246497
a07,265,1,1,0.60020703
a07,266,1,1,0.73571956
a07,267,1,1,0.5400803
a07,268,1,1,0.82075995
a07,269,1,1,0.7630085
a07,270,1,1,0.7283432
a07,271,1,1,0.6529811
a07,272,1,1,0.76883435
a07,273,1,1,0.6265074
a07,274,1,1,0.7990692
a07,275,1,1,0.6609686
a07,276,1,1,0.69004095
a07,277,1,1,0.71320385
a07,278,1,1,0.60578
a07,279,0,1,0.6182622
a07,280,0,1,0.6524068
a07,281,0,1,0.6536036
a07,282,1,1,0.5554598
a07,283,1,1,0.8116816
a07,284,1,1,0.68676084
a07,285,1,1,0.7877046
a07,286,1,1,0.52528054
a07,287,1,1,0.84193295
a07,288,0,1,0.75125027
a07,289,0,0,0.40612632
a07,290,0,0,0.42321146
a07,291,0,0,0.3097946
a07,292,0,1,0.5004849
a07,293,0,1,0.5398636
a07,294,1,1,0.8306173
a07,295,1,1,0.7967352
a07,296,1,1,0.6810653
a07,297,1,0,0.48661456
a07,298,1,1,0.69110906
a07,299,1,0,0.3837349
a07,300,1,1,0.68774873
a07,301,1,0,0.48687184
a07,302,1,1,0.64926356
a07,303,1,1,0.516662
a07,304,1,1,0.7289371
a07,305,0,0,0.43594858
a07,306,0,1,0.5609973
a07,307,0,0,0.42165497
a07,308,0,0,0.28003266
a07,309,0,0,0.2184443
a07,310,1,1,0.70128953
a07,311,1,1,0.5868284
a07,312,1,1,0.6643806
a07,313,1,1,0.5382868
a07,314,1,1,0.56053513
a07,315,1,0,0.44021434
a07,316,1,1,0.66227204
a07,317,1,1,0.5023431
a07,318,1,1,0.6339872
a07,319,1,0,0.42100254
a07,320,1,1,0.5732471
a07,321,1,1,0.65820634
a07,322,1,0,0.40827656
a07,323,1,1,0.6446584
a07,324,1,0,0.4368591
a07,325,1,0,0.44335273
a07,326,1,0,0.46026763
a07,327,1,1,0.5678376
a07,328,1,1,0.6678182
a07,329,1,0,0.41531616
a07,330,1,0,0.4669765
a07,331,1,0,0.43373215
a07,332,1,0,0.45127514
a07,333,1,1,0.60850304
a07,334,1,0,0.39594933
a07,335,1,1,0.61841965
a07,336,1,0,0.44238874
a07,337,1,0,0.4302265
a07,338,1,0,0.31822765
a07,339,1,1,0.6880302
a07,340,1,1,0.5057313
a07,341,1,1,0.6776111
a07,342,1,0,0.38630766
a07,343,1,1,0.5486876
a07,344,0,1,0.56624925
a07,345,0,1,0.6983863
a07,346,0,0,0.43714583
a07,347,0,0,0.47386765
a07,348,0,0,0.38352036
a07,349,0,1,0.55967075
a07,350,0,1,0.55587226
a07,351,0,1,0.5319129
a07,352,0,1,0.7028379
a07,353,0,1,0.63980114
a07,354,0,0,0.49223918
a07,355,0,1,0.6429087
a07,356,1,0,0.43312278
a07,357,1,1,0.56233364
a07,358,1,0,0.49796826
a07,359,1,0,0.42654458
a07,360,1,1,0.5074726
a07,361,1,1,0.63863856
a07,362,1,1,0.57647324
a07,363,1,1,0.60503256
a07,364,1,1,0.59848416
a07,365,1,1,0.51151115
a07,366,1,1,0.67117995
a07,367,1,1,0.73117477
a07,368,1,1,0.6119752
a07,369,1,1,0.66410613
a07,370,1,1,0.6445927
a07,371,1,0,0.45529214
a07,372,1,1,0.5838191
a07,373,1,1,0.5943924
a07,374,1,1,0.61965084
a07,375,1,1,0.67615426
a07,376,1,1,0.56819713
a07,377,1,1,0.5279369
a07,378,0,1,0.7024147
a07,379,0,0,0.40405452
a07,380,1,0,0.45246077
a07,381,1,1,0.68273
a07,382,1,0,0.380797
a07,383,1,0,0.4337566
a07,384,1,1,0.5498321
a07,385,1,0,0.4458364
a07,386,0,1,0.65000147
a07,387,1,1,0.52286947
a07,388,1,1,0.67387116
a07,389,1,1,0.536529
a07,390,1,1,0.7642151
a07,391,0,0,0.25383362
a07,392,1,1,0.91981006
a07,393,0,1,0.5318027
a07,394,0,0,0.106880486
a07,395,0,0,0.12127958
a07,396,0,0,0.13191265
a07,397,0,1,0.5527613
a07,398,0,1,0.7576481
a07,399,1,1,0.5336522
a07,400,1,1,0.7527165
a07,401,0,1,0.6594572
a07,402,1,1,0.5485719
a07,403,0,1,0.6830351
a07,404,1,1,0.59822315
a07,405,1,1,0.71792257
a07,406,0,1,0.82227325
a07,407,0,1,0.62811965
a07,408,0,1,0.6885124
a07,409,0,1,0.6355593
a07,410,0,0,0.056349147
a07,411,0,0,0.0013637657
a07,412,0,1,0.5019115
a07,413,0,0,0.0020612343
a07,414,0,0,0.00020310351
a07,415,0,0,0.0018759266
a07,416,0,0,0.3863187
a07,417,0,1,0.7650091
a07,418,0,1,0.5930394
a07,419,1,1,0.77969104
a07,420,1,1,0.6298556
a07,421,1,1,0.6926255
a07,422,1,1,0.5559235
a07,423,1,1,0.7630551
a07,424,1,1,0.6973555
a07,425,1,0,0.09152874
a07,426,0,1,0.57813597
a07,427,0,1,0.7078539
a07,428,0,1,0.55176103
a07,429,0,1,0.6169583
a07,430,0,0,0.17971532
a07,431,0,0,0.1368129
a07,432,0,0,0.23519811
a07,433,0,0,0.2735069
a07,434,0,0,0.4256723
a07,435,0,0,0.18098243
a07,436,0,1,0.5364207
a07,437,0,1,0.7767888
a07,438,0,1,0.57113403
a07,439,1,1,0.6384552
a07,440,1,1,0.6560815
a07,441,1,1,0.7628735
a07,442,1,1,0.80054116
a07,443,1,1,0.74082863
a07,444,1,1,0.7685428
a07,445,1,1,0.7087844
a07,446,1,1,0.70325303
a07,447,1,1,0.61336637
a07,448,1,1,0.7739664
a07,449,1,1,0.5992029
a07,450,1,1,0.7798088
a07,451,1,1,0.7751142
a07,452,1,0,0.32642648
a07,453,1,1,0.75667506
a07,454,1,1,0.8412815
a07,455,1,0,0.48950025
a07,456,1,1,0.5699106
a07,457,1,1,0.7088825
a07,458,1,1,0.66620624
a07,459,1,0,0.49331775
a07,460,1,0,0.46217608
a07,461,1,1,0.7025964
a07,462,1,1,0.73289025
a07,463,1,1,0.62274694
a07,464,1,0,0.35838258
a07,465,1,1,0.7059404
a07,466,1,1,0.6933159
a07,467,1,1,0.7002124
a07,468,1,1,0.60906714
a07,469,1,1,0.7419449
a07,470,1,1,0.5313645
a07,471,1,1,0.56227887
a07,472,1,1,0.7105067
a07,473,1,1,0.71695673
a07,474,1,1,0.63230467
a07,475,1,1,0.6738955
a07,476,1,1,0.641294
a07,477,0,0,0.49860623
a07,478,0,1,0.5465385
a07,479,0,1,0.76489437
a07,480,0,1,0.7534752
a07,481,0,0,0.33512023
a07,482,0,1,0.5134235
a07,483,1,1,0.6792824
a07,484,1,1,0.73156583
a07,485,1,1,0.62078506
a07,486,1,1,0.6204965
a07,487,1,1,0.67253214
a07,488,1,1,0.57880956
a07,489,1,1,0.6520454
a07,490,1,1,0.62991
a07,491,1,0,0.45520347
a07,492,1,1,0.7073951
a07,493,1,0,0.36884892
a07,494,1,1,0.72342974
a07,495,1,1,0.6538392
a07,496,1,1,0.7609135
a07,497,1,1,0.55102694
a07,498,1,1,0.8002569
a07,499,1,1,0.88090897
a07,500,1,1,0.7895024
a07,501,1,1,0.71034217
a07,502,1,1,0.7226316
a07,503,1,1,0.6560341
a07,504,1,1,0.6970461
a07,505,1,1,0.5887249
a07,506,1,1,0.6812273
a07,507,1,1,0.72028166
a07,508,1,1,0.6750805
a07,509,1,0,0.47970143
a07,510,1,0,0.07059264
a08,1,0,0,0.30375737
a08,2,0,0,0.20978415
a08,3,0,0,0.15363038
a08,4,0,0,0.3047588
a08,5,0,0,0.29857776
a08,6,0,0,0.26184985
a08,7,0,0,0.22373244
a08,8,0,0,0.13765562
a08,9,0,0,0.23306446
a08,10,0,0,0.26499707
a08,11,0,0,0.25397408
a08,12,0,0,0.22611336
a08,13,0,0,0.43330926
a08,14,0,0,0.19192639
a08,15,0,0,0.18684977
a08,16,0,0,0.099868365
a08,17,0,0,0.2227907
a08,18,0,0,0.1609838
a08,19,0,0,0.16265443
a08,20,0,0,0.15182242
a08,21,0,0,0.19375382
a08,22,0,0,0.1463736
a08,23,0,0,0.1546403
a08,24,0,0,0.22889885
a08,25,0,0,0.14002566
a08,26,0,0,0.33893397
a08,27,0,0,0.36069995
a08,28,0,0,0.41698718
a08,29,0,0,0.30274197
a08,30,0,0,0.31451288
a08,31,0,0,0.31377044
a08,32,0,1,0.5037351
a08,33,1,1,0.60924906
a08,34,1,1,0.54440093
a08,35,1,1,0.70131934
a08,36,1,1,0.69250387
a08,37,1,1,0.55296713
a08,38,1,0,0.43618795
a08,39,0,0,0.43316278
a08,40,0,1,0.5410561
a08,41,1,0,0.45179734
a08,42,1,0,0.13974214
a08,43,0,0,0.2090878
a08,44,0,0,0.24305642
a08,45,0,0,0.12761365
a08,46,0,0,0.29712147
a08,47,0,0,0.25913456
a08,48,0,0,0.28285864
a08,49,0,0,0.40094417
a08,50,0,0,0.42612928
a08,51,0,0,0.45962366
a08,52,0,1,0.58033437
a08,53,0,1,0.61847526
a08,54,0,1,0.54413676
a08,55,0,1,0.688108
a08,56,0,1,0.527019
a08,57,0,1,0.6663012
a08,58,0,0,0.45548
a08,59,0,0,0.28644848
a08,60,1,1,0.6900801
a08,61,1,1,0.6536371
a08,62,0,0,0.2356957
a08,63,1,1,0.5410461
a08,64,1,0,0.4842853
a08,65,0,0,0.27010977
a08,66,0,1,0.6088674
a08,67,0,0,0.39104113
a08,68,0,1,0.5542317
a08,69,0,0,0.2677265
a08,70,0,0,0.29317206
a08,71,0,0,0.26045662
a08,72,0,1,0.6294273
a08,73,0,1,0.62185067
a08,74,0,1,0.63423705
a08,75,1,1,0.5318545
a08,76,0,1,0.628396
a08,77,0,1,0.72599375
a08,78,0,1,0.6658989
a08,79,0,1,0.55901194
a08,80,1,1,0.7236176
a08,81,1,1,0.6678459
a08,82,0,1,0.60185885
a08,83,0,1,0.702746
a08,84,0,1,0.544986
a08,85,0,1,0.6782288
a08,86,0,1,0.65364116
a08,87,1,1,0.63643587
a08,88,1,1,0.6675946
a08,89,0,1,0.71340764
a08,90,1,1,0.72959155
a08,91,1,0,0.47061417
a08,92,1,1,0.57698333
a08,93,0,1,0.61636025
a08,94,1,1,0.6691469
a08,95,1,1,0.69797134
a08,96,1,1,0.68838644
a08,97,1,1,0.680884
a08,98,1,1,0.5306241
a08,99,1,1,0.70518166
a08,100,1,1,0.6367192
a08,101,1,1,0.62082976
a08,102,0,1,0.50101733
a08,103,0,0,0.19185238
a08,104,0,0,0.20191522
a08,105,1,0,0.36880866
a08,106,1,0,0.35372397
a08,107,1,1,0.5054377
a08,108,1,0,0.47754952
a08,109,0,0,0.35168585
a08,110,0,0,0.22857721
a08,111,0,0,0.3512069
a08,112,0,0,0.14164922
a08,113,0,0,0.11243777
a08,114,0,0,0.083457656
a08,115,0,0,0.17736891
a08,116,0,0,0.21194991
a08,117,0,0,0.3536808
a08,118,1,1,0.5649541
a08,119,1,1,0.52330506
a08,120,1,1,0.60490465
a08,121,1,1,0.66953504
a08,122,1,1,0.53292483
a08,123,1,0,0.47588518
a08,124,1,1,0.71450573
a08,125,1,1,0.6388621
a08,126,1,0,0.35346845
a08,127,0,0,0.31722525
a08,128,0,0,0.18544358
a08,129,1,0,0.32778522
a08,130,0,0,0.4702229
a08,131,1,0,0.36406973
a08,132,1,1,0.5507746
a08,133,1,0,0.34565514
a08,134,0,1,0.55020905
a08,135,1,1,0.71234775
a08,136,1,1,0.6949241
a08,137,1,0,0.34762198
a08,138,1,1,0.67950404
a08,139,1,1,0.68318087
a08,140,1,1,0.53645307
a08,141,1,1,0.67191225
a08,142,1,0,0.1594546
a08,143,1,1,0.58590895
a08,144,1,1,0.5288153
a08,145,1,0,0.35426947
a08,146,1,1,0.58311164
a08,147,1,1,0.662953
a08,148,1,1,0.6666106
a08,149,1,1,0.6031927
a08,150,1,1,0.64422965
a08,151,1,1,0.5354533
a08,152,1,0,0.48817286
a08,153,1,1,0.65900254
a08,154,1,1,0.6631261
a08,155,1,1,0.6581948
a08,156,1,1,0.5032531
a08,157,1,1,0.6306051
a08,158,1,1,0.6963023
a08,159,0,0,0.26894066
a08,160,0,0,0.48084405
a08,161,1,1,0.69609696
a08,162,1,1,0.66524184
a08,163,1,1,0.55411774
a08,164,0,0,0.22502263
a08,165,0,0,0.31552047
a08,166,1,1,0.65028536
a08,167,1,0,0.18196836
a08,168,1,0,0.30272457
a08,169,1,1,0.50795245
a08,170,1,0,0.26071078
a08,171,0,0,0.26164815
a08,172,0,0,0.40794054
a08,173,0,0,0.35361454
a08,174,0,0,0.19388787
a08,175,0,0,0.38161913
a08,176,0,0,0.32205313
a08,177,0,0,0.13137181
a08,178,0,0,0.18589066
a08,179,0,0,0.22531897
a08,180,0,0,0.20800841
a08,181,0,0,0.18760268
a08,182,0,0,0.166817
a08,183,0,0,0.12241757
a08,184,0,0,0.12267576
a08,185,1,1,0.50013745
a08,186,1,0,0.26058584
a08,187,0,0,0.18027534
a08,188,0,0,0.40959585
a08,189,1,1,0.60109454
a08,190,0,0,0.22470538
a08,191,0,0,0.24438748
a08,192,0,0,0.104732096
a08,193,0,0,0.16536318
a08,194,0,0,0.1477093
a08,195,0,0,0.2306361
a08,196,0,0,0.31971535
a08,197,0,0,0.15985812
a08,198,0,0,0.11145012
a08,199,0,0,0.10220226
a08,200,0,0,0.08401555
a08,201,0,0,0.07749342
a08,202,0,0,0.20782202
a08,203,0,0,0.27466813
a08,204,0,0,0.17089333
a08,205,0,0,0.1237308
a08,206,0,0,0.14309272
a08,207,0,0,0.26382905
a08,208,0,0,0.16865842
a08,209,0,0,0.21383888
a08,210,0,0,0.0873551
a08,211,0,0,0.1602193
a08,212,0,0,0.22704601
a08,213,0,0,0.29053375
a08,214,0,0,0.27963442
a08,215,0,0,0.22722231
a08,216,0,0,0.170736
a08,217,0,0,0.20716333
a08,218,0,0,0.2579502
a08,219,0,0,0.39250022
a08,220,0,0,0.412334
a08,221,0,0,0.447562
a08,222,0,0,0.3008552
a08,223,0,0,0.44559717
a08,224,0,0,0.18501036
a08,225,0,1,0.5649169
a08,226,1,0,0.2962798
a08,227,0,0,0.33050126
a08,228,0,1,0.5136557
a08,229,0,0,0.23103237
a08,230,0,0,0.42472136
a08,231,0,1,0.6665161
a08,232,1,1,0.50383925
a08,233,0,0,0.36202526
a08,234,0,0,0.47259125
a08,235,0,0,0.41301495
a08,236,0,1,0.5431054
a08,237,0,0,0.253176
a08,238,0,1,0.60383976
a08,239,0,0,0.24800569
a08,240,0,1,0.5782114
a08,241,0,0,0.3743797
a08,242,0,0,0.25675535
a08,243,0,0,0.37907115
a08,244,0,1,0.6387407
a08,245,0,1,0.6122689
a08,246,0,0,0.34226096
a08,247,0,1,0.55795383
a08,248,0,0,0.17122902
a08,249,0,1,0.533539
a08,250,0,0,0.1721645
a08,251,0,0,0.4891016
a08,252,0,0,0.3854239
a08,253,0,0,0.45321274
a08,254,0,1,0.63014275
a08,255,1,1,0.6127506
a08,256,0,1,0.68927264
a08,257,0,1,0.6908396
a08,258,1,1,0.7412441
a08,259,1,1,0.6453247
a08,260,1,1,0.5737715
a08,261,1,1,0.56874007
a08,262,0,1,0.65028554
a08,263,0,0,0.28559914
a08,264,0,1,0.51860213
a08,265,0,0,0.042173203
a08,266,0,0,0.13608849
a08,267,0,0,0.4126966
a08,268,0,1,0.53516954
a08,269,0,0,0.27187097
a08,270,0,0,0.14714988
a08,271,0,0,0.31289935
a08,272,0,0,0.3060895
a08,273,0,1,0.56733763
a08,274,0,0,0.16045171
a08,275,0,1,0.50433874
a08,276,0,0,0.4703689
a08,277,0,0,0.24315268
a08,278,0,0,0.46156684
a08,279,0,0,0.26021287
a08,280,0,0,0.36033928
a08,281,0,0,0.24970989
a08,282,0,1,0.5180629
a08,283,1,0,0.43879393
a08,284,0,1,0.67986137
a08,285,0,1,0.5801595
a08,286,0,0,0.22713618
a08,287,0,0,0.33976227
a08,288,0,0,0.30448055
a08,289,0,0,0.22560479
a08,290,0,0,0.24952793
a08,291,0,0,0.4969551
a08,292,1,0,0.4973718
a08,293,0,0,0.41959798
a08,294,0,0,0.4502632
a08,295,0,0,0.38726482
a08,296,0,0,0.3023742
a08,297,0,1,0.6613843
a08,298,1,1,0.60712606
a08,299,1,1,0.5232458
a08,300,1,1,0.7266923
a08,301,1,0,0.4655923
a08,302,1,1,0.53080046
a08,303,1,1,0.7868585
a08,304,1,1,0.62451696
a08,305,1,1,0.643074
a08,306,1,1,0.6141909
a08,307,1,1,0.678931
a08,308,0,1,0.50791657
a08,309,0,0,0.18274276
a08,310,0,1,0.5464316
a08,311,0,0,0.46605355
a08,312,0,1,0.6752379
a08,313,0,1,0.53955305
a08,314,0,1,0.6258453
a08,315,0,1,0.6758058
a08,316,0,1,0.6143493
a08,317,0,0,0.30917764
a08,318,0,1,0.5369844
a08,319,0,0,0.267511
a08,320,0,1,0.63940215
a08,321,0,1,0.67723083
a08,322,0,1,0.6772823
a08,323,0,1,0.6613673
a08,324,0,1,0.6569739
a08,325,0,1,0.7023583
a08,326,0,1,0.6422994
a08,327,1,1,0.782059
a08,328,1,1,0.7067809
a08,329,0,1,0.5508911
a08,330,1,1,0.50418735
a08,331,1,1,0.73132056
a08,332,1,1,0.8097575
a08,333,1,1,0.5746094
a08,334,1,1,0.66233385
a08,335,1,1,0.7383416
a08,336,1,1,0.77142704
a08,337,1,1,0.7537506
a08,338,1,1,0.8014792
a08,339,1,1,0.7556137
a08,340,1,1,0.7662551
a08,341,1,1,0.7482298
a08,342,1,1,0.72829163
a08,343,1,1,0.7552148
a08,344,1,1,0.77796555
a08,345,1,1,0.760358
a08,346,1,1,0.54203475
a08,347,1,1,0.76049286
a08,348,1,1,0.7343734
a08,349,1,1,0.7830583
a08,350,1,1,0.7394018
a08,351,1,1,0.7952481
a08,352,1,0,0.396726
a08,353,0,0,0.30605584
a08,354,0,1,0.6171526
a08,355,1,1,0.6224732
a08,356,1,0,0.48486945
a08,357,1,1,0.7632606
a08,358,1,1,0.68472016
a08,359,1,1,0.7061477
a08,360,1,1,0.6653073
a08,361,1,1,0.6725995
a08,362,1,1,0.7700621
a08,363,0,0,0.1960538
a08,364,0,1,0.73820513
a08,365,1,0,0.4933155
a08,366,1,1,0.77385867
a08,367,1,0,0.35297412
a08,368,0,0,0.42338628
a08,369,0,0,0.20231247
a08,370,0,1,0.52490383
a08,371,0,1,0.54966724
a08,372,0,0,0.14299434
a08,373,0,0,0.33011305
a08,374,0,0,0.2368259
a08,375,0,0,0.4755865
a08,376,0,0,0.25458914
a08,377,0,0,0.30622017
a08,378,0,0,0.39614344
a08,379,0,1,0.5246938
a08,380,0,0,0.38281253
a08,381,0,0,0.1816408
a08,382,0,1,0.63728803
a08,383,0,0,0.31089747
a08,384,0,0,0.26230103
a08,385,0,0,0.317368
a08,386,0,0,0.4622876
a08,387,0,0,0.30655307
a08,388,0,0,0.41090816
a08,389,0,0,0.099491484
a08,390,0,0,0.1708608
a08,391,0,0,0.18134758
a08,392,0,0,0.36750767
a08,393,0,0,0.45088
a08,394,0,1,0.5071624
a08,395,0,0,0.43071726
a08,396,0,1,0.5382579
a08,397,0,1,0.591795
a08,398,0,0,0.2078154
a08,399,0,0,0.4732345
a08,400,0,1,0.6268823
a08,401,1,1,0.7041175
a08,402,1,1,0.6679438
a08,403,1,1,0.65411395
a08,404,1,1,0.70726126
a08,405,1,1,0.56435156
a08,406,1,1,0.6585211
a08,407,1,1,0.7368778
a08,408,1,1,0.7090827
a08,409,1,1,0.7464338
a08,410,1,1,0.56503665
a08,411,1,1,0.7600401
a08,412,1,1,0.7557678
a08,413,1,0,0.4925594
a08,414,1,1,0.7738901
a08,415,1,1,0.73071104
a08,416,1,1,0.69788057
a08,417,1,1,0.7520669
a08,418,1,1,0.68794805
a08,419,1,1,0.72084033
a08,420,1,1,0.7417434
a08,421,1,1,0.77915066
a08,422,1,1,0.76859283
a08,423,1,1,0.774962
a08,424,1,1,0.7677154
a08,425,1,1,0.71688586
a08,426,1,1,0.75566185
a08,427,1,1,0.589488
a08,428,0,1,0.67388356
a08,429,1,0,0.31084746
a08,430,0,0,0.1694945
a08,431,0,0,0.22348763
a08,432,0,0,0.13665825
a08,433,0,0,0.1572263
a08,434,0,0,0.15976633
a08,435,0,0,0.1338444
a08,436,0,0,0.38059938
a08,437,0,0,0.1340827
a08,438,0,0,0.12646207
a08,439,0,0,0.17309998
a08,440,0,0,0.16242547
a08,441,0,0,0.10789529
a08,442,0,0,0.12561011
a08,443,0,0,0.18549979
a08,444,0,0,0.12433763
a08,445,0,0,0.15827489
a08,446,0,0,0.16221479
a08,447,0,0,0.3203411
a08,448,0,0,0.37418887
a08,449,0,0,0.14939748
a08,450,0,0,0.16743696
a08,451,0,0,0.20707062
a08,452,0,0,0.106951825
a08,453,0,1,0.5849978
a08,454,0,1,0.657814
a08,455,0,1,0.7304545
a08,456,1,1,0.6911278
a08,457,1,1,0.7047007
a08,458,1,1,0.7227339
a08,459,1,1,0.7402785
a08,460,1,1,0.75265026
a08,461,1,1,0.7137625
a08,462,1,1,0.7518034
a08,463,1,1,0.76703346
a08,464,1,1,0.74483633
a08,465,1,1,0.7248767
a08,466,1,1,0.73099905
a08,467,1,1,0.7748703
a08,468,1,1,0.7577852
a08,469,1,1,0.7615485
a08,470,1,1,0.7190421
a08,471,1,1,0.7765271
a08,472,1,1,0.72151965
a08,473,1,1,0.8077135
a08,474,1,1,0.80036485
a08,475,1,1,0.7615548
a08,476,1,1,0.810512
a08,477,1,1,0.7735026
a08,478,1,1,0.75655156
a08,479,1,1,0.796684
a08,480,1,1,0.787168
a08,481,1,1,0.80211926
a08,482,0,1,0.7504512
a08,483,0,0,0.41926607
a08,484,0,1,0.5964276
a08,485,0,0,0.42932215
a08,486,0,1,0.57262063
a08,487,0,0,0.42967483
a08,488,0,0,0.43544447
a08,489,0,0,0.21254028
a08,490,0,1,0.5230747
a08,491,0,1,0.5868166
a08,492,0,0,0.33836788
a08,493,0,0,0.27984244
a08,494,0,1,0.63316345
a08,495,0,0,0.38716155
a08,496,0,0,0.2075569
a08,497,0,0,0.30424687
a08,498,0,1,0.67599446
a08,499,0,0,0.4237846
a08,500,0,0,0.28017148
a09,1,0,0,0.13837238
a09,2,0,0,0.46203747
a09,3,0,1,0.84409064
a09,4,0,0,0.15779649
a09,5,0,0,0.18893799
a09,6,0,0,0.21305609
a09,7,0,1,0.5053508
a09,8,0,0,0.09434099
a09,9,0,0,0.15539107
a09,10,1,1,0.6234247
a09,11,1,1,0.50398535
a09,12,1,0,0.33020872
a09,13,1,1,0.74992543
a09,14,1,0,0.48479053
a09,15,0,0,0.43500957
a09,16,0,0,0.46848395
a09,17,1,1,0.67747575
a09,18,1,0,0.28524446
a09,19,1,0,0.418519
a09,20,1,0,0.46701878
a09,21,1,1,0.54952604
a09,22,1,0,0.46003225
a09,23,1,1,0.55405194
a09,24,1,0,0.45892093
a09,25,0,0,0.14974742
a09,26,0,0,0.4606992
a09,27,0,0,0.24921648
a09,28,0,0,0.20148568
a09,29,0,1,0.67981845
a09,30,0,0,0.07049447
a09,31,0,0,0.12177331
a09,32,0,0,0.18189107
a09,33,0,0,0.108359136
a09,34,1,0,0.16307753
a09,35,1,0,0.22117676
a09,36,1,0,0.2755818
a09,37,1,0,0.29615027
a09,38,1,0,0.43626517
a09,39,1,0,0.1528877
a09,40,1,0,0.31423765
a09,41,1,0,0.2674637
a09,42,1,0,0.4332579
a09,43,1,0,0.37536883
a09,44,1,0,0.23951049
a09,45,1,0,0.19894738
a09,46,1,0,0.23261233
a09,47,1,0,0.28371078
a09,48,1,1,0.5325725
a09,49,1,1,0.53106904
a09,50,1,0,0.30623862
a09,51,1,0,0.26890016
a09,52,1,0,0.31494197
a09,53,1,0,0.2386475
a09,54,1,0,0.31884938
a09,55,1,0,0.36389026
a09,56,1,0,0.47201458
a09,57,1,0,0.35504135
a09,58,0,0,0.28071585
a09,59,0,0,0.18226744
a09,60,1,1,0.55466014
a09,61,1,0,0.24029197
a09,62,1,0,0.44036323
a09,63,1,0,0.2301273
a09,64,1,0,0.42342994
a09,65,1,1,0.5350286
a09,66,1,0,0.47324648
a09,67,1,0,0.27193037
a09,68,1,0,0.2705322
a09,69,1,1,0.7182323
a09,70,1,0,0.262889
a09,71,1,0,0.2051585
a09,72,1,0,0.19552585
a09,73,1,0,0.28752032
a09,74,1,0,0.20110443
a09,75,1,1,0.65869033
a09,76,1,1,0.61738294
a09,77,1,0,0.49835688
a09,78,1,0,0.3562072
a09,79,1,1,0.5027321
a09,80,1,1,0.66951126
a09,81,1,0,0.40387347
a09,82,1,1,0.538796
a09,83,1,1,0.6442627
a09,84,1,1,0.56336814
a09,85,1,1,0.6750029
a09,86,1,0,0.44891515
a09,87,1,1,0.61163265
a09,88,1,1,0.7022568
a09,89,1,1,0.5422536
a09,90,1,0,0.3791582
a09,91,1,1,0.5883132
a09,92,1,1,0.91997296
a09,93,1,1,0.73178947
a09,94,1,1,0.80975574
a09,95,1,1,0.6801709
a09,96,1,0,0.36272708
a09,97,1,1,0.8619118
a09,98,1,1,0.7698827
a09,99,1,1,0.79271394
a09,100,1,1,0.9374345
a09,101,1,1,0.80703807
a09,102,1,1,0.83257973
a09,103,1,0,0.34475976
a09,104,1,1,0.5375325
a09,105,1,1,0.5577176
a09,106,1,1,0.7090994
a09,107,1,1,0.5020519
a09,108,1,0,0.49158412
a09,109,1,1,0.66831315
a09,110,1,0,0.44107231
a09,111,1,1,0.6978152
a09,112,1,0,0.37706804
a09,113,1,0,0.49696594
a09,114,1,0,0.4757478
a09,115,1,0,0.38151154
a09,116,1,0,0.4664068
a09,117,1,1,0.50719804
a09,118,1,0,0.38224143
a09,119,1,0,0.2529284
a09,120,0,0,0.26156268
a09,121,0,1,0.65004915
a09,122,1,0,0.47772437
a09,123,1,1,0.51491714
a09,124,1,1,0.6955517
a09,125,1,0,0.41415069
a09,126,0,0,0.4166486
a09,127,0,0,0.3933642
a09,128,0,0,0.16344596
a09,129,0,0,0.16791923
a09,130,0,0,0.22653247
a09,131,1,1,0.7226419
a09,132,1,1,0.5845293
a09,133,1,1,0.6427034
a09,134,1,1,0.72200763
a09,135,1,1,0.6874726
a09,136,1,1,0.5867017
a09,137,1,1,0.5055369
a09,138,1,1,0.6670661
a09,139,1,1,0.5007797
a09,140,1,1,0.70198876
a09,141,1,1,0.60190743
a09,142,1,0,0.23259486
a09,143,1,1,0.72614396
a09,144,1,0,0.23431505
a09,145,1,1,0.7439706
a09,146,1,1,0.51154613
a09,147,1,0,0.42991447
a09,148,1,0,0.4825286
a09,149,1,1,0.5302567
a09,150,1,1,0.5539692
a09,151,1,1,0.5658474
a09,152,1,0,0.32322922
a09,153,1,1,0.7140768
a09,154,1,0,0.4671341
a09,155,1,1,0.5736758
a09,156,1,1,0.6522067
a09,157,1,0,0.43214846
a09,158,1,0,0.496774
a09,159,1,1,0.7255781
a09,160,1,1,0.6308812
a09,161,1,1,0.51446277
a09,162,1,1,0.6164947
a09,163,1,0,0.28676206
a09,164,1,0,0.30049574
a09,165,1,1,0.8158875
a09,166,1,1,0.5206399
a09,167,1,0,0.41720918
a09,168,1,0,0.4763033
a09,169,1,1,0.5642084
a09,170,1,1,0.6671449
a09,171,1,1,0.8686352
a09,172,1,1,0.6850899
a09,173,1,1,0.81423736
a09,174,1,1,0.5144313
a09,175,1,1,0.8785434
a09,176,1,1,0.8466581
a09,177,1,1,0.8110841
a09,178,1,1,0.71646374
a09,179,1,1,0.8179121
a09,180,1,1,0.8301063
a09,181,1,1,0.67757034
a09,182,1,0,0.39652118
a09,183,1,1,0.8202776
a09,184,1,1,0.7347515
a09,185,1,0,0.19614519
a09,186,1,0,0.2106257
a09,187,1,1,0.89826494
a09,188,1,0,0.19757067
a09,189,1,1,0.55999184
a09,190,1,1,0.8419314
a09,191,1,1,0.87687975
a09,192,1,0,0.2548006
a09,193,1,1,0.8113957
a09,194,1,1,0.60314596
a09,195,1,1,0.7401548
a09,196,1,1,0.8882407
a09,197,1,0,0.13117626
a09,198,1,1,0.5727586
a09,199,1,1,0.6752001
a09,200,1,0,0.18829267
a09,201,1,1,0.6885722
a09,202,1,0,0.30588907
a09,203,1,0,0.31014135
a09,204,1,1,0.78519887
a09,205,1,0,0.28184143
a09,206,1,0,0.1409206
a09,207,0,0,0.09507903
a09,208,0,1,0.68064964
a09,209,0,0,0.10704135
a09,210,0,0,0.109408036
a09,211,0,0,0.09739558
a09,212,0,0,0.09717387
a09,213,0,0,0.1001645
a09,214,0,0,0.11245391
a09,215,0,0,0.15313028
a09,216,0,1,0.54010326
a09,217,0,0,0.055452853
a09,218,0,0,0.07446606
a09,219,0,0,0.110227495
a09,220,0,0,0.10893616
a09,221,0,0,0.086018674
a09,222,0,0,0.16601007
a09,223,0,0,0.10527659
a09,224,0,0,0.18842933
a09,225,0,0,0.109579995
a09,226,0,0,0.10683697
a09,227,0,1,0.7205752
a09,228,0,0,0.14736632
a09,229,0,1,0.7647401
a09,230,0,0,0.30126518
a09,231,0,0,0.17939219
a09,232,0,0,0.16975093
a09,233,0,0,0.1461998
a09,234,0,0,0.22091627
a09,235,0,0,0.18218303
a09,236,0,0,0.21513139
a09,237,0,0,0.37745154
a09,238,1,0,0.33492908
a09,239,1,1,0.54680914
a09,240,1,1,0.51496613
a09,241,1,0,0.43610278
a09,242,0,0,0.35251293
a09,243,0,0,0.47600913
a09,244,1,1,0.59123045
a09,245,1,1,0.54774785
a09,246,1,1,0.6202431
a09,247,0,0,0.16790181
a09,248,0,0,0.23659046
a09,249,0,0,0.392099
a09,250,1,1,0.625706
a09,251,1,0,0.36590472
a09,252,1,0,0.44980356
a09,253,1,0,0.48275292
a09,254,0,0,0.18295482
a09,255,0,0,0.22302194
a09,256,0,1,0.6543503
a09,257,0,0,0.15158449
a09,258,0,0,0.22772135
a09,259,0,0,0.16403085
a09,260,0,0,0.13501586
a09,261,0,1,0.8141184
a09,262,1,0,0.23270275
a09,263,1,0,0.37462708
a09,264,1,0,0.41057372
a09,265,0,0,0.21837033
a09,266,0,0,0.12824346
a09,267,0,0,0.1257845
a09,268,0,0,0.48909426
a09,269,1,0,0.47366354
a09,270,0,0,0.12849109
a09,271,0,1,0.6146722
a09,272,0,0,0.37192693
a09,273,0,0,0.30159798
a09,274,0,0,0.17040424
a09,275,0,0,0.36932677
a09,276,0,0,0.1325009
a09,277,0,1,0.70912755
a09,278,1,0,0.1435361
a09,279,1,1,0.69914776
a09,280,1,0,0.35337433
a09,281,1,1,0.5722678
a09,282,1,0,0.45611182
a09,283,1,1,0.56438386
a09,284,1,1,0.82885224
a09,285,1,1,0.57983047
a09,286,1,1,0.6544206
a09,287,1,1,0.77808565
a09,288,1,0,0.26475784
a09,289,1,1,0.8192108
a09,290,1,0,0.3068878
a09,291,1,0,0.47417495
a09,292,1,0,0.27642182
a09,293,1,0,0.20713934
a09,294,1,0,0.31082594
a09,295,1,1,0.67183256
a09,296,1,1,0.6734307
a09,297,1,1,0.6561242
a09,298,1,1,0.8245957
a09,299,1,1,0.55288976
a09,300,1,0,0.26072046
a09,301,1,1,0.86071575
a09,302,1,1,0.602558
a09,303,1,0,0.4855661
a09,304,1,0,0.29560435
a09,305,1,0,0.42686173
a09,306,1,0,0.49233785
a09,307,1,0,0.20165922
a09,308,1,0,0.22680451
a09,309,1,0,0.117122516
a09,310,1,0,0.29051888
a09,311,1,1,0.70813185
a09,312,1,1,0.6285921
a09,313,1,0,0.45229974
a09,314,1,0,0.27319148
a09,315,1,0,0.37619567
a09,316,1,0,0.2007599
a09,317,1,0,0.21091253
a09,318,1,0,0.2836609
a09,319,1,0,0.2702609
a09,320,1,1,0.5875966
a09,321,1,0,0.30555904
a09,322,1,0,0.18651158
a09,323,1,0,0.31127167
a09,324,1,1,0.6739485
a09,325,1,1,0.53406894
a09,326,1,1,0.54358923
a09,327,1,1,0.5222991
a09,328,1,1,0.79946536
a09,329,1,1,0.7271434
a09,330,1,1,0.82905185
a09,331,1,1,0.77672726
a09,332,1,1,0.89948124
a09,333,1,1,0.7770793
a09,334,1,1,0.6029083
a09,335,1,1,0.85478616
a09,336,1,1,0.7087067
a09,337,1,1,0.8195975
a09,338,1,1,0.74946964
a09,339,1,0,0.43121454
a09,340,1,1,0.521466
a09,341,1,1,0.826434
a09,342,1,0,0.21880114
a09,343,1,0,0.1085565
a09,344,1,1,0.78146863
a09,345,1,1,0.8907335
a09,346,1,1,0.527471
a09,347,1,1,0.8676083
a09,348,1,1,0.64572805
a09,349,1,0,0.13044345
a09,350,1,0,0.26784083
a09,351,1,0,0.107650585
a09,352,1,1,0.57243913
a09,353,1,1,0.56666607
a09,354,1,0,0.28923732
a09,355,1,0,0.23812063
a09,356,1,0,0.20912638
a09,357,1,0,0.30188105
a09,358,1,0,0.23028317
a09,359,1,0,0.19479948
a09,360,1,0,0.22986051
a09,361,1,1,0.62424684
a09,362,0,1,0.5748537
a09,363,0,0,0.0747534
a09,364,0,0,0.14119145
a09,365,0,0,0.08521014
a09,366,0,1,0.5991002
a09,367,0,0,0.10524059
a09,368,0,0,0.10612685
a09,369,0,0,0.10380906
a09,370,0,0,0.20100132
a09,371,0,0,0.12833108
a09,372,0,0,0.11668986
a09,373,0,0,0.17649384
a09,374,0,0,0.4567547
a09,375,0,0,0.23087631
a09,376,0,0,0.15925787
a09,377,0,0,0.10946708
a09,378,0,0,0.19635734
a09,379,0,0,0.113909684
a09,380,1,1,0.51226884
a09,381,1,0,0.19497536
a09,382,1,0,0.10619246
a09,383,1,0,0.15286654
a09,384,1,0,0.11268537
a09,385,1,1,0.51983213
a09,386,1,0,0.27417642
a09,387,1,0,0.19069329
a09,388,1,1,0.5677054
a09,389,1,0,0.18153293
a09,390,1,1,0.77574664
a09,391,1,1,0.7470998
a09,392,1,1,0.871312
a09,393,1,0,0.3167854
a09,394,1,0,0.436866
a09,395,1,0,0.31482175
a09,396,1,0,0.27661088
a09,397,1,0,0.1595844
a09,398,1,0,0.26359773
a09,399,1,0,0.29302052
a09,400,1,0,0.22754262
a09,401,1,1,0.56152266
a09,402,1,1,0.74428475
a09,403,1,0,0.34039918
a09,404,1,1,0.54089004
a09,405,1,0,0.45605078
a09,406,1,1,0.8851128
a09,407,1,1,0.65021443
a09,408,1,1,0.9095669
a09,409,1,1,0.730453
a09,410,1,1,0.7277603
a09,411,1,1,0.65893924
a09,412,1,1,0.796339
a09,413,1,1,0.7036092
a09,414,1,0,0.1484955
a09,415,1,1,0.6971701
a09,416,1,1,0.84403896
a09,417,1,1,0.8205835
a09,418,1,0,0.49331075
a09,419,1,1,0.72069967
a09,420,1,1,0.7726841
a09,421,1,0,0.37498534
a09,422,1,1,0.75726396
a09,423,1,0,0.34961826
a09,424,1,0,0.36204922
a09,425,1,0,0.23040476
a09,426,1,0,0.22057202
a09,427,1,0,0.16502763
a09,428,1,0,0.19490576
a09,429,1,1,0.5524118
a09,430,1,1,0.81920415
a09,431,1,0,0.20435399
a09,432,1,0,0.15870607
a09,433,1,1,0.8452215
a09,434,1,1,0.7860772
a09,435,1,0,0.40479004
a09,436,1,1,0.6964151
a09,437,1,0,0.41558903
a09,438,1,0,0.12068425
a09,439,1,1,0.62013793
a09,440,0,1,0.6025155
a09,441,0,0,0.13376886
a09,442,0,0,0.1366759
a09,443,0,0,0.08944551
a09,444,0,0,0.09787526
a09,445,0,0,0.19620056
a09,446,0,0,0.13928626
a09,447,0,0,0.07399929
a09,448,0,0,0.07099603
a09,449,0,1,0.72621536
a09,450,1,1,0.644402
a09,451,1,1,0.59142756
a09,452,1,0,0.30309212
a09,453,1,1,0.78165585
a09,454,1,0,0.4217541
a09,455,1,1,0.56264496
a09,456,1,0,0.34676304
a09,457,1,0,0.19303545
a09,458,1,0,0.4150719
a09,459,1,0,0.4972514
a09,460,1,0,0.2740612
a09,461,1,0,0.19753866
a09,462,1,1,0.78584146
a09,463,1,0,0.31103492
a09,464,1,0,0.2718084
a09,465,1,1,0.8523042
a09,466,1,1,0.672662
a09,467,1,0,0.4770589
a09,468,1,1,0.79706407
a09,469,1,1,0.60852337
a09,470,1,0,0.29216686
a09,471,1,1,0.6115273
a09,472,1,0,0.48361173
a09,473,1,1,0.56955713
a09,474,1,1,0.7416544
a09,475,1,1,0.6037634
a09,476,1,1,0.56087774
a09,477,1,1,0.8496455
a09,478,1,1,0.8214466
a09,479,1,0,0.22820319
a09,480,1,0,0.24079245
a09,481,1,0,0.24703221
a09,482,1,0,0.45130578
a09,483,1,0,0.33144945
a09,484,1,1,0.504818
a09,485,1,1,0.5506638
a09,486,1,1,0.61175954
a09,487,1,1,0.56458527
a09,488,1,1,0.8740068
a09,489,1,1,0.5837407
a09,490,1,1,0.84661514
a09,491,1,1,0.605395
a09,492,1,0,0.12310539
a09,493,1,0,0.17469643
a09,494,1,1,0.72070205
a10,1,0,1,0.7871337
a10,2,0,1,0.66394836
a10,3,0,1,0.6488238
a10,4,0,0,0.36046442
a10,5,0,1,0.56799394
a10,6,0,1,0.75050485
a10,7,0,1,0.6517141
a10,8,0,1,0.65825
a10,9,0,1,0.7376402
a10,10,0,1,0.6005773
a10,11,0,1,0.68692356
a10,12,0,0,0.20253736
a10,13,0,0,0.41877702
a10,14,0,0,0.4335154
a10,15,0,0,0.38916042
a10,16,0,1,0.8795134
a10,17,0,1,0.6871511
a10,18,0,0,0.09011362
a10,19,0,0,0.3064263
a10,20,0,0,0.48387033
a10,21,0,0,0.44160545
a10,22,0,1,0.6425703
a10,23,0,0,0.4527675
a10,24,0,0,0.38439357
a10,25,0,0,0.3341292
a10,26,0,0,0.124569654
a10,27,0,0,0.17208512
a10,28,0,0,0.11900546
a10,29,0,0,0.2331236
a10,30,0,1,0.5593397
a10,31,0,1,0.6532819
a10,32,0,0,0.2464903
a10,33,0,0,0.3737353
a10,34,0,0,0.11916916
a10,35,0,1,0.7838424
a10,36,0,0,0.4773282
a10,37,0,0,0.38990438
a10,38,0,0,0.1916668
a10,39,0,1,0.51872766
a10,40,0,0,0.21925971
a10,41,0,1,0.66717637
a10,42,0,0,0.40936354
a10,43,0,1,0.6259773
a10,44,0,0,0.28909388
a10,45,0,0,0.17031647
a10,46,0,1,0.64237237
a10,47,0,0,0.24212758
a10,48,0,1,0.73824227
a10,49,0,0,0.29713342
a10,50,0,0,0.20725021
a10,51,0,0,0.21959734
a10,52,0,0,0.27376306
a10,53,0,0,0.45772615
a10,54,0,0,0.38040417
a10,55,1,0,0.22149563
a10,56,1,1,0.56810015
a10,57,1,0,0.24712443
a10,58,1,1,0.87512565
a10,59,1,0,0.06458189
a10,60,0,1,0.8724761
a10,61,0,0,0.49789733
a10,62,0,1,0.7113506
a10,63,0,0,0.46258208
a10,64,0,1,0.6432729
a10,65,0,1,0.63431835
a10,66,0,0,0.22072805
a10,67,0,0,0.16327481
a10,68,0,0,0.1330193
a10,69,0,0,0.10170015
a10,70,0,0,0.13503765
a10,71,0,0,0.15862983
a10,72,0,0,0.17669642
a10,73,0,1,0.55872935
a10,74,0,0,0.3643818
a10,75,0,0,0.2301062
a10,76,0,0,0.28376323
a10,77,0,0,0.379666
a10,78,0,0,0.38626006
a10,79,0,0,0.43349004
a10,80,0,0,0.3594606
a10,81,0,0,0.46074793
a10,82,0,1,0.73865384
a10,83,0,0,0.28363177
a10,84,0,0,0.15228587
a10,85,0,0,0.080420926
a10,86,0,1,0.8642072
a10,87,0,1,0.5020997
a10,88,0,1,0.65199536
a10,89,0,1,0.6334215
a10,90,0,0,0.15976909
a10,91,0,0,0.20589405
a10,92,0,0,0.490178
a10,93,0,0,0.25045797
a10,94,0,0,0.34282678
a10,95,0,0,0.4563352
a10,96,0,0,0.26461047
a10,97,0,0,0.33043334
a10,98,0,0,0.39193276
a10,99,0,0,0.34954938
a10,100,0,0,0.29657075
a10,101,0,0,0.1999291
a10,102,0,0,0.22265473
a10,103,0,0,0.11152452
a10,104,0,0,0.4915181
a10,105,1,1,0.6117247
a10,106,1,1,0.5129441
a10,107,1,1,0.6430578
a10,108,1,1,0.7936941
a10,109,1,1,0.7529876
a10,110,1,1,0.71062964
a10,111,1,1,0.808669
a10,112,1,1,0.6143898
a10,113,1,1,0.76469326
a10,114,1,1,0.755343
a10,115,1,1,0.7838984
a10,116,1,1,0.74705356
a10,117,1,1,0.7534335
a10,118,1,1,0.79162174
a10,119,1,1,0.7692304
a10,120,1,1,0.8120379
a10,121,1,1,0.8095221
a10,122,1,1,0.5784552
a10,123,1,1,0.7417475
a10,124,1,1,0.7801369
a10,125,1,1,0.7239483
a10,126,1,1,0.759959
a10,127,1,1,0.64667636
a10,128,1,1,0.7976399
a10,129,1,0,0.48825127
a10,130,0,0,0.29167056
a10,131,0,0,0.15886557
a10,132,0,0,0.152552
a10,133,0,0,0.16495962
a10,134,0,0,0.2733545
a10,135,0,0,0.18489516
a10,136,0,0,0.14790708
a10,137,0,0,0.10836745
a10,138,0,0,0.104954176
a10,139,0,0,0.17785993
a10,140,0,0,0.19167836
a10,141,0,0,0.14902271
a10,142,0,0,0.17382795
a10,143,0,1,0.7535669
a10,144,1,1,0.6832528
a10,145,0,1,0.7502389
a10,146,0,1,0.7372975
a10,147,0,1,0.7616918
a10,148,0,0,0.17034023
a10,149,0,0,0.19041073
a10,150,0,0,0.4107252
a10,151,0,1,0.6855093
a10,152,0,1,0.5849297
a10,153,0,0,0.3107926
a10,154,0,1,0.6865123
a10,155,0,1,0.74094963
a10,156,0,1,0.7501458
a10,157,0,0,0.36847934
a10,158,0,0,0.24700259
a10,159,0,0,0.24538584
a10,160,0,0,0.22163767
a10,161,0,1,0.788119
a10,162,0,0,0.29521793
a10,163,0,0,0.09819705
a10,164,0,0,0.3604962
a10,165,0,1,0.68360907
a10,166,0,0,0.48813722
a10,167,0,1,0.6209654
a10,168,0,0,0.3072712
a10,169,0,1,0.8260047
a10,170,0,0,0.20147124
a10,171,0,0,0.2181383
a10,172,0,0,0.19131136
a10,173,0,0,0.31904155
a10,174,0,1,0.7419089
a10,175,0,0,0.36708176
a10,176,0,0,0.22456671
a10,177,0,0,0.36638522
a10,178,0,0,0.14100738
a10,179,0,1,0.5863925
a10,180,0,1,0.67632306
a10,181,0,0,0.14849998
a10,182,0,0,0.19350672
a10,183,0,0,0.13506342
a10,184,0,0,0.3172349
a10,185,0,0,0.18338186
a10,186,0,0,0.3034519
a10,187,0,0,0.47983748
a10,188,0,1,0.7122825
a10,189,0,1,0.76569635
a10,190,0,0,0.121588
a10,191,0,1,0.8364995
a10,192,0,0,0.16401815
a10,193,0,1,0.74524885
a10,194,0,0,0.40056035
a10,195,0,0,0.34464285
a10,196,0,0,0.20554453
a10,197,0,0,0.23271795
a10,198,0,0,0.17008588
a10,199,0,0,0.317751
a10,200,0,0,0.33463627
a10,201,0,0,0.35900864
a10,202,0,0,0.13588862
a10,203,0,0,0.25476843
a10,204,0,0,0.32568276
a10,205,0,0,0.14911751
a10,206,0,0,0.1833835
a10,207,0,0,0.17951982
a10,208,0,0,0.26664394
a10,209,0,0,0.3708029
a10,210,0,0,0.17349865
a10,211,0,0,0.14395197
a10,212,0,0,0.1916026
a10,213,0,1,0.748473
a10,214,0,0,0.25978255
a10,215,0,0,0.22369397
a10,216,0,0,0.30594677
a10,217,0,1,0.72913337
a10,218,1,1,0.6632645
a10,219,1,1,0.7283364
a10,220,0,1,0.6990976
a10,221,1,0,0.19242507
a10,222,0,1,0.65260625
a10,223,0,0,0.22742309
a10,224,0,1,0.73371387
a10,225,1,1,0.6627163
a10,226,1,1,0.50571626
a10,227,0,1,0.86949825
a10,228,0,0,0.21268195
a10,229,0,1,0.5696046
a10,230,0,0,0.4025566
a10,231,0,1,0.7651858
a10,232,1,1,0.60768753
a10,233,1,1,0.6969038
a10,234,1,1,0.6630781
a10,235,1,1,0.78755075
a10,236,1,1,0.7511895
a10,237,1,1,0.6100253
a10,238,1,1,0.72644717
a10,239,0,1,0.91011775
a10,240,0,1,0.5409814
a10,241,0,0,0.37458616
a10,242,0,0,0.09711238
a10,243,0,0,0.14579453
a10,244,0,0,0.059200082
a10,245,0,0,0.3992145
a10,246,0,0,0.4302591
a10,247,0,0,0.2048767
a10,248,0,1,0.6269741
a10,249,0,0,0.26976195
a10,250,0,0,0.46412432
a10,251,0,0,0.26575258
a10,252,0,0,0.35288972
a10,253,0,0,0.13829337
a10,254,0,0,0.22860917
a10,255,0,0,0.10096243
a10,256,0,1,0.8675675
a10,257,0,1,0.66666
a10,258,0,1,0.66964215
a10,259,0,1,0.7786738
a10,260,0,1,0.815051
a10,261,0,1,0.68029726
a10,262,0,1,0.57920355
a10,263,0,1,0.86718506
a10,264,1,1,0.5799817
a10,265,0,1,0.823088
a10,266,0,1,0.5610485
a10,267,0,1,0.5260081
a10,268,0,0,0.2969383
a10,269,0,0,0.31914932
a10,270,0,0,0.37330186
a10,271,0,1,0.63773453
a10,272,0,0,0.17206562
a10,273,0,1,0.8652721
a10,274,1,1,0.7106559
a10,275,1,1,0.59164345
a10,276,0,1,0.5819136
a10,277,0,1,0.6373564
a10,278,0,0,0.13748625
a10,279,0,0,0.21458772
a10,280,0,0,0.20750518
a10,281,0,0,0.18228921
a10,282,0,0,0.17718963
a10,283,0,1,0.56024826
a10,284,0,0,0.47915727
a10,285,0,1,0.5223032
a10,286,0,0,0.41356203
a10,287,0,0,0.14546497
a10,288,0,0,0.32097727
a10,289,0,0,0.16103218
a10,290,0,0,0.12029363
a10,291,0,1,0.71141934
a10,292,0,0,0.22953354
a10,293,0,1,0.5121416
a10,294,0,0,0.3189284
a10,295,0,1,0.50545007
a10,296,0,0,0.29954803
a10,297,0,1,0.7668977
a10,298,0,1,0.55311495
a10,299,0,1,0.52720255
a10,300,0,0,0.45008853
a10,301,0,1,0.5890256
a10,302,0,0,0.49778965
a10,303,0,0,0.18887076
a10,304,0,0,0.15510796
a10,305,0,1,0.60370797
a10,306,0,1,0.53191733
a10,307,0,0,0.2891935
a10,308,0,1,0.5678069
a10,309,0,0,0.41322398
a10,310,0,1,0.52392906
a10,311,0,1,0.5121682
a10,312,0,0,0.4557041
a10,313,0,1,0.5492685
a10,314,0,0,0.48435655
a10,315,0,0,0.35819784
a10,316,0,0,0.29630563
a10,317,0,1,0.600834
a10,318,0,1,0.54920477
a10,319,0,0,0.49399558
a10,320,0,0,0.27140507
a10,321,0,1,0.7423199
a10,322,0,1,0.7034604
a10,323,1,1,0.56835365
a10,324,1,1,0.5539343
a10,325,0,1,0.5252546
a10,326,0,1,0.58892095
a10,327,0,1,0.5615877
a10,328,0,0,0.20917606
a10,329,0,0,0.093120486
a10,330,0,0,0.08126373
a10,331,0,0,0.10975855
a10,332,0,0,0.27762723
a10,333,0,1,0.90975267
a10,334,0,1,0.5211875
a10,335,0,1,0.5722977
a10,336,0,1,0.6141473
a10,337,0,1,0.78032243
a10,338,0,1,0.6716699
a10,339,0,1,0.7306564
a10,340,0,1,0.64268535
a10,341,0,1,0.72605246
a10,342,0,1,0.6405629
a10,343,0,0,0.4974876
a10,344,0,1,0.6702467
a10,345,0,0,0.37507802
a10,346,0,1,0.71570927
a10,347,0,0,0.3393104
a10,348,0,0,0.4710455
a10,349,0,1,0.7033955
a10,350,0,0,0.18616027
a10,351,0,0,0.24576794
a10,352,0,0,0.27374494
a10,353,0,1,0.55473405
a10,354,0,1,0.5605159
a10,355,0,1,0.7471466
a10,356,0,1,0.8258118
a10,357,0,1,0.8262167
a10,358,0,0,0.29159093
a10,359,0,1,0.52626127
a10,360,0,1,0.53916115
a10,361,0,1,0.89022446
a10,362,1,0,0.2129969
a10,363,1,1,0.54829985
a10,364,1,0,0.33020687
a10,365,1,0,0.15419473
a10,366,1,1,0.8881231
a10,367,1,1,0.9255515
a10,368,0,1,0.57059443
a10,369,0,1,0.6016463
a10,370,1,1,0.5381004
a10,371,1,0,0.45174626
a10,372,0,0,0.16791542
a10,373,0,0,0.12473431
a10,374,0,0,0.2908703
a10,375,0,0,0.111296825
a10,376,0,0,0.101738706
a10,377,0,0,0.1122619
a10,378,0,1,0.7199161
a10,379,0,1,0.8928043
a10,380,0,1,0.6922176
a10,381,0,1,0.7736837
a10,382,0,0,0.48078105
a10,383,0,0,0.1462746
a10,384,0,0,0.15370928
a10,385,0,0,0.48677573
a10,386,0,0,0.3691807
a10,387,0,0,0.11054675
a10,388,0,1,0.55316126
a10,389,0,1,0.8162629
a10,390,0,0,0.42039376
a10,391,0,1,0.67019373
a10,392,0,0,0.4082865
a10,393,0,1,0.5686512
a10,394,0,1,0.80710477
a10,395,0,0,0.15956557
a10,396,0,1,0.52561873
a10,397,0,0,0.38002685
a10,398,1,0,0.27809194
a10,399,1,1,0.87035304
a10,400,1,0,0.09505591
a10,401,0,1,0.50368905
a10,402,0,0,0.13164648
a10,403,0,0,0.09985211
a10,404,0,0,0.1554639
a10,405,0,1,0.68348217
a10,406,0,1,0.50257534
a10,407,0,1,0.58701134
a10,408,0,1,0.72772354
a10,409,0,0,0.34994206
a10,410,0,0,0.23030682
a10,411,0,1,0.90762705
a10,412,0,1,0.72312903
a10,413,0,1,0.78783983
a10,414,1,1,0.89587605
a10,415,1,1,0.6732016
a10,416,1,1,0.63756496
a10,417,1,1,0.5197415
a10,418,1,1,0.74307746
a10,419,1,1,0.94417346
a10,420,1,1,0.5174139
a10,421,0,1,0.6082881
a10,422,0,0,0.36718318
a10,423,0,1,0.7024248
a10,424,0,0,0.101681076
a10,425,0,1,0.50880414
a10,426,0,0,0.49407262
a10,427,0,0,0.3688887
a10,428,0,0,0.468878
a10,429,0,1,0.6511363
a10,430,0,0,0.33683664
a10,431,0,1,0.6871102
a10,432,0,0,0.24150568
a10,433,0,1,0.78050554
a10,434,0,1,0.78780955
a10,435,0,0,0.14354204
a10,436,0,1,0.51735353
a10,437,0,1,0.7460408
a10,438,0,1,0.85528386
a10,439,0,0,0.41155198
a10,440,0,0,0.16551922
a10,441,0,1,0.72450906
a10,442,0,1,0.682423
a10,443,0,0,0.4414495
a10,444,0,1,0.5765553
a10,445,0,1,0.85636395
a10,446,1,0,0.18710442
a10,447,1,1,0.73100865
a10,448,1,1,0.51202315
a10,449,1,1,0.83993673
a10,450,1,1,0.90698576
a10,451,1,1,0.73812985
a10,452,1,1,0.9262974
a10,453,1,1,0.76543075
a10,454,1,1,0.7973286
a10,455,1,1,0.8791439
a10,456,1,1,0.78096086
a10,457,1,1,0.88491946
a10,458,1,0,0.3600636
a10,459,0,1,0.54363734
a10,460,0,0,0.14439204
a10,461,0,1,0.5544427
a10,462,1,0,0.28095135
a10,463,1,1,0.81288964
a10,464,1,0,0.1272813
a10,465,0,0,0.39822027
a10,466,0,1,0.88102394
a10,467,1,0,0.21492882
a10,468,0,0,0.30796406
a10,469,0,0,0.19282949
a10,470,0,0,0.43574876
a10,471,0,0,0.30178732
a10,472,0,1,0.5472575
a10,473,0,0,0.39895594
a10,474,0,1,0.69620574
a10,475,0,0,0.49067706
a10,476,0,0,0.23168865
a10,477,0,0,0.49425542
a10,478,0,0,0.25863737
a10,479,0,0,0.2685258
a10,480,0,0,0.23410206
a10,481,0,0,0.1392507
a10,482,0,1,0.91326624
a10,483,0,0,0.14044966
a10,484,0,1,0.86864406
a10,485,0,0,0.28952304
a10,486,0,1,0.5528166
a10,487,0,1,0.6774315
a10,488,0,0,0.28492412
a10,489,0,0,0.15581165
a10,490,0,0,0.38545182
a10,491,0,1,0.64079946
a10,492,0,1,0.89811444
a10,493,0,1,0.86139876
a10,494,0,1,0.90422934
a10,495,0,1,0.5542556
a10,496,0,1,0.83181185
a10,497,0,1,0.7942977
a10,498,0,1,0.80701417
a10,499,0,1,0.9199496
a10,500,1,1,0.7584307
a10,501,1,1,0.53368676
a10,502,1,1,0.77760506
a10,503,1,1,0.93636733
a10,504,1,1,0.7461124
a10,505,1,1,0.65813345
a10,506,1,1,0.87241346
a10,507,1,1,0.874655
a10,508,1,1,0.7906218
a10,509,1,1,0.9098351
a10,510,1,1,0.67575216
a10,511,1,1,0.64454263
a10,512,1,1,0.8674005
a10,513,1,1,0.75720465
a10,514,1,0,0.39074823
a10,515,1,1,0.7751964
a10,516,1,1,0.70467067
a11,1,0,0,0.14119926
a11,2,0,0,0.35886768
a11,3,0,0,0.2818628
a11,4,0,0,0.32361433
a11,5,0,0,0.09194549
a11,6,0,0,0.09474183
a11,7,0,0,0.10240306
a11,8,0,1,0.5642317
a11,9,0,0,0.08798503
a11,10,0,1,0.7560263
a11,11,0,0,0.06309769
a11,12,0,0,0.092284575
a11,13,0,0,0.28537306
a11,14,0,0,0.15682958
a11,15,0,0,0.061562255
a11,16,0,0,0.06597662
a11,17,1,0,0.07844151
a11,18,1,0,0.08984139
a11,19,1,0,0.22712122
a11,20,1,0,0.104563236
a11,21,1,0,0.31933752
a11,22,1,0,0.07812072
a11,23,1,0,0.13868202
a11,24,1,0,0.05913133
a11,25,0,0,0.49352276
a11,26,0,0,0.12774274
a11,27,0,0,0.23987293
a11,28,0,1,0.60501957
a11,29,0,1,0.6688141
a11,30,0,1,0.6908842
a11,31,0,0,0.09489308
a11,32,0,0,0.23968144
a11,33,0,0,0.104087755
a11,34,0,0,0.12427182
a11,35,0,0,0.06685222
a11,36,0,0,0.04894415
a11,37,0,0,0.06448501
a11,38,0,0,0.19876021
a11,39,0,0,0.08258875
a11,40,0,0,0.08300398
a11,41,0,0,0.14182442
a11,42,0,0,0.08900953
a11,43,0,0,0.085808896
a11,44,0,0,0.11069181
a11,45,0,0,0.07569922
a11,46,0,0,0.11717258
a11,47,0,0,0.12076369
a11,48,0,0,0.28053075
a11,49,0,0,0.09431608
a11,50,0,0,0.08468664
a11,51,0,0,0.13378438
a11,52,0,0,0.13970575
a11,53,0,0,0.14912973
a11,54,0,0,0.11434162
a11,55,0,0,0.17186889
a11,56,0,0,0.1238683
a11,57,0,0,0.11166457
a11,58,0,0,0.47713175
a11,59,0,0,0.15446278
a11,60,0,0,0.19273219
a11,61,0,0,0.34120953
a11,62,0,0,0.10290855
a11,63,0,0,0.17585388
a11,64,0,0,0.43418634
a11,65,0,0,0.37303576
a11,66,0,0,0.14203998
a11,67,0,0,0.22994709
a11,68,0,0,0.18552932
a11,69,0,0,0.1278031
a11,70,0,0,0.11249574
a11,71,0,0,0.23582703
a11,72,0,0,0.20373568
a11,73,0,0,0.26754728
a11,74,0,1,0.5262551
a11,75,0,0,0.44706893
a11,76,0,0,0.11957759
a11,77,0,0,0.1668533
a11,78,0,0,0.30062318
a11,79,0,0,0.09681198
a11,80,0,0,0.1900505
a11,81,0,0,0.23005168
a11,82,0,0,0.098938406
a11,83,1,0,0.24704434
a11,84,1,1,0.5078022
a11,85,1,0,0.23621824
a11,86,1,1,0.5750973
a11,87,1,0,0.4277047
a11,88,1,0,0.12662016
a11,89,1,0,0.15763888
a11,90,1,0,0.39215326
a11,91,1,1,0.62463
a11,92,1,0,0.38775468
a11,93,1,1,0.6235056
a11,94,0,1,0.58095485
a11,95,0,0,0.10250161
a11,96,0,0,0.18947615
a11,97,0,0,0.18739304
a11,98,0,0,0.15353589
a11,99,0,0,0.14993906
a11,100,1,0,0.27466816
a11,101,1,0,0.371045
a11,102,1,0,0.21267024
a11,103,1,0,0.2432647
a11,104,1,0,0.13732927
a11,105,1,0,0.1766647
a11,106,1,0,0.13821171
a11,107,1,0,0.152582
a11,108,1,0,0.24502777
a11,109,1,0,0.1409605
a11,110,1,0,0.13292424
a11,111,1,1,0.50562453
a11,112,1,0,0.082696564
a11,113,1,1,0.5249689
a11,114,1,0,0.3613414
a11,115,1,0,0.15741926
a11,116,1,0,0.3447403
a11,117,1,0,0.22962959
a11,118,1,1,0.5089905
a11,119,1,0,0.43707308
a11,120,1,0,0.094237335
a11,121,1,0,0.3466206
a11,122,1,0,0.14317293
a11,123,1,1,0.62334484
a11,124,1,1,0.6370022
a11,125,1,0,0.1147527
a11,126,1,0,0.46218398
a11,127,1,0,0.4639419
a11,128,0,0,0.074519925
a11,129,0,0,0.103245445
a11,130,0,0,0.2375138
a11,131,0,0,0.06515573
a11,132,0,0,0.2527901
a11,133,0,0,0.43730998
a11,134,0,0,0.14741175
a11,135,0,0,0.08266662
a11,136,0,0,0.058816455
a11,137,0,0,0.14005281
a11,138,0,0,0.098203145
a11,139,0,0,0.076101206
a11,140,0,0,0.050989736
a11,141,0,0,0.19573861
a11,142,0,0,0.04521484
a11,143,0,0,0.06823645
a11,144,0,0,0.07584289
a11,145,0,0,0.06874672
a11,146,0,0,0.10051021
a11,147,0,0,0.05233042
a11,148,0,0,0.078416735
a11,149,0,0,0.054526087
a11,150,0,0,0.09786607
a11,151,0,0,0.10219819
a11,152,0,0,0.2377773
a11,153,0,0,0.14781637
a11,154,0,0,0.05166402
a11,155,0,0,0.07962787
a11,156,0,0,0.04673799
a11,157,0,0,0.047989912
a11,158,0,0,0.14160213
a11,159,0,0,0.059925463
a11,160,0,0,0.054140866
a11,161,0,0,0.03096266
a11,162,0,0,0.042774696
a11,163,0,0,0.030961994
a11,164,0,0,0.035357624
a11,165,0,0,0.04482363
a11,166,0,0,0.048134007
a11,167,0,0,0.043415923
a11,168,0,0,0.1304068
a11,169,0,1,0.69081193
a11,170,0,0,0.22489461
a11,171,0,0,0.06007848
a11,172,0,0,0.1169519
a11,173,0,0,0.09350878
a11,174,0,0,0.036637805
a11,175,0,0,0.084454775
a11,176,0,0,0.03958972
a11,177,0,0,0.06344127
a11,178,0,0,0.050468
a11,179,0,0,0.032266885
a11,180,0,0,0.05108381
a11,181,0,0,0.04286994
a11,182,0,0,0.03555503
a11,183,0,0,0.04573223
a11,184,0,0,0.074935034
a11,185,0,0,0.120460294
a11,186,0,0,0.02551426
a11,187,0,0,0.050625723
a11,188,0,1,0.7267574
a11,189,1,0,0.08808193
a11,190,1,0,0.44846243
a11,191,1,0,0.05442735
a11,192,1,1,0.7168761
a11,193,1,0,0.3974468
a11,194,1,0,0.105718285
a11,195,1,0,0.12687527
a11,196,1,0,0.12509848
a11,197,1,0,0.22363544
a11,198,1,0,0.14973739
a11,199,1,0,0.19912407
a11,200,1,0,0.11580006
a11,201,1,0,0.17044714
a11,202,1,0,0.21227469
a11,203,1,0,0.32098266
a11,204,1,0,0.31916776
a11,205,1,0,0.36039966
a11,206,1,1,0.52043486
a11,207,1,0,0.06038644
a11,208,1,0,0.09370843
a11,209,1,0,0.30773932
a11,210,1,0,0.093936674
a11,211,1,0,0.2666781
a11,212,1,1,0.5967421
a11,213,1,1,0.62040424
a11,214,1,0,0.15638208
a11,215,1,0,0.42929
a11,216,1,0,0.19449481
a11,217,1,0,0.26194465
a11,218,1,0,0.4373571
a11,219,0,0,0.35606956
a11,220,0,0,0.071119666
a11,221,0,0,0.20713326
a11,222,0,0,0.123519026
a11,223,0,0,0.12818791
a11,224,0,0,0.2938606
a11,225,1,0,0.22132975
a11,226,1,0,0.35579294
a11,227,1,0,0.23176256
a11,228,1,0,0.39568618
a11,229,1,0,0.13629812
a11,230,1,0,0.47515565
a11,231,1,0,0.3978151
a11,232,1,0,0.13299854
a11,233,1,1,0.6927169
a11,234,1,0,0.16279365
a11,235,1,0,0.09002941
a11,236,1,0,0.26761198
a11,237,1,0,0.1263388
a11,238,1,0,0.14865962
a11,239,1,0,0.15577604
a11,240,1,0,0.32166362
a11,241,1,1,0.52250296
a11,242,1,0,0.11244371
a11,243,1,0,0.20049664
a11,244,1,0,0.1500322
a11,245,1,0,0.21490736
a11,246,1,0,0.46165067
a11,247,1,0,0.48107114
a11,248,1,1,0.5856758
a11,249,1,0,0.32946834
a11,250,1,0,0.20498726
a11,251,1,0,0.21926942
a11,252,1,1,0.68537086
a11,253,1,0,0.40747255
a11,254,1,0,0.22966762
a11,255,1,0,0.24480335
a11,256,1,0,0.43041688
a11,257,0,0,0.15777174
a11,258,0,0,0.2779996
a11,259,0,0,0.12094511
a11,260,0,0,0.10695065
a11,261,0,0,0.090817384
a11,262,0,0,0.06503156
a11,263,0,0,0.21660282
a11,264,0,0,0.12004586
a11,265,0,0,0.05007531
a11,266,0,0,0.059923243
a11,267,0,0,0.045305606
a11,268,0,0,0.06741309
a11,269,0,0,0.087545864
a11,270,0,0,0.07859921
a11,271,0,0,0.055363633
a11,272,0,0,0.15642093
a11,273,0,0,0.11075174
a11,274,0,0,0.07585184
a11,275,0,0,0.047774956
a11,276,0,0,0.20473796
a11,277,0,0,0.20889825
a11,278,0,0,0.07096331
a11,279,0,0,0.067761816
a11,280,0,0,0.05734812
a11,281,0,0,0.058109812
a11,282,0,0,0.08172881
a11,283,0,0,0.05945403
a11,284,0,0,0.04916448
a11,285,0,0,0.13363184
a11,286,0,0,0.034968447
a11,287,0,0,0.112237714
a11,288,0,0,0.11530759
a11,289,0,0,0.07242815
a11,290,0,0,0.068307094
a11,291,0,0,0.064169295
a11,292,0,0,0.105231054
a11,293,0,0,0.06569827
a11,294,0,0,0.08371031
a11,295,0,0,0.05557329
a11,296,0,0,0.047694046
a11,297,0,0,0.07593686
a11,298,0,0,0.22517599
a11,299,0,0,0.091963895
a11,300,0,0,0.027790368
a11,301,0,0,0.023723431
a11,302,0,0,0.10643339
a11,303,0,0,0.038206168
a11,304,0,0,0.044383425
a11,305,0,0,0.042950053
a11,306,0,0,0.12402012
a11,307,0,0,0.13389991
a11,308,0,0,0.12747414
a11,309,0,0,0.046490993
a11,310,0,0,0.038395576
a11,311,0,0,0.04471702
a11,312,0,1,0.6325886
a11,313,0,0,0.10588988
a11,314,0,0,0.05958066
a11,315,0,0,0.089814775
a11,316,0,0,0.08359733
a11,317,0,0,0.18818752
a11,318,0,0,0.055878974
a11,319,0,1,0.74530715
a11,320,0,0,0.049578138
a11,321,0,0,0.027118431
a11,322,0,0,0.09143967
a11,323,0,1,0.6854739
a11,324,0,1,0.7886211
a11,325,0,0,0.11674762
a11,326,0,0,0.06273453
a11,327,0,0,0.044212054
a11,328,0,0,0.19651195
a11,329,0,0,0.10523191
a11,330,0,0,0.0755498
a11,331,0,0,0.06907461
a11,332,0,0,0.119011335
a11,333,0,0,0.09143707
a11,334,0,0,0.041891906
a11,335,0,1,0.71892357
a11,336,0,1,0.6721514
a11,337,0,0,0.3527572
a11,338,0,1,0.5979432
a11,339,0,0,0.048397426
a11,340,0,0,0.056472983
a11,341,0,1,0.5793087
a11,342,0,0,0.17880437
a11,343,0,0,0.19576067
a11,344,0,0,0.14220747
a11,345,1,0,0.075776905
a11,346,1,0,0.21404852
a11,347,1,0,0.052748498
a11,348,1,0,0.12637642
a11,349,1,0,0.14033079
a11,350,1,0,0.46514055
a11,351,1,0,0.14323531
a11,352,1,0,0.071834475
a11,353,1,0,0.09766728
a11,354,1,0,0.24963956
a11,355,1,0,0.28601134
a11,356,1,0,0.19442579
a11,357,1,0,0.26647964
a11,358,1,0,0.07375008
a11,359,1,0,0.24003518
a11,360,1,0,0.43533763
a11,361,1,1,0.5934139
a11,362,1,0,0.16325147
a11,363,1,0,0.23189957
a11,364,1,0,0.1705007
a11,365,1,1,0.7033646
a11,366,1,0,0.36896294
a11,367,1,1,0.68652713
a11,368,1,0,0.2403186
a11,369,1,0,0.3041726
a11,370,1,1,0.58665425
a11,371,1,0,0.34429497
a11,372,1,1,0.5823093
a11,373,1,0,0.4251432
a11,374,1,0,0.17855994
a11,375,1,1,0.6635068
a11,376,1,0,0.15323551
a11,377,1,0,0.17504852
a11,378,1,0,0.32190067
a11,379,1,0,0.2449964
a11,380,1,1,0.6433657
a11,381,1,0,0.4545437
a11,382,1,1,0.7163902
a11,383,1,0,0.35265633
a11,384,1,1,0.6700808
a11,385,1,0,0.18337448
a11,386,1,0,0.10148457
a11,387,1,0,0.1028882
a11,388,1,0,0.49375343
a11,389,1,0,0.426052
a11,390,1,0,0.11869658
a11,391,1,0,0.48673984
a11,392,1,1,0.6557169
a11,393,1,1,0.6408726
a11,394,1,0,0.19288166
a11,395,1,0,0.34954926
a11,396,1,0,0.18910912
a11,397,1,0,0.13719974
a11,398,1,0,0.3213284
a11,399,1,1,0.71237713
a11,400,1,1,0.6765871
a11,401,1,0,0.26715267
a11,402,1,0,0.45642662
a11,403,1,1,0.66280943
a11,404,1,0,0.44802353
a11,405,1,0,0.19923055
a11,406,1,0,0.47579876
a11,407,1,0,0.3749386
a11,408,1,0,0.20050788
a11,409,1,1,0.54484564
a11,410,1,0,0.08347617
a11,411,1,0,0.32019186
a11,412,1,0,0.0645331
a11,413,1,0,0.1196651
a11,414,1,0,0.09365256
a11,415,1,0,0.15012795
a11,416,1,0,0.226183
a11,417,1,0,0.11802666
a11,418,0,0,0.11089083
a11,419,0,0,0.105647326
a11,420,0,0,0.07092589
a11,421,0,0,0.12321219
a11,422,0,0,0.067542866
a11,423,0,0,0.058942553
a11,424,0,0,0.07086812
a11,425,0,0,0.097313866
a11,426,1,0,0.11100794
a11,427,1,0,0.058745664
a11,428,1,0,0.23300226
a11,429,1,0,0.0323945
a11,430,1,0,0.045171242
a11,431,1,0,0.06164823
a11,432,1,0,0.023815593
a11,433,1,0,0.23191327
a11,434,1,0,0.27442196
a11,435,1,0,0.10734368
a11,436,1,0,0.06444898
a11,437,1,1,0.5978121
a11,438,1,0,0.21818222
a11,439,1,0,0.18426393
a11,440,1,1,0.70618314
a11,441,1,0,0.06399581
a11,442,1,0,0.118568815
a11,443,1,0,0.089710265
a11,444,1,1,0.5594632
a11,445,1,0,0.27928573
a11,446,1,0,0.115703404
a11,447,1,0,0.115547985
a11,448,1,0,0.22848327
a11,449,1,1,0.7090232
a11,450,1,1,0.5056052
a11,451,1,1,0.7252128
a11,452,1,0,0.14002524
a11,453,1,1,0.5625235
a11,454,1,1,0.6999725
a11,455,1,0,0.20358019
a11,456,1,0,0.06043043
a11,457,1,0,0.083012
a11,458,1,0,0.10620197
a11,459,1,0,0.25551584
a11,460,1,0,0.22693166
a11,461,1,0,0.37507463
a11,462,1,1,0.5194908
a11,463,1,0,0.23330782
a11,464,1,1,0.65664065
a11,465,1,0,0.17964692
a12,1,0,0,0.08726167
a12,2,0,0,0.09318179
a12,3,0,1,0.5411374
a12,4,0,0,0.0054095467
a12,5,0,0,0.11966049
a12,6,0,0,0.07733856
a12,7,0,0,0.47785518
a12,8,0,1,0.5828093
a12,9,0,0,0.16098349
a12,10,0,0,0.16658519
a12,11,0,0,0.14726278
a12,12,0,0,0.0039794887
a12,13,0,0,0.1412426
a12,14,0,0,0.47255972
a12,15,0,0,0.1686717
a12,16,0,0,0.3114908
a12,17,0,0,0.22957751
a12,18,0,1,0.53380054
a12,19,1,1,0.5041669
a12,20,1,0,0.17083293
a12,21,1,1,0.71524245
a12,22,1,0,0.36898696
a12,23,1,1,0.71345437
a12,24,1,1,0.7279672
a12,25,1,1,0.71072936
a12,26,1,1,0.7008884
a12,27,1,0,0.21968612
a12,28,1,1,0.73948264
a12,29,1,1,0.71747893
a12,30,1,1,0.5967735
a12,31,1,0,0.33223197
a12,32,1,0,0.14626408
a12,33,1,1,0.6978269
a12,34,1,1,0.6526301
a12,35,1,1,0.67152613
a12,36,1,1,0.5358252
a12,37,1,0,0.18277712
a12,38,1,1,0.53024614
a12,39,1,0,0.06342099
a12,40,1,0,0.18584384
a12,41,1,0,0.020666115
a12,42,1,0,0.019168556
a12,43,1,0,0.13060462
a12,44,1,0,0.04144431
a12,45,1,0,0.004514612
a12,46,1,0,0.18787293
a12,47,1,0,0.18073814
a12,48,1,0,0.13816033
a12,49,1,0,0.17056611
a12,50,1,0,0.0073133633
a12,51,1,0,0.17325681
a12,52,1,0,0.014142491
a12,53,1,1,0.5372249
a12,54,1,0,0.017787328
a12,55,1,1,0.5296546
a12,56,1,1,0.76854014
a12,57,1,0,0.22319813
a12,58,1,0,0.024846211
a12,59,1,1,0.64597607
a12,60,1,0,0.011062057
a12,61,1,1,0.55210155
a12,62,1,1,0.78583425
a12,63,1,1,0.74164873
a12,64,1,1,0.77866554
a12,65,1,1,0.70435053
a12,66,1,1,0.5436327
a12,67,1,0,0.028683992
a12,68,1,1,0.6547686
a12,69,1,1,0.7631201
a12,70,1,0,0.43849036
a12,71,1,1,0.64158297
a12,72,1,1,0.5846483
a12,73,1,1,0.7868757
a12,74,1,1,0.643865
a12,75,1,0,0.36339968
a12,76,1,0,0.39896938
a12,77,1,1,0.7757387
a12,78,1,1,0.7953431
a12,79,1,1,0.74192804
a12,80,1,1,0.8507571
a12,81,1,1,0.8082413
a12,82,1,1,0.7870827
a12,83,1,1,0.5958048
a12,84,1,0,0.069490805
a12,85,1,1,0.56535107
a12,86,1,1,0.5805656
a12,87,1,1,0.68555415
a12,88,1,1,0.7511903
a12,89,1,0,0.47539735
a12,90,1,0,0.03358382
a12,91,1,1,0.5183273
a12,92,1,0,0.20516674
a12,93,1,0,0.1636821
a12,94,1,0,0.09640011
a12,95,1,0,0.33865502
a12,96,1,0,0.3860825
a12,97,1,0,0.36158627
a12,98,1,0,0.2985421
a12,99,1,1,0.81411064
a12,100,1,0,0.22897092
a12,101,1,0,0.27542174
a12,102,1,0,0.36758265
a12,103,1,0,0.101282775
a12,104,1,1,0.8034157
a12,105,1,1,0.8893267
a12,106,1,1,0.8478707
a12,107,1,1,0.8374104
a12,108,1,1,0.6043379
a12,109,1,1,0.8687846
a12,110,1,1,0.8317911
a12,111,1,1,0.8187573
a12,112,1,1,0.7558016
a12,113,1,0,0.4083775
a12,114,1,1,0.694199
a12,115,1,1,0.720364
a12,116,1,1,0.8194858
a12,117,1,1,0.7194616
a12,118,1,1,0.7498928
a12,119,1,0,0.16905643
a12,120,1,0,0.26475933
a12,121,1,0,0.017550834
a12,122,1,0,0.008525092
a12,123,1,0,0.20866628
a12,124,1,0,0.29274535
a12,125,1,0,0.31178176
a12,126,1,0,0.29366887
a12,127,1,0,0.09454695
a12,128,1,0,0.13510525
a12,129,1,0,0.00037344085
a12,130,1,0,0.11276495
a12,131,1,0,0.011265862
a12,132,1,1,0.56076187
a12,133,1,0,0.08171904
a12,134,1,1,0.71227324
a12,135,1,0,0.17337376
a12,136,1,0,0.24605092
a12,137,1,0,0.105861805
a12,138,1,0,0.2960407
a12,139,1,0,0.11610926
a12,140,1,0,0.40211898
a12,141,1,1,0.70648694
a12,142,1,1,0.83550763
a12,143,1,1,0.8457819
a12,144,1,1,0.8418411
a12,145,1,1,0.72390074
a12,146,1,1,0.7660792
a12,147,1,0,0.40132537
a12,148,1,1,0.6520804
a12,149,1,1,0.68346465
a12,150,1,1,0.5989131
a12,151,1,0,0.33436605
a12,152,1,0,0.10137796
a12,153,1,0,0.006224831
a12,154,1,0,0.048426796
a12,155,1,0,0.42224047
a12,156,1,0,0.3053336
a12,157,1,1,0.63788813
a12,158,1,0,0.12059596
a12,159,1,0,0.3027351
a12,160,1,0,0.2508897
a12,161,1,0,0.07482796
a12,162,1,0,0.09957912
a12,163,1,1,0.7980641
a12,164,1,1,0.807673
a12,165,1,1,0.5590254
a12,166,1,0,0.45640436
a12,167,1,0,0.27789003
a12,168,1,0,0.083426185
a12,169,1,0,0.19485901
a12,170,1,1,0.52880853
a12,171,1,1,0.6447736
a12,172,1,0,0.18322445
a12,173,1,0,0.19638522
a12,174,1,1,0.53032166
a12,175,1,0,0.13175093
a12,176,1,1,0.7417511
a12,177,1,1,0.7565372
a12,178,1,1,0.72558296
a12,179,1,1,0.77005243
a12,180,1,0,0.35902938
a12,181,1,1,0.7671147
a12,182,1,1,0.78485143
a12,183,1,1,0.78716207
a12,184,1,0,0.30349544
a12,185,1,1,0.73290634
a12,186,1,0,0.20958437
a12,187,1,1,0.53272843
a12,188,1,0,0.045977253
a12,189,1,0,0.05747438
a12,190,1,0,0.2026487
a12,191,1,1,0.7280677
a12,192,1,1,0.58378845
a12,193,1,1,0.85002065
a12,194,1,1,0.80534106
a12,195,1,1,0.736464
a12,196,1,0,0.4656987
a12,197,1,0,0.46847808
a12,198,1,1,0.7903839
a12,199,1,0,0.4583472
a12,200,1,0,0.34100658
a12,201,1,0,0.056317896
a12,202,1,1,0.7769631
a12,203,1,1,0.621357
a12,204,1,1,0.5251269
a12,205,1,0,0.23067746
a12,206,1,1,0.5080059
a12,207,1,1,0.7280887
a12,208,1,1,0.7128163
a12,209,1,1,0.8339003
a12,210,1,1,0.77439255
a12,211,1,1,0.80850554
a12,212,1,1,0.82181776
a12,213,1,1,0.90257657
a12,214,1,1,0.8178346
a12,215,0,0,0.40816462
a12,216,0,0,0.46958798
a12,217,0,1,0.58392507
a12,218,0,1,0.722859
a12,219,0,1,0.77757126
a12,220,0,1,0.8187438
a12,221,0,1,0.67600614
a12,222,0,0,0.42189974
a12,223,1,1,0.5457037
a12,224,1,0,0.38748604
a12,225,1,1,0.70473933
a12,226,1,1,0.89335054
a12,227,1,1,0.53112864
a12,228,1,1,0.7914092
a12,229,1,1,0.8368312
a12,230,1,1,0.58153594
a12,231,1,0,0.477071
a12,232,1,1,0.75582147
a12,233,1,1,0.81977814
a12,234,1,1,0.80126345
a12,235,1,1,0.72092956
a12,236,1,1,0.81793827
a12,237,1,1,0.65110666
a12,238,1,1,0.60824364
a12,239,1,1,0.8535583
a12,240,1,1,0.73290616
a12,241,1,1,0.7888876
a12,242,1,1,0.80425054
a12,243,1,1,0.78821564
a12,244,1,1,0.8523649
a12,245,1,1,0.7437345
a12,246,1,1,0.7417254
a12,247,1,0,0.4877517
a12,248,1,1,0.629657
a12,249,1,1,0.65162534
a12,250,1,1,0.70115405
a12,251,1,1,0.8363474
a12,252,1,1,0.79695976
a12,253,1,0,0.45815092
a12,254,1,1,0.7127208
a12,255,1,1,0.572044
a12,256,1,1,0.81370157
a12,257,1,1,0.7498618
a12,258,1,1,0.8532526
a12,259,1,1,0.82793534
a12,260,1,1,0.8791789
a12,261,1,1,0.81505936
a12,262,1,1,0.82296073
a12,263,1,1,0.7581412
a12,264,1,1,0.64248675
a12,265,1,1,0.76497924
a12,266,1,1,0.87658083
a12,267,1,1,0.7705513
a12,268,1,0,0.33785293
a12,269,1,0,0.48234448
a12,270,1,1,0.87678176
a12,271,1,0,0.39206207
a12,272,1,0,0.16152917
a12,273,1,1,0.74009925
a12,274,1,1,0.7608274
a12,275,1,1,0.86242795
a12,276,1,0,0.4785095
a12,277,1,1,0.7267901
a12,278,1,1,0.78485245
a12,279,1,1,0.8682425
a12,280,1,1,0.8702506
a12,281,1,1,0.587331
a12,282,1,1,0.514124
a12,283,1,1,0.81500375
a12,284,1,1,0.8576411
a12,285,1,0,0.48534817
a12,286,1,1,0.76103824
a12,287,1,1,0.73648304
a12,288,1,1,0.6464454
a12,289,1,1,0.80451393
a12,290,1,1,0.8022404
a12,291,1,1,0.75875205
a12,292,1,1,0.84139
a12,293,1,1,0.6322499
a12,294,1,0,0.2721093
a12,295,1,1,0.77258104
a12,296,1,1,0.7492851
a12,297,1,0,0.20951235
a12,298,1,1,0.82145554
a12,299,1,1,0.6337683
a12,300,1,0,0.43430546
a12,301,1,1,0.63298404
a12,302,1,1,0.8549896
a12,303,1,1,0.70199037
a12,304,1,1,0.7741605
a12,305,1,1,0.84092444
a12,306,1,1,0.73656034
a12,307,1,1,0.7196085
a12,308,1,1,0.5935766
a12,309,1,0,0.41841954
a12,310,1,1,0.77182823
a12,311,1,1,0.6429357
a12,312,1,0,0.081099354
a12,313,1,0,0.19740073
a12,314,0,0,0.24051908
a12,315,1,0,0.43622142
a12,316,1,0,0.1975932
a12,317,1,0,0.36592647
a12,318,1,0,0.4820184
a12,319,0,0,0.16836487
a12,320,0,0,0.0961556
a12,321,0,0,0.08103899
a12,322,0,0,0.27576825
a12,323,1,0,0.25615084
a12,324,1,1,0.8219821
a12,325,1,1,0.5022353
a12,326,1,1,0.7995146
a12,327,1,1,0.62727284
a12,328,1,0,0.194583
a12,329,1,1,0.70867026
a12,330,1,1,0.7409725
a12,331,1,0,0.35464686
a12,332,1,1,0.74059564
a12,333,1,0,0.49024394
a12,334,1,0,0.33581957
a12,335,1,1,0.7004835
a12,336,1,0,0.49249163
a12,337,1,1,0.83914846
a12,338,1,0,0.30706748
a12,339,1,0,0.27652273
a12,340,1,0,0.45109695
a12,341,1,0,0.086812966
a12,342,1,0,0.2308364
a12,343,1,0,0.2507743
a12,344,1,0,0.4377411
a12,345,1,0,0.23791303
a12,346,1,1,0.59687126
a12,347,1,1,0.59710634
a12,348,1,0,0.1831323
a12,349,1,0,0.35000062
a12,350,1,0,0.20088561
a12,351,1,0,0.050156914
a12,352,1,1,0.8904613
a12,353,1,1,0.5900657
a12,354,1,1,0.6590349
a12,355,1,0,0.17229107
a12,356,1,0,0.49356535
a12,357,1,1,0.81052655
a12,358,1,1,0.7153654
a12,359,1,1,0.61605585
a12,360,1,1,0.68779737
a12,361,1,1,0.7070858
a12,362,1,1,0.8134203
a12,363,1,1,0.7824454
a12,364,1,1,0.68317485
a12,365,1,1,0.74010074
a12,366,1,1,0.7295307
a12,367,1,1,0.75718176
a12,368,1,1,0.53796864
a12,369,1,0,0.3523676
a12,370,1,0,0.24595344
a12,371,1,1,0.6803682
a12,372,1,1,0.5916296
a12,373,1,1,0.80200315
a12,374,1,1,0.8083472
a12,375,1,1,0.53216136
a12,376,1,1,0.8342423
a12,377,1,1,0.8397954
a12,378,1,1,0.6331649
a12,379,1,1,0.7102173
a12,380,0,1,0.65446585
a12,381,0,0,0.29389012
a12,382,0,1,0.7467792
a12,383,0,0,0.084756315
a12,384,0,0,0.0061282446
a12,385,0,0,0.11238989
a12,386,0,1,0.59812117
a12,387,1,0,0.17712401
a12,388,1,1,0.5872237
a12,389,1,1,0.8174699
a12,390,1,1,0.513033
a12,391,1,1,0.7836557
a12,392,1,1,0.80435425
a12,393,1,1,0.54050606
a12,394,1,1,0.8937623
a12,395,1,0,0.31099144
a12,396,1,1,0.6895823
a12,397,1,0,0.13341093
a12,398,1,0,0.04502316
a12,399,1,0,0.3286167
a12,400,1,1,0.81738675
a12,401,1,1,0.61899894
a12,402,1,1,0.75949204
a12,403,1,1,0.73641336
a12,404,1,1,0.73672915
a12,405,1,1,0.7998007
a12,406,1,0,0.19664326
a12,407,1,0,0.37585464
a12,408,1,1,0.815366
a12,409,1,0,0.15019631
a12,410,1,1,0.67380774
a12,411,1,1,0.77191067
a12,412,1,0,0.4966107
a12,413,1,1,0.76299274
a12,414,1,0,0.4355431
a12,415,1,1,0.7105126
a12,416,1,0,0.47582576
a12,417,1,0,0.33405155
a12,418,1,1,0.52199835
a12,419,1,0,0.35522482
a12,420,1,1,0.6362717
a12,421,1,0,0.27228227
a12,422,1,0,0.2955921
a12,423,1,1,0.808976
a12,424,1,1,0.842154
a12,425,1,1,0.721761
a12,426,1,0,0.15073568
a12,427,1,1,0.6094673
a12,428,1,1,0.81840324
a12,429,1,1,0.7804902
a12,430,1,1,0.5104184
a12,431,1,1,0.89030296
a12,432,1,1,0.732045
a12,433,1,1,0.7985715
a12,434,1,1,0.6541689
a12,435,1,1,0.5131741
a12,436,1,1,0.75682807
a12,437,1,1,0.8311459
a12,438,1,0,0.4129972
a12,439,1,1,0.7499019
a12,440,1,0,0.3396874
a12,441,1,1,0.73862314
a12,442,1,1,0.71234274
a12,443,1,1,0.70081353
a12,444,1,1,0.7179498
a12,445,1,1,0.79136336
a12,446,1,1,0.52233475
a12,447,1,1,0.5012201
a12,448,1,0,0.10753367
a12,449,1,1,0.8330027
a12,450,1,1,0.5449153
a12,451,1,0,0.15201661
a12,452,1,0,0.25401405
a12,453,1,0,0.49212885
a12,454,1,0,0.22758393
a12,455,1,0,0.22237633
a12,456,1,0,0.46050575
a12,457,1,0,0.3285499
a12,458,1,0,0.2572765
a12,459,1,0,0.06483751
a12,460,1,1,0.7536113
a12,461,1,0,0.26494193
a12,462,1,1,0.66407967
a12,463,1,0,0.15124269
a12,464,1,1,0.7322516
a12,465,1,1,0.6843289
a12,466,1,1,0.7931277
a12,467,1,1,0.79352593
a12,468,1,1,0.55800474
a12,469,1,1,0.60075414
a12,470,1,1,0.62638277
a12,471,1,1,0.5210235
a12,472,1,1,0.7712979
a12,473,1,0,0.391544
a12,474,1,1,0.73121816
a12,475,1,1,0.5617411
a12,476,1,0,0.4290655
a12,477,1,1,0.5946309
a12,478,0,0,0.2633084
a12,479,0,1,0.646623
a12,480,1,1,0.69176626
a12,481,1,0,0.4838644
a12,482,1,1,0.7635107
a12,483,1,1,0.76802236
a12,484,1,1,0.6951217
a12,485,1,0,0.17118438
a12,486,0,0,0.14079075
a12,487,0,0,0.48406196
a12,488,1,1,0.6506445
a12,489,1,0,0.40222737
a12,490,1,1,0.6584657
a12,491,1,0,0.28537056
a12,492,1,1,0.6507895
a12,493,1,0,0.1893423
a12,494,1,1,0.5162647
a12,495,1,1,0.52032745
a12,496,1,1,0.77534455
a12,497,1,0,0.23525453
a12,498,1,0,0.44044074
a12,499,1,0,0.46979144
a12,500,1,1,0.59528166
a12,501,1,0,0.24834555
a12,502,1,1,0.8439707
a12,503,1,0,0.37430128
a12,504,1,1,0.60430795
a12,505,1,1,0.5867607
a12,506,1,0,0.26991254
a12,507,1,1,0.60094184
a12,508,1,0,0.3244148
a12,509,1,1,0.677266
a12,510,1,0,0.4207043
a12,511,1,1,0.7207769
a12,512,1,1,0.51998115
a12,513,1,0,0.40601537
a12,514,1,1,0.5108432
a12,515,1,1,0.55183923
a12,516,1,1,0.5071406
a12,517,1,1,0.6335083
a12,518,1,1,0.8166599
a12,519,1,1,0.56163496
a12,520,1,0,0.4513676
a12,521,1,0,0.44720924
a12,522,1,0,0.46720043
a12,523,1,0,0.44279033
a12,524,1,0,0.44244123
a12,525,1,0,0.38587645
a12,526,1,0,0.44509465
a12,527,1,0,0.4170038
a12,528,1,0,0.073470406
a12,529,1,0,0.49897987
a12,530,1,0,0.4599989
a12,531,1,1,0.6694111
a12,532,1,1,0.6883179
a12,533,1,0,0.02938474
a12,534,1,0,0.3997941
a12,535,1,1,0.55682695
a12,536,1,1,0.6807651
a12,537,1,1,0.631254
a12,538,1,0,0.3047798
a12,539,1,1,0.6132726
a12,540,1,1,0.6945779
a12,541,1,1,0.69869643
a12,542,1,1,0.7229022
a12,543,1,1,0.5974013
a12,544,1,0,0.41440818
a12,545,1,1,0.6765752
a12,546,1,0,0.26174852
a12,547,1,0,0.17887445
a12,548,1,0,0.3641579
a12,549,1,1,0.6373118
a12,550,1,1,0.5493639
a12,551,1,1,0.73871964
a12,552,1,1,0.8282051
a12,553,1,0,0.46504185
a12,554,1,1,0.70967776
a12,555,1,0,0.26032522
a12,556,1,1,0.6739144
a12,557,1,0,0.36339995
a12,558,1,1,0.6863336
a12,559,1,0,0.27109396
a12,560,1,0,0.38951278
a12,561,1,0,0.28536707
a12,562,1,1,0.6849846
a12,563,1,1,0.71510375
a12,564,1,0,0.29265332
a12,565,1,1,0.63940346
a12,566,1,0,0.49837145
a12,567,1,0,0.27041534
a12,568,1,1,0.6015154
a12,569,1,1,0.82106143
a12,570,1,1,0.7214932
a12,571,1,1,0.59040976
a12,572,1,1,0.8056229
a12,573,1,1,0.87016904
a12,574,1,1,0.53608537
a12,575,1,1,0.8572671
a12,576,1,1,0.88758737
a13,1,0,0,0.4329698
a13,2,0,1,0.5456489
a13,3,0,0,0.4127182
a13,4,0,1,0.58279866
a13,5,0,0,0.4866665
a13,6,0,0,0.37531608
a13,7,0,1,0.5458292
a13,8,0,0,0.46689826
a13,9,0,0,0.4903115
a13,10,0,0,0.47007537
a13,11,0,1,0.51260626
a13,12,0,1,0.5884854
a13,13,0,1,0.50973135
a13,14,0,0,0.49833047
a13,15,0,0,0.48051468
a13,16,0,1,0.5318043
a13,17,0,0,0.2658214
a13,18,0,0,0.39742595
a13,19,0,1,0.66706014
a13,20,0,0,0.2762942
a13,21,0,0,0.29606524
a13,22,0,1,0.57242924
a13,23,0,0,0.20625629
a13,24,0,1,0.68683946
a13,25,0,0,0.2891555
a13,26,0,1,0.5243602
a13,27,0,1,0.6073383
a13,28,0,1,0.52712744
a13,29,0,1,0.6539226
a13,30,0,1,0.5774403
a13,31,0,1,0.51740277
a13,32,0,1,0.56258446
a13,33,0,0,0.4059629
a13,34,0,1,0.58275414
a13,35,0,1,0.63934535
a13,36,0,1,0.7002101
a13,37,1,1,0.6208193
a13,38,1,1,0.61552405
a13,39,1,1,0.65334606
a13,40,1,1,0.72940326
a13,41,1,1,0.67873794
a13,42,1,1,0.6920451
a13,43,1,1,0.6911938
a13,44,1,1,0.64352584
a13,45,1,1,0.67348635
a13,46,1,1,0.60837466
a13,47,1,1,0.6606214
a13,48,1,1,0.64293784
a13,49,1,1,0.7265612
a13,50,1,1,0.67450637
a13,51,1,1,0.6103038
a13,52,1,1,0.55543935
a13,53,1,1,0.73413175
a13,54,1,1,0.7026494
a13,55,1,1,0.6764526
a13,56,1,1,0.68196094
a13,57,1,1,0.650755
a13,58,1,1,0.62347776
a13,59,1,1,0.67192394
a13,60,1,1,0.71597564
a13,61,1,1,0.7124024
a13,62,1,1,0.592061
a13,63,1,1,0.72196794
a13,64,1,1,0.6965641
a13,65,1,1,0.7192746
a13,66,0,1,0.57705885
a13,67,0,0,0.46573913
a13,68,0,0,0.28854728
a13,69,0,1,0.57587177
a13,70,1,0,0.255149
a13,71,1,1,0.5830395
a13,72,1,1,0.6347903
a13,73,1,1,0.66067386
a13,74,0,0,0.49969786
a13,75,0,0,0.40085122
a13,76,0,0,0.3165317
a13,77,0,0,0.39186615
a13,78,0,0,0.19603395
a13,79,0,0,0.27358654
a13,80,0,0,0.19009435
a13,81,0,0,0.18594374
a13,82,0,0,0.21050319
a13,83,0,0,0.26850644
a13,84,0,0,0.2715019
a13,85,0,0,0.15638451
a13,86,0,0,0.13609375
a13,87,0,0,0.27030015
a13,88,0,0,0.17224078
a13,89,0,0,0.09887459
a13,90,0,0,0.12154086
a13,91,0,0,0.10540644
a13,92,0,0,0.1529325
a13,93,0,0,0.15366444
a13,94,0,0,0.12356202
a13,95,0,0,0.11998269
a13,96,0,0,0.11727228
a13,97,0,0,0.14406285
a13,98,0,0,0.11162972
a13,99,0,0,0.11400082
a13,100,0,0,0.14799348
a13,101,0,0,0.08113233
a13,102,0,0,0.21264586
a13,103,0,0,0.12302419
a13,104,0,0,0.12409277
a13,105,0,0,0.14900325
a13,106,0,0,0.12858829
a13,107,0,0,0.13627852
a13,108,0,0,0.17977911
a13,109,0,0,0.16178203
a13,110,0,0,0.3285948
a13,111,0,0,0.1581672
a13,112,0,0,0.19881876
a13,113,0,0,0.3939974
a13,114,0,0,0.4975713
a13,115,1,0,0.42342645
a13,116,1,1,0.5420046
a13,117,1,1,0.5520858
a13,118,1,1,0.54895705
a13,119,0,1,0.6096882
a13,120,0,0,0.4027744
a13,121,0,1,0.50225705
a13,122,0,0,0.35193023
a13,123,0,0,0.28398675
a13,124,0,0,0.27755302
a13,125,0,0,0.12694086
a13,126,0,0,0.18245633
a13,127,0,0,0.14253752
a13,128,0,0,0.14365698
a13,129,0,0,0.15383658
a13,130,0,0,0.1634584
a13,131,0,0,0.12711444
a13,132,0,1,0.5435521
a13,133,0,0,0.26708817
a13,134,0,1,0.5035046
a13,135,0,0,0.10152449
a13,136,0,0,0.15275607
a13,137,0,0,0.3649522
a13,138,0,0,0.15477656
a13,139,0,0,0.25909424
a13,140,0,0,0.13578357
a13,141,0,0,0.11404107
a13,142,0,0,0.3192044
a13,143,0,0,0.18885024
a13,144,0,0,0.08772303
a13,145,0,0,0.07096637
a13,146,0,0,0.16848394
a13,147,0,0,0.14453638
a13,148,0,0,0.16534531
a13,149,0,0,0.4075396
a13,150,0,1,0.53568876
a13,151,1,1,0.5605969
a13,152,1,1,0.68759817
a13,153,1,1,0.6044799
a13,154,1,1,0.63139695
a13,155,1,1,0.6517816
a13,156,0,1,0.51274663
a13,157,0,0,0.4988111
a13,158,0,0,0.29326323
a13,159,0,0,0.07380891
a13,160,0,0,0.3764765
a13,161,0,0,0.496977
a13,162,0,0,0.49933654
a13,163,0,0,0.27948835
a13,164,0,1,0.69652414
a13,165,1,1,0.5599287
a13,166,0,0,0.42366138
a13,167,0,1,0.60726553
a13,168,1,1,0.69641185
a13,169,0,1,0.6673021
a13,170,0,1,0.72114134
a13,171,0,1,0.62595314
a13,172,1,1,0.7058936
a13,173,0,1,0.63872665
a13,174,0,1,0.7575915
a13,175,1,1,0.7633631
a13,176,1,1,0.51567316
a13,177,1,1,0.6225039
a13,178,1,1,0.6281993
a13,179,1,1,0.6347179
a13,180,1,1,0.6919438
a13,181,1,1,0.71178174
a13,182,1,1,0.6907327
a13,183,1,1,0.6602948
a13,184,1,1,0.5770133
a13,185,1,1,0.73074436
a13,186,1,1,0.6929184
a13,187,1,1,0.7147516
a13,188,1,1,0.5961972
a13,189,1,1,0.59957904
a13,190,1,1,0.7450133
a13,191,1,1,0.76289994
a13,192,1,1,0.7069772
a13,193,1,1,0.68313354
a13,194,1,1,0.75066304
a13,195,1,1,0.63923186
a13,196,1,1,0.5260313
a13,197,1,1,0.6724721
a13,198,1,1,0.71004975
a13,199,1,1,0.75219595
a13,200,1,1,0.764128
a13,201,1,1,0.5254457
a13,202,0,0,0.39869466
a13,203,0,1,0.5246417
a13,204,0,1,0.6766496
a13,205,1,1,0.60232544
a13,206,1,1,0.70406014
a13,207,1,1,0.7062856
a13,208,1,1,0.71294594
a13,209,1,1,0.7134456
a13,210,1,1,0.7061939
a13,211,1,1,0.5422055
a13,212,1,1,0.733562
a13,213,1,1,0.73326993
a13,214,1,1,0.7525798
a13,215,1,0,0.18110326
a13,216,0,0,0.4156513
a13,217,0,1,0.7113031
a13,218,1,1,0.658291
a13,219,1,1,0.66037583
a13,220,1,1,0.69326717
a13,221,1,1,0.74453026
a13,222,1,0,0.40526608
a13,223,1,1,0.50851554
a13,224,0,1,0.65484697
a13,225,1,1,0.5042606
a13,226,0,1,0.60902977
a13,227,0,0,0.4419771
a13,228,0,1,0.5684483
a13,229,0,1,0.5744409
a13,230,0,1,0.6487174
a13,231,0,0,0.36016443
a13,232,0,0,0.42799303
a13,233,0,0,0.445509
a13,234,0,0,0.43083343
a13,235,0,0,0.3147555
a13,236,1,1,0.62426656
a13,237,1,0,0.47791353
a13,238,1,1,0.6609963
a13,239,1,1,0.70301867
a13,240,1,1,0.63265735
a13,241,1,1,0.6079609
a13,242,1,1,0.52646637
a13,243,0,0,0.4937998
a13,244,0,1,0.5349288
a13,245,0,1,0.6055348
a13,246,0,0,0.4866674
a13,247,0,1,0.5918569
a13,248,0,1,0.57311594
a13,249,0,1,0.5800208
a13,250,1,1,0.74093866
a13,251,1,1,0.743859
a13,252,1,1,0.72135586
a13,253,1,1,0.6703826
a13,254,1,1,0.58829474
a13,255,1,1,0.7246301
a13,256,1,1,0.6094105
a13,257,1,1,0.7292345
a13,258,1,1,0.76123136
a13,259,1,1,0.7453769
a13,260,1,1,0.68327886
a13,261,0,1,0.67241937
a13,262,0,1,0.62590855
a13,263,0,1,0.7699245
a13,264,0,0,0.48415148
a13,265,0,1,0.7700722
a13,266,0,1,0.7639123
a13,267,0,1,0.73299
a13,268,0,1,0.67728674
a13,269,1,1,0.7616133
a13,270,1,1,0.7830034
a13,271,1,1,0.7405661
a13,272,1,1,0.6719834
a13,273,1,1,0.7798614
a13,274,1,1,0.7543917
a13,275,1,1,0.79361564
a13,276,1,1,0.7046814
a13,277,1,1,0.7815337
a13,278,1,1,0.7466259
a13,279,1,1,0.7192733
a13,280,1,1,0.7836223
a13,281,1,1,0.7476722
a13,282,1,1,0.7857921
a13,283,1,1,0.6908108
a13,284,1,1,0.81547546
a13,285,1,1,0.8016784
a13,286,1,1,0.766244
a13,287,1,1,0.7463841
a13,288,1,1,0.75883317
a13,289,0,1,0.7941147
a13,290,1,1,0.78953815
a13,291,1,1,0.7308394
a13,292,1,1,0.79008526
a13,293,1,1,0.6724922
a13,294,1,1,0.76696366
a13,295,1,1,0.7343428
a13,296,1,1,0.60715574
a13,297,0,1,0.5335295
a13,298,0,0,0.22344865
a13,299,0,0,0.1938962
a13,300,0,0,0.29223526
a13,301,0,0,0.3983998
a13,302,0,1,0.5739728
a13,303,0,0,0.47151202
a13,304,0,0,0.123601146
a13,305,0,0,0.2865375
a13,306,0,1,0.5946252
a13,307,0,0,0.13349053
a13,308,0,1,0.57745093
a13,309,0,0,0.27232125
a13,310,0,1,0.63800377
a13,311,0,1,0.56610674
a13,312,0,1,0.5679133
a13,313,0,0,0.41232148
a13,314,0,0,0.24089518
a13,315,0,0,0.38379484
a13,316,0,0,0.2502415
a13,317,0,0,0.3356493
a13,318,0,0,0.16253959
a13,319,0,0,0.39063507
a13,320,0,0,0.1978169
a13,321,0,0,0.32140476
a13,322,0,0,0.14811513
a13,323,0,0,0.08914077
a13,324,0,1,0.6150616
a13,325,0,1,0.6866384
a13,326,1,1,0.71138644
a13,327,1,1,0.6737733
a13,328,1,1,0.7749529
a13,329,1,1,0.75906897
a13,330,1,1,0.6762901
a13,331,1,1,0.7348643
a13,332,1,1,0.7240775
a13,333,1,1,0.68885386
a13,334,1,1,0.7748531
a13,335,1,1,0.7742418
a13,336,1,1,0.74331665
a13,337,1,1,0.7883186
a13,338,1,1,0.7792558
a13,339,1,1,0.7972864
a13,340,1,1,0.6637829
a13,341,1,1,0.7737893
a13,342,1,1,0.7524688
a13,343,1,1,0.7579329
a13,344,1,1,0.77382725
a13,345,1,1,0.77505773
a13,346,1,1,0.7312697
a13,347,1,1,0.8008797
a13,348,1,1,0.7766017
a13,349,1,1,0.7555691
a13,350,1,1,0.77815187
a13,351,1,1,0.6526149
a13,352,1,1,0.7492691
a13,353,1,1,0.6121403
a13,354,1,0,0.43626317
a13,355,1,1,0.792148
a13,356,1,1,0.77168804
a13,357,1,1,0.7719389
a13,358,1,1,0.7781021
a13,359,1,1,0.78518605
a13,360,1,1,0.7655204
a13,361,1,1,0.7755248
a13,362,1,1,0.7843404
a13,363,1,1,0.53091365
a13,364,1,1,0.7747478
a13,365,1,1,0.77939224
a13,366,1,1,0.74327767
a13,367,1,1,0.7641742
a13,368,1,1,0.7853956
a13,369,1,1,0.8014742
a13,370,1,1,0.71960276
a13,371,1,1,0.7694977
a13,372,1,1,0.769556
a13,373,1,1,0.6444654
a13,374,1,1,0.7344318
a13,375,1,1,0.74692154
a13,376,1,1,0.7736911
a13,377,1,1,0.78379077
a13,378,1,1,0.74949133
a13,379,1,1,0.79869103
a13,380,1,1,0.7496157
a13,381,1,1,0.7972664
a13,382,1,1,0.8085063
a13,383,1,1,0.76226836
a13,384,1,1,0.6994912
a13,385,1,1,0.6664777
a13,386,1,1,0.805675
a13,387,1,1,0.79691243
a13,388,1,1,0.6877578
a13,389,1,1,0.7578137
a13,390,1,1,0.7831095
a13,391,1,1,0.7687095
a13,392,1,1,0.81117886
a13,393,1,1,0.6089897
a13,394,1,1,0.78622997
a13,395,1,1,0.780448
a13,396,1,1,0.7821423
a13,397,1,1,0.705555
a13,398,1,1,0.7610626
a13,399,1,1,0.7793543
a13,400,1,1,0.7185919
a13,401,1,1,0.5566812
a13,402,0,0,0.40492642
a13,403,1,1,0.7830617
a13,404,1,1,0.78064454
a13,405,1,1,0.5915387
a13,406,1,1,0.79783326
a13,407,0,0,0.2023386
a13,408,0,1,0.6385656
a13,409,0,0,0.10941885
a13,410,0,1,0.6311008
a13,411,0,0,0.43161395
a13,412,0,0,0.43755525
a13,413,0,0,0.29517722
a13,414,0,0,0.47236365
a13,415,0,0,0.43664113
a13,416,0,0,0.40790758
a13,417,0,0,0.30265114
a13,418,0,0,0.31497046
a13,419,0,0,0.13081436
a13,420,0,0,0.32761687
a13,421,0,0,0.2199991
a13,422,0,0,0.15453795
a13,423,0,0,0.497172
a13,424,0,1,0.54122806
a13,425,1,0,0.32158566
a13,426,1,1,0.69542724
a13,427,1,1,0.67055744
a13,428,1,1,0.7535767
a13,429,1,1,0.5939944
a13,430,1,1,0.7465405
a13,431,1,1,0.7645997
a13,432,1,1,0.65840125
a13,433,1,1,0.75587356
a13,434,1,1,0.76751673
a13,435,1,1,0.7655227
a13,436,1,1,0.6566383
a13,437,1,1,0.6698829
a13,438,1,1,0.6553368
a13,439,1,1,0.67220306
a13,440,1,1,0.7622117
a13,441,1,1,0.72727376
a13,442,1,1,0.7677879
a13,443,1,1,0.72458076
a13,444,1,1,0.6382939
a13,445,0,0,0.29713073
a13,446,0,0,0.47127742
a13,447,0,0,0.36642468
a13,448,0,1,0.6566737
a13,449,0,1,0.61477107
a13,450,0,1,0.7048658
a13,451,0,1,0.58886266
a13,452,0,1,0.6343275
a13,453,0,0,0.37777144
a13,454,0,0,0.17256266
a13,455,0,0,0.1881204
a13,456,0,0,0.2846001
a13,457,0,0,0.13169885
a13,458,0,1,0.52800846
a13,459,0,0,0.14025892
a13,460,0,0,0.14193872
a13,461,0,1,0.7334812
a13,462,0,0,0.31466526
a13,463,0,0,0.22629231
a13,464,0,0,0.1436783
a13,465,0,1,0.60531956
a13,466,0,0,0.12181066
a13,467,0,0,0.12608452
a13,468,0,0,0.12351551
a13,469,0,0,0.10032167
a13,470,0,0,0.123321086
a13,471,0,1,0.5075876
a13,472,0,0,0.123151325
a13,473,0,0,0.21714395
a13,474,0,0,0.12841207
a13,475,0,0,0.15623307
a13,476,0,1,0.5347215
a13,477,0,0,0.21696706
a13,478,0,0,0.17370744
a13,479,0,0,0.23857261
a13,480,0,0,0.12998602
a13,481,0,0,0.37459818
a13,482,0,1,0.54262537
a13,483,0,0,0.338104
a13,484,0,0,0.44901213
a13,485,1,1,0.609051
a13,486,0,1,0.5721446
a13,487,1,0,0.47895777
a13,488,1,0,0.33021212
a13,489,1,1,0.67221373
a13,490,1,1,0.54209924
a13,491,1,1,0.7784065
a13,492,1,1,0.5991756
a13,493,1,0,0.36179984
a13,494,1,0,0.060942717
a14,1,0,0,0.1828287
a14,2,0,1,0.72377676
a14,3,0,1,0.80260867
a14,4,0,1,0.7312583
a14,5,0,1,0.5401961
a14,6,0,0,0.1802411
a14,7,0,1,0.7773807
a14,8,0,1,0.6296553
a14,9,0,1,0.8901023
a14,10,0,0,0.033250473
a14,11,0,1,0.88985276
a14,12,0,1,0.8234598
a14,13,0,0,0.036183894
a14,14,0,0,0.3203029
a14,15,1,0,0.051693447
a14,16,1,0,0.0458977
a14,17,1,0,0.108239084
a14,18,1,0,0.2642827
a14,19,1,0,0.029818578
a14,20,1,0,0.196091
a14,21,1,0,0.08357653
a14,22,1,0,0.2958642
a14,23,1,0,0.01893473
a14,24,1,0,0.028665205
a14,25,1,0,0.041049592
a14,26,1,0,0.023211489
a14,27,1,0,0.023013167
a14,28,1,0,0.029572936
a14,29,1,0,0.029141232
a14,30,1,0,0.020634687
a14,31,1,0,0.026290683
a14,32,1,0,0.06400737
a14,33,1,0,0.03554493
a14,34,1,0,0.043690752
a14,35,1,0,0.012678175
a14,36,1,0,0.031796988
a14,37,1,0,0.033708848
a14,38,1,0,0.021825273
a14,39,1,0,0.07342321
a14,40,1,0,0.030931095
a14,41,1,1,0.62383115
a14,42,1,0,0.385628
a14,43,1,0,0.07821508
a14,44,1,0,0.019072356
a14,45,1,0,0.07099078
a14,46,1,1,0.63573575
a14,47,1,0,0.010070236
a14,48,1,0,0.040272184
a14,49,1,0,0.11837704
a14,50,1,0,0.036499634
a14,51,1,0,0.13602374
a14,52,1,0,0.026493328
a14,53,1,0,0.012487906
a14,54,1,0,0.014534411
a14,55,1,0,0.29825005
a14,56,1,0,0.11120814
a14,57,1,0,0.15097181
a14,58,1,0,0.009271876
a14,59,1,0,0.21830477
a14,60,1,0,0.35302374
a14,61,1,1,0.8338789
a14,62,1,0,0.013713977
a14,63,1,0,0.025890402
a14,64,1,1,0.86202407
a14,65,1,0,0.15276177
a14,66,1,0,0.14150855
a14,67,1,1,0.85489976
a14,68,1,0,0.021972863
a14,69,1,1,0.610239
a14,70,1,0,0.09804947
a14,71,1,1,0.9075226
a14,72,1,0,0.013469536
a14,73,1,1,0.8557236
a14,74,1,1,0.7997385
a14,75,1,1,0.8785338
a14,76,1,1,0.87476426
a14,77,1,1,0.8826663
a14,78,1,1,0.89296436
a14,79,1,0,0.46092662
a14,80,1,0,0.4376788
a14,81,1,1,0.6276412
a14,82,1,1,0.60361916
a14,83,1,1,0.7033344
a14,84,1,0,0.4430479
a14,85,1,1,0.7990934
a14,86,1,1,0.8348787
a14,87,1,1,0.89051265
a14,88,1,1,0.9074859
a14,89,1,1,0.8741272
a14,90,1,0,0.21173671
a14,91,1,0,0.14599305
a14,92,1,1,0.50263995
a14,93,1,0,0.20202054
a14,94,1,1,0.5519718
a14,95,1,0,0.2514104
a14,96,1,1,0.81884146
a14,97,1,1,0.85504615
a14,98,1,0,0.3893412
a14,99,1,1,0.91484666
a14,100,1,1,0.7322113
a14,101,1,0,0.118141025
a14,102,1,1,0.8744774
a14,103,1,1,0.89215267
a14,104,1,1,0.8108452
a14,105,0,1,0.8659776
a14,106,0,0,0.036855116
a14,107,1,0,0.02369101
a14,108,1,0,0.06089743
a14,109,1,0,0.055055503
a14,110,1,0,0.3428378
a14,111,1,0,0.12148678
a14,112,1,0,0.07888071
a14,113,1,1,0.7608113
a14,114,1,0,0.07076819
a14,115,1,0,0.092117846
a14,116,1,0,0.32035252
a14,117,1,0,0.081849724
a14,118,1,0,0.09015421
a14,119,1,0,0.2840058
a14,120,1,0,0.2506519
a14,121,1,0,0.33321825
a14,122,1,0,0.43788254
a14,123,1,0,0.17147812
a14,124,1,0,0.23235957
a14,125,1,1,0.72450864
a14,126,1,0,0.3547935
a14,127,1,0,0.24594752
a14,128,1,1,0.6886411
a14,129,1,1,0.5292661
a14,130,1,0,0.43650404
a14,131,1,1,0.74592495
a14,132,1,1,0.60392183
a14,133,1,0,0.47472396
a14,134,1,0,0.1966709
a14,135,1,0,0.24328497
a14,136,1,0,0.31828102
a14,137,1,0,0.059344098
a14,138,1,1,0.7971698
a14,139,1,0,0.16429895
a14,140,1,1,0.73165905
a14,141,1,0,0.22512642
a14,142,1,1,0.766007
a14,143,1,0,0.06165844
a14,144,1,1,0.7032116
a14,145,1,1,0.67303234
a14,146,1,1,0.79929376
a14,147,1,1,0.7370569
a14,148,1,0,0.22708704
a14,149,1,0,0.31325784
a14,150,1,1,0.5644322
a14,151,1,1,0.85679907
a14,152,1,0,0.14363922
a14,153,1,1,0.72742194
a14,154,1,1,0.545103
a14,155,1,1,0.5345837
a14,156,1,1,0.74024653
a14,157,1,0,0.243509
a14,158,1,1,0.5613891
a14,159,1,1,0.6539093
a14,160,1,0,0.2740759
a14,161,1,0,0.11629667
a14,162,1,1,0.8892548
a14,163,1,0,0.4050191
a14,164,1,1,0.85869616
a14,165,1,0,0.072597966
a14,166,1,1,0.79538167
a14,167,1,0,0.3845275
a14,168,1,1,0.85193926
a14,169,1,1,0.8010652
a14,170,1,1,0.77009416
a14,171,1,1,0.5488033
a14,172,1,0,0.31676525
a14,173,1,1,0.85363674
a14,174,1,1,0.8542585
a14,175,1,1,0.6686184
a14,176,1,0,0.47110617
a14,177,1,1,0.6216384
a14,178,1,0,0.20754828
a14,179,1,1,0.7915884
a14,180,1,1,0.7760754
a14,181,1,0,0.46089956
a14,182,1,0,0.27718478
a14,183,1,0,0.24672963
a14,184,1,0,0.42945835
a14,185,1,0,0.08098539
a14,186,1,0,0.30279738
a14,187,1,1,0.88423973
a14,188,1,0,0.21962786
a14,189,1,0,0.4600207
a14,190,1,0,0.035540923
a14,191,1,0,0.3981333
a14,192,1,0,0.25410298
a14,193,1,1,0.5931923
a14,194,1,1,0.51138717
a14,195,1,0,0.15126684
a14,196,1,0,0.024549982
a14,197,1,1,0.86558104
a14,198,1,0,0.24604079
a14,199,1,0,0.41941085
a14,200,1,1,0.8765566
a14,201,1,0,0.0081355795
a14,202,1,1,0.8181195
a14,203,1,1,0.7868086
a14,204,1,0,0.3155756
a14,205,1,0,0.06696412
a14,206,1,0,0.38849235
a14,207,1,1,0.94766796
a14,208,1,1,0.85165554
a14,209,1,1,0.89335066
a14,210,1,1,0.6916257
a14,211,1,0,0.311499
a14,212,1,1,0.7649864
a14,213,1,1,0.77408606
a14,214,1,0,0.2939396
a14,215,1,0,0.25997713
a14,216,1,1,0.895073
a14,217,1,1,0.82260287
a14,218,1,1,0.7660894
a14,219,1,1,0.906545
a14,220,1,1,0.6045986
a14,221,1,1,0.7211736
a14,222,1,1,0.8366295
a14,223,1,0,0.26987597
a14,224,1,1,0.83340216
a14,225,1,1,0.5406832
a14,226,1,1,0.5775752
a14,227,1,0,0.06854547
a14,228,1,1,0.5578801
a14,229,1,1,0.831033
a14,230,1,1,0.630934
a14,231,1,1,0.83700234
a14,232,1,1,0.8144685
a14,233,1,1,0.58907753
a14,234,1,0,0.4492216
a14,235,1,1,0.73950034
a14,236,1,0,0.27511656
a14,237,1,0,0.42143732
a14,238,1,1,0.5514855
a14,239,1,1,0.5507642
a14,240,1,1,0.7747727
a14,241,1,1,0.8870443
a14,242,1,1,0.66955405
a14,243,1,1,0.6821163
a14,244,1,1,0.60992867
a14,245,1,1,0.6952923
a14,246,1,0,0.38779673
a14,247,1,1,0.8278043
a14,248,1,0,0.4962035
a14,249,1,0,0.4860347
a14,250,1,1,0.5851499
a14,251,1,1,0.8216151
a14,252,1,1,0.6251439
a14,253,1,1,0.85315204
a14,254,1,1,0.71432704
a14,255,1,0,0.07867725
a14,256,1,0,0.15580454
a14,257,1,1,0.52407396
a14,258,1,1,0.75441736
a14,259,1,1,0.54525346
a14,260,1,1,0.9045757
a14,261,1,0,0.16621272
a14,262,1,1,0.5540983
a14,263,1,1,0.8170801
a14,264,1,1,0.63784486
a14,265,1,1,0.5327843
a14,266,1,0,0.193217
a14,267,1,0,0.19720425
a14,268,1,1,0.6674605
a14,269,1,1,0.6725998
a14,270,1,1,0.6705874
a14,271,1,1,0.6356811
a14,272,1,1,0.6222459
a14,273,1,0,0.34690058
a14,274,1,1,0.84895307
a14,275,1,1,0.6528456
a14,276,1,1,0.85905504
a14,277,1,1,0.6215191
a14,278,1,0,0.37010142
a14,279,1,0,0.22881204
a14,280,1,1,0.71098584
a14,281,1,1,0.88356346
a14,282,1,1,0.6420103
a14,283,1,1,0.8320368
a14,284,1,1,0.77912587
a14,285,1,0,0.118650444
a14,286,1,1,0.5356903
a14,287,1,0,0.06603049
a14,288,1,1,0.8103662
a14,289,1,0,0.26007497
a14,290,1,1,0.7135216
a14,291,1,1,0.809112
a14,292,1,0,0.48223737
a14,293,1,1,0.58457917
a14,294,1,1,0.8256156
a14,295,1,1,0.84273756
a14,296,1,1,0.54192287
a14,297,1,1,0.7273166
a14,298,1,1,0.5247021
a14,299,1,0,0.35480243
a14,300,1,1,0.7574344
a14,301,1,1,0.6807698
a14,302,1,0,0.44707605
a14,303,1,1,0.57945156
a14,304,1,0,0.20904501
a14,305,1,1,0.7594284
a14,306,1,1,0.7155087
a14,307,1,1,0.6877053
a14,308,1,1,0.6951604
a14,309,1,1,0.57186663
a14,310,1,1,0.73242843
a14,311,1,1,0.8387306
a14,312,1,1,0.6937641
a14,313,1,1,0.74017376
a14,314,1,0,0.44884685
a14,315,1,0,0.3535486
a14,316,1,1,0.7922834
a14,317,1,1,0.768098
a14,318,1,1,0.8934219
a14,319,1,1,0.7497366
a14,320,1,1,0.8848415
a14,321,1,1,0.8065534
a14,322,1,1,0.9388436
a14,323,1,1,0.8189361
a14,324,1,0,0.35712874
a14,325,1,1,0.50145245
a14,326,1,1,0.9025866
a14,327,1,1,0.95706534
a14,328,1,1,0.866036
a14,329,1,1,0.83389735
a14,330,0,1,0.7942221
a14,331,0,1,0.7902827
a14,332,0,1,0.5015512
a14,333,0,0,0.3324515
a14,334,0,0,0.43335298
a14,335,0,1,0.82130325
a14,336,0,0,0.47410354
a14,337,0,1,0.825454
a14,338,0,0,0.47600606
a14,339,0,1,0.63195634
a14,340,0,1,0.83152354
a14,341,0,0,0.25055847
a14,342,0,1,0.63480383
a14,343,0,0,0.43849462
a14,344,0,1,0.6643153
a14,345,0,1,0.8190551
a14,346,0,0,0.17117602
a14,347,0,1,0.71870685
a14,348,0,1,0.8222784
a14,349,0,1,0.6544925
a14,350,0,1,0.7925974
a14,351,0,1,0.80326164
a14,352,0,1,0.70277643
a14,353,0,0,0.4805651
a14,354,0,1,0.8072311
a14,355,0,1,0.6819367
a14,356,0,0,0.3384476
a14,357,0,1,0.82994443
a14,358,0,0,0.45248157
a14,359,0,1,0.73798066
a14,360,0,1,0.6774412
a14,361,0,1,0.77793014
a14,362,0,1,0.8386583
a14,363,0,1,0.54798454
a14,364,0,1,0.7441578
a14,365,0,0,0.35373664
a14,366,0,1,0.79863614
a14,367,1,1,0.5106735
a14,368,1,1,0.82286835
a14,369,1,1,0.83422333
a14,370,1,1,0.62892026
a14,371,0,1,0.75500125
a14,372,0,1,0.7829145
a14,373,0,1,0.8575458
a14,374,1,0,0.32042143
a14,375,1,1,0.65920115
a14,376,1,1,0.5265487
a14,377,1,1,0.80779207
a14,378,1,1,0.896905
a14,379,0,1,0.85825783
a14,380,0,1,0.8627856
a14,381,1,0,0.06311994
a14,382,1,0,0.05319199
a14,383,1,0,0.063191034
a14,384,1,0,0.036961947
a14,385,1,0,0.020448335
a14,386,1,0,0.129774
a14,387,1,0,0.31353235
a14,388,1,0,0.03085706
a14,389,1,0,0.32115525
a14,390,1,1,0.54022455
a14,391,1,0,0.06293946
a14,392,1,0,0.06809928
a14,393,1,0,0.15619244
a14,394,1,0,0.078375325
a14,395,0,0,0.08252372
a14,396,0,0,0.021672366
a14,397,0,0,0.1430965
a14,398,0,0,0.25400078
a14,399,0,0,0.019461356
a14,400,0,0,0.24039786
a14,401,0,0,0.02755165
a14,402,0,0,0.117092095
a14,403,0,0,0.065295234
a14,404,0,0,0.3723616
a14,405,0,0,0.075637095
a14,406,0,0,0.043346286
a14,407,0,0,0.034015026
a14,408,0,0,0.053886645
a14,409,0,0,0.3326073
a14,410,0,0,0.028668687
a14,411,0,0,0.024756907
a14,412,0,1,0.76362306
a14,413,1,0,0.14683762
a14,414,1,0,0.24186799
a14,415,1,0,0.4209627
a14,416,1,0,0.048676472
a14,417,1,1,0.54991066
a14,418,1,1,0.57491046
a14,419,1,0,0.16332774
a14,420,0,0,0.049104396
a14,421,0,0,0.012047887
a14,422,0,0,0.027298871
a14,423,0,0,0.029658865
a14,424,0,0,0.019127414
a14,425,0,0,0.02343239
a14,426,0,0,0.034877267
a14,427,0,0,0.06067276
a14,428,0,1,0.87501466
a14,429,1,1,0.86078197
a14,430,1,0,0.44932485
a14,431,1,0,0.35854995
a14,432,1,0,0.28528494
a14,433,1,0,0.21502
a14,434,1,1,0.7496551
a14,435,1,1,0.86237454
a14,436,1,1,0.527851
a14,437,1,1,0.85419095
a14,438,1,1,0.891635
a14,439,1,0,0.1156553
a14,440,1,1,0.52066594
a14,441,1,1,0.8776143
a14,442,1,1,0.60015494
a14,443,1,1,0.576483
a14,444,1,1,0.8561987
a14,445,1,0,0.02621583
a14,446,1,1,0.84703606
a14,447,1,0,0.42899063
a14,448,1,1,0.74699944
a14,449,0,0,0.007849425
a14,450,0,0,0.0062930053
a14,451,0,1,0.880463
a14,452,1,1,0.8807681
a14,453,1,1,0.7200218
a14,454,1,1,0.86167526
a14,455,1,1,0.77182627
a14,456,1,0,0.13608848
a14,457,1,1,0.5942337
a14,458,1,0,0.043830186
a14,459,1,1,0.911719
a14,460,1,1,0.744722
a14,461,1,0,0.012961281
a14,462,1,1,0.9249965
a14,463,1,1,0.5803309
a14,464,1,1,0.65289116
a14,465,1,0,0.056420222
a14,466,1,1,0.5981316
a14,467,1,1,0.8583211
a14,468,1,1,0.77492356
a14,469,1,1,0.534475
a14,470,1,1,0.6386934
a14,471,1,0,0.16170762
a14,472,0,1,0.78984374
a14,473,0,1,0.7633408
a14,474,0,1,0.7518416
a14,475,0,1,0.8102162
a14,476,0,1,0.8929431
a14,477,0,0,0.1005076
a14,478,0,1,0.86383605
a14,479,0,1,0.50229996
a14,480,0,0,0.040288623
a14,481,0,0,0.04460415
a14,482,0,0,0.040976442
a14,483,0,0,0.15978085
a14,484,0,0,0.056300018
a14,485,0,0,0.18218283
a14,486,0,0,0.14638618
a14,487,0,0,0.09798267
a14,488,0,0,0.06122065
a14,489,0,0,0.03325466
a14,490,0,1,0.7899418
a14,491,0,0,0.07332752
a14,492,0,0,0.04454954
a14,493,0,0,0.10452371
a14,494,0,0,0.27395648
a14,495,0,0,0.21293958
a14,496,0,0,0.25857124
a14,497,0,0,0.47071287
a14,498,0,1,0.6777907
a14,499,0,1,0.59896684
a14,500,0,0,0.07507909
a14,501,0,1,0.73409396
a14,502,0,0,0.44972727
a14,503,0,0,0.21738814
a14,504,0,0,0.1585855
a14,505,0,0,0.17946643
a14,506,0,0,0.22687955
a14,507,0,0,0.3274687
a14,508,0,1,0.7634161
a15,1,0,1,0.71261746
a15,2,0,1,0.79389226
a15,3,0,1,0.8134526
a15,4,0,1,0.6770731
a15,5,0,1,0.66567725
a15,6,0,1,0.7312359
a15,7,0,1,0.7873811
a15,8,0,1,0.58184075
a15,9,0,1,0.5106495
a15,10,0,1,0.6746476
a15,11,0,1,0.5940487
a15,12,0,1,0.7454358
a15,13,0,0,0.4008011
a15,14,0,1,0.8518488
a15,15,0,1,0.84305
a15,16,0,1,0.763171
a15,17,0,0,0.48634043
a15,18,0,0,0.45624736
a15,19,0,1,0.5200734
a15,20,0,1,0.6177319
a15,21,0,1,0.87845486
a15,22,0,1,0.7717583
a15,23,0,0,0.36671087
a15,24,0,0,0.336035
a15,25,0,0,0.11937612
a15,26,0,0,0.308205
a15,27,0,0,0.1742191
a15,28,0,1,0.55891144
a15,29,0,1,0.6215594
a15,30,0,1,0.8301671
a15,31,1,0,0.42192626
a15,32,1,1,0.5636277
a15,33,1,1,0.8496332
a15,34,1,1,0.8098007
a15,35,1,1,0.7593838
a15,36,1,1,0.7380396
a15,37,1,1,0.7433795
a15,38,1,1,0.78273994
a15,39,1,1,0.7971475
a15,40,1,0,0.3626416
a15,41,1,1,0.82922626
a15,42,1,1,0.8926911
a15,43,1,1,0.75059414
a15,44,1,1,0.7105144
a15,45,1,1,0.8555251
a15,46,1,1,0.7867426
a15,47,1,1,0.8077328
a15,48,1,1,0.86845607
a15,49,1,1,0.8491069
a15,50,1,1,0.83495706
a15,51,1,1,0.74523276
a15,52,1,1,0.7522367
a15,53,0,1,0.60075086
a15,54,0,0,0.18102741
a15,55,0,1,0.65467954
a15,56,1,1,0.80759245
a15,57,1,1,0.70862466
a15,58,1,1,0.577934
a15,59,1,1,0.81016016
a15,60,1,1,0.7592021
a15,61,1,0,0.34527653
a15,62,1,1,0.82240117
a15,63,1,1,0.7741595
a15,64,1,1,0.79871094
a15,65,1,1,0.7414871
a15,66,1,1,0.8472244
a15,67,1,1,0.67510766
a15,68,1,1,0.8602603
a15,69,1,1,0.81899035
a15,70,1,1,0.8556864
a15,71,1,1,0.578927
a15,72,0,1,0.6041813
a15,73,0,1,0.6648426
a15,74,0,1,0.6934732
a15,75,0,1,0.73571014
a15,76,0,1,0.7368317
a15,77,0,1,0.77916014
a15,78,0,1,0.7475528
a15,79,1,1,0.6353893
a15,80,1,1,0.70722836
a15,81,1,1,0.6328258
a15,82,1,1,0.6229245
a15,83,1,1,0.6521522
a15,84,1,1,0.68310875
a15,85,1,1,0.7425697
a15,86,1,1,0.7737346
a15,87,1,1,0.7852248
a15,88,1,1,0.8407737
a15,89,1,1,0.8007326
a15,90,1,1,0.8086251
a15,91,1,1,0.8495926
a15,92,1,1,0.7750383
a15,93,1,1,0.8129
a15,94,1,1,0.8118856
a15,95,1,1,0.8099706
a15,96,1,1,0.83302456
a15,97,1,1,0.89587843
a15,98,1,1,0.835152
a15,99,1,1,0.8140713
a15,100,1,1,0.8440157
a15,101,1,1,0.7809831
a15,102,1,1,0.80387425
a15,103,1,1,0.71571976
a15,104,1,1,0.85760146
a15,105,1,1,0.71555895
a15,106,1,1,0.81917894
a15,107,1,1,0.81708914
a15,108,1,1,0.7714724
a15,109,1,1,0.75860685
a15,110,1,1,0.8060314
a15,111,1,1,0.7930636
a15,112,1,1,0.7852728
a15,113,0,1,0.5582119
a15,114,0,1,0.56060374
a15,115,0,1,0.5032571
a15,116,0,0,0.4826871
a15,117,0,0,0.37558326
a15,118,0,0,0.45475534
a15,119,0,1,0.500292
a15,120,0,0,0.48413017
a15,121,0,1,0.7911254
a15,122,0,1,0.8615616
a15,123,0,1,0.79004705
a15,124,0,1,0.75328815
a15,125,1,1,0.8532754
a15,126,1,1,0.8412971
a15,127,1,1,0.8512
a15,128,1,1,0.8292777
a15,129,1,1,0.7520256
a15,130,1,1,0.8587371
a15,131,1,1,0.79299
a15,132,1,1,0.657049
a15,133,1,1,0.81772906
a15,134,1,1,0.8492877
a15,135,1,1,0.7793318
a15,136,1,1,0.8495058
a15,137,1,1,0.78157115
a15,138,1,1,0.6498989
a15,139,1,1,0.7544341
a15,140,1,1,0.78334534
a15,141,1,1,0.8848117
a15,142,1,1,0.83971286
a15,143,1,1,0.85841525
a15,144,1,1,0.8746197
a15,145,1,1,0.820815
a15,146,1,1,0.8659488
a15,147,1,1,0.84617233
a15,148,1,1,0.81877404
a15,149,1,1,0.86342776
a15,150,1,1,0.7964323
a15,151,1,1,0.86546564
a15,152,1,1,0.8281972
a15,153,1,1,0.5349635
a15,154,1,1,0.78908545
a15,155,1,1,0.7662387
a15,156,1,1,0.56706446
a15,157,1,1,0.7948962
a15,158,1,1,0.86499596
a15,159,1,1,0.74415344
a15,160,1,1,0.84934914
a15,161,1,1,0.8203244
a15,162,1,1,0.85410523
a15,163,1,1,0.8272009
a15,164,1,1,0.79786307
a15,165,1,1,0.84475654
a15,166,1,1,0.76100636
a15,167,1,1,0.6786935
a15,168,1,1,0.7100953
a15,169,1,1,0.8385487
a15,170,1,1,0.6331101
a15,171,0,0,0.49004844
a15,172,0,1,0.534721
a15,173,0,1,0.76793444
a15,174,0,1,0.8442328
a15,175,1,1,0.847446
a15,176,1,1,0.82494426
a15,177,1,1,0.85017914
a15,178,1,1,0.8510701
a15,179,1,1,0.8005271
a15,180,1,1,0.79489416
a15,181,1,1,0.70495653
a15,182,1,1,0.8174187
a15,183,1,1,0.812749
a15,184,1,1,0.8586019
a15,185,1,1,0.6687502
a15,186,1,1,0.7490227
a15,187,1,1,0.8227741
a15,188,1,1,0.77893263
a15,189,1,1,0.80457866
a15,190,1,1,0.7991391
a15,191,1,1,0.79799384
a15,192,1,1,0.7724577
a15,193,1,1,0.8023272
a15,194,1,1,0.8273066
a15,195,1,1,0.7580392
a15,196,1,1,0.62967026
a15,197,0,1,0.5325239
a15,198,0,1,0.59068567
a15,199,0,0,0.45788205
a15,200,0,0,0.3342929
a15,201,0,0,0.45952198
a15,202,0,0,0.34642255
a15,203,0,0,0.14049381
a15,204,0,0,0.19118659
a15,205,0,0,0.27244776
a15,206,0,1,0.69741476
a15,207,1,1,0.51120406
a15,208,1,1,0.72108144
a15,209,1,1,0.6951429
a15,210,1,1,0.7154564
a15,211,1,0,0.26981634
a15,212,1,0,0.29399383
a15,213,1,1,0.7050445
a15,214,1,1,0.76398534
a15,215,1,1,0.673083
a15,216,1,1,0.7435988
a15,217,1,1,0.78729725
a15,218,1,1,0.82682616
a15,219,1,1,0.8030868
a15,220,1,1,0.7374489
a15,221,1,1,0.7716765
a15,222,1,1,0.72042906
a15,223,1,1,0.8178335
a15,224,1,1,0.76874495
a15,225,1,1,0.75370604
a15,226,1,1,0.78210795
a15,227,1,1,0.78484595
a15,228,1,1,0.82217944
a15,229,1,1,0.80435383
a15,230,1,1,0.77297246
a15,231,1,1,0.8099178
a15,232,1,1,0.6257378
a15,233,1,1,0.6931855
a15,234,1,1,0.75359446
a15,235,1,1,0.79371434
a15,236,1,1,0.78754175
a15,237,1,1,0.7354979
a15,238,1,1,0.8031401
a15,239,1,1,0.81552416
a15,240,1,1,0.8105541
a15,241,1,1,0.8556332
a15,242,1,1,0.7905475
a15,243,1,1,0.82358056
a15,244,1,1,0.8038022
a15,245,1,1,0.78758967
a15,246,1,1,0.7712843
a15,247,1,1,0.812246
a15,248,1,1,0.78234255
a15,249,1,1,0.8179966
a15,250,1,1,0.79154223
a15,251,1,1,0.79112875
a15,252,1,1,0.77574617
a15,253,1,1,0.6642245
a15,254,1,1,0.797966
a15,255,1,1,0.78816426
a15,256,1,1,0.7986317
a15,257,1,1,0.7850446
a15,258,1,1,0.79872596
a15,259,1,1,0.7806354
a15,260,1,1,0.8289936
a15,261,1,1,0.80770373
a15,262,1,0,0.48133266
a15,263,1,1,0.79036427
a15,264,1,1,0.75938934
a15,265,1,1,0.80710673
a15,266,1,1,0.7807964
a15,267,1,1,0.7640693
a15,268,1,1,0.8480075
a15,269,1,1,0.7886335
a15,270,1,1,0.7783775
a15,271,1,1,0.8017209
a15,272,1,1,0.7798351
a15,273,1,1,0.7998741
a15,274,1,1,0.78986996
a15,275,1,1,0.8231709
a15,276,1,1,0.7997475
a15,277,1,1,0.7766072
a15,278,1,1,0.5267773
a15,279,1,1,0.8076317
a15,280,1,1,0.7626584
a15,281,1,1,0.7806166
a15,282,1,1,0.81690127
a15,283,1,1,0.80654633
a15,284,1,1,0.81324726
a15,285,1,1,0.6744412
a15,286,1,1,0.6420779
a15,287,1,1,0.82088435
a15,288,0,0,0.4683559
a15,289,0,1,0.80500656
a15,290,0,0,0.121777765
a15,291,0,0,0.09108516
a15,292,0,0,0.15373792
a15,293,0,0,0.24107487
a15,294,0,0,0.19845077
a15,295,0,0,0.2765106
a15,296,0,1,0.67553335
a15,297,0,1,0.74029905
a15,298,0,1,0.5021129
a15,299,0,0,0.45868918
a15,300,0,1,0.74442565
a15,301,1,1,0.7757445
a15,302,1,1,0.79276353
a15,303,1,1,0.7650462
a15,304,1,1,0.7854036
a15,305,1,1,0.8254637
a15,306,1,1,0.79874736
a15,307,1,1,0.82819474
a15,308,1,1,0.83796775
a15,309,1,1,0.8139467
a15,310,1,1,0.86046
a15,311,1,1,0.8438684
a15,312,1,1,0.82557017
a15,313,1,1,0.8552437
a15,314,1,1,0.8104464
a15,315,1,1,0.8232345
a15,316,1,1,0.8081682
a15,317,1,1,0.8121936
a15,318,1,1,0.8629502
a15,319,1,1,0.8690066
a15,320,1,1,0.5703003
a15,321,1,1,0.7299485
a15,322,1,1,0.74943
a15,323,0,1,0.7124216
a15,324,0,1,0.82312715
a15,325,0,1,0.78900737
a15,326,1,1,0.6078882
a15,327,1,0,0.46658528
a15,328,1,1,0.76182276
a15,329,1,1,0.7594893
a15,330,1,1,0.7291623
a15,331,1,1,0.7725218
a15,332,1,1,0.7999083
a15,333,1,1,0.7757853
a15,334,1,1,0.80801606
a15,335,1,1,0.8604266
a15,336,1,1,0.714308
a15,337,1,1,0.75210917
a15,338,1,1,0.7134276
a15,339,1,1,0.78453314
a15,340,1,1,0.8273436
a15,341,1,1,0.78720963
a15,342,1,1,0.7720741
a15,343,1,1,0.80284154
a15,344,1,1,0.7968526
a15,345,1,1,0.80194604
a15,346,1,1,0.809989
a15,347,1,1,0.81438756
a15,348,1,1,0.8016658
a15,349,1,1,0.8039467
a15,350,1,1,0.8152826
a15,351,1,1,0.78917795
a15,352,1,1,0.80666625
a15,353,1,1,0.8208393
a15,354,1,1,0.7993243
a15,355,1,1,0.78980815
a15,356,1,1,0.7102892
a15,357,1,1,0.8218305
a15,358,1,1,0.80992496
a15,359,1,1,0.7641988
a15,360,1,1,0.81735057
a15,361,1,1,0.8080982
a15,362,1,1,0.717154
a15,363,1,1,0.79656255
a15,364,1,1,0.8534458
a15,365,1,1,0.77374846
a15,366,1,1,0.8096673
a15,367,1,0,0.30525467
a15,368,1,0,0.36021823
a15,369,1,1,0.5620116
a15,370,0,0,0.15131776
a15,371,1,1,0.7110886
a15,372,1,1,0.7165459
a15,373,1,1,0.73959243
a15,374,1,1,0.64167845
a15,375,0,1,0.78567845
a15,376,0,0,0.454215
a15,377,0,0,0.15377462
a15,378,0,1,0.7644525
a15,379,1,0,0.09065623
a15,380,0,0,0.17349212
a15,381,0,1,0.79887
a15,382,0,1,0.64025027
a15,383,0,1,0.7248248
a15,384,0,1,0.8179668
a15,385,0,0,0.1330168
a15,386,0,0,0.078374684
a15,387,0,1,0.7131505
a15,388,0,0,0.10959503
a15,389,0,1,0.8207288
a15,390,0,1,0.772095
a15,391,0,1,0.70608765
a15,392,0,0,0.15542112
a15,393,0,0,0.16319486
a15,394,0,1,0.8026024
a15,395,0,1,0.7137907
a15,396,0,1,0.814909
a15,397,0,1,0.71957356
a15,398,0,0,0.46768138
a15,399,0,0,0.13544793
a15,400,0,0,0.3322136
a15,401,0,1,0.5903329
a15,402,0,0,0.32535073
a15,403,0,0,0.378681
a15,404,1,0,0.24103999
a15,405,1,0,0.11859373
a15,406,1,0,0.11231623
a15,407,1,0,0.14312208
a15,408,1,0,0.4934075
a15,409,1,1,0.5807213
a15,410,1,1,0.8315106
a15,411,1,1,0.7858245
a15,412,1,1,0.54802215
a15,413,1,1,0.7290235
a15,414,1,1,0.7227308
a15,415,1,1,0.7018824
a15,416,1,1,0.80933106
a15,417,1,1,0.7603675
a15,418,1,1,0.74097747
a15,419,1,1,0.8170559
a15,420,1,1,0.8008204
a15,421,1,1,0.8131427
a15,422,1,1,0.7341623
a15,423,1,1,0.78965515
a15,424,1,1,0.8005018
a15,425,1,1,0.8063644
a15,426,1,1,0.82191813
a15,427,1,1,0.82160175
a15,428,1,1,0.72867113
a15,429,1,1,0.5482381
a15,430,1,1,0.8246317
a15,431,1,1,0.65984005
a15,432,1,0,0.47047222
a15,433,1,1,0.8206289
a15,434,1,1,0.83278656
a15,435,1,1,0.8022302
a15,436,1,1,0.7824182
a15,437,0,1,0.73859346
a15,438,0,1,0.78104866
a15,439,1,1,0.5539842
a15,440,0,1,0.80413026
a15,441,1,1,0.75399435
a15,442,1,1,0.68749785
a15,443,1,1,0.5167284
a15,444,1,1,0.7752886
a15,445,1,1,0.6136876
a15,446,0,0,0.48968735
a15,447,0,0,0.36602905
a15,448,0,0,0.2917138
a15,449,0,1,0.6893568
a15,450,0,1,0.70550114
a15,451,1,1,0.8192656
a15,452,0,1,0.7530798
a15,453,0,1,0.80935884
a15,454,1,1,0.78359795
a15,455,1,1,0.8309625
a15,456,1,1,0.8193133
a15,457,1,1,0.80808157
a15,458,1,1,0.82769936
a15,459,1,1,0.7708517
a15,460,1,1,0.7705069
a15,461,1,1,0.8457944
a15,462,1,1,0.82748127
a15,463,1,1,0.81661373
a15,464,1,1,0.7953479
a15,465,1,1,0.8172777
a15,466,1,1,0.8065074
a15,467,1,1,0.82533693
a15,468,1,1,0.81154233
a15,469,1,1,0.8687713
a15,470,1,1,0.86159986
a15,471,1,1,0.8373302
a15,472,1,1,0.8187057
a15,473,1,1,0.7846937
a15,474,1,1,0.8507618
a15,475,1,1,0.78224766
a15,476,1,1,0.8470353
a15,477,1,1,0.85281664
a15,478,0,1,0.81425095
a15,479,0,0,0.44642866
a15,480,0,0,0.29498073
a15,481,0,1,0.6622898
a15,482,0,1,0.50219667
a15,483,0,0,0.30163383
a15,484,1,1,0.60149217
a15,485,1,0,0.33434653
a15,486,1,0,0.17244868
a15,487,1,0,0.19926557
a15,488,1,0,0.2090528
a15,489,1,0,0.20307954
a15,490,1,0,0.16145556
a15,491,1,0,0.14337316
a15,492,1,0,0.20992003
a15,493,1,0,0.24156824
a15,494,1,0,0.2434899
a15,495,1,0,0.28095445
a15,496,0,1,0.72010326
a15,497,0,1,0.8127456
a15,498,0,1,0.7241476
a15,499,0,0,0.123018995
a15,500,0,0,0.18066126
a15,501,0,0,0.3413762
a15,502,0,0,0.27113423
a15,503,0,0,0.16660431
a15,504,0,1,0.63319695
a15,505,0,0,0.09672115
a15,506,0,0,0.28756297
a15,507,0,1,0.6246965
a15,508,0,0,0.47425687
a15,509,0,0,0.071188755
a16,1,0,0,0.48211747
a16,2,0,1,0.6083012
a16,3,0,1,0.5625651
a16,4,0,0,0.08364928
a16,5,0,0,0.20573424
a16,6,0,0,0.16703969
a16,7,0,0,0.23602681
a16,8,0,0,0.1276222
a16,9,0,1,0.6274857
a16,10,0,0,0.10106904
a16,11,0,0,0.25174406
a16,12,0,0,0.1176132
a16,13,0,0,0.14255005
a16,14,0,0,0.11522837
a16,15,0,0,0.22714135
a16,16,0,0,0.17939031
a16,17,0,1,0.55326426
a16,18,0,0,0.41654345
a16,19,0,0,0.47319436
a16,20,0,0,0.14457844
a16,21,0,0,0.41842785
a16,22,0,1,0.52120644
a16,23,0,0,0.2152478
a16,24,0,0,0.39624134
a16,25,0,0,0.2534223
a16,26,0,0,0.28130707
a16,27,0,0,0.47696254
a16,28,0,1,0.5390308
a16,29,0,0,0.25136304
a16,30,0,0,0.22533761
a16,31,0,0,0.26907596
a16,32,0,1,0.52926177
a16,33,0,0,0.22589704
a16,34,0,1,0.65535337
a16,35,0,0,0.10647247
a16,36,0,0,0.429453
a16,37,0,0,0.17103766
a16,38,0,0,0.26031244
a16,39,0,0,0.07204479
a16,40,0,1,0.72831064
a16,41,0,0,0.3072263
a16,42,0,0,0.26548377
a16,43,0,0,0.25144973
a16,44,0,1,0.7615992
a16,45,0,1,0.5352678
a16,46,0,0,0.21594322
a16,47,0,1,0.52587587
a16,48,0,0,0.43234912
a16,49,0,0,0.44340008
a16,50,0,1,0.52562207
a16,51,0,0,0.234909
a16,52,0,1,0.7003666
a16,53,0,0,0.2059194
a16,54,0,0,0.29704493
a16,55,0,0,0.34970456
a16,56,0,0,0.46952453
a16,57,0,1,0.5887573
a16,58,1,1,0.5623481
a16,59,1,0,0.4572167
a16,60,1,1,0.6720825
a16,61,1,0,0.29596615
a16,62,0,1,0.58721936
a16,63,0,0,0.45509166
a16,64,0,0,0.24563828
a16,65,0,1,0.57243824
a16,66,0,1,0.6867516
a16,67,1,1,0.6856862
a16,68,1,1,0.6510666
a16,69,0,1,0.6733703
a16,70,0,1,0.5737311
a16,71,0,0,0.46092498
a16,72,0,0,0.29498863
a16,73,0,0,0.13499072
a16,74,0,0,0.10505648
a16,75,0,0,0.11566869
a16,76,0,1,0.6248345
a16,77,0,1,0.6984042
a16,78,0,0,0.07421761
a16,79,0,0,0.14170359
a16,80,0,0,0.3110472
a16,81,1,0,0.4479599
a16,82,1,0,0.40555748
a16,83,1,0,0.24017452
a16,84,1,1,0.6007763
a16,85,1,0,0.49481088
a16,86,1,0,0.47586483
a16,87,1,0,0.45539355
a16,88,1,1,0.7678573
a16,89,1,1,0.5533018
a16,90,1,1,0.71965486
a16,91,1,1,0.6070667
a16,92,1,1,0.7511376
a16,93,1,1,0.70961434
a16,94,1,1,0.745913
a16,95,1,1,0.82234734
a16,96,0,0,0.3460031
a16,97,0,0,0.4709834
a16,98,0,0,0.4357137
a16,99,0,1,0.7197693
a16,100,0,1,0.7101161
a16,101,0,1,0.63005704
a16,102,0,1,0.6647283
a16,103,0,1,0.6201664
a16,104,0,1,0.6639834
a16,105,0,1,0.602157
a16,106,0,1,0.6215609
a16,107,0,1,0.63894
a16,108,0,1,0.6062526
a16,109,0,1,0.6790629
a16,110,0,1,0.7089186
a16,111,0,1,0.66166526
a16,112,0,1,0.66164577
a16,113,0,1,0.7193899
a16,114,0,1,0.61585593
a16,115,0,1,0.6533883
a16,116,0,1,0.65882516
a16,117,0,1,0.68653095
a16,118,0,1,0.6639774
a16,119,0,1,0.69085103
a16,120,0,1,0.6499108
a16,121,0,1,0.55117726
a16,122,0,1,0.69725746
a16,123,0,1,0.6706573
a16,124,0,1,0.7064641
a16,125,0,1,0.63654745
a16,126,0,1,0.6676149
a16,127,0,1,0.68385744
a16,128,0,1,0.6394577
a16,129,0,1,0.69593394
a16,130,0,1,0.6676266
a16,131,0,1,0.73511803
a16,132,0,1,0.6892309
a16,133,0,0,0.16214903
a16,134,0,0,0.052802883
a16,135,0,1,0.56781673
a16,136,0,1,0.6929976
a16,137,1,1,0.5661328
a16,138,1,0,0.28493434
a16,139,1,1,0.53293836
a16,140,1,1,0.7320646
a16,141,1,1,0.6111085
a16,142,1,1,0.6841497
a16,143,1,1,0.60450894
a16,144,1,1,0.68933195
a16,145,1,1,0.6217252
a16,146,1,1,0.7279043
a16,147,1,1,0.6269159
a16,148,1,1,0.7628509
a16,149,1,1,0.5356393
a16,150,1,1,0.6347158
a16,151,1,1,0.71189755
a16,152,1,1,0.78020656
a16,153,1,1,0.64618284
a16,154,1,1,0.6454913
a16,155,1,1,0.6902332
a16,156,1,1,0.62471414
a16,157,1,1,0.66035104
a16,158,1,1,0.67415935
a16,159,1,1,0.7069727
a16,160,1,1,0.53763676
a16,161,1,1,0.6377891
a16,162,1,1,0.7528579
a16,163,1,1,0.65574855
a16,164,1,1,0.756954
a16,165,1,1,0.83926255
a16,166,1,1,0.6869272
a16,167,1,1,0.7828308
a16,168,1,1,0.717436
a16,169,1,1,0.6612875
a16,170,1,1,0.78733057
a16,171,1,1,0.7149278
a16,172,1,1,0.7518477
a16,173,1,1,0.84457034
a16,174,1,1,0.81903446
a16,175,1,1,0.65369004
a16,176,1,1,0.6545041
a16,177,1,1,0.73881775
a16,178,1,1,0.7267625
a16,179,1,1,0.76933527
a16,180,1,1,0.64635533
a16,181,1,1,0.70608383
a16,182,1,1,0.72132975
a16,183,1,1,0.6819101
a16,184,1,1,0.6861598
a16,185,1,1,0.77232856
a16,186,1,1,0.75708526
a16,187,1,1,0.6133982
a16,188,1,1,0.7082872
a16,189,1,1,0.71246874
a16,190,1,1,0.553038
a16,191,0,0,0.4310815
a16,192,0,0,0.48265818
a16,193,0,0,0.45456928
a16,194,0,1,0.81996006
a16,195,0,0,0.4269553
a16,196,0,1,0.7643084
a16,197,1,1,0.76820976
a16,198,1,0,0.25403014
a16,199,1,0,0.30241042
a16,200,1,1,0.75262827
a16,201,1,1,0.722498
a16,202,1,1,0.6149497
a16,203,1,1,0.55024356
a16,204,1,1,0.68724597
a16,205,1,1,0.6362938
a16,206,1,1,0.5459924
a16,207,1,1,0.66454244
a16,208,1,1,0.65459067
a16,209,1,1,0.64641315
a16,210,1,1,0.6476954
a16,211,1,1,0.6639964
a16,212,1,1,0.6518281
a16,213,1,1,0.736276
a16,214,1,1,0.5744163
a16,215,1,1,0.71424705
a16,216,1,1,0.72543925
a16,217,1,1,0.7590711
a16,218,1,1,0.6746389
a16,219,1,1,0.71356595
a16,220,1,1,0.7375172
a16,221,1,1,0.77406675
a16,222,1,1,0.7061651
a16,223,1,1,0.7341401
a16,224,1,1,0.75388104
a16,225,1,1,0.6906909
a16,226,1,1,0.6743191
a16,227,1,1,0.71101075
a16,228,1,1,0.7637892
a16,229,1,1,0.7898991
a16,230,1,1,0.7259438
a16,231,1,1,0.7302069
a16,232,1,1,0.6923173
a16,233,1,1,0.68258935
a16,234,1,1,0.72875965
a16,235,1,1,0.58323884
a16,236,1,1,0.6763342
a16,237,1,1,0.8018255
a16,238,1,1,0.75782245
a16,239,1,1,0.67654645
a16,240,1,1,0.77805215
a16,241,1,1,0.7206662
a16,242,1,1,0.7064607
a16,243,1,1,0.86764634
a16,244,1,1,0.83383405
a16,245,1,1,0.7707147
a16,246,1,1,0.6787543
a16,247,1,1,0.7004286
a16,248,1,1,0.72490776
a16,249,1,1,0.61863947
a16,250,1,1,0.64038765
a16,251,1,0,0.4150877
a16,252,1,1,0.64328384
a16,253,1,0,0.4636665
a16,254,1,1,0.7299114
a16,255,1,1,0.6287457
a16,256,1,1,0.5805458
a16,257,1,1,0.7244515
a16,258,1,1,0.77310926
a16,259,1,1,0.7447505
a16,260,1,1,0.73718137
a16,261,1,1,0.61493385
a16,262,1,1,0.77520645
a16,263,1,1,0.78802484
a16,264,1,1,0.7311732
a16,265,1,1,0.65758187
a16,266,1,1,0.7069109
a16,267,1,1,0.6829156
a16,268,1,1,0.7024056
a16,269,1,1,0.7672997
a16,270,1,1,0.71309507
a16,271,1,1,0.65284157
a16,272,1,1,0.85830003
a16,273,1,1,0.7895227
a16,274,1,1,0.62826926
a16,275,1,1,0.7466852
a16,276,1,0,0.3980822
a16,277,1,1,0.6470785
a16,278,1,1,0.74606144
a16,279,1,1,0.686084
a16,280,1,1,0.783139
a16,281,1,1,0.7136549
a16,282,1,1,0.72560686
a16,283,1,1,0.73916095
a16,284,1,1,0.83503425
a16,285,1,1,0.81417304
a16,286,1,1,0.7804297
a16,287,1,1,0.7426053
a16,288,1,1,0.7876543
a16,289,1,1,0.74453884
a16,290,1,1,0.8594912
a16,291,1,1,0.89237916
a16,292,1,1,0.72976565
a16,293,1,1,0.83315635
a16,294,1,1,0.7914486
a16,295,1,0,0.41386163
a16,296,0,1,0.56604
a16,297,0,0,0.36818367
a16,298,0,1,0.64950013
a16,299,0,0,0.40592477
a16,300,0,0,0.11688406
a16,301,0,0,0.14236903
a16,302,0,0,0.3770402
a16,303,0,1,0.8430858
a16,304,0,0,0.40948978
a16,305,0,0,0.11745197
a16,306,0,0,0.29634058
a16,307,0,1,0.64180124
a16,308,0,1,0.67550844
a16,309,0,1,0.77033406
a16,310,1,1,0.60133547
a16,311,1,1,0.6702569
a16,312,1,1,0.69470495
a16,313,1,1,0.73615587
a16,314,1,1,0.731248
a16,315,1,1,0.70279753
a16,316,1,0,0.4066545
a16,317,0,0,0.49804512
a16,318,0,1,0.65736324
a16,319,0,1,0.77948594
a16,320,1,1,0.74975526
a16,321,1,1,0.7125073
a16,322,1,1,0.73803324
a16,323,1,1,0.6415362
a16,324,1,1,0.66626614
a16,325,1,1,0.6492548
a16,326,0,1,0.64621234
a16,327,0,0,0.4532295
a16,328,1,1,0.6134872
a16,329,1,1,0.74041694
a16,330,1,1,0.656931
a16,331,1,1,0.7424234
a16,332,1,1,0.6731334
a16,333,1,1,0.6882469
a16,334,1,1,0.6631991
a16,335,1,1,0.7403621
a16,336,1,1,0.75321466
a16,337,1,1,0.69981277
a16,338,1,1,0.7357968
a16,339,1,1,0.7114121
a16,340,1,1,0.7627587
a16,341,1,1,0.73563534
a16,342,1,1,0.74112964
a16,343,1,1,0.71558934
a16,344,1,1,0.7314223
a16,345,1,1,0.7426669
a16,346,1,1,0.7668843
a16,347,1,1,0.6588178
a16,348,1,1,0.6969667
a16,349,1,1,0.6731906
a16,350,1,1,0.6584388
a16,351,1,1,0.7065745
a16,352,1,1,0.80465263
a16,353,1,1,0.84788615
a16,354,1,1,0.71572185
a16,355,1,1,0.7340304
a16,356,1,1,0.74090946
a16,357,1,1,0.89392847
a16,358,1,1,0.80966103
a16,359,1,1,0.8759711
a16,360,1,1,0.75252914
a16,361,1,1,0.68698955
a16,362,1,1,0.72167355
a16,363,1,1,0.7993647
a16,364,1,1,0.7535422
a16,365,1,1,0.58609575
a16,366,0,1,0.80062383
a16,367,1,1,0.8830452
a16,368,1,1,0.898597
a16,369,1,1,0.743547
a16,370,1,1,0.5484644
a16,371,1,1,0.8018507
a16,372,1,1,0.724638
a16,373,1,1,0.8840816
a16,374,1,1,0.77617943
a16,375,1,1,0.78206795
a16,376,1,1,0.69683206
a16,377,1,1,0.54115
a16,378,1,1,0.8417393
a16,379,1,0,0.37088478
a16,380,0,1,0.692514
a16,381,1,1,0.75879556
a16,382,1,1,0.7135461
a16,383,1,1,0.885123
a16,384,1,1,0.7006012
a16,385,1,1,0.6478506
a16,386,1,1,0.7354953
a16,387,1,1,0.8354052
a16,388,1,1,0.7133991
a16,389,1,1,0.71110696
a16,390,1,1,0.83727336
a16,391,1,1,0.7055793
a16,392,1,1,0.6564333
a16,393,1,1,0.6896248
a16,394,1,1,0.7290898
a16,395,1,1,0.70741326
a16,396,1,1,0.7458753
a16,397,1,1,0.61325234
a16,398,1,1,0.7909558
a16,399,1,1,0.7375223
a16,400,1,1,0.7463827
a16,401,1,1,0.65972626
a16,402,1,1,0.7873402
a16,403,1,1,0.67742056
a16,404,1,1,0.67519855
a16,405,1,1,0.6154492
a16,406,1,1,0.50543016
a16,407,1,1,0.7001281
a16,408,1,1,0.7470123
a16,409,1,1,0.71625
a16,410,1,1,0.7088491
a16,411,1,1,0.7815349
a16,412,1,1,0.81720185
a16,413,1,1,0.76122814
a16,414,1,1,0.6283799
a16,415,1,1,0.7199966
a16,416,1,1,0.80195904
a16,417,1,1,0.66513604
a16,418,1,1,0.78037304
a16,419,1,1,0.7662201
a16,420,1,1,0.6836444
a16,421,1,1,0.6998066
a16,422,1,1,0.76215535
a16,423,1,1,0.7240378
a16,424,1,1,0.6863998
a16,425,1,1,0.66425824
a16,426,1,1,0.7069935
a16,427,1,1,0.74550164
a16,428,1,1,0.59254646
a16,429,1,1,0.52723294
a16,430,1,1,0.6423553
a16,431,1,1,0.6648691
a16,432,1,1,0.71323854
a16,433,1,1,0.6330376
a16,434,1,1,0.70152175
a16,435,1,1,0.6690633
a16,436,1,1,0.7071865
a16,437,1,1,0.6882451
a16,438,1,1,0.6555291
a16,439,1,1,0.6394283
a16,440,1,1,0.68985915
a16,441,1,1,0.7397705
a16,442,1,1,0.69967175
a16,443,1,1,0.7741921
a16,444,1,1,0.7749997
a16,445,1,1,0.7125206
a16,446,1,1,0.66486937
a16,447,1,1,0.7142218
a16,448,1,1,0.74118924
a16,449,1,1,0.75117433
a16,450,1,1,0.5438533
a16,451,1,1,0.7126623
a16,452,1,1,0.85127765
a16,453,1,0,0.23016438
a16,454,0,0,0.01715256
a16,455,0,0,0.017825533
a16,456,0,0,0.1655022
a16,457,0,1,0.6635267
a16,458,0,1,0.6693078
a16,459,0,1,0.755142
a16,460,0,1,0.6646916
a16,461,0,1,0.81165606
a16,462,1,0,0.3747484
a16,463,1,1,0.5026924
a16,464,1,1,0.72293895
a16,465,0,1,0.6529629
a16,466,0,1,0.80090964
a16,467,0,1,0.7566775
a16,468,0,1,0.59958637
a16,469,0,1,0.5251442
a16,470,0,1,0.53251135
a16,471,1,0,0.21282439
a16,472,1,0,0.17309143
a16,473,1,1,0.64548147
a16,474,1,1,0.80394
a16,475,0,1,0.6974333
a16,476,0,1,0.6021033
a16,477,0,1,0.6874159
a16,478,1,0,0.24133062
a16,479,1,1,0.5898598
a16,480,0,1,0.6747253
a16,481,0,0,0.08790467
a17,1,0,1,0.6423782
a17,2,0,1,0.75301385
a17,3,0,0,0.43752304
a17,4,0,1,0.50474805
a17,5,0,1,0.72821015
a17,6,0,0,0.47208992
a17,7,0,1,0.60819775
a17,8,0,1,0.6891589
a17,9,0,0,0.21800897
a17,10,0,0,0.39004165
a17,11,0,1,0.51499325
a17,12,0,1,0.56174135
a17,13,0,1,0.67282903
a17,14,0,1,0.7775044
a17,15,0,1,0.62593573
a17,16,0,1,0.68963635
a17,17,0,1,0.6959036
a17,18,0,1,0.5840477
a17,19,0,0,0.42251366
a17,20,0,0,0.30783316
a17,21,0,1,0.53667736
a17,22,0,1,0.5886295
a17,23,0,1,0.55695015
a17,24,0,1,0.7472323
a17,25,0,1,0.62195534
a17,26,0,0,0.3363416
a17,27,0,0,0.38064268
a17,28,0,0,0.49394774
a17,29,0,0,0.2716246
a17,30,0,0,0.19708838
a17,31,0,1,0.5152182
a17,32,0,1,0.54712313
a17,33,0,0,0.32939425
a17,34,0,0,0.1792742
a17,35,0,0,0.27916542
a17,36,0,0,0.2169974
a17,37,0,1,0.5051109
a17,38,0,0,0.2942733
a17,39,0,1,0.521887
a17,40,0,0,0.22906113
a17,41,0,0,0.4262096
a17,42,0,1,0.50574976
a17,43,0,1,0.61723804
a17,44,0,0,0.19496359
a17,45,0,0,0.21398243
a17,46,0,1,0.61038417
a17,47,0,1,0.72176665
a17,48,0,1,0.71939296
a17,49,0,1,0.6153151
a17,50,0,0,0.397685
a17,51,0,1,0.68035156
a17,52,0,1,0.7319796
a17,53,0,1,0.7209903
a17,54,0,0,0.20065829
a17,55,0,0,0.49099377
a17,56,1,1,0.7057874
a17,57,1,1,0.76147294
a17,58,1,1,0.72779495
a17,59,1,1,0.71001387
a17,60,1,1,0.63967687
a17,61,1,1,0.6942594
a17,62,1,1,0.6335632
a17,63,1,1,0.6284564
a17,64,1,1,0.6194353
a17,65,1,1,0.66168165
a17,66,1,1,0.58194613
a17,67,1,1,0.5729818
a17,68,1,1,0.53793544
a17,69,1,1,0.7015461
a17,70,1,1,0.69016206
a17,71,1,1,0.57333547
a17,72,1,1,0.6718285
a17,73,1,1,0.6824126
a17,74,1,1,0.704573
a17,75,1,1,0.70323336
a17,76,1,1,0.7289066
a17,77,1,1,0.637464
a17,78,1,1,0.7616906
a17,79,1,1,0.7032565
a17,80,1,1,0.796658
a17,81,1,1,0.71741474
a17,82,1,1,0.7465349
a17,83,0,0,0.33677107
a17,84,0,1,0.60721743
a17,85,0,1,0.51672125
a17,86,0,1,0.6041468
a17,87,0,1,0.7366169
a17,88,0,1,0.55851245
a17,89,0,1,0.7092498
a17,90,1,1,0.7334933
a17,91,1,0,0.19351791
a17,92,0,0,0.30416703
a17,93,0,0,0.1453207
a17,94,0,0,0.2524979
a17,95,0,1,0.5958694
a17,96,0,0,0.119723774
a17,97,1,0,0.47829995
a17,98,1,1,0.76210773
a17,99,1,1,0.71382326
a17,100,1,1,0.6751168
a17,101,1,1,0.67392665
a17,102,0,0,0.4541177
a17,103,0,0,0.19168381
a17,104,0,0,0.3191667
a17,105,0,1,0.5201882
a17,106,0,0,0.2546607
a17,107,0,0,0.21069972
a17,108,0,0,0.14457265
a17,109,0,0,0.15903711
a17,110,0,0,0.28112188
a17,111,0,0,0.39643234
a17,112,0,0,0.16294949
a17,113,0,1,0.5210995
a17,114,0,0,0.13985462
a17,115,0,0,0.15477523
a17,116,0,0,0.20001246
a17,117,0,0,0.14309192
a17,118,0,0,0.10016709
a17,119,0,1,0.5692591
a17,120,1,1,0.6864075
a17,121,1,1,0.61977494
a17,122,1,1,0.7195989
a17,123,1,1,0.6983036
a17,124,1,1,0.6054769
a17,125,1,1,0.7546861
a17,126,1,1,0.6913399
a17,127,1,1,0.71114945
a17,128,1,1,0.7669578
a17,129,1,1,0.7864092
a17,130,1,1,0.77702665
a17,131,1,1,0.6629815
a17,132,1,1,0.6088224
a17,133,1,1,0.71808136
a17,134,1,1,0.620709
a17,135,1,1,0.6481061
a17,136,1,1,0.6068431
a17,137,1,1,0.7268399
a17,138,1,1,0.63550293
a17,139,1,0,0.46632758
a17,140,1,1,0.70950115
a17,141,1,0,0.27383953
a17,142,0,0,0.13927658
a17,143,0,0,0.106523424
a17,144,0,1,0.51187515
a17,145,1,1,0.662216
a17,146,1,1,0.7563344
a17,147,1,1,0.614473
a17,148,1,1,0.7950953
a17,149,1,1,0.7756413
a17,150,1,1,0.6997815
a17,151,1,1,0.791145
a17,152,1,1,0.8166066
a17,153,1,1,0.7900328
a17,154,1,1,0.7885462
a17,155,1,1,0.7694392
a17,156,1,1,0.68549603
a17,157,1,1,0.77201587
a17,158,1,1,0.7994244
a17,159,1,0,0.3865723
a17,160,0,1,0.8468277
a17,161,1,1,0.7890028
a17,162,1,1,0.5975326
a17,163,1,1,0.6653825
a17,164,1,1,0.6486909
a17,165,1,0,0.045163013
a17,166,0,1,0.5812808
a17,167,0,1,0.5045252
a17,168,0,0,0.33926296
a17,169,0,0,0.34807518
a17,170,0,0,0.17705168
a17,171,0,0,0.45667076
a17,172,0,0,0.21303153
a17,173,0,0,0.15819225
a17,174,0,0,0.38998824
a17,175,0,0,0.24600217
a17,176,0,0,0.47059944
a17,177,0,0,0.15717803
a17,178,0,0,0.3513048
a17,179,0,0,0.18725553
a17,180,0,0,0.29217198
a17,181,0,0,0.41898033
a17,182,0,0,0.2203907
a17,183,0,0,0.35656616
a17,184,0,0,0.16443552
a17,185,0,0,0.23737694
a17,186,0,0,0.4130496
a17,187,0,0,0.36173376
a17,188,0,1,0.60232913
a17,189,0,0,0.15888809
a17,190,0,1,0.52041703
a17,191,0,0,0.37660494
a17,192,0,1,0.7126098
a17,193,0,1,0.5667621
a17,194,0,1,0.5879938
a17,195,0,1,0.59075916
a17,196,0,1,0.6292358
a17,197,0,1,0.5380118
a17,198,0,1,0.5961079
a17,199,1,1,0.7298346
a17,200,1,1,0.6578326
a17,201,1,1,0.7097529
a17,202,1,1,0.6817536
a17,203,1,1,0.7013723
a17,204,1,1,0.70453894
a17,205,1,1,0.6775322
a17,206,1,1,0.65924907
a17,207,1,1,0.6597644
a17,208,1,1,0.55790496
a17,209,1,0,0.39950258
a17,210,0,1,0.5615353
a17,211,0,1,0.6691496
a17,212,0,1,0.6103333
a17,213,0,1,0.573887
a17,214,0,0,0.46663755
a17,215,0,1,0.51103526
a17,216,0,1,0.57246846
a17,217,0,1,0.5974725
a17,218,0,1,0.6368157
a17,219,0,1,0.6472209
a17,220,0,1,0.5187096
a17,221,0,0,0.42413944
a17,222,0,1,0.67224663
a17,223,0,1,0.6211956
a17,224,0,1,0.7305867
a17,225,0,1,0.68769294
a17,226,0,1,0.68826526
a17,227,0,1,0.55245733
a17,228,0,1,0.61741
a17,229,1,1,0.6422606
a17,230,1,1,0.67545956
a17,231,1,1,0.5375789
a17,232,1,1,0.64886373
a17,233,1,1,0.70354146
a17,234,1,1,0.6789162
a17,235,1,1,0.7048967
a17,236,1,1,0.74567
a17,237,1,1,0.7281601
a17,238,1,1,0.7599272
a17,239,1,1,0.71195483
a17,240,1,1,0.7528227
a17,241,1,1,0.6624518
a17,242,1,1,0.7114393
a17,243,1,1,0.55635697
a17,244,0,0,0.27204084
a17,245,0,0,0.1051539
a17,246,0,0,0.19301929
a17,247,0,0,0.1307071
a17,248,0,0,0.13608679
a17,249,0,0,0.16951196
a17,250,0,0,0.19739646
a17,251,0,0,0.15198036
a17,252,0,0,0.113415316
a17,253,0,0,0.13147895
a17,254,0,0,0.26711908
a17,255,0,0,0.15407498
a17,256,0,0,0.19096386
a17,257,0,0,0.21242571
a17,258,0,0,0.41591302
a17,259,0,0,0.21892352
a17,260,0,0,0.19674203
a17,261,0,1,0.5944043
a17,262,0,0,0.059455357
a17,263,0,1,0.560313
a17,264,1,1,0.66149366
a17,265,1,1,0.75031275
a17,266,1,1,0.66622704
a17,267,1,1,0.6246453
a17,268,1,1,0.7343272
a17,269,1,1,0.6906722
a17,270,1,1,0.6966949
a17,271,1,1,0.7556284
a17,272,1,1,0.7631948
a17,273,1,1,0.77539545
a17,274,1,1,0.82222474
a17,275,1,1,0.67028666
a17,276,1,1,0.72797084
a17,277,1,1,0.72271955
a17,278,1,1,0.7288393
a17,279,1,1,0.7358089
a17,280,1,1,0.6146945
a17,281,1,1,0.72602475
a17,282,1,1,0.72895837
a17,283,1,1,0.70958793
a17,284,1,1,0.7097503
a17,285,1,1,0.6942297
a17,286,1,1,0.6833614
a17,287,1,1,0.6841979
a17,288,1,1,0.61760837
a17,289,1,1,0.74336994
a17,290,1,1,0.7409807
a17,291,1,1,0.65896213
a17,292,1,1,0.80261225
a17,293,1,1,0.76791036
a17,294,1,1,0.75370115
a17,295,1,1,0.68178993
a17,296,1,1,0.74354815
a17,297,1,1,0.76460373
a17,298,1,0,0.43857986
a17,299,0,0,0.30133414
a17,300,0,1,0.71519697
a17,301,0,1,0.58474386
a17,302,0,1,0.75762105
a17,303,0,0,0.33399865
a17,304,0,1,0.6589018
a17,305,0,0,0.33128178
a17,306,0,0,0.16116306
a17,307,0,1,0.7136453
a17,308,0,1,0.6228591
a17,309,0,1,0.6041082
a17,310,0,1,0.71705556
a17,311,0,1,0.7450175
a17,312,0,0,0.11476991
a17,313,0,1,0.76747483
a17,314,0,1,0.7676605
a17,315,0,1,0.7635921
a17,316,1,0,0.4665993
a17,317,0,1,0.51786464
a17,318,0,1,0.77091354
a17,319,0,1,0.7639901
a17,320,0,1,0.6572201
a17,321,0,0,0.3449038
a17,322,0,1,0.66412854
a17,323,0,0,0.13218766
a17,324,0,1,0.70693034
a17,325,0,0,0.24734597
a17,326,0,1,0.5640909
a17,327,0,0,0.14256084
a17,328,0,1,0.5999112
a17,329,0,1,0.7242023
a17,330,0,1,0.7591708
a17,331,0,1,0.7165635
a17,332,0,0,0.29950753
a17,333,0,1,0.70910436
a17,334,0,1,0.7262024
a17,335,0,1,0.73942906
a17,336,0,0,0.08352062
a17,337,0,1,0.6939899
a17,338,0,0,0.08068217
a17,339,0,0,0.12324773
a17,340,0,0,0.17704341
a17,341,0,0,0.12374002
a17,342,0,0,0.12171881
a17,343,0,0,0.1408641
a17,344,0,0,0.21020307
a17,345,0,1,0.72710896
a17,346,0,0,0.18265454
a17,347,0,0,0.13705538
a17,348,0,0,0.13845241
a17,349,0,0,0.17554662
a17,350,0,0,0.085072525
a17,351,0,0,0.115116075
a17,352,0,0,0.10397504
a17,353,0,0,0.103407405
a17,354,0,0,0.078454755
a17,355,0,0,0.25355795
a17,356,0,0,0.062407877
a17,357,0,0,0.08049296
a17,358,0,0,0.082937315
a17,359,0,0,0.047619317
a17,360,0,0,0.110252425
a17,361,0,0,0.074081376
a17,362,0,0,0.16336183
a17,363,0,0,0.09727982
a17,364,0,1,0.52957016
a17,367,1,1,0.68941265
a17,368,1,0,0.034293663
a17,369,1,1,0.7439867
a17,370,1,1,0.675793
a17,371,1,1,0.7674061
a17,372,1,1,0.66591537
a17,373,0,0,0.00042263378
a17,374,0,1,0.8004612
a17,375,0,1,0.7239598
a17,376,0,0,0.31290054
a17,377,0,0,0.09553521
a17,378,0,0,0.08399589
a17,379,0,0,0.32547244
a17,380,0,1,0.70009834
a17,381,1,1,0.80310434
a17,382,1,1,0.7505824
a17,383,1,0,9.2557756e-20
a17,384,0,0,1.0711572e-25
a17,385,0,0,2.58124e-13
a17,386,0,1,0.7565487
a17,387,0,1,0.69721377
a17,388,0,1,0.63494015
a17,389,0,1,0.69693244
a17,390,0,1,0.6877812
a17,391,0,1,0.58976895
a17,392,0,0,0.37444773
a17,393,1,1,0.63199383
a17,394,1,1,0.65628266
a17,395,1,1,0.72192824
a17,396,1,1,0.6074989
a17,397,1,0,0.2863416
a17,398,1,1,0.6519549
a17,399,1,1,0.7702282
a17,400,1,1,0.64211416
a17,401,0,0,0.41901323
a17,402,0,0,0.32350555
a17,403,0,0,0.46839166
a17,404,0,0,0.15255369
a17,405,0,1,0.53899384
a17,406,0,0,0.11300923
a17,407,0,0,0.25608104
a17,408,0,0,0.31661856
a17,409,0,1,0.6434478
a17,410,0,0,2.5166486e-37
a17,411,0,1,0.6039146
a17,412,0,1,0.668442
a17,413,0,1,0.6378438
a17,414,0,1,0.6188947
a17,415,0,0,0.40586784
a17,416,0,1,0.6788123
a17,417,0,0,0.0019119595
a17,418,0,1,0.55762607
a17,419,0,1,0.6208922
a17,420,0,1,0.69062275
a17,421,0,1,0.7450016
a17,422,0,0,3.9964807e-30
a17,423,0,0,8.790076e-20
a17,424,0,1,0.6761473
a17,425,0,1,0.64838845
a17,426,0,1,0.745621
a17,427,0,1,0.74939525
a17,428,0,0,0.3869298
a17,429,0,0,0.15176755
a17,430,0,0,0.10860509
a17,431,0,0,0.46003887
a17,432,0,0,0.27434424
a17,433,0,0,0.119304575
a17,434,0,1,0.70005107
a17,435,0,0,0.10386034
a17,436,0,0,0.2054417
a17,437,0,0,0.29710835
a17,438,0,0,0.14529847
a17,439,0,0,0.12320699
a17,440,0,0,0.17168662
a17,441,0,0,0.18964979
a17,442,0,0,0.23237352
a17,443,0,0,0.0678173
a17,444,0,1,0.54207516
a17,445,0,1,0.8255791
a17,446,0,1,0.66001385
a17,447,0,0,0.14101464
a17,448,0,0,0.07551504
a17,449,0,0,0.2534216
a17,450,0,0,0.13010454
a17,451,0,0,0.16478471
a17,452,0,0,0.12678538
a17,453,0,0,0.17236847
a17,454,0,0,0.15001401
a17,455,0,0,0.13724075
a17,456,0,0,5.2558014e-05
a17,457,0,1,0.62672645
a17,458,0,0,0.37968707
a17,459,0,0,0.40461126
a17,460,0,1,0.75849694
a17,461,0,1,0.7362433
a17,462,1,1,0.7213118
a17,463,0,1,0.7390305
a17,464,0,0,0.36223596
a17,465,0,0,0.2658236
a17,466,0,0,0.2985474
a17,467,0,0,0.13605969
a17,468,0,0,0.09887311
a17,469,0,0,0.0651758
a17,470,0,0,0.13641317
a17,471,0,1,0.5650189
a17,472,0,0,0.11686765
a17,473,0,0,0.10567286
a17,474,0,1,0.7134908
a17,475,0,1,0.73820543
a17,476,0,0,0.17835589
a17,477,0,0,0.26776257
a17,478,0,1,0.6544706
a17,479,0,1,0.5020146
a17,480,0,0,0.26918808
a17,481,0,1,0.7003431
a17,482,0,1,0.5205417
a17,483,0,0,0.4316817
a17,484,0,0,0.100594245
a18,1,0,0,0.2224124
a18,2,0,0,0.21055153
a18,3,0,1,0.84543765
a18,4,0,1,0.7762499
a18,5,0,1,0.68169594
a18,6,0,0,0.17226511
a18,7,0,1,0.74578625
a18,8,0,0,0.17367984
a18,9,0,0,0.09710122
a18,10,0,0,0.16413556
a18,11,0,0,0.1403819
a18,12,0,0,0.4614204
a18,13,0,1,0.58486503
a18,14,0,0,0.17539164
a18,15,0,1,0.58047414
a18,16,0,0,0.39726552
a18,17,0,1,0.53003335
a18,18,0,1,0.6575312
a18,19,0,1,0.76352924
a18,20,0,0,0.22583285
a18,21,0,0,0.08379045
a18,22,0,0,0.43749335
a18,23,0,0,0.40424997
a18,24,0,1,0.5939491
a18,25,0,1,0.7911679
a18,26,0,1,0.63472134
a18,27,0,1,0.5120645
a18,28,0,0,0.20175225
a18,29,0,0,0.13613841
a18,30,0,1,0.51320916
a18,31,0,0,0.10200763
a18,32,0,0,0.16118461
a18,33,1,0,0.114221126
a18,34,1,0,0.29864842
a18,35,1,0,0.28528526
a18,36,1,0,0.16620065
a18,37,1,0,0.17354226
a18,38,1,0,0.39536464
a18,39,1,0,0.22238624
a18,40,1,0,0.12724893
a18,41,1,0,0.18532483
a18,42,1,1,0.8331034
a18,43,1,0,0.38565
a18,44,1,0,0.3723114
a18,45,1,0,0.38396797
a18,46,1,0,0.29268596
a18,47,1,0,0.18421288
a18,48,1,0,0.37459353
a18,49,1,0,0.34134808
a18,50,1,0,0.21092778
a18,51,1,0,0.22003977
a18,52,1,0,0.16254069
a18,53,1,0,0.19793095
a18,54,1,0,0.29770082
a18,55,1,0,0.35624778
a18,56,1,0,0.39782256
a18,57,1,0,0.15645707
a18,58,1,0,0.2937738
a18,59,1,0,0.28840992
a18,60,1,0,0.2103653
a18,61,1,0,0.28991678
a18,62,1,0,0.43831292
a18,63,1,0,0.23907754
a18,64,1,0,0.13956402
a18,65,1,0,0.2487392
a18,66,1,0,0.18331772
a18,67,1,0,0.46099845
a18,68,1,0,0.19351627
a18,69,1,0,0.20436373
a18,70,1,0,0.18957812
a18,71,1,0,0.15893237
a18,72,1,0,0.15262744
a18,73,1,0,0.13875528
a18,74,1,0,0.21049656
a18,75,1,0,0.22218639
a18,76,1,0,0.32529992
a18,77,1,0,0.16954246
a18,78,1,0,0.16627002
a18,79,1,0,0.28323382
a18,80,1,0,0.43721563
a18,81,1,0,0.1763457
a18,82,1,0,0.20248926
a18,83,1,0,0.26760533
a18,84,1,0,0.20260617
a18,85,1,0,0.2930663
a18,86,1,0,0.24103194
a18,87,1,0,0.29246804
a18,88,1,0,0.24988064
a18,89,1,0,0.19963697
a18,90,1,0,0.31467402
a18,91,1,0,0.1734164
a18,92,1,0,0.37660488
a18,93,1,0,0.12587263
a18,94,1,0,0.1712546
a18,95,1,0,0.15360616
a18,96,1,0,0.166124
a18,97,1,0,0.2297973
a18,98,1,0,0.1960564
a18,99,1,0,0.23862273
a18,100,1,0,0.16860497
a18,101,1,0,0.22825491
a18,102,1,0,0.14763944
a18,103,1,0,0.12494861
a18,104,1,0,0.1489488
a18,105,1,0,0.1641875
a18,106,1,0,0.28452292
a18,107,1,0,0.2632504
a18,108,1,0,0.30264232
a18,109,1,0,0.110340044
a18,110,1,0,0.35732538
a18,111,1,0,0.20264323
a18,112,1,0,0.2054807
a18,113,1,1,0.58472025
a18,114,1,0,0.43658543
a18,115,1,0,0.27882
a18,116,1,0,0.16664669
a18,117,1,0,0.2476646
a18,118,1,0,0.21865363
a18,119,1,0,0.37362674
a18,120,1,0,0.30493054
a18,121,1,1,0.5553932
a18,122,1,0,0.14876705
a18,123,1,0,0.17139304
a18,124,1,0,0.30670252
a18,125,1,0,0.4407592
a18,126,1,0,0.16679087
a18,127,1,0,0.15080331
a18,128,1,1,0.5902176
a18,129,1,0,0.45784703
a18,130,1,0,0.18547222
a18,131,1,0,0.23595405
a18,132,1,0,0.2392728
a18,133,1,0,0.44348094
a18,134,1,0,0.14232582
a18,135,1,0,0.16201164
a18,136,1,0,0.24369541
a18,137,1,0,0.10305067
a18,138,1,0,0.19581549
a18,139,1,0,0.29283518
a18,140,1,0,0.18236168
a18,141,1,0,0.42490876
a18,142,1,0,0.22613998
a18,143,1,0,0.199535
a18,144,1,1,0.6089784
a18,145,1,0,0.1604687
a18,146,1,0,0.19058059
a18,147,1,0,0.19081607
a18,148,1,0,0.20301329
a18,149,1,0,0.47504184
a18,150,1,0,0.19038367
a18,151,1,0,0.24982584
a18,152,1,0,0.37386963
a18,153,1,0,0.26269233
a18,154,1,0,0.1990278
a18,155,1,0,0.13998781
a18,156,1,0,0.22481789
a18,157,1,0,0.2577141
a18,158,1,0,0.21054351
a18,159,1,0,0.4386192
a18,160,1,0,0.20986125
a18,161,1,0,0.20964076
a18,162,1,0,0.37943697
a18,163,1,0,0.36191985
a18,164,1,0,0.13330552
a18,165,1,0,0.405143
a18,166,1,0,0.4931157
a18,167,1,0,0.15070161
a18,168,1,0,0.15469751
a18,169,1,1,0.67082363
a18,170,0,1,0.8763412
a18,171,0,1,0.75316787
a18,172,0,0,0.36417347
a18,173,0,1,0.59757626
a18,174,0,0,0.39569765
a18,175,0,0,0.20205201
a18,176,0,0,0.25548524
a18,177,0,0,0.09947246
a18,178,0,0,0.2038966
a18,179,0,0,0.22355467
a18,180,1,0,0.35453174
a18,181,1,1,0.7375418
a18,182,1,0,0.12305558
a18,183,1,0,0.34971502
a18,184,1,0,0.118449144
a18,185,1,0,0.2136265
a18,186,1,1,0.81901395
a18,187,0,1,0.7361118
a18,188,0,0,0.17133388
a18,189,0,0,0.24024957
a18,190,1,0,0.16589738
a18,191,1,0,0.15728433
a18,192,1,0,0.12046251
a18,193,1,0,0.2100621
a18,194,1,1,0.7149517
a18,195,0,0,0.11761647
a18,196,1,0,0.18449074
a18,197,1,0,0.4476629
a18,198,1,0,0.49702978
a18,199,1,0,0.29681307
a18,200,1,0,0.21206775
a18,201,1,0,0.20034792
a18,202,1,0,0.20947753
a18,203,1,0,0.11482646
a18,204,1,0,0.13883324
a18,205,1,1,0.7441204
a18,206,1,0,0.11354347
a18,207,1,0,0.11271477
a18,208,1,0,0.13193326
a18,209,1,0,0.16209508
a18,210,1,0,0.11787011
a18,211,1,0,0.11954775
a18,212,1,0,0.1612507
a18,213,1,0,0.13335422
a18,214,1,0,0.10595404
a18,215,1,0,0.16886462
a18,216,1,0,0.27489543
a18,217,1,0,0.13814248
a18,218,1,0,0.18448013
a18,219,1,0,0.19427817
a18,220,1,0,0.25914574
a18,221,1,1,0.5024331
a18,222,1,0,0.20870917
a18,223,1,1,0.6980366
a18,224,1,0,0.1936992
a18,225,1,0,0.14197284
a18,226,0,0,0.12588836
a18,227,0,0,0.15098794
a18,228,1,1,0.69489133
a18,229,1,0,0.16436
a18,230,0,0,0.12169232
a18,231,0,1,0.6991848
a18,232,1,0,0.17462653
a18,233,1,0,0.17970963
a18,234,1,0,0.21170957
a18,235,1,0,0.15563442
a18,236,1,0,0.24377361
a18,237,1,0,0.13350786
a18,238,1,0,0.1428726
a18,239,1,0,0.14310947
a18,240,1,0,0.18279192
a18,241,1,0,0.16727948
a18,242,1,0,0.10870379
a18,243,1,0,0.17546315
a18,244,1,0,0.20372318
a18,245,1,0,0.23039201
a18,246,1,0,0.3904649
a18,247,1,0,0.12540409
a18,248,1,0,0.24701972
a18,249,1,1,0.8818937
a18,250,1,0,0.20084317
a18,251,1,0,0.111518905
a18,252,1,0,0.47551146
a18,253,1,0,0.12644511
a18,254,1,0,0.17919573
a18,255,1,0,0.14601722
a18,256,1,0,0.14410362
a18,257,1,0,0.27539468
a18,258,1,0,0.39109048
a18,259,1,0,0.20193735
a18,260,1,0,0.16171555
a18,261,1,0,0.24263278
a18,262,1,0,0.18562867
a18,263,1,0,0.16234133
a18,264,1,1,0.7108016
a18,265,1,0,0.23209684
a18,266,1,1,0.8693843
a18,267,1,1,0.8538065
a18,268,1,1,0.6788617
a18,269,1,1,0.7054914
a18,270,1,1,0.71416765
a18,271,1,1,0.597833
a18,272,1,0,0.23144612
a18,273,1,0,0.36746117
a18,274,1,0,0.089918345
a18,275,1,1,0.74745834
a18,276,1,0,0.26460853
a18,277,1,1,0.74010885
a18,278,1,0,0.15828651
a18,279,1,0,0.22738679
a18,280,1,0,0.22938995
a18,281,1,0,0.40452483
a18,282,1,0,0.3373717
a18,283,1,0,0.26492673
a18,284,1,0,0.2012721
a18,285,1,0,0.20987357
a18,286,1,0,0.1916145
a18,287,1,1,0.5019278
a18,288,1,1,0.8826893
a18,289,1,0,0.27424726
a18,290,1,0,0.19651365
a18,291,1,0,0.14558403
a18,292,1,0,0.29079857
a18,293,1,0,0.18555005
a18,294,1,0,0.17109835
a18,295,1,0,0.28647673
a18,296,1,0,0.21608505
a18,297,1,0,0.20415206
a18,298,1,0,0.2531762
a18,299,1,1,0.69949555
a18,300,1,0,0.16709086
a18,301,1,0,0.16458167
a18,302,1,1,0.6943922
a18,303,1,0,0.2722303
a18,304,1,0,0.23524117
a18,305,1,0,0.23523799
a18,306,1,0,0.2542562
a18,307,1,1,0.56867343
a18,308,1,0,0.13597904
a18,309,1,1,0.7879132
a18,310,1,0,0.18507609
a18,311,1,0,0.18933494
a18,312,1,0,0.17705043
a18,313,1,1,0.71141565
a18,314,1,0,0.17362769
a18,315,1,1,0.62549776
a18,316,1,0,0.18762507
a18,317,1,0,0.18404019
a18,318,1,0,0.31309348
a18,319,1,0,0.13077867
a18,320,1,0,0.33345297
a18,321,1,0,0.21408974
a18,322,1,0,0.39317566
a18,323,1,0,0.15762568
a18,324,1,0,0.39397702
a18,325,1,0,0.42347223
a18,326,1,0,0.21658081
a18,327,1,1,0.82286507
a18,328,1,0,0.20368841
a18,329,1,0,0.17950155
a18,330,1,1,0.66615665
a18,331,1,0,0.258972
a18,332,1,0,0.2567458
a18,333,1,0,0.17847358
a18,334,1,0,0.30754972
a18,335,1,0,0.27465823
a18,336,1,0,0.200434
a18,337,1,0,0.148259
a18,338,1,0,0.3503564
a18,339,1,1,0.7029629
a18,340,1,0,0.34713763
a18,341,1,0,0.3900647
a18,342,1,1,0.75314265
a18,343,1,1,0.6248759
a18,344,1,1,0.6440259
a18,345,1,0,0.1878589
a18,346,1,1,0.5734417
a18,347,1,0,0.1729197
a18,348,1,0,0.4028701
a18,349,1,0,0.15330425
a18,350,1,0,0.19009823
a18,351,1,0,0.16224152
a18,352,1,0,0.19285145
a18,353,1,0,0.19585188
a18,354,1,0,0.23439154
a18,355,1,0,0.22378922
a18,356,1,1,0.58007246
a18,357,1,0,0.47343537
a18,358,1,0,0.23630254
a18,359,1,0,0.19044319
a18,360,1,0,0.35014957
a18,361,1,0,0.2506986
a18,362,1,1,0.56321967
a18,363,1,0,0.34707227
a18,364,1,1,0.7123511
a18,365,1,0,0.18224052
a18,366,1,0,0.41381463
a18,367,1,1,0.5396015
a18,368,1,1,0.82911044
a18,369,1,1,0.75875634
a18,370,1,1,0.68831974
a18,371,1,1,0.82964396
a18,372,1,1,0.83689415
a18,373,1,1,0.9307752
a18,374,1,1,0.7404369
a18,375,1,1,0.773277
a18,376,1,1,0.67086744
a18,377,1,1,0.7521655
a18,378,1,1,0.8928183
a18,379,1,0,0.19808717
a18,380,1,1,0.5924412
a18,381,1,1,0.89261717
a18,382,1,1,0.5974768
a18,383,1,1,0.7156498
a18,384,1,0,0.23727353
a18,385,1,0,0.27420267
a18,386,1,0,0.23683365
a18,387,1,0,0.2279522
a18,388,1,1,0.7531588
a18,389,1,1,0.82409775
a18,390,1,0,0.18151464
a18,391,1,0,0.16891946
a18,392,1,0,0.20616747
a18,393,1,0,0.33068597
a18,394,1,0,0.44967794
a18,395,1,1,0.70094556
a18,396,1,0,0.49867624
a18,397,1,0,0.15628113
a18,398,1,0,0.1481783
a18,399,1,0,0.22195241
a18,400,1,0,0.16482031
a18,401,1,0,0.27709013
a18,402,1,0,0.2922868
a18,403,1,0,0.35705486
a18,404,1,0,0.23811461
a18,405,1,0,0.15078558
a18,406,1,0,0.24654898
a18,407,1,0,0.18830258
a18,408,1,0,0.15506688
a18,409,1,0,0.18775053
a18,410,1,0,0.21759465
a18,411,1,0,0.13030525
a18,412,1,0,0.16731595
a18,413,1,1,0.79450756
a18,414,1,0,0.19783059
a18,415,1,0,0.2512656
a18,416,1,0,0.21776044
a18,417,1,0,0.17994429
a18,418,1,1,0.8635647
a18,419,1,1,0.89810365
a18,420,1,0,0.19034742
a18,421,1,0,0.20256741
a18,422,1,1,0.59605473
a18,423,1,1,0.65832406
a18,424,1,0,0.49671167
a18,425,1,0,0.16102968
a18,426,1,0,0.3994159
a18,427,1,0,0.22900963
a18,428,1,0,0.22834843
a18,429,1,0,0.16292953
a18,430,1,0,0.1824621
a18,431,1,0,0.17514627
a18,432,1,0,0.41703197
a18,433,1,0,0.24546295
a18,434,1,0,0.15662362
a18,435,1,0,0.29381132
a18,436,1,0,0.14345019
a18,437,1,1,0.6624968
a18,438,1,1,0.5827132
a18,439,1,0,0.38762736
a18,440,1,0,0.27522737
a18,441,1,0,0.1690477
a18,442,1,0,0.17058538
a18,443,1,0,0.2478099
a18,444,1,0,0.21020567
a18,445,1,1,0.6288655
a18,446,1,1,0.8439674
a18,447,1,0,0.16003883
a18,448,1,0,0.3449215
a18,449,1,0,0.16699947
a18,450,1,1,0.8835278
a18,451,1,0,0.30265114
a18,452,1,0,0.14545113
a18,453,1,0,0.25532568
a18,454,1,0,0.15618113
a18,455,1,0,0.24838164
a18,456,1,0,0.18534783
a18,457,1,0,0.32887077
a18,458,1,0,0.21098775
a18,459,1,0,0.34534457
a18,460,1,0,0.31959376
a18,461,1,0,0.1823075
a18,462,1,0,0.18565188
a18,463,1,0,0.23103262
a18,464,1,1,0.56136596
a18,465,1,0,0.12905803
a18,466,1,0,0.1677209
a18,467,1,0,0.2778278
a18,468,1,0,0.23246685
a18,469,1,0,0.45373642
a18,470,1,0,0.23910585
a18,471,1,0,0.19769536
a18,472,1,0,0.30285385
a18,473,1,0,0.18389736
a18,474,1,0,0.17146842
a18,475,1,0,0.40263882
a18,476,1,1,0.58725446
a18,477,1,0,0.38873532
a18,478,1,0,0.2245463
a18,479,1,0,0.26635605
a18,480,1,0,0.26251557
a18,481,1,0,0.22444984
a18,482,1,0,0.22102077
a18,483,1,0,0.2604224
a18,484,1,0,0.30838928
a18,485,1,1,0.53138727
a18,486,1,0,0.39537716
a18,487,1,0,0.4353426
a18,488,1,1,0.7382265
a19,1,1,0,0.2751289
a19,2,1,1,0.548663
a19,3,1,0,0.29274482
a19,4,1,0,0.47968853
a19,5,1,1,0.6215644
a19,6,1,0,0.22564818
a19,7,0,0,0.23423007
a19,8,0,0,0.32535732
a19,9,1,0,0.23423256
a19,10,1,1,0.5083059
a19,11,1,1,0.56193334
a19,12,1,0,0.3181735
a19,13,1,0,0.48094174
a19,14,0,0,0.19721656
a19,15,0,0,0.24029621
a19,16,0,1,0.5539049
a19,17,0,1,0.5194412
a19,18,0,0,0.08771293
a19,19,0,1,0.5651076
a19,20,0,1,0.50348616
a19,21,0,0,0.35620812
a19,22,0,0,0.27657172
a19,23,0,0,0.4008204
a19,24,0,1,0.5772237
a19,25,0,0,0.24530335
a19,26,0,0,0.44899914
a19,27,1,1,0.5514937
a19,28,0,0,0.3061198
a19,29,0,1,0.5408043
a19,30,0,0,0.23204033
a19,31,0,0,0.21904461
a19,32,0,0,0.46790853
a19,33,0,1,0.6037072
a19,34,0,0,0.41836557
a19,35,0,0,0.08577164
a19,36,0,0,0.12549068
a19,37,0,0,0.14560662
a19,38,0,0,0.2628537
a19,39,0,0,0.10690037
a19,40,0,0,0.33790475
a19,41,0,0,0.21262485
a19,42,0,0,0.12272961
a19,43,0,0,0.0807476
a19,44,0,0,0.101523116
a19,45,0,0,0.11443887
a19,46,0,0,0.35645923
a19,47,0,0,0.10395123
a19,48,0,0,0.19179678
a19,49,0,0,0.11379535
a19,50,0,0,0.1835842
a19,51,0,0,0.13418998
a19,52,0,0,0.11554599
a19,53,0,1,0.50821966
a19,54,0,1,0.72885275
a19,55,0,0,0.126282
a19,56,0,0,0.12171252
a19,57,0,0,0.14420304
a19,58,0,0,0.15511818
a19,59,0,0,0.11421758
a19,60,0,0,0.11439765
a19,61,0,0,0.10987366
a19,62,0,0,0.097624056
a19,63,0,0,0.11963071
a19,64,0,0,0.10533919
a19,65,0,0,0.09170094
a19,66,0,0,0.11488158
a19,67,0,0,0.10575099
a19,68,0,0,0.12080631
a19,69,0,0,0.13549776
a19,70,0,0,0.18194185
a19,71,0,0,0.23972021
a19,72,0,0,0.14039068
a19,73,0,0,0.25550494
a19,74,0,0,0.15631762
a19,75,0,0,0.10212086
a19,76,0,0,0.16827875
a19,77,0,0,0.18428724
a19,78,0,0,0.11249175
a19,79,0,0,0.08744895
a19,80,0,0,0.43586838
a19,81,0,0,0.17473167
a19,82,0,0,0.3090519
a19,83,0,0,0.3514376
a19,84,0,0,0.3914969
a19,85,0,0,0.13911834
a19,86,0,0,0.3372664
a19,87,1,1,0.6821248
a19,88,1,0,0.17708676
a19,89,1,0,0.2686132
a19,90,1,1,0.5756769
a19,91,1,1,0.610821
a19,92,1,1,0.7016532
a19,93,1,1,0.72030914
a19,94,1,1,0.6137005
a19,95,1,1,0.62044
a19,96,1,1,0.7289006
a19,97,1,1,0.7075626
a19,98,1,1,0.64453167
a19,99,0,0,0.243696
a19,100,0,0,0.1386741
a19,101,0,0,0.1574218
a19,102,0,0,0.13133155
a19,103,0,0,0.13862054
a19,104,0,1,0.5879881
a19,105,0,0,0.099959515
a19,106,0,0,0.082437366
a19,107,0,0,0.098831184
a19,108,0,1,0.57403755
a19,109,0,0,0.44366047
a19,110,0,0,0.12707764
a19,111,0,0,0.10238332
a19,112,0,0,0.12825552
a19,113,0,0,0.10070614
a19,114,0,0,0.08371613
a19,115,0,0,0.1417303
a19,116,0,0,0.096053846
a19,117,0,0,0.12623222
a19,118,0,0,0.13353081
a19,119,0,0,0.14577372
a19,120,0,0,0.112895004
a19,121,0,0,0.08170215
a19,122,0,0,0.076484226
a19,123,0,0,0.098654844
a19,124,0,0,0.08213852
a19,125,0,0,0.06832105
a19,126,0,0,0.07332726
a19,127,0,0,0.11545005
a19,128,0,0,0.086332224
a19,129,0,0,0.07050736
a19,130,0,0,0.12093513
a19,131,0,0,0.09275275
a19,132,0,0,0.11217033
a19,133,0,0,0.1443749
a19,134,0,0,0.083515495
a19,135,0,0,0.08660029
a19,136,0,0,0.2889866
a19,137,0,0,0.103131466
a19,138,0,0,0.06236245
a19,139,0,0,0.3236158
a19,140,0,0,0.14253736
a19,141,0,0,0.10200337
a19,142,0,0,0.13240519
a19,143,0,0,0.14404288
a19,144,0,0,0.15817368
a19,145,0,0,0.12147054
a19,146,0,0,0.17517917
a19,147,0,0,0.24862573
a19,148,0,1,0.65736556
a19,149,1,0,0.43954325
a19,150,1,0,0.49644125
a19,151,1,1,0.6066098
a19,152,1,1,0.66969824
a19,153,1,1,0.5960888
a19,154,1,0,0.31175947
a19,155,1,1,0.6629231
a19,156,1,1,0.6531698
a19,157,1,1,0.5765963
a19,158,1,1,0.7917241
a19,159,1,1,0.52403235
a19,160,1,1,0.7717702
a19,161,1,1,0.54202807
a19,162,1,1,0.72659093
a19,163,1,1,0.69493836
a19,164,1,1,0.6160475
a19,165,1,1,0.59566414
a19,166,1,1,0.6539906
a19,167,1,1,0.7798361
a19,168,1,0,0.4811041
a19,169,1,1,0.68831885
a19,170,1,1,0.6141654
a19,171,1,1,0.76055247
a19,172,1,1,0.7323633
a19,173,1,1,0.652564
a19,174,1,1,0.6573606
a19,175,1,0,0.18971369
a19,176,0,0,0.10806286
a19,177,0,0,0.13955729
a19,178,0,0,0.120016515
a19,179,0,0,0.13220425
a19,180,0,0,0.08482117
a19,181,0,0,0.109935544
a19,182,0,0,0.33153003
a19,183,0,0,0.13873297
a19,184,0,0,0.09001776
a19,185,0,0,0.096927516
a19,186,0,0,0.15896957
a19,187,0,0,0.123621225
a19,188,0,0,0.14418449
a19,189,0,0,0.1752006
a19,190,0,0,0.09061921
a19,191,0,0,0.10492632
a19,192,0,0,0.13049912
a19,193,0,0,0.09642036
a19,194,0,0,0.33649614
a19,195,1,0,0.25680894
a19,196,0,0,0.10223363
a19,197,0,0,0.13412407
a19,198,0,0,0.10429815
a19,199,0,0,0.1065173
a19,200,0,0,0.12106952
a19,201,0,0,0.12372038
a19,202,0,0,0.119779214
a19,203,0,0,0.12396754
a19,204,0,0,0.16209038
a19,205,0,0,0.1311313
a19,206,0,0,0.13589261
a19,207,0,0,0.23935866
a19,208,0,0,0.09403425
a19,209,0,0,0.102655396
a19,210,0,1,0.6229429
a19,211,0,0,0.17673938
a19,212,1,1,0.51092803
a19,213,1,1,0.7469237
a19,214,1,1,0.53330356
a19,215,1,1,0.5659212
a19,216,1,1,0.57940304
a19,217,1,1,0.7269338
a19,218,1,1,0.51200086
a19,219,1,1,0.67053485
a19,220,1,1,0.72241175
a19,221,1,1,0.5709269
a19,222,1,1,0.53841627
a19,223,1,0,0.37569857
a19,224,1,1,0.5580061
a19,225,1,1,0.5918634
a19,226,1,1,0.5652923
a19,227,1,1,0.5185621
a19,228,1,1,0.6094427
a19,229,1,0,0.49862278
a19,230,1,1,0.7496374
a19,231,1,0,0.43714172
a19,232,1,1,0.6237347
a19,233,1,1,0.64699316
a19,234,1,1,0.59230006
a19,235,1,1,0.6757417
a19,236,1,1,0.66288465
a19,237,1,1,0.70139784
a19,238,0,1,0.5030887
a19,239,0,0,0.16761431
a19,240,0,0,0.14094451
a19,241,0,0,0.15923627
a19,242,0,0,0.08897196
a19,243,0,0,0.109931946
a19,244,0,0,0.07489085
a19,245,0,0,0.14317928
a19,246,0,1,0.5308597
a19,247,1,1,0.5400171
a19,248,1,0,0.38191652
a19,249,1,1,0.65248495
a19,250,1,1,0.5061061
a19,251,1,0,0.30359554
a19,252,1,0,0.3199978
a19,253,1,1,0.72587705
a19,254,1,1,0.7243688
a19,255,1,1,0.5774116
a19,256,1,1,0.59841996
a19,257,1,0,0.43534505
a19,258,1,1,0.7541534
a19,259,1,1,0.6262462
a19,260,1,1,0.60602635
a19,261,1,1,0.7374194
a19,262,1,1,0.5227977
a19,263,1,1,0.7518725
a19,264,1,0,0.28583252
a19,265,1,1,0.6344718
a19,266,1,0,0.48916012
a19,267,1,1,0.5926337
a19,268,1,1,0.5311461
a19,269,1,0,0.27605784
a19,270,1,1,0.7443984
a19,271,1,1,0.7170529
a19,272,1,1,0.7749154
a19,273,1,1,0.7358956
a19,274,1,1,0.72399944
a19,275,1,1,0.5624154
a19,276,1,1,0.7877042
a19,277,1,1,0.5689228
a19,278,1,1,0.7192108
a19,279,0,0,0.48436892
a19,280,0,0,0.094682835
a19,281,0,0,0.08292814
a19,282,0,0,0.101903506
a19,283,0,0,0.11911259
a19,284,0,0,0.12776662
a19,285,0,0,0.14924033
a19,286,0,0,0.10202695
a19,287,0,0,0.11462402
a19,288,0,0,0.09996078
a19,289,0,0,0.0862549
a19,290,0,0,0.093292356
a19,291,0,0,0.12197514
a19,292,0,0,0.24413419
a19,293,0,0,0.11637232
a19,294,0,0,0.09465188
a19,295,0,0,0.38711476
a19,296,0,0,0.22696742
a19,297,0,0,0.086421646
a19,298,0,0,0.08805406
a19,299,0,0,0.11640087
a19,300,0,0,0.20658816
a19,301,0,0,0.14123465
a19,302,0,0,0.07749855
a19,303,0,0,0.38204452
a19,304,0,0,0.07874959
a19,305,0,0,0.27713493
a19,306,0,0,0.08045568
a19,307,0,0,0.08520707
a19,308,0,0,0.1206675
a19,309,0,0,0.075355925
a19,310,0,0,0.091575615
a19,311,0,0,0.3611544
a19,312,0,0,0.45309138
a19,313,0,1,0.53422034
a19,314,1,0,0.43614373
a19,315,1,1,0.5250552
a19,316,1,1,0.520833
a19,317,1,1,0.6296162
a19,318,1,0,0.37336048
a19,319,1,1,0.715466
a19,320,1,0,0.417582
a19,321,1,1,0.73938614
a19,322,1,1,0.5463801
a19,323,1,1,0.61782855
a19,324,1,1,0.6553524
a19,325,1,1,0.64724636
a19,326,1,1,0.7720444
a19,327,1,1,0.5485088
a19,328,1,1,0.6916554
a19,329,1,1,0.7712891
a19,330,1,1,0.604176
a19,331,1,1,0.5322882
a19,332,1,1,0.7018713
a19,333,1,1,0.55095154
a19,334,1,1,0.6987204
a19,335,1,1,0.75254124
a19,336,1,1,0.75788957
a19,337,1,1,0.72901744
a19,338,1,1,0.7071387
a19,339,1,1,0.6284929
a19,340,1,1,0.6831135
a19,341,1,1,0.70414084
a19,342,0,0,0.14876285
a19,343,0,0,0.11037057
a19,344,0,0,0.122308515
a19,345,0,0,0.1036696
a19,346,0,1,0.5678872
a19,347,1,0,0.17243029
a19,348,0,0,0.13642919
a19,349,0,0,0.10579495
a19,350,0,0,0.09411398
a19,351,0,0,0.08054288
a19,352,0,0,0.11694008
a19,353,0,0,0.07058607
a19,354,0,0,0.11362313
a19,355,0,0,0.09453753
a19,356,0,0,0.083493926
a19,357,0,0,0.12218952
a19,358,0,0,0.08308207
a19,359,0,0,0.07894069
a19,360,0,0,0.08711397
a19,361,0,0,0.090378575
a19,362,0,0,0.10787906
a19,363,0,0,0.08849161
a19,364,0,0,0.07875933
a19,365,0,0,0.1465421
a19,366,0,0,0.07706358
a19,367,0,0,0.4220014
a19,368,0,0,0.056863658
a19,369,0,0,0.10799921
a19,370,0,0,0.10183597
a19,371,0,0,0.06652427
a19,372,0,0,0.08742207
a19,373,0,0,0.09261791
a19,374,0,0,0.083188795
a19,375,0,1,0.6194237
a19,376,0,1,0.689509
a19,377,1,0,0.40324706
a19,378,1,1,0.68545
a19,379,1,1,0.76981866
a19,380,1,1,0.6414471
a19,381,1,1,0.7763014
a19,382,1,1,0.7914346
a19,383,1,1,0.5253929
a19,384,1,1,0.77620554
a19,385,1,1,0.70267904
a19,386,1,1,0.79039437
a19,387,1,1,0.78138685
a19,388,1,1,0.5301197
a19,389,1,1,0.8037135
a19,390,1,1,0.7193659
a19,391,1,0,0.24983345
a19,392,1,1,0.739474
a19,393,1,1,0.7153091
a19,394,1,1,0.64907974
a19,395,1,0,0.42843762
a19,396,0,0,0.22326359
a19,397,0,0,0.13379227
a19,398,0,0,0.13627239
a19,399,0,0,0.20006235
a19,400,0,0,0.07332221
a19,401,0,0,0.07208888
a19,402,0,0,0.0794238
a19,403,0,0,0.09080739
a19,404,0,0,0.08933581
a19,405,0,0,0.08362389
a19,406,0,0,0.1312185
a19,407,0,0,0.12555426
a19,408,0,0,0.07392481
a19,409,0,0,0.06267618
a19,410,0,0,0.11764624
a19,411,0,0,0.20039526
a19,412,0,0,0.1953207
a19,413,0,0,0.18024267
a19,414,0,0,0.19007191
a19,415,0,0,0.10849159
a19,416,0,0,0.15424222
a19,417,0,0,0.07603395
a19,418,0,0,0.08343127
a19,419,0,0,0.0829905
a19,420,0,0,0.06952627
a19,421,0,0,0.2068141
a19,422,0,0,0.06720842
a19,423,0,0,0.12969589
a19,424,0,0,0.075678535
a19,425,0,0,0.19616069
a19,426,0,0,0.2947226
a19,427,0,0,0.065086395
a19,428,0,0,0.06896198
a19,429,0,0,0.10026204
a19,430,0,0,0.10750494
a19,431,0,0,0.17624502
a19,432,0,0,0.090812236
a19,433,0,0,0.12266256
a19,434,0,0,0.08137772
a19,435,0,0,0.40910184
a19,436,0,0,0.122959815
a19,437,0,0,0.0830177
a19,438,0,1,0.62130105
a19,439,1,1,0.7233375
a19,440,1,0,0.38002646
a19,441,1,0,0.31564194
a19,442,1,0,0.49177092
a19,443,1,1,0.76360327
a19,444,1,0,0.4770265
a19,445,1,1,0.7618984
a19,446,1,1,0.5866505
a19,447,1,1,0.74451286
a19,448,1,1,0.6372985
a19,449,1,1,0.70018774
a19,450,1,0,0.32758754
a19,451,1,1,0.63144565
a19,452,1,0,0.45090783
a19,453,1,1,0.70957893
a19,454,1,1,0.59707975
a19,455,1,0,0.20370285
a19,456,1,1,0.7506254
a19,457,0,1,0.53182745
a19,458,1,1,0.52186996
a19,459,1,1,0.6464675
a19,460,1,1,0.5214561
a19,461,1,1,0.7049076
a19,462,1,1,0.57526165
a19,463,1,1,0.7572641
a19,464,1,1,0.6692593
a19,465,1,0,0.28405306
a19,466,0,0,0.1403193
a19,467,0,0,0.22323638
a19,468,0,0,0.17620495
a19,469,0,0,0.16083355
a19,470,0,0,0.14260337
a19,471,0,0,0.10809996
a19,472,0,0,0.21132216
a19,473,0,0,0.13375004
a19,474,0,0,0.08284224
a19,475,0,0,0.09425298
a19,476,0,0,0.12229515
a19,477,0,0,0.10329992
a19,478,0,1,0.57928497
a19,479,1,0,0.23984677
a19,480,0,1,0.705493
a19,481,1,1,0.52981865
a19,482,0,0,0.1782779
a19,483,1,1,0.6712362
a19,484,1,1,0.607053
a19,485,1,0,0.13559045
a19,486,1,1,0.7777112
a19,487,1,1,0.6054553
a19,488,1,1,0.7418288
a19,489,1,0,0.20218234
a19,490,1,1,0.5928345
a19,491,1,1,0.73953426
a19,492,1,0,0.31214014
a19,493,1,1,0.5944994
a19,494,1,0,0.44695002
a19,495,1,1,0.54269856
a19,496,1,1,0.6164569
a19,497,1,1,0.71327555
a19,498,1,1,0.6322099
a19,499,1,1,0.5177836
a19,500,1,1,0.6871876
a19,501,1,1,0.77073324
a20,1,0,0,0.12301062
a20,2,0,0,0.25842893
a20,3,0,0,0.108117394
a20,4,0,0,0.4983667
a20,5,0,0,0.06785347
a20,6,0,0,0.122119024
a20,7,0,0,0.09068853
a20,8,0,1,0.7064356
a20,9,0,1,0.76424927
a20,10,0,0,0.45578706
a20,11,0,0,0.32632086
a20,12,0,0,0.408304
a20,13,0,0,0.12720074
a20,14,0,0,0.4857276
a20,15,0,1,0.68011457
a20,16,0,1,0.66355723
a20,17,0,0,0.36509347
a20,18,0,0,0.41365328
a20,19,0,0,0.25278205
a20,20,0,1,0.5549889
a20,21,0,1,0.51810366
a20,22,0,1,0.76835996
a20,23,0,1,0.66673714
a20,24,0,0,0.13098979
a20,25,0,0,0.2955088
a20,26,0,0,0.20726676
a20,27,0,0,0.23898183
a20,28,0,1,0.5744899
a20,29,0,0,0.08705436
a20,30,0,0,0.396609
a20,31,0,0,0.16418914
a20,32,0,1,0.65585667
a20,33,0,0,0.45168105
a20,34,0,0,0.45348346
a20,35,0,1,0.5656116
a20,36,0,0,0.1539836
a20,37,0,0,0.14339249
a20,38,0,0,0.103030354
a20,39,0,0,0.12222882
a20,40,0,0,0.29510787
a20,41,0,1,0.655279
a20,42,0,0,0.34968922
a20,43,0,0,0.10863597
a20,44,0,0,0.20690797
a20,45,0,0,0.40899768
a20,46,0,0,0.31317922
a20,47,0,0,0.4842464
a20,48,0,0,0.25987306
a20,49,0,0,0.18904448
a20,50,1,1,0.7279983
a20,51,1,1,0.68016267
a20,52,1,1,0.7076752
a20,53,1,1,0.7061332
a20,54,1,1,0.7867963
a20,55,1,1,0.7573572
a20,56,1,1,0.61566174
a20,57,1,1,0.72482073
a20,58,1,1,0.62207913
a20,59,1,0,0.27190703
a20,60,1,1,0.6910323
a20,61,1,1,0.57430834
a20,62,1,0,0.41337112
a20,63,1,1,0.56650823
a20,64,1,1,0.6393367
a20,65,1,0,0.41003072
a20,66,1,1,0.7537405
a20,67,1,1,0.6195588
a20,68,1,1,0.6456723
a20,69,1,1,0.7400361
a20,70,1,1,0.7758795
a20,71,1,1,0.54550964
a20,72,0,1,0.67409253
a20,73,0,1,0.67209816
a20,74,1,1,0.532207
a20,75,1,1,0.61929435
a20,76,1,1,0.6512591
a20,77,1,1,0.645494
a20,78,1,1,0.76001877
a20,79,1,1,0.5853738
a20,80,1,1,0.5316189
a20,81,1,1,0.69400054
a20,82,1,1,0.792441
a20,83,0,0,0.24479201
a20,84,0,0,0.27472636
a20,85,0,0,0.24506709
a20,86,0,0,0.1186041
a20,87,0,0,0.07479557
a20,88,0,0,0.30225846
a20,89,1,0,0.20925246
a20,90,1,0,0.40938103
a20,91,1,1,0.6471828
a20,92,0,0,0.2490658
a20,93,0,1,0.59520715
a20,94,1,1,0.5922603
a20,95,1,1,0.5159126
a20,96,1,1,0.69803643
a20,97,1,0,0.16836697
a20,98,1,0,0.43873262
a20,99,1,0,0.2758447
a20,100,1,0,0.25682607
a20,101,1,0,0.28959754
a20,102,1,1,0.58265847
a20,103,1,1,0.74384224
a20,104,1,0,0.4397987
a20,105,1,0,0.17489918
a20,106,1,1,0.5862356
a20,107,1,1,0.6581452
a20,108,1,1,0.70500124
a20,109,1,0,0.2548536
a20,110,1,1,0.6878321
a20,111,1,0,0.22019933
a20,112,1,0,0.45090413
a20,113,1,0,0.23486476
a20,114,1,1,0.57078636
a20,115,1,1,0.52054757
a20,116,1,1,0.50990254
a20,117,1,1,0.53327674
a20,118,1,1,0.5006122
a20,119,1,1,0.8078402
a20,120,1,0,0.41764313
a20,121,1,1,0.5214945
a20,122,1,1,0.807369
a20,123,1,0,0.4960067
a20,124,0,0,0.21750273
a20,125,0,0,0.1893337
a20,126,0,0,0.3034395
a20,127,0,0,0.41517487
a20,128,1,0,0.23308039
a20,129,1,0,0.23102057
a20,130,1,0,0.21109995
a20,131,1,0,0.38666046
a20,132,1,0,0.36114076
a20,133,1,1,0.55319417
a20,134,1,1,0.68696207
a20,135,0,0,0.116215326
a20,136,0,0,0.11770226
a20,137,0,1,0.5767145
a20,138,1,1,0.67467487
a20,139,1,1,0.6930184
a20,140,1,1,0.6813893
a20,141,1,0,0.26251784
a20,142,1,1,0.8047734
a20,143,1,0,0.22243775
a20,144,1,1,0.6203482
a20,145,1,0,0.47978324
a20,146,1,1,0.65723693
a20,147,1,1,0.67989737
a20,148,1,1,0.5566948
a20,149,1,1,0.5678236
a20,150,1,1,0.68733156
a20,151,1,1,0.73777217
a20,152,1,1,0.7970539
a20,153,1,1,0.5845686
a20,154,1,1,0.7464189
a20,155,1,1,0.6850843
a20,156,1,1,0.55697197
a20,157,1,1,0.555974
a20,158,1,1,0.75330627
a20,159,1,1,0.64549005
a20,160,1,1,0.5005074
a20,161,1,1,0.7863999
a20,162,1,1,0.72109425
a20,163,1,1,0.6416744
a20,164,1,1,0.7351875
a20,165,1,1,0.7320786
a20,166,1,1,0.6323749
a20,167,1,1,0.6158518
a20,168,1,1,0.6858545
a20,169,1,1,0.7438222
a20,170,1,1,0.7703948
a20,171,1,0,0.44232813
a20,172,1,1,0.66270554
a20,173,1,1,0.7545091
a20,174,1,1,0.76106256
a20,175,1,1,0.58777386
a20,176,1,1,0.7374682
a20,177,1,0,0.48843646
a20,178,1,1,0.58706194
a20,179,1,1,0.6779556
a20,180,1,0,0.45277
a20,181,1,0,0.42734483
a20,182,1,1,0.64349395
a20,183,1,0,0.3810228
a20,184,1,1,0.5804405
a20,185,1,1,0.6743627
a20,186,1,1,0.65375847
a20,187,1,1,0.69233036
a20,188,1,1,0.7318203
a20,189,0,0,0.2022886
a20,190,0,0,0.20196798
a20,191,1,1,0.7173642
a20,192,1,1,0.51011777
a20,193,1,1,0.78091234
a20,194,1,1,0.8289761
a20,195,0,0,0.13870257
a20,196,0,0,0.14505136
a20,197,0,1,0.6050257
a20,198,1,1,0.7088953
a20,199,1,1,0.50432587
a20,200,0,0,0.11318987
a20,201,0,0,0.17444833
a20,202,0,0,0.20255582
a20,203,0,0,0.14240386
a20,204,0,0,0.3730226
a20,205,0,1,0.5777287
a20,206,1,0,0.3599194
a20,207,1,0,0.29687494
a20,208,1,0,0.44930342
a20,209,1,0,0.27277464
a20,210,1,0,0.42428738
a20,211,1,0,0.4102934
a20,212,1,1,0.6991809
a20,213,1,0,0.34865245
a20,214,1,1,0.6647017
a20,215,1,0,0.44033486
a20,216,1,1,0.60992676
a20,217,1,1,0.6454166
a20,218,1,1,0.52984506
a20,219,1,1,0.7038634
a20,220,1,1,0.7386562
a20,221,1,1,0.5971626
a20,222,1,1,0.6174346
a20,223,1,1,0.6658435
a20,224,1,1,0.7226718
a20,225,1,1,0.56867653
a20,226,1,1,0.71305835
a20,227,1,1,0.664702
a20,228,1,1,0.72612953
a20,229,1,1,0.70601743
a20,230,1,1,0.7264357
a20,231,1,1,0.50260127
a20,232,1,1,0.7042127
a20,233,1,1,0.75991076
a20,234,1,1,0.75496614
a20,235,1,1,0.74124926
a20,236,1,1,0.7014481
a20,237,1,1,0.80196494
a20,238,1,1,0.7826606
a20,239,1,1,0.51680905
a20,240,1,1,0.700631
a20,241,1,1,0.7196475
a20,242,1,1,0.7064447
a20,243,1,1,0.5845276
a20,244,1,1,0.7787301
a20,245,1,1,0.647156
a20,246,1,1,0.6904484
a20,247,1,1,0.7214333
a20,248,1,1,0.73629797
a20,249,1,1,0.71835726
a20,250,1,1,0.74232596
a20,251,1,1,0.6358866
a20,252,1,1,0.7729662
a20,253,1,1,0.76313066
a20,254,1,0,0.36968064
a20,255,1,1,0.6819754
a20,256,1,1,0.5963534
a20,257,1,1,0.62697047
a20,258,1,1,0.7011082
a20,259,1,1,0.626806
a20,260,1,1,0.7680663
a20,261,1,1,0.7220506
a20,262,1,1,0.7144428
a20,263,1,1,0.610415
a20,264,1,1,0.7326126
a20,265,1,1,0.76795125
a20,266,0,0,0.23791495
a20,267,0,0,0.31639984
a20,268,0,0,0.11431439
a20,269,1,1,0.79438305
a20,270,1,0,0.09377868
a20,271,1,1,0.72648454
a20,272,1,0,0.28004327
a20,273,1,0,0.482168
a20,274,1,0,0.2721529
a20,275,1,1,0.68272364
a20,276,1,0,0.22754978
a20,277,1,1,0.76922303
a20,278,1,0,0.19653222
a20,279,1,0,0.2787612
a20,280,1,1,0.5474875
a20,281,0,0,0.38137
a20,282,0,0,0.17290589
a20,283,0,0,0.202025
a20,284,0,0,0.19281933
a20,285,0,0,0.22350559
a20,286,0,0,0.15527809
a20,287,0,0,0.19585733
a20,288,0,0,0.1583933
a20,289,0,0,0.23928821
a20,290,0,0,0.13582392
a20,291,0,0,0.116855025
a20,292,0,0,0.1289244
a20,293,0,0,0.11506666
a20,294,1,1,0.7105691
a20,295,1,1,0.650422
a20,296,1,0,0.2831377
a20,297,1,1,0.79409754
a20,298,1,1,0.65122217
a20,299,1,1,0.69856095
a20,300,1,0,0.32636538
a20,301,0,0,0.12698674
a20,302,0,0,0.2531829
a20,303,0,0,0.09750485
a20,304,0,0,0.16945112
a20,305,0,0,0.15762953
a20,306,0,0,0.090316266
a20,307,0,0,0.13404398
a20,308,0,0,0.12806267
a20,309,0,0,0.10614255
a20,310,0,0,0.15115872
a20,311,0,0,0.13920371
a20,312,0,0,0.11200637
a20,313,0,0,0.10243744
a20,314,0,0,0.110301994
a20,315,0,0,0.12971358
a20,316,0,0,0.14703462
a20,317,0,0,0.10767803
a20,318,0,0,0.09642632
a20,319,0,0,0.11142658
a20,320,0,0,0.114051424
a20,321,0,0,0.119625926
a20,322,0,0,0.16515304
a20,323,0,0,0.10115316
a20,324,0,0,0.1283085
a20,325,0,0,0.11399642
a20,326,0,0,0.12092799
a20,327,0,0,0.11529091
a20,328,0,0,0.12305829
a20,329,0,0,0.24405164
a20,330,0,0,0.11706378
a20,331,0,0,0.12497202
a20,332,0,0,0.39452633
a20,333,1,0,0.38370347
a20,334,1,1,0.7027114
a20,335,1,1,0.52671474
a20,336,1,1,0.5737872
a20,337,1,0,0.16876976
a20,338,1,1,0.7688784
a20,339,0,0,0.31463224
a20,340,0,0,0.41198477
a20,341,0,0,0.24654503
a20,342,0,0,0.05905393
a20,343,0,0,0.055876236
a20,344,0,0,0.15858048
a20,345,0,1,0.87134373
a20,346,0,0,0.34904528
a20,347,0,0,0.082146406
a20,348,0,1,0.7307223
a20,349,0,0,0.22593333
a20,350,0,0,0.24349205
a20,351,0,0,0.12848005
a20,352,0,1,0.8420898
a20,353,1,1,0.63894737
a20,354,1,1,0.5118797
a20,355,1,1,0.54164976
a20,356,1,0,0.4696707
a20,357,1,1,0.6035773
a20,358,1,1,0.6761131
a20,359,1,1,0.529015
a20,360,1,1,0.8013187
a20,361,1,1,0.7167501
a20,362,1,1,0.70684266
a20,363,1,1,0.75922537
a20,364,1,1,0.73323596
a20,365,1,1,0.6937371
a20,366,1,1,0.5850341
a20,367,1,0,0.46921006
a20,368,1,0,0.4450204
a20,369,1,0,0.46648732
a20,370,1,1,0.59758407
a20,371,1,1,0.6389058
a20,372,1,1,0.7053019
a20,373,1,1,0.7241452
a20,374,1,1,0.69084185
a20,375,1,1,0.6245895
a20,376,1,1,0.6196209
a20,377,1,1,0.7363112
a20,378,1,1,0.72277164
a20,379,1,1,0.6950194
a20,380,1,1,0.69067657
a20,381,1,1,0.7707208
a20,382,1,1,0.7268795
a20,383,1,1,0.7088068
a20,384,1,1,0.7253059
a20,385,1,1,0.73290944
a20,386,1,1,0.5248377
a20,387,1,1,0.76870275
a20,388,1,1,0.7880786
a20,389,1,1,0.52759904
a20,390,1,1,0.900501
a20,391,1,0,0.14508606
a20,392,0,0,0.44816563
a20,393,0,0,0.34089884
a20,394,0,1,0.53247637
a20,395,0,0,0.45524067
a20,396,0,0,0.25186816
a20,397,0,0,0.31826636
a20,398,0,0,0.20313197
a20,399,0,0,0.32517785
a20,400,0,1,0.53333145
a20,401,0,0,0.2752398
a20,402,0,0,0.20156313
a20,403,0,0,0.36237985
a20,404,0,0,0.17959595
a20,405,0,1,0.6920133
a20,406,1,1,0.74457
a20,407,1,0,0.26869842
a20,408,1,1,0.5937556
a20,409,0,0,0.26084656
a20,410,0,0,0.18182972
a20,411,0,0,0.08724799
a20,412,0,0,0.058243085
a20,413,0,0,0.10179457
a20,414,0,0,0.09631965
a20,415,0,0,0.10074022
a20,416,0,0,0.11270299
a20,417,0,0,0.05801853
a20,418,0,0,0.2984359
a20,419,0,0,0.09901376
a20,420,0,0,0.15411267
a20,421,0,0,0.09565293
a20,422,0,0,0.19348654
a20,423,0,0,0.15369888
a20,424,0,0,0.098724276
a20,425,0,1,0.6570794
a20,426,0,0,0.26176184
a20,427,0,0,0.32682633
a20,428,0,0,0.11752446
a20,429,0,0,0.15939146
a20,430,0,0,0.16148779
a20,431,0,0,0.29456654
a20,432,0,1,0.5305343
a20,433,0,0,0.3775816
a20,434,0,0,0.27638513
a20,435,0,0,0.25395444
a20,436,0,0,0.26859263
a20,437,0,0,0.34707323
a20,438,0,1,0.5598319
a20,439,0,0,0.29644826
a20,440,1,1,0.56367624
a20,441,1,0,0.30142727
a20,442,1,1,0.7200274
a20,443,1,0,0.3512075
a20,444,1,1,0.66284436
a20,445,1,0,0.47371116
a20,446,1,0,0.3061451
a20,447,1,1,0.67622733
a20,448,1,1,0.71957934
a20,449,1,1,0.62167853
a20,450,1,0,0.31234145
a20,451,1,1,0.66047966
a20,452,1,0,0.27228633
a20,453,1,1,0.60146326
a20,454,1,1,0.6424178
a20,455,1,0,0.30631167
a20,456,1,1,0.77261734
a20,457,1,1,0.6028755
a20,458,1,1,0.5064359
a20,459,1,1,0.50227505
a20,460,1,1,0.7269916
a20,461,1,1,0.69970113
a20,462,1,1,0.71873915
a20,463,1,1,0.7304422
a20,464,1,1,0.6639102
a20,465,1,1,0.8213818
a20,466,1,1,0.67292625
a20,467,1,1,0.67917806
a20,468,1,1,0.60373497
a20,469,1,1,0.7263512
a20,470,1,1,0.68913215
a20,471,1,1,0.5999056
a20,472,1,1,0.7773103
a20,473,1,1,0.7244094
a20,474,1,0,0.34735298
a20,475,1,1,0.8440909
a20,476,1,1,0.7146156
a20,477,1,0,0.37390313
a20,478,1,1,0.7533682
a20,479,1,1,0.75307566
a20,480,1,0,0.30671445
a20,481,1,1,0.54087716
a20,482,1,1,0.76073235
a20,483,1,1,0.6271614
a20,484,1,0,0.3171859
a20,485,1,0,0.17266741
a20,486,1,1,0.6902353
a20,487,1,1,0.7614429
a20,488,1,0,0.3211075
a20,489,1,1,0.707199
a20,490,1,1,0.7502667
a20,491,1,1,0.87676436
a20,492,1,0,0.4282496
a20,493,0,1,0.83954173
a20,494,0,1,0.8554844
a20,495,0,1,0.7777358
a20,496,0,1,0.7561776
a20,497,1,1,0.6910325
a20,498,1,1,0.8011267
a20,499,1,1,0.86734134
a20,500,1,0,0.39090323
a20,501,1,0,0.23814708
a20,502,1,1,0.8661753
a20,503,1,1,0.7140508
a20,504,0,0,0.27496547
a20,505,0,0,0.36474392
a20,506,0,0,0.12380043
a20,507,0,1,0.654888
a20,508,0,0,0.39959082
a20,509,0,1,0.7904941
b01,1,0,0,0.23516017
b01,2,0,0,0.40213683
b01,3,0,0,0.16873474
b01,4,0,1,0.72763824
b01,5,1,0,0.47319388
b01,6,0,1,0.60948914
b01,7,0,1,0.7748338
b01,8,0,1,0.5045704
b01,9,0,0,0.4401186
b01,10,0,1,0.8428253
b01,11,0,1,0.54853296
b01,12,0,0,0.3161346
b01,13,0,1,0.6918509
b01,14,0,0,0.14594454
b01,15,0,0,0.16034774
b01,16,0,0,0.16896164
b01,17,0,1,0.7210608
b01,18,0,0,0.3052622
b01,19,0,0,0.29655367
b01,20,0,0,0.34685376
b01,21,0,1,0.78840005
b01,22,0,0,0.29760107
b01,23,0,1,0.67354906
b01,24,0,1,0.6158402
b01,25,0,0,0.1348967
b01,26,0,0,0.29484874
b01,27,0,0,0.1439389
b01,28,0,1,0.8362452
b01,29,0,0,0.23513332
b01,30,0,0,0.07786316
b01,31,0,0,0.18798533
b01,32,0,0,0.09386912
b01,33,0,0,0.12842831
b01,34,0,0,0.18086207
b01,35,0,1,0.7743038
b01,36,0,1,0.53213763
b01,37,0,1,0.7302505
b01,38,0,1,0.7645094
b01,39,0,1,0.78822285
b01,40,0,1,0.71879625
b01,41,0,1,0.64002836
b01,42,0,1,0.70169556
b01,43,0,0,0.1365732
b01,44,0,1,0.6598653
b01,45,0,1,0.6913204
b01,46,0,0,0.35993847
b01,47,0,0,0.24192926
b01,48,0,1,0.78595704
b01,49,0,0,0.13140991
b01,50,0,1,0.6137205
b01,51,0,0,0.1773191
b01,52,0,1,0.802426
b01,53,0,0,0.17453389
b01,54,0,0,0.16728918
b01,55,0,0,0.17928582
b01,56,0,0,0.13781598
b01,57,0,0,0.38356203
b01,58,0,0,0.27526084
b01,59,0,0,0.101266995
b01,60,0,1,0.6580499
b01,61,0,0,0.01743554
b01,62,0,1,0.7805923
b01,63,0,1,0.80187696
b01,64,0,1,0.8154957
b01,65,0,1,0.8927748
b01,66,0,1,0.75257033
b01,67,0,1,0.82775986
b01,68,0,0,0.15335566
b01,69,0,0,0.18902184
b01,70,0,0,0.08132311
b01,71,0,0,0.163967
b01,72,0,0,0.09013303
b01,73,0,0,0.116240226
b01,74,0,0,0.16508289
b01,75,0,0,0.12757502
b01,76,0,0,0.09892497
b01,77,0,0,0.12092478
b01,78,0,0,0.06442505
b01,79,0,0,0.08530291
b01,80,0,0,0.12168532
b01,81,0,0,0.108843185
b01,82,0,0,0.12570313
b01,83,0,0,0.08356203
b01,84,0,0,0.089513436
b01,85,0,0,0.1110955
b01,86,0,0,0.0783277
b01,87,0,0,0.09939328
b01,88,0,0,0.1906215
b01,89,0,0,0.1167699
b01,90,0,0,0.12293753
b01,91,0,0,0.0883702
b01,92,0,0,0.09530508
b01,93,0,0,0.09478218
b01,94,0,0,0.08470139
b01,95,0,0,0.09385106
b01,96,0,0,0.11375119
b01,97,0,0,0.10689161
b01,98,0,1,0.598569
b01,99,0,1,0.73695046
b01,100,0,1,0.8063983
b01,101,0,1,0.7606409
b01,102,0,1,0.787012
b01,103,0,1,0.8078245
b01,104,0,0,0.37017196
b01,105,0,1,0.6513195
b01,106,0,0,0.35702586
b01,107,0,1,0.67482746
b01,108,0,0,0.412029
b01,109,0,0,0.45871627
b01,110,0,1,0.69226587
b01,111,0,0,0.18353695
b01,112,0,1,0.74915975
b01,113,0,1,0.6229122
b01,114,0,0,0.14073396
b01,115,0,1,0.5038543
b01,116,0,0,0.14516689
b01,117,0,1,0.53651756
b01,118,0,0,0.22229835
b01,119,0,0,0.23736262
b01,120,0,0,0.21037447
b01,121,0,0,0.36443287
b01,122,0,1,0.6074429
b01,123,0,1,0.52237916
b01,124,0,0,0.40006146
b01,125,0,1,0.5429758
b01,126,0,1,0.6301537
b01,127,0,1,0.7606845
b01,128,0,1,0.61510104
b01,129,0,0,0.13688834
b01,130,0,0,0.10204606
b01,131,0,0,0.12015511
b01,132,0,0,0.12303501
b01,133,0,0,0.0809158
b01,134,0,1,0.6771407
b01,135,1,1,0.83123654
b01,136,0,0,0.09332877
b01,137,0,0,0.18959902
b01,138,0,0,0.09595682
b01,139,0,0,0.07739128
b01,140,0,0,0.13880317
b01,141,0,0,0.13913313
b01,142,0,0,0.26348442
b01,143,0,0,0.17320995
b01,144,0,0,0.13332272
b01,145,0,0,0.085580155
b01,146,0,0,0.078074045
b01,147,0,0,0.10570362
b01,148,0,0,0.19076113
b01,149,0,0,0.114995815
b01,150,0,0,0.09460383
b01,151,0,0,0.065402426
b01,152,0,0,0.09113993
b01,153,0,0,0.096130386
b01,154,0,0,0.074452765
b01,155,0,0,0.06585772
b01,156,0,0,0.09275318
b01,157,0,0,0.11571297
b01,158,0,1,0.5457685
b01,159,1,1,0.70539415
b01,160,1,1,0.61008096
b01,161,1,1,0.69611144
b01,162,1,0,0.3550956
b01,163,0,1,0.6859152
b01,164,0,1,0.73779505
b01,165,0,1,0.75673723
b01,166,0,1,0.76245296
b01,167,0,0,0.103065945
b01,168,0,1,0.72901416
b01,169,0,1,0.71172494
b01,170,0,0,0.1309525
b01,171,0,1,0.77003497
b01,172,0,1,0.6270735
b01,173,0,1,0.82808065
b01,174,0,1,0.7165515
b01,175,0,1,0.7781088
b01,176,0,1,0.8066253
b01,177,0,0,0.21910654
b01,178,0,1,0.7401527
b01,179,0,1,0.7914663
b01,180,0,1,0.8296623
b01,181,0,1,0.58097076
b01,182,0,1,0.6748678
b01,183,0,1,0.6697729
b01,184,0,1,0.73032486
b01,185,0,1,0.6509883
b01,186,0,1,0.79848707
b01,187,0,1,0.5110941
b01,188,0,1,0.653259
b01,189,0,1,0.71009225
b01,190,0,0,0.3561017
b01,191,0,1,0.5712322
b01,192,0,0,0.32727388
b01,193,0,0,0.14996228
b01,194,0,0,0.25849146
b01,195,0,1,0.5435009
b01,196,0,1,0.56868386
b01,197,0,0,0.34745473
b01,198,0,0,0.35940614
b01,199,0,0,0.20654647
b01,200,0,0,0.3034615
b01,201,0,0,0.310559
b01,202,0,0,0.13461117
b01,203,0,0,0.24052225
b01,204,0,0,0.27264574
b01,205,0,0,0.48138383
b01,206,0,0,0.17693411
b01,207,0,0,0.27856603
b01,208,0,0,0.26127312
b01,209,0,0,0.14675619
b01,210,0,0,0.30387497
b01,211,0,0,0.2976586
b01,212,0,0,0.15113273
b01,213,0,0,0.29493117
b01,214,0,0,0.37535015
b01,215,0,1,0.5361425
b01,216,0,0,0.278065
b01,217,0,0,0.30848712
b01,218,0,1,0.5175196
b01,219,0,0,0.15442632
b01,220,0,0,0.41114467
b01,221,0,1,0.79409677
b01,222,0,1,0.673425
b01,223,0,0,0.108705066
b01,224,0,0,0.13964665
b01,225,0,0,0.2364413
b01,226,0,0,0.118911974
b01,227,0,1,0.7886157
b01,228,0,0,0.1015959
b01,229,0,0,0.12847053
b01,230,0,0,0.18010217
b01,231,0,0,0.100404195
b01,232,0,0,0.07537227
b01,233,0,0,0.0844504
b01,234,0,0,0.073063545
b01,235,0,0,0.08153165
b01,236,0,0,0.098742925
b01,237,0,0,0.112398855
b01,238,0,0,0.118159235
b01,239,0,0,0.08966569
b01,240,0,0,0.1267089
b01,241,0,0,0.114457466
b01,242,0,0,0.18635136
b01,243,0,0,0.19835974
b01,244,0,0,0.0774882
b01,245,0,0,0.11036212
b01,246,0,0,0.22494322
b01,247,0,0,0.10818403
b01,248,0,0,0.095396735
b01,249,0,0,0.10148102
b01,250,0,0,0.12626836
b01,251,0,0,0.10600377
b01,252,0,0,0.11936706
b01,253,0,0,0.10977918
b01,254,0,0,0.08853897
b01,255,0,0,0.22658275
b01,256,0,0,0.07845629
b01,257,0,0,0.11587141
b01,258,0,0,0.110383436
b01,259,0,0,0.10302403
b01,260,0,0,0.11831338
b01,261,0,0,0.13082695
b01,262,0,0,0.13235712
b01,263,0,0,0.07510193
b01,264,0,0,0.08949143
b01,265,0,0,0.17290579
b01,266,0,0,0.12239609
b01,267,0,0,0.11241746
b01,268,0,0,0.14000118
b01,269,0,0,0.08750566
b01,270,0,0,0.100265935
b01,271,0,1,0.6235871
b01,272,0,1,0.8152407
b01,273,0,1,0.80813605
b01,274,0,1,0.78945035
b01,275,0,1,0.71609825
b01,276,0,1,0.7986965
b01,277,0,1,0.80669796
b01,278,0,1,0.8432224
b01,279,0,0,0.079987034
b01,280,0,0,0.2930291
b01,281,0,0,0.30627835
b01,282,0,0,0.3520083
b01,283,0,0,0.124200396
b01,284,0,0,0.23168367
b01,285,0,0,0.21645115
b01,286,0,0,0.38745984
b01,287,0,1,0.5334515
b01,288,0,0,0.15940404
b01,289,0,0,0.13397476
b01,290,0,0,0.12641509
b01,291,0,0,0.30488512
b01,292,0,1,0.60098124
b01,293,0,1,0.67110485
b01,294,0,1,0.5750425
b01,295,0,0,0.09775841
b01,296,0,0,0.36921588
b01,297,0,0,0.35641766
b01,298,0,1,0.65863264
b01,299,0,0,0.17406146
b01,300,0,0,0.2972093
b01,301,0,1,0.7294045
b01,302,0,0,0.10088355
b01,303,0,0,0.12295166
b01,304,0,0,0.32012078
b01,305,0,1,0.7305558
b01,306,0,1,0.73573554
b01,307,0,1,0.8029191
b01,308,0,0,0.2445074
b01,309,0,0,0.16788377
b01,310,0,1,0.7638557
b01,311,0,0,0.44574705
b01,312,0,1,0.8072088
b01,313,0,1,0.6305948
b01,314,0,1,0.72936505
b01,315,0,1,0.7762111
b01,316,0,1,0.8287638
b01,317,0,0,0.1728171
b01,318,0,0,0.28890127
b01,319,0,1,0.7500699
b01,320,0,0,0.09999262
b01,321,0,0,0.16026618
b01,322,0,0,0.15792836
b01,323,0,0,0.090892464
b01,324,0,0,0.22886552
b01,325,0,1,0.60638237
b01,326,0,0,0.18200627
b01,327,0,0,0.12596624
b01,328,0,0,0.14958873
b01,329,0,0,0.26609677
b01,330,0,0,0.13717368
b01,331,0,0,0.11818952
b01,332,0,0,0.09170665
b01,333,0,0,0.09193039
b01,334,0,0,0.21462119
b01,335,0,0,0.2956258
b01,336,0,1,0.5408526
b01,337,0,1,0.54116356
b01,338,0,1,0.8190525
b01,339,1,1,0.8346103
b01,340,0,0,0.1361323
b01,341,0,0,0.09069287
b01,342,0,0,0.17639428
b01,343,0,0,0.42478868
b01,344,0,1,0.7930341
b01,345,0,1,0.7563332
b01,346,0,1,0.8542297
b01,347,0,1,0.6602206
b01,348,0,1,0.75539017
b01,349,0,1,0.8403377
b01,350,0,1,0.7962205
b01,351,0,1,0.7131021
b01,352,0,0,0.28927067
b01,353,0,0,0.18039362
b01,354,0,1,0.73698175
b01,355,0,1,0.7829633
b01,356,0,1,0.78112227
b01,357,0,1,0.6335056
b01,358,0,0,0.24338108
b01,359,0,1,0.76886874
b01,360,0,1,0.7519908
b01,361,0,1,0.76431346
b01,362,0,1,0.8433401
b01,363,0,1,0.5872992
b01,364,0,1,0.81812197
b01,365,0,1,0.78391033
b01,366,0,1,0.5709221
b01,367,0,1,0.63212997
b01,368,0,1,0.82784045
b01,369,0,0,0.15230992
b01,370,0,1,0.5052188
b01,371,0,0,0.29635757
b01,372,0,0,0.37378284
b01,373,0,0,0.21647133
b01,374,0,0,0.1904721
b01,375,0,0,0.22565837
b01,376,0,0,0.2059442
b01,377,0,1,0.7519321
b01,378,0,1,0.6848134
b01,379,0,0,0.28438494
b01,380,0,1,0.60222954
b01,381,0,1,0.5920433
b01,382,0,1,0.7142111
b01,383,0,1,0.7421324
b01,384,0,1,0.65777457
b01,385,0,0,0.30748022
b01,386,0,1,0.5818483
b01,387,0,1,0.5890302
b01,388,0,1,0.605632
b01,389,0,1,0.5676215
b01,390,0,1,0.6896604
b01,391,0,1,0.6400755
b01,392,0,0,0.4793362
b01,393,0,1,0.5854367
b01,394,0,1,0.6242867
b01,395,0,1,0.72942513
b01,396,0,1,0.6959337
b01,397,0,0,0.14317587
b01,398,0,1,0.7405603
b01,399,0,0,0.49212107
b01,400,0,1,0.7967693
b01,401,0,1,0.8386797
b01,402,0,1,0.7906183
b01,403,0,1,0.7348695
b01,404,0,1,0.820241
b01,405,0,1,0.7021058
b01,406,0,0,0.45269606
b01,407,0,1,0.7874811
b01,408,0,1,0.7239435
b01,409,0,1,0.59396225
b01,410,0,1,0.79005647
b01,411,0,1,0.7437562
b01,412,0,1,0.8157165
b01,413,0,1,0.61506087
b01,414,0,1,0.81402516
b01,415,0,1,0.7842477
b01,416,0,1,0.6554195
b01,417,0,1,0.840057
b01,418,0,1,0.84134996
b01,419,0,1,0.84019065
b01,420,1,1,0.86208725
b01,421,1,1,0.84502864
b01,422,0,1,0.76755327
b01,423,0,1,0.80813575
b01,424,0,1,0.78707993
b01,425,1,1,0.6866969
b01,426,1,1,0.820928
b01,427,1,1,0.81692195
b01,428,1,1,0.80554074
b01,429,1,1,0.819574
b01,430,1,1,0.81593317
b01,431,1,1,0.86242324
b01,432,1,1,0.8387922
b01,433,1,1,0.8208984
b01,434,1,1,0.69138306
b01,435,0,1,0.6254564
b01,436,0,0,0.4069668
b01,437,0,1,0.8089031
b01,438,0,1,0.80040485
b01,439,0,1,0.7914707
b01,440,0,1,0.76440436
b01,441,0,1,0.71747524
b01,442,0,1,0.5408337
b01,443,0,1,0.8061725
b01,444,0,1,0.6580548
b01,445,0,1,0.8163479
b01,446,0,1,0.74775755
b01,447,0,1,0.7424541
b01,448,0,1,0.57725376
b01,449,0,1,0.70195407
b01,450,0,1,0.8251284
b01,451,0,1,0.5066764
b01,452,0,1,0.7339942
b01,453,0,1,0.7483893
b01,454,0,1,0.78733116
b01,455,0,1,0.6994179
b01,456,0,1,0.67161417
b01,457,0,1,0.83232266
b01,458,0,1,0.80151767
b01,459,0,1,0.6497451
b01,460,0,1,0.76593405
b01,461,0,1,0.760983
b01,462,0,1,0.75185007
b01,463,0,0,0.4661999
b01,464,0,1,0.88010186
b01,465,0,0,0.48678172
b01,466,0,1,0.7772294
b01,467,0,1,0.6640422
b01,468,0,1,0.7197915
b01,469,0,1,0.7295892
b01,470,0,0,0.4972388
b01,471,0,0,0.42685395
b01,472,0,1,0.69011635
b01,473,0,1,0.7186864
b01,474,0,1,0.5760125
b01,475,0,1,0.7092999
b01,476,0,0,0.24968193
b01,477,0,0,0.2007822
b01,478,0,0,0.1663287
b01,479,0,1,0.79736376
b01,480,0,0,0.19932209
b01,481,0,1,0.5759841
b01,482,0,0,0.43575305
b01,483,0,1,0.77507436
b01,484,0,1,0.7899625
b01,485,0,1,0.79787207
b01,486,0,0,0.2471525
b02,1,0,1,0.706213
b02,2,0,1,0.79789
b02,3,0,1,0.8520386
b02,4,0,1,0.5798687
b02,5,0,0,0.16105278
b02,6,0,1,0.8865159
b02,7,0,1,0.8141122
b02,8,0,0,0.42648336
b02,9,0,0,0.29343015
b02,10,0,0,0.2907778
b02,11,0,1,0.8223063
b02,12,0,0,0.37610495
b02,13,0,1,0.6626149
b02,14,0,1,0.60330755
b02,15,0,1,0.66604215
b02,16,0,1,0.8018818
b02,17,0,0,0.37468874
b02,18,0,1,0.8399666
b02,19,0,0,0.49447417
b02,20,0,0,0.48392475
b02,21,0,1,0.62901264
b02,22,0,1,0.64539415
b02,23,0,0,0.27010202
b02,24,0,0,0.19974455
b02,25,0,0,0.47710788
b02,26,0,1,0.8167238
b02,27,0,1,0.52395153
b02,28,0,1,0.5912119
b02,29,0,0,0.336042
b02,30,0,0,0.36992946
b02,31,0,1,0.699132
b02,32,0,1,0.75672615
b02,33,0,0,0.46478403
b02,34,0,1,0.62856895
b02,35,0,1,0.77741885
b02,36,0,1,0.7719591
b02,37,0,1,0.6301216
b02,38,0,0,0.18515778
b02,39,0,1,0.50495374
b02,40,0,1,0.64555967
b02,41,0,1,0.60215306
b02,42,0,1,0.70219314
b02,43,0,1,0.6084567
b02,44,0,0,0.39423412
b02,45,0,1,0.5405365
b02,46,0,1,0.7171301
b02,47,0,0,0.3849588
b02,48,0,1,0.65467423
b02,49,0,1,0.67814857
b02,50,0,1,0.752742
b02,51,0,1,0.74411225
b02,52,0,1,0.6917845
b02,53,0,1,0.6783496
b02,54,0,1,0.6553226
b02,55,0,1,0.6898375
b02,56,0,1,0.7246252
b02,57,0,1,0.7739819
b02,58,0,1,0.532
b02,59,0,0,0.17523053
b02,60,0,0,0.28577647
b02,61,0,1,0.7263438
b02,62,0,0,0.37971422
b02,63,0,0,0.2197457
b02,64,0,0,0.3606141
b02,65,0,1,0.56761014
b02,66,0,1,0.7337775
b02,67,0,0,0.44200912
b02,68,0,0,0.2644038
b02,69,0,1,0.70119786
b02,70,0,1,0.7098304
b02,71,0,0,0.20177095
b02,72,0,0,0.15796982
b02,73,0,0,0.10685778
b02,74,0,0,0.27614725
b02,75,0,0,0.14758177
b02,76,0,0,0.23406065
b02,77,0,1,0.60782695
b02,78,1,1,0.8521348
b02,79,1,1,0.8537695
b02,80,1,1,0.8220869
b02,81,1,1,0.8423188
b02,82,1,1,0.87386096
b02,83,1,1,0.8640515
b02,84,1,1,0.8817331
b02,85,1,1,0.8699104
b02,86,1,1,0.8805241
b02,87,1,1,0.8812596
b02,88,1,1,0.89779
b02,89,1,1,0.8090827
b02,90,1,1,0.846774
b02,91,1,1,0.852153
b02,92,1,1,0.8751608
b02,93,1,1,0.90087813
b02,94,1,1,0.88464415
b02,95,1,1,0.8001944
b02,96,1,1,0.79268396
b02,97,1,1,0.7984439
b02,98,1,1,0.8558842
b02,99,1,1,0.81619644
b02,100,1,1,0.58437717
b02,101,0,1,0.7996345
b02,102,0,1,0.72527313
b02,103,0,0,0.25108984
b02,104,0,0,0.42062336
b02,105,0,0,0.20733717
b02,106,0,0,0.46689972
b02,107,0,0,0.16094577
b02,108,0,0,0.087418966
b02,109,0,0,0.10603405
b02,110,0,0,0.18860018
b02,111,0,0,0.12623994
b02,112,0,1,0.79674804
b02,113,0,0,0.4434827
b02,114,0,0,0.2667696
b02,115,0,1,0.87149554
b02,116,0,0,0.21017472
b02,117,0,0,0.27820712
b02,118,0,1,0.89236134
b02,119,0,1,0.8284773
b02,120,0,0,0.4340161
b02,121,0,1,0.76405436
b02,122,0,1,0.76332146
b02,123,0,0,0.33369622
b02,124,0,1,0.5833341
b02,125,0,0,0.12251958
b02,126,0,1,0.77035403
b02,127,0,1,0.7968623
b02,128,0,1,0.8637421
b02,129,0,1,0.6526613
b02,130,0,0,0.31405982
b02,131,0,1,0.7932052
b02,132,0,1,0.6467582
b02,133,0,1,0.74483466
b02,134,0,0,0.37532195
b02,135,0,0,0.29638296
b02,136,0,1,0.8747436
b02,137,0,1,0.6833023
b02,138,0,1,0.7909358
b02,139,1,1,0.5255176
b02,140,0,0,0.25832602
b02,141,0,0,0.14967398
b02,142,0,0,0.102039345
b02,143,0,0,0.16810024
b02,144,0,0,0.101433866
b02,145,0,0,0.082786985
b02,146,0,0,0.097499356
b02,147,0,0,0.14721587
b02,148,0,0,0.11343062
b02,149,0,0,0.1111715
b02,150,0,0,0.0809217
b02,151,0,0,0.20215797
b02,152,0,0,0.10159969
b02,153,0,0,0.077735685
b02,154,0,0,0.07305516
b02,155,0,0,0.11448877
b02,156,0,0,0.099820994
b02,157,0,1,0.68463135
b02,158,1,1,0.8382027
b02,159,1,1,0.8168873
b02,160,1,1,0.5446248
b02,161,0,0,0.09378571
b02,162,0,0,0.13470286
b02,163,0,0,0.09787688
b02,164,0,0,0.067407414
b02,165,0,0,0.07704688
b02,166,0,0,0.09738201
b02,167,0,0,0.13278861
b02,168,0,0,0.132452
b02,169,0,1,0.8491484
b02,170,0,1,0.8651544
b02,171,0,1,0.8196863
b02,172,0,1,0.8712488
b02,173,0,1,0.65809864
b02,174,0,0,0.085605174
b02,175,0,0,0.1534504
b02,176,0,0,0.17928714
b02,177,0,0,0.16687669
b02,178,0,0,0.108912736
b02,179,0,0,0.114205815
b02,180,0,0,0.1742624
b02,181,0,0,0.08110075
b02,182,0,0,0.10404256
b02,183,0,0,0.08391698
b02,184,0,0,0.07212031
b02,185,0,1,0.5065617
b02,186,0,0,0.10453786
b02,187,0,0,0.08495337
b02,188,0,0,0.101699255
b02,189,0,0,0.09940507
b02,190,0,0,0.10953146
b02,191,0,0,0.095024124
b02,192,0,0,0.07068436
b02,193,0,1,0.8582264
b02,194,1,1,0.7266641
b02,195,0,1,0.66977596
b02,196,0,1,0.7616715
b02,197,0,1,0.7903654
b02,198,0,1,0.8061261
b02,199,0,0,0.4612983
b02,200,0,0,0.18406153
b02,201,0,0,0.23549122
b02,202,0,1,0.71690524
b02,203,0,0,0.22927545
b02,204,0,0,0.3612642
b02,205,0,0,0.24792688
b02,206,0,0,0.44761673
b02,207,0,0,0.20753522
b02,208,0,0,0.17085952
b02,209,0,0,0.10314708
b02,210,0,0,0.14790563
b02,211,0,0,0.28260654
b02,212,0,0,0.22256118
b02,213,0,0,0.19645414
b02,214,0,0,0.08437863
b02,215,0,1,0.7545058
b02,216,0,1,0.8842624
b02,217,0,0,0.14323217
b02,218,0,0,0.1614614
b02,219,0,1,0.8080462
b02,220,0,1,0.8179258
b02,221,0,1,0.54844934
b02,222,0,1,0.747193
b02,223,1,1,0.7942926
b02,224,1,1,0.787764
b02,225,1,1,0.8143946
b02,226,1,1,0.7993759
b02,227,1,1,0.73992157
b02,228,1,1,0.6682328
b02,229,1,1,0.78364533
b02,230,1,0,0.3762632
b02,231,0,1,0.5293513
b02,232,0,0,0.16728988
b02,233,0,0,0.409582
b02,234,0,1,0.8409464
b02,235,0,1,0.7055465
b02,236,0,1,0.77532554
b02,237,0,1,0.7920159
b02,238,0,1,0.6531367
b02,239,0,0,0.10390292
b02,240,0,0,0.27008182
b02,241,0,0,0.49964377
b02,242,0,1,0.51821595
b02,243,0,0,0.14426309
b02,244,0,0,0.41717044
b02,245,0,0,0.3685094
b02,246,0,0,0.26666352
b02,247,0,0,0.21540338
b02,248,0,1,0.6120159
b02,249,0,1,0.636488
b02,250,0,0,0.3611971
b02,251,0,0,0.18005274
b02,252,0,1,0.5632395
b02,253,0,0,0.20043054
b02,254,0,0,0.29527062
b02,255,0,1,0.51675963
b02,256,0,0,0.34214473
b02,257,0,0,0.20999247
b02,258,0,0,0.36858195
b02,259,0,1,0.5308428
b02,260,0,0,0.2698278
b02,261,0,0,0.48764184
b02,262,0,1,0.67834806
b02,263,0,1,0.75969374
b02,264,1,1,0.8740234
b02,265,1,1,0.8545173
b02,266,1,1,0.7403444
b02,267,0,1,0.77115834
b02,268,0,0,0.31266922
b02,269,0,1,0.7584127
b02,270,0,0,0.27461627
b02,271,0,0,0.43024763
b02,272,0,0,0.37946123
b02,273,0,1,0.5807616
b02,274,0,0,0.133725
b02,275,0,0,0.230298
b02,276,0,0,0.45817235
b02,277,0,0,0.11980768
b02,278,0,1,0.8842812
b02,279,0,1,0.82578164
b02,280,0,1,0.8160519
b02,281,1,1,0.6979421
b02,282,1,1,0.8821146
b02,283,1,0,0.08055548
b02,284,0,1,0.5265447
b02,285,0,1,0.68517596
b02,286,0,1,0.76246864
b02,287,0,0,0.49503618
b02,288,0,0,0.20466541
b02,289,0,0,0.18918484
b02,290,0,0,0.23883311
b02,291,0,0,0.32738477
b02,292,0,1,0.6411113
b02,293,0,0,0.30549848
b02,294,0,0,0.20845063
b02,295,0,1,0.58260095
b02,296,0,0,0.28022358
b02,297,0,0,0.36484653
b02,298,0,1,0.5462905
b02,299,0,1,0.71818656
b02,300,0,1,0.76248384
b02,301,0,0,0.38006258
b02,302,0,0,0.37226436
b02,303,0,1,0.51467526
b02,304,0,1,0.61750203
b02,305,0,0,0.3430735
b02,306,0,0,0.25644475
b02,307,0,1,0.6208619
b02,308,0,1,0.5587348
b02,309,0,1,0.52889276
b02,310,0,0,0.38839892
b02,311,0,0,0.18585773
b02,312,0,0,0.31115058
b02,313,0,1,0.5562191
b02,314,0,0,0.35449728
b02,315,0,0,0.2806817
b02,316,0,1,0.6027185
b02,317,0,0,0.42234096
b02,318,0,0,0.47408822
b02,319,0,1,0.7619915
b02,320,0,1,0.8241088
b02,321,0,0,0.45221704
b02,322,0,1,0.54043734
b02,323,0,1,0.6029526
b02,324,0,0,0.44264692
b02,325,0,0,0.39605102
b02,326,0,1,0.62929827
b02,327,0,1,0.6300275
b02,328,0,1,0.73665774
b02,329,0,1,0.5699058
b02,330,0,0,0.14477798
b02,331,0,0,0.4055286
b02,332,0,1,0.67173564
b02,333,0,1,0.7901686
b02,334,0,0,0.48351437
b02,335,0,0,0.48464838
b02,336,0,1,0.6088325
b02,337,0,0,0.3723436
b02,338,0,1,0.739011
b02,339,0,1,0.7151386
b02,340,0,1,0.78607166
b02,341,0,1,0.81712407
b02,342,0,0,0.49158725
b02,343,1,1,0.85694116
b02,344,1,1,0.8309699
b02,345,1,1,0.7940017
b02,346,1,1,0.8084452
b02,347,1,1,0.8396464
b02,348,1,1,0.7678553
b02,349,1,1,0.77595705
b02,350,1,1,0.8416508
b02,351,1,1,0.83930296
b02,352,1,1,0.8609631
b02,353,1,1,0.8632734
b02,354,1,1,0.86774653
b02,355,1,1,0.88946205
b02,356,1,1,0.8166317
b02,357,1,1,0.69680095
b02,358,0,1,0.78577757
b02,359,0,1,0.78214914
b02,360,0,1,0.591632
b02,361,0,0,0.46761203
b02,362,0,1,0.6778465
b02,363,0,1,0.72304004
b02,364,0,0,0.48330963
b02,365,0,0,0.2957941
b02,366,0,1,0.8192766
b02,367,1,1,0.7489056
b02,368,1,1,0.6947319
b02,369,0,1,0.5154287
b02,370,0,1,0.6394999
b02,371,0,1,0.5500271
b02,372,0,1,0.60049915
b02,373,0,1,0.7066608
b02,374,0,0,0.37822014
b02,375,0,1,0.52320707
b02,376,0,1,0.52456003
b02,377,0,1,0.72555023
b02,378,0,0,0.49294543
b02,379,0,0,0.32178578
b02,380,0,1,0.5399389
b02,381,0,0,0.37256047
b02,382,0,0,0.39571258
b02,383,0,0,0.49549022
b02,384,0,1,0.6216394
b02,385,0,1,0.57793504
b02,386,0,1,0.80196464
b02,387,0,0,0.34326917
b02,388,0,1,0.82414
b02,389,0,0,0.48046347
b02,390,0,0,0.21142559
b02,391,0,1,0.7979469
b02,392,0,1,0.7955771
b02,393,0,1,0.7040812
b02,394,0,0,0.43995094
b02,395,0,1,0.8807931
b02,396,0,0,0.47486123
b02,397,0,1,0.78249794
b02,398,0,1,0.6663987
b02,399,0,1,0.8115301
b02,400,0,1,0.7480848
b02,401,0,0,0.2904694
b02,402,0,0,0.29987338
b02,403,0,1,0.7788836
b02,404,0,1,0.7796894
b02,405,0,1,0.82138145
b02,406,0,1,0.79474956
b02,407,0,1,0.7931958
b02,408,0,0,0.31491312
b02,409,0,0,0.13570316
b02,410,0,0,0.20684312
b02,411,0,1,0.8604684
b02,412,0,0,0.12914999
b02,413,0,1,0.6509572
b02,414,0,1,0.8545474
b02,415,0,1,0.70435715
b02,416,0,1,0.6345476
b02,417,0,1,0.7303654
b02,418,0,1,0.8420478
b02,419,0,1,0.8595838
b02,420,0,1,0.8614584
b02,421,1,1,0.8775333
b02,422,1,1,0.8434875
b02,423,1,1,0.8871883
b02,424,1,1,0.8772547
b02,425,1,1,0.8709407
b02,426,1,1,0.8910941
b02,427,1,1,0.88634264
b02,428,1,1,0.844405
b02,429,1,1,0.83701795
b02,430,1,1,0.82810473
b02,431,1,1,0.90381294
b02,432,1,1,0.84558004
b02,433,1,1,0.8964296
b02,434,1,1,0.79000074
b02,435,1,1,0.8000368
b02,436,1,1,0.89553785
b02,437,1,1,0.87919104
b02,438,1,1,0.72262585
b02,439,1,1,0.67099255
b02,440,0,0,0.4126771
b02,441,0,0,0.3036917
b02,442,1,1,0.85606015
b02,443,1,1,0.823559
b02,444,1,1,0.8438797
b02,445,1,1,0.81827694
b02,446,1,1,0.7613842
b02,447,1,1,0.7805854
b02,448,0,1,0.51346
b02,449,0,0,0.2982804
b02,450,0,1,0.6194835
b02,451,0,1,0.858935
b02,452,1,1,0.7622808
b02,453,1,1,0.75314975
b02,454,1,1,0.7450221
b02,455,0,0,0.4174798
b02,456,0,0,0.4415695
b02,457,0,0,0.22263645
b02,458,0,0,0.45006585
b02,459,0,1,0.52772987
b02,460,0,1,0.7338525
b02,461,0,1,0.80712295
b02,462,0,1,0.7049506
b02,463,0,1,0.7887272
b02,464,0,1,0.629189
b02,465,0,0,0.41747612
b02,466,0,1,0.8602837
b02,467,0,1,0.5653774
b02,468,0,0,0.21018772
b02,469,0,0,0.37869468
b02,470,0,1,0.8298117
b02,471,0,1,0.7762645
b02,472,0,1,0.76982534
b02,473,0,1,0.9131269
b02,474,1,1,0.87944645
b02,475,1,1,0.8584466
b02,476,1,1,0.77966386
b02,477,1,1,0.65576327
b02,478,1,1,0.8580335
b02,479,1,1,0.8119459
b02,480,0,1,0.8028207
b02,481,0,1,0.7722082
b02,482,0,1,0.821861
b02,483,0,1,0.7007642
b02,484,0,1,0.664205
b02,485,0,1,0.6532636
b02,486,0,1,0.71714616
b02,487,0,1,0.6860246
b02,488,0,1,0.5279474
b02,489,0,0,0.45754933
b02,490,0,1,0.6766835
b02,491,0,1,0.735241
b02,492,0,1,0.69528466
b02,493,0,1,0.7039572
b02,494,0,0,0.46601036
b02,495,0,1,0.55720896
b02,496,0,1,0.6885805
b02,497,0,1,0.69407153
b02,498,0,1,0.84594816
b02,499,0,1,0.7045944
b02,500,0,0,0.385338
b02,501,0,1,0.5278052
b02,502,0,0,0.4785833
b02,503,0,1,0.7398168
b02,504,0,1,0.791921
b02,505,0,1,0.6540133
b02,506,0,1,0.5346447
b02,507,0,1,0.79250574
b02,508,0,1,0.5686074
b02,509,0,1,0.67772347
b02,510,0,0,0.49000958
b02,511,0,1,0.60544384
b02,512,0,1,0.8044371
b02,513,0,1,0.82865834
b02,514,0,1,0.7618075
b02,515,0,1,0.83760774
b02,516,0,1,0.5575669
b03,1,0,0,0.124099515
b03,2,0,0,0.4083589
b03,3,0,1,0.70673954
b03,4,0,0,0.18010749
b03,5,0,1,0.7591269
b03,6,0,0,0.46613374
b03,7,0,0,0.3669816
b03,8,0,1,0.6963115
b03,9,0,1,0.5771282
b03,10,0,1,0.5927965
b03,11,0,1,0.64203537
b03,12,0,1,0.588566
b03,13,0,1,0.5770693
b03,14,0,0,0.4916709
b03,15,0,1,0.81081957
b03,16,0,0,0.28231442
b03,17,0,1,0.7857741
b03,18,0,0,0.3255515
b03,19,0,1,0.63751996
b03,20,0,0,0.3644669
b03,21,0,1,0.538642
b03,22,0,0,0.4336991
b03,23,0,1,0.7073075
b03,24,0,1,0.6445264
b03,25,0,1,0.6012479
b03,26,0,1,0.75495887
b03,27,0,0,0.4898456
b03,28,0,0,0.3937059
b03,29,0,1,0.57926404
b03,30,0,1,0.6994408
b03,31,0,1,0.5658134
b03,32,0,1,0.6406912
b03,33,0,0,0.25913054
b03,34,0,0,0.2653528
b03,35,0,0,0.13079612
b03,36,0,0,0.35940188
b03,37,0,0,0.48764434
b03,38,0,1,0.52172834
b03,39,0,1,0.7174776
b03,40,0,0,0.3445505
b03,41,0,1,0.6760201
b03,42,0,0,0.41197935
b03,43,0,0,0.37944043
b03,44,0,1,0.7554655
b03,45,0,1,0.625287
b03,46,0,1,0.5635265
b03,47,0,1,0.5726593
b03,48,0,0,0.20476845
b03,49,0,0,0.3577613
b03,50,0,0,0.36917645
b03,51,0,0,0.27117896
b03,52,0,0,0.23108777
b03,53,0,0,0.22453159
b03,54,0,0,0.3463655
b03,55,0,1,0.56899464
b03,56,0,1,0.72562903
b03,57,0,0,0.22363515
b03,58,0,1,0.6917081
b03,59,0,1,0.75347364
b03,60,0,1,0.65288526
b03,61,0,1,0.5954661
b03,62,0,0,0.48023286
b03,63,0,0,0.10402845
b03,64,0,0,0.17731896
b03,65,0,0,0.19402702
b03,66,0,0,0.13802928
b03,67,0,0,0.082879685
b03,68,0,0,0.22739662
b03,69,0,1,0.6612117
b03,70,0,0,0.3714517
b03,71,0,1,0.7021859
b03,72,0,0,0.10993832
b03,73,0,0,0.36325455
b03,74,0,0,0.15880105
b03,75,0,0,0.15001081
b03,76,0,0,0.23159763
b03,77,0,0,0.12407683
b03,78,0,0,0.105953306
b03,79,0,0,0.16770808
b03,80,0,0,0.13391793
b03,81,0,0,0.17213966
b03,82,0,0,0.3546307
b03,83,0,0,0.16052581
b03,84,0,0,0.23055606
b03,85,0,0,0.25574356
b03,86,0,0,0.19887353
b03,87,0,0,0.12101518
b03,88,0,1,0.69251144
b03,89,0,0,0.1244783
b03,90,0,0,0.13846865
b03,91,0,1,0.5106018
b03,92,0,0,0.14484331
b03,93,0,0,0.35902667
b03,94,0,0,0.46423265
b03,95,0,1,0.63481253
b03,96,0,1,0.7748433
b03,97,0,1,0.6593953
b03,98,1,1,0.8701092
b03,99,1,1,0.7309446
b03,100,1,1,0.8578593
b03,101,1,1,0.8400346
b03,102,1,1,0.7076994
b03,103,0,1,0.8204864
b03,104,0,0,0.41213334
b03,105,0,0,0.17454445
b03,106,0,0,0.19201581
b03,107,0,0,0.19398601
b03,108,0,0,0.2943208
b03,109,0,1,0.5124868
b03,110,0,0,0.17938167
b03,111,0,0,0.210523
b03,112,0,0,0.13614754
b03,113,0,0,0.15570368
b03,114,0,0,0.20368078
b03,115,0,0,0.20484065
b03,116,0,0,0.15808533
b03,117,0,0,0.119313315
b03,118,0,0,0.12724076
b03,119,0,0,0.15008014
b03,120,0,0,0.07843405
b03,121,0,0,0.1644013
b03,122,0,0,0.08705723
b03,123,0,0,0.14151682
b03,124,0,0,0.083527364
b03,125,0,0,0.15429212
b03,126,0,0,0.10068887
b03,127,0,0,0.12922251
b03,128,0,0,0.1370596
b03,129,0,0,0.17900075
b03,130,0,0,0.13391139
b03,131,0,0,0.12587115
b03,132,0,0,0.21343555
b03,133,0,1,0.80214524
b03,134,0,1,0.63543403
b03,135,0,1,0.7856892
b03,136,0,1,0.8325708
b03,137,0,1,0.804877
b03,138,0,0,0.48743895
b03,139,0,0,0.31798103
b03,140,0,0,0.33468443
b03,141,0,0,0.20342545
b03,142,0,1,0.6162546
b03,143,0,1,0.73634315
b03,144,0,0,0.49700275
b03,145,0,1,0.6642327
b03,146,0,0,0.48342004
b03,147,0,1,0.6900727
b03,148,0,0,0.46941325
b03,149,0,0,0.4160561
b03,150,0,1,0.513868
b03,151,0,0,0.15813069
b03,152,0,0,0.46614525
b03,153,0,0,0.0814549
b03,154,0,0,0.1574073
b03,155,0,0,0.19426996
b03,156,0,1,0.7479808
b03,157,0,0,0.1593262
b03,158,0,0,0.2997129
b03,159,0,1,0.5970127
b03,160,0,1,0.86183214
b03,161,0,1,0.67543936
b03,162,0,1,0.64728117
b03,163,0,1,0.8313952
b03,164,1,1,0.83325386
b03,165,1,1,0.83792233
b03,166,1,1,0.8324017
b03,167,1,1,0.8268803
b03,168,1,1,0.84988475
b03,169,1,1,0.8189605
b03,170,1,1,0.8606591
b03,171,1,1,0.82259285
b03,172,1,0,0.36530226
b03,173,0,1,0.80061877
b03,174,0,1,0.6149119
b03,175,0,0,0.44713125
b03,176,0,0,0.30339634
b03,177,0,0,0.34236717
b03,178,0,1,0.69034356
b03,179,0,1,0.66244274
b03,180,0,1,0.53688014
b03,181,0,0,0.4246292
b03,182,0,0,0.3285266
b03,183,0,1,0.6820718
b03,184,0,0,0.44464687
b03,185,0,0,0.46253332
b03,186,0,0,0.32522357
b03,187,0,0,0.38348868
b03,188,0,0,0.3152923
b03,189,0,0,0.37063432
b03,190,0,1,0.7919239
b03,191,0,1,0.6026282
b03,192,0,0,0.46504927
b03,193,0,0,0.43980032
b03,194,0,0,0.41717955
b03,195,0,0,0.30917114
b03,196,0,0,0.44907707
b03,197,0,0,0.45015925
b03,198,0,1,0.7945382
b03,199,0,1,0.816556
b03,200,0,1,0.70264137
b03,201,0,0,0.45130426
b03,202,0,0,0.42533034
b03,203,0,0,0.42303154
b03,204,0,0,0.36862847
b03,205,0,0,0.28244767
b03,206,0,0,0.263643
b03,207,0,0,0.23458396
b03,208,0,1,0.80443263
b03,209,0,1,0.5918348
b03,210,0,1,0.5570671
b03,211,0,0,0.48637545
b03,212,0,1,0.6370756
b03,213,0,1,0.646838
b03,214,0,0,0.14811814
b03,215,0,0,0.14771883
b03,216,0,1,0.62318057
b03,217,0,1,0.77375716
b03,218,0,1,0.6661652
b03,219,0,0,0.41451827
b03,220,0,1,0.6453168
b03,221,0,0,0.13720371
b03,222,0,1,0.6835022
b03,223,0,1,0.7648516
b03,224,0,1,0.67675006
b03,225,1,1,0.8079767
b03,226,1,1,0.8533348
b03,227,1,1,0.8499335
b03,228,1,1,0.86863106
b03,229,1,1,0.86629415
b03,230,1,1,0.79141104
b03,231,1,1,0.80002344
b03,232,1,1,0.86304027
b03,233,1,1,0.78782797
b03,234,1,1,0.80413836
b03,235,1,1,0.8439555
b03,236,1,1,0.8753856
b03,237,1,1,0.7976467
b03,238,1,1,0.7857947
b03,239,1,1,0.5446289
b03,240,0,1,0.6502995
b03,241,0,1,0.81395715
b03,242,0,1,0.6643682
b03,243,0,1,0.8241251
b03,244,0,1,0.7572222
b03,245,0,1,0.7825905
b03,246,0,1,0.7983434
b03,247,0,1,0.6180674
b03,248,0,1,0.6770425
b03,249,0,1,0.59536445
b03,250,0,1,0.6852788
b03,251,0,0,0.43094203
b03,252,0,1,0.55430555
b03,253,0,1,0.75532055
b03,254,0,1,0.6990657
b03,255,0,0,0.40759102
b03,256,0,1,0.7562262
b03,257,1,1,0.7585363
b03,258,0,1,0.85924494
b03,259,0,1,0.787159
b03,260,0,1,0.7898711
b03,261,0,1,0.69866186
b03,262,0,1,0.59146196
b03,263,0,1,0.8136201
b03,264,0,1,0.8310916
b03,265,1,1,0.8136515
b03,266,0,1,0.8021125
b03,267,0,1,0.7054996
b03,268,0,1,0.5461685
b03,269,0,0,0.42979863
b03,270,0,0,0.42348373
b03,271,0,1,0.710253
b03,272,0,1,0.7790445
b03,273,0,1,0.65480536
b03,274,0,1,0.5572479
b03,275,0,1,0.5429843
b03,276,0,0,0.42098796
b03,277,0,1,0.5376855
b03,278,0,0,0.40940845
b03,279,0,0,0.40566772
b03,280,0,0,0.35183933
b03,281,0,0,0.33583695
b03,282,0,1,0.6189976
b03,283,0,1,0.55544454
b03,284,0,1,0.7759786
b03,285,0,1,0.7527271
b03,286,0,0,0.29113683
b03,287,0,0,0.47343108
b03,288,0,0,0.1885492
b03,289,0,0,0.30619305
b03,290,0,1,0.7386262
b03,291,0,0,0.4347714
b03,292,0,1,0.80278736
b03,293,0,0,0.306233
b03,294,0,1,0.69020885
b03,295,0,0,0.16468704
b03,296,0,0,0.2446605
b03,297,0,1,0.7322033
b03,298,0,1,0.7006306
b03,299,0,0,0.22441755
b03,300,0,0,0.32287693
b03,301,0,1,0.70881665
b03,302,0,1,0.7186817
b03,303,0,1,0.76558095
b03,304,0,1,0.67337847
b03,305,0,1,0.7150974
b03,306,0,0,0.41339564
b03,307,0,0,0.3243833
b03,308,1,1,0.8286861
b03,309,1,1,0.7738994
b03,310,1,1,0.8146929
b03,311,1,0,0.4375221
b03,312,0,1,0.5984447
b03,313,0,0,0.45487145
b03,314,1,1,0.7801175
b03,315,0,1,0.70847565
b03,316,0,0,0.3213377
b03,317,0,0,0.3713376
b03,318,0,0,0.4743092
b03,319,0,1,0.60206026
b03,320,0,1,0.62020713
b03,321,0,1,0.67751575
b03,322,0,1,0.57786787
b03,323,0,1,0.519022
b03,324,0,0,0.37381303
b03,325,0,1,0.57094705
b03,326,0,0,0.4748829
b03,327,0,1,0.72250795
b03,328,0,1,0.53112733
b03,329,0,1,0.77568054
b03,330,0,1,0.60042137
b03,331,0,1,0.5943747
b03,332,0,1,0.56221586
b03,333,0,0,0.46396148
b03,334,0,0,0.49963322
b03,335,0,1,0.7173504
b03,336,0,0,0.42496
b03,337,0,1,0.59614813
b03,338,0,1,0.69312763
b03,339,0,0,0.32779205
b03,340,0,0,0.38036585
b03,341,0,1,0.63170093
b03,342,0,1,0.6245641
b03,343,0,1,0.520878
b03,344,0,0,0.499169
b03,345,0,1,0.52447844
b03,346,0,1,0.501304
b03,347,0,0,0.46756208
b03,348,0,0,0.41483986
b03,349,0,1,0.5085457
b03,350,0,1,0.5643339
b03,351,0,1,0.6471437
b03,352,0,1,0.62949014
b03,353,0,1,0.65385836
b03,354,0,1,0.67300814
b03,355,0,0,0.47314098
b03,356,0,1,0.7781275
b03,357,0,0,0.45582226
b03,358,0,1,0.8584297
b03,359,0,1,0.837301
b03,360,0,1,0.72064453
b03,361,0,1,0.72564846
b03,362,0,1,0.65243304
b03,363,0,0,0.25352636
b03,364,0,0,0.13133149
b03,365,0,1,0.73510784
b03,366,0,1,0.7832403
b03,367,0,0,0.26145002
b03,368,0,1,0.67637855
b03,369,0,1,0.6870535
b03,370,0,1,0.72518
b03,371,0,1,0.55220455
b03,372,0,1,0.75328946
b03,373,0,1,0.7397261
b03,374,1,1,0.7410372
b03,375,1,1,0.86061686
b03,376,1,1,0.7780505
b03,377,1,1,0.8975748
b03,378,1,1,0.8712484
b03,379,1,1,0.8719538
b03,380,1,1,0.868261
b03,381,1,1,0.8271389
b03,382,1,1,0.83468306
b03,383,1,1,0.85247076
b03,384,1,1,0.8790018
b03,385,1,1,0.81703436
b03,386,1,1,0.56657416
b03,387,1,1,0.8171445
b03,388,1,1,0.8321622
b03,389,1,1,0.8237899
b03,390,1,1,0.8260502
b03,391,1,1,0.8191164
b03,392,1,1,0.8912073
b03,393,1,1,0.84057236
b03,394,1,1,0.8513095
b03,395,1,1,0.7570271
b03,396,1,1,0.7794186
b03,397,1,1,0.8641367
b03,398,1,1,0.80306816
b03,399,1,1,0.880251
b03,400,1,1,0.76059157
b03,401,1,1,0.8411274
b03,402,1,1,0.8672644
b03,403,0,1,0.69547635
b03,404,0,1,0.62773997
b03,405,0,1,0.80667216
b03,406,0,1,0.6748045
b03,407,0,1,0.84127027
b03,408,0,1,0.7786086
b03,409,0,1,0.82900083
b03,410,0,1,0.6473876
b03,411,0,1,0.83689696
b03,412,0,1,0.6644925
b03,413,0,1,0.84648705
b03,414,0,1,0.819367
b03,415,0,1,0.5990066
b03,416,0,1,0.84581715
b03,417,0,1,0.71777934
b03,418,0,1,0.75835526
b03,419,0,1,0.71493644
b03,420,0,1,0.838249
b03,421,0,1,0.6840248
b03,422,0,1,0.84898055
b03,423,0,1,0.63206017
b03,424,0,1,0.84614515
b03,425,1,1,0.8537475
b03,426,0,1,0.81763864
b03,427,0,1,0.78188
b03,428,0,1,0.7004992
b03,429,0,1,0.79548764
b03,430,1,1,0.5950316
b03,431,0,1,0.9003164
b03,432,0,1,0.8634873
b03,433,0,1,0.8030759
b03,434,1,1,0.80528533
b03,435,1,1,0.78959554
b03,436,1,1,0.82960266
b03,437,1,1,0.8236472
b03,438,1,1,0.8001156
b03,439,1,1,0.6378708
b03,440,0,1,0.78133357
b04,3,0,0,1.2880319e-10
b04,4,0,0,4.1810422e-16
b04,8,0,0,0.041590657
b04,9,0,1,0.65406924
b04,10,0,0,0.4648749
b04,11,0,0,0.16187876
b04,12,0,1,0.56001836
b04,13,0,1,0.5020763
b04,14,0,0,0.15264753
b04,15,0,1,0.6234496
b04,16,0,1,0.8327802
b04,17,0,1,0.5100506
b04,18,0,0,0.47665808
b04,19,0,0,0.17236038
b04,20,0,0,0.02223658
b04,21,0,0,0.30662212
b04,22,0,1,0.7853618
b04,23,0,1,0.6063169
b04,24,0,0,0.4172537
b04,25,0,1,0.544454
b04,26,0,1,0.80268663
b04,27,0,0,0.2850111
b04,28,0,0,0.16373655
b04,29,0,1,0.7428154
b04,30,0,1,0.72686034
b04,31,0,0,0.38810083
b04,32,0,1,0.72762144
b04,33,0,1,0.6425802
b04,34,0,0,0.3813962
b04,35,0,0,0.34235796
b04,36,0,1,0.7048502
b04,37,0,0,0.20012654
b04,38,0,0,0.40723652
b04,39,0,0,0.31827235
b04,40,0,1,0.77158004
b04,41,0,1,0.75362575
b04,42,0,1,0.57563174
b04,43,0,0,0.17386402
b04,44,0,0,0.44906187
b04,45,0,1,0.71135575
b04,46,0,0,0.4577873
b04,47,0,0,0.40148094
b04,48,0,1,0.80056125
b04,49,0,0,0.40613052
b04,50,0,1,0.6157907
b04,51,0,0,0.08583183
b04,52,0,1,0.70552546
b04,53,0,1,0.5191355
b04,54,0,1,0.7270995
b04,55,0,0,0.49953622
b04,56,0,0,0.47674322
b04,57,0,1,0.6056409
b04,58,0,0,0.3828681
b04,59,0,0,0.15732883
b04,60,0,0,0.4376217
b04,61,0,1,0.57849693
b04,62,0,0,0.28708664
b04,63,0,0,0.14069808
b04,64,0,0,0.29338834
b04,65,0,1,0.8348781
b04,66,0,1,0.51494503
b04,67,0,1,0.7032529
b04,68,0,1,0.70869786
b04,69,0,1,0.81004554
b04,70,0,1,0.71242416
b04,71,0,0,0.47431087
b04,72,0,0,0.44951627
b04,73,0,1,0.7457432
b04,74,0,1,0.576375
b04,75,0,0,0.22187778
b04,76,0,0,0.13354407
b04,77,0,0,0.106564954
b04,78,0,0,0.26018465
b04,79,0,0,0.41860524
b04,80,0,0,0.07996023
b04,81,0,0,0.10346927
b04,82,0,0,0.1536094
b04,83,0,0,0.39375553
b04,84,0,0,0.31884176
b04,85,0,0,0.35919914
b04,86,0,0,0.23923321
b04,87,0,0,0.431346
b04,88,0,0,0.17883195
b04,89,0,1,0.50760597
b04,90,0,0,0.3672385
b04,91,0,0,0.30055362
b04,92,0,0,0.27584785
b04,93,0,0,0.32147795
b04,94,0,0,0.31509775
b04,95,0,0,0.3977985
b04,96,0,0,0.36155042
b04,97,0,0,0.49677604
b04,98,0,0,0.34381092
b04,99,0,0,0.28558928
b04,100,0,0,0.12000463
b04,101,0,0,0.28442267
b04,102,0,0,0.3533523
b04,103,0,0,0.33215886
b04,104,0,1,0.50794256
b04,105,0,1,0.8457899
b04,106,0,1,0.5117754
b04,107,0,1,0.5064935
b04,108,0,1,0.7619856
b04,109,0,1,0.5134016
b04,110,0,0,0.26070482
b04,111,0,1,0.5966127
b04,112,0,1,0.6443767
b04,113,0,0,0.2814269
b04,114,0,1,0.8378117
b04,115,0,1,0.65474296
b04,116,0,0,0.39838576
b04,117,0,1,0.6981851
b04,118,0,0,0.29188946
b04,119,0,0,0.34798133
b04,120,0,1,0.5707572
b04,121,0,1,0.8725376
b04,122,0,0,0.116160676
b04,123,0,1,0.84289557
b04,124,0,1,0.594661
b04,125,0,1,0.7558654
b04,126,0,1,0.74191123
b04,127,0,0,0.14797032
b04,128,0,0,0.24521354
b04,129,0,0,0.18776478
b04,130,0,1,0.8418847
b04,131,0,1,0.86195266
b04,132,0,1,0.81982505
b04,133,0,1,0.7275701
b04,134,0,1,0.7627319
b04,135,1,1,0.8445297
b04,136,1,1,0.66266084
b04,137,1,1,0.8356191
b04,138,1,1,0.71498394
b04,139,1,1,0.8435174
b04,140,0,1,0.65861565
b04,141,0,1,0.5452814
b04,142,0,1,0.79295444
b04,143,0,1,0.7672933
b04,144,0,0,0.38843665
b04,145,0,1,0.8115336
b04,146,0,1,0.5537854
b04,147,0,0,0.14220938
b04,148,0,1,0.7173879
b04,149,0,0,0.014169615
b04,150,0,1,0.7411966
b04,151,0,0,0.49575132
b04,152,0,0,0.3931453
b04,153,0,0,0.4423994
b04,154,0,0,0.27241874
b04,155,0,0,0.26922163
b04,156,0,0,0.4839813
b04,157,0,0,0.21421331
b04,158,0,0,0.16810697
b04,159,0,0,0.39790422
b04,160,0,0,0.013340278
b04,161,0,0,0.038446963
b04,162,0,0,0.033238675
b04,163,0,0,0.09736337
b04,164,0,0,0.13994497
b04,165,0,0,0.13080372
b04,166,0,0,0.20196441
b04,167,0,0,0.094554156
b04,168,0,0,0.15307727
b04,169,0,0,0.09733896
b04,170,0,0,0.08889021
b04,171,0,0,0.12001386
b04,172,0,0,0.049345866
b04,173,0,0,0.07941296
b04,174,0,0,0.09567846
b04,175,0,0,0.22158654
b04,176,0,0,0.06858812
b04,177,0,0,0.021931764
b04,178,0,0,0.057291407
b04,179,0,0,0.015116019
b04,180,0,0,0.010699658
b04,181,0,0,0.06337891
b04,182,0,0,0.019449053
b04,183,0,0,0.028674422
b04,184,0,0,0.011573964
b04,185,0,0,0.018488318
b04,186,0,0,0.035027128
b04,187,0,0,0.0135882655
b04,188,0,0,0.007765161
b04,189,0,0,0.042598043
b04,190,0,0,0.029608898
b04,191,0,0,0.06832245
b04,192,0,0,0.09897329
b04,193,0,0,0.0756336
b04,194,0,0,0.04864237
b04,195,0,0,0.027349006
b04,196,0,0,0.06432149
b04,197,0,0,0.019510927
b04,198,0,0,0.016581472
b04,199,0,0,0.08222025
b04,200,0,0,0.036474805
b04,201,0,0,0.014055722
b04,202,0,0,0.020746112
b04,203,0,0,0.016106538
b04,204,0,1,0.8733786
b04,205,0,1,0.8855359
b04,206,0,0,0.31183457
b04,207,0,1,0.6784105
b04,208,0,0,0.22017963
b04,209,0,0,0.10063606
b04,210,0,1,0.6744666
b04,211,0,0,0.2013481
b04,212,0,1,0.5851315
b04,213,0,1,0.6910752
b04,214,0,0,0.039626256
b04,215,0,0,0.042898983
b04,216,0,0,0.050638057
b04,217,0,0,0.28990078
b04,218,0,1,0.8334206
b04,219,0,1,0.6139279
b04,220,0,1,0.841346
b04,221,0,0,0.472529
b04,222,0,1,0.5476571
b04,223,0,0,0.23303905
b04,224,0,0,0.09095582
b04,225,0,0,0.41452008
b04,226,0,1,0.6068717
b04,227,0,1,0.8027569
b04,228,0,0,0.24892393
b04,229,0,1,0.75859916
b04,230,0,1,0.90002835
b04,231,0,1,0.70808357
b04,232,0,1,0.75720125
b04,233,0,1,0.85973614
b04,234,0,1,0.84550554
b04,235,0,0,0.49334595
b04,236,0,1,0.86195934
b04,237,1,1,0.8982211
b04,238,1,1,0.8050381
b04,239,0,1,0.6536561
b04,240,0,1,0.877507
b04,241,0,0,0.24143086
b04,242,0,0,0.35160083
b04,243,0,1,0.8692746
b04,244,0,1,0.6618956
b04,245,0,0,0.41259465
b04,246,0,1,0.50386137
b04,247,0,1,0.8819024
b04,248,0,1,0.62240624
b04,249,0,1,0.608719
b04,250,0,1,0.9114129
b04,251,0,1,0.6943402
b04,252,0,1,0.812591
b04,253,0,1,0.86941636
b04,254,0,0,0.013359766
b04,255,0,0,0.0015532626
b04,256,0,0,0.00093971065
b04,257,0,0,0.0038929547
b04,258,0,0,0.014373052
b04,259,0,0,0.02434078
b04,260,0,0,0.03205098
b04,261,0,0,0.040079772
b04,262,0,0,0.013248748
b04,263,0,0,0.025901468
b04,264,0,0,0.021709345
b04,265,0,0,0.03229567
b04,266,0,0,0.012981745
b04,267,0,0,0.009433661
b04,268,0,0,0.021729527
b04,269,0,0,0.011060867
b04,270,0,0,0.054774456
b04,271,0,0,0.010615623
b04,272,0,0,0.009321239
b04,273,0,0,0.0053665633
b04,274,0,0,0.0052629686
b04,275,0,0,0.00802303
b04,276,0,0,0.011122542
b04,277,0,0,0.017870301
b04,278,0,0,0.018696861
b04,279,0,0,0.009631892
b04,280,0,0,0.0007000353
b04,281,0,0,0.0011829569
b04,282,0,0,0.0005611374
b04,283,0,0,0.0013397142
b04,284,0,0,0.0011272304
b04,285,0,0,0.0015885442
b04,286,0,0,0.0009685862
b04,287,0,0,0.0015628887
b04,288,0,0,0.0009300223
b04,289,0,0,0.00011852422
b04,290,0,0,9.6127435e-05
b04,291,0,0,0.00022341656
b04,292,0,0,0.00053949637
b04,293,0,0,0.00022387182
b04,294,0,0,0.00039918744
b04,295,0,0,0.00023121727
b04,296,0,0,0.1112778
b04,297,0,1,0.92584395
b04,298,0,0,0.20000254
b04,299,0,0,0.16384271
b04,300,0,0,0.44424748
b04,301,0,0,0.22585002
b04,302,0,0,0.4916723
b04,303,0,0,0.23400027
b04,304,0,0,0.27775037
b04,305,0,0,0.12261184
b04,306,0,0,0.2032163
b04,307,0,0,0.25857207
b04,308,0,0,0.25359452
b04,309,0,0,0.41551715
b04,310,0,0,0.3025536
b04,311,0,1,0.6822773
b04,312,0,1,0.92838466
b04,313,0,0,0.33012706
b04,314,0,0,0.44559854
b04,315,0,1,0.807462
b04,316,0,1,0.7036796
b04,317,0,0,0.37989947
b04,318,0,1,0.92085606
b04,319,0,1,0.87334764
b04,320,0,0,0.16390973
b04,321,0,1,0.9080104
b04,322,0,1,0.8887353
b04,323,0,1,0.7144304
b04,324,0,0,0.46913734
b04,325,0,1,0.92791003
b04,326,0,1,0.51756006
b04,327,0,1,0.5956771
b04,328,0,1,0.8874837
b04,329,0,1,0.96072227
b04,330,0,0,0.46269354
b04,331,0,1,0.86292046
b04,332,0,0,0.28062928
b04,333,0,1,0.7922082
b04,334,0,0,0.40155363
b04,335,0,0,0.44532815
b04,336,0,1,0.8511152
b04,337,0,1,0.76335156
b04,338,0,1,0.5265482
b04,339,0,0,0.46278933
b04,340,0,0,0.22893573
b04,341,0,0,0.19208904
b04,342,0,0,0.26937357
b04,343,0,0,0.34121716
b04,344,0,0,0.1634709
b04,345,0,0,0.19552158
b04,346,0,0,0.16901222
b04,347,0,0,0.07513701
b04,348,0,0,0.11528867
b04,349,0,0,0.07376542
b04,350,0,0,0.11112847
b04,351,0,1,0.80365694
b04,352,1,0,0.26310515
b04,353,1,0,0.16396742
b04,354,1,1,0.5381685
b04,355,0,1,0.7672013
b04,356,0,0,0.10711246
b04,357,0,0,0.12833335
b04,358,0,0,0.074642435
b04,359,0,0,0.124911666
b04,360,0,0,0.1608107
b04,361,0,0,0.114533566
b04,362,0,0,0.33751097
b04,363,0,0,0.31736106
b04,364,0,0,0.110275514
b04,365,0,0,0.13419099
b04,366,0,0,0.2221999
b04,367,0,1,0.7548932
b04,368,0,0,0.101795964
b04,369,0,0,0.19388168
b04,370,0,0,0.2697556
b04,371,0,0,0.16864474
b04,372,0,0,0.11360562
b04,373,0,0,0.077560715
b04,374,0,0,0.3435787
b04,375,0,0,0.30369458
b04,376,0,1,0.70482117
b04,377,0,0,0.30972922
b04,378,0,0,0.24451388
b04,379,0,0,0.22505823
b04,380,0,0,0.28080332
b04,381,0,0,0.37584963
b04,382,0,0,0.16878729
b04,383,0,0,0.22329476
b04,384,0,0,0.24250302
b04,385,0,0,0.13257863
b04,386,0,0,0.33568117
b04,387,0,1,0.7710316
b04,388,0,1,0.5252171
b04,389,0,0,0.38088748
b04,390,0,0,0.2942501
b04,391,0,0,0.1850904
b04,392,0,0,0.4628941
b04,393,0,1,0.91495997
b04,394,0,0,0.050421897
b04,395,0,1,0.81270576
b04,396,0,0,0.19117033
b04,397,0,0,0.0020173187
b04,398,0,0,0.0020048392
b04,399,0,0,0.0023278212
b04,400,0,0,0.002078999
b04,401,0,0,0.0020246154
b04,402,0,0,0.0027561435
b04,403,0,0,0.0023135783
b04,404,0,0,0.0020497981
b04,405,0,0,0.0020483814
b04,406,0,0,0.0008656176
b04,407,0,0,0.0010175538
b04,408,0,0,0.001421384
b04,409,0,0,0.0030466602
b04,410,0,1,0.9263365
b04,411,0,1,0.55929124
b04,412,0,1,0.54584044
b04,413,0,0,0.49816522
b04,414,0,0,0.105412155
b04,415,0,0,0.31230202
b04,416,0,0,0.33762947
b04,417,0,1,0.7645569
b04,418,0,1,0.76945055
b04,419,0,1,0.8017796
b04,420,0,0,0.39087555
b04,421,0,1,0.6995436
b04,422,0,1,0.67819995
b04,423,0,1,0.6576051
b04,424,0,1,0.76006377
b04,425,0,1,0.75221413
b04,426,0,1,0.8294717
b04,427,0,0,0.29792216
b04,428,0,0,0.3396429
b05,1,0,1,0.6832469
b05,2,0,1,0.5537569
b05,3,0,0,0.36746934
b05,4,0,1,0.57976574
b05,5,0,1,0.605585
b05,6,0,0,0.27398434
b05,7,0,1,0.5052364
b05,8,0,0,0.21438678
b05,9,0,1,0.59587914
b05,10,0,0,0.13370408
b05,11,0,1,0.6730954
b05,12,0,0,0.39212507
b05,13,0,1,0.52036256
b05,14,0,1,0.5972472
b05,15,0,1,0.6819915
b05,16,0,1,0.6212909
b05,17,0,0,0.4046967
b05,18,0,0,0.26529497
b05,19,0,1,0.68999064
b05,20,0,0,0.312512
b05,21,0,1,0.71778315
b05,22,0,0,0.27944973
b05,23,0,1,0.5391176
b05,24,0,1,0.6276642
b05,25,0,0,0.22830562
b05,26,0,1,0.61489403
b05,27,0,0,0.20004895
b05,28,0,0,0.2285854
b05,29,0,0,0.16825655
b05,30,0,0,0.38308737
b05,31,0,0,0.37809673
b05,32,0,1,0.69306433
b05,33,0,1,0.6162573
b05,34,0,0,0.17732415
b05,35,0,1,0.56235015
b05,36,0,0,0.29819453
b05,37,0,1,0.51160043
b05,38,0,0,0.38401708
b05,39,0,0,0.30432156
b05,40,0,1,0.6095398
b05,41,0,1,0.5126698
b05,42,0,0,0.25031036
b05,43,0,1,0.53114927
b05,44,0,0,0.33684713
b05,45,0,0,0.33476397
b05,46,1,0,0.2753986
b05,47,0,0,0.2647588
b05,48,0,0,0.3625411
b05,49,0,1,0.5156735
b05,50,0,0,0.23044385
b05,51,0,0,0.44156113
b05,52,0,0,0.494144
b05,53,0,0,0.2768762
b05,54,0,0,0.47263315
b05,55,0,0,0.3111658
b05,56,0,0,0.26398745
b05,57,0,0,0.20111674
b05,58,0,0,0.21101081
b05,59,0,0,0.42610276
b05,60,0,0,0.25480253
b05,61,0,0,0.19205639
b05,62,0,0,0.24057175
b05,63,0,0,0.25224885
b05,64,0,0,0.3217218
b05,65,0,0,0.31845558
b05,66,0,0,0.25058746
b05,67,0,0,0.18217716
b05,68,0,0,0.35222822
b05,69,0,0,0.117896296
b05,70,0,0,0.3499367
b05,71,0,0,0.14941926
b05,72,0,0,0.19233632
b05,73,0,0,0.30150986
b05,74,0,0,0.2484945
b05,75,0,0,0.18798941
b05,76,0,0,0.33461967
b05,77,0,0,0.2639801
b05,78,0,0,0.25419757
b05,79,0,0,0.30920103
b05,80,0,0,0.19787166
b05,81,0,0,0.15671125
b05,82,0,0,0.19115011
b05,83,0,0,0.24178855
b05,84,0,0,0.112506464
b05,85,0,0,0.22523679
b05,86,0,0,0.20550402
b05,87,0,0,0.12942663
b05,88,0,0,0.15192929
b05,89,0,0,0.171319
b05,90,0,0,0.30254447
b05,91,0,0,0.14681894
b05,92,0,0,0.20060803
b05,93,0,0,0.24302396
b05,94,0,0,0.3249678
b05,95,0,0,0.05205865
b05,96,0,0,0.2916987
b05,97,0,0,0.24492411
b05,98,0,0,0.35844934
b05,99,0,0,0.16373521
b05,100,0,0,0.33888865
b05,101,0,0,0.47393265
b05,102,0,0,0.03540671
b05,103,0,0,0.23269057
b05,104,0,1,0.52555084
b05,105,0,1,0.7838135
b05,106,0,1,0.5074953
b05,107,0,1,0.71884483
b05,108,0,1,0.52432734
b05,109,0,0,0.24358796
b05,110,0,0,0.12981068
b05,111,0,0,0.27191752
b05,112,0,0,0.20957826
b05,113,0,0,0.26231593
b05,114,0,0,0.3656024
b05,115,0,1,0.50403625
b05,116,1,0,0.41837126
b05,117,1,1,0.5353264
b05,118,0,0,0.16937587
b05,119,0,0,0.16782328
b05,120,0,0,0.27988082
b05,121,0,0,0.45043734
b05,122,0,0,0.12943624
b05,123,0,0,0.09248907
b05,124,0,0,0.22215064
b05,125,0,0,0.13404216
b05,126,0,0,0.15960692
b05,127,0,0,0.1372405
b05,128,0,0,4.7671783e-05
b05,129,0,0,0.11191101
b05,130,0,0,0.11619374
b05,131,0,0,0.1700594
b05,132,0,0,0.15404506
b05,133,0,0,0.05485786
b05,134,0,1,0.63521254
b05,135,0,0,0.00034708742
b05,136,0,0,0.00027647323
b05,137,0,0,0.00016364078
b05,138,0,0,0.009520169
b05,139,0,0,9.499006e-05
b05,140,0,0,4.957705e-05
b05,141,0,0,0.0024059825
b05,142,0,0,0.00035556994
b05,143,0,0,0.00041899955
b05,144,0,0,5.4355984e-05
b05,145,0,0,0.0010189207
b05,146,0,0,4.997373e-05
b05,147,0,0,0.016777733
b05,148,0,0,0.023979506
b05,149,0,0,0.1389357
b05,150,0,0,0.21808462
b05,151,0,0,0.21747659
b05,152,0,0,0.40331307
b05,153,0,0,0.20823279
b05,154,0,0,0.13961841
b05,155,0,0,0.32748634
b05,156,0,0,0.15304668
b05,157,0,0,0.1310928
b05,158,0,0,0.30150482
b05,159,0,0,0.15801418
b05,160,0,0,0.13949977
b05,161,0,0,0.11927896
b05,162,0,0,0.09950083
b05,163,0,0,0.10619654
b05,164,0,0,0.18312147
b05,165,0,0,0.16506323
b05,166,0,0,0.119460896
b05,167,0,0,0.127064
b05,168,0,0,0.12446399
b05,169,0,0,0.040300682
b05,170,0,0,0.057599273
b05,171,0,0,0.20759894
b05,172,0,1,0.6427642
b05,173,0,1,0.65764683
b05,174,0,0,0.16162843
b05,175,0,0,0.120128036
b05,176,0,0,0.06731914
b05,177,0,1,0.513996
b05,178,0,0,0.22467265
b05,179,0,0,0.1387015
b05,180,0,0,0.0025577692
b05,181,0,0,0.0009939148
b05,182,0,0,0.364202
b05,183,0,0,0.00082995446
b05,184,0,0,0.0022911276
b05,185,0,1,0.5263786
b05,186,0,0,0.3099525
b05,187,0,1,0.7303689
b05,188,0,0,0.15654905
b05,189,0,0,0.3571926
b05,190,0,0,0.23361813
b05,191,0,0,0.23980154
b05,192,0,0,0.15478821
b05,193,0,0,0.13931361
b05,194,0,0,0.33637288
b05,195,0,0,0.21723199
b05,196,0,0,0.29008386
b05,197,0,1,0.5762377
b05,198,0,0,0.17955343
b05,199,0,0,0.17666236
b05,200,0,0,0.21203439
b05,201,0,0,0.38961178
b05,202,0,0,0.27732542
b05,203,0,0,0.14644742
b05,204,0,0,0.24567476
b05,205,0,0,0.1720747
b05,206,0,0,0.19619532
b05,207,0,0,0.20363681
b05,208,0,1,0.5966438
b05,209,0,0,0.16128686
b05,210,0,0,0.4325404
b05,211,0,0,0.43508574
b05,212,0,0,0.23149535
b05,213,0,0,0.408998
b05,214,0,0,0.18761685
b05,215,0,0,0.3497427
b05,216,0,0,0.22145404
b05,217,0,0,0.1402593
b05,218,0,0,0.34842542
b05,219,0,0,0.35830897
b05,220,0,0,0.268916
b05,221,0,0,0.3939069
b05,222,0,0,0.42912826
b05,223,0,0,0.41980246
b05,224,0,0,0.22988333
b05,225,0,0,0.46604496
b05,226,0,0,0.30933315
b05,227,0,1,0.6981784
b05,228,0,0,0.17303647
b05,229,0,0,0.21863776
b05,230,0,0,0.43873188
b05,231,0,0,0.450636
b05,232,0,0,0.35010868
b05,233,0,0,0.17286128
b05,234,0,0,0.32035595
b05,235,0,0,0.25016218
b05,236,0,0,0.2304723
b05,237,0,0,0.2472964
b05,238,0,0,0.117585234
b05,239,0,0,0.4324383
b05,240,0,1,0.7226069
b05,241,0,0,0.4152837
b05,242,0,0,0.166268
b05,243,0,0,0.33446783
b05,244,0,0,0.28962803
b05,245,0,0,0.1597363
b05,246,0,0,0.1708964
b05,247,0,0,0.17398895
b05,248,0,0,0.12947033
b05,249,0,1,0.59380233
b05,250,0,0,0.23917888
b05,251,0,0,0.19953845
b05,252,0,0,0.13373795
b05,253,0,0,0.29080352
b05,254,0,0,0.15463273
b05,255,0,0,0.2397855
b05,256,0,0,0.31428048
b05,257,0,1,0.78026724
b05,258,0,0,0.3429245
b05,259,0,0,0.32888195
b05,260,0,0,0.24044085
b05,261,0,0,0.378434
b05,262,0,0,0.28252003
b05,263,0,0,0.14737114
b05,264,0,0,0.018874781
b05,265,0,0,0.013097988
b05,266,0,0,0.022509128
b05,267,0,0,0.4417649
b05,268,0,1,0.63637584
b05,269,0,1,0.51911837
b05,270,0,1,0.58349913
b05,271,0,0,0.09016841
b05,272,0,0,0.07656946
b05,273,0,0,0.0017824813
b05,274,0,0,1.6418067e-05
b05,275,0,0,4.387841e-06
b05,276,0,0,5.629521e-06
b05,277,0,0,0.00071110396
b05,278,0,0,0.0012196341
b05,279,0,0,1.2561618e-09
b05,280,0,0,0.02835784
b05,281,0,0,0.03159091
b05,282,0,0,9.589963e-12
b05,283,0,0,0.010142205
b05,284,0,0,0.49782747
b05,285,0,1,0.5496552
b05,286,0,0,0.35311082
b05,287,0,0,0.24404769
b05,288,0,1,0.53904426
b05,289,0,0,0.49061638
b05,290,0,0,0.42390501
b05,291,0,0,0.2951331
b05,292,0,0,0.20903973
b05,293,0,0,0.21380433
b05,294,0,1,0.52752686
b05,295,0,0,0.4199133
b05,296,0,1,0.81515944
b05,297,0,1,0.5401176
b05,298,0,0,0.49923512
b05,299,0,0,0.18806633
b05,300,0,0,0.1324712
b05,301,0,1,0.6229744
b05,302,0,0,0.20125523
b05,303,0,1,0.6849729
b05,304,0,1,0.7274212
b05,305,0,0,0.42518222
b05,306,0,0,0.31279087
b05,307,0,0,0.25059855
b05,308,0,1,0.5232562
b05,309,0,0,0.45119148
b05,310,0,1,0.5402045
b05,311,1,0,0.31922758
b05,312,1,1,0.6424122
b05,313,1,0,0.41511914
b05,314,0,0,0.49488983
b05,315,0,0,0.46304947
b05,316,0,1,0.58820844
b05,317,0,0,0.20357683
b05,318,0,0,0.41288075
b05,319,0,0,0.16847709
b05,320,1,1,0.5786705
b05,321,1,1,0.71868885
b05,322,1,1,0.7170022
b05,323,1,1,0.6279041
b05,324,1,1,0.6243488
b05,325,1,0,0.19327101
b05,326,1,1,0.7744583
b05,327,1,0,0.41956794
b05,328,1,1,0.78054297
b05,329,1,1,0.5051848
b05,330,1,1,0.56813246
b05,331,1,0,0.09969834
b05,332,1,1,0.7623356
b05,333,1,1,0.79682374
b05,334,1,1,0.67856836
b05,335,1,1,0.6849945
b05,336,1,1,0.5991642
b05,337,0,0,0.21353205
b05,338,0,0,0.18677521
b05,339,0,0,0.16885687
b05,340,0,0,0.18875928
b05,341,0,1,0.5527456
b05,342,0,1,0.7374067
b05,343,0,0,0.27539498
b05,344,0,0,0.23317473
b05,345,0,0,0.4205263
b05,346,0,0,0.2555881
b05,347,0,1,0.5774483
b05,348,0,0,0.18087149
b05,349,0,0,0.15258665
b05,350,0,0,0.31318784
b05,351,1,1,0.6661095
b05,352,0,1,0.6856364
b05,353,0,0,0.1239418
b05,354,0,1,0.8149449
b05,355,0,1,0.74701375
b05,356,0,0,0.25567618
b05,357,0,0,0.25535643
b05,358,0,0,0.46995446
b05,359,0,0,0.20909703
b05,360,0,0,0.18580665
b05,361,0,1,0.6483073
b05,362,0,0,0.318483
b05,363,0,0,0.45637566
b05,364,0,0,0.1534103
b05,365,0,0,0.3468294
b05,366,0,0,0.090754196
b05,367,0,0,0.24825715
b05,368,0,0,0.38770574
b05,369,0,0,0.08827051
b05,370,0,0,0.27757668
b05,371,0,0,0.23144276
b05,372,0,0,0.360519
b05,373,0,0,0.29076087
b05,374,0,0,0.3556895
b05,375,0,0,0.43312097
b05,376,0,0,0.105587825
b05,377,0,0,0.09123071
b05,378,0,0,0.114994176
b05,379,0,0,0.40379345
b05,380,0,0,0.46432003
b05,381,0,0,0.22810745
b05,382,0,0,0.23615657
b05,383,0,0,0.1539103
b05,384,0,0,0.17365181
b05,385,0,0,0.49661842
b05,386,0,0,0.2667618
b05,387,0,0,0.3662868
b05,388,0,0,0.2847527
b05,389,1,1,0.6537236
b05,390,1,0,0.19910702
b05,391,1,0,0.07595982
b05,392,1,0,0.32248402
b05,393,1,1,0.7796939
b05,394,1,1,0.9150176
b05,395,0,1,0.6890042
b05,396,0,0,0.31560266
b05,397,0,1,0.6191658
b05,398,0,1,0.52302736
b05,399,0,1,0.5502195
b05,400,0,1,0.7793055
b05,401,0,0,0.45040184
b05,402,0,0,0.46423575
b05,403,0,0,0.31237307
b05,404,0,0,0.4026371
b05,405,1,0,0.27458158
b05,406,1,1,0.6571807
b05,407,1,1,0.79496974
b05,408,1,1,0.6593436
b05,409,1,1,0.59571064
b05,410,1,1,0.7401237
b05,411,1,0,0.30694532
b05,412,1,1,0.59668165
b05,413,1,1,0.63298935
b05,414,1,0,0.17248552
b05,415,1,1,0.75712836
b05,416,1,1,0.8206368
b05,417,1,1,0.5408853
b05,418,1,0,0.32533175
b05,419,1,1,0.7876956
b05,420,1,1,0.5928903
b05,421,1,0,0.2098804
b05,422,1,0,0.4794299
b05,423,1,1,0.828021
b05,424,1,1,0.6351055
b05,425,1,1,0.5999688
b05,426,1,1,0.7433697
b05,427,1,0,0.42399812
b05,428,1,1,0.56109786
b05,429,1,0,0.4898503
b05,430,1,1,0.79400826
b05,431,1,1,0.78636163
b05,432,0,0,0.42373213
c01,10,0,0,0.29126438
c01,11,0,0,0.25646222
c01,12,0,1,0.7878061
c01,13,0,0,0.4344319
c01,14,0,0,0.27093053
c01,15,0,0,0.49406254
c01,16,0,1,0.7609713
c01,17,0,0,0.4603417
c01,18,0,1,0.90504134
c01,19,0,0,0.43908277
c01,20,0,1,0.73630124
c01,21,0,1,0.7048482
c01,22,0,1,0.8591767
c01,23,0,0,0.3087535
c01,24,0,0,0.10280066
c01,25,0,1,0.7804352
c01,26,0,1,0.63598377
c01,27,0,0,0.25554737
c01,28,0,0,0.17477807
c01,29,0,0,0.19090849
c01,30,0,0,0.18141083
c01,31,0,1,0.53723365
c01,32,0,0,0.4549356
c01,33,0,0,0.09359369
c01,34,0,0,0.149177
c01,35,0,1,0.59468746
c01,36,0,1,0.91142094
c01,37,0,0,0.2287458
c01,38,0,0,0.4825371
c01,39,0,1,0.5674128
c01,40,0,0,0.105091386
c01,41,0,0,0.22306225
c01,42,0,0,0.19571216
c01,43,0,0,0.1499087
c01,44,0,0,0.21021834
c01,45,0,0,0.12924401
c01,46,0,0,0.17800225
c01,47,0,0,0.14334622
c01,48,0,0,0.3539291
c01,49,0,1,0.9084119
c01,50,0,0,0.21066323
c01,51,0,0,0.1969219
c01,52,0,0,0.15103494
c01,53,0,0,0.22926883
c01,54,0,1,0.86400187
c01,55,0,0,0.17281382
c01,56,0,0,0.4469646
c01,57,0,0,0.16198249
c01,58,0,0,0.106963195
c01,59,0,0,0.113016754
c01,60,0,0,0.16978835
c01,61,0,1,0.7791903
c01,62,0,0,0.12342519
c01,63,0,0,0.13088071
c01,64,0,0,0.2071621
c01,65,0,0,0.11833608
c01,66,0,0,0.21877699
c01,67,0,0,0.14010003
c01,68,0,1,0.7102928
c01,69,0,0,0.21434036
c01,70,0,0,0.1396342
c01,71,0,0,0.19614919
c01,72,0,0,0.22890377
c01,73,0,0,0.39167356
c01,74,0,0,0.27414447
c01,75,0,0,0.38051644
c01,76,0,0,0.41625738
c01,77,0,0,0.4644306
c01,78,0,0,0.20523748
c01,79,0,0,0.38941854
c01,80,0,1,0.5672244
c01,81,0,0,0.34936106
c01,82,0,0,0.42486423
c01,83,0,0,0.4191777
c01,84,0,1,0.6025048
c01,85,0,0,0.39688343
c01,86,0,1,0.60588926
c01,87,0,0,0.29278493
c01,88,0,1,0.59833735
c01,89,0,1,0.77429295
c01,90,0,0,0.48471323
c01,91,0,0,0.41030923
c01,92,0,1,0.5236116
c01,93,0,0,0.2876767
c01,94,0,1,0.8708125
c01,95,0,0,0.26642615
c01,96,0,1,0.7269835
c01,97,0,1,0.6874188
c01,98,0,1,0.65500706
c01,99,0,0,0.2833152
c01,100,0,1,0.76414776
c01,101,0,1,0.63494706
c01,102,0,1,0.72959375
c01,103,0,1,0.50719965
c01,104,0,0,0.37333077
c01,105,0,0,0.31896994
c01,106,0,1,0.5954259
c01,107,0,0,0.13910154
c01,108,0,0,0.16956978
c01,109,0,1,0.60539603
c01,110,0,0,0.22390945
c01,111,0,0,0.15707973
c01,112,0,0,0.2407464
c01,113,0,1,0.55998844
c01,114,0,0,0.43959063
c01,115,0,0,0.17179218
c01,116,0,0,0.16488744
c01,117,0,0,0.1680503
c01,118,0,0,0.13851544
c01,119,0,0,0.45093012
c01,120,0,0,0.2710885
c01,121,0,0,0.20264015
c01,122,0,0,0.36688563
c01,123,0,1,0.5747323
c01,124,0,0,0.2552307
c01,125,0,0,0.17519408
c01,126,0,0,0.34194922
c01,127,0,0,0.29220968
c01,128,0,0,0.25206813
c01,129,0,1,0.50247514
c01,130,0,0,0.49367055
c01,131,0,1,0.5600389
c01,132,0,0,0.4398154
c01,133,0,0,0.47137392
c01,134,0,1,0.5873946
c01,135,0,0,0.3063133
c01,136,0,0,0.23453832
c01,137,0,1,0.538666
c01,138,0,1,0.85670274
c01,139,0,1,0.93014896
c01,140,0,1,0.89452887
c01,141,0,0,0.2547334
c01,142,0,1,0.6495334
c01,143,0,1,0.8763214
c01,144,0,0,0.35402957
c01,145,0,0,0.29833838
c01,146,0,1,0.50402486
c01,147,0,0,0.17790203
c01,148,0,0,0.20611034
c01,149,0,0,0.358756
c01,150,0,0,0.15206209
c01,151,0,0,0.29867294
c01,152,0,0,0.09227671
c01,153,0,0,0.16317391
c01,154,0,0,0.22740997
c01,155,0,0,0.27658972
c01,156,0,0,0.20185347
c01,157,0,0,0.17855385
c01,158,0,1,0.6988206
c01,159,0,0,0.47001743
c01,160,0,0,0.15310872
c01,161,0,0,0.12759106
c01,162,0,0,0.4243847
c01,163,0,0,0.21219651
c01,164,0,1,0.6484723
c01,165,0,0,0.14845224
c01,166,0,0,0.17834309
c01,167,0,0,0.1079761
c01,168,0,0,0.17886558
c01,169,0,0,0.37610513
c01,170,0,0,0.11123447
c01,171,0,0,0.11496573
c01,172,0,0,0.29463008
c01,173,0,0,0.29873517
c01,174,0,0,0.10197464
c01,175,0,0,0.093658976
c01,176,0,0,0.1052447
c01,177,0,0,0.17408285
c01,178,0,0,0.097476594
c01,179,0,0,0.100648075
c01,180,0,0,0.14559688
c01,181,0,0,0.099851675
c01,182,0,0,0.16982247
c01,183,0,0,0.16995661
c01,184,0,0,0.112930186
c01,185,0,0,0.42266887
c01,186,0,0,0.18294981
c01,187,0,1,0.73859453
c01,188,0,1,0.8320328
c01,189,0,1,0.73927164
c01,190,0,1,0.5172733
c01,191,0,1,0.55744594
c01,192,0,1,0.6950701
c01,193,0,1,0.7499417
c01,194,0,0,0.46672755
c01,195,0,0,0.20054813
c01,196,0,0,0.36223114
c01,197,0,0,0.25539973
c01,198,0,0,0.21242222
c01,199,0,0,0.17698142
c01,200,0,0,0.18688971
c01,201,0,0,0.40857416
c01,202,0,1,0.61640805
c01,203,0,0,0.49141136
c01,204,0,1,0.688771
c01,205,0,1,0.78048134
c01,206,0,0,0.4209311
c01,207,0,0,0.17936705
c01,208,0,0,0.21795745
c01,209,0,0,0.26205003
c01,210,0,0,0.18889537
c01,211,0,0,0.40441003
c01,212,0,1,0.5761169
c01,213,0,1,0.6721148
c01,214,0,0,0.118901834
c01,215,0,0,0.15443219
c01,216,0,0,0.18492779
c01,217,0,1,0.6963183
c01,218,0,0,0.123136066
c01,219,0,0,0.31007078
c01,220,0,0,0.20772609
c01,221,0,0,0.27289155
c01,222,0,0,0.18562108
c01,223,0,0,0.19257946
c01,224,0,1,0.7276822
c01,225,0,0,0.170768
c01,226,0,0,0.16403697
c01,227,0,0,0.2600813
c01,228,0,1,0.7786987
c01,229,0,0,0.30992508
c01,230,0,0,0.1628567
c01,231,0,1,0.6712388
c01,232,0,1,0.5774929
c01,233,0,1,0.60338306
c01,234,0,1,0.67345005
c01,235,0,0,0.23841438
c01,236,0,1,0.6252073
c01,237,0,1,0.7171237
c01,238,0,1,0.81924355
c01,239,0,0,0.31688786
c01,240,0,0,0.34911454
c01,241,0,1,0.76787466
c01,242,0,1,0.6482096
c01,243,0,1,0.72140944
c01,244,0,0,0.22123206
c01,245,0,1,0.86239666
c01,246,0,0,0.4574832
c01,247,0,1,0.86645794
c01,248,0,1,0.54669756
c01,249,0,0,0.18863913
c01,250,0,1,0.72017163
c01,251,0,0,0.43656877
c01,252,0,0,0.38947928
c01,253,0,0,0.2999368
c01,254,0,0,0.3919862
c01,255,0,0,0.33591634
c01,256,0,1,0.7995512
c01,257,0,1,0.66071105
c01,258,0,0,0.4060233
c01,259,0,0,0.29041865
c01,260,0,1,0.792043
c01,261,0,0,0.35865512
c01,262,0,1,0.5157747
c01,263,0,1,0.66861606
c01,264,0,0,0.29852375
c01,265,0,0,0.46117544
c01,266,0,0,0.49568498
c01,267,0,0,0.48368573
c01,268,0,0,0.39888966
c01,269,0,1,0.86060536
c01,270,0,1,0.9241812
c01,271,0,1,0.8137024
c01,272,0,1,0.5260965
c01,273,0,0,0.44131142
c01,274,0,1,0.6106762
c01,275,0,1,0.66846347
c01,276,0,1,0.79274374
c01,277,0,1,0.61656183
c01,278,0,1,0.82701766
c01,279,0,0,0.32975104
c01,280,0,1,0.8843345
c01,281,0,1,0.77703947
c01,282,0,1,0.7434538
c01,283,0,0,0.25810736
c01,284,0,0,0.18204932
c01,285,0,0,0.43516827
c01,286,0,1,0.5779006
c01,287,0,0,0.38770074
c01,288,0,0,0.23092695
c01,289,0,0,0.4196439
c01,290,0,0,0.46604347
c01,291,0,1,0.66235864
c01,292,0,1,0.91331965
c01,293,0,1,0.6542934
c01,294,0,0,0.13165139
c01,295,0,0,0.180533
c01,296,0,0,0.24491654
c01,297,0,0,0.44565895
c01,298,0,0,0.28624046
c01,299,0,1,0.66134506
c01,300,0,0,0.18390675
c01,301,0,0,0.29678735
c01,302,0,1,0.5227571
c01,303,0,1,0.64171034
c01,304,0,1,0.9141768
c01,305,0,1,0.9091743
c01,306,0,1,0.78389406
c01,307,0,1,0.5564816
c01,308,0,1,0.9089526
c01,309,0,1,0.6750839
c01,310,0,0,0.31861037
c01,311,0,0,0.40444803
c01,312,0,0,0.21048816
c01,313,0,0,0.31910586
c01,314,0,0,0.39528164
c01,315,0,0,0.17762236
c01,316,0,1,0.73688
c01,317,0,0,0.357653
c01,318,0,1,0.59675527
c01,319,0,0,0.38945252
c01,320,0,0,0.17137128
c01,321,0,0,0.28152302
c01,322,0,0,0.25380427
c01,323,0,0,0.49032858
c01,324,0,0,0.21876001
c01,325,0,0,0.30724332
c01,326,0,1,0.7081675
c01,327,0,0,0.37567535
c01,328,0,0,0.12947753
c01,329,0,0,0.2459707
c01,330,0,1,0.6160564
c01,331,0,0,0.23683776
c01,332,0,0,0.38935894
c01,333,0,0,0.3364726
c01,334,0,0,0.45667577
c01,335,0,0,0.26257712
c01,336,0,1,0.7492496
c01,337,0,0,0.15879987
c01,338,0,0,0.15878938
c01,339,0,0,0.23318559
c01,340,0,0,0.4625548
c01,341,0,0,0.14707151
c01,342,0,0,0.23498479
c01,343,0,0,0.33377266
c01,344,0,0,0.3046469
c01,345,0,0,0.39002556
c01,346,0,0,0.14425828
c01,347,0,1,0.7834061
c01,348,0,0,0.14657687
c01,349,0,0,0.3353133
c01,350,0,1,0.8030377
c01,351,0,0,0.21834898
c01,352,0,0,0.3078508
c01,353,0,0,0.26881984
c01,354,0,0,0.31611782
c01,355,0,0,0.23693854
c01,356,0,1,0.5612502
c01,357,0,0,0.19540161
c01,358,0,1,0.5453351
c01,359,0,0,0.44841725
c01,360,0,0,0.13344364
c01,361,0,0,0.15956971
c01,362,0,0,0.1380358
c01,363,0,0,0.31334162
c01,364,0,1,0.5320878
c01,365,0,0,0.45660657
c01,366,0,0,0.10715603
c01,367,0,0,0.25147876
c01,368,0,0,0.2246278
c01,369,0,0,0.43388554
c01,370,0,0,0.19974284
c01,371,0,1,0.60024965
c01,372,0,0,0.08272196
c01,373,0,0,0.44659784
c01,374,0,0,0.31337953
c01,375,0,0,0.19175012
c01,376,0,0,0.10071832
c01,377,0,0,0.2513346
c01,378,0,0,0.3109917
c01,379,0,0,0.13615142
c01,380,0,0,0.34169862
c01,381,0,0,0.07757868
c01,382,0,0,0.33899218
c01,383,0,0,0.39475644
c01,384,0,1,0.8188673
c01,385,0,1,0.6642703
c01,386,0,1,0.5479199
c01,387,0,0,0.46814328
c01,388,0,1,0.8611237
c01,389,0,1,0.94663554
c01,390,0,0,0.24342823
c01,391,0,0,0.1996882
c01,392,0,0,0.44917798
c01,393,0,0,0.25173652
c01,394,0,0,0.2791051
c01,395,0,0,0.28053048
c01,396,0,0,0.4436856
c01,397,0,0,0.27405986
c01,398,0,0,0.08146864
c01,399,0,0,0.3144101
c01,400,0,0,0.088577494
c01,401,0,0,0.15978426
c01,402,0,0,0.12959734
c01,403,0,0,0.45110288
c01,404,0,0,0.12498465
c01,405,0,0,0.099067576
c01,406,0,0,0.21093814
c01,407,0,0,0.2866361
c01,408,0,0,0.40496618
c01,409,0,0,0.37136054
c01,410,0,0,0.271508
c01,411,0,0,0.39632124
c01,412,0,0,0.2567631
c01,413,0,0,0.4195154
c01,414,0,0,0.12799202
c01,415,0,0,0.13274355
c01,416,0,0,0.13830633
c01,417,0,1,0.7566262
c01,418,0,0,0.2261375
c01,419,0,1,0.7322676
c01,420,0,0,0.10805214
c01,421,0,0,0.20527565
c01,422,0,1,0.6610426
c01,423,0,1,0.8343079
c01,424,0,0,0.3356493
c01,425,0,0,0.15815371
c01,426,0,0,0.39452502
c01,427,0,1,0.8343855
c01,428,0,0,0.19410756
c01,429,0,1,0.67176247
c01,430,0,0,0.21727286
c01,431,0,1,0.8363411
c01,432,0,0,0.18573448
c01,433,0,0,0.46803614
c01,434,0,1,0.63718355
c01,435,0,0,0.13212562
c01,436,0,0,0.19885863
c01,437,0,0,0.31292534
c01,438,0,0,0.20545432
c01,439,0,1,0.64820766
c01,440,0,0,0.15927157
c01,441,0,0,0.14419425
c01,442,0,1,0.7478298
c01,443,0,0,0.19325815
c01,444,0,1,0.70096993
c01,445,0,0,0.21114552
c01,446,0,0,0.15192977
c01,447,0,1,0.81320035
c01,448,0,0,0.367015
c01,449,0,0,0.4142411
c01,450,0,1,0.52441967
c01,451,0,1,0.7598605
c01,452,0,1,0.8283045
c01,453,0,1,0.524397
c01,454,0,1,0.932054
c01,455,0,0,0.28578246
c01,456,0,0,0.27182874
c01,457,0,0,0.4499571
c01,458,0,0,0.43384126
c01,459,0,0,0.39448947
c01,460,0,1,0.5106343
c01,461,0,0,0.13211253
c01,462,0,1,0.63927007
c01,463,0,0,0.48764706
c01,464,0,1,0.60255736
c01,465,0,1,0.78897977
c01,466,0,1,0.92742
c01,467,0,1,0.91292924
c01,468,0,1,0.90221584
c01,469,0,1,0.89897066
c01,470,0,0,0.23920302
c01,471,0,0,0.2458116
c01,472,0,0,0.47764114
c01,473,0,1,0.6001173
c01,474,0,1,0.6384637
c01,475,0,0,0.31186038
c01,476,0,0,0.33302927
c01,477,0,1,0.5915126
c01,478,0,1,0.9140574
c01,479,0,1,0.78945184
c01,480,0,1,0.51074415
c01,481,0,1,0.7632829
c01,482,0,0,0.4862872
c01,483,0,0,0.052861113
c02,10,0,0,0.2231896
c02,11,0,0,0.3413161
c02,12,0,0,0.19613998
c02,13,0,0,0.23313642
c02,14,0,1,0.6356869
c02,15,0,1,0.5594917
c02,16,0,0,0.4676991
c02,17,0,0,0.44213137
c02,18,0,1,0.5627552
c02,19,0,1,0.7477503
c02,20,0,1,0.67975223
c02,21,1,1,0.8333568
c02,22,0,1,0.74421775
c02,23,0,0,0.29952845
c02,24,0,1,0.664494
c02,25,0,0,0.094332926
c02,26,0,1,0.54325175
c02,27,0,1,0.55458754
c02,28,0,1,0.73972213
c02,29,0,1,0.75487536
c02,30,0,0,0.48422503
c02,31,0,1,0.7290107
c02,32,0,1,0.6920597
c02,33,0,1,0.663161
c02,34,0,0,0.070176005
c02,35,0,0,0.114837945
c02,36,0,1,0.6736503
c02,37,0,0,0.17804478
c02,38,0,0,0.08105931
c02,39,0,0,0.10898139
c02,40,0,0,0.15324932
c02,41,0,1,0.69594145
c02,42,0,0,0.14006042
c02,43,0,0,0.23696606
c02,44,0,1,0.71418786
c02,45,0,0,0.3596611
c02,46,0,0,0.24976894
c02,47,0,0,0.3615425
c02,48,0,1,0.6763805
c02,49,0,0,0.33808535
c02,50,0,0,0.26144186
c02,51,0,0,0.35100946
c02,52,0,0,0.23640575
c02,53,0,0,0.18442318
c02,54,0,1,0.67240506
c02,55,0,0,0.37022012
c02,56,0,0,0.30098778
c02,57,0,0,0.2968573
c02,58,0,0,0.3789838
c02,59,0,0,0.115527466
c02,60,0,0,0.32147384
c02,61,0,1,0.73276556
c02,62,0,0,0.1916033
c02,63,0,0,0.114909366
c02,64,0,0,0.09925336
c02,65,0,0,0.09073087
c02,66,0,0,0.15981384
c02,67,0,0,0.19502258
c02,68,0,0,0.21807398
c02,69,0,0,0.099275745
c02,70,0,0,0.13096678
c02,71,0,0,0.08459906
c02,72,0,0,0.2036534
c02,73,0,0,0.08993543
c02,74,0,0,0.10050629
c02,75,0,0,0.10449542
c02,76,0,0,0.11643368
c02,77,0,0,0.08912482
c02,78,0,0,0.14784598
c02,79,0,0,0.21346518
c02,80,0,1,0.5838973
c02,81,0,1,0.7809655
c02,82,0,0,0.13092355
c02,83,0,0,0.096988365
c02,84,0,0,0.067297585
c02,85,0,0,0.32495418
c02,86,0,0,0.10383871
c02,87,0,0,0.12359462
c02,88,0,0,0.059110016
c02,89,0,1,0.61602575
c02,90,0,0,0.112740345
c02,91,0,0,0.09630904
c02,92,0,0,0.11729384
c02,93,0,0,0.09621378
c02,94,0,0,0.081727535
c02,95,0,0,0.08933596
c02,96,0,0,0.08254793
c02,97,0,0,0.084454715
c02,98,0,0,0.18669106
c02,99,0,0,0.07385612
c02,100,0,0,0.11531238
c02,101,0,0,0.10054697
c02,102,0,0,0.07861138
c02,103,0,0,0.05847328
c02,104,0,0,0.08167089
c02,105,0,0,0.08633261
c02,106,0,0,0.07534019
c02,107,0,0,0.086028084
c02,108,0,0,0.050367862
c02,109,0,0,0.087071225
c02,110,0,0,0.08729074
c02,111,0,0,0.07634008
c02,112,0,0,0.07826891
c02,113,0,0,0.07732747
c02,114,0,0,0.067040384
c02,115,0,0,0.07217619
c02,116,0,0,0.06989448
c02,117,0,0,0.112807624
c02,118,0,0,0.06094577
c02,119,0,0,0.047546487
c02,120,0,0,0.059540637
c02,121,0,0,0.056046274
c02,122,0,0,0.059617665
c02,123,0,0,0.08098511
c02,124,0,0,0.08252529
c02,125,0,0,0.053011723
c02,126,0,0,0.07078372
c02,127,0,0,0.049525
c02,128,0,0,0.08464652
c02,129,0,0,0.06512971
c02,130,0,0,0.09538045
c02,131,0,0,0.060414657
c02,132,0,0,0.31202826
c02,133,0,0,0.082540326
c02,134,0,0,0.085706726
c02,135,0,0,0.15588605
c02,136,0,1,0.69266784
c02,137,0,1,0.65914935
c02,138,0,0,0.13568471
c02,139,0,0,0.08290865
c02,140,0,0,0.09025257
c02,141,0,0,0.09089776
c02,142,0,0,0.049550775
c02,143,0,0,0.0975476
c02,144,0,0,0.048006896
c02,145,0,0,0.31223696
c02,146,0,0,0.13369624
c02,147,0,0,0.20130268
c02,148,0,0,0.13092169
c02,149,0,0,0.06467176
c02,150,0,0,0.28955045
c02,151,0,0,0.10399814
c02,152,0,1,0.7533875
c02,153,0,1,0.88864154
c02,154,0,1,0.8067697
c02,155,0,0,0.3002864
c02,156,0,0,0.402689
c02,157,0,0,0.45906743
c02,158,0,1,0.50658447
c02,159,0,0,0.2779593
c02,160,0,0,0.3271278
c02,161,0,0,0.2878275
c02,162,0,0,0.30742988
c02,163,0,0,0.33974615
c02,164,0,0,0.25504005
c02,165,0,0,0.3672599
c02,166,0,0,0.3917898
c02,167,0,0,0.34107408
c02,168,0,0,0.41902676
c02,169,0,0,0.44096705
c02,170,0,0,0.4225642
c02,171,0,0,0.41929933
c02,172,0,0,0.44214126
c02,173,0,0,0.44865018
c02,174,0,0,0.32817844
c02,175,0,0,0.3161621
c02,176,0,0,0.30150506
c02,177,0,0,0.46992782
c02,178,0,0,0.36680612
c02,179,0,0,0.4807699
c02,180,0,0,0.38264397
c02,181,0,0,0.44530332
c02,182,0,0,0.3631037
c02,183,0,0,0.45689487
c02,184,0,0,0.46076235
c02,185,0,0,0.40036532
c02,186,0,0,0.4476281
c02,187,0,0,0.43145564
c02,188,0,1,0.90116614
c02,189,0,1,0.84108835
c02,190,0,1,0.69308007
c02,191,0,1,0.7253735
c02,192,0,0,0.47458613
c02,193,0,0,0.42316282
c02,194,0,0,0.44680783
c02,195,0,0,0.43130994
c02,196,0,1,0.531019
c02,197,0,0,0.45207676
c02,198,0,0,0.46292844
c02,199,0,0,0.42224696
c02,200,0,1,0.5284834
c02,201,0,0,0.29425076
c02,202,0,1,0.8664895
c02,203,0,1,0.634098
c02,204,0,1,0.7572049
c02,205,0,1,0.62000895
c02,206,0,0,0.3809994
c02,207,0,0,0.4793951
c02,208,0,0,0.35403737
c02,209,0,0,0.30459085
c02,210,0,0,0.32668227
c02,211,0,0,0.48270768
c02,212,0,0,0.43532282
c02,213,0,0,0.34413224
c02,214,0,0,0.43491802
c02,215,0,0,0.41054744
c02,216,0,1,0.5702856
c02,217,0,0,0.37131476
c02,218,0,0,0.39892197
c02,219,0,0,0.46581268
c02,220,0,0,0.35834154
c02,221,0,1,0.69656
c02,222,0,0,0.49462497
c02,223,0,1,0.5293716
c02,224,0,0,0.36624163
c02,225,0,0,0.23839541
c02,226,0,1,0.70537096
c02,227,0,0,0.40160608
c02,228,0,1,0.8685154
c02,229,0,1,0.8934709
c02,230,0,1,0.5183314
c02,231,0,1,0.5554565
c02,232,0,1,0.7221153
c02,233,0,1,0.5243667
c02,234,0,0,0.49105033
c02,235,0,0,0.34097493
c02,236,0,1,0.84289396
c02,237,0,0,0.4031837
c02,238,0,1,0.7303339
c02,239,0,0,0.101101235
c02,240,0,0,0.090797424
c02,241,0,0,0.08050945
c02,242,0,0,0.06877014
c02,243,0,0,0.06858166
c02,244,0,0,0.086113736
c02,245,0,0,0.060111493
c02,246,0,0,0.10561485
c02,247,0,0,0.11206444
c02,248,0,0,0.122380175
c02,249,0,0,0.077907115
c02,250,0,0,0.09692623
c02,251,0,0,0.08292268
c02,252,0,0,0.08761924
c02,253,0,0,0.12788796
c02,254,0,0,0.092868365
c02,255,0,0,0.073134735
c02,256,0,0,0.09087786
c02,257,0,0,0.06941882
c02,258,0,0,0.06986119
c02,259,0,0,0.10152627
c02,260,0,0,0.15341634
c02,261,0,0,0.12510288
c02,262,0,0,0.072173394
c02,263,0,0,0.08775108
c02,264,0,0,0.05940161
c02,265,0,0,0.11628136
c02,266,0,0,0.111211374
c02,267,0,0,0.13741243
c02,268,0,0,0.11237376
c02,269,0,0,0.16466357
c02,270,0,0,0.12099416
c02,271,0,0,0.08566638
c02,272,0,0,0.08094114
c02,273,0,0,0.11143749
c02,274,0,0,0.09173886
c02,275,0,0,0.07025333
c02,276,0,0,0.14242226
c02,277,0,0,0.07275949
c02,278,0,0,0.08383259
c02,279,0,0,0.12099227
c02,280,0,0,0.097358674
c02,281,0,0,0.078179635
c02,282,0,0,0.08022407
c02,283,0,0,0.099449694
c02,284,0,0,0.1183223
c02,285,0,0,0.09568369
c02,286,0,0,0.11600381
c02,287,0,1,0.84102535
c02,288,0,1,0.7604353
c02,289,0,1,0.73728186
c02,290,0,1,0.77396816
c02,291,0,1,0.75638604
c02,292,0,0,0.24147336
c02,293,0,0,0.19620663
c02,294,0,0,0.1919654
c02,295,0,0,0.27135772
c02,296,0,0,0.16713947
c02,297,0,0,0.25768864
c02,298,0,0,0.3207785
c02,299,0,0,0.11020883
c02,300,0,0,0.39800832
c02,301,0,1,0.5816263
c02,302,0,1,0.54677737
c02,303,0,0,0.288781
c02,304,0,0,0.40357113
c02,305,0,1,0.63535947
c02,306,0,0,0.14237821
c02,307,0,0,0.12909885
c02,308,0,0,0.34741095
c02,309,0,0,0.096916415
c02,310,0,0,0.10806588
c02,311,0,0,0.22615358
c02,312,0,0,0.104630135
c02,313,0,0,0.27687868
c02,314,0,0,0.16529654
c02,315,0,0,0.3119845
c02,316,0,0,0.20398372
c02,317,0,0,0.20145997
c02,318,0,0,0.16016273
c02,319,0,0,0.13697062
c02,320,0,0,0.10835724
c02,321,0,0,0.17739145
c02,322,0,0,0.0684675
c02,323,0,0,0.08236944
c02,324,0,0,0.1479639
c02,325,0,0,0.103616044
c02,326,0,0,0.14241056
c02,327,0,0,0.18582073
c02,328,0,0,0.31037647
c02,329,0,0,0.086689346
c02,330,0,0,0.18317232
c02,331,0,0,0.30691525
c02,332,0,0,0.4163943
c02,333,0,0,0.20442393
c02,334,0,0,0.34545946
c02,335,0,0,0.19324979
c02,336,0,0,0.12870756
c02,337,0,0,0.14640735
c02,338,0,0,0.10457989
c02,339,0,0,0.11691158
c02,340,0,0,0.08021979
c02,341,0,0,0.14282039
c02,342,0,0,0.08869399
c02,343,0,0,0.14007519
c02,344,0,0,0.15592809
c02,345,0,1,0.80909437
c02,346,0,1,0.79297376
c02,347,0,1,0.7507065
c02,348,0,1,0.8274654
c02,349,0,1,0.8301575
c02,350,0,1,0.7083903
c02,351,0,0,0.14135815
c02,352,0,0,0.102106944
c02,353,0,0,0.33666846
c02,354,0,0,0.12496502
c02,355,0,0,0.21385024
c02,356,0,0,0.1738976
c02,357,0,0,0.11192814
c02,358,0,0,0.18097469
c02,359,0,0,0.123716176
c02,360,0,0,0.16240183
c02,361,0,0,0.37771136
c02,362,0,0,0.17254348
c02,363,0,0,0.19471896
c02,364,0,0,0.18795645
c02,365,0,0,0.3523903
c02,366,0,0,0.4671359
c02,367,0,1,0.62347925
c02,368,0,0,0.3094956
c02,369,0,1,0.80152166
c02,370,0,0,0.2297174
c02,371,0,0,0.111280136
c02,372,0,0,0.15155159
c02,373,0,1,0.5210759
c02,374,0,1,0.8943567
c02,375,0,0,0.34593198
c02,376,0,0,0.34546506
c02,377,0,1,0.54730874
c02,378,0,1,0.60183257
c02,379,0,1,0.723474
c02,380,0,1,0.5380037
c02,381,0,1,0.5196357
c02,382,0,1,0.63399756
c02,383,0,1,0.5241465
c02,384,0,0,0.2558623
c02,385,0,0,0.38948688
c02,386,0,1,0.6175731
c02,387,0,1,0.8919213
c02,388,0,0,0.30568352
c02,389,0,0,0.2133099
c02,390,0,0,0.19351791
c02,391,0,1,0.69599825
c02,392,0,0,0.23910198
c02,393,0,0,0.32046536
c02,394,0,1,0.80966336
c02,395,0,1,0.6813973
c02,396,0,1,0.7597521
c02,397,0,1,0.70947844
c02,398,0,0,0.23793893
c02,399,0,0,0.39030027
c02,400,0,0,0.40315732
c02,401,0,0,0.31040645
c02,402,0,0,0.44460142
c02,403,0,0,0.29783615
c02,404,0,1,0.5353454
c02,405,0,0,0.26124197
c02,406,0,0,0.49628064
c02,407,0,0,0.4150476
c02,408,0,0,0.2902184
c02,409,0,1,0.5044811
c02,410,0,0,0.26885298
c02,411,0,0,0.4313678
c02,412,0,0,0.34542206
c02,413,0,0,0.44615272
c02,414,0,0,0.41390067
c02,415,0,0,0.3421672
c02,416,0,0,0.37908047
c02,417,0,0,0.34374988
c02,418,0,0,0.4323366
c02,419,0,0,0.44038585
c02,420,0,0,0.42704982
c02,421,0,0,0.38237554
c02,422,0,0,0.2628963
c02,423,0,0,0.4786638
c02,424,0,0,0.27330858
c02,425,0,0,0.38977066
c02,426,0,0,0.43255562
c02,427,0,0,0.40683112
c02,428,0,0,0.27202767
c02,429,0,1,0.5014255
c02,430,0,0,0.35515755
c02,431,0,0,0.37721047
c02,432,0,0,0.3478229
c02,433,0,0,0.31009927
c02,434,0,0,0.4424277
c02,435,0,0,0.45815453
c02,436,0,0,0.38963303
c02,437,0,0,0.3469421
c02,438,0,0,0.27529064
c02,439,0,0,0.46251893
c02,440,0,0,0.37429482
c02,441,0,1,0.5108143
c02,442,0,0,0.45257148
c02,443,0,1,0.86563665
c02,444,0,0,0.23811066
c02,445,0,1,0.7792945
c02,446,0,1,0.8392252
c02,447,0,1,0.67567766
c02,448,0,1,0.7215611
c02,449,0,0,0.078100994
c02,450,0,1,0.7773176
c02,451,0,1,0.87910074
c02,452,0,0,0.13838238
c02,453,0,0,0.26732674
c02,454,0,0,0.2741099
c02,455,0,0,0.19217218
c02,456,0,1,0.7087042
c02,457,0,0,0.19931942
c02,458,0,0,0.15885036
c02,459,0,0,0.18068837
c02,460,0,0,0.14682901
c02,461,0,0,0.28826395
c02,462,0,0,0.10583673
c02,463,0,0,0.1256813
c02,464,0,0,0.12597848
c02,465,0,0,0.2456686
c02,466,0,0,0.11991348
c02,467,0,0,0.26645947
c02,468,0,0,0.18585886
c02,469,0,0,0.117993884
c02,470,0,0,0.12115652
c02,471,0,0,0.12257426
c02,472,0,0,0.24376741
c02,473,0,0,0.19031073
c02,474,0,1,0.521807
c02,475,0,0,0.2394376
c02,476,0,0,0.13258158
c02,477,0,0,0.1468022
c02,478,0,0,0.21914592
c02,479,0,0,0.251692
c02,480,0,0,0.2538723
c02,481,0,0,0.12481734
c02,482,0,0,0.29592624
c02,483,0,0,0.43494827
c02,484,0,1,0.57887566
c02,485,0,1,0.7366959
c02,486,0,1,0.7480974
c02,487,0,1,0.8386253
c02,488,0,0,0.4001663
c02,489,0,1,0.63176656
c02,490,0,1,0.75306547
c02,491,0,1,0.78254074
c02,492,0,1,0.73949945
c02,493,0,1,0.67166823
c02,494,0,1,0.7883038
c02,495,0,1,0.80764884
c02,496,0,0,0.1603636
c02,497,0,0,0.22842921
c02,498,0,0,0.25433964
c02,499,0,0,0.105606474
c02,500,0,0,0.25923398
c02,501,0,0,0.041776773
c03,1,0,1,0.9030815
c03,2,0,0,0.18516432
c03,3,0,1,0.5318776
c03,4,0,0,0.3387382
c03,5,0,1,0.884667
c03,6,0,1,0.8392047
c03,7,0,1,0.7902177
c03,8,0,0,0.1242039
c03,9,0,0,0.22203043
c03,10,0,1,0.58189887
c03,11,0,0,0.39430684
c03,12,0,0,0.16411391
c03,13,0,0,0.104801215
c03,14,0,1,0.7476075
c03,15,0,0,0.13440046
c03,16,0,0,0.42543265
c03,17,0,0,0.1799326
c03,18,0,1,0.65771514
c03,19,0,0,0.034301553
c03,20,0,0,0.16709715
c03,21,0,0,0.17926925
c03,22,0,0,0.37835792
c03,23,0,0,0.099618144
c03,24,0,0,0.25421888
c03,25,0,0,0.07453024
c03,26,0,1,0.6501545
c03,27,0,0,0.07911031
c03,28,0,0,0.06690884
c03,29,0,1,0.8369522
c03,30,0,0,0.16269296
c03,31,0,1,0.511101
c03,32,0,0,0.32882154
c03,33,0,0,0.15395889
c03,34,0,1,0.69028044
c03,35,0,1,0.7573811
c03,36,0,1,0.87440646
c03,37,0,0,0.20118411
c03,38,0,0,0.28560442
c03,39,0,1,0.51880443
c03,40,0,1,0.54573095
c03,41,0,0,0.3788714
c03,42,0,0,0.18597111
c03,43,0,0,0.12254438
c03,44,0,0,0.18307497
c03,45,0,0,0.1869113
c03,46,0,0,0.13145493
c03,47,0,0,0.09419776
c03,48,0,0,0.30471605
c03,49,0,0,0.097325556
c03,50,0,0,0.050089214
c03,51,0,1,0.51190007
c03,52,0,0,0.08614025
c03,53,0,0,0.06419589
c03,54,0,0,0.085822284
c03,55,0,0,0.053720143
c03,56,0,1,0.9396301
c03,57,0,0,0.35578513
c03,58,0,0,0.25571957
c03,59,0,0,0.107170016
c03,60,0,0,0.1595606
c03,61,0,0,0.25628063
c03,62,0,0,0.07595771
c03,63,0,0,0.26129577
c03,64,0,0,0.08518158
c03,65,0,0,0.0788852
c03,66,0,0,0.16349158
c03,67,0,0,0.17502417
c03,68,0,0,0.31938767
c03,69,0,0,0.38134536
c03,70,0,0,0.15446419
c03,71,0,0,0.35403162
c03,72,0,0,0.08155986
c03,73,0,0,0.29204264
c03,74,0,1,0.5640271
c03,75,0,1,0.6505228
c03,76,0,0,0.35984004
c03,77,0,0,0.35882008
c03,78,0,0,0.37099782
c03,79,0,0,0.33894274
c03,80,0,1,0.5871475
c03,81,0,1,0.83468074
c03,82,0,0,0.4739241
c03,83,0,1,0.7586135
c03,84,0,1,0.7077661
c03,85,0,1,0.74721617
c03,86,0,0,0.4638239
c03,87,0,1,0.7046246
c03,88,0,0,0.18338938
c03,89,0,1,0.9265597
c03,90,0,1,0.713342
c03,91,0,1,0.7335821
c03,92,0,0,0.4343295
c03,93,0,1,0.61596066
c03,94,0,0,0.49991122
c03,95,0,1,0.67565125
c03,96,0,1,0.8567206
c03,97,0,1,0.683488
c03,98,0,0,0.43404904
c03,99,0,0,0.2719739
c03,100,0,1,0.88788146
c03,101,0,1,0.662767
c03,102,0,1,0.78602135
c03,103,0,1,0.59822893
c03,104,0,1,0.7896261
c03,105,0,1,0.77323765
c03,106,0,1,0.5963025
c03,107,0,1,0.8267058
c03,108,0,0,0.27881408
c03,109,0,1,0.62176186
c03,110,0,0,0.31178495
c03,111,0,1,0.7908599
c03,112,0,0,0.39597213
c03,113,0,0,0.38381934
c03,114,0,1,0.6613612
c03,115,0,1,0.58327883
c03,116,0,0,0.4816153
c03,117,0,0,0.3759047
c03,118,0,1,0.7303987
c03,119,0,0,0.44471526
c03,120,0,1,0.64065
c03,121,0,0,0.44993222
c03,122,0,0,0.4963079
c03,123,0,0,0.3760324
c03,124,0,1,0.5828935
c03,125,0,1,0.5649229
c03,126,0,0,0.36882386
c03,127,0,1,0.70030093
c03,128,0,1,0.5076804
c03,129,0,1,0.6420937
c03,130,0,1,0.5143871
c03,131,0,1,0.63032633
c03,132,0,0,0.2866467
c03,133,0,0,0.43684545
c03,134,0,0,0.25498292
c03,135,0,0,0.19589218
c03,136,0,1,0.9342037
c03,137,0,1,0.72284716
c03,138,0,1,0.8487853
c03,139,0,0,0.30444455
c03,140,0,1,0.79315394
c03,141,0,1,0.88082236
c03,142,0,1,0.8872917
c03,143,0,0,0.342221
c03,144,0,1,0.5305105
c03,145,0,1,0.6333786
c03,146,0,1,0.5315872
c03,147,0,0,0.43867084
c03,148,0,0,0.3746278
c03,149,0,0,0.39925238
c03,150,0,0,0.38996762
c03,151,0,0,0.3431339
c03,152,0,1,0.611633
c03,153,0,1,0.72773534
c03,154,0,0,0.4290038
c03,155,0,0,0.2115727
c03,156,0,1,0.7257994
c03,157,0,1,0.7917517
c03,158,0,1,0.84686714
c03,159,0,1,0.7889101
c03,160,0,0,0.47429726
c03,161,0,1,0.7786439
c03,162,0,1,0.67168707
c03,163,0,1,0.5705854
c03,164,0,0,0.39405966
c03,165,0,0,0.3515558
c03,166,0,0,0.3114739
c03,167,0,0,0.38201305
c03,168,0,0,0.09757258
c03,169,0,0,0.24548945
c03,170,0,1,0.7978265
c03,171,0,0,0.124115735
c03,172,0,1,0.8210264
c03,173,0,1,0.5160046
c03,174,0,1,0.52484065
c03,175,0,1,0.8386035
c03,176,0,1,0.61524266
c03,177,0,0,0.11183861
c03,178,0,1,0.63786757
c03,179,0,1,0.8688111
c03,180,0,1,0.8915929
c03,181,0,1,0.8328582
c03,182,0,1,0.53762054
c03,183,0,0,0.2878485
c03,184,0,1,0.71500915
c03,185,0,0,0.14387712
c03,186,0,0,0.2464408
c03,187,0,0,0.18819664
c03,188,0,1,0.7320042
c03,189,0,1,0.90662026
c03,190,0,1,0.9135438
c03,191,0,1,0.87195
c03,192,0,1,0.91734296
c03,193,0,0,0.2516193
c03,194,0,0,0.3513287
c03,195,0,1,0.5381803
c03,196,0,1,0.91104746
c03,197,0,0,0.477492
c03,198,0,1,0.7851493
c03,199,0,1,0.6489658
c03,200,0,1,0.89295125
c03,201,0,1,0.5562477
c03,202,0,1,0.6008047
c03,203,0,0,0.31000277
c03,204,0,1,0.5537677
c03,205,0,0,0.4456326
c03,206,0,0,0.28905103
c03,207,0,0,0.37655014
c03,208,0,0,0.24366455
c03,209,0,0,0.17757404
c03,210,0,0,0.11309968
c03,211,0,1,0.5600368
c03,212,0,0,0.47856638
c03,213,0,0,0.22453775
c03,214,0,0,0.15728682
c03,215,0,0,0.46900162
c03,216,0,0,0.3313521
c03,217,0,0,0.19069794
c03,218,0,1,0.63343257
c03,219,0,0,0.14323314
c03,220,0,0,0.4833274
c03,221,0,1,0.5211636
c03,222,0,0,0.10627389
c03,223,0,0,0.32332674
c03,224,0,1,0.58327144
c03,225,0,0,0.36682293
c03,226,0,0,0.28739837
c03,227,0,0,0.29424846
c03,228,0,1,0.541429
c03,229,0,0,0.4275839
c03,230,0,0,0.43470836
c03,231,0,0,0.10386882
c03,232,0,0,0.2555642
c03,233,0,0,0.2763097
c03,234,0,1,0.53943735
c03,235,0,0,0.17484485
c03,236,0,0,0.19614859
c03,237,0,0,0.40295023
c03,238,0,1,0.5634229
c03,239,0,1,0.65255076
c03,240,0,0,0.4244075
c03,241,0,0,0.379069
c03,242,0,1,0.5036307
c03,243,0,0,0.164931
c03,244,0,0,0.39106634
c03,245,0,0,0.14998716
c03,246,0,1,0.92806154
c03,247,0,1,0.9451532
c03,248,0,1,0.89539516
c03,249,0,1,0.7325272
c03,250,0,1,0.80914825
c03,251,0,1,0.7517832
c03,252,0,1,0.8423148
c03,253,0,1,0.8928172
c03,254,0,1,0.92557096
c03,255,0,1,0.5039385
c03,256,0,1,0.81257993
c03,257,0,1,0.82159925
c03,258,0,1,0.72228426
c03,259,0,1,0.91693515
c03,260,0,0,0.38366643
c03,261,0,1,0.9045039
c03,262,0,1,0.87269646
c03,263,0,1,0.639788
c03,264,0,1,0.86520404
c03,265,0,1,0.53716666
c03,266,0,1,0.8059371
c03,267,0,1,0.7637562
c03,268,0,1,0.7843698
c03,269,0,0,0.24119991
c03,270,0,0,0.4476975
c03,271,0,1,0.7216745
c03,272,0,1,0.5803817
c03,273,0,1,0.7744004
c03,274,0,1,0.5613475
c03,275,0,1,0.58985865
c03,276,0,0,0.45701027
c03,277,0,1,0.7599138
c03,278,0,1,0.57241225
c03,279,0,1,0.7309005
c03,280,0,1,0.6838648
c03,281,0,1,0.674579
c03,282,0,1,0.8263528
c03,283,0,0,0.19511598
c03,284,0,0,0.18881522
c03,285,0,1,0.838114
c03,286,0,1,0.8217839
c03,287,0,1,0.8717716
c03,288,0,0,0.34737387
c03,289,0,1,0.62167096
c03,290,0,1,0.57406074
c03,291,0,1,0.60674596
c03,292,0,1,0.545431
c03,293,0,0,0.27071354
c03,294,0,1,0.8122099
c03,295,0,1,0.6789861
c03,296,0,0,0.3720104
c03,297,0,0,0.46713012
c03,298,0,0,0.23468138
c03,299,0,0,0.16624644
c03,300,0,1,0.60956943
c03,301,0,1,0.53371954
c03,302,0,1,0.68550056
c03,303,0,1,0.808004
c03,304,0,0,0.37494633
c03,305,0,1,0.5786469
c03,306,0,1,0.5406207
c03,307,0,1,0.5049418
c03,308,0,1,0.64604247
c03,309,0,1,0.7639903
c03,310,0,1,0.58572596
c03,311,0,1,0.5857228
c03,312,0,1,0.8195121
c03,313,0,1,0.62967664
c03,314,0,0,0.49962655
c03,315,0,0,0.29716906
c03,316,0,1,0.6556108
c03,317,0,1,0.5133099
c03,318,0,0,0.42458966
c03,319,0,1,0.6231238
c03,320,0,0,0.36960787
c03,321,0,0,0.39389923
c03,322,0,0,0.4667399
c03,323,0,1,0.67554975
c03,324,0,0,0.33348042
c03,325,0,1,0.82523924
c03,326,0,0,0.4978212
c03,327,0,0,0.34799296
c03,328,0,1,0.66507477
c03,329,0,1,0.63288766
c03,330,0,0,0.46808314
c03,331,0,0,0.34631607
c03,332,0,1,0.72305447
c03,333,0,0,0.265298
c03,334,0,1,0.8208067
c03,335,0,1,0.8963868
c03,336,0,1,0.6024803
c03,337,0,1,0.564909
c03,338,0,1,0.8016589
c03,339,0,0,0.38142148
c03,340,0,1,0.6335257
c03,341,0,0,0.22618558
c03,342,0,1,0.8513765
c03,343,0,1,0.5856078
c03,344,0,0,0.44884914
c03,345,0,0,0.37043607
c03,346,0,1,0.5057877
c03,347,0,1,0.5768672
c03,348,0,0,0.45655838
c03,349,0,0,0.39997247
c03,350,0,1,0.5163746
c03,351,0,0,0.3340204
c03,352,0,1,0.6665581
c03,353,0,0,0.34506378
c03,354,0,1,0.8814985
c03,355,0,0,0.47953153
c03,356,0,1,0.67642754
c03,357,0,1,0.5237356
c03,358,0,0,0.36743787
c03,359,0,0,0.1349145
c03,360,0,1,0.5312798
c03,361,0,0,0.34129578
c03,362,0,0,0.1474895
c03,363,0,0,0.15892012
c03,364,0,1,0.5913724
c03,365,0,0,0.27212164
c03,366,0,0,0.3959049
c03,367,0,0,0.40059713
c03,368,0,1,0.7921785
c03,369,0,0,0.49699998
c03,370,0,1,0.8943065
c03,371,0,1,0.6002406
c03,372,0,1,0.79332536
c03,373,0,1,0.8372501
c03,374,0,0,0.27218947
c03,375,0,1,0.87947524
c03,376,0,0,0.090789415
c03,377,0,0,0.48929772
c03,378,0,1,0.96499836
c03,379,0,0,0.0701304
c03,380,0,0,0.21081167
c03,381,0,0,0.4312309
c03,382,0,0,0.3414459
c03,383,0,0,0.06913836
c03,384,0,0,0.15552835
c03,385,0,0,0.050172295
c03,386,0,0,0.19117503
c03,387,0,0,0.08357212
c03,388,0,0,0.051369496
c03,389,0,0,0.19485065
c03,390,0,0,0.13396439
c03,391,0,0,0.36890572
c03,392,0,0,0.09803479
c03,393,0,0,0.038843732
c03,394,0,0,0.08155109
c03,395,0,0,0.2506195
c03,396,0,0,0.14990981
c03,397,0,0,0.25315484
c03,398,0,0,0.10461171
c03,399,0,0,0.40071088
c03,400,0,0,0.1076032
c03,401,0,0,0.1345659
c03,402,0,0,0.07098203
c03,403,0,1,0.93220687
c03,404,0,1,0.68321186
c03,405,0,1,0.7094053
c03,406,0,0,0.49351186
c03,407,0,0,0.41799226
c03,408,0,0,0.046432126
c03,409,0,0,0.08438156
c03,410,0,0,0.21075332
c03,411,0,0,0.07008556
c03,412,0,0,0.09994954
c03,413,0,0,0.1867378
c03,414,0,0,0.16396038
c03,415,0,0,0.17536406
c03,416,0,0,0.09433864
c03,417,0,0,0.15327741
c03,418,0,0,0.08481563
c03,419,0,0,0.1242181
c03,420,0,0,0.47768745
c03,421,0,1,0.8433838
c03,422,0,1,0.68017155
c03,423,0,1,0.8100653
c03,424,0,1,0.82869816
c03,425,0,1,0.7639852
c03,426,0,0,0.48804736
c03,427,0,1,0.7618173
c03,428,0,1,0.7081639
c03,429,0,0,0.40024307
c03,430,0,0,0.42622858
c03,431,0,1,0.5872768
c03,432,0,1,0.7009815
c03,433,0,0,0.48185107
c03,434,0,0,0.4461467
c03,435,0,1,0.64102656
c03,436,0,1,0.55759645
c03,437,0,0,0.1618951
c03,438,0,0,0.34336042
c03,439,0,0,0.43440962
c03,440,0,0,0.356099
c03,441,0,1,0.8900377
c03,442,0,1,0.95549643
c03,443,0,1,0.9025445
c03,444,0,1,0.8606983
c03,445,0,1,0.7021834
c03,446,0,1,0.61353797
c03,447,0,0,0.29754776
c03,448,0,0,0.32281047
c03,449,0,1,0.86953735
c03,450,0,0,0.3923423
c03,451,0,1,0.88144904
c03,452,0,1,0.8571455
c03,453,0,0,0.42562434
c04,14,0,0,0.00031102626
c04,19,0,0,0.0054124775
c04,20,0,0,0.037735485
c04,21,0,0,0.48586258
c04,22,0,0,0.17372867
c04,23,0,0,0.48075652
c04,24,0,1,0.60663843
c04,25,0,1,0.8437074
c04,26,0,0,0.3126687
c04,27,0,1,0.85366064
c04,28,0,1,0.5562879
c04,29,0,0,0.31139722
c04,30,0,0,0.25639263
c04,31,0,1,0.75765216
c04,32,0,0,0.43126854
c04,33,0,0,0.29673314
c04,34,0,0,0.29298666
c04,35,0,1,0.82852894
c04,36,0,1,0.77645904
c04,37,0,1,0.8712545
c04,38,0,1,0.83173996
c04,39,0,1,0.8357762
c04,40,0,1,0.7950831
c04,41,0,1,0.8687869
c04,42,0,0,0.00898483
c04,43,0,0,0.039575964
c04,44,0,0,0.28378224
c04,45,0,1,0.77241117
c04,46,0,1,0.63913125
c04,47,0,1,0.70712227
c04,48,0,1,0.83379734
c04,49,0,1,0.82142997
c04,50,0,1,0.80890703
c04,51,0,1,0.71407515
c04,52,0,1,0.5775616
c04,53,0,1,0.68044204
c04,54,0,1,0.6755973
c04,55,0,1,0.84619564
c04,56,0,0,0.46927732
c04,57,0,1,0.7755856
c04,58,0,0,0.35827476
c04,59,0,0,0.123458415
c04,60,0,1,0.8222023
c04,61,0,1,0.5861304
c04,62,0,1,0.7391695
c04,63,0,1,0.57233346
c04,64,0,0,0.3999192
c04,65,0,1,0.529918
c04,66,0,1,0.5675109
c04,67,0,0,0.35666215
c04,68,0,0,0.49031293
c04,69,0,1,0.652066
c04,70,0,0,0.42542872
c04,71,0,0,0.3255423
c04,72,0,0,0.26778302
c04,73,0,0,0.1990041
c04,74,0,0,0.21196581
c04,75,0,1,0.6510064
c04,76,0,0,0.374041
c04,77,0,0,0.29006174
c04,78,0,0,0.38247937
c04,79,0,0,0.1725829
c04,80,0,0,0.18882376
c04,81,0,0,0.33144513
c04,82,0,0,0.4414218
c04,83,0,0,0.43485406
c04,84,0,0,0.13302965
c04,85,0,0,0.42774394
c04,86,0,0,0.3360997
c04,87,0,0,0.2276173
c04,88,0,0,0.2572553
c04,89,0,0,0.12455382
c04,90,0,0,0.29016623
c04,91,0,0,0.28553554
c04,92,0,0,0.105671644
c04,93,0,0,0.2642525
c04,94,0,0,0.41180962
c04,95,0,0,0.22072375
c04,96,0,0,0.26965606
c04,97,0,0,0.12579288
c04,98,0,0,0.14463206
c04,99,0,0,0.16199355
c04,100,0,0,0.16555437
c04,101,0,0,0.10405934
c04,102,0,0,0.2566897
c04,103,0,0,0.109026454
c04,104,0,0,0.16363497
c04,105,0,0,0.10485688
c04,106,0,0,0.20867147
c04,107,0,0,0.15192758
c04,108,0,0,0.15709183
c04,109,0,0,0.079655565
c04,110,0,0,0.1289262
c04,111,0,0,0.13567784
c04,112,0,0,0.14462505
c04,113,0,0,0.17001666
c04,114,0,0,0.16052462
c04,115,0,0,0.1176619
c04,116,0,0,0.092659675
c04,117,0,0,0.1622706
c04,118,0,0,0.15580688
c04,119,0,0,0.11896591
c04,120,0,0,0.18180934
c04,121,0,0,0.15273362
c04,122,0,0,0.09531393
c04,123,0,0,0.18026201
c04,124,0,0,0.14280568
c04,125,0,0,0.13311937
c04,126,0,0,0.13517153
c04,127,0,0,0.07394191
c04,128,0,0,0.07892992
c04,129,0,0,0.14241377
c04,130,0,0,0.19411346
c04,131,0,0,0.16679697
c04,132,0,0,0.11299578
c04,133,0,0,0.18090259
c04,134,0,0,0.114036106
c04,135,0,0,0.20326123
c04,136,0,0,0.1856299
c04,137,0,0,0.16426155
c04,138,0,0,0.18022253
c04,139,0,0,0.16038547
c04,140,0,0,0.15238315
c04,141,0,0,0.18377843
c04,142,0,0,0.13008073
c04,143,0,0,0.16442963
c04,144,0,0,0.15199496
c04,145,0,0,0.1216553
c04,146,0,0,0.17021291
c04,147,0,0,0.16064703
c04,148,0,0,0.13700324
c04,149,0,0,0.15114354
c04,150,0,0,0.17896052
c04,151,0,0,0.3075842
c04,152,0,0,0.13811404
c04,153,0,0,0.18854779
c04,154,0,1,0.63073653
c04,155,0,0,0.10461242
c04,156,0,0,0.11814396
c04,157,0,0,0.13035987
c04,158,0,0,0.106645726
c04,159,0,0,0.07276203
c04,160,0,0,0.07672401
c04,161,0,0,0.07680844
c04,162,0,0,0.05834913
c04,163,0,0,0.112659335
c04,164,0,0,0.074683316
c04,165,0,0,0.25679514
c04,166,0,0,0.13301732
c04,167,0,0,0.09289834
c04,168,0,0,0.07475962
c04,169,0,0,0.15236609
c04,170,0,0,0.10806689
c04,171,0,0,0.13537464
c04,172,0,0,0.120590694
c04,173,0,0,0.1373223
c04,174,0,0,0.10183983
c04,175,0,0,0.13127345
c04,176,0,0,0.13315143
c04,177,0,0,0.15512845
c04,178,0,0,0.13632774
c04,179,0,0,0.20623688
c04,180,0,0,0.16741775
c04,181,0,0,0.21030924
c04,182,0,0,0.14701141
c04,183,0,0,0.07431527
c04,184,0,0,0.1039125
c04,185,0,0,0.13908641
c04,186,0,0,0.1255366
c04,187,0,0,0.12827456
c04,188,0,0,0.16527925
c04,189,0,0,0.3157609
c04,190,0,0,0.26664102
c04,191,0,0,0.069856934
c04,192,0,0,0.06574571
c04,193,0,0,0.13913453
c04,194,0,0,0.10129797
c04,195,0,0,0.10095581
c04,196,0,0,0.084048115
c04,197,0,0,0.12729849
c04,198,0,0,0.10426052
c04,199,0,0,0.122650295
c04,200,0,0,0.09124115
c04,201,0,0,0.082425036
c04,202,0,0,0.09953927
c04,203,0,0,0.08384027
c04,204,0,0,0.09955349
c04,205,0,0,0.09671837
c04,206,0,0,0.101915814
c04,207,0,0,0.10945007
c04,208,0,0,0.10245225
c04,209,0,0,0.10552038
c04,210,0,0,0.06517438
c04,211,0,0,0.12760751
c04,212,0,0,0.066644534
c04,213,0,0,0.08523298
c04,214,0,0,0.10011397
c04,215,0,0,0.07889097
c04,216,0,0,0.11046143
c04,217,0,0,0.090118565
c04,218,0,0,0.061675202
c04,219,0,0,0.060512
c04,220,0,0,0.080225624
c04,221,0,0,0.043765668
c04,222,0,0,0.031621475
c04,223,0,0,0.058698162
c04,224,0,0,0.039550442
c04,225,0,0,0.079541825
c04,226,0,0,0.19752978
c04,227,0,0,0.030553048
c04,228,0,0,0.04136104
c04,229,0,0,0.052793257
c04,230,0,0,0.076047905
c04,231,0,0,0.09088845
c04,232,0,0,0.036738195
c04,233,0,0,0.05236585
c04,234,0,0,0.04654877
c04,235,0,0,0.054625925
c04,236,0,0,0.040608846
c04,237,0,0,0.051210534
c04,238,0,0,0.10279233
c04,239,0,0,0.077330306
c04,240,0,0,0.056408536
c04,241,0,0,0.08817258
c04,242,0,0,0.0956294
c04,243,0,0,0.07373415
c04,244,0,0,0.05260971
c04,245,0,0,0.08271926
c04,246,0,0,0.08877957
c04,247,0,0,0.071179174
c04,248,0,0,0.10601129
c04,249,0,0,0.07651927
c04,250,0,0,0.081526384
c04,251,0,0,0.11645627
c04,252,0,0,0.08440887
c04,253,0,0,0.083911955
c04,254,0,0,0.06585112
c04,255,0,0,0.06886977
c04,256,0,0,0.0534061
c04,257,0,0,0.05771437
c04,258,0,0,0.053645764
c04,259,0,0,0.16476691
c04,260,0,0,0.054226104
c04,261,0,1,0.60933566
c04,262,0,0,0.07609942
c04,263,0,0,0.13715766
c04,264,0,0,0.08560307
c04,265,0,0,0.33212095
c04,266,0,0,0.16601305
c04,267,0,0,0.37814534
c04,268,0,0,0.2849873
c04,269,0,0,0.29774454
c04,270,0,0,0.33786765
c04,271,0,0,0.1417283
c04,272,0,0,0.39880535
c04,273,0,1,0.5336017
c04,274,0,0,0.35719234
c04,275,0,1,0.7239358
c04,276,0,0,0.33362806
c04,277,0,0,0.44036376
c04,278,0,0,0.036557574
c04,279,0,0,0.34136584
c04,280,0,1,0.6040344
c04,281,0,1,0.54342186
c04,282,0,0,0.4364048
c04,283,0,0,0.47635397
c04,284,0,1,0.528473
c04,285,0,1,0.8192056
c04,286,0,0,0.42628455
c04,287,0,1,0.54923654
c04,288,0,1,0.76405996
c04,289,0,1,0.54156363
c04,290,0,0,0.41108638
c04,291,0,0,0.4426962
c04,292,0,0,0.47468475
c04,293,0,0,0.29689908
c04,294,0,0,0.46612427
c04,295,0,0,0.21629599
c04,296,0,0,0.26494735
c04,297,0,1,0.79923844
c04,298,0,0,0.20884016
c04,299,0,0,0.2713821
c04,300,0,0,0.32843548
c04,301,0,0,0.23824264
c04,302,0,0,0.36841372
c04,303,0,0,0.17493786
c04,304,0,1,0.73877925
c04,305,0,1,0.8271519
c04,306,0,1,0.7885368
c04,307,0,1,0.6409353
c04,308,0,0,0.29515427
c04,309,0,1,0.56640416
c04,310,0,0,0.12881069
c04,311,0,1,0.62614447
c04,312,0,1,0.76748306
c04,313,0,1,0.53873175
c04,314,0,1,0.6805106
c04,315,0,0,0.4022419
c04,316,0,1,0.54354423
c04,317,0,0,0.29626757
c04,318,0,0,0.20873548
c04,319,0,0,0.32301357
c04,320,0,0,0.28710893
c04,321,0,0,0.37604704
c04,322,0,0,0.21861875
c04,323,0,0,0.37099546
c04,324,0,0,0.3911856
c04,325,0,0,0.2184784
c04,326,0,0,0.31105864
c04,327,0,0,0.24714687
c04,328,0,0,0.29045033
c04,329,0,0,0.44386813
c04,330,0,0,0.31722507
c04,331,0,0,0.32527652
c04,332,0,0,0.42534205
c04,333,0,0,0.2604735
c04,334,0,0,0.13085134
c04,335,0,0,0.15613066
c04,336,0,0,0.25349656
c04,337,0,0,0.17834836
c04,338,0,1,0.50611717
c04,339,0,0,0.30213037
c04,340,0,0,0.46070436
c04,341,0,0,0.18122095
c04,342,0,0,0.20261227
c04,343,0,0,0.08928004
c04,344,0,0,0.39142108
c04,345,0,0,0.2654945
c04,346,0,0,0.3442678
c04,347,0,0,0.24115305
c04,348,0,0,0.36345682
c04,349,0,0,0.32589048
c04,350,0,0,0.23366643
c04,351,0,0,0.08009516
c04,352,0,0,0.06576239
c04,353,0,0,0.20302606
c04,354,0,0,0.17261522
c04,355,0,0,0.15621027
c04,356,0,0,0.12125479
c04,357,0,0,0.17073926
c04,358,0,0,0.1871345
c04,359,0,0,0.25715917
c04,360,0,0,0.4066749
c04,361,0,0,0.22700538
c04,362,0,0,0.34852698
c04,363,0,0,0.13685755
c04,364,0,0,0.35045105
c04,365,0,0,0.2852272
c04,366,0,0,0.16665752
c04,367,0,0,0.35620797
c04,368,0,0,0.46091983
c04,369,0,0,0.2016155
c04,370,0,0,0.3361044
c04,371,0,1,0.5552097
c04,372,0,0,0.44464648
c04,373,0,1,0.5839957
c04,374,0,0,0.16675568
c04,375,0,1,0.5216005
c04,376,0,0,0.19156782
c04,377,0,1,0.529247
c04,378,0,1,0.7074095
c04,379,0,0,0.037199777
c04,380,0,0,0.31884253
c04,381,0,0,0.30002263
c04,382,0,0,0.20771447
c04,383,0,0,0.19153388
c04,384,0,0,0.22636373
c04,385,0,0,0.20542909
c04,386,0,0,0.346834
c04,387,0,0,0.35954204
c04,388,0,0,0.29577887
c04,389,0,0,0.33480677
c04,390,0,0,0.31432885
c04,391,0,0,0.41739386
c04,392,0,0,0.45057684
c04,393,0,0,0.20805918
c04,394,0,0,0.25724134
c04,395,0,0,0.27898037
c04,396,0,1,0.50227845
c04,397,0,0,0.300429
c04,398,0,0,0.36064565
c04,399,0,0,0.25461504
c04,400,0,0,0.22257727
c04,401,0,0,0.17670746
c04,402,0,0,0.08011382
c04,403,0,0,0.048143514
c04,404,0,0,0.038362823
c04,405,0,1,0.5327956
c04,406,0,0,0.40813658
c04,407,0,0,0.13634458
c04,408,0,0,0.28647876
c04,409,0,0,0.42602825
c04,410,0,0,0.30465066
c04,411,0,0,0.20269448
c04,412,0,0,0.2848771
c04,413,0,0,0.40208286
c04,414,0,0,0.18328752
c04,415,0,0,0.16845725
c04,416,0,0,0.19850539
c04,417,0,0,0.114922754
c04,418,0,0,0.3237703
c04,419,0,0,0.18575642
c04,420,0,0,0.15559907
c04,421,0,0,0.3827028
c04,422,0,0,0.38291085
c04,423,0,0,0.19725491
c04,424,0,0,0.1828177
c04,425,0,0,0.14669794
c04,426,0,0,0.09003906
c04,427,0,0,0.0788029
c04,428,0,0,0.061106496
c04,429,0,0,0.06847683
c04,430,0,0,0.055095654
c04,431,0,0,0.039313003
c04,432,0,0,0.049802277
c04,433,0,0,0.031387903
c04,434,0,0,0.049155343
c04,435,0,0,0.05603119
c04,436,0,0,0.04223586
c04,437,0,0,0.05687324
c04,438,0,0,0.045742765
c04,439,0,0,0.03346707
c04,440,0,0,0.060299966
c04,441,0,0,0.045100424
c04,442,0,0,0.02932058
c04,443,0,0,0.04607863
c04,444,0,0,0.044949286
c04,445,0,0,0.05168046
c04,446,0,0,0.028869277
c04,447,0,0,0.04841373
c04,448,0,0,0.052923314
c04,449,0,0,0.04410431
c04,450,0,0,0.055079084
c04,451,0,0,0.048020244
c04,452,0,0,0.04405879
c04,453,0,0,0.04267734
c04,454,0,0,0.036134504
c04,455,0,0,0.029719304
c04,456,0,0,0.19562711
c04,457,0,0,0.070111655
c04,458,0,0,0.037235122
c04,459,0,0,0.048394505
c04,460,0,0,0.032642357
c04,461,0,0,0.051423874
c04,462,0,0,0.027426515
c04,463,0,0,0.035686035
c04,464,0,0,0.031540427
c04,465,0,0,0.03013693
c04,466,0,0,0.063621454
c04,467,0,0,0.067514025
c04,468,0,0,0.030199468
c04,469,0,0,0.03818259
c04,470,0,0,0.060549498
c04,471,0,0,0.06330404
c04,472,0,0,0.05639097
c04,473,0,0,0.032065433
c04,474,0,0,0.044435713
c04,475,0,0,0.045810685
c04,476,0,0,0.023181641
c04,477,0,0,0.10952076
c04,478,0,0,0.29967114
c04,479,0,0,0.20605825
c04,480,0,0,0.2959483
c04,481,0,0,0.3022335
c05,1,0,0,0.11615633
c05,2,0,0,0.008316553
c05,3,0,0,0.15306976
c05,4,0,0,0.19174026
c05,5,0,0,0.15981217
c05,6,1,0,0.083572
c05,7,0,0,0.20506604
c05,8,0,1,0.53170896
c05,9,0,1,0.5465978
c05,10,0,0,0.42808744
c05,11,0,0,0.37535474
c05,12,0,0,0.36983728
c05,13,0,0,0.1515256
c05,14,0,0,0.101578236
c05,15,0,0,0.10295397
c05,16,0,1,0.52226025
c05,17,0,0,0.07090695
c05,18,0,0,0.1639856
c05,19,0,0,0.34600577
c05,20,0,0,0.4050189
c05,21,0,0,0.121755175
c05,22,0,0,0.22806308
c05,23,0,0,0.3012716
c05,24,0,0,0.12496538
c05,25,0,0,0.2502547
c05,26,0,0,0.46319634
c05,27,0,0,0.36123595
c05,28,0,0,0.27036637
c05,29,0,0,0.28688636
c05,30,0,0,0.3464808
c05,31,0,0,0.34765115
c05,32,0,0,0.29267147
c05,33,0,0,0.33575356
c05,34,0,1,0.6226645
c05,35,0,0,0.31994814
c05,36,0,0,0.19969322
c05,37,0,0,0.29096514
c05,38,0,0,0.34250525
c05,39,0,0,0.2669846
c05,40,0,0,0.3843533
c05,41,0,0,0.22391215
c05,42,0,0,0.12021541
c05,43,0,0,0.12442774
c05,44,0,0,0.18162619
c05,45,0,0,0.3185134
c05,46,0,0,0.22165748
c05,47,0,0,0.37945357
c05,48,0,0,0.12971288
c05,49,0,0,0.3940028
c05,50,0,0,0.23650241
c05,51,0,0,0.17358455
c05,52,0,0,0.14154574
c05,53,0,0,0.15653545
c05,54,0,0,0.11458579
c05,55,0,0,0.2288876
c05,56,0,0,0.13266642
c05,57,0,1,0.52342826
c05,58,0,0,0.16434896
c05,59,0,0,0.15964621
c05,60,0,0,0.39412075
c05,61,0,0,0.2612629
c05,62,0,0,0.17227723
c05,63,0,0,0.26172286
c05,64,0,0,0.13900714
c05,65,0,0,0.1460265
c05,66,0,0,0.1413326
c05,67,0,1,0.54482627
c05,68,0,1,0.5487822
c05,69,0,1,0.6126639
c05,70,0,0,0.18077376
c05,71,0,0,0.36812058
c05,72,0,0,0.45609096
c05,73,0,0,0.17947346
c05,74,0,0,0.17309421
c05,75,0,0,0.35711023
c05,76,0,0,0.3382863
c05,77,0,0,0.18998913
c05,78,0,0,0.17198059
c05,79,0,0,0.39542285
c05,80,0,0,0.15364577
c05,81,0,0,0.427036
c05,82,0,0,0.14479218
c05,83,0,0,0.3530972
c05,84,0,1,0.5044059
c05,85,0,0,0.14960636
c05,86,0,0,0.20416625
c05,87,0,0,0.14425525
c05,88,0,1,0.63214916
c05,89,0,0,0.24464057
c05,90,0,1,0.8332233
c05,91,0,0,0.30439475
c05,92,0,0,0.30139658
c05,93,0,0,0.14152095
c05,94,0,0,0.13698679
c05,95,0,0,0.19253173
c05,96,0,0,0.14250025
c05,97,0,0,0.2022945
c05,98,0,0,0.14919847
c05,99,0,0,0.14270867
c05,100,0,0,0.24589576
c05,101,0,0,0.14895928
c05,102,0,0,0.11475712
c05,103,0,0,0.14081597
c05,104,0,0,0.12824854
c05,105,0,0,0.19294195
c05,106,0,0,0.23252364
c05,107,0,0,0.1377864
c05,108,0,0,0.274659
c05,109,0,0,0.20040537
c05,110,0,1,0.8696028
c05,111,0,1,0.8193304
c05,112,0,0,0.20277432
c05,113,0,1,0.70936817
c05,114,0,0,0.49608296
c05,115,0,0,0.2748174
c05,116,0,0,0.44361073
c05,117,0,0,0.437402
c05,118,0,0,0.39000556
c05,119,0,0,0.2073423
c05,120,0,0,0.23665188
c05,121,0,0,0.35030833
c05,122,0,1,0.71487284
c05,123,0,0,0.27263805
c05,124,0,0,0.31018013
c05,125,0,1,0.56809115
c05,126,0,1,0.8031033
c05,127,0,1,0.69516295
c05,128,0,0,0.33294407
c05,129,0,0,0.43713757
c05,130,0,0,0.47346207
c05,131,0,1,0.6767773
c05,132,0,0,0.34867272
c05,133,0,0,0.39432973
c05,134,0,0,0.43301183
c05,135,0,0,0.45187527
c05,136,0,1,0.5993362
c05,137,0,0,0.4069188
c05,138,0,1,0.603488
c05,139,0,1,0.68832374
c05,140,0,0,0.29342246
c05,141,0,0,0.4032449
c05,142,0,1,0.55722886
c05,143,0,0,0.42197645
c05,144,0,0,0.3905271
c05,145,0,1,0.697951
c05,146,0,1,0.7596482
c05,147,0,0,0.4482435
c05,148,0,1,0.7934301
c05,149,0,1,0.5381748
c05,150,0,1,0.52639323
c05,151,0,0,0.23561402
c05,152,0,0,0.25783873
c05,153,0,1,0.66143936
c05,154,0,0,0.46105945
c05,155,0,0,0.47771645
c05,156,0,0,0.3931542
c05,157,0,0,0.20911913
c05,158,0,0,0.32953528
c05,159,0,0,0.27502453
c05,160,0,0,0.21723795
c05,161,0,1,0.5182759
c05,162,0,0,0.39049327
c05,163,0,1,0.75913185
c05,164,0,1,0.6902757
c05,165,0,1,0.86537486
c05,166,0,0,0.30568132
c05,167,0,0,0.482854
c05,168,0,1,0.52716416
c05,169,0,0,0.3427961
c05,170,0,0,0.29350367
c05,171,0,0,0.17210183
c05,172,0,0,0.16559722
c05,173,0,0,0.17694686
c05,174,0,0,0.14242634
c05,175,0,0,0.14338
c05,176,0,0,0.13908398
c05,177,0,0,0.11611043
c05,178,0,0,0.13245723
c05,179,0,0,0.17006601
c05,180,0,0,0.12408353
c05,181,0,0,0.17039643
c05,182,0,0,0.17320615
c05,183,0,0,0.17906456
c05,184,0,0,0.2582644
c05,185,0,0,0.21945032
c05,186,0,0,0.19835712
c05,187,0,0,0.15452117
c05,188,0,0,0.2187723
c05,189,0,0,0.15875931
c05,190,0,0,0.37125304
c05,191,0,0,0.16652301
c05,192,0,0,0.18213417
c05,193,0,0,0.14963898
c05,194,0,1,0.7800953
c05,195,0,1,0.76554734
c05,196,0,1,0.5534391
c05,197,0,1,0.7112738
c05,198,0,1,0.5818619
c05,199,0,0,0.2729458
c05,200,0,0,0.25730416
c05,201,0,0,0.17072123
c05,202,0,0,0.2608958
c05,203,0,0,0.33255073
c05,204,0,0,0.3763027
c05,205,0,1,0.72061235
c05,206,0,1,0.77041286
c05,207,0,0,0.26558575
c05,208,0,0,0.16386852
c05,209,0,1,0.8839625
c05,210,0,0,0.22991407
c05,211,0,0,0.15131494
c05,212,0,0,0.18630983
c05,213,0,0,0.3536134
c05,214,0,0,0.4847159
c05,215,0,1,0.5658378
c05,216,0,0,0.3706319
c05,217,0,0,0.22942862
c05,218,0,0,0.26866573
c05,219,0,1,0.52650344
c05,220,0,1,0.5627555
c05,221,0,0,0.15290514
c05,222,0,1,0.6999625
c05,223,0,0,0.26253247
c05,224,0,0,0.15438223
c05,225,0,0,0.24543773
c05,226,0,0,0.28306133
c05,227,0,0,0.16426538
c05,228,0,0,0.15214685
c05,229,0,1,0.5632512
c05,230,0,0,0.20341378
c05,231,0,0,0.14143498
c05,232,0,1,0.59665877
c05,233,0,0,0.23779552
c05,234,0,0,0.14042243
c05,235,0,0,0.13492042
c05,236,0,0,0.13503204
c05,237,0,0,0.17163886
c05,238,0,0,0.16219975
c05,239,0,0,0.12974072
c05,240,0,0,0.2767493
c05,241,0,0,0.18934147
c05,242,0,0,0.17222613
c05,243,0,0,0.1093307
c05,244,0,0,0.14854892
c05,245,0,0,0.16082335
c05,246,0,0,0.14683788
c05,247,0,0,0.103246965
c05,248,0,0,0.15729253
c05,249,0,0,0.116589226
c05,250,0,0,0.40034294
c05,251,0,0,0.17253098
c05,252,0,0,0.1488825
c05,253,0,0,0.14850894
c05,254,0,0,0.49916312
c05,255,0,1,0.8748689
c05,256,0,1,0.75977063
c05,257,0,0,0.2508804
c05,258,0,1,0.60127074
c05,259,0,0,0.28069666
c05,260,0,0,0.48647147
c05,261,0,0,0.31637934
c05,262,0,0,0.11856851
c05,263,0,0,0.10184725
c05,264,0,0,0.15355633
c05,265,0,0,0.12269526
c05,266,0,0,0.107878335
c05,267,0,1,0.58553475
c05,268,0,0,0.10858627
c05,269,0,0,0.19419768
c05,270,0,0,0.26962298
c05,271,0,1,0.5020663
c05,272,0,0,0.46072802
c05,273,0,0,0.13350126
c05,274,0,0,0.40211046
c05,275,0,1,0.87273616
c05,276,0,0,0.48306048
c05,277,0,0,0.33886147
c05,278,0,0,0.47468206
c05,279,0,0,0.12924573
c05,280,0,0,0.17196892
c05,281,0,0,0.33912948
c05,282,0,0,0.20812492
c05,283,0,0,0.24483228
c05,284,0,1,0.8120728
c05,285,0,0,0.35940713
c05,286,0,0,0.3204099
c05,287,0,0,0.1869627
c05,288,0,0,0.19073164
c05,289,0,0,0.38827038
c05,290,0,0,0.1949131
c05,291,0,0,0.13735026
c05,292,0,0,0.17775041
c05,293,0,1,0.5700509
c05,294,0,1,0.56791365
c05,295,0,1,0.8811527
c05,296,0,0,0.14412273
c05,297,0,0,0.11269563
c05,298,0,0,0.25964764
c05,299,0,1,0.6613171
c05,300,0,1,0.873209
c05,301,0,0,0.13090903
c05,302,0,0,0.17675401
c05,303,0,0,0.23238307
c05,304,0,0,0.11358859
c05,305,0,0,0.18838756
c05,306,0,0,0.11123584
c05,307,0,0,0.12339954
c05,308,0,0,0.29624557
c05,309,0,0,0.19810086
c05,310,0,0,0.18349189
c05,311,0,0,0.14962798
c05,312,0,0,0.13567726
c05,313,0,0,0.28510046
c05,314,0,0,0.25237444
c05,315,0,0,0.4490478
c05,316,0,1,0.81154495
c05,317,0,1,0.51520574
c05,318,0,0,0.19124925
c05,319,0,1,0.5145059
c05,320,0,0,0.09960668
c05,321,0,0,0.46310854
c05,322,0,0,0.29662126
c05,323,0,0,0.2547201
c05,324,0,0,0.118283115
c05,325,0,0,0.13671346
c05,326,0,0,0.106962375
c05,327,0,0,0.28779495
c05,328,0,0,0.11201802
c05,329,0,0,0.22309083
c05,330,0,0,0.14444862
c05,331,0,0,0.12628366
c05,332,0,0,0.12072319
c05,333,0,0,0.089765824
c05,334,0,0,0.21670805
c05,335,0,0,0.19947718
c05,336,0,0,0.18717358
c05,337,0,0,0.18537952
c05,338,0,0,0.08418719
c05,339,0,0,0.38798183
c05,340,0,0,0.07498781
c05,341,0,0,0.18885429
c05,342,0,0,0.28530508
c05,343,0,0,0.15965617
c05,344,0,0,0.10822273
c05,345,0,0,0.13015498
c05,346,0,1,0.8762914
c05,347,0,0,0.18192068
c05,348,0,0,0.27598935
c05,349,0,0,0.1284102
c05,350,0,0,0.19150914
c05,351,0,1,0.5703501
c05,352,0,1,0.61102116
c05,353,0,1,0.7699161
c05,354,0,1,0.55137175
c05,355,0,1,0.59014475
c05,356,0,1,0.7966086
c05,357,0,0,0.4681326
c05,358,0,0,0.42011115
c05,359,0,0,0.15738593
c05,360,0,0,0.24815206
c05,361,0,0,0.45988926
c05,362,0,0,0.41600284
c05,363,0,0,0.19782312
c05,364,0,0,0.16229378
c05,365,0,0,0.2788674
c05,366,0,0,0.1484238
c05,367,0,0,0.14508453
c05,368,0,0,0.21134967
c05,369,0,1,0.7470964
c05,370,0,1,0.86305267
c05,371,0,1,0.6019866
c05,372,0,0,0.21177723
c05,373,0,0,0.4679407
c05,374,0,0,0.18979535
c05,375,0,0,0.3830579
c05,376,0,0,0.22284955
c05,377,0,0,0.27171382
c05,378,0,1,0.66972107
c05,379,0,1,0.79171646
c05,380,0,0,0.20825608
c05,381,0,0,0.13828497
c05,382,0,0,0.23497075
c05,383,0,0,0.49623308
c05,384,0,0,0.20835708
c05,385,1,0,0.46973068
c05,386,1,0,0.22184159
c05,387,0,1,0.67597675
c05,388,0,0,0.35391656
c05,389,0,0,0.24303298
c05,390,0,0,0.25623813
c05,391,0,0,0.30427825
c05,392,0,0,0.18339208
c05,393,0,0,0.41499016
c05,394,0,0,0.37952793
c05,395,0,0,0.35732013
c05,396,0,0,0.26347712
c05,397,0,0,0.3489002
c05,398,0,0,0.40036777
c05,399,0,0,0.18489492
c05,400,0,0,0.24830961
c05,401,0,1,0.5381574
c05,402,0,0,0.46042085
c05,403,0,0,0.17295665
c05,404,0,0,0.3322784
c05,405,0,0,0.11350299
c05,406,0,0,0.25851783
c05,407,0,0,0.41505966
c05,408,0,0,0.12363493
c05,409,0,0,0.23175037
c05,410,0,0,0.24227382
c05,411,0,0,0.096344784
c05,412,0,0,0.14878407
c05,413,0,0,0.13203968
c05,414,0,0,0.16792883
c05,415,0,0,0.20871653
c05,416,0,0,0.15669243
c05,417,0,0,0.132625
c05,418,0,0,0.3928676
c05,419,0,0,0.26314828
c05,420,0,0,0.25679758
c05,421,0,0,0.25194183
c05,422,0,0,0.4263973
c05,423,0,0,0.4440113
c05,424,0,0,0.22704355
c05,425,0,0,0.27421072
c05,426,0,0,0.3112553
c05,427,0,0,0.24509878
c05,428,0,0,0.32895568
c05,429,0,0,0.18658525
c05,430,0,0,0.16125804
c05,431,0,0,0.15269965
c05,432,0,0,0.24876785
c05,433,0,0,0.17586136
c05,434,0,0,0.4643806
c05,435,0,0,0.19978254
c05,436,0,0,0.14598332
c05,437,0,0,0.2657551
c05,438,0,0,0.22843723
c05,439,0,0,0.22963774
c05,440,0,0,0.32678244
c05,441,0,0,0.11139469
c05,442,0,0,0.17186251
c05,443,0,0,0.23172008
c05,444,0,0,0.17541191
c05,445,0,0,0.094222255
c05,446,0,0,0.17792833
c05,447,0,1,0.7860334
c05,448,0,0,0.27888414
c05,449,0,1,0.7424023
c05,450,0,0,0.27125898
c05,451,0,0,0.32356662
c05,452,0,0,0.15138315
c05,453,0,0,0.27874073
c05,454,0,0,0.118806005
c05,455,0,0,0.35079974
c05,456,0,0,0.21560445
c05,457,0,0,0.13485095
c05,458,0,0,0.1199744
c05,459,0,0,0.26785275
c05,460,0,0,0.16687901
c05,461,0,1,0.9222413
c05,462,0,1,0.7270669
c05,463,0,0,0.2955801
c05,464,0,0,0.45240805
c05,465,0,1,0.7351128
c06,1,0,1,0.83963853
c06,2,0,0,0.48433417
c06,3,0,0,0.0063223196
c06,4,0,0,0.013582335
c06,5,0,0,0.2720131
c06,6,0,1,0.62519515
c06,7,0,0,0.25926226
c06,8,0,0,0.16905865
c06,9,0,1,0.5686059
c06,10,0,0,0.19689895
c06,11,0,0,0.26257345
c06,12,0,0,0.48191315
c06,13,0,0,0.375083
c06,14,0,0,0.13904274
c06,15,0,0,0.11723553
c06,16,0,0,0.08792403
c06,17,0,0,0.16913562
c06,18,0,0,0.4910687
c06,19,0,0,0.12262994
c06,20,0,0,0.3670818
c06,21,0,0,0.38338748
c06,22,0,0,0.09694394
c06,23,0,0,0.121176176
c06,24,0,0,0.31391075
c06,25,0,0,0.26644078
c06,26,0,0,0.29758435
c06,27,0,0,0.4613172
c06,28,0,0,0.474867
c06,29,0,0,0.28562552
c06,30,0,0,0.29658285
c06,31,0,0,0.2677015
c06,32,0,0,0.2857105
c06,33,0,0,0.23580836
c06,34,0,0,0.29142764
c06,35,0,0,0.47790167
c06,36,0,0,0.1898949
c06,37,0,0,0.16847704
c06,38,0,0,0.19071758
c06,39,0,0,0.30514425
c06,40,0,0,0.12553285
c06,41,0,1,0.5683183
c06,42,0,0,0.21452357
c06,43,0,0,0.12639049
c06,44,0,0,0.12140063
c06,45,0,0,0.12393853
c06,46,0,0,0.14660414
c06,47,0,0,0.31556016
c06,48,0,0,0.33200234
c06,49,0,0,0.1648154
c06,50,0,0,0.3458991
c06,51,0,0,0.21069984
c06,52,0,0,0.2160832
c06,53,0,0,0.13656196
c06,54,0,0,0.15085143
c06,55,0,0,0.08731625
c06,56,0,0,0.13922144
c06,57,0,0,0.10857491
c06,58,0,0,0.48902616
c06,59,0,0,0.16849867
c06,60,0,0,0.13181809
c06,61,0,1,0.5594701
c06,62,0,0,0.19737229
c06,63,0,0,0.21702059
c06,64,0,0,0.17827936
c06,65,0,0,0.28395602
c06,66,0,0,0.10808089
c06,67,0,0,0.23800091
c06,68,0,1,0.9206631
c06,69,0,0,0.48398596
c06,70,0,1,0.60738695
c06,71,0,0,0.32010874
c06,72,0,0,0.2783122
c06,73,0,0,0.43880162
c06,74,0,0,0.15615349
c06,75,0,0,0.26882282
c06,76,0,0,0.1995414
c06,77,0,1,0.6205433
c06,78,0,0,0.36668408
c06,79,0,0,0.16894974
c06,80,0,0,0.4656799
c06,81,0,0,0.15292521
c06,82,0,0,0.2305281
c06,83,0,0,0.12082096
c06,84,0,0,0.20387389
c06,85,0,1,0.82116574
c06,86,0,0,0.17389691
c06,87,0,0,0.14564005
c06,88,0,0,0.16090138
c06,89,0,0,0.31982952
c06,90,0,0,0.2466116
c06,91,0,1,0.89987695
c06,92,0,1,0.89803606
c06,93,0,0,0.42067796
c06,94,0,0,0.16454028
c06,95,0,0,0.12292053
c06,96,0,0,0.1987862
c06,97,0,0,0.16416517
c06,98,0,0,0.22192407
c06,99,0,0,0.26212403
c06,100,0,0,0.12859577
c06,101,0,0,0.18542981
c06,102,0,0,0.14224781
c06,103,0,0,0.13839914
c06,104,0,0,0.12308345
c06,105,0,0,0.30459347
c06,106,0,0,0.11591468
c06,107,0,0,0.342422
c06,108,0,0,0.12904459
c06,109,0,0,0.15229711
c06,110,0,0,0.206924
c06,111,0,1,0.87263584
c06,112,0,1,0.90693265
c06,113,0,0,0.4942297
c06,114,0,1,0.7541919
c06,115,0,1,0.60042524
c06,116,0,0,0.18021427
c06,117,0,1,0.66081125
c06,118,0,0,0.20426
c06,119,0,0,0.397061
c06,120,0,0,0.1621219
c06,121,0,0,0.35492042
c06,122,0,0,0.2569452
c06,123,0,1,0.72285116
c06,124,0,0,0.28069687
c06,125,0,0,0.3276126
c06,126,0,0,0.49696735
c06,127,0,1,0.7247772
c06,128,0,1,0.6111649
c06,129,0,0,0.34586328
c06,130,0,0,0.4815911
c06,131,0,0,0.40463135
c06,132,0,0,0.48565274
c06,133,0,0,0.32160953
c06,134,0,0,0.389375
c06,135,0,0,0.43972674
c06,136,0,0,0.37530047
c06,137,0,1,0.6555413
c06,138,0,1,0.66684806
c06,139,0,1,0.60355276
c06,140,0,1,0.6889055
c06,141,0,0,0.3173262
c06,142,0,1,0.6221367
c06,143,0,0,0.24797364
c06,144,0,1,0.6579551
c06,145,0,0,0.42939433
c06,146,0,0,0.39435303
c06,147,0,1,0.6725864
c06,148,0,0,0.48351288
c06,149,0,1,0.63642216
c06,150,0,1,0.6499929
c06,151,0,1,0.5233669
c06,152,0,0,0.22638077
c06,153,0,0,0.3903826
c06,154,0,1,0.668505
c06,155,0,1,0.5796044
c06,156,0,0,0.44857773
c06,157,0,1,0.5192344
c06,158,0,0,0.213351
c06,159,0,0,0.33779374
c06,160,0,0,0.28463963
c06,161,0,0,0.16412126
c06,162,0,0,0.34762874
c06,163,0,0,0.41105434
c06,164,0,1,0.7805814
c06,165,0,0,0.4821415
c06,166,0,1,0.8557175
c06,167,0,0,0.44544312
c06,168,0,1,0.62007433
c06,169,0,0,0.40394437
c06,170,0,1,0.5466022
c06,171,0,0,0.25076565
c06,172,0,0,0.42640558
c06,173,0,0,0.14043261
c06,174,0,0,0.14014064
c06,175,0,0,0.12581411
c06,176,0,0,0.1879173
c06,177,0,0,0.114445485
c06,178,0,0,0.12469012
c06,179,0,0,0.11609366
c06,180,0,0,0.15925407
c06,181,0,0,0.10577925
c06,182,0,0,0.17962629
c06,183,0,0,0.18308723
c06,184,0,0,0.1547618
c06,185,0,0,0.27419388
c06,186,0,0,0.19521445
c06,187,0,0,0.147483
c06,188,0,0,0.168638
c06,189,0,0,0.20419249
c06,190,0,0,0.18330985
c06,191,0,0,0.37933782
c06,192,0,0,0.16944873
c06,193,0,0,0.12725262
c06,194,0,0,0.16590363
c06,195,0,1,0.53935695
c06,196,0,1,0.82755035
c06,197,0,0,0.35403168
c06,198,0,1,0.7202372
c06,199,0,1,0.6387694
c06,200,0,0,0.23345049
c06,201,0,0,0.23240587
c06,202,0,0,0.1459873
c06,203,0,0,0.20019235
c06,204,0,0,0.2480612
c06,205,0,0,0.31657413
c06,206,0,0,0.35064265
c06,207,0,1,0.69447887
c06,208,0,1,0.70887554
c06,209,0,0,0.1714278
c06,210,0,1,0.8132493
c06,211,0,1,0.50221896
c06,212,0,0,0.16064231
c06,213,0,0,0.11995996
c06,214,0,0,0.31577498
c06,215,0,0,0.398343
c06,216,0,1,0.6780032
c06,217,0,0,0.39921367
c06,218,0,0,0.25792298
c06,219,0,0,0.25340915
c06,220,0,1,0.6374551
c06,221,0,1,0.5555767
c06,222,0,0,0.1795898
c06,223,0,0,0.49764106
c06,224,0,1,0.55491656
c06,225,0,0,0.16439591
c06,226,0,0,0.2912474
c06,227,0,0,0.3010308
c06,228,0,0,0.13484056
c06,229,0,0,0.15789251
c06,230,0,0,0.44489637
c06,231,0,0,0.44124842
c06,232,0,0,0.13483934
c06,233,0,0,0.4709723
c06,234,0,0,0.33940047
c06,235,0,0,0.12558343
c06,236,0,0,0.15922026
c06,237,0,0,0.13911602
c06,238,0,0,0.22544959
c06,239,0,0,0.14038967
c06,240,0,0,0.10848763
c06,241,0,0,0.15568717
c06,242,0,0,0.23236284
c06,243,0,0,0.15611748
c06,244,0,0,0.15186098
c06,245,0,0,0.1226443
c06,246,0,0,0.16133887
c06,247,0,0,0.17883106
c06,248,0,0,0.10363033
c06,249,0,0,0.16727376
c06,250,0,0,0.1452019
c06,251,0,0,0.38307247
c06,252,0,0,0.21885
c06,253,0,0,0.16167614
c06,254,0,0,0.1537803
c06,255,0,0,0.2451632
c06,256,0,1,0.90701884
c06,257,0,1,0.89964294
c06,258,0,0,0.41528067
c06,259,0,1,0.50481516
c06,260,0,1,0.5362894
c06,261,0,0,0.3181469
c06,262,0,0,0.4063831
c06,263,0,0,0.14766043
c06,264,0,0,0.098804936
c06,265,0,0,0.14478095
c06,266,0,0,0.105666496
c06,267,0,0,0.15312067
c06,268,0,0,0.4600764
c06,269,0,0,0.26983517
c06,270,0,0,0.14497028
c06,271,0,0,0.21191978
c06,272,0,1,0.56825316
c06,273,0,0,0.26776823
c06,274,0,0,0.33818012
c06,275,0,0,0.29050452
c06,276,0,1,0.8070602
c06,277,0,1,0.8973299
c06,278,0,0,0.46547195
c06,279,0,1,0.53599244
c06,280,0,0,0.14951596
c06,281,0,0,0.21234728
c06,282,0,0,0.18706158
c06,283,0,0,0.45721382
c06,284,0,0,0.12519357
c06,285,0,1,0.8505923
c06,286,0,0,0.31335706
c06,287,0,0,0.15310857
c06,288,0,0,0.25740173
c06,289,0,0,0.19679321
c06,290,0,0,0.42782742
c06,291,0,0,0.18258803
c06,292,0,0,0.13386767
c06,293,0,0,0.16699526
c06,294,0,1,0.5182484
c06,295,0,1,0.50273585
c06,296,0,1,0.80007404
c06,297,0,0,0.13891463
c06,298,0,0,0.128485
c06,299,0,0,0.19305682
c06,300,0,0,0.22848569
c06,301,0,1,0.8979452
c06,302,0,0,0.13688774
c06,303,0,0,0.19324751
c06,304,0,0,0.20455405
c06,305,0,0,0.13721135
c06,306,0,0,0.1377896
c06,307,0,0,0.18906082
c06,308,0,0,0.11932689
c06,309,0,0,0.2878399
c06,310,0,0,0.14386156
c06,311,0,0,0.22508478
c06,312,0,0,0.12760215
c06,313,0,0,0.18314116
c06,314,0,0,0.23682097
c06,315,0,0,0.15433855
c06,316,0,1,0.55328745
c06,317,0,1,0.8145514
c06,318,0,1,0.62898123
c06,319,0,0,0.10712071
c06,320,0,0,0.48416254
c06,321,0,0,0.116434686
c06,322,0,0,0.2456861
c06,323,0,0,0.41883323
c06,324,0,0,0.26085415
c06,325,0,0,0.13450426
c06,326,0,0,0.12437324
c06,327,0,0,0.12059441
c06,328,0,0,0.38901836
c06,329,0,0,0.18735348
c06,330,0,0,0.3284659
c06,331,0,0,0.19598901
c06,332,0,0,0.13787203
c06,333,0,0,0.13383102
c06,334,0,0,0.08410123
c06,335,0,0,0.14204659
c06,336,0,0,0.29760277
c06,337,0,0,0.11760301
c06,338,0,0,0.28610814
c06,339,0,0,0.1059716
c06,340,0,0,0.118687116
c06,341,0,0,0.16883205
c06,342,0,0,0.24268165
c06,343,0,0,0.24613923
c06,344,0,0,0.15301031
c06,345,0,0,0.12090582
c06,346,0,0,0.13599457
c06,347,0,1,0.92489845
c06,348,0,1,0.9154629
c06,349,0,0,0.13439688
c06,350,0,0,0.11200995
c06,351,0,0,0.16482525
c06,352,0,0,0.46654168
c06,353,0,1,0.7191466
c06,354,0,1,0.58920175
c06,355,0,0,0.4202165
c06,356,0,1,0.5781788
c06,357,0,1,0.7659245
c06,358,0,1,0.5572338
c06,359,0,0,0.3314097
c06,360,0,0,0.32113686
c06,361,0,0,0.22948094
c06,362,0,0,0.49726436
c06,363,0,0,0.4627691
c06,364,0,1,0.5625481
c06,365,0,0,0.22331913
c06,366,0,0,0.3896424
c06,367,0,0,0.16546778
c06,368,0,0,0.34269172
c06,369,0,0,0.23886488
c06,370,0,0,0.28366697
c06,371,0,1,0.83681685
c06,372,0,1,0.5734597
c06,373,0,0,0.46290526
c06,374,0,0,0.21899709
c06,375,0,1,0.54476243
c06,376,0,0,0.30371872
c06,377,0,0,0.276943
c06,378,0,0,0.26650792
c06,379,0,0,0.43532336
c06,380,0,1,0.7887247
c06,381,0,0,0.3563339
c06,382,0,0,0.1880328
c06,383,0,0,0.22512332
c06,384,0,0,0.48209968
c06,385,0,0,0.24707814
c06,386,1,0,0.44289044
c06,387,0,1,0.70162773
c06,388,0,0,0.38507324
c06,389,0,0,0.35868222
c06,390,0,0,0.24030852
c06,391,0,0,0.14496729
c06,392,0,1,0.5826086
c06,393,0,0,0.19901589
c06,394,0,0,0.3791669
c06,395,0,1,0.5178031
c06,396,0,0,0.23128165
c06,397,0,0,0.24080664
c06,398,0,0,0.4585379
c06,399,0,0,0.461092
c06,400,0,0,0.17939758
c06,401,0,0,0.11949501
c06,402,0,1,0.5263746
c06,403,0,0,0.42638507
c06,404,0,0,0.21042357
c06,405,0,0,0.22015975
c06,406,0,0,0.25541317
c06,407,0,0,0.31703222
c06,408,0,1,0.60642046
c06,409,0,0,0.32353035
c06,410,0,0,0.16770309
c06,411,0,0,0.1602052
c06,412,0,0,0.084436044
c06,413,0,0,0.15562858
c06,414,0,0,0.15900719
c06,415,0,0,0.39314884
c06,416,0,0,0.29193258
c06,417,0,0,0.41929442
c06,418,0,0,0.26763657
c06,419,0,0,0.38888115
c06,420,0,0,0.2621037
c06,421,0,0,0.3751701
c06,422,0,0,0.31367904
c06,423,0,0,0.40482098
c06,424,0,0,0.37827343
c06,425,0,0,0.3788404
c06,426,0,0,0.3111945
c06,427,0,0,0.28201428
c06,428,0,0,0.29515
c06,429,0,0,0.2896965
c06,430,0,0,0.20023292
c06,431,0,0,0.23948066
c06,432,0,0,0.14365998
c06,433,0,0,0.3236118
c06,434,0,0,0.21285048
c06,435,0,0,0.17749622
c06,436,0,0,0.3934094
c06,437,0,0,0.18898077
c06,438,0,0,0.40849707
c06,439,0,0,0.15776369
c06,440,0,0,0.13955335
c06,441,0,0,0.17012583
c06,442,0,0,0.34427693
c06,443,0,0,0.16036256
c06,444,0,0,0.15774034
c06,445,0,0,0.27696604
c06,446,0,0,0.131305
c06,447,0,0,0.12801233
c06,448,0,1,0.85270983
c06,449,0,1,0.8525898
c06,450,0,1,0.6924525
c06,451,0,0,0.27253228
c06,452,0,0,0.3373268
c06,453,0,0,0.3628928
c06,454,0,0,0.26075557
c06,455,0,0,0.16630752
c06,456,0,0,0.3140402
c06,457,0,0,0.3421221
c06,458,0,0,0.13831778
c06,459,0,0,0.105250545
c06,460,0,0,0.10809665
c06,461,0,0,0.2417968
c06,462,0,0,0.14752766
c06,463,0,1,0.6281571
c06,464,0,1,0.61735135
c06,465,0,1,0.7108874
c06,466,0,1,0.6561032
c06,467,0,0,0.18768808
c07,1,0,0,0.2983067
c07,2,0,0,0.035385575
c07,3,0,1,0.57075214
c07,4,0,1,0.5354019
c07,5,0,0,0.27593115
c07,6,0,1,0.546097
c07,7,0,1,0.5522065
c07,8,0,0,0.41407725
c07,9,0,1,0.585169
c07,10,0,0,0.47823662
c07,11,0,0,0.25151962
c07,12,0,0,0.21750689
c07,13,0,0,0.17696863
c07,14,0,0,0.03406877
c07,15,0,0,0.025073359
c07,16,0,0,0.25972557
c07,17,0,0,0.29988456
c07,18,0,0,0.4840693
c07,19,0,1,0.53147835
c07,20,0,1,0.50356406
c07,21,0,1,0.57760745
c07,22,0,1,0.5142197
c07,23,0,0,0.23325549
c07,24,0,0,0.48294458
c07,25,0,0,0.3780993
c07,26,0,1,0.5507872
c07,27,0,0,0.44451255
c07,28,0,0,0.4674635
c07,29,0,0,0.44551238
c07,30,0,1,0.69513
c07,31,0,0,0.012555055
c07,32,0,0,0.31959394
c07,33,0,0,0.30259487
c07,34,0,0,0.37520224
c07,35,0,0,0.47205496
c07,36,0,0,0.42618614
c07,37,0,0,0.3355796
c07,38,0,0,0.282659
c07,39,0,0,0.44416648
c07,40,0,0,0.33100405
c07,41,0,0,0.34836906
c07,42,0,0,0.45668304
c07,43,0,1,0.5136924
c07,44,0,0,0.37507924
c07,45,0,0,0.39132175
c07,46,0,1,0.58278286
c07,47,0,0,0.4634376
c07,48,0,1,0.73765355
c07,49,0,1,0.5823247
c07,50,0,1,0.63391846
c07,51,0,1,0.6056336
c07,52,0,1,0.6430255
c07,53,0,1,0.62177366
c07,54,0,0,0.44339848
c07,55,0,1,0.65835834
c07,56,0,0,0.4087084
c07,57,0,1,0.67421305
c07,58,0,1,0.6003527
c07,59,0,0,0.16925982
c07,60,0,1,0.7167862
c07,61,0,1,0.7575562
c07,62,0,1,0.7348369
c07,63,0,1,0.6212739
c07,64,0,1,0.58470607
c07,65,0,1,0.79076445
c07,66,0,1,0.7218057
c07,67,0,1,0.57227993
c07,68,0,1,0.6383803
c07,69,0,1,0.69582456
c07,70,0,1,0.8086891
c07,71,0,1,0.6272043
c07,72,0,0,0.23690797
c07,73,0,0,0.28020898
c07,74,0,0,0.16765721
c07,75,0,0,0.2734672
c07,76,0,0,0.24047911
c07,77,0,0,0.1615021
c07,78,0,0,0.2216017
c07,79,0,1,0.60318244
c07,80,0,1,0.5279252
c07,81,0,0,0.18933947
c07,82,0,1,0.523043
c07,83,0,0,0.21710688
c07,84,0,1,0.50042975
c07,85,0,1,0.5240884
c07,86,0,1,0.698633
c07,87,0,1,0.69154245
c07,88,0,1,0.6097821
c07,89,0,1,0.76687264
c07,90,0,1,0.79338056
c07,91,0,1,0.7112289
c07,92,0,1,0.7545148
c07,93,0,1,0.76377136
c07,94,0,1,0.66539407
c07,95,0,1,0.7506783
c07,96,0,1,0.8208173
c07,97,0,1,0.7917147
c07,98,0,1,0.78231615
c07,99,0,1,0.6216983
c07,100,0,1,0.6696491
c07,101,0,0,0.36710635
c07,102,0,0,0.33869407
c07,103,0,1,0.79761
c07,104,0,0,0.4625904
c07,105,0,1,0.6506234
c07,106,0,0,0.37525696
c07,107,0,0,0.09865382
c07,108,0,0,0.27038717
c07,109,0,1,0.5240344
c07,110,0,1,0.62232953
c07,111,0,1,0.61015356
c07,112,0,0,0.2687211
c07,113,0,1,0.62800574
c07,114,0,1,0.6171711
c07,115,0,1,0.61380744
c07,116,0,1,0.6276066
c07,117,0,1,0.7860224
c07,118,0,1,0.59214056
c07,119,0,1,0.61502934
c07,120,0,1,0.70216143
c07,121,0,1,0.6247758
c07,122,0,1,0.737079
c07,123,0,0,0.42148328
c07,124,0,0,0.40984794
c07,125,0,1,0.7141913
c07,126,0,1,0.6404535
c07,127,0,1,0.5305974
c07,128,0,1,0.68606025
c07,129,0,1,0.5711989
c07,130,0,1,0.56678987
c07,131,0,1,0.53011143
c07,132,0,1,0.7553691
c07,133,0,1,0.75029016
c07,134,0,1,0.7191889
c07,135,0,1,0.6930409
c07,136,0,1,0.5644592
c07,137,0,1,0.75498307
c07,138,0,1,0.7901912
c07,139,0,1,0.7973202
c07,140,0,1,0.6583495
c07,141,0,1,0.81100106
c07,142,0,1,0.8163355
c07,143,0,1,0.6399495
c07,144,0,1,0.81026566
c07,145,0,1,0.63233346
c07,146,0,1,0.78814936
c07,147,0,1,0.5470233
c07,148,0,1,0.7467386
c07,149,0,0,0.1972173
c07,150,0,1,0.54390424
c07,151,0,1,0.6715452
c07,152,0,1,0.7058976
c07,153,0,0,0.45832115
c07,154,0,0,0.1557109
c07,155,0,1,0.5884101
c07,156,0,0,0.31458017
c07,157,0,0,0.15814744
c07,158,0,0,0.48264068
c07,159,0,1,0.56213546
c07,160,0,0,0.25594658
c07,161,0,0,0.23195505
c07,162,0,0,0.49494693
c07,163,0,0,0.1851313
c07,164,0,0,0.25903752
c07,165,0,0,0.37010983
c07,166,0,0,0.20373319
c07,167,0,0,0.38330436
c07,168,0,1,0.5788613
c07,169,0,0,0.26323572
c07,170,0,0,0.17977484
c07,171,0,0,0.14473563
c07,172,0,1,0.715407
c07,173,0,1,0.537461
c07,174,0,0,0.14907165
c07,175,0,0,0.1881844
c07,176,0,0,0.3239207
c07,177,0,0,0.38810605
c07,178,0,1,0.8315811
c07,179,0,1,0.79257387
c07,180,0,1,0.7716075
c07,181,0,1,0.70354253
c07,182,0,1,0.55011666
c07,183,0,0,0.11739094
c07,184,0,1,0.72987765
c07,185,0,1,0.53043616
c07,186,0,0,0.33630985
c07,187,0,1,0.6738527
c07,188,0,0,0.14211226
c07,189,0,0,0.15769747
c07,190,0,0,0.152669
c07,191,0,0,0.37787285
c07,192,0,0,0.21090154
c07,193,0,0,0.13331935
c07,194,0,1,0.602861
c07,195,0,1,0.80971783
c07,196,0,1,0.63894975
c07,197,0,1,0.56465644
c07,198,0,1,0.7802099
c07,199,0,1,0.67431587
c07,200,0,0,0.24559776
c07,201,0,1,0.7128466
c07,202,0,1,0.72722864
c07,203,0,1,0.5076922
c07,204,0,1,0.68959105
c07,205,0,1,0.62510556
c07,206,0,0,0.2940608
c07,207,0,0,0.30178276
c07,208,0,1,0.5423293
c07,209,0,0,0.35311684
c07,210,0,1,0.59348845
c07,211,0,1,0.52461845
c07,212,0,1,0.5928033
c07,213,0,1,0.6544795
c07,214,0,1,0.8701028
c07,215,0,1,0.5241086
c07,216,0,1,0.7152655
c07,217,0,1,0.6977036
c07,218,0,1,0.68103975
c07,219,0,0,0.26788974
c07,220,0,1,0.86044455
c07,221,0,1,0.7044711
c07,222,0,1,0.75612307
c07,223,0,1,0.75133246
c07,224,0,1,0.6779485
c07,225,0,0,0.46365523
c07,226,0,1,0.7660469
c07,227,1,0,0.3062644
c07,228,0,1,0.59934723
c07,229,0,0,0.37895584
c07,230,0,0,0.22153123
c07,231,0,0,0.21723312
c07,232,0,1,0.701729
c07,233,0,0,0.175764
c07,234,0,0,0.37714112
c07,235,0,0,0.11743735
c07,236,0,0,0.40814075
c07,237,0,0,0.3269433
c07,238,0,0,0.17490505
c07,239,0,0,0.2702283
c07,240,0,0,0.12132533
c07,241,0,0,0.12533848
c07,242,0,0,0.35650495
c07,243,0,1,0.6449947
c07,244,0,1,0.79351175
c07,245,0,0,0.32745045
c07,246,0,1,0.8025358
c07,247,0,1,0.7076882
c07,248,0,1,0.61081326
c07,249,0,0,0.25310212
c07,250,0,0,0.3884576
c07,251,0,0,0.32817397
c07,252,0,0,0.17725304
c07,253,0,0,0.45054615
c07,254,0,0,0.15555826
c07,255,0,0,0.40741032
c07,256,0,0,0.1885744
c07,257,0,1,0.6430869
c07,258,0,1,0.55385303
c07,259,0,1,0.5679715
c07,260,0,0,0.15716338
c07,261,0,0,0.43317354
c07,262,0,0,0.4258833
c07,263,0,0,0.18947458
c07,264,0,1,0.6202381
c07,265,0,0,0.21358141
c07,266,0,0,0.19715847
c07,267,0,0,0.44765463
c07,268,0,0,0.3376291
c07,269,0,0,0.17532939
c07,270,0,1,0.6108885
c07,271,0,1,0.6351138
c07,272,0,1,0.6459466
c07,273,0,1,0.64772445
c07,274,0,0,0.18835142
c07,275,0,0,0.2729342
c07,276,0,0,0.21039957
c07,277,0,0,0.22430566
c07,278,0,1,0.7985601
c07,279,0,0,0.24028547
c07,280,0,1,0.59950805
c07,281,0,1,0.6041466
c07,282,0,0,0.12815091
c07,283,0,0,0.24478261
c07,284,0,0,0.21749341
c07,285,0,0,0.15758923
c07,286,0,1,0.56277806
c07,287,0,0,0.1483773
c07,288,0,1,0.6902886
c07,289,0,0,0.48778242
c07,290,0,0,0.12869205
c07,291,0,0,0.36287153
c07,292,0,0,0.13503058
c07,293,0,0,0.15077452
c07,294,0,0,0.4415596
c07,295,0,1,0.65786165
c07,296,0,0,0.22202131
c07,297,0,1,0.5821971
c07,298,0,0,0.18872735
c07,299,0,0,0.29800066
c07,300,0,0,0.30854318
c07,301,0,0,0.2062008
c07,302,0,0,0.100564696
c07,303,0,0,0.13012503
c07,304,0,0,0.37321937
c07,305,0,1,0.67781264
c07,306,0,1,0.501436
c07,307,0,1,0.78289425
c07,308,0,1,0.62352777
c07,309,0,1,0.7941578
c07,310,0,1,0.7843856
c07,311,0,0,0.37840316
c07,312,0,1,0.78036106
c07,313,0,1,0.78155607
c07,314,0,1,0.864449
c07,315,0,1,0.76812536
c07,316,0,1,0.83140874
c07,317,0,1,0.83313316
c07,318,0,1,0.8390751
c07,319,0,0,0.36729538
c07,320,0,1,0.8142447
c07,321,0,1,0.7726535
c07,322,0,1,0.839183
c07,323,0,1,0.6959786
c07,324,0,0,0.40462425
c07,325,0,1,0.5349654
c07,326,0,1,0.7369622
c07,327,0,1,0.5186947
c07,328,0,1,0.53804535
c07,329,0,1,0.8218463
c07,330,0,1,0.78269976
c07,331,0,1,0.6043004
c07,332,0,1,0.7440884
c07,333,0,0,0.38036948
c07,334,0,1,0.7006842
c07,335,0,1,0.6602079
c07,336,0,1,0.7432415
c07,337,0,0,0.32327735
c07,338,0,1,0.80235463
c07,339,0,1,0.79744875
c07,340,0,1,0.86312354
c07,341,0,1,0.63417333
c07,342,0,0,0.3212236
c07,343,0,0,0.47123432
c07,344,0,1,0.84820443
c07,345,0,1,0.67624074
c07,346,0,1,0.7169889
c07,347,0,1,0.77732414
c07,348,0,1,0.81248856
c07,349,1,1,0.7303115
c07,350,0,1,0.5867692
c07,351,0,0,0.19396013
c07,352,0,1,0.6207628
c07,353,0,1,0.8428012
c07,354,0,1,0.72619367
c07,355,0,0,0.46760514
c07,356,0,0,0.42446518
c07,357,0,1,0.6413533
c07,358,0,1,0.7245352
c07,359,0,0,0.34610677
c07,360,0,1,0.5208569
c07,361,0,0,0.32191524
c07,362,0,0,0.1741061
c07,363,0,1,0.64501995
c07,364,0,0,0.26547745
c07,365,0,0,0.2054025
c07,366,0,0,0.35952044
c07,367,0,0,0.13601345
c07,368,0,0,0.13075885
c07,369,0,1,0.6243331
c07,370,0,0,0.22238371
c07,371,0,0,0.16962449
c07,372,0,0,0.1574293
c07,373,0,1,0.5478764
c07,374,0,1,0.56214935
c07,375,0,1,0.71548754
c07,376,0,1,0.51032054
c07,377,0,0,0.17331444
c07,378,0,0,0.122830175
c07,379,0,0,0.18746951
c07,380,0,0,0.1347734
c07,381,0,0,0.13317323
c07,382,0,0,0.25155774
c07,383,0,0,0.104466006
c07,384,0,0,0.3301118
c07,385,0,0,0.15836254
c07,386,0,0,0.20247161
c07,387,0,1,0.73979735
c07,388,0,1,0.69306165
c07,389,0,0,0.27793676
c07,390,0,0,0.3434498
c07,391,0,0,0.15664512
c07,392,0,1,0.52250487
c07,393,0,1,0.61866796
c07,394,0,0,0.32145327
c07,395,0,0,0.2415722
c07,396,0,1,0.5818692
c07,397,0,0,0.17314775
c07,398,0,0,0.22599493
c07,399,0,0,0.14666834
c07,400,0,0,0.4323062
c07,401,0,1,0.8294735
c07,402,1,1,0.78334117
c07,403,0,0,0.2998127
c07,404,0,1,0.7653655
c07,405,0,0,0.34278876
c07,406,0,1,0.8263291
c07,407,0,1,0.55330354
c07,408,0,0,0.21414736
c07,409,0,1,0.5802294
c07,410,0,1,0.753297
c07,411,0,1,0.7963149
c07,412,0,1,0.83621085
c07,413,0,1,0.7810859
c07,414,0,1,0.82728994
c07,415,0,1,0.6418298
c07,416,1,1,0.6219174
c07,417,0,0,0.44785342
c07,418,0,0,0.10161656
c07,419,0,1,0.61193144
c07,420,0,1,0.8114141
c07,421,0,1,0.79124004
c07,422,0,0,0.34823164
c07,423,0,1,0.6445492
c07,424,0,1,0.7228498
c07,425,0,0,0.47242957
c07,426,0,0,0.10084316
c07,427,0,0,0.39937034
c07,428,0,0,0.14624804
c08,1,0,0,0.1640875
c08,2,0,1,0.75926507
c08,3,0,1,0.7533087
c08,4,0,0,0.4113964
c08,5,0,1,0.6817674
c08,6,0,1,0.53021616
c08,7,0,0,0.08492805
c08,8,0,0,0.47924048
c08,9,0,0,0.08082219
c08,10,0,1,0.5717131
c08,11,0,0,0.1938695
c08,12,0,1,0.80434406
c08,13,0,1,0.81282187
c08,14,0,0,0.11317791
c08,15,0,1,0.65702695
c08,16,0,0,0.4710005
c08,17,0,0,0.27311197
c08,18,0,1,0.5026459
c08,19,0,0,0.2819747
c08,20,0,0,0.085713014
c08,21,0,1,0.75888246
c08,22,0,0,0.13328853
c08,23,0,0,0.07914476
c08,24,0,0,0.14425893
c08,25,0,0,0.0789362
c08,26,0,0,0.3337308
c08,27,0,1,0.60492057
c08,28,0,0,0.43733215
c08,29,0,0,0.33360502
c08,30,0,0,0.45950156
c08,31,0,0,0.44404554
c08,32,0,0,0.41162872
c08,33,0,0,0.3212706
c08,34,0,1,0.7235076
c08,35,0,1,0.6076876
c08,36,0,0,0.41848642
c08,37,0,0,0.031451773
c08,38,0,0,0.18208253
c08,39,0,0,0.48773977
c08,40,0,0,0.17433622
c08,41,0,0,0.34226644
c08,42,0,1,0.7704193
c08,43,0,0,0.3745043
c08,44,0,1,0.8726147
c08,45,0,0,0.38187033
c08,46,0,1,0.5202886
c08,47,0,0,0.13848846
c08,48,0,0,0.070075646
c08,49,0,0,0.14822645
c08,50,0,1,0.7195291
c08,51,0,1,0.8179553
c08,52,0,0,0.45631388
c08,53,0,0,0.102705814
c08,54,0,1,0.75703365
c08,55,0,1,0.7925337
c08,56,0,1,0.5271087
c08,57,0,0,0.306443
c08,58,0,1,0.74971396
c08,59,0,1,0.57977086
c08,60,0,1,0.6582506
c08,61,0,0,0.39399886
c08,62,0,0,0.2037491
c08,63,0,0,0.4200101
c08,64,0,0,0.1978151
c08,65,0,0,0.26702175
c08,66,0,0,0.4064802
c08,67,0,0,0.33686262
c08,68,0,0,0.40871015
c08,69,0,1,0.5730023
c08,70,0,1,0.75587285
c08,71,0,1,0.73773545
c08,72,0,1,0.6677556
c08,73,0,1,0.55544263
c08,74,0,1,0.7735837
c08,75,0,1,0.52448696
c08,76,0,1,0.768178
c08,77,0,1,0.57287633
c08,78,0,0,0.4926514
c08,79,0,0,0.44661552
c08,80,0,1,0.51339924
c08,81,0,1,0.50355774
c08,82,0,1,0.576263
c08,83,0,1,0.76367885
c08,84,0,0,0.22927465
c08,85,0,0,0.18072934
c08,86,0,0,0.1320176
c08,87,0,0,0.2689312
c08,88,0,1,0.81458753
c08,89,0,0,0.09096498
c08,90,0,1,0.91505486
c08,91,0,0,0.27722234
c08,92,0,1,0.8999651
c08,93,0,1,0.5938724
c08,94,0,0,0.19131291
c08,95,0,1,0.5419387
c08,96,0,0,0.17873995
c08,97,0,0,0.28713858
c08,98,0,0,0.23562835
c08,99,0,0,0.33203033
c08,100,0,0,0.41498175
c08,101,0,0,0.28651378
c08,102,0,0,0.29402864
c08,103,0,0,0.32130098
c08,104,0,0,0.17887221
c08,105,0,0,0.14631952
c08,106,0,0,0.18689443
c08,107,0,0,0.34948236
c08,108,0,0,0.4693835
c08,109,0,0,0.39309964
c08,110,0,0,0.260399
c08,111,0,0,0.20596392
c08,112,0,0,0.3306425
c08,113,0,0,0.34714746
c08,114,0,0,0.4247901
c08,115,0,1,0.78440243
c08,116,0,1,0.6382692
c08,117,0,0,0.4437797
c08,118,0,1,0.8126754
c08,119,0,1,0.77563953
c08,120,0,1,0.6236727
c08,121,0,0,0.2822758
c08,122,0,1,0.66253555
c08,123,0,0,0.2789413
c08,124,0,0,0.3350476
c08,125,0,0,0.41858748
c08,126,0,0,0.27904812
c08,127,0,1,0.86360526
c08,128,0,1,0.70715505
c08,129,0,0,0.46741354
c08,130,0,1,0.7644274
c08,131,0,0,0.12801209
c08,132,0,0,0.284912
c08,133,0,0,0.2524532
c08,134,0,0,0.22938612
c08,135,0,0,0.39575702
c08,136,0,1,0.5894806
c08,137,0,0,0.18288589
c08,138,0,0,0.1936148
c08,139,0,0,0.09711341
c08,140,0,0,0.14275299
c08,141,0,0,0.2507352
c08,142,0,0,0.10269241
c08,143,0,0,0.14242285
c08,144,0,0,0.18188588
c08,145,0,1,0.5371289
c08,146,0,1,0.7789262
c08,147,0,0,0.38490385
c08,148,0,0,0.2543981
c08,149,0,1,0.7548188
c08,150,0,0,0.31089458
c08,151,0,1,0.5592678
c08,152,0,1,0.5755332
c08,153,0,0,0.35321388
c08,154,0,0,0.40597826
c08,155,0,0,0.17248328
c08,156,0,0,0.38609537
c08,157,0,0,0.1967418
c08,158,0,0,0.4658875
c08,159,0,1,0.6705957
c08,160,0,0,0.307069
c08,161,0,1,0.62796843
c08,162,0,0,0.35876724
c08,163,0,1,0.60616165
c08,164,0,0,0.24055989
c08,165,0,1,0.6718045
c08,166,0,1,0.7372789
c08,167,0,0,0.23341331
c08,168,0,1,0.7961709
c08,169,0,0,0.45262513
c08,170,0,0,0.22398905
c08,171,0,0,0.36829266
c08,172,0,1,0.8574912
c08,173,0,0,0.47056037
c08,174,0,0,0.29431748
c08,175,0,0,0.2513513
c08,176,0,1,0.76298577
c08,177,0,1,0.6750715
c08,178,0,0,0.39815816
c08,179,0,1,0.72052866
c08,180,0,0,0.1830541
c08,181,0,0,0.2836614
c08,182,0,0,0.43542144
c08,183,0,0,0.31791514
c08,184,0,0,0.39405832
c08,185,0,0,0.34806398
c08,186,0,0,0.25159657
c08,187,0,0,0.16488239
c08,188,0,0,0.34099677
c08,189,0,0,0.29985794
c08,190,0,0,0.27923563
c08,191,0,0,0.305162
c08,192,0,0,0.24745928
c08,193,0,0,0.18171039
c08,194,0,0,0.13654429
c08,195,0,0,0.49895245
c08,196,0,0,0.21040252
c08,197,0,0,0.36955953
c08,198,0,0,0.23108685
c08,199,0,0,0.1836455
c08,200,0,0,0.19271001
c08,201,0,0,0.15374182
c08,202,0,0,0.20438197
c08,203,0,1,0.86574274
c08,204,0,1,0.7782875
c08,205,0,0,0.22430316
c08,206,0,0,0.35827526
c08,207,0,0,0.3098785
c08,208,0,0,0.29567844
c08,209,0,1,0.7909252
c08,210,0,1,0.58247226
c08,211,0,0,0.17945455
c08,212,0,0,0.36396655
c08,213,0,0,0.2884688
c08,214,0,0,0.19388199
c08,215,0,1,0.9502715
c08,216,0,1,0.859986
c08,217,0,1,0.86393565
c08,218,0,1,0.8645362
c08,219,0,0,0.32475352
c08,220,0,1,0.8212589
c08,221,0,0,0.14824072
c08,222,0,0,0.34345338
c08,223,0,1,0.6881488
c08,224,0,1,0.8390239
c08,225,0,1,0.5259505
c08,226,0,1,0.6326883
c08,227,0,1,0.7803129
c08,228,0,1,0.6910747
c08,229,0,1,0.8178769
c08,230,0,1,0.67341983
c08,231,0,1,0.8403895
c08,232,0,1,0.7583814
c08,233,0,0,0.40687466
c08,234,0,1,0.77183294
c08,235,0,1,0.8589105
c08,236,0,1,0.85578036
c08,237,0,0,0.17974015
c08,238,0,0,0.37463254
c08,239,0,1,0.8785955
c08,240,0,1,0.6585788
c08,241,0,1,0.7496573
c08,242,0,1,0.8274811
c08,243,0,0,0.35675594
c08,244,0,1,0.86902165
c08,245,0,0,0.4540717
c08,246,0,1,0.80336607
c08,247,0,0,0.12518845
c08,248,0,1,0.8720103
c08,249,0,0,0.24186869
c08,250,0,1,0.7536888
c08,251,0,1,0.8009754
c08,252,0,1,0.7710872
c08,253,0,1,0.9179196
c08,254,0,1,0.7483106
c08,255,0,1,0.50808495
c08,256,0,0,0.29340273
c08,257,0,0,0.4721677
c08,258,0,1,0.5223505
c08,259,0,1,0.8730974
c08,260,0,0,0.2925769
c08,261,0,1,0.8660578
c08,262,0,0,0.19556315
c08,263,0,1,0.7364425
c08,264,0,1,0.61694944
c08,265,0,0,0.14689563
c08,266,0,1,0.8814627
c08,267,0,1,0.72765124
c08,268,0,1,0.5795887
c08,269,0,1,0.6806368
c08,270,0,0,0.3082616
c08,271,0,0,0.3846717
c08,272,0,1,0.9098216
c08,273,0,0,0.43509284
c08,274,0,1,0.7314678
c08,275,0,1,0.84432435
c08,276,0,1,0.7369811
c08,277,0,1,0.76686543
c08,278,0,1,0.68915844
c08,279,0,1,0.8962293
c08,280,0,0,0.13132408
c08,281,0,0,0.2776725
c08,282,0,0,0.37958106
c08,283,0,1,0.6201799
c08,284,0,0,0.19197063
c08,285,0,1,0.6329708
c08,286,0,1,0.6971603
c08,287,0,1,0.6525796
c08,288,0,0,0.32096547
c08,289,0,0,0.25593084
c08,290,0,0,0.48382333
c08,291,0,0,0.264927
c08,292,0,0,0.2034583
c08,293,0,1,0.71089655
c08,294,0,0,0.21915802
c08,295,0,0,0.48742977
c08,296,0,1,0.7864898
c08,297,0,0,0.39586702
c08,298,0,0,0.4481324
c08,299,0,0,0.19671872
c08,300,0,0,0.44687954
c08,301,0,0,0.13164113
c08,302,0,0,0.16659024
c08,303,0,0,0.1076322
c08,304,0,1,0.7609587
c08,305,0,0,0.34981364
c08,306,0,0,0.14222944
c08,307,0,0,0.18227172
c08,308,0,0,0.26202247
c08,309,0,0,0.23830593
c08,310,0,1,0.62648964
c08,311,0,0,0.31438497
c08,312,0,0,0.3321181
c08,313,0,0,0.1928277
c08,314,0,0,0.3859935
c08,315,0,1,0.83066136
c08,316,0,1,0.6535764
c08,317,0,1,0.5417257
c08,318,0,0,0.33607912
c08,319,0,0,0.08675371
c08,320,0,0,0.259997
c08,321,0,1,0.657346
c08,322,0,0,0.18516131
c08,323,0,0,0.18658553
c08,324,0,0,0.24036297
c08,325,0,1,0.67764425
c08,326,0,0,0.22563823
c08,327,0,1,0.51093733
c08,328,0,0,0.34029037
c08,329,0,0,0.48031262
c08,330,0,0,0.22922646
c08,331,0,0,0.4265721
c08,332,0,0,0.20365496
c08,333,0,0,0.3442852
c08,334,0,0,0.47780916
c08,335,0,0,0.37830406
c08,336,0,0,0.23807985
c08,337,0,1,0.89944005
c08,338,0,1,0.9176235
c08,339,0,1,0.7396236
c08,340,0,1,0.56542957
c08,341,0,0,0.19363885
c08,342,0,0,0.48535568
c08,343,0,1,0.95543844
c08,344,0,0,0.3896599
c08,345,0,0,0.22773442
c08,346,0,0,0.25891882
c08,347,0,0,0.27009055
c08,348,0,0,0.08139945
c08,349,0,0,0.42199698
c08,350,0,1,0.5521818
c08,351,0,0,0.118248954
c08,352,0,0,0.08777738
c08,353,0,1,0.7965849
c08,354,0,0,0.15722796
c08,355,0,1,0.5758592
c08,356,0,0,0.2748675
c08,357,0,0,0.20669681
c08,358,0,0,0.24523948
c08,359,0,1,0.6782559
c08,360,0,0,0.34192622
c08,361,0,0,0.18264279
c08,362,0,0,0.155302
c08,363,0,0,0.3764747
c08,364,0,1,0.70209455
c08,365,0,1,0.89756256
c08,366,0,1,0.9041245
c08,367,0,0,0.12458186
c08,368,0,1,0.53116757
c08,369,0,1,0.6037345
c08,370,0,1,0.7603128
c08,371,0,1,0.85943395
c08,372,0,1,0.78298104
c08,373,0,1,0.7569087
c08,374,0,0,0.4476237
c08,375,0,0,0.3692122
c08,376,0,1,0.5518625
c08,377,0,1,0.7161873
c08,378,0,0,0.24667452
c08,379,0,1,0.8044964
c08,380,0,1,0.5486869
c08,381,0,0,0.38277912
c08,382,0,1,0.81270456
c08,383,0,1,0.80307215
c08,384,0,1,0.7965887
c08,385,0,1,0.89510983
c08,386,0,0,0.42372313
c08,387,0,1,0.606422
c08,388,0,1,0.55120873
c08,389,0,1,0.74124694
c08,390,0,1,0.7758262
c08,391,0,0,0.47564325
c08,392,0,0,0.4687293
c08,393,0,1,0.5690032
c08,394,0,0,0.3140906
c08,395,0,0,0.15055928
c08,396,0,0,0.15635267
c08,397,0,0,0.24180332
c08,398,0,0,0.13649717
c08,399,0,0,0.1821317
c08,400,0,0,0.09129274
c08,401,0,0,0.14406708
c08,402,0,0,0.13059267
c08,403,0,0,0.083337516
c08,404,0,0,0.18104117
c08,405,0,0,0.08191274
c08,406,0,0,0.061111975
c08,407,0,0,0.123847626
c08,408,0,1,0.9082446
c08,409,0,0,0.29993305
c08,410,0,0,0.094990425
c08,411,0,0,0.13397388
c08,412,0,0,0.061468262
c08,413,0,0,0.085831195
c08,414,0,0,0.06803567
c08,415,0,1,0.8217647
c08,416,0,0,0.1621698
c08,417,0,0,0.26749614
c08,418,0,1,0.50545824
c08,419,0,0,0.37538087
c08,420,0,0,0.11241147
c08,421,0,0,0.12298606
c08,422,0,0,0.2085627
c08,423,0,0,0.06267636
c08,424,0,0,0.08556137
c08,425,0,0,0.11663764
c08,426,0,0,0.15445948
c08,427,0,0,0.053754196
c08,428,0,0,0.085804515
c08,429,0,0,0.23814467
c08,430,0,0,0.16388771
c08,431,0,0,0.10725412
c08,432,0,0,0.16385156
c08,433,0,0,0.18913394
c08,434,0,0,0.06526125
c08,435,0,0,0.05165611
c08,436,0,0,0.26225725
c08,437,0,0,0.05160146
c08,438,0,1,0.83717024
c08,439,0,1,0.8004787
c08,440,0,0,0.21421027
c08,441,0,0,0.340602
c08,442,0,0,0.2479226
c08,443,0,0,0.18513393
c08,444,0,0,0.049861047
c08,445,0,0,0.07603269
c08,446,0,0,0.35255098
c08,447,0,0,0.21456598
c08,448,0,0,0.12900253
c08,449,0,0,0.2349611
c08,450,0,0,0.0726907
c08,451,0,0,0.30582774
c08,452,0,0,0.12698968
c08,453,0,0,0.18380031
c08,454,0,0,0.19220799
c08,455,0,0,0.23822474
c08,456,0,0,0.23550507
c08,457,0,1,0.54985017
c08,458,0,0,0.4715102
c08,459,0,0,0.11505585
c08,460,0,0,0.065610096
c08,461,0,0,0.047285262
c08,462,0,0,0.13753632
c08,463,0,0,0.03869802
c08,464,0,0,0.03107744
c08,465,0,0,0.15357877
c08,466,0,0,0.06621729
c08,467,0,0,0.041453943
c08,468,0,1,0.6017536
c08,469,0,1,0.6881338
c08,470,0,0,0.3831253
c08,471,0,1,0.6011683
c08,472,0,0,0.22904259
c08,473,0,0,0.37579215
c08,474,0,0,0.22819786
c08,475,0,1,0.88217896
c08,476,0,1,0.5550214
c08,477,0,1,0.8300224
c08,478,0,1,0.8695276
c08,479,0,1,0.5203021
c08,480,0,0,0.13396777
c08,481,0,0,0.21330753
c08,482,0,0,0.25526702
c08,483,0,0,0.10069016
c08,484,0,0,0.103570916
c08,485,0,1,0.7059048
c08,486,0,1,0.5998846
c08,487,0,0,0.3850296
c08,488,0,0,0.3950068
c08,489,0,0,0.19553436
c08,490,0,0,0.40024185
c08,491,0,0,0.27081636
c08,492,0,1,0.94325596
c08,493,0,0,0.023155471
c08,494,0,1,0.5415172
c08,495,0,1,0.67550427
c08,496,0,1,0.7259394
c08,497,0,1,0.59640014
c08,498,0,0,0.30413476
c08,499,0,1,0.7454554
c08,500,0,0,0.16026463
c08,501,0,1,0.59155566
c08,502,0,0,0.3963214
c08,503,0,1,0.52309334
c08,504,0,0,0.12354284
c08,505,0,1,0.82429445
c08,506,0,1,0.79363847
c08,507,0,0,0.46483198
c08,508,0,1,0.89074016
c08,509,0,1,0.8905467
c08,510,0,1,0.7610896
c08,511,0,1,0.6158303
c08,512,0,1,0.8436826
c09,13,0,1,0.76220936
c09,14,0,1,0.74830264
c09,15,0,0,0.4821016
c09,16,0,0,0.017983194
c09,17,0,1,0.52647007
c09,18,0,0,0.37124023
c09,19,0,0,0.48355266
c09,20,0,0,0.16751175
c09,21,0,1,0.51582825
c09,22,0,1,0.76851255
c09,23,0,1,0.6926518
c09,24,0,0,0.38636252
c09,25,0,1,0.7029546
c09,26,0,1,0.577706
c09,27,0,1,0.5209449
c09,28,0,1,0.7591083
c09,29,0,1,0.6202136
c09,30,0,1,0.7451144
c09,31,0,1,0.62504035
c09,32,1,1,0.71859795
c09,33,0,1,0.71324253
c09,34,0,1,0.59579194
c09,35,1,0,0.24391858
c09,36,0,0,0.2182115
c09,37,0,0,0.4753834
c09,38,0,1,0.6945997
c09,39,0,1,0.628865
c09,40,0,1,0.78905904
c09,41,0,0,0.40610614
c09,42,0,0,0.4085319
c09,43,0,0,0.13866508
c09,44,0,1,0.75994927
c09,45,0,1,0.550622
c09,46,0,0,0.3522662
c09,47,0,0,0.35183388
c09,48,0,1,0.54002947
c09,49,0,0,0.13510574
c09,50,0,0,0.49379712
c09,51,0,0,0.14089002
c09,52,0,1,0.6600966
c09,53,0,0,0.16049372
c09,54,0,0,0.2334441
c09,55,0,0,0.0807786
c09,56,0,0,0.13765715
c09,57,0,0,0.40933305
c09,58,0,0,0.18243307
c09,59,0,0,0.18250608
c09,60,0,0,0.10582153
c09,61,0,0,0.08553062
c09,62,0,1,0.7534102
c09,63,0,0,0.13753295
c09,64,0,0,0.15739131
c09,65,0,0,0.3896643
c09,66,0,1,0.84930056
c09,67,0,0,0.41376504
c09,68,0,0,0.3124632
c09,69,0,0,0.19913736
c09,70,0,0,0.16784959
c09,71,0,0,0.14375085
c09,72,0,0,0.37669381
c09,73,0,0,0.24306372
c09,74,0,0,0.13783558
c09,75,0,0,0.29327956
c09,76,0,1,0.80575454
c09,77,0,0,0.20512515
c09,78,0,0,0.3292938
c09,79,0,0,0.17892206
c09,80,0,1,0.7948293
c09,81,0,1,0.79308444
c09,82,0,0,0.1606302
c09,83,0,0,0.11839936
c09,84,0,0,0.082565054
c09,85,0,0,0.27828246
c09,86,0,0,0.2529974
c09,87,0,0,0.3036684
c09,88,0,0,0.14926293
c09,89,0,0,0.12845206
c09,90,0,0,0.1611978
c09,91,0,0,0.09625681
c09,92,0,1,0.61637473
c09,93,0,0,0.103726566
c09,94,0,1,0.832481
c09,95,0,0,0.14252302
c09,96,0,1,0.796015
c09,97,0,1,0.8637615
c09,98,0,1,0.7335318
c09,99,0,1,0.8291375
c09,100,0,0,0.1113693
c09,101,0,0,0.48289418
c09,102,0,1,0.6180186
c09,103,0,0,0.13729285
c09,104,0,0,0.10115697
c09,105,0,0,0.14357178
c09,106,0,1,0.7906799
c09,107,0,0,0.21043862
c09,108,0,1,0.5074375
c09,109,0,0,0.1669845
c09,110,0,0,0.23735154
c09,111,0,0,0.15733194
c09,112,0,0,0.15724027
c09,113,0,0,0.33239344
c09,114,0,0,0.30887502
c09,115,0,0,0.25527096
c09,116,0,0,0.19675155
c09,117,0,0,0.18171652
c09,118,0,0,0.11682442
c09,119,0,0,0.30921552
c09,120,0,0,0.25377107
c09,121,0,0,0.1821237
c09,122,0,1,0.6097652
c09,123,0,1,0.81288373
c09,124,0,0,0.14216585
c09,125,0,0,0.15691653
c09,126,0,0,0.2397433
c09,127,0,0,0.16473551
c09,128,0,0,0.12790899
c09,129,0,0,0.13497841
c09,130,0,0,0.1793206
c09,131,0,0,0.19448619
c09,132,0,0,0.13341832
c09,133,0,0,0.37676263
c09,134,0,0,0.18673429
c09,135,0,1,0.8012525
c09,136,0,1,0.56403565
c09,137,0,1,0.718427
c09,138,0,1,0.6695716
c09,139,0,0,0.17044316
c09,140,0,0,0.1475552
c09,141,0,0,0.13750076
c09,142,0,0,0.16369224
c09,143,0,0,0.16305482
c09,144,0,0,0.104493834
c09,145,0,0,0.1402841
c09,146,0,0,0.12834646
c09,147,0,0,0.12635756
c09,148,0,0,0.14402789
c09,149,0,0,0.118269436
c09,150,0,0,0.08611753
c09,151,0,0,0.11308432
c09,152,0,0,0.089779034
c09,153,0,0,0.07215213
c09,154,0,0,0.08957638
c09,155,0,0,0.10792399
c09,156,0,0,0.08317987
c09,157,0,0,0.2226026
c09,158,0,0,0.24541499
c09,159,0,0,0.07883695
c09,160,0,0,0.098662265
c09,161,0,0,0.07050862
c09,162,0,0,0.09396724
c09,163,0,0,0.10717625
c09,164,0,0,0.078894414
c09,165,0,0,0.08407589
c09,166,0,0,0.07628328
c09,167,0,0,0.075739965
c09,168,0,0,0.06965021
c09,169,0,0,0.10767637
c09,170,0,0,0.12934422
c09,171,0,0,0.18630037
c09,172,0,0,0.14535207
c09,173,0,1,0.8583689
c09,174,0,1,0.7135177
c09,175,0,0,0.23664978
c09,176,0,0,0.25743532
c09,177,0,0,0.28300807
c09,178,0,0,0.14174363
c09,179,0,0,0.24052866
c09,180,0,0,0.1167672
c09,181,0,0,0.094431944
c09,182,0,0,0.11644771
c09,183,0,0,0.10064613
c09,184,0,0,0.10162852
c09,185,0,1,0.6827281
c09,186,0,0,0.10912228
c09,187,0,0,0.2416273
c09,188,0,0,0.25222424
c09,189,0,0,0.16844055
c09,190,0,0,0.2245723
c09,191,0,0,0.3116817
c09,192,0,0,0.15352398
c09,193,0,0,0.09025914
c09,194,0,0,0.15443076
c09,195,0,1,0.8752312
c09,196,0,1,0.8670445
c09,197,0,1,0.74333185
c09,198,0,1,0.7142043
c09,199,0,0,0.24754883
c09,200,0,0,0.40593144
c09,201,0,1,0.5673674
c09,202,0,0,0.15797997
c09,203,0,0,0.334147
c09,204,0,0,0.38171938
c09,205,0,0,0.1998153
c09,206,0,0,0.4533043
c09,207,0,1,0.8427669
c09,208,0,1,0.820046
c09,209,0,1,0.84986806
c09,210,0,0,0.32737324
c09,211,0,1,0.65469843
c09,212,0,1,0.6396054
c09,213,0,0,0.2870566
c09,214,0,0,0.3080393
c09,215,0,1,0.66155744
c09,216,0,1,0.5524422
c09,217,0,0,0.2459671
c09,218,0,0,0.41663098
c09,219,0,0,0.2622005
c09,220,0,0,0.082189105
c09,221,0,0,0.13494474
c09,222,0,0,0.15137345
c09,223,0,0,0.13452747
c09,224,0,1,0.8318849
c09,225,0,1,0.87424535
c09,226,0,0,0.21782857
c09,227,0,0,0.10705212
c09,228,0,0,0.14587323
c09,229,0,0,0.118485585
c09,230,0,0,0.104866564
c09,231,0,0,0.07535093
c09,232,0,0,0.24522434
c09,233,0,0,0.28017098
c09,234,0,0,0.10311085
c09,235,0,0,0.08662299
c09,236,0,0,0.086521916
c09,237,0,0,0.10241592
c09,238,0,0,0.074080564
c09,239,0,0,0.11815929
c09,240,0,0,0.10132291
c09,241,0,0,0.08607168
c09,242,0,0,0.07869695
c09,243,0,0,0.124051906
c09,244,0,0,0.124057084
c09,245,0,0,0.072520934
c09,246,0,0,0.07561208
c09,247,0,0,0.08625926
c09,248,0,0,0.065523624
c09,249,0,0,0.09831555
c09,250,0,0,0.11937819
c09,251,0,0,0.07863294
c09,252,0,0,0.13970384
c09,253,0,0,0.07728713
c09,254,0,0,0.1642562
c09,255,0,0,0.2008595
c09,256,0,0,0.1233217
c09,257,0,0,0.10242998
c09,258,0,0,0.06344416
c09,259,0,0,0.12960722
c09,260,0,0,0.08885654
c09,261,0,0,0.10031261
c09,262,0,0,0.11040081
c09,263,0,0,0.096043706
c09,264,0,0,0.071557134
c09,265,0,0,0.0848983
c09,266,0,0,0.11187453
c09,267,0,1,0.88900495
c09,268,0,1,0.775115
c09,269,0,1,0.7568062
c09,270,0,0,0.149768
c09,271,0,0,0.15112124
c09,272,0,0,0.21973836
c09,273,0,0,0.3505494
c09,274,0,0,0.19326553
c09,275,0,0,0.4454814
c09,276,0,0,0.19890161
c09,277,0,0,0.0969939
c09,278,0,0,0.13637608
c09,279,0,0,0.1721958
c09,280,0,0,0.16712905
c09,281,0,0,0.13823695
c09,282,0,0,0.17396837
c09,283,0,0,0.10788719
c09,284,0,0,0.09953238
c09,285,0,0,0.09753449
c09,286,0,0,0.11447519
c09,287,0,0,0.1439567
c09,288,0,0,0.123900324
c09,289,0,0,0.14351688
c09,290,0,0,0.12848201
c09,291,0,0,0.117777586
c09,292,0,0,0.12599444
c09,293,0,0,0.08108609
c09,294,0,0,0.1294325
c09,295,0,0,0.1232682
c09,296,0,0,0.114681505
c09,297,0,0,0.27601936
c09,298,0,0,0.12301538
c09,299,0,0,0.13926327
c09,300,0,0,0.16191716
c09,301,0,0,0.20741296
c09,302,0,0,0.14758456
c09,303,0,0,0.100207165
c09,304,0,0,0.11109449
c09,305,0,0,0.18034355
c09,306,0,0,0.44012195
c09,307,0,1,0.749179
c09,308,0,0,0.49759513
c09,309,0,0,0.09707263
c09,310,0,0,0.30188844
c09,311,0,1,0.7351405
c09,312,0,1,0.7461639
c09,313,0,0,0.13494651
c09,314,0,0,0.21582876
c09,315,0,1,0.88537455
c09,316,0,1,0.71727264
c09,317,0,0,0.3800077
c09,318,0,0,0.11628888
c09,319,0,0,0.17030028
c09,320,0,0,0.08433138
c09,321,0,0,0.15758456
c09,322,0,0,0.14927915
c09,323,0,0,0.13970013
c09,324,0,1,0.6410971
c09,325,0,0,0.145374
c09,326,0,0,0.16055737
c09,327,0,0,0.14235221
c09,328,0,0,0.13613915
c09,329,0,0,0.14089473
c09,330,0,0,0.10906145
c09,331,0,0,0.10801618
c09,332,0,0,0.10677538
c09,333,0,0,0.07538192
c09,334,0,0,0.08894846
c09,335,0,0,0.12186488
c09,336,0,0,0.11166441
c09,337,0,0,0.093302734
c09,338,0,0,0.07763153
c09,339,0,0,0.09302192
c09,340,0,0,0.07344186
c09,341,0,0,0.086765125
c09,342,0,0,0.09460093
c09,343,0,0,0.098271556
c09,344,0,0,0.1523377
c09,345,0,0,0.09903309
c09,346,0,0,0.13678026
c09,347,0,0,0.13353036
c09,348,0,0,0.08654114
c09,349,0,0,0.11872208
c09,350,0,0,0.14018074
c09,351,0,0,0.21129996
c09,352,0,0,0.090924464
c09,353,0,0,0.097212024
c09,354,0,0,0.086027876
c09,355,0,0,0.12526377
c09,356,0,0,0.09817839
c09,357,0,0,0.11707931
c09,358,0,0,0.11665844
c09,359,0,0,0.20848086
c09,360,0,0,0.15830329
c09,361,0,0,0.13111612
c09,362,0,0,0.08897833
c09,363,0,0,0.10525178
c09,364,0,0,0.107821606
c09,365,0,0,0.12810063
c09,366,0,0,0.10676124
c09,367,0,0,0.27283046
c09,368,0,1,0.6151987
c09,369,0,1,0.6492139
c09,370,0,1,0.83686346
c09,371,0,0,0.24560861
c09,372,0,0,0.33931035
c09,373,0,0,0.29020408
c09,374,0,0,0.36350352
c09,375,0,1,0.73969847
c09,376,0,1,0.8856765
c09,377,0,1,0.70766366
c09,378,0,0,0.35728052
c09,379,0,0,0.32442766
c09,380,0,0,0.41550305
c09,381,0,0,0.27084747
c09,382,0,0,0.21106493
c09,383,0,0,0.42127407
c09,384,0,0,0.3780162
c09,385,0,0,0.24590291
c09,386,0,0,0.3702121
c09,387,0,0,0.477788
c09,388,0,1,0.66440535
c09,389,0,0,0.31779537
c09,390,0,1,0.5457616
c09,391,0,1,0.64235944
c09,392,0,0,0.27893332
c09,393,0,0,0.26712063
c09,394,0,1,0.6228432
c09,395,0,1,0.5062113
c09,396,0,1,0.7667522
c09,397,0,1,0.9060256
c09,398,0,1,0.5075759
c09,399,0,1,0.51264125
c09,400,0,0,0.4918808
c09,401,0,1,0.62419295
c09,402,0,0,0.47532704
c09,403,0,0,0.4664121
c09,404,0,1,0.50254226
c09,405,0,0,0.39532995
c09,406,0,0,0.42682225
c09,407,0,0,0.42153046
c09,408,0,0,0.4139216
c09,409,0,1,0.5327105
c09,410,0,1,0.55454874
c09,411,0,0,0.38129994
c09,412,0,1,0.53984046
c09,413,0,1,0.5139251
c09,414,0,0,0.43574134
c09,415,0,0,0.4414714
c09,416,0,0,0.44132775
c09,417,0,0,0.34921688
c09,418,0,0,0.4952307
c09,419,0,0,0.36896613
c09,420,0,0,0.4237491
c09,421,0,0,0.4055866
c09,422,0,0,0.44338506
c09,423,0,0,0.36025187
c09,424,0,0,0.424488
c09,425,0,0,0.38191748
c09,426,0,0,0.4187196
c09,427,0,0,0.27737787
c09,428,0,0,0.34495786
c09,429,0,0,0.43649665
c09,430,0,0,0.3564704
c09,431,0,1,0.5125141
c09,432,0,0,0.43475193
c09,433,0,0,0.337533
c09,434,0,0,0.35887462
c09,435,0,0,0.46161038
c09,436,0,0,0.4973505
c09,437,0,1,0.65066355
c09,438,0,0,0.40532923
c09,439,0,0,0.34542048
c09,440,0,1,0.8879212
c09,441,0,0,0.35143942
c09,442,0,1,0.80090386
c09,443,0,1,0.73565614
c09,444,0,0,0.11380008
c09,445,0,0,0.15816668
c09,446,0,1,0.5629787
c09,447,0,1,0.7214289
c09,448,0,1,0.81915635
c09,449,0,0,0.11184937
c09,450,0,0,0.13993104
c09,451,0,0,0.09898808
c09,452,0,1,0.8405666
c09,453,0,1,0.8381363
c09,454,0,0,0.30949128
c09,455,0,1,0.6509797
c09,456,0,1,0.85070485
c09,457,0,1,0.7039336
c09,458,0,0,0.29924184
c09,459,0,0,0.28981632
c09,460,0,1,0.88827944
c09,461,0,0,0.2939468
c09,462,0,0,0.43391672
c09,463,0,1,0.75084585
c09,464,0,1,0.6664062
c09,465,0,1,0.80947345
c09,466,0,0,0.43917832
c09,467,0,1,0.53745353
c10,5,0,0,0.0912969
c10,9,0,0,0.0006423092
c10,10,0,0,3.402751e-12
c10,11,0,0,0.18340507
c10,12,0,0,0.43004176
c10,13,0,0,0.31802943
c10,14,0,0,0.11494218
c10,15,0,1,0.8026861
c10,16,0,1,0.56644046
c10,17,0,1,0.6009696
c10,18,0,1,0.55299634
c10,19,0,1,0.53213114
c10,20,0,1,0.78929245
c10,21,0,0,0.21462268
c10,22,0,0,0.47654524
c10,23,0,1,0.5729258
c10,24,0,0,0.42800194
c10,25,0,1,0.72841054
c10,26,0,1,0.5246791
c10,27,0,0,0.45133412
c10,28,0,1,0.56835115
c10,29,0,1,0.6479447
c10,30,0,0,0.11509094
c10,31,0,1,0.60847753
c10,32,0,1,0.77519053
c10,33,0,1,0.71854687
c10,34,0,1,0.5535917
c10,35,0,1,0.64063126
c10,36,0,0,0.48040614
c10,37,0,0,0.2790259
c10,38,0,0,0.20003317
c10,39,0,1,0.74409366
c10,40,0,0,0.432105
c10,41,0,0,0.21500239
c10,42,0,0,0.18528156
c10,43,0,0,0.13937943
c10,44,0,1,0.82636714
c10,45,0,0,0.37581265
c10,46,0,0,0.30552518
c10,47,0,0,0.20611936
c10,48,0,1,0.6821818
c10,49,0,0,0.28767028
c10,50,0,0,0.32316375
c10,51,0,0,0.36131567
c10,52,0,0,0.27597684
c10,53,0,0,0.17985126
c10,54,0,0,0.2896026
c10,55,0,0,0.18624637
c10,56,0,0,0.30907083
c10,57,0,1,0.5585923
c10,58,0,0,0.2504347
c10,59,0,0,0.17447981
c10,60,0,0,0.22733225
c10,61,0,1,0.78272986
c10,62,0,0,0.48589006
c10,63,0,0,0.3533635
c10,64,0,0,0.16716781
c10,65,0,0,0.16484065
c10,66,0,0,0.239576
c10,67,0,0,0.29754627
c10,68,0,0,0.18606871
c10,69,0,0,0.36749306
c10,70,0,1,0.55279535
c10,71,0,1,0.811627
c10,72,0,1,0.816927
c10,73,0,0,0.49177474
c10,74,0,0,0.23076859
c10,75,0,0,0.46692166
c10,76,0,1,0.53246224
c10,77,0,0,0.27094018
c10,78,0,0,0.4887197
c10,79,0,0,0.4207569
c10,80,0,0,0.30926102
c10,81,0,0,0.21044879
c10,82,0,0,0.35213816
c10,83,0,0,0.189365
c10,84,0,0,0.42855072
c10,85,0,0,0.45616472
c10,86,0,0,0.3688618
c10,87,0,0,0.21556383
c10,88,0,0,0.271513
c10,89,0,0,0.30100003
c10,90,0,1,0.93363595
c10,91,0,1,0.78932637
c10,92,0,1,0.672373
c10,93,0,1,0.87650657
c10,94,0,1,0.8973482
c10,95,0,1,0.85831773
c10,96,0,0,0.083840854
c10,97,0,1,0.7737103
c10,98,0,1,0.8090984
c10,99,0,0,0.1646437
c10,100,0,0,0.18324086
c10,101,0,1,0.681231
c10,102,0,1,0.78290457
c10,103,0,0,0.1458076
c10,104,0,1,0.651173
c10,105,0,0,0.32472268
c10,106,0,0,0.17824326
c10,107,0,1,0.6640283
c10,108,0,1,0.83768696
c10,109,0,1,0.9136499
c10,110,0,1,0.8260337
c10,111,0,0,0.29039928
c10,112,0,0,0.3585736
c10,113,0,0,0.08553502
c10,114,0,1,0.70018923
c10,115,0,1,0.54014593
c10,116,0,0,0.24195717
c10,117,0,0,0.11644934
c10,118,0,0,0.16617687
c10,119,0,0,0.47645706
c10,120,0,0,0.1244581
c10,121,0,0,0.1388436
c10,122,0,0,0.10262356
c10,123,0,0,0.16589911
c10,124,0,0,0.16714728
c10,125,0,1,0.7916916
c10,126,0,0,0.37820253
c10,127,0,0,0.11279491
c10,128,0,0,0.07702449
c10,129,0,0,0.08298183
c10,130,0,0,0.12027809
c10,131,0,0,0.076662
c10,132,0,0,0.13470678
c10,133,0,0,0.1295974
c10,134,0,0,0.33706403
c10,135,0,0,0.095530264
c10,136,0,0,0.14378223
c10,137,0,0,0.14427401
c10,138,0,0,0.08247019
c10,139,0,0,0.093627416
c10,140,0,0,0.11019579
c10,141,0,0,0.12316187
c10,142,0,0,0.07619374
c10,143,0,0,0.15372567
c10,144,0,0,0.11483575
c10,145,0,0,0.080898516
c10,146,0,0,0.12926008
c10,147,0,1,0.86675507
c10,148,0,1,0.56650126
c10,149,0,1,0.867743
c10,150,0,1,0.8565576
c10,151,0,0,0.13827705
c10,152,0,0,0.09791905
c10,153,0,0,0.06844097
c10,154,0,0,0.16594309
c10,155,0,0,0.16756636
c10,156,0,0,0.11050305
c10,157,0,0,0.099559195
c10,158,0,0,0.11689361
c10,159,0,0,0.1693613
c10,160,0,0,0.12491649
c10,161,0,0,0.0641573
c10,162,0,0,0.05902291
c10,163,0,0,0.0726939
c10,164,0,0,0.4703765
c10,165,0,0,0.30155605
c10,166,0,0,0.10978765
c10,167,0,0,0.12524377
c10,168,0,0,0.079648174
c10,169,0,0,0.07490877
c10,170,0,0,0.17335822
c10,171,0,0,0.09662231
c10,172,0,0,0.08593633
c10,173,0,0,0.06533829
c10,174,0,0,0.06385874
c10,175,0,0,0.06755287
c10,176,0,0,0.081020996
c10,177,0,0,0.069751754
c10,178,0,0,0.48944113
c10,179,0,1,0.89075625
c10,180,0,1,0.8918588
c10,181,0,0,0.04701823
c10,182,0,0,0.20501527
c10,183,0,0,0.09903126
c10,184,0,1,0.56328374
c10,185,0,0,0.1329829
c10,186,0,0,0.06994072
c10,187,0,0,0.13567364
c10,188,0,0,0.08308817
c10,189,0,0,0.21923243
c10,190,0,0,0.09946457
c10,191,0,0,0.08284381
c10,192,0,0,0.075972684
c10,193,0,0,0.12625799
c10,194,0,1,0.6796231
c10,195,0,1,0.89425033
c10,196,0,1,0.85389733
c10,197,0,1,0.70446813
c10,198,0,0,0.13874468
c10,199,0,0,0.08356883
c10,200,0,0,0.0642194
c10,201,0,0,0.09025977
c10,202,0,0,0.11345889
c10,203,0,0,0.06806626
c10,204,0,0,0.08117018
c10,205,0,0,0.051663473
c10,206,0,0,0.14568715
c10,207,0,0,0.103524536
c10,208,0,0,0.14477877
c10,209,0,0,0.07151001
c10,210,0,1,0.8768511
c10,211,0,1,0.90899354
c10,212,0,0,0.1324259
c10,213,0,0,0.45880896
c10,214,0,0,0.10284663
c10,215,0,1,0.7250507
c10,216,0,0,0.11465017
c10,217,0,0,0.4614556
c10,218,0,0,0.21806556
c10,219,0,1,0.8256632
c10,220,0,0,0.2675326
c10,221,0,0,0.2979657
c10,222,0,1,0.7941689
c10,223,0,0,0.22557949
c10,224,0,1,0.74255687
c10,225,0,1,0.75534344
c10,226,0,0,0.30548322
c10,227,0,1,0.65841776
c10,228,0,1,0.8435004
c10,229,0,0,0.30046052
c10,230,0,0,0.10397529
c10,231,0,0,0.4756467
c10,232,0,1,0.84185326
c10,233,0,1,0.57919407
c10,234,0,0,0.19536927
c10,235,0,1,0.9315158
c10,236,0,1,0.6653512
c10,237,0,1,0.5791525
c10,238,0,1,0.5446872
c10,239,0,0,0.20318499
c10,240,0,0,0.27460054
c10,241,0,0,0.49131477
c10,242,0,1,0.5725857
c10,243,0,1,0.75183177
c10,244,0,0,0.19845092
c10,245,0,0,0.42275116
c10,246,0,0,0.13511273
c10,247,0,1,0.7723863
c10,248,0,0,0.09069647
c10,249,0,0,0.22472379
c10,250,0,0,0.17937319
c10,251,0,0,0.10209356
c10,252,0,1,0.5172615
c10,253,0,0,0.18516782
c10,254,0,1,0.8067051
c10,255,0,1,0.5565031
c10,256,0,1,0.6169403
c10,257,1,0,0.48961556
c10,258,0,0,0.12938215
c10,259,0,0,0.1707999
c10,260,0,0,0.18312815
c10,261,0,1,0.6995679
c10,262,0,0,0.16846615
c10,263,0,1,0.56311274
c10,264,0,1,0.7380067
c10,265,0,1,0.6856259
c10,266,0,0,0.2518806
c10,267,0,0,0.29066646
c10,268,0,0,0.12118307
c10,269,0,1,0.8534557
c10,270,0,1,0.7875833
c10,271,0,1,0.6183895
c10,272,0,1,0.5011957
c10,273,0,1,0.77202076
c10,274,0,0,0.49836197
c10,275,0,1,0.7951906
c10,276,0,1,0.6940356
c10,277,0,1,0.7622164
c10,278,0,1,0.6341243
c10,279,0,0,0.4363097
c10,280,0,1,0.5460503
c10,281,0,0,0.24556504
c10,282,0,0,0.34832844
c10,283,0,1,0.7303848
c10,284,0,1,0.82447803
c10,285,0,0,0.49091187
c10,286,0,1,0.6751077
c10,287,0,0,0.33963
c10,288,0,0,0.3805768
c10,289,0,0,0.46422982
c10,290,0,0,0.26813602
c10,291,0,0,0.17202544
c10,292,0,0,0.1755767
c10,293,0,0,0.25889897
c10,294,0,0,0.16311155
c10,295,0,0,0.12444207
c10,296,0,0,0.17329402
c10,297,0,0,0.39447173
c10,298,0,0,0.19594392
c10,299,0,0,0.2111313
c10,300,0,0,0.20964564
c10,301,0,0,0.37702698
c10,302,0,0,0.26317912
c10,303,0,0,0.43223867
c10,304,0,0,0.13175121
c10,305,0,0,0.42387807
c10,306,0,1,0.5725159
c10,307,0,0,0.29275253
c10,308,0,0,0.39371765
c10,309,0,1,0.5305734
c10,310,0,0,0.18504596
c10,311,0,0,0.22568722
c10,312,0,0,0.24992736
c10,313,0,1,0.5735305
c10,314,0,0,0.37745428
c10,315,0,1,0.8872654
c10,316,0,1,0.5708509
c10,317,0,0,0.07105118
c10,318,0,0,0.112912335
c10,319,0,0,0.30119264
c10,320,0,0,0.2506023
c10,321,0,0,0.38370395
c10,322,0,1,0.8960766
c10,323,0,0,0.11891216
c10,324,0,0,0.22421941
c10,325,0,0,0.15063615
c10,326,0,1,0.85830605
c10,327,0,1,0.50741726
c10,328,0,1,0.5483778
c10,329,0,0,0.1067927
c10,330,0,0,0.11771895
c10,331,0,1,0.92959934
c10,332,0,1,0.8859881
c10,333,0,0,0.1826252
c10,334,0,1,0.5423008
c10,335,0,1,0.7849374
c10,336,0,1,0.66816705
c10,337,0,0,0.113807105
c10,338,0,0,0.31202868
c10,339,0,1,0.8588464
c10,340,0,0,0.44265908
c10,341,0,1,0.94079614
c10,342,0,0,0.12927693
c10,343,0,0,0.48325038
c10,344,0,0,0.06769843
c10,345,0,1,0.60977113
c10,346,0,0,0.46029493
c10,347,0,1,0.91970205
c10,348,0,1,0.79407513
c10,349,0,1,0.7598877
c10,350,0,1,0.7076648
c10,351,0,1,0.7834348
c10,352,0,1,0.82567006
c10,353,0,1,0.7773286
c10,354,0,1,0.88157225
c10,355,0,1,0.8331218
c10,356,0,1,0.6290088
c10,357,0,1,0.8693977
c10,358,0,1,0.8415433
c10,359,0,1,0.8530885
c10,360,0,1,0.5122274
c10,361,0,0,0.44607404
c10,362,0,1,0.81524366
c10,363,0,1,0.70438814
c10,364,0,0,0.394976
c10,365,0,0,0.16871113
c10,366,0,1,0.7819183
c10,367,0,1,0.7302055
c10,368,0,1,0.6107108
c10,369,0,1,0.7001131
c10,370,0,1,0.51800287
c10,371,0,0,0.36150047
c10,372,0,0,0.2922069
c10,373,0,1,0.8047756
c10,374,0,1,0.5409804
c10,375,0,0,0.17303006
c10,376,0,0,0.13622661
c10,377,0,0,0.09563732
c10,378,0,0,0.10868834
c10,379,0,1,0.85072374
c10,380,0,0,0.4356133
c10,381,0,0,0.21867739
c10,382,0,0,0.0928102
c10,383,0,0,0.18166068
c10,384,0,0,0.12063556
c10,385,0,0,0.4185314
c10,386,0,0,0.24816261
c10,387,0,0,0.25571057
c10,388,0,0,0.46463764
c10,389,0,1,0.62175274
c10,390,0,0,0.4367047
c10,391,0,1,0.51121616
c10,392,0,0,0.3445895
c10,393,0,0,0.46118474
c10,394,0,1,0.793014
c10,395,0,0,0.21776497
c10,396,0,0,0.25914332
c10,397,0,0,0.12916745
c10,398,0,0,0.44297123
c10,399,0,0,0.39702213
c10,400,0,0,0.1941123
c10,401,0,0,0.15082178
c10,402,0,0,0.19272725
c10,403,0,0,0.08129036
c10,404,0,0,0.363589
c10,405,0,0,0.35174772
c10,406,0,0,0.11080931
c10,407,0,0,0.3028865
c10,408,0,1,0.8739438
c10,409,0,0,0.2210387
c10,410,0,0,0.12366209
c10,411,0,0,0.2182797
c10,412,0,0,0.121089295
c10,413,0,1,0.88855124
c10,414,0,0,0.27069142
c10,415,0,0,0.47284955
c10,416,0,1,0.6134957
c10,417,0,1,0.80945724
c10,418,0,1,0.8762673
c10,419,0,0,0.07389092
c10,420,0,0,0.24140169
c10,421,0,0,0.1297598
c10,422,0,0,0.27045253
c10,423,0,1,0.7422701
c10,424,0,1,0.75010145
c10,425,0,1,0.8752645
c10,426,0,1,0.8549257
c10,427,0,1,0.70613194
c10,428,0,1,0.7361358
c10,429,0,1,0.5455099
c10,430,0,1,0.9251164
