record,minute,y_true,y_pred,y_prob
a01,1,0,0,0.42059265335522206
a01,2,0,1,0.6928421189145887
a01,3,0,1,0.5546436852203998
a01,4,0,0,0.4655842934050993
a01,5,0,1,0.5224432046523904
a01,6,0,1,0.5025917709186858
a01,7,0,0,0.4513140980883838
a01,8,0,1,0.5990368643452306
a01,9,0,1,0.5214107435165337
a01,10,0,0,0.47482174523355347
a01,11,0,1,0.5385110571629986
a01,12,0,0,0.2938487220909938
a01,13,1,0,0.47717385450047506
a01,14,1,0,0.2707389466230123
a01,15,1,0,0.29348420175757167
a01,16,1,0,0.4997448496342117
a01,17,1,0,0.2759718870634263
a01,18,1,0,0.44366638066575004
a01,19,1,0,0.3347095799165777
a01,20,1,0,0.37688126442872927
a01,21,1,0,0.36612812373028464
a01,22,1,0,0.2861124166371729
a01,23,1,0,0.38264019535573585
a01,24,1,0,0.4641591157993332
a01,25,1,0,0.26915976983736273
a01,26,1,0,0.36498900749713925
a01,27,1,0,0.24990015379523406
a01,28,1,0,0.4738353419741597
a01,29,1,0,0.3030694151356717
a01,30,1,0,0.28003360203898353
a01,31,1,1,0.6621210996531678
a01,32,1,0,0.31678004439680757
a01,33,1,0,0.49522283831475794
a01,34,1,0,0.2814490469507232
a01,35,1,0,0.37398957370646807
a01,36,1,0,0.2510249380546172
a01,37,1,1,0.6377263383432765
a01,38,1,1,0.8144378906227707
a01,39,1,0,0.3773123193942398
a01,40,1,0,0.2677917609308838
a01,41,1,1,0.6707805972249583
a01,42,1,0,0.46720091543538955
a01,43,1,0,0.30074587947573467
a01,44,1,1,0.807458836079899
a01,45,1,0,0.40183026054806015
a01,46,1,1,0.6134063422123796
a01,47,1,1,0.5892221568800878
a01,48,1,0,0.4369107577934024
a01,49,1,1,0.6361831857941962
a01,50,1,1,0.6578020968981099
a01,51,1,1,0.7101321371902873
a01,52,1,0,0.4592609446925479
a01,53,1,0,0.24327369063729548
a01,54,1,0,0.28652871264389695
a01,55,1,1,0.688402324863155
a01,56,1,1,0.6100097449167825
a01,57,1,0,0.49760296760926276
a01,58,1,0,0.2845090017380478
a01,59,1,1,0.5121307078851771
a01,60,1,1,0.8677412070441448
a01,61,1,0,0.3992913305502534
a01,62,1,0,0.42863575055458525
a01,63,1,1,0.6508420590875886
a01,64,1,0,0.43480398068918635
a01,65,1,0,0.30922747886843677
a01,66,1,1,0.5959350555315251
a01,67,1,1,0.8391242040509237
a01,68,1,1,0.7782350346190388
a01,69,1,1,0.928672658945792
a01,70,1,1,0.9348428003758938
a01,71,1,1,0.9613681138794363
a01,72,1,1,0.9867868340998919
a01,73,1,1,0.8347116331142165
a01,74,1,1,0.9610607847748839
a01,75,1,1,0.9771808339866946
a01,76,1,1,0.9268300677023024
a01,77,1,1,0.6913568425276719
a01,78,1,1,0.7846173261119226
a01,79,1,1,0.720244772521106
a01,80,1,1,0.9807743197812688
a01,81,1,1,0.9563704276034513
a01,82,1,1,0.7977783673135342
a01,83,1,1,0.8219907330353765
a01,84,1,1,0.9502214994265379
a01,85,1,1,0.9548987050124706
a01,86,1,1,0.9390224758233718
a01,87,1,1,0.907592263373684
a01,88,1,1,0.8157710866915895
a01,89,1,1,0.9259282055637914
a01,90,1,1,0.7836002241261277
a01,91,1,1,0.9562201048815316
a01,92,1,0,0.2929504458668194
a01,93,1,1,0.7938075491709207
a01,94,1,1,0.5888585850343082
a01,95,1,1,0.8064474773168029
a01,96,1,0,0.4803594812860691
a01,97,1,1,0.780744822244178
a01,98,1,1,0.6708357028056485
a01,99,1,0,0.33544034408062723
a01,100,1,1,0.5029706858831008
a01,101,1,1,0.7029607014625364
a01,102,1,0,0.3548833135827497
a01,103,1,0,0.34897426738384224
a01,104,1,0,0.3624341051108145
a01,105,1,0,0.4247714315207137
a01,106,1,1,0.6496559071025754
a01,107,1,0,0.2832302513105173
a01,108,1,1,0.7835792251904149
a01,109,1,1,0.5085257445760604
a01,110,1,0,0.4972119470983238
a01,111,1,1,0.6363995217410087
a01,112,1,1,0.5108900933242264
a01,113,1,1,0.7381799363778234
a01,114,1,0,0.4616858776394986
a01,115,1,1,0.5975267894479985
a01,116,1,1,0.5643664739952676
a01,117,1,0,0.3264395792909018
a01,118,1,1,0.6434742034783374
a01,119,1,1,0.516991398950445
a01,120,1,1,0.7482421915889226
a01,121,1,1,0.6690348592725175
a01,122,1,1,0.5219534422479922
a01,123,1,1,0.7043437881423119
a01,124,1,1,0.5767787942584252
a01,125,1,1,0.7915281317872409
a01,126,1,1,0.884500101440045
a01,127,1,1,0.8061208574494775
a01,128,1,1,0.8562106334996035
a01,129,1,1,0.5994825260600632
a01,130,1,1,0.5399813178744367
a01,131,1,1,0.6257508347129882
a01,132,1,1,0.7858960268666644
a01,133,1,0,0.475455801255265
a01,134,1,1,0.7402143437224636
a01,135,1,1,0.5283967738440077
a01,136,1,1,0.7063257493912212
a01,137,1,1,0.6094090231908569
a01,138,1,1,0.7622843284596972
a01,139,1,1,0.6089237407029353
a01,140,1,1,0.9185268045114188
a01,141,1,1,0.5403251017545941
a01,142,1,1,0.6226663483846396
a01,143,1,1,0.6805140992500008
a01,144,1,0,0.48141461793577356
a01,145,1,1,0.7084482917081786
a01,146,1,1,0.5257407234804145
a01,147,1,1,0.7424833527247515
a01,148,1,0,0.3948283248413661
a01,149,1,1,0.8712913060081903
a01,150,1,1,0.6921962705899949
a01,151,1,1,0.6152108705516609
a01,152,1,0,0.4996218633286212
a01,153,1,1,0.6564066490159319
a01,154,1,1,0.5674671057205626
a01,155,1,1,0.5053598022347072
a01,156,1,0,0.4398898223600752
a01,157,1,1,0.7867257686657589
a01,158,1,0,0.4482958769366079
a01,159,1,1,0.7050667521350087
a01,160,1,1,0.7205305253879629
a01,161,1,1,0.637351526544202
a01,162,1,1,0.7934595515983033
a01,163,1,1,0.65076502129871
a01,164,1,1,0.7920585502725319
a01,165,1,1,0.5066588424039145
a01,166,1,1,0.6824094307707136
a01,167,1,0,0.40494764903926
a01,168,1,0,0.3874809747881763
a01,169,1,1,0.6360477326338394
a01,170,1,1,0.5539260386056322
a01,171,1,0,0.46071302689337945
a01,172,1,1,0.5592525227180437
a01,173,1,0,0.4586986241063255
a01,174,1,0,0.4767296170153219
a01,175,1,1,0.5286088094556198
a01,176,1,1,0.697068387303695
a01,177,1,1,0.6215413616609811
a01,178,1,1,0.6063132797856995
a01,179,1,1,0.5331433218342595
a01,180,1,1,0.845852110897669
a01,181,1,1,0.7341509900800587
a01,182,1,1,0.5289747434456908
a01,183,1,1,0.6550822877106638
a01,184,1,0,0.428564847002981
a01,185,1,1,0.8613199028561598
a01,186,1,1,0.8379741130582803
a01,187,1,1,0.6397634107029101
a01,188,1,1,0.809645146511727
a01,189,1,1,0.703224403809004
a01,190,1,1,0.5473032248049773
a01,191,1,1,0.7730128837156354
a01,192,1,1,0.6767975868012872
a01,193,1,1,0.9246461920656719
a01,194,1,1,0.5050361881743083
a01,195,1,1,0.8323678605190543
a01,196,1,1,0.7967886508157009
a01,197,1,1,0.5268611541185126
a01,198,1,1,0.5723486672657275
a01,199,1,1,0.5244732335175176
a01,200,1,1,0.9011357757401303
a01,201,1,1,0.5817527715238504
a01,202,1,1,0.7148960861291174
a01,203,1,1,0.9574905509935788
a01,204,1,1,0.8977571064805266
a01,205,1,1,0.9742751312733585
a01,206,1,1,0.8857882718211597
a01,207,1,1,0.9535711067525913
a01,208,1,1,0.9716039963734551
a01,209,1,1,0.9873251743174305
a01,210,1,1,0.8857122072193343
a01,211,1,1,0.9911642401100157
a01,212,1,1,0.9403873423858093
a01,213,1,0,0.34310778783771795
a01,214,1,1,0.9439399293454698
a01,215,1,1,0.8149181856103725
a01,216,1,1,0.9287353228311768
a01,217,1,1,0.67864480227317
a01,218,1,1,0.8762896631979433
a01,219,1,1,0.9444935255296595
a01,220,1,1,0.9071406804270689
a01,221,1,1,0.6144412751993987
a01,222,1,1,0.7353702429292709
a01,223,1,1,0.8363871361072825
a01,224,1,1,0.5536841364755909
a01,225,1,1,0.7118705872832152
a01,226,1,1,0.7454861598100563
a01,227,0,1,0.5212993462062291
a01,228,0,1,0.7020180352211824
a01,229,0,1,0.6357334184175016
a01,230,0,1,0.5354197966476882
a01,231,1,0,0.40918132224677733
a01,232,1,1,0.748655942018349
a01,233,1,0,0.36480063342716784
a01,234,1,1,0.5714659924302932
a01,235,1,1,0.5395282432424484
a01,236,1,1,0.6051580876694517
a01,237,1,1,0.558232650021164
a01,238,1,1,0.6430118379700079
a01,239,1,1,0.7813391129458565
a01,240,1,1,0.7195527283452186
a01,241,1,1,0.5093617811238885
a01,242,1,1,0.7750524206840681
a01,243,1,1,0.6915473250887026
a01,244,1,1,0.6586172820573888
a01,245,1,1,0.56691282391941
a01,246,1,1,0.6450713854389285
a01,247,1,1,0.6305523753602831
a01,248,1,1,0.7723999442037603
a01,249,1,0,0.39186383534271496
a01,250,1,1,0.6547236693490847
a01,251,1,1,0.664067680767664
a01,252,1,1,0.7425267375272459
a01,253,1,1,0.7648271267326283
a01,254,1,1,0.6803738859072891
a01,255,1,0,0.446337572477239
a01,256,1,1,0.8015019508181549
a01,257,1,1,0.5238899375530882
a01,258,1,0,0.420070828968156
a01,259,1,1,0.5133850948775895
a01,260,1,0,0.4256198565567383
a01,261,1,1,0.6734327467050601
a01,262,1,1,0.8211348465133992
a01,263,1,1,0.5988153885080001
a01,264,1,1,0.5987946851642779
a01,265,1,1,0.5501476421137593
a01,266,1,0,0.45125156222085877
a01,267,1,1,0.5842006373164901
a01,268,1,1,0.6165074872514874
a01,269,1,0,0.2078364914565197
a01,270,1,1,0.9780463656420184
a01,271,1,1,0.9191610854476439
a01,272,1,0,0.4753877358047773
a01,273,1,1,0.5367054642986527
a01,274,1,1,0.9066808309300881
a01,275,1,1,0.738162813885698
a01,276,1,0,0.42034920296086886
a01,277,1,1,0.8220235263620087
a01,278,1,1,0.5584305992641125
a01,279,1,1,0.8312673372426653
a01,280,1,0,0.4654010323624705
a01,281,1,1,0.6616065093401753
a01,282,1,1,0.724458850871321
a01,283,1,1,0.5562900195650797
a01,284,1,1,0.534493186343126
a01,285,1,1,0.6691856334164361
a01,286,1,1,0.6236463626959572
a01,287,1,1,0.661632338577944
a01,288,1,1,0.8624128947350422
a01,289,1,1,0.7462282077550618
a01,290,1,1,0.68331540421707
a01,291,1,1,0.6843854834744245
a01,292,1,1,0.5771850726387658
a01,293,1,1,0.6787129937990595
a01,294,1,1,0.7286972443101584
a01,295,1,0,0.44309159448427793
a01,296,1,1,0.6115663698812936
a01,297,1,1,0.606112812777353
a01,298,1,1,0.8891788277624907
a01,299,1,1,0.8733814814323381
a01,300,1,1,0.7773874363965355
a01,301,1,1,0.9754288225661625
a01,302,1,0,0.49865891076623353
a01,303,1,1,0.5798068851405789
a01,304,1,1,0.7132968727952078
a01,305,1,0,0.29631534286242944
a01,306,1,1,0.8958654471437254
a01,307,1,1,0.9789561470718977
a01,308,1,1,0.7994638270617901
a01,309,1,1,0.9632400575939623
a01,310,1,1,0.9348730319241517
a01,311,1,1,0.7678740683770218
a01,312,1,1,0.9513285798133946
a01,313,1,1,0.8309029246524221
a01,314,1,1,0.9259316912046762
a01,315,1,1,0.8890957861044022
a01,316,1,1,0.9838618485211243
a01,317,1,1,0.8134332055805227
a01,318,1,1,0.8745736293330332
a01,319,1,1,0.7367072472817563
a01,320,1,1,0.6964181065630393
a01,321,1,1,0.957284433036822
a01,322,1,0,0.4245395114905378
a01,323,1,1,0.906510835743992
a01,324,1,1,0.7750076015740878
a01,325,1,1,0.9063662128009442
a01,326,1,1,0.9298586017110655
a01,327,1,1,0.9465618759828681
a01,328,1,1,0.8934898966566437
a01,329,1,0,0.3369543361866948
a01,330,1,1,0.9297122308191367
a01,331,1,1,0.9130966145197901
a01,332,1,1,0.9201506438737854
a01,333,1,1,0.90838093532963
a01,334,1,1,0.8736416826587772
a01,335,1,1,0.7520171553958445
a01,336,1,1,0.6882605513589504
a01,337,1,0,0.39584864473274856
a01,338,1,1,0.7095709601520515
a01,339,1,1,0.8388894012757637
a01,340,1,1,0.9821465326941645
a01,341,1,1,0.9394030282347529
a01,342,1,1,0.9791418565543026
a01,343,1,1,0.8684678100711944
a01,344,1,1,0.8777204612744237
a01,345,1,1,0.883357274052648
a01,346,1,1,0.9738567246629223
a01,347,1,1,0.8311159874841284
a01,348,1,1,0.7591398479947444
a01,349,1,1,0.6834542648237882
a01,350,1,1,0.9252358458950619
a01,351,1,1,0.9979883185407322
a01,352,0,1,0.8301799654717679
a01,353,0,0,0.3940844101136327
a01,354,1,0,0.19266811296141514
a01,355,1,1,0.7626313768399459
a01,356,1,1,0.6120141840634933
a01,357,1,0,0.40682498729109035
a01,358,1,1,0.5503512835190116
a01,359,1,1,0.5706024365427642
a01,360,1,1,0.6465204199698891
a01,361,1,1,0.6492311805622138
a01,362,1,1,0.6455360599998307
a01,363,1,0,0.3297116890623028
a01,364,1,1,0.720773157199872
a01,365,1,1,0.6124663776291571
a01,366,1,1,0.5598738266436523
a01,367,1,0,0.281115011887096
a01,368,1,1,0.5878749994439904
a01,369,1,1,0.5254521400280646
a01,370,1,1,0.7125966382383065
a01,371,1,1,0.6173032400130646
a01,372,1,0,0.38897393710688555
a01,373,1,1,0.6702403821577833
a01,374,1,1,0.6097400123175996
a01,375,1,0,0.3413015545010499
a01,376,1,0,0.4957094118387878
a01,377,1,1,0.8342459848012286
a01,378,1,1,0.752578400798122
a01,379,1,1,0.7321381416584375
a01,380,1,1,0.8198333640469261
a01,381,1,1,0.7796112207432817
a01,382,1,1,0.5942780489522045
a01,383,1,0,0.4852709682592677
a01,384,1,1,0.7499809773463049
a01,385,1,1,0.6822145426631318
a01,386,1,1,0.6338483904485183
a01,387,1,0,0.49360936452451487
a01,388,1,1,0.8398009291736037
a01,389,1,1,0.7437580047148407
a01,390,1,1,0.7517086380589207
a01,391,1,1,0.6946722779915203
a01,392,1,0,0.47494670795902993
a01,393,1,1,0.5702907450891453
a01,394,1,1,0.9337950456513069
a01,395,1,0,0.31403495556726896
a01,396,1,0,0.36069531465464294
a01,397,1,1,0.7012096338865897
a01,398,1,1,0.8291479300415204
a01,399,1,1,0.9790431148951594
a01,400,1,1,0.9291938065685594
a01,401,1,1,0.7608120416459903
a01,402,1,1,0.5016908255784914
a01,403,1,0,0.42923222304814684
a01,404,1,0,0.45861582521832833
a01,405,1,0,0.3808174482906796
a01,406,1,1,0.7749558743198507
a01,407,1,1,0.9823055214201595
a01,408,1,1,0.5448175792401276
a01,409,1,1,0.753034432216933
a01,410,1,1,0.713388992922579
a01,411,1,1,0.7003402571605631
a01,412,1,1,0.759967264371757
a01,413,1,1,0.8231443903365171
a01,414,1,1,0.5586085464515043
a01,415,1,1,0.715259935942304
a01,416,1,1,0.5727255034199722
a01,417,1,1,0.6438176622294451
a01,418,1,1,0.5349059254364358
a01,419,1,1,0.9641812592802251
a01,420,1,1,0.8883344302351878
a01,421,1,1,0.7616765465796511
a01,422,1,1,0.750214145934931
a01,423,1,1,0.8265341791843627
a01,424,1,0,0.49708306623044274
a01,425,1,1,0.906929721865768
a01,426,1,1,0.7808776264697007
a01,427,1,1,0.955564995610932
a01,428,1,1,0.9142193747198244
a01,429,1,1,0.7510497134661738
a01,430,1,1,0.6512620434290556
a01,431,1,1,0.8483445267095718
a01,432,1,1,0.955407894714875
a01,433,1,1,0.9418186656714582
a01,434,1,1,0.7275608489855142
a01,435,1,0,0.4425976707118129
a01,436,1,1,0.5407840498359623
a01,437,1,1,0.6828820498778548
a01,438,1,1,0.805708109515403
a01,439,1,1,0.883748110657994
a01,440,1,1,0.566433786219214
a01,441,1,1,0.6780206055619196
a01,442,1,1,0.7783327851414659
a01,443,1,1,0.6847944011519403
a01,444,1,1,0.6164025136414678
a01,445,1,1,0.9003316360383196
a01,446,1,1,0.8388603912869997
a01,447,1,1,0.7138342141858397
a01,448,1,1,0.7797115104477765
a01,449,1,1,0.947847650906758
a01,450,1,1,0.993260518737235
a01,451,1,1,0.8922610388573472
a01,452,1,1,0.8509457517206264
a01,453,1,1,0.7754383782036904
a01,454,1,1,0.7731229748985238
a01,455,1,1,0.7538596958082143
a01,456,1,1,0.8676011811587401
a01,457,1,1,0.9402878384485436
a01,458,1,1,0.9790612684761535
a01,459,1,1,0.992563451002616
a01,460,1,1,0.7630813259560709
a01,461,1,1,0.7782760969877974
a01,462,1,1,0.8255980717426266
a01,463,1,1,0.8899712253887402
a01,464,1,1,0.7990224030028015
a01,465,1,1,0.8269544582248259
a01,466,1,1,0.8608011152275165
a01,467,1,1,0.8745861292751014
a01,468,1,1,0.6951851058551068
a01,469,1,1,0.8401599941969596
a01,470,1,1,0.7069679473819521
a01,471,1,1,0.6757692235917231
a01,472,1,1,0.778564172515687
a01,473,1,1,0.5953947221975389
a01,474,1,1,0.9637490478500499
a01,475,1,1,0.5824330282241912
a01,476,1,1,0.8808117731868553
a01,477,1,1,0.8902824368137131
a01,478,1,0,0.4895824347483397
a01,479,1,1,0.6188154195843785
a01,480,1,1,0.5882316664437336
a01,481,1,0,0.3813018466216779
a01,482,1,1,0.7245312715882881
a01,483,1,1,0.5830399843867535
a01,484,1,1,0.9773726220840522
a01,485,1,0,0.37994975860039043
a01,486,1,0,0.4363420477850822
a01,487,1,1,0.779246845747034
a01,488,1,1,0.9130945638932434
a02,1,0,0,0.2477900590124446
a02,2,0,0,0.23895905622227853
a02,3,0,0,0.2486734160699284
a02,4,0,0,0.26705493455070695
a02,5,0,1,0.5062517124846697
a02,6,0,1,0.7971925639522204
a02,7,0,1,0.5252341421715407
a02,8,0,0,0.3563374350124574
a02,9,0,0,0.2823193717801106
a02,10,0,0,0.2521298297083069
a02,11,0,1,0.534390637182008
a02,12,0,0,0.28286493896525416
a02,13,0,0,0.25322693917401123
a02,14,0,0,0.2996448736562565
a02,15,0,1,0.5009762794685871
a02,16,0,0,0.4243298625125481
a02,17,0,0,0.2562675506511841
a02,18,0,0,0.26523369699297605
a02,19,0,0,0.2571809977630076
a02,20,0,0,0.44798989316603627
a02,21,1,0,0.391639067084338
a02,22,1,1,0.5725274777637364
a02,23,1,0,0.33302269935445694
a02,24,1,0,0.2961515197655207
a02,25,1,0,0.48977025776351985
a02,26,1,0,0.32929925602758153
a02,27,1,0,0.33015551856412584
a02,28,1,0,0.33031081772853293
a02,29,1,1,0.5875999179767737
a02,30,1,1,0.5828379629654118
a02,31,1,1,0.5312601128539992
a02,32,1,0,0.3257911342147211
a02,33,1,0,0.21734504095449583
a02,34,1,0,0.3640036008070471
a02,35,1,0,0.34178239685371636
a02,36,1,0,0.3760251304542276
a02,37,1,0,0.34726250044080953
a02,38,1,0,0.2915787886045269
a02,39,1,1,0.5158435161289614
a02,40,1,0,0.3980201360035191
a02,41,1,1,0.6016900928664223
a02,42,1,0,0.42937383494163994
a02,43,1,0,0.4000627306646038
a02,44,1,1,0.5776504369297345
a02,45,1,0,0.3650876890920516
a02,46,1,1,0.5948584049856096
a02,47,1,1,0.6115546894912417
a02,48,1,1,0.6441185607676239
a02,49,1,1,0.5960445089604858
a02,50,1,0,0.4695096318254461
a02,51,1,0,0.353091462037915
a02,52,1,0,0.33340331306320586
a02,53,1,0,0.32527342801826437
a02,54,1,0,0.44023822540234814
a02,55,1,0,0.48851712697839367
a02,56,1,1,0.6804309964704052
a02,57,1,1,0.6220811091548527
a02,58,1,0,0.4866339836414167
a02,59,1,0,0.40897661414761627
a02,60,1,0,0.3412559453438494
a02,61,1,0,0.49385897739156426
a02,62,1,0,0.44207225932469535
a02,63,1,0,0.32745637402749245
a02,64,1,0,0.38945821661539776
a02,65,1,0,0.40663669822116255
a02,66,1,0,0.38681574482742015
a02,67,1,0,0.3993879606143699
a02,68,1,0,0.44861149194824573
a02,69,1,0,0.3110528499612332
a02,70,1,0,0.4647981134037032
a02,71,1,1,0.5008252828152973
a02,72,1,0,0.44523560286122305
a02,73,1,0,0.3762614898252746
a02,74,1,0,0.28159179940747453
a02,75,1,0,0.434725421125931
a02,76,1,0,0.32986317868802967
a02,77,1,0,0.3029353543823547
a02,78,1,0,0.436593098151612
a02,79,1,0,0.3045862629501876
a02,80,1,0,0.3452788973094111
a02,81,1,0,0.29892905392643115
a02,82,1,0,0.33549676677096124
a02,83,1,0,0.45469320186580675
a02,84,1,1,0.5743284604174028
a02,85,1,1,0.5188401073691656
a02,86,1,0,0.39844956391870373
a02,87,1,0,0.30689716862830474
a02,88,1,0,0.47060762303215975
a02,89,1,0,0.3764481961120092
a02,90,1,0,0.3526321905994276
a02,91,1,0,0.2852969652881044
a02,92,1,0,0.31627205807145925
a02,93,1,0,0.4381522115617125
a02,94,1,0,0.2992369051501232
a02,95,1,0,0.3604031210323822
a02,96,1,0,0.25252987965179546
a02,97,1,0,0.3345386930694927
a02,98,1,0,0.3402948132904071
a02,99,1,1,0.5169555576999333
a02,100,1,0,0.43128666064697513
a02,101,1,0,0.32496069828586566
a02,102,1,0,0.3019680041236631
a02,103,1,0,0.3714515163375525
a02,104,1,1,0.5071180870321126
a02,105,1,0,0.3715534103710397
a02,106,1,0,0.40167349397695423
a02,107,1,0,0.40492998966758553
a02,108,1,1,0.6009260752414871
a02,109,1,0,0.3545774560256238
a02,110,1,1,0.5644976345205863
a02,111,1,1,0.5450016805675344
a02,112,1,1,0.6570661453070773
a02,113,1,0,0.3127722868078038
a02,114,1,0,0.42018300445568474
a02,115,1,0,0.3964960805367879
a02,116,1,0,0.47864146095737864
a02,117,1,1,0.8301122337734878
a02,118,1,0,0.390116137702636
a02,119,1,1,0.5141463132727625
a02,120,1,0,0.3685694228866269
a02,121,1,0,0.32398843323796095
a02,122,1,0,0.3357746066889848
a02,123,1,0,0.2990831593945439
a02,124,1,0,0.2680165968536504
a02,125,1,0,0.28618759652397957
a02,126,1,0,0.2648130658724048
a02,127,1,0,0.3571646990401785
a02,128,1,0,0.3110933300276293
a02,129,1,0,0.43486665307978595
a02,130,0,0,0.33062731371446824
a02,131,0,0,0.40206478911969895
a02,132,0,0,0.2435776031558551
a02,133,0,0,0.21433220056473684
a02,134,0,0,0.2160988255012574
a02,135,0,0,0.2127874680706147
a02,136,0,0,0.20975500612622586
a02,137,0,0,0.19922180745126447
a02,138,0,0,0.19388630516240607
a02,139,0,0,0.20462497979798472
a02,140,0,0,0.2106676662856028
a02,141,0,0,0.19871119567653606
a02,142,0,0,0.203887879810578
a02,143,0,0,0.20071266399308746
a02,144,0,0,0.2035610347775962
a02,145,0,0,0.2084361721776379
a02,146,0,0,0.20616100597452305
a02,147,0,0,0.1997753789197339
a02,148,0,0,0.20583918586235259
a02,149,0,0,0.19896725187393768
a02,150,0,0,0.19007742208476985
a02,151,0,0,0.1963273984871278
a02,152,0,0,0.18497337667323963
a02,153,0,0,0.18049695971429566
a02,154,0,0,0.18004477841292027
a02,155,0,0,0.1786207518445975
a02,156,0,0,0.22695485844250965
a02,157,0,0,0.19762886644045125
a02,158,0,0,0.18240426724602926
a02,159,0,0,0.19994243618141588
a02,160,0,0,0.18206147385596125
a02,161,0,0,0.17911048014363848
a02,162,0,0,0.1860126396660207
a02,163,0,0,0.17896331593583092
a02,164,0,0,0.17777486768763098
a02,165,0,0,0.17113682129919935
a02,166,0,0,0.17658842130078525
a02,167,0,0,0.2061155538391241
a02,168,0,0,0.19230943794539998
a02,169,0,0,0.18345620648190708
a02,170,0,0,0.16783410771449778
a02,171,0,0,0.19899898989022896
a02,172,0,0,0.1880548650129302
a02,173,0,0,0.17119353760612613
a02,174,0,0,0.20489501239526933
a02,175,0,0,0.34607112934625833
a02,176,1,0,0.2859290125667285
a02,177,1,0,0.22212870610333452
a02,178,1,0,0.23369528560153308
a02,179,1,0,0.203752092711826
a02,180,1,0,0.32086465283748133
a02,181,1,0,0.1854388241952445
a02,182,1,0,0.2897422870747635
a02,183,1,0,0.22995116189103776
a02,184,1,0,0.24508651985017618
a02,185,1,0,0.2794642473385922
a02,186,1,0,0.24977910741768408
a02,187,1,0,0.30230070035861956
a02,188,1,0,0.30188793886259635
a02,189,1,0,0.19195744191727768
a02,190,1,0,0.23580595297438647
a02,191,1,0,0.26148003853404084
a02,192,1,0,0.22019200991888696
a02,193,1,0,0.24402785004319263
a02,194,1,0,0.2057303539752576
a02,195,1,0,0.2382294273625354
a02,196,1,0,0.22548797226659614
a02,197,1,0,0.22597832168179902
a02,198,1,0,0.22717021174313135
a02,199,1,0,0.23872037830279536
a02,200,1,0,0.21561729016989414
a02,201,0,0,0.2501657054396229
a02,202,0,1,0.5942950496518912
a02,203,0,0,0.2276360152570785
a02,204,0,0,0.21062436217119213
a02,205,0,0,0.24200782472770882
a02,206,0,0,0.25212367333216895
a02,207,1,0,0.32780493560101737
a02,208,1,0,0.42047458230713236
a02,209,1,0,0.22377773607116702
a02,210,1,0,0.36447959070648916
a02,211,1,0,0.27420673293818293
a02,212,1,0,0.23943145363875673
a02,213,1,0,0.23477844310795734
a02,214,1,0,0.3092034406270198
a02,215,1,0,0.24113564454653025
a02,216,1,0,0.2657912566378069
a02,217,1,0,0.424451961550154
a02,218,1,0,0.24444777741606874
a02,219,1,0,0.23428329271984452
a02,220,1,0,0.41638667834430876
a02,221,1,1,0.5391894591706724
a02,222,1,0,0.449285923908016
a02,223,1,0,0.4311783187892842
a02,224,1,0,0.27018692183561177
a02,225,1,0,0.2796254181352557
a02,226,1,0,0.45944409626631516
a02,227,1,0,0.2905542934777441
a02,228,1,0,0.2812190304379324
a02,229,1,0,0.36819456784387594
a02,230,1,0,0.4168528572793865
a02,231,1,1,0.5376235197392459
a02,232,1,0,0.3162916650650158
a02,233,1,0,0.39864616617487786
a02,234,1,0,0.4035754493198276
a02,235,1,0,0.310425397580205
a02,236,1,0,0.4502994699118642
a02,237,1,0,0.370805926263438
a02,238,1,0,0.2822537282899906
a02,239,1,0,0.366680574362961
a02,240,1,0,0.3449833534416512
a02,241,1,0,0.4362451023769943
a02,242,1,0,0.3301019033683909
a02,243,1,0,0.2560223005068077
a02,244,1,1,0.5517626292668104
a02,245,1,0,0.29178194269153684
a02,246,1,0,0.45519536813231365
a02,247,1,0,0.3662852376026875
a02,248,1,0,0.27453587604768054
a02,249,1,0,0.41613404609638166
a02,250,1,0,0.3288396957639604
a02,251,1,0,0.286081458861404
a02,252,1,0,0.2509644863628719
a02,253,1,0,0.2965973200143002
a02,254,1,0,0.34374733862287427
a02,255,1,0,0.24399188627761836
a02,256,1,0,0.275108649720933
a02,257,1,0,0.3038959116237373
a02,258,1,0,0.3786294150623638
a02,259,1,0,0.36519279782824526
a02,260,1,1,0.5821476148602976
a02,261,1,0,0.32822006934566067
a02,262,1,0,0.3946478661730859
a02,263,1,0,0.2977402117511703
a02,264,1,0,0.32471725103088733
a02,265,1,0,0.2725692771366513
a02,266,0,0,0.2867392557357889
a02,267,0,0,0.2335724814476615
a02,268,0,0,0.2778751002457361
a02,269,0,0,0.31375677673193525
a02,270,1,0,0.3892009739906245
a02,271,1,0,0.24994977358031473
a02,272,1,0,0.4372886937217347
a02,273,1,0,0.34986097165247126
a02,274,1,0,0.2967480915248855
a02,275,1,0,0.4028074554467874
a02,276,1,0,0.3539757162762728
a02,277,1,0,0.38813476914762157
a02,278,1,0,0.39338606030032225
a02,279,1,0,0.3384345127366528
a02,280,1,0,0.35655216893248953
a02,281,1,0,0.3218153540201942
a02,282,0,1,0.5160952751960303
a02,283,0,0,0.24779874127303433
a02,284,0,0,0.382377880033195
a02,285,0,0,0.28014935904046784
a02,286,0,0,0.2861962527718646
a02,287,0,0,0.2876285169457585
a02,288,1,0,0.3703398206486198
a02,289,1,0,0.2917445175241464
a02,290,1,0,0.2917408708201842
a02,291,1,0,0.33276503108941524
a02,292,1,0,0.3934663964869505
a02,293,1,0,0.38549575215571236
a02,294,1,0,0.3431826229327412
a02,295,0,0,0.28395535420316687
a02,296,0,0,0.34750859469620754
a02,297,1,1,0.663677234491933
a02,298,1,0,0.30165473328394893
a02,299,1,0,0.4217149482760544
a02,300,1,0,0.294947813624123
a02,301,1,0,0.4484071627316916
a02,302,1,0,0.33583241381229995
a02,303,1,0,0.39043391990134585
a02,304,1,0,0.31161337783905835
a02,305,1,0,0.421175740111107
a02,306,1,0,0.3241293112867975
a02,307,1,0,0.44399845588603515
a02,308,0,0,0.27467007731907683
a02,309,0,0,0.2360490029798926
a02,310,0,0,0.37417154048438006
a02,311,0,0,0.3062750800669062
a02,312,1,0,0.22045271552962914
a02,313,1,0,0.48012607946796615
a02,314,1,0,0.3194293232966532
a02,315,1,1,0.5598180519367333
a02,316,1,0,0.37580898522177686
a02,317,1,0,0.4577552009624762
a02,318,1,0,0.33512567960110873
a02,319,1,0,0.318130396086406
a02,320,1,0,0.33890795368386833
a02,321,1,0,0.2635511984329259
a02,322,1,0,0.4549853620117747
a02,323,1,0,0.2586312793477856
a02,324,1,0,0.3489895129012585
a02,325,1,0,0.3107188343854787
a02,326,0,0,0.28097823212563233
a02,327,0,0,0.3523944115904595
a02,328,0,0,0.3664394687194282
a02,329,1,0,0.4824499798185201
a02,330,1,0,0.39554273122971
a02,331,1,0,0.29605458521732875
a02,332,1,0,0.4164589592826377
a02,333,1,1,0.6346083508673903
a02,334,1,0,0.46386773673233145
a02,335,1,0,0.34767195031005266
a02,336,1,0,0.32620812903154367
a02,337,1,0,0.4173374155753816
a02,338,1,1,0.5361094666600007
a02,339,1,0,0.4525050186272131
a02,340,1,0,0.4207076108893607
a02,341,1,0,0.4766178492703156
a02,342,1,0,0.2934008216344803
a02,343,1,0,0.30132422208355103
a02,344,1,0,0.4573736140637599
a02,345,1,0,0.44895871966625645
a02,346,1,0,0.4584891441628717
a02,347,1,1,0.6449897642075687
a02,348,1,0,0.43074485324419004
a02,349,1,0,0.3381673689514906
a02,350,1,0,0.2850220985520665
a02,351,1,0,0.4717754837967895
a02,352,1,1,0.5642624045914877
a02,353,1,0,0.27104236650722174
a02,354,1,0,0.26457460586904513
a02,355,1,0,0.43571725667741157
a02,356,1,1,0.5267830838377483
a02,357,1,0,0.3728930707017872
a02,358,1,0,0.37432752485904686
a02,359,1,1,0.596986789216818
a02,360,1,1,0.7078737670154923
a02,361,1,1,0.7753974583643711
a02,362,1,0,0.3336411439203997
a02,363,1,0,0.4132636365196836
a02,364,1,1,0.5672194804773288
a02,365,1,0,0.30144322181243144
a02,366,1,0,0.3733115727239299
a02,367,1,1,0.5464581334778715
a02,368,1,1,0.5004038678026557
a02,369,1,1,0.6551332467881629
a02,370,1,0,0.25534159576549387
a02,371,1,0,0.33806890152210617
a02,372,1,0,0.32993775648432255
a02,373,1,0,0.3449475009795359
a02,374,1,0,0.44537548676760536
a02,375,1,0,0.4092421180778056
a02,376,1,0,0.25113745107149155
a02,377,1,1,0.5632466491615974
a02,378,1,0,0.33380983343237525
a02,379,1,0,0.4052654148971107
a02,380,1,0,0.4134090840328089
a02,381,1,0,0.43888775273318326
a02,382,1,0,0.47460922538344313
a02,383,1,0,0.39351685762104355
a02,384,1,1,0.6981042868264649
a02,385,1,0,0.32365894803565576
a02,386,1,0,0.26557575025751734
a02,387,1,0,0.2983308501683069
a02,388,1,0,0.26658152264503004
a02,389,0,0,0.39196185484534146
a02,390,0,0,0.400334209344547
a02,391,0,0,0.4693803705746931
a02,392,1,0,0.4832995540309793
a02,393,1,0,0.4040839326707603
a02,394,1,1,0.6306020070395603
a02,395,1,0,0.46989210834828415
a02,396,1,0,0.4632466485335495
a02,397,1,0,0.3767443918751918
a02,398,1,0,0.431077390136675
a02,399,1,0,0.3637931180047751
a02,400,1,1,0.6519405734485201
a02,401,1,0,0.2662564127115567
a02,402,1,0,0.260742553801582
a02,403,1,0,0.303195365595273
a02,404,1,0,0.2783206311421212
a02,405,1,0,0.2871930906932056
a02,406,1,0,0.26265108233031065
a02,407,1,0,0.3484262245538636
a02,408,1,0,0.2861422762198166
a02,409,1,0,0.2668821250940375
a02,410,1,0,0.3455595727321078
a02,411,1,0,0.30514433868967694
a02,412,1,0,0.31586137269859216
a02,413,1,0,0.2948028873941712
a02,414,1,0,0.2787539622550404
a02,415,1,0,0.3113801860428846
a02,416,1,0,0.3426927893462464
a02,417,1,1,0.6509657448579987
a02,418,1,1,0.5345902221483791
a02,419,1,0,0.3448424683097905
a02,420,1,0,0.48528506412812905
a02,421,1,1,0.513641065894682
a02,422,1,0,0.4165302748463656
a02,423,1,1,0.5742628179905126
a02,424,1,0,0.2686181869727392
a02,425,1,1,0.5174122040375299
a02,426,1,1,0.5747205361807565
a02,427,1,0,0.3876748195546738
a02,428,1,1,0.6277673752657976
a02,429,1,0,0.388185384788576
a02,430,1,0,0.42004854387417806
a02,431,1,1,0.5779090872250086
a02,432,0,1,0.63390756701205
a02,433,0,1,0.7064668437630548
a02,434,0,1,0.7192157724127869
a02,435,0,0,0.41300860347274226
a02,436,1,0,0.31191650559447237
a02,437,1,0,0.37478695792304606
a02,438,1,0,0.34613207416251246
a02,439,1,0,0.47319811417179714
a02,440,1,1,0.5710078746222488
a02,441,1,1,0.7840764193254893
a02,442,1,1,0.6402219785221259
a02,443,1,1,0.5516838913388422
a02,444,1,0,0.2739465101084854
a02,445,1,1,0.5383060661857519
a02,446,1,1,0.523232273118211
a02,447,1,0,0.4063535852694497
a02,448,1,0,0.4096956452377947
a02,449,1,0,0.26919793153354143
a02,450,1,0,0.3626180306503925
a02,451,1,0,0.3158596457233716
a02,452,1,0,0.33758535874660317
a02,453,1,0,0.3534877147694304
a02,454,1,0,0.3832260417071038
a02,455,1,0,0.2886497456463251
a02,456,1,1,0.5984940471908294
a02,457,1,0,0.3691379276712112
a02,458,1,0,0.4182250460838667
a02,459,1,1,0.5395981414502926
a02,460,1,1,0.6910615001051922
a02,461,1,0,0.387764243172743
a02,462,1,1,0.75322528086502
a02,463,1,0,0.3517186453589813
a02,464,1,1,0.6617352354369592
a02,465,1,0,0.2930358604509621
a02,466,1,0,0.4253828859515239
a02,467,1,0,0.3885939563444095
a02,468,1,1,0.7316100621376858
a02,469,1,1,0.8698224025558218
a02,470,1,1,0.7133749314290362
a02,471,1,0,0.3529678209876932
a02,472,1,0,0.46433563908415904
a02,473,1,0,0.4592901399224118
a02,474,1,1,0.5679309736273341
a02,475,1,0,0.45567781796683077
a02,476,1,0,0.4690710259760612
a02,477,1,0,0.4638994343446162
a02,478,1,1,0.5382376307297606
a02,479,1,0,0.4068614356243318
a02,480,1,1,0.569445879480389
a02,481,1,0,0.4791755318865098
a02,482,1,1,0.5550431253946956
a02,483,1,0,0.47685432708351355
a02,484,1,0,0.28559829415885124
a02,485,1,0,0.3249130737519471
a02,486,1,0,0.43443315214547856
a02,487,1,0,0.30965044702882377
a02,488,1,0,0.33637712138166315
a02,489,1,0,0.4240383276378605
a02,490,1,0,0.2964523059747455
a02,491,1,0,0.30042332335560495
a02,492,1,0,0.3345061343444366
a02,493,1,0,0.4674713034386995
a02,494,1,0,0.3090157912430194
a02,495,1,0,0.41545868447886125
a02,496,1,1,0.6651703670857527
a02,497,1,1,0.6270003483617517
a02,498,1,0,0.4748711662162552
a02,499,1,0,0.44108087892078623
a02,500,0,0,0.3092251673792929
a02,501,0,0,0.3335194053955261
a02,502,0,0,0.2915061306468852
a02,503,0,0,0.2758942357508392
a02,504,0,0,0.3712938500198361
a02,505,0,0,0.29554708613361047
a02,506,0,1,0.5596091743384343
a02,507,0,0,0.4098073370721839
a02,508,0,1,0.604048981497662
a02,509,1,1,0.5305618166758138
a02,510,1,1,0.7167077425541843
a02,511,1,0,0.4198676987735254
a02,512,1,1,0.5459077939471632
a02,513,1,0,0.3743337020457803
a02,514,1,0,0.326717620210798
a02,515,1,0,0.41081609408046044
a02,516,1,0,0.31634698042202464
a02,517,1,0,0.4140310761832284
a02,518,1,0,0.45495056907699244
a02,519,1,0,0.3170066106482557
a02,520,1,0,0.25704636705125233
a02,521,1,0,0.33256555785708797
a02,522,1,0,0.2801650357432541
a02,523,1,0,0.4643672672891028
a02,524,1,1,0.6652884550510889
a02,525,1,0,0.44209452134737476
a02,526,1,1,0.5478855135249937
a02,527,1,1,0.5842571131148404
a03,1,0,1,0.6421590570949625
a03,2,0,0,0.46871193484662144
a03,3,0,1,0.5005512126084283
a03,4,0,1,0.7213390861366835
a03,5,0,0,0.3475596676035818
a03,6,0,1,0.5906989374108728
a03,7,0,1,0.543976832677886
a03,8,0,1,0.5483424486344047
a03,9,0,1,0.6077694565245304
a03,10,0,1,0.5568919759327765
a03,11,0,1,0.7843926162485084
a03,12,0,1,0.7732020444817149
a03,13,1,1,0.6534792721667032
a03,14,1,1,0.7254604457360313
a03,15,1,1,0.7080580872011721
a03,16,1,1,0.742708393942899
a03,17,1,1,0.9305328893281286
a03,18,1,1,0.7460500045336299
a03,19,1,1,0.8015916814437983
a03,20,1,1,0.8252418941567871
a03,21,1,1,0.9843017837839594
a03,22,1,1,0.7210127840293161
a03,23,1,1,0.89624961604837
a03,24,1,1,0.9255235857361016
a03,25,1,1,0.861598274193696
a03,26,1,1,0.9571340476523331
a03,27,1,1,0.9269304431862442
a03,28,1,1,0.9531774714123156
a03,29,1,1,0.923808183339499
a03,30,1,1,0.9525809283615239
a03,31,1,1,0.9531369497985661
a03,32,1,1,0.8885971916624307
a03,33,1,1,0.9291015513397998
a03,34,1,1,0.967393386973999
a03,35,1,1,0.9263761366214306
a03,36,1,1,0.8813583582018947
a03,37,1,1,0.8755544658301667
a03,38,1,1,0.904342902211457
a03,39,1,1,0.9393794256777147
a03,40,1,1,0.9751931763865874
a03,41,1,1,0.8639458826290625
a03,42,1,1,0.9431858253837629
a03,43,1,1,0.9404670129522226
a03,44,1,1,0.8830411671814076
a03,45,1,1,0.9382091458533605
a03,46,1,1,0.9743435682025735
a03,47,1,1,0.953108327979733
a03,48,1,1,0.9717916664602734
a03,49,1,1,0.966786059189944
a03,50,1,1,0.965277191931176
a03,51,1,1,0.9763031911788752
a03,52,1,1,0.8602044579544234
a03,53,1,1,0.9523594656305451
a03,54,1,1,0.8580361289088592
a03,55,1,1,0.7721075300505242
a03,56,1,1,0.94004258704458
a03,57,1,1,0.8876202253350048
a03,58,1,1,0.9413248467926061
a03,59,1,1,0.9817220064885077
a03,60,0,1,0.5060196826323834
a03,61,0,0,0.39576997572714256
a03,62,0,0,0.47355574266144157
a03,63,0,0,0.4174699219434034
a03,64,0,0,0.4247705173527532
a03,65,0,0,0.4806014201359826
a03,66,0,1,0.5120105559230835
a03,67,0,1,0.5407127274937139
a03,68,0,0,0.3436414687233834
a03,69,0,1,0.560223221664052
a03,70,0,0,0.32885029490998346
a03,71,0,0,0.2869348102557563
a03,72,0,0,0.31912998156485356
a03,73,0,0,0.24875230164153778
a03,74,0,0,0.22531304165318947
a03,75,0,0,0.1942929133151419
a03,76,0,0,0.3417596439281392
a03,77,0,0,0.27861912886200857
a03,78,0,0,0.18637016937595113
a03,79,0,0,0.33986741638079515
a03,80,0,0,0.42845692522370465
a03,81,0,0,0.1125066386235518
a03,82,0,0,0.1150125339569085
a03,83,0,0,0.11925133418680497
a03,84,0,0,0.1598077674567348
a03,85,0,0,0.10653788668764569
a03,86,0,0,0.0819057535553897
a03,87,0,0,0.1783813720946045
a03,88,0,0,0.3274882274176853
a03,89,0,0,0.40515378667899077
a03,90,0,1,0.5842614148003709
a03,91,0,0,0.35969421981976174
a03,92,0,1,0.5395570311269513
a03,93,0,0,0.36540930547066824
a03,94,0,0,0.3438884669380713
a03,95,0,1,0.6244493028890162
a03,96,0,0,0.39963331131413565
a03,97,0,0,0.46582219296781324
a03,98,0,0,0.34449182357876396
a03,99,0,0,0.3524401130590217
a03,100,0,0,0.46404433562540975
a03,101,0,1,0.7514916742376035
a03,102,0,0,0.46344776116742764
a03,103,0,1,0.5257685317875319
a03,104,0,1,0.8653067475616829
a03,105,1,1,0.8376144251023374
a03,106,1,1,0.8799223257773741
a03,107,1,1,0.7824306752449104
a03,108,1,1,0.9515560057549576
a03,109,1,1,0.8832485353080889
a03,110,1,1,0.8590849546901745
a03,111,1,1,0.8483548124573943
a03,112,1,1,0.9355317333906636
a03,113,1,1,0.9076371674628141
a03,114,1,1,0.9260795057970758
a03,115,1,1,0.8759912561710737
a03,116,1,1,0.8446529344397528
a03,117,1,1,0.9816555430818815
a03,118,1,1,0.9180608622016124
a03,119,1,1,0.956208269182429
a03,120,1,1,0.9440523085923783
a03,121,1,1,0.810101052811858
a03,122,1,1,0.9559265989684345
a03,123,1,1,0.9088144564067119
a03,124,1,1,0.9684583203983315
a03,125,1,1,0.9835379758117198
a03,126,1,1,0.9824555330691601
a03,127,1,1,0.9609998811846906
a03,128,1,1,0.9744806389873547
a03,129,1,1,0.9728501951936598
a03,130,1,1,0.9447013985059829
a03,131,1,1,0.9618515631618668
a03,132,1,1,0.9354311186754002
a03,133,1,1,0.7648003734984375
a03,134,1,1,0.9001972307095606
a03,135,1,1,0.7640699105089988
a03,136,1,1,0.9156054637701987
a03,137,1,1,0.9016519050697083
a03,138,1,1,0.7827206633172596
a03,139,1,1,0.9014584379940338
a03,140,1,1,0.8958468074868942
a03,141,1,1,0.8196905850687758
a03,142,1,1,0.9208353803161076
a03,143,1,1,0.9067737949777618
a03,144,1,1,0.8651869682530036
a03,145,1,1,0.8522970376217549
a03,146,1,1,0.9890305650325089
a03,147,0,0,0.45431570692279044
a03,148,0,0,0.4714474196537453
a03,149,0,0,0.4184975128690968
a03,150,0,0,0.41289741900163707
a03,151,0,0,0.37268291220202215
a03,152,0,0,0.3398332175624675
a03,153,0,0,0.3013302337442214
a03,154,0,0,0.3578606528595976
a03,155,0,0,0.3435254594227576
a03,156,0,0,0.36998033582292345
a03,157,0,0,0.3671215363845362
a03,158,0,0,0.33821432542789365
a03,159,0,0,0.3519785174686371
a03,160,0,0,0.3636665952071009
a03,161,0,0,0.3632048631906946
a03,162,0,0,0.33106021717181916
a03,163,0,0,0.346733027532424
a03,164,0,0,0.3394178780307541
a03,165,0,0,0.4044975635372489
a03,166,0,0,0.4066085184420417
a03,167,0,0,0.3559269484430025
a03,168,0,0,0.3267737152366174
a03,169,0,0,0.36930652437317985
a03,170,0,0,0.34172054616463804
a03,171,0,0,0.3497459195807409
a03,172,0,0,0.4105722662793862
a03,173,0,0,0.34932317512091565
a03,174,0,0,0.3408734283973209
a03,175,0,0,0.3385757166429557
a03,176,0,0,0.3546474029447148
a03,177,0,0,0.3438711105157521
a03,178,0,0,0.3496429234492307
a03,179,0,0,0.3398707097763822
a03,180,0,0,0.34535433483221867
a03,181,0,0,0.36096375975706235
a03,182,0,0,0.3525640537952624
a03,183,0,0,0.33895253153871047
a03,184,0,0,0.344847695502204
a03,185,0,0,0.4083095777774135
a03,186,1,1,0.8654393690967693
a03,187,1,1,0.9115819524768524
a03,188,1,1,0.7318422075940161
a03,189,1,1,0.9104893508910635
a03,190,1,1,0.9238476641313241
a03,191,1,1,0.8923611692123978
a03,192,1,1,0.9318364371116353
a03,193,1,1,0.9604929535650537
a03,194,1,1,0.9047685011310843
a03,195,1,1,0.8682558503306236
a03,196,1,1,0.9271493584274594
a03,197,1,1,0.9465417518371552
a03,198,1,1,0.6428157646062169
a03,199,1,1,0.9021939945036318
a03,200,1,1,0.9369231709996155
a03,201,1,1,0.9074150694306804
a03,202,1,1,0.9175756409933281
a03,203,1,1,0.9176584239381517
a03,204,1,1,0.8199923245912376
a03,205,1,1,0.9451505446363607
a03,206,1,1,0.9156628803300584
a03,207,1,1,0.9687161515086485
a03,208,1,1,0.7650406340820849
a03,209,1,1,0.8768465410596545
a03,210,1,1,0.9178041737280651
a03,211,1,1,0.8743869642057727
a03,212,1,1,0.962234532576661
a03,213,1,1,0.9248465527006144
a03,214,1,1,0.951604748722742
a03,215,1,1,0.8416451039529855
a03,216,1,1,0.9606717681786767
a03,217,1,1,0.8606393160479507
a03,218,1,1,0.8519210827307312
a03,219,1,1,0.7387807110456723
a03,220,1,1,0.81449245253881
a03,221,1,1,0.9393962524600887
a03,222,1,1,0.8460781246012272
a03,223,1,1,0.9453949950164402
a03,224,1,1,0.9325257164365092
a03,225,1,1,0.90260212495282
a03,226,1,1,0.5538636545639615
a03,227,1,1,0.5501493893684909
a03,228,1,1,0.8862524522299309
a03,229,0,1,0.7520165579087107
a03,230,0,0,0.2552545614185202
a03,231,0,0,0.4934704686386934
a03,232,0,0,0.37961354717143664
a03,233,0,0,0.492817120691099
a03,234,0,1,0.5708856300403973
a03,235,0,0,0.36374931139124217
a03,236,0,1,0.644013304290952
a03,237,0,1,0.6615420610751653
a03,238,0,1,0.5202512685613524
a03,239,0,1,0.6384493486886633
a03,240,1,1,0.8109332207354634
a03,241,1,1,0.7684544479647988
a03,242,1,1,0.6536832242408296
a03,243,1,1,0.7618396844984747
a03,244,1,1,0.64659359155988
a03,245,1,1,0.8617870233757732
a03,246,1,1,0.8288117687968787
a03,247,1,1,0.8497349500926415
a03,248,1,1,0.8671762733506239
a03,249,1,1,0.8679932540348146
a03,250,1,1,0.9002505721665016
a03,251,1,1,0.9251369375809655
a03,252,1,1,0.953988151059067
a03,253,1,1,0.9375900640343343
a03,254,1,1,0.9689963839696262
a03,255,1,1,0.9322069742329059
a03,256,1,1,0.9193714469372951
a03,257,1,1,0.9743197063695175
a03,258,0,1,0.7687083928124809
a03,259,0,1,0.670489085300211
a03,260,0,0,0.33768626102017985
a03,261,0,0,0.27436075774532315
a03,262,0,0,0.35910511597143807
a03,263,0,0,0.3469451599505475
a03,264,0,1,0.592900259983102
a03,265,0,0,0.3901025547480649
a03,266,0,0,0.4691051378479684
a03,267,0,0,0.3844609000490612
a03,268,0,0,0.4446081659195077
a03,269,0,1,0.5388562047198562
a03,270,0,1,0.6054539894815578
a03,271,0,0,0.39248528435434804
a03,272,0,0,0.45386475389653264
a03,273,0,0,0.38295601171421595
a03,274,0,0,0.3743994391244724
a03,275,0,0,0.33256963668458506
a03,276,0,0,0.3539966678390047
a03,277,0,0,0.30335523238580814
a03,278,0,0,0.3819412608309899
a03,279,0,1,0.8409850082977659
a03,280,0,1,0.6678246672228676
a03,281,0,0,0.34227110794496507
a03,282,0,1,0.5217346778615091
a03,283,0,1,0.8474298361599277
a03,284,0,0,0.4037607104455554
a03,285,0,1,0.7386957630208638
a03,286,0,1,0.5370602647055723
a03,287,0,1,0.6066915113635271
a03,288,0,1,0.6111006199585273
a03,289,0,1,0.8296722125571503
a03,290,1,1,0.887897175204397
a03,291,1,1,0.8217550816032383
a03,292,1,1,0.9435239147702408
a03,293,1,1,0.9035992431300146
a03,294,1,1,0.9566688483305743
a03,295,1,1,0.957705836830594
a03,296,1,1,0.8921644508169261
a03,297,1,1,0.7808595840001413
a03,298,1,1,0.9584868842171667
a03,299,1,1,0.9400510184157669
a03,300,1,1,0.9156412026805537
a03,301,1,1,0.9671014712362729
a03,302,1,1,0.9654926580811045
a03,303,0,1,0.7372764559656216
a03,304,0,0,0.23167518816447502
a03,305,0,0,0.38978199993668383
a03,306,0,0,0.2983735071864199
a03,307,0,0,0.3192759852866937
a03,308,0,0,0.3124772459609347
a03,309,0,0,0.420895848533818
a03,310,0,0,0.4931793284758044
a03,311,0,0,0.318257014044436
a03,312,0,0,0.30242791255720847
a03,313,0,0,0.3151258796035747
a03,314,0,0,0.254311194961039
a03,315,0,0,0.3282436063723069
a03,316,0,0,0.3066239362105801
a03,317,0,0,0.4212336528092617
a03,318,0,0,0.335117766070289
a03,319,0,0,0.31775490594419714
a03,320,0,0,0.38943061618122077
a03,321,0,0,0.38299324442069976
a03,322,0,1,0.5712145003125493
a03,323,0,0,0.45977290613506455
a03,324,0,0,0.4474554804743431
a03,325,0,0,0.4425980120594717
a03,326,0,0,0.3655023106192809
a03,327,0,0,0.3794440901783309
a03,328,0,0,0.32163432072606263
a03,329,0,0,0.3303849449602763
a03,330,0,0,0.34212049081912244
a03,331,0,0,0.41870816758127805
a03,332,0,0,0.3978795707578133
a03,333,0,0,0.32263974493072606
a03,334,0,0,0.32166126752184315
a03,335,0,0,0.3309308789087615
a03,336,0,0,0.3616293548359603
a03,337,0,0,0.3509125719240976
a03,338,0,0,0.3590634977637063
a03,339,0,0,0.32011882846404005
a03,340,0,0,0.40279569134217685
a03,341,0,0,0.3312909269574543
a03,342,0,0,0.36006068660457197
a03,343,0,0,0.34353498038330105
a03,344,0,0,0.31924085402167257
a03,345,0,0,0.3150252773617418
a03,346,0,0,0.3531860023584266
a03,347,1,1,0.7762643701241372
a03,348,1,1,0.7855890541222261
a03,349,1,1,0.972553901212341
a03,350,1,1,0.9551723650703314
a03,351,1,1,0.9585176924637534
a03,352,1,1,0.7434841037300773
a03,353,0,0,0.4988026033492843
a03,354,0,0,0.25940929725490247
a03,355,0,0,0.38858662278174205
a03,356,0,1,0.5813283441611281
a03,357,0,0,0.3851708909949579
a03,358,0,1,0.5810547512911314
a03,359,0,0,0.491755438026503
a03,360,0,0,0.4247275073173148
a03,361,0,1,0.7599802056565078
a03,362,0,1,0.5187383849791581
a03,363,0,1,0.9103159587747861
a03,364,0,1,0.8566333487053025
a03,365,0,0,0.47207748204687056
a03,366,0,1,0.6198723702765504
a03,367,0,1,0.8000439214104391
a03,368,0,1,0.8509702966423505
a03,369,0,0,0.44080331601276845
a03,370,0,1,0.7160610583746122
a03,371,0,1,0.5949948291720708
a03,372,0,1,0.5924822421718736
a03,373,0,1,0.7274433014210299
a03,374,0,1,0.8250098009449947
a03,375,0,1,0.9325765011769854
a03,376,0,1,0.8682218847386014
a03,377,0,1,0.5198319776723569
a03,378,0,1,0.9130430244054593
a03,379,0,1,0.8180038082361911
a03,380,0,1,0.6558156617912704
a03,381,0,0,0.34775526614207924
a03,382,0,0,0.3431406239585309
a03,383,0,0,0.29601922281742254
a03,384,0,1,0.9164120686389076
a03,385,1,1,0.855272600482709
a03,386,1,1,0.9110471626877277
a03,387,1,1,0.8824376115608676
a03,388,1,1,0.8706187835498913
a03,389,1,1,0.8855617556497354
a03,390,1,1,0.8731004264834099
a03,391,1,1,0.9769920929618959
a03,392,1,1,0.8103972559203707
a03,393,1,1,0.9282103382176228
a03,394,1,1,0.9396802685551935
a03,395,1,1,0.9038786731313264
a03,396,1,1,0.9572351724242174
a03,397,1,1,0.8587942328796844
a03,398,1,1,0.8920964227843874
a03,399,1,1,0.98221050032776
a03,400,1,1,0.9070340256781143
a03,401,1,1,0.8972034758354276
a03,402,1,1,0.9458207037773337
a03,403,1,1,0.726573210567971
a03,404,1,1,0.7565182934344968
a03,405,1,1,0.6836062709148867
a03,406,0,1,0.5551232755224621
a03,407,0,1,0.550349547534991
a03,408,0,0,0.3276446927921409
a03,409,0,0,0.42524298184196413
a03,410,0,1,0.8777641390970433
a03,411,1,1,0.7972571847558821
a03,412,1,1,0.7376453007489981
a03,413,1,1,0.6962349919092303
a03,414,1,1,0.8749472082685856
a03,415,1,1,0.568414913231214
a03,416,1,1,0.6757249410591025
a03,417,0,0,0.4846131366855186
a03,418,0,0,0.462933938852399
a03,419,0,0,0.337215474760078
a03,420,0,0,0.45398069140412217
a03,421,0,1,0.6936542059655925
a03,422,0,0,0.46418871375724946
a03,423,0,1,0.5625186891276253
a03,424,0,1,0.5127411477416738
a03,425,0,0,0.4656293894327016
a03,426,0,1,0.6592256770392991
a03,427,1,1,0.7366130622711553
a03,428,1,1,0.8737665913447102
a03,429,1,1,0.8724438314901551
a03,430,1,1,0.8763708582994142
a03,431,1,1,0.9253210148770854
a03,432,1,1,0.9782220333045276
a03,433,1,1,0.9739056800057583
a03,434,1,1,0.836537680821393
a03,435,1,1,0.9395569318311489
a03,436,1,1,0.969397113288441
a03,437,1,1,0.9300896713534176
a03,438,1,1,0.9380754663932368
a03,439,1,1,0.7312291270127379
a03,440,1,1,0.8244196682547692
a03,441,1,1,0.7504451231716595
a03,442,1,1,0.6202694681296147
a03,443,0,1,0.8000407216681943
a03,444,0,0,0.3616332174284097
a03,445,0,0,0.42219954628119055
a03,446,0,0,0.33061911189081844
a03,447,0,0,0.3166618559231722
a03,448,0,0,0.36233938155819745
a03,449,0,0,0.3492947507374126
a03,450,0,0,0.48943324626320706
a03,451,0,0,0.3690709530184862
a03,452,0,0,0.3238677126313276
a03,453,0,0,0.33045526418994253
a03,454,0,1,0.5677939064314828
a03,455,0,1,0.5286826752185813
a03,456,0,0,0.33915610375581645
a03,457,0,0,0.4523383648651362
a03,458,0,0,0.32710055084485706
a03,459,0,0,0.48793246292843084
a03,460,0,0,0.3584111807997737
a03,461,0,0,0.3875531344073995
a03,462,0,0,0.2652635044223366
a03,463,0,0,0.41414912769775775
a03,464,0,0,0.3431655367908156
a03,465,0,0,0.34836107939358113
a03,466,0,0,0.38492074744781357
a03,467,0,0,0.36776756702483676
a03,468,0,1,0.7083888036353734
a03,469,0,1,0.7609587400724367
a03,470,1,0,0.48597900622337536
a03,471,1,1,0.9240905113827718
a03,472,1,1,0.9296639068527014
a03,473,1,1,0.986500731165544
a03,474,1,1,0.8995332922263287
a03,475,1,1,0.9269941810963603
a03,476,1,1,0.9548716233580116
a03,477,1,1,0.8487481299797636
a03,478,1,1,0.6977252622978503
a03,479,1,1,0.9804714055709789
a03,480,1,1,0.8772035429503431
a03,481,1,1,0.9286128851508272
a03,482,1,1,0.9617922061778615
a03,483,1,1,0.9880273781135219
a03,484,1,1,0.8564770899288298
a03,485,1,1,0.9501445807132428
a03,486,1,1,0.8456711806988899
a03,487,1,1,0.9768699638648083
a03,488,1,1,0.8630949941432497
a03,489,1,1,0.8631206684815275
a03,490,1,1,0.8465139406438137
a03,491,1,1,0.6348892849863791
a03,492,0,0,0.39482206128152864
a03,493,0,0,0.38076319225306454
a03,494,0,1,0.5229239965253326
a03,495,0,0,0.2663196611007861
a03,496,0,1,0.6278451083227736
a03,497,0,0,0.48904948263210213
a03,498,0,0,0.32990269750218293
a03,499,0,1,0.6221165658809638
a03,500,0,1,0.8211936710055405
a03,501,0,1,0.7689495174471516
a03,502,0,1,0.5495558513194327
a03,503,0,1,0.9409100373203413
a03,504,0,1,0.7130990542953589
a03,505,0,1,0.5152724398954914
a03,506,0,1,0.8179576723733242
a03,507,1,1,0.8926512577383842
a03,508,1,1,0.5945539470215402
a03,509,1,1,0.6662655452645917
a03,510,1,1,0.9184259193322534
a03,511,1,1,0.8943504507033364
a03,512,1,0,0.4710887528490499
a03,513,1,1,0.9807686004882942
a03,514,1,1,0.913298502708374
a03,515,1,1,0.8912421731176708
a03,516,1,1,0.9755927996150163
a03,517,1,1,0.9796844624544162
a03,518,1,1,0.6869693699456063
a04,1,0,0,0.2920369933244344
a04,2,0,1,0.6429204146633954
a04,3,0,0,0.4014682040281745
a04,4,0,0,0.3224848465685104
a04,5,0,0,0.334777561999076
a04,6,0,1,0.7185519552783878
a04,7,0,0,0.3150171725000781
a04,8,0,0,0.38666312883518766
a04,9,0,0,0.4277201311313893
a04,10,0,0,0.32883691692951533
a04,11,0,0,0.466958876819359
a04,12,0,0,0.35919914664957103
a04,13,0,0,0.4538998610426118
a04,14,0,0,0.43292706478378484
a04,15,0,0,0.3652294021794452
a04,16,0,0,0.3407460338505633
a04,17,0,0,0.36853822421488003
a04,18,0,0,0.30895241780079274
a04,19,0,0,0.38571052377193604
a04,20,0,0,0.32767916738080133
a04,21,0,0,0.29966410680445665
a04,22,0,0,0.3442665343678808
a04,23,0,0,0.3258542343491878
a04,24,0,0,0.33470285110640713
a04,25,0,0,0.39275606770102717
a04,26,0,0,0.35349524958405615
a04,27,0,0,0.42441882860703706
a04,28,0,0,0.4778987459543229
a04,29,0,0,0.3620987846693462
a04,30,0,0,0.3636611326272997
a04,31,0,0,0.3931301411201203
a04,32,0,0,0.34449645315592115
a04,33,0,0,0.35619961020345436
a04,34,0,0,0.4162650783137492
a04,35,1,1,0.7454943170116931
a04,36,1,0,0.3092664265108705
a04,37,1,1,0.5897329910940692
a04,38,1,0,0.48617960055266063
a04,39,1,1,0.6948754153602564
a04,40,1,1,0.5626849014794115
a04,41,1,1,0.6992961580075369
a04,42,1,1,0.7084094946924816
a04,43,1,1,0.589682969781915
a04,44,1,0,0.4793153418556451
a04,45,1,1,0.5898207990483291
a04,46,1,1,0.7463039810974538
a04,47,1,1,0.7313734439119653
a04,48,1,1,0.61238584401308
a04,49,1,1,0.9210355121854149
a04,50,1,1,0.6645252268303002
a04,51,1,1,0.617931004863037
a04,52,1,0,0.35214552959312895
a04,53,1,0,0.4563487919366636
a04,54,1,1,0.640150580119758
a04,55,1,1,0.6683235438537961
a04,56,1,1,0.6586958321289901
a04,57,1,1,0.6314523296245038
a04,58,1,1,0.6313664318838369
a04,59,1,1,0.5819825339642568
a04,60,1,1,0.5776891095562411
a04,61,1,1,0.6436509186884969
a04,62,1,1,0.6507375033127125
a04,63,1,1,0.5666064448005057
a04,64,1,1,0.6126205002370301
a04,65,1,1,0.7328232149471757
a04,66,1,0,0.36844317225139167
a04,67,1,1,0.723385304578499
a04,68,1,1,0.5584010741952716
a04,69,1,1,0.6062226738305395
a04,70,1,1,0.7166862531553643
a04,71,1,1,0.6870153133295097
a04,72,1,1,0.7140970652679873
a04,73,1,0,0.4822416955674947
a04,74,1,0,0.4981707596035049
a04,75,1,1,0.7579519801188006
a04,76,1,1,0.7062814177289413
a04,77,1,1,0.6906103394086842
a04,78,1,1,0.6244152265759274
a04,79,1,1,0.6152269124996197
a04,80,1,1,0.7406960404529369
a04,81,1,1,0.5977179968940572
a04,82,1,0,0.49742786761878804
a04,83,1,1,0.690482407094376
a04,84,1,1,0.5788564861902504
a04,85,1,1,0.5337517429443586
a04,86,1,1,0.5374193959449443
a04,87,1,1,0.721762283966667
a04,88,1,1,0.6385005994118257
a04,89,1,1,0.7978938760387402
a04,90,1,1,0.7435525212383597
a04,91,1,1,0.63798164197361
a04,92,1,1,0.7268524701154325
a04,93,1,1,0.6255204638277029
a04,94,1,1,0.6991897352138848
a04,95,1,1,0.6783997897201515
a04,96,1,1,0.8386646129835924
a04,97,1,1,0.665614514265999
a04,98,1,1,0.7806776631865817
a04,99,1,1,0.8082108686839021
a04,100,1,1,0.7610781108809604
a04,101,1,1,0.7275105537012447
a04,102,1,1,0.710703141376779
a04,103,1,1,0.8016268622968192
a04,104,1,1,0.8356092782921338
a04,105,1,1,0.7605830073256333
a04,106,1,1,0.7923760358665819
a04,107,1,1,0.7249319199759969
a04,108,1,1,0.7807834758947524
a04,109,1,1,0.8233187238963507
a04,110,1,1,0.8443587001167389
a04,111,1,1,0.6056466961510336
a04,112,1,1,0.8098458047108542
a04,113,1,1,0.6857808851657768
a04,114,1,1,0.793914078634865
a04,115,1,1,0.7019149296406941
a04,116,1,1,0.682193580583695
a04,117,1,1,0.6414319326725066
a04,118,1,1,0.8323090742119909
a04,119,1,1,0.5343183418909344
a04,120,1,1,0.546952758064042
a04,121,1,1,0.8250986073775135
a04,122,1,1,0.7266148977747147
a04,123,1,1,0.9130550333230664
a04,124,1,1,0.6460791446264945
a04,125,1,1,0.7262610431586399
a04,126,1,1,0.5954297866466648
a04,127,1,1,0.7262917609148952
a04,128,1,1,0.7319289071743239
a04,129,1,1,0.8521162671731677
a04,130,1,1,0.8106505736694398
a04,131,1,1,0.7699729611858974
a04,132,1,1,0.5774997617875581
a04,133,1,1,0.7007828226300288
a04,134,1,1,0.7945869086304824
a04,135,1,1,0.6194606534394996
a04,136,1,1,0.8197599437535943
a04,137,1,1,0.6168649070723429
a04,138,1,1,0.7208513012496033
a04,139,1,1,0.6895606796244738
a04,140,1,1,0.7353314604426238
a04,141,1,1,0.6814250852771057
a04,142,1,1,0.7448188512262589
a04,143,1,1,0.6381320730424407
a04,144,1,1,0.559078433782996
a04,145,1,1,0.8371185856460781
a04,146,1,1,0.7270548182541131
a04,147,1,1,0.7318567224860715
a04,148,1,1,0.7254061295052269
a04,149,1,1,0.6151071178535746
a04,150,1,1,0.8769681357096631
a04,151,1,1,0.8639406149828037
a04,152,1,1,0.7244212298287662
a04,153,1,1,0.8323110033442839
a04,154,1,1,0.8542424674968893
a04,155,1,1,0.909688707579121
a04,156,1,1,0.5917647444651923
a04,157,1,1,0.7436659569637281
a04,158,1,1,0.6217892853563809
a04,159,1,1,0.7373297221314947
a04,160,1,1,0.7066295253727194
a04,161,1,1,0.6419188277516024
a04,162,1,1,0.6492080879047512
a04,163,1,1,0.6315330283992077
a04,164,1,1,0.6178561722698894
a04,165,1,1,0.6542264991733037
a04,166,1,1,0.5728805063351988
a04,167,1,1,0.6822009509922078
a04,168,1,1,0.6341266868904335
a04,169,1,1,0.7775770359926997
a04,170,1,1,0.753290705587706
a04,171,1,1,0.5254684397862153
a04,172,1,1,0.6606626442885816
a04,173,1,1,0.7019340093638707
a04,174,1,1,0.6809705975164461
a04,175,0,1,0.5801757860535919
a04,176,0,0,0.48715186334610505
a04,177,1,1,0.6501695449779841
a04,178,1,1,0.6393765074495353
a04,179,1,1,0.8236293383810458
a04,180,1,1,0.528750326534386
a04,181,1,0,0.49195840902549925
a04,182,1,1,0.6797114591938539
a04,183,1,1,0.5502536046420456
a04,184,1,1,0.6482981396075994
a04,185,1,1,0.6653616416693842
a04,186,1,1,0.6940096645361146
a04,187,1,1,0.5747213241027923
a04,188,1,1,0.764296246067898
a04,189,1,1,0.5317947931388608
a04,190,1,1,0.6537824907700852
a04,191,1,1,0.6451912012447069
a04,192,1,1,0.7145050771163679
a04,193,1,1,0.7068193460806561
a04,194,1,1,0.6356247347795163
a04,195,1,1,0.7907080464633538
a04,196,1,1,0.7574943455381218
a04,197,1,1,0.6585718772437188
a04,198,1,1,0.8074608789422536
a04,199,1,1,0.7160402736811359
a04,200,1,1,0.6066403548632003
a04,201,1,1,0.6678105557380232
a04,202,1,1,0.5664223045659031
a04,203,1,1,0.7623811223950433
a04,204,1,1,0.9299040343045011
a04,205,1,1,0.6466605270571787
a04,206,1,1,0.6959978475312365
a04,207,1,1,0.7006195480915949
a04,208,1,1,0.8072552446645166
a04,209,1,1,0.7588975281631422
a04,210,1,1,0.8110202082821674
a04,211,1,1,0.6260174297656342
a04,212,1,1,0.8741825180681736
a04,213,1,1,0.6147803574439893
a04,214,1,1,0.741309417283531
a04,215,1,1,0.8431168208229145
a04,216,1,1,0.6909020209007409
a04,217,1,1,0.5328567295504506
a04,218,1,1,0.714718235563242
a04,219,1,0,0.4873250534907521
a04,220,1,1,0.6683499778716536
a04,221,1,0,0.4658939578246065
a04,222,1,0,0.34540432914920755
a04,223,1,1,0.8533811766595948
a04,224,1,1,0.6516899066229255
a04,225,1,1,0.8056916917768049
a04,226,1,1,0.8706871229169233
a04,227,1,1,0.8289178360039827
a04,228,1,1,0.8833663577372595
a04,229,1,1,0.5516410288277787
a04,230,1,1,0.709489271250897
a04,231,1,1,0.7744158135369016
a04,232,1,1,0.6775464682534827
a04,233,1,1,0.7950152761317729
a04,234,1,1,0.8160675745073129
a04,235,1,1,0.5268186428945516
a04,236,1,1,0.791191482858351
a04,237,1,1,0.7588679778908116
a04,238,1,1,0.8356151396802877
a04,239,1,1,0.7649182665465298
a04,240,1,1,0.6347120832962363
a04,241,1,1,0.6497631001207336
a04,242,1,1,0.6015416227137965
a04,243,1,1,0.7305243570873003
a04,244,1,1,0.82907734906205
a04,245,1,1,0.7450800030929796
a04,246,1,1,0.7679521416568658
a04,247,1,1,0.6642956819841389
a04,248,1,1,0.739897767600927
a04,249,1,1,0.5876042732393932
a04,250,1,1,0.722575767296938
a04,251,1,1,0.6054521512670192
a04,252,1,1,0.6952363871996802
a04,253,1,1,0.7395229090997136
a04,254,1,1,0.7242136799580204
a04,255,1,1,0.7995052414890326
a04,256,1,1,0.7101024939315778
a04,257,1,1,0.6015455346232663
a04,258,1,1,0.6110012806883105
a04,259,1,1,0.8312356229609563
a04,260,1,1,0.7686135664579801
a04,261,1,1,0.9726945710538472
a04,262,1,1,0.7001974710662935
a04,263,1,1,0.8324633821600939
a04,264,1,1,0.8303163196493413
a04,265,1,1,0.8814762728900843
a04,266,1,1,0.9281338407423526
a04,267,1,1,0.8880111982184146
a04,268,1,1,0.8784920046881352
a04,269,1,1,0.9007658622916669
a04,270,1,1,0.7981100535955115
a04,271,1,1,0.8682682072509663
a04,272,1,1,0.8687966903674113
a04,273,1,1,0.9036234373144599
a04,274,1,1,0.8460464993144392
a04,275,1,1,0.9014222315064696
a04,276,1,1,0.534868022886194
a04,277,1,1,0.6102615136436891
a04,278,1,1,0.7238457084407189
a04,279,1,1,0.7016355813765415
a04,280,1,1,0.6553712003554478
a04,281,1,1,0.6931615933340025
a04,282,1,1,0.7723645048773684
a04,283,1,1,0.7694467599874484
a04,284,1,1,0.6229809996561464
a04,285,1,1,0.672494052760504
a04,286,1,1,0.7281913904841119
a04,287,1,1,0.7493924623128869
a04,288,1,1,0.6970650399902578
a04,289,1,1,0.8457345600853569
a04,290,1,1,0.8923935822442449
a04,291,1,1,0.7655785109882556
a04,292,1,1,0.7504700485119604
a04,293,1,1,0.8668484697183431
a04,294,1,1,0.7924222406524329
a04,295,1,1,0.8435926312793016
a04,296,1,1,0.8684031299056222
a04,297,1,1,0.8480779481876451
a04,298,1,1,0.8034888896767837
a04,299,1,1,0.6642143358657935
a04,300,1,1,0.7647450414227756
a04,301,1,1,0.8767806324609256
a04,302,1,1,0.8316958955621269
a04,303,1,1,0.7821846940794591
a04,304,1,1,0.7307875835659423
a04,305,1,1,0.7507390818764834
a04,306,1,1,0.5232621066707251
a04,307,1,1,0.7395095835588099
a04,308,1,1,0.8092566674893634
a04,309,1,1,0.809933099533286
a04,310,1,1,0.794448607578392
a04,311,1,1,0.7772768671521704
a04,312,1,1,0.7108745459925953
a04,313,1,1,0.7498449746308918
a04,314,1,1,0.8620691894858118
a04,315,1,1,0.9069395121822152
a04,316,1,1,0.7952984320839339
a04,317,1,1,0.6689984943079448
a04,318,1,1,0.8609547184330985
a04,319,1,1,0.6477478405717577
a04,320,1,1,0.5100504259855677
a04,321,1,1,0.5770332716028838
a04,322,1,1,0.6784308608825229
a04,323,1,1,0.6099907441025914
a04,324,1,1,0.6571594355130757
a04,325,1,1,0.5804284405897437
a04,326,1,1,0.9038034282586397
a04,327,1,1,0.5699725995881249
a04,328,1,1,0.9387263892819854
a04,329,1,1,0.609649813651862
a04,330,1,1,0.8063968445656168
a04,331,1,1,0.6943997776450108
a04,332,1,1,0.740917980500639
a04,333,1,1,0.6786768829785385
a04,334,1,1,0.5466808538455554
a04,335,1,1,0.5031161702317171
a04,336,1,1,0.7484021419034775
a04,337,1,1,0.7398821574834537
a04,338,1,1,0.6153561321043174
a04,339,1,1,0.6970446958274882
a04,340,1,1,0.65660528871965
a04,341,1,1,0.671620697824989
a04,342,1,1,0.6653747423787348
a04,343,1,1,0.7504216353077445
a04,344,1,1,0.5523589210840465
a04,345,1,1,0.5842900797366066
a04,346,1,1,0.8539691415830741
a04,347,1,1,0.7436968147888412
a04,348,1,1,0.5570197692265585
a04,349,1,1,0.757676941575745
a04,350,1,1,0.7004400118841752
a04,351,1,1,0.8776229352969381
a04,352,1,1,0.7573353885695427
a04,353,1,1,0.7809164728792158
a04,354,1,1,0.7234785256597445
a04,355,1,1,0.6975769178267455
a04,356,1,1,0.8290823163470856
a04,357,1,1,0.7867707708896703
a04,358,1,1,0.7506535146886644
a04,359,1,1,0.6879381632182856
a04,360,1,1,0.9277560608179113
a04,361,1,1,0.8100319074565577
a04,362,1,1,0.6466740042665459
a04,363,1,1,0.6623798688388561
a04,364,1,1,0.6645006919947227
a04,365,1,1,0.7066732601853811
a04,366,1,1,0.5482643889764913
a04,367,1,1,0.7230966177757616
a04,368,1,1,0.5085602070545354
a04,369,1,1,0.56483407320443
a04,370,1,1,0.752315048509526
a04,371,1,1,0.7178607015804608
a04,372,1,1,0.7818825157022485
a04,373,1,1,0.6815175558247287
a04,374,1,1,0.670164009139494
a04,375,1,1,0.7669480393103075
a04,376,1,1,0.7632560969638832
a04,377,1,1,0.6637689567190478
a04,378,1,1,0.5601606138983647
a04,379,1,1,0.6883131720846039
a04,380,1,1,0.5084433577090322
a04,381,1,1,0.7732191148579073
a04,382,1,1,0.8050609465431197
a04,383,1,1,0.8473171930321091
a04,384,1,1,0.6501328136494736
a04,385,1,1,0.7630370077328928
a04,386,1,1,0.7208540068511532
a04,387,1,1,0.6874248917946238
a04,388,1,1,0.7841227812880206
a04,389,1,1,0.8695774917952119
a04,390,1,1,0.8034939184363369
a04,391,1,1,0.7324213027198356
a04,392,1,1,0.8690870051944616
a04,393,1,1,0.8182634978016644
a04,394,1,1,0.8434647736388432
a04,395,1,1,0.8589757738923933
a04,396,1,1,0.7661049441770404
a04,397,1,1,0.8326867146043443
a04,398,1,1,0.691774067225712
a04,399,1,1,0.7967451696515739
a04,400,1,1,0.8060343630964576
a04,401,1,1,0.8947520822463142
a04,402,1,1,0.6924999412911578
a04,403,1,1,0.7611654906262485
a04,404,1,1,0.6890872523732571
a04,405,1,1,0.8704763385433626
a04,406,1,1,0.8875545100904072
a04,407,1,1,0.651420877561497
a04,408,1,1,0.6219860534413526
a04,409,1,1,0.5705518084156035
a04,410,1,1,0.5636472438730628
a04,411,1,0,0.4985925447840515
a04,412,1,1,0.5821697952594818
a04,413,1,1,0.6789290942406271
a04,414,1,1,0.6737689681652581
a04,415,1,1,0.6516142395744724
a04,416,1,1,0.717855737990938
a04,417,1,1,0.5820232509757167
a04,418,1,1,0.7483418570616749
a04,419,1,1,0.5706689841838904
a04,420,1,1,0.5756050963279115
a04,421,1,1,0.6778658830308288
a04,422,1,0,0.4700048655852533
a04,423,1,1,0.6275900311853655
a04,424,1,1,0.6071635473741085
a04,425,1,1,0.5026280350316523
a04,426,1,1,0.8530237262502491
a04,427,1,1,0.5117704823145172
a04,428,1,1,0.6579010650760243
a04,429,1,1,0.7723941445622922
a04,430,1,1,0.6789073349172591
a04,431,1,1,0.7184810962300417
a04,432,1,1,0.8801713318679176
a04,433,1,1,0.8494258990886793
a04,434,1,1,0.6971470365267898
a04,435,1,1,0.7642812302132872
a04,436,1,1,0.7613579862291451
a04,437,1,1,0.614536100875077
a04,438,1,1,0.764420614811958
a04,439,1,0,0.4195533422478536
a04,440,1,1,0.7193192026603347
a04,441,1,0,0.37128459083458565
a04,442,1,1,0.8549038517987808
a04,443,1,1,0.6158733676238363
a04,444,1,1,0.8017156423219233
a04,445,1,1,0.8047413198046395
a04,446,1,1,0.5775152019020953
a04,447,1,1,0.8113069338123394
a04,448,1,1,0.7548472429285288
a04,449,1,1,0.7942416753283901
a04,450,1,1,0.7895007373846511
a04,451,1,1,0.6877393468739197
a04,452,1,1,0.697236071229453
a04,453,1,1,0.5697022713382778
a04,454,1,1,0.8749716732551535
a04,455,1,1,0.5336247124647557
a04,456,1,1,0.9596221106133263
a04,457,1,1,0.6981868025134766
a04,458,1,1,0.6233559449266178
a04,459,1,1,0.9263529193362167
a04,460,1,1,0.7356783893231259
a04,461,1,1,0.8994010778016602
a04,462,0,1,0.7750731960160151
a04,463,0,1,0.6319893056964909
a04,464,1,1,0.574174645682909
a04,465,1,1,0.5018701697837018
a04,466,1,1,0.8634385041559293
a04,467,1,1,0.5726497936911812
a04,468,1,1,0.6685202370119596
a04,469,1,1,0.8583858078351806
a04,470,1,1,0.5840902755784977
a04,471,1,1,0.7125700339294302
a04,472,1,1,0.8025395096101571
a04,473,1,1,0.6258941557581631
a04,474,1,1,0.5536337278748279
a04,475,1,1,0.7974780367504848
a04,476,1,1,0.5781437980832911
a04,477,1,1,0.8161479019822648
a04,478,1,1,0.7538713374195141
a04,479,1,1,0.5151110696711978
a04,480,1,1,0.820620986109592
a04,481,1,1,0.7065238989560706
a04,482,1,1,0.8323029856830156
a04,483,1,1,0.7679809496141395
a04,484,1,1,0.7261088982552159
a04,485,1,1,0.7700505911862887
a04,486,1,1,0.8434071648795748
a04,487,1,1,0.8530041149143262
a04,488,1,1,0.7004541338054318
a04,489,1,1,0.7638822683772873
a04,490,1,1,0.8094195042026386
a04,491,1,1,0.9566656363690076
a05,1,0,0,0.4823391770462662
a05,2,0,1,0.530205730218656
a05,3,0,1,0.5073782513832403
a05,4,0,0,0.49349096305317874
a05,5,0,1,0.7307843113395596
a05,6,0,1,0.7176252146377149
a05,7,0,0,0.35431935975312034
a05,8,0,0,0.40073010168642037
a05,9,0,0,0.3391538952867983
a05,10,0,0,0.28376136340945846
a05,11,0,1,0.6226413514122778
a05,12,0,0,0.48745370299095225
a05,13,0,1,0.7003321363317578
a05,14,1,1,0.5786951336235926
a05,15,1,1,0.58322808724249
a05,16,1,1,0.645594837781625
a05,17,1,1,0.5833364969009215
a05,18,1,1,0.625861598590679
a05,19,1,1,0.7874391280435608
a05,20,1,1,0.7799760338457151
a05,21,1,1,0.5059029823070949
a05,22,1,1,0.5917865540038959
a05,23,1,1,0.6726561051860389
a05,24,1,1,0.6455634637040097
a05,25,1,1,0.6044388005258758
a05,26,1,1,0.5240679303943833
a05,27,1,1,0.6792214072759302
a05,28,1,1,0.5742947304686427
a05,29,1,1,0.5720072522150061
a05,30,1,1,0.6057420363098484
a05,31,1,1,0.7281784404802054
a05,32,1,1,0.5863616150388249
a05,33,0,0,0.45279904015563016
a05,34,0,0,0.46799548434463134
a05,35,0,1,0.630614779890625
a05,36,0,0,0.3595212586376231
a05,37,0,1,0.6937884877224216
a05,38,0,0,0.37780926382274443
a05,39,0,0,0.39171904106533995
a05,40,0,1,0.6755786609937717
a05,41,0,1,0.5126308051197505
a05,42,0,0,0.3957067948980877
a05,43,0,1,0.5572033882743179
a05,44,0,0,0.33642328811655237
a05,45,0,0,0.3480399212033187
a05,46,0,0,0.3491953083457197
a05,47,0,0,0.3351485732806513
a05,48,0,1,0.51493677227637
a05,49,0,1,0.8710618341931112
a05,50,0,1,0.5502689426228742
a05,51,0,0,0.35304596600134386
a05,52,0,0,0.3655636507405214
a05,53,0,0,0.3438304203734601
a05,54,0,0,0.36462787073150515
a05,55,0,1,0.5735733129212927
a05,56,0,0,0.4157054213755088
a05,57,0,0,0.38944494006875985
a05,58,0,0,0.39262931579829613
a05,59,0,0,0.40989895570809143
a05,60,0,0,0.4044794875872576
a05,61,0,1,0.5169064012396785
a05,62,0,0,0.4711578749779827
a05,63,0,0,0.46477761370700976
a05,64,0,0,0.37739532443112
a05,65,0,1,0.5534238898341397
a05,66,0,1,0.5251931381648809
a05,67,1,0,0.3821327808641624
a05,68,1,0,0.4369274957239251
a05,69,1,1,0.5781962351330857
a05,70,0,1,0.6424247777008798
a05,71,0,0,0.4947062314722943
a05,72,0,1,0.6152687061489822
a05,73,0,1,0.5162435374124383
a05,74,0,1,0.7363948191436409
a05,75,0,0,0.3664949074148788
a05,76,0,0,0.3408206628701798
a05,77,0,0,0.4138940148644873
a05,78,0,0,0.35307784002550197
a05,79,0,0,0.35498290241772484
a05,80,0,0,0.3797385125622675
a05,81,0,1,0.8430703657786323
a05,82,0,1,0.5120566363782171
a05,83,0,1,0.6715323013698338
a05,84,0,0,0.3575525999382213
a05,85,0,1,0.725875456154204
a05,86,0,1,0.6921472723887768
a05,87,0,1,0.6496345167034324
a05,88,0,1,0.7010919901781291
a05,89,0,0,0.37647937508941015
a05,90,0,1,0.6780269644206762
a05,91,0,0,0.38204840954172403
a05,92,0,0,0.426389837286834
a05,93,1,0,0.48152272213343306
a05,94,1,0,0.4678074630107658
a05,95,1,1,0.5369422855801449
a05,96,1,0,0.47546208356643543
a05,97,1,1,0.5247312466754361
a05,98,1,1,0.5022554887851964
a05,99,1,1,0.5173765136438785
a05,100,1,0,0.4738903721052026
a05,101,1,1,0.5105767002543169
a05,102,1,1,0.6531276093416757
a05,103,1,1,0.6214962409684699
a05,104,1,1,0.6595498620324268
a05,105,1,1,0.5915234280465832
a05,106,1,1,0.561784641130331
a05,107,1,1,0.9186771446275229
a05,108,1,1,0.5856956828048048
a05,109,1,1,0.5409383461426679
a05,110,1,1,0.7672420741114999
a05,111,1,1,0.6182333374681867
a05,112,1,1,0.5952096255815112
a05,113,1,1,0.676357100589926
a05,114,1,1,0.6802692469211957
a05,115,1,1,0.7295549925917215
a05,116,1,1,0.6472158182544545
a05,117,1,1,0.5109051626550158
a05,118,1,1,0.586652108253009
a05,119,1,1,0.6106819632119226
a05,120,1,1,0.7738157968111921
a05,121,1,1,0.752906068239095
a05,122,1,1,0.6820877328924788
a05,123,1,1,0.622206804700324
a05,124,1,1,0.6716207217838225
a05,125,1,1,0.6995457691031344
a05,126,1,1,0.5597300746239864
a05,127,1,1,0.7269261672603461
a05,128,1,1,0.632897461811758
a05,129,1,1,0.8903886610538317
a05,130,1,1,0.6678149124113717
a05,131,1,1,0.5740761225719481
a05,132,1,1,0.5904197969058553
a05,133,1,1,0.7082074246482354
a05,134,1,1,0.6532719692565104
a05,135,1,1,0.6952685166436241
a05,136,1,0,0.49495010717980076
a05,137,1,1,0.5163316372585872
a05,138,1,1,0.6293234217724882
a05,139,1,1,0.7022792405789343
a05,140,1,1,0.5790585046687451
a05,141,1,1,0.6150637712598431
a05,142,1,1,0.5927792916664297
a05,143,1,0,0.3531679430554036
a05,144,1,1,0.6034419380874831
a05,145,1,1,0.6069022928759653
a05,146,1,1,0.7335813678825303
a05,147,1,0,0.4986282983136015
a05,148,1,1,0.5047821887007644
a05,149,1,1,0.8803797346374561
a05,150,0,1,0.8160664934806402
a05,151,0,0,0.45743662152484416
a05,152,0,1,0.6872876974786981
a05,153,0,1,0.6586237498822334
a05,154,0,0,0.41584274264954835
a05,155,0,1,0.6177115849341921
a05,156,0,0,0.3805257943445438
a05,157,0,0,0.41468726128951805
a05,158,0,0,0.46398964528047276
a05,159,1,0,0.4454503282026734
a05,160,1,0,0.3732642230976051
a05,161,1,0,0.2984527544816139
a05,162,1,0,0.46565589163802
a05,163,1,0,0.35264404147798795
a05,164,1,1,0.6279745396671306
a05,165,1,0,0.314027120834088
a05,166,1,0,0.44489603243757475
a05,167,1,1,0.5606232023837228
a05,168,1,1,0.5523848388666199
a05,169,1,0,0.402119827580477
a05,170,1,0,0.4196054668673899
a05,171,1,1,0.5347168105279243
a05,172,1,1,0.5709666186383587
a05,173,1,1,0.6253825670607827
a05,174,1,0,0.47843319217187585
a05,175,1,1,0.5107169814985723
a05,176,1,1,0.6891289713136176
a05,177,1,1,0.7135043720107187
a05,178,1,1,0.66223257801437
a05,179,1,1,0.6221979366945406
a05,180,1,1,0.651139754018649
a05,181,1,1,0.6951203364768553
a05,182,1,1,0.610017383593402
a05,183,1,1,0.5862698765657123
a05,184,1,1,0.5443574319445686
a05,185,1,1,0.5696695327011744
a05,186,1,1,0.7015111468645078
a05,187,1,1,0.5544886542284083
a05,188,1,1,0.5531803376569563
a05,189,1,1,0.5913165630534419
a05,190,1,1,0.762582363687904
a05,191,1,1,0.5322995360951533
a05,192,1,1,0.6160494337911233
a05,193,1,1,0.692798579337725
a05,194,1,1,0.5823936563930534
a05,195,1,1,0.6646883541647993
a05,196,1,1,0.7474489892453614
a05,197,1,1,0.6084271768131364
a05,198,1,0,0.46629124268056815
a05,199,1,1,0.5517723953903381
a05,200,1,1,0.7128911694983052
a05,201,1,1,0.5826698936447181
a05,202,1,1,0.6210327726359003
a05,203,1,1,0.5398980583583733
a05,204,1,1,0.6002185289255803
a05,205,1,1,0.656938486123931
a05,206,1,1,0.6191105594541768
a05,207,1,1,0.600741008524522
a05,208,1,1,0.5058067827408975
a05,209,1,1,0.694712176507556
a05,210,1,1,0.6104144105909455
a05,211,1,1,0.6435768828798066
a05,212,1,0,0.38086914752033457
a05,213,1,1,0.6664423365972777
a05,214,1,1,0.8905096772440078
a05,215,0,1,0.518861745191105
a05,216,0,1,0.5934706262107112
a05,217,0,1,0.833207181831041
a05,218,0,1,0.6949664619954793
a05,219,0,0,0.40781271042745526
a05,220,0,1,0.6251393437846287
a05,221,0,0,0.3384941233892621
a05,222,0,0,0.49973522598129727
a05,223,0,1,0.7950646944546829
a05,224,0,1,0.5225889364832362
a05,225,0,0,0.34332238226096234
a05,226,0,0,0.3443156664400054
a05,227,0,0,0.3597947777366218
a05,228,0,0,0.4811060181963065
a05,229,0,1,0.6765341741065724
a05,230,0,0,0.34902417062356816
a05,231,0,0,0.4038229132310126
a05,232,0,0,0.35993969659664643
a05,233,0,0,0.3485692174279201
a05,234,0,1,0.654306608817998
a05,235,0,0,0.39893626218104966
a05,236,0,1,0.852997659161324
a05,237,0,1,0.9018171512850682
a05,238,1,0,0.45887331963489025
a05,239,0,0,0.4745719264034558
a05,240,0,1,0.8978639225015692
a05,241,0,0,0.3336369249724208
a05,242,0,0,0.4062586828033839
a05,243,0,1,0.6517285163599712
a05,244,0,0,0.36896845418636465
a05,245,0,0,0.470710915215616
a05,246,0,0,0.43018983759807694
a05,247,0,1,0.6732682203718271
a05,248,0,0,0.45491913566406617
a05,249,1,1,0.5021706947509456
a05,250,1,1,0.583815563595656
a05,251,1,1,0.5035136845841122
a05,252,1,1,0.5454669266503652
a05,253,1,0,0.4941691896293127
a05,254,1,1,0.6820818489971973
a05,255,1,0,0.4788605577105371
a05,256,1,1,0.5583651353010723
a05,257,1,1,0.7770713738261342
a05,258,1,1,0.5455419867766754
a05,259,1,0,0.45843557764756504
a05,260,1,1,0.6927286319275706
a05,261,1,1,0.5708810108830623
a05,262,1,1,0.6092424592692075
a05,263,1,1,0.6236176482973299
a05,264,1,1,0.5443030621383292
a05,265,1,0,0.3035481437843426
a05,266,1,1,0.5755596698450925
a05,267,1,1,0.7301873348916667
a05,268,1,1,0.6019432434262402
a05,269,1,0,0.44138213175710467
a05,270,0,0,0.429533864384699
a05,271,0,0,0.37038337199679444
a05,272,0,1,0.9071584940269855
a05,273,1,0,0.4330682470962975
a05,274,1,1,0.5103382167487984
a05,275,1,1,0.560415097366959
a05,276,1,0,0.43942940242632483
a05,277,1,0,0.3851513233991124
a05,278,1,1,0.5681221429394776
a05,279,1,1,0.6595025751160534
a05,280,1,1,0.7048820001067357
a05,281,1,1,0.5303621832975496
a05,282,1,1,0.7188166942162975
a05,283,1,1,0.6836255947897407
a05,284,1,0,0.4911009624573326
a05,285,1,1,0.6626817066398165
a05,286,1,1,0.6682430980922461
a05,287,1,1,0.6986976762612979
a05,288,1,1,0.6310875866619783
a05,289,1,1,0.5555264111100819
a05,290,1,1,0.5836768271932552
a05,291,1,1,0.6754703628269728
a05,292,1,1,0.6976439983285162
a05,293,1,1,0.9718184571295001
a05,294,0,0,0.381949437809378
a05,295,0,1,0.6682126223135887
a05,296,1,1,0.5429730106576792
a05,297,1,1,0.8571101880654057
a05,298,1,1,0.8347958141803942
a05,299,1,1,0.7516652345828759
a05,300,1,1,0.6787733980570968
a05,301,1,1,0.8776977475801533
a05,302,1,1,0.7517174581077285
a05,303,1,1,0.6098916484529
a05,304,1,1,0.7769700687880355
a05,305,1,1,0.8647743277598993
a05,306,1,1,0.8939743743743394
a05,307,1,1,0.924932994437551
a05,308,1,1,0.8731455994326172
a05,309,1,1,0.7885664000657198
a05,310,1,1,0.9352595351496179
a05,311,1,0,0.4242192204397541
a05,312,1,1,0.8376400459651172
a05,313,1,1,0.8932919552824117
a05,314,1,1,0.8363168299279631
a05,315,1,1,0.8217235501091131
a05,316,1,1,0.8460917620112095
a05,317,1,1,0.6818018516119594
a05,318,1,1,0.8494351350136677
a05,319,1,0,0.4315396443178335
a05,320,1,1,0.9015043322608522
a05,321,1,1,0.8459754014385238
a05,322,1,1,0.7992985820035667
a05,323,1,1,0.7165646184180335
a05,324,1,1,0.957601374529136
a05,325,1,1,0.5985354041140288
a05,326,1,1,0.908921084758588
a05,327,1,1,0.6248589436196625
a05,328,1,1,0.9599918160296844
a05,329,1,1,0.9252531476224414
a05,330,1,1,0.7014071495583372
a05,331,1,1,0.5040175444057807
a05,332,1,1,0.6892112961679412
a05,333,1,1,0.7781641853867768
a05,334,1,1,0.8833088217838655
a05,335,1,1,0.9195853875886353
a05,336,1,0,0.4246999598332686
a05,337,1,1,0.7028282586272806
a05,338,0,1,0.6801278353109824
a05,339,1,1,0.5366347169307116
a05,340,0,1,0.5044708973099027
a05,341,1,1,0.8962782972501466
a05,342,1,1,0.7890932461250921
a05,343,1,1,0.5611366873629065
a05,344,1,1,0.805346494803242
a05,345,1,1,0.7580519710343623
a05,346,1,1,0.8909632715876028
a05,347,1,1,0.6171110554954481
a05,348,1,1,0.7834838193486352
a05,349,0,0,0.491905222257903
a05,350,0,0,0.4812577212070659
a05,351,0,1,0.7969617858945763
a05,352,0,1,0.8376181143132235
a05,353,1,1,0.8830911525234363
a05,354,0,0,0.39302138103602613
a05,355,0,0,0.38930394179969413
a05,356,0,0,0.40417460671376076
a05,357,0,1,0.5020178190877664
a05,358,0,0,0.3719151123780437
a05,359,0,1,0.5397201977027036
a05,360,0,0,0.42890911744574284
a05,361,0,1,0.8223835393137143
a05,362,1,0,0.4356936720364246
a05,363,0,1,0.8818068191497218
a05,364,0,1,0.9910693883951658
a05,365,1,1,0.7937195512313114
a05,366,1,0,0.3486311740751589
a05,367,1,0,0.35584632755357626
a05,368,0,0,0.38884040733494735
a05,369,0,1,0.5862977884909265
a05,370,0,0,0.48141928673689355
a05,371,0,0,0.36945251107889254
a05,372,0,1,0.5140801411456057
a05,373,0,0,0.42789124047610855
a05,374,0,0,0.3805156991786642
a05,375,0,0,0.3713755782541198
a05,376,0,0,0.3874242468264649
a05,377,0,0,0.3768662677499331
a05,378,0,0,0.37226947024155294
a05,379,0,0,0.33117088814332474
a05,380,0,0,0.49013590394912854
a05,381,0,0,0.40217266347245223
a05,382,0,0,0.3542024385254822
a05,383,0,0,0.49040727427449066
a05,384,0,0,0.39194529457471844
a05,385,0,0,0.3733119729024588
a05,386,0,0,0.35618611561913477
a05,387,0,0,0.47472791453442664
a05,388,0,0,0.3778062377616717
a05,389,0,0,0.38837692224707104
a05,390,0,1,0.5110125392998585
a05,391,0,0,0.3783132457727158
a05,392,0,0,0.422946607844286
a05,393,0,0,0.33746237574593446
a05,394,0,0,0.4102401962855373
a05,395,0,0,0.36675809118490404
a05,396,0,0,0.34519385600861974
a05,397,0,0,0.38681156973177677
a05,398,0,0,0.48497759974598265
a05,399,0,0,0.37019078828704083
a05,400,0,0,0.35882004451757016
a05,401,0,0,0.36930376505557805
a05,402,0,0,0.35537367621983446
a05,403,0,0,0.40604102215885973
a05,404,0,0,0.3846934139069368
a05,405,0,0,0.4456567965305649
a05,406,0,0,0.402831313865972
a05,407,0,0,0.37349391758435524
a05,408,0,0,0.2595054406369283
a05,409,0,1,0.8596677582504944
a05,410,1,1,0.629173166296734
a05,411,1,0,0.4857783207063139
a05,412,1,1,0.5263529244900302
a05,413,1,0,0.40348597070583514
a05,414,1,1,0.79542032988376
a05,415,1,1,0.511503546353579
a05,416,1,1,0.5550838599543237
a05,417,1,1,0.5683291621853654
a05,418,1,1,0.7311069889994305
a05,419,1,1,0.500041560274034
a05,420,1,1,0.8016385836089912
a05,421,1,1,0.7601612472219038
a05,422,1,1,0.7709838103067643
a05,423,1,1,0.7429110874638319
a05,424,1,0,0.3385196160328833
a05,425,1,1,0.7083200324580495
a05,426,1,1,0.652704462360818
a05,427,1,1,0.5870968810807621
a05,428,1,1,0.5199096308287817
a05,429,1,1,0.756126971171081
a05,430,1,1,0.7542327167187391
a05,431,1,1,0.7154945336710884
a05,432,1,1,0.5466666718727919
a05,433,1,1,0.6090182983414667
a05,434,1,1,0.5562775082695507
a05,435,1,1,0.6294686417263846
a05,436,1,1,0.7392503480837027
a05,437,1,1,0.6757042683265448
a05,438,1,1,0.5295604321476193
a05,439,1,1,0.6597289228621254
a05,440,1,1,0.638212130625252
a05,441,1,1,0.7732455449039869
a05,442,1,1,0.8707787074378003
a05,443,1,1,0.7613395953717315
a05,444,1,1,0.9288228761789452
a05,445,0,1,0.6597678890982658
a05,446,1,0,0.41040118504784845
a05,447,1,1,0.6821232163001754
a05,448,1,1,0.9327692469137282
a05,449,1,0,0.49361133597177154
a05,450,1,1,0.6179696011433891
a05,451,1,1,0.6535025362702607
a05,452,1,1,0.9824716463804337
a05,453,0,0,0.3240891337478543
a06,1,0,0,0.3997315296154696
a06,2,0,0,0.3999872030722256
a06,3,0,1,0.7580875639741496
a06,4,0,1,0.7327121865319807
a06,5,0,1,0.8637484923868244
a06,6,0,1,0.8114093753988946
a06,7,0,0,0.3286756258869996
a06,8,0,1,0.5760806488366604
a06,9,0,0,0.3878163350166803
a06,10,0,0,0.22030936396839648
a06,11,0,0,0.1664696018875192
a06,12,0,0,0.22672201455363597
a06,13,0,0,0.16935603736985452
a06,14,0,0,0.31100949528153354
a06,15,0,1,0.8668679807824471
a06,16,0,0,0.12669664542502135
a06,17,0,0,0.4946377216829534
a06,18,0,0,0.1697768300202723
a06,19,0,0,0.19233249018952106
a06,20,0,0,0.11957666448849119
a06,21,0,0,0.20946892793532157
a06,22,0,0,0.23628950832435947
a06,23,0,0,0.20406779519411292
a06,24,0,0,0.23961432043357966
a06,25,0,0,0.18359466025005164
a06,26,0,0,0.25352838203161554
a06,27,0,0,0.1730843349972414
a06,28,0,0,0.1993523140870102
a06,29,0,0,0.1901561534164791
a06,30,0,0,0.2180986303134502
a06,31,0,0,0.23451978750147384
a06,32,0,0,0.26256735691340344
a06,33,0,0,0.16066653514739104
a06,34,0,0,0.1820905132106112
a06,35,0,0,0.2169583538816285
a06,36,0,0,0.4045419758048568
a06,37,0,0,0.24353805278969873
a06,38,0,0,0.19823278657109208
a06,39,0,0,0.17350015138382227
a06,40,0,0,0.2841328733566858
a06,41,0,0,0.28950341776833327
a06,42,0,0,0.2835378639663433
a06,43,0,0,0.2541888062326749
a06,44,0,0,0.26630534226867414
a06,45,0,0,0.28677252554809535
a06,46,0,0,0.24218423108466222
a06,47,0,0,0.237686114470313
a06,48,0,0,0.3126125498161719
a06,49,0,0,0.2540664015085033
a06,50,0,0,0.29523943765137867
a06,51,0,0,0.2477958942492641
a06,52,0,0,0.33783004279249995
a06,53,0,0,0.25402677927267125
a06,54,0,0,0.2942182569154038
a06,55,0,0,0.2478421299500386
a06,56,0,0,0.27599590222827547
a06,57,0,0,0.28221773929164923
a06,58,0,1,0.6358570511153488
a06,59,0,0,0.3021840160837921
a06,60,0,0,0.3739043728362376
a06,61,0,0,0.26188222946390416
a06,62,0,0,0.3623470873308446
a06,63,1,0,0.4610281647958376
a06,64,1,0,0.29434905200640477
a06,65,1,0,0.41255741222771897
a06,66,1,0,0.18162783840098348
a06,67,1,0,0.24513146080076828
a06,68,1,0,0.19089302694235918
a06,69,1,1,0.612501500175294
a06,70,1,1,0.50346519878153
a06,71,1,0,0.1752786070231925
a06,72,1,0,0.31403467838377197
a06,73,1,1,0.5069473509567377
a06,74,1,0,0.41684688447934504
a06,75,1,1,0.7803977713719574
a06,76,1,0,0.3761666244753811
a06,77,1,0,0.30208269620076617
a06,78,1,0,0.2718324457919969
a06,79,1,0,0.23767252191622681
a06,80,1,0,0.2624171155195731
a06,81,1,0,0.3139800450730734
a06,82,1,0,0.17547248925895415
a06,83,1,0,0.29370634452704003
a06,84,1,0,0.3385886743063144
a06,85,1,0,0.33719445006163035
a06,86,1,0,0.1747078885769847
a06,87,1,0,0.22159413785657875
a06,88,1,0,0.21256355896240287
a06,89,0,0,0.3142855429800811
a06,90,0,0,0.31105121565989724
a06,91,0,0,0.28717249314070065
a06,92,0,0,0.34682332572992236
a06,93,0,0,0.3132750789088269
a06,94,0,0,0.3015698378340694
a06,95,0,1,0.5201940753834323
a06,96,0,0,0.23751573109609356
a06,97,0,0,0.2956191278243326
a06,98,0,0,0.38348438658761325
a06,99,0,0,0.3154992875555924
a06,100,0,0,0.30605934611909263
a06,101,0,0,0.37092132205456746
a06,102,0,0,0.30640701107101354
a06,103,0,0,0.28258771731591825
a06,104,0,0,0.3034333373926706
a06,105,0,1,0.7305974649914253
a06,106,0,1,0.5899291970773078
a06,107,0,0,0.17828123023416806
a06,108,0,0,0.2231211851976409
a06,109,0,0,0.20973199847861945
a06,110,0,0,0.2473202667725015
a06,111,0,0,0.2849532905288283
a06,112,0,0,0.2616855050609506
a06,113,0,0,0.3095175629101765
a06,114,0,0,0.2943733083638058
a06,115,0,0,0.23605738402589843
a06,116,0,0,0.23843855595431826
a06,117,0,0,0.26151521375510195
a06,118,0,0,0.29755070143109835
a06,119,0,0,0.3009581399075117
a06,120,0,0,0.25930890637576803
a06,121,0,0,0.28961423906344635
a06,122,0,0,0.2815163827972591
a06,123,0,0,0.2766480853040464
a06,124,0,0,0.2671364792687155
a06,125,0,0,0.3000826056610018
a06,126,0,0,0.2651378064391071
a06,127,0,0,0.24490635862930732
a06,128,0,0,0.2519905426147162
a06,129,0,1,0.6901316620104568
a06,130,0,0,0.26859294380994825
a06,131,0,0,0.2516435986601579
a06,132,0,0,0.21647130990431165
a06,133,0,0,0.24737655437500128
a06,134,0,0,0.27536024421197614
a06,135,0,0,0.2819355331380617
a06,136,0,0,0.2388449383765344
a06,137,0,0,0.2259918670098837
a06,138,0,0,0.2579411843743576
a06,139,0,0,0.2985140511187773
a06,140,0,0,0.33925803260442294
a06,141,0,0,0.2447033606520099
a06,142,0,0,0.18914486753944526
a06,143,0,0,0.23143611352698037
a06,144,0,1,0.8867431852236056
a06,145,1,0,0.1735709395539234
a06,146,1,0,0.22000143828697896
a06,147,1,0,0.43415471610358763
a06,148,1,0,0.3093749159335567
a06,149,1,0,0.26501933429876134
a06,150,1,1,0.7239584655804359
a06,151,1,1,0.7785346727668916
a06,152,1,0,0.2970207334712214
a06,153,1,0,0.3229574261022071
a06,154,1,0,0.2862932510843602
a06,155,1,0,0.25843265919066194
a06,156,1,0,0.32183715787068684
a06,157,1,1,0.8806617184293919
a06,158,1,0,0.20760560698559646
a06,159,1,0,0.16922072511545436
a06,160,1,0,0.14840489540354207
a06,161,1,0,0.2327042435214038
a06,162,1,0,0.1901962677904207
a06,163,1,0,0.21594404948692986
a06,164,1,0,0.329881289507313
a06,165,1,0,0.4089111377355712
a06,166,1,0,0.40960236855241394
a06,167,1,0,0.35111295539276544
a06,168,1,0,0.25519299839204534
a06,169,1,0,0.2391584812546706
a06,170,1,0,0.38345000533579676
a06,171,1,0,0.43322401739585803
a06,172,1,1,0.5518601304434376
a06,173,1,0,0.48838860444198867
a06,174,1,1,0.5503135689148875
a06,175,1,0,0.36412743041096224
a06,176,1,1,0.7869092184541863
a06,177,1,1,0.5387512404593932
a06,178,1,1,0.7274495517899426
a06,179,1,0,0.2805221245259805
a06,180,0,0,0.4551503636391141
a06,181,0,0,0.47921326509594836
a06,182,0,0,0.2952090109610301
a06,183,0,1,0.8825922307073295
a06,184,0,0,0.3322194608745622
a06,185,0,0,0.4674364315772869
a06,186,0,0,0.2866105204329302
a06,187,0,0,0.20540835937154808
a06,188,0,0,0.4282815262810909
a06,189,0,0,0.42366803363679634
a06,190,0,0,0.3471187832493811
a06,191,1,0,0.3476898078399907
a06,192,1,0,0.42276495973381123
a06,193,1,0,0.3995746569423014
a06,194,1,0,0.2836614087999477
a06,195,1,1,0.5180542141391693
a06,196,1,1,0.6909538075480635
a06,197,1,1,0.5091640136689375
a06,198,1,0,0.32936267860952195
a06,199,1,0,0.4994774634075681
a06,200,1,1,0.5510295629565299
a06,201,1,0,0.4990841126104985
a06,202,1,0,0.36199909803685293
a06,203,1,0,0.45863466017230475
a06,204,1,0,0.1988418663954468
a06,205,1,0,0.27762017419139057
a06,206,1,0,0.34071812124116063
a06,207,1,0,0.3446537063743194
a06,208,1,0,0.38651723890056794
a06,209,1,0,0.35079846774383094
a06,210,1,0,0.45206997862788717
a06,211,1,0,0.4383168259753795
a06,212,1,1,0.520169412412584
a06,213,1,0,0.4799953237900679
a06,214,1,1,0.5159015127787439
a06,215,1,0,0.33778757598492937
a06,216,1,0,0.2656785613425633
a06,217,1,0,0.45970844595532395
a06,218,1,0,0.3302767738643706
a06,219,1,1,0.5628950561923931
a06,220,1,0,0.33502444967133455
a06,221,1,0,0.3501843172625167
a06,222,1,0,0.3177263568198255
a06,223,1,0,0.301115550799645
a06,224,1,0,0.4642785340796674
a06,225,0,0,0.359116299484942
a06,226,0,0,0.36018094948844276
a06,227,0,0,0.32371408389393674
a06,228,0,0,0.3324173750432299
a06,229,0,0,0.2701267795029875
a06,230,0,0,0.29989241811530676
a06,231,0,0,0.45957297886773363
a06,232,0,0,0.27190801006928506
a06,233,0,1,0.5740503961007412
a06,234,0,0,0.3934864615676574
a06,235,0,0,0.29730219688341225
a06,236,0,1,0.622229493094471
a06,237,0,0,0.3900528796994642
a06,238,0,0,0.3896209376768361
a06,239,0,0,0.32691287841943245
a06,240,0,0,0.4105401980466757
a06,241,0,0,0.26261084067883284
a06,242,0,0,0.31827778677290836
a06,243,0,0,0.26145270442410085
a06,244,0,0,0.33140662025160145
a06,245,0,0,0.2944239375858284
a06,246,0,0,0.2791632929758697
a06,247,0,0,0.3036038610470057
a06,248,0,0,0.30197834353226766
a06,249,0,0,0.22382006322422118
a06,250,0,0,0.2747617438635975
a06,251,0,0,0.43778622271311146
a06,252,0,0,0.15757125854325554
a06,253,0,0,0.22449435178927973
a06,254,0,0,0.30704214811408526
a06,255,0,0,0.2798094209171505
a06,256,0,0,0.27202418008467805
a06,257,0,0,0.29801795999667435
a06,258,0,0,0.23427834816345317
a06,259,0,1,0.8485806564071137
a06,260,1,1,0.8310448760553663
a06,261,1,0,0.4635738065416117
a06,262,1,0,0.3402256602943649
a06,263,1,0,0.43185928060758855
a06,264,1,0,0.46103563654674795
a06,265,1,0,0.3984769973498797
a06,266,1,1,0.8983889130866729
a06,267,1,0,0.2493144963394139
a06,268,0,0,0.24956752040296815
a06,269,0,0,0.4258555095179793
a06,270,0,0,0.27617160970920995
a06,271,0,0,0.29708161950641787
a06,272,0,0,0.2373311516332439
a06,273,0,0,0.15697324434924043
a06,274,0,0,0.25310954839994737
a06,275,0,0,0.25036876151161275
a06,276,0,0,0.23148190128844592
a06,277,0,0,0.25341797278587225
a06,278,0,0,0.20434390299222563
a06,279,0,0,0.20794329821009175
a06,280,0,0,0.33994588903244677
a06,281,0,0,0.26373205900537794
a06,282,0,0,0.3206987956807376
a06,283,0,0,0.26320288981630396
a06,284,0,0,0.25615213048276503
a06,285,0,0,0.23866858096267596
a06,286,0,0,0.1349887289072918
a06,287,0,0,0.1786173344488059
a06,288,0,0,0.22139820998541898
a06,289,0,1,0.5052428918989054
a06,290,0,0,0.23166548587241775
a06,291,0,0,0.2268979370822619
a06,292,0,0,0.23658726530114818
a06,293,0,0,0.3011269580234708
a06,294,0,0,0.2793004186315814
a06,295,0,0,0.2086903121309132
a06,296,0,0,0.3327411427583568
a06,297,0,0,0.23358268355518927
a06,298,0,0,0.33611804351897656
a06,299,0,0,0.21626969963673418
a06,300,0,0,0.2136641736398408
a06,301,0,0,0.23762157926421856
a06,302,0,0,0.18102867275091075
a06,303,0,0,0.25398430997713023
a06,304,0,0,0.26779112883695577
a06,305,0,1,0.9262239598533897
a06,306,1,0,0.2061548718662136
a06,307,1,0,0.27652188818453466
a06,308,1,1,0.5973044590553609
a06,309,1,1,0.5385285654605588
a06,310,1,0,0.3342105359869207
a06,311,1,1,0.5429065927954653
a06,312,1,0,0.39821492998032654
a06,313,1,1,0.9049495448809584
a06,314,1,1,0.8055358418612637
a06,315,1,0,0.31589963306837104
a06,316,0,0,0.3618091627496785
a06,317,0,0,0.2938112269475779
a06,318,0,0,0.2088564799501336
a06,319,0,0,0.21508832571510003
a06,320,0,0,0.2927834512292885
a06,321,0,0,0.3528618807640293
a06,322,0,0,0.30945248040184603
a06,323,0,0,0.22866081624804255
a06,324,0,0,0.2875418485414671
a06,325,0,0,0.2737234308046368
a06,326,0,0,0.22491842007216314
a06,327,0,0,0.17025941762963626
a06,328,0,1,0.9397465455280842
a06,329,1,0,0.4018036983161648
a06,330,1,0,0.3217704965812171
a06,331,1,0,0.3167703306087579
a06,332,1,1,0.8176924344170496
a06,333,0,0,0.33063284005283256
a06,334,0,0,0.11240360320429227
a06,335,0,0,0.1939946507663809
a06,336,0,0,0.18097999795779385
a06,337,0,0,0.11687923399607399
a06,338,0,0,0.17600253832345664
a06,339,0,0,0.23216923875841522
a06,340,0,0,0.20889574252743096
a06,341,0,0,0.23809421033022068
a06,342,0,0,0.4464189216733153
a06,343,1,0,0.38677716930562006
a06,344,1,0,0.3469221933115948
a06,345,1,0,0.2895020835649638
a06,346,1,0,0.2249730615311188
a06,347,1,1,0.6354395191467483
a06,348,1,0,0.41962104575332454
a06,349,1,1,0.6244532880768935
a06,350,1,1,0.5965824338599387
a06,351,1,1,0.5733425904911192
a06,352,1,1,0.6740124241702293
a06,353,1,0,0.31174852216465965
a06,354,1,0,0.45669216994124784
a06,355,1,0,0.32660689071221366
a06,356,1,1,0.6244148607170132
a06,357,1,0,0.2921338879510172
a06,358,1,1,0.660006412219905
a06,359,1,1,0.9665740687458358
a06,360,1,0,0.22947479915450603
a06,361,1,0,0.24043432308936163
a06,362,1,0,0.19267880683134406
a06,363,1,0,0.22806995747917572
a06,364,1,0,0.2763353851855278
a06,365,1,0,0.30638046164187355
a06,366,1,0,0.41400712245669413
a06,367,1,0,0.2709395455467678
a06,368,1,0,0.2619855665382311
a06,369,1,0,0.21532686977607807
a06,370,1,0,0.1873270992014696
a06,371,1,0,0.30237866492490206
a06,372,1,0,0.25285175914620506
a06,373,1,0,0.2936452472667191
a06,374,1,0,0.2724245579325374
a06,375,1,0,0.279559411062102
a06,376,1,0,0.4304104363262906
a06,377,1,1,0.6046239736777921
a06,378,1,1,0.7145802252911863
a06,379,1,1,0.5547800999259794
a06,380,1,1,0.6010287752589895
a06,381,1,0,0.4548412180995431
a06,382,1,0,0.2924167097405841
a06,383,1,0,0.2168214325147687
a06,384,1,0,0.3054376332063876
a06,385,1,0,0.35050234559508486
a06,386,1,0,0.2860770083131506
a06,387,1,0,0.22558253310358534
a06,388,1,0,0.38604716331720246
a06,389,1,1,0.91885997743273
a06,390,0,1,0.8918961815998134
a06,391,0,0,0.39448285194961996
a06,392,0,1,0.735495462578685
a06,393,0,1,0.6342866023624151
a06,394,0,0,0.41175855233837455
a06,395,0,0,0.3175590185665917
a06,396,0,0,0.324298098873736
a06,397,0,1,0.5463676796979384
a06,398,0,0,0.35323305967138247
a06,399,0,1,0.5818397223982851
a06,400,0,1,0.651468997313345
a06,401,0,1,0.7615326619694114
a06,402,0,1,0.6049599765250261
a06,403,0,1,0.5369425352056711
a06,404,0,0,0.4310442355510775
a06,405,0,0,0.44584972102004305
a06,406,0,0,0.46500445979921773
a06,407,0,0,0.38652656245922495
a06,408,0,1,0.5483192284586571
a06,409,0,1,0.6492403280604561
a06,410,0,0,0.24220088206585372
a06,411,0,0,0.2994056761188122
a06,412,0,1,0.5100731835419228
a06,413,0,0,0.22421210378307943
a06,414,0,0,0.3887182494593942
a06,415,0,1,0.8009866753435453
a06,416,0,1,0.8511199842396431
a06,417,0,1,0.7287392318487949
a06,418,0,0,0.44543833375762426
a06,419,0,0,0.29072635328778146
a06,420,0,0,0.2867309684083101
a06,421,0,1,0.5570524959666149
a06,422,0,0,0.4443521022860528
a06,423,0,0,0.2606296281214704
a06,424,0,0,0.3553579280899641
a06,425,0,0,0.47033033634095267
a06,426,0,0,0.34019017859613493
a06,427,0,0,0.2988593212657557
a06,428,0,0,0.3340690284235313
a06,429,0,0,0.2788625328208505
a06,430,0,0,0.3165622256160748
a06,431,0,0,0.2691652348738779
a06,432,0,0,0.2909378136261645
a06,433,0,0,0.26283864579539723
a06,434,0,1,0.8661463322232187
a06,435,0,1,0.6253885928294021
a06,436,0,0,0.35402186226577254
a06,437,0,1,0.7378183171758598
a06,438,0,1,0.5502986551415149
a06,439,0,1,0.8875184963307904
a06,440,1,0,0.3514791649189794
a06,441,1,1,0.7030926258241752
a06,442,1,1,0.6256227998141974
a06,443,1,0,0.37760155420387664
a06,444,1,0,0.4640967196323643
a06,445,1,0,0.30520809294826146
a06,446,1,1,0.6229229006634264
a06,447,1,0,0.4495334613150009
a06,448,1,1,0.6500447174009256
a06,449,1,1,0.9861693072309702
a06,450,0,0,0.3706206123373731
a06,451,0,0,0.20127860493044913
a06,452,0,0,0.2726110046830383
a06,453,0,0,0.2918937556782735
a06,454,0,0,0.19625062265931123
a06,455,0,0,0.23024586214604284
a06,456,0,0,0.22259306030895484
a06,457,0,0,0.28963800358382924
a06,458,0,0,0.2002717818125109
a06,459,0,0,0.1370101363943827
a06,460,0,0,0.21987375866890985
a06,461,0,0,0.2939091011123513
a06,462,0,0,0.2644474791904173
a06,463,0,0,0.20447262928028567
a06,464,0,0,0.4572224423862423
a06,465,0,0,0.2772711123777618
a06,466,0,0,0.3428729903247985
a06,467,0,0,0.11182404251785594
a06,468,0,0,0.3146572434510665
a06,469,1,0,0.1913080152327475
a06,470,1,0,0.3023414081968045
a06,471,1,0,0.1811320079391776
a06,472,1,0,0.46641189937722993
a06,473,1,0,0.4048095713299021
a06,474,1,0,0.24827629651342975
a06,475,1,0,0.3029291535281112
a06,476,1,0,0.4740882301894178
a06,477,1,0,0.25746737876088416
a06,478,0,0,0.20851049061809201
a06,479,0,0,0.42400597193527106
a06,480,0,0,0.42891239046054336
a06,481,0,0,0.28897536163053034
a06,482,0,0,0.27282493816941844
a06,483,0,0,0.2818328044248601
a06,484,1,0,0.2876258026100089
a06,485,1,0,0.2521275806575842
a06,486,1,0,0.1923996982471006
a06,487,1,0,0.21020974859936623
a06,488,1,0,0.14132313626103554
a06,489,1,0,0.1481198148601444
a06,490,1,1,0.8653634974102555
a06,491,1,1,0.9740090286376463
a06,492,1,1,0.5350319930583821
a06,493,1,1,0.7116868623880668
a06,494,1,1,0.9417501359145932
a06,495,1,0,0.34784344493282204
a06,496,1,0,0.4027369048687553
a06,497,1,1,0.9075656896548028
a06,498,1,1,0.5462259581836186
a06,499,1,0,0.28706313470677736
a06,500,1,0,0.2644408724826381
a06,501,1,0,0.2652411628986315
a06,502,1,1,0.5416398204270897
a06,503,1,0,0.37271071003644957
a06,504,1,1,0.8739741493827109
a06,505,1,1,0.5140581909441803
a06,506,1,0,0.4943864851182703
a06,507,0,1,0.9309453532994348
a06,508,0,1,0.8254719689146539
a06,509,0,1,0.5677530631757187
a07,1,0,1,0.5980192518940525
a07,2,1,1,0.6317484148306768
a07,3,1,1,0.6111447437839869
a07,4,0,0,0.30562413960134094
a07,5,0,1,0.6449858503196555
a07,6,0,0,0.3500352093143677
a07,7,0,1,0.6839823256733575
a07,8,0,1,0.6898318333805669
a07,9,0,0,0.49142031935079705
a07,10,0,0,0.3938521091031224
a07,11,0,1,0.6006666196002832
a07,12,0,0,0.4454097201324631
a07,13,0,0,0.35004945406491983
a07,14,0,0,0.38301762190897376
a07,15,0,0,0.36326644556414156
a07,16,0,0,0.4467893217337713
a07,17,0,0,0.40017260363786106
a07,18,0,1,0.5110905847337831
a07,19,0,1,0.6393417794123284
a07,20,0,0,0.3277260986323192
a07,21,0,1,0.6408364987986527
a07,22,0,0,0.38267425434509134
a07,23,0,0,0.4004861487633773
a07,24,0,0,0.43676368188980347
a07,25,0,0,0.4410850646687585
a07,26,1,1,0.5059841535784386
a07,27,1,0,0.49743581219601624
a07,28,0,0,0.32632973987457214
a07,29,0,1,0.6341257923915633
a07,30,0,0,0.347739495524905
a07,31,0,0,0.48451682721809447
a07,32,0,0,0.3180391332476437
a07,33,1,1,0.670530253216145
a07,34,0,0,0.4862727689462717
a07,35,0,1,0.5051435608491434
a07,36,0,1,0.6447510307269408
a07,37,1,0,0.4929404400789867
a07,38,0,1,0.6813511558928284
a07,39,0,1,0.6715265302977871
a07,40,0,1,0.5606729530504968
a07,41,0,1,0.5422894608793308
a07,42,0,1,0.5279140034275286
a07,43,1,1,0.7452217940537126
a07,44,0,1,0.8017839757767534
a07,45,0,0,0.4365610821026254
a07,46,0,0,0.4874873624350633
a07,47,0,0,0.47278783396161495
a07,48,0,1,0.5090010577965465
a07,49,0,1,0.7762631674471175
a07,50,0,0,0.42640585782261686
a07,51,0,0,0.48650681634003495
a07,52,0,0,0.40415673889893905
a07,53,0,1,0.6069396902036196
a07,54,0,1,0.6437749069272738
a07,55,1,1,0.7907718049778888
a07,56,1,1,0.5122770101984224
a07,57,1,1,0.7185800825440344
a07,58,1,1,0.5240749153210321
a07,59,1,0,0.4097626476702792
a07,60,1,1,0.5139863705520041
a07,61,1,1,0.5401357231842379
a07,62,1,1,0.5262910484399058
a07,63,1,1,0.6036762458358953
a07,64,1,1,0.64758918874214
a07,65,1,0,0.47301691145660213
a07,66,1,1,0.5982327992831369
a07,67,1,0,0.4993565448533663
a07,68,1,1,0.546851379262149
a07,69,1,1,0.5452240878817441
a07,70,1,0,0.4945989866910989
a07,71,1,1,0.6892688281742151
a07,72,1,0,0.48411244697065514
a07,73,1,1,0.5281138477522282
a07,74,1,0,0.41772250421741236
a07,75,0,1,0.5320283588332559
a07,76,0,0,0.40244262121315605
a07,77,0,0,0.4936369033808138
a07,78,0,1,0.5645886823850665
a07,79,0,1,0.6648640929133623
a07,80,0,1,0.6168854514993232
a07,81,0,0,0.49557193492479834
a07,82,0,1,0.7266270329219391
a07,83,0,0,0.44861330112942843
a07,84,0,0,0.4141395730205892
a07,85,0,0,0.4311280690492586
a07,86,0,0,0.4643603052679787
a07,87,0,0,0.38764570555151073
a07,88,0,0,0.40733099854238397
a07,89,0,0,0.3247258261238819
a07,90,0,0,0.47867769765868406
a07,91,0,0,0.4163582988577384
a07,92,0,1,0.8964996271149562
a07,93,0,0,0.3784234177679396
a07,94,0,1,0.6817601031709672
a07,95,1,1,0.5850652317329122
a07,96,1,1,0.509671826598519
a07,97,1,1,0.8187020799880863
a07,98,1,1,0.5563542884939805
a07,99,1,1,0.9048549661210658
a07,100,1,1,0.5810024352630114
a07,101,0,1,0.53077552830039
a07,102,0,0,0.45751478840496745
a07,103,0,0,0.49671886739934273
a07,104,0,0,0.412429627000643
a07,105,0,0,0.4732659137189026
a07,106,0,1,0.6094138598163134
a07,107,0,0,0.4998922362207888
a07,108,0,1,0.5031683044176931
a07,109,0,1,0.517386255629469
a07,110,0,1,0.6175465586907088
a07,111,0,0,0.4491585355308873
a07,112,0,1,0.6826673500634314
a07,113,0,1,0.618119878748702
a07,114,0,1,0.6416388563340064
a07,115,0,1,0.5714366346160626
a07,116,0,1,0.6548182830346133
a07,117,0,0,0.41672643577932056
a07,118,0,1,0.652920729139631
a07,119,0,1,0.5077755134478661
a07,120,0,1,0.5409658705376414
a07,121,0,1,0.5352447602406376
a07,122,0,1,0.5670379168292684
a07,123,0,0,0.47778100139417795
a07,124,0,1,0.6850117436136152
a07,125,0,1,0.601581580878564
a07,126,0,1,0.5779257137357092
a07,127,0,0,0.2807144593136114
a07,128,0,0,0.34288456372258075
a07,129,0,0,0.3026546572462287
a07,130,0,0,0.338388094265605
a07,131,0,1,0.6533662766322892
a07,132,0,0,0.22954617966499347
a07,133,0,0,0.3057647632928629
a07,134,0,1,0.5206754932481386
a07,135,0,0,0.3732389856596699
a07,136,0,0,0.3394576906569291
a07,137,0,1,0.6270598930316665
a07,138,0,0,0.3566404604559342
a07,139,0,1,0.5980985681074432
a07,140,0,1,0.6241129730805459
a07,141,0,0,0.4885538364673349
a07,142,0,0,0.38750598746966464
a07,143,0,1,0.5593726776453286
a07,144,0,1,0.7600798507418336
a07,145,1,1,0.5354371793734
a07,146,1,1,0.5615067350917191
a07,147,1,1,0.6353531961139297
a07,148,1,0,0.47356219475650524
a07,149,1,0,0.4622292710064627
a07,150,1,1,0.5802553985339359
a07,151,1,0,0.3960042199933533
a07,152,1,1,0.6747253319228004
a07,153,1,1,0.5059948983914928
a07,154,1,0,0.44385947282285787
a07,155,1,0,0.3830899703121808
a07,156,1,0,0.48290564545183945
a07,157,1,1,0.6420844230256647
a07,158,1,1,0.7703437661581579
a07,159,1,1,0.5871756801622774
a07,160,1,1,0.924262696156385
a07,161,1,1,0.8470412160115048
a07,162,1,1,0.7758316356319033
a07,163,1,1,0.9520557202610131
a07,164,0,1,0.9325141106170087
a07,165,1,1,0.8258578653528389
a07,166,1,1,0.5510164994318693
a07,167,1,1,0.8476876170757485
a07,168,0,1,0.9011187989711326
a07,169,0,1,0.8175568660404954
a07,170,0,1,0.564827566454076
a07,171,0,1,0.9365843524651918
a07,172,0,1,0.9566521260122913
a07,173,0,1,0.8260045119901025
a07,174,1,0,0.49900369638451975
a07,175,1,1,0.8552813521133198
a07,176,1,1,0.7037569505715323
a07,177,1,1,0.8766430688741031
a07,178,1,1,0.8386026300627237
a07,179,1,1,0.6755441393402185
a07,180,1,1,0.9061449847151385
a07,181,1,0,0.4898973382264034
a07,182,1,0,0.3586658597629685
a07,183,1,0,0.38234980806949576
a07,184,1,1,0.6905147913805286
a07,185,1,1,0.7389719072977102
a07,186,1,0,0.4173008429197433
a07,187,1,1,0.5283577769439334
a07,188,1,1,0.6867509343795899
a07,189,1,1,0.8530038733866951
a07,190,1,1,0.5342313547299504
a07,191,1,1,0.8764094664160772
a07,192,1,1,0.6504339981340539
a07,193,1,1,0.8061052400224147
a07,194,1,1,0.8135650873517799
a07,195,1,1,0.5963288656740493
a07,196,1,1,0.8736338359023451
a07,197,1,1,0.5607327808522039
a07,198,1,1,0.7928557768053512
a07,199,1,1,0.7793538274021423
a07,200,1,1,0.7912492569000953
a07,201,1,1,0.5725675452744693
a07,202,1,1,0.8309911976663812
a07,203,1,1,0.8378075412787971
a07,204,1,1,0.5696678133161991
a07,205,1,1,0.7585961131368933
a07,206,1,1,0.7750197960555989
a07,207,1,1,0.8505162793070211
a07,208,1,1,0.7949594505884281
a07,209,1,1,0.8268647812350991
a07,210,1,1,0.6851810956612628
a07,211,1,1,0.8850872794496084
a07,212,1,1,0.8371159218053503
a07,213,1,1,0.855733994451062
a07,214,1,1,0.846524716768629
a07,215,1,1,0.7905093411489871
a07,216,1,1,0.8337314260258873
a07,217,1,1,0.753290958085592
a07,218,1,1,0.7267778672903907
a07,219,1,1,0.834114198570723
a07,220,1,1,0.8731754568769171
a07,221,1,1,0.8217105407547134
a07,222,1,1,0.6178863426281218
a07,223,1,1,0.8823307252533414
a07,224,1,1,0.6153010020315598
a07,225,1,1,0.8283153239623252
a07,226,1,1,0.7069653614728099
a07,227,1,1,0.5257740322088856
a07,228,1,1,0.570765746815804
a07,229,1,1,0.8734635321228088
a07,230,1,0,0.39702853534900784
a07,231,1,1,0.7609841102557993
a07,232,1,0,0.43325787553554596
a07,233,1,1,0.6702394998980702
a07,234,1,1,0.5937847903377734
a07,235,1,1,0.5553799975685383
a07,236,1,0,0.4873658604007371
a07,237,1,0,0.46302559342111194
a07,238,1,1,0.5313256935975316
a07,239,1,0,0.3871927636689705
a07,240,1,0,0.4827592749520035
a07,241,1,1,0.7632501464656771
a07,242,1,1,0.7382815728551144
a07,243,1,1,0.583275264676553
a07,244,1,1,0.5699668097122895
a07,245,1,1,0.6357739356985306
a07,246,1,0,0.399067522878168
a07,247,1,1,0.5476827246334214
a07,248,1,1,0.6997863556588906
a07,249,1,1,0.8370494490040176
a07,250,1,1,0.5272144758952039
a07,251,1,1,0.6539361991830714
a07,252,1,1,0.6746229338943623
a07,253,1,1,0.5190117265579873
a07,254,1,1,0.5336604907223543
a07,255,1,1,0.6565497814493545
a07,256,1,1,0.8131398047943788
a07,257,1,0,0.3828851334971942
a07,258,1,1,0.7871651264099179
a07,259,1,1,0.7542527662348565
a07,260,1,0,0.3891147457974206
a07,261,1,1,0.7171673658537587
a07,262,1,1,0.6368180233852151
a07,263,1,1,0.6515709738331423
a07,264,1,1,0.6103149479992344
a07,265,1,1,0.6763954133850949
a07,266,1,1,0.786204371535204
a07,267,1,0,0.36190998127402746
a07,268,1,1,0.736149432409143
a07,269,1,1,0.6607292575697435
a07,270,1,1,0.5305238090011262
a07,271,1,0,0.40017891028036273
a07,272,1,1,0.7058694792864554
a07,273,1,0,0.4009726924594212
a07,274,1,1,0.7137207556051479
a07,275,1,1,0.6987533958096505
a07,276,1,0,0.3718637936362878
a07,277,1,1,0.519849224193363
a07,278,1,1,0.7319838522779398
a07,279,0,1,0.8493316265270189
a07,280,0,0,0.4576356488189739
a07,281,0,1,0.5014289905330047
a07,282,1,1,0.7876743831052295
a07,283,1,1,0.7739778115784016
a07,284,1,1,0.7903640030024638
a07,285,1,1,0.8308884853663225
a07,286,1,1,0.8560123778413448
a07,287,1,1,0.8496852981374897
a07,288,0,1,0.7551306114611958
a07,289,0,1,0.521146136932799
a07,290,0,0,0.398759019912582
a07,291,0,1,0.726818713028645
a07,292,0,1,0.9197460707355768
a07,293,0,1,0.8274128025898011
a07,294,1,1,0.9032529735765584
a07,295,1,1,0.9492642035892732
a07,296,1,1,0.778903376615619
a07,297,1,1,0.7415876971056926
a07,298,1,1,0.8760060121901625
a07,299,1,1,0.6153387399197968
a07,300,1,1,0.9327115990308842
a07,301,1,1,0.7696148907192999
a07,302,1,1,0.7790969250787002
a07,303,1,1,0.8973067730221993
a07,304,1,1,0.8408943094300494
a07,305,0,1,0.6791150738599745
a07,306,0,0,0.39334577456931025
a07,307,0,0,0.36648816736222967
a07,308,0,0,0.43393292885276424
a07,309,0,1,0.5255808231537037
a07,310,1,1,0.6262410992326255
a07,311,1,1,0.5756222219513935
a07,312,1,1,0.674188862437933
a07,313,1,1,0.6028305190954873
a07,314,1,1,0.729979746556207
a07,315,1,1,0.8384183336798247
a07,316,1,1,0.7587884152315281
a07,317,1,1,0.8374783788253334
a07,318,1,1,0.8321227960061757
a07,319,1,1,0.7790986763165969
a07,320,1,1,0.7750265984534744
a07,321,1,1,0.8548878328378179
a07,322,1,1,0.7497001865958527
a07,323,1,1,0.6455268775270209
a07,324,1,1,0.8465653359669681
a07,325,1,1,0.6459298290898566
a07,326,1,1,0.7184476076594771
a07,327,1,1,0.754694504956469
a07,328,1,1,0.7765548964973576
a07,329,1,1,0.6980193946847066
a07,330,1,1,0.5635451049118828
a07,331,1,1,0.6299078194769466
a07,332,1,1,0.8595222237570768
a07,333,1,1,0.7420526279408326
a07,334,1,1,0.7307892125986238
a07,335,1,1,0.7734557100309664
a07,336,1,1,0.6585411431697639
a07,337,1,1,0.6671454270960895
a07,338,1,1,0.8180272651794245
a07,339,1,1,0.8732495562251047
a07,340,1,1,0.7575898646198375
a07,341,1,1,0.6784781623387964
a07,342,1,1,0.7165620732111329
a07,343,1,1,0.7477640107364115
a07,344,0,1,0.6104573172868728
a07,345,0,1,0.569662354049085
a07,346,0,1,0.5016921689985568
a07,347,0,1,0.7053532255014915
a07,348,0,1,0.7449737242731117
a07,349,0,0,0.4162989782097537
a07,350,0,1,0.6126718172761804
a07,351,0,1,0.5914989516743877
a07,352,0,1,0.6139073097675833
a07,353,0,1,0.720617204955765
a07,354,0,1,0.7164694486910337
a07,355,0,0,0.4808233742662975
a07,356,1,1,0.8684075689613674
a07,357,1,1,0.7580397533006501
a07,358,1,1,0.7419126377374242
a07,359,1,1,0.8097317052776155
a07,360,1,1,0.8477745330451811
a07,361,1,1,0.6431003191030931
a07,362,1,1,0.8550427836866774
a07,363,1,1,0.6406994664162848
a07,364,1,1,0.6950523681711053
a07,365,1,1,0.7697020485411318
a07,366,1,1,0.7691272872981219
a07,367,1,1,0.6621297561708168
a07,368,1,1,0.9252619685822843
a07,369,1,1,0.7938422070569388
a07,370,1,0,0.4816244500682542
a07,371,1,1,0.8283164708872125
a07,372,1,1,0.6174981155894962
a07,373,1,1,0.9249750305200122
a07,374,1,1,0.9505401687684244
a07,375,1,1,0.7778240831370433
a07,376,1,1,0.9589363776487936
a07,377,1,1,0.8901351253101892
a07,378,0,1,0.8358839107593111
a07,379,0,1,0.8300264167220769
a07,380,1,1,0.9389808177155925
a07,381,1,1,0.6946792314098291
a07,382,1,1,0.8707089373526963
a07,383,1,1,0.8404659057444054
a07,384,1,1,0.9684111888503343
a07,385,1,1,0.586979985916584
a07,386,0,1,0.5426580486539266
a07,387,1,1,0.8414995044082352
a07,388,1,1,0.7660682736495825
a07,389,1,1,0.7360451830900605
a07,390,1,1,0.7012363632600914
a07,391,0,1,0.682890957600378
a07,392,1,1,0.947835390328652
a07,393,0,1,0.8793922725386141
a07,394,0,1,0.693981624480836
a07,395,0,1,0.5020947704121241
a07,396,0,0,0.34771031693479465
a07,397,0,0,0.4508284643095507
a07,398,0,1,0.6162720327758726
a07,399,1,1,0.8018532295285817
a07,400,1,1,0.7870507891063208
a07,401,0,1,0.8121501544377745
a07,402,1,1,0.8482637651038258
a07,403,0,1,0.7775467672678318
a07,404,1,1,0.7987123416929302
a07,405,1,1,0.5443022125707018
a07,406,0,1,0.7460169426195498
a07,407,0,0,0.469023740809803
a07,408,0,1,0.6022201112426653
a07,409,0,1,0.7265840277037996
a07,410,0,0,0.41348012929282296
a07,411,0,0,0.2549278345796271
a07,412,0,1,0.7395757156966556
a07,413,0,0,0.2715337339183366
a07,414,0,0,0.2623259313064369
a07,415,0,0,0.36871166096276653
a07,416,0,0,0.3941162191307402
a07,417,0,1,0.5378885760031346
a07,418,0,0,0.4555517393760971
a07,419,1,1,0.6514000826588796
a07,420,1,0,0.4941297632541125
a07,421,1,1,0.5400947375000698
a07,422,1,1,0.7360971339747423
a07,423,1,1,0.6615833196004817
a07,424,1,0,0.4811726068789277
a07,425,1,0,0.31537315914398245
a07,426,0,0,0.47067213855847473
a07,427,0,1,0.6378962192134853
a07,428,0,0,0.35685369860637617
a07,429,0,0,0.43640214924504916
a07,430,0,0,0.3420366751950012
a07,431,0,0,0.3292265129514778
a07,432,0,0,0.36429457979704044
a07,433,0,0,0.3711323631333981
a07,434,0,0,0.4156288822858036
a07,435,0,0,0.33615227794215796
a07,436,0,0,0.3587602495889215
a07,437,0,1,0.7577768674854164
a07,438,0,1,0.7197712309464149
a07,439,1,1,0.8605025643738479
a07,440,1,0,0.4901733110448281
a07,441,1,1,0.583515008523649
a07,442,1,1,0.9192693474694225
a07,443,1,1,0.6049317107802941
a07,444,1,1,0.6377856362344628
a07,445,1,1,0.6793886554601043
a07,446,1,1,0.6791384820923406
a07,447,1,0,0.4587310374756379
a07,448,1,1,0.7692550262972035
a07,449,1,1,0.7340091421851709
a07,450,1,1,0.7787308599037887
a07,451,1,1,0.7321373590807719
a07,452,1,1,0.8808857286749445
a07,453,1,1,0.7753331997418812
a07,454,1,1,0.8571604755839302
a07,455,1,1,0.9069655688609748
a07,456,1,1,0.7789432641491918
a07,457,1,1,0.655026177831624
a07,458,1,1,0.9393399081705691
a07,459,1,1,0.7875910208140476
a07,460,1,1,0.9292413980881635
a07,461,1,1,0.6847075100421312
a07,462,1,1,0.8013877247255349
a07,463,1,1,0.9120043072666963
a07,464,1,1,0.740707537509775
a07,465,1,1,0.5884838625356541
a07,466,1,1,0.8391015624111842
a07,467,1,1,0.6978018858342796
a07,468,1,1,0.6839176037805059
a07,469,1,1,0.6669295072363001
a07,470,1,1,0.6489666189651637
a07,471,1,1,0.809393561295892
a07,472,1,1,0.7800370826972415
a07,473,1,1,0.5872953004410303
a07,474,1,1,0.740700764580477
a07,475,1,1,0.755036442493732
a07,476,1,1,0.8868306726940417
a07,477,0,1,0.8615176254037588
a07,478,0,1,0.8162069281585396
a07,479,0,1,0.5538379564934232
a07,480,0,1,0.5721256073899148
a07,481,0,0,0.40025925117022276
a07,482,0,0,0.3338336372816082
a07,483,1,1,0.5220683221493956
a07,484,1,1,0.5460872388413501
a07,485,1,0,0.4284551454535278
a07,486,1,0,0.45054879458196834
a07,487,1,0,0.40590010951429684
a07,488,1,0,0.4068932891749027
a07,489,1,1,0.5756720841861871
a07,490,1,0,0.47457851292536174
a07,491,1,0,0.4113960718606032
a07,492,1,1,0.5980138272700939
a07,493,1,1,0.7308315189755221
a07,494,1,1,0.6703047179550081
a07,495,1,0,0.4382067795267844
a07,496,1,1,0.6322355811412986
a07,497,1,1,0.8943296225347077
a07,498,1,1,0.6863737986005033
a07,499,1,1,0.7908612038259344
a07,500,1,1,0.7184809970650986
a07,501,1,1,0.706129279551634
a07,502,1,1,0.8244972893333605
a07,503,1,1,0.6435155754234085
a07,504,1,1,0.7180615453319126
a07,505,1,0,0.3979072269584534
a07,506,1,0,0.4723751084906302
a07,507,1,1,0.6172494912091996
a07,508,1,1,0.5047338612295392
a07,509,1,1,0.850132588010146
a07,510,1,0,0.08654277083354975
a08,1,0,0,0.34898286091400715
a08,2,0,0,0.28863531479435484
a08,3,0,0,0.28789858427712184
a08,4,0,0,0.3385945561165826
a08,5,0,0,0.36006785164394634
a08,6,0,0,0.309675391123733
a08,7,0,0,0.29025164905967943
a08,8,0,0,0.293491938807753
a08,9,0,0,0.307368478770881
a08,10,0,0,0.3222122630690671
a08,11,0,0,0.3345000878371082
a08,12,0,0,0.3425481184292928
a08,13,0,1,0.5122085046185169
a08,14,0,0,0.29602284997484485
a08,15,0,0,0.32710731838463036
a08,16,0,0,0.4382273483230105
a08,17,0,0,0.32271749218555645
a08,18,0,0,0.31012075822657836
a08,19,0,0,0.3163558525135242
a08,20,0,0,0.29200890445982497
a08,21,0,0,0.31962852190042695
a08,22,0,0,0.31153609267671967
a08,23,0,0,0.3144315337742582
a08,24,0,0,0.3060392021224356
a08,25,0,0,0.3022906909497794
a08,26,0,0,0.3010779376017813
a08,27,0,0,0.39260496274745704
a08,28,0,0,0.4260863995720947
a08,29,0,0,0.3687145119499495
a08,30,0,0,0.36815685931291203
a08,31,0,0,0.4066567794555459
a08,32,0,1,0.5540802738203325
a08,33,1,1,0.6190202388365368
a08,34,1,1,0.519885769175614
a08,35,1,1,0.7606203912427757
a08,36,1,1,0.7049551998025696
a08,37,1,1,0.6366929276928787
a08,38,1,1,0.5226181714333812
a08,39,0,0,0.45453687130872833
a08,40,0,1,0.5795376656140655
a08,41,1,0,0.46999711436399033
a08,42,1,0,0.47454202485669045
a08,43,0,0,0.3991029863337253
a08,44,0,0,0.3290515123901648
a08,45,0,0,0.29903299488519414
a08,46,0,0,0.371610543838107
a08,47,0,0,0.32343012968453266
a08,48,0,0,0.31630802748913234
a08,49,0,0,0.38388159323227306
a08,50,0,0,0.36454317217658766
a08,51,0,0,0.42029971293661816
a08,52,0,1,0.5916985618618701
a08,53,0,1,0.5442240446818367
a08,54,0,1,0.5299636855137373
a08,55,0,1,0.594678485151045
a08,56,0,0,0.4570663867152501
a08,57,0,1,0.7045828901525161
a08,58,0,1,0.6088704667956205
a08,59,0,0,0.3193872107968809
a08,60,1,1,0.7334998762105694
a08,61,1,1,0.6372537784720353
a08,62,0,0,0.2786792438616407
a08,63,1,1,0.6136243619486558
a08,64,1,0,0.40134833559249256
a08,65,0,0,0.3136785276979812
a08,66,0,1,0.6399331046887373
a08,67,0,0,0.3201192181563444
a08,68,0,1,0.5549590319355743
a08,69,0,0,0.27521285691091274
a08,70,0,0,0.30457361277974554
a08,71,0,0,0.3060558603239289
a08,72,0,1,0.691409568925914
a08,73,0,1,0.6695623543283076
a08,74,0,1,0.6618417091892693
a08,75,1,1,0.5838956495083938
a08,76,0,1,0.6844412889969466
a08,77,0,1,0.7448621671164812
a08,78,0,1,0.6697967857621708
a08,79,0,1,0.5545455054947249
a08,80,1,1,0.7729503773702215
a08,81,1,1,0.5209938152275141
a08,82,0,1,0.6268339520557171
a08,83,0,1,0.539632107588407
a08,84,0,1,0.6511200600098969
a08,85,0,1,0.6291713636311764
a08,86,0,1,0.6467974027755102
a08,87,1,1,0.629044549737373
a08,88,1,1,0.6099523903437324
a08,89,0,1,0.8068009056189012
a08,90,1,1,0.6738880115150304
a08,91,1,0,0.46027550128075845
a08,92,1,1,0.5113555952895398
a08,93,0,1,0.6029333170770116
a08,94,1,1,0.6120467228067829
a08,95,1,1,0.6498938913930803
a08,96,1,1,0.7142947362540666
a08,97,1,1,0.6731801007087196
a08,98,1,1,0.5200711629221009
a08,99,1,1,0.7534475934889238
a08,100,1,1,0.5972916274663981
a08,101,1,1,0.7857999058519454
a08,102,0,1,0.602983599348562
a08,103,0,0,0.31916158990268323
a08,104,0,0,0.298038278888205
a08,105,1,0,0.397541045011984
a08,106,1,0,0.35005510530330913
a08,107,1,0,0.4091998755978717
a08,108,1,0,0.43525706106284845
a08,109,0,0,0.45592302415725555
a08,110,0,0,0.3216283036553316
a08,111,0,0,0.36886708565707427
a08,112,0,0,0.43576827048648936
a08,113,0,0,0.28129831733814975
a08,114,0,0,0.31725639171276204
a08,115,0,0,0.281411341622789
a08,116,0,0,0.33537092033838684
a08,117,0,0,0.43197639829611933
a08,118,1,0,0.4873094459558287
a08,119,1,0,0.4753986859370778
a08,120,1,1,0.5590999282753971
a08,121,1,1,0.6597862512191262
a08,122,1,0,0.4712950062115539
a08,123,1,0,0.4796300119858215
a08,124,1,1,0.6075427411995115
a08,125,1,1,0.6418015407329875
a08,126,1,0,0.4872153598502943
a08,127,0,0,0.4033904547379779
a08,128,0,0,0.3619350080546126
a08,129,1,0,0.3482671525963277
a08,130,0,0,0.4838649515101388
a08,131,1,0,0.378962777560948
a08,132,1,1,0.5015564663835634
a08,133,1,0,0.38371843824486435
a08,134,0,1,0.5443932328607868
a08,135,1,1,0.6018786881963869
a08,136,1,1,0.6493642500440533
a08,137,1,0,0.3001585327177329
a08,138,1,1,0.6359019814398799
a08,139,1,1,0.6897568155389139
a08,140,1,0,0.48002317768937913
a08,141,1,1,0.5810655982424483
a08,142,1,0,0.34006337584854596
a08,143,1,1,0.5634163738813798
a08,144,1,0,0.45967970796217145
a08,145,1,0,0.43131810530930814
a08,146,1,1,0.5038219722589747
a08,147,1,1,0.6263367831122727
a08,148,1,1,0.5747505095520399
a08,149,1,1,0.6081775692835036
a08,150,1,1,0.510571224843428
a08,151,1,1,0.5332558856609753
a08,152,1,1,0.5138014455803219
a08,153,1,1,0.6123019831793214
a08,154,1,1,0.7530785488728172
a08,155,1,1,0.629031241960332
a08,156,1,0,0.469574671426098
a08,157,1,1,0.5479835528994478
a08,158,1,1,0.7051095995096726
a08,159,0,0,0.3511271168892002
a08,160,0,0,0.47594167718318076
a08,161,1,1,0.7059291878838465
a08,162,1,1,0.6849786643430203
a08,163,1,0,0.46364851608004487
a08,164,0,0,0.31259006027774794
a08,165,0,0,0.3634568527123485
a08,166,1,1,0.5985634788854244
a08,167,1,0,0.2921106882022549
a08,168,1,0,0.40328112806345146
a08,169,1,1,0.516803936585917
a08,170,1,0,0.29976512035565134
a08,171,0,0,0.3016541595609155
a08,172,0,0,0.4208357010275915
a08,173,0,0,0.37525265419227866
a08,174,0,0,0.29694292640593206
a08,175,0,0,0.4533236784567882
a08,176,0,0,0.3311018313483869
a08,177,0,0,0.2776564488567133
a08,178,0,0,0.2965791803229104
a08,179,0,0,0.2985224298213517
a08,180,0,0,0.304273620690954
a08,181,0,0,0.30100616676377
a08,182,0,0,0.28407655258100567
a08,183,0,0,0.27491279083696907
a08,184,0,0,0.29465236746172807
a08,185,1,0,0.4988470832750127
a08,186,1,0,0.3270998855273671
a08,187,0,0,0.28262360715920287
a08,188,0,0,0.4832116455234485
a08,189,1,0,0.4301136437478724
a08,190,0,0,0.29736341237843306
a08,191,0,0,0.34486152685906807
a08,192,0,0,0.3017182623015103
a08,193,0,0,0.2901936697533717
a08,194,0,0,0.31201018357926275
a08,195,0,0,0.3710104678437725
a08,196,0,0,0.3651001161538365
a08,197,0,0,0.2856343082456628
a08,198,0,0,0.289641753327805
a08,199,0,0,0.26373934518262937
a08,200,0,0,0.25909477187543856
a08,201,0,0,0.2661579587026886
a08,202,0,0,0.3142193712313837
a08,203,0,0,0.3274161601566217
a08,204,0,0,0.2831406909949907
a08,205,0,0,0.2685932471984786
a08,206,0,0,0.2939456420585797
a08,207,0,0,0.33944335281374777
a08,208,0,0,0.2925223690292844
a08,209,0,0,0.34738850571092433
a08,210,0,0,0.2670093059287529
a08,211,0,0,0.3080481316796185
a08,212,0,0,0.3679934102374186
a08,213,0,0,0.31654601504517416
a08,214,0,0,0.3335883742774444
a08,215,0,0,0.3195213158634383
a08,216,0,0,0.30982691779868426
a08,217,0,0,0.29599461661791227
a08,218,0,0,0.3170707319963794
a08,219,0,0,0.3382559673402381
a08,220,0,0,0.4351247686367132
a08,221,0,0,0.3855400768971483
a08,222,0,0,0.340462860382261
a08,223,0,0,0.3964538212161245
a08,224,0,0,0.28772453655586155
a08,225,0,1,0.5060971019248748
a08,226,1,0,0.34761334257184784
a08,227,0,0,0.35138002302431226
a08,228,0,0,0.40726153166251117
a08,229,0,0,0.30589341543878446
a08,230,0,0,0.3548734132860025
a08,231,0,1,0.6280189895792105
a08,232,1,0,0.38303261484952345
a08,233,0,0,0.3246162022101427
a08,234,0,0,0.38414374250737815
a08,235,0,0,0.30494373908240496
a08,236,0,0,0.4853001820747816
a08,237,0,0,0.3075108631294432
a08,238,0,1,0.5105720383296929
a08,239,0,0,0.3128375963117035
a08,240,0,0,0.45899611206498325
a08,241,0,0,0.25953881741784063
a08,242,0,0,0.27132441201351787
a08,243,0,0,0.3807943518739667
a08,244,0,1,0.5250551989546068
a08,245,0,0,0.4381870963305651
a08,246,0,0,0.34936515008017366
a08,247,0,0,0.42806867487146766
a08,248,0,0,0.2962996521738969
a08,249,0,0,0.38526551393460734
a08,250,0,0,0.2995334179292928
a08,251,0,0,0.3436898946487422
a08,252,0,0,0.3190172931429686
a08,253,0,0,0.33289780351372683
a08,254,0,1,0.6445389454911756
a08,255,1,1,0.8303126405961889
a08,256,0,1,0.7235771230625677
a08,257,0,1,0.5778695561697876
a08,258,1,1,0.6960154175451679
a08,259,1,1,0.5819217429107207
a08,260,1,0,0.4444465799552226
a08,261,1,0,0.4512089396430771
a08,262,0,1,0.6735971662644404
a08,263,0,0,0.34154226410337585
a08,264,0,1,0.6702310484285267
a08,265,0,0,0.3276907115563313
a08,266,0,0,0.33871534534921965
a08,267,0,0,0.34484531712915983
a08,268,0,0,0.3835677818433939
a08,269,0,0,0.32979714946594324
a08,270,0,0,0.29646024274655397
a08,271,0,0,0.32690001296724486
a08,272,0,0,0.33501538103815576
a08,273,0,0,0.39854864122487493
a08,274,0,0,0.32186102667764277
a08,275,0,0,0.36633611982004205
a08,276,0,0,0.3518423660710939
a08,277,0,0,0.34532072310496303
a08,278,0,0,0.3593071879073621
a08,279,0,0,0.33174538578975626
a08,280,0,0,0.3437432790061067
a08,281,0,0,0.34268845412468346
a08,282,0,0,0.440869365241699
a08,283,1,0,0.3745527232703297
a08,284,0,1,0.5062262333364328
a08,285,0,0,0.4980460127233624
a08,286,0,0,0.32881375545772845
a08,287,0,0,0.34464052306124016
a08,288,0,0,0.33432692241289924
a08,289,0,0,0.4485821633738029
a08,290,0,0,0.33357408132479704
a08,291,0,0,0.38396981307023903
a08,292,1,0,0.3845602229642044
a08,293,0,0,0.3755975621669689
a08,294,0,0,0.40213790612629874
a08,295,0,0,0.3657852818600292
a08,296,0,0,0.35226980730905894
a08,297,0,1,0.5270868742821342
a08,298,1,0,0.4128223892040329
a08,299,1,0,0.39536903210260366
a08,300,1,1,0.6161882800118764
a08,301,1,0,0.38599136310291343
a08,302,1,0,0.40669072210904134
a08,303,1,1,0.7037724810535562
a08,304,1,0,0.46435717422049616
a08,305,1,0,0.4779389433257988
a08,306,1,1,0.5111268066153164
a08,307,1,1,0.7417486315404908
a08,308,0,1,0.6007653428743958
a08,309,0,0,0.3184660443309934
a08,310,0,0,0.4100236186035114
a08,311,0,0,0.35155092768129603
a08,312,0,0,0.4947619481033729
a08,313,0,0,0.40613027645536404
a08,314,0,0,0.4842185885577194
a08,315,0,1,0.5072238312045855
a08,316,0,0,0.4698807558176373
a08,317,0,0,0.33712177482819206
a08,318,0,0,0.42910766309726
a08,319,0,0,0.3443493389289936
a08,320,0,0,0.45014249177679344
a08,321,0,1,0.5076906115496265
a08,322,0,1,0.713967450815292
a08,323,0,0,0.470809633297266
a08,324,0,0,0.47703170672614503
a08,325,0,1,0.5361625507101259
a08,326,0,0,0.47042339508345493
a08,327,1,1,0.6797175759561206
a08,328,1,1,0.5276615224465242
a08,329,0,0,0.46707777565697384
a08,330,1,0,0.32100782803109557
a08,331,1,1,0.6047529577930096
a08,332,1,1,0.7016161350315118
a08,333,1,0,0.44249626418415
a08,334,1,1,0.516421277292174
a08,335,1,1,0.5830807872945049
a08,336,1,1,0.7243396145371569
a08,337,1,1,0.6533461788531477
a08,338,1,1,0.7427730685338345
a08,339,1,1,0.6073960241212963
a08,340,1,1,0.7812776539534426
a08,341,1,1,0.6442192836972276
a08,342,1,1,0.7390436014447669
a08,343,1,1,0.6167490738838179
a08,344,1,1,0.7821456010606339
a08,345,1,1,0.6742443244570662
a08,346,1,0,0.42991092579372825
a08,347,1,1,0.7208068035566929
a08,348,1,1,0.6863297381559594
a08,349,1,1,0.7211709204080226
a08,350,1,1,0.5894792603997658
a08,351,1,1,0.7463707473223945
a08,352,1,1,0.5275505370605212
a08,353,0,0,0.37110609222005125
a08,354,0,0,0.44076857084191645
a08,355,1,0,0.4777882776109528
a08,356,1,0,0.3262318434858107
a08,357,1,1,0.6841567368730864
a08,358,1,1,0.5264912631664489
a08,359,1,1,0.535876059338941
a08,360,1,1,0.5522700235500192
a08,361,1,0,0.44325482102519753
a08,362,1,1,0.6765262832529109
a08,363,0,0,0.31183476872780896
a08,364,0,1,0.7543816606979646
a08,365,1,0,0.4291508528305441
a08,366,1,1,0.7040800390642338
a08,367,1,0,0.33438315038086563
a08,368,0,0,0.34033068105948194
a08,369,0,0,0.30935467917370174
a08,370,0,0,0.37513553561387003
a08,371,0,0,0.38888525872974067
a08,372,0,0,0.29309895670987207
a08,373,0,0,0.32084674520771206
a08,374,0,0,0.3227620232353234
a08,375,0,0,0.39989663189532815
a08,376,0,0,0.3335033372803397
a08,377,0,0,0.3040707942388293
a08,378,0,0,0.3459795662479554
a08,379,0,0,0.3723480084667628
a08,380,0,0,0.3357646017791586
a08,381,0,0,0.3047756128755931
a08,382,0,1,0.5173165411395332
a08,383,0,0,0.3249903083753757
a08,384,0,0,0.3738642325426543
a08,385,0,0,0.3402597831327628
a08,386,0,0,0.38429735806352217
a08,387,0,0,0.32936703204386325
a08,388,0,0,0.35226272712120443
a08,389,0,0,0.2813543896054119
a08,390,0,0,0.3190750871855081
a08,391,0,0,0.3001891338720232
a08,392,0,0,0.27312233237995476
a08,393,0,0,0.41238468058099415
a08,394,0,0,0.3781936993503372
a08,395,0,0,0.47998136816552867
a08,396,0,0,0.37770463557158934
a08,397,0,1,0.505445465317472
a08,398,0,0,0.2969757457408285
a08,399,0,0,0.38720253855107256
a08,400,0,1,0.6522104857118363
a08,401,1,1,0.6178618440853472
a08,402,1,1,0.5876757906943575
a08,403,1,1,0.7126577359326449
a08,404,1,1,0.6496560256889131
a08,405,1,0,0.41528793320214064
a08,406,1,1,0.6192182713931471
a08,407,1,1,0.5795394722437068
a08,408,1,1,0.6464457719114534
a08,409,1,1,0.6346630517992558
a08,410,1,0,0.49634930613769446
a08,411,1,1,0.7209372768237566
a08,412,1,1,0.7022429084210536
a08,413,1,0,0.4049638973058046
a08,414,1,1,0.6860251535236414
a08,415,1,1,0.7913528366744158
a08,416,1,1,0.6184696023202804
a08,417,1,1,0.6982279989105202
a08,418,1,1,0.692557630758733
a08,419,1,1,0.6249133171803721
a08,420,1,1,0.686157758227735
a08,421,1,1,0.8053652363023366
a08,422,1,1,0.7563335046011153
a08,423,1,1,0.6443832947658658
a08,424,1,1,0.6363439846962462
a08,425,1,1,0.6637658677256927
a08,426,1,1,0.6393557032721551
a08,427,1,0,0.3527020061161693
a08,428,0,1,0.7963398183768806
a08,429,1,0,0.3474049028527437
a08,430,0,0,0.3123840303602081
a08,431,0,0,0.32514779895484197
a08,432,0,0,0.2944634274951271
a08,433,0,0,0.2924364778393241
a08,434,0,0,0.3000464221724588
a08,435,0,0,0.28779136829476676
a08,436,0,0,0.28286457169595436
a08,437,0,0,0.2947913960553439
a08,438,0,0,0.2812617084403
a08,439,0,0,0.30759502291413143
a08,440,0,0,0.29354727962295585
a08,441,0,0,0.287241649201585
a08,442,0,0,0.28561411868431263
a08,443,0,0,0.2920481809566921
a08,444,0,0,0.2877456852390859
a08,445,0,0,0.2912927653998249
a08,446,0,0,0.29938090162024117
a08,447,0,0,0.2742450429976075
a08,448,0,0,0.2669177613403714
a08,449,0,0,0.2916027430958842
a08,450,0,0,0.2901888653204019
a08,451,0,0,0.30511163519489665
a08,452,0,0,0.28070331177583885
a08,453,0,1,0.5697059331439825
a08,454,0,1,0.8672276267850889
a08,455,0,1,0.6669586894097574
a08,456,1,1,0.7018222217698629
a08,457,1,1,0.564812546913533
a08,458,1,1,0.7000439701777145
a08,459,1,1,0.5597607087008126
a08,460,1,1,0.704721121043623
a08,461,1,1,0.7008704324652851
a08,462,1,1,0.6787695937871351
a08,463,1,1,0.7193051995061733
a08,464,1,1,0.6310885863681555
a08,465,1,1,0.5296643614823541
a08,466,1,1,0.5521001063757819
a08,467,1,1,0.8996817443542813
a08,468,1,1,0.6972283724319344
a08,469,1,1,0.6510941804910625
a08,470,1,1,0.7628073361442257
a08,471,1,1,0.6927005464935125
a08,472,1,1,0.8318527160838439
a08,473,1,1,0.6920470698830812
a08,474,1,1,0.7456463007165033
a08,475,1,1,0.6760810298193592
a08,476,1,1,0.7823070578080907
a08,477,1,1,0.6128116485054367
a08,478,1,1,0.7710627525363576
a08,479,1,1,0.6926180754605998
a08,480,1,1,0.7336467696494624
a08,481,1,1,0.9040691282461744
a08,482,0,1,0.6645998323209589
a08,483,0,0,0.3564971523461057
a08,484,0,0,0.43991995839218334
a08,485,0,0,0.3652357772458603
a08,486,0,0,0.4171554276019095
a08,487,0,0,0.25710946031638904
a08,488,0,0,0.37119349622040004
a08,489,0,0,0.32440460319981634
a08,490,0,0,0.4546949300425959
a08,491,0,0,0.452382687349635
a08,492,0,0,0.34197467885183874
a08,493,0,0,0.26519919625291627
a08,494,0,0,0.4989000817774907
a08,495,0,0,0.28031748475030666
a08,496,0,0,0.3115957021953089
a08,497,0,0,0.3404165440914738
a08,498,0,1,0.5169305472961965
a08,499,0,0,0.3838445316785141
a08,500,0,0,0.3563861303243652
a09,1,0,0,0.3087898367774609
a09,2,0,0,0.28812344444557125
a09,3,0,1,0.8227624043510688
a09,4,0,0,0.37597709056162715
a09,5,0,0,0.3631819259072984
a09,6,0,0,0.3758566508108779
a09,7,0,0,0.3066066197154799
a09,8,0,0,0.3021472022981763
a09,9,0,0,0.3550870203019218
a09,10,1,1,0.5000172902480501
a09,11,1,0,0.4117152483044796
a09,12,1,0,0.35895332238354066
a09,13,1,1,0.6235035046688517
a09,14,1,1,0.7246010821824309
a09,15,0,1,0.5918011055624778
a09,16,0,0,0.4010904414808572
a09,17,1,0,0.3198811848254088
a09,18,1,0,0.320256297683124
a09,19,1,0,0.34492172514245595
a09,20,1,0,0.3858055750591641
a09,21,1,0,0.3849187135419305
a09,22,1,0,0.35044371235028804
a09,23,1,0,0.3602633713818618
a09,24,1,0,0.3565802389667128
a09,25,0,0,0.29634532623809695
a09,26,0,0,0.4267743498301468
a09,27,0,0,0.3117354613406003
a09,28,0,0,0.2913357834994425
a09,29,0,0,0.32238808056557827
a09,30,0,0,0.21419878323741454
a09,31,0,0,0.2744966449799935
a09,32,0,0,0.27950071297610873
a09,33,0,0,0.2725284060279579
a09,34,1,0,0.2687663831035316
a09,35,1,0,0.29778022286594114
a09,36,1,0,0.32426324339293
a09,37,1,0,0.32605796279431626
a09,38,1,0,0.39271625655295894
a09,39,1,0,0.28247065309105585
a09,40,1,0,0.34531685145653357
a09,41,1,0,0.3041779500131511
a09,42,1,0,0.3732068034008237
a09,43,1,0,0.33619108359638983
a09,44,1,0,0.303021901488842
a09,45,1,0,0.2649554292221927
a09,46,1,0,0.2963944486348138
a09,47,1,0,0.3238245569372015
a09,48,1,0,0.34982282578928037
a09,49,1,0,0.37090400459326456
a09,50,1,0,0.30014920382751803
a09,51,1,0,0.3125859545680367
a09,52,1,0,0.320146766185668
a09,53,1,0,0.30590458641358154
a09,54,1,0,0.34090620850636066
a09,55,1,0,0.3388330463525431
a09,56,1,0,0.37856849295580636
a09,57,1,0,0.33015980361228553
a09,58,0,0,0.29504903251575515
a09,59,0,0,0.3040921668605583
a09,60,1,0,0.35554968698804923
a09,61,1,0,0.3578255619732015
a09,62,1,0,0.32755098007546624
a09,63,1,0,0.29483933289589287
a09,64,1,0,0.471972293411255
a09,65,1,0,0.38157321775191894
a09,66,1,0,0.3985101071060921
a09,67,1,0,0.3007929639787864
a09,68,1,0,0.3166374514739562
a09,69,1,1,0.6799601025054991
a09,70,1,0,0.29928755402835416
a09,71,1,0,0.29982820030438445
a09,72,1,0,0.3045342808674638
a09,73,1,0,0.31750664961826736
a09,74,1,0,0.304237765811372
a09,75,1,1,0.5792041040049833
a09,76,1,1,0.5837924989687915
a09,77,1,1,0.5081660654673735
a09,78,1,0,0.3042040918440996
a09,79,1,0,0.41330410662781614
a09,80,1,0,0.4392632459105249
a09,81,1,0,0.3907078485364376
a09,82,1,0,0.4137742877280027
a09,83,1,0,0.4766486325398604
a09,84,1,1,0.5805214721671673
a09,85,1,0,0.40777515141768395
a09,86,1,0,0.44164483567452784
a09,87,1,1,0.5402394091576622
a09,88,1,1,0.6395311015077879
a09,89,1,0,0.4057986970910318
a09,90,1,0,0.3615895606781393
a09,91,1,0,0.42626451049848735
a09,92,1,1,0.6596006121675243
a09,93,1,0,0.4719363387435375
a09,94,1,1,0.7889290638754475
a09,95,1,1,0.6165836980023501
a09,96,1,0,0.3557684113948219
a09,97,1,1,0.8495958374040575
a09,98,1,1,0.7204151991083108
a09,99,1,1,0.5941595069980034
a09,100,1,1,0.9520764085187842
a09,101,1,1,0.7300197380282296
a09,102,1,1,0.8191340295142016
a09,103,1,0,0.3465181172529462
a09,104,1,0,0.49370419313491204
a09,105,1,0,0.4903564275251153
a09,106,1,1,0.5850722147804928
a09,107,1,1,0.518325441521945
a09,108,1,0,0.3436125337364939
a09,109,1,1,0.5863850344115742
a09,110,1,0,0.348971244607703
a09,111,1,1,0.6817924802787245
a09,112,1,0,0.3713762987088829
a09,113,1,0,0.3541344137821524
a09,114,1,0,0.42185121358370004
a09,115,1,0,0.21786298280020017
a09,116,1,0,0.3926573341630366
a09,117,1,0,0.35351426492903537
a09,118,1,0,0.3608747989175598
a09,119,1,0,0.3219151218515116
a09,120,0,0,0.3267065239846068
a09,121,0,1,0.540899755112441
a09,122,1,0,0.388109768091416
a09,123,1,0,0.3878182033009968
a09,124,1,1,0.6151461676415187
a09,125,1,0,0.34072776818943745
a09,126,0,0,0.3417047466280739
a09,127,0,0,0.3249843594590344
a09,128,0,0,0.30137635629139237
a09,129,0,0,0.29397099139877847
a09,130,0,0,0.30374923239867
a09,131,1,1,0.6680008060500241
a09,132,1,1,0.5052987236959997
a09,133,1,1,0.5531207704003125
a09,134,1,1,0.6368737246471855
a09,135,1,0,0.314312760606312
a09,136,1,0,0.4039700270529194
a09,137,1,0,0.4104094029252833
a09,138,1,0,0.3000809467732346
a09,139,1,0,0.36891364551359823
a09,140,1,1,0.6045710509665191
a09,141,1,0,0.4404519876562429
a09,142,1,0,0.31017186510127975
a09,143,1,1,0.6751341708034266
a09,144,1,0,0.29765534879367744
a09,145,1,1,0.6555826191843602
a09,146,1,0,0.36538566827280283
a09,147,1,0,0.3716740990455536
a09,148,1,0,0.4086435047346763
a09,149,1,1,0.5541862729455174
a09,150,1,0,0.37584094566304355
a09,151,1,0,0.44461307110773796
a09,152,1,0,0.3149740190048125
a09,153,1,1,0.6654222799236441
a09,154,1,0,0.3448936437022065
a09,155,1,0,0.48842479967938324
a09,156,1,0,0.3860069368162636
a09,157,1,0,0.34059677162972263
a09,158,1,0,0.40885526475668327
a09,159,1,1,0.5160510144047762
a09,160,1,0,0.45121548713666904
a09,161,1,0,0.4502710760423868
a09,162,1,0,0.41209811932439633
a09,163,1,0,0.3211653874691538
a09,164,1,0,0.3531011732095857
a09,165,1,0,0.4995826503625375
a09,166,1,0,0.38365919365430756
a09,167,1,0,0.315916438427474
a09,168,1,0,0.3443789263724325
a09,169,1,0,0.3646082814664788
a09,170,1,0,0.47490536284814766
a09,171,1,1,0.8134601533732816
a09,172,1,0,0.421548706862721
a09,173,1,1,0.8316168776478603
a09,174,1,0,0.46954976648337
a09,175,1,1,0.6387595426893729
a09,176,1,1,0.8527733435756406
a09,177,1,1,0.750747872612447
a09,178,1,1,0.5506557900058823
a09,179,1,1,0.5869595154072191
a09,180,1,1,0.6921180217957759
a09,181,1,1,0.5570824275371855
a09,182,1,0,0.36677337854994846
a09,183,1,1,0.5492647642652291
a09,184,1,1,0.6529719089447139
a09,185,1,0,0.35895271962677444
a09,186,1,0,0.33123820489702116
a09,187,1,1,0.895041265890682
a09,188,1,0,0.3904876626210425
a09,189,1,0,0.4697674609375186
a09,190,1,1,0.6599689383244204
a09,191,1,1,0.8730497605737229
a09,192,1,0,0.3855048864504638
a09,193,1,1,0.8123439155240921
a09,194,1,0,0.37574502477924787
a09,195,1,1,0.5906429509262028
a09,196,1,1,0.8816108178129572
a09,197,1,0,0.34321582217044394
a09,198,1,0,0.455662420866505
a09,199,1,1,0.5165618618590855
a09,200,1,0,0.358103390260052
a09,201,1,1,0.5777009216145714
a09,202,1,0,0.41350003043814704
a09,203,1,0,0.3643942102671368
a09,204,1,1,0.6634709295472399
a09,205,1,0,0.3483695269338711
a09,206,1,0,0.3230490220052259
a09,207,0,0,0.3105720752461501
a09,208,0,0,0.42676978991010256
a09,209,0,0,0.33198211967884594
a09,210,0,0,0.317306865684193
a09,211,0,0,0.30256119123247405
a09,212,0,0,0.31111271462846124
a09,213,0,0,0.3072620977618635
a09,214,0,0,0.3052379708070539
a09,215,0,0,0.3340104009736822
a09,216,0,0,0.3391947056600223
a09,217,0,0,0.27146718791909497
a09,218,0,0,0.2875493821068414
a09,219,0,0,0.3120024516870688
a09,220,0,0,0.30172280632706444
a09,221,0,0,0.30283816191754626
a09,222,0,0,0.34359378618956515
a09,223,0,0,0.30339714684285
a09,224,0,0,0.33891297794364433
a09,225,0,0,0.314584993054678
a09,226,0,0,0.3050500573841972
a09,227,0,0,0.44128752571507945
a09,228,0,0,0.32817961762757136
a09,229,0,1,0.7224821886407912
a09,230,0,0,0.17525512058144901
a09,231,0,0,0.3175105742660067
a09,232,0,0,0.3221424422161714
a09,233,0,0,0.32117909874890105
a09,234,0,0,0.34341547769374225
a09,235,0,0,0.321503652495043
a09,236,0,0,0.32322396848006807
a09,237,0,0,0.41684961829373784
a09,238,1,0,0.40262238556836366
a09,239,1,0,0.4722037544264529
a09,240,1,0,0.38228106950553725
a09,241,1,0,0.3356730677593009
a09,242,0,0,0.3294255359117949
a09,243,0,0,0.25871020696290364
a09,244,1,0,0.4850726744667987
a09,245,1,0,0.4521247111595079
a09,246,1,0,0.46767797773863384
a09,247,0,0,0.30064042753818393
a09,248,0,0,0.32239414040745695
a09,249,0,0,0.3945788147525076
a09,250,1,0,0.33690421496219786
a09,251,1,0,0.33150393850487037
a09,252,1,0,0.21540385045198457
a09,253,1,0,0.3484000896698504
a09,254,0,0,0.29761229960890107
a09,255,0,0,0.32034634455210453
a09,256,0,0,0.4543912958980656
a09,257,0,0,0.30188647377232397
a09,258,0,0,0.29694312911387233
a09,259,0,0,0.2783149006502955
a09,260,0,0,0.2979309946199792
a09,261,0,1,0.749890514177444
a09,262,1,0,0.33111046705270897
a09,263,1,0,0.34917749068401366
a09,264,1,0,0.3497626512383805
a09,265,0,0,0.32848934712580596
a09,266,0,0,0.30045310102633915
a09,267,0,0,0.3173910739413372
a09,268,0,0,0.3559711253815
a09,269,1,0,0.39539422213920583
a09,270,0,0,0.3184685544802915
a09,271,0,0,0.341542814400266
a09,272,0,0,0.4322132638507308
a09,273,0,0,0.35499261421255107
a09,274,0,0,0.3394751616831164
a09,275,0,0,0.4449977674696658
a09,276,0,0,0.31767585845612367
a09,277,0,1,0.5907819386861857
a09,278,1,0,0.31522022714079123
a09,279,1,1,0.5782529086323256
a09,280,1,0,0.357396226529167
a09,281,1,0,0.28861099890573955
a09,282,1,0,0.4514147620920582
a09,283,1,0,0.40199572204372663
a09,284,1,1,0.7816865312204413
a09,285,1,0,0.4782458779988286
a09,286,1,0,0.4024145880342776
a09,287,1,1,0.6699956834111082
a09,288,1,0,0.39481916764039765
a09,289,1,1,0.7513697332353926
a09,290,1,0,0.3701524661305332
a09,291,1,0,0.39926946807602187
a09,292,1,0,0.370764627109385
a09,293,1,0,0.3638314631435651
a09,294,1,0,0.36520433144887854
a09,295,1,1,0.5647206854252009
a09,296,1,1,0.5543327634955317
a09,297,1,1,0.5374547023076408
a09,298,1,1,0.7321114268811538
a09,299,1,0,0.3959855754975689
a09,300,1,0,0.3443252903397727
a09,301,1,1,0.8460695948212402
a09,302,1,0,0.2835606872454211
a09,303,1,0,0.3752677821862227
a09,304,1,0,0.35541638706007045
a09,305,1,0,0.43541091467633564
a09,306,1,0,0.3829643218331072
a09,307,1,0,0.2817593499694022
a09,308,1,0,0.3202777497411781
a09,309,1,0,0.3127089987780011
a09,310,1,0,0.35359929551277247
a09,311,1,0,0.4539209481961827
a09,312,1,0,0.47968117267699545
a09,313,1,0,0.4140721873547457
a09,314,1,0,0.36948453765744466
a09,315,1,0,0.3737203805880703
a09,316,1,0,0.36906103028314
a09,317,1,0,0.34998238086816846
a09,318,1,0,0.39780847380270223
a09,319,1,0,0.35624013472178173
a09,320,1,0,0.4713778790816141
a09,321,1,0,0.3639978172760988
a09,322,1,0,0.33875269949541925
a09,323,1,0,0.36901846657165116
a09,324,1,1,0.5845381257667843
a09,325,1,0,0.4254403437593731
a09,326,1,0,0.316790009905881
a09,327,1,0,0.40986701504649664
a09,328,1,1,0.7268918396394265
a09,329,1,1,0.6332543809130357
a09,330,1,1,0.8394625474516227
a09,331,1,1,0.5726098964536525
a09,332,1,1,0.9222638896300189
a09,333,1,1,0.7075348260417728
a09,334,1,0,0.49508122533060517
a09,335,1,1,0.8148285771762135
a09,336,1,1,0.5619284532068871
a09,337,1,1,0.8084343010081737
a09,338,1,1,0.6051232576104765
a09,339,1,0,0.3746990257847259
a09,340,1,0,0.47775513088356014
a09,341,1,1,0.8410587392206758
a09,342,1,0,0.3634950911792098
a09,343,1,0,0.3213184666331676
a09,344,1,1,0.5600213407008152
a09,345,1,1,0.914895028975067
a09,346,1,0,0.44864878212045917
a09,347,1,1,0.7847141738433662
a09,348,1,0,0.4375040663408349
a09,349,1,0,0.3323417997667901
a09,350,1,0,0.4133793487236106
a09,351,1,0,0.3312107625296062
a09,352,1,1,0.5038155823906072
a09,353,1,0,0.3608000018217282
a09,354,1,0,0.3279819799492777
a09,355,1,0,0.4959806546614292
a09,356,1,0,0.34513491271611163
a09,357,1,0,0.3615217061520236
a09,358,1,0,0.32189628448314045
a09,359,1,0,0.3730049761262492
a09,360,1,0,0.37076730497489896
a09,361,1,1,0.5152046627895683
a09,362,0,0,0.36817287179022123
a09,363,0,0,0.30580426684612333
a09,364,0,0,0.33767720636560894
a09,365,0,0,0.3062250925385484
a09,366,0,0,0.36272686752553956
a09,367,0,0,0.31495782997916294
a09,368,0,0,0.31148562446148065
a09,369,0,0,0.3132702755245735
a09,370,0,0,0.3796002813703705
a09,371,0,0,0.31444032864755206
a09,372,0,0,0.31457634943679696
a09,373,0,0,0.3297997208714611
a09,374,0,0,0.21390635285030912
a09,375,0,0,0.3281377373420611
a09,376,0,0,0.32786077200681685
a09,377,0,0,0.31014848404844514
a09,378,0,0,0.3662622098347229
a09,379,0,0,0.32685876749838855
a09,380,1,0,0.3028584136628182
a09,381,1,0,0.3143480169092841
a09,382,1,0,0.2943202348578978
a09,383,1,0,0.35775410849103345
a09,384,1,0,0.302241749663821
a09,385,1,0,0.2610901877360104
a09,386,1,0,0.4053036318633763
a09,387,1,0,0.3671517119722075
a09,388,1,0,0.4874300960044441
a09,389,1,0,0.3605251791011227
a09,390,1,1,0.6950644323116583
a09,391,1,1,0.6645228978722227
a09,392,1,1,0.8626075659367355
a09,393,1,0,0.34345722522115824
a09,394,1,0,0.36232209150390265
a09,395,1,0,0.373818905135351
a09,396,1,0,0.35496651956418035
a09,397,1,0,0.3302695109888287
a09,398,1,0,0.350265767252142
a09,399,1,0,0.3325316413219345
a09,400,1,0,0.3456224378387089
a09,401,1,0,0.4560440211780023
a09,402,1,1,0.6268373348453562
a09,403,1,0,0.3440089108523153
a09,404,1,0,0.4200774109077132
a09,405,1,0,0.34885694341677537
a09,406,1,1,0.7536409547531906
a09,407,1,1,0.5462403183802608
a09,408,1,1,0.871871677329111
a09,409,1,1,0.6312365258439421
a09,410,1,1,0.512165680431997
a09,411,1,1,0.5271373663511103
a09,412,1,1,0.7909855301290395
a09,413,1,0,0.49716331051848883
a09,414,1,0,0.3425884898856351
a09,415,1,1,0.6470441930249433
a09,416,1,1,0.6894891295503011
a09,417,1,1,0.8187514317387727
a09,418,1,0,0.45418057965677183
a09,419,1,1,0.6517163586824949
a09,420,1,1,0.6045370005368771
a09,421,1,0,0.374746089931112
a09,422,1,1,0.6776994088379876
a09,423,1,0,0.3441397932287492
a09,424,1,0,0.3722679937401936
a09,425,1,0,0.36205742931745655
a09,426,1,0,0.35123989620171847
a09,427,1,0,0.3313647814063444
a09,428,1,0,0.3463163525887038
a09,429,1,0,0.3564798293181219
a09,430,1,1,0.7558128761640461
a09,431,1,0,0.3731161175843713
a09,432,1,0,0.3517205894443025
a09,433,1,1,0.7912475512556821
a09,434,1,1,0.5820822403080677
a09,435,1,0,0.4179674401878998
a09,436,1,0,0.33658117519954567
a09,437,1,0,0.445448849712758
a09,438,1,0,0.3207208745852125
a09,439,1,1,0.5003061487178573
a09,440,0,0,0.3692415299811083
a09,441,0,0,0.32649214916577396
a09,442,0,0,0.3266019534167775
a09,443,0,0,0.32094378243513144
a09,444,0,0,0.31868668331974415
a09,445,0,0,0.3789450341187248
a09,446,0,0,0.31235684611379533
a09,447,0,0,0.2962718898873286
a09,448,0,0,0.2874250909366358
a09,449,0,1,0.525538843008828
a09,450,1,0,0.4430123451761606
a09,451,1,1,0.5129071251186044
a09,452,1,0,0.41609262038583544
a09,453,1,1,0.7479299021531527
a09,454,1,0,0.41449888936834206
a09,455,1,0,0.28042559736934364
a09,456,1,0,0.3735508958670251
a09,457,1,0,0.3432771546930663
a09,458,1,0,0.4505649671314197
a09,459,1,0,0.4412304344541228
a09,460,1,0,0.3447371780529467
a09,461,1,0,0.32713784049353867
a09,462,1,1,0.757922506477734
a09,463,1,0,0.32902762392506096
a09,464,1,0,0.3206841730837295
a09,465,1,1,0.9335146668982588
a09,466,1,0,0.4516045537494148
a09,467,1,0,0.3919761861432707
a09,468,1,1,0.7180865114563919
a09,469,1,1,0.5390340112538916
a09,470,1,0,0.34539397451802023
a09,471,1,1,0.5079891063812749
a09,472,1,0,0.39594803109561755
a09,473,1,0,0.32548259145074154
a09,474,1,1,0.6866951263951346
a09,475,1,0,0.49807893809175063
a09,476,1,0,0.43085884975756
a09,477,1,1,0.8027137071354751
a09,478,1,1,0.6564939908189708
a09,479,1,0,0.3172511733207868
a09,480,1,0,0.3152112331579491
a09,481,1,0,0.3436243015127947
a09,482,1,0,0.34314443485303664
a09,483,1,0,0.3399978019304137
a09,484,1,0,0.3670817127666713
a09,485,1,0,0.3895494765149025
a09,486,1,0,0.32318251717883706
a09,487,1,0,0.42906968490298497
a09,488,1,1,0.9120706560900501
a09,489,1,0,0.4193924350345259
a09,490,1,1,0.8094923070371985
a09,491,1,0,0.36830254409815527
a09,492,1,0,0.3272514111838371
a09,493,1,0,0.3475672940846357
a09,494,1,1,0.5802172558708159
a10,1,0,1,0.8043284454277223
a10,2,0,1,0.6027407318035658
a10,3,0,0,0.47362264799774106
a10,4,0,0,0.3928610278961313
a10,5,0,1,0.5168431140475404
a10,6,0,1,0.668713516094316
a10,7,0,1,0.527844718279
a10,8,0,0,0.4991930558102904
a10,9,0,1,0.6602204551170633
a10,10,0,1,0.5670086458414528
a10,11,0,1,0.6075070550991062
a10,12,0,0,0.44510755253404904
a10,13,0,0,0.27272347682578313
a10,14,0,0,0.3851534402654552
a10,15,0,0,0.404076693132681
a10,16,0,1,0.7879281803045111
a10,17,0,1,0.6130380716921808
a10,18,0,0,0.053291129876945745
a10,19,0,0,0.32722946836265304
a10,20,0,0,0.36798415890226277
a10,21,0,0,0.35580465007470397
a10,22,0,1,0.6394162744859524
a10,23,0,0,0.35080420613553503
a10,24,0,0,0.3755302719345272
a10,25,0,0,0.3804224635535939
a10,26,0,0,0.41310823743441505
a10,27,0,0,0.34699542940806083
a10,28,0,0,0.28912334645469473
a10,29,0,0,0.3509705371027177
a10,30,0,0,0.4116254759639807
a10,31,0,1,0.5441685854945172
a10,32,0,0,0.488598980786657
a10,33,0,0,0.35550243583218005
a10,34,0,0,0.3128961316162543
a10,35,0,1,0.7546123132454192
a10,36,0,0,0.41466958744509286
a10,37,0,0,0.39401315334933695
a10,38,0,0,0.3779571345860404
a10,39,0,1,0.6081054103715859
a10,40,0,0,0.3604746688072333
a10,41,0,0,0.4429503878221662
a10,42,0,0,0.36470924119069403
a10,43,0,0,0.42586939387787504
a10,44,0,0,0.3374219565218249
a10,45,0,0,0.3204547885790061
a10,46,0,1,0.6191161894095667
a10,47,0,0,0.48125656275059825
a10,48,0,1,0.7112525730231848
a10,49,0,0,0.3609546301676718
a10,50,0,0,0.3534792820979504
a10,51,0,0,0.3859393377572718
a10,52,0,0,0.43501520523143655
a10,53,0,0,0.4900057272531491
a10,54,0,1,0.5294220088829571
a10,55,1,0,0.39305764075461236
a10,56,1,1,0.5635358574686945
a10,57,1,0,0.41704722166211294
a10,58,1,1,0.8160092418600097
a10,59,1,0,0.24286228343067814
a10,60,0,1,0.6811219165931852
a10,61,0,1,0.9457204085841612
a10,62,0,0,0.49683314661275463
a10,63,0,1,0.9013792932873422
a10,64,0,1,0.6559815993927621
a10,65,0,1,0.5973807717518288
a10,66,0,1,0.5021448671548174
a10,67,0,0,0.33374103315263964
a10,68,0,0,0.3519771146221402
a10,69,0,0,0.24207857514417264
a10,70,0,0,0.38750349181258814
a10,71,0,0,0.34138441088338173
a10,72,0,0,0.38423097330030165
a10,73,0,0,0.47420551844753367
a10,74,0,0,0.4707913598239648
a10,75,0,0,0.3634104090640232
a10,76,0,0,0.3523590631545406
a10,77,0,0,0.36386123729827813
a10,78,0,0,0.39974419511791104
a10,79,0,0,0.3747204556768123
a10,80,0,0,0.37740122450474894
a10,81,0,0,0.40991269321814827
a10,82,0,1,0.5844441094912359
a10,83,0,0,0.40267239385964415
a10,84,0,0,0.3546707318002902
a10,85,0,0,0.32804364600284946
a10,86,0,1,0.8698248757517053
a10,87,0,0,0.4306891131648103
a10,88,0,1,0.5776131113935351
a10,89,0,0,0.47067467739296254
a10,90,0,0,0.35119782669591115
a10,91,0,0,0.34416459292181073
a10,92,0,0,0.43808663475868304
a10,93,0,0,0.38687683913833026
a10,94,0,1,0.5098961327995234
a10,95,0,0,0.4260384104248595
a10,96,0,0,0.37130469025059676
a10,97,0,0,0.39774785987224925
a10,98,0,0,0.44353209880026756
a10,99,0,0,0.3561576464402818
a10,100,0,0,0.4159845546501704
a10,101,0,0,0.3495272107546233
a10,102,0,0,0.3671699292280639
a10,103,0,0,0.3156343547356116
a10,104,0,0,0.4199527778852783
a10,105,1,0,0.480320868955941
a10,106,1,0,0.4936155538450361
a10,107,1,1,0.5191532016503315
a10,108,1,1,0.6627646671164596
a10,109,1,1,0.6635998920100862
a10,110,1,1,0.5773479104175306
a10,111,1,1,0.708180825392286
a10,112,1,0,0.4869712396529191
a10,113,1,1,0.6252204009112508
a10,114,1,1,0.5752600582179558
a10,115,1,1,0.6612879613686695
a10,116,1,1,0.6111796830303005
a10,117,1,1,0.6340325282409837
a10,118,1,1,0.7223410190625063
a10,119,1,1,0.6885408402725294
a10,120,1,1,0.7129029822947369
a10,121,1,1,0.7190111982432975
a10,122,1,0,0.44478765057829817
a10,123,1,1,0.6151544011295595
a10,124,1,1,0.63964963445094
a10,125,1,1,0.6018237629601036
a10,126,1,1,0.5959969536928813
a10,127,1,1,0.5069914406735725
a10,128,1,1,0.6385259154058909
a10,129,1,0,0.4508546825914192
a10,130,0,0,0.36867958814488194
a10,131,0,0,0.34908897463048344
a10,132,0,0,0.34940437970299715
a10,133,0,0,0.34902660277528225
a10,134,0,0,0.399406358259288
a10,135,0,0,0.35156391374688367
a10,136,0,0,0.34762861144077023
a10,137,0,0,0.3279283746956749
a10,138,0,0,0.329805516296648
a10,139,0,0,0.3638811816423188
a10,140,0,0,0.3721079565738188
a10,141,0,0,0.3411580046064633
a10,142,0,0,0.36007280451337736
a10,143,0,1,0.5412610628726456
a10,144,1,1,0.8585761654251179
a10,145,0,1,0.6359324282235187
a10,146,0,1,0.6009399013750698
a10,147,0,1,0.5973274228920874
a10,148,0,0,0.3581730940431396
a10,149,0,0,0.3665698629545618
a10,150,0,0,0.4332921862654173
a10,151,0,1,0.5589937550555623
a10,152,0,1,0.542560340862954
a10,153,0,0,0.3807074037180753
a10,154,0,1,0.5219022622092916
a10,155,0,1,0.683695545405435
a10,156,0,1,0.5856205420682229
a10,157,0,0,0.38868752725460276
a10,158,0,0,0.343462849595806
a10,159,0,0,0.37535293669886066
a10,160,0,0,0.3762713016993889
a10,161,0,1,0.735428020235593
a10,162,0,0,0.3985960294950604
a10,163,0,0,0.3400847043244341
a10,164,0,0,0.4289992530530172
a10,165,0,1,0.5143258759107115
a10,166,0,0,0.4843490426642522
a10,167,0,0,0.4759505105714063
a10,168,0,0,0.37993020586852155
a10,169,0,1,0.781235331763592
a10,170,0,0,0.3716515002325994
a10,171,0,0,0.36869922439949065
a10,172,0,0,0.36707029526557133
a10,173,0,0,0.41243506463620444
a10,174,0,1,0.6627842177089638
a10,175,0,0,0.3852425758354842
a10,176,0,0,0.37931550113399365
a10,177,0,0,0.3897654141953499
a10,178,0,0,0.31189111636757494
a10,179,0,0,0.49346369635562864
a10,180,0,1,0.5863368141598486
a10,181,0,0,0.3283665435784205
a10,182,0,0,0.3430376614912777
a10,183,0,0,0.32846732882955304
a10,184,0,0,0.3890151287104121
a10,185,0,0,0.35383959831451056
a10,186,0,0,0.37336718942272057
a10,187,0,0,0.45516544924196767
a10,188,0,1,0.5572443109572065
a10,189,0,1,0.6711372863480117
a10,190,0,0,0.28950396363993103
a10,191,0,1,0.828102029223222
a10,192,0,0,0.35900442707061875
a10,193,0,1,0.5829184370781393
a10,194,0,0,0.38494970651113114
a10,195,0,0,0.37296729680761326
a10,196,0,0,0.3520400885996802
a10,197,0,0,0.35300187085853396
a10,198,0,0,0.3515104829570496
a10,199,0,0,0.38834149879314706
a10,200,0,0,0.4029896695985512
a10,201,0,0,0.4276961033156392
a10,202,0,0,0.34338807640719876
a10,203,0,0,0.3894458746569918
a10,204,0,0,0.4002317215897388
a10,205,0,0,0.35204332823471995
a10,206,0,0,0.35371729967536675
a10,207,0,0,0.3470451818710052
a10,208,0,0,0.3822919774064839
a10,209,0,0,0.41410661048739794
a10,210,0,0,0.35140869884436254
a10,211,0,0,0.35083288591891626
a10,212,0,0,0.3662137462476859
a10,213,0,1,0.5864753956740979
a10,214,0,0,0.37197984006924284
a10,215,0,0,0.37001821251575706
a10,216,0,0,0.35854355068956545
a10,217,0,1,0.6739101910348266
a10,218,1,1,0.5168000904685291
a10,219,1,1,0.5487538748264618
a10,220,0,1,0.6175533243100977
a10,221,1,0,0.345124211619527
a10,222,0,1,0.5731507980745705
a10,223,0,0,0.3875848353520697
a10,224,0,1,0.6920623017878982
a10,225,1,1,0.5899712943615464
a10,226,1,0,0.4289773363516645
a10,227,0,1,0.8558629087259735
a10,228,0,0,0.4236621011322301
a10,229,0,1,0.5514933927840745
a10,230,0,0,0.4926130435153476
a10,231,0,1,0.6922279110753575
a10,232,1,1,0.6022704578616059
a10,233,1,1,0.6207088827791029
a10,234,1,1,0.6239317609998014
a10,235,1,1,0.7428064933656476
a10,236,1,1,0.7239264666055693
a10,237,1,1,0.5549158699406848
a10,238,1,1,0.6473596610968041
a10,239,0,1,0.9370784253419204
a10,240,0,0,0.36055192305604483
a10,241,0,0,0.34699549853727224
a10,242,0,0,0.28048828269775045
a10,243,0,0,0.32444852970101984
a10,244,0,0,0.23442193732149
a10,245,0,0,0.42211411550370237
a10,246,0,1,0.5014395639489414
a10,247,0,0,0.34988308249530015
a10,248,0,1,0.7110865764467043
a10,249,0,0,0.3315184008409875
a10,250,0,0,0.38586428915901005
a10,251,0,0,0.4616786758666698
a10,252,0,0,0.3998087594562373
a10,253,0,0,0.3481254845554136
a10,254,0,0,0.49977765705024263
a10,255,0,0,0.27013988414619483
a10,256,0,1,0.8826977603330044
a10,257,0,0,0.4032170624835409
a10,258,0,0,0.4134860026793976
a10,259,0,1,0.5517637616805204
a10,260,0,1,0.8057264187851807
a10,261,0,1,0.6068609748793259
a10,262,0,1,0.5486852876915722
a10,263,0,1,0.8708789650729899
a10,264,1,0,0.3961351792119016
a10,265,0,1,0.6427730973227863
a10,266,0,0,0.38810102106617567
a10,267,0,0,0.37863938910496175
a10,268,0,0,0.3517651969942481
a10,269,0,0,0.39918947061195453
a10,270,0,0,0.4160599902446508
a10,271,0,1,0.5058001579674045
a10,272,0,1,0.5236398428885102
a10,273,0,1,0.8147440765978311
a10,274,1,1,0.7043561496170158
a10,275,1,0,0.37924320615789203
a10,276,0,0,0.37995777064240904
a10,277,0,1,0.6088531637824585
a10,278,0,0,0.34010458894902923
a10,279,0,0,0.3544192436110849
a10,280,0,0,0.34027228299612156
a10,281,0,0,0.28934188184820253
a10,282,0,0,0.30204547323217085
a10,283,0,1,0.5605657811579986
a10,284,0,0,0.46316797331290066
a10,285,0,0,0.42208310321345965
a10,286,0,0,0.3679322143515025
a10,287,0,0,0.37881044487716126
a10,288,0,0,0.3613347799214477
a10,289,0,0,0.32021872536346224
a10,290,0,0,0.30678228559181014
a10,291,0,1,0.6429716865585083
a10,292,0,0,0.4106594266433477
a10,293,0,0,0.4346926427281805
a10,294,0,0,0.3482384585922261
a10,295,0,0,0.4264732432938011
a10,296,0,0,0.40331902955547205
a10,297,0,1,0.5479084766399924
a10,298,0,0,0.405025799582553
a10,299,0,0,0.39338193452986064
a10,300,0,0,0.3672245244791957
a10,301,0,0,0.3912760315063219
a10,302,0,0,0.3837534881662598
a10,303,0,0,0.3240907536616133
a10,304,0,0,0.2998449138529047
a10,305,0,0,0.40960568917447027
a10,306,0,0,0.3972327772508198
a10,307,0,0,0.36275235829589597
a10,308,0,0,0.4645163543133431
a10,309,0,0,0.3789258650484862
a10,310,0,0,0.3993270638346467
a10,311,0,0,0.38915470922720924
a10,312,0,0,0.3672536321957765
a10,313,0,0,0.4045103455926904
a10,314,0,0,0.41317115780462194
a10,315,0,0,0.372206138571945
a10,316,0,0,0.3509026760604371
a10,317,0,0,0.41280809150953507
a10,318,0,0,0.4456198829120791
a10,319,0,0,0.3672875261602285
a10,320,0,0,0.40090220950227984
a10,321,0,1,0.7083448092505751
a10,322,0,1,0.6509861862244448
a10,323,1,1,0.5441646937538525
a10,324,1,1,0.5623186551599171
a10,325,0,0,0.40834588871010724
a10,326,0,0,0.4088757027334924
a10,327,0,0,0.43057735287178006
a10,328,0,0,0.39263858685824293
a10,329,0,0,0.3455812407786459
a10,330,0,0,0.3317119758530264
a10,331,0,0,0.35460903806251826
a10,332,0,0,0.3974187351481642
a10,333,0,1,0.9286078324655006
a10,334,0,0,0.36688773537555197
a10,335,0,0,0.39741237306319677
a10,336,0,1,0.5263151646297691
a10,337,0,1,0.6080257797392511
a10,338,0,0,0.4962432400095462
a10,339,0,1,0.5979076001537463
a10,340,0,0,0.4143844698906147
a10,341,0,1,0.5121344810156422
a10,342,0,0,0.43410258949042396
a10,343,0,0,0.4255660560931567
a10,344,0,1,0.5260326568319598
a10,345,0,0,0.3545949948911875
a10,346,0,1,0.5416973939372552
a10,347,0,0,0.37254376054868504
a10,348,0,0,0.388099047791258
a10,349,0,0,0.47437909556766666
a10,350,0,0,0.3611247985069491
a10,351,0,0,0.3973683790898652
a10,352,0,0,0.35659396857506104
a10,353,0,0,0.44531968213510614
a10,354,0,0,0.4533917730918419
a10,355,0,1,0.5159146192820537
a10,356,0,1,0.6936098251981156
a10,357,0,1,0.611570325872223
a10,358,0,0,0.3903658828885378
a10,359,0,0,0.4307845881820413
a10,360,0,0,0.39492850149350706
a10,361,0,1,0.9642270387100548
a10,362,1,0,0.44913121639977704
a10,363,1,1,0.508118606779174
a10,364,1,1,0.525805413543105
a10,365,1,0,0.39254965824690025
a10,366,1,1,0.9298244945326888
a10,367,1,1,0.9537407068129923
a10,368,0,0,0.4270584095487953
a10,369,0,1,0.6595994696599513
a10,370,1,1,0.6286549530769429
a10,371,1,0,0.42842937516704915
a10,372,0,0,0.34469726993422267
a10,373,0,0,0.3141792979367506
a10,374,0,1,0.6036918752797495
a10,375,0,0,0.2801938154641809
a10,376,0,0,0.2869125172387536
a10,377,0,0,0.33837727627609676
a10,378,0,1,0.6750623703121601
a10,379,0,1,0.9046816826524874
a10,380,0,1,0.5161170376921022
a10,381,0,1,0.5839987979358704
a10,382,0,0,0.43372034650437324
a10,383,0,0,0.3196355845657991
a10,384,0,0,0.3612168702258862
a10,385,0,0,0.4989651954726691
a10,386,0,0,0.4034185816869815
a10,387,0,0,0.3023347998051258
a10,388,0,1,0.5354151471477123
a10,389,0,1,0.8373587214789198
a10,390,0,1,0.5874234887614801
a10,391,0,1,0.6342701713252248
a10,392,0,1,0.553747737619509
a10,393,0,1,0.6473496552152583
a10,394,0,1,0.8301758425398132
a10,395,0,0,0.45195118137022433
a10,396,0,1,0.6534592457486823
a10,397,0,1,0.5508877319553039
a10,398,1,0,0.439928244569651
a10,399,1,1,0.8765747580655908
a10,400,1,0,0.22276004853603668
a10,401,0,1,0.589433721151315
a10,402,0,0,0.3602342637325438
a10,403,0,0,0.3182500257848019
a10,404,0,0,0.33666942641155995
a10,405,0,1,0.6785255666069981
a10,406,0,1,0.5761824012559543
a10,407,0,1,0.616580179283766
a10,408,0,1,0.5491361655910902
a10,409,0,1,0.5006711823164768
a10,410,0,0,0.43904071076720075
a10,411,0,1,0.9699067341685969
a10,412,0,1,0.7379010400810353
a10,413,0,1,0.801275492513582
a10,414,1,1,0.8801475679033498
a10,415,1,1,0.6788759428891279
a10,416,1,1,0.9170657977463588
a10,417,1,0,0.4017411064673645
a10,418,1,0,0.44770957322011196
a10,419,1,1,0.9761924124723195
a10,420,1,0,0.37785182421512503
a10,421,0,0,0.38603968810956385
a10,422,0,0,0.3702311605724049
a10,423,0,0,0.48978796505260885
a10,424,0,0,0.30170322056359206
a10,425,0,0,0.3694979657854177
a10,426,0,0,0.44220703849484716
a10,427,0,0,0.4395866812088511
a10,428,0,0,0.43946424672975903
a10,429,0,0,0.4972669262313356
a10,430,0,0,0.36707644094615105
a10,431,0,0,0.4992712283804085
a10,432,0,0,0.3609854465905014
a10,433,0,1,0.7334460885772746
a10,434,0,1,0.6082837437136293
a10,435,0,0,0.3489044866681621
a10,436,0,0,0.4709414513350276
a10,437,0,1,0.7177856656450194
a10,438,0,1,0.7006192444806694
a10,439,0,0,0.41184725047074777
a10,440,0,0,0.32212994708415843
a10,441,0,1,0.5167751349869236
a10,442,0,0,0.4822645760082515
a10,443,0,0,0.40557247679665204
a10,444,0,0,0.45011424778822356
a10,445,0,1,0.8491832256888296
a10,446,1,0,0.4303936946058412
a10,447,1,1,0.7124711295698605
a10,448,1,1,0.675011045492854
a10,449,1,1,0.7604272537705081
a10,450,1,1,0.959017093588127
a10,451,1,1,0.6779970138249615
a10,452,1,1,0.9357307149351777
a10,453,1,1,0.801952815470022
a10,454,1,1,0.8141051526840177
a10,455,1,1,0.881707379110044
a10,456,1,1,0.817937312165625
a10,457,1,1,0.9581907878647293
a10,458,1,1,0.5213913475308188
a10,459,0,0,0.4112737868416586
a10,460,0,0,0.29783123922737476
a10,461,0,1,0.5910781030861781
a10,462,1,1,0.584442862850474
a10,463,1,1,0.7722459725327154
a10,464,1,0,0.35175652574574856
a10,465,0,0,0.4865153948183284
a10,466,0,1,0.8922376866779773
a10,467,1,0,0.41398653827023707
a10,468,0,1,0.5194642026371085
a10,469,0,1,0.5796830975456465
a10,470,0,0,0.4033265451744043
a10,471,0,0,0.4221133364134349
a10,472,0,0,0.3778356108193302
a10,473,0,0,0.3794752861947101
a10,474,0,0,0.48687333178947284
a10,475,0,0,0.47100137175609097
a10,476,0,0,0.372797155962027
a10,477,0,0,0.4228737024412682
a10,478,0,0,0.3691102010804157
a10,479,0,0,0.3691815903990534
a10,480,0,0,0.3709607437831753
a10,481,0,0,0.32753379484785056
a10,482,0,1,0.9065522690375125
a10,483,0,0,0.25666039422597975
a10,484,0,1,0.9234072218960644
a10,485,0,0,0.37839347636451737
a10,486,0,1,0.6155260491386756
a10,487,0,1,0.6343469963943013
a10,488,0,0,0.48399670003714107
a10,489,0,0,0.49604514657452514
a10,490,0,0,0.46989280654008725
a10,491,0,1,0.6223493197161531
a10,492,0,1,0.9310803425235381
a10,493,0,1,0.732817745132271
a10,494,0,1,0.9165284705218787
a10,495,0,0,0.4122479866218814
a10,496,0,1,0.8319350487515903
a10,497,0,1,0.9443806051316535
a10,498,0,1,0.6158444212382151
a10,499,0,1,0.940767808944986
a10,500,1,1,0.7376327400630093
a10,501,1,0,0.38290727613267
a10,502,1,1,0.6564989595737822
a10,503,1,1,0.9684836294519881
a10,504,1,1,0.5638256037375691
a10,505,1,1,0.5080456008592775
a10,506,1,1,0.8229159780759217
a10,507,1,1,0.7179979411795506
a10,508,1,1,0.6635943627567316
a10,509,1,1,0.9075264030203487
a10,510,1,1,0.5808190906707358
a10,511,1,0,0.48157236313424706
a10,512,1,1,0.8315281649244765
a10,513,1,1,0.6169194793376886
a10,514,1,0,0.4025159248090764
a10,515,1,1,0.7380359953349853
a10,516,1,1,0.6356937161197677
a11,1,0,0,0.34825007702148203
a11,2,0,0,0.38441737534654125
a11,3,0,0,0.3657096480236991
a11,4,0,1,0.5426664038196015
a11,5,0,0,0.32246687778280064
a11,6,0,0,0.2943909116461228
a11,7,0,0,0.34856305494485174
a11,8,0,0,0.47777319189141926
a11,9,0,0,0.3109877772102993
a11,10,0,1,0.5918722039812344
a11,11,0,0,0.29790872573167915
a11,12,0,0,0.32546017919529596
a11,13,0,0,0.3810518145468376
a11,14,0,0,0.3541771734476353
a11,15,0,0,0.2976643883236106
a11,16,0,0,0.30663391398911805
a11,17,1,0,0.31452454298348465
a11,18,1,0,0.3031550762795875
a11,19,1,0,0.38359437535511237
a11,20,1,0,0.3040045864730167
a11,21,1,0,0.4309794740088157
a11,22,1,0,0.3031142697418164
a11,23,1,0,0.32930460479452667
a11,24,1,0,0.2974334244768752
a11,25,0,1,0.5268705402393847
a11,26,0,0,0.31339757421716646
a11,27,0,0,0.3439684851170581
a11,28,0,0,0.4250233408582815
a11,29,0,1,0.5265938477456781
a11,30,0,1,0.545396047625081
a11,31,0,0,0.2877012357543987
a11,32,0,0,0.33518453884184657
a11,33,0,0,0.30374317209753116
a11,34,0,0,0.31678889559450873
a11,35,0,0,0.2903736752827684
a11,36,0,0,0.2763796575392553
a11,37,0,0,0.2761342749826952
a11,38,0,0,0.32631674165255314
a11,39,0,0,0.2881181612348102
a11,40,0,0,0.2658610386146207
a11,41,0,0,0.31266462742684803
a11,42,0,0,0.27928762344482855
a11,43,0,0,0.29190864417477036
a11,44,0,0,0.30423352950605625
a11,45,0,0,0.2806081999256921
a11,46,0,0,0.2953682475071842
a11,47,0,0,0.28768259221045894
a11,48,0,0,0.3380882420051588
a11,49,0,0,0.2933843354377878
a11,50,0,0,0.2809692731263118
a11,51,0,0,0.2823418963700385
a11,52,0,0,0.290811371823922
a11,53,0,0,0.3020631597528829
a11,54,0,0,0.29830168055633144
a11,55,0,0,0.2889410097652772
a11,56,0,0,0.28455350461368467
a11,57,0,0,0.2673988847292556
a11,58,0,0,0.32839811929751955
a11,59,0,0,0.2742223616055647
a11,60,0,0,0.3029566212197899
a11,61,0,0,0.30259204995936
a11,62,0,0,0.2722666552555422
a11,63,0,0,0.2879775960583035
a11,64,0,0,0.2816496089620756
a11,65,0,0,0.3259456161889285
a11,66,0,0,0.2847608077435634
a11,67,0,0,0.30155443699199985
a11,68,0,0,0.2952097471241375
a11,69,0,0,0.27751856902362027
a11,70,0,0,0.28836445802890326
a11,71,0,0,0.32467384319935344
a11,72,0,0,0.3115745545688343
a11,73,0,0,0.3371549792054063
a11,74,0,0,0.343756605487769
a11,75,0,0,0.3501512673773905
a11,76,0,0,0.3123789361126196
a11,77,0,0,0.32031718301421613
a11,78,0,0,0.36878555378864136
a11,79,0,0,0.2907339447156532
a11,80,0,0,0.3037816584358993
a11,81,0,0,0.30547125543523285
a11,82,0,0,0.3158632531336892
a11,83,1,0,0.32637772784044194
a11,84,1,0,0.4237905429083027
a11,85,1,0,0.34743884380568857
a11,86,1,0,0.43737706582696495
a11,87,1,0,0.4077235301093114
a11,88,1,0,0.3212090123145076
a11,89,1,0,0.2933940040530464
a11,90,1,0,0.35753428617383576
a11,91,1,0,0.49852118315958244
a11,92,1,0,0.36411316498941665
a11,93,1,0,0.44998806565608657
a11,94,0,0,0.40374739546919947
a11,95,0,0,0.29325341078761175
a11,96,0,0,0.33009255888711525
a11,97,0,0,0.3311152884869333
a11,98,0,0,0.3197099929239934
a11,99,0,0,0.48421836975560256
a11,100,1,0,0.3333034068593004
a11,101,1,0,0.37132092036539704
a11,102,1,0,0.3381527511383587
a11,103,1,0,0.34575715200341106
a11,104,1,0,0.3400422106250848
a11,105,1,0,0.35119472326909934
a11,106,1,0,0.3329808668834156
a11,107,1,0,0.3563650080876357
a11,108,1,0,0.389119578733233
a11,109,1,0,0.3519871987065144
a11,110,1,0,0.3648726879666152
a11,111,1,0,0.44358835594592644
a11,112,1,0,0.3331002801666153
a11,113,1,0,0.4765798743088316
a11,114,1,0,0.431408263984777
a11,115,1,0,0.3764009514893977
a11,116,1,0,0.4448438329423351
a11,117,1,0,0.407449525882586
a11,118,1,0,0.47201776763314696
a11,119,1,0,0.45833227856966385
a11,120,1,0,0.3303714037027078
a11,121,1,0,0.4360358859995114
a11,122,1,0,0.3671841356982377
a11,123,1,1,0.5158489718436393
a11,124,1,1,0.5263202064318383
a11,125,1,0,0.3410254808966361
a11,126,1,0,0.39684013039493554
a11,127,1,1,0.6689316751003255
a11,128,0,0,0.3211007978059474
a11,129,0,0,0.3354489473343037
a11,130,0,0,0.3634403638541607
a11,131,0,0,0.30335446391106485
a11,132,0,1,0.6957200990323152
a11,133,0,0,0.2714648306258715
a11,134,0,0,0.34619034044902636
a11,135,0,0,0.30916567665597317
a11,136,0,0,0.2939936924711456
a11,137,0,0,0.3501476074108781
a11,138,0,0,0.3297357909272177
a11,139,0,0,0.3194536230196647
a11,140,0,0,0.2848678214299641
a11,141,0,0,0.3261781209582796
a11,142,0,0,0.2836032636937602
a11,143,0,0,0.2915703960684765
a11,144,0,0,0.3135594631861188
a11,145,0,0,0.30442729608031394
a11,146,0,0,0.30679122074701437
a11,147,0,0,0.24574042485974704
a11,148,0,0,0.3142966561904337
a11,149,0,0,0.2532493090578041
a11,150,0,0,0.3181450660118383
a11,151,0,0,0.3231441039206526
a11,152,0,0,0.38352513238459834
a11,153,0,0,0.36683947693124047
a11,154,0,0,0.2831196887155917
a11,155,0,0,0.2900740086830259
a11,156,0,0,0.2905438480688572
a11,157,0,0,0.2617697617229563
a11,158,0,0,0.34282525682432174
a11,159,0,0,0.33180728280735083
a11,160,0,0,0.3216449982103727
a11,161,0,0,0.28668269807763413
a11,162,0,0,0.2979302029621756
a11,163,0,0,0.29148952690536156
a11,164,0,0,0.30084397841563093
a11,165,0,0,0.29568561968977847
a11,166,0,0,0.30623072213125596
a11,167,0,0,0.29771073497907385
a11,168,0,0,0.35440770373758224
a11,169,0,1,0.554539374877224
a11,170,0,0,0.36668274348012214
a11,171,0,0,0.30690545579552186
a11,172,0,0,0.33459250213199687
a11,173,0,0,0.3324781970876793
a11,174,0,0,0.28095280303138526
a11,175,0,0,0.33830937898522806
a11,176,0,0,0.29085074127986293
a11,177,0,0,0.3115947711095281
a11,178,0,0,0.2889703139220088
a11,179,0,0,0.29263531584176444
a11,180,0,0,0.2971392299533133
a11,181,0,0,0.269036137906249
a11,182,0,0,0.2653692656968808
a11,183,0,0,0.28914558173801086
a11,184,0,0,0.2668995143829745
a11,185,0,0,0.28249711776256314
a11,186,0,0,0.27350690475420464
a11,187,0,0,0.2979970035419387
a11,188,0,1,0.5515878037676655
a11,189,1,0,0.3154800005311433
a11,190,1,0,0.45253543994304274
a11,191,1,0,0.2942368185127699
a11,192,1,1,0.5549963409318728
a11,193,1,0,0.3384355694090303
a11,194,1,0,0.31409622338114207
a11,195,1,0,0.3403398621703908
a11,196,1,0,0.32471466267443266
a11,197,1,0,0.3823126923319104
a11,198,1,0,0.3440740455900156
a11,199,1,0,0.37352489381610593
a11,200,1,0,0.3516946184830404
a11,201,1,0,0.3613565907616318
a11,202,1,0,0.3803211254938121
a11,203,1,0,0.40463894198333966
a11,204,1,0,0.43706010493255454
a11,205,1,0,0.404958851054825
a11,206,1,0,0.4616198885773228
a11,207,1,0,0.32184575013675704
a11,208,1,0,0.3207824659784487
a11,209,1,0,0.4076151889311585
a11,210,1,0,0.2999166305597435
a11,211,1,0,0.3486468092712436
a11,212,1,0,0.49616341080052406
a11,213,1,1,0.5004392627375917
a11,214,1,0,0.38565287309777513
a11,215,1,0,0.4561139728779577
a11,216,1,0,0.384200591519961
a11,217,1,0,0.404804985789102
a11,218,1,0,0.4852402240960416
a11,219,0,1,0.594829454286656
a11,220,0,0,0.34223751442432054
a11,221,0,0,0.3861464315661744
a11,222,0,0,0.3548034542202198
a11,223,0,0,0.3692130543812472
a11,224,0,0,0.39785698541629627
a11,225,1,0,0.3785743991162658
a11,226,1,0,0.41213060573869387
a11,227,1,0,0.40172384837832537
a11,228,1,0,0.4415855311868914
a11,229,1,0,0.35672645242379936
a11,230,1,0,0.45440410232358736
a11,231,1,0,0.48047286310562554
a11,232,1,0,0.3740796511420776
a11,233,1,0,0.4740467722241224
a11,234,1,0,0.3850116039632026
a11,235,1,0,0.3479423547392042
a11,236,1,0,0.41335151344474724
a11,237,1,0,0.3512095882528916
a11,238,1,0,0.3793080732769368
a11,239,1,0,0.3714030315754905
a11,240,1,0,0.4585028831013306
a11,241,1,0,0.48810258362862596
a11,242,1,0,0.36821050996449317
a11,243,1,0,0.4081874862464514
a11,244,1,0,0.38229047827918794
a11,245,1,0,0.3986734093000403
a11,246,1,0,0.4841927187257588
a11,247,1,0,0.4570373459630714
a11,248,1,1,0.5189848896917209
a11,249,1,0,0.44506041510362127
a11,250,1,0,0.399914118044566
a11,251,1,0,0.41924198832053716
a11,252,1,1,0.5599552436973635
a11,253,1,0,0.4669977362458651
a11,254,1,0,0.41780927082892594
a11,255,1,0,0.4128619709056238
a11,256,1,0,0.42329327250559645
a11,257,0,0,0.22564393481898964
a11,258,0,0,0.3405000366699017
a11,259,0,0,0.30253188118570323
a11,260,0,0,0.29003459388471725
a11,261,0,0,0.2744976177115461
a11,262,0,0,0.2920493293214842
a11,263,0,0,0.3685910134174846
a11,264,0,0,0.33230431268060373
a11,265,0,0,0.28838758236928747
a11,266,0,0,0.2973082643363819
a11,267,0,0,0.2607551538408295
a11,268,0,0,0.27239435822511815
a11,269,0,0,0.29175230605994307
a11,270,0,0,0.3052857311287766
a11,271,0,0,0.3034372674022365
a11,272,0,0,0.35334926015409596
a11,273,0,0,0.31621256795575114
a11,274,0,0,0.2967720028737367
a11,275,0,0,0.2416374692111697
a11,276,0,0,0.36680104025144417
a11,277,0,0,0.3669218616641874
a11,278,0,0,0.25707376627521306
a11,279,0,0,0.23174711846935603
a11,280,0,0,0.21340131644333676
a11,281,0,0,0.28421906741939684
a11,282,0,0,0.26887968983076144
a11,283,0,0,0.2506338045951689
a11,284,0,0,0.2769327364038923
a11,285,0,0,0.3068772230476197
a11,286,0,0,0.24629436392634732
a11,287,0,0,0.3017764289758091
a11,288,0,0,0.23962798616025158
a11,289,0,0,0.26101553474634204
a11,290,0,0,0.2982861593226844
a11,291,0,0,0.28526350862708266
a11,292,0,0,0.25162504759246784
a11,293,0,0,0.2337766304690318
a11,294,0,0,0.22961362865686688
a11,295,0,0,0.2559935320158638
a11,296,0,0,0.2816152775704456
a11,297,0,0,0.1749789710777156
a11,298,0,0,0.2545989359306702
a11,299,0,0,0.34323652970428586
a11,300,0,0,0.29159091884551364
a11,301,0,0,0.27260272117649675
a11,302,0,0,0.32895224637093123
a11,303,0,0,0.26002798152156903
a11,304,0,0,0.26941805431634946
a11,305,0,0,0.29211432123923425
a11,306,0,0,0.3286621044048929
a11,307,0,0,0.364719537093995
a11,308,0,0,0.34124010255698883
a11,309,0,0,0.28207907567564616
a11,310,0,0,0.2641856444498869
a11,311,0,0,0.29565576746366506
a11,312,0,0,0.48427403924964807
a11,313,0,0,0.35745982908521234
a11,314,0,0,0.28320451682355574
a11,315,0,0,0.25320539270113634
a11,316,0,0,0.2729395585981984
a11,317,0,0,0.3064451584344882
a11,318,0,0,0.25569366831655455
a11,319,0,0,0.468565619933535
a11,320,0,0,0.2994829371440658
a11,321,0,0,0.26950447796253235
a11,322,0,0,0.31906707409255625
a11,323,0,1,0.510635381138919
a11,324,0,1,0.6655080086493358
a11,325,0,0,0.21577229724546165
a11,326,0,0,0.27150677294801523
a11,327,0,0,0.2787749639618722
a11,328,0,0,0.3416267790713531
a11,329,0,0,0.3113196559664512
a11,330,0,0,0.2906058511806844
a11,331,0,0,0.28257527329892157
a11,332,0,0,0.308256258727461
a11,333,0,0,0.28679027165398085
a11,334,0,0,0.25204984404732195
a11,335,0,1,0.5182239309100524
a11,336,0,1,0.6079278711060406
a11,337,0,0,0.39553418930688994
a11,338,0,0,0.4377645014524458
a11,339,0,0,0.21621127057607342
a11,340,0,0,0.2484812958174754
a11,341,0,1,0.8535713440718369
a11,342,0,0,0.23080787462808208
a11,343,0,0,0.3102853328178512
a11,344,0,0,0.31695490134755533
a11,345,1,0,0.23351908102862756
a11,346,1,0,0.3326892717420377
a11,347,1,0,0.212641677767308
a11,348,1,0,0.28484760680226007
a11,349,1,0,0.3446632207699732
a11,350,1,0,0.39624220538857036
a11,351,1,0,0.32291162387289696
a11,352,1,0,0.30644829698133946
a11,353,1,0,0.28757535866055317
a11,354,1,0,0.36873247830820716
a11,355,1,0,0.36015561743557256
a11,356,1,0,0.36509938955087456
a11,357,1,0,0.3695338167061752
a11,358,1,0,0.2698143380838848
a11,359,1,0,0.35291789495833165
a11,360,1,0,0.3919674515011
a11,361,1,0,0.40807955318898687
a11,362,1,0,0.3806877066611625
a11,363,1,0,0.39636134989671856
a11,364,1,0,0.36752085509937965
a11,365,1,1,0.5582221189010806
a11,366,1,0,0.4296032372004669
a11,367,1,1,0.5692834877677427
a11,368,1,0,0.39541722967882126
a11,369,1,0,0.4076293391953688
a11,370,1,1,0.5054583283103635
a11,371,1,0,0.42617646826009703
a11,372,1,1,0.659626702817564
a11,373,1,0,0.43664395186871935
a11,374,1,0,0.37978652840863153
a11,375,1,1,0.5047465516065361
a11,376,1,0,0.3781712409078669
a11,377,1,0,0.3781122564813709
a11,378,1,0,0.44098530863718655
a11,379,1,0,0.4155637468397013
a11,380,1,1,0.5923285396954441
a11,381,1,0,0.4754475055194686
a11,382,1,1,0.547684377186022
a11,383,1,0,0.4189079576457702
a11,384,1,1,0.5153060277025845
a11,385,1,0,0.3806040693094066
a11,386,1,0,0.3385224555158129
a11,387,1,0,0.3470687023441967
a11,388,1,0,0.47432418950531124
a11,389,1,0,0.4656719138950183
a11,390,1,0,0.36185056368306395
a11,391,1,0,0.4901239715061397
a11,392,1,1,0.5206390981727603
a11,393,1,1,0.5103085618915155
a11,394,1,0,0.3913258108532811
a11,395,1,0,0.44607103104362145
a11,396,1,0,0.360901378538647
a11,397,1,0,0.37828559170340625
a11,398,1,0,0.4320153140945384
a11,399,1,1,0.5441934477903105
a11,400,1,1,0.562777837978921
a11,401,1,0,0.4252264650431423
a11,402,1,0,0.4713633278916376
a11,403,1,1,0.5286117983449728
a11,404,1,0,0.4769564671126847
a11,405,1,0,0.4001997680303834
a11,406,1,0,0.4780791077061371
a11,407,1,0,0.466364041702993
a11,408,1,0,0.4033021255016703
a11,409,1,0,0.40482440061512
a11,410,1,0,0.2879355722742631
a11,411,1,1,0.5975214449278393
a11,412,1,0,0.20457318133779837
a11,413,1,0,0.18330210535074976
a11,414,1,0,0.19848745414733113
a11,415,1,0,0.21909020439705865
a11,416,1,0,0.27201875991849256
a11,417,1,0,0.30290323080169945
a11,418,0,0,0.21087732755029087
a11,419,0,0,0.237008540963499
a11,420,0,0,0.13959611696040952
a11,421,0,0,0.20289429287024213
a11,422,0,0,0.13078809900204746
a11,423,0,0,0.15318743120197253
a11,424,0,0,0.1478214394314179
a11,425,0,0,0.20146303998836185
a11,426,1,0,0.2055414335255891
a11,427,1,0,0.12903955183301682
a11,428,1,0,0.33716614587331106
a11,429,1,0,0.2378568217445885
a11,430,1,0,0.25013077268701694
a11,431,1,0,0.2152432923058298
a11,432,1,0,0.23648957592885914
a11,433,1,0,0.3157456782041333
a11,434,1,0,0.3481757054004379
a11,435,1,0,0.22602840028437046
a11,436,1,0,0.2500248085546119
a11,437,1,0,0.4084233268552546
a11,438,1,0,0.27751730223371246
a11,439,1,0,0.2927552301446154
a11,440,1,1,0.5143372704796036
a11,441,1,0,0.19540494414779436
a11,442,1,0,0.2927115879405504
a11,443,1,0,0.26963671216930063
a11,444,1,0,0.4377749806242483
a11,445,1,0,0.2976463807835651
a11,446,1,0,0.2634814242529747
a11,447,1,0,0.2616564732630086
a11,448,1,0,0.28929126699782803
a11,449,1,1,0.5262230270364594
a11,450,1,0,0.37290081439688416
a11,451,1,0,0.33654620265162355
a11,452,1,0,0.18823748941514837
a11,453,1,1,0.6414692350321314
a11,454,1,0,0.38913424965613974
a11,455,1,0,0.29166304629547063
a11,456,1,0,0.10016806041789786
a11,457,1,0,0.2183935964378991
a11,458,1,0,0.22075891695632732
a11,459,1,0,0.2425616401666412
a11,460,1,0,0.33006086516099004
a11,461,1,0,0.29062144273173424
a11,462,1,0,0.4171126016795513
a11,463,1,0,0.3445573081330373
a11,464,1,0,0.4955064208134684
a11,465,1,1,0.6038267442682425
a12,1,0,0,0.303670165959627
a12,2,0,0,0.3157109451329848
a12,3,0,0,0.3311678357765114
a12,4,0,0,0.1129172721912397
a12,5,0,0,0.3448138554355615
a12,6,0,0,0.3080815254135303
a12,7,0,0,0.4803097633389032
a12,8,0,0,0.31508006383435727
a12,9,0,0,0.32357886929398366
a12,10,0,0,0.33784603042610795
a12,11,0,0,0.15992042532329287
a12,12,0,0,0.2993870777408402
a12,13,0,0,0.3184905291741509
a12,14,0,0,0.2277482311783156
a12,15,0,0,0.36783126770954294
a12,16,0,0,0.40857698470757886
a12,17,0,0,0.38239050401553826
a12,18,0,0,0.43593263031881396
a12,19,1,0,0.4014746002159933
a12,20,1,0,0.3596729806167396
a12,21,1,0,0.4830452242613567
a12,22,1,0,0.31953732687556313
a12,23,1,0,0.4543657170997145
a12,24,1,0,0.43843693921794646
a12,25,1,1,0.5050639514260105
a12,26,1,0,0.4682631307616262
a12,27,1,0,0.10958494709911425
a12,28,1,0,0.2510351103132766
a12,29,1,0,0.3585338510164208
a12,30,1,0,0.2729853829636057
a12,31,1,0,0.16631210187593673
a12,32,1,0,0.09223642670766563
a12,33,1,0,0.19467749636480916
a12,34,1,0,0.34590700606549535
a12,35,1,0,0.34861074184001245
a12,36,1,0,0.2143062691543058
a12,37,1,0,0.07629810149083105
a12,38,1,0,0.1961271888160201
a12,39,1,0,0.07782646125767341
a12,40,1,0,0.10336027014138488
a12,41,1,0,0.08165266926479352
a12,42,1,0,0.051156574475819006
a12,43,1,0,0.07574187792958159
a12,44,1,0,0.05240872709141577
a12,45,1,0,0.044972815370431116
a12,46,1,0,0.13365642499059865
a12,47,1,0,0.09689633259912028
a12,48,1,0,0.08943303017738637
a12,49,1,0,0.10240936612819973
a12,50,1,0,0.15051308163655602
a12,51,1,0,0.18713587466577034
a12,52,1,0,0.18334015457427338
a12,53,1,0,0.20446929943578307
a12,54,1,0,0.26190530345177887
a12,55,1,0,0.2080238220224445
a12,56,1,0,0.3095759053088566
a12,57,1,0,0.12512031930381942
a12,58,1,0,0.06650486537246263
a12,59,1,0,0.2541933500325952
a12,60,1,0,0.2325279804494424
a12,61,1,0,0.36947596267083455
a12,62,1,1,0.5898517558720774
a12,63,1,0,0.4550469244277012
a12,64,1,1,0.5666431822685905
a12,65,1,0,0.33981766582061396
a12,66,1,0,0.4418220646008496
a12,67,1,0,0.29084163856982825
a12,68,1,1,0.5245112123449149
a12,69,1,1,0.6765237273983657
a12,70,1,1,0.5691998542337523
a12,71,1,1,0.5222463195385001
a12,72,1,0,0.39692032571869373
a12,73,1,1,0.7490197931844673
a12,74,1,0,0.41949678226950643
a12,75,1,0,0.4892166632366114
a12,76,1,1,0.5183734262452494
a12,77,1,1,0.6221966519185403
a12,78,1,1,0.7033560604737479
a12,79,1,1,0.6635190464703634
a12,80,1,1,0.8028445034807278
a12,81,1,1,0.7693962748887034
a12,82,1,1,0.7033907591237175
a12,83,1,0,0.378754309272555
a12,84,1,0,0.3796526730789052
a12,85,1,1,0.6245430396938805
a12,86,1,1,0.5864949617057447
a12,87,1,1,0.5978541338220024
a12,88,1,1,0.5159941340520215
a12,89,1,0,0.30728799782992333
a12,90,1,0,0.12783097813601457
a12,91,1,0,0.34040227521336486
a12,92,1,0,0.15438586815749825
a12,93,1,0,0.11408184132374824
a12,94,1,0,0.1203968789477559
a12,95,1,0,0.49262685385814287
a12,96,1,0,0.4260735353132789
a12,97,1,0,0.269890668393773
a12,98,1,0,0.16899816623223435
a12,99,1,1,0.7067736974687383
a12,100,1,0,0.49727309104829936
a12,101,1,0,0.37330046262575806
a12,102,1,0,0.222439078339143
a12,103,1,0,0.1726637429693671
a12,104,1,1,0.6947587098574126
a12,105,1,1,0.8413132029658402
a12,106,1,1,0.9128916985937355
a12,107,1,1,0.8004956747652661
a12,108,1,1,0.8038827907073843
a12,109,1,1,0.9258894425305576
a12,110,1,1,0.7628646346501969
a12,111,1,1,0.7254152654317588
a12,112,1,1,0.6453473688755276
a12,113,1,1,0.720752625586183
a12,114,1,0,0.40308319928668646
a12,115,1,1,0.646569168919659
a12,116,1,1,0.7569603497958979
a12,117,1,0,0.42311507407918597
a12,118,1,0,0.49368809182142
a12,119,1,0,0.12158786139102161
a12,120,1,0,0.07464133327848356
a12,121,1,0,0.12667166752821243
a12,122,1,0,0.09413592824090654
a12,123,1,0,0.20212055206728224
a12,124,1,0,0.2950663404111585
a12,125,1,0,0.2932748027304858
a12,126,1,0,0.18739374596207034
a12,127,1,0,0.09400018619878599
a12,128,1,0,0.05185182834237412
a12,129,1,0,0.11223031200819027
a12,130,1,0,0.057650519716944175
a12,131,1,0,0.22689769644809404
a12,132,1,0,0.23682287809551217
a12,133,1,0,0.40355758501796324
a12,134,1,0,0.42980950953955854
a12,135,1,0,0.11058269899685368
a12,136,1,0,0.16619925912710728
a12,137,1,0,0.10383723433491254
a12,138,1,0,0.2936506923709237
a12,139,1,0,0.15659435873030003
a12,140,1,0,0.19942108990311747
a12,141,1,0,0.31299541352970617
a12,142,1,1,0.8638021386333681
a12,143,1,1,0.905148272125198
a12,144,1,1,0.8649700510670822
a12,145,1,1,0.8459659380307557
a12,146,1,1,0.6738852590184399
a12,147,1,0,0.3541444706699162
a12,148,1,0,0.236936296762289
a12,149,1,0,0.42224374352816985
a12,150,1,0,0.22954035120776858
a12,151,1,0,0.21855214884393115
a12,152,1,0,0.06924281021070297
a12,153,1,0,0.07872840326373459
a12,154,1,0,0.3856044056519563
a12,155,1,0,0.18192608240627156
a12,156,1,0,0.20747977823777466
a12,157,1,0,0.39326027571930666
a12,158,1,0,0.07336776923715092
a12,159,1,0,0.15516212555981032
a12,160,1,0,0.12674458709872924
a12,161,1,0,0.055891228978322625
a12,162,1,0,0.09279264817722106
a12,163,1,1,0.7410927638426186
a12,164,1,1,0.7971874074636429
a12,165,1,0,0.30652748797144763
a12,166,1,0,0.27894019225371225
a12,167,1,0,0.0792499555623604
a12,168,1,0,0.23553606189954382
a12,169,1,0,0.17593904463917212
a12,170,1,0,0.18332760148464852
a12,171,1,0,0.2892019838282515
a12,172,1,0,0.11201839532242264
a12,173,1,0,0.21523528599646008
a12,174,1,0,0.3081387815457308
a12,175,1,0,0.12715312957752672
a12,176,1,1,0.6566998335020796
a12,177,1,1,0.7018362760593421
a12,178,1,1,0.7971150832336688
a12,179,1,1,0.7235221308387155
a12,180,1,1,0.5723479646772652
a12,181,1,1,0.7574634638536223
a12,182,1,1,0.8611712550487126
a12,183,1,1,0.7768893328901816
a12,184,1,1,0.8307338186290637
a12,185,1,0,0.38359697399950554
a12,186,1,0,0.13858747905570817
a12,187,1,0,0.2272335606698467
a12,188,1,0,0.3260191590401248
a12,189,1,0,0.3163855362811702
a12,190,1,1,0.7162436148386065
a12,191,1,1,0.7029944260316221
a12,192,1,1,0.6274522885169448
a12,193,1,1,0.8741181900591314
a12,194,1,1,0.7870041599700004
a12,195,1,1,0.7389461904715465
a12,196,1,1,0.5398855811259115
a12,197,1,1,0.5582401326284384
a12,198,1,1,0.7517751656726255
a12,199,1,0,0.23546529874448838
a12,200,1,0,0.29641453506231513
a12,201,1,0,0.07399321282388929
a12,202,1,0,0.46061928619534986
a12,203,1,0,0.39680827529636203
a12,204,1,1,0.5277462481734291
a12,205,1,0,0.16502464743200812
a12,206,1,1,0.5828613132323249
a12,207,1,1,0.7125715326217819
a12,208,1,1,0.7712057488969357
a12,209,1,1,0.8499723828180555
a12,210,1,1,0.8232054446134599
a12,211,1,1,0.8412355150556896
a12,212,1,1,0.8335257629951587
a12,213,1,1,0.9554613655960614
a12,214,1,1,0.7093923276374381
a12,215,0,0,0.42089610664332117
a12,216,0,0,0.3185374677632235
a12,217,0,0,0.2867659050838969
a12,218,0,0,0.4666796795379009
a12,219,0,1,0.6362670631336695
a12,220,0,1,0.7584909775607335
a12,221,0,0,0.478592172406332
a12,222,0,0,0.17352942583917735
a12,223,1,0,0.22974743394962696
a12,224,1,1,0.700500103737922
a12,225,1,1,0.6971053847125107
a12,226,1,1,0.9320788210508184
a12,227,1,0,0.24949282418134827
a12,228,1,1,0.845532449331279
a12,229,1,1,0.774479029268993
a12,230,1,1,0.8167989286966908
a12,231,1,1,0.7804992224444046
a12,232,1,1,0.9222360646272593
a12,233,1,1,0.8380665610807684
a12,234,1,1,0.6814955479722737
a12,235,1,1,0.717872761157351
a12,236,1,1,0.7568568977784638
a12,237,1,1,0.5828925868696212
a12,238,1,1,0.8345580629390074
a12,239,1,1,0.8684372020102111
a12,240,1,1,0.6992022279378575
a12,241,1,1,0.7563567892678009
a12,242,1,1,0.8017108717714752
a12,243,1,1,0.7749523098898764
a12,244,1,1,0.7893612266240151
a12,245,1,1,0.7305149712883312
a12,246,1,1,0.9618773445992486
a12,247,1,1,0.7405286539706428
a12,248,1,1,0.8158917440020907
a12,249,1,1,0.5372270821876536
a12,250,1,1,0.9110614482184674
a12,251,1,1,0.8649315261300878
a12,252,1,1,0.8281700306779325
a12,253,1,1,0.5784121634474272
a12,254,1,1,0.6796498949703501
a12,255,1,1,0.8190023512700635
a12,256,1,1,0.8629476557846562
a12,257,1,1,0.6703475138658769
a12,258,1,1,0.8398751168740696
a12,259,1,1,0.842609709629362
a12,260,1,1,0.883901324723277
a12,261,1,1,0.8404318749995926
a12,262,1,1,0.9280097956204796
a12,263,1,1,0.780886661533365
a12,264,1,1,0.7990313037483217
a12,265,1,1,0.8556926492168169
a12,266,1,1,0.8881772671162442
a12,267,1,1,0.7741435512657759
a12,268,1,1,0.8642306977115183
a12,269,1,1,0.8425611473519802
a12,270,1,1,0.9183180143735793
a12,271,1,1,0.8620022689428056
a12,272,1,1,0.779218979036666
a12,273,1,1,0.9261469283879149
a12,274,1,1,0.8107672584173554
a12,275,1,1,0.9001054562080706
a12,276,1,1,0.7889112898738955
a12,277,1,1,0.6326120261018712
a12,278,1,1,0.8758071633665089
a12,279,1,1,0.7805477803829516
a12,280,1,1,0.9373207095832223
a12,281,1,1,0.5370844392585987
a12,282,1,1,0.806337945768858
a12,283,1,1,0.830152721736932
a12,284,1,1,0.8312739020608267
a12,285,1,1,0.7912995673906702
a12,286,1,1,0.6702967168248077
a12,287,1,1,0.5003117654267546
a12,288,1,1,0.7178742758206546
a12,289,1,1,0.8021583921043188
a12,290,1,1,0.8295465000626888
a12,291,1,1,0.7405203094171169
a12,292,1,1,0.7861831638821543
a12,293,1,0,0.480731458122354
a12,294,1,1,0.6378469089890999
a12,295,1,1,0.8717830417708198
a12,296,1,1,0.7517244768752586
a12,297,1,0,0.22316968927180927
a12,298,1,1,0.7671118678656107
a12,299,1,1,0.7505641994235681
a12,300,1,1,0.529040519637849
a12,301,1,1,0.6944878157368641
a12,302,1,1,0.9043504179238379
a12,303,1,1,0.7076597993772691
a12,304,1,1,0.8182508821175883
a12,305,1,1,0.8916957697953306
a12,306,1,1,0.8050812352237927
a12,307,1,1,0.7251169807530364
a12,308,1,1,0.8800966481838215
a12,309,1,1,0.5244815209320575
a12,310,1,1,0.5711989904079251
a12,311,1,0,0.3986611840557516
a12,312,1,1,0.6154950617839877
a12,313,1,0,0.1254108121796677
a12,314,0,0,0.34090711557583747
a12,315,1,0,0.45700235397047145
a12,316,1,0,0.15179479731358653
a12,317,1,0,0.20880676983176094
a12,318,1,0,0.49311565558744713
a12,319,0,0,0.2701982337851609
a12,320,0,0,0.1725206172045657
a12,321,0,0,0.183952294030426
a12,322,0,0,0.3913434311603608
a12,323,1,0,0.35761057817384684
a12,324,1,1,0.8466563339061765
a12,325,1,1,0.6021138095660103
a12,326,1,1,0.8210570208359153
a12,327,1,1,0.635284294967649
a12,328,1,0,0.39762038723106674
a12,329,1,1,0.5003542439268073
a12,330,1,1,0.641652757915559
a12,331,1,0,0.27354347240702903
a12,332,1,1,0.5109149061778875
a12,333,1,0,0.48121541494430153
a12,334,1,0,0.4793754610202108
a12,335,1,1,0.573794009868944
a12,336,1,1,0.6846958992083914
a12,337,1,1,0.8663142976536284
a12,338,1,1,0.7073823837740253
a12,339,1,0,0.22860137758117546
a12,340,1,0,0.2211636865194448
a12,341,1,1,0.5833718403411569
a12,342,1,0,0.42373864223769886
a12,343,1,0,0.4971309689653757
a12,344,1,0,0.3997388294924475
a12,345,1,1,0.5235155589640159
a12,346,1,1,0.727175192494137
a12,347,1,1,0.5860347247671704
a12,348,1,0,0.2168288015039381
a12,349,1,0,0.4794670966274701
a12,350,1,0,0.12572792908045308
a12,351,1,0,0.21358272531933306
a12,352,1,1,0.9007067704193042
a12,353,1,0,0.39633429376305357
a12,354,1,0,0.2603445703143247
a12,355,1,1,0.625943324325005
a12,356,1,0,0.11856767564527476
a12,357,1,1,0.7600592515201711
a12,358,1,0,0.40194329893932573
a12,359,1,0,0.32688994996832854
a12,360,1,1,0.6336985262847258
a12,361,1,0,0.46098513295853527
a12,362,1,1,0.7996763941404578
a12,363,1,1,0.5372316462800976
a12,364,1,1,0.5599129034176541
a12,365,1,1,0.512921352555239
a12,366,1,0,0.32531875067394
a12,367,1,0,0.30462001491032353
a12,368,1,0,0.338172960600409
a12,369,1,0,0.3432674402565846
a12,370,1,0,0.37340030697420984
a12,371,1,1,0.6605021152442531
a12,372,1,1,0.8179089869903005
a12,373,1,1,0.8072059203325957
a12,374,1,1,0.623377229969604
a12,375,1,1,0.7618400252855692
a12,376,1,1,0.874251702741747
a12,377,1,1,0.7896166100774612
a12,378,1,1,0.6959226847312057
a12,379,1,1,0.7026764442920355
a12,380,0,1,0.6636713772047801
a12,381,0,0,0.48633606635528054
a12,382,0,0,0.47763219143095553
a12,383,0,1,0.604773236159236
a12,384,0,0,0.36670962403306073
a12,385,0,1,0.6570738162509147
a12,386,0,1,0.647965090549117
a12,387,1,1,0.5660191941871374
a12,388,1,1,0.7480997466557674
a12,389,1,1,0.8887922703847023
a12,390,1,1,0.8482492133558718
a12,391,1,1,0.8842318887573161
a12,392,1,1,0.8594753628732382
a12,393,1,1,0.6964280387287761
a12,394,1,1,0.8666437487088678
a12,395,1,1,0.8015768503621017
a12,396,1,1,0.740839176516045
a12,397,1,0,0.44287502384635935
a12,398,1,1,0.7822934332421237
a12,399,1,1,0.6757615295264813
a12,400,1,1,0.749782781332866
a12,401,1,1,0.7244138996727594
a12,402,1,1,0.8267740348432661
a12,403,1,1,0.8165145862356176
a12,404,1,1,0.8760588720013585
a12,405,1,1,0.877887088302245
a12,406,1,1,0.5670272072910792
a12,407,1,1,0.7441055103041686
a12,408,1,1,0.8476675081855105
a12,409,1,0,0.4418727915888706
a12,410,1,1,0.69429118240513
a12,411,1,1,0.8539388416663819
a12,412,1,1,0.7183887970683556
a12,413,1,1,0.7640091890929037
a12,414,1,1,0.6145523699794848
a12,415,1,1,0.7222051044542125
a12,416,1,1,0.6598867858545104
a12,417,1,1,0.6390127787383858
a12,418,1,1,0.7858592132048681
a12,419,1,1,0.6151601950959347
a12,420,1,0,0.40395950452913504
a12,421,1,1,0.5994257368386621
a12,422,1,1,0.566708914953178
a12,423,1,1,0.775469097327614
a12,424,1,1,0.8698707597810336
a12,425,1,1,0.5787498793603826
a12,426,1,1,0.5943136745714401
a12,427,1,1,0.7793083818742671
a12,428,1,1,0.9250026876308592
a12,429,1,1,0.879037938710276
a12,430,1,1,0.7100171727094968
a12,431,1,1,0.9686882719126931
a12,432,1,1,0.6452587384199981
a12,433,1,1,0.881117252152874
a12,434,1,1,0.728348320917429
a12,435,1,1,0.5764149631827625
a12,436,1,1,0.7786499724379732
a12,437,1,1,0.812029056511647
a12,438,1,1,0.7415816575742512
a12,439,1,1,0.8245922007661916
a12,440,1,1,0.5558216959123802
a12,441,1,1,0.7979534512737783
a12,442,1,1,0.7957998010524785
a12,443,1,1,0.818951248610283
a12,444,1,1,0.5845023675869175
a12,445,1,1,0.7881381452144952
a12,446,1,0,0.40569147688656226
a12,447,1,0,0.35087956983258906
a12,448,1,0,0.07915895834436075
a12,449,1,1,0.8895524560924749
a12,450,1,1,0.700436325526618
a12,451,1,0,0.2331073944791987
a12,452,1,0,0.2148613080207545
a12,453,1,0,0.4577609011869927
a12,454,1,0,0.1562745353601547
a12,455,1,0,0.4405611974271767
a12,456,1,1,0.6039797260042501
a12,457,1,1,0.5742173895626397
a12,458,1,0,0.3849432304161569
a12,459,1,0,0.11659962197614929
a12,460,1,1,0.5310182684515186
a12,461,1,0,0.07156919876798376
a12,462,1,0,0.3087514678117976
a12,463,1,0,0.09451582519876661
a12,464,1,1,0.5009701411517098
a12,465,1,0,0.35121172245808285
a12,466,1,1,0.843489733103207
a12,467,1,1,0.8730973059787102
a12,468,1,1,0.6734379972568353
a12,469,1,1,0.6643500050513719
a12,470,1,1,0.6731690494262286
a12,471,1,0,0.15056357719201074
a12,472,1,1,0.9035193222065624
a12,473,1,0,0.3018540331421983
a12,474,1,0,0.39449611532240353
a12,475,1,0,0.46521460841445417
a12,476,1,0,0.44248973800834057
a12,477,1,0,0.48452032491353736
a12,478,0,0,0.15973183870190436
a12,479,0,1,0.595933780687698
a12,480,1,1,0.5221903904612443
a12,481,1,1,0.8957181644137083
a12,482,1,1,0.8030488862512535
a12,483,1,1,0.7977816039219761
a12,484,1,1,0.775158694178702
a12,485,1,1,0.7161098081297627
a12,486,0,0,0.47501456939628744
a12,487,0,0,0.20471959282406352
a12,488,1,0,0.49494948969101915
a12,489,1,1,0.5652927948331067
a12,490,1,1,0.730191943290038
a12,491,1,0,0.38198199457963616
a12,492,1,0,0.29127586880048467
a12,493,1,0,0.483508773665797
a12,494,1,1,0.5933042784948589
a12,495,1,0,0.3880877732509353
a12,496,1,0,0.3995270638121659
a12,497,1,0,0.40171861044772594
a12,498,1,0,0.43654552233523863
a12,499,1,0,0.3326505858820525
a12,500,1,0,0.4745267663563059
a12,501,1,0,0.2669758174137902
a12,502,1,1,0.618216184769594
a12,503,1,0,0.21470492165553054
a12,504,1,0,0.48864094692766513
a12,505,1,1,0.6242779830448513
a12,506,1,1,0.5036837959457197
a12,507,1,0,0.36715758151032496
a12,508,1,0,0.33901699308603245
a12,509,1,1,0.5598419012996078
a12,510,1,0,0.3738020380473904
a12,511,1,1,0.5970740216974922
a12,512,1,1,0.5881673388675994
a12,513,1,0,0.20468835631293683
a12,514,1,0,0.43708054357291126
a12,515,1,0,0.2554881308103294
a12,516,1,0,0.3313497554094048
a12,517,1,1,0.5284281414152715
a12,518,1,1,0.5643242320956111
a12,519,1,1,0.6174945308646622
a12,520,1,1,0.7996187749443915
a12,521,1,0,0.2725460161490254
a12,522,1,0,0.3173626707657482
a12,523,1,0,0.24361946352562894
a12,524,1,0,0.19549040722280536
a12,525,1,0,0.37110096310912544
a12,526,1,0,0.4246244832809122
a12,527,1,0,0.3300998414618257
a12,528,1,0,0.44732316713889175
a12,529,1,1,0.6045417052274431
a12,530,1,0,0.2564106743411489
a12,531,1,1,0.8069469319139692
a12,532,1,1,0.7162779829320965
a12,533,1,1,0.5422795336651587
a12,534,1,0,0.3170100751931258
a12,535,1,0,0.4498148954678717
a12,536,1,1,0.5177715001480807
a12,537,1,0,0.4901007808372586
a12,538,1,1,0.5094124372801496
a12,539,1,1,0.7024118076246052
a12,540,1,1,0.6278709244575802
a12,541,1,0,0.3809007162652085
a12,542,1,1,0.7796447461374901
a12,543,1,1,0.8329180976687744
a12,544,1,1,0.867673972377545
a12,545,1,1,0.7187204968721801
a12,546,1,1,0.6103157790667364
a12,547,1,1,0.8060380755705996
a12,548,1,0,0.3890379165457502
a12,549,1,1,0.6526235315207625
a12,550,1,0,0.30997064964285737
a12,551,1,1,0.6746322000762225
a12,552,1,1,0.8745470817495111
a12,553,1,1,0.882259295724249
a12,554,1,1,0.710074529666353
a12,555,1,0,0.10174961605938117
a12,556,1,1,0.8029652662851972
a12,557,1,0,0.16521725930428457
a12,558,1,1,0.6425495591473732
a12,559,1,0,0.19179646909166112
a12,560,1,0,0.1372003941917351
a12,561,1,0,0.20338874311959654
a12,562,1,0,0.48615410211693394
a12,563,1,1,0.5211698710929822
a12,564,1,0,0.26338750623910245
a12,565,1,0,0.3613754390715161
a12,566,1,1,0.5034722172252
a12,567,1,0,0.17740016533530523
a12,568,1,0,0.42578030948882345
a12,569,1,1,0.88049983440798
a12,570,1,1,0.6806006888271784
a12,571,1,1,0.5023857249892711
a12,572,1,1,0.6030318998194117
a12,573,1,1,0.8394686133142353
a12,574,1,1,0.6960273069331965
a12,575,1,1,0.7746416230092954
a12,576,1,1,0.8904941247905137
a13,1,0,0,0.26189415787769543
a13,2,0,1,0.5036348035464375
a13,3,0,0,0.4037336878242162
a13,4,0,0,0.4323330696437303
a13,5,0,0,0.3618205572355921
a13,6,0,0,0.3292041475468703
a13,7,0,0,0.45723536553954724
a13,8,0,0,0.3786742311702825
a13,9,0,0,0.38080881987233484
a13,10,0,0,0.4082839011457741
a13,11,0,0,0.4083476479342586
a13,12,0,1,0.6008985350902598
a13,13,0,1,0.5149327070988724
a13,14,0,0,0.46032474511774385
a13,15,0,0,0.40581742598972975
a13,16,0,1,0.5395964965561982
a13,17,0,0,0.3025794724658341
a13,18,0,0,0.4823584603059349
a13,19,0,1,0.6805367872788062
a13,20,0,0,0.33428173577240045
a13,21,0,0,0.3315889063244146
a13,22,0,1,0.5170434939083955
a13,23,0,0,0.38987845437106294
a13,24,0,1,0.7219163292484899
a13,25,0,0,0.16496785075681325
a13,26,0,1,0.5065321047937185
a13,27,0,1,0.6044797001015801
a13,28,0,0,0.3670784992668072
a13,29,0,1,0.6604748341205321
a13,30,0,1,0.5315486199230142
a13,31,0,0,0.3597598401413699
a13,32,0,0,0.45162116666899266
a13,33,0,0,0.33617819980675673
a13,34,0,1,0.576785469294064
a13,35,0,1,0.5125065829291997
a13,36,0,1,0.7346794383867161
a13,37,1,1,0.6558839002599416
a13,38,1,1,0.5003770167377849
a13,39,1,1,0.6309231111906992
a13,40,1,1,0.6835976863284038
a13,41,1,1,0.7775078459786514
a13,42,1,1,0.7713940961016494
a13,43,1,1,0.7939283406923259
a13,44,1,1,0.7240656736361324
a13,45,1,1,0.5359234268829425
a13,46,1,1,0.5260966612530383
a13,47,1,1,0.764383572780051
a13,48,1,1,0.6878099896476679
a13,49,1,1,0.8179290509321706
a13,50,1,1,0.7955697732811577
a13,51,1,1,0.6209165954127761
a13,52,1,0,0.49116860898996767
a13,53,1,1,0.8901295395588503
a13,54,1,1,0.7695834215945214
a13,55,1,1,0.8118736930236338
a13,56,1,1,0.6710436232803924
a13,57,1,1,0.5638418844445734
a13,58,1,1,0.5442574949132281
a13,59,1,1,0.6711482450444528
a13,60,1,1,0.805444722646114
a13,61,1,1,0.7765870066182926
a13,62,1,1,0.5798687583573339
a13,63,1,1,0.6424242371863392
a13,64,1,1,0.7252164007858757
a13,65,1,1,0.8308239700302423
a13,66,0,1,0.744098349878397
a13,67,0,0,0.4111482784619622
a13,68,0,0,0.38749147684330115
a13,69,0,0,0.4768938601451696
a13,70,1,0,0.2825057188160675
a13,71,1,1,0.5069944707189086
a13,72,1,1,0.5336391596440306
a13,73,1,1,0.5837518462789031
a13,74,0,0,0.34589163650643834
a13,75,0,0,0.319055135594853
a13,76,0,0,0.31951503939633874
a13,77,0,0,0.3231710992172749
a13,78,0,0,0.2861332653383279
a13,79,0,0,0.30163314221901244
a13,80,0,0,0.28210218854252506
a13,81,0,0,0.2847076647099808
a13,82,0,0,0.29374096833030017
a13,83,0,0,0.330520340674069
a13,84,0,0,0.30331462976173773
a13,85,0,0,0.27352040325576826
a13,86,0,0,0.24806427811456438
a13,87,0,0,0.2687423516927639
a13,88,0,0,0.2697595497466732
a13,89,0,0,0.2547395899508372
a13,90,0,0,0.2685608547902683
a13,91,0,0,0.26024118390163714
a13,92,0,0,0.27439098314223814
a13,93,0,0,0.2719385925338933
a13,94,0,0,0.2720222833135853
a13,95,0,0,0.26619908882994076
a13,96,0,0,0.26457225151921265
a13,97,0,0,0.2839101594831704
a13,98,0,0,0.26887143953551335
a13,99,0,0,0.26327355255453644
a13,100,0,0,0.2761553706413891
a13,101,0,0,0.25423656313655135
a13,102,0,0,0.31211189753355273
a13,103,0,0,0.2680822996648188
a13,104,0,0,0.2555049401049725
a13,105,0,0,0.27968634909714946
a13,106,0,0,0.2712050773113127
a13,107,0,0,0.2802320464373367
a13,108,0,0,0.28718745448206245
a13,109,0,0,0.28439780019769884
a13,110,0,0,0.32711768560625076
a13,111,0,0,0.27485342847132627
a13,112,0,0,0.23141785354957217
a13,113,0,1,0.5326007434986081
a13,114,0,1,0.5524994550049492
a13,115,1,0,0.4532581657492821
a13,116,1,1,0.5843218560547797
a13,117,1,1,0.5796712717226844
a13,118,1,0,0.4653823635262191
a13,119,0,1,0.5174396338574002
a13,120,0,0,0.3262561830590818
a13,121,0,0,0.34295126331736503
a13,122,0,0,0.3935602955141204
a13,123,0,0,0.3506457985059446
a13,124,0,0,0.3430548097321934
a13,125,0,0,0.267381945616143
a13,126,0,0,0.3017595349439738
a13,127,0,0,0.29308931127764953
a13,128,0,0,0.28741029289042686
a13,129,0,0,0.2798696083868437
a13,130,0,0,0.2973998959760071
a13,131,0,0,0.29267967910269893
a13,132,0,0,0.4929511922880329
a13,133,0,0,0.34628455851583445
a13,134,0,0,0.41185101476565167
a13,135,0,0,0.2593778066056653
a13,136,0,0,0.31199215991645224
a13,137,0,0,0.49289202954657035
a13,138,0,0,0.3573753003478854
a13,139,0,0,0.3401990710417067
a13,140,0,0,0.2795947658437485
a13,141,0,0,0.2788724452718998
a13,142,0,0,0.3325718275342364
a13,143,0,0,0.3061724812535842
a13,144,0,0,0.26924827443701876
a13,145,0,0,0.25719349849315487
a13,146,0,0,0.29984352876297127
a13,147,0,0,0.2933791789226335
a13,148,0,0,0.31865260344319085
a13,149,0,1,0.6723907409341965
a13,150,0,1,0.5528396108269532
a13,151,1,1,0.5658860663760779
a13,152,1,1,0.7851984829505084
a13,153,1,1,0.5711770229531402
a13,154,1,1,0.6682478327629503
a13,155,1,1,0.7333829021095256
a13,156,0,1,0.5425693607689192
a13,157,0,1,0.6058367863986173
a13,158,0,0,0.49217408461666334
a13,159,0,0,0.1821754240411588
a13,160,0,0,0.3465617322945506
a13,161,0,1,0.5072815941732832
a13,162,0,1,0.5446387233065173
a13,163,0,0,0.30537777769901975
a13,164,0,1,0.6078228843751049
a13,165,1,0,0.428759361958659
a13,166,0,0,0.36169748049232664
a13,167,0,1,0.5074862946094589
a13,168,1,1,0.5670420560724508
a13,169,0,1,0.6125217988856221
a13,170,0,1,0.6684907877029244
a13,171,0,0,0.4969500309983143
a13,172,1,1,0.5968688726995467
a13,173,0,0,0.4487582144316215
a13,174,0,1,0.6941005502992239
a13,175,1,1,0.7133344943068404
a13,176,1,0,0.48017188301499425
a13,177,1,1,0.53039991250524
a13,178,1,1,0.5413717287625559
a13,179,1,1,0.5927759747771503
a13,180,1,1,0.6777242057491697
a13,181,1,1,0.7164796738766377
a13,182,1,1,0.6244598875451939
a13,183,1,1,0.7259721001643362
a13,184,1,0,0.45364633333630777
a13,185,1,1,0.7210956435226584
a13,186,1,1,0.6390223121683014
a13,187,1,1,0.7004591924894198
a13,188,1,0,0.4723353595465344
a13,189,1,1,0.556022300276727
a13,190,1,1,0.6932280133164347
a13,191,1,1,0.6593148037070008
a13,192,1,1,0.6626172343587858
a13,193,1,1,0.6805458763020255
a13,194,1,1,0.7007035786858973
a13,195,1,1,0.5447397637868862
a13,196,1,1,0.500845207003545
a13,197,1,1,0.6103423195771428
a13,198,1,1,0.6873651280650263
a13,199,1,1,0.7287844013165139
a13,200,1,1,0.7645184230130413
a13,201,1,1,0.6553498789181179
a13,202,0,0,0.35590197990699296
a13,203,0,0,0.4327912334144105
a13,204,0,1,0.6251113386455144
a13,205,1,0,0.4764603942113204
a13,206,1,1,0.6151729065865292
a13,207,1,1,0.6275444509933314
a13,208,1,1,0.6775290824055715
a13,209,1,1,0.7152809553639231
a13,210,1,1,0.6368514376086327
a13,211,1,0,0.44776341846575074
a13,212,1,1,0.7814915632478707
a13,213,1,1,0.6779522529079676
a13,214,1,1,0.6967224569177467
a13,215,1,0,0.3352845573040251
a13,216,0,0,0.3501726418046218
a13,217,0,1,0.6474865662574786
a13,218,1,1,0.5935036636362249
a13,219,1,1,0.5901862426812858
a13,220,1,1,0.5936181899170873
a13,221,1,1,0.6811074230596523
a13,222,1,0,0.33208890340612346
a13,223,1,0,0.41650237662892214
a13,224,0,1,0.5499201150313306
a13,225,1,0,0.3291610462536116
a13,226,0,0,0.41864463292313875
a13,227,0,0,0.3952466290236495
a13,228,0,0,0.4403080228227025
a13,229,0,0,0.4066447968232508
a13,230,0,1,0.5017770399841671
a13,231,0,0,0.4366487906811199
a13,232,0,0,0.4022946023441557
a13,233,0,0,0.38098088693153426
a13,234,0,0,0.3685127363415143
a13,235,0,0,0.32998935820920544
a13,236,1,1,0.5128956684486212
a13,237,1,0,0.3763876154941088
a13,238,1,1,0.6194848157534063
a13,239,1,1,0.6066786342259146
a13,240,1,1,0.5402958745768158
a13,241,1,1,0.5168162527135228
a13,242,1,1,0.5085340268067993
a13,243,0,0,0.4652637978600663
a13,244,0,1,0.5731035907888258
a13,245,0,0,0.441279959799806
a13,246,0,0,0.3736873217506477
a13,247,0,1,0.5009247724253455
a13,248,0,0,0.3856255417630272
a13,249,0,0,0.4161615508215466
a13,250,1,1,0.7410602295967833
a13,251,1,1,0.6657784698202895
a13,252,1,1,0.5622968332608532
a13,253,1,1,0.6512798777171943
a13,254,1,0,0.478781215125052
a13,255,1,1,0.573065737215267
a13,256,1,0,0.4935303128948144
a13,257,1,1,0.6157486643085681
a13,258,1,1,0.7067712668116329
a13,259,1,1,0.7175917679023982
a13,260,1,1,0.7577749543501977
a13,261,0,1,0.7800734529769016
a13,262,0,0,0.44524020418545057
a13,263,0,1,0.6537366403477625
a13,264,0,0,0.41965505107910006
a13,265,0,1,0.7298449500386966
a13,266,0,1,0.6735890229245669
a13,267,0,1,0.6384271097666143
a13,268,0,1,0.7138417184144424
a13,269,1,1,0.7244565181808422
a13,270,1,1,0.70654169693347
a13,271,1,1,0.6071430880932829
a13,272,1,1,0.6515126575871104
a13,273,1,1,0.7407418041365873
a13,274,1,1,0.7983117137533493
a13,275,1,1,0.8197795786812734
a13,276,1,1,0.6191861119398281
a13,277,1,1,0.7959932777043209
a13,278,1,1,0.6593390605783488
a13,279,1,1,0.6892027335746804
a13,280,1,1,0.6782500516285613
a13,281,1,1,0.6339687648210919
a13,282,1,1,0.7011586865972224
a13,283,1,1,0.5487928059969543
a13,284,1,1,0.9235864214835364
a13,285,1,1,0.7934355522290968
a13,286,1,1,0.6077208118763899
a13,287,1,1,0.6383116247207925
a13,288,1,1,0.5789420617274649
a13,289,0,1,0.8271945316427765
a13,290,1,1,0.7218228356092076
a13,291,1,1,0.5970287533225536
a13,292,1,1,0.7608961803341717
a13,293,1,1,0.7108197732908617
a13,294,1,1,0.6939595427443601
a13,295,1,1,0.5902878688601165
a13,296,1,0,0.45739297093438447
a13,297,0,0,0.4237724292310276
a13,298,0,0,0.3607915666710263
a13,299,0,0,0.31944179295796543
a13,300,0,0,0.35303956964002614
a13,301,0,0,0.27989641785401725
a13,302,0,0,0.41973464593780896
a13,303,0,0,0.38019868646197297
a13,304,0,0,0.3054365007220531
a13,305,0,0,0.3376626466483286
a13,306,0,0,0.4184953283957073
a13,307,0,0,0.32222019345960506
a13,308,0,0,0.4482257530396851
a13,309,0,0,0.34171810575379274
a13,310,0,0,0.46641040364599484
a13,311,0,0,0.45000037779292745
a13,312,0,0,0.3049402170090319
a13,313,0,0,0.3955319123668343
a13,314,0,0,0.33793914765324495
a13,315,0,0,0.3923191004508167
a13,316,0,0,0.33883998115945807
a13,317,0,0,0.28854349729892104
a13,318,0,0,0.24927764727063667
a13,319,0,0,0.3535001039008974
a13,320,0,0,0.3107875703451674
a13,321,0,0,0.33573574778820897
a13,322,0,0,0.2965701135658252
a13,323,0,0,0.26705930047772025
a13,324,0,1,0.8098030384692575
a13,325,0,1,0.589869822836795
a13,326,1,1,0.5749553926374612
a13,327,1,1,0.672944191272465
a13,328,1,1,0.6551245874980024
a13,329,1,1,0.68085781290035
a13,330,1,1,0.5203171011452258
a13,331,1,1,0.8629818360625309
a13,332,1,1,0.6274914363837708
a13,333,1,1,0.7671292530754935
a13,334,1,1,0.6906489124962891
a13,335,1,1,0.6896964541210693
a13,336,1,1,0.6164249310659102
a13,337,1,1,0.6896223833182836
a13,338,1,1,0.804612667748489
a13,339,1,1,0.7094783851867792
a13,340,1,1,0.7666436109536319
a13,341,1,1,0.7071510075942835
a13,342,1,1,0.7268989984537555
a13,343,1,1,0.6876266607053888
a13,344,1,1,0.7369166819918442
a13,345,1,1,0.7531214879318072
a13,346,1,1,0.6035143177003491
a13,347,1,1,0.7158204929179459
a13,348,1,1,0.6528271591453501
a13,349,1,1,0.7331949141085488
a13,350,1,1,0.7983230450356729
a13,351,1,1,0.572377623474785
a13,352,1,1,0.5657704848536024
a13,353,1,1,0.5217909164709276
a13,354,1,0,0.4357138207147453
a13,355,1,1,0.6917791670018616
a13,356,1,1,0.6722722910888556
a13,357,1,1,0.7823715716752212
a13,358,1,1,0.7970886320818414
a13,359,1,1,0.6934364806961067
a13,360,1,1,0.761593942444372
a13,361,1,1,0.701819069463606
a13,362,1,1,0.8529740452849527
a13,363,1,0,0.43346685442685323
a13,364,1,1,0.7947296144543785
a13,365,1,1,0.7005399069985736
a13,366,1,1,0.6481457555565098
a13,367,1,1,0.8879228738964632
a13,368,1,1,0.666941868638022
a13,369,1,1,0.7603494928205503
a13,370,1,1,0.7296150667309271
a13,371,1,1,0.7869461157312194
a13,372,1,1,0.7074179039297152
a13,373,1,1,0.5614787377906217
a13,374,1,1,0.7296564622083064
a13,375,1,1,0.9481187975331824
a13,376,1,1,0.6518867096908095
a13,377,1,1,0.6489687360922451
a13,378,1,1,0.6010802985674288
a13,379,1,1,0.6699317583020962
a13,380,1,1,0.6457336330298913
a13,381,1,1,0.6430138851164072
a13,382,1,1,0.693799187269788
a13,383,1,1,0.6789764494943092
a13,384,1,1,0.6763883806550884
a13,385,1,1,0.5192197018228863
a13,386,1,1,0.7432577552972703
a13,387,1,1,0.7489079612392148
a13,388,1,1,0.5365137687029102
a13,389,1,1,0.7869700666604427
a13,390,1,1,0.6400812592739218
a13,391,1,1,0.7737874288798917
a13,392,1,1,0.7410088941932876
a13,393,1,0,0.4483321407641205
a13,394,1,1,0.6765696902061424
a13,395,1,1,0.6469413532636877
a13,396,1,1,0.7928061686451346
a13,397,1,1,0.617043921208102
a13,398,1,1,0.6071535931715776
a13,399,1,1,0.7767594968334348
a13,400,1,1,0.5790101782103158
a13,401,1,0,0.4599811780915956
a13,402,0,0,0.41153386934457653
a13,403,1,1,0.8232918296360554
a13,404,1,1,0.6662134820220962
a13,405,1,0,0.3893230142783341
a13,406,1,1,0.6642755425444583
a13,407,0,0,0.3489965892406634
a13,408,0,0,0.45049606069012005
a13,409,0,0,0.3011175834661721
a13,410,0,0,0.4843872852013524
a13,411,0,0,0.397953458891046
a13,412,0,0,0.3946406579989964
a13,413,0,0,0.344861910157249
a13,414,0,0,0.37691312962394163
a13,415,0,0,0.39668335622273293
a13,416,0,0,0.3869240841263822
a13,417,0,0,0.3610325453857299
a13,418,0,0,0.3515096028769468
a13,419,0,0,0.30634076055840637
a13,420,0,0,0.3577451096903263
a13,421,0,0,0.31257896468851715
a13,422,0,0,0.3172167846373559
a13,423,0,1,0.6628729901405919
a13,424,0,1,0.5777595614514806
a13,425,1,0,0.21486907994254395
a13,426,1,1,0.5886784710451379
a13,427,1,0,0.48707331396450637
a13,428,1,1,0.6196111795667996
a13,429,1,0,0.47336981398036626
a13,430,1,1,0.7277039238114994
a13,431,1,1,0.6138598030638628
a13,432,1,1,0.7409951634855451
a13,433,1,1,0.6112297429730406
a13,434,1,1,0.7098273963177655
a13,435,1,1,0.6497218784730857
a13,436,1,0,0.4743576212315993
a13,437,1,1,0.5824708992376711
a13,438,1,0,0.482418692304743
a13,439,1,1,0.5697058959572412
a13,440,1,1,0.6567916176968444
a13,441,1,1,0.5804164154636186
a13,442,1,1,0.6707472953200128
a13,443,1,1,0.6390857082121989
a13,444,1,1,0.6942803863493765
a13,445,0,0,0.3302976630101435
a13,446,0,0,0.37773060197211666
a13,447,0,0,0.33941189216608314
a13,448,0,1,0.6396991768447096
a13,449,0,0,0.43232100968687065
a13,450,0,1,0.5322669751554495
a13,451,0,0,0.4089596660349008
a13,452,0,0,0.4724948202100128
a13,453,0,0,0.21312236367234982
a13,454,0,0,0.3298164550840755
a13,455,0,0,0.32402373609342827
a13,456,0,0,0.3292793104658308
a13,457,0,0,0.302441969047539
a13,458,0,0,0.30206671468478574
a13,459,0,0,0.3005527941899795
a13,460,0,0,0.30666009946293266
a13,461,0,1,0.7501863660667699
a13,462,0,0,0.36528983314596736
a13,463,0,0,0.3295679601800846
a13,464,0,0,0.29666332280935653
a13,465,0,0,0.4156435529581143
a13,466,0,0,0.2888187167294794
a13,467,0,0,0.2975997467595501
a13,468,0,0,0.29695957124276
a13,469,0,0,0.28475217036488976
a13,470,0,0,0.2872364955507936
a13,471,0,0,0.3777624198330357
a13,472,0,0,0.30323070382164247
a13,473,0,0,0.32273509276914697
a13,474,0,0,0.3006224849021151
a13,475,0,0,0.2978656134903777
a13,476,0,0,0.39138028844729156
a13,477,0,0,0.33325123409747015
a13,478,0,0,0.3068043712450398
a13,479,0,0,0.3137183936782878
a13,480,0,0,0.30175988811410304
a13,481,0,1,0.5223305491055463
a13,482,0,1,0.5874332510219625
a13,483,0,0,0.3865742374086233
a13,484,0,0,0.3710815925548776
a13,485,1,0,0.40824219225021935
a13,486,0,0,0.40009249932177765
a13,487,1,0,0.3953316038431146
a13,488,1,0,0.35788406836305536
a13,489,1,0,0.49369373805080036
a13,490,1,0,0.4183039540647007
a13,491,1,1,0.6561111624777274
a13,492,1,0,0.4361385981084625
a13,493,1,0,0.19172903416254689
a13,494,1,0,0.2961642453186573
a14,1,0,0,0.37915239440157217
a14,2,0,0,0.3979973574377857
a14,3,0,1,0.8418178169765844
a14,4,0,0,0.385028090441507
a14,5,0,0,0.4682084282190806
a14,6,0,0,0.38390432326204493
a14,7,0,1,0.6771511658761106
a14,8,0,1,0.5043270275775941
a14,9,0,1,0.8627147626845735
a14,10,0,0,0.15692901927030609
a14,11,0,1,0.9072873279802902
a14,12,0,1,0.5551408636571491
a14,13,0,0,0.2807930135301437
a14,14,0,1,0.5181977387641674
a14,15,1,0,0.30584703161869553
a14,16,1,0,0.24813713829874684
a14,17,1,0,0.41022593333954155
a14,18,1,0,0.29945039995543443
a14,19,1,0,0.13040794242908554
a14,20,1,0,0.39232351909163243
a14,21,1,1,0.5357282273682467
a14,22,1,0,0.2495901736678984
a14,23,1,0,0.0888688686982944
a14,24,1,0,0.09993818478088724
a14,25,1,0,0.13166886289543012
a14,26,1,0,0.11427090856522312
a14,27,1,0,0.05031622292551895
a14,28,1,0,0.12580498330302092
a14,29,1,0,0.11476092865981741
a14,30,1,0,0.1700969992586564
a14,31,1,0,0.1494568759425904
a14,32,1,0,0.132987068883551
a14,33,1,0,0.25956973592821303
a14,34,1,0,0.23260734355097745
a14,35,1,0,0.08654604056413043
a14,36,1,0,0.301879574345325
a14,37,1,0,0.20823861251128076
a14,38,1,0,0.16199998212224412
a14,39,1,0,0.2655096271475556
a14,40,1,0,0.27870678095022466
a14,41,1,1,0.6037026347390242
a14,42,1,1,0.6890655380700865
a14,43,1,0,0.49325302954337336
a14,44,1,0,0.11700218260112513
a14,45,1,0,0.26525724153575
a14,46,1,0,0.35523307548339594
a14,47,1,0,0.08696313952978046
a14,48,1,0,0.2023272874083719
a14,49,1,0,0.1243649702886577
a14,50,1,0,0.18304061871318755
a14,51,1,0,0.3419723757656233
a14,52,1,0,0.16130740270509145
a14,53,1,0,0.11096546075835442
a14,54,1,0,0.06714228619103331
a14,55,1,1,0.7521258643876387
a14,56,1,0,0.23706284925698995
a14,57,1,0,0.39053834424602984
a14,58,1,0,0.07515391692470841
a14,59,1,0,0.2560907002750284
a14,60,1,0,0.4781725381051751
a14,61,1,1,0.5885622380090435
a14,62,1,0,0.10974317179571025
a14,63,1,0,0.16820490299345872
a14,64,1,1,0.9176090549482822
a14,65,1,0,0.43663159241884036
a14,66,1,0,0.43338776094376236
a14,67,1,1,0.8808430239795606
a14,68,1,0,0.1885647997978293
a14,69,1,1,0.8656520649097941
a14,70,1,1,0.5596676869881273
a14,71,1,1,0.970855386888292
a14,72,1,0,0.33767080016531464
a14,73,1,1,0.901356289720983
a14,74,1,1,0.8921089691899935
a14,75,1,1,0.9035786508917436
a14,76,1,1,0.8811665140960303
a14,77,1,1,0.9467860388334762
a14,78,1,1,0.9422087410684556
a14,79,1,1,0.69251269582841
a14,80,1,1,0.6802310128992067
a14,81,1,1,0.7722510851757978
a14,82,1,1,0.9538199893932575
a14,83,1,1,0.7621055260245078
a14,84,1,1,0.968607336290228
a14,85,1,1,0.9123456103049651
a14,86,1,1,0.8946796959777986
a14,87,1,1,0.9368130613307242
a14,88,1,1,0.9401712120094454
a14,89,1,1,0.9194149296841528
a14,90,1,1,0.6317953018641864
a14,91,1,0,0.3396611570040521
a14,92,1,1,0.779101807122358
a14,93,1,1,0.5946257320731607
a14,94,1,1,0.7466514661592573
a14,95,1,1,0.7689800415664739
a14,96,1,1,0.8911366366610536
a14,97,1,1,0.7116178221250771
a14,98,1,0,0.3583929014553383
a14,99,1,1,0.963577709206255
a14,100,1,1,0.7253751511344068
a14,101,1,1,0.7005013643845488
a14,102,1,1,0.8980142721662102
a14,103,1,1,0.9945996300689093
a14,104,1,1,0.8405449698118778
a14,105,0,1,0.8490134387711
a14,106,0,0,0.2357514334269768
a14,107,1,0,0.09803871805338632
a14,108,1,0,0.1722552868869586
a14,109,1,0,0.15040099764438603
a14,110,1,0,0.40893421063737107
a14,111,1,0,0.12615830843565573
a14,112,1,0,0.26106539951597757
a14,113,1,1,0.5557602521995422
a14,114,1,0,0.16507351789173774
a14,115,1,0,0.20823991994167576
a14,116,1,0,0.25806389892655257
a14,117,1,0,0.258838375239251
a14,118,1,0,0.25159943851333166
a14,119,1,0,0.22355532378975362
a14,120,1,0,0.37447006493566654
a14,121,1,0,0.4541966283585931
a14,122,1,0,0.45251114707304446
a14,123,1,0,0.29760656899724475
a14,124,1,0,0.3182370255858108
a14,125,1,1,0.58769823105584
a14,126,1,0,0.49520929165312594
a14,127,1,0,0.2551844373297296
a14,128,1,1,0.6109884386834981
a14,129,1,0,0.23079412689835052
a14,130,1,0,0.31225348581296136
a14,131,1,0,0.29390607182111167
a14,132,1,0,0.42353275046009586
a14,133,1,0,0.37565770626737116
a14,134,1,0,0.3022044037991834
a14,135,1,0,0.2064827914475249
a14,136,1,0,0.2836109310951771
a14,137,1,0,0.22979875402682276
a14,138,1,1,0.512897487456781
a14,139,1,0,0.28646462369822373
a14,140,1,1,0.5350784072996749
a14,141,1,0,0.262079162002601
a14,142,1,1,0.9727437813131178
a14,143,1,0,0.15119289858656998
a14,144,1,1,0.5305178021437467
a14,145,1,0,0.42555063084498346
a14,146,1,1,0.731399298337255
a14,147,1,1,0.7876174344392121
a14,148,1,0,0.246937226300413
a14,149,1,0,0.35170349435502096
a14,150,1,0,0.39053429486503827
a14,151,1,1,0.5078571272603702
a14,152,1,0,0.2364861165207431
a14,153,1,0,0.40488401543141767
a14,154,1,1,0.5213098809837664
a14,155,1,1,0.5680773145904746
a14,156,1,1,0.680785226319621
a14,157,1,0,0.304331373597823
a14,158,1,1,0.5119834576370058
a14,159,1,1,0.6573446340432406
a14,160,1,0,0.3804004442783977
a14,161,1,0,0.30774907404955826
a14,162,1,1,0.9286782478819648
a14,163,1,0,0.32181682472256484
a14,164,1,1,0.7331815302377014
a14,165,1,0,0.21465687823722845
a14,166,1,0,0.2977131045454297
a14,167,1,0,0.36410417068718187
a14,168,1,1,0.9587011215155055
a14,169,1,1,0.7163609798361815
a14,170,1,1,0.528644290633372
a14,171,1,1,0.5273307926700347
a14,172,1,1,0.6261888729011952
a14,173,1,1,0.6454347340940986
a14,174,1,1,0.8978675169383917
a14,175,1,1,0.7127582408471971
a14,176,1,0,0.4551634271508193
a14,177,1,1,0.6723184243246012
a14,178,1,0,0.21198018353886697
a14,179,1,1,0.655060128793157
a14,180,1,1,0.8736799105238839
a14,181,1,0,0.4697566238219762
a14,182,1,0,0.29202285970315084
a14,183,1,0,0.36139073249206133
a14,184,1,0,0.4116765929921117
a14,185,1,0,0.1835600060220446
a14,186,1,0,0.4342635973726068
a14,187,1,1,0.9494849462100768
a14,188,1,0,0.4072084148109677
a14,189,1,1,0.7776227051261446
a14,190,1,0,0.17390461798380627
a14,191,1,0,0.28928639516783294
a14,192,1,0,0.24173048954017845
a14,193,1,0,0.49429525817714176
a14,194,1,0,0.39783414363515873
a14,195,1,0,0.2804178775628392
a14,196,1,0,0.25481204126236723
a14,197,1,1,0.8638487259583926
a14,198,1,1,0.6918549124213595
a14,199,1,1,0.8615269493797927
a14,200,1,1,0.9419545404311603
a14,201,1,0,0.21255274710608993
a14,202,1,1,0.7760864289964363
a14,203,1,1,0.957178554487666
a14,204,1,1,0.7021002453788064
a14,205,1,0,0.39688587841515294
a14,206,1,1,0.5545811200266005
a14,207,1,1,0.9806769114323505
a14,208,1,1,0.774562684000855
a14,209,1,1,0.8275058934009359
a14,210,1,1,0.922626239459922
a14,211,1,0,0.4977635893307408
a14,212,1,1,0.9646718276742127
a14,213,1,1,0.5348204156239195
a14,214,1,1,0.5758449476856966
a14,215,1,1,0.6175282772143286
a14,216,1,1,0.9415056053665388
a14,217,1,1,0.9947901125629479
a14,218,1,1,0.805075164671618
a14,219,1,1,0.957018090457191
a14,220,1,1,0.6357539917784734
a14,221,1,1,0.6052290468014061
a14,222,1,1,0.9151621741115507
a14,223,1,0,0.44226734611806173
a14,224,1,1,0.9241017626342478
a14,225,1,0,0.4686324956173099
a14,226,1,1,0.7313636750049011
a14,227,1,0,0.32593667744662086
a14,228,1,0,0.47387328970575315
a14,229,1,1,0.6271630305818193
a14,230,1,1,0.6405942386121192
a14,231,1,1,0.6041407359269589
a14,232,1,1,0.9573773886983674
a14,233,1,1,0.586465677051554
a14,234,1,0,0.41289323637115766
a14,235,1,0,0.4222343139174118
a14,236,1,0,0.40674170115934066
a14,237,1,1,0.5576341917668541
a14,238,1,0,0.34227740823384706
a14,239,1,0,0.4615276023369292
a14,240,1,1,0.5935446723222293
a14,241,1,1,0.859567243709362
a14,242,1,0,0.29658677878093725
a14,243,1,1,0.5498295218375167
a14,244,1,1,0.6101673541396051
a14,245,1,1,0.5276514367883093
a14,246,1,0,0.4097731137898708
a14,247,1,1,0.5008213420906219
a14,248,1,1,0.5534973514604586
a14,249,1,0,0.43723029943821845
a14,250,1,1,0.5257787431517329
a14,251,1,1,0.5127376790098854
a14,252,1,0,0.44454306406356936
a14,253,1,1,0.6725083054639703
a14,254,1,1,0.708665711365723
a14,255,1,0,0.19351348237110522
a14,256,1,0,0.23639894788992158
a14,257,1,0,0.3900118273973087
a14,258,1,1,0.6512115834753928
a14,259,1,0,0.34136474686323015
a14,260,1,1,0.8758582580143911
a14,261,1,0,0.26416916930771245
a14,262,1,0,0.48224843795311534
a14,263,1,1,0.6085905514917096
a14,264,1,1,0.705122664231512
a14,265,1,1,0.5528427191167428
a14,266,1,0,0.24988815853021254
a14,267,1,0,0.23071155760641854
a14,268,1,1,0.7265208984411797
a14,269,1,0,0.47457822607107075
a14,270,1,0,0.22645018168235334
a14,271,1,1,0.5839984603678341
a14,272,1,1,0.5123770009899984
a14,273,1,0,0.3366072540735323
a14,274,1,1,0.8484886346992603
a14,275,1,0,0.4907674547516424
a14,276,1,1,0.7688025754046893
a14,277,1,0,0.4652309567853182
a14,278,1,0,0.37513221205053016
a14,279,1,0,0.35006144567558617
a14,280,1,1,0.6499834099716011
a14,281,1,1,0.8799547240524412
a14,282,1,1,0.7198788930738389
a14,283,1,1,0.7369408758186312
a14,284,1,0,0.4128247885687847
a14,285,1,0,0.3818160945153119
a14,286,1,1,0.5242243249990844
a14,287,1,0,0.24396950784987856
a14,288,1,1,0.7398086092420717
a14,289,1,0,0.1906441472192249
a14,290,1,1,0.5605171209334238
a14,291,1,1,0.7369629694595126
a14,292,1,0,0.43131440223800094
a14,293,1,0,0.3135742708801682
a14,294,1,1,0.6457322011501652
a14,295,1,1,0.8499213066189938
a14,296,1,0,0.41378899811610864
a14,297,1,1,0.5662684392843024
a14,298,1,1,0.5690664526594453
a14,299,1,0,0.3753846621829218
a14,300,1,1,0.5187362329030234
a14,301,1,1,0.6176422795328986
a14,302,1,0,0.3330923147012657
a14,303,1,1,0.6073476304935737
a14,304,1,0,0.24947789711241644
a14,305,1,1,0.7152657623861535
a14,306,1,1,0.7003164882004591
a14,307,1,1,0.5609585725865452
a14,308,1,1,0.5408671210414338
a14,309,1,0,0.4417272400443264
a14,310,1,1,0.7362369722732263
a14,311,1,1,0.8612842217249853
a14,312,1,1,0.7435683338121116
a14,313,1,1,0.7781859358996488
a14,314,1,1,0.7290759323484363
a14,315,1,1,0.6264829066257419
a14,316,1,1,0.730974815253742
a14,317,1,1,0.8314052929881324
a14,318,1,1,0.9418375443398023
a14,319,1,1,0.8497470214894298
a14,320,1,1,0.9708027303729936
a14,321,1,1,0.7329534502102119
a14,322,1,1,0.9773197794660688
a14,323,1,1,0.536252158558116
a14,324,1,1,0.6560229660388464
a14,325,1,1,0.8438703106502411
a14,326,1,1,0.9209104415879308
a14,327,1,1,0.9947779071942024
a14,328,1,1,0.9378266841088277
a14,329,1,1,0.8315969171079791
a14,330,0,1,0.8545781384185045
a14,331,0,1,0.6394215350244057
a14,332,0,0,0.22134368203885615
a14,333,0,0,0.42016298668150553
a14,334,0,0,0.40512717603314224
a14,335,0,1,0.5781132643251436
a14,336,0,1,0.6344725729692191
a14,337,0,1,0.9122255198733004
a14,338,0,0,0.4384286921702617
a14,339,0,1,0.5036783326278145
a14,340,0,1,0.7587590858313537
a14,341,0,0,0.31195436566933094
a14,342,0,0,0.43217975057102237
a14,343,0,0,0.41453532222510636
a14,344,0,1,0.547701863622877
a14,345,0,0,0.39652106029902
a14,346,0,0,0.3374452045153753
a14,347,0,1,0.5976269963978785
a14,348,0,1,0.7755643558766668
a14,349,0,1,0.6639524128387777
a14,350,0,1,0.7950712549820897
a14,351,0,1,0.6638838271985448
a14,352,0,1,0.6476890800411784
a14,353,0,0,0.4207720994790684
a14,354,0,1,0.6289278908822016
a14,355,0,1,0.5247733018416758
a14,356,0,0,0.2361144926391618
a14,357,0,1,0.8687894541543275
a14,358,0,0,0.35441333099692074
a14,359,0,1,0.6973717227150282
a14,360,0,1,0.5041027679244703
a14,361,0,1,0.6111563396101899
a14,362,0,0,0.4321187430572888
a14,363,0,1,0.5172636331778767
a14,364,0,0,0.3882397960767877
a14,365,0,0,0.35726803848970606
a14,366,0,1,0.5992827302246726
a14,367,1,0,0.43198611169488227
a14,368,1,1,0.793709023898099
a14,369,1,1,0.6237071133660457
a14,370,1,0,0.43613723788792697
a14,371,0,1,0.6487704354049452
a14,372,0,1,0.5916397365667093
a14,373,0,1,0.7680592502546024
a14,374,1,0,0.37080215376206827
a14,375,1,0,0.4795297915197002
a14,376,1,1,0.5061280822593766
a14,377,1,1,0.8463861144977134
a14,378,1,1,0.9331270572948512
a14,379,0,1,0.5614059401390128
a14,380,0,1,0.8345614870714643
a14,381,1,0,0.3320607281217719
a14,382,1,0,0.2006805672592153
a14,383,1,0,0.22860892731216925
a14,384,1,0,0.18453158425724495
a14,385,1,0,0.2270513840576765
a14,386,1,0,0.49165605830758174
a14,387,1,0,0.48508196207743043
a14,388,1,0,0.2785649449865493
a14,389,1,1,0.5282740463657825
a14,390,1,1,0.722715934768828
a14,391,1,0,0.37460923237451815
a14,392,1,0,0.3318957198333911
a14,393,1,0,0.3809480970082049
a14,394,1,0,0.35184708444738017
a14,395,0,0,0.24390703165666155
a14,396,0,0,0.12540437610551422
a14,397,0,0,0.3082474311776165
a14,398,0,0,0.16647170407960776
a14,399,0,0,0.14016792643927423
a14,400,0,0,0.24350544884009964
a14,401,0,0,0.07185390784252013
a14,402,0,0,0.22144814689192585
a14,403,0,0,0.0684566846578284
a14,404,0,0,0.24709402431742492
a14,405,0,0,0.2314084949228129
a14,406,0,0,0.06520035080706978
a14,407,0,0,0.059023566803588466
a14,408,0,0,0.13595612257486817
a14,409,0,0,0.2391091819611303
a14,410,0,0,0.07962425114698034
a14,411,0,0,0.11457892728395264
a14,412,0,1,0.9540193670424804
a14,413,1,0,0.35480044867187044
a14,414,1,1,0.5326913776385707
a14,415,1,1,0.577207163082038
a14,416,1,0,0.13219547295699652
a14,417,1,1,0.5402448714822838
a14,418,1,1,0.6528679843878341
a14,419,1,0,0.48015874027817185
a14,420,0,0,0.23387650960701045
a14,421,0,0,0.09252199273717635
a14,422,0,0,0.11432909160088695
a14,423,0,0,0.11983405499528076
a14,424,0,0,0.12768338846182575
a14,425,0,0,0.1721545306025124
a14,426,0,0,0.11934943829228321
a14,427,0,0,0.1366532109315189
a14,428,0,1,0.9882927900170199
a14,429,1,1,0.8407888371675778
a14,430,1,0,0.3459643400803318
a14,431,1,0,0.4927506211991981
a14,432,1,0,0.406526202456217
a14,433,1,0,0.3539383334191287
a14,434,1,0,0.48821220753992506
a14,435,1,1,0.8697794793116422
a14,436,1,0,0.4338564914076215
a14,437,1,1,0.799779818559422
a14,438,1,1,0.9744849063223808
a14,439,1,0,0.2711324062920954
a14,440,1,1,0.5741876486642241
a14,441,1,1,0.926145840000705
a14,442,1,1,0.9849143478634694
a14,443,1,1,0.8858120648919848
a14,444,1,1,0.8784241143546724
a14,445,1,0,0.347558446685881
a14,446,1,1,0.9932835828308703
a14,447,1,1,0.7347935447127577
a14,448,1,1,0.8448722050381415
a14,449,0,0,0.20248406501946178
a14,450,0,0,0.1136197272334591
a14,451,0,1,0.8439543503119841
a14,452,1,1,0.985524575235096
a14,453,1,1,0.7891840790517981
a14,454,1,1,0.9083915652005049
a14,455,1,1,0.7164097486674064
a14,456,1,0,0.42380827141557714
a14,457,1,1,0.7268204124746511
a14,458,1,0,0.33392373912829465
a14,459,1,1,0.9854016228750755
a14,460,1,1,0.7894850887840984
a14,461,1,0,0.14195354711802935
a14,462,1,1,0.9906219998605451
a14,463,1,1,0.811484322384586
a14,464,1,1,0.8597771972715166
a14,465,1,0,0.4655248480068584
a14,466,1,0,0.37870472619808654
a14,467,1,1,0.9438895631243189
a14,468,1,1,0.8085230937170725
a14,469,1,1,0.8082146175634844
a14,470,1,1,0.571679526186468
a14,471,1,0,0.19281872205177905
a14,472,0,1,0.9123956314069807
a14,473,0,1,0.7222619172286395
a14,474,0,1,0.6594221681603523
a14,475,0,1,0.7830072931994947
a14,476,0,1,0.9226703843037598
a14,477,0,0,0.26885085209790094
a14,478,0,1,0.9297828158264384
a14,479,0,1,0.5850224716117136
a14,480,0,0,0.26776731516536345
a14,481,0,0,0.13007542586659893
a14,482,0,0,0.2595672760460188
a14,483,0,0,0.13397256829935913
a14,484,0,0,0.2159321596740088
a14,485,0,0,0.30269578381368123
a14,486,0,0,0.4371709522762428
a14,487,0,0,0.29577647208627
a14,488,0,0,0.29466585872260004
a14,489,0,0,0.2433932541702526
a14,490,0,1,0.835163257019051
a14,491,0,0,0.33498013374207214
a14,492,0,0,0.2869714506063922
a14,493,0,0,0.2919032314414717
a14,494,0,0,0.3271222485863259
a14,495,0,0,0.4023265166703241
a14,496,0,0,0.44267358105438875
a14,497,0,1,0.5350682973181329
a14,498,0,1,0.5308235373756663
a14,499,0,1,0.5449884940189849
a14,500,0,0,0.2724086667019213
a14,501,0,1,0.65597429000681
a14,502,0,0,0.35074371085673894
a14,503,0,0,0.3281052182486329
a14,504,0,0,0.3285459788667133
a14,505,0,0,0.3590811781879726
a14,506,0,0,0.3928266436331182
a14,507,0,0,0.374957402839977
a14,508,0,1,0.8863593353898449
a15,1,0,1,0.6789192174417523
a15,2,0,1,0.6112445464161504
a15,3,0,1,0.7412425264311044
a15,4,0,0,0.38062208095637035
a15,5,0,1,0.7911598803834204
a15,6,0,1,0.7731531739427893
a15,7,0,1,0.6170273839949325
a15,8,0,0,0.4602633034725603
a15,9,0,0,0.4160612149538376
a15,10,0,1,0.523660920514198
a15,11,0,0,0.41294801613200005
a15,12,0,0,0.47776771976282195
a15,13,0,0,0.3683718997947755
a15,14,0,1,0.8924078390440103
a15,15,0,1,0.9026690228661274
a15,16,0,1,0.7166028544045153
a15,17,0,0,0.401015661252544
a15,18,0,0,0.37089998283072106
a15,19,0,0,0.37807524380727087
a15,20,0,1,0.5031669598452287
a15,21,0,1,0.7909663052717381
a15,22,0,1,0.765421273427172
a15,23,0,0,0.33352091706277104
a15,24,0,0,0.34364862274430596
a15,25,0,0,0.27235922932750994
a15,26,0,0,0.4228040408137902
a15,27,0,0,0.4363753623917554
a15,28,0,1,0.599154139734942
a15,29,0,1,0.6182809322515503
a15,30,0,1,0.7956576158397147
a15,31,1,1,0.5188498790088567
a15,32,1,1,0.6700888301638213
a15,33,1,1,0.8369949100874464
a15,34,1,1,0.7227601808735371
a15,35,1,1,0.752367702812327
a15,36,1,1,0.7205442861308298
a15,37,1,1,0.7737572411982363
a15,38,1,1,0.7656698679588628
a15,39,1,1,0.7625395842056274
a15,40,1,1,0.6515556616271932
a15,41,1,1,0.7028318886079534
a15,42,1,1,0.7291655625349688
a15,43,1,1,0.6324278278345907
a15,44,1,1,0.6691723925960457
a15,45,1,1,0.8488477685917726
a15,46,1,1,0.7148619546165985
a15,47,1,1,0.7507201790022348
a15,48,1,1,0.7517614279152559
a15,49,1,1,0.9481653907342654
a15,50,1,1,0.852476998202656
a15,51,1,1,0.568532696385547
a15,52,1,1,0.806879045225512
a15,53,0,0,0.39338197943910386
a15,54,0,0,0.45499177086938297
a15,55,0,0,0.46390664535876697
a15,56,1,1,0.8712219886408575
a15,57,1,1,0.688839048222052
a15,58,1,0,0.39865011791973826
a15,59,1,1,0.7977053841873404
a15,60,1,1,0.7372202445101323
a15,61,1,0,0.43518012392002203
a15,62,1,1,0.8021425563174125
a15,63,1,1,0.7658454841249592
a15,64,1,1,0.7790813920036286
a15,65,1,1,0.5488980498225411
a15,66,1,1,0.8825936136786515
a15,67,1,1,0.6525657146177333
a15,68,1,1,0.8334461776652604
a15,69,1,1,0.8281019715412946
a15,70,1,1,0.92652326633436
a15,71,1,1,0.6355907373079006
a15,72,0,1,0.5117700429783789
a15,73,0,1,0.597391252897781
a15,74,0,0,0.4799509491778237
a15,75,0,1,0.6238288348125597
a15,76,0,1,0.5951346995124952
a15,77,0,1,0.8610976715128109
a15,78,0,1,0.6886389040193637
a15,79,1,1,0.5450579489423946
a15,80,1,1,0.6535406296018409
a15,81,1,1,0.5245159845753331
a15,82,1,1,0.5426697838939615
a15,83,1,1,0.5438167880121701
a15,84,1,1,0.6517142314597435
a15,85,1,1,0.714826987711211
a15,86,1,1,0.7763903276976364
a15,87,1,1,0.7545198211455371
a15,88,1,1,0.8774967711774301
a15,89,1,1,0.7917747178576765
a15,90,1,1,0.7731776673205767
a15,91,1,1,0.8588191364520238
a15,92,1,1,0.7291425368538075
a15,93,1,1,0.8013736613443431
a15,94,1,1,0.8074963596135768
a15,95,1,1,0.7725668158304125
a15,96,1,1,0.8780268516236062
a15,97,1,1,0.9269984053003347
a15,98,1,1,0.8690794058731072
a15,99,1,1,0.7802278520070435
a15,100,1,1,0.8585799166629469
a15,101,1,1,0.7570728419364654
a15,102,1,1,0.7748533962721773
a15,103,1,1,0.6254286017670678
a15,104,1,1,0.7783602441674914
a15,105,1,1,0.5567965184230835
a15,106,1,1,0.7421160187604222
a15,107,1,1,0.7838358558522815
a15,108,1,1,0.7522671949777734
a15,109,1,1,0.6915860453428939
a15,110,1,1,0.7741621124681352
a15,111,1,1,0.8150653260598398
a15,112,1,1,0.7094131365016181
a15,113,0,0,0.4295650450669883
a15,114,0,0,0.37134637194134207
a15,115,0,0,0.38908590325575065
a15,116,0,0,0.37250306509755854
a15,117,0,0,0.3571058836431233
a15,118,0,0,0.37286627767132513
a15,119,0,0,0.396785854235808
a15,120,0,0,0.37647878528218054
a15,121,0,1,0.7192985813347059
a15,122,0,1,0.850686234381626
a15,123,0,1,0.7472306522477254
a15,124,0,1,0.6281716024924532
a15,125,1,1,0.7571956877969599
a15,126,1,1,0.8002694809173748
a15,127,1,1,0.7111829591352729
a15,128,1,1,0.8932283752583577
a15,129,1,1,0.6588064984628869
a15,130,1,1,0.7438170837885626
a15,131,1,1,0.825432191992345
a15,132,1,1,0.5356584008362697
a15,133,1,1,0.7366538234120459
a15,134,1,1,0.9102153951909184
a15,135,1,1,0.7445147243989615
a15,136,1,1,0.8675280079421285
a15,137,1,1,0.6631416508608535
a15,138,1,1,0.5338779617244279
a15,139,1,1,0.6716411260141066
a15,140,1,1,0.7847683844617814
a15,141,1,1,0.9249396171097506
a15,142,1,1,0.8784853732698201
a15,143,1,1,0.9042978975112864
a15,144,1,1,0.9147964781013628
a15,145,1,1,0.8721872927930078
a15,146,1,1,0.9155058067451407
a15,147,1,1,0.9201398230042145
a15,148,1,1,0.8205310315888361
a15,149,1,1,0.922824861640911
a15,150,1,1,0.722897443917351
a15,151,1,1,0.901190529381882
a15,152,1,1,0.8839851806068771
a15,153,1,0,0.28030237730398677
a15,154,1,1,0.7188531607534292
a15,155,1,1,0.696724358770724
a15,156,1,0,0.43027043960641315
a15,157,1,1,0.7234447524001871
a15,158,1,1,0.8266145773806267
a15,159,1,1,0.5247066806332353
a15,160,1,1,0.7257187336773018
a15,161,1,1,0.6870110837381538
a15,162,1,1,0.8397598682551408
a15,163,1,1,0.7910468637775214
a15,164,1,1,0.8388210447085998
a15,165,1,1,0.8102668305721245
a15,166,1,1,0.7500683413770874
a15,167,1,0,0.45152496922683794
a15,168,1,1,0.5511914397699718
a15,169,1,1,0.7555069320225992
a15,170,1,0,0.4194299216360178
a15,171,0,0,0.3505607767549552
a15,172,0,0,0.3740384952351748
a15,173,0,1,0.5904277074654458
a15,174,0,1,0.8041016841075139
a15,175,1,1,0.8415026433171212
a15,176,1,1,0.7997523834270599
a15,177,1,1,0.7310688208904066
a15,178,1,1,0.8196400819373634
a15,179,1,1,0.7693682273258341
a15,180,1,1,0.6432245863426398
a15,181,1,1,0.5620252915313971
a15,182,1,1,0.7749704303568605
a15,183,1,1,0.7200274519947549
a15,184,1,1,0.9280349167367615
a15,185,1,1,0.5127502311033496
a15,186,1,1,0.7593976212200073
a15,187,1,1,0.8516111480465712
a15,188,1,1,0.7739620532942227
a15,189,1,1,0.8046228750197695
a15,190,1,1,0.8001713613145202
a15,191,1,1,0.789355669260036
a15,192,1,1,0.7633339301377129
a15,193,1,1,0.8293000243360105
a15,194,1,1,0.8701453918227521
a15,195,1,1,0.5808186149496241
a15,196,1,1,0.5949104829738299
a15,197,0,1,0.5233505564070873
a15,198,0,0,0.4685376364355335
a15,199,0,0,0.4435425758038738
a15,200,0,0,0.4116293923797965
a15,201,0,0,0.44043943936966234
a15,202,0,0,0.42019704897398974
a15,203,0,0,0.3522128496264009
a15,204,0,0,0.4041965274796924
a15,205,0,0,0.41798941644013643
a15,206,0,1,0.6427155044865666
a15,207,1,0,0.49354859219874353
a15,208,1,1,0.6805259393001994
a15,209,1,1,0.5964115844721875
a15,210,1,1,0.6610055680430965
a15,211,1,0,0.3874375082491406
a15,212,1,0,0.4008989282639533
a15,213,1,1,0.6416340286460779
a15,214,1,1,0.7213647193316087
a15,215,1,1,0.5986016200898582
a15,216,1,1,0.707299645213654
a15,217,1,1,0.7671159873543063
a15,218,1,1,0.8397424447307758
a15,219,1,1,0.8323715848459158
a15,220,1,1,0.7005493079979305
a15,221,1,1,0.6889724531755239
a15,222,1,1,0.6460942744215239
a15,223,1,1,0.7915828683950601
a15,224,1,1,0.7659881052983233
a15,225,1,1,0.6423449336337048
a15,226,1,1,0.7884662866967882
a15,227,1,1,0.7206928403657967
a15,228,1,1,0.7331182842420533
a15,229,1,1,0.8274307847293397
a15,230,1,1,0.7157193301467513
a15,231,1,1,0.7875777116032486
a15,232,1,0,0.4991722012612569
a15,233,1,1,0.6094733841339688
a15,234,1,1,0.6952799865083786
a15,235,1,1,0.7873454293423737
a15,236,1,1,0.783172739735983
a15,237,1,1,0.6743705077091036
a15,238,1,1,0.7373228027885077
a15,239,1,1,0.7928560873773483
a15,240,1,1,0.809858753257995
a15,241,1,1,0.8973195169510967
a15,242,1,1,0.8876247404416214
a15,243,1,1,0.8816762276703914
a15,244,1,1,0.7452054996315023
a15,245,1,1,0.8471314740101958
a15,246,1,1,0.8406754595369308
a15,247,1,1,0.7937969100341905
a15,248,1,1,0.6760546126590055
a15,249,1,1,0.8706925652198222
a15,250,1,1,0.864158907395865
a15,251,1,1,0.764229317106262
a15,252,1,1,0.8369931672558428
a15,253,1,1,0.8588687404627852
a15,254,1,1,0.7771376116905168
a15,255,1,1,0.9060531242112078
a15,256,1,1,0.7626009080524977
a15,257,1,1,0.758334947215382
a15,258,1,1,0.7060828239987224
a15,259,1,1,0.8978371430814358
a15,260,1,1,0.8821961706155037
a15,261,1,1,0.9211513997467942
a15,262,1,1,0.6676243128195675
a15,263,1,1,0.8796978148532029
a15,264,1,1,0.799864898527543
a15,265,1,1,0.8990266533894723
a15,266,1,1,0.890675810285517
a15,267,1,1,0.860289646796691
a15,268,1,1,0.9099253471838905
a15,269,1,1,0.8342875894925873
a15,270,1,1,0.7867465370661102
a15,271,1,1,0.7490133142227086
a15,272,1,1,0.8413389339904334
a15,273,1,1,0.7700253723078178
a15,274,1,1,0.7734350618226445
a15,275,1,1,0.9094892574286367
a15,276,1,1,0.7583885149753253
a15,277,1,1,0.8291296827134
a15,278,1,0,0.45282754732434694
a15,279,1,1,0.7567088955331857
a15,280,1,1,0.7019957805154597
a15,281,1,1,0.7375541564411093
a15,282,1,1,0.6542328862080063
a15,283,1,1,0.675243024902104
a15,284,1,1,0.7826617893525897
a15,285,1,0,0.4998478063130758
a15,286,1,1,0.5183237270794127
a15,287,1,1,0.9498462070418546
a15,288,0,0,0.15218487742707973
a15,289,0,1,0.6998714853943824
a15,290,0,0,0.3734040410250998
a15,291,0,0,0.3594432975438385
a15,292,0,0,0.3735832645856022
a15,293,0,0,0.4210105464242548
a15,294,0,0,0.38460590559959085
a15,295,0,0,0.38469014469201035
a15,296,0,0,0.45270330164628986
a15,297,0,0,0.46956091141654926
a15,298,0,0,0.37309981092300415
a15,299,0,0,0.3722411443019107
a15,300,0,1,0.6991297182769878
a15,301,1,1,0.7214611089884965
a15,302,1,1,0.6750585454273157
a15,303,1,1,0.7495482737703426
a15,304,1,1,0.6511990382972057
a15,305,1,1,0.8618818623392885
a15,306,1,1,0.6845519799491812
a15,307,1,1,0.6632879224164223
a15,308,1,1,0.8569869106997072
a15,309,1,1,0.7491946291728756
a15,310,1,1,0.8550055442986988
a15,311,1,1,0.8842951806455097
a15,312,1,1,0.7405493048286615
a15,313,1,1,0.8242982899994461
a15,314,1,1,0.6779584996627077
a15,315,1,1,0.7780440507396347
a15,316,1,1,0.7558602996676754
a15,317,1,1,0.7999211604560439
a15,318,1,1,0.9032957514592463
a15,319,1,1,0.921488325871743
a15,320,1,0,0.29767230777141696
a15,321,1,0,0.44724206463949634
a15,322,1,1,0.5970660741520655
a15,323,0,0,0.46479691851111654
a15,324,0,1,0.8846469178912982
a15,325,0,1,0.6574282501371337
a15,326,1,0,0.40377630037883117
a15,327,1,0,0.4845075743802905
a15,328,1,1,0.7140472370999544
a15,329,1,1,0.7633766318871735
a15,330,1,1,0.6457925336784549
a15,331,1,1,0.7700372489049176
a15,332,1,1,0.821084113485294
a15,333,1,1,0.7360528417320725
a15,334,1,1,0.8324463506601973
a15,335,1,1,0.9154887896729658
a15,336,1,1,0.679021622355937
a15,337,1,1,0.7382703836437445
a15,338,1,1,0.6639287755376562
a15,339,1,1,0.7892975536983562
a15,340,1,1,0.8377176749607369
a15,341,1,1,0.7517527766859793
a15,342,1,1,0.7129368974052177
a15,343,1,1,0.8170028968206725
a15,344,1,1,0.8273839103270979
a15,345,1,1,0.8008111489694044
a15,346,1,1,0.8715384855793162
a15,347,1,1,0.8585764482287694
a15,348,1,1,0.7921508956629622
a15,349,1,1,0.847540695107712
a15,350,1,1,0.7867938392523881
a15,351,1,1,0.8305570130011645
a15,352,1,1,0.8419305200391721
a15,353,1,1,0.8705913937071649
a15,354,1,1,0.8795268393036907
a15,355,1,1,0.8557867505801019
a15,356,1,1,0.6869548165244834
a15,357,1,1,0.8213286118773429
a15,358,1,1,0.7759721406803105
a15,359,1,1,0.8091901912381657
a15,360,1,1,0.8081718282953415
a15,361,1,1,0.8095937439454374
a15,362,1,1,0.670040196697808
a15,363,1,1,0.7414311185917082
a15,364,1,1,0.915866205806169
a15,365,1,1,0.7665438903028755
a15,366,1,1,0.7343870309993122
a15,367,1,0,0.4251911623966344
a15,368,1,0,0.4204405590713018
a15,369,1,0,0.27075276175563445
a15,370,0,0,0.3783369035901009
a15,371,1,1,0.5535573603370113
a15,372,1,0,0.4996275628266442
a15,373,1,1,0.5059622904867049
a15,374,1,1,0.5462782911148729
a15,375,0,1,0.6893840768440601
a15,376,0,0,0.4035829781504587
a15,377,0,0,0.3731182348011146
a15,378,0,1,0.655724987384732
a15,379,1,0,0.3516060396294779
a15,380,0,0,0.36461924841715787
a15,381,0,1,0.75212578537586
a15,382,0,1,0.5691210875934517
a15,383,0,1,0.5872775929603826
a15,384,0,1,0.7050789316329406
a15,385,0,0,0.385411353560033
a15,386,0,0,0.32401497931630685
a15,387,0,0,0.47660080989260584
a15,388,0,0,0.31908463257697767
a15,389,0,1,0.6888244649115007
a15,390,0,1,0.756027951853235
a15,391,0,1,0.6622839264176855
a15,392,0,0,0.38962442058702396
a15,393,0,0,0.3670976578066969
a15,394,0,1,0.7437816024040664
a15,395,0,1,0.667702682489066
a15,396,0,1,0.9216712581612394
a15,397,0,1,0.5390500735223593
a15,398,0,0,0.4450535167778273
a15,399,0,0,0.33823320231579157
a15,400,0,0,0.3986360766787546
a15,401,0,1,0.502288178739833
a15,402,0,0,0.40052463650128317
a15,403,0,0,0.3988680902661827
a15,404,1,0,0.41784150965711164
a15,405,1,0,0.3373627066231885
a15,406,1,0,0.3409173154134417
a15,407,1,0,0.36498760641203154
a15,408,1,0,0.4545751677005314
a15,409,1,1,0.5052676984087351
a15,410,1,1,0.7803994473744812
a15,411,1,1,0.6313532937152696
a15,412,1,1,0.5129498271930508
a15,413,1,1,0.686636005836418
a15,414,1,1,0.6559761735906207
a15,415,1,1,0.5400438852648276
a15,416,1,1,0.7848469910931332
a15,417,1,1,0.6954201163936847
a15,418,1,1,0.616700077365722
a15,419,1,1,0.848018964364268
a15,420,1,1,0.7590332891495442
a15,421,1,1,0.8718492848438887
a15,422,1,1,0.6854364040645281
a15,423,1,1,0.7030011452370952
a15,424,1,1,0.8001911628462235
a15,425,1,1,0.8786223817314136
a15,426,1,1,0.7871792633936215
a15,427,1,1,0.8155602124783708
a15,428,1,1,0.6509190021009931
a15,429,1,0,0.3678313914271424
a15,430,1,1,0.8466943253506314
a15,431,1,0,0.43909248242972154
a15,432,1,0,0.4495242145690119
a15,433,1,1,0.7606506676579395
a15,434,1,1,0.6538937114755785
a15,435,1,1,0.6357973406426248
a15,436,1,1,0.6790675355191287
a15,437,0,1,0.5381268354202855
a15,438,0,1,0.7806123586199724
a15,439,1,0,0.40812363444445027
a15,440,0,1,0.7327345009318091
a15,441,1,1,0.6620047039337789
a15,442,1,1,0.5643350747004956
a15,443,1,0,0.385552099314199
a15,444,1,1,0.6465342137002636
a15,445,1,0,0.4312716849661064
a15,446,0,0,0.45796939672851567
a15,447,0,0,0.3874739354733014
a15,448,0,0,0.40171831285798404
a15,449,0,1,0.617251471762642
a15,450,0,1,0.6162006904898754
a15,451,1,1,0.7900193443002035
a15,452,0,1,0.6472026436081136
a15,453,0,1,0.779148900038407
a15,454,1,1,0.7692012948881304
a15,455,1,1,0.6668490937167486
a15,456,1,1,0.808833326167542
a15,457,1,1,0.8244068258125122
a15,458,1,1,0.7238598323382427
a15,459,1,1,0.7140010494471176
a15,460,1,1,0.7080742151813637
a15,461,1,1,0.8996383389697706
a15,462,1,1,0.8744348817302354
a15,463,1,1,0.647350924643032
a15,464,1,1,0.7256866256550144
a15,465,1,1,0.785391967533309
a15,466,1,1,0.6240045755386684
a15,467,1,1,0.8504143872976654
a15,468,1,1,0.8611894339109903
a15,469,1,1,0.9242480534270331
a15,470,1,1,0.9323659404093737
a15,471,1,1,0.8332262503041954
a15,472,1,1,0.771947456553027
a15,473,1,1,0.8056994419194125
a15,474,1,1,0.8842745378951569
a15,475,1,1,0.7635882939032244
a15,476,1,1,0.9080780530740484
a15,477,1,1,0.8965230364008668
a15,478,0,1,0.7394582707150301
a15,479,0,0,0.42795729561343215
a15,480,0,0,0.37494203806753695
a15,481,0,1,0.5117603599216394
a15,482,0,0,0.4599773856152194
a15,483,0,0,0.3965289262792588
a15,484,1,0,0.48824786907948353
a15,485,1,0,0.40402521801727714
a15,486,1,0,0.36097422375743543
a15,487,1,0,0.33000599658511315
a15,488,1,0,0.36023564425213234
a15,489,1,0,0.37436089763291985
a15,490,1,0,0.37439618878251574
a15,491,1,0,0.3558418462611769
a15,492,1,0,0.38188606900556094
a15,493,1,0,0.39289255643634463
a15,494,1,0,0.4097651381874967
a15,495,1,0,0.4120724769496801
a15,496,0,1,0.6805969528903759
a15,497,0,1,0.6628543681848597
a15,498,0,1,0.5741295010116361
a15,499,0,0,0.36130703941627146
a15,500,0,0,0.3880691426264328
a15,501,0,0,0.4237674688728474
a15,502,0,0,0.41369523409960296
a15,503,0,0,0.3718501071813083
a15,504,0,1,0.5048145555369646
a15,505,0,0,0.348587219145759
a15,506,0,0,0.4212599503250249
a15,507,0,1,0.5234694820367728
a15,508,0,0,0.45777972114768817
a15,509,0,0,0.32301153730605303
a16,1,0,0,0.38059696798577186
a16,2,0,0,0.44287393421102805
a16,3,0,0,0.41835051936887213
a16,4,0,0,0.29329633773458524
a16,5,0,0,0.35000963064498947
a16,6,0,0,0.321329125585926
a16,7,0,0,0.3346483051246968
a16,8,0,0,0.30981065037606104
a16,9,0,0,0.4499475807703142
a16,10,0,0,0.29469005981305174
a16,11,0,0,0.3351446541765069
a16,12,0,0,0.3127994079608265
a16,13,0,0,0.3216653740126188
a16,14,0,0,0.3193341492253899
a16,15,0,0,0.3397262371769467
a16,16,0,0,0.32578740640050974
a16,17,0,0,0.3090824947263526
a16,18,0,0,0.4042563916185226
a16,19,0,0,0.37153515573721985
a16,20,0,0,0.284236067207149
a16,21,0,0,0.3352288093881977
a16,22,0,0,0.38263098464113854
a16,23,0,0,0.32050662304531025
a16,24,0,0,0.3420920064609445
a16,25,0,0,0.3230319638225686
a16,26,0,0,0.33670426381970225
a16,27,0,0,0.3228669817793854
a16,28,0,0,0.3855174921970245
a16,29,0,0,0.3314260209184193
a16,30,0,0,0.33858392409430793
a16,31,0,0,0.37456867016476825
a16,32,0,0,0.4384951845328469
a16,33,0,0,0.33459273464511247
a16,34,0,1,0.5826676401487394
a16,35,0,0,0.3028949517467263
a16,36,0,0,0.38502089413093266
a16,37,0,0,0.3508109581277309
a16,38,0,0,0.3659318324744853
a16,39,0,0,0.30425439062466275
a16,40,0,1,0.5381837476263795
a16,41,0,0,0.37590110149827793
a16,42,0,0,0.3528624174074119
a16,43,0,0,0.35371385464792554
a16,44,0,1,0.5662833446045248
a16,45,0,1,0.5048546176757025
a16,46,0,0,0.3245640825424453
a16,47,0,0,0.39736394818259746
a16,48,0,0,0.3996759398951012
a16,49,0,0,0.3865756942807824
a16,50,0,0,0.37845921303723046
a16,51,0,0,0.3540071091315708
a16,52,0,1,0.5056554519253367
a16,53,0,0,0.32560375210654047
a16,54,0,0,0.3445828230601203
a16,55,0,0,0.35356444022947203
a16,56,0,0,0.3836896547699461
a16,57,0,0,0.40684451305118985
a16,58,1,0,0.4065766581837812
a16,59,1,0,0.39987325371663723
a16,60,1,0,0.4935960994252558
a16,61,1,0,0.4683301262877301
a16,62,0,0,0.452880896369771
a16,63,0,0,0.376381887286063
a16,64,0,0,0.34749615643581927
a16,65,0,0,0.42688864143018274
a16,66,0,0,0.4837979548844869
a16,67,1,1,0.5056020094478508
a16,68,1,0,0.45362090264374505
a16,69,0,1,0.5748498711319151
a16,70,0,0,0.4934069170330625
a16,71,0,0,0.38778424566527697
a16,72,0,0,0.3564056975787463
a16,73,0,0,0.3205057781506573
a16,74,0,0,0.3169864222888569
a16,75,0,0,0.32179653776348766
a16,76,0,1,0.5979698595106685
a16,77,0,1,0.5043823967992654
a16,78,0,0,0.30321810520548054
a16,79,0,0,0.34079688496868005
a16,80,0,0,0.3646682950634957
a16,81,1,0,0.41162888671093983
a16,82,1,0,0.4096887802294255
a16,83,1,0,0.38073076254800203
a16,84,1,0,0.4955419925989767
a16,85,1,0,0.3859488291073477
a16,86,1,0,0.40649894032660855
a16,87,1,0,0.41353959874527657
a16,88,1,1,0.6121270688022298
a16,89,1,0,0.41247410297965875
a16,90,1,1,0.5418039040368213
a16,91,1,0,0.47345771198508513
a16,92,1,1,0.6285882872638758
a16,93,1,1,0.5715342255004753
a16,94,1,1,0.6573071178643717
a16,95,1,1,0.7462288930176292
a16,96,0,0,0.28185797436590904
a16,97,0,1,0.5176591996858224
a16,98,0,0,0.3533651178697226
a16,99,0,1,0.5882633733835284
a16,100,0,1,0.5040165824089856
a16,101,0,0,0.44606539599711675
a16,102,0,1,0.5326363624276705
a16,103,0,0,0.49863564757431195
a16,104,0,1,0.5071248638023067
a16,105,0,0,0.4717734610852087
a16,106,0,0,0.47081294746482477
a16,107,0,1,0.5048528859221088
a16,108,0,0,0.4426446678964916
a16,109,0,1,0.5953084732295497
a16,110,0,1,0.5777553434912258
a16,111,0,1,0.5791954991238417
a16,112,0,0,0.4848159351345568
a16,113,0,1,0.7223697842932759
a16,114,0,0,0.41696563252851254
a16,115,0,1,0.5184732231400502
a16,116,0,1,0.5938489999332233
a16,117,0,1,0.5865988829046587
a16,118,0,1,0.5628461584293539
a16,119,0,1,0.6028437050647198
a16,120,0,1,0.5051840983130621
a16,121,0,0,0.4139753944406411
a16,122,0,1,0.6004538473851052
a16,123,0,0,0.4824486144843505
a16,124,0,0,0.4924317461157469
a16,125,0,0,0.48518096217787826
a16,126,0,0,0.48300516163335877
a16,127,0,1,0.591733393514111
a16,128,0,0,0.459249120387643
a16,129,0,1,0.5577784417034444
a16,130,0,1,0.5413611117211485
a16,131,0,1,0.5826496097017658
a16,132,0,1,0.6082025029249355
a16,133,0,0,0.3226966172441718
a16,134,0,0,0.2571204920221049
a16,135,0,1,0.5270505463811167
a16,136,0,1,0.515662705147434
a16,137,1,0,0.3877690208855957
a16,138,1,0,0.36284640008368263
a16,139,1,0,0.4196330057299645
a16,140,1,1,0.689987270423877
a16,141,1,1,0.5517425943238534
a16,142,1,1,0.5399265547070928
a16,143,1,0,0.4813028715816112
a16,144,1,1,0.5364954704422676
a16,145,1,0,0.489039500218481
a16,146,1,1,0.6332607612144069
a16,147,1,0,0.484606268838409
a16,148,1,1,0.6436716511323961
a16,149,1,0,0.42990580150312896
a16,150,1,1,0.5654439456172419
a16,151,1,1,0.7499424135917476
a16,152,1,1,0.7698484044779212
a16,153,1,0,0.4920908170095999
a16,154,1,1,0.5568971944035361
a16,155,1,1,0.5978923005317525
a16,156,1,0,0.4980849236108861
a16,157,1,0,0.497588002754681
a16,158,1,1,0.5612027586563014
a16,159,1,1,0.6635833199429716
a16,160,1,0,0.402822112590191
a16,161,1,0,0.46619827811769754
a16,162,1,1,0.6819627438384295
a16,163,1,1,0.5747600658304046
a16,164,1,1,0.7136657265621668
a16,165,1,1,0.87916821629479
a16,166,1,1,0.5961603021067376
a16,167,1,1,0.8631331914653984
a16,168,1,1,0.6386849014659425
a16,169,1,1,0.6717225673472627
a16,170,1,1,0.8737398973666308
a16,171,1,1,0.7373017620156629
a16,172,1,1,0.6777985962519596
a16,173,1,1,0.8641188317312322
a16,174,1,1,0.9269939939471982
a16,175,1,1,0.7956662103811633
a16,176,1,1,0.5475664232484961
a16,177,1,1,0.7479116763209062
a16,178,1,1,0.8158514863937305
a16,179,1,1,0.7216542819634726
a16,180,1,0,0.46420513485746573
a16,181,1,1,0.5561403927036579
a16,182,1,1,0.6607982756668213
a16,183,1,1,0.5797224259159063
a16,184,1,1,0.6595577970781624
a16,185,1,1,0.6883214045199035
a16,186,1,1,0.6610214779123953
a16,187,1,0,0.476730924809436
a16,188,1,1,0.5870314325118575
a16,189,1,1,0.6377690127602855
a16,190,1,0,0.24965635674363124
a16,191,0,0,0.45032927865646954
a16,192,0,0,0.2095558620903411
a16,193,0,0,0.37111299928395847
a16,194,0,1,0.6565258020256032
a16,195,0,0,0.4196852929083178
a16,196,0,1,0.685225302525727
a16,197,1,1,0.7041437889053597
a16,198,1,0,0.3813020467629125
a16,199,1,0,0.4031733175586817
a16,200,1,1,0.730286729797606
a16,201,1,1,0.651748144361257
a16,202,1,1,0.5005956056221451
a16,203,1,0,0.4707540791065071
a16,204,1,1,0.5446790865875235
a16,205,1,1,0.512307680981231
a16,206,1,0,0.49470636026891174
a16,207,1,1,0.5739933635945835
a16,208,1,1,0.5914448090494667
a16,209,1,0,0.49739380643028297
a16,210,1,0,0.49107721219807354
a16,211,1,0,0.4886553162054271
a16,212,1,1,0.54828848884142
a16,213,1,1,0.694032993195524
a16,214,1,0,0.45893283124564477
a16,215,1,1,0.6329395077872609
a16,216,1,1,0.5850637749775333
a16,217,1,1,0.6193785317147962
a16,218,1,1,0.5454443081916179
a16,219,1,1,0.654416013227551
a16,220,1,1,0.6648630148610621
a16,221,1,1,0.6783321963274971
a16,222,1,1,0.5864105263131851
a16,223,1,1,0.6786467433661801
a16,224,1,1,0.9084441995700477
a16,225,1,1,0.605713392327881
a16,226,1,1,0.5419551370063337
a16,227,1,1,0.6661831129537897
a16,228,1,1,0.832143002397778
a16,229,1,1,0.7952653143457431
a16,230,1,1,0.6849234517486019
a16,231,1,1,0.659200765576227
a16,232,1,1,0.5640344694887702
a16,233,1,1,0.6090064853841559
a16,234,1,1,0.676643886714133
a16,235,1,0,0.485745187197648
a16,236,1,1,0.605444770044219
a16,237,1,1,0.9168115264045397
a16,238,1,1,0.7338598752414578
a16,239,1,1,0.6354174919750577
a16,240,1,1,0.7926225990639851
a16,241,1,1,0.6620670852924273
a16,242,1,1,0.6653436725701356
a16,243,1,1,0.8688964290797018
a16,244,1,1,0.8097863420744567
a16,245,1,1,0.7450570058777333
a16,246,1,1,0.673639556083015
a16,247,1,1,0.6766516217842937
a16,248,1,1,0.6896008542929633
a16,249,1,1,0.5842570874999399
a16,250,1,1,0.6206382335192283
a16,251,1,0,0.46336913410366126
a16,252,1,1,0.567071215045421
a16,253,1,1,0.5387088438694058
a16,254,1,1,0.6794944376973882
a16,255,1,1,0.5783703030990951
a16,256,1,1,0.5468022931324316
a16,257,1,1,0.7026567127582919
a16,258,1,1,0.746947331949077
a16,259,1,1,0.6707843358155507
a16,260,1,1,0.6633267973831668
a16,261,1,1,0.5932863579910788
a16,262,1,1,0.7379600639773977
a16,263,1,1,0.7567769246057219
a16,264,1,1,0.6681624076061852
a16,265,1,1,0.5910705665714929
a16,266,1,1,0.672797864148068
a16,267,1,1,0.6459027023426633
a16,268,1,1,0.674260181421472
a16,269,1,1,0.7513492229982972
a16,270,1,1,0.6753833043308889
a16,271,1,1,0.6073274317830806
a16,272,1,1,0.8460373542651533
a16,273,1,1,0.8171878422992893
a16,274,1,0,0.4985554025140235
a16,275,1,1,0.7054812667984008
a16,276,1,0,0.3915081588765294
a16,277,1,1,0.7139795234207388
a16,278,1,1,0.7254537702614144
a16,279,1,1,0.7173880970868153
a16,280,1,1,0.8625447259982942
a16,281,1,1,0.6606932132097721
a16,282,1,1,0.8790652008150509
a16,283,1,1,0.8652084397404526
a16,284,1,1,0.9304795294997822
a16,285,1,1,0.9201380843352596
a16,286,1,1,0.8365439456903788
a16,287,1,1,0.8768606356652122
a16,288,1,1,0.7597031629349507
a16,289,1,1,0.7020422931592148
a16,290,1,1,0.8532598787552921
a16,291,1,1,0.9720740146898824
a16,292,1,1,0.8437346503093165
a16,293,1,1,0.9146203259793152
a16,294,1,1,0.9101445972321665
a16,295,1,1,0.7540786697463151
a16,296,0,0,0.44869013812492126
a16,297,0,0,0.3657389846851429
a16,298,0,0,0.4557074709595102
a16,299,0,0,0.36472856045830043
a16,300,0,0,0.3132414949012007
a16,301,0,0,0.32420971270527454
a16,302,0,0,0.3973859521294568
a16,303,0,1,0.713367936334947
a16,304,0,0,0.3696646699059592
a16,305,0,0,0.31731971497649936
a16,306,0,0,0.3529094101393467
a16,307,0,1,0.6921028853835922
a16,308,0,0,0.4516780189550672
a16,309,0,1,0.6437346462390473
a16,310,1,1,0.8522544525333575
a16,311,1,1,0.5059635307352233
a16,312,1,1,0.5416031544948025
a16,313,1,1,0.6761260360998852
a16,314,1,1,0.5594914910647674
a16,315,1,1,0.5494208083363521
a16,316,1,0,0.41454073121109947
a16,317,0,0,0.41560483076362287
a16,318,0,1,0.5569269068038588
a16,319,0,1,0.8517093929031065
a16,320,1,1,0.6721457844824337
a16,321,1,1,0.6668817266386702
a16,322,1,1,0.7456326501255304
a16,323,1,1,0.5007821022193167
a16,324,1,1,0.521764580955565
a16,325,1,0,0.49814595460276456
a16,326,0,1,0.5048337707653373
a16,327,0,0,0.4204793951401195
a16,328,1,1,0.6515579479238023
a16,329,1,1,0.7650381279742389
a16,330,1,1,0.5101713894459828
a16,331,1,1,0.770864432864525
a16,332,1,1,0.5872874230849651
a16,333,1,1,0.52179630453675
a16,334,1,1,0.5886477653374661
a16,335,1,1,0.5976152710137198
a16,336,1,1,0.7080169116328717
a16,337,1,1,0.6682479532755211
a16,338,1,1,0.7702523724425464
a16,339,1,1,0.7070148595278088
a16,340,1,1,0.7497741935100509
a16,341,1,1,0.8382612534422041
a16,342,1,1,0.566059158196855
a16,343,1,1,0.6353962631868176
a16,344,1,1,0.6790827816062126
a16,345,1,1,0.7572990162619506
a16,346,1,1,0.6378858257917854
a16,347,1,1,0.5723278883244765
a16,348,1,1,0.5949141562500714
a16,349,1,1,0.613677348573127
a16,350,1,1,0.5351124503579877
a16,351,1,1,0.6424721789458973
a16,352,1,1,0.7887081504009147
a16,353,1,1,0.9107213008349941
a16,354,1,1,0.7330729790084102
a16,355,1,1,0.7156543471657432
a16,356,1,1,0.7303068818502648
a16,357,1,1,0.9415224024610656
a16,358,1,1,0.8758234278574113
a16,359,1,1,0.9071072089937862
a16,360,1,1,0.7808811224472666
a16,361,1,1,0.7403630814317411
a16,362,1,1,0.8008278403009488
a16,363,1,1,0.9521633892370799
a16,364,1,1,0.8072157491841118
a16,365,1,1,0.5006359995340313
a16,366,0,1,0.7929168217311924
a16,367,1,1,0.9757619083193222
a16,368,1,1,0.9578349477701504
a16,369,1,1,0.8433446527459894
a16,370,1,1,0.6125800864946888
a16,371,1,1,0.9169997292430628
a16,372,1,1,0.8159612188432919
a16,373,1,1,0.9523081626206197
a16,374,1,1,0.7380383578642957
a16,375,1,1,0.7387686329480785
a16,376,1,1,0.7083554606681939
a16,377,1,0,0.4246485158142323
a16,378,1,1,0.8973203534842342
a16,379,1,1,0.9483001125535634
a16,380,0,1,0.7519925026820249
a16,381,1,1,0.6893108771709217
a16,382,1,1,0.7799583120344453
a16,383,1,1,0.9623468832364517
a16,384,1,1,0.709365243129515
a16,385,1,1,0.6330187643902413
a16,386,1,1,0.8827837647190775
a16,387,1,1,0.9130717955736323
a16,388,1,1,0.7286764954489984
a16,389,1,1,0.8789156061866508
a16,390,1,1,0.8607897974658789
a16,391,1,1,0.7741748456147584
a16,392,1,1,0.5953185946982035
a16,393,1,1,0.6007937630357127
a16,394,1,1,0.7342993507067734
a16,395,1,1,0.6718888347876909
a16,396,1,1,0.9068372159955198
a16,397,1,1,0.5106031875920537
a16,398,1,1,0.8057797229992779
a16,399,1,1,0.6524676613632746
a16,400,1,1,0.6462650938582034
a16,401,1,1,0.6065068761050245
a16,402,1,1,0.7410767391614237
a16,403,1,1,0.533416942233357
a16,404,1,1,0.6143656849389146
a16,405,1,0,0.48866147923000286
a16,406,1,1,0.5172232193737138
a16,407,1,1,0.5695518375666988
a16,408,1,1,0.6923689553349691
a16,409,1,1,0.6366418096443436
a16,410,1,1,0.6113220755744219
a16,411,1,1,0.6950545863811124
a16,412,1,1,0.6291914283232197
a16,413,1,1,0.6817042939423557
a16,414,1,1,0.5542326236945615
a16,415,1,1,0.558852276163611
a16,416,1,1,0.7893253398542084
a16,417,1,0,0.4992214468311283
a16,418,1,1,0.7305879812942103
a16,419,1,1,0.7919592919473276
a16,420,1,1,0.5553535896102925
a16,421,1,1,0.613350421142818
a16,422,1,1,0.7101294549193182
a16,423,1,1,0.6553343997076547
a16,424,1,1,0.5329453182654963
a16,425,1,1,0.5984919193793373
a16,426,1,1,0.5593159697267714
a16,427,1,1,0.8921528457451945
a16,428,1,1,0.5295165103082435
a16,429,1,0,0.47608233392423865
a16,430,1,0,0.4980437757516937
a16,431,1,1,0.5804443539262625
a16,432,1,0,0.46379108736611524
a16,433,1,1,0.5278060642160242
a16,434,1,1,0.5483337906066628
a16,435,1,1,0.5787872662531108
a16,436,1,1,0.7314919862308181
a16,437,1,1,0.7621182732115469
a16,438,1,1,0.531816982177074
a16,439,1,1,0.5610667073501129
a16,440,1,1,0.574298478625384
a16,441,1,1,0.6274035690306424
a16,442,1,1,0.5558666195710972
a16,443,1,1,0.7705795971158378
a16,444,1,1,0.7554705456562927
a16,445,1,1,0.6279814855798748
a16,446,1,0,0.4642238781531799
a16,447,1,1,0.8096821939482561
a16,448,1,1,0.8937631565081073
a16,449,1,1,0.6935132947240124
a16,450,1,0,0.3959031137042681
a16,451,1,1,0.5360227580086385
a16,452,1,1,0.961459333950233
a16,453,1,1,0.6560848338802587
a16,454,0,0,0.25954567750517166
a16,455,0,0,0.2578256219569966
a16,456,0,0,0.3733193696263974
a16,457,0,1,0.5155072087908895
a16,458,0,1,0.7169984193547948
a16,459,0,1,0.8076837708764462
a16,460,0,0,0.47741319194709486
a16,461,0,1,0.9348441374373199
a16,462,1,0,0.4166674836192943
a16,463,1,0,0.4177777689689853
a16,464,1,1,0.8146836298025605
a16,465,0,1,0.500253463803331
a16,466,0,1,0.7759091010930276
a16,467,0,1,0.5536792462769066
a16,468,0,0,0.4803443723082793
a16,469,0,1,0.5179854609348967
a16,470,0,1,0.5497319988634924
a16,471,1,0,0.34121729081631247
a16,472,1,0,0.33224850510198833
a16,473,1,0,0.46981034813569406
a16,474,1,1,0.9303087544649834
a16,475,0,1,0.7372771093076909
a16,476,0,0,0.4350155648115644
a16,477,0,1,0.5066083095058306
a16,478,1,0,0.35998208507147145
a16,479,1,0,0.4422640351083516
a16,480,0,0,0.47514165457180163
a16,481,0,0,0.33101441950794985
a17,1,0,0,0.42439908941050475
a17,2,0,1,0.6734728736864108
a17,3,0,0,0.35241870563473826
a17,4,0,0,0.3718321093140457
a17,5,0,1,0.5669498990259034
a17,6,0,0,0.3674820301607806
a17,7,0,0,0.41827238412758877
a17,8,0,0,0.48914256611869644
a17,9,0,0,0.3130755574361894
a17,10,0,0,0.34718359546961614
a17,11,0,0,0.37503701203320816
a17,12,0,0,0.3806283017798661
a17,13,0,0,0.46408683736006395
a17,14,0,1,0.7013759096126195
a17,15,0,1,0.6026611135020333
a17,16,0,1,0.5042390751231192
a17,17,0,0,0.49166264866514703
a17,18,0,0,0.4096962677932704
a17,19,0,0,0.3389048798145373
a17,20,0,0,0.3182880946052758
a17,21,0,0,0.37223882807108044
a17,22,0,0,0.40480600027158603
a17,23,0,0,0.4122558677377666
a17,24,0,1,0.610788643255504
a17,25,0,0,0.440332983555666
a17,26,0,0,0.3465038428687126
a17,27,0,1,0.5158608453880684
a17,28,0,0,0.3529144870620051
a17,29,0,0,0.31964469982929405
a17,30,0,0,0.3034744687894126
a17,31,0,0,0.44615183475114145
a17,32,0,1,0.5931767929111752
a17,33,0,0,0.34472858478254975
a17,34,0,0,0.2915216285550366
a17,35,0,0,0.3100530161647973
a17,36,0,0,0.3186445198319618
a17,37,0,0,0.3513885389161859
a17,38,0,0,0.3217021631787946
a17,39,0,0,0.41863121122469976
a17,40,0,0,0.3020328861038001
a17,41,0,0,0.34655092309785934
a17,42,0,1,0.6038174264353564
a17,43,0,1,0.8550923095009924
a17,44,0,0,0.3032914212868004
a17,45,0,0,0.32959475333596056
a17,46,0,0,0.42289673320429666
a17,47,0,1,0.5595799608542054
a17,48,0,1,0.528614725449602
a17,49,0,1,0.5771060236847517
a17,50,0,1,0.6609966421697023
a17,51,0,0,0.4648531862158494
a17,52,0,1,0.6580552688400161
a17,53,0,1,0.5275741383805526
a17,54,0,0,0.3195996853540583
a17,55,0,0,0.36147756774760453
a17,56,1,1,0.7646796852708377
a17,57,1,1,0.7072111462910726
a17,58,1,1,0.6648040377377077
a17,59,1,1,0.6846134404733664
a17,60,1,0,0.46823597977635917
a17,61,1,1,0.5771696782254533
a17,62,1,1,0.5721010987446689
a17,63,1,1,0.5484782575652829
a17,64,1,1,0.5284864690391045
a17,65,1,1,0.612633519891096
a17,66,1,1,0.6300581411014775
a17,67,1,0,0.4596136885874903
a17,68,1,1,0.590028940442197
a17,69,1,1,0.7595837780491076
a17,70,1,1,0.6112759783711549
a17,71,1,1,0.7108000958953614
a17,72,1,1,0.8821735826874287
a17,73,1,1,0.7104234197831432
a17,74,1,1,0.7358089555269568
a17,75,1,1,0.7245258846444423
a17,76,1,1,0.8077484562414659
a17,77,1,1,0.8288998736169121
a17,78,1,1,0.8455958887342887
a17,79,1,1,0.5766037809166822
a17,80,1,1,0.7019226056383296
a17,81,1,1,0.6572590520936018
a17,82,1,0,0.42156437072441644
a17,83,0,0,0.29527520751955433
a17,84,0,1,0.5344936609521102
a17,85,0,0,0.31076999216336626
a17,86,0,0,0.45128900537544614
a17,87,0,1,0.5230057249861748
a17,88,0,0,0.4010331995298252
a17,89,0,1,0.5330499712544133
a17,90,1,1,0.5432810730102662
a17,91,1,0,0.27889740831908405
a17,92,0,0,0.31571474176896197
a17,93,0,0,0.26813730731540897
a17,94,0,0,0.3040445942856434
a17,95,0,0,0.44915237108252426
a17,96,0,0,0.27262246786738137
a17,97,1,1,0.7706653183279359
a17,98,1,1,0.6244403566256226
a17,99,1,1,0.6469400979629907
a17,100,1,1,0.7984259717963839
a17,101,1,0,0.3394233699939344
a17,102,0,0,0.24652431177475057
a17,103,0,0,0.2764528027506089
a17,104,0,0,0.32733379451896677
a17,105,0,0,0.3587437543775562
a17,106,0,0,0.30389943886958276
a17,107,0,0,0.30724364772805424
a17,108,0,0,0.3068838307106487
a17,109,0,0,0.23922294566565952
a17,110,0,0,0.2670105277740293
a17,111,0,0,0.3077202276407535
a17,112,0,0,0.30320913799523735
a17,113,0,0,0.3537198601187319
a17,114,0,0,0.26434002513719645
a17,115,0,0,0.2765825471398096
a17,116,0,0,0.28599691776694663
a17,117,0,0,0.24429492117996768
a17,118,0,0,0.2239860722434908
a17,119,0,1,0.6063410980149583
a17,120,1,1,0.7199278073489053
a17,121,1,1,0.903924320866976
a17,122,1,1,0.5037953757657013
a17,123,1,1,0.7021304649571843
a17,124,1,1,0.8640351303068626
a17,125,1,1,0.6406239494539738
a17,126,1,1,0.7754076328357252
a17,127,1,1,0.837579398172585
a17,128,1,1,0.8102482144495143
a17,129,1,1,0.8172410871540232
a17,130,1,1,0.6646594145499102
a17,131,1,1,0.8307781820821578
a17,132,1,1,0.7710487886544866
a17,133,1,1,0.6456798613802044
a17,134,1,1,0.8848380582110212
a17,135,1,1,0.623695397968925
a17,136,1,1,0.7143826932273841
a17,137,1,1,0.6425493507606594
a17,138,1,1,0.6911318647646375
a17,139,1,1,0.6598142626642937
a17,140,1,1,0.5173926229284448
a17,141,1,0,0.2700112140477288
a17,142,0,0,0.2217893193680758
a17,143,0,0,0.26035566673981647
a17,144,0,1,0.6832376259297747
a17,145,1,1,0.7412191606810599
a17,146,1,1,0.7786021461469597
a17,147,1,1,0.557064005255396
a17,148,1,1,0.6993923782905086
a17,149,1,1,0.6616734321789143
a17,150,1,1,0.8637435996814028
a17,151,1,1,0.6960219365594943
a17,152,1,1,0.7909541623094835
a17,153,1,1,0.6849805636555887
a17,154,1,1,0.7332506401047426
a17,155,1,1,0.6061733760439965
a17,156,1,1,0.7903391602643901
a17,157,1,1,0.8062002856101876
a17,158,1,1,0.715416616162767
a17,159,1,0,0.3839545030304378
a17,160,0,1,0.7384190191745432
a17,161,1,1,0.7767247665468185
a17,162,1,0,0.46257112154276847
a17,163,1,1,0.8985745575490668
a17,164,1,1,0.8657331328254498
a17,165,1,0,0.39076014465669884
a17,166,0,0,0.38770936685950347
a17,167,0,1,0.6221191531654547
a17,168,0,0,0.4194424054283258
a17,169,0,0,0.3660457588046311
a17,170,0,0,0.2996707869003452
a17,171,0,0,0.3581324725139677
a17,172,0,0,0.3130623299412661
a17,173,0,0,0.29193447991578847
a17,174,0,0,0.3464600630741934
a17,175,0,0,0.29478435677254905
a17,176,0,0,0.43427117148444316
a17,177,0,0,0.28718825338246834
a17,178,0,0,0.3403883978669062
a17,179,0,0,0.2917751052778368
a17,180,0,0,0.33170452637507336
a17,181,0,0,0.3790006314474197
a17,182,0,0,0.2965910192781765
a17,183,0,0,0.3281827750857707
a17,184,0,0,0.29513986985688095
a17,185,0,0,0.31540090812412286
a17,186,0,0,0.44922944058586856
a17,187,0,0,0.3442960180785388
a17,188,0,0,0.48497142044782904
a17,189,0,0,0.29975918570207816
a17,190,0,0,0.38948135348902635
a17,191,0,0,0.3405672675381853
a17,192,0,1,0.5203982705688831
a17,193,0,1,0.5190989655925411
a17,194,0,0,0.4222059223157093
a17,195,0,0,0.3971970262458512
a17,196,0,1,0.6111288499037103
a17,197,0,0,0.3850997941248527
a17,198,0,0,0.4147087030481262
a17,199,1,1,0.6596811602330924
a17,200,1,1,0.6333130135720189
a17,201,1,1,0.6368611300239526
a17,202,1,0,0.47593276724904376
a17,203,1,1,0.5613983870011194
a17,204,1,1,0.5234348440814965
a17,205,1,1,0.7643394189062387
a17,206,1,1,0.7245080640665598
a17,207,1,1,0.7305790030843234
a17,208,1,0,0.33568035188610745
a17,209,1,0,0.31368081912368456
a17,210,0,0,0.43028752173977286
a17,211,0,1,0.6028596535313296
a17,212,0,0,0.40768773119085977
a17,213,0,0,0.4046309624358951
a17,214,0,0,0.33567942300337195
a17,215,0,0,0.3604090312631873
a17,216,0,0,0.46818076883862586
a17,217,0,0,0.40136255411164606
a17,218,0,1,0.6106844189618771
a17,219,0,1,0.5019656927291727
a17,220,0,0,0.36141150185132415
a17,221,0,0,0.33221807938342574
a17,222,0,1,0.7331621688511761
a17,223,0,0,0.4290729920334189
a17,224,0,1,0.5551177396144998
a17,225,0,1,0.5230048508643779
a17,226,0,0,0.4827336692041684
a17,227,0,1,0.718556129262627
a17,228,0,1,0.5844955324220945
a17,229,1,0,0.43814168385534225
a17,230,1,1,0.5352077487044983
a17,231,1,0,0.3607854533253175
a17,232,1,1,0.6897199171759997
a17,233,1,1,0.7428649441863865
a17,234,1,1,0.5022575781855566
a17,235,1,0,0.4960739271175538
a17,236,1,0,0.4883891249564884
a17,237,1,0,0.32159520784352164
a17,238,1,0,0.26943090482477766
a17,239,1,1,0.5239492476881336
a17,240,1,0,0.38139148644106785
a17,241,1,0,0.40427686761720405
a17,242,1,0,0.4218600790810722
a17,243,1,0,0.318042192565822
a17,244,0,0,0.23160185020839108
a17,245,0,0,0.22627707363688665
a17,246,0,0,0.27693042614434343
a17,247,0,0,0.24413700192406373
a17,248,0,0,0.2760135074649646
a17,249,0,0,0.2425040250399293
a17,250,0,0,0.279423028015883
a17,251,0,0,0.2644716226632889
a17,252,0,0,0.24171381226652383
a17,253,0,0,0.2627945939315031
a17,254,0,0,0.29815232614558473
a17,255,0,0,0.25630605204220286
a17,256,0,0,0.2714324293679949
a17,257,0,0,0.287205958891773
a17,258,0,0,0.3145253707096097
a17,259,0,0,0.28921516174966433
a17,260,0,0,0.27932357062833346
a17,261,0,1,0.8224413121213081
a17,262,0,1,0.7210632766319013
a17,263,0,1,0.6335294794865693
a17,264,1,0,0.4642565699745791
a17,265,1,1,0.7667468956617937
a17,266,1,1,0.6972986589902028
a17,267,1,1,0.781931232657854
a17,268,1,1,0.5675533919814761
a17,269,1,1,0.7505329022832925
a17,270,1,1,0.5348869290279649
a17,271,1,1,0.543836292233294
a17,272,1,1,0.5447014155991899
a17,273,1,0,0.4353369007646893
a17,274,1,0,0.34640869249672207
a17,275,1,1,0.7980923823805463
a17,276,1,1,0.6433069333192184
a17,277,1,1,0.7650877627550441
a17,278,1,1,0.6190739667017994
a17,279,1,1,0.6183532560522825
a17,280,1,1,0.7505349402049832
a17,281,1,1,0.6471297844443654
a17,282,1,1,0.5770013045708946
a17,283,1,1,0.7082981789160219
a17,284,1,1,0.8113505917892609
a17,285,1,1,0.6833716840349091
a17,286,1,1,0.8768348542703887
a17,287,1,1,0.7970656012897146
a17,288,1,1,0.7385731255503494
a17,289,1,1,0.5093987191265866
a17,290,1,1,0.7910005711144964
a17,291,1,1,0.755237944891487
a17,292,1,1,0.7044013869341129
a17,293,1,1,0.6446217629032384
a17,294,1,1,0.6095798739551992
a17,295,1,1,0.9057189197723949
a17,296,1,1,0.7622941239720584
a17,297,1,1,0.6128896581730015
a17,298,1,0,0.27934124921330467
a17,299,0,0,0.3155232382870826
a17,300,0,1,0.5624478752568206
a17,301,0,0,0.3912184423823432
a17,302,0,1,0.5343617978223031
a17,303,0,0,0.3404072517035841
a17,304,0,1,0.9385718500600335
a17,305,0,0,0.3913783122489385
a17,306,0,0,0.3048256210423191
a17,307,0,1,0.8119660637698998
a17,308,0,0,0.48068351180646807
a17,309,0,0,0.43342235788162203
a17,310,0,0,0.46254105641608306
a17,311,0,1,0.5555247562911727
a17,312,0,0,0.31525366312693515
a17,313,0,1,0.6901451520714612
a17,314,0,1,0.5664303701088899
a17,315,0,1,0.5811069716482216
a17,316,1,0,0.3989859756071023
a17,317,0,1,0.8868065722572177
a17,318,0,1,0.5968906645204715
a17,319,0,1,0.6412189118617841
a17,320,0,1,0.7586182553136609
a17,321,0,0,0.3071633666835895
a17,322,0,1,0.5322301659709182
a17,323,0,0,0.29620270190913006
a17,324,0,1,0.6210705348232121
a17,325,0,0,0.3364829886235835
a17,326,0,0,0.4278266163598047
a17,327,0,0,0.2989753238112907
a17,328,0,0,0.37879249477669713
a17,329,0,0,0.40389584333680345
a17,330,0,1,0.6583145308084785
a17,331,0,0,0.4293796073056128
a17,332,0,0,0.2844479423922463
a17,333,0,0,0.4524974697426351
a17,334,0,1,0.5663406282068013
a17,335,0,1,0.5360523614525997
a17,336,0,0,0.29419748160784254
a17,337,0,1,0.5103805128654572
a17,338,0,0,0.28493271243988866
a17,339,0,0,0.3018585123717134
a17,340,0,0,0.3117177468449613
a17,341,0,0,0.31324970764418
a17,342,0,0,0.2944872248650835
a17,343,0,0,0.3021053673554022
a17,344,0,0,0.32364945630244046
a17,345,0,1,0.570532638555102
a17,346,0,0,0.25823131984947295
a17,347,0,0,0.2967888567182187
a17,348,0,0,0.2995381082100456
a17,349,0,0,0.30450875816277495
a17,350,0,0,0.2629802228110991
a17,351,0,0,0.2852580086561331
a17,352,0,0,0.2934148960951663
a17,353,0,0,0.2946927692621716
a17,354,0,0,0.2767471736616635
a17,355,0,0,0.33037124913014815
a17,356,0,0,0.26900626671476785
a17,357,0,0,0.27845901887618707
a17,358,0,0,0.27700692150181355
a17,359,0,0,0.245490430130855
a17,360,0,0,0.2528636199816148
a17,361,0,0,0.27196370839066436
a17,362,0,0,0.30400557357143854
a17,363,0,0,0.28050486776738615
a17,364,0,0,0.4137604015437564
a17,367,1,1,0.8456557159550497
a17,368,1,0,0.12209264072498428
a17,369,1,0,0.44072690692563393
a17,370,1,1,0.6661513747753032
a17,371,1,1,0.6843052557116597
a17,372,1,1,0.6331537607477349
a17,373,0,0,0.009060435497928863
a17,374,0,1,0.6215004912746834
a17,375,0,1,0.6588382834789229
a17,376,0,0,0.2838592209954472
a17,377,0,0,0.1967113403078444
a17,378,0,0,0.2706915131236241
a17,379,0,0,0.28281244877125755
a17,380,0,1,0.6764402302852226
a17,381,1,1,0.7938395287918096
a17,382,1,1,0.6353716496962474
a17,383,1,0,1.5018323973953808e-09
a17,384,0,0,4.582956438390019e-12
a17,385,0,0,1.1169311937732572e-06
a17,386,0,1,0.5057820739136499
a17,387,0,0,0.3753849695667727
a17,388,0,0,0.48420761810574
a17,389,0,1,0.550362606736726
a17,390,0,0,0.49419801385444617
a17,391,0,0,0.30239547398199096
a17,392,0,0,0.17067248144980013
a17,393,1,0,0.4160476206435904
a17,394,1,1,0.5675079149652628
a17,395,1,0,0.4429502586925427
a17,396,1,0,0.24710176227142472
a17,397,1,0,0.20591387630415578
a17,398,1,0,0.3601690467366453
a17,399,1,1,0.6401542508704884
a17,400,1,0,0.2881874666493788
a17,401,0,0,0.2974508606096625
a17,402,0,0,0.34309888468659744
a17,403,0,0,0.30870170348099835
a17,404,0,0,0.28472661887809597
a17,405,0,0,0.3570242447738432
a17,406,0,0,0.26821489691523254
a17,407,0,0,0.08900253088103813
a17,408,0,0,0.3478781619248515
a17,409,0,0,0.45100988573825007
a17,410,0,0,1.0803456429229798e-17
a17,411,0,0,0.35715873214697963
a17,412,0,1,0.5488992785342788
a17,413,0,0,0.4386198958633506
a17,414,0,1,0.5117125969732651
a17,415,0,0,0.2133446164169483
a17,416,0,0,0.44275088612004193
a17,417,0,0,0.01029130500993852
a17,418,0,0,0.273240408173007
a17,419,0,0,0.3608165215401414
a17,420,0,0,0.4685280169083156
a17,421,0,1,0.6382715705611667
a17,422,0,0,3.0841856360046604e-14
a17,423,0,0,1.058612455887392e-09
a17,424,0,1,0.5036125156319512
a17,425,0,0,0.47583866457208535
a17,426,0,1,0.5598358499344803
a17,427,0,1,0.5772275602773365
a17,428,0,0,0.38471050646670485
a17,429,0,0,0.3466944913451852
a17,430,0,0,0.3188216694125254
a17,431,0,0,0.42920781045575873
a17,432,0,0,0.39453728415707867
a17,433,0,0,0.3225207089071769
a17,434,0,1,0.5359156403717753
a17,435,0,0,0.3046822508521076
a17,436,0,0,0.35625638192389963
a17,437,0,0,0.3746764996487906
a17,438,0,0,0.33245675107216355
a17,439,0,0,0.29927156058184934
a17,440,0,0,0.3351917505379728
a17,441,0,0,0.33443464716725346
a17,442,0,0,0.3550910381725825
a17,443,0,0,0.29580161495457574
a17,444,0,0,0.42067461284414115
a17,445,0,1,0.7409534292615255
a17,446,0,0,0.44249822193817046
a17,447,0,0,0.3186989077192333
a17,448,0,0,0.290436860674897
a17,449,0,0,0.3672969477757356
a17,450,0,0,0.3334872111163652
a17,451,0,0,0.3377251466591375
a17,452,0,0,0.3213354000032166
a17,453,0,0,0.3377413034541485
a17,454,0,0,0.3243658795854403
a17,455,0,0,0.3171679829973675
a17,456,0,0,0.00573062949506222
a17,457,0,0,0.356913430083984
a17,458,0,0,0.25174780037182387
a17,459,0,0,0.2425624683985809
a17,460,0,1,0.5826469378036235
a17,461,0,0,0.4241218848047572
a17,462,1,0,0.39646688807065006
a17,463,0,1,0.5260612459215448
a17,464,0,0,0.46271745409724024
a17,465,0,0,0.24629989926426488
a17,466,0,0,0.3320039843483254
a17,467,0,0,0.27110085232924047
a17,468,0,0,0.26745168346891385
a17,469,0,0,0.27367755917004927
a17,470,0,0,0.2912299149105896
a17,471,0,0,0.43329782534066147
a17,472,0,0,0.275861701809494
a17,473,0,0,0.2672239643259836
a17,474,0,0,0.49217786183603335
a17,475,0,1,0.5668142808179327
a17,476,0,0,0.25742972743791753
a17,477,0,0,0.33608701194325513
a17,478,0,0,0.4920914012276397
a17,479,0,0,0.2162155795613852
a17,480,0,0,0.1014065763846911
a17,481,0,0,0.4475206284116738
a17,482,0,0,0.46735448613450203
a17,483,0,0,0.12547690409402018
a17,484,0,0,0.2952271657643294
a18,1,0,0,0.3380073872363689
a18,2,0,0,0.34829554483802166
a18,3,0,1,0.7895374639382637
a18,4,0,1,0.6032991040611579
a18,5,0,0,0.32722468590839815
a18,6,0,0,0.3295679247856647
a18,7,0,1,0.526311241097697
a18,8,0,0,0.3219055647688011
a18,9,0,0,0.29094734824793933
a18,10,0,0,0.3170080962605838
a18,11,0,0,0.3128099592692428
a18,12,0,0,0.2771576580749747
a18,13,0,0,0.34674905057599625
a18,14,0,0,0.3234141692064733
a18,15,0,1,0.5513381098496523
a18,16,0,0,0.4145185407207121
a18,17,0,0,0.41936457343583877
a18,18,0,1,0.7185388047746697
a18,19,0,1,0.705765224349032
a18,20,0,0,0.32460578359022246
a18,21,0,0,0.2829663057698464
a18,22,0,0,0.4615920366092641
a18,23,0,0,0.4750974707252175
a18,24,0,0,0.4066015693560789
a18,25,0,1,0.7024977430721174
a18,26,0,0,0.4877376240631599
a18,27,0,0,0.28593152418220846
a18,28,0,0,0.3170140717089789
a18,29,0,0,0.30182195658121097
a18,30,0,0,0.2902042845110541
a18,31,0,0,0.28724140804965326
a18,32,0,0,0.31504905188418497
a18,33,1,0,0.2774917153768361
a18,34,1,0,0.35848349221847625
a18,35,1,0,0.347878770384667
a18,36,1,0,0.3132945476153723
a18,37,1,0,0.3009009766279157
a18,38,1,0,0.22888723189053722
a18,39,1,0,0.3324705079342963
a18,40,1,0,0.3013433921437104
a18,41,1,0,0.3115598463167731
a18,42,1,1,0.6859003808930956
a18,43,1,0,0.39600744058202053
a18,44,1,0,0.21947511549199977
a18,45,1,0,0.39187671321728546
a18,46,1,0,0.3401901271588985
a18,47,1,0,0.29658322063426057
a18,48,1,0,0.22935478871315068
a18,49,1,0,0.3522941143915204
a18,50,1,0,0.3142661973782927
a18,51,1,0,0.31866155610289115
a18,52,1,0,0.28774686866706684
a18,53,1,0,0.3278200672588402
a18,54,1,0,0.37230344470900023
a18,55,1,0,0.36926633782949897
a18,56,1,0,0.4687179716966408
a18,57,1,0,0.2904911467179452
a18,58,1,0,0.35020566904673905
a18,59,1,0,0.3704015986466204
a18,60,1,0,0.3153801596366407
a18,61,1,0,0.3574176506546227
a18,62,1,0,0.4608268222669345
a18,63,1,0,0.36358902965613016
a18,64,1,0,0.28876212758271347
a18,65,1,0,0.324564032554025
a18,66,1,0,0.30060894846878256
a18,67,1,0,0.2485664144685854
a18,68,1,0,0.3084939394744409
a18,69,1,0,0.3166942459765359
a18,70,1,0,0.30913407916976055
a18,71,1,0,0.2782601384649311
a18,72,1,0,0.2989032434407881
a18,73,1,0,0.2785751929535505
a18,74,1,0,0.32515634847269925
a18,75,1,0,0.3493997977339947
a18,76,1,0,0.3890335657439059
a18,77,1,0,0.31216288154257854
a18,78,1,0,0.2922826785232887
a18,79,1,0,0.3506928868513158
a18,80,1,0,0.25432234862388975
a18,81,1,0,0.3105521495409336
a18,82,1,0,0.30771720076552755
a18,83,1,0,0.35880208521270296
a18,84,1,0,0.31762863640567673
a18,85,1,0,0.3498525611598965
a18,86,1,0,0.3269473379714144
a18,87,1,0,0.3427204181689885
a18,88,1,0,0.3244813455044205
a18,89,1,0,0.3283937577682661
a18,90,1,0,0.3590617133529022
a18,91,1,0,0.29621194883911184
a18,92,1,0,0.37816769302422265
a18,93,1,0,0.28280230539818524
a18,94,1,0,0.28554548415852876
a18,95,1,0,0.2854115119640039
a18,96,1,0,0.2805409476612505
a18,97,1,0,0.32689260537641873
a18,98,1,0,0.30620237015651325
a18,99,1,0,0.3174401104500647
a18,100,1,0,0.31572395564884603
a18,101,1,0,0.3251584270662427
a18,102,1,0,0.27697740120990627
a18,103,1,0,0.28430410592757666
a18,104,1,0,0.28417665638656353
a18,105,1,0,0.3062704418690473
a18,106,1,0,0.3522893859689614
a18,107,1,0,0.34881843388245143
a18,108,1,0,0.35279864082233353
a18,109,1,0,0.2647727990604439
a18,110,1,0,0.3981098066539746
a18,111,1,0,0.3246708361884904
a18,112,1,0,0.31555567067069146
a18,113,1,1,0.5034888694083038
a18,114,1,0,0.23735104522365189
a18,115,1,0,0.36194268007804353
a18,116,1,0,0.302892016181748
a18,117,1,0,0.344555890175665
a18,118,1,0,0.32071366949897634
a18,119,1,0,0.21089609214270022
a18,120,1,0,0.36254285319176993
a18,121,1,0,0.32361505729204
a18,122,1,0,0.3029337318462864
a18,123,1,0,0.3164750516672517
a18,124,1,0,0.3625585425977845
a18,125,1,0,0.2488426943572999
a18,126,1,0,0.289765379060822
a18,127,1,0,0.28936036477475885
a18,128,1,0,0.4735449179480994
a18,129,1,0,0.4457510032612355
a18,130,1,0,0.30700781919475645
a18,131,1,0,0.34751732905291915
a18,132,1,0,0.32837646943130333
a18,133,1,0,0.42619477080126167
a18,134,1,0,0.2755277610206398
a18,135,1,0,0.2972111239452445
a18,136,1,0,0.33442949344270995
a18,137,1,0,0.28183360417475956
a18,138,1,0,0.32670888249136393
a18,139,1,0,0.36784529263148613
a18,140,1,0,0.31537509731011654
a18,141,1,0,0.3890254164547389
a18,142,1,0,0.3218303571811627
a18,143,1,0,0.30779002659002114
a18,144,1,1,0.5194997561753986
a18,145,1,0,0.28428017319649584
a18,146,1,0,0.3198645833836506
a18,147,1,0,0.30566369601405335
a18,148,1,0,0.31714852667534654
a18,149,1,0,0.4164098593661577
a18,150,1,0,0.3072269427787268
a18,151,1,0,0.3400686908733436
a18,152,1,0,0.2790864655635914
a18,153,1,0,0.35908977699529143
a18,154,1,0,0.3252325638316192
a18,155,1,0,0.2968552502368045
a18,156,1,0,0.32644153525304
a18,157,1,0,0.3526699433148188
a18,158,1,0,0.2999114870513456
a18,159,1,0,0.41236378209611496
a18,160,1,0,0.330132017457282
a18,161,1,0,0.327019286844164
a18,162,1,0,0.38958119194025065
a18,163,1,0,0.401044399188455
a18,164,1,0,0.30333916855748116
a18,165,1,0,0.24667095038898526
a18,166,1,0,0.34452536823430835
a18,167,1,0,0.2969184529515261
a18,168,1,0,0.28738139552854025
a18,169,1,1,0.526783935693574
a18,170,0,1,0.8411275403769983
a18,171,0,1,0.518313303557768
a18,172,0,0,0.39221305512946286
a18,173,0,1,0.758588614217047
a18,174,0,0,0.3975199801675346
a18,175,0,0,0.32294463603151835
a18,176,0,0,0.3520820820196071
a18,177,0,0,0.2871956533870284
a18,178,0,0,0.3571782750157794
a18,179,0,0,0.3499975963085597
a18,180,1,0,0.3884180940283509
a18,181,1,0,0.3966102939562265
a18,182,1,0,0.29301171315362584
a18,183,1,0,0.4029585710373898
a18,184,1,0,0.2978808047264875
a18,185,1,0,0.3354188051714339
a18,186,1,1,0.7359370885951506
a18,187,0,1,0.632870325951493
a18,188,0,0,0.2936589216402025
a18,189,0,0,0.33321007875334097
a18,190,1,0,0.313290868771578
a18,191,1,0,0.30472599905753484
a18,192,1,0,0.29503625129862915
a18,193,1,0,0.3140467671224837
a18,194,1,0,0.37833675339852074
a18,195,0,0,0.28768731289007743
a18,196,1,0,0.3161121598489804
a18,197,1,0,0.25443810497015906
a18,198,1,0,0.21896598447111285
a18,199,1,0,0.3624416309750996
a18,200,1,0,0.32813598921943943
a18,201,1,0,0.3090033859536917
a18,202,1,0,0.31344431373358234
a18,203,1,0,0.27280709745457415
a18,204,1,0,0.29303377142585973
a18,205,1,1,0.6011487848019927
a18,206,1,0,0.2749433512005916
a18,207,1,0,0.28091469856613477
a18,208,1,0,0.2899155967312097
a18,209,1,0,0.3076097177788795
a18,210,1,0,0.2924883625234766
a18,211,1,0,0.2807408950273209
a18,212,1,0,0.30722484603354644
a18,213,1,0,0.297225259175319
a18,214,1,0,0.2658790445820372
a18,215,1,0,0.2929971252911623
a18,216,1,0,0.351036385635851
a18,217,1,0,0.28935242381061793
a18,218,1,0,0.3047783412858577
a18,219,1,0,0.3178209807757891
a18,220,1,0,0.31813425375778437
a18,221,1,0,0.25949252088075364
a18,222,1,0,0.320395986088289
a18,223,1,1,0.633633599618079
a18,224,1,0,0.31347612111050094
a18,225,1,0,0.2989903085147731
a18,226,0,0,0.27808967250673533
a18,227,0,0,0.2744948240534465
a18,228,1,1,0.5889499071367367
a18,229,1,0,0.30196498697978996
a18,230,0,0,0.2875682743545641
a18,231,0,0,0.3797256954361622
a18,232,1,0,0.27953588251223865
a18,233,1,0,0.31332432282569683
a18,234,1,0,0.30214984282300844
a18,235,1,0,0.2912266315614921
a18,236,1,0,0.31251745657280877
a18,237,1,0,0.2788884183254617
a18,238,1,0,0.2887209931618475
a18,239,1,0,0.2943116510108078
a18,240,1,0,0.29627913654911325
a18,241,1,0,0.3067939045930858
a18,242,1,0,0.26823292829992357
a18,243,1,0,0.2970705127608376
a18,244,1,0,0.3250096703952766
a18,245,1,0,0.30994375388011525
a18,246,1,0,0.2073592493679811
a18,247,1,0,0.2827521669662959
a18,248,1,0,0.34325957948605623
a18,249,1,1,0.9530044485737512
a18,250,1,0,0.3361726848426602
a18,251,1,0,0.2720789560855068
a18,252,1,0,0.3627313409068175
a18,253,1,0,0.27632488018907103
a18,254,1,0,0.30889933358228117
a18,255,1,0,0.29154290077195494
a18,256,1,0,0.28489732918269667
a18,257,1,0,0.349428477500532
a18,258,1,0,0.4190535936663607
a18,259,1,0,0.3222237469264257
a18,260,1,0,0.3005696408619932
a18,261,1,0,0.3539071704318998
a18,262,1,0,0.312864556352421
a18,263,1,0,0.2908061543043876
a18,264,1,1,0.6990837838896193
a18,265,1,0,0.4179279936418684
a18,266,1,1,0.873339968972811
a18,267,1,1,0.8766996192843228
a18,268,1,1,0.5663600160485539
a18,269,1,1,0.6332388509396971
a18,270,1,0,0.40773028775253045
a18,271,1,1,0.5399671258227622
a18,272,1,0,0.3299374385159152
a18,273,1,0,0.4022520126290874
a18,274,1,0,0.26032026332191754
a18,275,1,1,0.6513022959431806
a18,276,1,0,0.34858550325954796
a18,277,1,1,0.7088843239075858
a18,278,1,0,0.298403098630152
a18,279,1,0,0.3273973202510932
a18,280,1,0,0.33197374408977653
a18,281,1,0,0.44968769138535114
a18,282,1,0,0.40600409479793853
a18,283,1,0,0.3606289611494258
a18,284,1,0,0.3223369512903879
a18,285,1,0,0.32689595842534597
a18,286,1,0,0.30655448794428386
a18,287,1,0,0.4885542335604112
a18,288,1,1,0.9389037793902861
a18,289,1,0,0.35207583797542313
a18,290,1,0,0.3052238123121264
a18,291,1,0,0.2856877841203322
a18,292,1,0,0.37402627735852645
a18,293,1,0,0.3048415916426523
a18,294,1,0,0.3051161551142854
a18,295,1,0,0.3433330252032659
a18,296,1,0,0.3335110922193306
a18,297,1,0,0.3261530729736081
a18,298,1,0,0.3317118864418495
a18,299,1,1,0.5950143571234794
a18,300,1,0,0.3036400711874057
a18,301,1,0,0.3167210523779157
a18,302,1,1,0.6175686924621457
a18,303,1,0,0.36798948520810654
a18,304,1,0,0.33691709509800066
a18,305,1,0,0.33345236429990316
a18,306,1,0,0.3640119239979383
a18,307,1,0,0.3963324817280346
a18,308,1,0,0.1748408507291796
a18,309,1,1,0.7315594149827526
a18,310,1,0,0.313927840323054
a18,311,1,0,0.34753528912229237
a18,312,1,0,0.30361451575708287
a18,313,1,1,0.6569977975755843
a18,314,1,0,0.31234304215458764
a18,315,1,0,0.31483866930399784
a18,316,1,0,0.3087016734168163
a18,317,1,0,0.31325885406981435
a18,318,1,0,0.39123830465393794
a18,319,1,0,0.2882098505847865
a18,320,1,0,0.38383974110897046
a18,321,1,0,0.3277178233063797
a18,322,1,0,0.3967144487187738
a18,323,1,0,0.29600300179837913
a18,324,1,0,0.3969685863511042
a18,325,1,0,0.40371847463691757
a18,326,1,0,0.32926436895142736
a18,327,1,1,0.7707807097061321
a18,328,1,0,0.3666039358390729
a18,329,1,0,0.31226440420556745
a18,330,1,1,0.6294498633377146
a18,331,1,0,0.3749222917041048
a18,332,1,0,0.36292429240398916
a18,333,1,0,0.31243351859960716
a18,334,1,0,0.42148681761823426
a18,335,1,0,0.3734883745314779
a18,336,1,0,0.3243121074293544
a18,337,1,0,0.29649121223409025
a18,338,1,0,0.4117307516697757
a18,339,1,1,0.6252370008180489
a18,340,1,0,0.3955027148619984
a18,341,1,0,0.40684853927196446
a18,342,1,1,0.8895963569113626
a18,343,1,1,0.5452272177042358
a18,344,1,1,0.5532477674271271
a18,345,1,0,0.31127844784488023
a18,346,1,0,0.3071808140231007
a18,347,1,0,0.30957373402719773
a18,348,1,1,0.680826653745675
a18,349,1,0,0.285174152694995
a18,350,1,0,0.3140709265300585
a18,351,1,0,0.301952178016305
a18,352,1,0,0.31948086937779663
a18,353,1,0,0.32459514559506
a18,354,1,0,0.35290442831118735
a18,355,1,1,0.5078784087882426
a18,356,1,0,0.2876217211114058
a18,357,1,0,0.2523886826795017
a18,358,1,0,0.3394078321780043
a18,359,1,0,0.3241739353608294
a18,360,1,0,0.4081189403828471
a18,361,1,0,0.4957899574771398
a18,362,1,1,0.5308083778057747
a18,363,1,0,0.40602094150272156
a18,364,1,1,0.679730404676967
a18,365,1,0,0.3343665128900172
a18,366,1,0,0.4472578670645263
a18,367,1,1,0.6100447109336266
a18,368,1,1,0.7727756285616663
a18,369,1,1,0.7575018399312798
a18,370,1,1,0.5785596142625751
a18,371,1,1,0.8333071504416839
a18,372,1,1,0.8158760941416466
a18,373,1,1,0.9321409619948506
a18,374,1,1,0.5290832810323349
a18,375,1,1,0.790629612460167
a18,376,1,1,0.6286690290717833
a18,377,1,1,0.6706029806979502
a18,378,1,1,0.8834310800808718
a18,379,1,0,0.3170442329194609
a18,380,1,1,0.5599561117194922
a18,381,1,1,0.926432727026929
a18,382,1,1,0.5207713560708527
a18,383,1,1,0.633080315829252
a18,384,1,0,0.3381235665031846
a18,385,1,0,0.38824400439755213
a18,386,1,0,0.3417569757125675
a18,387,1,0,0.3329192368037884
a18,388,1,1,0.7353895091029482
a18,389,1,1,0.8289826447336206
a18,390,1,0,0.29938118552105936
a18,391,1,0,0.29565349580809763
a18,392,1,0,0.3149627039582062
a18,393,1,0,0.37802235115667393
a18,394,1,0,0.2662564641408203
a18,395,1,1,0.7205873765253912
a18,396,1,0,0.4697643994221806
a18,397,1,0,0.2869219192939275
a18,398,1,0,0.2942243632727238
a18,399,1,0,0.3226420412929304
a18,400,1,0,0.30684522511800416
a18,401,1,0,0.33074975255422145
a18,402,1,0,0.3492942980227498
a18,403,1,0,0.39671116164091297
a18,404,1,0,0.34507732915004957
a18,405,1,0,0.2952006567229106
a18,406,1,0,0.34857251639413556
a18,407,1,0,0.3247804897693089
a18,408,1,0,0.3030806446470177
a18,409,1,0,0.31714043606031095
a18,410,1,0,0.32708673696754204
a18,411,1,0,0.27258874299671293
a18,412,1,0,0.29699557212093297
a18,413,1,1,0.5902963897526621
a18,414,1,0,0.32652091597608657
a18,415,1,0,0.34136664347995577
a18,416,1,0,0.3224929302226176
a18,417,1,0,0.31628752401051324
a18,418,1,1,0.8045945345699432
a18,419,1,1,0.9018485082768588
a18,420,1,0,0.31719288599283857
a18,421,1,0,0.32550194204866084
a18,422,1,1,0.6407959128620873
a18,423,1,1,0.5980045991542139
a18,424,1,0,0.3088261458353192
a18,425,1,0,0.30695475093424524
a18,426,1,0,0.41313798097726306
a18,427,1,0,0.3365473509312335
a18,428,1,0,0.3497246091527704
a18,429,1,0,0.30130743813471433
a18,430,1,0,0.3227903997316159
a18,431,1,0,0.31648946782923143
a18,432,1,0,0.2267241863543415
a18,433,1,0,0.3263537851817468
a18,434,1,0,0.29372277370847183
a18,435,1,0,0.3577253584702869
a18,436,1,0,0.3136896666658119
a18,437,1,0,0.34473872033043257
a18,438,1,0,0.2959554460850598
a18,439,1,0,0.21673972878443404
a18,440,1,0,0.3754560511742793
a18,441,1,0,0.3209190852901092
a18,442,1,0,0.28781432775925153
a18,443,1,0,0.38148869757423487
a18,444,1,0,0.3350452550175465
a18,445,1,0,0.349555005458763
a18,446,1,1,0.9320951029322676
a18,447,1,0,0.3106282062735919
a18,448,1,0,0.4248147767277805
a18,449,1,0,0.3045131569900023
a18,450,1,1,0.8646777068885539
a18,451,1,0,0.43894344809932895
a18,452,1,0,0.30069125173741584
a18,453,1,0,0.34868611989244913
a18,454,1,0,0.29740632102641773
a18,455,1,0,0.33433852010252957
a18,456,1,0,0.3147695073957377
a18,457,1,0,0.4102360100280635
a18,458,1,0,0.3374796112487536
a18,459,1,0,0.4185555256460812
a18,460,1,0,0.39729720020913706
a18,461,1,0,0.3179615434628554
a18,462,1,0,0.322652770887527
a18,463,1,0,0.3428880720704424
a18,464,1,0,0.49755688542972876
a18,465,1,0,0.27959806341507415
a18,466,1,0,0.2979470404126228
a18,467,1,0,0.35868893735783247
a18,468,1,0,0.3299011952113135
a18,469,1,0,0.4767836308447445
a18,470,1,0,0.32862878575581134
a18,471,1,0,0.3139554256677278
a18,472,1,0,0.37717371879771433
a18,473,1,0,0.31932669882693104
a18,474,1,0,0.30759351714474453
a18,475,1,0,0.22993107674864932
a18,476,1,0,0.3029594847927816
a18,477,1,0,0.4099537173172825
a18,478,1,0,0.3446062213478832
a18,479,1,0,0.36590266543728245
a18,480,1,0,0.3505619638347748
a18,481,1,0,0.3373263156017538
a18,482,1,0,0.34690430275408
a18,483,1,0,0.382318937830466
a18,484,1,0,0.3879254677635578
a18,485,1,0,0.49115313596894705
a18,486,1,0,0.4556885580778292
a18,487,1,0,0.49323937077880703
a18,488,1,1,0.6535686418912124
a19,1,1,0,0.3409498870168977
a19,2,1,0,0.43814876313596535
a19,3,1,0,0.3837745403801015
a19,4,1,0,0.41211440669490024
a19,5,1,1,0.5032689411691703
a19,6,1,0,0.35592651473044606
a19,7,0,0,0.3528390757983102
a19,8,0,0,0.37801414017086055
a19,9,1,0,0.34678503936452126
a19,10,1,0,0.44695675235736687
a19,11,1,0,0.45966092940749537
a19,12,1,0,0.35834314907721615
a19,13,1,0,0.43574140826434665
a19,14,0,0,0.31460280480209757
a19,15,0,0,0.3223741065914024
a19,16,0,0,0.4522213458642601
a19,17,0,0,0.43617936695226384
a19,18,0,0,0.28993523993925036
a19,19,0,0,0.4574495048050312
a19,20,0,0,0.4259527042900395
a19,21,0,0,0.36009013703187337
a19,22,0,0,0.3454130663697199
a19,23,0,0,0.3811656360656987
a19,24,0,0,0.4626251806859615
a19,25,0,0,0.3211582548952795
a19,26,0,0,0.3977862150394041
a19,27,1,0,0.4649046895262571
a19,28,0,0,0.38598356334684997
a19,29,0,0,0.43389945379783984
a19,30,0,0,0.3452153847537707
a19,31,0,0,0.33072418625104405
a19,32,0,0,0.32214335059848936
a19,33,0,0,0.481499874001521
a19,34,0,0,0.39885669911309574
a19,35,0,0,0.2869431986656143
a19,36,0,0,0.3053084949522576
a19,37,0,0,0.3275620913576423
a19,38,0,0,0.33537597726835106
a19,39,0,0,0.28939116974097656
a19,40,0,0,0.38202413829578247
a19,41,0,0,0.34364767886367176
a19,42,0,0,0.29992470622965633
a19,43,0,0,0.28420223750589885
a19,44,0,0,0.2915386261458843
a19,45,0,0,0.29834238695790277
a19,46,0,0,0.35013814396536236
a19,47,0,0,0.28286882751409237
a19,48,0,0,0.32691490558099556
a19,49,0,0,0.2953000228287465
a19,50,0,0,0.32111591458223954
a19,51,0,0,0.3030567612276486
a19,52,0,0,0.298472226906588
a19,53,0,0,0.41357919708375956
a19,54,0,1,0.6577720900328679
a19,55,0,0,0.3072577241640411
a19,56,0,0,0.2990557835180146
a19,57,0,0,0.3035356891001979
a19,58,0,0,0.3010059563040522
a19,59,0,0,0.3020195927384389
a19,60,0,0,0.2931763146697491
a19,61,0,0,0.29385125260171924
a19,62,0,0,0.2927673679369593
a19,63,0,0,0.2972398083422659
a19,64,0,0,0.29575681141151927
a19,65,0,0,0.2890044405505719
a19,66,0,0,0.29796510426852324
a19,67,0,0,0.2927846290424342
a19,68,0,0,0.315519763202571
a19,69,0,0,0.2982226940892643
a19,70,0,0,0.31168566658110197
a19,71,0,0,0.3417532441887105
a19,72,0,0,0.32524134473010924
a19,73,0,0,0.34895568295148716
a19,74,0,0,0.3179153795366133
a19,75,0,0,0.30127380094423384
a19,76,0,0,0.3197750071332674
a19,77,0,0,0.330133638866557
a19,78,0,0,0.2993438337982061
a19,79,0,0,0.2856554868707792
a19,80,0,0,0.36156778267753525
a19,81,0,0,0.32091095185745483
a19,82,0,0,0.37123664621924113
a19,83,0,0,0.36135029515468
a19,84,0,0,0.3662983036971156
a19,85,0,0,0.29903920709360504
a19,86,0,0,0.3517921090502219
a19,87,1,1,0.576330294299315
a19,88,1,0,0.3297933407656742
a19,89,1,0,0.33520928501877695
a19,90,1,0,0.4409366812472534
a19,91,1,0,0.4927525276025724
a19,92,1,1,0.5738679507000262
a19,93,1,1,0.6091122791826249
a19,94,1,1,0.5077999800617312
a19,95,1,0,0.49515667342477765
a19,96,1,1,0.6087536367603997
a19,97,1,1,0.5781471942033068
a19,98,1,0,0.39380801495215656
a19,99,0,0,0.3414269428802274
a19,100,0,0,0.3173362976976979
a19,101,0,0,0.3231687880275737
a19,102,0,0,0.3121432901479257
a19,103,0,0,0.32128579273000624
a19,104,0,1,0.5001770590876209
a19,105,0,0,0.3042475740227513
a19,106,0,0,0.2917292801749396
a19,107,0,0,0.2977313858909326
a19,108,0,0,0.46193674959936964
a19,109,0,0,0.417216940655646
a19,110,0,0,0.30488450758730373
a19,111,0,0,0.2933618405482884
a19,112,0,0,0.30863063327037205
a19,113,0,0,0.2967159705431444
a19,114,0,0,0.284121422916534
a19,115,0,0,0.31338629933024054
a19,116,0,0,0.2886113588633954
a19,117,0,0,0.30293244253987905
a19,118,0,0,0.31205257778123563
a19,119,0,0,0.30803123859780907
a19,120,0,0,0.29943567510186114
a19,121,0,0,0.28523942441455513
a19,122,0,0,0.2779970303194999
a19,123,0,0,0.3008756086131677
a19,124,0,0,0.28268109563533256
a19,125,0,0,0.26536150392251673
a19,126,0,0,0.2653111425432416
a19,127,0,0,0.2845995792216443
a19,128,0,0,0.27855614669008566
a19,129,0,0,0.2789732536951468
a19,130,0,0,0.28245533258900785
a19,131,0,0,0.27450311546133044
a19,132,0,0,0.2840361333950585
a19,133,0,0,0.2892338641489562
a19,134,0,0,0.2773234445397094
a19,135,0,0,0.2751487103034771
a19,136,0,0,0.331361636319155
a19,137,0,0,0.2953781120655172
a19,138,0,0,0.26182562911673324
a19,139,0,0,0.32010890784219653
a19,140,0,0,0.31202043201403146
a19,141,0,0,0.2911878085006386
a19,142,0,0,0.292325957523167
a19,143,0,0,0.29704797731040955
a19,144,0,0,0.30461300709898403
a19,145,0,0,0.2964010315671397
a19,146,0,0,0.3027490828339114
a19,147,0,0,0.32980092400221567
a19,148,0,1,0.7038165952910096
a19,149,1,0,0.3956657855386266
a19,150,1,0,0.40309519545574385
a19,151,1,1,0.5072834034948567
a19,152,1,1,0.5653301882113189
a19,153,1,1,0.5009476820688084
a19,154,1,0,0.35849625247891753
a19,155,1,1,0.5599775324246941
a19,156,1,1,0.5347954447972953
a19,157,1,0,0.4624714030013229
a19,158,1,1,0.7426684601767405
a19,159,1,0,0.42107202379836434
a19,160,1,1,0.7173517049111319
a19,161,1,0,0.4413356365182488
a19,162,1,1,0.676791665401302
a19,163,1,1,0.6678473725298818
a19,164,1,0,0.4995632939856585
a19,165,1,0,0.4865637021670692
a19,166,1,1,0.5722783668323637
a19,167,1,1,0.7154810927156611
a19,168,1,0,0.4002138463834152
a19,169,1,1,0.5719759704388909
a19,170,1,1,0.5055938572982697
a19,171,1,1,0.6917309004954159
a19,172,1,1,0.6578625817720516
a19,173,1,1,0.5340220695373491
a19,174,1,0,0.37091764930729804
a19,175,1,0,0.3274080706814589
a19,176,0,0,0.2934060945590131
a19,177,0,0,0.30482919453149837
a19,178,0,0,0.297999106959303
a19,179,0,0,0.30213316111246685
a19,180,0,0,0.2818933488815735
a19,181,0,0,0.2928876382145659
a19,182,0,0,0.36935577219515836
a19,183,0,0,0.3070592184815525
a19,184,0,0,0.28668465772521096
a19,185,0,0,0.2785380069200677
a19,186,0,0,0.30000894005968043
a19,187,0,0,0.2915265565403736
a19,188,0,0,0.297079379160596
a19,189,0,0,0.3024386007047731
a19,190,0,0,0.271409039780291
a19,191,0,0,0.27660425662304344
a19,192,0,0,0.2952989487604877
a19,193,0,0,0.2783940076155646
a19,194,0,0,0.3422116728040964
a19,195,1,0,0.33439390588867446
a19,196,0,0,0.2904381066299209
a19,197,0,0,0.2925358359565429
a19,198,0,0,0.2869335539679121
a19,199,0,0,0.2853869031092527
a19,200,0,0,0.28657087315075863
a19,201,0,0,0.29473653361603563
a19,202,0,0,0.29731155417928984
a19,203,0,0,0.2919609488645557
a19,204,0,0,0.2998174042948367
a19,205,0,0,0.2940757779567541
a19,206,0,0,0.2991999850428223
a19,207,0,0,0.319781976027142
a19,208,0,0,0.28858221149806046
a19,209,0,0,0.28107531021854276
a19,210,0,1,0.6956858348583561
a19,211,0,0,0.309471687652101
a19,212,1,0,0.3990614227211141
a19,213,1,1,0.6655760899400038
a19,214,1,0,0.4597599352857061
a19,215,1,0,0.4667018428654847
a19,216,1,0,0.478631913429888
a19,217,1,1,0.6181717384923332
a19,218,1,0,0.41076196668578646
a19,219,1,1,0.5629594597073679
a19,220,1,1,0.6433497141416462
a19,221,1,1,0.5112919862948475
a19,222,1,1,0.5356290505350482
a19,223,1,0,0.36736004094357205
a19,224,1,0,0.45800482991280933
a19,225,1,1,0.510749445794628
a19,226,1,0,0.4599685285515687
a19,227,1,0,0.46848012962963503
a19,228,1,0,0.49938266291248523
a19,229,1,0,0.45286881573872667
a19,230,1,1,0.6850077055887626
a19,231,1,0,0.42719208003292747
a19,232,1,1,0.5331284160082044
a19,233,1,1,0.5499529247762323
a19,234,1,1,0.523935661486688
a19,235,1,1,0.5501847811798563
a19,236,1,1,0.5509244641665779
a19,237,1,1,0.6232022489468766
a19,238,0,0,0.4138662469598215
a19,239,0,0,0.30487146286365313
a19,240,0,0,0.29933836429358585
a19,241,0,0,0.3084975260118313
a19,242,0,0,0.27950953499098447
a19,243,0,0,0.28732368931969776
a19,244,0,0,0.26878314969561184
a19,245,0,0,0.29044231141614424
a19,246,0,0,0.4977261522173336
a19,247,1,0,0.4235086326303056
a19,248,1,0,0.39526383073687893
a19,249,1,1,0.5580597836749234
a19,250,1,0,0.4383068085430576
a19,251,1,0,0.35378020982662817
a19,252,1,0,0.3858303744073221
a19,253,1,1,0.6222251728789729
a19,254,1,1,0.5967402406336095
a19,255,1,0,0.48681160553356795
a19,256,1,1,0.5144613208342047
a19,257,1,0,0.4252316562864095
a19,258,1,1,0.6347482129618178
a19,259,1,1,0.5287539062008718
a19,260,1,1,0.5280966025767494
a19,261,1,1,0.6338758068882898
a19,262,1,0,0.45368274697520367
a19,263,1,1,0.6676801420981254
a19,264,1,0,0.4037068861450953
a19,265,1,1,0.5517049968745124
a19,266,1,0,0.4251311982546063
a19,267,1,1,0.5100835919299969
a19,268,1,0,0.4798338518840588
a19,269,1,0,0.38841395617515245
a19,270,1,1,0.6421259226098347
a19,271,1,1,0.5819025179821984
a19,272,1,1,0.6854007772564134
a19,273,1,1,0.6367794586189911
a19,274,1,1,0.5829601297035936
a19,275,1,0,0.4741424894234749
a19,276,1,1,0.714212862196615
a19,277,1,1,0.5117495887002653
a19,278,1,1,0.6189537238732755
a19,279,0,0,0.4094001701502117
a19,280,0,0,0.29237334647922497
a19,281,0,0,0.2952818676363768
a19,282,0,0,0.2980031529397583
a19,283,0,0,0.3002014173480635
a19,284,0,0,0.2978696041020557
a19,285,0,0,0.3263998300858796
a19,286,0,0,0.2987831471045774
a19,287,0,0,0.29423783328104636
a19,288,0,0,0.3062698031673852
a19,289,0,0,0.2899069605690313
a19,290,0,0,0.2905994841391801
a19,291,0,0,0.291707602660134
a19,292,0,0,0.3430893045578774
a19,293,0,0,0.3018009185550293
a19,294,0,0,0.2914960530283496
a19,295,0,0,0.33969646292237504
a19,296,0,0,0.3342106772580496
a19,297,0,0,0.28350022096247307
a19,298,0,0,0.28252698606252147
a19,299,0,0,0.30540467312920916
a19,300,0,0,0.3299326746276779
a19,301,0,0,0.3029946248228691
a19,302,0,0,0.28456941342232467
a19,303,0,0,0.3569456976906799
a19,304,0,0,0.288775693614165
a19,305,0,0,0.33760091616808463
a19,306,0,0,0.2840296352070794
a19,307,0,0,0.27121632721468136
a19,308,0,0,0.2950171983013589
a19,309,0,0,0.2767268876168514
a19,310,0,0,0.2777174487138117
a19,311,0,0,0.35126038480222094
a19,312,0,0,0.3700110192288603
a19,313,0,1,0.6471706061852748
a19,314,1,0,0.37972450035638033
a19,315,1,0,0.43548567044447284
a19,316,1,0,0.4382845923138931
a19,317,1,1,0.5115634477950101
a19,318,1,0,0.36211673437952524
a19,319,1,1,0.5946967650850538
a19,320,1,0,0.3885398897021657
a19,321,1,1,0.6215184047997977
a19,322,1,0,0.45778789986744284
a19,323,1,0,0.4882281810155737
a19,324,1,1,0.5561271848466346
a19,325,1,1,0.5234003841233551
a19,326,1,1,0.6969312361329384
a19,327,1,0,0.4665290309422815
a19,328,1,1,0.5851727449194086
a19,329,1,1,0.6653268179456261
a19,330,1,0,0.372148875751934
a19,331,1,0,0.4727049141347505
a19,332,1,1,0.5994392547535786
a19,333,1,0,0.4683286333008335
a19,334,1,1,0.6217691029668159
a19,335,1,1,0.6568402393708862
a19,336,1,1,0.6420729515846293
a19,337,1,1,0.6273459448643646
a19,338,1,1,0.6173978127863073
a19,339,1,1,0.5506166295486354
a19,340,1,1,0.5919639677830265
a19,341,1,1,0.6125865933748327
a19,342,0,0,0.34713411074382144
a19,343,0,0,0.32784502062445114
a19,344,0,0,0.316095603931912
a19,345,0,0,0.30069842279545306
a19,346,0,0,0.48250181263786535
a19,347,1,0,0.3570092291036425
a19,348,0,0,0.3057134775467707
a19,349,0,0,0.3103710636635913
a19,350,0,0,0.2982541304833716
a19,351,0,0,0.2904024079579624
a19,352,0,0,0.2994261734991802
a19,353,0,0,0.2825408540940645
a19,354,0,0,0.30298534917056874
a19,355,0,0,0.2937492937612896
a19,356,0,0,0.28600801416320976
a19,357,0,0,0.29694340689386217
a19,358,0,0,0.2831266292696477
a19,359,0,0,0.28670639273971893
a19,360,0,0,0.28853032692473396
a19,361,0,0,0.2926004634194607
a19,362,0,0,0.30590506530703665
a19,363,0,0,0.2890192379719773
a19,364,0,0,0.2863767248912277
a19,365,0,0,0.32278702845495244
a19,366,0,0,0.2793730503951826
a19,367,0,0,0.35992141446623505
a19,368,0,0,0.2797255529643639
a19,369,0,0,0.30639841259842
a19,370,0,0,0.30314090755856404
a19,371,0,0,0.2772762164752348
a19,372,0,0,0.2944471111084597
a19,373,0,0,0.27703337107099824
a19,374,0,0,0.2803118531016411
a19,375,0,1,0.6527046791452925
a19,376,0,1,0.5825787926111458
a19,377,1,0,0.42049214875150037
a19,378,1,1,0.5573878888919475
a19,379,1,1,0.652154443933365
a19,380,1,1,0.5329767709501984
a19,381,1,1,0.7210209903863503
a19,382,1,1,0.7529934434763835
a19,383,1,0,0.46880307567650936
a19,384,1,1,0.6891926269630241
a19,385,1,1,0.6034319888659548
a19,386,1,1,0.6931896392071563
a19,387,1,1,0.7251898793868092
a19,388,1,0,0.47976615897446073
a19,389,1,1,0.7674520080054251
a19,390,1,1,0.6247994182977477
a19,391,1,0,0.37585748483942033
a19,392,1,1,0.6363074311012856
a19,393,1,1,0.6299117954156757
a19,394,1,0,0.3457204034219802
a19,395,1,0,0.42270662875775783
a19,396,0,0,0.36368888806898003
a19,397,0,0,0.3339758145699334
a19,398,0,0,0.31409728246601487
a19,399,0,0,0.3445733248974252
a19,400,0,0,0.29314489257611553
a19,401,0,0,0.2943581639523359
a19,402,0,0,0.2974247873755973
a19,403,0,0,0.2995755652284682
a19,404,0,0,0.29322222890388033
a19,405,0,0,0.2981127536472099
a19,406,0,0,0.30903036811715484
a19,407,0,0,0.3146041144009047
a19,408,0,0,0.2890821548536575
a19,409,0,0,0.27665709667619864
a19,410,0,0,0.3054113438138339
a19,411,0,0,0.3459052926152577
a19,412,0,0,0.34213976684422065
a19,413,0,0,0.32472518378392634
a19,414,0,0,0.33886578762235064
a19,415,0,0,0.31193750406540394
a19,416,0,0,0.3296094993518403
a19,417,0,0,0.2759706366099785
a19,418,0,0,0.2902572949202173
a19,419,0,0,0.29663476415746576
a19,420,0,0,0.27412374787752447
a19,421,0,0,0.3297853448241102
a19,422,0,0,0.2940718022213516
a19,423,0,0,0.32135041061696823
a19,424,0,0,0.2926904549401856
a19,425,0,0,0.3387971238469238
a19,426,0,0,0.3625464509111243
a19,427,0,0,0.2890696820738852
a19,428,0,0,0.28009508928920596
a19,429,0,0,0.29827432560634726
a19,430,0,0,0.30740341750075734
a19,431,0,0,0.3343073203411019
a19,432,0,0,0.29883930880245524
a19,433,0,0,0.3122144989441473
a19,434,0,0,0.2886671368435375
a19,435,0,0,0.3649539572180182
a19,436,0,0,0.30606800414746604
a19,437,0,0,0.28594358750676396
a19,438,0,1,0.6791642587191928
a19,439,1,1,0.6011609405353852
a19,440,1,0,0.40034860194639454
a19,441,1,0,0.38540746919762603
a19,442,1,0,0.4445566001131699
a19,443,1,1,0.7112752612369138
a19,444,1,0,0.4321946469903852
a19,445,1,1,0.6645670114569613
a19,446,1,1,0.5163997905622937
a19,447,1,1,0.6591703845761091
a19,448,1,1,0.5466231244961225
a19,449,1,1,0.622918137402205
a19,450,1,0,0.4294754713166983
a19,451,1,1,0.5611700021151806
a19,452,1,0,0.45003583038982753
a19,453,1,1,0.611699167529352
a19,454,1,1,0.5171305214894819
a19,455,1,0,0.37125743923271703
a19,456,1,1,0.7218689839934125
a19,457,0,0,0.4839198821609277
a19,458,1,0,0.4653586454653541
a19,459,1,1,0.551166766088099
a19,460,1,0,0.4932181396618264
a19,461,1,1,0.6240143966731225
a19,462,1,1,0.5201436713491532
a19,463,1,1,0.669955767118519
a19,464,1,0,0.47037273124810935
a19,465,1,0,0.40073725952728795
a19,466,0,0,0.3410154973206556
a19,467,0,0,0.38242406045892924
a19,468,0,0,0.36749127221856354
a19,469,0,0,0.337881811276791
a19,470,0,0,0.3210200684509599
a19,471,0,0,0.315795911197938
a19,472,0,0,0.36723470214099335
a19,473,0,0,0.3291490756387856
a19,474,0,0,0.30406835139468735
a19,475,0,0,0.30582664152737005
a19,476,0,0,0.31909034721073337
a19,477,0,0,0.31119468742527395
a19,478,0,0,0.4834514916830477
a19,479,1,0,0.3720881591259367
a19,480,0,1,0.6988607100515176
a19,481,1,0,0.42720019315842217
a19,482,0,0,0.34349703098880896
a19,483,1,1,0.5872719016008443
a19,484,1,1,0.5216871069980508
a19,485,1,0,0.336925791918405
a19,486,1,1,0.6846127194478108
a19,487,1,1,0.5187202202350456
a19,488,1,1,0.6544581535240049
a19,489,1,0,0.38693428745865416
a19,490,1,1,0.5089739897378845
a19,491,1,1,0.6407582922794649
a19,492,1,0,0.4051801293107022
a19,493,1,1,0.5251606683771632
a19,494,1,0,0.45367871635340634
a19,495,1,0,0.43118764710316615
a19,496,1,1,0.5352696212252562
a19,497,1,1,0.6248858451724706
a19,498,1,1,0.5395399638840008
a19,499,1,0,0.4928040590806232
a19,500,1,1,0.5541665910810762
a19,501,1,1,0.6894392169114563
a20,1,0,0,0.3214947068250094
a20,2,0,0,0.39397807181400796
a20,3,0,0,0.3294552744617125
a20,4,0,0,0.46109783708218993
a20,5,0,0,0.30457556307580613
a20,6,0,0,0.32695172410267276
a20,7,0,0,0.32194078191371817
a20,8,0,1,0.5940173324137143
a20,9,0,1,0.698397227338456
a20,10,0,0,0.4564390937708243
a20,11,0,0,0.4316657671252184
a20,12,0,0,0.44031133452232657
a20,13,0,0,0.35094279547944257
a20,14,0,0,0.4771053073380954
a20,15,0,1,0.6213285590513383
a20,16,0,0,0.36977539603560394
a20,17,0,0,0.4092825033468605
a20,18,0,0,0.3700034560179076
a20,19,0,0,0.3625939608164262
a20,20,0,1,0.6030676723717289
a20,21,0,1,0.6163910828863924
a20,22,0,1,0.7202033551667637
a20,23,0,1,0.5688806081795256
a20,24,0,0,0.32662037412181066
a20,25,0,0,0.3911524927239632
a20,26,0,0,0.30818569788519573
a20,27,0,0,0.3501942590824321
a20,28,0,1,0.5679569976006777
a20,29,0,0,0.31599687612788896
a20,30,0,0,0.3862247147415836
a20,31,0,0,0.3281914707066245
a20,32,0,1,0.5710007851364279
a20,33,0,0,0.4650668043467135
a20,34,0,0,0.41425220888753733
a20,35,0,0,0.33037661130233853
a20,36,0,0,0.3335107931243508
a20,37,0,0,0.364043601334002
a20,38,0,0,0.33476543430178235
a20,39,0,0,0.3143332585476301
a20,40,0,0,0.39532965118316016
a20,41,0,1,0.561706735227818
a20,42,0,0,0.3845820440980405
a20,43,0,0,0.326097480505221
a20,44,0,0,0.34562773454861956
a20,45,0,0,0.3559308169337953
a20,46,0,0,0.35184712386741485
a20,47,0,0,0.3814736952923948
a20,48,0,0,0.3482927253591833
a20,49,0,0,0.34482584364368024
a20,50,1,1,0.5924127074669974
a20,51,1,1,0.5556611455749957
a20,52,1,1,0.5515111133549621
a20,53,1,1,0.6082818615430655
a20,54,1,1,0.7217067286178591
a20,55,1,1,0.7038359576970968
a20,56,1,1,0.5217094820845568
a20,57,1,1,0.6548119908991493
a20,58,1,1,0.5304753152969442
a20,59,1,0,0.4061259594749473
a20,60,1,1,0.5770577199892112
a20,61,1,0,0.4841869659631289
a20,62,1,0,0.4157503527993997
a20,63,1,0,0.4802604835660481
a20,64,1,1,0.5223800952995921
a20,65,1,0,0.4021137052142654
a20,66,1,1,0.6620416232760732
a20,67,1,0,0.49737176895604396
a20,68,1,1,0.5152721174174434
a20,69,1,1,0.6500367336390084
a20,70,1,1,0.697619257572969
a20,71,1,1,0.5673080561566181
a20,72,0,1,0.5378247322743299
a20,73,0,1,0.5361199306580772
a20,74,1,0,0.45648884403212964
a20,75,1,0,0.4782531339079378
a20,76,1,0,0.4907075741845618
a20,77,1,1,0.5063467987674564
a20,78,1,1,0.6648667152081675
a20,79,1,0,0.46103609119778793
a20,80,1,0,0.44041127769878735
a20,81,1,1,0.5201668918574219
a20,82,1,1,0.7166448578535056
a20,83,0,0,0.3450212996599487
a20,84,0,0,0.3615287505770157
a20,85,0,0,0.36737692920229725
a20,86,0,0,0.3231996213609931
a20,87,0,0,0.28172282218023437
a20,88,0,0,0.36298638992538595
a20,89,1,0,0.33329329222120696
a20,90,1,0,0.4086656042194173
a20,91,1,1,0.5080946804553129
a20,92,0,0,0.36656982739022187
a20,93,0,0,0.4736446288740246
a20,94,1,0,0.45642912010343717
a20,95,1,0,0.46248135843553184
a20,96,1,1,0.5764177272419878
a20,97,1,0,0.3323330298183711
a20,98,1,0,0.41065415631796975
a20,99,1,0,0.3897100221232232
a20,100,1,0,0.29154396764097346
a20,101,1,0,0.3652324101398678
a20,102,1,0,0.4904337746381684
a20,103,1,1,0.5706354912652583
a20,104,1,0,0.41900631836074703
a20,105,1,0,0.3290316076788055
a20,106,1,0,0.45754066712569835
a20,107,1,1,0.5356435270025646
a20,108,1,1,0.586542070722306
a20,109,1,0,0.3750749514867756
a20,110,1,1,0.5501912000545732
a20,111,1,0,0.36690231064602974
a20,112,1,0,0.41559095670308727
a20,113,1,0,0.36522647951292764
a20,114,1,0,0.4790828944150528
a20,115,1,0,0.4248697040351355
a20,116,1,0,0.4295962417340386
a20,117,1,0,0.4567758368572127
a20,118,1,0,0.4239049212788698
a20,119,1,1,0.6363603644056439
a20,120,1,0,0.4088320675298791
a20,121,1,0,0.44166183711964707
a20,122,1,1,0.6950157402424314
a20,123,1,0,0.4646250395008722
a20,124,0,0,0.3644182771141466
a20,125,0,0,0.328566204813662
a20,126,0,0,0.3792997827656444
a20,127,0,0,0.4096108988647978
a20,128,1,0,0.3616893211615331
a20,129,1,0,0.38002429560788437
a20,130,1,0,0.36140060570671817
a20,131,1,0,0.42381526675630365
a20,132,1,0,0.4150860240015068
a20,133,1,0,0.46296581536158893
a20,134,1,1,0.559599440135043
a20,135,0,0,0.3295325917634946
a20,136,0,0,0.32785139693131704
a20,137,0,0,0.4680549536509685
a20,138,1,1,0.530527559215611
a20,139,1,1,0.5694494134363778
a20,140,1,1,0.5636654917545337
a20,141,1,0,0.38452444157741633
a20,142,1,1,0.6459222087937345
a20,143,1,0,0.3623271735093134
a20,144,1,0,0.4885705995001631
a20,145,1,0,0.45186877130952335
a20,146,1,1,0.5070197054749569
a20,147,1,1,0.5444114689500071
a20,148,1,0,0.46643471637139466
a20,149,1,0,0.4819376412493352
a20,150,1,1,0.5837626685136954
a20,151,1,1,0.64561706459103
a20,152,1,1,0.6928538739027894
a20,153,1,0,0.49715673244014835
a20,154,1,1,0.6079471269763713
a20,155,1,1,0.5394777467776924
a20,156,1,0,0.47303721883575184
a20,157,1,0,0.47185347922735765
a20,158,1,1,0.6560182852515583
a20,159,1,1,0.5279437948854607
a20,160,1,0,0.4575542533965258
a20,161,1,1,0.6710386798191915
a20,162,1,1,0.6373316031507051
a20,163,1,1,0.5144905095716192
a20,164,1,1,0.6062914918960243
a20,165,1,1,0.609886559273984
a20,166,1,1,0.5064264450793766
a20,167,1,0,0.46938123335707904
a20,168,1,1,0.5604138196488422
a20,169,1,1,0.629210830113872
a20,170,1,1,0.6264001836004411
a20,171,1,0,0.43452397861863357
a20,172,1,1,0.5394179389020916
a20,173,1,1,0.665976453401404
a20,174,1,1,0.6711817533742133
a20,175,1,0,0.4833109506508126
a20,176,1,1,0.6367543694530097
a20,177,1,0,0.43513041210892967
a20,178,1,1,0.5008585737251868
a20,179,1,1,0.5430351939332045
a20,180,1,0,0.46361953632507913
a20,181,1,0,0.4509118928222169
a20,182,1,0,0.4995459029698909
a20,183,1,0,0.43739203511590674
a20,184,1,0,0.47494044025073895
a20,185,1,1,0.5073439526519743
a20,186,1,1,0.5292605948956727
a20,187,1,1,0.5677137061901097
a20,188,1,1,0.650723650512171
a20,189,0,0,0.36270695648797147
a20,190,0,0,0.3529517862022264
a20,191,1,1,0.6506247113496654
a20,192,1,0,0.4710130667322039
a20,193,1,1,0.6721513146795189
a20,194,1,1,0.727115196599125
a20,195,0,0,0.3595890133805986
a20,196,0,0,0.35172484034801665
a20,197,0,1,0.5060522512553454
a20,198,1,1,0.6218796175712001
a20,199,1,1,0.6948382635550316
a20,200,0,0,0.25756650248514584
a20,201,0,0,0.33819577809690204
a20,202,0,0,0.3591857211416776
a20,203,0,0,0.3413721266699802
a20,204,0,0,0.4027484540589865
a20,205,0,0,0.49794547980073844
a20,206,1,0,0.3541857366140306
a20,207,1,0,0.42495804869622755
a20,208,1,0,0.4326070297950115
a20,209,1,0,0.404988504451256
a20,210,1,0,0.4514856994926072
a20,211,1,0,0.45377197639174066
a20,212,1,1,0.6632363265156778
a20,213,1,0,0.4238320911177077
a20,214,1,1,0.5673287011449075
a20,215,1,0,0.4647769251742587
a20,216,1,1,0.5456285584395306
a20,217,1,1,0.5574128617265175
a20,218,1,0,0.4912972394664428
a20,219,1,1,0.6249884390700702
a20,220,1,1,0.6884738451290411
a20,221,1,0,0.46814823191078886
a20,222,1,1,0.5417215801929565
a20,223,1,1,0.5940173929467311
a20,224,1,1,0.6311748592927267
a20,225,1,1,0.5545085479062144
a20,226,1,1,0.6137077420353089
a20,227,1,1,0.8043760462796549
a20,228,1,1,0.683805603834154
a20,229,1,1,0.6638844698308513
a20,230,1,1,0.654861431918394
a20,231,1,1,0.5035896787263504
a20,232,1,1,0.6413919889620598
a20,233,1,1,0.7220408190560917
a20,234,1,1,0.7152290169554073
a20,235,1,1,0.6345387946754141
a20,236,1,1,0.6187063011333662
a20,237,1,1,0.7978345464970078
a20,238,1,1,0.7393542389718585
a20,239,1,0,0.46144100338319544
a20,240,1,1,0.6497597811622755
a20,241,1,1,0.6193793510347896
a20,242,1,1,0.6401981954952445
a20,243,1,1,0.5629258711158384
a20,244,1,1,0.6946676458432811
a20,245,1,1,0.6065930878115503
a20,246,1,1,0.5893511257143457
a20,247,1,1,0.6908397596689432
a20,248,1,1,0.6179684417858003
a20,249,1,1,0.7086480883748845
a20,250,1,1,0.7115236238403944
a20,251,1,1,0.5438288713888363
a20,252,1,1,0.7460893710672155
a20,253,1,1,0.6904003713966312
a20,254,1,0,0.4486444906012016
a20,255,1,1,0.6097597637884801
a20,256,1,1,0.5867338090951794
a20,257,1,1,0.5347900532292797
a20,258,1,1,0.6756890968268141
a20,259,1,1,0.5398652961466818
a20,260,1,1,0.7296267476033667
a20,261,1,1,0.6861825719970467
a20,262,1,1,0.6464756429903532
a20,263,1,1,0.5475679881770887
a20,264,1,1,0.6010338959197554
a20,265,1,1,0.6391775181087866
a20,266,0,0,0.364571774446409
a20,267,0,0,0.45316803582038373
a20,268,0,0,0.35459878315810395
a20,269,1,1,0.6743520560078387
a20,270,1,0,0.35324304295739034
a20,271,1,1,0.6714881365474518
a20,272,1,0,0.4258096039762336
a20,273,1,0,0.47806310635159144
a20,274,1,0,0.343744772773586
a20,275,1,1,0.5821580521054733
a20,276,1,0,0.40509288346717237
a20,277,1,1,0.7034370716612469
a20,278,1,0,0.37721614280348925
a20,279,1,0,0.41853354934872783
a20,280,1,1,0.786018195134583
a20,281,0,0,0.3923305830261582
a20,282,0,0,0.36768153814896415
a20,283,0,0,0.37492611216319105
a20,284,0,0,0.36602440870206093
a20,285,0,0,0.38625212169707795
a20,286,0,0,0.3676593421048529
a20,287,0,0,0.369648521648232
a20,288,0,0,0.3654324504186827
a20,289,0,0,0.3746479212169396
a20,290,0,0,0.33638662217280746
a20,291,0,0,0.3281139598035605
a20,292,0,0,0.3232473038163818
a20,293,0,0,0.3220556295059896
a20,294,1,1,0.563827183237419
a20,295,1,1,0.5326563301030484
a20,296,1,0,0.37807466833999914
a20,297,1,1,0.7191078060881765
a20,298,1,1,0.5242369242278364
a20,299,1,1,0.5649173169538644
a20,300,1,0,0.40670188576141986
a20,301,0,0,0.3426371011675713
a20,302,0,0,0.4045266789559249
a20,303,0,0,0.330773056628066
a20,304,0,0,0.36563754655919
a20,305,0,0,0.3506245666899781
a20,306,0,0,0.3192943949782775
a20,307,0,0,0.35017910763298
a20,308,0,0,0.3427106636676082
a20,309,0,0,0.33124600190548653
a20,310,0,0,0.35575322744038246
a20,311,0,0,0.3253165292231107
a20,312,0,0,0.34217895752965954
a20,313,0,0,0.3256978248925436
a20,314,0,0,0.33258436015340204
a20,315,0,0,0.3521696127812698
a20,316,0,0,0.3448707571469365
a20,317,0,0,0.31820882262448213
a20,318,0,0,0.3299258643124921
a20,319,0,0,0.33758053439014873
a20,320,0,0,0.3415919407952471
a20,321,0,0,0.33528462691759303
a20,322,0,0,0.3621726128850615
a20,323,0,0,0.32511028603709546
a20,324,0,0,0.35385914975020155
a20,325,0,0,0.3299407444025991
a20,326,0,0,0.3372245518233156
a20,327,0,0,0.348645526013468
a20,328,0,0,0.343170973471443
a20,329,0,0,0.39455064863316663
a20,330,0,0,0.34627955394295207
a20,331,0,0,0.3478397591209123
a20,332,0,1,0.8320944326761811
a20,333,1,0,0.41994214981987954
a20,334,1,1,0.5764648987761457
a20,335,1,0,0.44728915980265055
a20,336,1,0,0.4305567136643847
a20,337,1,0,0.3319838486956965
a20,338,1,1,0.6857027345514131
a20,339,0,0,0.42765371356634624
a20,340,0,0,0.43513298813050116
a20,341,0,0,0.3866253586236342
a20,342,0,0,0.2968195727029658
a20,343,0,0,0.2925541586210037
a20,344,0,0,0.3454139054769244
a20,345,0,1,0.9352882535137793
a20,346,0,0,0.42080257423896444
a20,347,0,0,0.3321870763031387
a20,348,0,1,0.6704090824109628
a20,349,0,0,0.39044127980343657
a20,350,0,0,0.3956436110151357
a20,351,0,0,0.34647697025094404
a20,352,0,1,0.8902992905183359
a20,353,1,1,0.5919365638841276
a20,354,1,0,0.47187404796958166
a20,355,1,0,0.4951443511440351
a20,356,1,0,0.4532439830733928
a20,357,1,1,0.5168931691417598
a20,358,1,1,0.5463784264789948
a20,359,1,0,0.4754446208689195
a20,360,1,1,0.7612117347231351
a20,361,1,1,0.6887891636935658
a20,362,1,1,0.6267490510226642
a20,363,1,1,0.7180551923300577
a20,364,1,1,0.6898907384326877
a20,365,1,1,0.626702500306505
a20,366,1,1,0.539410059393628
a20,367,1,0,0.4610410536185787
a20,368,1,0,0.46469748452896165
a20,369,1,1,0.5348871619624547
a20,370,1,1,0.5455548814183026
a20,371,1,1,0.5583131346522155
a20,372,1,1,0.611860876443219
a20,373,1,1,0.66723105297839
a20,374,1,1,0.5915905389045586
a20,375,1,1,0.5499072919809794
a20,376,1,1,0.5005811259664714
a20,377,1,1,0.7956976600464383
a20,378,1,1,0.826636482375638
a20,379,1,1,0.630308106070822
a20,380,1,1,0.6160287421061961
a20,381,1,1,0.686270197251697
a20,382,1,1,0.6396533922880863
a20,383,1,1,0.6104273566335853
a20,384,1,1,0.6737258534592099
a20,385,1,1,0.6777203131580509
a20,386,1,1,0.5060125026974868
a20,387,1,1,0.6997105337609342
a20,388,1,1,0.7190227617913932
a20,389,1,0,0.3723294430599644
a20,390,1,1,0.9234073055554818
a20,391,1,0,0.3346064537943325
a20,392,0,0,0.4148392209475199
a20,393,0,0,0.34990380541300636
a20,394,0,0,0.39502982195335296
a20,395,0,0,0.3782022813191741
a20,396,0,0,0.3545242475760013
a20,397,0,0,0.34725638023410954
a20,398,0,0,0.34715904621578353
a20,399,0,0,0.3951726719597794
a20,400,0,0,0.45348745750068914
a20,401,0,0,0.36705727182394415
a20,402,0,0,0.37795699024604984
a20,403,0,0,0.3929953648801905
a20,404,0,0,0.3420691608322841
a20,405,0,1,0.6289617061432583
a20,406,1,1,0.6680082015328013
a20,407,1,0,0.3894862253331385
a20,408,1,1,0.5343934110025318
a20,409,0,0,0.3436144962541546
a20,410,0,0,0.36099602080915805
a20,411,0,0,0.3434668334752763
a20,412,0,0,0.3140733613439486
a20,413,0,0,0.34342042985435245
a20,414,0,0,0.3433836532307589
a20,415,0,0,0.3443021378334238
a20,416,0,0,0.34748574342228344
a20,417,0,0,0.307404364201753
a20,418,0,0,0.4304397902524772
a20,419,0,0,0.3369222282957299
a20,420,0,0,0.37247517774478756
a20,421,0,0,0.336392938222373
a20,422,0,0,0.3859442704417982
a20,423,0,0,0.35789445194038444
a20,424,0,0,0.32593361595440923
a20,425,0,1,0.5778100970145817
a20,426,0,0,0.40863637687273086
a20,427,0,0,0.4200722639197633
a20,428,0,0,0.3567235236295998
a20,429,0,0,0.38085202058396594
a20,430,0,0,0.36351100566229816
a20,431,0,0,0.24487975976664011
a20,432,0,0,0.48258963062690424
a20,433,0,0,0.3790306195238295
a20,434,0,0,0.3839878974751426
a20,435,0,0,0.38385563776784665
a20,436,0,0,0.3637583270216982
a20,437,0,0,0.38090657817899526
a20,438,0,0,0.46177772075651174
a20,439,0,0,0.3892617403680993
a20,440,1,1,0.506593874440228
a20,441,1,0,0.4847339499721519
a20,442,1,1,0.6684021238070283
a20,443,1,0,0.4617460222961598
a20,444,1,1,0.6013549934336833
a20,445,1,1,0.5459419439314205
a20,446,1,0,0.4747607829579257
a20,447,1,1,0.6670197266806875
a20,448,1,1,0.6511009968151146
a20,449,1,1,0.508863574477042
a20,450,1,0,0.40006671320098935
a20,451,1,1,0.6276248948859805
a20,452,1,0,0.3689036917942551
a20,453,1,1,0.5966147132834906
a20,454,1,1,0.6512557774397322
a20,455,1,0,0.39597716694535096
a20,456,1,1,0.6490305394974863
a20,457,1,1,0.6282159104336364
a20,458,1,1,0.5306045511012848
a20,459,1,1,0.5034604614130626
a20,460,1,1,0.7379258646250599
a20,461,1,1,0.7075106081525799
a20,462,1,1,0.7042729429774045
a20,463,1,1,0.7244037379287974
a20,464,1,1,0.6349653364425936
a20,465,1,1,0.8217524119367844
a20,466,1,1,0.6689477150157677
a20,467,1,1,0.6668245075559671
a20,468,1,1,0.6016250039707214
a20,469,1,1,0.596561494088606
a20,470,1,1,0.6827445811369234
a20,471,1,1,0.6521830434790917
a20,472,1,1,0.7698309138958075
a20,473,1,1,0.7176143917717551
a20,474,1,1,0.509386191800962
a20,475,1,1,0.862979825674021
a20,476,1,1,0.6632964134548134
a20,477,1,0,0.4724841235083724
a20,478,1,1,0.6575833171607811
a20,479,1,1,0.7281032560452174
a20,480,1,0,0.4638866371309737
a20,481,1,1,0.6229033917543972
a20,482,1,1,0.7152699315907587
a20,483,1,1,0.5959542228633056
a20,484,1,0,0.4699180277613791
a20,485,1,0,0.44817109973173086
a20,486,1,1,0.6117054067069041
a20,487,1,1,0.7759236480057091
a20,488,1,0,0.4452872389973255
a20,489,1,1,0.6802109040992116
a20,490,1,1,0.8098517939105452
a20,491,1,1,0.8636395468002938
a20,492,1,1,0.5453443308344691
a20,493,0,1,0.8125430417300128
a20,494,0,1,0.9429541397331452
a20,495,0,1,0.6627910437759971
a20,496,0,1,0.6794453622929493
a20,497,1,1,0.7153152452584302
a20,498,1,1,0.7072720027573385
a20,499,1,1,0.7995809965968901
a20,500,1,0,0.42974613742588536
a20,501,1,0,0.3854510674186208
a20,502,1,1,0.9323075018926275
a20,503,1,1,0.6747100185212592
a20,504,0,0,0.39368548269383163
a20,505,0,0,0.4248815082606261
a20,506,0,0,0.32593702521593715
a20,507,0,1,0.6210863063450761
a20,508,0,0,0.3977944918312068
a20,509,0,1,0.6918299783389715
b01,1,0,0,0.3397061119256846
b01,2,0,0,0.3387341717579335
b01,3,0,0,0.17087645489380407
b01,4,0,1,0.5236707001768709
b01,5,1,0,0.44954580388769294
b01,6,0,0,0.31478151018734757
b01,7,0,0,0.4275704228209478
b01,8,0,0,0.34606510881223124
b01,9,0,1,0.871830508421997
b01,10,0,1,0.8231275070155298
b01,11,0,0,0.315457084739615
b01,12,0,0,0.33967332963955904
b01,13,0,0,0.2884694261120697
b01,14,0,0,0.2935185548843764
b01,15,0,0,0.2528859044223972
b01,16,0,0,0.2886189269885965
b01,17,0,0,0.4822538334164971
b01,18,0,0,0.3074915509655692
b01,19,0,0,0.33483831012658216
b01,20,0,0,0.39521575356776956
b01,21,0,0,0.3324620270961305
b01,22,0,1,0.7021038965950879
b01,23,0,1,0.570013416546596
b01,24,0,0,0.46553706000997525
b01,25,0,0,0.3143347247440995
b01,26,0,0,0.3028264747366853
b01,27,0,0,0.34955603437634486
b01,28,0,1,0.7807232416261979
b01,29,0,0,0.362841794003415
b01,30,0,0,0.22086118474029176
b01,31,0,0,0.3278844875507571
b01,32,0,0,0.28462005649681166
b01,33,0,0,0.3317993448774033
b01,34,0,0,0.35332643272732994
b01,35,0,1,0.9545882562082211
b01,36,0,1,0.6182264996963798
b01,37,0,1,0.6775852699314382
b01,38,0,1,0.5369817325351933
b01,39,0,1,0.6291449846209628
b01,40,0,0,0.47415413754759944
b01,41,0,1,0.5171028496297331
b01,42,0,0,0.48609799902060175
b01,43,0,0,0.34682410884441656
b01,44,0,1,0.5526748355296093
b01,45,0,1,0.5417180615082398
b01,46,0,0,0.41440827037890365
b01,47,0,0,0.3839057280587874
b01,48,0,1,0.6817505725302521
b01,49,0,0,0.3218785874884389
b01,50,0,0,0.43020644813246134
b01,51,0,0,0.3331688559700557
b01,52,0,1,0.6601864270802914
b01,53,0,0,0.3604028997666124
b01,54,0,0,0.3451094070527827
b01,55,0,0,0.36368880792214486
b01,56,0,0,0.35466079619636764
b01,57,0,0,0.4231921895997029
b01,58,0,0,0.3850535097717554
b01,59,0,0,0.3352535346288814
b01,60,0,1,0.5133168555584916
b01,61,0,1,0.5232565696547299
b01,62,0,1,0.7932035335405455
b01,63,0,1,0.8072529461761425
b01,64,0,1,0.6956746269834386
b01,65,0,1,0.8589477296277548
b01,66,0,1,0.8594668903715466
b01,67,0,1,0.7431254909719005
b01,68,0,0,0.35112249690795005
b01,69,0,0,0.3650923970438822
b01,70,0,0,0.29850372943938214
b01,71,0,0,0.3376012340305259
b01,72,0,0,0.3149076857238504
b01,73,0,0,0.33414573898509514
b01,74,0,0,0.3498886803411811
b01,75,0,0,0.3244988873785235
b01,76,0,0,0.318483320342034
b01,77,0,0,0.32484024936816236
b01,78,0,0,0.3051754909856084
b01,79,0,0,0.3109019794603638
b01,80,0,0,0.3141249007544242
b01,81,0,0,0.3244217497244141
b01,82,0,0,0.32232838854116036
b01,83,0,0,0.3071377577440406
b01,84,0,0,0.30725712961555446
b01,85,0,0,0.3117816486443365
b01,86,0,0,0.30912474373319504
b01,87,0,0,0.30929801742654917
b01,88,0,0,0.35276633977599714
b01,89,0,0,0.315683870575351
b01,90,0,0,0.3059351377793762
b01,91,0,0,0.30096759350038477
b01,92,0,0,0.2887759602277315
b01,93,0,0,0.30536911620263474
b01,94,0,0,0.3113394516095572
b01,95,0,0,0.30311783525426794
b01,96,0,0,0.31342731731598555
b01,97,0,0,0.31921037591619744
b01,98,0,1,0.9223739796610928
b01,99,0,1,0.8760444455586265
b01,100,0,1,0.8821998527146424
b01,101,0,1,0.6574187734627398
b01,102,0,1,0.8905270529884373
b01,103,0,1,0.6381076590056541
b01,104,0,0,0.381169235569132
b01,105,0,0,0.45184083994193625
b01,106,0,0,0.35696308740473537
b01,107,0,0,0.4987233197563522
b01,108,0,0,0.38357350335134416
b01,109,0,1,0.7815302398228995
b01,110,0,1,0.5468731713262857
b01,111,0,0,0.34548317763755937
b01,112,0,1,0.5683586096957669
b01,113,0,0,0.4436210752698107
b01,114,0,0,0.3522247010780256
b01,115,0,0,0.4328702500489845
b01,116,0,0,0.3073632717676973
b01,117,0,0,0.3795518926012281
b01,118,0,0,0.34331571394294197
b01,119,0,0,0.3459981984203059
b01,120,0,0,0.32086289742395413
b01,121,0,0,0.3528750127280079
b01,122,0,0,0.43259254174391576
b01,123,0,0,0.3882843321649785
b01,124,0,0,0.3536269846560553
b01,125,0,0,0.39091133504025183
b01,126,0,1,0.8274847379107461
b01,127,0,1,0.7927131670076695
b01,128,0,0,0.42904868552206304
b01,129,0,0,0.3400304496012432
b01,130,0,0,0.3065280737793779
b01,131,0,0,0.31713735902334
b01,132,0,0,0.31486988288851797
b01,133,0,0,0.3084850168677891
b01,134,0,1,0.8647529632595351
b01,135,1,1,0.8880237141218698
b01,136,0,0,0.30860714131103134
b01,137,0,0,0.33918878514542244
b01,138,0,0,0.32465601977791503
b01,139,0,0,0.3121879839923684
b01,140,0,0,0.3293941047574017
b01,141,0,0,0.33183864215274844
b01,142,0,0,0.34599455744808316
b01,143,0,0,0.3539848758083173
b01,144,0,0,0.3264838916108851
b01,145,0,0,0.3005623696714312
b01,146,0,0,0.30869546368984874
b01,147,0,0,0.3085240597363268
b01,148,0,0,0.34922235722728817
b01,149,0,0,0.31864909829768484
b01,150,0,0,0.30826387151087953
b01,151,0,0,0.2991915225544079
b01,152,0,0,0.30611087707226575
b01,153,0,0,0.3087641933458965
b01,154,0,0,0.29546831773198834
b01,155,0,0,0.29630125139971514
b01,156,0,0,0.30869851435349066
b01,157,0,0,0.3106024759777749
b01,158,0,1,0.8761556362873425
b01,159,1,1,0.7649323043581441
b01,160,1,1,0.7756903184614796
b01,161,1,1,0.6655777387200333
b01,162,1,1,0.6105525198777727
b01,163,0,1,0.5755530454830882
b01,164,0,1,0.661553325694301
b01,165,0,1,0.7687902633967773
b01,166,0,1,0.6970618623451218
b01,167,0,0,0.3113166512512107
b01,168,0,1,0.6295154560861785
b01,169,0,1,0.6111834933797406
b01,170,0,0,0.34423496615930926
b01,171,0,1,0.7410413916767539
b01,172,0,0,0.4076655219077231
b01,173,0,1,0.7025976841188443
b01,174,0,1,0.5792279933338148
b01,175,0,1,0.7900712625480065
b01,176,0,1,0.7670153128493579
b01,177,0,0,0.3518136638522949
b01,178,0,1,0.7515822419544369
b01,179,0,1,0.6605061305873611
b01,180,0,1,0.7029982587927733
b01,181,0,0,0.41656047340688196
b01,182,0,1,0.6074774021455618
b01,183,0,1,0.549882720133048
b01,184,0,1,0.5544488216509287
b01,185,0,1,0.9165520453612546
b01,186,0,1,0.7238730321979202
b01,187,0,0,0.4123105519752856
b01,188,0,0,0.45728929152001696
b01,189,0,1,0.586942235787655
b01,190,0,0,0.39070636138162174
b01,191,0,0,0.4328524954336472
b01,192,0,0,0.3388443010927159
b01,193,0,0,0.31268739356298236
b01,194,0,0,0.3275756707088652
b01,195,0,0,0.4234363485304723
b01,196,0,0,0.471537537836692
b01,197,0,0,0.3482880392784486
b01,198,0,0,0.34067054008664555
b01,199,0,0,0.330132062274257
b01,200,0,0,0.324311380578861
b01,201,0,0,0.3401330295914007
b01,202,0,0,0.3149364192604486
b01,203,0,0,0.3217680696136844
b01,204,0,0,0.3351173319395439
b01,205,0,0,0.3758547031786419
b01,206,0,0,0.317178949111487
b01,207,0,0,0.35022033633373717
b01,208,0,0,0.3405131716374721
b01,209,0,0,0.31509448288111397
b01,210,0,0,0.34562470484446967
b01,211,0,0,0.34579025448820405
b01,212,0,0,0.2997205770175515
b01,213,0,0,0.34524091488833153
b01,214,0,0,0.3456283482711709
b01,215,0,0,0.4040664380667651
b01,216,0,0,0.3375175482218754
b01,217,0,0,0.34111894828138173
b01,218,0,1,0.798590807241182
b01,219,0,0,0.3199224721643209
b01,220,0,1,0.7565650659107085
b01,221,0,1,0.6333243109692173
b01,222,0,0,0.43628093016628855
b01,223,0,0,0.3131765030108239
b01,224,0,0,0.3214606329765205
b01,225,0,0,0.3487596805347401
b01,226,0,0,0.3250361399564152
b01,227,0,1,0.6347182135340558
b01,228,0,0,0.29857611166362735
b01,229,0,0,0.3313868317442687
b01,230,0,0,0.33643688539208993
b01,231,0,0,0.3188512545777282
b01,232,0,0,0.2917233672560485
b01,233,0,0,0.28671689994059
b01,234,0,0,0.29965252573300727
b01,235,0,0,0.3011279509201457
b01,236,0,0,0.30609697167945643
b01,237,0,0,0.3129820178234695
b01,238,0,0,0.3080772564837198
b01,239,0,0,0.2972089462363425
b01,240,0,0,0.3300971360290556
b01,241,0,0,0.30470397231604246
b01,242,0,0,0.33150201305945015
b01,243,0,0,0.331748361743442
b01,244,0,0,0.29494584343489544
b01,245,0,0,0.30778673157318404
b01,246,0,0,0.3445299965427617
b01,247,0,0,0.3145239934378692
b01,248,0,0,0.3146599197029328
b01,249,0,0,0.3015959752746113
b01,250,0,0,0.30707738703880916
b01,251,0,0,0.3108957591874151
b01,252,0,0,0.30350768621979984
b01,253,0,0,0.31200493238296134
b01,254,0,0,0.30034158858468185
b01,255,0,0,0.34898631531470936
b01,256,0,0,0.29190913864698065
b01,257,0,0,0.31097534463781484
b01,258,0,0,0.3148863632085861
b01,259,0,0,0.3196624817535278
b01,260,0,0,0.30839809936427026
b01,261,0,0,0.3213330995961359
b01,262,0,0,0.3164639819851178
b01,263,0,0,0.3020899596827941
b01,264,0,0,0.3118557248556674
b01,265,0,0,0.3370336440831226
b01,266,0,0,0.3138289119425574
b01,267,0,0,0.3075545207973834
b01,268,0,0,0.3092624728925112
b01,269,0,0,0.3070886891616207
b01,270,0,0,0.31135335229046035
b01,271,0,1,0.8876737894679749
b01,272,0,1,0.8449742573153483
b01,273,0,1,0.7944170535668518
b01,274,0,1,0.7375019881614624
b01,275,0,0,0.487668626402632
b01,276,0,1,0.6218949480423637
b01,277,0,1,0.6815620620655609
b01,278,0,1,0.5693878742132548
b01,279,0,0,0.3028117355065767
b01,280,0,0,0.3732508495825054
b01,281,0,0,0.36606840004625707
b01,282,0,0,0.38388851766262977
b01,283,0,0,0.31705111500076105
b01,284,0,0,0.36248342945277656
b01,285,0,0,0.350806980334839
b01,286,0,0,0.38860361954589717
b01,287,0,0,0.3778424498417343
b01,288,0,0,0.31845627446948505
b01,289,0,0,0.31942498645559914
b01,290,0,0,0.31028106662420923
b01,291,0,0,0.3656558025129207
b01,292,0,0,0.4898862876258076
b01,293,0,0,0.45625521099321314
b01,294,0,0,0.41672999522721393
b01,295,0,0,0.3023731477337131
b01,296,0,0,0.35023539849892743
b01,297,0,0,0.38238774645335405
b01,298,0,1,0.6915418344581707
b01,299,0,0,0.3320603734687386
b01,300,0,0,0.3591699862513776
b01,301,0,1,0.5402212621706596
b01,302,0,0,0.31511877923343473
b01,303,0,0,0.3040843817882762
b01,304,0,0,0.3734851029401598
b01,305,0,1,0.8076438716892296
b01,306,0,1,0.5846615583123248
b01,307,0,1,0.656771874319658
b01,308,0,0,0.35733950865958297
b01,309,0,0,0.32584130340436
b01,310,0,1,0.584917051393791
b01,311,0,0,0.3467056705049522
b01,312,0,1,0.6622223331199041
b01,313,0,0,0.394012449516534
b01,314,0,1,0.8573441716928418
b01,315,0,1,0.6204119623600032
b01,316,0,1,0.7172744830194717
b01,317,0,0,0.34410693575018136
b01,318,0,0,0.3772678587751552
b01,319,0,1,0.5216039200895456
b01,320,0,0,0.303846455267162
b01,321,0,0,0.32108625034338995
b01,322,0,0,0.31424784965643926
b01,323,0,0,0.30966405001535724
b01,324,0,0,0.34541071526093475
b01,325,0,0,0.43426033444302975
b01,326,0,0,0.3142242911541903
b01,327,0,0,0.31201265058008215
b01,328,0,0,0.3345326983460909
b01,329,0,0,0.34392945289281956
b01,330,0,0,0.3370095366807123
b01,331,0,0,0.32122323305179007
b01,332,0,0,0.3057865587968599
b01,333,0,0,0.27487588013207537
b01,334,0,0,0.3265485058161372
b01,335,0,0,0.35835142368104833
b01,336,0,0,0.3554802420977539
b01,337,0,0,0.3284938012451811
b01,338,0,1,0.9190367054886286
b01,339,1,1,0.6971504981575122
b01,340,0,0,0.2404566453012229
b01,341,0,0,0.28587886179221744
b01,342,0,0,0.3461300683463202
b01,343,0,0,0.40211913022802814
b01,344,0,1,0.6583110555769306
b01,345,0,1,0.5603933440706621
b01,346,0,1,0.7090156300774013
b01,347,0,0,0.4597414883525743
b01,348,0,1,0.6030437575478088
b01,349,0,1,0.6733272911607332
b01,350,0,1,0.8024931296999969
b01,351,0,1,0.5551143203468091
b01,352,0,0,0.38070304164198804
b01,353,0,0,0.33860932172776675
b01,354,0,1,0.5327849204590727
b01,355,0,1,0.6448434305113707
b01,356,0,1,0.6495094377352916
b01,357,0,0,0.4199196710336973
b01,358,0,0,0.34176665079221286
b01,359,0,1,0.6060867088742146
b01,360,0,1,0.5553205749634565
b01,361,0,1,0.5923229736147043
b01,362,0,1,0.9272563220720069
b01,363,0,0,0.4652533665590974
b01,364,0,1,0.7147245057409624
b01,365,0,1,0.5865449579236534
b01,366,0,0,0.3867747171102175
b01,367,0,0,0.4850466466216005
b01,368,0,1,0.7808395164129794
b01,369,0,0,0.28939452689446293
b01,370,0,0,0.40166807182801645
b01,371,0,0,0.3572016862273969
b01,372,0,0,0.38659351337491343
b01,373,0,0,0.34535440285362573
b01,374,0,0,0.31753797382822013
b01,375,0,0,0.3456182157493646
b01,376,0,0,0.3335527816480583
b01,377,0,1,0.6046164440279148
b01,378,0,1,0.5779902326571471
b01,379,0,0,0.3229143166870929
b01,380,0,0,0.453453268299056
b01,381,0,0,0.34608329468720794
b01,382,0,1,0.5513080135319579
b01,383,0,1,0.8953134301880004
b01,384,0,0,0.42092855273141755
b01,385,0,0,0.36931019722636227
b01,386,0,0,0.4382964056344376
b01,387,0,0,0.40815064153180425
b01,388,0,0,0.41379470887748643
b01,389,0,0,0.4118305293558954
b01,390,0,0,0.4388362336699754
b01,391,0,0,0.480718998861581
b01,392,0,0,0.3260724767804227
b01,393,0,0,0.39676051447228916
b01,394,0,0,0.45247481504873555
b01,395,0,1,0.5620379205285884
b01,396,0,1,0.5335715160792555
b01,397,0,0,0.3272134212598663
b01,398,0,1,0.5279096381419678
b01,399,0,1,0.8262183192465355
b01,400,0,1,0.9155485523118531
b01,401,0,1,0.7879834935374918
b01,402,0,1,0.5195378947098687
b01,403,0,1,0.5356810018203356
b01,404,0,1,0.5091763885443419
b01,405,0,1,0.5510832558337758
b01,406,0,0,0.34019489929062197
b01,407,0,1,0.7025390705883929
b01,408,0,0,0.37153305287413213
b01,409,0,0,0.34307735930562316
b01,410,0,1,0.6658029468385976
b01,411,0,0,0.4629462266094817
b01,412,0,1,0.7514789890958579
b01,413,0,1,0.5209286311951
b01,414,0,0,0.4406084263583908
b01,415,0,1,0.6647111587221245
b01,416,0,1,0.5759381299743094
b01,417,0,1,0.8558125952963254
b01,418,0,1,0.7327638105445317
b01,419,0,1,0.8370049158013605
b01,420,1,1,0.8288817324340617
b01,421,1,1,0.7478877882860946
b01,422,0,0,0.44650667166098595
b01,423,0,1,0.6520635798183692
b01,424,0,1,0.724943368328513
b01,425,1,1,0.8661981708325394
b01,426,1,1,0.8628802256416086
b01,427,1,1,0.896809052897914
b01,428,1,1,0.5705237211035785
b01,429,1,1,0.8114693979595352
b01,430,1,1,0.7089425323513074
b01,431,1,1,0.765004210711293
b01,432,1,1,0.7400659446317628
b01,433,1,1,0.7853180820940694
b01,434,1,1,0.5013335833292158
b01,435,0,0,0.45428701314428854
b01,436,0,1,0.7157987548797758
b01,437,0,1,0.7227888713115225
b01,438,0,1,0.5797365902625194
b01,439,0,1,0.7850988560516017
b01,440,0,1,0.7058580873806615
b01,441,0,1,0.6000862891282984
b01,442,0,1,0.7796356682512046
b01,443,0,1,0.6191224592562184
b01,444,0,0,0.4092356609142824
b01,445,0,1,0.5093785996911409
b01,446,0,0,0.41361363043971594
b01,447,0,0,0.24254901083614847
b01,448,0,0,0.25903306190382064
b01,449,0,0,0.31262092419551984
b01,450,0,0,0.43478185220898313
b01,451,0,0,0.33000972358615716
b01,452,0,0,0.38032841098839076
b01,453,0,0,0.3151776548963173
b01,454,0,0,0.3494483345380045
b01,455,0,0,0.3236844619425182
b01,456,0,0,0.30725973936133066
b01,457,0,0,0.4230639475809416
b01,458,0,1,0.6025570139557203
b01,459,0,0,0.45514849014745096
b01,460,0,0,0.264659883837176
b01,461,0,0,0.36383808987221805
b01,462,0,0,0.30539447353008786
b01,463,0,0,0.17584542039544837
b01,464,0,0,0.4070508071932692
b01,465,0,0,0.21524042179185726
b01,466,0,0,0.3445647553960157
b01,467,0,0,0.29502185123661967
b01,468,0,0,0.25449759704551667
b01,469,0,0,0.35117288243479766
b01,470,0,0,0.2106318177510916
b01,471,0,0,0.18768666003446008
b01,472,0,0,0.4519121482056588
b01,473,0,1,0.540571941286603
b01,474,0,0,0.3334055588987153
b01,475,0,0,0.46829293503779323
b01,476,0,0,0.34022519274836777
b01,477,0,0,0.3283632212501189
b01,478,0,0,0.32806805523766985
b01,479,0,1,0.6911353082873076
b01,480,0,0,0.3444278924026878
b01,481,0,0,0.4216826032472584
b01,482,0,1,0.910694994069262
b01,483,0,1,0.558710178392125
b01,484,0,0,0.42318328954263945
b01,485,0,1,0.8401774186423759
b01,486,0,0,0.38786254709063683
b02,1,0,1,0.5617294799671244
b02,2,0,1,0.6513852443164361
b02,3,0,1,0.75906280798634
b02,4,0,0,0.46952341375655915
b02,5,0,0,0.3542387754234926
b02,6,0,1,0.8590101161745213
b02,7,0,1,0.6332681115919716
b02,8,0,0,0.44279989026619965
b02,9,0,0,0.3909937408060267
b02,10,0,0,0.4019617164883798
b02,11,0,1,0.7323323766952538
b02,12,0,0,0.4256162828123304
b02,13,0,1,0.5319300807909803
b02,14,0,0,0.492278839948627
b02,15,0,0,0.4994525172415159
b02,16,0,1,0.6596832110551122
b02,17,0,0,0.41733527688521227
b02,18,0,1,0.6868232863981425
b02,19,0,0,0.4436135791545718
b02,20,0,0,0.4566307110995042
b02,21,0,0,0.48210826078587254
b02,22,0,0,0.48615456064045737
b02,23,0,0,0.3854504757270323
b02,24,0,0,0.38165629287838465
b02,25,0,0,0.4288865969854025
b02,26,0,1,0.6551812150845252
b02,27,0,0,0.4430241027537526
b02,28,0,0,0.45611527555740194
b02,29,0,0,0.4003466586439819
b02,30,0,0,0.42031779224666954
b02,31,0,1,0.5291225918422522
b02,32,0,1,0.5879306591288018
b02,33,0,0,0.44976475311014696
b02,34,0,1,0.501695333335019
b02,35,0,1,0.6374451685083112
b02,36,0,1,0.7716445949916536
b02,37,0,0,0.4986018715236607
b02,38,0,0,0.38266007713571687
b02,39,0,0,0.4763880813270459
b02,40,0,0,0.4882115362815391
b02,41,0,1,0.6745278757309984
b02,42,0,1,0.6343141374845936
b02,43,0,0,0.48108216154312755
b02,44,0,0,0.40884909440745665
b02,45,0,0,0.42832789335238086
b02,46,0,0,0.4252035460131418
b02,47,0,0,0.3951497384807005
b02,48,0,0,0.47746960171779357
b02,49,0,0,0.4854124208019558
b02,50,0,1,0.7054068691623073
b02,51,0,1,0.6157746873243886
b02,52,0,1,0.5615380764410638
b02,53,0,1,0.5901946801742262
b02,54,0,0,0.46354925047730733
b02,55,0,1,0.5449184168448017
b02,56,0,1,0.5418267735462362
b02,57,0,1,0.6198746470126035
b02,58,0,0,0.45046683831471374
b02,59,0,0,0.3638002408652596
b02,60,0,0,0.3863013644292894
b02,61,0,1,0.5499106777324455
b02,62,0,0,0.4146540797211046
b02,63,0,0,0.3531656540742916
b02,64,0,0,0.3928849503733075
b02,65,0,0,0.4706472576353883
b02,66,0,1,0.5383755491640261
b02,67,0,0,0.4059116097348395
b02,68,0,0,0.36849797436162557
b02,69,0,1,0.5529525372706817
b02,70,0,1,0.624945097291846
b02,71,0,0,0.37355533360567966
b02,72,0,0,0.3526197903748142
b02,73,0,0,0.34248149669050737
b02,74,0,0,0.3940715331251215
b02,75,0,0,0.34384002924404117
b02,76,0,0,0.37201710198553345
b02,77,0,1,0.677504011065549
b02,78,1,1,0.7400094292584286
b02,79,1,1,0.7906006463721847
b02,80,1,1,0.8042973431873608
b02,81,1,1,0.6957899018901698
b02,82,1,1,0.7896995137001919
b02,83,1,1,0.812174691338568
b02,84,1,1,0.8050874997004865
b02,85,1,1,0.7797184836126391
b02,86,1,1,0.7955666060196496
b02,87,1,1,0.8966131959068081
b02,88,1,1,0.9458053510538834
b02,89,1,1,0.7460714463909258
b02,90,1,1,0.8149732768670293
b02,91,1,1,0.7878274596160636
b02,92,1,1,0.8251694473081498
b02,93,1,1,0.9173944376960653
b02,94,1,1,0.8171131589552664
b02,95,1,1,0.7243690838750476
b02,96,1,1,0.7263744875925737
b02,97,1,1,0.7255477991936102
b02,98,1,1,0.7898654466062295
b02,99,1,1,0.7502655815007311
b02,100,1,1,0.6763190546037944
b02,101,0,1,0.773325659791087
b02,102,0,1,0.6066867560526912
b02,103,0,0,0.39729383605173646
b02,104,0,0,0.3852859935455368
b02,105,0,0,0.42256326448119896
b02,106,0,0,0.4666036675929
b02,107,0,0,0.37790521350884915
b02,108,0,0,0.3492852372045646
b02,109,0,0,0.3601243587791703
b02,110,0,0,0.3914723506422223
b02,111,0,0,0.3851026269701622
b02,112,0,1,0.6460910447128387
b02,113,0,0,0.4161553814577342
b02,114,0,0,0.44896253033514694
b02,115,0,1,0.7560101294842514
b02,116,0,0,0.4072320557583807
b02,117,0,0,0.4391966277709672
b02,118,0,1,0.8854372791532918
b02,119,0,1,0.6487266715846118
b02,120,0,0,0.4166754557903145
b02,121,0,1,0.6846022973852703
b02,122,0,1,0.6383514279967542
b02,123,0,0,0.3952581157387637
b02,124,0,0,0.48202000271144557
b02,125,0,0,0.3802087953257493
b02,126,0,1,0.6286973937100265
b02,127,0,1,0.6687523384733808
b02,128,0,1,0.7414247441751184
b02,129,0,1,0.5055846918091113
b02,130,0,0,0.40050927740218045
b02,131,0,1,0.7209517316827726
b02,132,0,1,0.5220869794761543
b02,133,0,1,0.6764414369655182
b02,134,0,0,0.4290711578833327
b02,135,0,0,0.4025979148455282
b02,136,0,1,0.7700145065073069
b02,137,0,1,0.5663199562673794
b02,138,0,1,0.6244992076007433
b02,139,1,0,0.4645271683422626
b02,140,0,0,0.37522148692812607
b02,141,0,0,0.36779161060716953
b02,142,0,0,0.3371348782150863
b02,143,0,0,0.3796405815873082
b02,144,0,0,0.33810402329744194
b02,145,0,0,0.3393368418578669
b02,146,0,0,0.36396672034075545
b02,147,0,0,0.3627255971848218
b02,148,0,0,0.3560506295584164
b02,149,0,0,0.3549393599261272
b02,150,0,0,0.3320895633355423
b02,151,0,0,0.3807783569493548
b02,152,0,0,0.35136694961468207
b02,153,0,0,0.33305158646130223
b02,154,0,0,0.3331373311646362
b02,155,0,0,0.3569611459221904
b02,156,0,0,0.35154992667020973
b02,157,0,0,0.48184729645234375
b02,158,1,1,0.7884682897412637
b02,159,1,1,0.7219785958388997
b02,160,1,1,0.5010494297217885
b02,161,0,0,0.341026373895428
b02,162,0,0,0.3539481397683857
b02,163,0,0,0.3410183202324753
b02,164,0,0,0.3234194418661114
b02,165,0,0,0.3297587626634564
b02,166,0,0,0.34221745794459246
b02,167,0,0,0.35860865025557226
b02,168,0,0,0.35168563497503935
b02,169,0,1,0.8038744025317316
b02,170,0,1,0.83477189516801
b02,171,0,1,0.7138708534075848
b02,172,0,1,0.774098131063235
b02,173,0,1,0.5165203849226087
b02,174,0,0,0.3439358264052735
b02,175,0,0,0.3705018457271172
b02,176,0,0,0.3767853353205705
b02,177,0,0,0.38047926931197473
b02,178,0,0,0.35712059139683666
b02,179,0,0,0.35610997638817293
b02,180,0,0,0.3834645016370411
b02,181,0,0,0.3352722911083205
b02,182,0,0,0.35488725447458225
b02,183,0,0,0.33997501285735
b02,184,0,0,0.31786523785837517
b02,185,0,0,0.30848270791697446
b02,186,0,0,0.3530771682488105
b02,187,0,0,0.33864297945522337
b02,188,0,0,0.35121836465762574
b02,189,0,0,0.35196552300729816
b02,190,0,0,0.34508050200480195
b02,191,0,0,0.3434048907511112
b02,192,0,0,0.3304285538028325
b02,193,0,1,0.7915938028284017
b02,194,1,1,0.6416633420754018
b02,195,0,1,0.5148468975526317
b02,196,0,1,0.6568908444501308
b02,197,0,1,0.7017066343000915
b02,198,0,1,0.7144649353883942
b02,199,0,0,0.4467885788830504
b02,200,0,0,0.3885913604523911
b02,201,0,0,0.40772437708094544
b02,202,0,0,0.4871699915438214
b02,203,0,0,0.39400803351224484
b02,204,0,0,0.433410014495421
b02,205,0,0,0.3852096811305652
b02,206,0,0,0.4334631466524761
b02,207,0,0,0.40215387413438247
b02,208,0,0,0.39733722015903467
b02,209,0,0,0.35679818416062065
b02,210,0,0,0.38523115462038177
b02,211,0,0,0.4238889633968163
b02,212,0,0,0.3772965346454236
b02,213,0,0,0.3967087206380558
b02,214,0,0,0.3489207054920807
b02,215,0,1,0.6194938344805523
b02,216,0,1,0.8743985017633739
b02,217,0,0,0.3706040063567795
b02,218,0,0,0.39037714213495467
b02,219,0,1,0.6593719325735444
b02,220,0,1,0.6794533144242656
b02,221,0,0,0.4790683954419534
b02,222,0,1,0.5857824387648354
b02,223,1,1,0.667308708834746
b02,224,1,1,0.6653866632235258
b02,225,1,1,0.6861145557565805
b02,226,1,1,0.6803633530747053
b02,227,1,1,0.6090589931254582
b02,228,1,1,0.5285454929711529
b02,229,1,1,0.6643448796817846
b02,230,1,0,0.4339173977044563
b02,231,0,0,0.47294555368549696
b02,232,0,0,0.3821479171728807
b02,233,0,0,0.4595990832325811
b02,234,0,1,0.6579380099246056
b02,235,0,1,0.6036372175322211
b02,236,0,1,0.6558267737857647
b02,237,0,1,0.7202161025479854
b02,238,0,1,0.5026191145393705
b02,239,0,0,0.35319952965552204
b02,240,0,0,0.39870916697805575
b02,241,0,0,0.4371508850989149
b02,242,0,0,0.4284100460365944
b02,243,0,0,0.3481197240489249
b02,244,0,0,0.42314716495654614
b02,245,0,0,0.4361263526126847
b02,246,0,0,0.3807897741211155
b02,247,0,0,0.37752560085519277
b02,248,0,1,0.5180561855550417
b02,249,0,1,0.5031278233946577
b02,250,0,0,0.40422530796460254
b02,251,0,0,0.3640168984504429
b02,252,0,0,0.4385046861382855
b02,253,0,0,0.3656799760297979
b02,254,0,0,0.4189836559248007
b02,255,0,0,0.43540250548373227
b02,256,0,0,0.38361486139120227
b02,257,0,0,0.368298497253219
b02,258,0,0,0.39659379658709976
b02,259,0,0,0.45622004125843996
b02,260,0,0,0.38129682282399846
b02,261,0,0,0.42527779010545347
b02,262,0,1,0.5218680214436635
b02,263,0,1,0.5960336332672749
b02,264,1,1,0.7984108927323987
b02,265,1,1,0.7686705610661255
b02,266,1,1,0.643499649947353
b02,267,0,1,0.6669852664609223
b02,268,0,0,0.40055759037468164
b02,269,0,1,0.6370924141081498
b02,270,0,0,0.411566106563377
b02,271,0,0,0.43604102075101736
b02,272,0,0,0.4357282952681796
b02,273,0,1,0.5048328251906188
b02,274,0,0,0.37914990392861553
b02,275,0,0,0.39616173481477074
b02,276,0,0,0.4696029167292717
b02,277,0,0,0.3615667700692156
b02,278,0,1,0.8854224291563254
b02,279,0,1,0.6146335534733457
b02,280,0,1,0.6566338580789145
b02,281,1,1,0.5424326454780108
b02,282,1,1,0.7638700777846233
b02,283,1,1,0.5184453172379934
b02,284,0,0,0.4349834827272849
b02,285,0,1,0.5345480363720232
b02,286,0,1,0.6233680912911052
b02,287,0,0,0.4629047386659823
b02,288,0,0,0.4056651500144124
b02,289,0,0,0.40200726508035906
b02,290,0,0,0.41171864373636224
b02,291,0,0,0.43149879370192357
b02,292,0,1,0.5080910688111755
b02,293,0,0,0.41847676388213834
b02,294,0,0,0.3933667352664444
b02,295,0,0,0.468514971565747
b02,296,0,0,0.3784578919366037
b02,297,0,0,0.4184712183866807
b02,298,0,0,0.42746327183975313
b02,299,0,1,0.5769329871350122
b02,300,0,1,0.575363418188285
b02,301,0,0,0.40583865015848897
b02,302,0,0,0.4306563104206869
b02,303,0,0,0.4485872268179764
b02,304,0,0,0.4694085357946999
b02,305,0,0,0.3904856245778082
b02,306,0,0,0.3897972800269922
b02,307,0,0,0.43500010427063646
b02,308,0,0,0.4492488517573595
b02,309,0,0,0.4508408734108004
b02,310,0,0,0.4206635973438213
b02,311,0,0,0.36115703051385295
b02,312,0,0,0.4010452624308998
b02,313,0,0,0.45436461076142126
b02,314,0,0,0.3966292634983509
b02,315,0,0,0.39525400924399223
b02,316,0,0,0.4380472571261679
b02,317,0,0,0.3882441784767511
b02,318,0,0,0.4128501165523524
b02,319,0,1,0.5976801741467891
b02,320,0,1,0.719672192080174
b02,321,0,0,0.40805633759676563
b02,322,0,0,0.4215907522339775
b02,323,0,0,0.4520884862138011
b02,324,0,0,0.4179195742945432
b02,325,0,0,0.41377797552099
b02,326,0,0,0.47787144528807723
b02,327,0,0,0.45936898978304175
b02,328,0,1,0.5700798992307152
b02,329,0,0,0.4637077597310829
b02,330,0,0,0.36162192970374685
b02,331,0,0,0.4319868425556344
b02,332,0,1,0.5023421563342894
b02,333,0,1,0.6629432483178743
b02,334,0,0,0.40670237054970587
b02,335,0,0,0.46168326704946383
b02,336,0,1,0.5130007086443683
b02,337,0,0,0.4333999814792313
b02,338,0,1,0.5909088643665021
b02,339,0,1,0.5868383606071171
b02,340,0,1,0.7221172172779785
b02,341,0,1,0.9395182488830902
b02,342,0,0,0.4312047362048491
b02,343,1,1,0.7143650697396021
b02,344,1,1,0.70911562241054
b02,345,1,1,0.6329393555283905
b02,346,1,1,0.6445203910595899
b02,347,1,1,0.6978151610692243
b02,348,1,1,0.5758744110380882
b02,349,1,1,0.6297916580329685
b02,350,1,1,0.7133641983196413
b02,351,1,1,0.7159445039528618
b02,352,1,1,0.7497985232062607
b02,353,1,1,0.7515265646161912
b02,354,1,1,0.8250269536239273
b02,355,1,1,0.8920774999910868
b02,356,1,1,0.6661898239686305
b02,357,1,0,0.42742527902146754
b02,358,0,1,0.7158327991165575
b02,359,0,1,0.6483913120211225
b02,360,0,0,0.4811433333099336
b02,361,0,0,0.45254287901526985
b02,362,0,0,0.4995768345914428
b02,363,0,1,0.5429047088430509
b02,364,0,0,0.4144028807501109
b02,365,0,0,0.3766660994785035
b02,366,0,1,0.6153826806757866
b02,367,1,1,0.8031992553128992
b02,368,1,0,0.49025697999914225
b02,369,0,0,0.3965967649651836
b02,370,0,0,0.4852815345261696
b02,371,0,0,0.4014357883996187
b02,372,0,0,0.4192150151212582
b02,373,0,1,0.507275348524111
b02,374,0,0,0.3967984187277904
b02,375,0,0,0.4047685906821009
b02,376,0,0,0.40775712635149347
b02,377,0,1,0.5625983879151772
b02,378,0,0,0.3980133361574817
b02,379,0,0,0.38308125298093354
b02,380,0,0,0.4529402004215367
b02,381,0,0,0.3859991413982526
b02,382,0,0,0.3905044893004993
b02,383,0,0,0.43557720640852654
b02,384,0,0,0.44660926917081856
b02,385,0,0,0.4689010605549507
b02,386,0,1,0.6788618684442747
b02,387,0,0,0.36390859595767955
b02,388,0,1,0.7160978445168799
b02,389,0,0,0.41370799904644906
b02,390,0,0,0.3721652344858829
b02,391,0,1,0.7444745086086314
b02,392,0,1,0.7064332103549675
b02,393,0,1,0.5230972501452172
b02,394,0,0,0.42912014192116754
b02,395,0,1,0.7806123477636339
b02,396,0,0,0.464840591371386
b02,397,0,1,0.6977096524912012
b02,398,0,1,0.5382906515374221
b02,399,0,1,0.7080090534781736
b02,400,0,1,0.5951874777202951
b02,401,0,0,0.3988079270227636
b02,402,0,0,0.44353461054400656
b02,403,0,1,0.7156530726653955
b02,404,0,1,0.6714912970909588
b02,405,0,1,0.7079731769302954
b02,406,0,1,0.6810130777862962
b02,407,0,1,0.6852612975099448
b02,408,0,0,0.3943909623528254
b02,409,0,0,0.3652197891765767
b02,410,0,0,0.4259496701319349
b02,411,0,1,0.7193379388845412
b02,412,0,0,0.37533484777628157
b02,413,0,0,0.40815864842893185
b02,414,0,1,0.7831734963442959
b02,415,0,1,0.5789225109711287
b02,416,0,1,0.5173797812218826
b02,417,0,1,0.6072973312298416
b02,418,0,1,0.9727815557988562
b02,419,0,1,0.7668593318538401
b02,420,0,1,0.8437932145783972
b02,421,1,1,0.8401224649345476
b02,422,1,1,0.721088978659759
b02,423,1,1,0.8959206216397887
b02,424,1,1,0.823044213474007
b02,425,1,1,0.9222649189822857
b02,426,1,1,0.9223948185403563
b02,427,1,1,0.8034403259535057
b02,428,1,1,0.7397237593232651
b02,429,1,1,0.7315596867344828
b02,430,1,1,0.7381849095131362
b02,431,1,1,0.8607281234058934
b02,432,1,1,0.7410427390480898
b02,433,1,1,0.863648043249598
b02,434,1,1,0.7100757840786525
b02,435,1,1,0.7335316511987572
b02,436,1,1,0.9100495217566862
b02,437,1,1,0.8863451429153598
b02,438,1,1,0.5888344608134228
b02,439,1,1,0.5168842886191414
b02,440,0,0,0.42274380722832555
b02,441,0,0,0.41467564533531687
b02,442,1,1,0.8059174898751256
b02,443,1,1,0.7168060983713759
b02,444,1,1,0.8039119086337007
b02,445,1,1,0.7132767358709015
b02,446,1,1,0.6232738270184913
b02,447,1,1,0.74915135824912
b02,448,0,0,0.44890917906409433
b02,449,0,0,0.40472782076504465
b02,450,0,0,0.46509132138132314
b02,451,0,1,0.9371671958341182
b02,452,1,1,0.7297236287845559
b02,453,1,1,0.6382822099072857
b02,454,1,1,0.5778227647595789
b02,455,0,0,0.4211774194506818
b02,456,0,0,0.44074843566862415
b02,457,0,0,0.37225777839926943
b02,458,0,0,0.41512028356632563
b02,459,0,0,0.45760289554623346
b02,460,0,1,0.6196827993014133
b02,461,0,1,0.7217701273080102
b02,462,0,1,0.529399563471907
b02,463,0,1,0.7027441269883227
b02,464,0,0,0.47737186752975974
b02,465,0,0,0.4098707830438355
b02,466,0,1,0.7898379640837605
b02,467,0,0,0.45861074566349547
b02,468,0,0,0.3541117825316982
b02,469,0,0,0.4874934188043521
b02,470,0,1,0.8411236293030944
b02,471,0,1,0.5818538899088044
b02,472,0,1,0.6721049879229176
b02,473,0,1,0.889768383184579
b02,474,1,1,0.8458511239336668
b02,475,1,1,0.7868571625522419
b02,476,1,1,0.7463184910591142
b02,477,1,1,0.6000218247690462
b02,478,1,1,0.8419138611575188
b02,479,1,1,0.8508038995522264
b02,480,0,1,0.6908874180613123
b02,481,0,1,0.6128678268046943
b02,482,0,1,0.7359624728251934
b02,483,0,1,0.567599716627083
b02,484,0,1,0.5418765039536229
b02,485,0,1,0.5096695682828559
b02,486,0,1,0.6656091866744289
b02,487,0,1,0.5704609056818906
b02,488,0,0,0.48296043615877393
b02,489,0,0,0.4685956717853459
b02,490,0,1,0.5043484691345635
b02,491,0,1,0.6430162876521105
b02,492,0,1,0.5693757968336027
b02,493,0,1,0.5321302695783338
b02,494,0,0,0.46672573810007373
b02,495,0,0,0.464583481673799
b02,496,0,1,0.5344923674777613
b02,497,0,1,0.5516655528885298
b02,498,0,1,0.8098984174537484
b02,499,0,1,0.6471903979801623
b02,500,0,0,0.43355578617666046
b02,501,0,0,0.46531714521306544
b02,502,0,0,0.44733523903087463
b02,503,0,1,0.5714387420873223
b02,504,0,1,0.7397245934199962
b02,505,0,0,0.4622388183542073
b02,506,0,0,0.4402382207374212
b02,507,0,1,0.7347265454012949
b02,508,0,0,0.49469385128883775
b02,509,0,0,0.47662265173409535
b02,510,0,0,0.4178254848671019
b02,511,0,0,0.4627809472800376
b02,512,0,1,0.6954732429954522
b02,513,0,1,0.9519921192711409
b02,514,0,1,0.5623355279595265
b02,515,0,1,0.6909646936017576
b02,516,0,0,0.4369039559241927
b03,1,0,0,0.34220393616559797
b03,2,0,0,0.41849216459553257
b03,3,0,1,0.5278336182504306
b03,4,0,0,0.37258153321898047
b03,5,0,1,0.5297032056719221
b03,6,0,0,0.3967599704015773
b03,7,0,0,0.412623085068662
b03,8,0,1,0.565076927516375
b03,9,0,0,0.3303862950336502
b03,10,0,0,0.4503951085261924
b03,11,0,1,0.5060886477306527
b03,12,0,0,0.49493350953529114
b03,13,0,1,0.756309249617092
b03,14,0,0,0.4255911420269115
b03,15,0,1,0.703214730418053
b03,16,0,0,0.3989008299509932
b03,17,0,1,0.7229588987121768
b03,18,0,0,0.4171768565569885
b03,19,0,0,0.48365995457436334
b03,20,0,0,0.39094917650875527
b03,21,0,0,0.42404959235863665
b03,22,0,0,0.45389285573276544
b03,23,0,0,0.4704476295416428
b03,24,0,0,0.49870079260839967
b03,25,0,0,0.4214655761610727
b03,26,0,1,0.5294938445994144
b03,27,0,0,0.3740097892660496
b03,28,0,0,0.4202370222888612
b03,29,0,1,0.7510434356291079
b03,30,0,1,0.5168274680478702
b03,31,0,0,0.4564952495223734
b03,32,0,1,0.6497728274963065
b03,33,0,0,0.394009204384202
b03,34,0,0,0.39201484963492494
b03,35,0,0,0.3633169248148312
b03,36,0,0,0.3937423596790825
b03,37,0,0,0.3769243898544301
b03,38,0,0,0.42022539351462895
b03,39,0,1,0.5364261567554663
b03,40,0,0,0.4011871303944565
b03,41,0,1,0.5420865316079924
b03,42,0,0,0.39522696877066704
b03,43,0,0,0.4142281821319195
b03,44,0,1,0.6942668231181301
b03,45,0,0,0.48522387220668606
b03,46,0,1,0.5356140535787878
b03,47,0,0,0.49759069691709623
b03,48,0,0,0.3904915830959291
b03,49,0,0,0.4496838084145795
b03,50,0,0,0.43358867884632146
b03,51,0,0,0.39754654878698387
b03,52,0,0,0.375539100267331
b03,53,0,0,0.37974528098070365
b03,54,0,0,0.4074154889080353
b03,55,0,0,0.47068053019799844
b03,56,0,1,0.5957570888519164
b03,57,0,0,0.3814259745218171
b03,58,0,1,0.5194892613718745
b03,59,0,1,0.6469111582373209
b03,60,0,0,0.4929750441940881
b03,61,0,0,0.4674025204484093
b03,62,0,0,0.4954189448811624
b03,63,0,0,0.3572851252640498
b03,64,0,0,0.3932443689818128
b03,65,0,0,0.3703223089499476
b03,66,0,0,0.3668535674953865
b03,67,0,0,0.3340066577775219
b03,68,0,0,0.40004315460872225
b03,69,0,1,0.5316753211471441
b03,70,0,0,0.42213247724152453
b03,71,0,1,0.5661732737813446
b03,72,0,0,0.3506629506778461
b03,73,0,0,0.4121702258008896
b03,74,0,0,0.36551474718810434
b03,75,0,0,0.3657440143730896
b03,76,0,0,0.3853456330926727
b03,77,0,0,0.3616564271970855
b03,78,0,0,0.35133823180134865
b03,79,0,0,0.3837319964332978
b03,80,0,0,0.3627397722791437
b03,81,0,0,0.3746147083844872
b03,82,0,0,0.4472605484422436
b03,83,0,0,0.35587212800996176
b03,84,0,0,0.38025229333176463
b03,85,0,0,0.36302863136487623
b03,86,0,0,0.3562055270020891
b03,87,0,0,0.3322971005191568
b03,88,0,1,0.5588641354988746
b03,89,0,0,0.35094770164938566
b03,90,0,0,0.33432762353627854
b03,91,0,0,0.4454686260986738
b03,92,0,0,0.36262245829671014
b03,93,0,1,0.5594557186404967
b03,94,0,0,0.3854855184365631
b03,95,0,0,0.4614516910774645
b03,96,0,1,0.5779487830971618
b03,97,0,0,0.48105762410101555
b03,98,1,1,0.8026846068682545
b03,99,1,1,0.5440046851296446
b03,100,1,1,0.7444531717743673
b03,101,1,1,0.7410411353054258
b03,102,1,0,0.4701171625490897
b03,103,0,1,0.9078440521569896
b03,104,0,0,0.41008675620086155
b03,105,0,0,0.38336220752107003
b03,106,0,0,0.39256082874055387
b03,107,0,0,0.4016737258679681
b03,108,0,0,0.4208306453701194
b03,109,0,0,0.43429218946581644
b03,110,0,0,0.3789180450171945
b03,111,0,0,0.3716479470868199
b03,112,0,0,0.36266886189857184
b03,113,0,0,0.36687907136273584
b03,114,0,0,0.38399640418278225
b03,115,0,0,0.37040690790674946
b03,116,0,0,0.34777321971826575
b03,117,0,0,0.3471162179294604
b03,118,0,0,0.343009016575237
b03,119,0,0,0.3673822725755692
b03,120,0,0,0.336039644945396
b03,121,0,0,0.38010981963334445
b03,122,0,0,0.34178267837878107
b03,123,0,0,0.34802285422418405
b03,124,0,0,0.3292166372979192
b03,125,0,0,0.36841435749485757
b03,126,0,0,0.34385233772257207
b03,127,0,0,0.355178188749947
b03,128,0,0,0.35967649046841393
b03,129,0,0,0.3611547591299608
b03,130,0,0,0.3571033465173321
b03,131,0,0,0.33805343427734424
b03,132,0,0,0.373390733940909
b03,133,0,1,0.5820705713012483
b03,134,0,1,0.6434062470874248
b03,135,0,1,0.7269595806264193
b03,136,0,1,0.6547266483779962
b03,137,0,1,0.5573480337399447
b03,138,0,0,0.39504211970057773
b03,139,0,0,0.3627613318687611
b03,140,0,0,0.40061258312363585
b03,141,0,0,0.3281667539751941
b03,142,0,0,0.43670506854422353
b03,143,0,1,0.6377356223992461
b03,144,0,0,0.38567510926499277
b03,145,0,0,0.45654295514688437
b03,146,0,0,0.417307193487294
b03,147,0,1,0.5044005121187843
b03,148,0,0,0.4466427456350793
b03,149,0,0,0.4361653784237425
b03,150,0,0,0.4735506726618025
b03,151,0,0,0.36772637947636244
b03,152,0,0,0.43936250110833347
b03,153,0,0,0.32423805122532967
b03,154,0,0,0.36434171717164676
b03,155,0,0,0.37908501635065034
b03,156,0,1,0.6944968329706053
b03,157,0,0,0.34440457170679
b03,158,0,0,0.36804998469831574
b03,159,0,1,0.6038925757127533
b03,160,0,1,0.9074764901237835
b03,161,0,1,0.5309773431924814
b03,162,0,1,0.5132091597373083
b03,163,0,1,0.699377696566704
b03,164,1,1,0.7644558701931162
b03,165,1,1,0.7382059019428266
b03,166,1,1,0.7968241123635946
b03,167,1,1,0.731991425915579
b03,168,1,1,0.8050189121903399
b03,169,1,1,0.7768745703587443
b03,170,1,1,0.8364457859210823
b03,171,1,1,0.7633343162415068
b03,172,1,1,0.5905502475039024
b03,173,0,1,0.7259161883732457
b03,174,0,0,0.4475785688355576
b03,175,0,0,0.4210844035031148
b03,176,0,0,0.37858288850321564
b03,177,0,0,0.36435367578179684
b03,178,0,1,0.516901552250949
b03,179,0,0,0.4978325493634626
b03,180,0,0,0.39612064267783803
b03,181,0,0,0.39191840636546343
b03,182,0,0,0.3608851316054759
b03,183,0,0,0.4302197008375216
b03,184,0,0,0.39341822565471074
b03,185,0,0,0.39084089380268744
b03,186,0,0,0.3667736703016496
b03,187,0,0,0.3727355591621012
b03,188,0,0,0.363137114349457
b03,189,0,0,0.36361631818460155
b03,190,0,1,0.5921212563993355
b03,191,0,0,0.4374673964682853
b03,192,0,0,0.37936009903459417
b03,193,0,0,0.37257040366425953
b03,194,0,0,0.37423810917110134
b03,195,0,0,0.3599839651239837
b03,196,0,0,0.37406011751371915
b03,197,0,0,0.37936296987872736
b03,198,0,1,0.6240608985688493
b03,199,0,1,0.5882745737921646
b03,200,0,0,0.46732626060872656
b03,201,0,0,0.37944568715943494
b03,202,0,0,0.39975712000085273
b03,203,0,0,0.39134219620872424
b03,204,0,0,0.36257488436515767
b03,205,0,0,0.34716987128744947
b03,206,0,0,0.3638288703316489
b03,207,0,0,0.34901756170354226
b03,208,0,1,0.7232428370573927
b03,209,0,0,0.4159609067413277
b03,210,0,0,0.40446132507610805
b03,211,0,0,0.3990666056965368
b03,212,0,0,0.46666421403353114
b03,213,0,0,0.46699357573803263
b03,214,0,0,0.35888383817228486
b03,215,0,0,0.3727780615300536
b03,216,0,0,0.48750678284423526
b03,217,0,1,0.6657956890440077
b03,218,0,0,0.4925125129352847
b03,219,0,0,0.3633757100381392
b03,220,0,1,0.5120286705878543
b03,221,0,0,0.35700176590584476
b03,222,0,1,0.5153517992355866
b03,223,0,1,0.9477355734706719
b03,224,0,1,0.5150202538865516
b03,225,1,1,0.6453467482452134
b03,226,1,1,0.7682717607929814
b03,227,1,1,0.7775489489839413
b03,228,1,1,0.8248470206882151
b03,229,1,1,0.7960582365717671
b03,230,1,1,0.6380257349636415
b03,231,1,1,0.6852821582857662
b03,232,1,1,0.8256259465138233
b03,233,1,1,0.6619399232688437
b03,234,1,1,0.6982326077007099
b03,235,1,1,0.8191556226333733
b03,236,1,1,0.8911984863221277
b03,237,1,1,0.7526103091062349
b03,238,1,1,0.6959987234456972
b03,239,1,0,0.4790463865809996
b03,240,0,1,0.5199798140810663
b03,241,0,1,0.7136257990781697
b03,242,0,0,0.4579537062586119
b03,243,0,1,0.7666319805324586
b03,244,0,1,0.7226233994714024
b03,245,0,1,0.6609087174273817
b03,246,0,1,0.6265223317489341
b03,247,0,0,0.4397498132704683
b03,248,0,0,0.47061999699163604
b03,249,0,0,0.4400289551257472
b03,250,0,0,0.4939110310914641
b03,251,0,0,0.40623333610608914
b03,252,0,0,0.42252637287507655
b03,253,0,1,0.5203916372671887
b03,254,0,0,0.47225921929279685
b03,255,0,0,0.37436272246679253
b03,256,0,1,0.6495855473892707
b03,257,1,1,0.697983770089735
b03,258,0,1,0.7410166379132821
b03,259,0,1,0.5963725353045266
b03,260,0,1,0.6461271797305712
b03,261,0,1,0.5001198696782031
b03,262,0,0,0.42508073813504754
b03,263,0,1,0.6536673678435234
b03,264,0,1,0.7444196847166173
b03,265,1,1,0.6640110676392063
b03,266,0,1,0.6652934570181348
b03,267,0,0,0.4692054520350991
b03,268,0,0,0.4120350605799706
b03,269,0,0,0.35780528129474387
b03,270,0,0,0.3740175275098352
b03,271,0,0,0.48670619562892764
b03,272,0,1,0.698509141171829
b03,273,0,0,0.47063677373370594
b03,274,0,0,0.42470744029867014
b03,275,0,0,0.394179471479822
b03,276,0,0,0.3684492412491119
b03,277,0,0,0.3994368834317958
b03,278,0,0,0.40097197774922705
b03,279,0,0,0.36533150505700285
b03,280,0,0,0.3586736353630506
b03,281,0,0,0.3630703673829699
b03,282,0,0,0.42652098488464574
b03,283,0,0,0.3980897911934979
b03,284,0,1,0.5716471677399467
b03,285,0,1,0.677861733702683
b03,286,0,0,0.4089274049590203
b03,287,0,0,0.4583503361169751
b03,288,0,0,0.38594953678662547
b03,289,0,0,0.4048008837697002
b03,290,0,1,0.6140368172637354
b03,291,0,0,0.4407000107502531
b03,292,0,1,0.7225174172543765
b03,293,0,0,0.38932017963149107
b03,294,0,1,0.5691609549429749
b03,295,0,0,0.37737119147643894
b03,296,0,0,0.40827906154986243
b03,297,0,1,0.6011021531099725
b03,298,0,1,0.557484171115031
b03,299,0,0,0.38260971692001144
b03,300,0,0,0.38706946047454405
b03,301,0,1,0.561343394383453
b03,302,0,1,0.5967014260577692
b03,303,0,1,0.6320939939070181
b03,304,0,1,0.5100884561035128
b03,305,0,1,0.5774866160393257
b03,306,0,0,0.43472274073689815
b03,307,0,0,0.44459126279858013
b03,308,1,1,0.9393966459258853
b03,309,1,1,0.684782363970812
b03,310,1,1,0.7327981920492481
b03,311,1,1,0.6573757432562125
b03,312,0,0,0.3546453793757446
b03,313,0,1,0.6985929272570909
b03,314,1,1,0.5951834611185739
b03,315,0,1,0.585944636494262
b03,316,0,0,0.40776848048350167
b03,317,0,0,0.40583522774560565
b03,318,0,0,0.43040638963734285
b03,319,0,0,0.4394479832478361
b03,320,0,0,0.4453046291504265
b03,321,0,0,0.46609320094921863
b03,322,0,0,0.41428083775595625
b03,323,0,0,0.4118941148425119
b03,324,0,0,0.37984435339461897
b03,325,0,0,0.4094424588595791
b03,326,0,0,0.3682951126830777
b03,327,0,0,0.4829910024694067
b03,328,0,0,0.4037881166957167
b03,329,0,1,0.534556966620867
b03,330,0,0,0.41281820257650137
b03,331,0,0,0.4101413162403366
b03,332,0,0,0.39658824480670496
b03,333,0,0,0.3683289677293694
b03,334,0,0,0.3817577835456256
b03,335,0,1,0.5351231463362446
b03,336,0,0,0.38381428730832773
b03,337,0,0,0.4271543803073705
b03,338,0,1,0.5805181615089617
b03,339,0,0,0.3587306987442748
b03,340,0,0,0.3758671709315074
b03,341,0,0,0.2990482701706447
b03,342,0,0,0.4224777170294722
b03,343,0,0,0.3664839367449427
b03,344,0,0,0.3741760439696431
b03,345,0,0,0.3962413711623583
b03,346,0,0,0.3867349668190407
b03,347,0,0,0.3711025480471934
b03,348,0,0,0.35611429838591757
b03,349,0,0,0.3693298196865654
b03,350,0,0,0.377120578563203
b03,351,0,0,0.41688618484094153
b03,352,0,0,0.4560612775328063
b03,353,0,0,0.4154481291315216
b03,354,0,0,0.4203648490684756
b03,355,0,0,0.3689646215378327
b03,356,0,0,0.40620450196187424
b03,357,0,0,0.3592236724122641
b03,358,0,1,0.8299029220596221
b03,359,0,1,0.6496750452031902
b03,360,0,1,0.5053328815144916
b03,361,0,1,0.5336045419020315
b03,362,0,0,0.47123781829851225
b03,363,0,0,0.3832447529410998
b03,364,0,0,0.34534772717375434
b03,365,0,1,0.5401121112694515
b03,366,0,1,0.7031312502023773
b03,367,0,0,0.3997891454167093
b03,368,0,1,0.5212648307015022
b03,369,0,0,0.4397759283668014
b03,370,0,1,0.510124128611612
b03,371,0,0,0.43118109023826195
b03,372,0,1,0.8239079682612563
b03,373,0,1,0.6590736468560703
b03,374,1,1,0.6584704776877823
b03,375,1,1,0.8266006252710991
b03,376,1,1,0.6779652804535963
b03,377,1,1,0.8871501600061783
b03,378,1,1,0.8216326690550855
b03,379,1,1,0.8746717989970054
b03,380,1,1,0.8293149788623895
b03,381,1,1,0.7851869713565199
b03,382,1,1,0.7497535340987617
b03,383,1,1,0.7936079460160798
b03,384,1,1,0.8911562777789929
b03,385,1,1,0.7709193973678656
b03,386,1,0,0.4961422888821079
b03,387,1,1,0.7410214612638581
b03,388,1,1,0.7664129377875467
b03,389,1,1,0.7708759229890577
b03,390,1,1,0.7814543515226852
b03,391,1,1,0.7499191457463944
b03,392,1,1,0.875598119927963
b03,393,1,1,0.8008597026258448
b03,394,1,1,0.7946231189680047
b03,395,1,1,0.6367627741364716
b03,396,1,1,0.7006577462424207
b03,397,1,1,0.8809842033157753
b03,398,1,1,0.7081375510815515
b03,399,1,1,0.8598385218086021
b03,400,1,1,0.6170397832658582
b03,401,1,1,0.8221060236859615
b03,402,1,1,0.8878277042491796
b03,403,0,1,0.6210562154812272
b03,404,0,1,0.7318726977232776
b03,405,0,1,0.6853106592544838
b03,406,0,0,0.4933826722937627
b03,407,0,1,0.7181405321403835
b03,408,0,1,0.5814964984374602
b03,409,0,1,0.6244424484984458
b03,410,0,0,0.4209417703638999
b03,411,0,1,0.6570338678796405
b03,412,0,0,0.43610413101457385
b03,413,0,1,0.7456598287688034
b03,414,0,1,0.6121233325454074
b03,415,0,0,0.43523564512909735
b03,416,0,1,0.6702212476738981
b03,417,0,0,0.44799536809224405
b03,418,0,1,0.5451262710441338
b03,419,0,0,0.45200205338713767
b03,420,0,1,0.8047995538898214
b03,421,0,0,0.4421120577830375
b03,422,0,1,0.6468353532287988
b03,423,0,1,0.5536552222649683
b03,424,0,1,0.7657625577804573
b03,425,1,1,0.6341585357301824
b03,426,0,1,0.6607470871044259
b03,427,0,1,0.7566057599482552
b03,428,0,0,0.4498360997205792
b03,429,0,1,0.6361907999765428
b03,430,1,0,0.4679123222473515
b03,431,0,1,0.8821278755294083
b03,432,0,1,0.6221679286470023
b03,433,0,1,0.8112811261052089
b03,434,1,1,0.7408298310923817
b03,435,1,1,0.7323335107935348
b03,436,1,1,0.8872635241614288
b03,437,1,1,0.7543028964550281
b03,438,1,1,0.6741696510908138
b03,439,1,1,0.7388763484978601
b03,440,0,1,0.682996609888387
b04,3,0,0,3.2484550601803026e-31
b04,4,0,0,1.5351646018128782e-53
b04,8,0,0,1.010806499158825e-07
b04,9,0,1,0.5009239040002427
b04,10,0,1,0.7155569652721117
b04,11,0,1,0.8596966321359141
b04,12,0,1,0.6723754949406121
b04,13,0,1,0.6595514122054005
b04,14,0,1,0.7033291622795727
b04,15,0,1,0.6895473521121335
b04,16,0,1,0.6666958729875093
b04,17,0,0,0.4513684308574239
b04,18,0,1,0.5182371037320886
b04,19,0,1,0.5785215743420472
b04,20,0,0,0.45244363360919887
b04,21,0,1,0.7397378903245532
b04,22,0,1,0.5979765786731062
b04,23,0,0,0.3153242219957784
b04,24,0,0,0.3784879309806684
b04,25,0,1,0.9082518213240247
b04,26,0,1,0.5543452648504998
b04,27,0,1,0.8126458370183606
b04,28,0,0,0.4028142644491852
b04,29,0,1,0.5492645658194251
b04,30,0,1,0.6065754569878019
b04,31,0,0,0.3324289486864484
b04,32,0,0,0.4839741579989705
b04,33,0,0,0.440927735250451
b04,34,0,0,0.33163603746974984
b04,35,0,1,0.5032476597143196
b04,36,0,1,0.5537093526170815
b04,37,0,0,0.44369012530586677
b04,38,0,1,0.7069853558256225
b04,39,0,1,0.8128028514607805
b04,40,0,1,0.5248618006311639
b04,41,0,0,0.2997990275474471
b04,42,0,0,0.352557480099024
b04,43,0,0,0.2232415326262291
b04,44,0,0,0.2715179224569827
b04,45,0,0,0.48979478332079485
b04,46,0,0,0.38733171139029515
b04,47,0,0,0.26337004628655336
b04,48,0,0,0.3419829489045598
b04,49,0,0,0.33972040392248704
b04,50,0,1,0.8426487800827539
b04,51,0,0,0.2820749076549463
b04,52,0,0,0.2863984186934901
b04,53,0,0,0.3401123063214885
b04,54,0,1,0.9142181348628001
b04,55,0,1,0.523365797092626
b04,56,0,1,0.6271983664666961
b04,57,0,1,0.608261901047839
b04,58,0,0,0.3165811924312274
b04,59,0,0,0.3636175294826588
b04,60,0,1,0.5241149767943433
b04,61,0,1,0.5115692440813391
b04,62,0,1,0.5771163633164643
b04,63,0,0,0.3771376338767213
b04,64,0,0,0.40548177301522753
b04,65,0,0,0.35711279710219873
b04,66,0,1,0.7994199938166021
b04,67,0,0,0.3629159357604301
b04,68,0,0,0.1885464940302668
b04,69,0,1,0.5298652633209255
b04,70,0,1,0.6690275236279322
b04,71,0,1,0.5304640434535559
b04,72,0,0,0.4233467048653153
b04,73,0,1,0.870654732326943
b04,74,0,0,0.45506772552695046
b04,75,0,0,0.32896860232943526
b04,76,0,0,0.36016238028149256
b04,77,0,0,0.3018112194183997
b04,78,0,0,0.33655660071904175
b04,79,0,0,0.3796587210712475
b04,80,0,0,0.224572650238427
b04,81,0,0,0.07862619475879383
b04,82,0,0,0.11473803413225903
b04,83,0,0,0.19629640241365204
b04,84,0,0,0.2695928167486714
b04,85,0,0,0.3000511439988512
b04,86,0,0,0.24071148472064344
b04,87,0,0,0.22546589094469996
b04,88,0,0,0.3087620498888017
b04,89,0,0,0.13595267335192676
b04,90,0,0,0.12839002681291883
b04,91,0,0,0.08537089760253601
b04,92,0,0,0.09278227622541545
b04,93,0,0,0.0743392055490608
b04,94,0,0,0.11600515957837841
b04,95,0,0,0.16132888599268957
b04,96,0,0,0.1769475421963695
b04,97,0,0,0.08637265284621536
b04,98,0,0,0.1628845892662243
b04,99,0,0,0.09086075940444918
b04,100,0,0,0.11321599439862821
b04,101,0,0,0.0821170571882965
b04,102,0,0,0.05287630719738107
b04,103,0,0,0.08171946609149155
b04,104,0,1,0.6325796490846669
b04,105,0,1,0.7478097124484268
b04,106,0,1,0.5661609403660915
b04,107,0,0,0.434830610177213
b04,108,0,1,0.9027705408583918
b04,109,0,1,0.5041958006414006
b04,110,0,0,0.4048929191568729
b04,111,0,0,0.3740451112443964
b04,112,0,0,0.4304230835301433
b04,113,0,0,0.33262930773866084
b04,114,0,1,0.6809169500894086
b04,115,0,1,0.9563444217894047
b04,116,0,0,0.4948588259316165
b04,117,0,1,0.6367964596008642
b04,118,0,1,0.6228940140950897
b04,119,0,0,0.4289540012852576
b04,120,0,1,0.5770001622466465
b04,121,0,1,0.8397039149054413
b04,122,0,0,0.29814065882987967
b04,123,0,1,0.8172491824122081
b04,124,0,1,0.7725490397993998
b04,125,0,1,0.6668810897749908
b04,126,0,1,0.5986437333140697
b04,127,0,0,0.3098787897383234
b04,128,0,0,0.43082155017863083
b04,129,0,0,0.4864583273917963
b04,130,0,1,0.7759737524665888
b04,131,0,1,0.810330315545996
b04,132,0,1,0.7640872042269883
b04,133,0,1,0.614723436147258
b04,134,0,1,0.6885378104677055
b04,135,1,1,0.698487687243392
b04,136,1,1,0.6005219539260438
b04,137,1,1,0.7720699066802093
b04,138,1,1,0.5955651596679029
b04,139,1,1,0.8163501083256519
b04,140,0,1,0.5788892193711983
b04,141,0,1,0.5919164411881022
b04,142,0,1,0.7826529320277387
b04,143,0,1,0.9739867065205365
b04,144,0,1,0.7761800912626876
b04,145,0,1,0.7880699587947316
b04,146,0,0,0.2081685043717324
b04,147,0,0,0.47867687206155096
b04,148,0,1,0.6474885697173488
b04,149,0,0,0.449128864397213
b04,150,0,0,0.4856633269997433
b04,151,0,0,0.4949083012992149
b04,152,0,0,0.38549493703698473
b04,153,0,1,0.5053041259621786
b04,154,0,0,0.416444013866296
b04,155,0,0,0.40104059572142525
b04,156,0,0,0.4720206385884242
b04,157,0,0,0.3481434239092118
b04,158,0,0,0.2952657829644734
b04,159,0,1,0.7536209246741619
b04,160,0,0,0.06810103989966437
b04,161,0,0,0.15296265517560687
b04,162,0,0,0.09860381817064669
b04,163,0,0,0.35865096259843426
b04,164,0,0,0.342663816695076
b04,165,0,0,0.18337416416064534
b04,166,0,0,0.40648251949982594
b04,167,0,1,0.5736031793894718
b04,168,0,0,0.448670866789793
b04,169,0,1,0.5727593134914909
b04,170,0,1,0.5082016698054493
b04,171,0,0,0.4726200982302312
b04,172,0,1,0.544835564364013
b04,173,0,1,0.52367135281857
b04,174,0,0,0.44003685759883604
b04,175,0,0,0.39441717737667925
b04,176,0,1,0.6278155702353132
b04,177,0,1,0.6038595985521696
b04,178,0,0,0.4653342255657688
b04,179,0,0,0.327609960995538
b04,180,0,0,0.2498668336994414
b04,181,0,0,0.17213188023451648
b04,182,0,0,0.3030780324400831
b04,183,0,0,0.3504996184104112
b04,184,0,0,0.1837117299543533
b04,185,0,0,0.2703147511171457
b04,186,0,0,0.07430875250772769
b04,187,0,0,0.17057289565616618
b04,188,0,0,0.2160840842941575
b04,189,0,0,0.4245989702164349
b04,190,0,1,0.5199346833190119
b04,191,0,0,0.21295765314975373
b04,192,0,0,0.17709279110943382
b04,193,0,0,0.13670570640981913
b04,194,0,0,0.07777699560993892
b04,195,0,0,0.3438310513682968
b04,196,0,0,0.11401950989601617
b04,197,0,0,0.19897139471308684
b04,198,0,0,0.27231434276252386
b04,199,0,0,0.1423398845147747
b04,200,0,0,0.10655913728913922
b04,201,0,0,0.22740732271993092
b04,202,0,0,0.2685312595195168
b04,203,0,0,0.34106426613824714
b04,204,0,1,0.8437806179397067
b04,205,0,1,0.9369724223605067
b04,206,0,0,0.3690453401446316
b04,207,0,1,0.7334332356161711
b04,208,0,0,0.28484691931406475
b04,209,0,0,0.43214664783457146
b04,210,0,1,0.6871868888816397
b04,211,0,0,0.4437579331005975
b04,212,0,1,0.6371977358579236
b04,213,0,1,0.5976892778189995
b04,214,0,0,0.18376635245426196
b04,215,0,0,0.24026980025778796
b04,216,0,0,0.21208566535372197
b04,217,0,0,0.4743756925726781
b04,218,0,1,0.970969859924974
b04,219,0,1,0.6922845080031033
b04,220,0,1,0.9388631904873127
b04,221,0,1,0.6764750960612929
b04,222,0,1,0.6549014180774697
b04,223,0,0,0.45801478615896984
b04,224,0,0,0.31337933255119077
b04,225,0,1,0.6669943093267093
b04,226,0,1,0.6649075253733732
b04,227,0,1,0.7585404423883924
b04,228,0,0,0.390643963663539
b04,229,0,1,0.7241402634624726
b04,230,0,1,0.8985432575496389
b04,231,0,1,0.6573249975301331
b04,232,0,1,0.7619501424524974
b04,233,0,1,0.8704512788562014
b04,234,0,1,0.8321446775066108
b04,235,0,1,0.5080582076703585
b04,236,0,1,0.7882074220819845
b04,237,1,1,0.9002679131190958
b04,238,1,1,0.7335135304461398
b04,239,0,0,0.4687262144571205
b04,240,0,1,0.8781598063549714
b04,241,0,0,0.41056170308502193
b04,242,0,1,0.6119572045178969
b04,243,0,1,0.8927010049907522
b04,244,0,0,0.4704371874520635
b04,245,0,0,0.3759334439830364
b04,246,0,0,0.411953563499245
b04,247,0,1,0.7434935409997209
b04,248,0,0,0.3825009216236057
b04,249,0,1,0.52830074470175
b04,250,0,1,0.8244785853070918
b04,251,0,1,0.6379971043732587
b04,252,0,1,0.7900501648235175
b04,253,0,1,0.8364848595346535
b04,254,0,0,0.11566786449548513
b04,255,0,0,0.05294053241721019
b04,256,0,0,0.016901440808012768
b04,257,0,0,0.03392085899537494
b04,258,0,0,0.05548494130245665
b04,259,0,0,0.13451464471018457
b04,260,0,0,0.162575666798694
b04,261,0,0,0.2336452939279864
b04,262,0,0,0.07677295622829267
b04,263,0,0,0.14269603500298975
b04,264,0,0,0.09127421080083914
b04,265,0,0,0.21640696430781423
b04,266,0,0,0.05877693320818033
b04,267,0,0,0.05637237785090491
b04,268,0,0,0.13671401689541507
b04,269,0,0,0.054997688651507
b04,270,0,1,0.6735091999983687
b04,271,0,0,0.051888577719121975
b04,272,0,0,0.05110674483460266
b04,273,0,0,0.03130761476218012
b04,274,0,0,0.03743578730746747
b04,275,0,0,0.04114266485309217
b04,276,0,0,0.06328144681126356
b04,277,0,0,0.07670532461410266
b04,278,0,0,0.0891079095329234
b04,279,0,0,0.039821967373737756
b04,280,0,0,0.014717114740627493
b04,281,0,0,0.03585943559737316
b04,282,0,0,0.016617748329700133
b04,283,0,0,0.025985335059352417
b04,284,0,0,0.023812371535448143
b04,285,0,0,0.06691941332524348
b04,286,0,0,0.0667733310884002
b04,287,0,0,0.052090690753975294
b04,288,0,0,0.01932977493733619
b04,289,0,0,0.009868443278167232
b04,290,0,0,0.011164036906807812
b04,291,0,0,0.013911538560905228
b04,292,0,0,0.019168475706241254
b04,293,0,0,0.014570150489756973
b04,294,0,0,0.013327373462478724
b04,295,0,0,0.014198910822485995
b04,296,0,0,0.44363082362032574
b04,297,0,1,0.8653352291357529
b04,298,0,1,0.5050998128568885
b04,299,0,0,0.38458448160672143
b04,300,0,1,0.5928909806126705
b04,301,0,1,0.5241217580868647
b04,302,0,1,0.6967187168838722
b04,303,0,1,0.5019259856615841
b04,304,0,1,0.5214475471136708
b04,305,0,0,0.32796051566873136
b04,306,0,0,0.34128502718250464
b04,307,0,0,0.4911072450001741
b04,308,0,0,0.46371270491011196
b04,309,0,1,0.5749042163885706
b04,310,0,1,0.5736490302872058
b04,311,0,1,0.7157465537792109
b04,312,0,1,0.896529082510696
b04,313,0,0,0.4955805498797992
b04,314,0,1,0.5588957131020922
b04,315,0,1,0.7338207453336106
b04,316,0,1,0.6533567987265189
b04,317,0,1,0.7760515431681239
b04,318,0,1,0.9481274065494976
b04,319,0,1,0.7892748610406907
b04,320,0,0,0.48062333768068227
b04,321,0,1,0.831157961873968
b04,322,0,1,0.9006560114472085
b04,323,0,1,0.6858847243872013
b04,324,0,0,0.439394682057771
b04,325,0,1,0.9072393539219576
b04,326,0,1,0.5533059111716004
b04,327,0,1,0.6082867772797437
b04,328,0,1,0.8458808760079495
b04,329,0,1,0.9470674108419924
b04,330,0,1,0.6486974259240788
b04,331,0,1,0.807557964574204
b04,332,0,0,0.4535185364341424
b04,333,0,1,0.5558770704076395
b04,334,0,0,0.3771532499745963
b04,335,0,0,0.4465019630268079
b04,336,0,1,0.7246277827974079
b04,337,0,1,0.9656821001477104
b04,338,0,0,0.47956449546494206
b04,339,0,0,0.4754730057939742
b04,340,0,0,0.3414218949834598
b04,341,0,0,0.3903365928517574
b04,342,0,1,0.567434576513957
b04,343,0,0,0.3988211103576116
b04,344,0,0,0.2870720667292515
b04,345,0,0,0.40615760994327355
b04,346,0,0,0.3013222069706628
b04,347,0,0,0.3086359654857236
b04,348,0,0,0.2732251058614833
b04,349,0,0,0.24998238261481023
b04,350,0,0,0.2573441870879358
b04,351,0,1,0.9937830086981932
b04,352,1,0,0.43222621088831964
b04,353,1,0,0.49687900434803256
b04,354,1,1,0.9648844145713247
b04,355,0,1,0.985752084963382
b04,356,0,0,0.3432565296619913
b04,357,0,0,0.4249749812934201
b04,358,0,0,0.19085568778596154
b04,359,0,0,0.32163021482075
b04,360,0,0,0.2516112576452101
b04,361,0,0,0.25053173083536767
b04,362,0,1,0.5371651177111942
b04,363,0,1,0.5005107396920737
b04,364,0,0,0.358219638462225
b04,365,0,0,0.47814117485109997
b04,366,0,1,0.5744636987834099
b04,367,0,1,0.7813029267530691
b04,368,0,0,0.3797025542229745
b04,369,0,1,0.6190055753471195
b04,370,0,1,0.5555938339540698
b04,371,0,1,0.5447485870653087
b04,372,0,0,0.3587031681133313
b04,373,0,0,0.3700434755622751
b04,374,0,1,0.5645747255771453
b04,375,0,1,0.8971602016512145
b04,376,0,1,0.7401441956179318
b04,377,0,1,0.5966832628833804
b04,378,0,1,0.621645711538228
b04,379,0,0,0.4931118130011588
b04,380,0,1,0.5887458097384257
b04,381,0,1,0.5940059719448856
b04,382,0,0,0.41652480043379425
b04,383,0,0,0.4135604318725572
b04,384,0,1,0.5596679152168217
b04,385,0,0,0.4452549825856165
b04,386,0,1,0.5167604929333074
b04,387,0,1,0.6148318105467362
b04,388,0,1,0.7677242230787131
b04,389,0,1,0.6086231134202302
b04,390,0,0,0.4779919451523089
b04,391,0,1,0.5712062267229616
b04,392,0,1,0.6689364464021104
b04,393,0,1,0.9740204339351303
b04,394,0,1,0.7373037830506521
b04,395,0,1,0.8037409063212789
b04,396,0,1,0.542356443634189
b04,397,0,0,0.024873625635056906
b04,398,0,0,0.04701740075882829
b04,399,0,0,0.03126810435008456
b04,400,0,0,0.023161185808688593
b04,401,0,0,0.03316666343242006
b04,402,0,0,0.046376228115976886
b04,403,0,0,0.05232075089362225
b04,404,0,0,0.046800471486928
b04,405,0,0,0.030222461844382684
b04,406,0,0,0.027175878760296437
b04,407,0,0,0.028179960298829982
b04,408,0,0,0.03669665103381036
b04,409,0,0,0.11476558782527119
b04,410,0,1,0.9434099734198731
b04,411,0,0,0.45647945183286576
b04,412,0,1,0.8901605125455463
b04,413,0,1,0.6122271351849268
b04,414,0,0,0.40003265119558407
b04,415,0,1,0.7481491464778391
b04,416,0,1,0.676141221110644
b04,417,0,1,0.6165138581518312
b04,418,0,1,0.6589675173099381
b04,419,0,1,0.7329211310648942
b04,420,0,0,0.4913635906744297
b04,421,0,1,0.612245874217673
b04,422,0,1,0.8978830880123481
b04,423,0,1,0.9767212454691229
b04,424,0,1,0.7004225661959164
b04,425,0,1,0.6381715881744845
b04,426,0,1,0.9310753685957671
b04,427,0,1,0.548990389904544
b04,428,0,1,0.7782309645058719
b05,1,0,0,0.24602880692810486
b05,2,0,1,0.522204829340682
b05,3,0,0,0.14712882259769322
b05,4,0,0,0.22000192910041966
b05,5,0,0,0.24536421320286203
b05,6,0,0,0.1732318977179024
b05,7,0,0,0.15482364920036823
b05,8,0,0,0.1742393761243459
b05,9,0,0,0.4461131530723713
b05,10,0,0,0.20711859967802965
b05,11,0,0,0.26718452158652384
b05,12,0,0,0.08614711578179442
b05,13,0,0,0.16193468114071946
b05,14,0,0,0.18528169127113644
b05,15,0,0,0.18738247668987804
b05,16,0,0,0.26633986803773707
b05,17,0,0,0.22183044664612736
b05,18,0,0,0.09361559967816424
b05,19,0,1,0.6839380113716881
b05,20,0,0,0.18270962161703486
b05,21,0,0,0.4964327098507068
b05,22,0,0,0.2243135594229144
b05,23,0,0,0.31404855466798964
b05,24,0,0,0.4065432813226387
b05,25,0,0,0.14746455611220424
b05,26,0,0,0.22450997873000234
b05,27,0,0,0.1823536558677891
b05,28,0,0,0.15077430903336328
b05,29,0,0,0.14778424795079256
b05,30,0,0,0.14214718511382649
b05,31,0,0,0.11517928935308369
b05,32,0,0,0.224738393165482
b05,33,0,0,0.28668502991695893
b05,34,0,0,0.17164179720963418
b05,35,0,0,0.3944040383022882
b05,36,0,0,0.3795755638812998
b05,37,0,0,0.20537858750505916
b05,38,0,0,0.14476137931892508
b05,39,0,0,0.10115264303291949
b05,40,0,0,0.18066608073060167
b05,41,0,0,0.12142583779718384
b05,42,0,0,0.11930175024047228
b05,43,0,0,0.1707003067706685
b05,44,0,0,0.06821250820832718
b05,45,0,0,0.14788265866856853
b05,46,1,0,0.05113927171295679
b05,47,0,0,0.05980081071992157
b05,48,0,0,0.06432771339823204
b05,49,0,0,0.13654715065467882
b05,50,0,0,0.06617467720946442
b05,51,0,0,0.09932774917150178
b05,52,0,0,0.11275492165483565
b05,53,0,0,0.057139747948223185
b05,54,0,0,0.10594452000364894
b05,55,0,0,0.08879376239933238
b05,56,0,0,0.08300989467184558
b05,57,0,0,0.08844867228509759
b05,58,0,0,0.04935313754496939
b05,59,0,0,0.08155780732442003
b05,60,0,0,0.040326289248520254
b05,61,0,0,0.031050113464618095
b05,62,0,0,0.1291318803641704
b05,63,0,0,0.0512864896128657
b05,64,0,0,0.08172150599940564
b05,65,0,0,0.06132890338909245
b05,66,0,0,0.06277312350189461
b05,67,0,0,0.03542399997213249
b05,68,0,0,0.06565903893777852
b05,69,0,0,0.03103554907620719
b05,70,0,0,0.1582965534282326
b05,71,0,0,0.037368073126236065
b05,72,0,0,0.04040333919162632
b05,73,0,0,0.07526441544624644
b05,74,0,0,0.04497934967874238
b05,75,0,0,0.046693342232668855
b05,76,0,0,0.062182129978772774
b05,77,0,0,0.04704315184314043
b05,78,0,0,0.05399589784653968
b05,79,0,0,0.05039411159264599
b05,80,0,0,0.03460240081647507
b05,81,0,0,0.03936198681689885
b05,82,0,0,0.05148613712488317
b05,83,0,0,0.054194790823308706
b05,84,0,0,0.025706456288062438
b05,85,0,0,0.05256402657954324
b05,86,0,0,0.0504751318350293
b05,87,0,0,0.04616136330527318
b05,88,0,0,0.03528014511523075
b05,89,0,0,0.0457917367907422
b05,90,0,0,0.06057137644493123
b05,91,0,0,0.03513627330251577
b05,92,0,0,0.043261677196146514
b05,93,0,0,0.049042429053919784
b05,94,0,0,0.0785548931834535
b05,95,0,0,0.03504722423493515
b05,96,0,0,0.07417856239795802
b05,97,0,0,0.0551385574361266
b05,98,0,0,0.08264273227869615
b05,99,0,0,0.05948267304388346
b05,100,0,0,0.20593575098500985
b05,101,0,0,0.21800117439491146
b05,102,0,0,0.3041175525953216
b05,103,0,0,0.46100924956609546
b05,104,0,0,0.13318640031723958
b05,105,0,0,0.3780365576262923
b05,106,0,0,0.17434804690108086
b05,107,0,0,0.24609737154311004
b05,108,0,0,0.20158254857276212
b05,109,0,0,0.09897396643904909
b05,110,0,0,0.06037912073356972
b05,111,0,0,0.08525576970779147
b05,112,0,0,0.09040743631929052
b05,113,0,0,0.08852520661583395
b05,114,0,0,0.11886283546395403
b05,115,0,0,0.1660399250791509
b05,116,1,0,0.09220860628188121
b05,117,1,0,0.23505121808443533
b05,118,0,0,0.23634023536289572
b05,119,0,0,0.07847828008141468
b05,120,0,0,0.07722415806599697
b05,121,0,0,0.20498019141152518
b05,122,0,0,0.15223078958677547
b05,123,0,0,0.22598404656277588
b05,124,0,0,0.0700245635361025
b05,125,0,0,0.06170918296813228
b05,126,0,0,0.03735909152985185
b05,127,0,0,0.24302816846863806
b05,128,0,0,0.022410740759891842
b05,129,0,0,0.01144363916557774
b05,130,0,0,0.049310841088284464
b05,131,0,0,0.052971702115799005
b05,132,0,0,0.3033251991754197
b05,133,0,0,0.03416032407196911
b05,134,0,0,0.16671030311975338
b05,135,0,0,0.023510044112657467
b05,136,0,0,0.15255639072942428
b05,137,0,0,0.0013228050071487476
b05,138,0,0,0.05308164014210936
b05,139,0,0,0.12978279350632038
b05,140,0,0,0.23082468140285112
b05,141,0,0,0.02145580287366365
b05,142,0,0,0.00010608815439714698
b05,143,0,0,0.00011133495330421759
b05,144,0,0,5.793796971717184e-06
b05,145,0,0,0.00048701121746908563
b05,146,0,0,0.0007384538383269349
b05,147,0,0,0.04587976196190954
b05,148,0,0,0.0022698169290950097
b05,149,0,0,0.04596222990697745
b05,150,0,0,0.07575544629400453
b05,151,0,0,0.05319308051788891
b05,152,0,0,0.11058590472837104
b05,153,0,0,0.08917241233027694
b05,154,0,0,0.03945705972799405
b05,155,0,0,0.0970470640642136
b05,156,0,0,0.07567502720471705
b05,157,0,0,0.037096787439350694
b05,158,0,0,0.09940989708334051
b05,159,0,0,0.04822725008965094
b05,160,0,0,0.03914459010769109
b05,161,0,0,0.06581322001306433
b05,162,0,0,0.043542413068146824
b05,163,0,0,0.056848478863604064
b05,164,0,0,0.0845857700211946
b05,165,0,0,0.0646604808169266
b05,166,0,0,0.06265870122553534
b05,167,0,0,0.048799314698450794
b05,168,0,0,0.056234823847938216
b05,169,0,0,0.1536958760924849
b05,170,0,0,0.06892460350881335
b05,171,0,0,0.1746316346881939
b05,172,0,0,0.15397381064386817
b05,173,0,0,0.1770091705326198
b05,174,0,0,0.02439179279780761
b05,175,0,0,0.030310968360777745
b05,176,0,0,0.015390443517525823
b05,177,0,0,0.1635066326897453
b05,178,0,0,0.08968007295645598
b05,179,0,0,0.16836749832957026
b05,180,0,0,0.1725198720796754
b05,181,0,0,0.4656537493180902
b05,182,0,0,0.07185844355399461
b05,183,0,1,0.7509550359105781
b05,184,0,0,0.010762934822113854
b05,185,0,0,0.16714669674115898
b05,186,0,0,0.11831361371913036
b05,187,0,0,0.17670591715219153
b05,188,0,1,0.9255945975391576
b05,189,0,0,0.06554254231880453
b05,190,0,0,0.07965303930783948
b05,191,0,0,0.0547706917942071
b05,192,0,0,0.03102079580593914
b05,193,0,0,0.043741776950278914
b05,194,0,0,0.08108926895205848
b05,195,0,0,0.07072767552525687
b05,196,0,0,0.1891353297057941
b05,197,0,0,0.14056537433697464
b05,198,0,0,0.06867695249261174
b05,199,0,0,0.06820519492767545
b05,200,0,0,0.10294771732272473
b05,201,0,0,0.12769696858797017
b05,202,0,0,0.11465308945630742
b05,203,0,0,0.07585932504563697
b05,204,0,0,0.09774089454720981
b05,205,0,0,0.08409701764287789
b05,206,0,0,0.08648367867969763
b05,207,0,0,0.08928412557894423
b05,208,0,0,0.1827113155263262
b05,209,0,0,0.09224124170964443
b05,210,0,0,0.25218133460092035
b05,211,0,0,0.12072284123522181
b05,212,0,0,0.0400527707852148
b05,213,0,0,0.08566502021412316
b05,214,0,0,0.06304652877095003
b05,215,0,0,0.08265788985049571
b05,216,0,0,0.05472533067686518
b05,217,0,0,0.0444294870491708
b05,218,0,0,0.2573153782380752
b05,219,0,0,0.11518802295169388
b05,220,0,0,0.052591760390602656
b05,221,0,0,0.08776145329917358
b05,222,0,0,0.08997278396899092
b05,223,0,0,0.124996640480143
b05,224,0,0,0.05001732727647575
b05,225,0,0,0.1255807998474518
b05,226,0,0,0.07726870514007973
b05,227,0,0,0.22901824594978307
b05,228,0,0,0.05015743544902064
b05,229,0,0,0.057888545292106366
b05,230,0,0,0.12438559085171189
b05,231,0,0,0.1121205967859321
b05,232,0,0,0.06390829103077332
b05,233,0,1,0.5061920513447132
b05,234,0,0,0.07862089628891923
b05,235,0,0,0.04221476732612087
b05,236,0,0,0.057796125025784635
b05,237,0,0,0.06758251857491437
b05,238,0,0,0.02864810291400089
b05,239,0,0,0.3168818865573745
b05,240,0,0,0.24443151671430755
b05,241,0,0,0.09909595450683029
b05,242,0,0,0.04280104024712592
b05,243,0,0,0.035996042295688535
b05,244,0,0,0.14334725524199332
b05,245,0,0,0.04623375988817865
b05,246,0,0,0.08583647061568156
b05,247,0,0,0.10001226233631777
b05,248,0,0,0.05772842496220284
b05,249,0,0,0.16046335317979596
b05,250,0,0,0.11325561441705584
b05,251,0,0,0.10731386157405616
b05,252,0,0,0.05625272738689985
b05,253,0,0,0.23402777441846828
b05,254,0,0,0.3183969998176796
b05,255,0,0,0.17869486226003992
b05,256,0,0,0.17513899723187074
b05,257,0,0,0.45275853325458804
b05,258,0,0,0.15731879595679282
b05,259,0,0,0.14961043471336893
b05,260,0,0,0.11600573557802107
b05,261,0,0,0.18226121859965175
b05,262,0,0,0.0981410380486796
b05,263,0,1,0.6665751670163333
b05,264,0,1,0.5451358823775433
b05,265,0,0,0.2747922161135766
b05,266,0,0,0.23611075293151626
b05,267,0,0,0.38898999454785305
b05,268,0,0,0.20440111267597402
b05,269,0,0,0.1249116693961392
b05,270,0,0,0.22939600700139845
b05,271,0,0,0.03135791136383662
b05,272,0,1,0.9972698654276849
b05,273,0,0,0.21396981430734124
b05,274,0,0,0.00012127583871530621
b05,275,0,0,5.993225789845975e-05
b05,276,0,0,0.00010354243441019036
b05,277,0,0,0.012621705861513224
b05,278,0,0,0.010263491791631715
b05,279,0,0,9.308806010050915e-08
b05,280,0,1,0.9687192987073422
b05,281,0,1,0.9938060627623548
b05,282,0,0,1.0581872427492538e-12
b05,283,0,0,0.00046625196435878276
b05,284,0,0,0.3150033071020219
b05,285,0,0,0.1873037651872953
b05,286,0,0,0.15408175333582463
b05,287,0,0,0.14636060542799384
b05,288,0,0,0.21865255654565743
b05,289,0,0,0.24699739942138388
b05,290,0,0,0.16290142601230262
b05,291,0,0,0.15977076440219679
b05,292,0,0,0.1766168970878651
b05,293,0,0,0.19381946188062807
b05,294,0,0,0.19756748648444628
b05,295,0,0,0.33087716110324056
b05,296,0,1,0.7844994481282822
b05,297,0,0,0.2815469469913322
b05,298,0,0,0.39325354272265856
b05,299,0,0,0.13760307921968015
b05,300,0,0,0.19546500875367007
b05,301,0,0,0.32752841469828614
b05,302,0,0,0.20568320040526428
b05,303,0,0,0.2753735841168905
b05,304,0,1,0.6386216450458968
b05,305,0,0,0.17432248060089262
b05,306,0,0,0.14778081774523621
b05,307,0,0,0.2445061592567672
b05,308,0,0,0.19892190123810433
b05,309,0,0,0.17457757615716352
b05,310,0,0,0.2191860680902941
b05,311,1,0,0.16904444283151482
b05,312,1,0,0.3230308356626653
b05,313,1,0,0.32413885892442773
b05,314,0,0,0.18238890573941088
b05,315,0,0,0.1104986486652705
b05,316,0,0,0.24359135914242477
b05,317,0,0,0.09006467121976637
b05,318,0,0,0.13525957160971416
b05,319,0,0,0.09237543511674952
b05,320,1,0,0.30791142567045704
b05,321,1,0,0.3285634939375367
b05,322,1,0,0.26271477728263215
b05,323,1,0,0.17866232700705056
b05,324,1,0,0.2866214931224903
b05,325,1,0,0.09217375200775682
b05,326,1,0,0.4078725000736855
b05,327,1,0,0.24387403030460023
b05,328,1,0,0.47246258801873003
b05,329,1,0,0.2995325256732696
b05,330,1,0,0.2421265919930936
b05,331,1,0,0.07974429575239333
b05,332,1,0,0.3312068108407302
b05,333,1,1,0.6707495004760756
b05,334,1,0,0.36671634043615364
b05,335,1,0,0.3208999318579707
b05,336,1,0,0.3536584105835364
b05,337,0,0,0.14133340919374054
b05,338,0,0,0.09621220180775478
b05,339,0,0,0.06736282448084571
b05,340,0,0,0.08126173596895626
b05,341,0,0,0.34684223248636237
b05,342,0,0,0.4338061465979689
b05,343,0,0,0.17892211062462576
b05,344,0,0,0.19191157908794898
b05,345,0,0,0.197274873295792
b05,346,0,0,0.49138092865411
b05,347,0,0,0.3847819501294529
b05,348,0,0,0.482919800900209
b05,349,0,1,0.5113622092612491
b05,350,0,0,0.34861253601912556
b05,351,1,0,0.4320180664582825
b05,352,0,1,0.7425626248229293
b05,353,0,0,0.16422836879828617
b05,354,0,0,0.4590916347106974
b05,355,0,1,0.7311705874036579
b05,356,0,1,0.5607675481727373
b05,357,0,1,0.5837069765859684
b05,358,0,0,0.24789729246076053
b05,359,0,0,0.4906332527040181
b05,360,0,0,0.11520244411393439
b05,361,0,1,0.5343221318304427
b05,362,0,0,0.13398792637312681
b05,363,0,0,0.3077993039404078
b05,364,0,0,0.11526123720764891
b05,365,0,1,0.563978994077727
b05,366,0,0,0.20912479710265708
b05,367,0,0,0.36189980429809715
b05,368,0,0,0.15054666890911939
b05,369,0,0,0.1085646517268675
b05,370,0,1,0.5456791062816156
b05,371,0,0,0.15383406771955707
b05,372,0,0,0.216027260774486
b05,373,0,0,0.4031931190327254
b05,374,0,0,0.14767761717621206
b05,375,0,0,0.21521095682214195
b05,376,0,0,0.32964407440053556
b05,377,0,0,0.30981071713783265
b05,378,0,0,0.30725007225240003
b05,379,0,0,0.17253377551845006
b05,380,0,0,0.23970520109157767
b05,381,0,0,0.21564445250542422
b05,382,0,0,0.09661917303757743
b05,383,0,0,0.08385215000644053
b05,384,0,0,0.14047775001547405
b05,385,0,0,0.24382566084555765
b05,386,0,0,0.20888303117153806
b05,387,0,0,0.19129076422265337
b05,388,0,0,0.14803741264585144
b05,389,1,0,0.3419706843451861
b05,390,1,0,0.22721258049785792
b05,391,1,0,0.3674628910994606
b05,392,1,1,0.5224392949258266
b05,393,1,1,0.5549665912869786
b05,394,1,1,0.970219284877056
b05,395,0,1,0.9733507364369747
b05,396,0,0,0.3920830534073291
b05,397,0,0,0.3435511443179839
b05,398,0,0,0.33577224850760923
b05,399,0,0,0.41732299957400015
b05,400,0,0,0.49287037727367555
b05,401,0,0,0.1574524771063381
b05,402,0,0,0.18461152438412826
b05,403,0,0,0.15727279663123434
b05,404,0,0,0.22189143694923416
b05,405,1,0,0.22147473617994892
b05,406,1,0,0.2664604868839076
b05,407,1,1,0.5162204996983355
b05,408,1,1,0.5743046871579847
b05,409,1,0,0.3086565642669784
b05,410,1,0,0.3923615565264796
b05,411,1,0,0.19249457100800693
b05,412,1,0,0.30243195607542905
b05,413,1,0,0.37157869568512275
b05,414,1,0,0.3321538638063098
b05,415,1,1,0.6756981410073394
b05,416,1,1,0.7765588275862725
b05,417,1,0,0.24218058761625488
b05,418,1,0,0.16834541643388098
b05,419,1,1,0.6752620714728746
b05,420,1,0,0.2211547022712148
b05,421,1,0,0.1781968065700714
b05,422,1,0,0.2667715204148956
b05,423,1,1,0.7672851066294089
b05,424,1,0,0.30153832803405267
b05,425,1,0,0.45653432840350827
b05,426,1,1,0.5049494535545198
b05,427,1,0,0.19800116988786906
b05,428,1,0,0.3676358624638133
b05,429,1,0,0.24576570894107708
b05,430,1,1,0.8176072584361005
b05,431,1,1,0.8221799544992898
b05,432,0,0,0.32938907392262046
c01,10,0,0,0.26643115090788605
c01,11,0,0,0.3146937307163522
c01,12,0,1,0.520220835290351
c01,13,0,1,0.5093900846114984
c01,14,0,1,0.5896259966394005
c01,15,0,1,0.5214341049102701
c01,16,0,0,0.4222010622484871
c01,17,0,1,0.7458987751232109
c01,18,0,1,0.6906206133075642
c01,19,0,1,0.6267591446616423
c01,20,0,1,0.7190900584985891
c01,21,0,0,0.4067004976353219
c01,22,0,1,0.7054205951343842
c01,23,0,1,0.5847908386892658
c01,24,0,1,0.7518217325810052
c01,25,0,1,0.5088240062802456
c01,26,0,1,0.5639576721909889
c01,27,0,0,0.39240878309874794
c01,28,0,0,0.2721624180669153
c01,29,0,0,0.4876995258823297
c01,30,0,0,0.41547738068659223
c01,31,0,0,0.345380183462444
c01,32,0,1,0.552210575970425
c01,33,0,0,0.3782019117489407
c01,34,0,0,0.2760901395303314
c01,35,0,0,0.4839176148029448
c01,36,0,1,0.9053017306503202
c01,37,0,0,0.42821920382459383
c01,38,0,1,0.540644349378117
c01,39,0,0,0.4493986299351755
c01,40,0,0,0.31627851250625755
c01,41,0,0,0.3366507424615914
c01,42,0,0,0.373345120792284
c01,43,0,0,0.35211929492715116
c01,44,0,0,0.2619497502240809
c01,45,0,0,0.3504366231971895
c01,46,0,0,0.20360333297628164
c01,47,0,0,0.3110757584931919
c01,48,0,0,0.40729612096704865
c01,49,0,1,0.8674801314012741
c01,50,0,0,0.39849194748569466
c01,51,0,0,0.4525627526858496
c01,52,0,0,0.20458599520154
c01,53,0,0,0.3430894673530381
c01,54,0,1,0.8327836418465009
c01,55,0,0,0.3783385045776987
c01,56,0,0,0.4268643464003974
c01,57,0,0,0.38723504588765006
c01,58,0,0,0.22513432718516707
c01,59,0,0,0.3854431010658895
c01,60,0,0,0.19986615028422136
c01,61,0,0,0.2957767261687781
c01,62,0,0,0.2387607413028914
c01,63,0,0,0.2379078014505774
c01,64,0,0,0.2590522294331692
c01,65,0,0,0.20754389401459852
c01,66,0,0,0.22484265012293023
c01,67,0,0,0.31420872793172305
c01,68,0,0,0.4760436658391412
c01,69,0,0,0.2661698816053482
c01,70,0,0,0.2393902519358503
c01,71,0,0,0.17916119150015936
c01,72,0,0,0.2720655075576944
c01,73,0,0,0.27748649195447916
c01,74,0,0,0.2693346480919208
c01,75,0,0,0.2097466915879349
c01,76,0,0,0.2633134935097745
c01,77,0,0,0.17207422136777945
c01,78,0,0,0.1953524799903775
c01,79,0,0,0.24337805794679046
c01,80,0,0,0.3157717544581142
c01,81,0,0,0.23058110794122696
c01,82,0,0,0.22836636534457086
c01,83,0,0,0.420525879409762
c01,84,0,1,0.5028948767659005
c01,85,0,1,0.701001907793967
c01,86,0,1,0.5781476494195057
c01,87,0,0,0.21944760933567464
c01,88,0,0,0.3316678083426139
c01,89,0,1,0.679039634189247
c01,90,0,0,0.19890105977741107
c01,91,0,0,0.25502400705050965
c01,92,0,0,0.33165706219169805
c01,93,0,0,0.26768959299817263
c01,94,0,1,0.5921255417086021
c01,95,0,0,0.28317530567582394
c01,96,0,1,0.5033606777632341
c01,97,0,1,0.5134614889231349
c01,98,0,0,0.2795741227626556
c01,99,0,0,0.34019038616809216
c01,100,0,1,0.5890602231384051
c01,101,0,0,0.3239567307449005
c01,102,0,0,0.4602042157111178
c01,103,0,0,0.4051481771899859
c01,104,0,1,0.5175687674287454
c01,105,0,0,0.3349766276695982
c01,106,0,1,0.5552114736233784
c01,107,0,0,0.4285721307004549
c01,108,0,0,0.2667850616617944
c01,109,0,1,0.6496194147229747
c01,110,0,0,0.2584561221883063
c01,111,0,0,0.3467835432173347
c01,112,0,0,0.29851776868976004
c01,113,0,1,0.5854837058359306
c01,114,0,0,0.3492991197644952
c01,115,0,0,0.2667046964173039
c01,116,0,0,0.3197273271698449
c01,117,0,0,0.1852970054654484
c01,118,0,0,0.22070018384655304
c01,119,0,0,0.4740356389596766
c01,120,0,0,0.25396506345792497
c01,121,0,0,0.273605280018701
c01,122,0,0,0.19494554925014704
c01,123,0,0,0.3999484370262913
c01,124,0,0,0.1977901583502581
c01,125,0,0,0.1522565861701318
c01,126,0,0,0.32981770886815676
c01,127,0,0,0.17043112859558598
c01,128,0,0,0.16896450024321596
c01,129,0,0,0.3164165832780672
c01,130,0,0,0.27365482916604533
c01,131,0,0,0.39762322225289404
c01,132,0,0,0.22821841357750378
c01,133,0,0,0.25756371087037105
c01,134,0,0,0.2429545487182834
c01,135,0,0,0.18108448588938927
c01,136,0,0,0.1888118767629454
c01,137,0,0,0.36163644892429864
c01,138,0,1,0.8693889794259106
c01,139,0,1,0.9478387769629926
c01,140,0,1,0.7482454849019579
c01,141,0,0,0.41670089253610637
c01,142,0,1,0.5720163592155431
c01,143,0,1,0.7705161587915905
c01,144,0,0,0.31487308038361445
c01,145,0,0,0.2791113510391268
c01,146,0,0,0.31809651520617993
c01,147,0,0,0.260105102559465
c01,148,0,0,0.3103974114167285
c01,149,0,0,0.21215506557403693
c01,150,0,0,0.19838028979027783
c01,151,0,0,0.3093015347029215
c01,152,0,0,0.22989082306035896
c01,153,0,0,0.29554182458154266
c01,154,0,0,0.3490072848489357
c01,155,0,0,0.25623141505337643
c01,156,0,0,0.21939500462724315
c01,157,0,0,0.2862028689474693
c01,158,0,1,0.6470857031378363
c01,159,0,0,0.3113714585862476
c01,160,0,0,0.23227622355012303
c01,161,0,0,0.31509867099018396
c01,162,0,0,0.4090976952557722
c01,163,0,0,0.41956515525487875
c01,164,0,1,0.6362614908344173
c01,165,0,0,0.27474322947049007
c01,166,0,0,0.2454991633819168
c01,167,0,0,0.2653861224345759
c01,168,0,0,0.2759332609982262
c01,169,0,0,0.26702540879634173
c01,170,0,0,0.3078159330230202
c01,171,0,0,0.22437528118267588
c01,172,0,0,0.3447993188779187
c01,173,0,0,0.3248689409680784
c01,174,0,0,0.2911023509384096
c01,175,0,0,0.2634451579741521
c01,176,0,0,0.260147508674246
c01,177,0,0,0.2837589166791554
c01,178,0,0,0.2455339044613571
c01,179,0,0,0.30653404863853656
c01,180,0,0,0.27642880329652353
c01,181,0,0,0.2970372125751817
c01,182,0,0,0.2863461304207501
c01,183,0,0,0.3555604330575891
c01,184,0,0,0.2471899080664297
c01,185,0,1,0.5403115578897165
c01,186,0,0,0.2504132777215986
c01,187,0,1,0.6559509343054976
c01,188,0,1,0.924494127431411
c01,189,0,1,0.6223256761940091
c01,190,0,0,0.4582241104132027
c01,191,0,0,0.44948504732098826
c01,192,0,1,0.5471359093830026
c01,193,0,1,0.6536822822609457
c01,194,0,1,0.5212442879981838
c01,195,0,0,0.33323484527296676
c01,196,0,0,0.43565457458267554
c01,197,0,0,0.36128943421852755
c01,198,0,0,0.37129181454462695
c01,199,0,0,0.3097933083272426
c01,200,0,0,0.33690543933132616
c01,201,0,0,0.3739879121073452
c01,202,0,0,0.46291837911828204
c01,203,0,1,0.5026599555689517
c01,204,0,1,0.5796627535070904
c01,205,0,1,0.7189739129747289
c01,206,0,0,0.44458334659878945
c01,207,0,0,0.35050002342078534
c01,208,0,0,0.3462447030840521
c01,209,0,0,0.4255915890484118
c01,210,0,0,0.3310434427195677
c01,211,0,1,0.5047948337755599
c01,212,0,0,0.4821870660256795
c01,213,0,1,0.6335177753103669
c01,214,0,0,0.33421165127622415
c01,215,0,0,0.33396945796466604
c01,216,0,0,0.35490853517234505
c01,217,0,1,0.6139564614490676
c01,218,0,0,0.26977640906378364
c01,219,0,0,0.45299958395117695
c01,220,0,0,0.45815528420196483
c01,221,0,0,0.4677855903800488
c01,222,0,0,0.2783295294724887
c01,223,0,0,0.40058704078322793
c01,224,0,1,0.6657710920833
c01,225,0,0,0.31477072708865805
c01,226,0,0,0.40089344719619624
c01,227,0,0,0.3350647050167038
c01,228,0,1,0.6385713735385536
c01,229,0,0,0.40575748332554495
c01,230,0,0,0.3725001832239962
c01,231,0,1,0.6624419088387802
c01,232,0,1,0.5417079924375136
c01,233,0,0,0.42433587948028867
c01,234,0,1,0.5993759916944151
c01,235,0,0,0.3788287921153739
c01,236,0,1,0.6404831654116562
c01,237,0,1,0.6773867579315807
c01,238,0,1,0.7642690632824488
c01,239,0,0,0.475903423936858
c01,240,0,1,0.5599355321808233
c01,241,0,0,0.432053480877471
c01,242,0,0,0.28334024339810127
c01,243,0,0,0.27584576225780727
c01,244,0,0,0.4112531726274151
c01,245,0,1,0.8773156828891123
c01,246,0,1,0.5520397636149824
c01,247,0,1,0.8028024063632977
c01,248,0,0,0.41839143931845935
c01,249,0,0,0.3644420640203394
c01,250,0,1,0.577682487493084
c01,251,0,0,0.4973007591677349
c01,252,0,0,0.3841950120129042
c01,253,0,1,0.5192000751816104
c01,254,0,1,0.5138812894876005
c01,255,0,1,0.5128823362703799
c01,256,0,1,0.7435355884507989
c01,257,0,1,0.6378969791859491
c01,258,0,0,0.4926719181663328
c01,259,0,0,0.49853047576155635
c01,260,0,1,0.6262117723945682
c01,261,0,0,0.46803279629561845
c01,262,0,1,0.6208373893139553
c01,263,0,1,0.5533556488491929
c01,264,0,0,0.4765302866886573
c01,265,0,1,0.5807373148884317
c01,266,0,1,0.6311949627412202
c01,267,0,1,0.5299127009591372
c01,268,0,0,0.4988251048456929
c01,269,0,1,0.7316595809468974
c01,270,0,1,0.9117569542738765
c01,271,0,1,0.7603712859204904
c01,272,0,1,0.5449506834065891
c01,273,0,1,0.5355484858210223
c01,274,0,0,0.42854631613410565
c01,275,0,1,0.6422447093801816
c01,276,0,1,0.5625762028775603
c01,277,0,1,0.6563274776262467
c01,278,0,1,0.6468006475485008
c01,279,0,0,0.39111203616423823
c01,280,0,1,0.7380211603033255
c01,281,0,1,0.8140432173940432
c01,282,0,1,0.6232451950674741
c01,283,0,0,0.4432249141131547
c01,284,0,0,0.30215253831044303
c01,285,0,0,0.3835929466910415
c01,286,0,1,0.5114682027916329
c01,287,0,0,0.4128850261265661
c01,288,0,0,0.4531738951393345
c01,289,0,0,0.4995828408567308
c01,290,0,1,0.5922933933757145
c01,291,0,1,0.5635095536838794
c01,292,0,1,0.8841888046347031
c01,293,0,1,0.8798770298347698
c01,294,0,0,0.35547544630358413
c01,295,0,0,0.3853562598898317
c01,296,0,0,0.305930580216296
c01,297,0,0,0.3864531428076063
c01,298,0,0,0.34893825144393975
c01,299,0,1,0.5326686219881495
c01,300,0,0,0.3430232931053163
c01,301,0,0,0.3964950947638126
c01,302,0,1,0.5896186898336709
c01,303,0,1,0.525189433479618
c01,304,0,1,0.9220054499251678
c01,305,0,1,0.9479461391638736
c01,306,0,1,0.7617519898568376
c01,307,0,1,0.647710186199423
c01,308,0,1,0.9394831478223457
c01,309,0,1,0.5348150702325847
c01,310,0,0,0.4408018213163104
c01,311,0,0,0.4815132565477183
c01,312,0,0,0.3034933070809824
c01,313,0,0,0.46475272068261303
c01,314,0,0,0.3355234161863429
c01,315,0,0,0.46481017513184664
c01,316,0,1,0.6565595402772875
c01,317,0,0,0.4888010521827034
c01,318,0,1,0.6944997268853562
c01,319,0,0,0.39196518225073224
c01,320,0,0,0.3831848386168231
c01,321,0,0,0.44024817623041185
c01,322,0,0,0.34256192029498456
c01,323,0,0,0.41335240588607886
c01,324,0,0,0.3429763470108919
c01,325,0,0,0.3758535577635174
c01,326,0,1,0.538905539475415
c01,327,0,0,0.3492773219107524
c01,328,0,0,0.3185605669945083
c01,329,0,0,0.3971867123999897
c01,330,0,0,0.4907069102120659
c01,331,0,0,0.3950269871889195
c01,332,0,0,0.37641267750608887
c01,333,0,0,0.3749240644494326
c01,334,0,0,0.4743165950505932
c01,335,0,0,0.38805201655041577
c01,336,0,1,0.536836821794769
c01,337,0,0,0.24573102909438832
c01,338,0,0,0.29289683441973013
c01,339,0,0,0.305874207214488
c01,340,0,1,0.5582479121294841
c01,341,0,0,0.2764677198126674
c01,342,0,0,0.32188911747796267
c01,343,0,1,0.5108311459852307
c01,344,0,0,0.4659761074017105
c01,345,0,0,0.42502714496507554
c01,346,0,0,0.3505049290666179
c01,347,0,1,0.688360595457466
c01,348,0,0,0.3317158463240258
c01,349,0,0,0.45038137138731477
c01,350,0,1,0.7019417520309646
c01,351,0,0,0.2579824538190377
c01,352,0,0,0.2134610008549708
c01,353,0,0,0.4367831937185416
c01,354,0,0,0.25129301825129396
c01,355,0,0,0.2451817464822103
c01,356,0,0,0.41235997345219993
c01,357,0,0,0.3476264869953696
c01,358,0,1,0.5177547625488784
c01,359,0,0,0.4609598840859745
c01,360,0,0,0.3040152283756884
c01,361,0,0,0.30670655197997326
c01,362,0,0,0.3576200814449599
c01,363,0,0,0.47305145693073897
c01,364,0,0,0.4213462016835534
c01,365,0,0,0.45091036767362463
c01,366,0,0,0.2969943338115282
c01,367,0,1,0.5034634509657258
c01,368,0,0,0.23492361117593288
c01,369,0,1,0.5662673285283293
c01,370,0,0,0.3551911758390763
c01,371,0,0,0.41345491781230076
c01,372,0,0,0.21897001048359446
c01,373,0,0,0.41438701566250774
c01,374,0,0,0.39561221487218884
c01,375,0,0,0.21793809175433976
c01,376,0,0,0.1702460476239774
c01,377,0,0,0.4170266180286716
c01,378,0,1,0.5172236700389725
c01,379,0,0,0.25230922069458356
c01,380,0,0,0.43791553455250065
c01,381,0,0,0.21004870371317091
c01,382,0,0,0.36360979271350374
c01,383,0,0,0.39218894174985003
c01,384,0,1,0.6830720786041681
c01,385,0,1,0.5386286534918748
c01,386,0,0,0.3540759401853278
c01,387,0,0,0.3863775545821737
c01,388,0,1,0.9484575062265489
c01,389,0,1,0.9343223820078703
c01,390,0,1,0.5092697525554984
c01,391,0,0,0.28904471993440395
c01,392,0,0,0.4370262293306235
c01,393,0,0,0.37485159131330914
c01,394,0,0,0.4922090751496326
c01,395,0,0,0.444366628327042
c01,396,0,1,0.6203951505370183
c01,397,0,0,0.40626490475728366
c01,398,0,0,0.3313598163483589
c01,399,0,0,0.35248737964558985
c01,400,0,0,0.279196692010181
c01,401,0,0,0.27104294648018934
c01,402,0,0,0.39415904312364397
c01,403,0,1,0.5434499611937806
c01,404,0,0,0.2644774411801228
c01,405,0,0,0.3073701972967743
c01,406,0,0,0.29304205984514303
c01,407,0,0,0.3828885397658997
c01,408,0,0,0.40078628257129245
c01,409,0,0,0.41897237197968423
c01,410,0,0,0.3132767454510121
c01,411,0,0,0.41519768605485635
c01,412,0,0,0.1853718269960857
c01,413,0,1,0.513864941211593
c01,414,0,0,0.30383044944420756
c01,415,0,0,0.3122382256151847
c01,416,0,0,0.3297831069515378
c01,417,0,1,0.6324261144231433
c01,418,0,0,0.4659146929392428
c01,419,0,1,0.6215584414002844
c01,420,0,0,0.2858102610142389
c01,421,0,0,0.40437352687737477
c01,422,0,1,0.6074570966126843
c01,423,0,1,0.9395468830019342
c01,424,0,0,0.4021365429707013
c01,425,0,0,0.24683320259776648
c01,426,0,0,0.38804209911114595
c01,427,0,1,0.6612884344370529
c01,428,0,0,0.22957262047321653
c01,429,0,1,0.5153498270905104
c01,430,0,1,0.5001957746835404
c01,431,0,1,0.7214208024693529
c01,432,0,1,0.5343757956570769
c01,433,0,1,0.5427467225233846
c01,434,0,0,0.4979078628127489
c01,435,0,0,0.2477581710178381
c01,436,0,0,0.3616439302467692
c01,437,0,0,0.3701156803462193
c01,438,0,0,0.3683352441910643
c01,439,0,1,0.52189869802348
c01,440,0,0,0.31689502694721083
c01,441,0,0,0.27802050236871934
c01,442,0,1,0.5946775253169582
c01,443,0,0,0.27282067330883386
c01,444,0,0,0.4694234690484364
c01,445,0,0,0.3341822902349425
c01,446,0,0,0.39352970490616596
c01,447,0,1,0.7029621996895742
c01,448,0,0,0.4213969597976217
c01,449,0,0,0.3843927708521207
c01,450,0,0,0.37520579497178835
c01,451,0,1,0.6682020489045578
c01,452,0,1,0.7454563477701744
c01,453,0,1,0.501979181241596
c01,454,0,1,0.9709674064583258
c01,455,0,1,0.5411693016800418
c01,456,0,0,0.4138384003386532
c01,457,0,0,0.38554752587247454
c01,458,0,1,0.5125747839568152
c01,459,0,0,0.4266656194967023
c01,460,0,0,0.4922711610184769
c01,461,0,0,0.270445579998381
c01,462,0,1,0.5107523722904158
c01,463,0,0,0.42409913245238584
c01,464,0,0,0.3739836569285899
c01,465,0,1,0.7743035291719603
c01,466,0,1,0.9014119034724072
c01,467,0,1,0.9617041235681631
c01,468,0,1,0.9670543777260268
c01,469,0,1,0.9191434139416844
c01,470,0,0,0.3928600954548412
c01,471,0,0,0.32388432721667987
c01,472,0,0,0.4874319949215009
c01,473,0,0,0.3803674437915002
c01,474,0,1,0.569882730827931
c01,475,0,1,0.5003896291754437
c01,476,0,0,0.48215103254654434
c01,477,0,0,0.46902873024741815
c01,478,0,1,0.9379524892468281
c01,479,0,1,0.9129484359494335
c01,480,0,0,0.3749475334405436
c01,481,0,1,0.9165252886009949
c01,482,0,0,0.38308823543537684
c01,483,0,0,0.11118577563900646
c02,10,0,0,0.08855796871747011
c02,11,0,0,0.37965742483748666
c02,12,0,0,0.2726005361580112
c02,13,0,1,0.5835438097022436
c02,14,0,0,0.4235122047870468
c02,15,0,0,0.36873088222688677
c02,16,0,0,0.4448454365046346
c02,17,0,0,0.26106689708154207
c02,18,0,0,0.3795131043016342
c02,19,0,1,0.5163152334103478
c02,20,0,1,0.5883146201259958
c02,21,1,1,0.763934620918603
c02,22,0,1,0.6137474044561404
c02,23,0,0,0.43044842319378834
c02,24,0,1,0.5202042041632814
c02,25,0,0,0.327417524571172
c02,26,0,0,0.486312075822496
c02,27,0,0,0.41891091792879076
c02,28,0,1,0.5399091342391101
c02,29,0,1,0.6043008091508411
c02,30,0,1,0.568898466348533
c02,31,0,1,0.6274093911512796
c02,32,0,1,0.5752386115328213
c02,33,0,1,0.5661552802945761
c02,34,0,0,0.3251022273318665
c02,35,0,0,0.3515409209416164
c02,36,0,0,0.48952174276221655
c02,37,0,0,0.36293808880284456
c02,38,0,0,0.33818362348929515
c02,39,0,0,0.35672164277244334
c02,40,0,0,0.3430961551710194
c02,41,0,1,0.5905079414270974
c02,42,0,0,0.3321362517978693
c02,43,0,0,0.3631144814465777
c02,44,0,1,0.6225209223658356
c02,45,0,0,0.3610155584078567
c02,46,0,0,0.38293468527237207
c02,47,0,0,0.3777226695044699
c02,48,0,1,0.6321126289460648
c02,49,0,0,0.35692473509547346
c02,50,0,0,0.357204602179785
c02,51,0,0,0.35082966052935893
c02,52,0,0,0.34884367923184867
c02,53,0,0,0.34672026327778127
c02,54,0,1,0.5838821588914362
c02,55,0,0,0.37336198747089255
c02,56,0,0,0.3614896574267623
c02,57,0,0,0.4289749466288819
c02,58,0,0,0.36914383369963166
c02,59,0,0,0.30642200740963454
c02,60,0,0,0.36765240490493717
c02,61,0,1,0.5535407317660224
c02,62,0,0,0.3371078231988982
c02,63,0,0,0.29758454669928885
c02,64,0,0,0.288907850049874
c02,65,0,0,0.280161377002482
c02,66,0,0,0.21032088657378503
c02,67,0,0,0.32927751557799145
c02,68,0,0,0.3368489489408013
c02,69,0,0,0.30051128726779053
c02,70,0,0,0.31045620726838774
c02,71,0,0,0.28000337797860253
c02,72,0,0,0.380971616445075
c02,73,0,0,0.28645545551895013
c02,74,0,0,0.19010781813614477
c02,75,0,0,0.2784459500371901
c02,76,0,0,0.3209310874178995
c02,77,0,0,0.26526576909471067
c02,78,0,0,0.2755382200412101
c02,79,0,0,0.37782307758049793
c02,80,0,1,0.9068059442470738
c02,81,0,1,0.8322618373818984
c02,82,0,0,0.32309477458165387
c02,83,0,0,0.31308187151903566
c02,84,0,0,0.27162091040985326
c02,85,0,0,0.4038808775812044
c02,86,0,0,0.2520182668856415
c02,87,0,0,0.2108823172286226
c02,88,0,0,0.25611440865214447
c02,89,0,1,0.5261127215540803
c02,90,0,0,0.2025190051796768
c02,91,0,0,0.2242486601628994
c02,92,0,0,0.15058011542577773
c02,93,0,0,0.19814209802897756
c02,94,0,0,0.1656130467931499
c02,95,0,0,0.17327403822063406
c02,96,0,0,0.1086389518911876
c02,97,0,0,0.1124394377624383
c02,98,0,0,0.30095273183998367
c02,99,0,0,0.26166425945874655
c02,100,0,0,0.2255928498386807
c02,101,0,0,0.19731254292043804
c02,102,0,0,0.15505991726365845
c02,103,0,0,0.24331637365086597
c02,104,0,0,0.2151081916351231
c02,105,0,0,0.14401890859523586
c02,106,0,0,0.2228654806685263
c02,107,0,0,0.29707937441920484
c02,108,0,0,0.23119593099047725
c02,109,0,0,0.18188076870901815
c02,110,0,0,0.16776829361935627
c02,111,0,0,0.23156010566579463
c02,112,0,0,0.2360913679993689
c02,113,0,0,0.19770970629829931
c02,114,0,0,0.22829302455568456
c02,115,0,0,0.26330621103907337
c02,116,0,0,0.2287431920325006
c02,117,0,0,0.2840746977136072
c02,118,0,0,0.2742872365356105
c02,119,0,0,0.251290526740313
c02,120,0,0,0.2534241240719827
c02,121,0,0,0.23812250529641227
c02,122,0,0,0.22309341904095858
c02,123,0,0,0.23590433772011268
c02,124,0,0,0.27436740687056116
c02,125,0,0,0.26759342188474133
c02,126,0,0,0.27764206756578536
c02,127,0,0,0.27086382473974774
c02,128,0,0,0.26625638549095854
c02,129,0,0,0.2796983195790488
c02,130,0,0,0.1915275692641284
c02,131,0,0,0.2847935975483736
c02,132,0,0,0.3985871869373917
c02,133,0,0,0.3168475277729029
c02,134,0,0,0.30806008645000565
c02,135,0,0,0.14442495767983615
c02,136,0,1,0.5971954901673558
c02,137,0,1,0.5595330345919971
c02,138,0,0,0.365167820747891
c02,139,0,0,0.3219598609870456
c02,140,0,0,0.33133365354521377
c02,141,0,0,0.3430294107041563
c02,142,0,0,0.31388215376139605
c02,143,0,0,0.3512856345641899
c02,144,0,0,0.3214749180276348
c02,145,0,0,0.4351416786522162
c02,146,0,0,0.38871709969332846
c02,147,0,0,0.37815961575983154
c02,148,0,0,0.3590039017033631
c02,149,0,0,0.33165290586699503
c02,150,0,0,0.4274438779670392
c02,151,0,0,0.35272597946180356
c02,152,0,1,0.927152860032523
c02,153,0,1,0.8997536244200626
c02,154,0,1,0.6239447755471134
c02,155,0,0,0.37211856369158225
c02,156,0,0,0.3698287729408273
c02,157,0,0,0.3839386734111501
c02,158,0,0,0.39124500686562647
c02,159,0,0,0.3458826496889668
c02,160,0,0,0.3622907801807597
c02,161,0,0,0.34306466428081694
c02,162,0,0,0.34357737068526584
c02,163,0,0,0.35209243600604334
c02,164,0,0,0.33271080762091193
c02,165,0,0,0.35786384403665517
c02,166,0,0,0.3481343852749641
c02,167,0,0,0.3541554102835061
c02,168,0,0,0.37799295839775265
c02,169,0,0,0.36212780059942085
c02,170,0,0,0.3803245062026287
c02,171,0,0,0.36178024713847934
c02,172,0,0,0.3749418804118274
c02,173,0,0,0.3730023760543679
c02,174,0,0,0.34647568290407765
c02,175,0,0,0.34606670295477404
c02,176,0,0,0.33880984951487997
c02,177,0,0,0.39949885542925995
c02,178,0,0,0.36160116587733404
c02,179,0,0,0.3823783738883429
c02,180,0,0,0.3591486971715482
c02,181,0,0,0.36764830813684074
c02,182,0,0,0.3450945847052114
c02,183,0,0,0.37891559629666555
c02,184,0,0,0.3800210283834009
c02,185,0,0,0.3644820672072067
c02,186,0,0,0.3871191993115775
c02,187,0,0,0.36197966727627096
c02,188,0,1,0.9115294404991844
c02,189,0,1,0.8029228199705648
c02,190,0,1,0.6219330526346466
c02,191,0,1,0.6614559389330109
c02,192,0,0,0.37474426021896146
c02,193,0,0,0.39482056369573815
c02,194,0,0,0.3771438253217888
c02,195,0,0,0.39473962639375915
c02,196,0,0,0.4104996005241583
c02,197,0,0,0.38576651826636416
c02,198,0,0,0.40327762432500175
c02,199,0,0,0.3733553109851967
c02,200,0,0,0.44088971883339717
c02,201,0,0,0.4301465203420016
c02,202,0,1,0.8198214596736157
c02,203,0,1,0.6453380152016462
c02,204,0,1,0.7318861595608153
c02,205,0,1,0.51453932791777
c02,206,0,0,0.3803270258073327
c02,207,0,0,0.39203487786410063
c02,208,0,0,0.3612931669605901
c02,209,0,0,0.37030677931434686
c02,210,0,0,0.3479745039032938
c02,211,0,0,0.39218663608997156
c02,212,0,0,0.3665241030513016
c02,213,0,0,0.3489549144502244
c02,214,0,0,0.40545762073610697
c02,215,0,0,0.3679014660904726
c02,216,0,0,0.44393544175780614
c02,217,0,0,0.3982537891073243
c02,218,0,0,0.38425306993448216
c02,219,0,0,0.42160438877185313
c02,220,0,0,0.38231583136966174
c02,221,0,1,0.7083037358550308
c02,222,0,0,0.4142169707080134
c02,223,0,0,0.41843533044920167
c02,224,0,0,0.3594475657567595
c02,225,0,0,0.38934135628470284
c02,226,0,1,0.5932180589450078
c02,227,0,0,0.39682330695307805
c02,228,0,1,0.7925476774201838
c02,229,0,1,0.9074918807001656
c02,230,0,0,0.4256245317415035
c02,231,0,0,0.4819188084086567
c02,232,0,1,0.5825230662087485
c02,233,0,1,0.5261155592487772
c02,234,0,0,0.4013815048054774
c02,235,0,0,0.37722841407393065
c02,236,0,1,0.7601697843069252
c02,237,0,0,0.3555599533534204
c02,238,0,1,0.6160300126334266
c02,239,0,0,0.3400409854574705
c02,240,0,0,0.33996622127225395
c02,241,0,0,0.34394836544386254
c02,242,0,0,0.3279209234021896
c02,243,0,0,0.33078180153337766
c02,244,0,0,0.3424387601379572
c02,245,0,0,0.320084840543547
c02,246,0,0,0.3550583769276118
c02,247,0,0,0.3416723117145184
c02,248,0,0,0.3560738687251194
c02,249,0,0,0.3317047763834663
c02,250,0,0,0.35201155469331263
c02,251,0,0,0.34230486928704146
c02,252,0,0,0.33828710055032635
c02,253,0,0,0.35792773350258295
c02,254,0,0,0.3517786589371329
c02,255,0,0,0.32693303399584644
c02,256,0,0,0.3406319729680185
c02,257,0,0,0.3204078298256542
c02,258,0,0,0.3219934659258769
c02,259,0,0,0.34477694536793796
c02,260,0,0,0.3742131152625148
c02,261,0,0,0.3549581534963666
c02,262,0,0,0.32897717245035024
c02,263,0,0,0.33241344002720724
c02,264,0,0,0.3157967771932202
c02,265,0,0,0.3522925451648983
c02,266,0,0,0.34323801996748765
c02,267,0,0,0.36257690789489383
c02,268,0,0,0.34134621235376383
c02,269,0,0,0.3880870580646524
c02,270,0,0,0.3593033620120932
c02,271,0,0,0.3345040370682005
c02,272,0,0,0.3281667640018689
c02,273,0,0,0.35064533980063933
c02,274,0,0,0.3380588612252868
c02,275,0,0,0.3261675237177329
c02,276,0,0,0.36116466070013015
c02,277,0,0,0.33112988183776243
c02,278,0,0,0.32450903352679483
c02,279,0,0,0.35391076021113094
c02,280,0,0,0.3343131070529054
c02,281,0,0,0.3273842136869372
c02,282,0,0,0.3344716062346795
c02,283,0,0,0.34556108621918963
c02,284,0,0,0.35937171074991525
c02,285,0,0,0.33854111625793865
c02,286,0,0,0.3569498736248498
c02,287,0,1,0.8680627710436463
c02,288,0,1,0.7414781397127711
c02,289,0,1,0.6863893482079065
c02,290,0,1,0.6873229620742981
c02,291,0,1,0.6213041333513982
c02,292,0,0,0.4028829924313284
c02,293,0,0,0.38797663146473943
c02,294,0,0,0.3721491178259983
c02,295,0,0,0.35897419637661615
c02,296,0,0,0.3402687782343784
c02,297,0,0,0.38094795207386856
c02,298,0,0,0.3634760148531486
c02,299,0,0,0.3294031090888312
c02,300,0,0,0.41283152953285845
c02,301,0,1,0.5011983671666007
c02,302,0,0,0.47525671357308924
c02,303,0,0,0.41218181010420646
c02,304,0,0,0.4239480560187401
c02,305,0,1,0.897388503288885
c02,306,0,0,0.359454722206474
c02,307,0,0,0.36020070545293376
c02,308,0,0,0.43421856132430336
c02,309,0,0,0.33793035087532375
c02,310,0,0,0.3506096426077057
c02,311,0,0,0.39328283805698067
c02,312,0,0,0.337216884559063
c02,313,0,0,0.40157000838391804
c02,314,0,0,0.3663356591535184
c02,315,0,0,0.3744658006760572
c02,316,0,0,0.3598981257879685
c02,317,0,0,0.36756062317089916
c02,318,0,0,0.34157073407063
c02,319,0,0,0.35005802639784483
c02,320,0,0,0.34347110736189207
c02,321,0,0,0.36049387873585004
c02,322,0,0,0.32151174814857664
c02,323,0,0,0.3358872224790863
c02,324,0,0,0.3546482010660334
c02,325,0,0,0.33196835489227255
c02,326,0,0,0.3532756259103763
c02,327,0,0,0.35381679788214015
c02,328,0,0,0.40605389319794505
c02,329,0,0,0.3323496877157353
c02,330,0,0,0.3672958367272069
c02,331,0,0,0.39503853020398466
c02,332,0,0,0.46857686298289886
c02,333,0,0,0.3550979227618642
c02,334,0,0,0.40352795696626637
c02,335,0,0,0.3565949286737944
c02,336,0,0,0.34277700297808833
c02,337,0,0,0.36099420064910953
c02,338,0,0,0.3451364972971149
c02,339,0,0,0.3524319722667936
c02,340,0,0,0.33298763085942223
c02,341,0,0,0.351634638214475
c02,342,0,0,0.33225045851267404
c02,343,0,0,0.3600170967200819
c02,344,0,0,0.35271445495470866
c02,345,0,1,0.690993134274394
c02,346,0,1,0.7922668852718714
c02,347,0,1,0.6588390439920117
c02,348,0,1,0.7347134250910201
c02,349,0,1,0.7095968869196105
c02,350,0,1,0.6187915446849923
c02,351,0,0,0.3614682448598434
c02,352,0,0,0.3480855047309598
c02,353,0,0,0.40956351249625694
c02,354,0,0,0.3529998868229664
c02,355,0,0,0.3715354512534561
c02,356,0,0,0.3612212027012709
c02,357,0,0,0.3387594044454467
c02,358,0,0,0.3457672534171849
c02,359,0,0,0.33814750631758067
c02,360,0,0,0.34211521612136075
c02,361,0,0,0.4649925565761839
c02,362,0,0,0.34386625511791785
c02,363,0,0,0.35937074105139993
c02,364,0,0,0.3575377887617709
c02,365,0,0,0.4119704871820345
c02,366,0,0,0.47657580212333706
c02,367,0,1,0.5765830265574329
c02,368,0,0,0.4106708310931086
c02,369,0,1,0.9220271228415793
c02,370,0,0,0.3908722144493803
c02,371,0,0,0.34037469914370677
c02,372,0,0,0.36968453159234277
c02,373,0,1,0.8478353332753003
c02,374,0,1,0.9055110643750653
c02,375,0,0,0.3668328173164605
c02,376,0,0,0.3528570257633904
c02,377,0,1,0.6617501912328813
c02,378,0,1,0.5802213606220857
c02,379,0,1,0.6817337947337182
c02,380,0,0,0.4602594148610528
c02,381,0,0,0.4452250276000681
c02,382,0,1,0.5233238328091477
c02,383,0,0,0.47939544871731415
c02,384,0,0,0.3998754085802729
c02,385,0,0,0.35508679680605193
c02,386,0,1,0.5757403046799049
c02,387,0,1,0.8526108424955163
c02,388,0,0,0.3735507120980305
c02,389,0,0,0.3651307949982192
c02,390,0,0,0.38935411879682996
c02,391,0,1,0.6515021509931959
c02,392,0,0,0.35481511268417065
c02,393,0,0,0.36503752838894515
c02,394,0,1,0.7510678102150183
c02,395,0,0,0.49680846857367983
c02,396,0,1,0.6453637651500334
c02,397,0,1,0.5055479762949864
c02,398,0,0,0.3429260176402774
c02,399,0,0,0.4451802338271997
c02,400,0,0,0.37299973184657503
c02,401,0,0,0.3633893871318318
c02,402,0,0,0.3713330953369792
c02,403,0,0,0.36458597699190637
c02,404,0,0,0.4123393894220717
c02,405,0,0,0.34276953379355146
c02,406,0,0,0.42775733840077906
c02,407,0,0,0.37388349817013067
c02,408,0,0,0.35070351843487413
c02,409,0,0,0.39936566747858726
c02,410,0,0,0.35801637954781557
c02,411,0,0,0.39730677393018465
c02,412,0,0,0.35828751920407625
c02,413,0,0,0.4187728883213734
c02,414,0,0,0.40850466989561235
c02,415,0,0,0.3848186918956152
c02,416,0,0,0.36836681965176254
c02,417,0,0,0.36392054108894073
c02,418,0,0,0.3912578709121718
c02,419,0,0,0.3975360261843451
c02,420,0,0,0.44732059102939026
c02,421,0,0,0.3714366415897062
c02,422,0,0,0.35234496396885584
c02,423,0,0,0.3901049927018123
c02,424,0,0,0.3487378914276753
c02,425,0,0,0.37179838484131805
c02,426,0,0,0.3849550820690658
c02,427,0,0,0.38484215490150364
c02,428,0,0,0.3463239624977349
c02,429,0,0,0.3984992910152543
c02,430,0,0,0.40376001041517146
c02,431,0,0,0.37020524545619093
c02,432,0,0,0.38884892857084236
c02,433,0,0,0.3693433993959289
c02,434,0,0,0.4217593889988978
c02,435,0,0,0.4063210231934755
c02,436,0,0,0.36988646213266224
c02,437,0,0,0.35257647296027567
c02,438,0,0,0.34010157682166725
c02,439,0,0,0.3814087406140385
c02,440,0,0,0.3645853522727596
c02,441,0,0,0.41046147367702757
c02,442,0,0,0.3986174878360597
c02,443,0,1,0.9113640516685845
c02,444,0,0,0.3545374682289124
c02,445,0,1,0.6391783451689236
c02,446,0,1,0.8904493187419789
c02,447,0,1,0.725630902843083
c02,448,0,1,0.5996432348745863
c02,449,0,0,0.3310633807935901
c02,450,0,1,0.6780892901672948
c02,451,0,1,0.8386576723329703
c02,452,0,0,0.36404466783440403
c02,453,0,0,0.4276508303765976
c02,454,0,0,0.4271581703514265
c02,455,0,0,0.38293194843510325
c02,456,0,1,0.6375585937823441
c02,457,0,0,0.35328701174462845
c02,458,0,0,0.3584216989406984
c02,459,0,0,0.360135819752893
c02,460,0,0,0.33983850054616216
c02,461,0,0,0.36780024059396144
c02,462,0,0,0.318590711133322
c02,463,0,0,0.33413883441731895
c02,464,0,0,0.3243067814264441
c02,465,0,0,0.378186047049616
c02,466,0,0,0.3400497817353716
c02,467,0,0,0.3775765548669921
c02,468,0,0,0.34998612738892276
c02,469,0,0,0.34378233975662537
c02,470,0,0,0.33670228998949275
c02,471,0,0,0.34313300972387567
c02,472,0,0,0.366854431624622
c02,473,0,0,0.3522361625813502
c02,474,0,0,0.4334628823992661
c02,475,0,0,0.36146815218110917
c02,476,0,0,0.34955488702301535
c02,477,0,0,0.3366551067497226
c02,478,0,0,0.3726630937444616
c02,479,0,0,0.40516291258472403
c02,480,0,0,0.3658922844684514
c02,481,0,0,0.32256411135682284
c02,482,0,0,0.3613886936496583
c02,483,0,0,0.38614714983403764
c02,484,0,0,0.4705017730662205
c02,485,0,1,0.8244110527219539
c02,486,0,1,0.6161711550333357
c02,487,0,1,0.729261276218697
c02,488,0,0,0.4543299115435855
c02,489,0,0,0.4730636863577805
c02,490,0,1,0.699142529014559
c02,491,0,1,0.6015616875328759
c02,492,0,1,0.5963310917513753
c02,493,0,0,0.4936974993162526
c02,494,0,1,0.6602880595085384
c02,495,0,1,0.7086524422355938
c02,496,0,0,0.3520347725306662
c02,497,0,0,0.3954934574330906
c02,498,0,0,0.3888542425778865
c02,499,0,0,0.33666427215102857
c02,500,0,0,0.38596238484246687
c02,501,0,0,0.2963211519402322
c03,1,0,0,0.41371616239638404
c03,2,0,1,0.8684214962305661
c03,3,0,0,0.24450324141065705
c03,4,0,0,0.21433369431556618
c03,5,0,0,0.465440806737048
c03,6,0,1,0.9881165413262096
c03,7,0,1,0.6788545987627898
c03,8,0,0,0.13071251071161508
c03,9,0,0,0.17612874264415046
c03,10,0,1,0.7548645228305665
c03,11,0,0,0.1707844933684649
c03,12,0,0,0.21695401857372837
c03,13,0,0,0.12489739996539725
c03,14,0,0,0.361229049940161
c03,15,0,0,0.20500423585098865
c03,16,0,0,0.37455162507362877
c03,17,0,0,0.11377091626462502
c03,18,0,0,0.4796206623769558
c03,19,0,0,0.10957976053012626
c03,20,0,0,0.12973925238551978
c03,21,0,0,0.10565000673378513
c03,22,0,0,0.23916605062402202
c03,23,0,0,0.13504053860995313
c03,24,0,0,0.10723109026519105
c03,25,0,0,0.1674601981949299
c03,26,0,0,0.3893727280821087
c03,27,0,0,0.17426147975518583
c03,28,0,0,0.2494137258245133
c03,29,0,0,0.42115412569963245
c03,30,0,0,0.1186232667599253
c03,31,0,1,0.5969062711642519
c03,32,0,1,0.8551257923903322
c03,33,0,0,0.23664531195288588
c03,34,0,1,0.6344463169728787
c03,35,0,1,0.5756988055791181
c03,36,0,1,0.7312423203722569
c03,37,0,0,0.17710876314567345
c03,38,0,0,0.2049739370668693
c03,39,0,0,0.23332417701381927
c03,40,0,0,0.3299108116431843
c03,41,0,0,0.2733943642395449
c03,42,0,0,0.18934925550765563
c03,43,0,0,0.19619740656080834
c03,44,0,0,0.27893796104612556
c03,45,0,0,0.3543866049511952
c03,46,0,0,0.3645703649157313
c03,47,0,0,0.17469758859166784
c03,48,0,0,0.2645971482345562
c03,49,0,0,0.1663731564358323
c03,50,0,0,0.17216030184212047
c03,51,0,0,0.29884882091582593
c03,52,0,0,0.22967509736788363
c03,53,0,0,0.1998919319201989
c03,54,0,0,0.3013008917559751
c03,55,0,0,0.31716636821660804
c03,56,0,1,0.9382056280380945
c03,57,0,0,0.2559192977484889
c03,58,0,0,0.15827083164333278
c03,59,0,0,0.14166262788176998
c03,60,0,0,0.21503253774581133
c03,61,0,0,0.2884730413383361
c03,62,0,0,0.21156855620313686
c03,63,0,0,0.3757550827857935
c03,64,0,0,0.23259973742733744
c03,65,0,0,0.31920831818583295
c03,66,0,0,0.2551009244750216
c03,67,0,0,0.2026608400818862
c03,68,0,0,0.2916412796286221
c03,69,0,0,0.40403704293605275
c03,70,0,0,0.21566216741430075
c03,71,0,0,0.26840157177825513
c03,72,0,0,0.229605773997386
c03,73,0,0,0.20970566921705325
c03,74,0,0,0.49852559362426546
c03,75,0,0,0.28871062298791056
c03,76,0,0,0.27441414517501306
c03,77,0,0,0.3209303448424846
c03,78,0,0,0.3315252216875641
c03,79,0,0,0.4126399545872827
c03,80,0,0,0.4368682397861689
c03,81,0,0,0.48857718634438385
c03,82,0,0,0.29652477814932154
c03,83,0,1,0.8176196594005557
c03,84,0,1,0.8877200776492464
c03,85,0,1,0.5887182656111805
c03,86,0,1,0.7848833170711959
c03,87,0,1,0.9178480474279346
c03,88,0,1,0.9223739055441057
c03,89,0,1,0.6793314640580362
c03,90,0,0,0.4233944501241922
c03,91,0,0,0.4386050827774489
c03,92,0,0,0.3472418059096158
c03,93,0,0,0.32955136979361027
c03,94,0,0,0.341753540365285
c03,95,0,0,0.35920016690023676
c03,96,0,1,0.718771494724385
c03,97,0,1,0.5546629135783703
c03,98,0,0,0.355440275299876
c03,99,0,0,0.34703674782599403
c03,100,0,1,0.5780260209749902
c03,101,0,0,0.2988174062836372
c03,102,0,1,0.6366304110180394
c03,103,0,0,0.4506443455225172
c03,104,0,1,0.6632923826592547
c03,105,0,0,0.46725633506893416
c03,106,0,0,0.40602781908413677
c03,107,0,1,0.7610860195767566
c03,108,0,0,0.34616827240695647
c03,109,0,0,0.37159947234821505
c03,110,0,0,0.28553148049301086
c03,111,0,1,0.5248795240330666
c03,112,0,0,0.2997350728560501
c03,113,0,0,0.2841990116404696
c03,114,0,1,0.5331150826808516
c03,115,0,0,0.41219726219572145
c03,116,0,0,0.3468262327253226
c03,117,0,0,0.3899870277890186
c03,118,0,0,0.44319119489990283
c03,119,0,0,0.4010120605427006
c03,120,0,0,0.39413729272635817
c03,121,0,0,0.42750874931169536
c03,122,0,0,0.3499348932783846
c03,123,0,0,0.31435130291109714
c03,124,0,0,0.22618511525961235
c03,125,0,0,0.20167270519780847
c03,126,0,0,0.18587622662695516
c03,127,0,1,0.5653875947698254
c03,128,0,0,0.36489161377658624
c03,129,0,0,0.3339998575391639
c03,130,0,0,0.3879222746002865
c03,131,0,0,0.36584337295414315
c03,132,0,0,0.2796951669041144
c03,133,0,0,0.32407340919808203
c03,134,0,0,0.3086873126882363
c03,135,0,0,0.2250441057156834
c03,136,0,1,0.8870913845754956
c03,137,0,1,0.9175804864781
c03,138,0,1,0.7699477692696384
c03,139,0,0,0.34833943382468807
c03,140,0,1,0.8930161526582736
c03,141,0,1,0.7390007376179173
c03,142,0,1,0.7305587712157446
c03,143,0,0,0.23590973923330272
c03,144,0,0,0.36752311632504453
c03,145,0,0,0.33472176226463995
c03,146,0,0,0.28531935153544297
c03,147,0,0,0.32712212825978954
c03,148,0,0,0.2867934161667117
c03,149,0,0,0.22160544099580096
c03,150,0,0,0.2563644299609697
c03,151,0,0,0.33222904007653414
c03,152,0,0,0.4561961396061852
c03,153,0,0,0.3681928247027673
c03,154,0,0,0.2913721009689527
c03,155,0,0,0.19664314040674044
c03,156,0,1,0.8549778653374671
c03,157,0,1,0.8371457267844241
c03,158,0,1,0.5077643141088344
c03,159,0,0,0.2595103543500748
c03,160,0,0,0.18491912612342015
c03,161,0,1,0.9227798272142432
c03,162,0,0,0.41793630848249375
c03,163,0,1,0.6750964376515435
c03,164,0,0,0.24547803457949
c03,165,0,0,0.2718667338267363
c03,166,0,0,0.28802827730535197
c03,167,0,0,0.2609561543346064
c03,168,0,0,0.2786109819642069
c03,169,0,0,0.3136274698355612
c03,170,0,1,0.6207060700220038
c03,171,0,0,0.3098351923896427
c03,172,0,1,0.6917889890866807
c03,173,0,0,0.2903900245569455
c03,174,0,0,0.45969197290414104
c03,175,0,0,0.4745371955198694
c03,176,0,0,0.49312353957767036
c03,177,0,0,0.2812998883779881
c03,178,0,0,0.3602757114265029
c03,179,0,1,0.7603521735673744
c03,180,0,1,0.6978896378707763
c03,181,0,1,0.7041582837698684
c03,182,0,1,0.5798946166423762
c03,183,0,0,0.2135294596180908
c03,184,0,1,0.504871767672033
c03,185,0,0,0.17882073308166038
c03,186,0,0,0.3611695775146433
c03,187,0,0,0.32493399975924836
c03,188,0,1,0.8862353297321552
c03,189,0,1,0.7330543379419394
c03,190,0,1,0.8543311454023372
c03,191,0,1,0.7106418933147783
c03,192,0,1,0.696821742725636
c03,193,0,1,0.8855697513652095
c03,194,0,0,0.32630567919011527
c03,195,0,0,0.4958214596778896
c03,196,0,1,0.9368005321912725
c03,197,0,0,0.4491116573124171
c03,198,0,1,0.8319151583706128
c03,199,0,0,0.44200243401277495
c03,200,0,1,0.771494573190475
c03,201,0,0,0.4084978771991896
c03,202,0,0,0.28226128279311175
c03,203,0,0,0.3758584413285744
c03,204,0,1,0.5118247403272387
c03,205,0,0,0.26786606684727143
c03,206,0,0,0.29839252280633183
c03,207,0,0,0.4286687462236429
c03,208,0,0,0.24917461718057302
c03,209,0,0,0.24342437160835026
c03,210,0,0,0.31119661597009185
c03,211,0,0,0.411955772303924
c03,212,0,1,0.5125935353207808
c03,213,0,0,0.3681223694213679
c03,214,0,0,0.23951777768172408
c03,215,0,0,0.36956742440507284
c03,216,0,0,0.3707174199996005
c03,217,0,0,0.25185691012404926
c03,218,0,0,0.44770795130592533
c03,219,0,0,0.4421751344261647
c03,220,0,0,0.25192013978330435
c03,221,0,0,0.37761245066404137
c03,222,0,0,0.33586974699058425
c03,223,0,0,0.3777396905277622
c03,224,0,0,0.3969431713984068
c03,225,0,0,0.26654975634942735
c03,226,0,0,0.3908117767111662
c03,227,0,0,0.3027854124146651
c03,228,0,0,0.4738988153851418
c03,229,0,0,0.31008722123397164
c03,230,0,0,0.37001803504847924
c03,231,0,0,0.2225990401972979
c03,232,0,0,0.3876636645858901
c03,233,0,0,0.1958035256243763
c03,234,0,0,0.2748466474559201
c03,235,0,0,0.3754707227581705
c03,236,0,0,0.373208618515932
c03,237,0,0,0.3188058181438968
c03,238,0,0,0.46124042212995636
c03,239,0,0,0.3587536263912678
c03,240,0,0,0.4106978997915157
c03,241,0,0,0.40078089794952376
c03,242,0,0,0.4770338329050164
c03,243,0,0,0.2730628566301554
c03,244,0,0,0.36444105602958715
c03,245,0,0,0.3308478007038611
c03,246,0,1,0.9702303153826278
c03,247,0,1,0.7467038038487968
c03,248,0,1,0.6822190508833211
c03,249,0,1,0.5634927513525573
c03,250,0,1,0.8388849151343992
c03,251,0,1,0.796780869239314
c03,252,0,1,0.5792017759200597
c03,253,0,1,0.909665413415284
c03,254,0,1,0.9419324426616134
c03,255,0,1,0.8082509857711719
c03,256,0,1,0.520623016374744
c03,257,0,0,0.49117190685932305
c03,258,0,0,0.32577572193182736
c03,259,0,1,0.757447151670155
c03,260,0,0,0.3872836408909381
c03,261,0,1,0.6901044469967733
c03,262,0,1,0.755346551820771
c03,263,0,0,0.3398587354552374
c03,264,0,1,0.6262707970743796
c03,265,0,0,0.3584012559380184
c03,266,0,1,0.8296378636803092
c03,267,0,1,0.5979771246822557
c03,268,0,1,0.7423141015546693
c03,269,0,0,0.2138366152479265
c03,270,0,0,0.4085614682672438
c03,271,0,1,0.6509700039921013
c03,272,0,1,0.5373661766224509
c03,273,0,1,0.6161137661330085
c03,274,0,1,0.6582591629185269
c03,275,0,0,0.39690397573515934
c03,276,0,0,0.23980626330418192
c03,277,0,1,0.5744000107176737
c03,278,0,1,0.5342352046295927
c03,279,0,1,0.7644461530606631
c03,280,0,1,0.546443350495496
c03,281,0,0,0.4670005102877239
c03,282,0,1,0.8190594702227333
c03,283,0,0,0.27420281617296377
c03,284,0,0,0.2554578724715939
c03,285,0,0,0.49098805396790574
c03,286,0,1,0.6673789317839033
c03,287,0,1,0.9893633739871646
c03,288,0,1,0.802797482076182
c03,289,0,1,0.5523884144196404
c03,290,0,0,0.34190338423732664
c03,291,0,1,0.650608517416091
c03,292,0,0,0.48484065311380864
c03,293,0,0,0.4108323031826474
c03,294,0,0,0.4954051346076072
c03,295,0,0,0.32532337640520986
c03,296,0,1,0.6798276989732287
c03,297,0,0,0.26054349876721833
c03,298,0,1,0.8431452841504827
c03,299,0,1,0.6137434944094324
c03,300,0,1,0.6833059318878918
c03,301,0,0,0.4169967950772237
c03,302,0,1,0.5017766828279452
c03,303,0,0,0.46466140589583665
c03,304,0,0,0.24386138534161544
c03,305,0,1,0.7928970369571972
c03,306,0,0,0.31871317849001574
c03,307,0,0,0.21715962321241156
c03,308,0,0,0.19550500516152705
c03,309,0,0,0.483353209515323
c03,310,0,0,0.38568163909344494
c03,311,0,0,0.4039283235039089
c03,312,0,0,0.48803884518936425
c03,313,0,0,0.4598229463293193
c03,314,0,0,0.2253736560195893
c03,315,0,0,0.15351671467300687
c03,316,0,1,0.543901283214623
c03,317,0,0,0.2972322965759984
c03,318,0,1,0.5490416013441394
c03,319,0,0,0.3081198834249135
c03,320,0,0,0.21796587255646857
c03,321,0,0,0.24000494307091572
c03,322,0,0,0.42494484977823976
c03,323,0,0,0.454499076608626
c03,324,0,0,0.20007182879288188
c03,325,0,0,0.33491012761388683
c03,326,0,0,0.2745616404157867
c03,327,0,0,0.1758959903627504
c03,328,0,0,0.30824725346107573
c03,329,0,1,0.7113681308145691
c03,330,0,0,0.35556713068301943
c03,331,0,0,0.31635013848367977
c03,332,0,0,0.48421691669473366
c03,333,0,0,0.40618342987753636
c03,334,0,1,0.5788173819264902
c03,335,0,1,0.8979583826803134
c03,336,0,1,0.9020949795703477
c03,337,0,0,0.3488398559387706
c03,338,0,1,0.8533460236704206
c03,339,0,0,0.4970398698974051
c03,340,0,1,0.9009771832022749
c03,341,0,0,0.3613580177170266
c03,342,0,1,0.6306529173239016
c03,343,0,0,0.384426157336811
c03,344,0,0,0.340112883890021
c03,345,0,0,0.27093616673209253
c03,346,0,0,0.45155823762547176
c03,347,0,0,0.31967594985124065
c03,348,0,1,0.7385596618965452
c03,349,0,1,0.5126197289856314
c03,350,0,0,0.2707939836082847
c03,351,0,0,0.24547072293932348
c03,352,0,0,0.39193718661319465
c03,353,0,0,0.23267252968562524
c03,354,0,1,0.9010034717272365
c03,355,0,0,0.31894097926314185
c03,356,0,0,0.48221139386565054
c03,357,0,1,0.7627366937863835
c03,358,0,1,0.6570984517641651
c03,359,0,0,0.3181956725761676
c03,360,0,1,0.571164532241826
c03,361,0,0,0.3846883638977788
c03,362,0,0,0.3296205203252223
c03,363,0,0,0.3323478724453627
c03,364,0,0,0.46757346822004825
c03,365,0,0,0.31501214583861514
c03,366,0,0,0.3817574270479369
c03,367,0,0,0.22214915816402311
c03,368,0,1,0.529002469538363
c03,369,0,1,0.9561212906404053
c03,370,0,1,0.6288336356056322
c03,371,0,0,0.452384690035843
c03,372,0,1,0.6550109934976963
c03,373,0,1,0.5434847367512676
c03,374,0,0,0.2016272993359998
c03,375,0,1,0.5956536957836768
c03,376,0,0,0.40581280202102243
c03,377,0,0,0.35963833777078835
c03,378,0,1,0.9817789205092889
c03,379,0,0,0.2694714916653093
c03,380,0,0,0.20400754123634873
c03,381,0,0,0.4662637234438546
c03,382,0,0,0.2840993447901883
c03,383,0,0,0.28073233439331574
c03,384,0,0,0.21567612709131362
c03,385,0,0,0.19086602777320655
c03,386,0,0,0.20425188342987552
c03,387,0,0,0.1825070210359441
c03,388,0,0,0.23789050409845075
c03,389,0,0,0.32639473246407436
c03,390,0,0,0.15925550014311268
c03,391,0,0,0.34911949070035453
c03,392,0,0,0.294025045745968
c03,393,0,0,0.2136376785536043
c03,394,0,0,0.29063285418539664
c03,395,0,0,0.34863825357085027
c03,396,0,0,0.2744386678300613
c03,397,0,0,0.3258532598864604
c03,398,0,0,0.2971726391017952
c03,399,0,0,0.331385757350514
c03,400,0,0,0.39085909089131954
c03,401,0,0,0.2146022120733557
c03,402,0,0,0.32923676438014665
c03,403,0,1,0.9550912488698383
c03,404,0,1,0.6308079863247553
c03,405,0,0,0.4615237030175445
c03,406,0,1,0.5201867743569967
c03,407,0,0,0.3730711013260414
c03,408,0,0,0.22331582676457534
c03,409,0,0,0.2657074613456505
c03,410,0,0,0.2639844822129988
c03,411,0,0,0.23306353347515998
c03,412,0,0,0.28840835804665027
c03,413,0,0,0.369185379750867
c03,414,0,0,0.3646505147848547
c03,415,0,0,0.4333425713232048
c03,416,0,0,0.3557445697189166
c03,417,0,0,0.3612413209502305
c03,418,0,0,0.21009745181841838
c03,419,0,0,0.2819224846789473
c03,420,0,0,0.3505391478583893
c03,421,0,1,0.8999148201996999
c03,422,0,1,0.970707730306943
c03,423,0,1,0.8474482455445285
c03,424,0,1,0.7594526814527149
c03,425,0,0,0.413245320187565
c03,426,0,0,0.2934781766693167
c03,427,0,1,0.6112194430809841
c03,428,0,0,0.4684965822622062
c03,429,0,1,0.5160161792132189
c03,430,0,0,0.23705596293562536
c03,431,0,1,0.6075579222998705
c03,432,0,1,0.5132948773537352
c03,433,0,0,0.2884741329721217
c03,434,0,1,0.616905815291762
c03,435,0,0,0.24775938460389987
c03,436,0,0,0.3294621436140228
c03,437,0,0,0.2058679922550146
c03,438,0,0,0.4478477012478931
c03,439,0,0,0.26658803282204435
c03,440,0,0,0.3117155568080086
c03,441,0,1,0.762098539494448
c03,442,0,1,0.9447632083064393
c03,443,0,1,0.9952575687029726
c03,444,0,1,0.5344828223748653
c03,445,0,0,0.4374340471829923
c03,446,0,1,0.6919194720906829
c03,447,0,0,0.32466061655138007
c03,448,0,0,0.26823179492595595
c03,449,0,1,0.7617527479454334
c03,450,0,0,0.249894665164237
c03,451,0,1,0.937750777379228
c03,452,0,1,0.7595589519410153
c03,453,0,0,0.22554644631555082
c04,14,0,0,0.002723312063787223
c04,19,0,0,0.0844337469869416
c04,20,0,0,0.09943866391222171
c04,21,0,0,0.46452261241102544
c04,22,0,1,0.6111413957731235
c04,23,0,0,0.22446272701754968
c04,24,0,0,0.13203402575912207
c04,25,0,0,0.19179234435660764
c04,26,0,0,0.1815171590297902
c04,27,0,0,0.11089023861300182
c04,28,0,0,0.11871013990199131
c04,29,0,0,0.09305150338023338
c04,30,0,0,0.3924896491185164
c04,31,0,0,0.23449106279839735
c04,32,0,0,0.17167102699090112
c04,33,0,0,0.17099803748051426
c04,34,0,0,0.24274755013628407
c04,35,0,0,0.2010713437237456
c04,36,0,0,0.2603059648979001
c04,37,0,0,0.22662413497954112
c04,38,0,0,0.18296320921118656
c04,39,0,0,0.09298302706658859
c04,40,0,0,0.1438404090498089
c04,41,0,0,0.20473323134666238
c04,42,0,0,0.2717257693408887
c04,43,0,0,0.21043752894024956
c04,44,0,0,0.17087387960820966
c04,45,0,0,0.1992193334573313
c04,46,0,0,0.12688821469831987
c04,47,0,0,0.12828760773836484
c04,48,0,0,0.20534285223815116
c04,49,0,0,0.1376924645336278
c04,50,0,0,0.21754896060352788
c04,51,0,0,0.26298323715125493
c04,52,0,0,0.22148139747433773
c04,53,0,0,0.3293306554500868
c04,54,0,0,0.25075149750661874
c04,55,0,0,0.16626908477472208
c04,56,0,0,0.25555560659995435
c04,57,0,0,0.253015683986728
c04,58,0,0,0.14977712213151953
c04,59,0,0,0.45749998979307605
c04,60,0,0,0.3077711505111423
c04,61,0,0,0.21595201956287086
c04,62,0,0,0.2446149966969167
c04,63,0,0,0.14929134217145404
c04,64,0,0,0.14405108123973967
c04,65,0,0,0.18363161736541161
c04,66,0,0,0.17619053843500018
c04,67,0,0,0.14754825438354732
c04,68,0,0,0.22940588590367936
c04,69,0,0,0.16077800945129828
c04,70,0,0,0.16017088508572955
c04,71,0,0,0.35076292188529207
c04,72,0,0,0.1562187689570906
c04,73,0,0,0.23573022968898158
c04,74,0,0,0.21454531154408035
c04,75,0,0,0.17158567890439677
c04,76,0,0,0.2094433613559298
c04,77,0,0,0.09751254116531288
c04,78,0,0,0.2337663105410255
c04,79,0,0,0.19596085037297267
c04,80,0,0,0.06052881069307311
c04,81,0,0,0.09378949530692393
c04,82,0,0,0.10825923865424891
c04,83,0,0,0.07812672343317754
c04,84,0,0,0.14613425631267857
c04,85,0,0,0.10661218501205669
c04,86,0,0,0.05658162932291372
c04,87,0,0,0.0897827233702339
c04,88,0,0,0.07380531751787643
c04,89,0,0,0.16499208117430805
c04,90,0,0,0.08386439359946371
c04,91,0,0,0.063357267648186
c04,92,0,0,0.17613971088000563
c04,93,0,0,0.10756540791605775
c04,94,0,0,0.12327250719384716
c04,95,0,0,0.11096243463908213
c04,96,0,0,0.1018808019790206
c04,97,0,0,0.12473873035775741
c04,98,0,0,0.07291835823834032
c04,99,0,0,0.14806675699877497
c04,100,0,0,0.15232701802612428
c04,101,0,0,0.10459683121732831
c04,102,0,0,0.08164826632843675
c04,103,0,0,0.07993158249013026
c04,104,0,0,0.07217575983409384
c04,105,0,0,0.06254130639832488
c04,106,0,0,0.05856386482683361
c04,107,0,0,0.0697870513501992
c04,108,0,0,0.07018935829151783
c04,109,0,0,0.11797380544653728
c04,110,0,0,0.10075973918058305
c04,111,0,0,0.15338232656409453
c04,112,0,0,0.05064378263362022
c04,113,0,0,0.03740297700767994
c04,114,0,0,0.045185383960120826
c04,115,0,0,0.09640423055461395
c04,116,0,0,0.11835762113612906
c04,117,0,0,0.10253428146802626
c04,118,0,0,0.043125966279623465
c04,119,0,0,0.09650107037018688
c04,120,0,0,0.0919564668630813
c04,121,0,0,0.16998609380252913
c04,122,0,0,0.16808793627350838
c04,123,0,0,0.05618743205487918
c04,124,0,0,0.05272434737461372
c04,125,0,0,0.12172088141335571
c04,126,0,0,0.042785100128289816
c04,127,0,0,0.1284805978194287
c04,128,0,0,0.11208559657552968
c04,129,0,0,0.02095327977690241
c04,130,0,0,0.04953143323559748
c04,131,0,0,0.035742824178527546
c04,132,0,0,0.028992461167114045
c04,133,0,0,0.04619778334540262
c04,134,0,0,0.03080224088215549
c04,135,0,0,0.04420570529333271
c04,136,0,0,0.03972352686388875
c04,137,0,0,0.03720569514333428
c04,138,0,0,0.03873242631451293
c04,139,0,0,0.05138649148133082
c04,140,0,0,0.03465424039002236
c04,141,0,0,0.05417396658167757
c04,142,0,0,0.03028471055778426
c04,143,0,0,0.04254339473671341
c04,144,0,0,0.038658536972947646
c04,145,0,0,0.030852824773350277
c04,146,0,0,0.038664574480911505
c04,147,0,0,0.052396033186432885
c04,148,0,0,0.03638785447230227
c04,149,0,0,0.0318374767214908
c04,150,0,0,0.03147200182048532
c04,151,0,0,0.03260161886768567
c04,152,0,0,0.034685722092276064
c04,153,0,0,0.06262956978194596
c04,154,0,0,0.19326632974274602
c04,155,0,0,0.09254128141766893
c04,156,0,0,0.029641371511344727
c04,157,0,0,0.06277314555936929
c04,158,0,0,0.04805802283687746
c04,159,0,0,0.06879978621467481
c04,160,0,0,0.077714024861977
c04,161,0,0,0.0825554743901822
c04,162,0,0,0.07619510641800982
c04,163,0,0,0.05934767227205733
c04,164,0,0,0.09508766966300565
c04,165,0,0,0.11561741299172942
c04,166,0,0,0.03436830616958117
c04,167,0,0,0.08005435582615776
c04,168,0,0,0.09755070081989722
c04,169,0,0,0.04457021231755507
c04,170,0,0,0.07873849463645827
c04,171,0,0,0.059083984250963305
c04,172,0,0,0.043381945000978556
c04,173,0,0,0.054905913141151924
c04,174,0,0,0.03994032143352867
c04,175,0,0,0.04998265753584091
c04,176,0,0,0.05837941294823672
c04,177,0,0,0.03495133447724624
c04,178,0,0,0.062481725863415716
c04,179,0,0,0.03257696839849358
c04,180,0,0,0.046371830075769026
c04,181,0,0,0.04583704157562361
c04,182,0,0,0.04323601533303825
c04,183,0,0,0.06619490120114015
c04,184,0,0,0.07588741375713574
c04,185,0,0,0.03628531474831345
c04,186,0,0,0.04857026739425379
c04,187,0,0,0.04099686557576767
c04,188,0,0,0.0646843347299638
c04,189,0,0,0.07114467431846017
c04,190,0,0,0.09468646131348972
c04,191,0,0,0.08837775838406502
c04,192,0,0,0.07675367946138621
c04,193,0,0,0.03624571540027923
c04,194,0,0,0.0337764884686646
c04,195,0,0,0.08606395496015216
c04,196,0,0,0.04486042240286425
c04,197,0,0,0.04977904059319235
c04,198,0,0,0.059653541257319864
c04,199,0,0,0.040753011179281214
c04,200,0,0,0.04025864639699221
c04,201,0,0,0.05172713387281802
c04,202,0,0,0.0573529863631754
c04,203,0,0,0.031108637343609098
c04,204,0,0,0.057250049931631804
c04,205,0,0,0.05534134453355538
c04,206,0,0,0.04661477833770247
c04,207,0,0,0.029913229056822973
c04,208,0,0,0.05789038499492653
c04,209,0,0,0.03889693406465025
c04,210,0,0,0.062064355753343646
c04,211,0,0,0.04285661133814872
c04,212,0,0,0.015432454482984175
c04,213,0,0,0.024999411625437184
c04,214,0,0,0.049635445831504164
c04,215,0,0,0.01929377054277257
c04,216,0,0,0.03593549023718096
c04,217,0,0,0.028382763631333133
c04,218,0,0,0.018475242392105476
c04,219,0,0,0.029190607415025733
c04,220,0,0,0.01992284485600865
c04,221,0,0,0.01679096811707361
c04,222,0,0,0.01801297413242068
c04,223,0,0,0.013662960277990823
c04,224,0,0,0.013132020989463151
c04,225,0,0,0.03549285872959146
c04,226,0,0,0.055380075064944134
c04,227,0,0,0.02396782368903904
c04,228,0,0,0.016377581572633512
c04,229,0,0,0.014505616446720736
c04,230,0,0,0.0238782728206053
c04,231,0,0,0.024170658541672538
c04,232,0,0,0.019350094359407193
c04,233,0,0,0.02990178162952917
c04,234,0,0,0.014637388988138334
c04,235,0,0,0.032354596106151406
c04,236,0,0,0.015433099076001608
c04,237,0,0,0.019472266755079657
c04,238,0,0,0.027222039026416768
c04,239,0,0,0.022698672799110413
c04,240,0,0,0.024105418427521338
c04,241,0,0,0.02186209130426371
c04,242,0,0,0.02720336007014978
c04,243,0,0,0.021610369031477106
c04,244,0,0,0.018983373606333478
c04,245,0,0,0.03143265244385778
c04,246,0,0,0.022346573491665567
c04,247,0,0,0.02287724581219928
c04,248,0,0,0.02431305951486992
c04,249,0,0,0.022196196706748068
c04,250,0,0,0.02248729547071579
c04,251,0,0,0.02924254047745988
c04,252,0,0,0.026297477330782824
c04,253,0,0,0.023892558875975984
c04,254,0,0,0.021675408486677247
c04,255,0,0,0.024970875179901937
c04,256,0,0,0.01923218775585331
c04,257,0,0,0.018909139670529106
c04,258,0,0,0.0216091900748993
c04,259,0,0,0.0372410659326105
c04,260,0,1,0.5504175778826954
c04,261,0,0,0.2957736213111012
c04,262,0,0,0.14284314482714294
c04,263,0,0,0.2784040077954375
c04,264,0,0,0.2674367358252434
c04,265,0,0,0.3060616206148544
c04,266,0,0,0.2931445496122189
c04,267,0,0,0.31204203338627234
c04,268,0,0,0.3731589796976921
c04,269,0,0,0.3137264558722532
c04,270,0,0,0.30332579335191456
c04,271,0,0,0.30040682163779586
c04,272,0,0,0.30491738397402024
c04,273,0,0,0.32037085433419354
c04,274,0,0,0.3061389695595184
c04,275,0,1,0.8041625552553873
c04,276,0,0,0.3094776381627756
c04,277,0,1,0.5942106583746438
c04,278,0,0,0.15692288505776184
c04,279,0,0,0.30082416042110344
c04,280,0,0,0.3390067679817831
c04,281,0,0,0.3257360176063224
c04,282,0,0,0.31125229277061206
c04,283,0,0,0.32899012906900466
c04,284,0,0,0.326572343754611
c04,285,0,0,0.4830574429326803
c04,286,0,1,0.5742724285391444
c04,287,0,0,0.33568893231443564
c04,288,0,0,0.31739554048393775
c04,289,0,0,0.3424215330470105
c04,290,0,0,0.3153442490631667
c04,291,0,0,0.312305197522992
c04,292,0,0,0.3135672128791325
c04,293,0,0,0.30338675093843737
c04,294,0,0,0.31059928300859513
c04,295,0,0,0.28596483438572223
c04,296,0,0,0.29512898370807555
c04,297,0,0,0.30370920651333794
c04,298,0,0,0.2814801643996087
c04,299,0,0,0.2882433831034593
c04,300,0,0,0.3003858313051392
c04,301,0,0,0.29550576491933095
c04,302,0,0,0.30654586719472166
c04,303,0,0,0.2743169457999051
c04,304,0,0,0.2591423209206534
c04,305,0,0,0.3098223176885424
c04,306,0,0,0.2986327959590963
c04,307,0,0,0.10680135915153222
c04,308,0,1,0.659683786641667
c04,309,0,0,0.0875654389883497
c04,310,0,0,0.06981121334769855
c04,311,0,0,0.06948560740162817
c04,312,0,0,0.3286378791621999
c04,313,0,0,0.22132732794858817
c04,314,0,0,0.2816142919046709
c04,315,0,0,0.16051583997172972
c04,316,0,0,0.0758486238115432
c04,317,0,0,0.13524181686724673
c04,318,0,0,0.10154637886740409
c04,319,0,0,0.16618071232331647
c04,320,0,0,0.14932442430829534
c04,321,0,0,0.18309460065293345
c04,322,0,0,0.1026775387431281
c04,323,0,0,0.15364172732448161
c04,324,0,0,0.18679082689259838
c04,325,0,0,0.07435311710861249
c04,326,0,0,0.1032888669673203
c04,327,0,0,0.11194959954955679
c04,328,0,0,0.10491920239610485
c04,329,0,0,0.050929024908150766
c04,330,0,0,0.16860829262667715
c04,331,0,0,0.07163017746747076
c04,332,0,0,0.11800982392743077
c04,333,0,0,0.05390340886436998
c04,334,0,0,0.026549883070124018
c04,335,0,0,0.049180739605462605
c04,336,0,0,0.09497088891318088
c04,337,0,0,0.05346578531619098
c04,338,0,0,0.18226542541208365
c04,339,0,0,0.09108488767029291
c04,340,0,0,0.16437652746256282
c04,341,0,0,0.05363370032089765
c04,342,0,0,0.06504613545292603
c04,343,0,0,0.1317570641912172
c04,344,0,0,0.11326171214993945
c04,345,0,0,0.1372129498290845
c04,346,0,0,0.0472429365528291
c04,347,0,0,0.045898273652261845
c04,348,0,0,0.06286739081547227
c04,349,0,0,0.26222401171563625
c04,350,0,0,0.0744680139320799
c04,351,0,0,0.06662536170495749
c04,352,0,0,0.068101395762034
c04,353,0,0,0.03475402294391593
c04,354,0,0,0.06622947096317126
c04,355,0,0,0.03438470891070792
c04,356,0,0,0.024184206502387683
c04,357,0,0,0.19320919267128367
c04,358,0,0,0.028643572889836485
c04,359,0,0,0.08428712519849123
c04,360,0,0,0.07907630575358895
c04,361,0,0,0.08932355005027405
c04,362,0,0,0.07850443261697787
c04,363,0,0,0.04273103201366174
c04,364,0,0,0.1420339802156627
c04,365,0,0,0.14353563479369416
c04,366,0,0,0.1462352584657387
c04,367,0,0,0.06500398816002204
c04,368,0,0,0.1234506096694499
c04,369,0,0,0.10003778481250733
c04,370,0,0,0.16379348251900425
c04,371,0,0,0.24105739336838053
c04,372,0,0,0.1332059294916565
c04,373,0,0,0.23481582122965883
c04,374,0,0,0.27270884943747087
c04,375,0,0,0.22277550794997694
c04,376,0,0,0.08135088890201028
c04,377,0,0,0.20623884783807975
c04,378,0,0,0.1886905139585491
c04,379,0,0,0.1784139323911261
c04,380,0,0,0.11513536223456758
c04,381,0,0,0.12294035298246574
c04,382,0,0,0.15356568655645544
c04,383,0,0,0.10606571524048401
c04,384,0,0,0.10687243111696824
c04,385,0,0,0.10913840530013963
c04,386,0,0,0.14974309172197206
c04,387,0,0,0.10845045872896474
c04,388,0,0,0.13329731398261646
c04,389,0,0,0.12426716610103077
c04,390,0,0,0.14206956013769326
c04,391,0,0,0.16881540717351584
c04,392,0,0,0.17715554826719077
c04,393,0,0,0.09126722655871482
c04,394,0,0,0.034184373300451376
c04,395,0,0,0.06227142410434268
c04,396,0,0,0.07401035805120477
c04,397,0,0,0.05273725060805158
c04,398,0,0,0.050562760500986736
c04,399,0,0,0.04317340796865908
c04,400,0,0,0.10547213167043624
c04,401,0,0,0.3124378629926568
c04,402,0,0,0.028664278621114158
c04,403,0,0,0.022756938037769976
c04,404,0,0,0.027901498928523297
c04,405,0,0,0.04640936815976008
c04,406,0,0,0.05842914130652555
c04,407,0,0,0.061340301807892975
c04,408,0,0,0.04250907425864707
c04,409,0,0,0.05101110073236156
c04,410,0,0,0.04354628568540991
c04,411,0,0,0.030736679984255662
c04,412,0,0,0.043972638720483306
c04,413,0,0,0.042029491284353133
c04,414,0,0,0.05708241437477036
c04,415,0,0,0.033415410123662365
c04,416,0,0,0.034611983617517
c04,417,0,0,0.04291564796697213
c04,418,0,0,0.08007691335534813
c04,419,0,0,0.1457282939304237
c04,420,0,0,0.03134281309671896
c04,421,0,0,0.07566188875789814
c04,422,0,0,0.31125728425006444
c04,423,0,0,0.10127810382127553
c04,424,0,0,0.09587712667896778
c04,425,0,0,0.04932722153430495
c04,426,0,0,0.03371822033397185
c04,427,0,0,0.03426057261715185
c04,428,0,0,0.037349161671422694
c04,429,0,0,0.030750252540671652
c04,430,0,0,0.025409311977977588
c04,431,0,0,0.04668677805110606
c04,432,0,0,0.05483299509854986
c04,433,0,0,0.01773296562365413
c04,434,0,0,0.032433511555742776
c04,435,0,0,0.058890684793718985
c04,436,0,0,0.03720660460094614
c04,437,0,0,0.03713187799629965
c04,438,0,0,0.021503654768767977
c04,439,0,0,0.024675516137149835
c04,440,0,0,0.06316579584808862
c04,441,0,0,0.033536299618503386
c04,442,0,0,0.05367450860905204
c04,443,0,0,0.03452581970413764
c04,444,0,0,0.047225023923283385
c04,445,0,0,0.04159530463828581
c04,446,0,0,0.020631677476709215
c04,447,0,0,0.033228633337350294
c04,448,0,0,0.022824204789423905
c04,449,0,0,0.028751527967507337
c04,450,0,0,0.035429181230698666
c04,451,0,0,0.033132226871861896
c04,452,0,0,0.030701348705484213
c04,453,0,0,0.021807204758358584
c04,454,0,0,0.019469108330478786
c04,455,0,0,0.015998461313605095
c04,456,0,0,0.040780650526965424
c04,457,0,0,0.02311809221735107
c04,458,0,0,0.016874560131687113
c04,459,0,0,0.02741459357403546
c04,460,0,0,0.017744010675958523
c04,461,0,0,0.019347778902006237
c04,462,0,0,0.015659696975919672
c04,463,0,0,0.012256202347492792
c04,464,0,0,0.01627266020117272
c04,465,0,0,0.015835289399146028
c04,466,0,0,0.02546397846681952
c04,467,0,0,0.028749844912008805
c04,468,0,0,0.017148345566413967
c04,469,0,0,0.019054176327495308
c04,470,0,0,0.034260020712475685
c04,471,0,0,0.042529531748232804
c04,472,0,0,0.022204944644503077
c04,473,0,0,0.017138624644087087
c04,474,0,0,0.024569713641459576
c04,475,0,0,0.019400417351498406
c04,476,0,0,0.014365547624474973
c04,477,0,0,0.08681483795568105
c04,478,0,0,0.1140104666525258
c04,479,0,0,0.11263114249418292
c04,480,0,0,0.10555890205585476
c04,481,0,0,0.05028420360184207
c05,1,0,0,0.31270462119999776
c05,2,0,1,0.7363373697159129
c05,3,0,0,0.3502973296449628
c05,4,0,0,0.3666268170836143
c05,5,0,0,0.3017853118180313
c05,6,1,0,0.27688707285890335
c05,7,0,0,0.3860091154795597
c05,8,0,0,0.4645767368555955
c05,9,0,1,0.7574404803654728
c05,10,0,0,0.496569474627946
c05,11,0,0,0.3772793471096616
c05,12,0,0,0.3542999644484523
c05,13,0,0,0.30599917642165525
c05,14,0,0,0.275233312225558
c05,15,0,0,0.2832407655821075
c05,16,0,0,0.4617631389754278
c05,17,0,0,0.21739571637158608
c05,18,0,0,0.3039631486382327
c05,19,0,0,0.2897808724058135
c05,20,0,0,0.3966081811875675
c05,21,0,0,0.29912761764044926
c05,22,0,0,0.3027313190898603
c05,23,0,0,0.32968229261583604
c05,24,0,0,0.23390209214529098
c05,25,0,0,0.3292635785099551
c05,26,0,0,0.4304164306463548
c05,27,0,0,0.38652127761896254
c05,28,0,0,0.3782961111004453
c05,29,0,0,0.30804835240194095
c05,30,0,0,0.419118803222402
c05,31,0,0,0.42188158757893907
c05,32,0,0,0.393188138043757
c05,33,0,0,0.44294670924639695
c05,34,0,0,0.46255564952012573
c05,35,0,0,0.4339500771883282
c05,36,0,0,0.34513536844733594
c05,37,0,1,0.5074952241335499
c05,38,0,0,0.45020993199582826
c05,39,0,0,0.40643999234002565
c05,40,0,0,0.2217538600194004
c05,41,0,0,0.20730916695301524
c05,42,0,0,0.23752808273161896
c05,43,0,0,0.21573833008741325
c05,44,0,0,0.3224148939333604
c05,45,0,0,0.4625161153417504
c05,46,0,0,0.3470435702393941
c05,47,0,1,0.5142401604968424
c05,48,0,0,0.30468813364213804
c05,49,0,0,0.45567251954245785
c05,50,0,0,0.32935136384922664
c05,51,0,0,0.3714264254084415
c05,52,0,0,0.32009188189583404
c05,53,0,0,0.27356901025860936
c05,54,0,0,0.3262600799168404
c05,55,0,0,0.31032684449454345
c05,56,0,0,0.2962355981878782
c05,57,0,1,0.574534759541967
c05,58,0,0,0.2948727425201632
c05,59,0,0,0.30066222005047466
c05,60,0,0,0.3825823675642348
c05,61,0,0,0.4486451506134989
c05,62,0,0,0.29067834803765763
c05,63,0,0,0.4976822535611401
c05,64,0,0,0.2587246616183663
c05,65,0,0,0.35934095293220936
c05,66,0,1,0.6476902699647168
c05,67,0,0,0.3302963470041884
c05,68,0,0,0.3542855685909641
c05,69,0,0,0.2961401879291301
c05,70,0,0,0.25560580190630416
c05,71,0,0,0.3539513437595631
c05,72,0,0,0.2741201715918311
c05,73,0,0,0.32217028329713454
c05,74,0,0,0.3465084460955485
c05,75,0,0,0.3065231507699015
c05,76,0,0,0.3970348828123061
c05,77,0,0,0.4348681723866207
c05,78,0,0,0.4255382842426031
c05,79,0,0,0.46457759769579393
c05,80,0,0,0.34518799294232405
c05,81,0,0,0.4339519334241808
c05,82,0,0,0.3713766526266196
c05,83,0,1,0.5018927524184953
c05,84,0,0,0.4441046969970783
c05,85,0,0,0.36727956865217015
c05,86,0,0,0.4321843122875074
c05,87,0,0,0.3231181914148999
c05,88,0,1,0.559201552418803
c05,89,0,0,0.497150827909262
c05,90,0,1,0.8059013762121542
c05,91,0,0,0.4687532224939788
c05,92,0,0,0.36572710361218924
c05,93,0,0,0.42460900339420854
c05,94,0,0,0.32661937036922245
c05,95,0,0,0.3614083886456579
c05,96,0,0,0.3388473960887846
c05,97,0,0,0.3576873550811739
c05,98,0,0,0.3385377886037277
c05,99,0,0,0.32372856182988546
c05,100,0,0,0.42202936262017265
c05,101,0,0,0.31672359796282945
c05,102,0,0,0.3416497790739375
c05,103,0,0,0.3264539219449936
c05,104,0,0,0.4113998551532139
c05,105,0,0,0.3399315190355677
c05,106,0,0,0.35257218350639385
c05,107,0,0,0.2913942036026471
c05,108,0,0,0.3670783050124298
c05,109,0,0,0.3900264675192729
c05,110,0,1,0.9698636776527205
c05,111,0,1,0.7867763063765518
c05,112,0,0,0.35999118966173743
c05,113,0,1,0.6284343358286415
c05,114,0,0,0.41401633394282233
c05,115,0,0,0.3895108616730508
c05,116,0,1,0.527799112139607
c05,117,0,0,0.48665546422625605
c05,118,0,0,0.42865721118994005
c05,119,0,0,0.37105589397213123
c05,120,0,0,0.39695100670505185
c05,121,0,0,0.4104243434805555
c05,122,0,1,0.5928717387304463
c05,123,0,0,0.4009980463054706
c05,124,0,0,0.39801962135048025
c05,125,0,1,0.5845165703787989
c05,126,0,1,0.7428526281349845
c05,127,0,1,0.6327529410767768
c05,128,0,0,0.3702199421253098
c05,129,0,0,0.4441372702322804
c05,130,0,0,0.4743948879819113
c05,131,0,1,0.5276999002384839
c05,132,0,0,0.4145101864607902
c05,133,0,0,0.38585725398153886
c05,134,0,0,0.3493782842118961
c05,135,0,0,0.42045058712551103
c05,136,0,0,0.40106429586524933
c05,137,0,1,0.5634025544032629
c05,138,0,0,0.4667345221337732
c05,139,0,1,0.5412639388679518
c05,140,0,0,0.3292222943988164
c05,141,0,0,0.48495268643563055
c05,142,0,1,0.585712743182518
c05,143,0,1,0.5328165149680189
c05,144,0,0,0.37496817970593443
c05,145,0,1,0.8865925687052911
c05,146,0,1,0.7204440145945001
c05,147,0,1,0.5432870045731386
c05,148,0,1,0.7587817172282293
c05,149,0,0,0.48568372809103155
c05,150,0,0,0.37843253427143464
c05,151,0,0,0.36909172933053136
c05,152,0,0,0.39624692430700087
c05,153,0,1,0.6125580398570333
c05,154,0,0,0.3914231580089343
c05,155,0,0,0.38121201526909326
c05,156,0,0,0.4012209484621721
c05,157,0,0,0.3425045037303974
c05,158,0,0,0.35923054651096825
c05,159,0,0,0.3265127868200957
c05,160,0,0,0.31457287209175905
c05,161,0,1,0.5376628769422332
c05,162,0,1,0.5209631002811025
c05,163,0,1,0.7208794639177406
c05,164,0,1,0.6483102633940337
c05,165,0,1,0.9469051512731627
c05,166,0,0,0.4263349325320179
c05,167,0,0,0.32363462874396626
c05,168,0,0,0.42898482183990394
c05,169,0,0,0.45721404731624254
c05,170,0,0,0.4249682181450083
c05,171,0,0,0.3333286193161028
c05,172,0,0,0.24367230001240664
c05,173,0,0,0.3663579868889598
c05,174,0,0,0.295255047674492
c05,175,0,0,0.31272238527725377
c05,176,0,0,0.2988205953846465
c05,177,0,0,0.2848145441510092
c05,178,0,0,0.23540740596444582
c05,179,0,0,0.2531928170897549
c05,180,0,0,0.3012043063421544
c05,181,0,0,0.35586840783819246
c05,182,0,0,0.27096468699710574
c05,183,0,0,0.33320655706970526
c05,184,0,0,0.3238343323843479
c05,185,0,0,0.3678606543486492
c05,186,0,0,0.37017922138932147
c05,187,0,0,0.3160644563043843
c05,188,0,0,0.34580311101182926
c05,189,0,0,0.29721073151918603
c05,190,0,0,0.368557912910567
c05,191,0,0,0.332268012533243
c05,192,0,0,0.25071507513163316
c05,193,0,0,0.3283341750768712
c05,194,0,1,0.7113652919841422
c05,195,0,1,0.684591377306784
c05,196,0,1,0.5573330636918691
c05,197,0,1,0.6407151078323372
c05,198,0,1,0.5000551919895343
c05,199,0,0,0.3766534796800486
c05,200,0,0,0.33805088388280063
c05,201,0,0,0.344187934837544
c05,202,0,0,0.37060078818673425
c05,203,0,0,0.38425163101341814
c05,204,0,0,0.4048801294614918
c05,205,0,1,0.5742180393035169
c05,206,0,1,0.6087505106771934
c05,207,0,0,0.3833208915583119
c05,208,0,0,0.3502471442599518
c05,209,0,1,0.9020413065224923
c05,210,0,0,0.38109101200082673
c05,211,0,0,0.3386013453402564
c05,212,0,0,0.33052378997918064
c05,213,0,0,0.3986051599940656
c05,214,0,0,0.4411557393614302
c05,215,0,1,0.5062001304552568
c05,216,0,0,0.47199066206662704
c05,217,0,0,0.3507554690366434
c05,218,0,0,0.4155276702004235
c05,219,0,0,0.4835221824701804
c05,220,0,1,0.7361164368605292
c05,221,0,0,0.3125736811588084
c05,222,0,1,0.6370417199484225
c05,223,0,0,0.3345291575329971
c05,224,0,0,0.3781212047549509
c05,225,0,0,0.38756041864148655
c05,226,0,0,0.4652425683727066
c05,227,0,0,0.2963907389618156
c05,228,0,0,0.2921738796180765
c05,229,0,0,0.41072224083628067
c05,230,0,0,0.3625661876257092
c05,231,0,0,0.28559676005129087
c05,232,0,1,0.6302889151445104
c05,233,0,0,0.3857199930277808
c05,234,0,0,0.32256703006089343
c05,235,0,0,0.357866037002209
c05,236,0,0,0.3733618790544741
c05,237,0,0,0.34092782022635226
c05,238,0,0,0.32248687374491314
c05,239,0,0,0.27939543028069624
c05,240,0,0,0.3666576813506789
c05,241,0,0,0.31454595452524403
c05,242,0,0,0.3362119901927636
c05,243,0,0,0.27064012408589233
c05,244,0,0,0.2671032617226157
c05,245,0,0,0.33787215638956003
c05,246,0,0,0.3582986535696205
c05,247,0,0,0.27245340104890625
c05,248,0,0,0.3239654317955846
c05,249,0,0,0.31623470517487723
c05,250,0,0,0.4715722888153948
c05,251,0,0,0.31430870370084274
c05,252,0,0,0.26676375288533405
c05,253,0,0,0.281353034978184
c05,254,0,1,0.5831152788490769
c05,255,0,1,0.9133283563869536
c05,256,0,0,0.4793578220198002
c05,257,0,0,0.3133305028367162
c05,258,0,1,0.5717383186035448
c05,259,0,0,0.38479235788407073
c05,260,0,0,0.2933472982829054
c05,261,0,0,0.3460912583649303
c05,262,0,0,0.24846349232745749
c05,263,0,0,0.2517380363201318
c05,264,0,0,0.20967633679023398
c05,265,0,0,0.28732932116451493
c05,266,0,0,0.2680093028915219
c05,267,0,1,0.6511343098145571
c05,268,0,0,0.24895857737610633
c05,269,0,0,0.20387177569483717
c05,270,0,0,0.212533584012753
c05,271,0,0,0.3338073441748165
c05,272,0,1,0.5343034405746593
c05,273,0,0,0.24142402001640986
c05,274,0,0,0.31108677170958254
c05,275,0,1,0.8917403786589884
c05,276,0,0,0.4476306873810155
c05,277,0,0,0.3833066743690108
c05,278,0,0,0.3070004779516027
c05,279,0,0,0.28547058801910935
c05,280,0,0,0.32594100591131636
c05,281,0,0,0.308494558264754
c05,282,0,0,0.2839624668840534
c05,283,0,0,0.30421879993663364
c05,284,0,1,0.7801568422360425
c05,285,0,0,0.46800948314628454
c05,286,0,0,0.3743259679272061
c05,287,0,0,0.4183543205746864
c05,288,0,0,0.4010570780037589
c05,289,0,1,0.5237838934422984
c05,290,0,0,0.3728637591973101
c05,291,0,0,0.40048214333725757
c05,292,0,0,0.3491754994887043
c05,293,0,0,0.4332171063727861
c05,294,0,0,0.4149469435019183
c05,295,0,1,0.8855179652876993
c05,296,0,0,0.3502300717512219
c05,297,0,0,0.2733677960736294
c05,298,0,0,0.35351285768626073
c05,299,0,1,0.5775154809338044
c05,300,0,1,0.8775040052921402
c05,301,0,0,0.29840003808953347
c05,302,0,0,0.3572990017577219
c05,303,0,0,0.4414225036852854
c05,304,0,0,0.2732163102659121
c05,305,0,0,0.43071545181741433
c05,306,0,0,0.3247416099337352
c05,307,0,0,0.25825962292381344
c05,308,0,0,0.37082187158301744
c05,309,0,0,0.281005627545496
c05,310,0,0,0.2524416022165455
c05,311,0,0,0.3163024932485739
c05,312,0,0,0.22726183323251153
c05,313,0,0,0.3485787965240638
c05,314,0,0,0.3177080164427026
c05,315,0,0,0.4001050688576346
c05,316,0,1,0.8977920830028983
c05,317,0,1,0.6386672506112896
c05,318,0,0,0.31911882109897466
c05,319,0,0,0.39958402242946056
c05,320,0,0,0.27284327545489806
c05,321,0,0,0.42411276985225516
c05,322,0,0,0.4492671424670359
c05,323,0,0,0.3297545601221718
c05,324,0,0,0.29387263449934614
c05,325,0,0,0.2604717690957818
c05,326,0,0,0.37164160455789613
c05,327,0,0,0.4901584772581865
c05,328,0,0,0.34433372624112724
c05,329,0,0,0.324157155162814
c05,330,0,0,0.2935806230506705
c05,331,0,0,0.23508886217120573
c05,332,0,0,0.2692243089276847
c05,333,0,0,0.24498292481648787
c05,334,0,0,0.295088585169954
c05,335,0,0,0.2710905346476954
c05,336,0,0,0.32248086324095715
c05,337,0,0,0.3679159999346014
c05,338,0,0,0.31920450139041845
c05,339,0,0,0.3475850459645476
c05,340,0,0,0.2178194504346082
c05,341,0,0,0.22569795669071163
c05,342,0,1,0.537995391078192
c05,343,0,0,0.3145824712659364
c05,344,0,0,0.34755503674960425
c05,345,0,0,0.2695450639683133
c05,346,0,1,0.9677055767543217
c05,347,0,0,0.3599255973214655
c05,348,0,1,0.5037504226095662
c05,349,0,0,0.24543976158704084
c05,350,0,0,0.38122381806977235
c05,351,0,1,0.5542735408134122
c05,352,0,1,0.9295707704468326
c05,353,0,1,0.5624689516495955
c05,354,0,0,0.4417464266689474
c05,355,0,0,0.38330690167331644
c05,356,0,1,0.6965935048187143
c05,357,0,0,0.4131857815441836
c05,358,0,0,0.37161397644251537
c05,359,0,0,0.2535750798459092
c05,360,0,0,0.28655775839395753
c05,361,0,0,0.3612228395295646
c05,362,0,0,0.30017981963937646
c05,363,0,0,0.2603050900266008
c05,364,0,0,0.3467396131286708
c05,365,0,0,0.36621425914739236
c05,366,0,0,0.3831421321962854
c05,367,0,0,0.2966588084394316
c05,368,0,0,0.3679966415242978
c05,369,0,1,0.6992701337214218
c05,370,0,1,0.9427388357881045
c05,371,0,1,0.680172832005914
c05,372,0,0,0.35267436177617356
c05,373,0,0,0.46157611031750145
c05,374,0,0,0.3406161409772766
c05,375,0,0,0.40909395999194137
c05,376,0,0,0.3676626199499694
c05,377,0,0,0.39420619153874437
c05,378,0,1,0.5433860063086517
c05,379,0,1,0.6541431618986979
c05,380,0,0,0.36477145568104874
c05,381,0,0,0.3358775246607009
c05,382,0,0,0.3652678341147515
c05,383,0,1,0.5105906678014845
c05,384,0,0,0.32194859408700893
c05,385,1,0,0.46080423613472726
c05,386,1,1,0.5294259877307269
c05,387,0,1,0.9664439913644084
c05,388,0,0,0.27245787729690685
c05,389,0,0,0.40474952201992664
c05,390,0,0,0.393345247082389
c05,391,0,0,0.25826880366004434
c05,392,0,0,0.3620445327720653
c05,393,0,0,0.2726063082986304
c05,394,0,0,0.3051017850045011
c05,395,0,0,0.24965170574206963
c05,396,0,0,0.3222971921529327
c05,397,0,0,0.28376831394337776
c05,398,0,0,0.3609104337266439
c05,399,0,0,0.19903427806993812
c05,400,0,0,0.28574527471037053
c05,401,0,0,0.38633336884873815
c05,402,0,0,0.3681821519320069
c05,403,0,0,0.18562111615664376
c05,404,0,0,0.32689355239909473
c05,405,0,0,0.21370687903923488
c05,406,0,0,0.417011407185067
c05,407,0,1,0.5865303300492767
c05,408,0,0,0.32238773458124964
c05,409,0,0,0.4250199157383656
c05,410,0,0,0.38977762116500886
c05,411,0,0,0.22216245696513248
c05,412,0,0,0.2695439255589716
c05,413,0,0,0.2308831696147111
c05,414,0,0,0.36356401441397834
c05,415,0,0,0.44561163580929425
c05,416,0,0,0.3479386882983854
c05,417,0,0,0.3375096790863076
c05,418,0,0,0.4892727058992661
c05,419,0,0,0.3209249712456884
c05,420,0,0,0.2798445742749982
c05,421,0,0,0.26692924994628225
c05,422,0,0,0.4145227202685969
c05,423,0,0,0.22489585525113864
c05,424,0,0,0.20745947578138463
c05,425,0,0,0.24015116770622608
c05,426,0,0,0.20963652986246
c05,427,0,0,0.24169899470291673
c05,428,0,0,0.43789165766135013
c05,429,0,0,0.21475273153331093
c05,430,0,0,0.2941398369224765
c05,431,0,0,0.2988898231402115
c05,432,0,0,0.4172109279778837
c05,433,0,0,0.29730927094147175
c05,434,0,0,0.298677053565845
c05,435,0,0,0.3522921255702788
c05,436,0,0,0.28721190817458314
c05,437,0,0,0.31952968650449126
c05,438,0,0,0.38570358278472533
c05,439,0,0,0.33805498268762624
c05,440,0,0,0.36235463709836196
c05,441,0,0,0.26182258712467815
c05,442,0,0,0.29285519478945593
c05,443,0,0,0.2853000704047338
c05,444,0,0,0.3945718811300968
c05,445,0,0,0.2706414372148793
c05,446,0,0,0.2669959932856437
c05,447,0,1,0.842316490134177
c05,448,0,0,0.3675580276496328
c05,449,0,1,0.7435614289352773
c05,450,0,0,0.3342493103289655
c05,451,0,0,0.40608132852633916
c05,452,0,0,0.2805275776032574
c05,453,0,0,0.3649716308674767
c05,454,0,0,0.3643433289653534
c05,455,0,0,0.38993488823005795
c05,456,0,0,0.34486759486751034
c05,457,0,0,0.3485953912122286
c05,458,0,0,0.2907993111845675
c05,459,0,1,0.547010596218462
c05,460,0,0,0.37626829012064994
c05,461,0,1,0.943763752328079
c05,462,0,1,0.8459417006944078
c05,463,0,0,0.1625877468871293
c05,464,0,1,0.6915729280388857
c05,465,0,1,0.7204790412395635
c06,1,0,1,0.5109751225572732
c06,2,0,0,0.16140749887295605
c06,3,0,1,0.6513184318221946
c06,4,0,0,0.15611659520490173
c06,5,0,0,0.3045453057704218
c06,6,0,0,0.42797824273041757
c06,7,0,0,0.4299835309371201
c06,8,0,0,0.2890350834123732
c06,9,0,0,0.4856096075053981
c06,10,0,1,0.543161023972956
c06,11,0,0,0.44091669155923385
c06,12,0,0,0.3868144473923703
c06,13,0,0,0.3677619327132643
c06,14,0,0,0.29947159114834226
c06,15,0,0,0.29547392835242225
c06,16,0,0,0.26355146321861495
c06,17,0,0,0.32248044644586127
c06,18,0,0,0.3771558455810656
c06,19,0,0,0.2713363159579696
c06,20,0,0,0.3594257196772906
c06,21,0,0,0.29480922308092145
c06,22,0,0,0.2933834396603249
c06,23,0,0,0.309117783601419
c06,24,0,0,0.3076901068532979
c06,25,0,0,0.27202372086525545
c06,26,0,0,0.3556112024457495
c06,27,0,0,0.3744211076226315
c06,28,0,0,0.47935810440249177
c06,29,0,0,0.3305001207267587
c06,30,0,0,0.31463886545260195
c06,31,0,0,0.28527262897830485
c06,32,0,0,0.35274046490548516
c06,33,0,0,0.36038686119444097
c06,34,0,0,0.4163328368973032
c06,35,0,0,0.47190751976795914
c06,36,0,0,0.341176031273688
c06,37,0,0,0.36318065698665175
c06,38,0,0,0.4065243808718098
c06,39,0,0,0.4241431417789087
c06,40,0,0,0.28108874293489367
c06,41,0,0,0.3727852511261386
c06,42,0,0,0.21549326835944496
c06,43,0,0,0.21752188814445556
c06,44,0,0,0.20958724162616524
c06,45,0,0,0.28959140674044986
c06,46,0,0,0.30913097461207273
c06,47,0,0,0.48607428971815675
c06,48,0,0,0.4591977929733198
c06,49,0,0,0.33401027315883947
c06,50,0,0,0.4249207253571867
c06,51,0,0,0.3450893653746657
c06,52,0,0,0.33847525627870106
c06,53,0,0,0.3452117953206259
c06,54,0,0,0.2694956705531989
c06,55,0,0,0.31653707456511976
c06,56,0,0,0.3430056333667409
c06,57,0,0,0.34727855107277666
c06,58,0,1,0.5268426930617631
c06,59,0,0,0.2744166063784142
c06,60,0,0,0.27276820892203996
c06,61,0,0,0.4905373772846348
c06,62,0,0,0.3538187331434491
c06,63,0,0,0.39842231512458176
c06,64,0,0,0.4160511217955493
c06,65,0,0,0.3679280187603126
c06,66,0,0,0.2637804200467579
c06,67,0,1,0.7694605290090212
c06,68,0,1,0.7807732233337747
c06,69,0,0,0.44134069899180844
c06,70,0,0,0.31422351134499943
c06,71,0,0,0.24676386699427283
c06,72,0,0,0.30016093281792233
c06,73,0,0,0.2842941065213226
c06,74,0,0,0.32587028300491844
c06,75,0,0,0.3061422236692684
c06,76,0,0,0.4284356063184543
c06,77,0,0,0.47693255766290643
c06,78,0,0,0.4950110680331592
c06,79,0,0,0.3432824819457851
c06,80,0,0,0.46859213337328387
c06,81,0,0,0.3201114676734418
c06,82,0,0,0.3937881789597391
c06,83,0,0,0.37679666323866634
c06,84,0,0,0.32378309756346935
c06,85,0,1,0.7074893205925188
c06,86,0,0,0.3673150592639552
c06,87,0,0,0.4584225319191366
c06,88,0,0,0.30346562144246375
c06,89,0,0,0.4233640332241699
c06,90,0,0,0.46115559907089204
c06,91,0,1,0.8914427809784728
c06,92,0,1,0.9109569178168571
c06,93,0,0,0.4240919845051792
c06,94,0,0,0.4195576057026771
c06,95,0,0,0.2937174131677666
c06,96,0,0,0.4251720553605686
c06,97,0,0,0.3197831737889077
c06,98,0,0,0.33473782538212815
c06,99,0,0,0.340861909753917
c06,100,0,0,0.3267986253612704
c06,101,0,0,0.4100190755978521
c06,102,0,0,0.3629383588362621
c06,103,0,0,0.34025173881722326
c06,104,0,0,0.3044510069929216
c06,105,0,0,0.4464700170340232
c06,106,0,0,0.29407785081894905
c06,107,0,0,0.3739330678338687
c06,108,0,0,0.28666205185424054
c06,109,0,0,0.3249410852293054
c06,110,0,0,0.40735325039876885
c06,111,0,1,0.8494080437154711
c06,112,0,1,0.9797779096938327
c06,113,0,1,0.5755409603435699
c06,114,0,1,0.6693472652287639
c06,115,0,0,0.4743623260033035
c06,116,0,0,0.35317784752341264
c06,117,0,1,0.5432521197713399
c06,118,0,0,0.4059282555253529
c06,119,0,0,0.4466009914540136
c06,120,0,0,0.3752746758028373
c06,121,0,0,0.4021006655035271
c06,122,0,0,0.39726836883998135
c06,123,0,1,0.6159867821151597
c06,124,0,0,0.3905069589353651
c06,125,0,0,0.399998440743656
c06,126,0,0,0.4691242691872517
c06,127,0,1,0.6477806219791555
c06,128,0,1,0.6207073111774078
c06,129,0,0,0.3740249855836146
c06,130,0,0,0.41806570648293
c06,131,0,0,0.47439284749250793
c06,132,0,0,0.40105402812579743
c06,133,0,0,0.3915687220799863
c06,134,0,0,0.4456193117678241
c06,135,0,0,0.34702802919125864
c06,136,0,0,0.34882311213969996
c06,137,0,0,0.4686344253659978
c06,138,0,1,0.6114901325306846
c06,139,0,1,0.6367113871639324
c06,140,0,1,0.6179711975127492
c06,141,0,0,0.33520203053652564
c06,142,0,0,0.44536129372594907
c06,143,0,0,0.4156253295492367
c06,144,0,1,0.6469902171924152
c06,145,0,0,0.47309951311434295
c06,146,0,0,0.4152243536030255
c06,147,0,1,0.8957708235389068
c06,148,0,1,0.5538521030420012
c06,149,0,1,0.6308642481393627
c06,150,0,1,0.589610257567592
c06,151,0,0,0.3753693843315268
c06,152,0,0,0.36436210293385757
c06,153,0,0,0.40613618660996215
c06,154,0,1,0.6268419178979789
c06,155,0,0,0.4291722323904416
c06,156,0,0,0.37391611891515464
c06,157,0,0,0.4272470042643461
c06,158,0,0,0.3530123657996464
c06,159,0,0,0.3694545332695901
c06,160,0,0,0.3364812737068336
c06,161,0,0,0.30516188025183777
c06,162,0,0,0.3499459015507124
c06,163,0,1,0.5099523701810259
c06,164,0,1,0.7617175108255996
c06,165,0,1,0.5489851244993275
c06,166,0,1,0.9275708205757729
c06,167,0,0,0.48493216566861386
c06,168,0,0,0.36566648656652756
c06,169,0,0,0.41654936507463763
c06,170,0,0,0.37734745869113784
c06,171,0,0,0.37255276433896045
c06,172,0,0,0.4668109801525209
c06,173,0,0,0.27795044736393876
c06,174,0,0,0.3267536484785915
c06,175,0,0,0.25460006260349366
c06,176,0,0,0.3321371811048109
c06,177,0,0,0.2931311871628552
c06,178,0,0,0.26591387791047344
c06,179,0,0,0.2640696409451419
c06,180,0,0,0.2795432370058198
c06,181,0,0,0.2925855555211379
c06,182,0,0,0.3111469128807626
c06,183,0,0,0.3074516236411372
c06,184,0,0,0.2733559750780326
c06,185,0,0,0.3684723049496106
c06,186,0,0,0.3242765820410906
c06,187,0,0,0.3382529431075388
c06,188,0,0,0.3710917898467541
c06,189,0,0,0.34388156103520157
c06,190,0,0,0.3564458178648993
c06,191,0,0,0.39709308120935405
c06,192,0,0,0.28816058096390335
c06,193,0,0,0.26397447092218934
c06,194,0,0,0.3218606589022283
c06,195,0,1,0.5644369329495502
c06,196,0,1,0.7906187071995914
c06,197,0,0,0.46798651330470137
c06,198,0,1,0.6479136864599565
c06,199,0,1,0.5260531637087701
c06,200,0,0,0.35809735169256673
c06,201,0,0,0.36906583040739965
c06,202,0,0,0.33265507146384565
c06,203,0,0,0.35991708382107857
c06,204,0,0,0.38564318984461504
c06,205,0,0,0.38379713787714115
c06,206,0,0,0.3911235208177188
c06,207,0,1,0.5168215361530124
c06,208,0,1,0.6140296844736521
c06,209,0,0,0.34908378842926424
c06,210,0,1,0.7320793631467833
c06,211,0,0,0.4607488263313388
c06,212,0,0,0.352923821003481
c06,213,0,0,0.3250923834051073
c06,214,0,0,0.38616652575144345
c06,215,0,0,0.39701415387440175
c06,216,0,1,0.6079586152617229
c06,217,0,0,0.41145063611834015
c06,218,0,0,0.390815594157839
c06,219,0,0,0.4045186398181185
c06,220,0,1,0.5564081964778302
c06,221,0,1,0.7322161134612807
c06,222,0,0,0.3039776866542968
c06,223,0,1,0.5572221262277867
c06,224,0,1,0.5646323679057972
c06,225,0,0,0.37893979397698163
c06,226,0,0,0.44012456790302473
c06,227,0,0,0.4132843963051088
c06,228,0,0,0.28494765179733084
c06,229,0,0,0.3265288738249903
c06,230,0,0,0.48315176685032507
c06,231,0,0,0.49724991048570233
c06,232,0,0,0.27275546572292747
c06,233,0,1,0.5720202878877882
c06,234,0,0,0.4160912185203501
c06,235,0,0,0.2896439468868225
c06,236,0,0,0.3778717412090837
c06,237,0,0,0.3929152145215822
c06,238,0,0,0.35058400192105765
c06,239,0,0,0.3094089973866756
c06,240,0,0,0.2843706375081846
c06,241,0,0,0.3561371229666176
c06,242,0,0,0.3234899317831805
c06,243,0,0,0.29748794839945464
c06,244,0,0,0.30689468751355975
c06,245,0,0,0.258627808844285
c06,246,0,0,0.3323585655342787
c06,247,0,0,0.30215124329455056
c06,248,0,0,0.2861103486668759
c06,249,0,0,0.30047975557861817
c06,250,0,0,0.3119234923569696
c06,251,0,1,0.5214645772214066
c06,252,0,0,0.24567586546359432
c06,253,0,0,0.3354409928462096
c06,254,0,0,0.29309282384538254
c06,255,0,0,0.45862438659274013
c06,256,0,1,0.9171328635227073
c06,257,0,1,0.8335473758708973
c06,258,0,0,0.34752402904227764
c06,259,0,1,0.5548401808476254
c06,260,0,0,0.4335413240996608
c06,261,0,0,0.23761319817904616
c06,262,0,0,0.3755218244416425
c06,263,0,0,0.2210126700074426
c06,264,0,0,0.26600934743901833
c06,265,0,0,0.19832798063396956
c06,266,0,0,0.2899549160774412
c06,267,0,0,0.2717574831468939
c06,268,0,1,0.5721837188953223
c06,269,0,0,0.44741054545039954
c06,270,0,0,0.20797180396729206
c06,271,0,0,0.22259570612758853
c06,272,0,0,0.3573841991350678
c06,273,0,0,0.2709256915898783
c06,274,0,0,0.4013480777884436
c06,275,0,0,0.31637350837412326
c06,276,0,1,0.5713495476061327
c06,277,0,1,0.9120286964337407
c06,278,0,0,0.47939426913405947
c06,279,0,0,0.30435548298550713
c06,280,0,0,0.3108486127334915
c06,281,0,0,0.34180112044080746
c06,282,0,0,0.3400630793793464
c06,283,0,0,0.30994223873706056
c06,284,0,0,0.2695583442915772
c06,285,0,1,0.8064474578782743
c06,286,0,1,0.5579524794997309
c06,287,0,0,0.32043445507566276
c06,288,0,0,0.46450382117462663
c06,289,0,0,0.4157060269075363
c06,290,0,0,0.4966029255141091
c06,291,0,0,0.37465542054184403
c06,292,0,0,0.39431121001627706
c06,293,0,0,0.37576186158155583
c06,294,0,0,0.3514795999877574
c06,295,0,0,0.4125199203717221
c06,296,0,1,0.7609785347083924
c06,297,0,0,0.33294630911573875
c06,298,0,0,0.28928888907424044
c06,299,0,0,0.32601872092394885
c06,300,0,0,0.374093907793367
c06,301,0,1,0.9259725929514118
c06,302,0,0,0.25443603953455957
c06,303,0,0,0.32118841087189004
c06,304,0,0,0.44437752849471124
c06,305,0,0,0.2946668155885439
c06,306,0,0,0.29647537382787853
c06,307,0,0,0.37847178689216965
c06,308,0,0,0.28127954362207086
c06,309,0,0,0.3796042200403253
c06,310,0,0,0.27260297463282246
c06,311,0,0,0.24941678385704297
c06,312,0,0,0.2537504293987502
c06,313,0,0,0.3147923863622724
c06,314,0,0,0.34706964407225155
c06,315,0,0,0.2596843996156051
c06,316,0,0,0.4177746090915421
c06,317,0,1,0.8978071157269902
c06,318,0,1,0.625288146487596
c06,319,0,0,0.28340327404810284
c06,320,0,0,0.3575344806472701
c06,321,0,0,0.3269646163466569
c06,322,0,0,0.34186484541307416
c06,323,0,0,0.47070770451987554
c06,324,0,0,0.29454703822767103
c06,325,0,0,0.26962788726269815
c06,326,0,0,0.2239440698623117
c06,327,0,0,0.2928562669637237
c06,328,0,1,0.5136061354337418
c06,329,0,0,0.3967496149562407
c06,330,0,0,0.39212343209548295
c06,331,0,0,0.3247666651713126
c06,332,0,0,0.26104782288032446
c06,333,0,0,0.25924648054167304
c06,334,0,0,0.2674008492681254
c06,335,0,0,0.2224772250467672
c06,336,0,0,0.27424542532598317
c06,337,0,0,0.2753226100120578
c06,338,0,0,0.35474179672740663
c06,339,0,0,0.31975405209108826
c06,340,0,0,0.23210841002154645
c06,341,0,0,0.26428637616521544
c06,342,0,0,0.3129067327716693
c06,343,0,0,0.48972286498100914
c06,344,0,0,0.3011736279175691
c06,345,0,0,0.32862504187726643
c06,346,0,0,0.31996214543526325
c06,347,0,1,0.972753566005521
c06,348,0,1,0.9328297204637189
c06,349,0,0,0.34833306727148927
c06,350,0,0,0.2778086944677466
c06,351,0,0,0.40314277915783364
c06,352,0,0,0.47777008174886165
c06,353,0,1,0.6388571857334909
c06,354,0,1,0.9134297185541977
c06,355,0,0,0.28838491071330136
c06,356,0,0,0.46561497721284334
c06,357,0,1,0.5678746598964147
c06,358,0,1,0.5739347222466511
c06,359,0,0,0.3046495648176223
c06,360,0,0,0.2766772109519368
c06,361,0,0,0.27287923503940925
c06,362,0,0,0.358603488102813
c06,363,0,0,0.3662548905024224
c06,364,0,0,0.4056017797501203
c06,365,0,0,0.34495278281492353
c06,366,0,0,0.3864385809906854
c06,367,0,0,0.33999143269245824
c06,368,0,0,0.3240124205234426
c06,369,0,0,0.4201841757086221
c06,370,0,0,0.3857841565862845
c06,371,0,1,0.9343678359169092
c06,372,0,1,0.6486514631042172
c06,373,0,0,0.4984668976082617
c06,374,0,0,0.3506447685727781
c06,375,0,0,0.4428970802574494
c06,376,0,0,0.3954464690490914
c06,377,0,0,0.37353227912579945
c06,378,0,0,0.4006230197201444
c06,379,0,0,0.3930228450672137
c06,380,0,1,0.7609764871830476
c06,381,0,0,0.40386543837672334
c06,382,0,0,0.34965757932626934
c06,383,0,0,0.36915152039171734
c06,384,0,0,0.4540109950947455
c06,385,0,0,0.3328540932981118
c06,386,1,0,0.4459445721645446
c06,387,0,1,0.5799258044287676
c06,388,0,1,0.8617721863645534
c06,389,0,0,0.22441098925905698
c06,390,0,0,0.37103296052771795
c06,391,0,0,0.30160988218595625
c06,392,0,0,0.43999593229595124
c06,393,0,0,0.3809303241695144
c06,394,0,0,0.3127535078915201
c06,395,0,0,0.28479743411371833
c06,396,0,0,0.27981085844660464
c06,397,0,0,0.18495679555688394
c06,398,0,0,0.2816101854697438
c06,399,0,0,0.4300178294183181
c06,400,0,0,0.21128727031874753
c06,401,0,0,0.25213301395198984
c06,402,0,0,0.2927918213388886
c06,403,0,0,0.28464700733067144
c06,404,0,0,0.2707300379314197
c06,405,0,0,0.20001740392536627
c06,406,0,0,0.33853084950643075
c06,407,0,0,0.38364159359513345
c06,408,0,1,0.6433608646665337
c06,409,0,0,0.4784522544696812
c06,410,0,0,0.45585100370953124
c06,411,0,0,0.37807194726853954
c06,412,0,0,0.3789895837155892
c06,413,0,0,0.2137610542981264
c06,414,0,0,0.26441678240358735
c06,415,0,0,0.3414984979129827
c06,416,0,0,0.3546954099601024
c06,417,0,1,0.5002964466678168
c06,418,0,0,0.35641797206208853
c06,419,0,0,0.42189834536444115
c06,420,0,0,0.3313144265815625
c06,421,0,0,0.2685686804639368
c06,422,0,0,0.33034715067852954
c06,423,0,0,0.4121358281719007
c06,424,0,0,0.2747290060028518
c06,425,0,0,0.24780105950704984
c06,426,0,0,0.21199033210227586
c06,427,0,0,0.24518910480017447
c06,428,0,0,0.22671353727276022
c06,429,0,0,0.3376117609079486
c06,430,0,0,0.25762251610475206
c06,431,0,0,0.2683751900140278
c06,432,0,0,0.31384634065521444
c06,433,0,0,0.4175755158968756
c06,434,0,0,0.35875276637225423
c06,435,0,0,0.25430755775669606
c06,436,0,0,0.3780748134300385
c06,437,0,0,0.32012592995539
c06,438,0,0,0.3856895693735694
c06,439,0,0,0.2601620548365981
c06,440,0,0,0.2988341238168845
c06,441,0,0,0.27639468357989483
c06,442,0,0,0.4444471077748539
c06,443,0,0,0.26381080189088446
c06,444,0,0,0.2551424435522732
c06,445,0,0,0.3825868014722162
c06,446,0,0,0.3485474842499539
c06,447,0,0,0.2136383275037605
c06,448,0,1,0.736936605514825
c06,449,0,1,0.8881064679367181
c06,450,0,1,0.7493346017034526
c06,451,0,0,0.3351664499619168
c06,452,0,0,0.4298519948417629
c06,453,0,0,0.4015285281716018
c06,454,0,0,0.36058428926563935
c06,455,0,0,0.4018521444248436
c06,456,0,0,0.4438914626575671
c06,457,0,0,0.2932397101910312
c06,458,0,0,0.3666176258223108
c06,459,0,0,0.23811550762702427
c06,460,0,0,0.33183445916762766
c06,461,0,0,0.3562139788793646
c06,462,0,0,0.3788121110099215
c06,463,0,1,0.7457286401204121
c06,464,0,0,0.2833857323879224
c06,465,0,1,0.8979003517794378
c06,466,0,1,0.6361878152680308
c06,467,0,0,0.1326507126011555
c07,1,0,0,0.38351714218716754
c07,2,0,0,0.320864459797405
c07,3,0,0,0.44744842176257027
c07,4,0,0,0.33166471900081684
c07,5,0,0,0.2866909879019042
c07,6,0,0,0.4256434569643682
c07,7,0,1,0.6685543878586161
c07,8,0,1,0.5089194601742424
c07,9,0,0,0.3751585543085669
c07,10,0,1,0.566166526879324
c07,11,0,1,0.5490216647708834
c07,12,0,0,0.316510463882859
c07,13,0,0,0.371851688969794
c07,14,0,0,0.2340504937293343
c07,15,0,1,0.5968922052418913
c07,16,0,0,0.4360878435573471
c07,17,0,0,0.3789715342995416
c07,18,0,0,0.3528042785893092
c07,19,0,0,0.4267729067578236
c07,20,0,0,0.3543823645023252
c07,21,0,0,0.39776906697730013
c07,22,0,0,0.401815085845246
c07,23,0,0,0.25368993695513115
c07,24,0,0,0.32933114740913927
c07,25,0,0,0.35472300835899995
c07,26,0,0,0.38234765611168847
c07,27,0,0,0.34253074847426845
c07,28,0,0,0.3396809582546882
c07,29,0,0,0.35330548646832327
c07,30,0,1,0.6283892217309045
c07,31,0,0,0.4552830399370243
c07,32,0,0,0.4528023563673023
c07,33,0,1,0.5275595282445652
c07,34,0,1,0.5092441442356147
c07,35,0,0,0.42896877862492383
c07,36,0,0,0.4941944166475499
c07,37,0,1,0.5013025107231478
c07,38,0,0,0.4999742428185356
c07,39,0,0,0.43184171271831706
c07,40,0,0,0.3234226630146746
c07,41,0,0,0.3646070074011039
c07,42,0,0,0.3528237196602465
c07,43,0,0,0.3596592796603495
c07,44,0,0,0.39074502411053963
c07,45,0,0,0.33308107829431866
c07,46,0,0,0.4381789387874974
c07,47,0,0,0.353631092879924
c07,48,0,1,0.5993067518048696
c07,49,0,0,0.3924574682525866
c07,50,0,0,0.40756877909936606
c07,51,0,0,0.39948430833218884
c07,52,0,1,0.72563927846756
c07,53,0,0,0.49112572959177625
c07,54,0,0,0.3592773990175268
c07,55,0,0,0.44309470277184887
c07,56,0,0,0.3492910135910035
c07,57,0,0,0.451557759496739
c07,58,0,0,0.2840323679851197
c07,59,0,0,0.32316363384246105
c07,60,0,0,0.47368448788080314
c07,61,0,1,0.6069126708292378
c07,62,0,1,0.5087718136115345
c07,63,0,0,0.4164445486876491
c07,64,0,0,0.3559225170668596
c07,65,0,1,0.6839752272746568
c07,66,0,0,0.48927239736416245
c07,67,0,0,0.4172505255518427
c07,68,0,0,0.40390167733503
c07,69,0,1,0.5034739468408075
c07,70,0,1,0.6098396269712285
c07,71,0,0,0.4159845499912444
c07,72,0,0,0.33471964756039213
c07,73,0,0,0.3439138224530676
c07,74,0,0,0.3147155667154349
c07,75,0,0,0.33675835557760264
c07,76,0,0,0.31773789440369826
c07,77,0,0,0.3160095922661855
c07,78,0,0,0.32083287060876725
c07,79,0,0,0.3883790682449952
c07,80,0,0,0.39574217248427357
c07,81,0,0,0.32437491156681203
c07,82,0,0,0.37349809653166216
c07,83,0,0,0.32931821494201585
c07,84,0,0,0.36392284946064596
c07,85,0,0,0.3803356238276823
c07,86,0,1,0.5877044379766347
c07,87,0,0,0.4968907277983044
c07,88,0,0,0.45496575510938525
c07,89,0,1,0.5789223959158377
c07,90,0,1,0.6494068592892545
c07,91,0,0,0.45517574184236637
c07,92,0,1,0.6195635547373017
c07,93,0,1,0.6423512403924362
c07,94,0,0,0.43942724841093017
c07,95,0,1,0.5630607568236505
c07,96,0,1,0.6471519907287038
c07,97,0,1,0.5666854985425952
c07,98,0,1,0.5507779430045131
c07,99,0,0,0.38445295432093796
c07,100,0,0,0.4434139424241805
c07,101,0,1,0.7120041951992956
c07,102,0,0,0.35672375225538133
c07,103,0,1,0.5798261859440127
c07,104,0,0,0.38445824512879334
c07,105,0,0,0.42365403744951574
c07,106,0,0,0.36335737707446475
c07,107,0,1,0.5756542452062293
c07,108,0,1,0.5008487289042791
c07,109,0,1,0.520998218147093
c07,110,0,1,0.5274064571613999
c07,111,0,1,0.5928429152473069
c07,112,0,0,0.3369668679085663
c07,113,0,0,0.4559875745276559
c07,114,0,0,0.3858625863818411
c07,115,0,0,0.39621854063335465
c07,116,0,0,0.40305920544655965
c07,117,0,1,0.6561129595423133
c07,118,0,0,0.3769777881205339
c07,119,0,1,0.6706905317503432
c07,120,0,1,0.616313862542385
c07,121,0,0,0.3995586876777327
c07,122,0,0,0.47139116153038024
c07,123,0,0,0.34462305432661694
c07,124,0,0,0.3432276386941022
c07,125,0,0,0.4746141840868385
c07,126,0,0,0.35699220350301614
c07,127,0,0,0.34289613976480077
c07,128,0,0,0.4515012974291125
c07,129,0,0,0.40744254716303907
c07,130,0,0,0.4005100574145529
c07,131,0,0,0.3912942609544046
c07,132,0,1,0.5525269282653011
c07,133,0,0,0.4981870361528153
c07,134,0,0,0.4962658857822508
c07,135,0,1,0.5725195044615828
c07,136,0,0,0.4539923725967322
c07,137,0,1,0.5409363855689778
c07,138,0,1,0.6754280096218228
c07,139,0,1,0.6647485113398421
c07,140,0,0,0.43587605355815173
c07,141,0,1,0.6183324653538539
c07,142,0,1,0.7797418914246279
c07,143,0,0,0.381912357180538
c07,144,0,1,0.7536796706369262
c07,145,0,0,0.4521600170355043
c07,146,0,1,0.6083899846266672
c07,147,0,0,0.37807975179862313
c07,148,0,1,0.8656923160913771
c07,149,0,0,0.33195407865443466
c07,150,0,0,0.3965645421090893
c07,151,0,0,0.4290914194939549
c07,152,0,0,0.48706736096191755
c07,153,0,0,0.38007280134560506
c07,154,0,0,0.330666838504326
c07,155,0,0,0.4089799714668708
c07,156,0,0,0.35454042628697285
c07,157,0,0,0.332005644843817
c07,158,0,0,0.3985136423808238
c07,159,0,0,0.43241231772392336
c07,160,0,0,0.35690775126874624
c07,161,0,0,0.33940442074847094
c07,162,0,0,0.42954357527977954
c07,163,0,0,0.3398635485248284
c07,164,0,0,0.35365828336041044
c07,165,0,0,0.36930334034005086
c07,166,0,0,0.34219627968028354
c07,167,0,0,0.3718703664123358
c07,168,0,0,0.4073410002490907
c07,169,0,0,0.3502210560760749
c07,170,0,0,0.3322955568747746
c07,171,0,0,0.3280414187813069
c07,172,0,0,0.48882306632248085
c07,173,0,0,0.39135452825056394
c07,174,0,0,0.3299025646374185
c07,175,0,0,0.33573374075288087
c07,176,0,0,0.3790733976655089
c07,177,0,0,0.36817562381102137
c07,178,0,1,0.5970043586048391
c07,179,0,1,0.7623366081259249
c07,180,0,1,0.5393552147608315
c07,181,0,1,0.9317365118676958
c07,182,0,0,0.392778976939593
c07,183,0,0,0.32021018111870636
c07,184,0,0,0.4714778416630772
c07,185,0,0,0.38430018175720343
c07,186,0,0,0.35383728312817453
c07,187,0,0,0.45953149678051347
c07,188,0,0,0.32314958807458566
c07,189,0,0,0.3316844779011347
c07,190,0,0,0.3261134753077692
c07,191,0,0,0.369345392273553
c07,192,0,0,0.3337035251528573
c07,193,0,0,0.32454556083627417
c07,194,0,0,0.3916600643518389
c07,195,0,1,0.5760725326490118
c07,196,0,1,0.5178939345892517
c07,197,0,0,0.4061634464428225
c07,198,0,1,0.584689710413558
c07,199,0,0,0.4480167780298393
c07,200,0,0,0.34816562052876526
c07,201,0,0,0.45108459531919143
c07,202,0,0,0.48803203316638244
c07,203,0,0,0.3988791751963323
c07,204,0,0,0.4536675696549909
c07,205,0,0,0.4099092165814621
c07,206,0,1,0.6471346219462274
c07,207,0,0,0.3355751217617363
c07,208,0,0,0.3895609493381746
c07,209,0,0,0.35597958716719064
c07,210,0,0,0.43696944599452564
c07,211,0,0,0.4007762714558327
c07,212,0,0,0.4073848565015521
c07,213,0,1,0.5156659675346776
c07,214,0,1,0.7903786782137396
c07,215,0,0,0.4439140065076378
c07,216,0,1,0.5160610634343018
c07,217,0,1,0.5115699795774205
c07,218,0,0,0.4531968065193416
c07,219,0,0,0.35215846618004004
c07,220,0,1,0.7810392004142287
c07,221,0,0,0.47994717915210183
c07,222,0,1,0.5713550511039405
c07,223,0,1,0.5781808228047558
c07,224,0,0,0.4896549273482515
c07,225,0,0,0.395782781817871
c07,226,0,1,0.5366952897577386
c07,227,1,0,0.3749477303763055
c07,228,0,0,0.43903384065521606
c07,229,0,0,0.3926293674087122
c07,230,0,0,0.34506885007871513
c07,231,0,0,0.3554787432684803
c07,232,0,0,0.49039796702182104
c07,233,0,0,0.3459270429149701
c07,234,0,0,0.37523758284478675
c07,235,0,0,0.32028074927760625
c07,236,0,0,0.400912153972935
c07,237,0,0,0.3688325215078644
c07,238,0,0,0.3316683706134971
c07,239,0,0,0.3671623710552415
c07,240,0,0,0.31260806116370654
c07,241,0,0,0.3251551840379522
c07,242,0,0,0.381987001747036
c07,243,0,0,0.4382731282896958
c07,244,0,1,0.77021478919021
c07,245,0,0,0.3596127716728364
c07,246,0,1,0.6136741680429177
c07,247,0,1,0.6693374572963232
c07,248,0,0,0.42870651512275415
c07,249,0,0,0.36354474899655614
c07,250,0,0,0.38969702524306504
c07,251,0,0,0.3657858402371488
c07,252,0,0,0.33276006132287655
c07,253,0,0,0.39545894766786366
c07,254,0,0,0.33672892534583226
c07,255,0,0,0.4027981296182633
c07,256,0,0,0.3358298420730277
c07,257,0,0,0.4257045664672656
c07,258,0,0,0.4054682246254293
c07,259,0,0,0.4184021046451352
c07,260,0,0,0.3402145095155971
c07,261,0,0,0.3845183506866247
c07,262,0,0,0.3861101159950975
c07,263,0,0,0.3341003926339569
c07,264,0,0,0.4365727222360875
c07,265,0,0,0.344229648472946
c07,266,0,0,0.3501697112195793
c07,267,0,0,0.39323784379719356
c07,268,0,0,0.3664341446205279
c07,269,0,0,0.33862206828265495
c07,270,0,0,0.40772061663428194
c07,271,0,0,0.4360652963984815
c07,272,0,0,0.4438128936363345
c07,273,0,0,0.4469634505247133
c07,274,0,0,0.3495740893269101
c07,275,0,0,0.3537242845359663
c07,276,0,0,0.35095388898632596
c07,277,0,0,0.35442370163871834
c07,278,0,1,0.5760666548868972
c07,279,0,0,0.35503225314494546
c07,280,0,0,0.4295332183832431
c07,281,0,0,0.4157588509982899
c07,282,0,0,0.32759583110105867
c07,283,0,0,0.3499902395835619
c07,284,0,0,0.3587043020119456
c07,285,0,0,0.3274303769204336
c07,286,0,0,0.41699416073673556
c07,287,0,0,0.33072857154889435
c07,288,0,0,0.46521953897082513
c07,289,0,0,0.40512625273264197
c07,290,0,0,0.3099397745337957
c07,291,0,0,0.37193020646501823
c07,292,0,0,0.32887452388065297
c07,293,0,0,0.33985797615966745
c07,294,0,0,0.39909152220110244
c07,295,0,0,0.4286312706375931
c07,296,0,0,0.3504426056416769
c07,297,0,0,0.3965520754699371
c07,298,0,0,0.350518206205453
c07,299,0,0,0.36116735857429505
c07,300,0,0,0.3686766181465887
c07,301,0,0,0.3460176654700002
c07,302,0,0,0.3120997433629379
c07,303,0,0,0.3292885133660301
c07,304,0,0,0.3787913731336982
c07,305,0,0,0.4505806624941947
c07,306,0,0,0.40145585478518253
c07,307,0,1,0.6629631727962791
c07,308,0,1,0.7406306448275884
c07,309,0,1,0.6261655205102107
c07,310,0,1,0.6267073298371968
c07,311,0,0,0.3689543997115911
c07,312,0,1,0.5480142089947462
c07,313,0,1,0.5790666500892779
c07,314,0,1,0.6769195226254487
c07,315,0,1,0.5246488752167224
c07,316,0,1,0.632047346716402
c07,317,0,1,0.6292813951542737
c07,318,0,1,0.659524183505185
c07,319,0,0,0.3708654046231465
c07,320,0,1,0.7568734385322191
c07,321,0,1,0.8570541883517308
c07,322,0,1,0.6650916234735117
c07,323,0,1,0.5012668720388158
c07,324,0,1,0.7678704560102835
c07,325,0,0,0.4015647758775113
c07,326,0,0,0.4683239222169477
c07,327,0,0,0.4384301121335151
c07,328,0,0,0.4226109701672947
c07,329,0,1,0.5975167903779923
c07,330,0,1,0.6284592913769681
c07,331,0,0,0.35606168813004485
c07,332,0,1,0.5867434282949487
c07,333,0,0,0.39540149732726165
c07,334,0,0,0.48833395649422345
c07,335,0,0,0.38533139123777455
c07,336,0,0,0.4921008607053874
c07,337,0,0,0.38275430537525834
c07,338,0,1,0.6229404143737164
c07,339,0,1,0.6397492261022962
c07,340,0,1,0.7021336527510295
c07,341,0,0,0.3769128723055896
c07,342,0,0,0.386908074511908
c07,343,0,0,0.41797092847211387
c07,344,0,1,0.6756822282127543
c07,345,0,0,0.42167770002721244
c07,346,0,1,0.5452460046246754
c07,347,0,1,0.5762194538738922
c07,348,0,1,0.6566524698939153
c07,349,1,1,0.5872023905830261
c07,350,0,0,0.43691155965736606
c07,351,0,0,0.3384732201744773
c07,352,0,0,0.4128639170020243
c07,353,0,1,0.6833370254003415
c07,354,0,1,0.7076759957740426
c07,355,0,0,0.3827004409436569
c07,356,0,0,0.39523942326270706
c07,357,0,0,0.4444859892280159
c07,358,0,0,0.4968671021512818
c07,359,0,0,0.372063483732369
c07,360,0,0,0.4148836086424779
c07,361,0,0,0.37140017893437066
c07,362,0,0,0.3404841537019204
c07,363,0,0,0.4565212762526779
c07,364,0,0,0.35409962844092807
c07,365,0,0,0.35474615030342027
c07,366,0,0,0.3681927481068138
c07,367,0,0,0.33102384388752965
c07,368,0,0,0.34496845210870714
c07,369,0,0,0.43929490635251267
c07,370,0,0,0.34994277770148813
c07,371,0,0,0.3424869105921349
c07,372,0,0,0.34434734488256685
c07,373,0,0,0.43000568466322686
c07,374,0,0,0.40481151558778133
c07,375,0,0,0.4848851968933033
c07,376,0,0,0.39557806697258097
c07,377,0,0,0.34336249448678624
c07,378,0,0,0.3290695975790869
c07,379,0,0,0.33778310292936414
c07,380,0,0,0.33137232397035044
c07,381,0,0,0.33459421621798147
c07,382,0,0,0.38457206092846424
c07,383,0,0,0.3252413068314994
c07,384,0,0,0.38016211089981583
c07,385,0,0,0.3488900224675298
c07,386,0,0,0.3637403682148343
c07,387,0,1,0.5512714373607741
c07,388,0,1,0.6499947871681748
c07,389,0,0,0.36570752194786305
c07,390,0,0,0.3989922483054029
c07,391,0,0,0.3462407264168337
c07,392,0,0,0.41519875024205166
c07,393,0,0,0.46181785043894535
c07,394,0,0,0.3973399043445417
c07,395,0,0,0.3835561273980999
c07,396,0,0,0.46962606516744015
c07,397,0,0,0.3526070557955494
c07,398,0,0,0.3716733539852892
c07,399,0,0,0.33210679677964855
c07,400,0,0,0.4355699498285048
c07,401,0,1,0.6654679571971293
c07,402,1,1,0.8391491168809948
c07,403,0,0,0.3742264118405185
c07,404,0,1,0.9284485753209056
c07,405,0,0,0.40950451716219166
c07,406,0,1,0.6680195866563087
c07,407,0,0,0.4191426884325365
c07,408,0,0,0.3793067754966803
c07,409,0,0,0.42542749887271286
c07,410,0,1,0.5811551828904774
c07,411,0,1,0.6238933403573431
c07,412,0,1,0.7150038189808592
c07,413,0,1,0.5823452997754892
c07,414,0,1,0.6769473070176824
c07,415,0,1,0.8925021868940478
c07,416,1,1,0.5569156527655632
c07,417,0,0,0.46911926450335845
c07,418,0,0,0.284902911050848
c07,419,0,0,0.49654523740640827
c07,420,0,1,0.8081433443139384
c07,421,0,1,0.7062774357277567
c07,422,0,0,0.40614487365076224
c07,423,0,1,0.8822719175930178
c07,424,0,1,0.8959245124327796
c07,425,0,1,0.8315737533748674
c07,426,0,0,0.3616775140807064
c07,427,0,1,0.5138734976116333
c07,428,0,0,0.2725493195674222
c08,1,0,1,0.5050799587800038
c08,2,0,0,0.2591592098089041
c08,3,0,0,0.22968804125762782
c08,4,0,0,0.25236146835862966
c08,5,0,0,0.1741145236843535
c08,6,0,0,0.19420466064987837
c08,7,0,1,0.6097605577355661
c08,8,0,0,0.41759109541821354
c08,9,0,0,0.46177457931134813
c08,10,0,0,0.2946755330498605
c08,11,0,1,0.6125311730982154
c08,12,0,1,0.5286236312466457
c08,13,0,0,0.36453888702309956
c08,14,0,1,0.5132287306430094
c08,15,0,0,0.43532162839434213
c08,16,0,0,0.4554998113343466
c08,17,0,0,0.39208899253970203
c08,18,0,1,0.503270413635891
c08,19,0,1,0.6937083877816722
c08,20,0,0,0.4777088369036572
c08,21,0,0,0.3658745114706174
c08,22,0,0,0.3203911537560833
c08,23,0,0,0.47190677660341046
c08,24,0,1,0.6146929387573232
c08,25,0,1,0.5008364697886818
c08,26,0,1,0.8262887485466845
c08,27,0,1,0.5802845800767754
c08,28,0,0,0.44047271214820316
c08,29,0,0,0.4179069494327522
c08,30,0,0,0.3918272557100428
c08,31,0,0,0.44969123125334926
c08,32,0,0,0.3812107304151093
c08,33,0,1,0.5778640672061641
c08,34,0,1,0.8250875422029665
c08,35,0,0,0.48790437081065513
c08,36,0,1,0.5952954919200899
c08,37,0,1,0.8496961734725091
c08,38,0,1,0.5239258183372842
c08,39,0,1,0.5193445227027872
c08,40,0,1,0.7351268305587986
c08,41,0,1,0.802347607424248
c08,42,0,1,0.6117638365223256
c08,43,0,0,0.42142367375695095
c08,44,0,1,0.8405782951816044
c08,45,0,1,0.6929954458975313
c08,46,0,1,0.6541449639566287
c08,47,0,1,0.6147189058846503
c08,48,0,0,0.38377559909142683
c08,49,0,1,0.5211872467407695
c08,50,0,1,0.6679220739793422
c08,51,0,1,0.7104792375226675
c08,52,0,0,0.39703365235084603
c08,53,0,0,0.3022884896100121
c08,54,0,0,0.3598613174105634
c08,55,0,1,0.63885459903136
c08,56,0,0,0.45684529420781805
c08,57,0,1,0.5141319703078566
c08,58,0,1,0.5481962343417722
c08,59,0,1,0.5112439934948404
c08,60,0,0,0.47424456849493846
c08,61,0,0,0.3958897520922597
c08,62,0,1,0.7762344490192562
c08,63,0,0,0.47491960586955995
c08,64,0,0,0.32586753580458244
c08,65,0,0,0.4116565006272603
c08,66,0,0,0.4631815636237082
c08,67,0,0,0.36172787355070185
c08,68,0,0,0.4638995006951037
c08,69,0,1,0.520094941934251
c08,70,0,0,0.49045388315688254
c08,71,0,1,0.7771652200581721
c08,72,0,1,0.6113357070133729
c08,73,0,1,0.5636688159552813
c08,74,0,1,0.6638425289196865
c08,75,0,0,0.4992490820681071
c08,76,0,1,0.5529526543077024
c08,77,0,1,0.5694552265134292
c08,78,0,0,0.458989607144126
c08,79,0,0,0.4494944894604372
c08,80,0,1,0.5622026359921386
c08,81,0,0,0.4920923086053037
c08,82,0,1,0.5403672070561317
c08,83,0,1,0.7386102452821035
c08,84,0,0,0.4001925615652676
c08,85,0,0,0.44493862210428475
c08,86,0,0,0.37526827724463635
c08,87,0,0,0.36246011071170603
c08,88,0,1,0.7710176581160046
c08,89,0,0,0.3666441257837273
c08,90,0,1,0.8912261981565733
c08,91,0,0,0.4086391563956206
c08,92,0,1,0.888734952740915
c08,93,0,1,0.6118309558090606
c08,94,0,0,0.42155446209557845
c08,95,0,1,0.6076259236855971
c08,96,0,0,0.4990127958551011
c08,97,0,1,0.502545486999149
c08,98,0,0,0.4079684533519488
c08,99,0,0,0.44494320427432593
c08,100,0,0,0.48486391934025147
c08,101,0,1,0.5518233360811379
c08,102,0,1,0.5073085853416612
c08,103,0,0,0.37447198262136466
c08,104,0,0,0.30515834189708174
c08,105,0,0,0.36111636839777717
c08,106,0,0,0.3604445435224018
c08,107,0,0,0.34455113438462737
c08,108,0,0,0.3810014558439939
c08,109,0,0,0.34716222664577856
c08,110,0,0,0.33439594037522063
c08,111,0,0,0.33380422945312793
c08,112,0,0,0.32892037939260865
c08,113,0,0,0.33249402244487064
c08,114,0,0,0.35910648225481595
c08,115,0,1,0.9270076791921322
c08,116,0,1,0.9266775665090798
c08,117,0,1,0.5502211315021742
c08,118,0,1,0.7553368002983493
c08,119,0,1,0.6864938426454404
c08,120,0,0,0.47152169694347534
c08,121,0,1,0.5076912798933532
c08,122,0,1,0.6610301131310109
c08,123,0,0,0.4559537717053272
c08,124,0,0,0.49983553219367205
c08,125,0,1,0.56405315675267
c08,126,0,1,0.5428289545824624
c08,127,0,1,0.8005962592277944
c08,128,0,0,0.48202413799936583
c08,129,0,1,0.6154564189698467
c08,130,0,1,0.7034347164225584
c08,131,0,0,0.3947236799535479
c08,132,0,1,0.5044516600492644
c08,133,0,0,0.3991543668361975
c08,134,0,1,0.5033430331461087
c08,135,0,1,0.5391437811057525
c08,136,0,0,0.4328255127418226
c08,137,0,0,0.26523795031764014
c08,138,0,0,0.36056140868419745
c08,139,0,0,0.26524571650658446
c08,140,0,0,0.305214253937271
c08,141,0,0,0.32720191210945054
c08,142,0,0,0.2743149852427583
c08,143,0,0,0.2215108560240539
c08,144,0,0,0.2824323736171649
c08,145,0,0,0.30678102898724374
c08,146,0,1,0.8426178574568072
c08,147,0,1,0.5544851019395041
c08,148,0,1,0.5405356701140447
c08,149,0,1,0.9103148877599105
c08,150,0,1,0.515647308302494
c08,151,0,1,0.6375085974386536
c08,152,0,0,0.4798698467302894
c08,153,0,0,0.48425820743787734
c08,154,0,1,0.5990757006020468
c08,155,0,0,0.44136213867356294
c08,156,0,1,0.5726434386593674
c08,157,0,0,0.36537816427479175
c08,158,0,1,0.5412678445262958
c08,159,0,1,0.654329383783159
c08,160,0,1,0.500812090489598
c08,161,0,1,0.6536812470374261
c08,162,0,1,0.5530841096342548
c08,163,0,0,0.4979932082934241
c08,164,0,0,0.38561896394447376
c08,165,0,1,0.5396830134140033
c08,166,0,1,0.8553715670589535
c08,167,0,1,0.5638138088595804
c08,168,0,1,0.7692083551525921
c08,169,0,1,0.603599800060493
c08,170,0,0,0.40944367060860876
c08,171,0,1,0.5556334974646445
c08,172,0,1,0.8108719639043774
c08,173,0,1,0.5977150694702689
c08,174,0,1,0.5621403734692001
c08,175,0,0,0.4582962118836037
c08,176,0,1,0.71860463611037
c08,177,0,1,0.6667695094868522
c08,178,0,0,0.43626330933282925
c08,179,0,1,0.6628314512964453
c08,180,0,0,0.3560705020096947
c08,181,0,0,0.3395861433266447
c08,182,0,0,0.36439779605902783
c08,183,0,0,0.3920748726726014
c08,184,0,0,0.34304878938159084
c08,185,0,0,0.3283468386029371
c08,186,0,0,0.35816214922394
c08,187,0,0,0.3057415767628664
c08,188,0,0,0.3495547803932137
c08,189,0,0,0.4167736221491038
c08,190,0,0,0.31873110445373126
c08,191,0,0,0.31097484420130167
c08,192,0,0,0.3244859390912412
c08,193,0,0,0.3666721042268164
c08,194,0,0,0.28391300601515435
c08,195,0,0,0.33677729619080154
c08,196,0,0,0.31909269770608023
c08,197,0,0,0.39310231776374105
c08,198,0,0,0.31358305827195376
c08,199,0,0,0.3334517918459039
c08,200,0,0,0.32077935031515853
c08,201,0,0,0.2838413099578299
c08,202,0,0,0.31311363934735026
c08,203,0,1,0.906645640765692
c08,204,0,1,0.7468822917114111
c08,205,0,0,0.4886304516978434
c08,206,0,1,0.6304561079970676
c08,207,0,1,0.5971617835206549
c08,208,0,1,0.555988084513036
c08,209,0,1,0.8229248394397985
c08,210,0,1,0.7111849063886218
c08,211,0,1,0.526925762049475
c08,212,0,1,0.648207215066557
c08,213,0,0,0.33592671812804464
c08,214,0,0,0.48010955772603614
c08,215,0,1,0.9431603436563115
c08,216,0,1,0.7482751605487421
c08,217,0,1,0.9241182973371571
c08,218,0,1,0.7846943720751975
c08,219,0,0,0.48926998464634075
c08,220,0,1,0.7934727566987926
c08,221,0,0,0.38419039070536465
c08,222,0,1,0.674387034916919
c08,223,0,1,0.6175032073451067
c08,224,0,1,0.8193776392953204
c08,225,0,1,0.5682386876864329
c08,226,0,1,0.5809509437587392
c08,227,0,1,0.7591266858900417
c08,228,0,1,0.5756827814220218
c08,229,0,1,0.8837283496654305
c08,230,0,1,0.5848217438464813
c08,231,0,1,0.8407864075494509
c08,232,0,1,0.5922184966385672
c08,233,0,1,0.7134452096041938
c08,234,0,1,0.8954329187809591
c08,235,0,1,0.8985815857417141
c08,236,0,1,0.8437159653021222
c08,237,0,1,0.7082495644741427
c08,238,0,1,0.5174095818159241
c08,239,0,1,0.606130138499807
c08,240,0,0,0.4593056772205451
c08,241,0,0,0.35489662054011634
c08,242,0,0,0.3286286347050506
c08,243,0,1,0.751266237303775
c08,244,0,1,0.7522706486195314
c08,245,0,0,0.4382487251146929
c08,246,0,1,0.631612488231323
c08,247,0,0,0.3380895172209434
c08,248,0,1,0.7626249439838891
c08,249,0,0,0.4664963815552321
c08,250,0,1,0.854119987936225
c08,251,0,1,0.7114854590850331
c08,252,0,1,0.7182157732128889
c08,253,0,1,0.9552133428195752
c08,254,0,1,0.6199402609934068
c08,255,0,1,0.5752784181595169
c08,256,0,0,0.452990136957967
c08,257,0,1,0.5799646810598872
c08,258,0,1,0.6965687993423826
c08,259,0,1,0.7954364447604466
c08,260,0,1,0.5603974183903672
c08,261,0,1,0.8731553809596596
c08,262,0,1,0.5131438660684864
c08,263,0,1,0.8982035359872101
c08,264,0,1,0.6988311450011445
c08,265,0,0,0.35822563364482357
c08,266,0,1,0.9120986342922796
c08,267,0,1,0.5597953992539317
c08,268,0,1,0.6385955254758601
c08,269,0,1,0.69807007092989
c08,270,0,1,0.5134312012480682
c08,271,0,1,0.6283054769251296
c08,272,0,1,0.780780532620061
c08,273,0,1,0.6250934244162093
c08,274,0,1,0.5996762761053338
c08,275,0,1,0.8326195621840498
c08,276,0,1,0.8254596287471734
c08,277,0,1,0.8108556828072511
c08,278,0,1,0.7592251973183743
c08,279,0,1,0.7925622462000309
c08,280,0,0,0.44702317359786603
c08,281,0,1,0.6236892831019869
c08,282,0,1,0.5272390576079348
c08,283,0,0,0.49620154061188215
c08,284,0,0,0.4215673196786699
c08,285,0,1,0.7021075335023387
c08,286,0,1,0.7287533135121665
c08,287,0,1,0.7027312767348683
c08,288,0,0,0.45156332181547726
c08,289,0,0,0.470112234525259
c08,290,0,1,0.6533585596363322
c08,291,0,0,0.35410759050424667
c08,292,0,0,0.38824636576397586
c08,293,0,1,0.7308857172453535
c08,294,0,0,0.4699554390826836
c08,295,0,1,0.5611677686260527
c08,296,0,1,0.7449573389040995
c08,297,0,1,0.5079562627885108
c08,298,0,1,0.6482892956773049
c08,299,0,0,0.4531127575225872
c08,300,0,1,0.6683560782738576
c08,301,0,0,0.3884733793896001
c08,302,0,1,0.5014996272322952
c08,303,0,0,0.4047424702017961
c08,304,0,1,0.7929928642487482
c08,305,0,0,0.4850987246361736
c08,306,0,0,0.3420868389402977
c08,307,0,0,0.42546399553302344
c08,308,0,1,0.6209213062674726
c08,309,0,0,0.4944157175975893
c08,310,0,1,0.7411586510762345
c08,311,0,0,0.4307167570565628
c08,312,0,0,0.4937273818955669
c08,313,0,0,0.383087312521849
c08,314,0,1,0.8521150063727224
c08,315,0,0,0.4703543500597333
c08,316,0,0,0.3649194357455891
c08,317,0,0,0.4028025216607127
c08,318,0,0,0.40574779887371476
c08,319,0,0,0.24751272180191133
c08,320,0,0,0.4016237665634362
c08,321,0,1,0.682749841176066
c08,322,0,0,0.4828467710896565
c08,323,0,0,0.35001232080061634
c08,324,0,0,0.33141558737972665
c08,325,0,0,0.49962140845067693
c08,326,0,1,0.5157557017966055
c08,327,0,1,0.5434582640011076
c08,328,0,0,0.48183548870244064
c08,329,0,1,0.5483067849779956
c08,330,0,0,0.4793343716711608
c08,331,0,0,0.44705964177106466
c08,332,0,0,0.456815046817159
c08,333,0,1,0.5322723949203231
c08,334,0,1,0.5122381736426981
c08,335,0,0,0.4723412581748009
c08,336,0,1,0.5800916583614059
c08,337,0,1,0.9294477548724981
c08,338,0,1,0.8746802646107803
c08,339,0,1,0.7202489145822352
c08,340,0,0,0.4166684711805686
c08,341,0,0,0.30175871101969565
c08,342,0,0,0.26620795343728937
c08,343,0,1,0.9588632005210105
c08,344,0,1,0.6325192011093723
c08,345,0,1,0.5277157697843433
c08,346,0,1,0.6034366928245187
c08,347,0,1,0.5636182688396255
c08,348,0,0,0.33981173669124576
c08,349,0,1,0.570861969371167
c08,350,0,1,0.663281034335327
c08,351,0,0,0.3277781411994013
c08,352,0,0,0.29030255959650897
c08,353,0,1,0.7953477703598868
c08,354,0,0,0.3414267926418338
c08,355,0,1,0.6675781331542111
c08,356,0,0,0.4385232632723384
c08,357,0,0,0.3115147811974527
c08,358,0,0,0.46528325901053363
c08,359,0,1,0.7426549586034921
c08,360,0,1,0.5163891958567484
c08,361,0,0,0.45873036196414435
c08,362,0,0,0.3918007633571462
c08,363,0,0,0.48494087221359616
c08,364,0,1,0.9482459349232857
c08,365,0,1,0.7638655905308925
c08,366,0,1,0.9721879778490036
c08,367,0,0,0.4023108064474196
c08,368,0,1,0.5415324982903982
c08,369,0,1,0.5318225587546692
c08,370,0,1,0.8037093761373263
c08,371,0,1,0.7650781735680491
c08,372,0,1,0.7782357681999631
c08,373,0,1,0.7341781364463769
c08,374,0,1,0.6244193494652825
c08,375,0,1,0.6615415311518723
c08,376,0,1,0.7398436605018734
c08,377,0,1,0.6491937293175261
c08,378,0,1,0.5882209296927225
c08,379,0,1,0.7703724172959416
c08,380,0,1,0.6105967885469475
c08,381,0,1,0.5261623413192495
c08,382,0,1,0.8748388132616648
c08,383,0,1,0.7743002271585442
c08,384,0,1,0.7665592131747698
c08,385,0,1,0.729664976502699
c08,386,0,1,0.5999109176578624
c08,387,0,1,0.6477227498620547
c08,388,0,1,0.5933305004410085
c08,389,0,1,0.6754918477482569
c08,390,0,1,0.689687831346716
c08,391,0,1,0.6425315976670068
c08,392,0,1,0.5935174324445625
c08,393,0,1,0.5656198960576995
c08,394,0,1,0.5362585253539803
c08,395,0,1,0.5044798665619509
c08,396,0,0,0.32916363350133343
c08,397,0,0,0.4886104383205519
c08,398,0,0,0.32255298293346957
c08,399,0,0,0.3239055923617826
c08,400,0,0,0.18599883295650993
c08,401,0,0,0.44067956802274105
c08,402,0,0,0.30473136444324533
c08,403,0,0,0.23659869516791898
c08,404,0,0,0.48126048898866824
c08,405,0,0,0.2642760876009438
c08,406,0,0,0.21597385975887337
c08,407,0,0,0.3127716916205376
c08,408,0,1,0.9802576036389101
c08,409,0,0,0.3728184635705114
c08,410,0,0,0.36944204351238824
c08,411,0,0,0.32952044615168485
c08,412,0,0,0.21661099903237477
c08,413,0,0,0.28065765617931077
c08,414,0,0,0.2200784382307937
c08,415,0,1,0.8976967421936156
c08,416,0,1,0.5674743306570473
c08,417,0,0,0.2305069535196323
c08,418,0,0,0.45401485928353286
c08,419,0,0,0.33678774035697767
c08,420,0,0,0.16115183436730063
c08,421,0,0,0.09322658584600571
c08,422,0,0,0.10755486716829443
c08,423,0,0,0.12704241382157644
c08,424,0,0,0.05060048615050982
c08,425,0,0,0.09729364897232202
c08,426,0,0,0.05362041896594341
c08,427,0,0,0.0926157577000448
c08,428,0,0,0.07104790091997003
c08,429,0,0,0.10172584401140292
c08,430,0,0,0.12892330551444553
c08,431,0,0,0.13773649994352388
c08,432,0,0,0.08743673058184769
c08,433,0,0,0.07141845567841831
c08,434,0,0,0.1296021450753923
c08,435,0,0,0.10451271609047959
c08,436,0,0,0.10076263136750911
c08,437,0,0,0.09185289069299984
c08,438,0,1,0.885187410719666
c08,439,0,1,0.9477375668110795
c08,440,0,0,0.21384073231095738
c08,441,0,0,0.18481869013043928
c08,442,0,0,0.3317485943814557
c08,443,0,0,0.3033019758533192
c08,444,0,0,0.1021218911495804
c08,445,0,0,0.179705840833505
c08,446,0,0,0.21726793975676317
c08,447,0,0,0.11666214586491798
c08,448,0,0,0.10322953561119945
c08,449,0,0,0.11690341299301621
c08,450,0,0,0.21622454154860138
c08,451,0,0,0.17758688695931907
c08,452,0,0,0.12810574617281295
c08,453,0,0,0.08999782927451842
c08,454,0,0,0.15499705700130983
c08,455,0,0,0.12748856512245446
c08,456,0,0,0.1085083797460641
c08,457,0,1,0.9098104463655217
c08,458,0,0,0.27805031097110083
c08,459,0,0,0.27910085219139186
c08,460,0,0,0.16840773832473344
c08,461,0,0,0.1417690520668981
c08,462,0,0,0.09688599904048134
c08,463,0,0,0.1760602823216255
c08,464,0,0,0.11068495798479688
c08,465,0,0,0.15170579467933665
c08,466,0,0,0.09602756188862754
c08,467,0,0,0.10526955480445105
c08,468,0,1,0.9246581104883789
c08,469,0,1,0.5447714030394895
c08,470,0,1,0.6938433375904448
c08,471,0,0,0.29822129710367573
c08,472,0,1,0.8140992052445111
c08,473,0,0,0.36492964499605623
c08,474,0,1,0.7118845406223457
c08,475,0,1,0.6583395178293109
c08,476,0,1,0.5885466200432438
c08,477,0,1,0.6768553058230835
c08,478,0,1,0.8005976645099003
c08,479,0,1,0.6422828155182545
c08,480,0,0,0.34525731252935243
c08,481,0,0,0.48942806338186245
c08,482,0,1,0.8287495199651655
c08,483,0,0,0.38054296952008815
c08,484,0,0,0.3091164936741377
c08,485,0,1,0.6474852742053524
c08,486,0,1,0.7118724645123835
c08,487,0,1,0.6369844363774179
c08,488,0,1,0.5448378899623086
c08,489,0,0,0.4198781307431072
c08,490,0,1,0.5461809264092502
c08,491,0,0,0.4076773099354603
c08,492,0,1,0.94908094600873
c08,493,0,0,0.22003345504826724
c08,494,0,1,0.5330324511907057
c08,495,0,0,0.23562253958077478
c08,496,0,0,0.2775170598211712
c08,497,0,0,0.2148447227512529
c08,498,0,0,0.1372615110641668
c08,499,0,0,0.439664163740085
c08,500,0,0,0.10911094791921916
c08,501,0,0,0.24638170113705768
c08,502,0,1,0.946772854877385
c08,503,0,1,0.6421249556226845
c08,504,0,0,0.3875269077875513
c08,505,0,1,0.88957954240963
c08,506,0,0,0.24013782946108378
c08,507,0,1,0.9512177099145761
c08,508,0,1,0.8530160484211274
c08,509,0,1,0.7679597644815455
c08,510,0,1,0.6674197833023493
c08,511,0,1,0.6434044499093928
c08,512,0,1,0.7565766715117146
c09,13,0,1,0.6678135241933775
c09,14,0,1,0.620719525855587
c09,15,0,0,0.4134204483158342
c09,16,0,0,0.0008746482916410954
c09,17,0,0,0.40442649065796116
c09,18,0,0,0.39078532002077143
c09,19,0,1,0.734948764795561
c09,20,0,1,0.558514360366384
c09,21,0,1,0.5060294651610492
c09,22,0,1,0.5801766420100337
c09,23,0,0,0.47827851529482474
c09,24,0,1,0.5942418600216111
c09,25,0,1,0.5230936881448982
c09,26,0,0,0.4463046427180692
c09,27,0,1,0.7906700642934353
c09,28,0,1,0.5726674068406887
c09,29,0,0,0.46123246382315364
c09,30,0,1,0.6594277338320366
c09,31,0,0,0.4236708679423448
c09,32,1,1,0.5143924050836484
c09,33,0,1,0.6432162000764959
c09,34,0,1,0.6440500927140153
c09,35,1,0,0.3312303399871374
c09,36,0,0,0.3471056357691603
c09,37,0,0,0.3639506905292923
c09,38,0,1,0.5034187719994299
c09,39,0,0,0.44958841493218005
c09,40,0,1,0.6588694112547002
c09,41,0,0,0.3453425835724463
c09,42,0,0,0.3005609771772531
c09,43,0,0,0.24011109362502245
c09,44,0,1,0.539905438882472
c09,45,0,0,0.39262202487367287
c09,46,0,0,0.33904882456506613
c09,47,0,0,0.37937695713190817
c09,48,0,0,0.412798673377555
c09,49,0,0,0.23853380431070298
c09,50,0,0,0.3926949119236008
c09,51,0,0,0.3432268263590664
c09,52,0,0,0.48644463166463847
c09,53,0,0,0.33761635777462834
c09,54,0,0,0.36082298769760474
c09,55,0,0,0.29579769869845013
c09,56,0,0,0.29533814959886207
c09,57,0,0,0.34533401856568796
c09,58,0,0,0.3012968239102538
c09,59,0,0,0.33740878776105565
c09,60,0,0,0.2988497627973999
c09,61,0,0,0.3003102990114415
c09,62,0,1,0.570297373248312
c09,63,0,0,0.32583585867022047
c09,64,0,0,0.3528740902220873
c09,65,0,0,0.4174349264892967
c09,66,0,1,0.7922303207258464
c09,67,0,0,0.4039969736197131
c09,68,0,0,0.37448844856770236
c09,69,0,0,0.3297474593777218
c09,70,0,0,0.3433027427684855
c09,71,0,0,0.3272545214272212
c09,72,0,0,0.3789112897774888
c09,73,0,0,0.3640110208166962
c09,74,0,0,0.33054180870615674
c09,75,0,0,0.3780481303716783
c09,76,0,1,0.6220091397098745
c09,77,0,0,0.36145477175477786
c09,78,0,0,0.39620436245954793
c09,79,0,0,0.3522919875580609
c09,80,0,1,0.6158175987756099
c09,81,0,1,0.6447516370427764
c09,82,0,0,0.36067192011642646
c09,83,0,0,0.32227472545088176
c09,84,0,0,0.30838918139645566
c09,85,0,0,0.38215369451370673
c09,86,0,0,0.3636706899178163
c09,87,0,0,0.349998944060894
c09,88,0,0,0.3440961731628329
c09,89,0,0,0.31587735497063335
c09,90,0,0,0.3586331393180544
c09,91,0,0,0.31597342249304655
c09,92,0,0,0.48860402638680156
c09,93,0,0,0.31528599503775023
c09,94,0,1,0.6912947757876866
c09,95,0,0,0.3569761444452507
c09,96,0,1,0.8998933815711496
c09,97,0,1,0.8232190631335862
c09,98,0,1,0.5688844601558458
c09,99,0,1,0.6603496878944927
c09,100,0,0,0.3372524359014122
c09,101,0,0,0.4272563487959479
c09,102,0,0,0.4723107167771892
c09,103,0,0,0.35537843243326744
c09,104,0,0,0.3235497365758198
c09,105,0,0,0.3670771137798319
c09,106,0,1,0.6414672914910478
c09,107,0,0,0.36844761272937443
c09,108,0,0,0.4109611381220493
c09,109,0,0,0.3621335030625604
c09,110,0,0,0.351949781430639
c09,111,0,0,0.36055282902529295
c09,112,0,0,0.3511756856183871
c09,113,0,0,0.40738976982049985
c09,114,0,0,0.39352775749355773
c09,115,0,0,0.3894784821568496
c09,116,0,0,0.3700565975890624
c09,117,0,0,0.3569080395294253
c09,118,0,0,0.3386438719371508
c09,119,0,0,0.3891950818796044
c09,120,0,0,0.38930897515515905
c09,121,0,0,0.3520218376105208
c09,122,0,0,0.47817701532764617
c09,123,0,1,0.644090881188742
c09,124,0,0,0.3332180360571316
c09,125,0,0,0.3498968623405902
c09,126,0,0,0.3850036892321582
c09,127,0,0,0.3731792517791694
c09,128,0,0,0.344994826771557
c09,129,0,0,0.3393255358559527
c09,130,0,0,0.374089221762896
c09,131,0,0,0.3533581995283169
c09,132,0,0,0.346587530878818
c09,133,0,0,0.38234965964277967
c09,134,0,0,0.37289620301565674
c09,135,0,1,0.751375845115976
c09,136,0,0,0.4374322063159763
c09,137,0,1,0.7248883821709114
c09,138,0,1,0.528371250639172
c09,139,0,0,0.35521942517504373
c09,140,0,0,0.3448585988799051
c09,141,0,0,0.3402015356779261
c09,142,0,0,0.2885115974284557
c09,143,0,0,0.3462677094267373
c09,144,0,0,0.3320647507984587
c09,145,0,0,0.2651785632816997
c09,146,0,0,0.293199997166126
c09,147,0,0,0.23658189375067357
c09,148,0,0,0.3273313122412343
c09,149,0,0,0.2593599999577571
c09,150,0,0,0.25422265630087276
c09,151,0,0,0.2672849946034582
c09,152,0,0,0.16617372236284333
c09,153,0,0,0.19299281422693648
c09,154,0,0,0.15895885393912407
c09,155,0,0,0.11537488122067868
c09,156,0,0,0.13951629215419378
c09,157,0,0,0.19478256642800584
c09,158,0,0,0.22230491878877987
c09,159,0,0,0.12979090402864954
c09,160,0,0,0.12308099815246404
c09,161,0,0,0.0758677600708698
c09,162,0,0,0.08339619812414187
c09,163,0,0,0.10942698201521824
c09,164,0,0,0.1015949547136041
c09,165,0,0,0.25478128842742875
c09,166,0,0,0.1961740234319381
c09,167,0,0,0.20466339841538755
c09,168,0,0,0.2123772223429283
c09,169,0,0,0.2999635395183923
c09,170,0,0,0.3251908252669724
c09,171,0,0,0.3700607146898525
c09,172,0,0,0.3607382351120414
c09,173,0,1,0.7227548527462135
c09,174,0,1,0.5694573568214419
c09,175,0,0,0.38410972637231316
c09,176,0,0,0.38628922286758843
c09,177,0,0,0.3867573863655846
c09,178,0,0,0.343970967218163
c09,179,0,0,0.3845879759005971
c09,180,0,0,0.3362942401420632
c09,181,0,0,0.330368624201317
c09,182,0,0,0.33877525827267513
c09,183,0,0,0.3310633042989594
c09,184,0,0,0.33091088823411735
c09,185,0,1,0.5814293408726935
c09,186,0,0,0.3288078188702756
c09,187,0,0,0.37668464667478746
c09,188,0,0,0.3855945604897122
c09,189,0,0,0.3680116254403398
c09,190,0,0,0.36007799603330287
c09,191,0,0,0.4017989934803196
c09,192,0,0,0.35147050103389654
c09,193,0,0,0.327994305041887
c09,194,0,0,0.3543455361535847
c09,195,0,1,0.7597532956583708
c09,196,0,1,0.8332665837484567
c09,197,0,1,0.6489120658285662
c09,198,0,1,0.602968684817246
c09,199,0,0,0.39160978662520596
c09,200,0,0,0.4069169106538543
c09,201,0,0,0.4247323152050624
c09,202,0,0,0.3631739808358834
c09,203,0,0,0.408268235412915
c09,204,0,0,0.4503445100658937
c09,205,0,0,0.35083509252376405
c09,206,0,0,0.44483721598146314
c09,207,0,1,0.9172548716121272
c09,208,0,1,0.6886282368345349
c09,209,0,1,0.9207325851306561
c09,210,0,1,0.6450105886688758
c09,211,0,0,0.47244489443797255
c09,212,0,0,0.48589479694835186
c09,213,0,0,0.35175411793989203
c09,214,0,0,0.39220972654117486
c09,215,0,1,0.6738390724619233
c09,216,0,1,0.8602731550202131
c09,217,0,0,0.3568859688562503
c09,218,0,0,0.4004519851120965
c09,219,0,0,0.3554813591157956
c09,220,0,0,0.30654664499833717
c09,221,0,0,0.33619321761095305
c09,222,0,0,0.3373355900467558
c09,223,0,0,0.3418744538465813
c09,224,0,1,0.660289506294993
c09,225,0,1,0.8149318918347465
c09,226,0,0,0.3669174620986898
c09,227,0,0,0.33021858308417296
c09,228,0,0,0.334926415178015
c09,229,0,0,0.3368937841562032
c09,230,0,0,0.32528722516071584
c09,231,0,0,0.3183848550280286
c09,232,0,0,0.3680801446403499
c09,233,0,0,0.39679641268670873
c09,234,0,0,0.3327010916845867
c09,235,0,0,0.3200974137219218
c09,236,0,0,0.32090362896881597
c09,237,0,0,0.32893927101068865
c09,238,0,0,0.3175446888704701
c09,239,0,0,0.33866121682737016
c09,240,0,0,0.32885222529095387
c09,241,0,0,0.32201912144979056
c09,242,0,0,0.3254866019626743
c09,243,0,0,0.343060224506651
c09,244,0,0,0.32500273785529343
c09,245,0,0,0.314313783448476
c09,246,0,0,0.31439260527244983
c09,247,0,0,0.3201639759762071
c09,248,0,0,0.3084626970823448
c09,249,0,0,0.3263173209555803
c09,250,0,0,0.33803930290993334
c09,251,0,0,0.32433377691432747
c09,252,0,0,0.34328896725470476
c09,253,0,0,0.3200494490353904
c09,254,0,0,0.35806805579272233
c09,255,0,0,0.36853291398655974
c09,256,0,0,0.3442457834825473
c09,257,0,0,0.33275013849207774
c09,258,0,0,0.3100455442812327
c09,259,0,0,0.3410621203787873
c09,260,0,0,0.32505623244433546
c09,261,0,0,0.3276589337731699
c09,262,0,0,0.33559126613839835
c09,263,0,0,0.32635184420260743
c09,264,0,0,0.3081032975638135
c09,265,0,0,0.32185339290487036
c09,266,0,0,0.3405897163823195
c09,267,0,1,0.7869808428678475
c09,268,0,1,0.921257787641127
c09,269,0,1,0.6127881382661994
c09,270,0,0,0.3495987378116717
c09,271,0,0,0.35175103633493104
c09,272,0,0,0.39287595489516075
c09,273,0,0,0.41997895716431743
c09,274,0,0,0.367500380659803
c09,275,0,0,0.41393627246861486
c09,276,0,0,0.36840693195023416
c09,277,0,0,0.32310509182155817
c09,278,0,0,0.3428299830046845
c09,279,0,0,0.3634102391142137
c09,280,0,0,0.3589377075957058
c09,281,0,0,0.34819488591521286
c09,282,0,0,0.35689718900792367
c09,283,0,0,0.33927681429541723
c09,284,0,0,0.33593413144229384
c09,285,0,0,0.32516463768071807
c09,286,0,0,0.32643275570319946
c09,287,0,0,0.36036777703285183
c09,288,0,0,0.335513801823735
c09,289,0,0,0.34516196499165724
c09,290,0,0,0.34564099664795717
c09,291,0,0,0.3266241660949427
c09,292,0,0,0.34759476689459623
c09,293,0,0,0.31784293956516757
c09,294,0,0,0.3351504804151633
c09,295,0,0,0.3418353142661749
c09,296,0,0,0.34406242575961005
c09,297,0,0,0.38586140716321626
c09,298,0,0,0.3385243434906101
c09,299,0,0,0.3442256855148674
c09,300,0,0,0.37297746714432256
c09,301,0,0,0.38535992161064203
c09,302,0,0,0.35378473590669485
c09,303,0,0,0.3390503147302987
c09,304,0,0,0.3430947261249128
c09,305,0,0,0.37579098067442696
c09,306,0,0,0.4601690102671061
c09,307,0,1,0.6018648582945294
c09,308,0,0,0.4402328993019788
c09,309,0,0,0.31629350941255874
c09,310,0,0,0.4063185516251349
c09,311,0,1,0.6048447733784773
c09,312,0,1,0.6232636784447415
c09,313,0,0,0.33646913017063973
c09,314,0,0,0.39591883895076396
c09,315,0,1,0.7626890542238809
c09,316,0,1,0.5186601609634021
c09,317,0,0,0.4044159670191662
c09,318,0,0,0.3345370868363176
c09,319,0,0,0.35798010927286744
c09,320,0,0,0.3302531638093749
c09,321,0,0,0.36410772859017365
c09,322,0,0,0.3584537978353591
c09,323,0,0,0.3476605526766282
c09,324,0,1,0.5000435199690155
c09,325,0,0,0.3341596990614428
c09,326,0,0,0.35380825640397245
c09,327,0,0,0.34973951919523877
c09,328,0,0,0.3381952660164395
c09,329,0,0,0.3454385743914616
c09,330,0,0,0.332578898495402
c09,331,0,0,0.33492201339525235
c09,332,0,0,0.335119066629521
c09,333,0,0,0.318881805202137
c09,334,0,0,0.3245118004203069
c09,335,0,0,0.3425472598114217
c09,336,0,0,0.34471201707420024
c09,337,0,0,0.3328293559919943
c09,338,0,0,0.32007329197094286
c09,339,0,0,0.33049417467049286
c09,340,0,0,0.3148006520360499
c09,341,0,0,0.3177982712830848
c09,342,0,0,0.31936453607992116
c09,343,0,0,0.326782482237472
c09,344,0,0,0.34698164329884984
c09,345,0,0,0.3252183533586378
c09,346,0,0,0.345789270258733
c09,347,0,0,0.3389111533635261
c09,348,0,0,0.31983141739589344
c09,349,0,0,0.335855470302658
c09,350,0,0,0.34839087231072585
c09,351,0,0,0.36572684325736526
c09,352,0,0,0.32860804413237826
c09,353,0,0,0.32524647311024674
c09,354,0,0,0.3177535706933322
c09,355,0,0,0.3334650886358037
c09,356,0,0,0.3249504841606796
c09,357,0,0,0.33198331866912106
c09,358,0,0,0.3366719285221686
c09,359,0,0,0.3559706549942402
c09,360,0,0,0.35386090345306187
c09,361,0,0,0.3384344152925136
c09,362,0,0,0.32603964424432563
c09,363,0,0,0.32784865700982235
c09,364,0,0,0.33363945322201083
c09,365,0,0,0.3348046108983907
c09,366,0,0,0.3284576500811614
c09,367,0,0,0.38354961029455636
c09,368,0,1,0.5931424711035184
c09,369,0,1,0.5455190154348073
c09,370,0,1,0.7643695117837913
c09,371,0,0,0.3559244203652349
c09,372,0,0,0.37840228497125755
c09,373,0,0,0.3722614343831797
c09,374,0,0,0.36229545773559163
c09,375,0,1,0.6665000308791014
c09,376,0,1,0.7967917862442448
c09,377,0,1,0.5858069821033457
c09,378,0,0,0.36034709035802104
c09,379,0,0,0.3777250014535708
c09,380,0,0,0.36814799525030795
c09,381,0,0,0.3531560351208209
c09,382,0,0,0.3182289503057467
c09,383,0,0,0.36086583456533006
c09,384,0,0,0.35007587990960276
c09,385,0,0,0.4607404239743683
c09,386,0,0,0.3887641458360263
c09,387,0,0,0.45599447798989545
c09,388,0,1,0.6688886462947009
c09,389,0,0,0.3674163238453732
c09,390,0,0,0.4426279673437335
c09,391,0,1,0.5053259842845653
c09,392,0,0,0.3704377923900439
c09,393,0,0,0.36995771491058904
c09,394,0,0,0.4477439937187308
c09,395,0,0,0.4193289509305882
c09,396,0,1,0.6974071805299523
c09,397,0,1,0.8303430283584176
c09,398,0,0,0.37354757785442994
c09,399,0,0,0.3846815643428608
c09,400,0,0,0.3931405926294798
c09,401,0,0,0.41926791950341163
c09,402,0,0,0.35952996167281076
c09,403,0,0,0.3517838368779004
c09,404,0,0,0.3609033529990378
c09,405,0,0,0.3510914277986228
c09,406,0,0,0.34424587167178583
c09,407,0,0,0.34003279922194923
c09,408,0,0,0.34106417634452063
c09,409,0,0,0.3754443678057005
c09,410,0,0,0.37137240279063627
c09,411,0,0,0.33588169723366657
c09,412,0,0,0.3757084332475356
c09,413,0,0,0.35848910930884686
c09,414,0,0,0.343278656268366
c09,415,0,0,0.3420860455546202
c09,416,0,0,0.3606816844649115
c09,417,0,0,0.3501464614439984
c09,418,0,0,0.38306620993007173
c09,419,0,0,0.3303734133425827
c09,420,0,0,0.34501739252096375
c09,421,0,0,0.3417419398088375
c09,422,0,0,0.3394464216712992
c09,423,0,0,0.33310831316107303
c09,424,0,0,0.36778787035505084
c09,425,0,0,0.33830338172142105
c09,426,0,0,0.34055409569030387
c09,427,0,0,0.3263488090021906
c09,428,0,0,0.3319151594497377
c09,429,0,0,0.3432343184934958
c09,430,0,0,0.3408674596015712
c09,431,0,0,0.3634139846049946
c09,432,0,0,0.3439064756752223
c09,433,0,0,0.3270117723571693
c09,434,0,0,0.3237712052295214
c09,435,0,0,0.3619249207572925
c09,436,0,0,0.4892095622603791
c09,437,0,0,0.42115844368455235
c09,438,0,0,0.34405576560431533
c09,439,0,0,0.36229117946859996
c09,440,0,1,0.7709551495881438
c09,441,0,1,0.5169024976868402
c09,442,0,1,0.6740663255976437
c09,443,0,1,0.5676105678758294
c09,444,0,0,0.3379319091448235
c09,445,0,0,0.34680814344855754
c09,446,0,0,0.47469797764138266
c09,447,0,1,0.5466916104523486
c09,448,0,1,0.9111232918114269
c09,449,0,0,0.3351468282729975
c09,450,0,0,0.3482655307888052
c09,451,0,0,0.32892095440514574
c09,452,0,1,0.8539456143769828
c09,453,0,1,0.8534329546181662
c09,454,0,0,0.39835501100091963
c09,455,0,0,0.4907421787886699
c09,456,0,1,0.8936665256698989
c09,457,0,1,0.5552315282947374
c09,458,0,0,0.3601122035143718
c09,459,0,0,0.37318825317919146
c09,460,0,1,0.8863216607686322
c09,461,0,0,0.34945548638026386
c09,462,0,0,0.39070015546784065
c09,463,0,1,0.9079749004359409
c09,464,0,1,0.5296959379365705
c09,465,0,1,0.6806445352985793
c09,466,0,0,0.42881598489158956
c09,467,0,1,0.5224105129268718
c10,5,0,1,0.9899631230092707
c10,9,0,0,0.0018203074491464147
c10,10,0,0,2.517263872599504e-25
c10,11,0,1,0.8131048553646165
c10,12,0,1,0.5458957543167889
c10,13,0,1,0.5865261380977252
c10,14,0,0,0.35746665864458066
c10,15,0,1,0.7297650330294052
c10,16,0,0,0.49425506100802824
c10,17,0,1,0.5837886320071585
c10,18,0,1,0.7356823851540483
c10,19,0,1,0.5823171571515537
c10,20,0,1,0.8149486838392951
c10,21,0,0,0.443965142539133
c10,22,0,1,0.5009495623182386
c10,23,0,0,0.34793441852200385
c10,24,0,0,0.33757846146029974
c10,25,0,1,0.8018883931173811
c10,26,0,0,0.4973924830125342
c10,27,0,0,0.4271363864695828
c10,28,0,0,0.4919524190461811
c10,29,0,0,0.41976568223107696
c10,30,0,1,0.71716520696899
c10,31,0,1,0.8606806329518629
c10,32,0,1,0.725292362263958
c10,33,0,0,0.39281133712928384
c10,34,0,1,0.5304920199899459
c10,35,0,0,0.345062317155086
c10,36,0,0,0.3302064962487014
c10,37,0,0,0.30508273531489444
c10,38,0,0,0.45757166377928116
c10,39,0,1,0.6628042573258482
c10,40,0,1,0.6289349009205623
c10,41,0,0,0.42490359983680076
c10,42,0,0,0.2785333138597809
c10,43,0,0,0.3523302802432467
c10,44,0,0,0.4909921465695938
c10,45,0,0,0.47122527611317877
c10,46,0,0,0.40853253161643277
c10,47,0,0,0.4064989064575932
c10,48,0,0,0.422360198273998
c10,49,0,0,0.4082858038082516
c10,50,0,0,0.3177669381924252
c10,51,0,0,0.3095409551142989
c10,52,0,0,0.2820970318922863
c10,53,0,0,0.2639100323083751
c10,54,0,0,0.32659009169487435
c10,55,0,0,0.32229981028521065
c10,56,0,0,0.3081078349173262
c10,57,0,0,0.3415297148986646
c10,58,0,0,0.3149688382885883
c10,59,0,0,0.2562189944457668
c10,60,0,0,0.28037534684518955
c10,61,0,0,0.48055853931939974
c10,62,0,0,0.3349025316827673
c10,63,0,0,0.31645393714096887
c10,64,0,0,0.3474529828350612
c10,65,0,0,0.34928494347018807
c10,66,0,0,0.29290260287335623
c10,67,0,0,0.336423320519458
c10,68,0,0,0.29975966021604183
c10,69,0,0,0.31329821979531475
c10,70,0,0,0.3929491254598809
c10,71,0,1,0.7153636961288914
c10,72,0,1,0.7817980855989457
c10,73,0,1,0.6582064183778104
c10,74,0,0,0.4202817826336946
c10,75,0,0,0.4779379295691569
c10,76,0,0,0.3583252946226512
c10,77,0,0,0.3313957314043811
c10,78,0,0,0.34623723290969
c10,79,0,0,0.31605033581379777
c10,80,0,0,0.29615001261489043
c10,81,0,0,0.323860858991191
c10,82,0,0,0.3599382898626435
c10,83,0,0,0.34836670072474607
c10,84,0,0,0.3227123916464558
c10,85,0,0,0.3334216568908697
c10,86,0,0,0.3339812430696793
c10,87,0,0,0.3192576034022958
c10,88,0,0,0.2938701214605912
c10,89,0,0,0.3540751568962379
c10,90,0,1,0.9725637718440032
c10,91,0,1,0.7697027275650351
c10,92,0,1,0.7189230268822302
c10,93,0,1,0.8506651534466142
c10,94,0,1,0.8852020645454385
c10,95,0,1,0.6944442364192257
c10,96,0,0,0.33336639994551936
c10,97,0,1,0.7033347382115333
c10,98,0,1,0.7683252748608523
c10,99,0,0,0.4554146746745141
c10,100,0,0,0.24642684047432845
c10,101,0,1,0.6312309769975668
c10,102,0,1,0.7129450957075916
c10,103,0,0,0.32804543497819927
c10,104,0,1,0.6276091231794322
c10,105,0,1,0.5889945258795337
c10,106,0,0,0.39427654155119307
c10,107,0,1,0.669027466919433
c10,108,0,1,0.625517479276852
c10,109,0,1,0.9306768937621741
c10,110,0,1,0.7755684201035894
c10,111,0,0,0.47947353949941246
c10,112,0,1,0.5457312636642728
c10,113,0,0,0.3454407756771926
c10,114,0,1,0.6323477695461842
c10,115,0,1,0.6273666788425265
c10,116,0,1,0.5267548204595883
c10,117,0,0,0.36830390055134715
c10,118,0,0,0.3624821465796309
c10,119,0,0,0.49473811579315286
c10,120,0,0,0.42042712464690807
c10,121,0,0,0.4256044334327478
c10,122,0,0,0.3739667659712637
c10,123,0,0,0.29570609998977165
c10,124,0,0,0.28979628130311974
c10,125,0,1,0.6222416250442839
c10,126,0,1,0.5201719580712059
c10,127,0,0,0.32652513270550804
c10,128,0,0,0.2967396559297736
c10,129,0,0,0.344184534674645
c10,130,0,0,0.34138477668681594
c10,131,0,0,0.223880566170854
c10,132,0,0,0.43978050290955517
c10,133,0,0,0.2407732075601374
c10,134,0,0,0.337018279839305
c10,135,0,0,0.297418392141069
c10,136,0,0,0.2960876561417507
c10,137,0,0,0.40600406349322365
c10,138,0,0,0.2929807444954245
c10,139,0,0,0.2558341608693942
c10,140,0,0,0.4467545423768167
c10,141,0,0,0.3954852251590734
c10,142,0,0,0.25688486881938494
c10,143,0,0,0.43636266210647306
c10,144,0,0,0.2648767816307682
c10,145,0,0,0.2405866108597237
c10,146,0,0,0.3096265340932174
c10,147,0,1,0.8290890662949042
c10,148,0,1,0.9394711661228794
c10,149,0,1,0.8497841931580522
c10,150,0,1,0.8265341758300846
c10,151,0,0,0.29312415772030254
c10,152,0,0,0.3180131896649795
c10,153,0,0,0.36058344666088377
c10,154,0,0,0.3721028207817338
c10,155,0,0,0.4099450033070618
c10,156,0,0,0.374043821045988
c10,157,0,0,0.1829462429351574
c10,158,0,0,0.37697491118009313
c10,159,0,0,0.33428969064091313
c10,160,0,0,0.22314275645819065
c10,161,0,0,0.2029294740238819
c10,162,0,0,0.259982538415383
c10,163,0,0,0.18973612959277755
c10,164,0,1,0.5039722879962778
c10,165,0,1,0.6129694128951496
c10,166,0,0,0.38285881917506803
c10,167,0,0,0.2703920866550352
c10,168,0,0,0.265957040491554
c10,169,0,0,0.21700052629218744
c10,170,0,0,0.2784340704366451
c10,171,0,0,0.2952571055948276
c10,172,0,0,0.20385766481807907
c10,173,0,0,0.20261153936724777
c10,174,0,0,0.21278274655610674
c10,175,0,0,0.23317305176868944
c10,176,0,0,0.37203202654844775
c10,177,0,0,0.1920705727291087
c10,178,0,0,0.4207375848905897
c10,179,0,1,0.8981057810263233
c10,180,0,1,0.8990043391741732
c10,181,0,0,0.22602411353176863
c10,182,0,0,0.26091945096475305
c10,183,0,0,0.3052308927075321
c10,184,0,1,0.5035277104483828
c10,185,0,0,0.3307774842052579
c10,186,0,0,0.29340997243271005
c10,187,0,0,0.27206327234742017
c10,188,0,0,0.2685908814366464
c10,189,0,0,0.2701201184618914
c10,190,0,0,0.36257334801297075
c10,191,0,0,0.22550761491157412
c10,192,0,0,0.22196879116827156
c10,193,0,0,0.32385495257148206
c10,194,0,1,0.7273679984089024
c10,195,0,1,0.8915221281864205
c10,196,0,1,0.9296896142195624
c10,197,0,1,0.7045246572006729
c10,198,0,0,0.3690111427146739
c10,199,0,0,0.34999638233375197
c10,200,0,0,0.2571788726318479
c10,201,0,0,0.26183570801674133
c10,202,0,0,0.3618793366260208
c10,203,0,0,0.23565410883642973
c10,204,0,0,0.3094265290149497
c10,205,0,0,0.20349575996535937
c10,206,0,0,0.3573349619156757
c10,207,0,0,0.4194275461348367
c10,208,0,0,0.25608141812694774
c10,209,0,0,0.3156992062451941
c10,210,0,1,0.8690863703537999
c10,211,0,1,0.915936027991684
c10,212,0,0,0.371714947945115
c10,213,0,0,0.4908295045235928
c10,214,0,0,0.4147063170145946
c10,215,0,1,0.734386747021911
c10,216,0,0,0.3294408807292467
c10,217,0,0,0.46828980408970644
c10,218,0,0,0.4080677517308187
c10,219,0,1,0.8095501106950185
c10,220,0,0,0.469638010443361
c10,221,0,1,0.5715292734584712
c10,222,0,1,0.6470058584264744
c10,223,0,0,0.4498148327558923
c10,224,0,1,0.6008976235263006
c10,225,0,1,0.6921906720110745
c10,226,0,0,0.44690601448663175
c10,227,0,1,0.7483987957930167
c10,228,0,1,0.8071428722658712
c10,229,0,1,0.5740001697422856
c10,230,0,0,0.44616434524694143
c10,231,0,0,0.3652636167295707
c10,232,0,1,0.6627551348036951
c10,233,0,1,0.6933032254999979
c10,234,0,1,0.8009256948722854
c10,235,0,1,0.9466592664117616
c10,236,0,0,0.41343291407951377
c10,237,0,1,0.6149859177914134
c10,238,0,0,0.4979517782806619
c10,239,0,0,0.4092905346433057
c10,240,0,0,0.4769530569606301
c10,241,0,0,0.3315204634672426
c10,242,0,0,0.3237967659010699
c10,243,0,0,0.3578000326853099
c10,244,0,0,0.4096955381230111
c10,245,0,0,0.3373637948383589
c10,246,0,0,0.2623617021289668
c10,247,0,1,0.6306639106071921
c10,248,0,0,0.35190671284794234
c10,249,0,0,0.27921047007381006
c10,250,0,0,0.4296694307539455
c10,251,0,0,0.4127867004349186
c10,252,0,0,0.4433020761536886
c10,253,0,0,0.3722296638716096
c10,254,0,0,0.4367771151378558
c10,255,0,0,0.3544807845495934
c10,256,0,0,0.32574931441843474
c10,257,1,1,0.6449131647980383
c10,258,0,0,0.42548433944080044
c10,259,0,0,0.24173488170901183
c10,260,0,0,0.23844601687190206
c10,261,0,0,0.35113927553780105
c10,262,0,0,0.44269881271564304
c10,263,0,0,0.33097253385541764
c10,264,0,0,0.413337790132415
c10,265,0,0,0.36129578175433796
c10,266,0,0,0.2952231862707858
c10,267,0,0,0.4261233629659594
c10,268,0,0,0.289644514997404
c10,269,0,0,0.49311035689340704
c10,270,0,0,0.3804290615247446
c10,271,0,0,0.35688702193784455
c10,272,0,0,0.3383149582146346
c10,273,0,0,0.46175728991100884
c10,274,0,0,0.40461948177692
c10,275,0,0,0.3923602841052213
c10,276,0,0,0.3549408211331282
c10,277,0,0,0.37528202042469855
c10,278,0,0,0.35582213409571983
c10,279,0,0,0.37583923264465824
c10,280,0,1,0.5374828702118195
c10,281,0,0,0.47603190766121756
c10,282,0,0,0.3661923257466631
c10,283,0,1,0.9654445937305332
c10,284,0,1,0.8596075473104384
c10,285,0,1,0.6033937182649628
c10,286,0,1,0.7632197787713731
c10,287,0,0,0.31127671123723777
c10,288,0,1,0.6559170317458007
c10,289,0,1,0.6556007353198212
c10,290,0,0,0.4636535962661467
c10,291,0,0,0.45597672926636995
c10,292,0,0,0.3666072201280491
c10,293,0,0,0.44607476178158195
c10,294,0,0,0.4690384529595944
c10,295,0,0,0.3466862402048962
c10,296,0,0,0.42199194487131153
c10,297,0,1,0.6726332697349099
c10,298,0,0,0.488117158995237
c10,299,0,0,0.4581474148515069
c10,300,0,0,0.2688289496649418
c10,301,0,0,0.2916114357939629
c10,302,0,0,0.32127233742180633
c10,303,0,0,0.3171244251203202
c10,304,0,0,0.26868096129773095
c10,305,0,0,0.34169776233998056
c10,306,0,1,0.553744342386116
c10,307,0,0,0.2950410589552832
c10,308,0,0,0.4806774224900346
c10,309,0,0,0.3655222182332459
c10,310,0,0,0.3287535943689355
c10,311,0,0,0.3088679858564553
c10,312,0,0,0.4514886433141019
c10,313,0,0,0.42363298618571665
c10,314,0,0,0.3094356632411245
c10,315,0,1,0.8902865302468119
c10,316,0,1,0.7558013803317393
c10,317,0,0,0.2924832905896394
c10,318,0,0,0.40138824894858965
c10,319,0,1,0.5911567154448039
c10,320,0,0,0.38872933830610507
c10,321,0,0,0.41067846259637936
c10,322,0,1,0.8851073358672158
c10,323,0,0,0.16771430961407918
c10,324,0,0,0.25224257603604194
c10,325,0,0,0.4591070503856906
c10,326,0,1,0.8937767420432607
c10,327,0,1,0.5563924010466489
c10,328,0,1,0.6585478191817702
c10,329,0,0,0.22523581123625083
c10,330,0,0,0.25496187761556394
c10,331,0,1,0.9723959577478692
c10,332,0,1,0.7932177027020529
c10,333,0,0,0.3871336534862881
c10,334,0,1,0.6139158369950984
c10,335,0,1,0.7438354328317729
c10,336,0,1,0.6916793565064049
c10,337,0,0,0.4761148302943058
c10,338,0,0,0.35823302520799044
c10,339,0,1,0.8699542874772076
c10,340,0,1,0.9346729337329093
c10,341,0,1,0.9572807631331363
c10,342,0,0,0.349360560356119
c10,343,0,1,0.688765710010626
c10,344,0,0,0.3105791723363636
c10,345,0,1,0.6534653947381129
c10,346,0,1,0.9659418777481472
c10,347,0,1,0.7703795095728425
c10,348,0,0,0.39613433431958583
c10,349,0,0,0.48092497160470676
c10,350,0,0,0.38301644038688104
c10,351,0,1,0.5518136859390911
c10,352,0,0,0.42180193752455214
c10,353,0,0,0.38173568893778353
c10,354,0,1,0.5632699411112013
c10,355,0,0,0.3682168338053432
c10,356,0,1,0.6582174970631571
c10,357,0,0,0.40166578448648976
c10,358,0,0,0.4206686095347324
c10,359,0,0,0.39197424549466564
c10,360,0,0,0.39991856727680797
c10,361,0,0,0.45062973767313935
c10,362,0,0,0.3978233724409815
c10,363,0,0,0.4847068672527172
c10,364,0,0,0.3576829943487871
c10,365,0,0,0.38463451545071836
c10,366,0,0,0.38357894772304757
c10,367,0,0,0.3865671383133238
c10,368,0,0,0.3591412877399513
c10,369,0,0,0.3645425182782891
c10,370,0,0,0.4854131267031401
c10,371,0,0,0.4291627136938639
c10,372,0,0,0.28959322586886466
c10,373,0,0,0.43950421888594804
c10,374,0,0,0.3817995845825549
c10,375,0,0,0.42361650478930124
c10,376,0,0,0.3186980188836839
c10,377,0,0,0.2652732370531779
c10,378,0,0,0.3752462666008154
c10,379,0,1,0.8891053343757523
c10,380,0,1,0.5281170155778024
c10,381,0,0,0.48873803513070113
c10,382,0,0,0.42083396548334134
c10,383,0,0,0.45310728271040573
c10,384,0,0,0.4213678221524257
c10,385,0,0,0.3296039142349262
c10,386,0,0,0.349696573343745
c10,387,0,0,0.40244506649050127
c10,388,0,1,0.5322245956025875
c10,389,0,0,0.3593739318817341
c10,390,0,0,0.4848194045980418
c10,391,0,1,0.5493445569510378
c10,392,0,0,0.33574427310468646
c10,393,0,0,0.46781132567267014
c10,394,0,1,0.7805656544470747
c10,395,0,0,0.4662250052154059
c10,396,0,0,0.488382095856103
c10,397,0,0,0.27301125835480106
c10,398,0,0,0.3970135074482275
c10,399,0,1,0.557205304556048
c10,400,0,0,0.4235350202994174
c10,401,0,0,0.40404978926700985
c10,402,0,0,0.41305173595780903
c10,403,0,0,0.27851192126368884
c10,404,0,1,0.564540378387679
c10,405,0,1,0.5477527722558456
c10,406,0,0,0.3799385671180445
c10,407,0,1,0.5252051271879425
c10,408,0,1,0.8729207786605678
c10,409,0,0,0.27362703894617
c10,410,0,0,0.38359181139962206
c10,411,0,0,0.3953340355745222
c10,412,0,0,0.3700685888288628
c10,413,0,1,0.8906942322138597
c10,414,0,0,0.3336595093996201
c10,415,0,1,0.5418459379004641
c10,416,0,1,0.6763318573047143
c10,417,0,1,0.7464327689567153
c10,418,0,1,0.8549576812730644
c10,419,0,0,0.28833177303254615
c10,420,0,0,0.36782077089237913
c10,421,0,0,0.4420212734116609
c10,422,0,0,0.4126418392363282
c10,423,0,1,0.7178838789259621
c10,424,0,1,0.8811257529181561
c10,425,0,1,0.7883987980434634
c10,426,0,1,0.8395775673851511
c10,427,0,0,0.47492489088809636
c10,428,0,1,0.6029824111222384
c10,429,0,1,0.6081008363807472
c10,430,0,1,0.9589860124651104
