record,minute,y_true,y_pred,y_prob
a01,1,0,0,0.14761458
a01,2,0,1,0.68824035
a01,3,0,0,0.22590451
a01,4,0,0,0.08352717
a01,5,0,0,0.44410923
a01,6,0,0,0.28856918
a01,7,0,0,0.06985845
a01,8,0,0,0.022835486
a01,9,0,1,0.60889053
a01,10,0,1,0.6893438
a01,11,0,1,0.90217257
a01,12,0,1,0.82441497
a01,13,1,1,0.9195709
a01,14,1,1,0.96413124
a01,15,1,1,0.9447213
a01,16,1,1,0.9425381
a01,17,1,1,0.9154238
a01,18,1,1,0.9569296
a01,19,1,1,0.9194655
a01,20,1,1,0.9739792
a01,21,1,1,0.9169591
a01,22,1,1,0.9185387
a01,23,1,1,0.9745437
a01,24,1,1,0.9535349
a01,25,1,1,0.98035425
a01,26,1,1,0.9339855
a01,27,1,1,0.95992535
a01,28,1,1,0.99360764
a01,29,1,1,0.90969294
a01,30,1,1,0.96696955
a01,31,1,1,0.93263555
a01,32,1,1,0.87564236
a01,33,1,1,0.97138155
a01,34,1,1,0.93469197
a01,35,1,1,0.98110515
a01,36,1,1,0.9061677
a01,37,1,1,0.97178876
a01,38,1,1,0.93322414
a01,39,1,1,0.94609416
a01,40,1,1,0.9438059
a01,41,1,1,0.98973536
a01,42,1,1,0.96659243
a01,43,1,1,0.964995
a01,44,1,1,0.9835548
a01,45,1,1,0.9911488
a01,46,1,1,0.9574058
a01,47,1,1,0.9490865
a01,48,1,1,0.9684494
a01,49,1,1,0.9431165
a01,50,1,1,0.9760715
a01,51,1,1,0.93815273
a01,52,1,1,0.9387441
a01,53,1,1,0.9610912
a01,54,1,1,0.9297857
a01,55,1,1,0.99101406
a01,56,1,1,0.96669966
a01,57,1,1,0.9823698
a01,58,1,1,0.9615107
a01,59,1,1,0.96715707
a01,60,1,1,0.96998346
a01,61,1,1,0.9852514
a01,62,1,1,0.98608685
a01,63,1,1,0.972681
a01,64,1,1,0.971135
a01,65,1,1,0.90081364
a01,66,1,1,0.876406
a01,67,1,1,0.992908
a01,68,1,1,0.96120113
a01,69,1,1,0.98438174
a01,70,1,1,0.7555076
a01,71,1,1,0.82330406
a01,72,1,1,0.9847044
a01,73,1,1,0.99430084
a01,74,1,1,0.96157444
a01,75,1,1,0.982771
a01,76,1,1,0.96104544
a01,77,1,1,0.769201
a01,78,1,1,0.63543874
a01,79,1,1,0.8354968
a01,80,1,1,0.96846145
a01,81,1,1,0.97619367
a01,82,1,1,0.9829705
a01,83,1,1,0.9738448
a01,84,1,1,0.9753675
a01,85,1,1,0.9928351
a01,86,1,1,0.95466274
a01,87,1,1,0.94687027
a01,88,1,1,0.9722305
a01,89,1,1,0.99363774
a01,90,1,1,0.6700407
a01,91,1,1,0.71309644
a01,92,1,1,0.7986326
a01,93,1,1,0.8385882
a01,94,1,1,0.94798654
a01,95,1,1,0.9670932
a01,96,1,1,0.9559822
a01,97,1,1,0.9607226
a01,98,1,1,0.991591
a01,99,1,1,0.7665578
a01,100,1,1,0.9468073
a01,101,1,1,0.9789932
a01,102,1,1,0.98370874
a01,103,1,1,0.94138485
a01,104,1,1,0.95211107
a01,105,1,1,0.9713922
a01,106,1,1,0.9749416
a01,107,1,1,0.7767058
a01,108,1,1,0.9905104
a01,109,1,1,0.9485846
a01,110,1,1,0.98238647
a01,111,1,1,0.9649927
a01,112,1,1,0.98186845
a01,113,1,1,0.9885389
a01,114,1,1,0.92777544
a01,115,1,1,0.942419
a01,116,1,1,0.93098223
a01,117,1,1,0.98024356
a01,118,1,1,0.9710037
a01,119,1,1,0.9577719
a01,120,1,1,0.968934
a01,121,1,1,0.98389995
a01,122,1,1,0.9826921
a01,123,1,1,0.97912735
a01,124,1,1,0.9732347
a01,125,1,1,0.981931
a01,126,1,1,0.8805422
a01,127,1,1,0.92539006
a01,128,1,1,0.9133469
a01,129,1,1,0.9911226
a01,130,1,1,0.9815954
a01,131,1,1,0.9700151
a01,132,1,1,0.97896135
a01,133,1,1,0.9717131
a01,134,1,1,0.9794214
a01,135,1,1,0.96834457
a01,136,1,1,0.9753318
a01,137,1,1,0.9817903
a01,138,1,1,0.98494256
a01,139,1,1,0.9767958
a01,140,1,1,0.97981
a01,141,1,1,0.96795446
a01,142,1,1,0.97312903
a01,143,1,1,0.97631276
a01,144,1,1,0.9726514
a01,145,1,1,0.9720067
a01,146,1,1,0.9718456
a01,147,1,1,0.92798966
a01,148,1,1,0.96380866
a01,149,1,1,0.8933226
a01,150,1,1,0.9597803
a01,151,1,1,0.9473516
a01,152,1,1,0.96612084
a01,153,1,1,0.9699653
a01,154,1,1,0.98517114
a01,155,1,1,0.98217624
a01,156,1,1,0.97784746
a01,157,1,1,0.9822045
a01,158,1,1,0.9344371
a01,159,1,1,0.69774294
a01,160,1,1,0.9790355
a01,161,1,1,0.9930949
a01,162,1,1,0.95269036
a01,163,1,1,0.98785305
a01,164,1,1,0.98351395
a01,165,1,1,0.9910178
a01,166,1,1,0.9967932
a01,167,1,1,0.97895664
a01,168,1,1,0.97406673
a01,169,1,1,0.9757775
a01,170,1,1,0.98566115
a01,171,1,1,0.988318
a01,172,1,1,0.9856021
a01,173,1,1,0.9857625
a01,174,1,1,0.97852695
a01,175,1,1,0.991078
a01,176,1,1,0.97675836
a01,177,1,1,0.9872034
a01,178,1,1,0.9825629
a01,179,1,1,0.96430326
a01,180,1,1,0.99214435
a01,181,1,1,0.9740195
a01,182,1,1,0.9900629
a01,183,1,1,0.9898387
a01,184,1,1,0.98549205
a01,185,1,1,0.99130684
a01,186,1,1,0.9641609
a01,187,1,1,0.98794204
a01,188,1,1,0.9578207
a01,189,1,1,0.9731987
a01,190,1,1,0.9297358
a01,191,1,1,0.9540383
a01,192,1,1,0.99645054
a01,193,1,1,0.99003243
a01,194,1,1,0.9718157
a01,195,1,1,0.99143714
a01,196,1,1,0.98534364
a01,197,1,1,0.97337794
a01,198,1,1,0.99391055
a01,199,1,1,0.9891605
a01,200,1,1,0.9254594
a01,201,1,1,0.9817425
a01,202,1,1,0.9785736
a01,203,1,1,0.9360375
a01,204,1,1,0.9855457
a01,205,1,1,0.98133904
a01,206,1,1,0.9894723
a01,207,1,1,0.90939176
a01,208,1,1,0.98506355
a01,209,1,1,0.93448687
a01,210,1,1,0.94602615
a01,211,1,1,0.99488294
a01,212,1,1,0.9720095
a01,213,1,1,0.96204674
a01,214,1,1,0.9864109
a01,215,1,1,0.9212393
a01,216,1,1,0.86793536
a01,217,1,1,0.89742863
a01,218,1,1,0.9834009
a01,219,1,1,0.86081165
a01,220,1,1,0.55864996
a01,221,1,1,0.68050236
a01,222,1,1,0.78160906
a01,223,1,1,0.89329374
a01,224,1,1,0.8394761
a01,225,1,1,0.79111195
a01,226,1,0,0.26577502
a01,227,0,0,0.49972042
a01,228,0,1,0.6276816
a01,229,0,1,0.67177254
a01,230,0,1,0.79919857
a01,231,1,1,0.71534026
a01,232,1,1,0.92888004
a01,233,1,1,0.842111
a01,234,1,1,0.9379889
a01,235,1,1,0.6077607
a01,236,1,1,0.98461366
a01,237,1,1,0.98718387
a01,238,1,1,0.7386995
a01,239,1,1,0.98579586
a01,240,1,1,0.98273486
a01,241,1,1,0.9883255
a01,242,1,1,0.97937244
a01,243,1,1,0.9387357
a01,244,1,1,0.9792403
a01,245,1,1,0.9730531
a01,246,1,1,0.9539307
a01,247,1,1,0.90952456
a01,248,1,1,0.9895874
a01,249,1,1,0.98040223
a01,250,1,1,0.9958528
a01,251,1,1,0.98080987
a01,252,1,1,0.993628
a01,253,1,1,0.9567979
a01,254,1,1,0.9869508
a01,255,1,1,0.9903347
a01,256,1,1,0.9771558
a01,257,1,1,0.99311405
a01,258,1,1,0.9731703
a01,259,1,1,0.9936206
a01,260,1,1,0.9572371
a01,261,1,1,0.9880414
a01,262,1,1,0.9920677
a01,263,1,1,0.99450797
a01,264,1,1,0.9804652
a01,265,1,1,0.97404057
a01,266,1,1,0.9772044
a01,267,1,1,0.9756545
a01,268,1,1,0.9841666
a01,269,1,1,0.9632825
a01,270,1,1,0.98088664
a01,271,1,1,0.8123534
a01,272,1,1,0.9890203
a01,273,1,1,0.9940673
a01,274,1,1,0.97793716
a01,275,1,1,0.9714016
a01,276,1,1,0.98601633
a01,277,1,1,0.9895788
a01,278,1,1,0.9826789
a01,279,1,1,0.9800499
a01,280,1,1,0.9842523
a01,281,1,1,0.9709665
a01,282,1,1,0.97885805
a01,283,1,1,0.9677325
a01,284,1,1,0.9898705
a01,285,1,1,0.97219986
a01,286,1,1,0.99096936
a01,287,1,1,0.9848297
a01,288,1,1,0.9941512
a01,289,1,1,0.9901571
a01,290,1,1,0.9962419
a01,291,1,1,0.933481
a01,292,1,1,0.98610824
a01,293,1,1,0.9439712
a01,294,1,1,0.99018466
a01,295,1,1,0.9821279
a01,296,1,1,0.9957912
a01,297,1,1,0.99398214
a01,298,1,1,0.9956109
a01,299,1,1,0.99717784
a01,300,1,1,0.99790996
a01,301,1,1,0.9745855
a01,302,1,1,0.96531636
a01,303,1,1,0.99032927
a01,304,1,1,0.9586325
a01,305,1,1,0.95961773
a01,306,1,0,0.48560804
a01,307,1,1,0.98948365
a01,308,1,1,0.990458
a01,309,1,1,0.9150846
a01,310,1,1,0.95013124
a01,311,1,1,0.5933067
a01,312,1,1,0.96650386
a01,313,1,1,0.95697004
a01,314,1,1,0.97557735
a01,315,1,1,0.9596114
a01,316,1,1,0.9722248
a01,317,1,1,0.9906184
a01,318,1,1,0.77284545
a01,319,1,1,0.97121847
a01,320,1,1,0.84331393
a01,321,1,1,0.66701365
a01,322,1,1,0.9781648
a01,323,1,1,0.8747632
a01,324,1,1,0.97235614
a01,325,1,1,0.95257545
a01,326,1,1,0.89014214
a01,327,1,1,0.99213046
a01,328,1,1,0.94771785
a01,329,1,1,0.970064
a01,330,1,1,0.99088985
a01,331,1,1,0.93278754
a01,332,1,1,0.9702894
a01,333,1,1,0.99634236
a01,334,1,1,0.9530197
a01,335,1,1,0.8834691
a01,336,1,1,0.9419575
a01,337,1,1,0.96143544
a01,338,1,1,0.8148272
a01,339,1,1,0.9458637
a01,340,1,1,0.94389635
a01,341,1,1,0.96513015
a01,342,1,1,0.99329185
a01,343,1,1,0.9967662
a01,344,1,1,0.83575827
a01,345,1,1,0.979222
a01,346,1,1,0.99367476
a01,347,1,1,0.9849392
a01,348,1,1,0.9391981
a01,349,1,1,0.95164424
a01,350,1,1,0.96912026
a01,351,1,1,0.97263396
a01,352,0,1,0.8904773
a01,353,0,1,0.9169949
a01,354,1,1,0.94132537
a01,355,1,1,0.9501507
a01,356,1,1,0.9909916
a01,357,1,1,0.983392
a01,358,1,1,0.94366384
a01,359,1,1,0.91299886
a01,360,1,1,0.98850864
a01,361,1,1,0.9836961
a01,362,1,1,0.9841084
a01,363,1,1,0.85733944
a01,364,1,1,0.9936253
a01,365,1,1,0.9925362
a01,366,1,1,0.9918977
a01,367,1,1,0.9577006
a01,368,1,1,0.9858906
a01,369,1,1,0.9930373
a01,370,1,1,0.9549278
a01,371,1,1,0.98571926
a01,372,1,1,0.9858948
a01,373,1,1,0.9855655
a01,374,1,1,0.9912184
a01,375,1,1,0.9454595
a01,376,1,1,0.99467033
a01,377,1,1,0.98905027
a01,378,1,1,0.9961153
a01,379,1,1,0.97469115
a01,380,1,1,0.98255104
a01,381,1,1,0.99494874
a01,382,1,1,0.759614
a01,383,1,1,0.98253804
a01,384,1,1,0.97588557
a01,385,1,1,0.9265056
a01,386,1,1,0.9940579
a01,387,1,1,0.9956032
a01,388,1,1,0.9825607
a01,389,1,1,0.9864433
a01,390,1,1,0.98374444
a01,391,1,1,0.9891916
a01,392,1,1,0.98014957
a01,393,1,1,0.9812681
a01,394,1,1,0.99295044
a01,395,1,1,0.9604536
a01,396,1,1,0.9817099
a01,397,1,1,0.99312085
a01,398,1,1,0.992168
a01,399,1,1,0.95599747
a01,400,1,1,0.9847068
a01,401,1,1,0.9391914
a01,402,1,1,0.990877
a01,403,1,1,0.9859431
a01,404,1,1,0.9621967
a01,405,1,1,0.9637246
a01,406,1,1,0.99780625
a01,407,1,1,0.9829578
a01,408,1,1,0.96835685
a01,409,1,1,0.9862953
a01,410,1,1,0.99218106
a01,411,1,1,0.99155676
a01,412,1,1,0.98176587
a01,413,1,1,0.98531544
a01,414,1,1,0.9902996
a01,415,1,1,0.9373579
a01,416,1,1,0.95240986
a01,417,1,1,0.9879005
a01,418,1,1,0.98919255
a01,419,1,1,0.97614276
a01,420,1,1,0.9907314
a01,421,1,1,0.9650652
a01,422,1,1,0.9495966
a01,423,1,1,0.8764096
a01,424,1,1,0.8937247
a01,425,1,1,0.98647076
a01,426,1,1,0.9858451
a01,427,1,1,0.98907685
a01,428,1,1,0.99300134
a01,429,1,1,0.9571152
a01,430,1,1,0.9724515
a01,431,1,1,0.996874
a01,432,1,1,0.9889311
a01,433,1,1,0.8494611
a01,434,1,1,0.94899577
a01,435,1,1,0.96936774
a01,436,1,1,0.98616797
a01,437,1,1,0.99017733
a01,438,1,1,0.99137974
a01,439,1,1,0.9955598
a01,440,1,1,0.98147136
a01,441,1,1,0.95546806
a01,442,1,1,0.97854006
a01,443,1,1,0.99344736
a01,444,1,1,0.9379157
a01,445,1,1,0.9084107
a01,446,1,1,0.98493654
a01,447,1,1,0.9431469
a01,448,1,1,0.9932656
a01,449,1,1,0.9921577
a01,450,1,1,0.9945709
a01,451,1,1,0.8543246
a01,452,1,1,0.9966788
a01,453,1,1,0.93801624
a01,454,1,1,0.9827787
a01,455,1,1,0.9942913
a01,456,1,1,0.85683024
a01,457,1,1,0.810597
a01,458,1,1,0.98802316
a01,459,1,1,0.9825188
a01,460,1,1,0.8599058
a01,461,1,1,0.9849776
a01,462,1,1,0.96588725
a01,463,1,1,0.97646797
a01,464,1,1,0.9434062
a01,465,1,1,0.93629056
a01,466,1,1,0.98143035
a01,467,1,1,0.9307831
a01,468,1,1,0.9688722
a01,469,1,1,0.8697777
a01,470,1,1,0.95985264
a01,471,1,1,0.8931111
a01,472,1,1,0.96482176
a01,473,1,1,0.9304417
a01,474,1,1,0.9796896
a01,475,1,1,0.8046705
a01,476,1,1,0.98582643
a01,477,1,1,0.97895503
a01,478,1,1,0.97782147
a01,479,1,1,0.9411524
a01,480,1,1,0.9859707
a01,481,1,1,0.96232975
a01,482,1,1,0.9859061
a01,483,1,1,0.98959315
a01,484,1,1,0.96993184
a01,485,1,1,0.9297744
a01,486,1,1,0.92801553
a01,487,1,1,0.9855621
a01,488,1,1,0.8995724
a02,1,0,0,0.016140714
a02,2,0,0,0.0134539455
a02,3,0,0,0.016377496
a02,4,0,0,0.02014334
a02,5,0,0,0.030438412
a02,6,0,0,0.28629112
a02,7,0,0,0.030934175
a02,8,0,0,0.46070436
a02,9,0,0,0.02951316
a02,10,0,0,0.017608661
a02,11,0,0,0.12388544
a02,12,0,0,0.024904588
a02,13,0,0,0.0145371705
a02,14,0,0,0.030847598
a02,15,0,0,0.09726514
a02,16,0,0,0.033317376
a02,17,0,0,0.016961982
a02,18,0,0,0.016756767
a02,19,0,0,0.02185503
a02,20,0,0,0.064703435
a02,21,1,0,0.048777208
a02,22,1,0,0.048976976
a02,23,1,0,0.051713306
a02,24,1,0,0.025298245
a02,25,1,0,0.047646616
a02,26,1,0,0.040863547
a02,27,1,0,0.049977247
a02,28,1,0,0.055526644
a02,29,1,0,0.13792004
a02,30,1,0,0.11624771
a02,31,1,0,0.09670057
a02,32,1,0,0.04336961
a02,33,1,0,0.22332717
a02,34,1,0,0.08495515
a02,35,1,0,0.04060033
a02,36,1,0,0.06462648
a02,37,1,0,0.04920589
a02,38,1,0,0.05523608
a02,39,1,0,0.07183457
a02,40,1,0,0.089164816
a02,41,1,0,0.13006628
a02,42,1,0,0.115932226
a02,43,1,0,0.112791464
a02,44,1,0,0.27540594
a02,45,1,0,0.079000086
a02,46,1,0,0.24662554
a02,47,1,0,0.12557769
a02,48,1,0,0.11150926
a02,49,1,0,0.13628055
a02,50,1,0,0.09588051
a02,51,1,0,0.06977183
a02,52,1,0,0.15341981
a02,53,1,0,0.05093035
a02,54,1,0,0.16464268
a02,55,1,0,0.14129318
a02,56,1,0,0.24886015
a02,57,1,0,0.12191588
a02,58,1,0,0.06517987
a02,59,1,0,0.050171446
a02,60,1,0,0.059941474
a02,61,1,0,0.06827112
a02,62,1,0,0.21659309
a02,63,1,0,0.12068166
a02,64,1,0,0.11371522
a02,65,1,0,0.10190425
a02,66,1,0,0.082827635
a02,67,1,0,0.1254012
a02,68,1,0,0.11039368
a02,69,1,0,0.06777072
a02,70,1,0,0.14573196
a02,71,1,0,0.48460558
a02,72,1,0,0.09050538
a02,73,1,0,0.038084853
a02,74,1,0,0.025246942
a02,75,1,0,0.07743055
a02,76,1,0,0.06656794
a02,77,1,0,0.04263634
a02,78,1,0,0.11559718
a02,79,1,0,0.053441986
a02,80,1,0,0.09139988
a02,81,1,0,0.06245196
a02,82,1,0,0.1024715
a02,83,1,0,0.09823675
a02,84,1,0,0.08727332
a02,85,1,0,0.07953521
a02,86,1,0,0.08261863
a02,87,1,0,0.056590915
a02,88,1,0,0.08089602
a02,89,1,0,0.08151429
a02,90,1,0,0.06720075
a02,91,1,0,0.04250343
a02,92,1,0,0.043939058
a02,93,1,0,0.15055734
a02,94,1,0,0.06972346
a02,95,1,0,0.07415913
a02,96,1,0,0.17807496
a02,97,1,0,0.051445674
a02,98,1,0,0.07187816
a02,99,1,0,0.153469
a02,100,1,0,0.049986776
a02,101,1,0,0.052111782
a02,102,1,0,0.037514713
a02,103,1,0,0.078379035
a02,104,1,0,0.10167578
a02,105,1,0,0.04410391
a02,106,1,0,0.085635245
a02,107,1,0,0.081219964
a02,108,1,0,0.06661364
a02,109,1,0,0.0515874
a02,110,1,0,0.0926516
a02,111,1,0,0.07645866
a02,112,1,0,0.08878626
a02,113,1,0,0.039311033
a02,114,1,0,0.066907465
a02,115,1,0,0.09548736
a02,116,1,0,0.08868032
a02,117,1,0,0.16619308
a02,118,1,0,0.07709069
a02,119,1,0,0.0544225
a02,120,1,0,0.061003502
a02,121,1,0,0.04001877
a02,122,1,0,0.08662543
a02,123,1,0,0.056287106
a02,124,1,0,0.02357592
a02,125,1,0,0.02681761
a02,126,1,0,0.028993271
a02,127,1,0,0.055657834
a02,128,1,0,0.04197839
a02,129,1,0,0.16348597
a02,130,0,0,0.061524097
a02,131,0,0,0.098122016
a02,132,0,0,0.03321911
a02,133,0,0,0.015666716
a02,134,0,0,0.014268347
a02,135,0,0,0.01470907
a02,136,0,0,0.012191405
a02,137,0,0,0.01045014
a02,138,0,0,0.011067055
a02,139,0,0,0.015265134
a02,140,0,0,0.01404936
a02,141,0,0,0.011879444
a02,142,0,0,0.01212242
a02,143,0,0,0.0121819675
a02,144,0,0,0.011936897
a02,145,0,0,0.011871263
a02,146,0,0,0.013129702
a02,147,0,0,0.010527532
a02,148,0,0,0.013479679
a02,149,0,0,0.012986935
a02,150,0,0,0.011228968
a02,151,0,0,0.010396912
a02,152,0,0,0.009480039
a02,153,0,0,0.008284728
a02,154,0,0,0.0073502264
a02,155,0,0,0.008093014
a02,156,0,0,0.018679462
a02,157,0,0,0.009058162
a02,158,0,0,0.008306276
a02,159,0,0,0.0097049745
a02,160,0,0,0.008403119
a02,161,0,0,0.009017514
a02,162,0,0,0.008571336
a02,163,0,0,0.0068236
a02,164,0,0,0.0064567965
a02,165,0,0,0.0064195627
a02,166,0,0,0.007040135
a02,167,0,0,0.009497096
a02,168,0,0,0.007926519
a02,169,0,0,0.007389557
a02,170,0,0,0.0063571576
a02,171,0,0,0.0070294836
a02,172,0,0,0.0073114876
a02,173,0,0,0.006605664
a02,174,0,0,0.009443937
a02,175,0,0,0.025621878
a02,176,1,0,0.013837921
a02,177,1,0,0.0071813823
a02,178,1,0,0.012239263
a02,179,1,0,0.011172851
a02,180,1,0,0.047182783
a02,181,1,0,0.16034119
a02,182,1,0,0.020866137
a02,183,1,0,0.02808801
a02,184,1,0,0.03240618
a02,185,1,0,0.028694503
a02,186,1,0,0.018266818
a02,187,1,0,0.027759263
a02,188,1,0,0.07883601
a02,189,1,0,0.008215134
a02,190,1,0,0.011956884
a02,191,1,0,0.024369828
a02,192,1,0,0.010790928
a02,193,1,0,0.020509081
a02,194,1,0,0.021346154
a02,195,1,0,0.032467503
a02,196,1,0,0.018983012
a02,197,1,0,0.019191515
a02,198,1,0,0.01255937
a02,199,1,0,0.013218883
a02,200,1,0,0.01071667
a02,201,0,0,0.012092089
a02,202,0,0,0.094259985
a02,203,0,0,0.016675342
a02,204,0,0,0.01118584
a02,205,0,0,0.018205905
a02,206,0,0,0.057453796
a02,207,1,0,0.036963787
a02,208,1,0,0.11607744
a02,209,1,0,0.016067859
a02,210,1,0,0.080274366
a02,211,1,0,0.013704177
a02,212,1,0,0.0144082885
a02,213,1,0,0.008471234
a02,214,1,0,0.045786113
a02,215,1,0,0.022983478
a02,216,1,0,0.010950603
a02,217,1,0,0.36119714
a02,218,1,0,0.031241396
a02,219,1,0,0.020191675
a02,220,1,0,0.148636
a02,221,1,0,0.08030819
a02,222,1,0,0.03601493
a02,223,1,0,0.050533656
a02,224,1,0,0.053661574
a02,225,1,0,0.029121209
a02,226,1,0,0.13946979
a02,227,1,0,0.026085047
a02,228,1,0,0.021727666
a02,229,1,0,0.029735347
a02,230,1,0,0.06676193
a02,231,1,0,0.035174433
a02,232,1,0,0.031260975
a02,233,1,0,0.04302624
a02,234,1,0,0.067759775
a02,235,1,0,0.037739977
a02,236,1,0,0.05128695
a02,237,1,0,0.09851655
a02,238,1,0,0.041881245
a02,239,1,0,0.031468976
a02,240,1,0,0.043807443
a02,241,1,0,0.093326464
a02,242,1,0,0.061483998
a02,243,1,0,0.022987232
a02,244,1,0,0.04401649
a02,245,1,0,0.036596414
a02,246,1,0,0.081430346
a02,247,1,0,0.036549304
a02,248,1,0,0.030372322
a02,249,1,0,0.08398806
a02,250,1,0,0.05094552
a02,251,1,0,0.042172167
a02,252,1,0,0.024261024
a02,253,1,0,0.02199066
a02,254,1,0,0.050157666
a02,255,1,0,0.018036315
a02,256,1,0,0.0284548
a02,257,1,0,0.0473089
a02,258,1,0,0.020730076
a02,259,1,0,0.03615262
a02,260,1,0,0.14907892
a02,261,1,0,0.09720586
a02,262,1,0,0.13991082
a02,263,1,0,0.02010173
a02,264,1,0,0.07728388
a02,265,1,0,0.12931603
a02,266,0,0,0.046746116
a02,267,0,0,0.025051026
a02,268,0,0,0.05144531
a02,269,0,0,0.028426148
a02,270,1,0,0.13075273
a02,271,1,0,0.027205465
a02,272,1,0,0.09952073
a02,273,1,0,0.07575173
a02,274,1,0,0.028341243
a02,275,1,0,0.125155
a02,276,1,0,0.09654888
a02,277,1,0,0.11112018
a02,278,1,0,0.07376454
a02,279,1,0,0.09357183
a02,280,1,0,0.057420213
a02,281,1,0,0.06328976
a02,282,0,0,0.1744737
a02,283,0,0,0.04603828
a02,284,0,0,0.09799596
a02,285,0,0,0.07689346
a02,286,0,0,0.059120107
a02,287,0,0,0.045948166
a02,288,1,0,0.12392303
a02,289,1,0,0.02807713
a02,290,1,0,0.053022075
a02,291,1,0,0.07809512
a02,292,1,0,0.053787813
a02,293,1,0,0.08934663
a02,294,1,0,0.08596045
a02,295,0,0,0.03334633
a02,296,0,0,0.059716236
a02,297,1,0,0.43491057
a02,298,1,0,0.073313296
a02,299,1,0,0.1429336
a02,300,1,0,0.054277625
a02,301,1,0,0.1532202
a02,302,1,0,0.065304406
a02,303,1,0,0.08832806
a02,304,1,0,0.093751065
a02,305,1,0,0.08933365
a02,306,1,0,0.055961356
a02,307,1,0,0.120838575
a02,308,0,0,0.04921186
a02,309,0,0,0.02573675
a02,310,0,0,0.11447171
a02,311,0,0,0.01737004
a02,312,1,0,0.013349224
a02,313,1,0,0.08629203
a02,314,1,0,0.05526948
a02,315,1,0,0.042642597
a02,316,1,0,0.052441753
a02,317,1,0,0.04908976
a02,318,1,0,0.08200328
a02,319,1,0,0.027242877
a02,320,1,0,0.04444516
a02,321,1,0,0.035988864
a02,322,1,0,0.14419687
a02,323,1,0,0.045688454
a02,324,1,0,0.07656919
a02,325,1,0,0.1941132
a02,326,0,0,0.067309774
a02,327,0,0,0.07830707
a02,328,0,0,0.11730584
a02,329,1,0,0.14504895
a02,330,1,0,0.07902163
a02,331,1,0,0.054326393
a02,332,1,0,0.031063747
a02,333,1,0,0.2717506
a02,334,1,0,0.11376282
a02,335,1,0,0.1199573
a02,336,1,0,0.15183724
a02,337,1,0,0.13539007
a02,338,1,0,0.10637687
a02,339,1,0,0.10550299
a02,340,1,0,0.07752867
a02,341,1,0,0.104429945
a02,342,1,0,0.054573476
a02,343,1,0,0.056882612
a02,344,1,0,0.103360526
a02,345,1,0,0.054837354
a02,346,1,0,0.08806849
a02,347,1,0,0.29607707
a02,348,1,0,0.096022464
a02,349,1,0,0.08207163
a02,350,1,0,0.27912375
a02,351,1,0,0.023614896
a02,352,1,0,0.21336314
a02,353,1,0,0.04333346
a02,354,1,0,0.043542944
a02,355,1,0,0.076884046
a02,356,1,0,0.12568517
a02,357,1,0,0.13075252
a02,358,1,0,0.10994042
a02,359,1,0,0.25772706
a02,360,1,0,0.17589575
a02,361,1,0,0.24075586
a02,362,1,0,0.07762095
a02,363,1,0,0.07637464
a02,364,1,0,0.06305014
a02,365,1,0,0.062810525
a02,366,1,0,0.046938833
a02,367,1,0,0.119702086
a02,368,1,0,0.06593304
a02,369,1,0,0.05837181
a02,370,1,0,0.028018596
a02,371,1,0,0.059718262
a02,372,1,0,0.08490675
a02,373,1,0,0.10122562
a02,374,1,0,0.055143844
a02,375,1,0,0.087854385
a02,376,1,0,0.020370277
a02,377,1,0,0.061170593
a02,378,1,0,0.06395848
a02,379,1,0,0.041250937
a02,380,1,0,0.12768811
a02,381,1,0,0.09683558
a02,382,1,0,0.0974088
a02,383,1,0,0.06979052
a02,384,1,0,0.1981707
a02,385,1,0,0.058020867
a02,386,1,0,0.023689097
a02,387,1,0,0.040713537
a02,388,1,0,0.08610854
a02,389,0,0,0.12253327
a02,390,0,0,0.1329562
a02,391,0,0,0.10920454
a02,392,1,0,0.07715199
a02,393,1,0,0.127889
a02,394,1,0,0.05671813
a02,395,1,0,0.03889642
a02,396,1,0,0.11293624
a02,397,1,0,0.10027463
a02,398,1,0,0.10297579
a02,399,1,0,0.11795057
a02,400,1,0,0.25226763
a02,401,1,0,0.0525076
a02,402,1,0,0.039635774
a02,403,1,0,0.043456104
a02,404,1,0,0.08583505
a02,405,1,0,0.031488746
a02,406,1,0,0.042294662
a02,407,1,0,0.0787872
a02,408,1,0,0.07433113
a02,409,1,0,0.06955947
a02,410,1,0,0.06892026
a02,411,1,0,0.051594075
a02,412,1,0,0.09049346
a02,413,1,0,0.037346493
a02,414,1,0,0.044575352
a02,415,1,0,0.06185508
a02,416,1,0,0.03259137
a02,417,1,0,0.102653705
a02,418,1,0,0.075376354
a02,419,1,0,0.10296786
a02,420,1,0,0.0947811
a02,421,1,0,0.12147537
a02,422,1,0,0.08291315
a02,423,1,0,0.09778319
a02,424,1,0,0.048065215
a02,425,1,0,0.11558915
a02,426,1,0,0.12975766
a02,427,1,0,0.088456765
a02,428,1,0,0.17990483
a02,429,1,0,0.09003755
a02,430,1,0,0.1123907
a02,431,1,0,0.13875523
a02,432,0,0,0.10734681
a02,433,0,0,0.11179537
a02,434,0,0,0.27445233
a02,435,0,0,0.08507184
a02,436,1,0,0.116900735
a02,437,1,0,0.096242934
a02,438,1,0,0.14658691
a02,439,1,0,0.099530056
a02,440,1,0,0.11452849
a02,441,1,0,0.102942936
a02,442,1,0,0.18059531
a02,443,1,0,0.1277685
a02,444,1,0,0.043224953
a02,445,1,0,0.09739794
a02,446,1,0,0.32401666
a02,447,1,0,0.073327
a02,448,1,0,0.060369253
a02,449,1,0,0.040633067
a02,450,1,0,0.08377834
a02,451,1,0,0.055379685
a02,452,1,0,0.069360845
a02,453,1,0,0.107630186
a02,454,1,0,0.08174606
a02,455,1,0,0.38002655
a02,456,1,0,0.05493058
a02,457,1,0,0.078038014
a02,458,1,0,0.088209756
a02,459,1,0,0.15365845
a02,460,1,0,0.3047203
a02,461,1,0,0.071697414
a02,462,1,0,0.15152536
a02,463,1,0,0.11108811
a02,464,1,0,0.12736762
a02,465,1,0,0.069164775
a02,466,1,0,0.08580411
a02,467,1,0,0.13209617
a02,468,1,0,0.35705936
a02,469,1,1,0.6741648
a02,470,1,0,0.0753916
a02,471,1,0,0.08768171
a02,472,1,0,0.09262189
a02,473,1,0,0.10478402
a02,474,1,0,0.09114062
a02,475,1,0,0.11950001
a02,476,1,0,0.089456156
a02,477,1,0,0.09065346
a02,478,1,0,0.10782879
a02,479,1,0,0.078470685
a02,480,1,0,0.097602256
a02,481,1,0,0.10677895
a02,482,1,0,0.1926428
a02,483,1,0,0.07330139
a02,484,1,0,0.03450093
a02,485,1,0,0.038986627
a02,486,1,0,0.27286002
a02,487,1,0,0.07605755
a02,488,1,0,0.07920109
a02,489,1,0,0.10228916
a02,490,1,0,0.053464383
a02,491,1,0,0.035285223
a02,492,1,0,0.035440207
a02,493,1,0,0.115635626
a02,494,1,0,0.094904356
a02,495,1,0,0.08791086
a02,496,1,0,0.12049091
a02,497,1,0,0.23542981
a02,498,1,0,0.05934277
a02,499,1,0,0.21723935
a02,500,0,0,0.02141804
a02,501,0,0,0.06383883
a02,502,0,0,0.077011324
a02,503,0,0,0.041219886
a02,504,0,0,0.031518064
a02,505,0,0,0.04575928
a02,506,0,0,0.15360749
a02,507,0,0,0.07800558
a02,508,0,0,0.056856476
a02,509,1,0,0.10959852
a02,510,1,0,0.101231486
a02,511,1,0,0.09054958
a02,512,1,0,0.084807046
a02,513,1,0,0.30571207
a02,514,1,0,0.05705044
a02,515,1,0,0.092477724
a02,516,1,0,0.05275628
a02,517,1,0,0.07132376
a02,518,1,0,0.09319366
a02,519,1,0,0.05709133
a02,520,1,0,0.035086837
a02,521,1,0,0.0434742
a02,522,1,0,0.06095414
a02,523,1,0,0.09198508
a02,524,1,0,0.37383536
a02,525,1,0,0.12038016
a02,526,1,0,0.15865703
a02,527,1,0,0.08685458
a03,1,0,0,0.38321155
a03,2,0,0,0.49869034
a03,3,0,0,0.38974473
a03,4,0,1,0.97467166
a03,5,0,0,0.4341428
a03,6,0,1,0.62517816
a03,7,0,1,0.8818035
a03,8,0,0,0.49669173
a03,9,0,1,0.9283212
a03,10,0,1,0.8128414
a03,11,0,1,0.9270965
a03,12,0,1,0.97912896
a03,13,1,1,0.97009945
a03,14,1,1,0.9588676
a03,15,1,1,0.97065747
a03,16,1,1,0.9529174
a03,17,1,1,0.95865905
a03,18,1,1,0.9757734
a03,19,1,1,0.958524
a03,20,1,1,0.9665273
a03,21,1,1,0.99276465
a03,22,1,1,0.94865984
a03,23,1,1,0.97512686
a03,24,1,1,0.98716486
a03,25,1,1,0.95632845
a03,26,1,1,0.9703783
a03,27,1,1,0.98215115
a03,28,1,1,0.9922713
a03,29,1,1,0.98936325
a03,30,1,1,0.94736624
a03,31,1,1,0.98265
a03,32,1,1,0.97434574
a03,33,1,1,0.95979154
a03,34,1,1,0.9795926
a03,35,1,1,0.9417348
a03,36,1,1,0.9817315
a03,37,1,1,0.99403244
a03,38,1,1,0.981343
a03,39,1,1,0.9775553
a03,40,1,1,0.9706487
a03,41,1,1,0.9622986
a03,42,1,1,0.988436
a03,43,1,1,0.9748489
a03,44,1,1,0.9821016
a03,45,1,1,0.9648322
a03,46,1,1,0.9890298
a03,47,1,1,0.98602736
a03,48,1,1,0.9880663
a03,49,1,1,0.9923074
a03,50,1,1,0.9873066
a03,51,1,1,0.99208707
a03,52,1,1,0.98369586
a03,53,1,1,0.9912572
a03,54,1,1,0.96628267
a03,55,1,1,0.9574269
a03,56,1,1,0.97760713
a03,57,1,1,0.98450905
a03,58,1,1,0.9852123
a03,59,1,1,0.97776026
a03,60,0,0,0.23961213
a03,61,0,0,0.45956805
a03,62,0,1,0.79736257
a03,63,0,1,0.8773005
a03,64,0,0,0.40500438
a03,65,0,0,0.27431932
a03,66,0,0,0.27467418
a03,67,0,0,0.4225907
a03,68,0,0,0.11307187
a03,69,0,0,0.08771609
a03,70,0,0,0.03354624
a03,71,0,0,0.010585136
a03,72,0,0,0.011465105
a03,73,0,0,0.033921998
a03,74,0,0,0.09336391
a03,75,0,0,0.12757443
a03,76,0,0,0.06543706
a03,77,0,0,0.048044227
a03,78,0,0,0.07182822
a03,79,0,0,0.033338115
a03,80,0,0,0.022527935
a03,81,0,0,0.16455133
a03,82,0,0,0.05384758
a03,83,0,0,0.0834388
a03,84,0,0,0.1948807
a03,85,0,0,0.2253266
a03,86,0,0,0.12564082
a03,87,0,0,0.06600916
a03,88,0,0,0.053514753
a03,89,0,0,0.110533014
a03,90,0,0,0.46403563
a03,91,0,0,0.19384582
a03,92,0,0,0.2308654
a03,93,0,0,0.1298739
a03,94,0,0,0.29924893
a03,95,0,0,0.2361568
a03,96,0,0,0.3145685
a03,97,0,0,0.129167
a03,98,0,0,0.12737864
a03,99,0,0,0.1507422
a03,100,0,0,0.43299815
a03,101,0,1,0.81615233
a03,102,0,1,0.5687676
a03,103,0,0,0.053346097
a03,104,0,1,0.9520402
a03,105,1,1,0.9772145
a03,106,1,1,0.9744504
a03,107,1,1,0.9346599
a03,108,1,1,0.9835254
a03,109,1,1,0.9544368
a03,110,1,1,0.98542726
a03,111,1,1,0.97842777
a03,112,1,1,0.97527087
a03,113,1,1,0.9827999
a03,114,1,1,0.97711253
a03,115,1,1,0.9745881
a03,116,1,1,0.9788598
a03,117,1,1,0.98991907
a03,118,1,1,0.987904
a03,119,1,1,0.9899346
a03,120,1,1,0.9783507
a03,121,1,1,0.97010976
a03,122,1,1,0.99452
a03,123,1,1,0.98109806
a03,124,1,1,0.9900718
a03,125,1,1,0.98441327
a03,126,1,1,0.9954268
a03,127,1,1,0.9897569
a03,128,1,1,0.99098927
a03,129,1,1,0.97490054
a03,130,1,1,0.99349993
a03,131,1,1,0.9930031
a03,132,1,1,0.97066575
a03,133,1,1,0.9010237
a03,134,1,1,0.95086896
a03,135,1,1,0.92901564
a03,136,1,1,0.9762358
a03,137,1,1,0.98589003
a03,138,1,1,0.9731399
a03,139,1,1,0.98440623
a03,140,1,1,0.9297568
a03,141,1,1,0.9904516
a03,142,1,1,0.98257935
a03,143,1,1,0.9897323
a03,144,1,1,0.9425023
a03,145,1,1,0.98721886
a03,146,1,1,0.922788
a03,147,0,1,0.88054925
a03,148,0,1,0.597951
a03,149,0,1,0.51591873
a03,150,0,1,0.61652756
a03,151,0,0,0.25031462
a03,152,0,0,0.14317515
a03,153,0,0,0.18006448
a03,154,0,0,0.15774
a03,155,0,0,0.17312235
a03,156,0,0,0.36350256
a03,157,0,0,0.21272229
a03,158,0,0,0.14019828
a03,159,0,0,0.26380095
a03,160,0,0,0.2794582
a03,161,0,0,0.22783887
a03,162,0,0,0.10897822
a03,163,0,0,0.19679926
a03,164,0,0,0.17331259
a03,165,0,0,0.22554156
a03,166,0,0,0.3030633
a03,167,0,0,0.23267432
a03,168,0,0,0.20074818
a03,169,0,0,0.27442056
a03,170,0,0,0.14831346
a03,171,0,0,0.195056
a03,172,0,0,0.2536226
a03,173,0,0,0.110342205
a03,174,0,0,0.12616967
a03,175,0,0,0.16015999
a03,176,0,0,0.11453163
a03,177,0,0,0.12874337
a03,178,0,0,0.16027729
a03,179,0,0,0.18480134
a03,180,0,0,0.14211988
a03,181,0,0,0.18001448
a03,182,0,0,0.16906859
a03,183,0,0,0.13117081
a03,184,0,0,0.1694078
a03,185,0,0,0.18959497
a03,186,1,1,0.9729388
a03,187,1,1,0.7794109
a03,188,1,1,0.9807161
a03,189,1,1,0.9287235
a03,190,1,1,0.99035525
a03,191,1,1,0.9858068
a03,192,1,1,0.95324594
a03,193,1,1,0.98467386
a03,194,1,1,0.9834493
a03,195,1,1,0.9817069
a03,196,1,1,0.98024863
a03,197,1,1,0.99211204
a03,198,1,1,0.57568294
a03,199,1,1,0.98626626
a03,200,1,1,0.9696379
a03,201,1,1,0.99099964
a03,202,1,1,0.97914165
a03,203,1,1,0.98231035
a03,204,1,1,0.9616816
a03,205,1,1,0.9456333
a03,206,1,1,0.9836014
a03,207,1,1,0.993255
a03,208,1,1,0.9820327
a03,209,1,1,0.98806053
a03,210,1,1,0.92406464
a03,211,1,1,0.9680958
a03,212,1,1,0.9901557
a03,213,1,1,0.98540014
a03,214,1,1,0.9884753
a03,215,1,1,0.9793403
a03,216,1,1,0.9861298
a03,217,1,1,0.9715882
a03,218,1,1,0.98333377
a03,219,1,1,0.985319
a03,220,1,1,0.9912409
a03,221,1,1,0.9934558
a03,222,1,1,0.9721576
a03,223,1,1,0.9924866
a03,224,1,1,0.98019356
a03,225,1,1,0.98094934
a03,226,1,0,0.48362333
a03,227,1,1,0.8872163
a03,228,1,1,0.9446787
a03,229,0,0,0.4486949
a03,230,0,0,0.015128127
a03,231,0,0,0.07207233
a03,232,0,0,0.021668026
a03,233,0,0,0.026502375
a03,234,0,0,0.4335751
a03,235,0,1,0.681717
a03,236,0,1,0.9294667
a03,237,0,1,0.73244613
a03,238,0,1,0.74142396
a03,239,0,1,0.61667013
a03,240,1,1,0.9502337
a03,241,1,1,0.984665
a03,242,1,1,0.96028864
a03,243,1,1,0.91885597
a03,244,1,1,0.8999684
a03,245,1,1,0.98763067
a03,246,1,1,0.9902851
a03,247,1,1,0.97336686
a03,248,1,1,0.97862536
a03,249,1,1,0.9858687
a03,250,1,1,0.9887643
a03,251,1,1,0.9893372
a03,252,1,1,0.98919255
a03,253,1,1,0.9903459
a03,254,1,1,0.98689705
a03,255,1,1,0.9950995
a03,256,1,1,0.98981327
a03,257,1,1,0.99382555
a03,258,0,1,0.9595417
a03,259,0,1,0.97300357
a03,260,0,0,0.14418308
a03,261,0,0,0.12920153
a03,262,0,0,0.040954467
a03,263,0,1,0.74028516
a03,264,0,1,0.895867
a03,265,0,0,0.24537349
a03,266,0,0,0.33428615
a03,267,0,0,0.2092737
a03,268,0,0,0.20821993
a03,269,0,0,0.28398907
a03,270,0,1,0.94581723
a03,271,0,0,0.124655396
a03,272,0,1,0.58869994
a03,273,0,0,0.12012014
a03,274,0,0,0.15404013
a03,275,0,0,0.1659556
a03,276,0,0,0.13309623
a03,277,0,0,0.24117143
a03,278,0,0,0.106869645
a03,279,0,1,0.95010734
a03,280,0,1,0.91426647
a03,281,0,0,0.36133662
a03,282,0,0,0.27452838
a03,283,0,1,0.9620632
a03,284,0,1,0.60379016
a03,285,0,1,0.7039603
a03,286,0,0,0.3850975
a03,287,0,0,0.29752266
a03,288,0,1,0.8330809
a03,289,0,1,0.9744615
a03,290,1,1,0.9784426
a03,291,1,1,0.8848164
a03,292,1,1,0.99142796
a03,293,1,1,0.9793299
a03,294,1,1,0.9805449
a03,295,1,1,0.9928133
a03,296,1,1,0.9702985
a03,297,1,1,0.9801343
a03,298,1,1,0.9901428
a03,299,1,1,0.9768664
a03,300,1,1,0.9828415
a03,301,1,1,0.98642516
a03,302,1,1,0.9384328
a03,303,0,1,0.64069915
a03,304,0,0,0.06377163
a03,305,0,0,0.07171976
a03,306,0,0,0.017820356
a03,307,0,0,0.034863204
a03,308,0,0,0.013229412
a03,309,0,0,0.07115552
a03,310,0,0,0.26037505
a03,311,0,0,0.048953928
a03,312,0,0,0.019771904
a03,313,0,0,0.03410556
a03,314,0,0,0.20196608
a03,315,0,0,0.0834395
a03,316,0,0,0.03740383
a03,317,0,0,0.06978798
a03,318,0,0,0.09193124
a03,319,0,0,0.04871905
a03,320,0,0,0.26983535
a03,321,0,0,0.30606523
a03,322,0,1,0.82201743
a03,323,0,0,0.39855582
a03,324,0,0,0.4023703
a03,325,0,0,0.32773435
a03,326,0,0,0.14880301
a03,327,0,0,0.13056892
a03,328,0,0,0.020233477
a03,329,0,0,0.03454933
a03,330,0,0,0.023332562
a03,331,0,0,0.11032261
a03,332,0,0,0.14760126
a03,333,0,0,0.03733141
a03,334,0,0,0.05942042
a03,335,0,0,0.07406632
a03,336,0,0,0.09424796
a03,337,0,0,0.103983276
a03,338,0,0,0.109840184
a03,339,0,0,0.071263775
a03,340,0,0,0.1041288
a03,341,0,0,0.08907157
a03,342,0,0,0.18760383
a03,343,0,0,0.039242864
a03,344,0,0,0.043839682
a03,345,0,0,0.038250163
a03,346,0,0,0.08545493
a03,347,1,1,0.9437716
a03,348,1,1,0.9738473
a03,349,1,1,0.99076384
a03,350,1,1,0.97925264
a03,351,1,1,0.98951906
a03,352,1,1,0.9439394
a03,353,0,0,0.31888068
a03,354,0,0,0.36002883
a03,355,0,0,0.088460125
a03,356,0,1,0.9275831
a03,357,0,0,0.23519728
a03,358,0,1,0.5611474
a03,359,0,1,0.5299797
a03,360,0,0,0.29817817
a03,361,0,1,0.5957847
a03,362,0,0,0.2419734
a03,363,0,1,0.94466776
a03,364,0,1,0.9511602
a03,365,0,0,0.2896461
a03,366,0,1,0.8722992
a03,367,0,1,0.93698275
a03,368,0,1,0.94623053
a03,369,0,0,0.37323004
a03,370,0,1,0.5136429
a03,371,0,0,0.18126424
a03,372,0,1,0.5168276
a03,373,0,1,0.61411303
a03,374,0,1,0.8723437
a03,375,0,1,0.9443484
a03,376,0,1,0.91586787
a03,377,0,0,0.23413245
a03,378,0,1,0.9410804
a03,379,0,1,0.930529
a03,380,0,1,0.74701864
a03,381,0,0,0.37608245
a03,382,0,0,0.12481538
a03,383,0,0,0.21108833
a03,384,0,1,0.8740291
a03,385,1,1,0.9879792
a03,386,1,1,0.98576814
a03,387,1,1,0.9766882
a03,388,1,1,0.9830483
a03,389,1,1,0.98908806
a03,390,1,1,0.98996836
a03,391,1,1,0.98995894
a03,392,1,1,0.959143
a03,393,1,1,0.9916716
a03,394,1,1,0.98802304
a03,395,1,1,0.99246925
a03,396,1,1,0.99462754
a03,397,1,1,0.96780217
a03,398,1,1,0.98991454
a03,399,1,1,0.98461896
a03,400,1,1,0.99363846
a03,401,1,1,0.9827167
a03,402,1,1,0.982999
a03,403,1,1,0.9713742
a03,404,1,1,0.89123
a03,405,1,1,0.94543934
a03,406,0,1,0.6141447
a03,407,0,0,0.4747647
a03,408,0,0,0.08599931
a03,409,0,0,0.19094267
a03,410,0,1,0.96169347
a03,411,1,1,0.9746108
a03,412,1,1,0.9426666
a03,413,1,1,0.9482443
a03,414,1,1,0.9466898
a03,415,1,1,0.88318557
a03,416,1,1,0.7069235
a03,417,0,1,0.619906
a03,418,0,0,0.202725
a03,419,0,0,0.27231964
a03,420,0,0,0.21916455
a03,421,0,1,0.87802273
a03,422,0,0,0.36367702
a03,423,0,1,0.8120622
a03,424,0,0,0.24145149
a03,425,0,1,0.82906246
a03,426,0,1,0.9059385
a03,427,1,1,0.9657687
a03,428,1,1,0.9879773
a03,429,1,1,0.9883377
a03,430,1,1,0.9906206
a03,431,1,1,0.99255776
a03,432,1,1,0.9942188
a03,433,1,1,0.99369377
a03,434,1,1,0.9353934
a03,435,1,1,0.9865219
a03,436,1,1,0.99561346
a03,437,1,1,0.9887243
a03,438,1,1,0.94919217
a03,439,1,1,0.95396084
a03,440,1,1,0.97970587
a03,441,1,1,0.92892593
a03,442,1,1,0.68790853
a03,443,0,1,0.5096322
a03,444,0,0,0.09314285
a03,445,0,0,0.21718875
a03,446,0,0,0.028199013
a03,447,0,0,0.046244506
a03,448,0,0,0.054370135
a03,449,0,0,0.079558216
a03,450,0,0,0.12401971
a03,451,0,0,0.1397011
a03,452,0,0,0.06404502
a03,453,0,0,0.014081688
a03,454,0,0,0.36846298
a03,455,0,0,0.3744412
a03,456,0,0,0.11892511
a03,457,0,0,0.23462449
a03,458,0,0,0.035474353
a03,459,0,0,0.08270049
a03,460,0,0,0.07747831
a03,461,0,0,0.07515166
a03,462,0,0,0.18776287
a03,463,0,0,0.15590167
a03,464,0,0,0.02734951
a03,465,0,0,0.04279574
a03,466,0,0,0.15503237
a03,467,0,0,0.091456786
a03,468,0,0,0.14775923
a03,469,0,1,0.9816404
a03,470,1,1,0.9642303
a03,471,1,1,0.9740918
a03,472,1,1,0.99300224
a03,473,1,1,0.99212086
a03,474,1,1,0.966704
a03,475,1,1,0.9860793
a03,476,1,1,0.9903064
a03,477,1,1,0.9864559
a03,478,1,1,0.9267213
a03,479,1,1,0.9932927
a03,480,1,1,0.95497257
a03,481,1,1,0.9902417
a03,482,1,1,0.9924085
a03,483,1,1,0.97452176
a03,484,1,1,0.97336936
a03,485,1,1,0.99538237
a03,486,1,1,0.9793443
a03,487,1,1,0.99603313
a03,488,1,1,0.990267
a03,489,1,1,0.93472457
a03,490,1,1,0.92123485
a03,491,1,1,0.7902526
a03,492,0,0,0.11567492
a03,493,0,0,0.19048707
a03,494,0,0,0.27874207
a03,495,0,0,0.13098457
a03,496,0,0,0.38997075
a03,497,0,1,0.905907
a03,498,0,0,0.14160413
a03,499,0,1,0.64242834
a03,500,0,1,0.9589601
a03,501,0,1,0.9090512
a03,502,0,0,0.24118209
a03,503,0,1,0.99083155
a03,504,0,1,0.89358777
a03,505,0,0,0.25448644
a03,506,0,1,0.8987674
a03,507,1,1,0.981005
a03,508,1,1,0.89777976
a03,509,1,1,0.932279
a03,510,1,1,0.71072924
a03,511,1,1,0.993511
a03,512,1,1,0.8908399
a03,513,1,1,0.98587185
a03,514,1,1,0.99159205
a03,515,1,1,0.9874341
a03,516,1,1,0.99343055
a03,517,1,1,0.99612087
a03,518,1,1,0.9014019
a04,1,0,0,0.02311183
a04,2,0,0,0.03052232
a04,3,0,0,0.06927018
a04,4,0,0,0.021216692
a04,5,0,0,0.01487182
a04,6,0,0,0.21730106
a04,7,0,0,0.014262373
a04,8,0,0,0.056748055
a04,9,0,0,0.15066399
a04,10,0,0,0.010699167
a04,11,0,0,0.09835866
a04,12,0,0,0.017009117
a04,13,0,0,0.18160516
a04,14,0,0,0.39215866
a04,15,0,0,0.016082602
a04,16,0,0,0.016599668
a04,17,0,0,0.014004621
a04,18,0,0,0.007142106
a04,19,0,0,0.059558142
a04,20,0,0,0.007649547
a04,21,0,0,0.006833094
a04,22,0,0,0.008091521
a04,23,0,0,0.007812887
a04,24,0,0,0.009172994
a04,25,0,0,0.01994654
a04,26,0,0,0.013829999
a04,27,0,0,0.29165053
a04,28,0,0,0.12415689
a04,29,0,0,0.052181132
a04,30,0,0,0.032138247
a04,31,0,1,0.51388556
a04,32,0,0,0.011086935
a04,33,0,0,0.0035758147
a04,34,0,0,0.13757049
a04,35,1,1,0.65544623
a04,36,1,0,0.37096244
a04,37,1,0,0.49270454
a04,38,1,0,0.34284398
a04,39,1,1,0.6409285
a04,40,1,0,0.22853464
a04,41,1,1,0.7935985
a04,42,1,1,0.91833586
a04,43,1,1,0.5707833
a04,44,1,0,0.26272067
a04,45,1,1,0.8821874
a04,46,1,1,0.9078973
a04,47,1,1,0.8555575
a04,48,1,1,0.67232436
a04,49,1,1,0.91565496
a04,50,1,0,0.13152368
a04,51,1,1,0.6920959
a04,52,1,1,0.73376817
a04,53,1,0,0.20363796
a04,54,1,0,0.48159972
a04,55,1,1,0.6210559
a04,56,1,1,0.58018225
a04,57,1,1,0.517912
a04,58,1,1,0.61789644
a04,59,1,1,0.552535
a04,60,1,1,0.71290565
a04,61,1,1,0.7398524
a04,62,1,1,0.6214864
a04,63,1,0,0.3968217
a04,64,1,1,0.5088999
a04,65,1,1,0.9360058
a04,66,1,1,0.8755881
a04,67,1,1,0.7918519
a04,68,1,1,0.80916494
a04,69,1,1,0.75433034
a04,70,1,1,0.7562509
a04,71,1,0,0.34589294
a04,72,1,1,0.8004067
a04,73,1,1,0.88480407
a04,74,1,1,0.72975343
a04,75,1,1,0.65934396
a04,76,1,1,0.68155205
a04,77,1,1,0.9432809
a04,78,1,1,0.7263221
a04,79,1,1,0.7035011
a04,80,1,1,0.7226276
a04,81,1,1,0.8053951
a04,82,1,1,0.9034744
a04,83,1,1,0.5519558
a04,84,1,1,0.5876936
a04,85,1,0,0.33103064
a04,86,1,0,0.23846774
a04,87,1,0,0.45248595
a04,88,1,1,0.5446625
a04,89,1,1,0.83049965
a04,90,1,1,0.8520718
a04,91,1,1,0.7846718
a04,92,1,1,0.83518434
a04,93,1,1,0.66258377
a04,94,1,1,0.8239501
a04,95,1,1,0.735587
a04,96,1,1,0.97205305
a04,97,1,1,0.74539727
a04,98,1,1,0.87423426
a04,99,1,1,0.79769284
a04,100,1,1,0.70663774
a04,101,1,1,0.8147955
a04,102,1,1,0.71804786
a04,103,1,1,0.61072266
a04,104,1,1,0.96851707
a04,105,1,1,0.8553057
a04,106,1,1,0.9116468
a04,107,1,1,0.648676
a04,108,1,1,0.53855366
a04,109,1,1,0.9156863
a04,110,1,1,0.896318
a04,111,1,1,0.5383439
a04,112,1,1,0.85302573
a04,113,1,1,0.6545608
a04,114,1,1,0.79505414
a04,115,1,1,0.73187333
a04,116,1,1,0.9150955
a04,117,1,1,0.9126741
a04,118,1,1,0.69430447
a04,119,1,0,0.27061418
a04,120,1,1,0.6371696
a04,121,1,1,0.9157786
a04,122,1,0,0.3761974
a04,123,1,1,0.97498614
a04,124,1,1,0.6759604
a04,125,1,1,0.80332714
a04,126,1,1,0.50650096
a04,127,1,1,0.8150088
a04,128,1,1,0.8182336
a04,129,1,1,0.96133024
a04,130,1,1,0.8909712
a04,131,1,1,0.70558876
a04,132,1,0,0.40863416
a04,133,1,0,0.37766284
a04,134,1,1,0.68012315
a04,135,1,1,0.85134274
a04,136,1,0,0.442665
a04,137,1,1,0.5320238
a04,138,1,1,0.58575314
a04,139,1,1,0.64967185
a04,140,1,1,0.7990261
a04,141,1,1,0.6046031
a04,142,1,1,0.86023057
a04,143,1,1,0.54064417
a04,144,1,1,0.7055048
a04,145,1,1,0.8598048
a04,146,1,1,0.77783287
a04,147,1,1,0.658444
a04,148,1,1,0.821889
a04,149,1,1,0.8641764
a04,150,1,1,0.96366054
a04,151,1,1,0.8880613
a04,152,1,1,0.9214988
a04,153,1,1,0.8517296
a04,154,1,1,0.9300758
a04,155,1,1,0.9220049
a04,156,1,0,0.23392752
a04,157,1,1,0.9001476
a04,158,1,0,0.13555449
a04,159,1,1,0.7819333
a04,160,1,0,0.26312956
a04,161,1,0,0.33244205
a04,162,1,1,0.51192784
a04,163,1,0,0.213214
a04,164,1,0,0.24126665
a04,165,1,0,0.28186303
a04,166,1,0,0.25764254
a04,167,1,1,0.6888978
a04,168,1,0,0.29972175
a04,169,1,1,0.6818823
a04,170,1,1,0.74225557
a04,171,1,0,0.18391718
a04,172,1,0,0.15949579
a04,173,1,1,0.6155284
a04,174,1,0,0.3387122
a04,175,0,0,0.36750188
a04,176,0,0,0.09647275
a04,177,1,1,0.8274441
a04,178,1,1,0.56131274
a04,179,1,1,0.86315066
a04,180,1,1,0.7599776
a04,181,1,1,0.5451864
a04,182,1,1,0.8617246
a04,183,1,0,0.4781676
a04,184,1,1,0.73867726
a04,185,1,1,0.6467925
a04,186,1,1,0.5973385
a04,187,1,1,0.7217937
a04,188,1,1,0.78043413
a04,189,1,0,0.46680936
a04,190,1,1,0.7115665
a04,191,1,1,0.7352512
a04,192,1,1,0.83062315
a04,193,1,1,0.79566675
a04,194,1,1,0.6762527
a04,195,1,1,0.81992096
a04,196,1,1,0.8463438
a04,197,1,0,0.48175874
a04,198,1,1,0.6532438
a04,199,1,1,0.84165895
a04,200,1,0,0.36793682
a04,201,1,1,0.6634767
a04,202,1,0,0.4406067
a04,203,1,1,0.80645835
a04,204,1,1,0.9599375
a04,205,1,0,0.35745865
a04,206,1,1,0.6453484
a04,207,1,0,0.41166055
a04,208,1,1,0.9095917
a04,209,1,1,0.7269657
a04,210,1,1,0.930398
a04,211,1,1,0.6050023
a04,212,1,1,0.9516016
a04,213,1,1,0.84304345
a04,214,1,1,0.8656873
a04,215,1,1,0.7922534
a04,216,1,1,0.6652331
a04,217,1,1,0.8762237
a04,218,1,1,0.8970283
a04,219,1,1,0.88833266
a04,220,1,1,0.8166975
a04,221,1,1,0.80116016
a04,222,1,1,0.7344956
a04,223,1,1,0.8446708
a04,224,1,1,0.91624534
a04,225,1,1,0.82358783
a04,226,1,1,0.8296525
a04,227,1,1,0.93925315
a04,228,1,1,0.8735154
a04,229,1,1,0.5568394
a04,230,1,1,0.7006135
a04,231,1,1,0.9332355
a04,232,1,1,0.63353777
a04,233,1,1,0.8582915
a04,234,1,1,0.8182447
a04,235,1,1,0.81674284
a04,236,1,1,0.8567876
a04,237,1,1,0.79171735
a04,238,1,1,0.88891387
a04,239,1,1,0.8079172
a04,240,1,1,0.86892384
a04,241,1,1,0.674452
a04,242,1,1,0.972571
a04,243,1,1,0.8282177
a04,244,1,1,0.8657027
a04,245,1,1,0.6258314
a04,246,1,1,0.8147405
a04,247,1,1,0.62736386
a04,248,1,1,0.7579775
a04,249,1,0,0.413754
a04,250,1,1,0.71040845
a04,251,1,1,0.76837105
a04,252,1,1,0.5089097
a04,253,1,1,0.7746368
a04,254,1,1,0.6810426
a04,255,1,1,0.8693609
a04,256,1,1,0.9222168
a04,257,1,1,0.82034445
a04,258,1,1,0.8246
a04,259,1,1,0.7557553
a04,260,1,1,0.6464403
a04,261,1,1,0.9601788
a04,262,1,1,0.9705438
a04,263,1,0,0.42133957
a04,264,1,1,0.88735634
a04,265,1,1,0.96826303
a04,266,1,1,0.89901286
a04,267,1,1,0.96427786
a04,268,1,1,0.8346772
a04,269,1,1,0.9709447
a04,270,1,1,0.7905299
a04,271,1,1,0.9776754
a04,272,1,1,0.9275017
a04,273,1,1,0.94963616
a04,274,1,1,0.8454217
a04,275,1,1,0.98511165
a04,276,1,0,0.1457119
a04,277,1,0,0.32532075
a04,278,1,1,0.57873464
a04,279,1,1,0.55013627
a04,280,1,1,0.6368575
a04,281,1,1,0.79437274
a04,282,1,1,0.65004194
a04,283,1,0,0.4044862
a04,284,1,0,0.29198256
a04,285,1,1,0.69145334
a04,286,1,1,0.7543087
a04,287,1,1,0.746345
a04,288,1,1,0.6119471
a04,289,1,1,0.9579179
a04,290,1,1,0.97589374
a04,291,1,1,0.76865524
a04,292,1,1,0.89093506
a04,293,1,1,0.9200756
a04,294,1,1,0.7893566
a04,295,1,1,0.89871
a04,296,1,1,0.8578664
a04,297,1,1,0.9627146
a04,298,1,1,0.80905217
a04,299,1,1,0.66212714
a04,300,1,1,0.87578505
a04,301,1,1,0.8819791
a04,302,1,1,0.8367676
a04,303,1,1,0.899804
a04,304,1,1,0.80767417
a04,305,1,1,0.75931704
a04,306,1,1,0.77724177
a04,307,1,1,0.94690335
a04,308,1,1,0.9602905
a04,309,1,1,0.70685315
a04,310,1,1,0.76782006
a04,311,1,1,0.83246267
a04,312,1,1,0.59302706
a04,313,1,1,0.9260815
a04,314,1,1,0.8397841
a04,315,1,1,0.95927846
a04,316,1,1,0.8785517
a04,317,1,0,0.4117695
a04,318,1,1,0.85579807
a04,319,1,0,0.38022694
a04,320,1,0,0.08034386
a04,321,1,0,0.15852381
a04,322,1,1,0.544967
a04,323,1,1,0.73598593
a04,324,1,0,0.43244153
a04,325,1,1,0.5418476
a04,326,1,1,0.91828936
a04,327,1,1,0.7355398
a04,328,1,1,0.93258846
a04,329,1,1,0.79342127
a04,330,1,1,0.84207153
a04,331,1,1,0.8853587
a04,332,1,1,0.82515395
a04,333,1,1,0.65766805
a04,334,1,1,0.602434
a04,335,1,0,0.3760326
a04,336,1,0,0.37034687
a04,337,1,0,0.24772938
a04,338,1,1,0.845374
a04,339,1,1,0.71914434
a04,340,1,1,0.5624978
a04,341,1,1,0.66006017
a04,342,1,1,0.9045868
a04,343,1,1,0.8131381
a04,344,1,0,0.48963118
a04,345,1,0,0.49487108
a04,346,1,1,0.8329903
a04,347,1,1,0.7698726
a04,348,1,0,0.18995214
a04,349,1,1,0.6974598
a04,350,1,1,0.7540767
a04,351,1,1,0.91824734
a04,352,1,1,0.64009625
a04,353,1,0,0.49606317
a04,354,1,1,0.75789934
a04,355,1,1,0.6777602
a04,356,1,1,0.87617767
a04,357,1,1,0.69841164
a04,358,1,1,0.85590523
a04,359,1,1,0.80632275
a04,360,1,1,0.91924036
a04,361,1,1,0.9269226
a04,362,1,1,0.64180505
a04,363,1,1,0.73573387
a04,364,1,1,0.8038295
a04,365,1,0,0.4643155
a04,366,1,1,0.51698214
a04,367,1,0,0.41268897
a04,368,1,0,0.3249972
a04,369,1,1,0.5592931
a04,370,1,1,0.6798324
a04,371,1,1,0.7476534
a04,372,1,1,0.77104783
a04,373,1,0,0.43123147
a04,374,1,1,0.67978674
a04,375,1,1,0.6938409
a04,376,1,1,0.7884942
a04,377,1,1,0.78856015
a04,378,1,1,0.69207937
a04,379,1,1,0.5612818
a04,380,1,1,0.7667425
a04,381,1,1,0.71987486
a04,382,1,1,0.86309654
a04,383,1,1,0.8964709
a04,384,1,1,0.83637357
a04,385,1,1,0.835613
a04,386,1,1,0.8088951
a04,387,1,1,0.5391638
a04,388,1,1,0.95544606
a04,389,1,1,0.5723465
a04,390,1,1,0.8668681
a04,391,1,1,0.98648703
a04,392,1,1,0.7095165
a04,393,1,1,0.5092098
a04,394,1,1,0.97482896
a04,395,1,1,0.9645363
a04,396,1,1,0.822561
a04,397,1,1,0.7642979
a04,398,1,1,0.9012199
a04,399,1,1,0.8849861
a04,400,1,1,0.91906244
a04,401,1,1,0.97498226
a04,402,1,0,0.30160412
a04,403,1,1,0.53365815
a04,404,1,1,0.5042376
a04,405,1,1,0.87687784
a04,406,1,1,0.9163412
a04,407,1,1,0.5155106
a04,408,1,1,0.6924501
a04,409,1,1,0.5545773
a04,410,1,0,0.0701802
a04,411,1,0,0.06411152
a04,412,1,0,0.25245565
a04,413,1,0,0.46418786
a04,414,1,0,0.2363919
a04,415,1,0,0.49089327
a04,416,1,0,0.47215095
a04,417,1,0,0.4539327
a04,418,1,1,0.63791853
a04,419,1,1,0.7154929
a04,420,1,1,0.5088431
a04,421,1,1,0.68299663
a04,422,1,1,0.5738482
a04,423,1,1,0.62384725
a04,424,1,1,0.6086425
a04,425,1,1,0.75046796
a04,426,1,1,0.9385052
a04,427,1,1,0.6983284
a04,428,1,1,0.8552693
a04,429,1,1,0.9197258
a04,430,1,1,0.6933695
a04,431,1,1,0.8463785
a04,432,1,1,0.7256309
a04,433,1,1,0.8541212
a04,434,1,1,0.8624204
a04,435,1,1,0.7489338
a04,436,1,1,0.7059205
a04,437,1,1,0.74468374
a04,438,1,1,0.96295476
a04,439,1,1,0.727575
a04,440,1,1,0.95563173
a04,441,1,1,0.9108315
a04,442,1,1,0.9399523
a04,443,1,1,0.7896921
a04,444,1,1,0.89849275
a04,445,1,1,0.9057959
a04,446,1,1,0.8776434
a04,447,1,1,0.86554956
a04,448,1,1,0.9816798
a04,449,1,1,0.97590625
a04,450,1,1,0.50071514
a04,451,1,1,0.8592917
a04,452,1,1,0.79270583
a04,453,1,0,0.3258497
a04,454,1,1,0.9611802
a04,455,1,0,0.43249875
a04,456,1,1,0.92532045
a04,457,1,1,0.7411959
a04,458,1,1,0.6557552
a04,459,1,1,0.965853
a04,460,1,0,0.48344806
a04,461,1,1,0.9739493
a04,462,0,1,0.5968466
a04,463,0,1,0.75344145
a04,464,1,1,0.6428393
a04,465,1,1,0.5846187
a04,466,1,1,0.96631926
a04,467,1,1,0.5398467
a04,468,1,1,0.80551094
a04,469,1,1,0.7883848
a04,470,1,1,0.73581064
a04,471,1,1,0.7168068
a04,472,1,1,0.74309933
a04,473,1,0,0.49395567
a04,474,1,1,0.8009308
a04,475,1,1,0.78711057
a04,476,1,1,0.76421034
a04,477,1,1,0.95362717
a04,478,1,1,0.97517747
a04,479,1,1,0.6430046
a04,480,1,1,0.8090418
a04,481,1,1,0.8947562
a04,482,1,1,0.8292516
a04,483,1,1,0.910512
a04,484,1,1,0.8718735
a04,485,1,1,0.93827957
a04,486,1,1,0.90898865
a04,487,1,1,0.7567291
a04,488,1,1,0.804704
a04,489,1,1,0.9118489
a04,490,1,1,0.9514323
a04,491,1,1,0.9452826
a05,1,0,0,0.13526241
a05,2,0,1,0.5740136
a05,3,0,0,0.2597894
a05,4,0,0,0.43322104
a05,5,0,0,0.22018723
a05,6,0,1,0.9075822
a05,7,0,0,0.029579107
a05,8,0,0,0.12492408
a05,9,0,0,0.17627117
a05,10,0,0,0.35543936
a05,11,0,0,0.2840444
a05,12,0,0,0.22089952
a05,13,0,1,0.6915411
a05,14,1,1,0.65409964
a05,15,1,1,0.7774495
a05,16,1,1,0.6657637
a05,17,1,0,0.30255574
a05,18,1,1,0.749679
a05,19,1,1,0.9286887
a05,20,1,1,0.79812753
a05,21,1,1,0.8155369
a05,22,1,1,0.8732786
a05,23,1,1,0.8774635
a05,24,1,1,0.7270125
a05,25,1,1,0.62667173
a05,26,1,1,0.86006325
a05,27,1,1,0.8520741
a05,28,1,1,0.9491694
a05,29,1,1,0.97963583
a05,30,1,1,0.9661481
a05,31,1,1,0.96264225
a05,32,1,1,0.91918075
a05,33,0,0,0.21916904
a05,34,0,0,0.35023138
a05,35,0,1,0.8848577
a05,36,0,0,0.4604181
a05,37,0,0,0.07262524
a05,38,0,0,0.352854
a05,39,0,0,0.2034427
a05,40,0,1,0.8916745
a05,41,0,0,0.3451394
a05,42,0,0,0.03445343
a05,43,0,0,0.10308777
a05,44,0,0,0.02714216
a05,45,0,0,0.011020621
a05,46,0,0,0.032144796
a05,47,0,0,0.06422139
a05,48,0,1,0.839406
a05,49,0,1,0.9667754
a05,50,0,1,0.8338057
a05,51,0,0,0.072918996
a05,52,0,0,0.026548142
a05,53,0,0,0.04252666
a05,54,0,0,0.016044812
a05,55,0,0,0.3510819
a05,56,0,0,0.11168761
a05,57,0,0,0.009235093
a05,58,0,0,0.09606581
a05,59,0,0,0.24648619
a05,60,0,0,0.06588214
a05,61,0,0,0.3428
a05,62,0,1,0.7403569
a05,63,0,0,0.4244782
a05,64,0,0,0.31657848
a05,65,0,1,0.960341
a05,66,0,1,0.9101973
a05,67,1,0,0.1900222
a05,68,1,1,0.7146182
a05,69,1,1,0.72850597
a05,70,0,0,0.061426073
a05,71,0,0,0.45125178
a05,72,0,0,0.24376555
a05,73,0,1,0.5485284
a05,74,0,1,0.9401378
a05,75,0,0,0.06411317
a05,76,0,0,0.11301751
a05,77,0,0,0.13584797
a05,78,0,0,0.23573859
a05,79,0,0,0.11821542
a05,80,0,0,0.107709736
a05,81,0,1,0.92284787
a05,82,0,0,0.34772268
a05,83,0,1,0.8471625
a05,84,0,0,0.2632081
a05,85,0,1,0.8055604
a05,86,0,1,0.9536196
a05,87,0,1,0.66674227
a05,88,0,1,0.78896093
a05,89,0,0,0.06284392
a05,90,0,1,0.9380107
a05,91,0,0,0.02744042
a05,92,0,0,0.30195627
a05,93,1,1,0.9179953
a05,94,1,1,0.87119395
a05,95,1,1,0.8537503
a05,96,1,1,0.93858665
a05,97,1,1,0.9121075
a05,98,1,0,0.40516123
a05,99,1,1,0.7574103
a05,100,1,0,0.2854494
a05,101,1,1,0.87504697
a05,102,1,1,0.78249955
a05,103,1,1,0.9430574
a05,104,1,1,0.9063024
a05,105,1,1,0.9093688
a05,106,1,1,0.7872617
a05,107,1,1,0.9876766
a05,108,1,1,0.8846128
a05,109,1,1,0.7805125
a05,110,1,1,0.96312445
a05,111,1,1,0.8816569
a05,112,1,1,0.971082
a05,113,1,1,0.94173956
a05,114,1,1,0.9802895
a05,115,1,1,0.89222383
a05,116,1,1,0.9744247
a05,117,1,1,0.91849816
a05,118,1,1,0.93897676
a05,119,1,1,0.95934
a05,120,1,1,0.9485901
a05,121,1,1,0.9752993
a05,122,1,1,0.95870835
a05,123,1,1,0.9484582
a05,124,1,1,0.9741208
a05,125,1,1,0.91304296
a05,126,1,1,0.9160113
a05,127,1,1,0.85515326
a05,128,1,1,0.8588245
a05,129,1,1,0.98207617
a05,130,1,1,0.6048604
a05,131,1,1,0.8512598
a05,132,1,1,0.9635848
a05,133,1,1,0.8718483
a05,134,1,1,0.94245607
a05,135,1,1,0.95902675
a05,136,1,1,0.93429816
a05,137,1,1,0.9006313
a05,138,1,1,0.9438898
a05,139,1,1,0.8909072
a05,140,1,1,0.7604066
a05,141,1,1,0.934667
a05,142,1,1,0.8305431
a05,143,1,0,0.06835789
a05,144,1,1,0.70439804
a05,145,1,1,0.5876331
a05,146,1,1,0.9730162
a05,147,1,0,0.045890696
a05,148,1,1,0.8176314
a05,149,1,1,0.9605474
a05,150,0,1,0.67023623
a05,151,0,0,0.023384005
a05,152,0,1,0.9333372
a05,153,0,0,0.4100918
a05,154,0,0,0.3864435
a05,155,0,1,0.5055145
a05,156,0,0,0.031449318
a05,157,0,0,0.35650226
a05,158,0,0,0.22154652
a05,159,1,1,0.6048283
a05,160,1,1,0.8142836
a05,161,1,1,0.75525564
a05,162,1,1,0.9183383
a05,163,1,1,0.5554854
a05,164,1,1,0.9270774
a05,165,1,1,0.5406716
a05,166,1,1,0.8853316
a05,167,1,1,0.89518476
a05,168,1,1,0.70353574
a05,169,1,1,0.63844734
a05,170,1,1,0.7842864
a05,171,1,1,0.92065847
a05,172,1,1,0.8994853
a05,173,1,1,0.8773321
a05,174,1,1,0.761991
a05,175,1,1,0.76012343
a05,176,1,1,0.9688302
a05,177,1,1,0.95610934
a05,178,1,1,0.942266
a05,179,1,1,0.8501285
a05,180,1,1,0.87158316
a05,181,1,1,0.94933933
a05,182,1,1,0.89048713
a05,183,1,1,0.9572788
a05,184,1,1,0.9201794
a05,185,1,1,0.8209489
a05,186,1,1,0.8749881
a05,187,1,1,0.80017686
a05,188,1,1,0.62397575
a05,189,1,1,0.9574965
a05,190,1,1,0.9744207
a05,191,1,1,0.9377061
a05,192,1,1,0.94703203
a05,193,1,1,0.97248286
a05,194,1,1,0.9441944
a05,195,1,1,0.9319517
a05,196,1,1,0.97495687
a05,197,1,1,0.9361402
a05,198,1,0,0.43567207
a05,199,1,1,0.7662276
a05,200,1,1,0.9257686
a05,201,1,1,0.9636283
a05,202,1,1,0.91254824
a05,203,1,1,0.8194057
a05,204,1,1,0.9544423
a05,205,1,1,0.93896174
a05,206,1,1,0.88563573
a05,207,1,1,0.5620241
a05,208,1,0,0.20108336
a05,209,1,1,0.92348236
a05,210,1,1,0.8047074
a05,211,1,1,0.9377407
a05,212,1,1,0.6653289
a05,213,1,1,0.91834694
a05,214,1,1,0.634411
a05,215,0,0,0.114053756
a05,216,0,1,0.5213335
a05,217,0,1,0.6250959
a05,218,0,1,0.8812807
a05,219,0,0,0.4705244
a05,220,0,0,0.07752204
a05,221,0,0,0.1294425
a05,222,0,1,0.75733024
a05,223,0,1,0.707297
a05,224,0,1,0.7970434
a05,225,0,0,0.074038886
a05,226,0,0,0.0879254
a05,227,0,0,0.094450295
a05,228,0,0,0.34788147
a05,229,0,1,0.9255294
a05,230,0,0,0.31557393
a05,231,0,0,0.04548719
a05,232,0,0,0.12040296
a05,233,0,0,0.24301349
a05,234,0,1,0.7505098
a05,235,0,0,0.23511422
a05,236,0,0,0.4743593
a05,237,0,1,0.9676309
a05,238,1,1,0.5140194
a05,239,0,0,0.10444008
a05,240,0,1,0.9561272
a05,241,0,0,0.36541086
a05,242,0,0,0.36448932
a05,243,0,1,0.76613486
a05,244,0,0,0.17859706
a05,245,0,0,0.46876398
a05,246,0,0,0.3036988
a05,247,0,1,0.517925
a05,248,0,0,0.41396672
a05,249,1,0,0.18347743
a05,250,1,1,0.76735276
a05,251,1,0,0.4686147
a05,252,1,1,0.8347448
a05,253,1,1,0.8613083
a05,254,1,1,0.8797862
a05,255,1,1,0.7159292
a05,256,1,0,0.25644186
a05,257,1,1,0.9330444
a05,258,1,1,0.80118513
a05,259,1,1,0.7201644
a05,260,1,1,0.89807206
a05,261,1,1,0.81437254
a05,262,1,1,0.8203341
a05,263,1,1,0.8309762
a05,264,1,1,0.8138468
a05,265,1,0,0.036605638
a05,266,1,1,0.873307
a05,267,1,1,0.82499284
a05,268,1,1,0.75247234
a05,269,1,1,0.81545234
a05,270,0,1,0.62984157
a05,271,0,0,0.2611468
a05,272,0,1,0.9345152
a05,273,1,1,0.9254712
a05,274,1,1,0.8507923
a05,275,1,1,0.9512676
a05,276,1,1,0.95402706
a05,277,1,1,0.78310835
a05,278,1,1,0.88582635
a05,279,1,1,0.9513261
a05,280,1,1,0.8808678
a05,281,1,1,0.96629214
a05,282,1,1,0.94938797
a05,283,1,1,0.9620399
a05,284,1,1,0.9183377
a05,285,1,1,0.9543296
a05,286,1,1,0.9195109
a05,287,1,1,0.9606049
a05,288,1,1,0.948767
a05,289,1,1,0.92368275
a05,290,1,1,0.92754143
a05,291,1,1,0.773164
a05,292,1,1,0.7299953
a05,293,1,1,0.9176779
a05,294,0,0,0.17317268
a05,295,0,1,0.8757751
a05,296,1,1,0.9473301
a05,297,1,1,0.9784491
a05,298,1,1,0.9459371
a05,299,1,1,0.6685398
a05,300,1,1,0.7057093
a05,301,1,1,0.97729695
a05,302,1,1,0.9297663
a05,303,1,1,0.8530847
a05,304,1,1,0.9902222
a05,305,1,1,0.9911192
a05,306,1,1,0.9932219
a05,307,1,1,0.98910064
a05,308,1,1,0.8758279
a05,309,1,1,0.96381676
a05,310,1,1,0.96441555
a05,311,1,1,0.54907423
a05,312,1,1,0.9070869
a05,313,1,1,0.983004
a05,314,1,1,0.98011804
a05,315,1,1,0.9635455
a05,316,1,1,0.9366192
a05,317,1,1,0.6650246
a05,318,1,1,0.53344256
a05,319,1,1,0.831629
a05,320,1,1,0.8753641
a05,321,1,1,0.9825271
a05,322,1,1,0.96931934
a05,323,1,1,0.93444395
a05,324,1,1,0.9518868
a05,325,1,1,0.8724096
a05,326,1,1,0.71593237
a05,327,1,0,0.3750938
a05,328,1,1,0.8554899
a05,329,1,1,0.9517857
a05,330,1,1,0.97788435
a05,331,1,1,0.9581286
a05,332,1,1,0.9451564
a05,333,1,1,0.90382725
a05,334,1,1,0.9579744
a05,335,1,1,0.94664145
a05,336,1,0,0.22121418
a05,337,1,1,0.9622716
a05,338,0,1,0.92484564
a05,339,1,0,0.24129502
a05,340,0,0,0.09390082
a05,341,1,1,0.9551644
a05,342,1,1,0.95284855
a05,343,1,1,0.90679234
a05,344,1,1,0.75547045
a05,345,1,1,0.9625012
a05,346,1,1,0.94870263
a05,347,1,1,0.83483946
a05,348,1,0,0.38739926
a05,349,0,1,0.61550087
a05,350,0,0,0.47982228
a05,351,0,1,0.81414086
a05,352,0,1,0.80844086
a05,353,1,1,0.9055533
a05,354,0,0,0.21003832
a05,355,0,0,0.03499825
a05,356,0,0,0.18193518
a05,357,0,1,0.7911715
a05,358,0,0,0.3023732
a05,359,0,0,0.25943926
a05,360,0,1,0.7631874
a05,361,0,1,0.7808564
a05,362,1,0,0.11447734
a05,363,0,1,0.7454422
a05,364,0,1,0.9823131
a05,365,1,1,0.58422595
a05,366,1,0,0.3922891
a05,367,1,0,0.25826064
a05,368,0,0,0.054752737
a05,369,0,0,0.22001293
a05,370,0,0,0.46123007
a05,371,0,0,0.05965708
a05,372,0,1,0.7776429
a05,373,0,0,0.076026395
a05,374,0,0,0.05825463
a05,375,0,0,0.056144167
a05,376,0,0,0.01906957
a05,377,0,0,0.06980703
a05,378,0,0,0.11376998
a05,379,0,0,0.31440467
a05,380,0,0,0.08849841
a05,381,0,0,0.0818473
a05,382,0,0,0.109471224
a05,383,0,0,0.35839504
a05,384,0,0,0.10764969
a05,385,0,0,0.04700889
a05,386,0,0,0.08570301
a05,387,0,0,0.05797639
a05,388,0,0,0.07145782
a05,389,0,0,0.092265785
a05,390,0,0,0.2993598
a05,391,0,0,0.05748524
a05,392,0,0,0.07261953
a05,393,0,0,0.03551103
a05,394,0,0,0.25651333
a05,395,0,0,0.10463339
a05,396,0,0,0.09924325
a05,397,0,0,0.23982751
a05,398,0,0,0.15323742
a05,399,0,0,0.044242866
a05,400,0,0,0.26728436
a05,401,0,1,0.6660969
a05,402,0,0,0.057737693
a05,403,0,0,0.17953193
a05,404,0,0,0.29943186
a05,405,0,0,0.26106682
a05,406,0,0,0.38995668
a05,407,0,0,0.18162675
a05,408,0,0,0.18584366
a05,409,0,1,0.891127
a05,410,1,1,0.88421065
a05,411,1,0,0.46349454
a05,412,1,1,0.9045282
a05,413,1,1,0.8549202
a05,414,1,1,0.8174204
a05,415,1,1,0.55633664
a05,416,1,1,0.64270985
a05,417,1,1,0.8651386
a05,418,1,1,0.9037442
a05,419,1,1,0.6413384
a05,420,1,1,0.96308035
a05,421,1,1,0.9739197
a05,422,1,1,0.95327526
a05,423,1,1,0.78138655
a05,424,1,0,0.27534994
a05,425,1,1,0.9062954
a05,426,1,1,0.81696707
a05,427,1,1,0.9054386
a05,428,1,1,0.5868869
a05,429,1,1,0.9705063
a05,430,1,1,0.9868239
a05,431,1,1,0.95046467
a05,432,1,1,0.83930427
a05,433,1,0,0.39916646
a05,434,1,1,0.90716445
a05,435,1,1,0.91612786
a05,436,1,1,0.9698896
a05,437,1,1,0.9785079
a05,438,1,1,0.8591382
a05,439,1,1,0.87248045
a05,440,1,1,0.5248848
a05,441,1,1,0.9673807
a05,442,1,1,0.972821
a05,443,1,1,0.813176
a05,444,1,1,0.6867806
a05,445,0,1,0.9152619
a05,446,1,1,0.79517746
a05,447,1,1,0.74857694
a05,448,1,1,0.95630455
a05,449,1,1,0.76476544
a05,450,1,1,0.832431
a05,451,1,1,0.9572886
a05,452,1,0,0.47681743
a05,453,0,1,0.74927145
a06,1,0,0,0.06131598
a06,2,0,0,0.014571449
a06,3,0,0,0.3569395
a06,4,0,0,0.039343078
a06,5,0,0,0.23918298
a06,6,0,0,0.07432121
a06,7,0,0,0.04881159
a06,8,0,0,0.04840719
a06,9,0,0,0.0018790881
a06,10,0,0,0.010476755
a06,11,0,0,0.000814683
a06,12,0,0,0.00012192205
a06,13,0,0,0.00037537597
a06,14,0,0,0.0037649558
a06,15,0,0,0.2976816
a06,16,0,0,0.00033948428
a06,17,0,0,5.9401114e-05
a06,18,0,0,6.918653e-05
a06,19,0,0,0.00045054444
a06,20,0,0,0.00018843795
a06,21,0,0,0.00020355193
a06,22,0,0,0.0028062593
a06,23,0,0,0.0011474721
a06,24,0,0,0.0025987816
a06,25,0,0,0.0030306345
a06,26,0,0,0.00417404
a06,27,0,0,0.0005580971
a06,28,0,0,0.0016496094
a06,29,0,0,0.001512121
a06,30,0,0,0.0008122881
a06,31,0,0,0.0018719514
a06,32,0,0,0.0006830101
a06,33,0,0,0.0005873708
a06,34,0,0,0.0008485475
a06,35,0,0,0.0045214705
a06,36,0,0,0.008243685
a06,37,0,0,0.0056776097
a06,38,0,0,0.0013366942
a06,39,0,0,0.0045434046
a06,40,0,0,0.025197376
a06,41,0,0,0.045071084
a06,42,0,0,0.06845811
a06,43,0,0,0.023009796
a06,44,0,0,0.041391958
a06,45,0,0,0.045345645
a06,46,0,0,0.06639892
a06,47,0,0,0.024938544
a06,48,0,0,0.04293954
a06,49,0,0,0.0057602385
a06,50,0,0,0.044824768
a06,51,0,0,0.024172572
a06,52,0,0,0.039183643
a06,53,0,0,0.019808643
a06,54,0,0,0.029435996
a06,55,0,0,0.036230933
a06,56,0,0,0.04469328
a06,57,0,0,0.025888413
a06,58,0,0,0.11028387
a06,59,0,0,0.008080606
a06,60,0,0,0.030342687
a06,61,0,0,0.03173394
a06,62,0,0,0.031278986
a06,63,1,0,0.000777396
a06,64,1,0,0.01880275
a06,65,1,0,0.01619591
a06,66,1,0,0.0036485894
a06,67,1,0,0.05460681
a06,68,1,0,0.06344501
a06,69,1,0,0.083485894
a06,70,1,0,0.013419175
a06,71,1,0,0.045450084
a06,72,1,0,0.017946584
a06,73,1,0,0.005221983
a06,74,1,0,0.14383176
a06,75,1,0,0.003508698
a06,76,1,0,0.009756667
a06,77,1,0,0.037822206
a06,78,1,0,0.09754346
a06,79,1,0,0.0558985
a06,80,1,0,0.09870456
a06,81,1,0,0.06682574
a06,82,1,0,0.04681992
a06,83,1,0,0.06976738
a06,84,1,0,0.16349833
a06,85,1,0,0.1946976
a06,86,1,0,0.03988246
a06,87,1,0,0.10886085
a06,88,1,0,0.2511683
a06,89,0,0,0.15232214
a06,90,0,0,0.040483754
a06,91,0,0,0.0159708
a06,92,0,0,0.0458894
a06,93,0,0,0.05003271
a06,94,0,0,0.06937809
a06,95,0,0,0.030354291
a06,96,0,0,0.05708245
a06,97,0,0,0.034563933
a06,98,0,0,0.014217052
a06,99,0,0,0.045203675
a06,100,0,0,0.044061348
a06,101,0,0,0.031573758
a06,102,0,0,0.041249156
a06,103,0,0,0.021410126
a06,104,0,0,0.036325637
a06,105,0,1,0.54785573
a06,106,0,1,0.5723802
a06,107,0,0,0.13073926
a06,108,0,0,0.01268005
a06,109,0,0,0.011445191
a06,110,0,0,0.014322691
a06,111,0,0,0.01744734
a06,112,0,0,0.026190737
a06,113,0,0,0.016885918
a06,114,0,0,0.014144478
a06,115,0,0,0.021072365
a06,116,0,0,0.018896462
a06,117,0,0,0.012359046
a06,118,0,0,0.01659791
a06,119,0,0,0.020737156
a06,120,0,0,0.023173198
a06,121,0,0,0.018455423
a06,122,0,0,0.014667927
a06,123,0,0,0.008450899
a06,124,0,0,0.011132375
a06,125,0,0,0.021039164
a06,126,0,0,0.008019941
a06,127,0,0,0.014368884
a06,128,0,0,0.0119210305
a06,129,0,0,0.19723722
a06,130,0,0,0.016982716
a06,131,0,0,0.025873685
a06,132,0,0,0.024201797
a06,133,0,0,0.02952772
a06,134,0,0,0.012042247
a06,135,0,0,0.0106322775
a06,136,0,0,0.012890891
a06,137,0,0,0.021940839
a06,138,0,0,0.013261553
a06,139,0,0,0.02348713
a06,140,0,0,0.03305376
a06,141,0,0,0.054644708
a06,142,0,0,0.016058851
a06,143,0,0,0.014614296
a06,144,0,0,0.052620333
a06,145,1,0,0.021778256
a06,146,1,0,0.046807624
a06,147,1,0,0.18084785
a06,148,1,0,0.08875672
a06,149,1,0,0.01458201
a06,150,1,0,0.37901285
a06,151,1,0,0.086198844
a06,152,1,0,0.027263453
a06,153,1,0,0.10453853
a06,154,1,0,0.21526559
a06,155,1,0,0.03635414
a06,156,1,0,0.055462223
a06,157,1,0,0.4772209
a06,158,1,0,0.015958965
a06,159,1,0,0.12539874
a06,160,1,0,0.03716447
a06,161,1,0,0.059199546
a06,162,1,0,0.029812507
a06,163,1,0,0.03807834
a06,164,1,0,0.10099147
a06,165,1,0,0.06299789
a06,166,1,0,0.11455397
a06,167,1,0,0.03697613
a06,168,1,0,0.03320794
a06,169,1,0,0.10785941
a06,170,1,0,0.095808424
a06,171,1,0,0.09107428
a06,172,1,0,0.14361298
a06,173,1,0,0.08467169
a06,174,1,0,0.08010663
a06,175,1,0,0.06068222
a06,176,1,1,0.5708444
a06,177,1,0,0.030251559
a06,178,1,0,0.058877725
a06,179,1,0,0.011298201
a06,180,0,0,0.0070870537
a06,181,0,0,0.035717838
a06,182,0,0,0.00903063
a06,183,0,0,0.083981164
a06,184,0,0,0.02430354
a06,185,0,0,0.0023427522
a06,186,0,0,0.004962047
a06,187,0,0,0.008991239
a06,188,0,0,0.0051869685
a06,189,0,0,0.041017085
a06,190,0,0,0.03252626
a06,191,1,0,0.02882893
a06,192,1,0,0.044213135
a06,193,1,0,0.067177415
a06,194,1,0,0.03283974
a06,195,1,0,0.031096656
a06,196,1,0,0.032073073
a06,197,1,0,0.031004958
a06,198,1,0,0.010320503
a06,199,1,0,0.1459233
a06,200,1,0,0.025156813
a06,201,1,0,0.02264607
a06,202,1,0,0.064717725
a06,203,1,0,0.080132335
a06,204,1,0,0.021694787
a06,205,1,0,0.024946302
a06,206,1,0,0.01430417
a06,207,1,0,0.04570187
a06,208,1,0,0.0653166
a06,209,1,0,0.03195378
a06,210,1,0,0.031644825
a06,211,1,0,0.07435963
a06,212,1,0,0.110548355
a06,213,1,0,0.0805712
a06,214,1,0,0.043413993
a06,215,1,0,0.06718457
a06,216,1,0,0.017790819
a06,217,1,0,0.12254458
a06,218,1,0,0.058524873
a06,219,1,0,0.041046705
a06,220,1,0,0.06560257
a06,221,1,0,0.034082055
a06,222,1,0,0.045887858
a06,223,1,0,0.040912233
a06,224,1,0,0.031660303
a06,225,0,0,0.020685073
a06,226,0,0,0.038269095
a06,227,0,0,0.11270051
a06,228,0,0,0.052397758
a06,229,0,0,0.0385377
a06,230,0,0,0.0508893
a06,231,0,0,0.068073735
a06,232,0,0,0.06010456
a06,233,0,0,0.07555981
a06,234,0,0,0.058951434
a06,235,0,0,0.06844119
a06,236,0,0,0.03758931
a06,237,0,0,0.07181858
a06,238,0,0,0.07290965
a06,239,0,0,0.03964819
a06,240,0,0,0.04563734
a06,241,0,0,0.07840995
a06,242,0,0,0.042505056
a06,243,0,0,0.016188702
a06,244,0,0,0.028575975
a06,245,0,0,0.029597482
a06,246,0,0,0.0545583
a06,247,0,0,0.029605892
a06,248,0,0,0.010800256
a06,249,0,0,0.048121117
a06,250,0,0,0.036059868
a06,251,0,0,0.04501236
a06,252,0,0,0.03618849
a06,253,0,0,0.0642247
a06,254,0,0,0.05762676
a06,255,0,0,0.021709882
a06,256,0,0,0.039493464
a06,257,0,0,0.027465742
a06,258,0,0,0.055396397
a06,259,0,0,0.24419113
a06,260,1,0,0.45572883
a06,261,1,0,0.43797716
a06,262,1,0,0.22620639
a06,263,1,0,0.13924715
a06,264,1,0,0.2807541
a06,265,1,0,0.2680027
a06,266,1,1,0.8000554
a06,267,1,0,0.028034741
a06,268,0,0,0.02895306
a06,269,0,0,0.028686026
a06,270,0,0,0.025986101
a06,271,0,0,0.010016663
a06,272,0,0,0.008705227
a06,273,0,0,0.042963736
a06,274,0,0,0.030380324
a06,275,0,0,0.01729546
a06,276,0,0,0.06450861
a06,277,0,0,0.06543272
a06,278,0,0,0.026074933
a06,279,0,0,0.008940325
a06,280,0,0,0.061765336
a06,281,0,0,0.039307736
a06,282,0,0,0.040376708
a06,283,0,0,0.08035761
a06,284,0,0,0.07719306
a06,285,0,0,0.049740892
a06,286,0,0,0.118753396
a06,287,0,0,0.11593334
a06,288,0,0,0.08545013
a06,289,0,0,0.065195546
a06,290,0,0,0.034156416
a06,291,0,0,0.03767929
a06,292,0,0,0.033508416
a06,293,0,0,0.019329755
a06,294,0,0,0.21815893
a06,295,0,0,0.02589303
a06,296,0,0,0.06808347
a06,297,0,0,0.013747297
a06,298,0,0,0.048955295
a06,299,0,0,0.00962403
a06,300,0,0,0.008427159
a06,301,0,0,0.052760854
a06,302,0,0,0.033577766
a06,303,0,0,0.028457843
a06,304,0,0,0.018607803
a06,305,0,1,0.6655585
a06,306,1,0,0.19884828
a06,307,1,0,0.3136742
a06,308,1,0,0.18966363
a06,309,1,0,0.25279832
a06,310,1,0,0.3159094
a06,311,1,0,0.36730736
a06,312,1,0,0.16060261
a06,313,1,1,0.5991464
a06,314,1,0,0.055198763
a06,315,1,0,0.023878714
a06,316,0,0,0.058694307
a06,317,0,0,0.083046935
a06,318,0,0,0.04721553
a06,319,0,0,0.037812732
a06,320,0,0,0.048620064
a06,321,0,0,0.025015634
a06,322,0,0,0.04746969
a06,323,0,0,0.011751737
a06,324,0,0,0.04439884
a06,325,0,0,0.08244766
a06,326,0,0,0.04144992
a06,327,0,0,0.034724586
a06,328,0,0,0.318076
a06,329,1,0,0.07949584
a06,330,1,0,0.060427338
a06,331,1,0,0.016042773
a06,332,1,0,0.10113322
a06,333,0,0,0.041272555
a06,334,0,0,0.06517943
a06,335,0,0,0.010333194
a06,336,0,0,0.021111391
a06,337,0,0,0.21233717
a06,338,0,0,0.033580087
a06,339,0,0,0.090803884
a06,340,0,0,0.056564942
a06,341,0,0,0.048154604
a06,342,0,0,0.071257904
a06,343,1,0,0.018776685
a06,344,1,0,0.06409941
a06,345,1,0,0.029423546
a06,346,1,0,0.043590516
a06,347,1,0,0.20548226
a06,348,1,0,0.2724645
a06,349,1,1,0.64645994
a06,350,1,0,0.36889294
a06,351,1,0,0.4401371
a06,352,1,0,0.24024749
a06,353,1,0,0.15350537
a06,354,1,0,0.102757595
a06,355,1,0,0.07856133
a06,356,1,0,0.14391379
a06,357,1,0,0.0639712
a06,358,1,0,0.3733963
a06,359,1,1,0.5097403
a06,360,1,0,0.13053928
a06,361,1,0,0.10405631
a06,362,1,0,0.113207296
a06,363,1,0,0.08453302
a06,364,1,0,0.12487958
a06,365,1,0,0.28717563
a06,366,1,0,0.350833
a06,367,1,0,0.09067427
a06,368,1,0,0.22868633
a06,369,1,0,0.30553982
a06,370,1,0,0.29766634
a06,371,1,0,0.18653242
a06,372,1,0,0.15349329
a06,373,1,0,0.28894168
a06,374,1,0,0.24754395
a06,375,1,0,0.3557394
a06,376,1,0,0.046044175
a06,377,1,0,0.15399848
a06,378,1,0,0.30701697
a06,379,1,0,0.16115661
a06,380,1,0,0.3585145
a06,381,1,0,0.035767645
a06,382,1,0,0.04147844
a06,383,1,0,0.06919912
a06,384,1,0,0.08571457
a06,385,1,0,0.38163206
a06,386,1,0,0.47922957
a06,387,1,0,0.2228138
a06,388,1,0,0.2751399
a06,389,1,1,0.7958831
a06,390,0,0,0.36208874
a06,391,0,0,0.3482407
a06,392,0,0,0.15597387
a06,393,0,0,0.06668607
a06,394,0,0,0.040967245
a06,395,0,0,0.01797949
a06,396,0,0,0.14975688
a06,397,0,0,0.2890045
a06,398,0,0,0.29820156
a06,399,0,0,0.36921066
a06,400,0,0,0.03554103
a06,401,0,0,0.16821823
a06,402,0,0,0.040957466
a06,403,0,0,0.056461968
a06,404,0,0,0.039175473
a06,405,0,0,0.06291048
a06,406,0,0,0.06561886
a06,407,0,0,0.06123193
a06,408,0,0,0.09907641
a06,409,0,0,0.10221902
a06,410,0,0,0.017829364
a06,411,0,0,0.041620288
a06,412,0,0,0.047761932
a06,413,0,0,0.039652247
a06,414,0,0,0.03253467
a06,415,0,0,0.4383494
a06,416,0,0,0.22939736
a06,417,0,0,0.35148296
a06,418,0,0,0.1163183
a06,419,0,0,0.033707
a06,420,0,0,0.032411333
a06,421,0,0,0.19274057
a06,422,0,0,0.059863035
a06,423,0,0,0.05447627
a06,424,0,0,0.08723607
a06,425,0,0,0.12525046
a06,426,0,0,0.10171176
a06,427,0,0,0.031775195
a06,428,0,0,0.08302122
a06,429,0,0,0.019558689
a06,430,0,0,0.04538486
a06,431,0,0,0.03686917
a06,432,0,0,0.004612299
a06,433,0,0,0.09526609
a06,434,0,0,0.246263
a06,435,0,0,0.04871006
a06,436,0,0,0.051285688
a06,437,0,0,0.39517674
a06,438,0,0,0.4936189
a06,439,0,1,0.6041336
a06,440,1,0,0.102418475
a06,441,1,1,0.6824609
a06,442,1,0,0.108364254
a06,443,1,0,0.18713151
a06,444,1,0,0.089233585
a06,445,1,0,0.11657983
a06,446,1,0,0.32079184
a06,447,1,0,0.060396973
a06,448,1,0,0.342024
a06,449,1,1,0.6068914
a06,450,0,0,0.013875791
a06,451,0,0,0.0042505343
a06,452,0,0,0.0130055165
a06,453,0,0,0.006433721
a06,454,0,0,0.0074313087
a06,455,0,0,0.006611095
a06,456,0,0,0.0034457434
a06,457,0,0,0.0121060815
a06,458,0,0,0.0016877145
a06,459,0,0,0.00042771437
a06,460,0,0,0.008255868
a06,461,0,0,0.017921893
a06,462,0,0,0.023027522
a06,463,0,0,0.001011011
a06,464,0,0,0.0058290823
a06,465,0,0,0.00607546
a06,466,0,0,0.0114022195
a06,467,0,0,0.013997142
a06,468,0,0,0.01896302
a06,469,1,0,0.0014247178
a06,470,1,0,0.014727036
a06,471,1,0,0.0037767463
a06,472,1,0,0.13215175
a06,473,1,0,0.20175624
a06,474,1,0,0.046415474
a06,475,1,0,0.104458764
a06,476,1,0,0.069607675
a06,477,1,0,0.024131069
a06,478,0,0,0.029441874
a06,479,0,0,0.11604475
a06,480,0,0,0.033754226
a06,481,0,0,0.020948665
a06,482,0,0,0.059385456
a06,483,0,0,0.076864436
a06,484,1,0,0.054371104
a06,485,1,0,0.023944141
a06,486,1,0,0.034252565
a06,487,1,0,0.0173842
a06,488,1,0,0.008759479
a06,489,1,0,0.019518381
a06,490,1,0,0.47626927
a06,491,1,0,0.0923288
a06,492,1,0,0.12383517
a06,493,1,1,0.61074924
a06,494,1,0,0.4349459
a06,495,1,0,0.19346648
a06,496,1,0,0.23152569
a06,497,1,1,0.78721315
a06,498,1,0,0.049305018
a06,499,1,0,0.102882996
a06,500,1,0,0.053818922
a06,501,1,0,0.06766232
a06,502,1,0,0.34815678
a06,503,1,0,0.036509044
a06,504,1,0,0.4426782
a06,505,1,0,0.015431643
a06,506,1,0,0.015007324
a06,507,0,0,0.30632848
a06,508,0,0,0.019566681
a06,509,0,0,0.08204353
a07,1,0,1,0.87033546
a07,2,1,1,0.72104084
a07,3,1,1,0.8087117
a07,4,0,0,0.44163948
a07,5,0,1,0.74488896
a07,6,0,0,0.044719
a07,7,0,0,0.30482626
a07,8,0,0,0.17286682
a07,9,0,0,0.26605844
a07,10,0,0,0.3480696
a07,11,0,0,0.33704424
a07,12,0,1,0.64773977
a07,13,0,0,0.21323347
a07,14,0,0,0.23234726
a07,15,0,0,0.35632917
a07,16,0,0,0.46144396
a07,17,0,0,0.47630265
a07,18,0,0,0.36433247
a07,19,0,0,0.24045144
a07,20,0,0,0.18899813
a07,21,0,0,0.41233674
a07,22,0,0,0.20891862
a07,23,0,0,0.43364736
a07,24,0,0,0.492191
a07,25,0,1,0.6252105
a07,26,1,1,0.6446881
a07,27,1,1,0.67414707
a07,28,0,0,0.069252476
a07,29,0,0,0.35740834
a07,30,0,0,0.27339086
a07,31,0,1,0.5192142
a07,32,0,0,0.21693008
a07,33,1,1,0.70687085
a07,34,0,1,0.6452721
a07,35,0,0,0.36056784
a07,36,0,0,0.48203558
a07,37,1,0,0.3611531
a07,38,0,1,0.6869103
a07,39,0,1,0.72748315
a07,40,0,1,0.7533146
a07,41,0,1,0.69020283
a07,42,0,1,0.5092164
a07,43,1,1,0.9036345
a07,44,0,1,0.5886442
a07,45,0,0,0.15435337
a07,46,0,1,0.5262613
a07,47,0,0,0.35512266
a07,48,0,1,0.6432306
a07,49,0,0,0.39926094
a07,50,0,0,0.44838467
a07,51,0,0,0.42065266
a07,52,0,1,0.54670525
a07,53,0,0,0.49717152
a07,54,0,1,0.90907604
a07,55,1,1,0.91530913
a07,56,1,1,0.73463315
a07,57,1,1,0.96496606
a07,58,1,1,0.8210068
a07,59,1,1,0.50483966
a07,60,1,1,0.8458857
a07,61,1,1,0.7105418
a07,62,1,1,0.7968275
a07,63,1,1,0.91312915
a07,64,1,1,0.7589278
a07,65,1,1,0.7784063
a07,66,1,1,0.8980702
a07,67,1,1,0.76225173
a07,68,1,1,0.88556457
a07,69,1,0,0.4481126
a07,70,1,1,0.8989052
a07,71,1,1,0.9230515
a07,72,1,1,0.5787769
a07,73,1,1,0.81028944
a07,74,1,1,0.66987085
a07,75,0,1,0.80396104
a07,76,0,1,0.52948236
a07,77,0,1,0.81062007
a07,78,0,1,0.88661474
a07,79,0,1,0.9225087
a07,80,0,1,0.8516969
a07,81,0,1,0.87915164
a07,82,0,1,0.95934963
a07,83,0,1,0.6714072
a07,84,0,1,0.68812364
a07,85,0,1,0.75406593
a07,86,0,1,0.8674801
a07,87,0,0,0.40365154
a07,88,0,1,0.69377965
a07,89,0,0,0.39632928
a07,90,0,1,0.8395222
a07,91,0,0,0.34886068
a07,92,0,1,0.94331914
a07,93,0,1,0.63334554
a07,94,0,1,0.9422129
a07,95,1,1,0.9076728
a07,96,1,1,0.88183933
a07,97,1,1,0.9777744
a07,98,1,1,0.8880133
a07,99,1,1,0.9518047
a07,100,1,1,0.86065114
a07,101,0,1,0.7501406
a07,102,0,1,0.87931466
a07,103,0,1,0.8532382
a07,104,0,1,0.7817416
a07,105,0,1,0.6525779
a07,106,0,1,0.94921094
a07,107,0,1,0.8434595
a07,108,0,1,0.60662144
a07,109,0,1,0.77700806
a07,110,0,1,0.7814862
a07,111,0,1,0.78625876
a07,112,0,1,0.5603105
a07,113,0,1,0.9053377
a07,114,0,1,0.8746946
a07,115,0,1,0.90839636
a07,116,0,1,0.8842019
a07,117,0,1,0.7647068
a07,118,0,1,0.90395623
a07,119,0,1,0.5761291
a07,120,0,1,0.9189431
a07,121,0,1,0.6547382
a07,122,0,1,0.6912404
a07,123,0,1,0.74854136
a07,124,0,1,0.6322393
a07,125,0,1,0.8751814
a07,126,0,0,0.0900569
a07,127,0,0,0.035595573
a07,128,0,0,0.09829637
a07,129,0,0,0.050336137
a07,130,0,0,0.052215174
a07,131,0,0,0.10587791
a07,132,0,0,0.026045537
a07,133,0,0,0.05112185
a07,134,0,0,0.06908467
a07,135,0,0,0.10257125
a07,136,0,0,0.1806724
a07,137,0,0,0.46877956
a07,138,0,0,0.21571141
a07,139,0,1,0.776668
a07,140,0,1,0.89193374
a07,141,0,1,0.7475534
a07,142,0,0,0.44013786
a07,143,0,1,0.74745256
a07,144,0,1,0.89700913
a07,145,1,1,0.8648313
a07,146,1,1,0.76021606
a07,147,1,1,0.9000142
a07,148,1,1,0.8666674
a07,149,1,1,0.76721334
a07,150,1,1,0.88943815
a07,151,1,1,0.50321084
a07,152,1,1,0.90804785
a07,153,1,1,0.58211887
a07,154,1,1,0.95854723
a07,155,1,0,0.4650685
a07,156,1,1,0.82648003
a07,157,1,1,0.88971484
a07,158,1,1,0.9575779
a07,159,1,1,0.757798
a07,160,1,1,0.9755231
a07,161,1,1,0.9575465
a07,162,1,1,0.97143555
a07,163,1,1,0.94411063
a07,164,0,1,0.9727006
a07,165,1,1,0.95984536
a07,166,1,1,0.96714157
a07,167,1,1,0.8758924
a07,168,0,1,0.82501304
a07,169,0,1,0.96413445
a07,170,0,0,0.48321408
a07,171,0,1,0.975805
a07,172,0,1,0.9851398
a07,173,0,1,0.9776944
a07,174,1,1,0.9871202
a07,175,1,1,0.9517478
a07,176,1,1,0.96959543
a07,177,1,1,0.98823905
a07,178,1,1,0.97465265
a07,179,1,1,0.963434
a07,180,1,1,0.97659385
a07,181,1,1,0.9339424
a07,182,1,1,0.8217134
a07,183,1,1,0.50186765
a07,184,1,1,0.96135736
a07,185,1,1,0.85744935
a07,186,1,1,0.93114966
a07,187,1,1,0.86579937
a07,188,1,1,0.9342331
a07,189,1,1,0.973974
a07,190,1,1,0.9118524
a07,191,1,1,0.9838441
a07,192,1,1,0.89164144
a07,193,1,1,0.98267007
a07,194,1,1,0.9037698
a07,195,1,1,0.910425
a07,196,1,1,0.9537682
a07,197,1,1,0.9155494
a07,198,1,1,0.9751967
a07,199,1,1,0.9665994
a07,200,1,1,0.97998637
a07,201,1,1,0.9111125
a07,202,1,1,0.965158
a07,203,1,1,0.96781087
a07,204,1,1,0.91526514
a07,205,1,1,0.95793223
a07,206,1,1,0.9674415
a07,207,1,1,0.9725831
a07,208,1,1,0.98025846
a07,209,1,1,0.96854883
a07,210,1,1,0.922667
a07,211,1,1,0.9770808
a07,212,1,1,0.9876023
a07,213,1,1,0.9774655
a07,214,1,1,0.9757966
a07,215,1,1,0.9731363
a07,216,1,1,0.97071785
a07,217,1,1,0.97043544
a07,218,1,1,0.9428429
a07,219,1,1,0.9665179
a07,220,1,1,0.98383373
a07,221,1,1,0.94787645
a07,222,1,1,0.96149874
a07,223,1,1,0.9635456
a07,224,1,1,0.94343567
a07,225,1,1,0.9713533
a07,226,1,1,0.93898714
a07,227,1,1,0.7228525
a07,228,1,1,0.90666074
a07,229,1,1,0.9759185
a07,230,1,1,0.53887457
a07,231,1,1,0.95891804
a07,232,1,1,0.6828219
a07,233,1,1,0.966226
a07,234,1,1,0.875728
a07,235,1,1,0.6575391
a07,236,1,1,0.77325493
a07,237,1,1,0.8524063
a07,238,1,1,0.873857
a07,239,1,1,0.6869794
a07,240,1,1,0.7003572
a07,241,1,0,0.25580776
a07,242,1,1,0.8902146
a07,243,1,1,0.9623304
a07,244,1,1,0.8751696
a07,245,1,1,0.8975587
a07,246,1,1,0.8401371
a07,247,1,1,0.94629925
a07,248,1,1,0.9294587
a07,249,1,1,0.96642226
a07,250,1,1,0.9439181
a07,251,1,1,0.928039
a07,252,1,1,0.9295734
a07,253,1,1,0.90486354
a07,254,1,1,0.86552626
a07,255,1,1,0.8433379
a07,256,1,1,0.92605704
a07,257,1,1,0.7333576
a07,258,1,1,0.83741444
a07,259,1,1,0.94011474
a07,260,1,0,0.43330625
a07,261,1,1,0.7558282
a07,262,1,1,0.9402338
a07,263,1,1,0.8754184
a07,264,1,1,0.6114803
a07,265,1,1,0.96702874
a07,266,1,1,0.9364976
a07,267,1,1,0.685911
a07,268,1,1,0.8708408
a07,269,1,1,0.94449854
a07,270,1,1,0.8458207
a07,271,1,1,0.79838735
a07,272,1,1,0.9375891
a07,273,1,1,0.6873608
a07,274,1,1,0.94515353
a07,275,1,1,0.83315146
a07,276,1,1,0.87534845
a07,277,1,1,0.86071074
a07,278,1,1,0.54244536
a07,279,0,0,0.48386115
a07,280,0,1,0.8829965
a07,281,0,1,0.74536824
a07,282,1,1,0.9391373
a07,283,1,1,0.95249087
a07,284,1,1,0.957756
a07,285,1,1,0.9697167
a07,286,1,1,0.9374041
a07,287,1,1,0.9718746
a07,288,0,1,0.9191488
a07,289,0,1,0.58116996
a07,290,0,1,0.87755674
a07,291,0,1,0.9679883
a07,292,0,1,0.97943157
a07,293,0,1,0.93782496
a07,294,1,1,0.9587371
a07,295,1,1,0.9901461
a07,296,1,1,0.9882697
a07,297,1,1,0.94506395
a07,298,1,1,0.9714855
a07,299,1,1,0.847601
a07,300,1,1,0.9769975
a07,301,1,1,0.9849576
a07,302,1,1,0.91523284
a07,303,1,1,0.97101384
a07,304,1,1,0.9787412
a07,305,0,1,0.85317904
a07,306,0,1,0.85875875
a07,307,0,1,0.6783029
a07,308,0,1,0.5404808
a07,309,0,1,0.59936094
a07,310,1,1,0.8848456
a07,311,1,1,0.9152278
a07,312,1,1,0.8712207
a07,313,1,1,0.9563015
a07,314,1,1,0.95402193
a07,315,1,1,0.97549653
a07,316,1,1,0.97782385
a07,317,1,1,0.9788278
a07,318,1,1,0.9798533
a07,319,1,1,0.92015404
a07,320,1,1,0.9726332
a07,321,1,1,0.9507208
a07,322,1,1,0.9682561
a07,323,1,1,0.9572582
a07,324,1,1,0.9691656
a07,325,1,1,0.97698826
a07,326,1,1,0.97240746
a07,327,1,1,0.9695915
a07,328,1,1,0.9694072
a07,329,1,1,0.9045075
a07,330,1,1,0.923612
a07,331,1,1,0.94205004
a07,332,1,1,0.9645475
a07,333,1,1,0.97609395
a07,334,1,1,0.9544662
a07,335,1,1,0.9572671
a07,336,1,1,0.98107696
a07,337,1,1,0.9719368
a07,338,1,1,0.9291771
a07,339,1,1,0.97366196
a07,340,1,1,0.95654434
a07,341,1,1,0.8050175
a07,342,1,1,0.5409631
a07,343,1,1,0.7875912
a07,344,0,1,0.84798145
a07,345,0,1,0.5967358
a07,346,0,1,0.78196234
a07,347,0,1,0.7156496
a07,348,0,1,0.946909
a07,349,0,1,0.7667194
a07,350,0,0,0.31834728
a07,351,0,1,0.8748738
a07,352,0,1,0.9152301
a07,353,0,1,0.9406724
a07,354,0,1,0.9529292
a07,355,0,1,0.8524809
a07,356,1,1,0.92931545
a07,357,1,1,0.9163516
a07,358,1,1,0.9553333
a07,359,1,1,0.92391765
a07,360,1,1,0.9588721
a07,361,1,1,0.9520213
a07,362,1,1,0.9820556
a07,363,1,1,0.92356247
a07,364,1,1,0.96244204
a07,365,1,1,0.7051417
a07,366,1,1,0.92193496
a07,367,1,1,0.86085445
a07,368,1,1,0.9772893
a07,369,1,1,0.97256845
a07,370,1,1,0.7440624
a07,371,1,1,0.97375846
a07,372,1,1,0.9110713
a07,373,1,1,0.9731293
a07,374,1,1,0.9760334
a07,375,1,1,0.96788365
a07,376,1,1,0.9928803
a07,377,1,1,0.9500516
a07,378,0,1,0.9323285
a07,379,0,1,0.92749614
a07,380,1,1,0.9838563
a07,381,1,1,0.84012437
a07,382,1,1,0.9464452
a07,383,1,1,0.978024
a07,384,1,1,0.98392624
a07,385,1,1,0.93845445
a07,386,0,1,0.8868355
a07,387,1,1,0.9859861
a07,388,1,1,0.9745336
a07,389,1,1,0.97056514
a07,390,1,1,0.9195253
a07,391,0,1,0.9733655
a07,392,1,1,0.97866315
a07,393,0,1,0.9929777
a07,394,0,1,0.8206404
a07,395,0,0,0.1417182
a07,396,0,0,0.23118375
a07,397,0,1,0.8375818
a07,398,0,1,0.8467543
a07,399,1,1,0.9729857
a07,400,1,1,0.5137072
a07,401,0,1,0.9553649
a07,402,1,1,0.94835716
a07,403,0,1,0.9209643
a07,404,1,1,0.9769577
a07,405,1,1,0.8498222
a07,406,0,1,0.8880077
a07,407,0,1,0.77568626
a07,408,0,1,0.88408446
a07,409,0,1,0.8765985
a07,410,0,0,0.12584229
a07,411,0,0,0.046250615
a07,412,0,1,0.6503654
a07,413,0,0,0.044961035
a07,414,0,0,0.011784644
a07,415,0,0,0.022083566
a07,416,0,0,0.10988485
a07,417,0,0,0.4847949
a07,418,0,1,0.6839417
a07,419,1,1,0.9061505
a07,420,1,1,0.7793145
a07,421,1,1,0.9150495
a07,422,1,1,0.96719724
a07,423,1,1,0.8857028
a07,424,1,1,0.7232222
a07,425,1,0,0.44316527
a07,426,0,1,0.67846143
a07,427,0,1,0.89644474
a07,428,0,1,0.58284503
a07,429,0,0,0.45706555
a07,430,0,0,0.44208774
a07,431,0,0,0.2502788
a07,432,0,0,0.33450347
a07,433,0,0,0.31636912
a07,434,0,0,0.39646524
a07,435,0,0,0.21612518
a07,436,0,0,0.34840265
a07,437,0,0,0.3294
a07,438,0,1,0.9589693
a07,439,1,1,0.8428102
a07,440,1,1,0.8871815
a07,441,1,1,0.9498539
a07,442,1,1,0.98613423
a07,443,1,1,0.918126
a07,444,1,1,0.97440785
a07,445,1,1,0.9374414
a07,446,1,1,0.9645792
a07,447,1,1,0.847934
a07,448,1,1,0.8982855
a07,449,1,1,0.9710759
a07,450,1,1,0.9356232
a07,451,1,1,0.9425356
a07,452,1,1,0.98349506
a07,453,1,1,0.9533833
a07,454,1,1,0.9283072
a07,455,1,1,0.9626024
a07,456,1,1,0.9810354
a07,457,1,1,0.9650774
a07,458,1,1,0.9673908
a07,459,1,1,0.94778454
a07,460,1,1,0.97469145
a07,461,1,1,0.92274356
a07,462,1,1,0.9783628
a07,463,1,1,0.9852894
a07,464,1,1,0.8091718
a07,465,1,1,0.94366956
a07,466,1,1,0.9708511
a07,467,1,1,0.94401014
a07,468,1,1,0.9503433
a07,469,1,1,0.9324973
a07,470,1,1,0.91817784
a07,471,1,1,0.9562673
a07,472,1,1,0.9650371
a07,473,1,1,0.87833035
a07,474,1,1,0.9396971
a07,475,1,1,0.96467817
a07,476,1,1,0.8351208
a07,477,0,1,0.9662388
a07,478,0,1,0.87088454
a07,479,0,0,0.27081418
a07,480,0,1,0.6681212
a07,481,0,1,0.70635855
a07,482,0,0,0.47540572
a07,483,1,1,0.8167397
a07,484,1,0,0.44738483
a07,485,1,1,0.9007503
a07,486,1,1,0.66124225
a07,487,1,1,0.8384035
a07,488,1,1,0.6031521
a07,489,1,1,0.900257
a07,490,1,1,0.6852859
a07,491,1,0,0.45340627
a07,492,1,1,0.91068095
a07,493,1,1,0.7853434
a07,494,1,1,0.64558214
a07,495,1,1,0.514938
a07,496,1,1,0.8507442
a07,497,1,1,0.9676703
a07,498,1,1,0.8621104
a07,499,1,1,0.9329107
a07,500,1,1,0.93553895
a07,501,1,1,0.9664347
a07,502,1,1,0.96204567
a07,503,1,1,0.69038755
a07,504,1,1,0.94760746
a07,505,1,1,0.60724694
a07,506,1,1,0.7557263
a07,507,1,1,0.9410716
a07,508,1,1,0.8043648
a07,509,1,1,0.9636004
a07,510,1,0,0.1358115
a08,1,0,0,0.30727172
a08,2,0,0,0.095754825
a08,3,0,0,0.10491236
a08,4,0,0,0.10284879
a08,5,0,0,0.112031706
a08,6,0,0,0.21770461
a08,7,0,0,0.10528907
a08,8,0,0,0.12029022
a08,9,0,0,0.16158082
a08,10,0,0,0.06345026
a08,11,0,0,0.08829079
a08,12,0,0,0.13811034
a08,13,0,0,0.18674202
a08,14,0,0,0.16524358
a08,15,0,0,0.4293529
a08,16,0,0,0.13062288
a08,17,0,0,0.08987981
a08,18,0,0,0.14256018
a08,19,0,0,0.21547869
a08,20,0,0,0.10288003
a08,21,0,0,0.13190308
a08,22,0,0,0.083742544
a08,23,0,0,0.11308983
a08,24,0,0,0.21512188
a08,25,0,0,0.21894509
a08,26,0,0,0.443932
a08,27,0,1,0.5007464
a08,28,0,0,0.31614375
a08,29,0,0,0.29921186
a08,30,0,1,0.56727874
a08,31,0,0,0.19857998
a08,32,0,0,0.48907715
a08,33,1,1,0.7848959
a08,34,1,1,0.6129819
a08,35,1,1,0.74736416
a08,36,1,1,0.5869773
a08,37,1,1,0.5569167
a08,38,1,1,0.75738263
a08,39,0,0,0.28575364
a08,40,0,0,0.24760137
a08,41,1,0,0.38062328
a08,42,1,0,0.3653734
a08,43,0,0,0.16724734
a08,44,0,0,0.07971444
a08,45,0,0,0.094079226
a08,46,0,0,0.13448423
a08,47,0,0,0.10550173
a08,48,0,0,0.061419215
a08,49,0,0,0.1539307
a08,50,0,0,0.18504709
a08,51,0,0,0.3998917
a08,52,0,0,0.36323768
a08,53,0,1,0.75039774
a08,54,0,1,0.59274745
a08,55,0,1,0.6416303
a08,56,0,1,0.5726386
a08,57,0,1,0.5244063
a08,58,0,1,0.8523052
a08,59,0,1,0.5130823
a08,60,1,1,0.8168597
a08,61,1,1,0.74756306
a08,62,0,0,0.24990615
a08,63,1,1,0.59846216
a08,64,1,0,0.36853173
a08,65,0,0,0.42624962
a08,66,0,1,0.5100172
a08,67,0,0,0.08532319
a08,68,0,0,0.23298635
a08,69,0,0,0.17066005
a08,70,0,0,0.06884405
a08,71,0,0,0.07902073
a08,72,0,1,0.5346152
a08,73,0,0,0.48515087
a08,74,0,1,0.72999775
a08,75,1,1,0.71796805
a08,76,0,1,0.5347786
a08,77,0,1,0.9066965
a08,78,0,0,0.41459364
a08,79,0,1,0.67375845
a08,80,1,1,0.91223836
a08,81,1,0,0.20531991
a08,82,0,1,0.6655106
a08,83,0,0,0.11775677
a08,84,0,1,0.8506548
a08,85,0,0,0.33092508
a08,86,0,1,0.872885
a08,87,1,0,0.39248633
a08,88,1,0,0.3803359
a08,89,0,1,0.9300926
a08,90,1,1,0.5786239
a08,91,1,0,0.42360342
a08,92,1,1,0.7444136
a08,93,0,0,0.343897
a08,94,1,1,0.69591784
a08,95,1,0,0.44398448
a08,96,1,0,0.42421147
a08,97,1,1,0.7864437
a08,98,1,0,0.45730853
a08,99,1,1,0.7982521
a08,100,1,0,0.28058532
a08,101,1,1,0.81953067
a08,102,0,0,0.17549239
a08,103,0,0,0.30559322
a08,104,0,0,0.29353005
a08,105,1,0,0.31158993
a08,106,1,0,0.16678326
a08,107,1,0,0.16371651
a08,108,1,1,0.6646703
a08,109,0,0,0.19952805
a08,110,0,0,0.114594415
a08,111,0,0,0.43428704
a08,112,0,0,0.39724886
a08,113,0,0,0.252546
a08,114,0,0,0.13646089
a08,115,0,0,0.30950555
a08,116,0,0,0.21506763
a08,117,0,0,0.24718982
a08,118,1,1,0.60783595
a08,119,1,0,0.38345402
a08,120,1,1,0.55916435
a08,121,1,1,0.8262394
a08,122,1,0,0.3319442
a08,123,1,1,0.65031075
a08,124,1,1,0.6599756
a08,125,1,0,0.4163837
a08,126,1,0,0.24153781
a08,127,0,0,0.48501647
a08,128,0,0,0.19852936
a08,129,1,0,0.2925382
a08,130,0,0,0.113208786
a08,131,1,0,0.37067094
a08,132,1,0,0.33727077
a08,133,1,0,0.3121348
a08,134,0,0,0.47429225
a08,135,1,0,0.34825745
a08,136,1,1,0.51439303
a08,137,1,0,0.23840491
a08,138,1,0,0.402808
a08,139,1,1,0.78527504
a08,140,1,1,0.6440985
a08,141,1,1,0.6704815
a08,142,1,0,0.10606603
a08,143,1,0,0.4687559
a08,144,1,0,0.3977606
a08,145,1,0,0.41510385
a08,146,1,0,0.22971879
a08,147,1,1,0.70001787
a08,148,1,0,0.33760345
a08,149,1,1,0.8091614
a08,150,1,0,0.33421037
a08,151,1,1,0.6982337
a08,152,1,1,0.7020451
a08,153,1,1,0.67297024
a08,154,1,1,0.54271483
a08,155,1,1,0.5543294
a08,156,1,1,0.64131427
a08,157,1,1,0.57335895
a08,158,1,1,0.7821206
a08,159,0,0,0.1195308
a08,160,0,0,0.43657678
a08,161,1,1,0.7101591
a08,162,1,0,0.46000636
a08,163,1,0,0.2660786
a08,164,0,0,0.22108689
a08,165,0,0,0.10714961
a08,166,1,0,0.49310774
a08,167,1,0,0.12184132
a08,168,1,0,0.16144834
a08,169,1,0,0.3735691
a08,170,1,0,0.21859115
a08,171,0,0,0.11820054
a08,172,0,0,0.2558231
a08,173,0,0,0.21685871
a08,174,0,0,0.08247032
a08,175,0,0,0.093156144
a08,176,0,0,0.15214956
a08,177,0,0,0.06313072
a08,178,0,0,0.21157631
a08,179,0,0,0.0876851
a08,180,0,0,0.08798634
a08,181,0,0,0.09323269
a08,182,0,0,0.11492765
a08,183,0,0,0.07215709
a08,184,0,0,0.05740382
a08,185,1,0,0.22015072
a08,186,1,0,0.25288787
a08,187,0,0,0.16200547
a08,188,0,0,0.49691683
a08,189,1,0,0.44761646
a08,190,0,0,0.14676191
a08,191,0,0,0.22131354
a08,192,0,0,0.107364155
a08,193,0,0,0.06830863
a08,194,0,0,0.102042
a08,195,0,0,0.09746579
a08,196,0,0,0.21430764
a08,197,0,0,0.07679675
a08,198,0,0,0.08687754
a08,199,0,0,0.16164143
a08,200,0,0,0.09211856
a08,201,0,0,0.22343396
a08,202,0,0,0.12886344
a08,203,0,0,0.1587889
a08,204,0,0,0.09750493
a08,205,0,0,0.07639757
a08,206,0,0,0.12784578
a08,207,0,0,0.29809982
a08,208,0,0,0.1677408
a08,209,0,0,0.113144584
a08,210,0,0,0.22493288
a08,211,0,0,0.15589388
a08,212,0,0,0.19731583
a08,213,0,0,0.19622199
a08,214,0,0,0.10248911
a08,215,0,0,0.29575717
a08,216,0,0,0.22589205
a08,217,0,0,0.12399607
a08,218,0,0,0.19715697
a08,219,0,0,0.13931681
a08,220,0,0,0.16324918
a08,221,0,0,0.087705344
a08,222,0,0,0.14187314
a08,223,0,0,0.12751608
a08,224,0,0,0.17424043
a08,225,0,0,0.19039202
a08,226,1,0,0.08283099
a08,227,0,0,0.18488687
a08,228,0,0,0.14306328
a08,229,0,0,0.15022045
a08,230,0,0,0.28054985
a08,231,0,0,0.37796056
a08,232,1,1,0.7190975
a08,233,0,0,0.12609866
a08,234,0,0,0.07329208
a08,235,0,0,0.22374628
a08,236,0,0,0.19622101
a08,237,0,0,0.14761642
a08,238,0,0,0.3828291
a08,239,0,0,0.14205691
a08,240,0,0,0.1483142
a08,241,0,0,0.10520618
a08,242,0,0,0.13063897
a08,243,0,0,0.12482123
a08,244,0,0,0.393027
a08,245,0,0,0.2995731
a08,246,0,0,0.19278516
a08,247,0,0,0.29853112
a08,248,0,0,0.07800534
a08,249,0,0,0.117206424
a08,250,0,0,0.18389472
a08,251,0,0,0.066099636
a08,252,0,0,0.124361895
a08,253,0,0,0.06258319
a08,254,0,0,0.45053032
a08,255,1,0,0.3483382
a08,256,0,0,0.35908648
a08,257,0,0,0.37220272
a08,258,1,1,0.66068155
a08,259,1,1,0.7275491
a08,260,1,1,0.7194677
a08,261,1,0,0.30820277
a08,262,0,0,0.4485817
a08,263,0,0,0.11016762
a08,264,0,0,0.2668621
a08,265,0,0,0.080501586
a08,266,0,0,0.2847795
a08,267,0,0,0.07520593
a08,268,0,0,0.43550617
a08,269,0,0,0.12465258
a08,270,0,0,0.122288935
a08,271,0,0,0.20961237
a08,272,0,0,0.13456503
a08,273,0,1,0.58305615
a08,274,0,0,0.13784353
a08,275,0,0,0.11807844
a08,276,0,0,0.14195348
a08,277,0,0,0.07990731
a08,278,0,0,0.084971555
a08,279,0,0,0.13641913
a08,280,0,0,0.16893809
a08,281,0,0,0.098500736
a08,282,0,0,0.25151145
a08,283,1,0,0.42124537
a08,284,0,1,0.51434004
a08,285,0,0,0.20747015
a08,286,0,0,0.14006108
a08,287,0,0,0.07346848
a08,288,0,0,0.054474805
a08,289,0,0,0.4445267
a08,290,0,0,0.1943712
a08,291,0,0,0.19626197
a08,292,1,0,0.3313805
a08,293,0,0,0.19166562
a08,294,0,0,0.09093248
a08,295,0,0,0.15152994
a08,296,0,0,0.17204157
a08,297,0,0,0.21854965
a08,298,1,0,0.20347534
a08,299,1,0,0.36209115
a08,300,1,1,0.5261263
a08,301,1,0,0.45430887
a08,302,1,0,0.4006697
a08,303,1,0,0.3562975
a08,304,1,0,0.3725219
a08,305,1,0,0.23901822
a08,306,1,1,0.7055919
a08,307,1,1,0.54881227
a08,308,0,0,0.080633625
a08,309,0,0,0.035150837
a08,310,0,0,0.224668
a08,311,0,0,0.08263168
a08,312,0,0,0.44341433
a08,313,0,0,0.07720547
a08,314,0,0,0.20275393
a08,315,0,0,0.43533462
a08,316,0,0,0.4125818
a08,317,0,0,0.10682707
a08,318,0,0,0.336886
a08,319,0,0,0.08201258
a08,320,0,0,0.066558555
a08,321,0,0,0.15743387
a08,322,0,1,0.62615347
a08,323,0,0,0.4484105
a08,324,0,0,0.15569453
a08,325,0,1,0.79611474
a08,326,0,1,0.63925344
a08,327,1,1,0.7913677
a08,328,1,0,0.14365137
a08,329,0,1,0.77306616
a08,330,1,1,0.8692687
a08,331,1,1,0.8645663
a08,332,1,1,0.8597277
a08,333,1,1,0.53455293
a08,334,1,0,0.41407943
a08,335,1,0,0.41280475
a08,336,1,1,0.79059887
a08,337,1,1,0.89483553
a08,338,1,1,0.92493397
a08,339,1,1,0.7054977
a08,340,1,1,0.91002995
a08,341,1,1,0.8649825
a08,342,1,1,0.90313774
a08,343,1,1,0.84623677
a08,344,1,1,0.9551857
a08,345,1,1,0.86065996
a08,346,1,1,0.5529339
a08,347,1,1,0.9478756
a08,348,1,1,0.89412075
a08,349,1,1,0.90359485
a08,350,1,1,0.64497566
a08,351,1,1,0.69341093
a08,352,1,0,0.30216786
a08,353,0,0,0.16140574
a08,354,0,0,0.13786578
a08,355,1,0,0.3713318
a08,356,1,0,0.3506003
a08,357,1,1,0.6048419
a08,358,1,0,0.49477112
a08,359,1,1,0.56594306
a08,360,1,1,0.76233524
a08,361,1,1,0.7529963
a08,362,1,1,0.72317034
a08,363,0,0,0.1935628
a08,364,0,1,0.75832707
a08,365,1,1,0.7101956
a08,366,1,1,0.82015437
a08,367,1,0,0.12724969
a08,368,0,0,0.109174296
a08,369,0,0,0.24572134
a08,370,0,0,0.3247667
a08,371,0,0,0.14509594
a08,372,0,0,0.16533275
a08,373,0,0,0.13406749
a08,374,0,0,0.20481843
a08,375,0,0,0.14897954
a08,376,0,0,0.12666714
a08,377,0,0,0.21541582
a08,378,0,0,0.066165045
a08,379,0,0,0.10951471
a08,380,0,0,0.101649195
a08,381,0,0,0.07755804
a08,382,0,0,0.10947117
a08,383,0,0,0.13662116
a08,384,0,0,0.0889731
a08,385,0,0,0.07562459
a08,386,0,0,0.15630315
a08,387,0,0,0.08150219
a08,388,0,0,0.10094988
a08,389,0,0,0.07115074
a08,390,0,0,0.18139483
a08,391,0,0,0.06451467
a08,392,0,0,0.14559893
a08,393,0,0,0.10570456
a08,394,0,0,0.07073307
a08,395,0,0,0.39502397
a08,396,0,0,0.15606518
a08,397,0,0,0.35754862
a08,398,0,0,0.18572499
a08,399,0,0,0.13882047
a08,400,0,0,0.29899123
a08,401,1,1,0.6168357
a08,402,1,1,0.6999314
a08,403,1,0,0.34530327
a08,404,1,1,0.59682757
a08,405,1,1,0.63911945
a08,406,1,1,0.7829263
a08,407,1,1,0.70065516
a08,408,1,1,0.7745272
a08,409,1,0,0.3522865
a08,410,1,1,0.54487634
a08,411,1,1,0.51243806
a08,412,1,1,0.83683616
a08,413,1,1,0.5197253
a08,414,1,1,0.67234313
a08,415,1,1,0.8967598
a08,416,1,1,0.72535235
a08,417,1,1,0.7231678
a08,418,1,1,0.8086498
a08,419,1,0,0.4929817
a08,420,1,1,0.7941653
a08,421,1,1,0.87840897
a08,422,1,1,0.7923042
a08,423,1,1,0.81631404
a08,424,1,1,0.790856
a08,425,1,1,0.6788222
a08,426,1,0,0.26185334
a08,427,1,0,0.12855946
a08,428,0,1,0.7237289
a08,429,1,0,0.17162342
a08,430,0,0,0.21444374
a08,431,0,0,0.08391707
a08,432,0,0,0.17747638
a08,433,0,0,0.18116236
a08,434,0,0,0.1421278
a08,435,0,0,0.09125911
a08,436,0,0,0.13520166
a08,437,0,0,0.04518497
a08,438,0,0,0.11573592
a08,439,0,0,0.1385724
a08,440,0,0,0.09614611
a08,441,0,0,0.12615296
a08,442,0,0,0.123251505
a08,443,0,0,0.15274854
a08,444,0,0,0.14004812
a08,445,0,0,0.10207473
a08,446,0,0,0.15180807
a08,447,0,0,0.07813332
a08,448,0,0,0.105663545
a08,449,0,0,0.06952745
a08,450,0,0,0.10679033
a08,451,0,0,0.18228512
a08,452,0,0,0.12281393
a08,453,0,0,0.19745168
a08,454,0,1,0.6762566
a08,455,0,1,0.8474841
a08,456,1,1,0.8414618
a08,457,1,1,0.8527497
a08,458,1,1,0.96405756
a08,459,1,1,0.5095579
a08,460,1,1,0.9608064
a08,461,1,1,0.7917568
a08,462,1,1,0.9260769
a08,463,1,1,0.94955415
a08,464,1,1,0.782777
a08,465,1,1,0.9041678
a08,466,1,1,0.86932564
a08,467,1,1,0.6995326
a08,468,1,1,0.89839846
a08,469,1,1,0.9041443
a08,470,1,1,0.9348576
a08,471,1,1,0.937143
a08,472,1,1,0.7844436
a08,473,1,1,0.75285673
a08,474,1,1,0.6985438
a08,475,1,1,0.89645576
a08,476,1,1,0.6399579
a08,477,1,0,0.33218247
a08,478,1,1,0.8660461
a08,479,1,0,0.28871897
a08,480,1,1,0.8070652
a08,481,1,1,0.59892964
a08,482,0,0,0.25464597
a08,483,0,0,0.17079888
a08,484,0,0,0.1916358
a08,485,0,0,0.23349229
a08,486,0,1,0.5067055
a08,487,0,0,0.11708012
a08,488,0,0,0.3815569
a08,489,0,0,0.034006935
a08,490,0,0,0.11978476
a08,491,0,0,0.36051732
a08,492,0,0,0.07224103
a08,493,0,0,0.099238075
a08,494,0,0,0.2472252
a08,495,0,0,0.17080113
a08,496,0,0,0.051189847
a08,497,0,0,0.45091346
a08,498,0,1,0.60749376
a08,499,0,0,0.18379349
a08,500,0,0,0.036131524
a09,1,0,1,0.61194116
a09,2,0,1,0.85823846
a09,3,0,1,0.95846695
a09,4,0,0,0.14136538
a09,5,0,0,0.09817495
a09,6,0,0,0.041240707
a09,7,0,1,0.8648087
a09,8,0,1,0.58136004
a09,9,0,0,0.24520087
a09,10,1,0,0.38512316
a09,11,1,1,0.8481266
a09,12,1,1,0.91387844
a09,13,1,1,0.9696339
a09,14,1,1,0.909242
a09,15,0,1,0.92972857
a09,16,0,1,0.8753491
a09,17,1,1,0.5592403
a09,18,1,1,0.9013699
a09,19,1,1,0.9387542
a09,20,1,1,0.9052682
a09,21,1,1,0.9236353
a09,22,1,1,0.9215382
a09,23,1,1,0.9500231
a09,24,1,1,0.9683492
a09,25,0,1,0.94502574
a09,26,0,1,0.94369644
a09,27,0,1,0.9567019
a09,28,0,1,0.9017646
a09,29,0,1,0.9786679
a09,30,0,1,0.87117875
a09,31,0,1,0.87056583
a09,32,0,1,0.9506507
a09,33,0,1,0.88081205
a09,34,1,1,0.9258105
a09,35,1,1,0.91302985
a09,36,1,1,0.95577514
a09,37,1,1,0.92392796
a09,38,1,1,0.9516384
a09,39,1,1,0.9024847
a09,40,1,1,0.93409455
a09,41,1,1,0.9590013
a09,42,1,1,0.9460511
a09,43,1,1,0.91773397
a09,44,1,1,0.79647666
a09,45,1,1,0.9591883
a09,46,1,1,0.95964694
a09,47,1,1,0.86106473
a09,48,1,1,0.9869638
a09,49,1,1,0.8523946
a09,50,1,1,0.9288132
a09,51,1,1,0.904902
a09,52,1,1,0.92474663
a09,53,1,1,0.95042145
a09,54,1,1,0.9126267
a09,55,1,1,0.9611964
a09,56,1,1,0.9526576
a09,57,1,1,0.96730316
a09,58,0,1,0.968859
a09,59,0,1,0.9198759
a09,60,1,1,0.93098956
a09,61,1,1,0.9723112
a09,62,1,1,0.95194113
a09,63,1,1,0.9659996
a09,64,1,1,0.9716229
a09,65,1,1,0.92226833
a09,66,1,1,0.83887154
a09,67,1,1,0.94796544
a09,68,1,1,0.9083962
a09,69,1,1,0.9460415
a09,70,1,1,0.900121
a09,71,1,1,0.89517474
a09,72,1,1,0.9087155
a09,73,1,1,0.942997
a09,74,1,1,0.9146798
a09,75,1,1,0.92043036
a09,76,1,1,0.96954733
a09,77,1,1,0.9579069
a09,78,1,1,0.9665972
a09,79,1,1,0.83118993
a09,80,1,1,0.9481385
a09,81,1,1,0.94647306
a09,82,1,1,0.96662885
a09,83,1,1,0.951452
a09,84,1,1,0.98106956
a09,85,1,1,0.92627686
a09,86,1,1,0.97054714
a09,87,1,1,0.97755957
a09,88,1,1,0.97467417
a09,89,1,1,0.96817476
a09,90,1,1,0.9627119
a09,91,1,1,0.94360906
a09,92,1,1,0.9480162
a09,93,1,1,0.7998166
a09,94,1,1,0.96697545
a09,95,1,1,0.9296976
a09,96,1,1,0.946953
a09,97,1,1,0.95708436
a09,98,1,1,0.9342844
a09,99,1,1,0.948705
a09,100,1,1,0.94135815
a09,101,1,1,0.939804
a09,102,1,1,0.8875407
a09,103,1,1,0.92105985
a09,104,1,1,0.95182544
a09,105,1,1,0.94387424
a09,106,1,1,0.97755456
a09,107,1,1,0.97378355
a09,108,1,1,0.9582985
a09,109,1,1,0.94131136
a09,110,1,1,0.95603436
a09,111,1,1,0.9766599
a09,112,1,1,0.9257487
a09,113,1,1,0.9554876
a09,114,1,1,0.8881221
a09,115,1,1,0.9807196
a09,116,1,1,0.9589192
a09,117,1,1,0.96033645
a09,118,1,1,0.92256343
a09,119,1,1,0.93853384
a09,120,0,1,0.93146
a09,121,0,1,0.8308899
a09,122,1,1,0.95356613
a09,123,1,1,0.9524591
a09,124,1,1,0.83487386
a09,125,1,1,0.96233284
a09,126,0,1,0.9223019
a09,127,0,1,0.9724593
a09,128,0,1,0.93085504
a09,129,0,1,0.9113038
a09,130,0,1,0.8878045
a09,131,1,1,0.9485704
a09,132,1,1,0.9061723
a09,133,1,1,0.9684589
a09,134,1,1,0.9549405
a09,135,1,1,0.8799675
a09,136,1,1,0.9814932
a09,137,1,1,0.94355035
a09,138,1,1,0.99239725
a09,139,1,1,0.9668109
a09,140,1,1,0.7429947
a09,141,1,1,0.97315663
a09,142,1,1,0.918799
a09,143,1,1,0.95976806
a09,144,1,1,0.96206594
a09,145,1,1,0.9708133
a09,146,1,1,0.9860693
a09,147,1,1,0.9113807
a09,148,1,1,0.9535491
a09,149,1,1,0.97755456
a09,150,1,1,0.9782552
a09,151,1,1,0.94034666
a09,152,1,1,0.9386142
a09,153,1,1,0.92195076
a09,154,1,1,0.97180295
a09,155,1,1,0.9480291
a09,156,1,1,0.9931686
a09,157,1,1,0.96122605
a09,158,1,1,0.8573684
a09,159,1,1,0.9839153
a09,160,1,1,0.9622142
a09,161,1,1,0.94276255
a09,162,1,1,0.98249143
a09,163,1,1,0.97936606
a09,164,1,1,0.84948015
a09,165,1,1,0.9939183
a09,166,1,1,0.9237369
a09,167,1,1,0.92517346
a09,168,1,1,0.9592696
a09,169,1,1,0.962159
a09,170,1,1,0.96629
a09,171,1,1,0.9343433
a09,172,1,1,0.99718493
a09,173,1,1,0.8821214
a09,174,1,1,0.6498118
a09,175,1,1,0.8880105
a09,176,1,1,0.94050354
a09,177,1,1,0.91577363
a09,178,1,0,0.3498153
a09,179,1,1,0.9008129
a09,180,1,1,0.9423724
a09,181,1,1,0.8626416
a09,182,1,1,0.8575276
a09,183,1,1,0.93811214
a09,184,1,1,0.7992361
a09,185,1,1,0.78436905
a09,186,1,1,0.9400822
a09,187,1,1,0.9682304
a09,188,1,0,0.39508048
a09,189,1,1,0.8391162
a09,190,1,1,0.9115572
a09,191,1,1,0.7589299
a09,192,1,1,0.62182444
a09,193,1,1,0.9315041
a09,194,1,1,0.95846045
a09,195,1,1,0.92911285
a09,196,1,1,0.90817624
a09,197,1,0,0.33946905
a09,198,1,1,0.76876026
a09,199,1,1,0.8871508
a09,200,1,1,0.56945115
a09,201,1,1,0.8131072
a09,202,1,1,0.68603456
a09,203,1,1,0.92349994
a09,204,1,1,0.5986983
a09,205,1,1,0.79890996
a09,206,1,1,0.7668861
a09,207,0,1,0.57967997
a09,208,0,1,0.91436875
a09,209,0,0,0.379054
a09,210,0,1,0.53095496
a09,211,0,1,0.74798036
a09,212,0,1,0.56312466
a09,213,0,1,0.5617465
a09,214,0,1,0.6890705
a09,215,0,1,0.7467589
a09,216,0,1,0.91219646
a09,217,0,0,0.48373002
a09,218,0,1,0.59934705
a09,219,0,1,0.5379496
a09,220,0,1,0.6164565
a09,221,0,1,0.509962
a09,222,0,0,0.34161252
a09,223,0,1,0.7375607
a09,224,0,0,0.48440376
a09,225,0,1,0.7833278
a09,226,0,1,0.5766678
a09,227,0,1,0.8098579
a09,228,0,0,0.39385015
a09,229,0,1,0.86978036
a09,230,0,1,0.92095584
a09,231,0,1,0.8605945
a09,232,0,1,0.6830487
a09,233,0,1,0.5101521
a09,234,0,1,0.5821074
a09,235,0,1,0.7747326
a09,236,0,1,0.887303
a09,237,0,1,0.57320917
a09,238,1,0,0.29895175
a09,239,1,1,0.61011606
a09,240,1,1,0.9486876
a09,241,1,1,0.91321546
a09,242,0,1,0.9747098
a09,243,0,1,0.91535103
a09,244,1,1,0.8767487
a09,245,1,1,0.8414113
a09,246,1,1,0.96424913
a09,247,0,1,0.9569783
a09,248,0,1,0.9130898
a09,249,0,1,0.67779905
a09,250,1,1,0.9952003
a09,251,1,1,0.98391354
a09,252,1,1,0.99321353
a09,253,1,1,0.9641379
a09,254,0,1,0.9749546
a09,255,0,1,0.9078761
a09,256,0,1,0.6063394
a09,257,0,1,0.92486686
a09,258,0,1,0.96827704
a09,259,0,1,0.9340588
a09,260,0,1,0.7373651
a09,261,0,0,0.18913925
a09,262,1,1,0.80470794
a09,263,1,1,0.86455834
a09,264,1,1,0.97675806
a09,265,0,1,0.9010622
a09,266,0,1,0.7534809
a09,267,0,1,0.6093972
a09,268,0,0,0.24521807
a09,269,1,1,0.9342022
a09,270,0,1,0.8287026
a09,271,0,1,0.56889313
a09,272,0,0,0.43587893
a09,273,0,1,0.9275296
a09,274,0,1,0.80144686
a09,275,0,1,0.58701175
a09,276,0,1,0.7874732
a09,277,0,0,0.17292269
a09,278,1,1,0.85514796
a09,279,1,0,0.43657166
a09,280,1,1,0.96141994
a09,281,1,1,0.9878242
a09,282,1,1,0.8047064
a09,283,1,1,0.5573622
a09,284,1,1,0.5864916
a09,285,1,1,0.75095546
a09,286,1,1,0.8762066
a09,287,1,1,0.85159796
a09,288,1,1,0.53740716
a09,289,1,1,0.7684132
a09,290,1,1,0.5505479
a09,291,1,1,0.84403855
a09,292,1,1,0.8278659
a09,293,1,1,0.6082712
a09,294,1,1,0.7932277
a09,295,1,1,0.7901243
a09,296,1,1,0.7011106
a09,297,1,1,0.8707864
a09,298,1,0,0.45927423
a09,299,1,1,0.95643246
a09,300,1,1,0.68063855
a09,301,1,1,0.77944654
a09,302,1,1,0.98629713
a09,303,1,1,0.89792967
a09,304,1,1,0.79221135
a09,305,1,1,0.5602887
a09,306,1,1,0.83451736
a09,307,1,1,0.9439806
a09,308,1,1,0.8965854
a09,309,1,1,0.7280209
a09,310,1,1,0.6838677
a09,311,1,1,0.9344951
a09,312,1,1,0.88014376
a09,313,1,1,0.8189901
a09,314,1,1,0.7419072
a09,315,1,1,0.9204583
a09,316,1,1,0.5112679
a09,317,1,1,0.651408
a09,318,1,1,0.65615433
a09,319,1,1,0.75260293
a09,320,1,1,0.8926324
a09,321,1,1,0.72404927
a09,322,1,1,0.67674196
a09,323,1,1,0.92726517
a09,324,1,1,0.7746369
a09,325,1,1,0.9146139
a09,326,1,1,0.9698621
a09,327,1,1,0.77493745
a09,328,1,1,0.9327652
a09,329,1,1,0.76982355
a09,330,1,1,0.7003668
a09,331,1,1,0.9693356
a09,332,1,1,0.9513732
a09,333,1,0,0.41659
a09,334,1,1,0.7612338
a09,335,1,1,0.76351625
a09,336,1,1,0.89394295
a09,337,1,1,0.7748263
a09,338,1,1,0.9688128
a09,339,1,1,0.76973575
a09,340,1,1,0.58260363
a09,341,1,1,0.9812159
a09,342,1,1,0.8204758
a09,343,1,0,0.21174219
a09,344,1,1,0.9844818
a09,345,1,1,0.8397846
a09,346,1,1,0.95429194
a09,347,1,1,0.9303877
a09,348,1,1,0.90547234
a09,349,1,0,0.38843283
a09,350,1,1,0.5154668
a09,351,1,0,0.22581996
a09,352,1,1,0.88087493
a09,353,1,1,0.9738409
a09,354,1,1,0.9380132
a09,355,1,1,0.83938676
a09,356,1,1,0.69912434
a09,357,1,1,0.70652777
a09,358,1,1,0.8802024
a09,359,1,0,0.35413
a09,360,1,1,0.6879089
a09,361,1,0,0.47789153
a09,362,0,1,0.9409101
a09,363,0,1,0.54972655
a09,364,0,0,0.4989306
a09,365,0,0,0.405589
a09,366,0,1,0.92626995
a09,367,0,0,0.4904352
a09,368,0,0,0.48505875
a09,369,0,1,0.5704374
a09,370,0,0,0.24716331
a09,371,0,1,0.7355934
a09,372,0,1,0.5520259
a09,373,0,1,0.680076
a09,374,0,1,0.9401776
a09,375,0,1,0.799745
a09,376,0,1,0.5546061
a09,377,0,1,0.5910485
a09,378,0,0,0.395239
a09,379,0,0,0.42106828
a09,380,1,1,0.9483098
a09,381,1,1,0.8279243
a09,382,1,1,0.7267695
a09,383,1,0,0.4214056
a09,384,1,1,0.776103
a09,385,1,1,0.9547132
a09,386,1,0,0.3053004
a09,387,1,1,0.50792855
a09,388,1,0,0.35695884
a09,389,1,0,0.25115782
a09,390,1,0,0.44262776
a09,391,1,0,0.27324006
a09,392,1,1,0.96883106
a09,393,1,1,0.8507279
a09,394,1,1,0.7683808
a09,395,1,1,0.732503
a09,396,1,1,0.76999116
a09,397,1,1,0.7954345
a09,398,1,1,0.8611061
a09,399,1,1,0.864265
a09,400,1,1,0.91834927
a09,401,1,1,0.81739485
a09,402,1,1,0.8908004
a09,403,1,1,0.97480154
a09,404,1,1,0.92844814
a09,405,1,1,0.89059836
a09,406,1,1,0.9222003
a09,407,1,1,0.5671879
a09,408,1,1,0.9278435
a09,409,1,1,0.5075162
a09,410,1,1,0.93788683
a09,411,1,1,0.91444755
a09,412,1,1,0.90107596
a09,413,1,1,0.8647239
a09,414,1,1,0.5476527
a09,415,1,1,0.95419055
a09,416,1,1,0.9312976
a09,417,1,1,0.7237226
a09,418,1,1,0.76073956
a09,419,1,1,0.65412164
a09,420,1,1,0.9490053
a09,421,1,1,0.7985412
a09,422,1,1,0.9683178
a09,423,1,1,0.9594744
a09,424,1,1,0.90938735
a09,425,1,1,0.7921333
a09,426,1,1,0.7473976
a09,427,1,1,0.7200126
a09,428,1,1,0.82523054
a09,429,1,1,0.9425488
a09,430,1,1,0.9686266
a09,431,1,1,0.5845404
a09,432,1,0,0.49226406
a09,433,1,1,0.9342021
a09,434,1,1,0.86869967
a09,435,1,1,0.7005482
a09,436,1,1,0.9874005
a09,437,1,0,0.3185167
a09,438,1,1,0.54827714
a09,439,1,1,0.7753023
a09,440,0,1,0.9699896
a09,441,0,1,0.74419725
a09,442,0,1,0.6625048
a09,443,0,0,0.33760825
a09,444,0,0,0.40721872
a09,445,0,0,0.33874923
a09,446,0,1,0.84926534
a09,447,0,1,0.5772452
a09,448,0,1,0.5396456
a09,449,0,0,0.3493422
a09,450,1,0,0.21959962
a09,451,1,1,0.5521321
a09,452,1,1,0.6424592
a09,453,1,1,0.6857803
a09,454,1,1,0.8187663
a09,455,1,1,0.9877055
a09,456,1,1,0.77489066
a09,457,1,1,0.7289596
a09,458,1,0,0.43494785
a09,459,1,1,0.79223925
a09,460,1,1,0.8888331
a09,461,1,1,0.8541361
a09,462,1,1,0.5715862
a09,463,1,1,0.9565204
a09,464,1,1,0.92219746
a09,465,1,1,0.7226582
a09,466,1,1,0.9588917
a09,467,1,1,0.9070421
a09,468,1,1,0.915921
a09,469,1,1,0.9200643
a09,470,1,1,0.92529815
a09,471,1,1,0.9341236
a09,472,1,1,0.91885936
a09,473,1,1,0.98230064
a09,474,1,1,0.89584756
a09,475,1,1,0.92632914
a09,476,1,1,0.7851955
a09,477,1,1,0.59485614
a09,478,1,1,0.9542848
a09,479,1,1,0.89504933
a09,480,1,1,0.86506075
a09,481,1,1,0.88950455
a09,482,1,1,0.9445364
a09,483,1,1,0.9592401
a09,484,1,1,0.9632329
a09,485,1,1,0.96185106
a09,486,1,1,0.883373
a09,487,1,1,0.9441283
a09,488,1,1,0.8076114
a09,489,1,1,0.8922902
a09,490,1,1,0.93262714
a09,491,1,1,0.81329197
a09,492,1,1,0.58400327
a09,493,1,1,0.7615334
a09,494,1,0,0.4054717
a10,1,0,1,0.78117496
a10,2,0,0,0.33033186
a10,3,0,0,0.066034734
a10,4,0,0,0.025195608
a10,5,0,0,0.26648676
a10,6,0,1,0.87579244
a10,7,0,0,0.09928156
a10,8,0,0,0.15966691
a10,9,0,0,0.11574344
a10,10,0,1,0.8149924
a10,11,0,0,0.05520079
a10,12,0,0,0.32199067
a10,13,0,0,0.30355933
a10,14,0,0,0.0077802422
a10,15,0,0,0.018430894
a10,16,0,1,0.5966015
a10,17,0,1,0.8386919
a10,18,0,0,0.2682312
a10,19,0,0,0.40833265
a10,20,0,0,0.44355685
a10,21,0,0,0.21673383
a10,22,0,1,0.62591034
a10,23,0,0,0.10055035
a10,24,0,0,0.13061984
a10,25,0,0,0.056816187
a10,26,0,0,0.04962235
a10,27,0,0,0.1176592
a10,28,0,0,0.039049402
a10,29,0,0,0.06340711
a10,30,0,1,0.86843663
a10,31,0,0,0.3025634
a10,32,0,0,0.16540001
a10,33,0,0,0.009765604
a10,34,0,0,0.004319724
a10,35,0,0,0.3568604
a10,36,0,0,0.12275534
a10,37,0,0,0.025946394
a10,38,0,0,0.043544132
a10,39,0,0,0.0650663
a10,40,0,0,0.034741394
a10,41,0,0,0.064987764
a10,42,0,0,0.10867425
a10,43,0,0,0.042933535
a10,44,0,0,0.0041108546
a10,45,0,0,0.0029740199
a10,46,0,0,0.09967602
a10,47,0,0,0.040510386
a10,48,0,0,0.24326839
a10,49,0,0,0.02112011
a10,50,0,0,0.005427404
a10,51,0,0,0.0038120397
a10,52,0,0,0.06452602
a10,53,0,0,0.022404741
a10,54,0,0,0.10493468
a10,55,1,0,0.046431076
a10,56,1,0,0.05651066
a10,57,1,0,0.011300113
a10,58,1,1,0.9699117
a10,59,1,0,0.056795124
a10,60,0,1,0.681373
a10,61,0,1,0.8366308
a10,62,0,1,0.6571902
a10,63,0,0,0.45233774
a10,64,0,1,0.55347925
a10,65,0,0,0.22613914
a10,66,0,0,0.4604473
a10,67,0,0,0.0935024
a10,68,0,0,0.022174368
a10,69,0,0,0.056587085
a10,70,0,0,0.030382559
a10,71,0,0,0.012171987
a10,72,0,0,0.024974009
a10,73,0,0,0.0165109
a10,74,0,0,0.049718536
a10,75,0,0,0.07603517
a10,76,0,0,0.0038547518
a10,77,0,0,0.044232603
a10,78,0,0,0.16867612
a10,79,0,0,0.019556278
a10,80,0,0,0.09693818
a10,81,0,0,0.041989457
a10,82,0,0,0.09033799
a10,83,0,0,0.27667883
a10,84,0,0,0.18065163
a10,85,0,0,0.20286341
a10,86,0,1,0.7210094
a10,87,0,0,0.081905395
a10,88,0,0,0.25264856
a10,89,0,0,0.092327766
a10,90,0,0,0.031473104
a10,91,0,0,0.0075860494
a10,92,0,0,0.04290205
a10,93,0,0,0.111319
a10,94,0,0,0.099963695
a10,95,0,0,0.08239968
a10,96,0,0,0.021168875
a10,97,0,0,0.021953173
a10,98,0,0,0.29709315
a10,99,0,0,0.052917276
a10,100,0,0,0.09711966
a10,101,0,0,0.0069716047
a10,102,0,0,0.023951765
a10,103,0,0,0.034337282
a10,104,0,0,0.46144924
a10,105,1,1,0.59687954
a10,106,1,0,0.42872673
a10,107,1,1,0.6372642
a10,108,1,1,0.686246
a10,109,1,1,0.8503591
a10,110,1,0,0.40128624
a10,111,1,1,0.91934705
a10,112,1,1,0.6129318
a10,113,1,1,0.7076782
a10,114,1,1,0.824104
a10,115,1,1,0.7032464
a10,116,1,1,0.8228619
a10,117,1,1,0.8150075
a10,118,1,1,0.89555985
a10,119,1,1,0.8668718
a10,120,1,1,0.8729547
a10,121,1,1,0.7424228
a10,122,1,0,0.4506329
a10,123,1,1,0.69503254
a10,124,1,1,0.7803459
a10,125,1,1,0.5271566
a10,126,1,1,0.79311067
a10,127,1,0,0.43964282
a10,128,1,1,0.6502478
a10,129,1,0,0.06581026
a10,130,0,0,0.012565795
a10,131,0,0,0.011546764
a10,132,0,0,0.012429034
a10,133,0,0,0.05314265
a10,134,0,0,0.039107803
a10,135,0,0,0.029373752
a10,136,0,0,0.0763121
a10,137,0,0,0.01974505
a10,138,0,0,0.027102388
a10,139,0,0,0.057972714
a10,140,0,0,0.08968381
a10,141,0,0,0.030758714
a10,142,0,0,0.08453476
a10,143,0,0,0.19059794
a10,144,1,1,0.56368583
a10,145,0,0,0.32652208
a10,146,0,0,0.36375955
a10,147,0,0,0.26448122
a10,148,0,0,0.041175287
a10,149,0,0,0.03744544
a10,150,0,0,0.009070916
a10,151,0,0,0.040677972
a10,152,0,0,0.2000321
a10,153,0,0,0.41827083
a10,154,0,0,0.25889465
a10,155,0,0,0.0571524
a10,156,0,1,0.54251987
a10,157,0,0,0.035882797
a10,158,0,0,0.011994489
a10,159,0,0,0.028002491
a10,160,0,0,0.04618606
a10,161,0,0,0.40947524
a10,162,0,0,0.053123195
a10,163,0,0,0.05813534
a10,164,0,0,0.08929716
a10,165,0,0,0.17032102
a10,166,0,0,0.080477834
a10,167,0,0,0.050744317
a10,168,0,0,0.058296073
a10,169,0,0,0.21934855
a10,170,0,0,0.05571375
a10,171,0,0,0.03276683
a10,172,0,0,0.10071774
a10,173,0,0,0.26580963
a10,174,0,0,0.22839294
a10,175,0,0,0.020941094
a10,176,0,0,0.013219798
a10,177,0,0,0.010054072
a10,178,0,0,0.01590554
a10,179,0,0,0.04991112
a10,180,0,1,0.55066997
a10,181,0,0,0.022668343
a10,182,0,0,0.008125512
a10,183,0,0,0.009424668
a10,184,0,0,0.0064025656
a10,185,0,0,0.0061888946
a10,186,0,0,0.033733297
a10,187,0,1,0.6511785
a10,188,0,0,0.16731209
a10,189,0,1,0.9164102
a10,190,0,0,0.010037158
a10,191,0,1,0.7670715
a10,192,0,0,0.016333163
a10,193,0,0,0.05369868
a10,194,0,0,0.012534593
a10,195,0,0,0.022410383
a10,196,0,0,0.028479228
a10,197,0,0,0.012040755
a10,198,0,0,0.007175995
a10,199,0,0,0.023510728
a10,200,0,0,0.017996829
a10,201,0,0,0.07673069
a10,202,0,0,0.0088845845
a10,203,0,0,0.03476382
a10,204,0,0,0.023081588
a10,205,0,0,0.023239711
a10,206,0,0,0.01790322
a10,207,0,0,0.017838117
a10,208,0,0,0.029842934
a10,209,0,0,0.033500794
a10,210,0,0,0.014068898
a10,211,0,0,0.015411291
a10,212,0,0,0.011066476
a10,213,0,0,0.11739003
a10,214,0,0,0.012176219
a10,215,0,0,0.023156395
a10,216,0,0,0.012705679
a10,217,0,0,0.3467507
a10,218,1,0,0.20488323
a10,219,1,0,0.030045113
a10,220,0,1,0.5024307
a10,221,1,0,0.0073446827
a10,222,0,1,0.5083018
a10,223,0,0,0.0129888775
a10,224,0,1,0.7346305
a10,225,1,1,0.63141257
a10,226,1,0,0.011418985
a10,227,0,0,0.47686931
a10,228,0,0,0.031731296
a10,229,0,1,0.6819532
a10,230,0,0,0.27776092
a10,231,0,0,0.43830815
a10,232,1,0,0.07277943
a10,233,1,0,0.40048
a10,234,1,0,0.4637517
a10,235,1,0,0.10428472
a10,236,1,1,0.7578269
a10,237,1,0,0.087908335
a10,238,1,0,0.3781974
a10,239,0,1,0.9728696
a10,240,0,0,0.44181466
a10,241,0,0,0.27236617
a10,242,0,0,0.031087793
a10,243,0,0,0.051790502
a10,244,0,0,0.15126623
a10,245,0,0,0.07332044
a10,246,0,0,0.17141618
a10,247,0,0,0.07812335
a10,248,0,1,0.9830783
a10,249,0,0,0.03860664
a10,250,0,0,0.0608514
a10,251,0,0,0.14688222
a10,252,0,0,0.01937815
a10,253,0,0,0.014181949
a10,254,0,0,0.053437993
a10,255,0,0,0.009709485
a10,256,0,1,0.99137974
a10,257,0,0,0.36630014
a10,258,0,1,0.6411982
a10,259,0,0,0.05183294
a10,260,0,1,0.95540434
a10,261,0,0,0.13685477
a10,262,0,0,0.108808085
a10,263,0,1,0.9705154
a10,264,1,0,0.16989551
a10,265,0,1,0.75148064
a10,266,0,0,0.23264112
a10,267,0,0,0.12992497
a10,268,0,0,0.2062459
a10,269,0,0,0.2807445
a10,270,0,0,0.4672442
a10,271,0,1,0.93819624
a10,272,0,0,0.27762827
a10,273,0,1,0.91401374
a10,274,1,1,0.9114096
a10,275,1,0,0.3416912
a10,276,0,0,0.15271471
a10,277,0,0,0.13043372
a10,278,0,0,0.01556591
a10,279,0,0,0.081532076
a10,280,0,0,0.034904677
a10,281,0,0,0.016637111
a10,282,0,0,0.013486947
a10,283,0,0,0.26549998
a10,284,0,0,0.03312189
a10,285,0,0,0.12887615
a10,286,0,0,0.028418444
a10,287,0,0,0.09665442
a10,288,0,0,0.11891262
a10,289,0,0,0.02904599
a10,290,0,0,0.040542558
a10,291,0,1,0.51581424
a10,292,0,0,0.20946935
a10,293,0,0,0.021109385
a10,294,0,0,0.12896153
a10,295,0,0,0.13537455
a10,296,0,0,0.18044686
a10,297,0,0,0.37938383
a10,298,0,0,0.07866413
a10,299,0,0,0.12023148
a10,300,0,0,0.12634654
a10,301,0,0,0.046426892
a10,302,0,0,0.024355812
a10,303,0,0,0.13602215
a10,304,0,0,0.12518007
a10,305,0,0,0.184646
a10,306,0,0,0.018825365
a10,307,0,0,0.025335345
a10,308,0,0,0.13364105
a10,309,0,0,0.05035255
a10,310,0,0,0.04884762
a10,311,0,0,0.060855906
a10,312,0,0,0.0242542
a10,313,0,0,0.029508967
a10,314,0,0,0.051442377
a10,315,0,0,0.035549074
a10,316,0,0,0.097890615
a10,317,0,0,0.02889161
a10,318,0,0,0.049674705
a10,319,0,0,0.03455425
a10,320,0,0,0.11838391
a10,321,0,0,0.3267749
a10,322,0,1,0.5868897
a10,323,1,1,0.5723316
a10,324,1,0,0.27679214
a10,325,0,0,0.051546544
a10,326,0,0,0.047589894
a10,327,0,0,0.0769925
a10,328,0,0,0.37296838
a10,329,0,0,0.14417686
a10,330,0,1,0.53928006
a10,331,0,1,0.6269511
a10,332,0,0,0.30213332
a10,333,0,0,0.488229
a10,334,0,0,0.47725564
a10,335,0,0,0.17416577
a10,336,0,0,0.17190368
a10,337,0,0,0.40023345
a10,338,0,0,0.09129442
a10,339,0,0,0.067524396
a10,340,0,0,0.1365097
a10,341,0,0,0.3940636
a10,342,0,0,0.07843049
a10,343,0,0,0.10656334
a10,344,0,0,0.37703642
a10,345,0,0,0.06352826
a10,346,0,1,0.65293944
a10,347,0,0,0.039018415
a10,348,0,0,0.25593668
a10,349,0,0,0.07039896
a10,350,0,0,0.23829591
a10,351,0,1,0.6213884
a10,352,0,0,0.12670572
a10,353,0,1,0.51646835
a10,354,0,0,0.1120947
a10,355,0,0,0.2656277
a10,356,0,1,0.6324895
a10,357,0,0,0.067111835
a10,358,0,0,0.25188205
a10,359,0,0,0.20691276
a10,360,0,0,0.12296214
a10,361,0,1,0.6890706
a10,362,1,0,0.34873974
a10,363,1,0,0.007437199
a10,364,1,0,0.08574557
a10,365,1,0,0.012307509
a10,366,1,1,0.84917736
a10,367,1,1,0.7480905
a10,368,0,0,0.31807393
a10,369,0,0,0.19174823
a10,370,1,1,0.74092215
a10,371,1,0,0.084127516
a10,372,0,0,0.0021091588
a10,373,0,0,0.04727435
a10,374,0,0,0.055575736
a10,375,0,0,0.010490725
a10,376,0,0,0.014260408
a10,377,0,0,0.014233654
a10,378,0,1,0.661875
a10,379,0,1,0.8670311
a10,380,0,1,0.6153852
a10,381,0,1,0.7056588
a10,382,0,0,0.48915195
a10,383,0,0,0.22902231
a10,384,0,0,0.02676799
a10,385,0,0,0.09859639
a10,386,0,0,0.22228655
a10,387,0,0,0.014684648
a10,388,0,0,0.3455774
a10,389,0,1,0.59754384
a10,390,0,0,0.23839286
a10,391,0,0,0.13410895
a10,392,0,0,0.025770558
a10,393,0,0,0.3984576
a10,394,0,1,0.86854184
a10,395,0,0,0.0052114194
a10,396,0,0,0.37622353
a10,397,0,0,0.038491756
a10,398,1,0,0.061652232
a10,399,1,1,0.7983735
a10,400,1,0,0.005962456
a10,401,0,0,0.045933463
a10,402,0,0,0.12374085
a10,403,0,0,0.058189742
a10,404,0,0,0.004098843
a10,405,0,0,0.44702464
a10,406,0,0,0.20849057
a10,407,0,0,0.11837183
a10,408,0,1,0.77635825
a10,409,0,0,0.025606792
a10,410,0,0,0.066223346
a10,411,0,1,0.56033915
a10,412,0,0,0.33429343
a10,413,0,1,0.90645534
a10,414,1,1,0.9106585
a10,415,1,1,0.5413483
a10,416,1,1,0.82627577
a10,417,1,1,0.7562851
a10,418,1,1,0.78009367
a10,419,1,1,0.99151576
a10,420,1,1,0.637906
a10,421,0,1,0.7035172
a10,422,0,0,0.42258456
a10,423,0,0,0.36152714
a10,424,0,0,0.341198
a10,425,0,0,0.2548066
a10,426,0,0,0.140132
a10,427,0,0,0.25498325
a10,428,0,0,0.26442552
a10,429,0,0,0.4562046
a10,430,0,0,0.17089882
a10,431,0,1,0.5459505
a10,432,0,0,0.1493992
a10,433,0,1,0.52491593
a10,434,0,0,0.13214776
a10,435,0,0,0.086405784
a10,436,0,1,0.6154662
a10,437,0,1,0.6138453
a10,438,0,1,0.9707061
a10,439,0,0,0.29625374
a10,440,0,0,0.0937712
a10,441,0,0,0.30169204
a10,442,0,1,0.67261565
a10,443,0,0,0.31897125
a10,444,0,0,0.43059388
a10,445,0,1,0.9168298
a10,446,1,0,0.039605543
a10,447,1,1,0.91816026
a10,448,1,0,0.39356336
a10,449,1,1,0.9431343
a10,450,1,1,0.5626433
a10,451,1,0,0.46129742
a10,452,1,1,0.93755317
a10,453,1,1,0.65349305
a10,454,1,1,0.9309345
a10,455,1,1,0.97501785
a10,456,1,1,0.8140453
a10,457,1,1,0.8183822
a10,458,1,1,0.8244629
a10,459,0,0,0.13712297
a10,460,0,0,0.027764212
a10,461,0,0,0.27717775
a10,462,1,0,0.42987204
a10,463,1,1,0.70181006
a10,464,1,0,0.039650597
a10,465,0,0,0.054294873
a10,466,0,1,0.95478356
a10,467,1,1,0.6149037
a10,468,0,0,0.051654972
a10,469,0,0,0.20179763
a10,470,0,0,0.07559287
a10,471,0,0,0.1315321
a10,472,0,0,0.08552004
a10,473,0,0,0.049800213
a10,474,0,0,0.07233425
a10,475,0,0,0.11433272
a10,476,0,0,0.09230295
a10,477,0,0,0.19391483
a10,478,0,0,0.14037618
a10,479,0,0,0.01960926
a10,480,0,0,0.09377544
a10,481,0,0,0.061823603
a10,482,0,1,0.91835046
a10,483,0,0,0.07422569
a10,484,0,1,0.9183934
a10,485,0,1,0.78635156
a10,486,0,0,0.12269193
a10,487,0,0,0.116330974
a10,488,0,0,0.07920338
a10,489,0,0,0.037836175
a10,490,0,0,0.024672404
a10,491,0,0,0.09589667
a10,492,0,1,0.59765494
a10,493,0,0,0.44085127
a10,494,0,1,0.8602973
a10,495,0,0,0.23355605
a10,496,0,1,0.6251182
a10,497,0,0,0.31455353
a10,498,0,1,0.6324118
a10,499,0,1,0.8532957
a10,500,1,0,0.4808894
a10,501,1,0,0.16210735
a10,502,1,1,0.74172467
a10,503,1,1,0.9627554
a10,504,1,0,0.2226712
a10,505,1,0,0.16132498
a10,506,1,0,0.45799685
a10,507,1,0,0.47751907
a10,508,1,0,0.16404895
a10,509,1,1,0.790689
a10,510,1,1,0.69098276
a10,511,1,0,0.09665088
a10,512,1,1,0.9396872
a10,513,1,0,0.48981872
a10,514,1,0,0.09617035
a10,515,1,1,0.72948694
a10,516,1,1,0.6319281
a11,1,0,0,0.005712349
a11,2,0,0,0.008304347
a11,3,0,0,0.069442056
a11,4,0,0,0.14517358
a11,5,0,0,0.007921781
a11,6,0,0,0.023885248
a11,7,0,0,0.020850288
a11,8,0,0,0.092671156
a11,9,0,0,0.008976797
a11,10,0,0,0.04517688
a11,11,0,0,0.0054791
a11,12,0,0,0.0068897945
a11,13,0,0,0.031794623
a11,14,0,0,0.012975766
a11,15,0,0,0.008212493
a11,16,0,0,0.010066639
a11,17,1,0,0.0069360263
a11,18,1,0,0.02181625
a11,19,1,0,0.023931475
a11,20,1,0,0.010387383
a11,21,1,0,0.06003032
a11,22,1,0,0.0070278724
a11,23,1,0,0.0067278915
a11,24,1,0,0.005458943
a11,25,0,0,0.26156694
a11,26,0,0,0.014216478
a11,27,0,0,0.039922673
a11,28,0,0,0.005331492
a11,29,0,0,0.016918505
a11,30,0,0,0.037720874
a11,31,0,0,0.0056527345
a11,32,0,0,0.0129145635
a11,33,0,0,0.008376741
a11,34,0,0,0.015970651
a11,35,0,0,0.0039685853
a11,36,0,0,0.0046406058
a11,37,0,0,0.005680973
a11,38,0,0,0.011983406
a11,39,0,0,0.016824804
a11,40,0,0,0.010277116
a11,41,0,0,0.022511436
a11,42,0,0,0.0070687598
a11,43,0,0,0.0070748134
a11,44,0,0,0.010782141
a11,45,0,0,0.014031339
a11,46,0,0,0.0138081
a11,47,0,0,0.017660093
a11,48,0,0,0.020015864
a11,49,0,0,0.0141224
a11,50,0,0,0.018041417
a11,51,0,0,0.005174148
a11,52,0,0,0.0056357323
a11,53,0,0,0.022934906
a11,54,0,0,0.008317521
a11,55,0,0,0.018364789
a11,56,0,0,0.0081822425
a11,57,0,0,0.011923344
a11,58,0,0,0.013309515
a11,59,0,0,0.02567335
a11,60,0,0,0.04519171
a11,61,0,0,0.047385167
a11,62,0,0,0.015127581
a11,63,0,0,0.022468287
a11,64,0,0,0.048316486
a11,65,0,0,0.0250288
a11,66,0,0,0.02063238
a11,67,0,0,0.029540963
a11,68,0,0,0.012183116
a11,69,0,0,0.009485064
a11,70,0,0,0.030182898
a11,71,0,0,0.051483274
a11,72,0,0,0.013700716
a11,73,0,0,0.02501165
a11,74,0,0,0.024206134
a11,75,0,0,0.030191319
a11,76,0,0,0.0069659688
a11,77,0,0,0.018729508
a11,78,0,0,0.02957956
a11,79,0,0,0.024486272
a11,80,0,0,0.03478062
a11,81,0,0,0.05314615
a11,82,0,0,0.013659379
a11,83,1,0,0.030786749
a11,84,1,0,0.0091984905
a11,85,1,0,0.013678787
a11,86,1,0,0.017236419
a11,87,1,0,0.02826936
a11,88,1,0,0.010569551
a11,89,1,0,0.012347156
a11,90,1,0,0.014544086
a11,91,1,0,0.08267696
a11,92,1,0,0.024633266
a11,93,1,0,0.022115156
a11,94,0,0,0.026516156
a11,95,0,0,0.0077170767
a11,96,0,0,0.02795447
a11,97,0,0,0.0097487
a11,98,0,0,0.0111088995
a11,99,0,0,0.25598565
a11,100,1,0,0.019601783
a11,101,1,0,0.06808556
a11,102,1,0,0.0714924
a11,103,1,0,0.010857561
a11,104,1,0,0.020415848
a11,105,1,0,0.021672312
a11,106,1,0,0.022192629
a11,107,1,0,0.018744834
a11,108,1,0,0.056282688
a11,109,1,0,0.056151334
a11,110,1,0,0.03424382
a11,111,1,0,0.05665267
a11,112,1,0,0.022399494
a11,113,1,0,0.044846073
a11,114,1,0,0.058756698
a11,115,1,0,0.06106479
a11,116,1,0,0.28277612
a11,117,1,0,0.064713
a11,118,1,0,0.17946593
a11,119,1,0,0.064413846
a11,120,1,0,0.0405771
a11,121,1,0,0.18891111
a11,122,1,0,0.058401275
a11,123,1,0,0.23912737
a11,124,1,0,0.19036834
a11,125,1,0,0.06982363
a11,126,1,0,0.15770786
a11,127,1,1,0.5416309
a11,128,0,0,0.015876459
a11,129,0,0,0.03144127
a11,130,0,0,0.030305328
a11,131,0,0,0.008296858
a11,132,0,0,0.42785034
a11,133,0,0,0.01456056
a11,134,0,0,0.015726522
a11,135,0,0,0.014921951
a11,136,0,0,0.010370408
a11,137,0,0,0.021385677
a11,138,0,0,0.00908715
a11,139,0,0,0.015168378
a11,140,0,0,0.016125781
a11,141,0,0,0.02958587
a11,142,0,0,0.015354027
a11,143,0,0,0.009966429
a11,144,0,0,0.004936973
a11,145,0,0,0.008489926
a11,146,0,0,0.025633136
a11,147,0,0,0.0065581263
a11,148,0,0,0.009444013
a11,149,0,0,0.008451974
a11,150,0,0,0.011325981
a11,151,0,0,0.008116881
a11,152,0,0,0.04896265
a11,153,0,0,0.021731205
a11,154,0,0,0.011959538
a11,155,0,0,0.01601666
a11,156,0,0,0.005167155
a11,157,0,0,0.009274106
a11,158,0,0,0.008450432
a11,159,0,0,0.016213508
a11,160,0,0,0.007692771
a11,161,0,0,0.0044168243
a11,162,0,0,0.0056014853
a11,163,0,0,0.0047631795
a11,164,0,0,0.0036293592
a11,165,0,0,0.005591423
a11,166,0,0,0.0067090886
a11,167,0,0,0.0031852378
a11,168,0,0,0.020563114
a11,169,0,0,0.058246017
a11,170,0,0,0.021413606
a11,171,0,0,0.0040528863
a11,172,0,0,0.010026611
a11,173,0,0,0.008881352
a11,174,0,0,0.0053041615
a11,175,0,0,0.025813796
a11,176,0,0,0.0061299587
a11,177,0,0,0.0050628223
a11,178,0,0,0.012413066
a11,179,0,0,0.0036744217
a11,180,0,0,0.010756117
a11,181,0,0,0.0041829012
a11,182,0,0,0.0034195762
a11,183,0,0,0.0030364161
a11,184,0,0,0.012549989
a11,185,0,0,0.013909114
a11,186,0,0,0.0048658587
a11,187,0,0,0.0037071665
a11,188,0,0,0.060403097
a11,189,1,0,0.011476044
a11,190,1,0,0.044196412
a11,191,1,0,0.0028075927
a11,192,1,0,0.058112226
a11,193,1,0,0.027457012
a11,194,1,0,0.0161883
a11,195,1,0,0.045355886
a11,196,1,0,0.015195691
a11,197,1,0,0.03704204
a11,198,1,0,0.037991744
a11,199,1,0,0.069602706
a11,200,1,0,0.01828844
a11,201,1,0,0.027411584
a11,202,1,0,0.088649206
a11,203,1,0,0.036222562
a11,204,1,0,0.3182978
a11,205,1,0,0.051107585
a11,206,1,0,0.071081616
a11,207,1,0,0.032343872
a11,208,1,0,0.022273181
a11,209,1,0,0.15660298
a11,210,1,0,0.08101453
a11,211,1,0,0.1815037
a11,212,1,0,0.18295722
a11,213,1,0,0.06613089
a11,214,1,0,0.2815539
a11,215,1,0,0.18392667
a11,216,1,0,0.037848923
a11,217,1,0,0.16848922
a11,218,1,1,0.5788856
a11,219,0,0,0.17294163
a11,220,0,0,0.021997508
a11,221,0,0,0.067925334
a11,222,0,0,0.030571563
a11,223,0,0,0.116259724
a11,224,0,0,0.25026217
a11,225,1,0,0.07945023
a11,226,1,0,0.2201933
a11,227,1,0,0.17515622
a11,228,1,0,0.3927638
a11,229,1,0,0.37963516
a11,230,1,0,0.2474574
a11,231,1,0,0.32609874
a11,232,1,0,0.043202065
a11,233,1,0,0.15094098
a11,234,1,0,0.11455857
a11,235,1,0,0.06564639
a11,236,1,0,0.11435964
a11,237,1,0,0.07635349
a11,238,1,0,0.14099173
a11,239,1,0,0.077814944
a11,240,1,0,0.31843948
a11,241,1,0,0.35440674
a11,242,1,0,0.15356024
a11,243,1,0,0.23055077
a11,244,1,0,0.101092264
a11,245,1,0,0.22566745
a11,246,1,0,0.31907594
a11,247,1,0,0.2790429
a11,248,1,1,0.50443685
a11,249,1,0,0.28332877
a11,250,1,0,0.07349733
a11,251,1,0,0.42865813
a11,252,1,1,0.5096489
a11,253,1,1,0.5751303
a11,254,1,0,0.43148044
a11,255,1,0,0.1069093
a11,256,1,0,0.05132714
a11,257,0,1,0.733348
a11,258,0,0,0.019359248
a11,259,0,0,0.007931545
a11,260,0,0,0.0066224844
a11,261,0,0,0.006933668
a11,262,0,0,0.012561972
a11,263,0,0,0.018512774
a11,264,0,0,0.01682176
a11,265,0,0,0.008372805
a11,266,0,0,0.030804317
a11,267,0,0,0.02076596
a11,268,0,0,0.023979684
a11,269,0,0,0.080413304
a11,270,0,0,0.02256804
a11,271,0,0,0.07558156
a11,272,0,0,0.08557905
a11,273,0,0,0.03441839
a11,274,0,0,0.015521469
a11,275,0,0,0.011510998
a11,276,0,0,0.11546716
a11,277,0,0,0.151673
a11,278,0,0,0.018281147
a11,279,0,0,0.0142225465
a11,280,0,0,0.00710707
a11,281,0,0,0.029696569
a11,282,0,0,0.024351548
a11,283,0,0,0.005411048
a11,284,0,0,0.008924461
a11,285,0,0,0.008712269
a11,286,0,0,0.0070746196
a11,287,0,0,0.02297365
a11,288,0,0,0.024412015
a11,289,0,0,0.024685264
a11,290,0,0,0.005693431
a11,291,0,0,0.008405355
a11,292,0,0,0.028461214
a11,293,0,0,0.014268708
a11,294,0,0,0.01723886
a11,295,0,0,0.0066199037
a11,296,0,0,0.013854225
a11,297,0,0,0.012149562
a11,298,0,0,0.016151471
a11,299,0,0,0.014292282
a11,300,0,0,0.0076968996
a11,301,0,0,0.007980161
a11,302,0,0,0.008905009
a11,303,0,0,0.008635058
a11,304,0,0,0.003851666
a11,305,0,0,0.0094582215
a11,306,0,0,0.021633647
a11,307,0,0,0.0042819153
a11,308,0,0,0.011060195
a11,309,0,0,0.00310858
a11,310,0,0,0.010865634
a11,311,0,0,0.0043922947
a11,312,0,0,0.04127278
a11,313,0,0,0.009692641
a11,314,0,0,0.0052688713
a11,315,0,0,0.026384538
a11,316,0,0,0.0067527597
a11,317,0,0,0.026704907
a11,318,0,0,0.009254971
a11,319,0,0,0.018043842
a11,320,0,0,0.0035238285
a11,321,0,0,0.0021738436
a11,322,0,0,0.0049192864
a11,323,0,0,0.034110792
a11,324,0,0,0.013813911
a11,325,0,0,0.007634283
a11,326,0,0,0.0122977225
a11,327,0,0,0.0043449164
a11,328,0,0,0.0069717467
a11,329,0,0,0.0047267852
a11,330,0,0,0.005217004
a11,331,0,0,0.0032660752
a11,332,0,0,0.005019528
a11,333,0,0,0.00464345
a11,334,0,0,0.004599827
a11,335,0,0,0.028942745
a11,336,0,0,0.0055498225
a11,337,0,0,0.021301579
a11,338,0,0,0.023331355
a11,339,0,0,0.0032333883
a11,340,0,0,0.0032630947
a11,341,0,0,0.16481839
a11,342,0,0,0.020732308
a11,343,0,0,0.04392411
a11,344,0,0,0.018855011
a11,345,1,0,0.005498098
a11,346,1,0,0.049684286
a11,347,1,0,0.006862865
a11,348,1,0,0.010927794
a11,349,1,0,0.013448693
a11,350,1,0,0.03064457
a11,351,1,0,0.03206775
a11,352,1,0,0.016982716
a11,353,1,0,0.0059333495
a11,354,1,0,0.044884704
a11,355,1,0,0.016324576
a11,356,1,0,0.090654485
a11,357,1,0,0.015056744
a11,358,1,0,0.0068492084
a11,359,1,0,0.12418688
a11,360,1,1,0.50030994
a11,361,1,0,0.044349197
a11,362,1,0,0.09234373
a11,363,1,0,0.045816135
a11,364,1,0,0.19333538
a11,365,1,0,0.20233898
a11,366,1,0,0.23948872
a11,367,1,0,0.08029329
a11,368,1,0,0.12726219
a11,369,1,0,0.15744624
a11,370,1,0,0.09903994
a11,371,1,0,0.2808182
a11,372,1,1,0.768122
a11,373,1,0,0.14396186
a11,374,1,0,0.08709258
a11,375,1,0,0.33189753
a11,376,1,0,0.09076873
a11,377,1,0,0.14662963
a11,378,1,0,0.09749318
a11,379,1,0,0.26915807
a11,380,1,0,0.1783034
a11,381,1,0,0.1891274
a11,382,1,1,0.6332121
a11,383,1,0,0.15877736
a11,384,1,0,0.24350017
a11,385,1,0,0.13489437
a11,386,1,0,0.090554014
a11,387,1,0,0.3308663
a11,388,1,0,0.1512407
a11,389,1,0,0.3892267
a11,390,1,0,0.032614604
a11,391,1,0,0.20378089
a11,392,1,0,0.12732756
a11,393,1,1,0.56497604
a11,394,1,0,0.33229852
a11,395,1,0,0.20376788
a11,396,1,0,0.08395014
a11,397,1,0,0.15346602
a11,398,1,0,0.2245361
a11,399,1,0,0.06773404
a11,400,1,0,0.34317023
a11,401,1,0,0.32180518
a11,402,1,0,0.25632048
a11,403,1,0,0.41345793
a11,404,1,0,0.4482102
a11,405,1,0,0.16809763
a11,406,1,0,0.14290333
a11,407,1,1,0.6305413
a11,408,1,1,0.5768782
a11,409,1,1,0.5159297
a11,410,1,0,0.05643942
a11,411,1,0,0.22944833
a11,412,1,0,0.008714976
a11,413,1,0,0.03599592
a11,414,1,0,0.012588854
a11,415,1,0,0.006004293
a11,416,1,0,0.0053449767
a11,417,1,0,0.05878256
a11,418,0,0,0.016310984
a11,419,0,0,0.01931878
a11,420,0,0,0.0050372365
a11,421,0,0,0.017110383
a11,422,0,0,0.015822519
a11,423,0,0,0.015359585
a11,424,0,0,0.009250092
a11,425,0,0,0.023241796
a11,426,1,0,0.018405933
a11,427,1,0,0.0043212133
a11,428,1,0,0.0149027435
a11,429,1,0,0.0027531504
a11,430,1,0,0.004411466
a11,431,1,0,0.015158102
a11,432,1,0,0.0053625125
a11,433,1,0,0.025888676
a11,434,1,0,0.025826873
a11,435,1,0,0.011262028
a11,436,1,0,0.005945275
a11,437,1,0,0.021504255
a11,438,1,0,0.01591276
a11,439,1,0,0.011217111
a11,440,1,0,0.008854525
a11,441,1,0,0.005953831
a11,442,1,0,0.00870626
a11,443,1,0,0.0054273373
a11,444,1,0,0.00800307
a11,445,1,0,0.017900731
a11,446,1,0,0.01579535
a11,447,1,0,0.008476915
a11,448,1,0,0.016473057
a11,449,1,0,0.023675587
a11,450,1,0,0.0697382
a11,451,1,0,0.0033610493
a11,452,1,0,0.04751872
a11,453,1,0,0.14848028
a11,454,1,0,0.011166432
a11,455,1,0,0.0042793746
a11,456,1,0,0.011438185
a11,457,1,0,0.014151368
a11,458,1,0,0.0032693103
a11,459,1,0,0.05725152
a11,460,1,0,0.014370964
a11,461,1,0,0.009284995
a11,462,1,0,0.007907991
a11,463,1,0,0.027427226
a11,464,1,0,0.051213324
a11,465,1,0,0.31258464
a12,1,0,0,0.41180468
a12,2,0,0,0.422531
a12,3,0,0,0.20470446
a12,4,0,0,0.024782954
a12,5,0,0,0.39272827
a12,6,0,0,0.32347095
a12,7,0,1,0.54153776
a12,8,0,0,0.4812586
a12,9,0,0,0.35731572
a12,10,0,0,0.4372702
a12,11,0,0,0.2428851
a12,12,0,0,0.16367157
a12,13,0,0,0.1691778
a12,14,0,0,0.12932387
a12,15,0,0,0.285068
a12,16,0,0,0.29660442
a12,17,0,0,0.25596908
a12,18,0,1,0.53788847
a12,19,1,0,0.22628012
a12,20,1,0,0.12333298
a12,21,1,0,0.30360582
a12,22,1,0,0.35789022
a12,23,1,0,0.35071257
a12,24,1,0,0.2722205
a12,25,1,0,0.36833492
a12,26,1,0,0.25247824
a12,27,1,0,0.07949043
a12,28,1,0,0.30884916
a12,29,1,1,0.5064844
a12,30,1,0,0.2661491
a12,31,1,0,0.36348557
a12,32,1,0,0.29051918
a12,33,1,0,0.381482
a12,34,1,0,0.19602929
a12,35,1,0,0.27304405
a12,36,1,0,0.34932584
a12,37,1,0,0.100149184
a12,38,1,0,0.40128118
a12,39,1,1,0.54399985
a12,40,1,0,0.33123198
a12,41,1,0,0.1748297
a12,42,1,0,0.20328328
a12,43,1,0,0.23615651
a12,44,1,0,0.19788185
a12,45,1,0,0.022949966
a12,46,1,0,0.36489898
a12,47,1,0,0.13968574
a12,48,1,0,0.3018035
a12,49,1,0,0.2893559
a12,50,1,0,0.2535042
a12,51,1,0,0.2957315
a12,52,1,0,0.26134288
a12,53,1,1,0.52994376
a12,54,1,0,0.18106006
a12,55,1,1,0.54347724
a12,56,1,0,0.33759946
a12,57,1,0,0.0465309
a12,58,1,0,0.06925455
a12,59,1,1,0.5549463
a12,60,1,0,0.13594794
a12,61,1,0,0.22331081
a12,62,1,1,0.51178426
a12,63,1,0,0.31045663
a12,64,1,1,0.5610298
a12,65,1,0,0.4486188
a12,66,1,0,0.23610386
a12,67,1,0,0.20726016
a12,68,1,0,0.4610697
a12,69,1,0,0.3244641
a12,70,1,0,0.15196738
a12,71,1,1,0.5276859
a12,72,1,0,0.055404842
a12,73,1,0,0.49191484
a12,74,1,1,0.63425153
a12,75,1,0,0.39438617
a12,76,1,0,0.032539666
a12,77,1,0,0.36699343
a12,78,1,1,0.6236569
a12,79,1,0,0.09868777
a12,80,1,1,0.5783833
a12,81,1,0,0.45938244
a12,82,1,0,0.47907692
a12,83,1,0,0.3957798
a12,84,1,0,0.19827269
a12,85,1,0,0.2093633
a12,86,1,0,0.46076176
a12,87,1,1,0.54889053
a12,88,1,0,0.18524656
a12,89,1,0,0.17283563
a12,90,1,0,0.41521
a12,91,1,1,0.72447884
a12,92,1,0,0.3400116
a12,93,1,0,0.3550731
a12,94,1,0,0.33578226
a12,95,1,0,0.34376904
a12,96,1,1,0.53338265
a12,97,1,0,0.38973525
a12,98,1,1,0.6525632
a12,99,1,0,0.47585726
a12,100,1,0,0.18162362
a12,101,1,1,0.5530244
a12,102,1,0,0.46909666
a12,103,1,0,0.3621802
a12,104,1,1,0.65068805
a12,105,1,1,0.69515675
a12,106,1,1,0.6868805
a12,107,1,1,0.6324225
a12,108,1,1,0.6496659
a12,109,1,1,0.583552
a12,110,1,0,0.33395964
a12,111,1,1,0.53137046
a12,112,1,0,0.49326304
a12,113,1,0,0.414753
a12,114,1,0,0.1375374
a12,115,1,0,0.22837056
a12,116,1,1,0.5908838
a12,117,1,1,0.5224938
a12,118,1,0,0.30060208
a12,119,1,0,0.037108414
a12,120,1,1,0.5382486
a12,121,1,0,0.26132184
a12,122,1,0,0.17850852
a12,123,1,0,0.29648563
a12,124,1,0,0.41146916
a12,125,1,0,0.19904411
a12,126,1,0,0.43730688
a12,127,1,0,0.33827686
a12,128,1,0,0.2857997
a12,129,1,0,0.019622115
a12,130,1,0,0.13932629
a12,131,1,0,0.028119707
a12,132,1,0,0.44198647
a12,133,1,0,0.072136186
a12,134,1,0,0.49524066
a12,135,1,0,0.3985087
a12,136,1,0,0.26908228
a12,137,1,0,0.37766492
a12,138,1,0,0.31957975
a12,139,1,0,0.47700176
a12,140,1,0,0.4377314
a12,141,1,0,0.49779272
a12,142,1,1,0.6419936
a12,143,1,1,0.818152
a12,144,1,1,0.5330164
a12,145,1,0,0.3981462
a12,146,1,1,0.646296
a12,147,1,0,0.4511317
a12,148,1,1,0.79752827
a12,149,1,1,0.54112554
a12,150,1,1,0.5036673
a12,151,1,0,0.23757431
a12,152,1,0,0.21007721
a12,153,1,0,0.028503263
a12,154,1,0,0.2727034
a12,155,1,0,0.45584464
a12,156,1,0,0.29811543
a12,157,1,1,0.5641669
a12,158,1,0,0.4645141
a12,159,1,1,0.5981851
a12,160,1,0,0.2506244
a12,161,1,0,0.315102
a12,162,1,0,0.25716487
a12,163,1,1,0.5638368
a12,164,1,1,0.6287275
a12,165,1,1,0.63463986
a12,166,1,0,0.27864358
a12,167,1,0,0.273247
a12,168,1,0,0.35486215
a12,169,1,0,0.35065642
a12,170,1,1,0.58366084
a12,171,1,1,0.65512383
a12,172,1,1,0.6605601
a12,173,1,0,0.473078
a12,174,1,0,0.3177283
a12,175,1,0,0.19725421
a12,176,1,0,0.2953815
a12,177,1,1,0.63631755
a12,178,1,0,0.4994659
a12,179,1,1,0.5939485
a12,180,1,0,0.4076572
a12,181,1,1,0.65914005
a12,182,1,1,0.6652636
a12,183,1,1,0.62625736
a12,184,1,1,0.56312454
a12,185,1,0,0.4497183
a12,186,1,0,0.17048319
a12,187,1,0,0.4837347
a12,188,1,0,0.07042183
a12,189,1,0,0.15408607
a12,190,1,0,0.28570572
a12,191,1,0,0.38929608
a12,192,1,1,0.53966796
a12,193,1,1,0.667924
a12,194,1,1,0.6183512
a12,195,1,0,0.4205006
a12,196,1,0,0.14171444
a12,197,1,0,0.32276136
a12,198,1,0,0.38210842
a12,199,1,0,0.22246021
a12,200,1,0,0.26975298
a12,201,1,0,0.17278893
a12,202,1,1,0.5947193
a12,203,1,0,0.17041211
a12,204,1,1,0.5719289
a12,205,1,0,0.16645932
a12,206,1,0,0.44938752
a12,207,1,1,0.6734197
a12,208,1,1,0.6180096
a12,209,1,1,0.5158898
a12,210,1,1,0.57031256
a12,211,1,1,0.5955937
a12,212,1,1,0.7062995
a12,213,1,1,0.75676274
a12,214,1,1,0.58874804
a12,215,0,0,0.2906869
a12,216,0,0,0.2621212
a12,217,0,0,0.137538
a12,218,0,0,0.32515487
a12,219,0,0,0.2774896
a12,220,0,1,0.6210585
a12,221,0,0,0.2205692
a12,222,0,0,0.3325716
a12,223,1,0,0.43750542
a12,224,1,1,0.6688603
a12,225,1,0,0.37161928
a12,226,1,1,0.5778297
a12,227,1,1,0.6130135
a12,228,1,1,0.61622655
a12,229,1,1,0.54649496
a12,230,1,0,0.36572984
a12,231,1,1,0.6340297
a12,232,1,0,0.4221454
a12,233,1,1,0.66748786
a12,234,1,1,0.60799634
a12,235,1,1,0.62004113
a12,236,1,0,0.3488407
a12,237,1,1,0.5599128
a12,238,1,0,0.4305048
a12,239,1,1,0.54837066
a12,240,1,0,0.49281684
a12,241,1,0,0.48565793
a12,242,1,0,0.45618662
a12,243,1,0,0.39712074
a12,244,1,0,0.23999779
a12,245,1,1,0.53985447
a12,246,1,1,0.585816
a12,247,1,0,0.4981787
a12,248,1,0,0.48801053
a12,249,1,0,0.36222693
a12,250,1,0,0.22182027
a12,251,1,1,0.7309894
a12,252,1,1,0.6289777
a12,253,1,0,0.38371858
a12,254,1,0,0.32345667
a12,255,1,1,0.51743275
a12,256,1,1,0.6521943
a12,257,1,0,0.47176036
a12,258,1,1,0.57567483
a12,259,1,0,0.45548198
a12,260,1,0,0.16833499
a12,261,1,0,0.40805444
a12,262,1,0,0.4969989
a12,263,1,1,0.6192692
a12,264,1,0,0.25697082
a12,265,1,1,0.54029083
a12,266,1,1,0.6193603
a12,267,1,1,0.7014088
a12,268,1,0,0.13076967
a12,269,1,0,0.36879528
a12,270,1,1,0.69651926
a12,271,1,1,0.74496406
a12,272,1,0,0.27974486
a12,273,1,0,0.49897406
a12,274,1,1,0.58319193
a12,275,1,0,0.37349474
a12,276,1,0,0.27388784
a12,277,1,0,0.2268521
a12,278,1,0,0.3970117
a12,279,1,0,0.29828927
a12,280,1,1,0.51812506
a12,281,1,0,0.3763438
a12,282,1,0,0.45975354
a12,283,1,0,0.26007083
a12,284,1,0,0.48729336
a12,285,1,0,0.4500478
a12,286,1,1,0.7492566
a12,287,1,0,0.48799336
a12,288,1,1,0.6146638
a12,289,1,0,0.2575781
a12,290,1,1,0.646089
a12,291,1,0,0.20885001
a12,292,1,0,0.18956184
a12,293,1,0,0.40852568
a12,294,1,0,0.34225485
a12,295,1,0,0.4390642
a12,296,1,1,0.6933306
a12,297,1,0,0.30811295
a12,298,1,0,0.29515785
a12,299,1,0,0.35736907
a12,300,1,1,0.55064565
a12,301,1,1,0.5820443
a12,302,1,1,0.6578699
a12,303,1,0,0.4261733
a12,304,1,1,0.6695646
a12,305,1,0,0.43155178
a12,306,1,1,0.7271789
a12,307,1,0,0.103806876
a12,308,1,0,0.48500648
a12,309,1,0,0.2676461
a12,310,1,0,0.38901457
a12,311,1,1,0.6222991
a12,312,1,1,0.69062966
a12,313,1,1,0.52985245
a12,314,0,0,0.3304033
a12,315,1,1,0.5758967
a12,316,1,0,0.29823646
a12,317,1,1,0.50422657
a12,318,1,1,0.5733248
a12,319,0,0,0.4719644
a12,320,0,0,0.31919387
a12,321,0,0,0.4075774
a12,322,0,1,0.62789696
a12,323,1,1,0.6550014
a12,324,1,1,0.63931704
a12,325,1,1,0.7495137
a12,326,1,1,0.6670254
a12,327,1,0,0.31001574
a12,328,1,1,0.66292334
a12,329,1,0,0.30911425
a12,330,1,1,0.62605363
a12,331,1,1,0.63221204
a12,332,1,1,0.5038284
a12,333,1,1,0.74881905
a12,334,1,0,0.26141116
a12,335,1,1,0.501919
a12,336,1,0,0.49867055
a12,337,1,1,0.6029746
a12,338,1,0,0.3147729
a12,339,1,1,0.5342625
a12,340,1,0,0.4078161
a12,341,1,0,0.41224885
a12,342,1,1,0.56094736
a12,343,1,0,0.18339358
a12,344,1,1,0.73687387
a12,345,1,0,0.47381884
a12,346,1,0,0.45974895
a12,347,1,1,0.5812236
a12,348,1,1,0.5148799
a12,349,1,1,0.52416945
a12,350,1,0,0.34179932
a12,351,1,0,0.31212425
a12,352,1,1,0.8480529
a12,353,1,0,0.30048013
a12,354,1,0,0.3013863
a12,355,1,0,0.2088915
a12,356,1,0,0.2570874
a12,357,1,0,0.29413298
a12,358,1,1,0.6443175
a12,359,1,0,0.1810015
a12,360,1,1,0.7275419
a12,361,1,0,0.46068972
a12,362,1,1,0.5887887
a12,363,1,0,0.4976351
a12,364,1,1,0.53546023
a12,365,1,0,0.4781092
a12,366,1,0,0.4678103
a12,367,1,1,0.5579545
a12,368,1,1,0.51333904
a12,369,1,0,0.4078507
a12,370,1,1,0.60639703
a12,371,1,1,0.63085896
a12,372,1,0,0.49408776
a12,373,1,1,0.6355937
a12,374,1,0,0.39488024
a12,375,1,1,0.54027945
a12,376,1,1,0.66628
a12,377,1,1,0.6095261
a12,378,1,0,0.18307933
a12,379,1,0,0.3131633
a12,380,0,1,0.53862756
a12,381,0,0,0.32739285
a12,382,0,0,0.38722125
a12,383,0,0,0.24855901
a12,384,0,0,0.040148735
a12,385,0,0,0.21627481
a12,386,0,1,0.70476025
a12,387,1,0,0.20601885
a12,388,1,1,0.55798256
a12,389,1,0,0.31810877
a12,390,1,0,0.35553688
a12,391,1,1,0.52609587
a12,392,1,0,0.37909108
a12,393,1,1,0.50590736
a12,394,1,0,0.35520327
a12,395,1,0,0.17077251
a12,396,1,0,0.22667865
a12,397,1,0,0.3643029
a12,398,1,0,0.42226166
a12,399,1,1,0.6375578
a12,400,1,0,0.44025952
a12,401,1,1,0.6232892
a12,402,1,0,0.16895775
a12,403,1,1,0.69831127
a12,404,1,1,0.5003494
a12,405,1,1,0.50257164
a12,406,1,0,0.115031615
a12,407,1,1,0.53185534
a12,408,1,1,0.6081295
a12,409,1,0,0.22730729
a12,410,1,1,0.6420569
a12,411,1,1,0.6383733
a12,412,1,0,0.21778508
a12,413,1,1,0.5341286
a12,414,1,1,0.7485608
a12,415,1,0,0.22730866
a12,416,1,0,0.49276704
a12,417,1,1,0.5450182
a12,418,1,0,0.3910126
a12,419,1,1,0.71140826
a12,420,1,0,0.261437
a12,421,1,0,0.4031094
a12,422,1,0,0.18582994
a12,423,1,0,0.22164127
a12,424,1,0,0.46475857
a12,425,1,0,0.1767342
a12,426,1,0,0.33429086
a12,427,1,1,0.5206009
a12,428,1,0,0.4349965
a12,429,1,1,0.6210332
a12,430,1,1,0.5083201
a12,431,1,0,0.26916632
a12,432,1,0,0.08045483
a12,433,1,1,0.6753322
a12,434,1,1,0.6471415
a12,435,1,0,0.12964094
a12,436,1,0,0.21087582
a12,437,1,1,0.7481064
a12,438,1,0,0.12396139
a12,439,1,1,0.59140867
a12,440,1,1,0.66075736
a12,441,1,1,0.61334085
a12,442,1,1,0.54881763
a12,443,1,1,0.5504364
a12,444,1,0,0.380417
a12,445,1,1,0.6464551
a12,446,1,1,0.50838345
a12,447,1,1,0.5435828
a12,448,1,0,0.086759456
a12,449,1,0,0.36488828
a12,450,1,0,0.3708991
a12,451,1,0,0.06306288
a12,452,1,0,0.06662124
a12,453,1,1,0.53548837
a12,454,1,0,0.32303002
a12,455,1,0,0.16318516
a12,456,1,0,0.23586689
a12,457,1,0,0.27202693
a12,458,1,0,0.03956393
a12,459,1,0,0.038640033
a12,460,1,0,0.35205272
a12,461,1,1,0.58913296
a12,462,1,1,0.71484745
a12,463,1,0,0.25975454
a12,464,1,0,0.4853196
a12,465,1,0,0.14709134
a12,466,1,1,0.6928333
a12,467,1,1,0.5886545
a12,468,1,1,0.59138876
a12,469,1,0,0.18692403
a12,470,1,1,0.6439173
a12,471,1,0,0.20971793
a12,472,1,1,0.6565704
a12,473,1,0,0.29577243
a12,474,1,0,0.378978
a12,475,1,0,0.25656596
a12,476,1,0,0.32703888
a12,477,1,0,0.35584003
a12,478,0,0,0.04650255
a12,479,0,1,0.66547656
a12,480,1,0,0.35208303
a12,481,1,1,0.5176924
a12,482,1,1,0.57361305
a12,483,1,0,0.34548
a12,484,1,1,0.502968
a12,485,1,0,0.35951993
a12,486,0,0,0.37430027
a12,487,0,0,0.4100012
a12,488,1,1,0.56646705
a12,489,1,1,0.62372285
a12,490,1,0,0.48985007
a12,491,1,1,0.70719486
a12,492,1,1,0.696239
a12,493,1,1,0.61392397
a12,494,1,1,0.67684996
a12,495,1,1,0.6697941
a12,496,1,0,0.30043188
a12,497,1,1,0.5990124
a12,498,1,1,0.73240197
a12,499,1,1,0.54950225
a12,500,1,0,0.4999225
a12,501,1,1,0.6274572
a12,502,1,1,0.577412
a12,503,1,0,0.49179107
a12,504,1,0,0.49852982
a12,505,1,0,0.3486414
a12,506,1,1,0.55558693
a12,507,1,0,0.35402447
a12,508,1,1,0.6008944
a12,509,1,1,0.5239408
a12,510,1,0,0.3087982
a12,511,1,1,0.67440045
a12,512,1,1,0.5408821
a12,513,1,0,0.4026357
a12,514,1,1,0.60105205
a12,515,1,0,0.49086028
a12,516,1,1,0.5167197
a12,517,1,0,0.38976517
a12,518,1,1,0.6860911
a12,519,1,1,0.6024897
a12,520,1,1,0.6247184
a12,521,1,0,0.45034602
a12,522,1,1,0.7127889
a12,523,1,0,0.24594998
a12,524,1,0,0.40740258
a12,525,1,1,0.57733035
a12,526,1,0,0.3614986
a12,527,1,0,0.4553118
a12,528,1,0,0.17379417
a12,529,1,1,0.7138022
a12,530,1,1,0.6303177
a12,531,1,0,0.1226224
a12,532,1,1,0.6663397
a12,533,1,0,0.040672716
a12,534,1,0,0.47187272
a12,535,1,0,0.40450656
a12,536,1,1,0.57646304
a12,537,1,1,0.6455606
a12,538,1,0,0.20534119
a12,539,1,1,0.6914018
a12,540,1,1,0.6393313
a12,541,1,0,0.4854227
a12,542,1,0,0.43538725
a12,543,1,1,0.6428541
a12,544,1,1,0.59782964
a12,545,1,0,0.29646248
a12,546,1,1,0.5578086
a12,547,1,1,0.8238195
a12,548,1,1,0.60028964
a12,549,1,0,0.42840776
a12,550,1,0,0.4455267
a12,551,1,1,0.52235687
a12,552,1,1,0.58928347
a12,553,1,0,0.3734303
a12,554,1,0,0.4244808
a12,555,1,0,0.28420284
a12,556,1,1,0.69644815
a12,557,1,0,0.3809757
a12,558,1,1,0.6185759
a12,559,1,0,0.4563797
a12,560,1,0,0.266613
a12,561,1,0,0.3666065
a12,562,1,1,0.60492253
a12,563,1,0,0.42818743
a12,564,1,0,0.30042484
a12,565,1,0,0.46782425
a12,566,1,1,0.5727397
a12,567,1,0,0.4104316
a12,568,1,0,0.37362146
a12,569,1,1,0.70052236
a12,570,1,1,0.6182524
a12,571,1,1,0.5788802
a12,572,1,0,0.31102026
a12,573,1,0,0.45879912
a12,574,1,1,0.6430741
a12,575,1,0,0.40863097
a12,576,1,1,0.6371081
a13,1,0,0,0.41701108
a13,2,0,0,0.15707919
a13,3,0,0,0.065058105
a13,4,0,0,0.060682718
a13,5,0,0,0.017269704
a13,6,0,0,0.02799024
a13,7,0,0,0.05903926
a13,8,0,0,0.05901438
a13,9,0,0,0.10350042
a13,10,0,0,0.063342005
a13,11,0,0,0.09209906
a13,12,0,1,0.62422204
a13,13,0,0,0.041711975
a13,14,0,0,0.13300768
a13,15,0,0,0.020770518
a13,16,0,0,0.079645224
a13,17,0,0,0.019941077
a13,18,0,0,0.03703254
a13,19,0,0,0.075450234
a13,20,0,0,0.020241173
a13,21,0,0,0.044661537
a13,22,0,0,0.032393202
a13,23,0,0,0.037802354
a13,24,0,0,0.04420383
a13,25,0,0,0.10659147
a13,26,0,0,0.07640481
a13,27,0,0,0.09108701
a13,28,0,0,0.055226352
a13,29,0,0,0.09719858
a13,30,0,0,0.2535265
a13,31,0,0,0.076922044
a13,32,0,0,0.09538648
a13,33,0,0,0.036918815
a13,34,0,0,0.47081473
a13,35,0,0,0.08075133
a13,36,0,0,0.13298316
a13,37,1,0,0.26284733
a13,38,1,0,0.4130673
a13,39,1,0,0.38253483
a13,40,1,1,0.8207913
a13,41,1,1,0.826738
a13,42,1,1,0.9093812
a13,43,1,1,0.8017129
a13,44,1,1,0.8474944
a13,45,1,0,0.3407931
a13,46,1,1,0.61163116
a13,47,1,1,0.7154736
a13,48,1,1,0.8379482
a13,49,1,1,0.898439
a13,50,1,1,0.927222
a13,51,1,1,0.93540204
a13,52,1,1,0.7568794
a13,53,1,1,0.89125586
a13,54,1,1,0.6501829
a13,55,1,1,0.71726537
a13,56,1,1,0.5040619
a13,57,1,1,0.8384603
a13,58,1,1,0.56078774
a13,59,1,1,0.5544686
a13,60,1,1,0.7980914
a13,61,1,1,0.70244175
a13,62,1,1,0.79481965
a13,63,1,0,0.120813556
a13,64,1,1,0.6147362
a13,65,1,0,0.41472217
a13,66,0,0,0.0862611
a13,67,0,0,0.13178368
a13,68,0,0,0.048007462
a13,69,0,0,0.104987256
a13,70,1,0,0.110711664
a13,71,1,0,0.24031614
a13,72,1,1,0.5685438
a13,73,1,1,0.5381109
a13,74,0,0,0.3239118
a13,75,0,0,0.18434201
a13,76,0,0,0.12972066
a13,77,0,0,0.21789855
a13,78,0,0,0.081769414
a13,79,0,0,0.09904227
a13,80,0,0,0.10202504
a13,81,0,0,0.086631894
a13,82,0,0,0.10039357
a13,83,0,0,0.082909435
a13,84,0,0,0.10078084
a13,85,0,0,0.13068454
a13,86,0,0,0.064318806
a13,87,0,0,0.092743956
a13,88,0,0,0.08415272
a13,89,0,0,0.08543509
a13,90,0,0,0.055877324
a13,91,0,0,0.08868547
a13,92,0,0,0.07426618
a13,93,0,0,0.12981904
a13,94,0,0,0.07886986
a13,95,0,0,0.091881
a13,96,0,0,0.0799186
a13,97,0,0,0.1124956
a13,98,0,0,0.08099265
a13,99,0,0,0.08855429
a13,100,0,0,0.0800178
a13,101,0,0,0.07026211
a13,102,0,0,0.10678222
a13,103,0,0,0.059151713
a13,104,0,0,0.08128569
a13,105,0,0,0.083419226
a13,106,0,0,0.099069595
a13,107,0,0,0.09902122
a13,108,0,0,0.07899108
a13,109,0,0,0.08539963
a13,110,0,0,0.07958308
a13,111,0,0,0.100800976
a13,112,0,0,0.06911775
a13,113,0,0,0.06275424
a13,114,0,0,0.27768934
a13,115,1,0,0.20719935
a13,116,1,1,0.6023251
a13,117,1,0,0.073008165
a13,118,1,1,0.52944875
a13,119,0,1,0.5233789
a13,120,0,0,0.23760507
a13,121,0,0,0.13437769
a13,122,0,0,0.09886418
a13,123,0,0,0.10714228
a13,124,0,0,0.079223976
a13,125,0,0,0.07255648
a13,126,0,0,0.046734527
a13,127,0,0,0.075420104
a13,128,0,0,0.07584274
a13,129,0,0,0.036001027
a13,130,0,0,0.07906646
a13,131,0,0,0.04460233
a13,132,0,0,0.07159481
a13,133,0,0,0.07105972
a13,134,0,0,0.067812234
a13,135,0,0,0.046572737
a13,136,0,0,0.10449646
a13,137,0,0,0.045496754
a13,138,0,0,0.08049226
a13,139,0,0,0.12520441
a13,140,0,0,0.05167809
a13,141,0,0,0.051057965
a13,142,0,0,0.04118375
a13,143,0,0,0.07913305
a13,144,0,0,0.073166564
a13,145,0,0,0.06538388
a13,146,0,0,0.10044442
a13,147,0,0,0.121908985
a13,148,0,0,0.097177505
a13,149,0,0,0.058855426
a13,150,0,0,0.13256428
a13,151,1,0,0.4188102
a13,152,1,1,0.87665385
a13,153,1,0,0.19378303
a13,154,1,1,0.6048521
a13,155,1,1,0.79055834
a13,156,0,0,0.08736069
a13,157,0,0,0.05887886
a13,158,0,0,0.026979607
a13,159,0,0,0.02126593
a13,160,0,0,0.014042241
a13,161,0,0,0.05462328
a13,162,0,0,0.050360225
a13,163,0,0,0.009957588
a13,164,0,0,0.06414997
a13,165,1,0,0.061148345
a13,166,0,0,0.013993609
a13,167,0,0,0.050980162
a13,168,1,0,0.029836962
a13,169,0,0,0.11368486
a13,170,0,0,0.04825443
a13,171,0,0,0.3542906
a13,172,1,0,0.086285725
a13,173,0,0,0.07877742
a13,174,0,1,0.7134863
a13,175,1,0,0.34480178
a13,176,1,0,0.28560114
a13,177,1,0,0.32246354
a13,178,1,1,0.6745135
a13,179,1,1,0.9019771
a13,180,1,1,0.82820547
a13,181,1,1,0.93813634
a13,182,1,1,0.8344482
a13,183,1,1,0.92452425
a13,184,1,1,0.7012663
a13,185,1,1,0.8246967
a13,186,1,1,0.85307133
a13,187,1,1,0.6510856
a13,188,1,0,0.21891412
a13,189,1,0,0.16442756
a13,190,1,1,0.9048132
a13,191,1,0,0.4297669
a13,192,1,1,0.64535004
a13,193,1,1,0.7701254
a13,194,1,1,0.89903605
a13,195,1,1,0.7430997
a13,196,1,1,0.82761663
a13,197,1,1,0.88637364
a13,198,1,1,0.62798965
a13,199,1,0,0.44817567
a13,200,1,1,0.89004683
a13,201,1,0,0.21170732
a13,202,0,0,0.18543507
a13,203,0,1,0.5040551
a13,204,0,1,0.61936724
a13,205,1,1,0.609742
a13,206,1,1,0.7895531
a13,207,1,0,0.39464548
a13,208,1,1,0.7426724
a13,209,1,1,0.749091
a13,210,1,1,0.81543124
a13,211,1,1,0.7221786
a13,212,1,1,0.7981763
a13,213,1,1,0.5656733
a13,214,1,1,0.777422
a13,215,1,0,0.04074855
a13,216,0,0,0.15057527
a13,217,0,1,0.7008473
a13,218,1,1,0.62940776
a13,219,1,1,0.8270727
a13,220,1,1,0.8263954
a13,221,1,1,0.6193027
a13,222,1,0,0.30962983
a13,223,1,1,0.79550266
a13,224,0,0,0.05981086
a13,225,1,0,0.16830206
a13,226,0,0,0.12227853
a13,227,0,0,0.11993728
a13,228,0,0,0.1255065
a13,229,0,0,0.042232357
a13,230,0,0,0.48540094
a13,231,0,0,0.05083694
a13,232,0,0,0.038683604
a13,233,0,0,0.056337994
a13,234,0,0,0.10403291
a13,235,0,0,0.044149335
a13,236,1,0,0.2382028
a13,237,1,0,0.12656209
a13,238,1,1,0.6048895
a13,239,1,1,0.5227243
a13,240,1,0,0.14262632
a13,241,1,0,0.2831381
a13,242,1,0,0.14587325
a13,243,0,0,0.07789204
a13,244,0,0,0.04291799
a13,245,0,0,0.070863046
a13,246,0,0,0.06585532
a13,247,0,0,0.061926797
a13,248,0,0,0.18606406
a13,249,0,0,0.09253079
a13,250,1,1,0.8327561
a13,251,1,0,0.14531289
a13,252,1,0,0.41468585
a13,253,1,1,0.91445553
a13,254,1,1,0.7578741
a13,255,1,1,0.55194294
a13,256,1,1,0.8070686
a13,257,1,1,0.62075835
a13,258,1,1,0.7485038
a13,259,1,1,0.59650946
a13,260,1,0,0.42149436
a13,261,0,0,0.044648062
a13,262,0,0,0.027455762
a13,263,0,0,0.392715
a13,264,0,0,0.14122994
a13,265,0,1,0.7488458
a13,266,0,1,0.7952738
a13,267,0,0,0.35610822
a13,268,0,1,0.9505605
a13,269,1,1,0.80445725
a13,270,1,1,0.7445219
a13,271,1,1,0.6725977
a13,272,1,1,0.80629885
a13,273,1,1,0.6218946
a13,274,1,1,0.947859
a13,275,1,1,0.9283294
a13,276,1,1,0.89575917
a13,277,1,1,0.90395147
a13,278,1,1,0.8787336
a13,279,1,1,0.6104073
a13,280,1,1,0.71277964
a13,281,1,1,0.60951227
a13,282,1,0,0.43402705
a13,283,1,1,0.6895613
a13,284,1,1,0.9624856
a13,285,1,1,0.6721802
a13,286,1,0,0.3913716
a13,287,1,1,0.72527933
a13,288,1,0,0.07112507
a13,289,0,1,0.7979285
a13,290,1,1,0.59189826
a13,291,1,0,0.28455675
a13,292,1,0,0.32725632
a13,293,1,1,0.5006781
a13,294,1,0,0.35183707
a13,295,1,0,0.30499268
a13,296,1,0,0.17471698
a13,297,0,0,0.066496186
a13,298,0,0,0.029601876
a13,299,0,0,0.0074938866
a13,300,0,0,0.018473795
a13,301,0,0,0.02577576
a13,302,0,0,0.04894781
a13,303,0,0,0.009280224
a13,304,0,0,0.0044986745
a13,305,0,0,0.005909178
a13,306,0,0,0.026210578
a13,307,0,0,0.014686339
a13,308,0,0,0.02414349
a13,309,0,0,0.007622895
a13,310,0,0,0.022466587
a13,311,0,0,0.37352413
a13,312,0,0,0.03491523
a13,313,0,0,0.038016167
a13,314,0,0,0.0104218
a13,315,0,0,0.025405357
a13,316,0,0,0.007890372
a13,317,0,0,0.059115175
a13,318,0,0,0.0056977835
a13,319,0,0,0.0074656596
a13,320,0,0,0.004144047
a13,321,0,0,0.013757704
a13,322,0,0,0.006704546
a13,323,0,0,0.004187631
a13,324,0,0,0.053899907
a13,325,0,1,0.6292033
a13,326,1,0,0.20271851
a13,327,1,1,0.9454193
a13,328,1,1,0.5545559
a13,329,1,1,0.88980424
a13,330,1,0,0.18952948
a13,331,1,1,0.54244006
a13,332,1,1,0.8097865
a13,333,1,0,0.26124415
a13,334,1,1,0.76350033
a13,335,1,1,0.95387787
a13,336,1,0,0.42501497
a13,337,1,0,0.2708367
a13,338,1,1,0.9166903
a13,339,1,1,0.74423337
a13,340,1,1,0.85470295
a13,341,1,1,0.8241805
a13,342,1,1,0.5488627
a13,343,1,1,0.78071845
a13,344,1,1,0.7381913
a13,345,1,1,0.92325395
a13,346,1,1,0.73412
a13,347,1,1,0.7182522
a13,348,1,1,0.83314615
a13,349,1,1,0.8169607
a13,350,1,1,0.7190602
a13,351,1,1,0.9003053
a13,352,1,1,0.7152901
a13,353,1,1,0.89631426
a13,354,1,1,0.8739367
a13,355,1,1,0.8780453
a13,356,1,1,0.7774653
a13,357,1,1,0.860525
a13,358,1,1,0.96291775
a13,359,1,1,0.7326474
a13,360,1,1,0.93265224
a13,361,1,1,0.87531066
a13,362,1,1,0.9500587
a13,363,1,1,0.79410845
a13,364,1,1,0.95606697
a13,365,1,1,0.52754533
a13,366,1,1,0.88989633
a13,367,1,1,0.97589445
a13,368,1,1,0.7808478
a13,369,1,1,0.9240209
a13,370,1,1,0.91016406
a13,371,1,1,0.88574064
a13,372,1,1,0.8389666
a13,373,1,1,0.6272154
a13,374,1,1,0.7964524
a13,375,1,1,0.71527976
a13,376,1,0,0.20279333
a13,377,1,1,0.5582171
a13,378,1,0,0.46232766
a13,379,1,0,0.26615235
a13,380,1,1,0.6962087
a13,381,1,0,0.3949622
a13,382,1,0,0.47062552
a13,383,1,0,0.3370959
a13,384,1,1,0.72584033
a13,385,1,1,0.7419966
a13,386,1,0,0.34594676
a13,387,1,1,0.65603477
a13,388,1,0,0.33860075
a13,389,1,1,0.87425536
a13,390,1,1,0.56263417
a13,391,1,1,0.9060589
a13,392,1,1,0.715301
a13,393,1,1,0.80737776
a13,394,1,1,0.7000689
a13,395,1,1,0.60481423
a13,396,1,1,0.7996423
a13,397,1,1,0.6834133
a13,398,1,0,0.27518013
a13,399,1,0,0.38192984
a13,400,1,0,0.21594764
a13,401,1,0,0.10214224
a13,402,0,0,0.051228575
a13,403,1,1,0.93627286
a13,404,1,0,0.24937989
a13,405,1,0,0.20825861
a13,406,1,0,0.4588229
a13,407,0,0,0.12810102
a13,408,0,0,0.037079394
a13,409,0,0,0.0073138378
a13,410,0,0,0.023281317
a13,411,0,0,0.017723752
a13,412,0,0,0.04997551
a13,413,0,0,0.0067852964
a13,414,0,0,0.017046612
a13,415,0,0,0.010938116
a13,416,0,0,0.010268868
a13,417,0,0,0.009468458
a13,418,0,0,0.014010832
a13,419,0,0,0.009319161
a13,420,0,0,0.014180849
a13,421,0,0,0.008108467
a13,422,0,0,0.008487498
a13,423,0,0,0.1456582
a13,424,0,0,0.05368796
a13,425,1,0,0.49164486
a13,426,1,0,0.28817806
a13,427,1,1,0.6209144
a13,428,1,1,0.63171095
a13,429,1,0,0.34385303
a13,430,1,1,0.75739604
a13,431,1,0,0.27303866
a13,432,1,1,0.7315416
a13,433,1,0,0.1578728
a13,434,1,1,0.82020605
a13,435,1,1,0.5453057
a13,436,1,0,0.3245991
a13,437,1,0,0.18446627
a13,438,1,0,0.25238493
a13,439,1,0,0.33219105
a13,440,1,0,0.0795217
a13,441,1,0,0.29813093
a13,442,1,1,0.56828284
a13,443,1,0,0.3440395
a13,444,1,1,0.73755544
a13,445,0,0,0.09071246
a13,446,0,0,0.17182346
a13,447,0,0,0.08257769
a13,448,0,0,0.1000227
a13,449,0,0,0.2982765
a13,450,0,0,0.46213326
a13,451,0,0,0.4119409
a13,452,0,0,0.21049267
a13,453,0,0,0.11994876
a13,454,0,0,0.18761252
a13,455,0,0,0.22803757
a13,456,0,0,0.15794055
a13,457,0,0,0.11125933
a13,458,0,0,0.10349414
a13,459,0,0,0.08550075
a13,460,0,0,0.20963806
a13,461,0,0,0.21386744
a13,462,0,0,0.3119489
a13,463,0,0,0.07120538
a13,464,0,0,0.058727376
a13,465,0,0,0.11219911
a13,466,0,0,0.06663672
a13,467,0,0,0.15857619
a13,468,0,0,0.07883085
a13,469,0,0,0.106213845
a13,470,0,0,0.09001623
a13,471,0,0,0.07657892
a13,472,0,0,0.15987073
a13,473,0,0,0.08528051
a13,474,0,0,0.11572961
a13,475,0,0,0.11707833
a13,476,0,0,0.14053136
a13,477,0,0,0.14381
a13,478,0,0,0.14559916
a13,479,0,0,0.12576786
a13,480,0,0,0.10428827
a13,481,0,0,0.030101307
a13,482,0,0,0.008749068
a13,483,0,0,0.086041056
a13,484,0,0,0.0361034
a13,485,1,0,0.083199784
a13,486,0,0,0.08083254
a13,487,1,0,0.061252292
a13,488,1,0,0.030595198
a13,489,1,0,0.25726634
a13,490,1,0,0.21377276
a13,491,1,0,0.47579375
a13,492,1,1,0.61509305
a13,493,1,0,0.16211383
a13,494,1,0,0.0077969315
a14,1,0,0,0.20224531
a14,2,0,0,0.060596645
a14,3,0,0,0.1629154
a14,4,0,0,0.05625478
a14,5,0,0,0.3034213
a14,6,0,0,0.12387802
a14,7,0,0,0.1385548
a14,8,0,0,0.04592645
a14,9,0,1,0.60921925
a14,10,0,0,0.018535055
a14,11,0,1,0.5851208
a14,12,0,1,0.53001213
a14,13,0,1,0.6291809
a14,14,0,0,0.16888721
a14,15,1,0,0.23236564
a14,16,1,1,0.66268605
a14,17,1,1,0.5394399
a14,18,1,1,0.9073668
a14,19,1,1,0.567068
a14,20,1,1,0.9896152
a14,21,1,1,0.96351874
a14,22,1,0,0.17004572
a14,23,1,0,0.38357118
a14,24,1,1,0.91692126
a14,25,1,1,0.8419237
a14,26,1,1,0.6477078
a14,27,1,0,0.4888497
a14,28,1,0,0.22412187
a14,29,1,1,0.6910672
a14,30,1,1,0.9525101
a14,31,1,1,0.9337686
a14,32,1,1,0.6366301
a14,33,1,1,0.8906919
a14,34,1,1,0.88220876
a14,35,1,1,0.7811844
a14,36,1,1,0.96305865
a14,37,1,1,0.80556524
a14,38,1,1,0.8920079
a14,39,1,1,0.9308721
a14,40,1,1,0.98560834
a14,41,1,1,0.96896195
a14,42,1,1,0.84534764
a14,43,1,1,0.9757993
a14,44,1,1,0.96575266
a14,45,1,1,0.86410713
a14,46,1,1,0.88453025
a14,47,1,1,0.84651387
a14,48,1,1,0.9184118
a14,49,1,1,0.72400755
a14,50,1,1,0.9689315
a14,51,1,1,0.80381274
a14,52,1,1,0.9491773
a14,53,1,1,0.9695309
a14,54,1,1,0.9055121
a14,55,1,1,0.98622024
a14,56,1,1,0.93928313
a14,57,1,1,0.9427053
a14,58,1,1,0.86647713
a14,59,1,0,0.31498605
a14,60,1,1,0.9406491
a14,61,1,1,0.83738106
a14,62,1,1,0.7609317
a14,63,1,1,0.9348332
a14,64,1,1,0.96394813
a14,65,1,1,0.85014373
a14,66,1,1,0.89163476
a14,67,1,0,0.43101913
a14,68,1,1,0.88085747
a14,69,1,1,0.91840595
a14,70,1,0,0.31492373
a14,71,1,1,0.89992416
a14,72,1,0,0.37032285
a14,73,1,1,0.9268711
a14,74,1,1,0.9543481
a14,75,1,1,0.87751013
a14,76,1,1,0.73094445
a14,77,1,1,0.9695635
a14,78,1,1,0.897043
a14,79,1,1,0.8024665
a14,80,1,1,0.9502791
a14,81,1,1,0.89162683
a14,82,1,1,0.9768569
a14,83,1,1,0.9639568
a14,84,1,0,0.18453996
a14,85,1,1,0.96029544
a14,86,1,1,0.9691124
a14,87,1,1,0.7574796
a14,88,1,1,0.9879225
a14,89,1,1,0.5531752
a14,90,1,0,0.4032338
a14,91,1,0,0.08297851
a14,92,1,1,0.96758604
a14,93,1,1,0.86589473
a14,94,1,1,0.95438486
a14,95,1,1,0.89946526
a14,96,1,0,0.14026403
a14,97,1,0,0.08576821
a14,98,1,1,0.61529756
a14,99,1,1,0.947326
a14,100,1,1,0.9583342
a14,101,1,1,0.9179286
a14,102,1,1,0.988901
a14,103,1,1,0.6868634
a14,104,1,1,0.6350487
a14,105,0,1,0.7096056
a14,106,0,1,0.59407395
a14,107,1,0,0.31052452
a14,108,1,1,0.61371243
a14,109,1,1,0.86898583
a14,110,1,1,0.8226249
a14,111,1,1,0.6953306
a14,112,1,1,0.94316834
a14,113,1,1,0.98359066
a14,114,1,1,0.9835985
a14,115,1,1,0.7906412
a14,116,1,1,0.7471628
a14,117,1,1,0.9255018
a14,118,1,1,0.7548762
a14,119,1,0,0.4730774
a14,120,1,1,0.99438715
a14,121,1,1,0.846957
a14,122,1,1,0.97323406
a14,123,1,1,0.97519284
a14,124,1,1,0.8938463
a14,125,1,1,0.9455235
a14,126,1,1,0.8444459
a14,127,1,1,0.9747132
a14,128,1,1,0.94931257
a14,129,1,1,0.8907994
a14,130,1,1,0.9366325
a14,131,1,1,0.98588085
a14,132,1,1,0.9933022
a14,133,1,1,0.9488055
a14,134,1,1,0.9844603
a14,135,1,1,0.94322675
a14,136,1,1,0.9784047
a14,137,1,1,0.9877999
a14,138,1,1,0.9904841
a14,139,1,1,0.97514266
a14,140,1,1,0.9856572
a14,141,1,1,0.88511676
a14,142,1,1,0.9794151
a14,143,1,1,0.9164376
a14,144,1,1,0.9969537
a14,145,1,1,0.9664583
a14,146,1,1,0.9930854
a14,147,1,1,0.9678843
a14,148,1,1,0.9695248
a14,149,1,1,0.9891378
a14,150,1,1,0.99453825
a14,151,1,1,0.9393196
a14,152,1,1,0.9846919
a14,153,1,1,0.9855365
a14,154,1,1,0.98289675
a14,155,1,1,0.9924291
a14,156,1,1,0.9895893
a14,157,1,1,0.95896184
a14,158,1,1,0.99346465
a14,159,1,1,0.95910263
a14,160,1,1,0.9413029
a14,161,1,1,0.9622881
a14,162,1,1,0.99597424
a14,163,1,1,0.9254431
a14,164,1,1,0.94863313
a14,165,1,1,0.97402054
a14,166,1,1,0.7785686
a14,167,1,1,0.9964832
a14,168,1,1,0.99024254
a14,169,1,1,0.992423
a14,170,1,1,0.9899449
a14,171,1,1,0.95848054
a14,172,1,1,0.9876272
a14,173,1,1,0.9877439
a14,174,1,1,0.98738015
a14,175,1,1,0.9911696
a14,176,1,1,0.9839881
a14,177,1,1,0.9943036
a14,178,1,1,0.98677003
a14,179,1,1,0.9811979
a14,180,1,1,0.98921275
a14,181,1,1,0.97491735
a14,182,1,1,0.984453
a14,183,1,1,0.96531636
a14,184,1,1,0.99232846
a14,185,1,1,0.9658148
a14,186,1,1,0.9944208
a14,187,1,1,0.9319756
a14,188,1,1,0.99463516
a14,189,1,1,0.98280245
a14,190,1,1,0.9865404
a14,191,1,1,0.9907925
a14,192,1,1,0.9669676
a14,193,1,1,0.9897832
a14,194,1,1,0.96268845
a14,195,1,1,0.99246323
a14,196,1,1,0.923665
a14,197,1,1,0.9025937
a14,198,1,1,0.9875951
a14,199,1,1,0.85352385
a14,200,1,1,0.912203
a14,201,1,1,0.8798693
a14,202,1,1,0.8390378
a14,203,1,1,0.98514277
a14,204,1,1,0.9189592
a14,205,1,1,0.84951127
a14,206,1,1,0.9850793
a14,207,1,1,0.9874572
a14,208,1,1,0.92852235
a14,209,1,1,0.76704794
a14,210,1,1,0.8817512
a14,211,1,1,0.762667
a14,212,1,1,0.61959475
a14,213,1,0,0.10801568
a14,214,1,1,0.7287493
a14,215,1,1,0.957623
a14,216,1,1,0.92521757
a14,217,1,1,0.98222864
a14,218,1,1,0.983871
a14,219,1,1,0.73654836
a14,220,1,1,0.6219476
a14,221,1,1,0.8638229
a14,222,1,0,0.048209522
a14,223,1,1,0.67942345
a14,224,1,1,0.9905344
a14,225,1,1,0.94292206
a14,226,1,1,0.9746302
a14,227,1,1,0.9014916
a14,228,1,1,0.9371337
a14,229,1,1,0.9228474
a14,230,1,1,0.9731905
a14,231,1,1,0.9880112
a14,232,1,1,0.9852195
a14,233,1,1,0.878837
a14,234,1,1,0.8372471
a14,235,1,1,0.9912758
a14,236,1,1,0.98914206
a14,237,1,1,0.9894978
a14,238,1,1,0.80353767
a14,239,1,1,0.9901265
a14,240,1,1,0.984101
a14,241,1,1,0.99085325
a14,242,1,1,0.9883774
a14,243,1,1,0.95828474
a14,244,1,1,0.9688731
a14,245,1,1,0.99323
a14,246,1,1,0.9621402
a14,247,1,1,0.9899871
a14,248,1,1,0.9521448
a14,249,1,1,0.9747618
a14,250,1,1,0.9040554
a14,251,1,1,0.98227835
a14,252,1,1,0.9925403
a14,253,1,1,0.97698236
a14,254,1,1,0.74045783
a14,255,1,1,0.98039937
a14,256,1,1,0.93644804
a14,257,1,1,0.9555137
a14,258,1,1,0.9910691
a14,259,1,1,0.9817139
a14,260,1,1,0.9854393
a14,261,1,1,0.9826701
a14,262,1,1,0.99103993
a14,263,1,1,0.99167484
a14,264,1,1,0.95184076
a14,265,1,1,0.9864839
a14,266,1,1,0.85634077
a14,267,1,1,0.9770319
a14,268,1,1,0.9786244
a14,269,1,1,0.99510217
a14,270,1,1,0.9833778
a14,271,1,1,0.988816
a14,272,1,1,0.98060465
a14,273,1,1,0.84824055
a14,274,1,1,0.9953772
a14,275,1,1,0.99328965
a14,276,1,1,0.8980754
a14,277,1,1,0.97073686
a14,278,1,1,0.9749076
a14,279,1,1,0.9636861
a14,280,1,1,0.98469603
a14,281,1,1,0.5247765
a14,282,1,1,0.82780164
a14,283,1,1,0.7486692
a14,284,1,1,0.98315954
a14,285,1,1,0.94415146
a14,286,1,1,0.917907
a14,287,1,1,0.97986335
a14,288,1,1,0.9725647
a14,289,1,1,0.98232746
a14,290,1,1,0.983678
a14,291,1,1,0.9676155
a14,292,1,1,0.9950724
a14,293,1,1,0.9789773
a14,294,1,1,0.98299396
a14,295,1,1,0.9299849
a14,296,1,1,0.94281524
a14,297,1,1,0.994592
a14,298,1,1,0.99424595
a14,299,1,1,0.90859085
a14,300,1,1,0.9852437
a14,301,1,1,0.946125
a14,302,1,1,0.99255824
a14,303,1,1,0.9919642
a14,304,1,1,0.97398245
a14,305,1,1,0.936523
a14,306,1,1,0.9867736
a14,307,1,1,0.9881788
a14,308,1,1,0.59554917
a14,309,1,1,0.9893561
a14,310,1,1,0.99055356
a14,311,1,1,0.9848423
a14,312,1,1,0.8998786
a14,313,1,1,0.91929245
a14,314,1,1,0.9649758
a14,315,1,1,0.7939466
a14,316,1,1,0.9929512
a14,317,1,1,0.9564259
a14,318,1,1,0.9946696
a14,319,1,1,0.8679388
a14,320,1,1,0.74668545
a14,321,1,1,0.65585005
a14,322,1,1,0.6233328
a14,323,1,0,0.06382007
a14,324,1,1,0.7988701
a14,325,1,1,0.9649746
a14,326,1,1,0.9111187
a14,327,1,1,0.9810394
a14,328,1,1,0.9557131
a14,329,1,1,0.5679073
a14,330,0,0,0.09663151
a14,331,0,0,0.011749372
a14,332,0,0,0.03197252
a14,333,0,0,0.34927645
a14,334,0,0,0.07494409
a14,335,0,0,0.19388612
a14,336,0,1,0.6939645
a14,337,0,1,0.55367166
a14,338,0,0,0.1359999
a14,339,0,1,0.6113233
a14,340,0,1,0.69085526
a14,341,0,0,0.46777463
a14,342,0,1,0.51058483
a14,343,0,1,0.70449746
a14,344,0,1,0.5206937
a14,345,0,1,0.61501986
a14,346,0,1,0.753642
a14,347,0,1,0.71574616
a14,348,0,1,0.967849
a14,349,0,1,0.93003315
a14,350,0,1,0.63373446
a14,351,0,0,0.3618442
a14,352,0,1,0.95527273
a14,353,0,0,0.06634431
a14,354,0,0,0.15921208
a14,355,0,0,0.2381262
a14,356,0,0,0.021444594
a14,357,0,0,0.118024364
a14,358,0,0,0.20777473
a14,359,0,1,0.9262044
a14,360,0,1,0.6328289
a14,361,0,0,0.32084697
a14,362,0,0,0.28993353
a14,363,0,1,0.8699582
a14,364,0,0,0.4729149
a14,365,0,0,0.038215607
a14,366,0,1,0.7862961
a14,367,1,1,0.81430393
a14,368,1,1,0.94261765
a14,369,1,1,0.6009338
a14,370,1,0,0.31192753
a14,371,0,1,0.654278
a14,372,0,0,0.32685873
a14,373,0,1,0.7836364
a14,374,1,0,0.19626303
a14,375,1,1,0.69925237
a14,376,1,1,0.9510649
a14,377,1,1,0.9131897
a14,378,1,0,0.34061104
a14,379,0,0,0.023828777
a14,380,0,1,0.50787807
a14,381,1,0,0.4660783
a14,382,1,1,0.9734687
a14,383,1,1,0.88799113
a14,384,1,1,0.5768364
a14,385,1,1,0.9314532
a14,386,1,1,0.93462604
a14,387,1,0,0.49621442
a14,388,1,1,0.9299145
a14,389,1,1,0.8775561
a14,390,1,1,0.9602553
a14,391,1,1,0.869017
a14,392,1,1,0.9644121
a14,393,1,1,0.94795465
a14,394,1,1,0.50717777
a14,395,0,1,0.86589724
a14,396,0,1,0.9055858
a14,397,0,1,0.9423905
a14,398,0,1,0.9572132
a14,399,0,1,0.94246906
a14,400,0,1,0.94851094
a14,401,0,1,0.94957983
a14,402,0,1,0.9918727
a14,403,0,1,0.88865423
a14,404,0,1,0.9045538
a14,405,0,1,0.98924994
a14,406,0,1,0.9133261
a14,407,0,1,0.99221236
a14,408,0,1,0.9430894
a14,409,0,1,0.99452597
a14,410,0,1,0.9558372
a14,411,0,1,0.9934214
a14,412,0,1,0.9803622
a14,413,1,1,0.9639951
a14,414,1,1,0.9481903
a14,415,1,1,0.99736834
a14,416,1,1,0.7797545
a14,417,1,1,0.993789
a14,418,1,1,0.9841145
a14,419,1,1,0.6522892
a14,420,0,1,0.9699247
a14,421,0,1,0.971171
a14,422,0,1,0.88469136
a14,423,0,1,0.9670902
a14,424,0,1,0.9341148
a14,425,0,1,0.9866042
a14,426,0,1,0.8552913
a14,427,0,1,0.9374833
a14,428,0,1,0.99158716
a14,429,1,1,0.97138566
a14,430,1,1,0.9115094
a14,431,1,1,0.9846942
a14,432,1,1,0.9844334
a14,433,1,1,0.9701377
a14,434,1,1,0.9325161
a14,435,1,1,0.9894559
a14,436,1,1,0.97822475
a14,437,1,1,0.9575825
a14,438,1,1,0.96816015
a14,439,1,1,0.9712667
a14,440,1,1,0.6903127
a14,441,1,1,0.95177794
a14,442,1,1,0.8224418
a14,443,1,1,0.6638081
a14,444,1,1,0.9769795
a14,445,1,1,0.71998394
a14,446,1,1,0.87390566
a14,447,1,1,0.9446156
a14,448,1,0,0.048939418
a14,449,0,1,0.56222296
a14,450,0,1,0.74131304
a14,451,0,1,0.9827235
a14,452,1,1,0.5839891
a14,453,1,1,0.9737883
a14,454,1,1,0.92969763
a14,455,1,0,0.19984357
a14,456,1,1,0.90375334
a14,457,1,1,0.88585186
a14,458,1,1,0.93819934
a14,459,1,1,0.9762116
a14,460,1,1,0.9891044
a14,461,1,1,0.87040246
a14,462,1,1,0.9861412
a14,463,1,1,0.91664
a14,464,1,1,0.7057171
a14,465,1,1,0.851189
a14,466,1,0,0.06524385
a14,467,1,0,0.32784268
a14,468,1,1,0.8436162
a14,469,1,1,0.7345293
a14,470,1,1,0.8638056
a14,471,1,1,0.7352599
a14,472,0,1,0.8619316
a14,473,0,0,0.44406828
a14,474,0,0,0.09179691
a14,475,0,1,0.84328645
a14,476,0,1,0.61495364
a14,477,0,0,0.4670789
a14,478,0,0,0.34955406
a14,479,0,0,0.11783751
a14,480,0,1,0.62489843
a14,481,0,0,0.08947189
a14,482,0,1,0.86033916
a14,483,0,0,0.4877868
a14,484,0,0,0.2371398
a14,485,0,1,0.7654969
a14,486,0,1,0.5599361
a14,487,0,1,0.6235627
a14,488,0,1,0.90311587
a14,489,0,1,0.80097735
a14,490,0,1,0.95137584
a14,491,0,1,0.7982458
a14,492,0,1,0.90587294
a14,493,0,1,0.8456746
a14,494,0,0,0.21405989
a14,495,0,0,0.4880446
a14,496,0,0,0.32410085
a14,497,0,0,0.18898582
a14,498,0,0,0.29199952
a14,499,0,0,0.36128563
a14,500,0,1,0.56031924
a14,501,0,0,0.096295826
a14,502,0,0,0.08701823
a14,503,0,1,0.5512204
a14,504,0,0,0.3306194
a14,505,0,0,0.4780642
a14,506,0,0,0.17193668
a14,507,0,0,0.16746587
a14,508,0,0,0.24802305
a15,1,0,1,0.8369993
a15,2,0,0,0.35745
a15,3,0,1,0.69644135
a15,4,0,1,0.5888993
a15,5,0,1,0.9780701
a15,6,0,1,0.79062015
a15,7,0,0,0.10015995
a15,8,0,1,0.7043642
a15,9,0,0,0.15052147
a15,10,0,1,0.7292011
a15,11,0,0,0.24318883
a15,12,0,1,0.5755362
a15,13,0,0,0.4389369
a15,14,0,1,0.96188414
a15,15,0,0,0.14578408
a15,16,0,1,0.87719345
a15,17,0,0,0.24200018
a15,18,0,0,0.19703794
a15,19,0,0,0.29709235
a15,20,0,1,0.54502887
a15,21,0,1,0.8809723
a15,22,0,1,0.70464474
a15,23,0,0,0.24264167
a15,24,0,0,0.19276756
a15,25,0,0,0.1187536
a15,26,0,0,0.28344798
a15,27,0,1,0.60533714
a15,28,0,1,0.915749
a15,29,0,1,0.9424715
a15,30,0,1,0.95464164
a15,31,1,1,0.8796778
a15,32,1,1,0.9301523
a15,33,1,1,0.9656074
a15,34,1,1,0.92744607
a15,35,1,1,0.96150315
a15,36,1,1,0.9566563
a15,37,1,1,0.9709796
a15,38,1,1,0.9693439
a15,39,1,1,0.96918744
a15,40,1,1,0.9430721
a15,41,1,1,0.91945267
a15,42,1,1,0.89777833
a15,43,1,1,0.78306806
a15,44,1,1,0.9047867
a15,45,1,1,0.9651209
a15,46,1,1,0.93563783
a15,47,1,1,0.9651188
a15,48,1,1,0.9561784
a15,49,1,1,0.9602086
a15,50,1,1,0.95428413
a15,51,1,1,0.5126582
a15,52,1,1,0.93097955
a15,53,0,1,0.74556416
a15,54,0,0,0.17284955
a15,55,0,1,0.6868298
a15,56,1,1,0.9530279
a15,57,1,0,0.32006815
a15,58,1,0,0.1588763
a15,59,1,1,0.93572605
a15,60,1,1,0.89129174
a15,61,1,0,0.075010434
a15,62,1,1,0.9307429
a15,63,1,0,0.194765
a15,64,1,1,0.94339895
a15,65,1,0,0.46929938
a15,66,1,1,0.92741543
a15,67,1,0,0.36040735
a15,68,1,1,0.9658433
a15,69,1,1,0.9461668
a15,70,1,1,0.97340727
a15,71,1,1,0.6266906
a15,72,0,0,0.19424346
a15,73,0,1,0.7794016
a15,74,0,0,0.10113907
a15,75,0,0,0.25631288
a15,76,0,1,0.74511325
a15,77,0,0,0.4837809
a15,78,0,1,0.59417313
a15,79,1,1,0.8378128
a15,80,1,1,0.7275673
a15,81,1,1,0.8976942
a15,82,1,1,0.9063889
a15,83,1,1,0.8900412
a15,84,1,1,0.90951455
a15,85,1,1,0.87783724
a15,86,1,1,0.8934413
a15,87,1,1,0.89033574
a15,88,1,1,0.94076216
a15,89,1,1,0.93259746
a15,90,1,1,0.8901305
a15,91,1,1,0.9300984
a15,92,1,1,0.9250246
a15,93,1,1,0.9580723
a15,94,1,1,0.9519136
a15,95,1,1,0.9204919
a15,96,1,1,0.94699377
a15,97,1,1,0.94638777
a15,98,1,1,0.9263655
a15,99,1,1,0.9243639
a15,100,1,1,0.957405
a15,101,1,1,0.9164167
a15,102,1,1,0.8618142
a15,103,1,1,0.93964535
a15,104,1,1,0.94429874
a15,105,1,1,0.7374576
a15,106,1,1,0.79579484
a15,107,1,1,0.88533103
a15,108,1,1,0.89575446
a15,109,1,1,0.92162526
a15,110,1,1,0.9318766
a15,111,1,1,0.5798771
a15,112,1,1,0.5956189
a15,113,0,0,0.07566065
a15,114,0,0,0.05029908
a15,115,0,0,0.13049771
a15,116,0,0,0.15212804
a15,117,0,0,0.14869618
a15,118,0,0,0.19270638
a15,119,0,0,0.10283091
a15,120,0,0,0.11437497
a15,121,0,1,0.5159908
a15,122,0,1,0.6342455
a15,123,0,1,0.92396265
a15,124,0,1,0.5360819
a15,125,1,1,0.95075464
a15,126,1,1,0.97450715
a15,127,1,1,0.9329692
a15,128,1,1,0.9528049
a15,129,1,1,0.75725853
a15,130,1,1,0.95508426
a15,131,1,1,0.97232574
a15,132,1,1,0.96471167
a15,133,1,1,0.9537695
a15,134,1,1,0.9491627
a15,135,1,1,0.79183954
a15,136,1,1,0.9821556
a15,137,1,1,0.8127488
a15,138,1,1,0.52775264
a15,139,1,1,0.9181173
a15,140,1,1,0.97087336
a15,141,1,1,0.9703143
a15,142,1,1,0.9196829
a15,143,1,1,0.97709686
a15,144,1,1,0.9741383
a15,145,1,1,0.9773736
a15,146,1,1,0.9806136
a15,147,1,1,0.9599547
a15,148,1,1,0.9599885
a15,149,1,1,0.97960573
a15,150,1,1,0.95240825
a15,151,1,1,0.98171276
a15,152,1,1,0.9654749
a15,153,1,1,0.6795082
a15,154,1,1,0.87278074
a15,155,1,1,0.8229729
a15,156,1,0,0.4657501
a15,157,1,1,0.8769004
a15,158,1,1,0.8825346
a15,159,1,1,0.87095237
a15,160,1,1,0.8410673
a15,161,1,1,0.87816024
a15,162,1,1,0.9725988
a15,163,1,1,0.9505729
a15,164,1,1,0.9557735
a15,165,1,1,0.9572208
a15,166,1,1,0.90187323
a15,167,1,1,0.84275544
a15,168,1,1,0.6802799
a15,169,1,1,0.91936064
a15,170,1,0,0.36312878
a15,171,0,0,0.26486245
a15,172,0,0,0.22624229
a15,173,0,1,0.69499207
a15,174,0,1,0.95952106
a15,175,1,1,0.9694474
a15,176,1,1,0.94992167
a15,177,1,1,0.9237874
a15,178,1,1,0.9312708
a15,179,1,1,0.97472274
a15,180,1,1,0.8697206
a15,181,1,1,0.9660569
a15,182,1,1,0.96062785
a15,183,1,1,0.86363405
a15,184,1,1,0.9216357
a15,185,1,1,0.60973835
a15,186,1,1,0.9241315
a15,187,1,1,0.95117915
a15,188,1,1,0.9491575
a15,189,1,1,0.92429924
a15,190,1,1,0.9626077
a15,191,1,1,0.97061
a15,192,1,1,0.9509396
a15,193,1,1,0.9714016
a15,194,1,1,0.95554054
a15,195,1,1,0.87175155
a15,196,1,1,0.8577851
a15,197,0,0,0.48687077
a15,198,0,1,0.6746373
a15,199,0,0,0.36786577
a15,200,0,1,0.5235708
a15,201,0,1,0.6491128
a15,202,0,0,0.370742
a15,203,0,0,0.2293387
a15,204,0,0,0.35753095
a15,205,0,1,0.57423544
a15,206,0,1,0.91606104
a15,207,1,1,0.7427533
a15,208,1,1,0.90362936
a15,209,1,1,0.8969154
a15,210,1,1,0.85149354
a15,211,1,1,0.7371205
a15,212,1,0,0.40396264
a15,213,1,1,0.85785836
a15,214,1,1,0.9463895
a15,215,1,1,0.89814466
a15,216,1,1,0.8977757
a15,217,1,1,0.9384135
a15,218,1,1,0.7957877
a15,219,1,1,0.95830464
a15,220,1,1,0.9541338
a15,221,1,1,0.9024179
a15,222,1,1,0.9542269
a15,223,1,1,0.9530263
a15,224,1,1,0.92992675
a15,225,1,1,0.95581573
a15,226,1,1,0.90987194
a15,227,1,1,0.95188785
a15,228,1,1,0.9696222
a15,229,1,1,0.9564522
a15,230,1,1,0.9376629
a15,231,1,1,0.96874475
a15,232,1,0,0.1993308
a15,233,1,1,0.9414449
a15,234,1,1,0.92558813
a15,235,1,1,0.9663403
a15,236,1,1,0.92633337
a15,237,1,1,0.94747144
a15,238,1,1,0.9552513
a15,239,1,1,0.9660562
a15,240,1,1,0.93792814
a15,241,1,1,0.94242704
a15,242,1,1,0.9427627
a15,243,1,1,0.94882816
a15,244,1,1,0.9113961
a15,245,1,1,0.948217
a15,246,1,1,0.97200453
a15,247,1,1,0.97643524
a15,248,1,1,0.9641809
a15,249,1,1,0.975393
a15,250,1,1,0.9731863
a15,251,1,1,0.9373529
a15,252,1,1,0.9432507
a15,253,1,1,0.95188034
a15,254,1,1,0.919519
a15,255,1,1,0.9785982
a15,256,1,1,0.8959867
a15,257,1,1,0.8286841
a15,258,1,1,0.8596057
a15,259,1,1,0.9815377
a15,260,1,1,0.9483084
a15,261,1,1,0.9137987
a15,262,1,1,0.9266043
a15,263,1,1,0.8323031
a15,264,1,1,0.9221747
a15,265,1,1,0.9450447
a15,266,1,1,0.88653773
a15,267,1,1,0.9243422
a15,268,1,1,0.96301866
a15,269,1,1,0.9285283
a15,270,1,1,0.93580997
a15,271,1,1,0.90958464
a15,272,1,1,0.94858164
a15,273,1,1,0.9453123
a15,274,1,1,0.964919
a15,275,1,1,0.9746012
a15,276,1,1,0.9246665
a15,277,1,1,0.9578455
a15,278,1,1,0.5005492
a15,279,1,1,0.6577905
a15,280,1,1,0.8735386
a15,281,1,1,0.92917496
a15,282,1,1,0.8548595
a15,283,1,1,0.8796756
a15,284,1,1,0.9388553
a15,285,1,1,0.53194886
a15,286,1,1,0.8706104
a15,287,1,1,0.86671144
a15,288,0,0,0.05046579
a15,289,0,0,0.25846308
a15,290,0,1,0.83820826
a15,291,0,0,0.16174412
a15,292,0,0,0.331262
a15,293,0,0,0.2777007
a15,294,0,0,0.07148677
a15,295,0,0,0.09182983
a15,296,0,0,0.4299409
a15,297,0,0,0.35482728
a15,298,0,0,0.16068333
a15,299,0,0,0.12390877
a15,300,0,1,0.81983876
a15,301,1,1,0.9109551
a15,302,1,1,0.93820506
a15,303,1,1,0.9284751
a15,304,1,1,0.8706175
a15,305,1,1,0.97350705
a15,306,1,1,0.7214042
a15,307,1,1,0.9027078
a15,308,1,1,0.97252154
a15,309,1,1,0.9180864
a15,310,1,1,0.97132385
a15,311,1,1,0.9639778
a15,312,1,1,0.9341404
a15,313,1,1,0.96874166
a15,314,1,1,0.9415201
a15,315,1,1,0.95967835
a15,316,1,1,0.9701198
a15,317,1,1,0.97733593
a15,318,1,1,0.9636325
a15,319,1,1,0.9776154
a15,320,1,1,0.94937253
a15,321,1,1,0.9460614
a15,322,1,1,0.94448555
a15,323,0,1,0.91072303
a15,324,0,1,0.9581206
a15,325,0,1,0.5683169
a15,326,1,1,0.55770844
a15,327,1,1,0.7693951
a15,328,1,1,0.9615459
a15,329,1,1,0.9351563
a15,330,1,1,0.92978275
a15,331,1,1,0.9575471
a15,332,1,1,0.8940316
a15,333,1,1,0.9611654
a15,334,1,1,0.9296306
a15,335,1,1,0.97147524
a15,336,1,1,0.93801457
a15,337,1,1,0.90491647
a15,338,1,1,0.94744927
a15,339,1,1,0.9649124
a15,340,1,1,0.9680445
a15,341,1,1,0.9270863
a15,342,1,1,0.86404806
a15,343,1,1,0.93438554
a15,344,1,1,0.9635817
a15,345,1,1,0.96335196
a15,346,1,1,0.9773302
a15,347,1,1,0.9676115
a15,348,1,1,0.94501126
a15,349,1,1,0.97149754
a15,350,1,1,0.96139604
a15,351,1,1,0.87889415
a15,352,1,1,0.97528434
a15,353,1,1,0.9855225
a15,354,1,1,0.89464724
a15,355,1,1,0.9693479
a15,356,1,1,0.90747625
a15,357,1,1,0.93957835
a15,358,1,1,0.811913
a15,359,1,1,0.97091025
a15,360,1,1,0.8228036
a15,361,1,1,0.9410317
a15,362,1,1,0.79722023
a15,363,1,1,0.9580037
a15,364,1,1,0.9813152
a15,365,1,1,0.963509
a15,366,1,0,0.08260197
a15,367,1,1,0.87368226
a15,368,1,0,0.18989116
a15,369,1,0,0.2684913
a15,370,0,0,0.304086
a15,371,1,1,0.7266926
a15,372,1,1,0.5033024
a15,373,1,1,0.79412615
a15,374,1,1,0.7110805
a15,375,0,0,0.31622326
a15,376,0,0,0.10055072
a15,377,0,0,0.06949252
a15,378,0,1,0.7976651
a15,379,1,0,0.08508943
a15,380,0,0,0.04723263
a15,381,0,0,0.20885353
a15,382,0,0,0.3887952
a15,383,0,0,0.13447894
a15,384,0,1,0.72433376
a15,385,0,0,0.046469357
a15,386,0,0,0.048052616
a15,387,0,1,0.8496055
a15,388,0,0,0.14685726
a15,389,0,1,0.9346748
a15,390,0,1,0.6860305
a15,391,0,1,0.55584824
a15,392,0,0,0.077797346
a15,393,0,0,0.08842878
a15,394,0,1,0.9167642
a15,395,0,0,0.33017632
a15,396,0,1,0.85016215
a15,397,0,1,0.66525745
a15,398,0,1,0.8101003
a15,399,0,1,0.80254257
a15,400,0,1,0.73557925
a15,401,0,1,0.79079294
a15,402,0,0,0.47369507
a15,403,0,0,0.07989355
a15,404,1,1,0.8775307
a15,405,1,0,0.47281638
a15,406,1,0,0.4681286
a15,407,1,1,0.84762937
a15,408,1,1,0.922377
a15,409,1,1,0.7630264
a15,410,1,1,0.74194235
a15,411,1,0,0.45021343
a15,412,1,1,0.8952816
a15,413,1,1,0.96039504
a15,414,1,1,0.8800012
a15,415,1,1,0.9483051
a15,416,1,1,0.9328294
a15,417,1,1,0.9553732
a15,418,1,1,0.9390842
a15,419,1,1,0.9402963
a15,420,1,1,0.96950006
a15,421,1,1,0.97673064
a15,422,1,1,0.91938835
a15,423,1,1,0.9598222
a15,424,1,1,0.9821039
a15,425,1,1,0.9743818
a15,426,1,1,0.9644179
a15,427,1,1,0.93997586
a15,428,1,1,0.9531045
a15,429,1,1,0.60960877
a15,430,1,1,0.983282
a15,431,1,1,0.9442578
a15,432,1,1,0.8809559
a15,433,1,1,0.9723517
a15,434,1,1,0.8891033
a15,435,1,1,0.9449278
a15,436,1,1,0.60047615
a15,437,0,0,0.28687412
a15,438,0,1,0.9721266
a15,439,1,1,0.52061313
a15,440,0,1,0.96433294
a15,441,1,1,0.9167105
a15,442,1,1,0.9280405
a15,443,1,0,0.34776208
a15,444,1,1,0.8710414
a15,445,1,0,0.31014502
a15,446,0,0,0.44465983
a15,447,0,0,0.34892732
a15,448,0,0,0.30380425
a15,449,0,1,0.6824165
a15,450,0,1,0.6633359
a15,451,1,1,0.94178975
a15,452,0,1,0.9060816
a15,453,0,1,0.8960834
a15,454,1,1,0.9459967
a15,455,1,1,0.8822413
a15,456,1,1,0.7726079
a15,457,1,1,0.9617644
a15,458,1,1,0.95989126
a15,459,1,1,0.96733654
a15,460,1,1,0.95622337
a15,461,1,1,0.9794799
a15,462,1,1,0.70682883
a15,463,1,1,0.822225
a15,464,1,1,0.94782245
a15,465,1,1,0.9670177
a15,466,1,1,0.95576775
a15,467,1,1,0.97962826
a15,468,1,1,0.971084
a15,469,1,1,0.9796069
a15,470,1,1,0.97862417
a15,471,1,1,0.9807566
a15,472,1,1,0.97122216
a15,473,1,1,0.97224987
a15,474,1,1,0.9786613
a15,475,1,1,0.9633093
a15,476,1,1,0.9821294
a15,477,1,1,0.9620086
a15,478,0,0,0.4409054
a15,479,0,0,0.11881653
a15,480,0,1,0.5408167
a15,481,0,0,0.2428208
a15,482,0,1,0.87096363
a15,483,0,0,0.14475703
a15,484,1,1,0.78232944
a15,485,1,1,0.53787667
a15,486,1,0,0.1599339
a15,487,1,0,0.1510239
a15,488,1,0,0.064969145
a15,489,1,0,0.25424334
a15,490,1,0,0.25869048
a15,491,1,0,0.21512331
a15,492,1,0,0.054485034
a15,493,1,0,0.17270781
a15,494,1,1,0.5897099
a15,495,1,0,0.056373406
a15,496,0,1,0.5426192
a15,497,0,0,0.3829615
a15,498,0,1,0.673975
a15,499,0,1,0.5647329
a15,500,0,0,0.05561969
a15,501,0,0,0.39733163
a15,502,0,0,0.3830596
a15,503,0,1,0.5141847
a15,504,0,1,0.58577466
a15,505,0,0,0.041903157
a15,506,0,1,0.7174272
a15,507,0,1,0.91890174
a15,508,0,0,0.16522868
a15,509,0,0,0.037805222
a16,1,0,0,0.046081997
a16,2,0,0,0.17502573
a16,3,0,0,0.09676129
a16,4,0,0,0.03967558
a16,5,0,0,0.07434522
a16,6,0,0,0.23021047
a16,7,0,0,0.046821903
a16,8,0,0,0.049739923
a16,9,0,0,0.079658836
a16,10,0,0,0.03668207
a16,11,0,0,0.0582004
a16,12,0,0,0.044041693
a16,13,0,0,0.06263992
a16,14,0,0,0.041639075
a16,15,0,0,0.084852554
a16,16,0,0,0.058460932
a16,17,0,0,0.15828457
a16,18,0,0,0.042093966
a16,19,0,0,0.08163452
a16,20,0,0,0.038744986
a16,21,0,0,0.12844066
a16,22,0,0,0.043183286
a16,23,0,0,0.04865191
a16,24,0,0,0.05492318
a16,25,0,0,0.14915778
a16,26,0,0,0.15966037
a16,27,0,0,0.17653409
a16,28,0,0,0.05152926
a16,29,0,0,0.1265086
a16,30,0,0,0.04357872
a16,31,0,0,0.048250552
a16,32,0,0,0.06615576
a16,33,0,0,0.021362392
a16,34,0,0,0.08871719
a16,35,0,0,0.057168823
a16,36,0,0,0.047007963
a16,37,0,0,0.098716766
a16,38,0,0,0.04485162
a16,39,0,0,0.060816094
a16,40,0,0,0.10055441
a16,41,0,0,0.065822795
a16,42,0,0,0.054374527
a16,43,0,0,0.05639906
a16,44,0,0,0.17851718
a16,45,0,0,0.20272966
a16,46,0,0,0.046708435
a16,47,0,0,0.2513502
a16,48,0,0,0.13945381
a16,49,0,0,0.14705504
a16,50,0,0,0.0813529
a16,51,0,0,0.13449147
a16,52,0,1,0.6990522
a16,53,0,0,0.16972272
a16,54,0,0,0.07499219
a16,55,0,0,0.093100615
a16,56,0,0,0.27328393
a16,57,0,0,0.06762819
a16,58,1,0,0.23194624
a16,59,1,1,0.5834413
a16,60,1,0,0.27278826
a16,61,1,1,0.5104069
a16,62,0,0,0.45286825
a16,63,0,0,0.22742161
a16,64,0,0,0.13623022
a16,65,0,0,0.14426875
a16,66,0,0,0.30120295
a16,67,1,0,0.3817136
a16,68,1,0,0.4414316
a16,69,0,1,0.6753619
a16,70,0,0,0.16468835
a16,71,0,0,0.2656286
a16,72,0,0,0.07203356
a16,73,0,0,0.052930765
a16,74,0,0,0.062886104
a16,75,0,0,0.05214967
a16,76,0,1,0.6446934
a16,77,0,0,0.09996511
a16,78,0,0,0.04469161
a16,79,0,0,0.06688931
a16,80,0,0,0.08282273
a16,81,1,0,0.15562038
a16,82,1,0,0.3223704
a16,83,1,0,0.06619733
a16,84,1,0,0.14133275
a16,85,1,0,0.1694395
a16,86,1,0,0.17874143
a16,87,1,0,0.16033378
a16,88,1,1,0.51415515
a16,89,1,0,0.30497402
a16,90,1,0,0.13300359
a16,91,1,0,0.37784562
a16,92,1,0,0.36659226
a16,93,1,0,0.22637202
a16,94,1,1,0.80345595
a16,95,1,1,0.81856626
a16,96,0,0,0.49228382
a16,97,0,1,0.73319566
a16,98,0,0,0.15467632
a16,99,0,0,0.14238709
a16,100,0,0,0.3177167
a16,101,0,0,0.30933043
a16,102,0,0,0.47705534
a16,103,0,0,0.4032586
a16,104,0,0,0.33569026
a16,105,0,0,0.48157623
a16,106,0,0,0.26429382
a16,107,0,1,0.6675893
a16,108,0,0,0.33877826
a16,109,0,0,0.39014676
a16,110,0,1,0.5665287
a16,111,0,1,0.6320265
a16,112,0,1,0.6893014
a16,113,0,0,0.43662977
a16,114,0,1,0.54873127
a16,115,0,1,0.76120156
a16,116,0,1,0.7692539
a16,117,0,0,0.46423903
a16,118,0,0,0.20225257
a16,119,0,1,0.8827041
a16,120,0,1,0.60750157
a16,121,0,1,0.56881475
a16,122,0,1,0.6605516
a16,123,0,1,0.84203994
a16,124,0,1,0.65275
a16,125,0,0,0.25964773
a16,126,0,0,0.43433127
a16,127,0,1,0.90649486
a16,128,0,1,0.71086735
a16,129,0,1,0.90452427
a16,130,0,1,0.8597146
a16,131,0,1,0.7503089
a16,132,0,1,0.6518121
a16,133,0,0,0.18873
a16,134,0,0,0.009163543
a16,135,0,0,0.06963166
a16,136,0,0,0.1805486
a16,137,1,0,0.24227206
a16,138,1,0,0.082963325
a16,139,1,0,0.17676762
a16,140,1,0,0.23215102
a16,141,1,0,0.21897149
a16,142,1,0,0.25977296
a16,143,1,0,0.34715283
a16,144,1,0,0.14639412
a16,145,1,0,0.15149312
a16,146,1,1,0.50737154
a16,147,1,0,0.2903891
a16,148,1,0,0.34168354
a16,149,1,0,0.14121099
a16,150,1,0,0.24263601
a16,151,1,1,0.8696861
a16,152,1,1,0.72433096
a16,153,1,0,0.18381672
a16,154,1,1,0.56216824
a16,155,1,1,0.73922765
a16,156,1,0,0.2502408
a16,157,1,0,0.40568513
a16,158,1,1,0.7179871
a16,159,1,1,0.68686813
a16,160,1,0,0.14534369
a16,161,1,0,0.31424323
a16,162,1,1,0.692716
a16,163,1,1,0.6256211
a16,164,1,1,0.94237673
a16,165,1,1,0.9127187
a16,166,1,1,0.83595335
a16,167,1,1,0.91474104
a16,168,1,1,0.9778781
a16,169,1,1,0.77204394
a16,170,1,1,0.9381801
a16,171,1,1,0.92323834
a16,172,1,1,0.6113969
a16,173,1,1,0.9015742
a16,174,1,1,0.91369873
a16,175,1,1,0.9125457
a16,176,1,0,0.44580427
a16,177,1,1,0.90123445
a16,178,1,1,0.92889506
a16,179,1,0,0.37594396
a16,180,1,0,0.40646654
a16,181,1,0,0.493804
a16,182,1,0,0.37271923
a16,183,1,0,0.29339838
a16,184,1,0,0.46585706
a16,185,1,1,0.64109993
a16,186,1,1,0.56829536
a16,187,1,0,0.3447659
a16,188,1,0,0.4604253
a16,189,1,0,0.4784705
a16,190,1,0,0.09014612
a16,191,0,0,0.059805825
a16,192,0,0,0.16317727
a16,193,0,0,0.27970243
a16,194,0,0,0.082394294
a16,195,0,0,0.13491449
a16,196,0,1,0.5557957
a16,197,1,0,0.28845817
a16,198,1,0,0.102547355
a16,199,1,0,0.15352903
a16,200,1,0,0.4717462
a16,201,1,0,0.46778777
a16,202,1,0,0.32251325
a16,203,1,0,0.17587182
a16,204,1,0,0.30438957
a16,205,1,0,0.17471263
a16,206,1,0,0.25267664
a16,207,1,0,0.4250306
a16,208,1,0,0.21808618
a16,209,1,0,0.22512265
a16,210,1,0,0.2727851
a16,211,1,0,0.24452975
a16,212,1,0,0.23046786
a16,213,1,1,0.6387733
a16,214,1,0,0.4538368
a16,215,1,0,0.25990078
a16,216,1,0,0.49201074
a16,217,1,0,0.4639844
a16,218,1,0,0.45904467
a16,219,1,1,0.78023285
a16,220,1,0,0.4021993
a16,221,1,1,0.8282307
a16,222,1,0,0.23976061
a16,223,1,1,0.52632505
a16,224,1,1,0.5266839
a16,225,1,1,0.6959643
a16,226,1,0,0.37410316
a16,227,1,1,0.5537137
a16,228,1,1,0.80589485
a16,229,1,1,0.5884314
a16,230,1,0,0.25690526
a16,231,1,0,0.36803797
a16,232,1,1,0.6134202
a16,233,1,0,0.37445438
a16,234,1,1,0.6739161
a16,235,1,0,0.35294503
a16,236,1,1,0.65195566
a16,237,1,1,0.9474156
a16,238,1,0,0.4917296
a16,239,1,1,0.8579315
a16,240,1,1,0.5653953
a16,241,1,1,0.66539454
a16,242,1,1,0.6039878
a16,243,1,1,0.9638586
a16,244,1,1,0.9092215
a16,245,1,1,0.84744334
a16,246,1,1,0.8118284
a16,247,1,1,0.6219167
a16,248,1,1,0.5400697
a16,249,1,0,0.3744901
a16,250,1,0,0.30995744
a16,251,1,1,0.74079025
a16,252,1,1,0.59502596
a16,253,1,0,0.48823047
a16,254,1,1,0.79794943
a16,255,1,0,0.46697307
a16,256,1,1,0.66123456
a16,257,1,1,0.7247128
a16,258,1,1,0.7147387
a16,259,1,1,0.77848995
a16,260,1,1,0.8215048
a16,261,1,1,0.57694715
a16,262,1,1,0.81722754
a16,263,1,1,0.8588211
a16,264,1,1,0.8256763
a16,265,1,0,0.29367027
a16,266,1,0,0.48134127
a16,267,1,1,0.82770276
a16,268,1,1,0.72286147
a16,269,1,1,0.5732612
a16,270,1,1,0.618628
a16,271,1,1,0.6232089
a16,272,1,0,0.3881253
a16,273,1,1,0.96072644
a16,274,1,1,0.5852587
a16,275,1,1,0.8992224
a16,276,1,0,0.33016494
a16,277,1,1,0.9243724
a16,278,1,1,0.8187088
a16,279,1,1,0.9492033
a16,280,1,1,0.95149034
a16,281,1,1,0.8414782
a16,282,1,1,0.9635385
a16,283,1,1,0.9529951
a16,284,1,1,0.9812919
a16,285,1,1,0.9261391
a16,286,1,1,0.7857192
a16,287,1,1,0.5848172
a16,288,1,1,0.83858836
a16,289,1,1,0.73806024
a16,290,1,1,0.9058749
a16,291,1,1,0.92616767
a16,292,1,1,0.94459987
a16,293,1,1,0.9675968
a16,294,1,1,0.91541743
a16,295,1,0,0.34566766
a16,296,0,0,0.3139097
a16,297,0,0,0.2568715
a16,298,0,0,0.33115172
a16,299,0,0,0.18418886
a16,300,0,0,0.2860876
a16,301,0,0,0.26221055
a16,302,0,1,0.7707623
a16,303,0,0,0.12447648
a16,304,0,0,0.34894073
a16,305,0,0,0.16858289
a16,306,0,0,0.28343806
a16,307,0,1,0.5129545
a16,308,0,0,0.36759198
a16,309,0,1,0.6496147
a16,310,1,0,0.48248246
a16,311,1,0,0.41298002
a16,312,1,1,0.6359229
a16,313,1,1,0.8094992
a16,314,1,1,0.8364615
a16,315,1,1,0.56805354
a16,316,1,0,0.3094476
a16,317,0,1,0.8084687
a16,318,0,1,0.61336315
a16,319,0,1,0.7408427
a16,320,1,1,0.6731339
a16,321,1,1,0.8017659
a16,322,1,1,0.76358235
a16,323,1,1,0.6301271
a16,324,1,1,0.5674577
a16,325,1,0,0.27030915
a16,326,0,1,0.50571555
a16,327,0,0,0.120228484
a16,328,1,1,0.88366026
a16,329,1,0,0.31380647
a16,330,1,1,0.62566894
a16,331,1,1,0.7763936
a16,332,1,1,0.8862499
a16,333,1,0,0.45875707
a16,334,1,1,0.6230853
a16,335,1,1,0.64103925
a16,336,1,1,0.86952186
a16,337,1,1,0.89767927
a16,338,1,1,0.93028986
a16,339,1,1,0.7760573
a16,340,1,1,0.8800494
a16,341,1,1,0.8003882
a16,342,1,1,0.5076195
a16,343,1,1,0.90685534
a16,344,1,1,0.87657136
a16,345,1,1,0.92821527
a16,346,1,0,0.41907725
a16,347,1,1,0.9035747
a16,348,1,1,0.6907805
a16,349,1,1,0.71627283
a16,350,1,1,0.5853533
a16,351,1,1,0.632317
a16,352,1,1,0.9060383
a16,353,1,1,0.84568334
a16,354,1,1,0.83565956
a16,355,1,1,0.8723411
a16,356,1,1,0.9374434
a16,357,1,1,0.9539239
a16,358,1,1,0.957516
a16,359,1,1,0.972865
a16,360,1,1,0.83534443
a16,361,1,1,0.8733008
a16,362,1,1,0.94832456
a16,363,1,1,0.90801907
a16,364,1,1,0.8975049
a16,365,1,0,0.20957428
a16,366,0,1,0.8955978
a16,367,1,1,0.9550125
a16,368,1,1,0.9007613
a16,369,1,1,0.9466927
a16,370,1,1,0.80921644
a16,371,1,1,0.89185596
a16,372,1,1,0.933916
a16,373,1,1,0.9442945
a16,374,1,1,0.88910115
a16,375,1,1,0.8760782
a16,376,1,1,0.9384508
a16,377,1,0,0.48831493
a16,378,1,1,0.9393841
a16,379,1,1,0.93767875
a16,380,0,1,0.5539359
a16,381,1,1,0.7320676
a16,382,1,1,0.84310627
a16,383,1,1,0.95897317
a16,384,1,1,0.8497908
a16,385,1,1,0.86392003
a16,386,1,1,0.91074914
a16,387,1,1,0.92388177
a16,388,1,1,0.8684264
a16,389,1,1,0.59455544
a16,390,1,1,0.9507972
a16,391,1,0,0.48935035
a16,392,1,1,0.6449001
a16,393,1,1,0.6552447
a16,394,1,1,0.8636181
a16,395,1,1,0.88244987
a16,396,1,1,0.71851206
a16,397,1,1,0.52764255
a16,398,1,1,0.8794141
a16,399,1,1,0.85875297
a16,400,1,1,0.8936014
a16,401,1,1,0.76807207
a16,402,1,1,0.9326989
a16,403,1,1,0.6979062
a16,404,1,1,0.74973285
a16,405,1,1,0.7695821
a16,406,1,1,0.54719603
a16,407,1,1,0.8016254
a16,408,1,1,0.88603085
a16,409,1,1,0.79302895
a16,410,1,1,0.9268726
a16,411,1,1,0.86481607
a16,412,1,1,0.85169154
a16,413,1,1,0.8335102
a16,414,1,1,0.77018374
a16,415,1,1,0.8885566
a16,416,1,1,0.83880955
a16,417,1,1,0.5943923
a16,418,1,1,0.96190304
a16,419,1,1,0.90864116
a16,420,1,1,0.77455556
a16,421,1,1,0.90589267
a16,422,1,0,0.49500757
a16,423,1,1,0.8599462
a16,424,1,1,0.88416284
a16,425,1,1,0.55389684
a16,426,1,1,0.8447509
a16,427,1,1,0.8499887
a16,428,1,1,0.69830287
a16,429,1,0,0.3777237
a16,430,1,1,0.833236
a16,431,1,0,0.4072073
a16,432,1,1,0.92386985
a16,433,1,1,0.91083026
a16,434,1,1,0.61783993
a16,435,1,1,0.92847025
a16,436,1,1,0.930324
a16,437,1,1,0.8471057
a16,438,1,1,0.5773418
a16,439,1,1,0.7123702
a16,440,1,1,0.7221077
a16,441,1,1,0.93703926
a16,442,1,1,0.90105206
a16,443,1,1,0.9035851
a16,444,1,1,0.9366941
a16,445,1,1,0.82362217
a16,446,1,1,0.5107506
a16,447,1,1,0.89456666
a16,448,1,1,0.93790174
a16,449,1,1,0.9458005
a16,450,1,0,0.40689495
a16,451,1,0,0.18532926
a16,452,1,1,0.9482918
a16,453,1,1,0.6829699
a16,454,0,0,0.16155182
a16,455,0,0,0.011765916
a16,456,0,0,0.022123804
a16,457,0,0,0.015968291
a16,458,0,0,0.39269015
a16,459,0,1,0.7687398
a16,460,0,0,0.09925395
a16,461,0,0,0.12032276
a16,462,1,0,0.107790306
a16,463,1,0,0.24661209
a16,464,1,0,0.23016752
a16,465,0,0,0.26516217
a16,466,0,0,0.44145977
a16,467,0,0,0.093760096
a16,468,0,0,0.28246957
a16,469,0,0,0.2597817
a16,470,0,0,0.30967793
a16,471,1,0,0.28319615
a16,472,1,0,0.1095779
a16,473,1,0,0.31579918
a16,474,1,1,0.5781319
a16,475,0,1,0.80551714
a16,476,0,0,0.35814413
a16,477,0,0,0.34005094
a16,478,1,0,0.13522655
a16,479,1,0,0.09665351
a16,480,0,0,0.15342867
a16,481,0,0,0.040921237
a17,1,0,0,0.28985655
a17,2,0,0,0.46538246
a17,3,0,0,0.16786149
a17,4,0,0,0.46036375
a17,5,0,0,0.381959
a17,6,0,0,0.37350774
a17,7,0,0,0.32571992
a17,8,0,0,0.3184744
a17,9,0,0,0.20489633
a17,10,0,0,0.18472357
a17,11,0,0,0.4061287
a17,12,0,0,0.44358516
a17,13,0,0,0.32886234
a17,14,0,0,0.36047438
a17,15,0,0,0.3810128
a17,16,0,0,0.49042863
a17,17,0,1,0.5951062
a17,18,0,0,0.22098032
a17,19,0,0,0.1475839
a17,20,0,0,0.16137046
a17,21,0,0,0.21918327
a17,22,0,0,0.35807112
a17,23,0,0,0.16527298
a17,24,0,0,0.12919924
a17,25,0,0,0.21453428
a17,26,0,0,0.3592532
a17,27,0,0,0.30343553
a17,28,0,0,0.23671436
a17,29,0,0,0.1902993
a17,30,0,0,0.122660495
a17,31,0,0,0.20002659
a17,32,0,0,0.21169989
a17,33,0,0,0.29851666
a17,34,0,0,0.23035228
a17,35,0,0,0.19039743
a17,36,0,0,0.22775078
a17,37,0,0,0.17848049
a17,38,0,0,0.16848959
a17,39,0,0,0.2791832
a17,40,0,0,0.123897545
a17,41,0,0,0.1655679
a17,42,0,0,0.2842327
a17,43,0,0,0.40129155
a17,44,0,0,0.16022982
a17,45,0,0,0.15842018
a17,46,0,0,0.22025645
a17,47,0,0,0.39690396
a17,48,0,1,0.71552354
a17,49,0,0,0.39890984
a17,50,0,0,0.17013532
a17,51,0,0,0.3540456
a17,52,0,1,0.6018238
a17,53,0,0,0.39743438
a17,54,0,0,0.21463256
a17,55,0,0,0.32824135
a17,56,1,1,0.7986616
a17,57,1,1,0.70193624
a17,58,1,1,0.6262632
a17,59,1,1,0.7940539
a17,60,1,0,0.1784273
a17,61,1,0,0.3150702
a17,62,1,0,0.21264571
a17,63,1,1,0.5115405
a17,64,1,0,0.16718282
a17,65,1,1,0.59428394
a17,66,1,1,0.52366155
a17,67,1,0,0.3821389
a17,68,1,0,0.17274225
a17,69,1,1,0.73731405
a17,70,1,1,0.6077339
a17,71,1,1,0.87160134
a17,72,1,1,0.6551378
a17,73,1,1,0.7166773
a17,74,1,1,0.74060565
a17,75,1,1,0.6617411
a17,76,1,1,0.8367219
a17,77,1,1,0.93079436
a17,78,1,1,0.88837314
a17,79,1,0,0.45944753
a17,80,1,1,0.74758697
a17,81,1,1,0.806893
a17,82,1,0,0.12413567
a17,83,0,0,0.332615
a17,84,0,0,0.26535472
a17,85,0,1,0.54337937
a17,86,0,0,0.33059022
a17,87,0,0,0.21891607
a17,88,0,0,0.18220174
a17,89,0,0,0.37383717
a17,90,1,1,0.5318536
a17,91,1,0,0.28739893
a17,92,0,0,0.17679672
a17,93,0,0,0.40448517
a17,94,0,0,0.30394885
a17,95,0,0,0.25004736
a17,96,0,0,0.30056664
a17,97,1,0,0.2920733
a17,98,1,0,0.44943678
a17,99,1,1,0.58534175
a17,100,1,1,0.9314434
a17,101,1,0,0.43938047
a17,102,0,0,0.40301016
a17,103,0,0,0.28596365
a17,104,0,0,0.29710054
a17,105,0,0,0.39918706
a17,106,0,0,0.30069908
a17,107,0,0,0.32333
a17,108,0,1,0.56613296
a17,109,0,0,0.31603682
a17,110,0,0,0.45862037
a17,111,0,0,0.4937009
a17,112,0,0,0.42796832
a17,113,0,1,0.50520766
a17,114,0,0,0.49570936
a17,115,0,0,0.296076
a17,116,0,0,0.35656813
a17,117,0,0,0.20876889
a17,118,0,0,0.42181578
a17,119,0,1,0.6093169
a17,120,1,1,0.8217171
a17,121,1,1,0.64710236
a17,122,1,1,0.86015147
a17,123,1,1,0.89464295
a17,124,1,1,0.69195676
a17,125,1,1,0.77399135
a17,126,1,1,0.86764145
a17,127,1,1,0.9134607
a17,128,1,1,0.9122032
a17,129,1,1,0.91552335
a17,130,1,1,0.727313
a17,131,1,1,0.87701005
a17,132,1,1,0.73945785
a17,133,1,1,0.70834917
a17,134,1,1,0.8168318
a17,135,1,1,0.8578913
a17,136,1,1,0.84855986
a17,137,1,1,0.7677012
a17,138,1,1,0.82947415
a17,139,1,1,0.5942366
a17,140,1,0,0.4666868
a17,141,1,0,0.31701496
a17,142,0,0,0.30190343
a17,143,0,0,0.17196265
a17,144,0,1,0.8128582
a17,145,1,1,0.8216234
a17,146,1,1,0.9255754
a17,147,1,1,0.8094875
a17,148,1,1,0.8209514
a17,149,1,1,0.9425449
a17,150,1,0,0.45336744
a17,151,1,1,0.92486024
a17,152,1,1,0.7084974
a17,153,1,1,0.64082783
a17,154,1,1,0.786312
a17,155,1,1,0.6705823
a17,156,1,1,0.76773787
a17,157,1,1,0.9620226
a17,158,1,1,0.7724496
a17,159,1,0,0.44940847
a17,160,0,1,0.7764751
a17,161,1,1,0.82299376
a17,162,1,0,0.37259072
a17,163,1,0,0.2464229
a17,164,1,1,0.9642672
a17,165,1,0,0.06124065
a17,166,0,0,0.06621532
a17,167,0,0,0.24952234
a17,168,0,0,0.04441399
a17,169,0,0,0.28093764
a17,170,0,0,0.21775667
a17,171,0,0,0.26346877
a17,172,0,0,0.16198812
a17,173,0,0,0.17068383
a17,174,0,0,0.22840044
a17,175,0,0,0.13256419
a17,176,0,0,0.26519743
a17,177,0,0,0.10721675
a17,178,0,0,0.19695401
a17,179,0,0,0.08074766
a17,180,0,0,0.09756863
a17,181,0,0,0.12886271
a17,182,0,0,0.15791601
a17,183,0,0,0.23428787
a17,184,0,0,0.1267585
a17,185,0,0,0.12844273
a17,186,0,0,0.3792825
a17,187,0,0,0.092243
a17,188,0,0,0.39898565
a17,189,0,0,0.16585384
a17,190,0,0,0.20017777
a17,191,0,0,0.165911
a17,192,0,0,0.419967
a17,193,0,0,0.37215275
a17,194,0,0,0.41476423
a17,195,0,0,0.23529638
a17,196,0,1,0.5388546
a17,197,0,0,0.11692952
a17,198,0,0,0.3271591
a17,199,1,1,0.5464044
a17,200,1,1,0.76548046
a17,201,1,1,0.5490348
a17,202,1,1,0.58433676
a17,203,1,0,0.26099753
a17,204,1,1,0.672145
a17,205,1,1,0.6884241
a17,206,1,1,0.64765376
a17,207,1,0,0.43875438
a17,208,1,0,0.08878042
a17,209,1,0,0.1486143
a17,210,0,0,0.1022286
a17,211,0,0,0.38597372
a17,212,0,0,0.30472213
a17,213,0,0,0.23294695
a17,214,0,0,0.22167225
a17,215,0,0,0.111007325
a17,216,0,0,0.27859533
a17,217,0,0,0.16950405
a17,218,0,0,0.2114342
a17,219,0,0,0.22128397
a17,220,0,0,0.18821697
a17,221,0,0,0.16503721
a17,222,0,0,0.39993232
a17,223,0,0,0.44450605
a17,224,0,0,0.102119334
a17,225,0,0,0.24249123
a17,226,0,0,0.26090944
a17,227,0,0,0.48764524
a17,228,0,0,0.28946522
a17,229,1,0,0.3222432
a17,230,1,0,0.34768873
a17,231,1,0,0.43207467
a17,232,1,0,0.4792465
a17,233,1,1,0.6580127
a17,234,1,0,0.45034954
a17,235,1,0,0.2865926
a17,236,1,1,0.7234093
a17,237,1,0,0.32554388
a17,238,1,0,0.15699595
a17,239,1,1,0.5337453
a17,240,1,0,0.2579552
a17,241,1,1,0.5551422
a17,242,1,0,0.40704775
a17,243,1,0,0.35533723
a17,244,0,0,0.22924347
a17,245,0,0,0.2503816
a17,246,0,0,0.21730736
a17,247,0,0,0.1996117
a17,248,0,0,0.17066741
a17,249,0,0,0.19547929
a17,250,0,0,0.09518205
a17,251,0,0,0.3497704
a17,252,0,0,0.19776879
a17,253,0,0,0.34118247
a17,254,0,0,0.16887173
a17,255,0,0,0.14670667
a17,256,0,0,0.25666386
a17,257,0,0,0.34481207
a17,258,0,0,0.2882884
a17,259,0,0,0.2984776
a17,260,0,0,0.3966158
a17,261,0,1,0.6779755
a17,262,0,0,0.053298958
a17,263,0,0,0.4757475
a17,264,1,1,0.5111963
a17,265,1,1,0.9544833
a17,266,1,1,0.7310325
a17,267,1,1,0.7355043
a17,268,1,1,0.62309945
a17,269,1,1,0.7769001
a17,270,1,1,0.8998071
a17,271,1,1,0.80658776
a17,272,1,1,0.6403127
a17,273,1,0,0.47477844
a17,274,1,1,0.5654048
a17,275,1,1,0.7333829
a17,276,1,1,0.8637416
a17,277,1,1,0.6015705
a17,278,1,1,0.6936207
a17,279,1,1,0.8022478
a17,280,1,1,0.9140691
a17,281,1,1,0.84657574
a17,282,1,0,0.4436509
a17,283,1,1,0.86333025
a17,284,1,1,0.92037594
a17,285,1,1,0.8653996
a17,286,1,1,0.7416026
a17,287,1,1,0.8781894
a17,288,1,1,0.7950376
a17,289,1,1,0.75018054
a17,290,1,1,0.89339125
a17,291,1,1,0.54322463
a17,292,1,1,0.6671844
a17,293,1,1,0.77023375
a17,294,1,1,0.87715673
a17,295,1,1,0.7388101
a17,296,1,1,0.65378964
a17,297,1,1,0.8937556
a17,298,1,0,0.27918062
a17,299,0,0,0.2876398
a17,300,0,0,0.36198586
a17,301,0,0,0.19537602
a17,302,0,0,0.23690861
a17,303,0,0,0.3588646
a17,304,0,1,0.6014285
a17,305,0,0,0.12627666
a17,306,0,0,0.16804662
a17,307,0,0,0.47853687
a17,308,0,0,0.444028
a17,309,0,0,0.15948026
a17,310,0,1,0.5698306
a17,311,0,0,0.39847347
a17,312,0,0,0.14649226
a17,313,0,1,0.6617811
a17,314,0,0,0.36691424
a17,315,0,0,0.22373348
a17,316,1,0,0.35789707
a17,317,0,0,0.15540312
a17,318,0,0,0.44034106
a17,319,0,1,0.5005523
a17,320,0,1,0.5383036
a17,321,0,0,0.19132791
a17,322,0,0,0.1847006
a17,323,0,0,0.23404941
a17,324,0,0,0.08642799
a17,325,0,0,0.0985168
a17,326,0,0,0.1562765
a17,327,0,0,0.1422667
a17,328,0,0,0.35007948
a17,329,0,0,0.049362008
a17,330,0,1,0.61654335
a17,331,0,0,0.35942832
a17,332,0,0,0.17622432
a17,333,0,0,0.11020943
a17,334,0,0,0.49955913
a17,335,0,0,0.45174566
a17,336,0,0,0.092406034
a17,337,0,1,0.61066157
a17,338,0,0,0.15361977
a17,339,0,0,0.14183263
a17,340,0,0,0.17625119
a17,341,0,0,0.13336338
a17,342,0,0,0.20596376
a17,343,0,0,0.23935711
a17,344,0,0,0.109153874
a17,345,0,1,0.8151026
a17,346,0,0,0.13160554
a17,347,0,0,0.17746256
a17,348,0,0,0.11711431
a17,349,0,0,0.1670649
a17,350,0,0,0.17456965
a17,351,0,0,0.25662982
a17,352,0,0,0.11604912
a17,353,0,0,0.12200385
a17,354,0,0,0.17863482
a17,355,0,0,0.41701448
a17,356,0,0,0.2239216
a17,357,0,0,0.31642467
a17,358,0,0,0.12592079
a17,359,0,0,0.142659
a17,360,0,0,0.36729744
a17,361,0,0,0.23960268
a17,362,0,0,0.14632885
a17,363,0,0,0.21532747
a17,364,0,0,0.1246579
a17,367,1,1,0.80938965
a17,368,1,1,0.84307516
a17,369,1,0,0.29429027
a17,370,1,0,0.31833518
a17,371,1,1,0.6797328
a17,372,1,1,0.6499476
a17,373,0,0,0.14703885
a17,374,0,1,0.66596323
a17,375,0,1,0.63655424
a17,376,0,0,0.20590436
a17,377,0,0,0.12926953
a17,378,0,0,0.14635518
a17,379,0,0,0.15825593
a17,380,0,1,0.7476646
a17,381,1,1,0.6194425
a17,382,1,1,0.5880733
a17,383,1,0,1.7334322e-09
a17,384,0,0,2.7758082e-05
a17,385,0,0,0.048681874
a17,386,0,1,0.77941245
a17,387,0,0,0.35873643
a17,388,0,0,0.40907767
a17,389,0,1,0.6492138
a17,390,0,0,0.40360785
a17,391,0,0,0.18022932
a17,392,0,0,0.38054007
a17,393,1,1,0.6833876
a17,394,1,1,0.57122356
a17,395,1,0,0.3733366
a17,396,1,1,0.5986125
a17,397,1,1,0.6458783
a17,398,1,1,0.55053186
a17,399,1,1,0.54998183
a17,400,1,0,0.10260009
a17,401,0,0,0.28404295
a17,402,0,1,0.5184923
a17,403,0,0,0.32768118
a17,404,0,1,0.5095362
a17,405,0,1,0.65173864
a17,406,0,0,0.41027215
a17,407,0,1,0.5478848
a17,408,0,0,0.27675352
a17,409,0,1,0.83974606
a17,410,0,0,1.5175426e-13
a17,411,0,0,0.43085063
a17,412,0,0,0.1597317
a17,413,0,0,0.28270394
a17,414,0,0,0.37617522
a17,415,0,0,0.46393895
a17,416,0,0,0.36770046
a17,417,0,1,0.5961362
a17,418,0,0,0.17371713
a17,419,0,0,0.18686177
a17,420,0,0,0.346897
a17,421,0,1,0.62075293
a17,422,0,0,0.3316418
a17,423,0,0,0.06815472
a17,424,0,0,0.4188405
a17,425,0,0,0.19512913
a17,426,0,0,0.24752472
a17,427,0,0,0.30128708
a17,428,0,0,0.19538905
a17,429,0,0,0.117384575
a17,430,0,0,0.1174663
a17,431,0,0,0.28645444
a17,432,0,0,0.13279651
a17,433,0,0,0.1579862
a17,434,0,0,0.3148206
a17,435,0,0,0.25363046
a17,436,0,0,0.21031193
a17,437,0,0,0.24590415
a17,438,0,0,0.19665414
a17,439,0,0,0.1880696
a17,440,0,0,0.19732413
a17,441,0,0,0.1816272
a17,442,0,0,0.2401232
a17,443,0,0,0.16355595
a17,444,0,0,0.14854345
a17,445,0,1,0.67319006
a17,446,0,0,0.18170439
a17,447,0,0,0.19292915
a17,448,0,0,0.18276905
a17,449,0,0,0.24912989
a17,450,0,0,0.2537753
a17,451,0,0,0.2069516
a17,452,0,0,0.23521568
a17,453,0,0,0.3101323
a17,454,0,0,0.23279397
a17,455,0,0,0.1497015
a17,456,0,0,5.8287038e-05
a17,457,0,0,0.3791686
a17,458,0,0,0.24279061
a17,459,0,1,0.598827
a17,460,0,1,0.5063667
a17,461,0,1,0.88775706
a17,462,1,0,0.28554198
a17,463,0,1,0.64127266
a17,464,0,0,0.37292382
a17,465,0,0,0.31524855
a17,466,0,0,0.33972478
a17,467,0,0,0.20925418
a17,468,0,0,0.3282569
a17,469,0,0,0.1955341
a17,470,0,0,0.27522555
a17,471,0,0,0.36065838
a17,472,0,0,0.32372183
a17,473,0,0,0.2970902
a17,474,0,1,0.6013289
a17,475,0,1,0.7096959
a17,476,0,0,0.15803365
a17,477,0,0,0.151136
a17,478,0,1,0.5255725
a17,479,0,1,0.6043102
a17,480,0,0,0.02543555
a17,481,0,0,0.07789691
a17,482,0,0,0.00012988497
a17,483,0,0,0.4426922
a17,484,0,0,0.39828262
a18,1,0,0,0.37831452
a18,2,0,0,0.13565025
a18,3,0,1,0.9440882
a18,4,0,1,0.71235627
a18,5,0,1,0.9872269
a18,6,0,1,0.57794654
a18,7,0,0,0.30530924
a18,8,0,1,0.7722604
a18,9,0,1,0.6567846
a18,10,0,1,0.5749941
a18,11,0,1,0.6158632
a18,12,0,1,0.92511326
a18,13,0,1,0.969985
a18,14,0,1,0.7511643
a18,15,0,1,0.73444235
a18,16,0,1,0.8707277
a18,17,0,1,0.66774565
a18,18,0,1,0.8137204
a18,19,0,1,0.82770884
a18,20,0,1,0.56450796
a18,21,0,1,0.5672446
a18,22,0,1,0.7171599
a18,23,0,1,0.5040828
a18,24,0,1,0.5494198
a18,25,0,1,0.8631976
a18,26,0,1,0.9388123
a18,27,0,1,0.96915215
a18,28,0,1,0.75948393
a18,29,0,1,0.90835345
a18,30,0,1,0.97245187
a18,31,0,1,0.78850985
a18,32,0,1,0.7582006
a18,33,1,1,0.8953636
a18,34,1,1,0.7560114
a18,35,1,1,0.607571
a18,36,1,1,0.8889595
a18,37,1,1,0.92494816
a18,38,1,1,0.9895051
a18,39,1,1,0.8914128
a18,40,1,1,0.8909283
a18,41,1,1,0.9263565
a18,42,1,1,0.9196606
a18,43,1,1,0.72972447
a18,44,1,1,0.94039
a18,45,1,1,0.9095117
a18,46,1,1,0.7166163
a18,47,1,1,0.8289871
a18,48,1,1,0.9835473
a18,49,1,1,0.67672294
a18,50,1,1,0.91688246
a18,51,1,1,0.90748715
a18,52,1,1,0.8804917
a18,53,1,1,0.9326005
a18,54,1,1,0.90914243
a18,55,1,1,0.87426615
a18,56,1,1,0.9290438
a18,57,1,1,0.8585165
a18,58,1,1,0.78651774
a18,59,1,1,0.8519753
a18,60,1,1,0.89121884
a18,61,1,1,0.90526295
a18,62,1,1,0.88793635
a18,63,1,1,0.9132219
a18,64,1,1,0.7249937
a18,65,1,1,0.8116539
a18,66,1,1,0.96105886
a18,67,1,1,0.965743
a18,68,1,1,0.7415145
a18,69,1,1,0.95008063
a18,70,1,1,0.8536043
a18,71,1,1,0.59788233
a18,72,1,1,0.92765355
a18,73,1,1,0.9038598
a18,74,1,1,0.9269092
a18,75,1,1,0.90328574
a18,76,1,1,0.8180553
a18,77,1,1,0.85749364
a18,78,1,1,0.9046344
a18,79,1,1,0.93146914
a18,80,1,1,0.9621879
a18,81,1,1,0.92835426
a18,82,1,1,0.79652303
a18,83,1,1,0.79940003
a18,84,1,1,0.7106445
a18,85,1,1,0.8224731
a18,86,1,1,0.9074266
a18,87,1,1,0.90673345
a18,88,1,1,0.81100625
a18,89,1,1,0.91070217
a18,90,1,1,0.92767113
a18,91,1,1,0.8548366
a18,92,1,1,0.9098908
a18,93,1,1,0.877294
a18,94,1,1,0.7693889
a18,95,1,1,0.83949715
a18,96,1,1,0.9220969
a18,97,1,1,0.81788266
a18,98,1,1,0.87417084
a18,99,1,1,0.84865975
a18,100,1,1,0.9546449
a18,101,1,1,0.8170445
a18,102,1,1,0.7914173
a18,103,1,1,0.8969632
a18,104,1,1,0.8595196
a18,105,1,1,0.88754624
a18,106,1,1,0.8248151
a18,107,1,1,0.87985426
a18,108,1,1,0.8609553
a18,109,1,1,0.745484
a18,110,1,1,0.7651832
a18,111,1,1,0.75917155
a18,112,1,1,0.82988495
a18,113,1,1,0.9265952
a18,114,1,1,0.93458056
a18,115,1,1,0.71100587
a18,116,1,1,0.8690923
a18,117,1,1,0.8370763
a18,118,1,1,0.84970146
a18,119,1,1,0.94885856
a18,120,1,1,0.764859
a18,121,1,1,0.7502612
a18,122,1,1,0.856895
a18,123,1,1,0.8601657
a18,124,1,1,0.8657743
a18,125,1,1,0.93156606
a18,126,1,1,0.88351077
a18,127,1,1,0.8566302
a18,128,1,1,0.93873674
a18,129,1,1,0.852581
a18,130,1,1,0.8349775
a18,131,1,1,0.8150981
a18,132,1,1,0.7676292
a18,133,1,1,0.825283
a18,134,1,1,0.8122715
a18,135,1,1,0.7931412
a18,136,1,1,0.84376526
a18,137,1,1,0.6841044
a18,138,1,1,0.9053276
a18,139,1,1,0.7881517
a18,140,1,1,0.88307756
a18,141,1,1,0.8253977
a18,142,1,1,0.7284451
a18,143,1,1,0.8603328
a18,144,1,1,0.8946002
a18,145,1,1,0.90430063
a18,146,1,1,0.73405737
a18,147,1,1,0.75403965
a18,148,1,1,0.75139713
a18,149,1,1,0.8909056
a18,150,1,1,0.83918405
a18,151,1,1,0.84630746
a18,152,1,1,0.8259179
a18,153,1,1,0.9076993
a18,154,1,1,0.7631332
a18,155,1,1,0.882297
a18,156,1,1,0.75406027
a18,157,1,1,0.8317378
a18,158,1,1,0.7923152
a18,159,1,1,0.7489819
a18,160,1,1,0.6607085
a18,161,1,1,0.83962214
a18,162,1,1,0.7547083
a18,163,1,1,0.8033517
a18,164,1,1,0.84386677
a18,165,1,1,0.8825966
a18,166,1,1,0.91787434
a18,167,1,1,0.6946911
a18,168,1,1,0.8406243
a18,169,1,1,0.892196
a18,170,0,1,0.9752494
a18,171,0,1,0.93277645
a18,172,0,1,0.8831148
a18,173,0,1,0.70790356
a18,174,0,1,0.6332978
a18,175,0,1,0.79129124
a18,176,0,1,0.81190056
a18,177,0,0,0.30157885
a18,178,0,1,0.57091635
a18,179,0,1,0.5686869
a18,180,1,1,0.6468314
a18,181,1,1,0.9455565
a18,182,1,1,0.6393293
a18,183,1,1,0.6571218
a18,184,1,1,0.65276986
a18,185,1,1,0.77312434
a18,186,1,1,0.92880166
a18,187,0,1,0.94985896
a18,188,0,1,0.827617
a18,189,0,1,0.8359431
a18,190,1,1,0.91072434
a18,191,1,1,0.9127832
a18,192,1,1,0.9298746
a18,193,1,1,0.9349043
a18,194,1,1,0.9645312
a18,195,0,1,0.9453999
a18,196,1,1,0.90914637
a18,197,1,1,0.99051255
a18,198,1,1,0.95129144
a18,199,1,1,0.9416173
a18,200,1,1,0.9794169
a18,201,1,1,0.97198445
a18,202,1,1,0.9588816
a18,203,1,1,0.9735108
a18,204,1,1,0.9765994
a18,205,1,1,0.97671014
a18,206,1,1,0.9581769
a18,207,1,1,0.95427185
a18,208,1,1,0.9508192
a18,209,1,1,0.95919275
a18,210,1,1,0.9633447
a18,211,1,1,0.97945684
a18,212,1,1,0.9571426
a18,213,1,1,0.9437462
a18,214,1,1,0.970746
a18,215,1,1,0.9809198
a18,216,1,1,0.8862972
a18,217,1,1,0.9702994
a18,218,1,1,0.9302725
a18,219,1,1,0.97445744
a18,220,1,1,0.9424282
a18,221,1,1,0.9853189
a18,222,1,1,0.9244669
a18,223,1,1,0.8905558
a18,224,1,1,0.9702583
a18,225,1,1,0.9376279
a18,226,0,1,0.9371451
a18,227,0,1,0.924252
a18,228,1,1,0.9126233
a18,229,1,1,0.9444994
a18,230,0,1,0.9716358
a18,231,0,1,0.95852333
a18,232,1,1,0.92740023
a18,233,1,1,0.9548064
a18,234,1,1,0.86772496
a18,235,1,1,0.89713186
a18,236,1,1,0.9495194
a18,237,1,1,0.9490951
a18,238,1,1,0.84958565
a18,239,1,1,0.9390631
a18,240,1,1,0.85677195
a18,241,1,1,0.9040074
a18,242,1,1,0.93852735
a18,243,1,1,0.88725656
a18,244,1,1,0.7814498
a18,245,1,1,0.9558365
a18,246,1,1,0.96999633
a18,247,1,1,0.9702382
a18,248,1,1,0.92742825
a18,249,1,1,0.7007411
a18,250,1,1,0.7590212
a18,251,1,1,0.91538525
a18,252,1,1,0.6831347
a18,253,1,1,0.74727726
a18,254,1,1,0.81102073
a18,255,1,1,0.8609548
a18,256,1,1,0.8217544
a18,257,1,1,0.5072916
a18,258,1,1,0.7881286
a18,259,1,1,0.9323138
a18,260,1,1,0.6955722
a18,261,1,1,0.59577173
a18,262,1,1,0.8116025
a18,263,1,1,0.8242181
a18,264,1,1,0.9218145
a18,265,1,1,0.8132929
a18,266,1,1,0.9272718
a18,267,1,1,0.9639684
a18,268,1,1,0.94355893
a18,269,1,1,0.9547606
a18,270,1,1,0.99350125
a18,271,1,1,0.970525
a18,272,1,1,0.950101
a18,273,1,1,0.9320155
a18,274,1,0,0.3430013
a18,275,1,1,0.8917343
a18,276,1,1,0.95878625
a18,277,1,1,0.90646523
a18,278,1,1,0.9034501
a18,279,1,1,0.8966732
a18,280,1,1,0.9432114
a18,281,1,1,0.8941099
a18,282,1,1,0.88342065
a18,283,1,1,0.8930048
a18,284,1,1,0.92147774
a18,285,1,1,0.8706091
a18,286,1,1,0.86209023
a18,287,1,1,0.92549723
a18,288,1,1,0.90127134
a18,289,1,1,0.7259054
a18,290,1,1,0.9544119
a18,291,1,1,0.8670249
a18,292,1,1,0.76295716
a18,293,1,1,0.88161683
a18,294,1,1,0.93864536
a18,295,1,1,0.87284374
a18,296,1,1,0.87248427
a18,297,1,1,0.7498612
a18,298,1,1,0.81667674
a18,299,1,1,0.9326727
a18,300,1,1,0.77230966
a18,301,1,1,0.6231485
a18,302,1,1,0.8107617
a18,303,1,1,0.6414461
a18,304,1,1,0.68502074
a18,305,1,1,0.78881884
a18,306,1,1,0.76365376
a18,307,1,1,0.92145395
a18,308,1,1,0.779011
a18,309,1,1,0.9381696
a18,310,1,1,0.9173733
a18,311,1,1,0.79166037
a18,312,1,1,0.901727
a18,313,1,1,0.6717284
a18,314,1,1,0.66901183
a18,315,1,1,0.9467976
a18,316,1,1,0.8192486
a18,317,1,1,0.9120096
a18,318,1,1,0.88144076
a18,319,1,1,0.7499181
a18,320,1,1,0.714195
a18,321,1,1,0.8921673
a18,322,1,1,0.92411005
a18,323,1,1,0.8737611
a18,324,1,1,0.7765276
a18,325,1,1,0.6501208
a18,326,1,1,0.86435556
a18,327,1,1,0.5991745
a18,328,1,0,0.37223384
a18,329,1,1,0.6063419
a18,330,1,1,0.8764476
a18,331,1,1,0.8837971
a18,332,1,1,0.8363259
a18,333,1,1,0.5649652
a18,334,1,1,0.82994944
a18,335,1,1,0.58723944
a18,336,1,1,0.76869595
a18,337,1,1,0.9000445
a18,338,1,1,0.8716583
a18,339,1,1,0.7736386
a18,340,1,1,0.74604714
a18,341,1,1,0.80651754
a18,342,1,1,0.9307139
a18,343,1,1,0.82206035
a18,344,1,1,0.84660834
a18,345,1,1,0.79482436
a18,346,1,1,0.9501446
a18,347,1,1,0.80989766
a18,348,1,1,0.8747393
a18,349,1,1,0.57052547
a18,350,1,1,0.8708132
a18,351,1,1,0.53362924
a18,352,1,1,0.8594336
a18,353,1,1,0.8913287
a18,354,1,1,0.8904353
a18,355,1,1,0.8085215
a18,356,1,1,0.9177645
a18,357,1,1,0.9834621
a18,358,1,1,0.79696876
a18,359,1,1,0.7699282
a18,360,1,1,0.8784225
a18,361,1,1,0.8876738
a18,362,1,1,0.8162913
a18,363,1,1,0.71512026
a18,364,1,1,0.906728
a18,365,1,1,0.78181404
a18,366,1,1,0.9261391
a18,367,1,1,0.7313942
a18,368,1,1,0.93729895
a18,369,1,1,0.97307986
a18,370,1,1,0.96532905
a18,371,1,1,0.9259733
a18,372,1,1,0.89606917
a18,373,1,1,0.9798605
a18,374,1,1,0.9179614
a18,375,1,1,0.96983117
a18,376,1,1,0.9150633
a18,377,1,1,0.940119
a18,378,1,1,0.9125546
a18,379,1,1,0.93436205
a18,380,1,1,0.96512157
a18,381,1,1,0.96565795
a18,382,1,1,0.960144
a18,383,1,1,0.90453446
a18,384,1,1,0.8111626
a18,385,1,1,0.93583167
a18,386,1,1,0.8920793
a18,387,1,1,0.89366585
a18,388,1,1,0.98484325
a18,389,1,1,0.95839304
a18,390,1,1,0.92066896
a18,391,1,1,0.9755019
a18,392,1,1,0.8666905
a18,393,1,1,0.8755446
a18,394,1,1,0.9654608
a18,395,1,1,0.75412947
a18,396,1,1,0.86010504
a18,397,1,1,0.9591908
a18,398,1,1,0.9068836
a18,399,1,1,0.87140125
a18,400,1,1,0.8550735
a18,401,1,1,0.883519
a18,402,1,1,0.84614056
a18,403,1,1,0.84394634
a18,404,1,1,0.6685109
a18,405,1,1,0.9309
a18,406,1,1,0.64579296
a18,407,1,1,0.8479942
a18,408,1,1,0.90647477
a18,409,1,1,0.80179864
a18,410,1,1,0.72989726
a18,411,1,1,0.87333626
a18,412,1,1,0.7539223
a18,413,1,1,0.7466394
a18,414,1,1,0.7670249
a18,415,1,1,0.8224398
a18,416,1,1,0.7381131
a18,417,1,1,0.8621772
a18,418,1,1,0.9601396
a18,419,1,1,0.97651166
a18,420,1,1,0.72433627
a18,421,1,0,0.46810186
a18,422,1,1,0.60750246
a18,423,1,1,0.8102646
a18,424,1,1,0.74795777
a18,425,1,1,0.85498106
a18,426,1,1,0.65125716
a18,427,1,1,0.7105261
a18,428,1,1,0.64881366
a18,429,1,1,0.7623326
a18,430,1,1,0.8346108
a18,431,1,1,0.79057235
a18,432,1,1,0.9499111
a18,433,1,1,0.8947611
a18,434,1,1,0.7042185
a18,435,1,1,0.82985175
a18,436,1,1,0.82224333
a18,437,1,1,0.97841895
a18,438,1,1,0.97832435
a18,439,1,1,0.9438644
a18,440,1,1,0.7504051
a18,441,1,1,0.86641884
a18,442,1,1,0.9189119
a18,443,1,1,0.92467153
a18,444,1,1,0.9051373
a18,445,1,1,0.9658012
a18,446,1,1,0.55132383
a18,447,1,1,0.59518135
a18,448,1,1,0.78669965
a18,449,1,1,0.71621406
a18,450,1,1,0.72127944
a18,451,1,1,0.7002342
a18,452,1,1,0.62332374
a18,453,1,1,0.8578344
a18,454,1,1,0.7952466
a18,455,1,0,0.434318
a18,456,1,1,0.73421043
a18,457,1,1,0.7409215
a18,458,1,0,0.47671366
a18,459,1,1,0.73241866
a18,460,1,1,0.8722646
a18,461,1,1,0.6206482
a18,462,1,1,0.6142955
a18,463,1,1,0.84221613
a18,464,1,1,0.9167177
a18,465,1,1,0.90290153
a18,466,1,1,0.8907919
a18,467,1,1,0.8370195
a18,468,1,1,0.8236453
a18,469,1,1,0.85177803
a18,470,1,1,0.5654821
a18,471,1,1,0.7714058
a18,472,1,1,0.9451897
a18,473,1,1,0.8600083
a18,474,1,1,0.81653875
a18,475,1,1,0.9546371
a18,476,1,1,0.9716044
a18,477,1,1,0.83393866
a18,478,1,1,0.865852
a18,479,1,1,0.8518287
a18,480,1,1,0.8128945
a18,481,1,1,0.8256379
a18,482,1,1,0.85618824
a18,483,1,1,0.7578676
a18,484,1,1,0.7118354
a18,485,1,1,0.91964823
a18,486,1,1,0.7894858
a18,487,1,1,0.6419396
a18,488,1,1,0.90987784
a19,1,1,1,0.6041076
a19,2,1,1,0.79961926
a19,3,1,1,0.6665653
a19,4,1,1,0.59783405
a19,5,1,1,0.708189
a19,6,1,1,0.6749546
a19,7,0,1,0.51039404
a19,8,0,1,0.59463114
a19,9,1,0,0.48676828
a19,10,1,1,0.8700642
a19,11,1,1,0.7648966
a19,12,1,1,0.57816887
a19,13,1,1,0.8397643
a19,14,0,0,0.21763642
a19,15,0,0,0.27215606
a19,16,0,1,0.62267184
a19,17,0,1,0.5048025
a19,18,0,0,0.34337065
a19,19,0,1,0.6656794
a19,20,0,0,0.39304504
a19,21,0,0,0.33304134
a19,22,0,1,0.6264152
a19,23,0,1,0.5373581
a19,24,0,1,0.8472723
a19,25,0,0,0.38631728
a19,26,0,0,0.41953075
a19,27,1,1,0.7644555
a19,28,0,1,0.66823816
a19,29,0,1,0.59669423
a19,30,0,0,0.42686442
a19,31,0,0,0.39217538
a19,32,0,1,0.65119165
a19,33,0,0,0.24432419
a19,34,0,0,0.46894038
a19,35,0,0,0.1490575
a19,36,0,0,0.2977948
a19,37,0,0,0.26738533
a19,38,0,0,0.25494304
a19,39,0,0,0.147366
a19,40,0,0,0.259681
a19,41,0,0,0.15913
a19,42,0,0,0.2779181
a19,43,0,0,0.2013945
a19,44,0,0,0.1428365
a19,45,0,0,0.20978712
a19,46,0,0,0.41200337
a19,47,0,0,0.14015019
a19,48,0,0,0.2420991
a19,49,0,0,0.21656409
a19,50,0,0,0.26328695
a19,51,0,0,0.17883019
a19,52,0,0,0.12525722
a19,53,0,0,0.45676923
a19,54,0,1,0.74760383
a19,55,0,0,0.24192932
a19,56,0,0,0.19176081
a19,57,0,0,0.20487298
a19,58,0,0,0.1466262
a19,59,0,0,0.13275304
a19,60,0,0,0.15015124
a19,61,0,0,0.13820368
a19,62,0,0,0.19229549
a19,63,0,0,0.15186964
a19,64,0,0,0.21844564
a19,65,0,0,0.19029604
a19,66,0,0,0.19197555
a19,67,0,0,0.21398707
a19,68,0,0,0.20139551
a19,69,0,0,0.21977703
a19,70,0,0,0.20250176
a19,71,0,0,0.2479952
a19,72,0,0,0.25267288
a19,73,0,0,0.44011834
a19,74,0,0,0.22355953
a19,75,0,0,0.21632889
a19,76,0,0,0.21528792
a19,77,0,0,0.34440258
a19,78,0,0,0.1847258
a19,79,0,0,0.1903767
a19,80,0,0,0.3105757
a19,81,0,0,0.13224955
a19,82,0,1,0.7684944
a19,83,0,1,0.50783235
a19,84,0,0,0.22418116
a19,85,0,0,0.18274298
a19,86,0,0,0.4070538
a19,87,1,1,0.771425
a19,88,1,0,0.3834573
a19,89,1,0,0.43300086
a19,90,1,1,0.5703083
a19,91,1,1,0.86217755
a19,92,1,1,0.8302018
a19,93,1,1,0.8900484
a19,94,1,1,0.8709963
a19,95,1,1,0.8322041
a19,96,1,1,0.8623046
a19,97,1,1,0.9081915
a19,98,1,1,0.65100884
a19,99,0,1,0.53722143
a19,100,0,0,0.25992194
a19,101,0,0,0.18213311
a19,102,0,0,0.25701806
a19,103,0,0,0.2416625
a19,104,0,1,0.8301221
a19,105,0,0,0.1673581
a19,106,0,0,0.09555108
a19,107,0,0,0.24088459
a19,108,0,1,0.50693923
a19,109,0,1,0.702846
a19,110,0,0,0.09429948
a19,111,0,0,0.14380567
a19,112,0,0,0.09621392
a19,113,0,0,0.11102917
a19,114,0,0,0.089160055
a19,115,0,0,0.1424013
a19,116,0,0,0.13510782
a19,117,0,0,0.096274234
a19,118,0,0,0.09803077
a19,119,0,0,0.19751783
a19,120,0,0,0.09108487
a19,121,0,0,0.073868096
a19,122,0,0,0.07177923
a19,123,0,0,0.067560464
a19,124,0,0,0.11378783
a19,125,0,0,0.073242106
a19,126,0,0,0.070807055
a19,127,0,0,0.07507446
a19,128,0,0,0.09759302
a19,129,0,0,0.10718631
a19,130,0,0,0.10346658
a19,131,0,0,0.09587995
a19,132,0,0,0.12917937
a19,133,0,0,0.10040867
a19,134,0,0,0.0817921
a19,135,0,0,0.09341973
a19,136,0,0,0.19665056
a19,137,0,0,0.117704704
a19,138,0,0,0.06891082
a19,139,0,0,0.20840067
a19,140,0,0,0.13905077
a19,141,0,0,0.14450206
a19,142,0,0,0.092667945
a19,143,0,0,0.12493094
a19,144,0,0,0.076577485
a19,145,0,0,0.08340602
a19,146,0,0,0.05790503
a19,147,0,0,0.1729064
a19,148,0,1,0.6296194
a19,149,1,1,0.722267
a19,150,1,1,0.82521284
a19,151,1,1,0.8529419
a19,152,1,1,0.8753768
a19,153,1,1,0.7968423
a19,154,1,1,0.62474245
a19,155,1,1,0.7271213
a19,156,1,1,0.8658438
a19,157,1,1,0.8522511
a19,158,1,1,0.90477073
a19,159,1,1,0.71538603
a19,160,1,1,0.88027954
a19,161,1,1,0.7966064
a19,162,1,1,0.96021664
a19,163,1,1,0.78827965
a19,164,1,1,0.7460673
a19,165,1,1,0.841442
a19,166,1,1,0.86286056
a19,167,1,1,0.8799502
a19,168,1,1,0.7069415
a19,169,1,1,0.7527504
a19,170,1,1,0.883582
a19,171,1,1,0.93249816
a19,172,1,1,0.7567742
a19,173,1,1,0.7818424
a19,174,1,1,0.78401226
a19,175,1,0,0.31583047
a19,176,0,0,0.1368277
a19,177,0,0,0.105350874
a19,178,0,0,0.19031297
a19,179,0,0,0.16307878
a19,180,0,0,0.09921838
a19,181,0,0,0.13787797
a19,182,0,0,0.49850187
a19,183,0,0,0.21568236
a19,184,0,0,0.16498879
a19,185,0,0,0.09264177
a19,186,0,0,0.16464248
a19,187,0,0,0.12619942
a19,188,0,0,0.1534767
a19,189,0,0,0.22388089
a19,190,0,0,0.12887256
a19,191,0,0,0.14903162
a19,192,0,0,0.1205445
a19,193,0,0,0.12733482
a19,194,0,1,0.5584708
a19,195,1,0,0.2735575
a19,196,0,0,0.1820471
a19,197,0,0,0.10990244
a19,198,0,0,0.11835211
a19,199,0,0,0.1561203
a19,200,0,0,0.08941016
a19,201,0,0,0.14570253
a19,202,0,0,0.13788266
a19,203,0,0,0.10706968
a19,204,0,0,0.15953113
a19,205,0,0,0.08912124
a19,206,0,0,0.105911545
a19,207,0,0,0.19643208
a19,208,0,0,0.13726261
a19,209,0,0,0.098580115
a19,210,0,1,0.616208
a19,211,0,0,0.42019016
a19,212,1,1,0.6973296
a19,213,1,1,0.8812084
a19,214,1,1,0.8259379
a19,215,1,1,0.7344467
a19,216,1,1,0.84184116
a19,217,1,1,0.9049073
a19,218,1,1,0.7600564
a19,219,1,1,0.79869276
a19,220,1,1,0.9126419
a19,221,1,1,0.7865657
a19,222,1,1,0.5328872
a19,223,1,0,0.48631534
a19,224,1,1,0.8283196
a19,225,1,1,0.5945291
a19,226,1,1,0.74716896
a19,227,1,1,0.88207275
a19,228,1,1,0.8362597
a19,229,1,1,0.8746149
a19,230,1,1,0.6682867
a19,231,1,1,0.84728444
a19,232,1,1,0.8793421
a19,233,1,1,0.8798742
a19,234,1,1,0.74934757
a19,235,1,1,0.8714911
a19,236,1,1,0.7947139
a19,237,1,1,0.8688003
a19,238,0,0,0.25235388
a19,239,0,0,0.4866575
a19,240,0,0,0.24386543
a19,241,0,0,0.16725464
a19,242,0,0,0.114315964
a19,243,0,0,0.13317272
a19,244,0,0,0.06755121
a19,245,0,0,0.09420285
a19,246,0,1,0.7625809
a19,247,1,1,0.6140918
a19,248,1,1,0.7857265
a19,249,1,1,0.79460377
a19,250,1,1,0.6845767
a19,251,1,1,0.60057044
a19,252,1,1,0.7088614
a19,253,1,1,0.8691639
a19,254,1,1,0.8691011
a19,255,1,1,0.804472
a19,256,1,1,0.8028874
a19,257,1,1,0.89710605
a19,258,1,1,0.887656
a19,259,1,1,0.88008237
a19,260,1,1,0.88139117
a19,261,1,1,0.85020334
a19,262,1,1,0.8059978
a19,263,1,1,0.920306
a19,264,1,1,0.64920956
a19,265,1,1,0.9184216
a19,266,1,1,0.8511554
a19,267,1,1,0.90664935
a19,268,1,1,0.791833
a19,269,1,1,0.7291442
a19,270,1,1,0.8889941
a19,271,1,1,0.88315415
a19,272,1,1,0.91749597
a19,273,1,1,0.9027296
a19,274,1,1,0.8633014
a19,275,1,1,0.8471362
a19,276,1,1,0.92642576
a19,277,1,1,0.9208555
a19,278,1,1,0.91986364
a19,279,0,0,0.33451384
a19,280,0,0,0.20528626
a19,281,0,0,0.17624766
a19,282,0,0,0.16495052
a19,283,0,0,0.20958617
a19,284,0,0,0.13800077
a19,285,0,0,0.24826059
a19,286,0,0,0.14606816
a19,287,0,0,0.17823325
a19,288,0,0,0.15990138
a19,289,0,0,0.15908325
a19,290,0,0,0.10298942
a19,291,0,0,0.14259106
a19,292,0,0,0.23599999
a19,293,0,0,0.19614935
a19,294,0,0,0.095665425
a19,295,0,0,0.20096244
a19,296,0,0,0.094641946
a19,297,0,0,0.18338439
a19,298,0,0,0.09122024
a19,299,0,0,0.21096139
a19,300,0,0,0.32894713
a19,301,0,0,0.14881724
a19,302,0,0,0.14581187
a19,303,0,0,0.21197107
a19,304,0,0,0.08335397
a19,305,0,0,0.22670048
a19,306,0,0,0.08970364
a19,307,0,0,0.10845685
a19,308,0,0,0.09394025
a19,309,0,0,0.1154269
a19,310,0,0,0.12078564
a19,311,0,0,0.1752294
a19,312,0,0,0.12761602
a19,313,0,1,0.55273247
a19,314,1,1,0.6019017
a19,315,1,1,0.57799846
a19,316,1,1,0.78124756
a19,317,1,1,0.7883971
a19,318,1,1,0.74547434
a19,319,1,1,0.8351252
a19,320,1,1,0.6230519
a19,321,1,1,0.89917725
a19,322,1,1,0.82023764
a19,323,1,1,0.8452626
a19,324,1,1,0.89457464
a19,325,1,1,0.874241
a19,326,1,1,0.9323711
a19,327,1,1,0.8030219
a19,328,1,1,0.8975108
a19,329,1,1,0.9178661
a19,330,1,1,0.7977921
a19,331,1,1,0.73818725
a19,332,1,1,0.8831654
a19,333,1,1,0.8083526
a19,334,1,1,0.8541126
a19,335,1,1,0.9027453
a19,336,1,1,0.9488194
a19,337,1,1,0.9539145
a19,338,1,1,0.796796
a19,339,1,1,0.8680894
a19,340,1,1,0.8856723
a19,341,1,1,0.85402936
a19,342,0,1,0.63203835
a19,343,0,0,0.31646973
a19,344,0,0,0.17497566
a19,345,0,0,0.17037868
a19,346,0,1,0.8727837
a19,347,1,0,0.47536552
a19,348,0,0,0.14113414
a19,349,0,0,0.09507353
a19,350,0,0,0.098673075
a19,351,0,0,0.11549873
a19,352,0,0,0.077903144
a19,353,0,0,0.115492165
a19,354,0,0,0.10624053
a19,355,0,0,0.08960843
a19,356,0,0,0.08736086
a19,357,0,0,0.11269431
a19,358,0,0,0.15319008
a19,359,0,0,0.06695113
a19,360,0,0,0.12680347
a19,361,0,0,0.13253325
a19,362,0,0,0.19779155
a19,363,0,0,0.085227646
a19,364,0,0,0.08228203
a19,365,0,0,0.10473643
a19,366,0,0,0.12920544
a19,367,0,0,0.18610886
a19,368,0,0,0.064586245
a19,369,0,0,0.14838983
a19,370,0,0,0.20109442
a19,371,0,0,0.09255802
a19,372,0,0,0.16259538
a19,373,0,0,0.12568183
a19,374,0,0,0.119071536
a19,375,0,1,0.67085505
a19,376,0,0,0.45143905
a19,377,1,1,0.78766894
a19,378,1,1,0.8993629
a19,379,1,1,0.8227205
a19,380,1,1,0.86225855
a19,381,1,1,0.9348622
a19,382,1,1,0.94266784
a19,383,1,1,0.84419245
a19,384,1,1,0.91119164
a19,385,1,1,0.863064
a19,386,1,1,0.9433552
a19,387,1,1,0.93760926
a19,388,1,1,0.88691616
a19,389,1,1,0.9585197
a19,390,1,1,0.90502626
a19,391,1,1,0.5991892
a19,392,1,1,0.89510864
a19,393,1,1,0.92256737
a19,394,1,0,0.43900663
a19,395,1,1,0.73656315
a19,396,0,1,0.6468084
a19,397,0,0,0.19327085
a19,398,0,0,0.23771396
a19,399,0,0,0.25665143
a19,400,0,0,0.11490648
a19,401,0,0,0.10138953
a19,402,0,0,0.13885455
a19,403,0,0,0.13144581
a19,404,0,0,0.12058551
a19,405,0,0,0.10627355
a19,406,0,0,0.30246392
a19,407,0,0,0.26468435
a19,408,0,0,0.106582
a19,409,0,0,0.08320971
a19,410,0,0,0.2565864
a19,411,0,0,0.28971535
a19,412,0,0,0.32077456
a19,413,0,0,0.27249983
a19,414,0,0,0.2117458
a19,415,0,0,0.11894788
a19,416,0,0,0.15877908
a19,417,0,0,0.07677793
a19,418,0,0,0.1045552
a19,419,0,0,0.09787066
a19,420,0,0,0.07386775
a19,421,0,0,0.44447714
a19,422,0,0,0.1469362
a19,423,0,0,0.19682534
a19,424,0,0,0.111746624
a19,425,0,0,0.22001025
a19,426,0,0,0.20947488
a19,427,0,0,0.11968253
a19,428,0,0,0.12350945
a19,429,0,0,0.11821994
a19,430,0,0,0.084567346
a19,431,0,0,0.091795
a19,432,0,0,0.10812097
a19,433,0,0,0.10431389
a19,434,0,0,0.111507766
a19,435,0,0,0.23299453
a19,436,0,0,0.14153904
a19,437,0,0,0.14325397
a19,438,0,1,0.72247386
a19,439,1,1,0.6767926
a19,440,1,1,0.709398
a19,441,1,1,0.50494856
a19,442,1,1,0.8776955
a19,443,1,1,0.8670363
a19,444,1,1,0.8654445
a19,445,1,1,0.9199355
a19,446,1,1,0.91360295
a19,447,1,1,0.69636154
a19,448,1,1,0.88871056
a19,449,1,1,0.90748316
a19,450,1,1,0.7898359
a19,451,1,1,0.8627189
a19,452,1,1,0.8171803
a19,453,1,1,0.89005727
a19,454,1,1,0.8884439
a19,455,1,0,0.46921223
a19,456,1,0,0.34034958
a19,457,0,1,0.68598044
a19,458,1,1,0.8543585
a19,459,1,1,0.8763821
a19,460,1,1,0.92623115
a19,461,1,1,0.86911505
a19,462,1,1,0.9065249
a19,463,1,1,0.952654
a19,464,1,1,0.8438163
a19,465,1,1,0.67226493
a19,466,0,0,0.24921924
a19,467,0,0,0.48145777
a19,468,0,1,0.54681253
a19,469,0,0,0.14160661
a19,470,0,0,0.24821316
a19,471,0,0,0.20968932
a19,472,0,0,0.448096
a19,473,0,0,0.2572351
a19,474,0,0,0.10821297
a19,475,0,0,0.10542744
a19,476,0,0,0.09109818
a19,477,0,0,0.10505211
a19,478,0,1,0.6991806
a19,479,1,1,0.70911866
a19,480,0,1,0.9158697
a19,481,1,1,0.6169553
a19,482,0,1,0.52797997
a19,483,1,1,0.75019133
a19,484,1,1,0.9033733
a19,485,1,0,0.37037778
a19,486,1,1,0.8823721
a19,487,1,1,0.893052
a19,488,1,1,0.73556155
a19,489,1,1,0.7439086
a19,490,1,1,0.8745691
a19,491,1,1,0.65898025
a19,492,1,1,0.72260624
a19,493,1,1,0.9002587
a19,494,1,1,0.5039804
a19,495,1,1,0.635469
a19,496,1,1,0.8545102
a19,497,1,1,0.84701884
a19,498,1,1,0.7971344
a19,499,1,1,0.903879
a19,500,1,1,0.85578376
a19,501,1,1,0.8190958
a20,1,0,1,0.5038239
a20,2,0,0,0.4159647
a20,3,0,0,0.06111859
a20,4,0,0,0.2991734
a20,5,0,0,0.11505771
a20,6,0,0,0.12524559
a20,7,0,0,0.09646753
a20,8,0,0,0.13871908
a20,9,0,0,0.0651817
a20,10,0,0,0.15093596
a20,11,0,0,0.28420275
a20,12,0,0,0.22147204
a20,13,0,0,0.14551805
a20,14,0,0,0.21309085
a20,15,0,0,0.32832262
a20,16,0,0,0.4620786
a20,17,0,0,0.22961871
a20,18,0,0,0.28115517
a20,19,0,0,0.16298436
a20,20,0,0,0.1065231
a20,21,0,0,0.047166593
a20,22,0,0,0.3787513
a20,23,0,0,0.18404604
a20,24,0,0,0.06698777
a20,25,0,0,0.35935956
a20,26,0,0,0.10928209
a20,27,0,0,0.05755469
a20,28,0,0,0.052193303
a20,29,0,0,0.013921388
a20,30,0,0,0.01513598
a20,31,0,0,0.008257777
a20,32,0,0,0.027737085
a20,33,0,0,0.03664171
a20,34,0,0,0.014962195
a20,35,0,0,0.02433087
a20,36,0,0,0.003513688
a20,37,0,0,0.005996472
a20,38,0,0,0.0062083253
a20,39,0,0,0.0036068077
a20,40,0,0,0.054791693
a20,41,0,0,0.038450923
a20,42,0,0,0.007151509
a20,43,0,0,0.007111217
a20,44,0,0,0.014339645
a20,45,0,0,0.0035453879
a20,46,0,0,0.0051449533
a20,47,0,0,0.0037881704
a20,48,0,0,0.0053530424
a20,49,0,0,0.023707984
a20,50,1,0,0.4648481
a20,51,1,0,0.15253864
a20,52,1,0,0.3103095
a20,53,1,0,0.24139415
a20,54,1,0,0.05624847
a20,55,1,0,0.09409384
a20,56,1,0,0.26664838
a20,57,1,0,0.05691727
a20,58,1,0,0.3627333
a20,59,1,0,0.011253874
a20,60,1,0,0.43060097
a20,61,1,0,0.14388429
a20,62,1,0,0.012353932
a20,63,1,0,0.27649826
a20,64,1,0,0.4396628
a20,65,1,0,0.15194038
a20,66,1,0,0.48255742
a20,67,1,1,0.57331806
a20,68,1,0,0.45492542
a20,69,1,0,0.14272673
a20,70,1,1,0.53549975
a20,71,1,0,0.35049698
a20,72,0,0,0.026043668
a20,73,0,0,0.084100366
a20,74,1,0,0.15580462
a20,75,1,1,0.5155001
a20,76,1,1,0.51509327
a20,77,1,0,0.33805212
a20,78,1,1,0.59879225
a20,79,1,0,0.35454294
a20,80,1,0,0.14037192
a20,81,1,1,0.55535823
a20,82,1,0,0.34517986
a20,83,0,0,0.004203948
a20,84,0,0,0.0027385824
a20,85,0,0,0.0059970664
a20,86,0,0,0.0035819379
a20,87,0,0,0.01245401
a20,88,0,0,0.3824473
a20,89,1,0,0.13455066
a20,90,1,0,0.48107496
a20,91,1,0,0.32798257
a20,92,0,0,0.06906782
a20,93,0,0,0.48764092
a20,94,1,0,0.48518443
a20,95,1,1,0.64393485
a20,96,1,0,0.1251762
a20,97,1,0,0.41339564
a20,98,1,0,0.41354343
a20,99,1,1,0.51803994
a20,100,1,0,0.424062
a20,101,1,0,0.31191996
a20,102,1,1,0.67685795
a20,103,1,1,0.7107132
a20,104,1,0,0.16178934
a20,105,1,0,0.1657069
a20,106,1,1,0.6142018
a20,107,1,0,0.24732736
a20,108,1,0,0.086414926
a20,109,1,0,0.089846745
a20,110,1,0,0.25717464
a20,111,1,0,0.22949438
a20,112,1,0,0.09737881
a20,113,1,0,0.4577865
a20,114,1,1,0.6574984
a20,115,1,1,0.6236424
a20,116,1,1,0.64485174
a20,117,1,1,0.7507294
a20,118,1,1,0.6119245
a20,119,1,1,0.79833674
a20,120,1,1,0.66413385
a20,121,1,0,0.45362777
a20,122,1,1,0.78767425
a20,123,1,0,0.0637561
a20,124,0,0,0.030163873
a20,125,0,0,0.1268023
a20,126,0,0,0.30613017
a20,127,0,0,0.26946068
a20,128,1,0,0.07491018
a20,129,1,0,0.109496325
a20,130,1,0,0.14497302
a20,131,1,0,0.13373022
a20,132,1,0,0.3873434
a20,133,1,0,0.064742416
a20,134,1,0,0.055336
a20,135,0,0,0.034598924
a20,136,0,0,0.06981999
a20,137,0,1,0.58870703
a20,138,1,0,0.4292283
a20,139,1,0,0.48053643
a20,140,1,0,0.42285258
a20,141,1,0,0.11207031
a20,142,1,1,0.69174904
a20,143,1,0,0.22181071
a20,144,1,0,0.47675326
a20,145,1,1,0.56973606
a20,146,1,0,0.37366205
a20,147,1,0,0.24739756
a20,148,1,0,0.4981689
a20,149,1,0,0.108614266
a20,150,1,0,0.32884696
a20,151,1,0,0.49941716
a20,152,1,0,0.41187197
a20,153,1,0,0.4576655
a20,154,1,1,0.6895675
a20,155,1,1,0.67251986
a20,156,1,1,0.6350274
a20,157,1,0,0.4146288
a20,158,1,1,0.63786566
a20,159,1,0,0.37437624
a20,160,1,0,0.39694595
a20,161,1,0,0.40311563
a20,162,1,0,0.48167327
a20,163,1,1,0.6248451
a20,164,1,0,0.43505302
a20,165,1,1,0.537003
a20,166,1,0,0.38100854
a20,167,1,0,0.47197118
a20,168,1,1,0.5260271
a20,169,1,0,0.20035999
a20,170,1,1,0.692764
a20,171,1,0,0.089563124
a20,172,1,1,0.63772374
a20,173,1,0,0.35449
a20,174,1,0,0.30060077
a20,175,1,0,0.4507234
a20,176,1,0,0.43689293
a20,177,1,0,0.25173762
a20,178,1,0,0.30234575
a20,179,1,0,0.32423082
a20,180,1,0,0.24488625
a20,181,1,0,0.09284756
a20,182,1,0,0.41054708
a20,183,1,0,0.38032258
a20,184,1,0,0.06343015
a20,185,1,1,0.6720803
a20,186,1,0,0.029043488
a20,187,1,0,0.17546587
a20,188,1,0,0.3354027
a20,189,0,0,0.042024516
a20,190,0,0,0.07998317
a20,191,1,0,0.17869505
a20,192,1,0,0.097513884
a20,193,1,0,0.49069342
a20,194,1,0,0.21372062
a20,195,0,0,0.019845076
a20,196,0,0,0.025868453
a20,197,0,0,0.18909024
a20,198,1,0,0.056400854
a20,199,1,1,0.58547896
a20,200,0,0,0.00387828
a20,201,0,0,0.003421733
a20,202,0,0,0.0057841004
a20,203,0,0,0.0039137322
a20,204,0,0,0.0084184725
a20,205,0,0,0.019012837
a20,206,1,0,0.0015673543
a20,207,1,0,0.053167176
a20,208,1,0,0.035372782
a20,209,1,0,0.051183745
a20,210,1,0,0.08238726
a20,211,1,0,0.066815816
a20,212,1,0,0.06774522
a20,213,1,0,0.016831122
a20,214,1,0,0.06968895
a20,215,1,0,0.025896054
a20,216,1,0,0.04756537
a20,217,1,0,0.08814247
a20,218,1,0,0.15403548
a20,219,1,0,0.21089284
a20,220,1,0,0.07305627
a20,221,1,0,0.036528043
a20,222,1,0,0.029994303
a20,223,1,0,0.23749238
a20,224,1,0,0.09322868
a20,225,1,0,0.13593045
a20,226,1,0,0.04747099
a20,227,1,1,0.6252947
a20,228,1,0,0.23309708
a20,229,1,0,0.092936605
a20,230,1,1,0.5166077
a20,231,1,0,0.037185587
a20,232,1,0,0.2865794
a20,233,1,0,0.20690453
a20,234,1,0,0.16061217
a20,235,1,0,0.0823329
a20,236,1,0,0.33683214
a20,237,1,0,0.3728299
a20,238,1,0,0.19832069
a20,239,1,0,0.031442095
a20,240,1,0,0.12266296
a20,241,1,0,0.19775708
a20,242,1,0,0.06396953
a20,243,1,0,0.05349231
a20,244,1,0,0.40686005
a20,245,1,0,0.03383274
a20,246,1,0,0.2833002
a20,247,1,0,0.15576154
a20,248,1,0,0.051884368
a20,249,1,0,0.11973958
a20,250,1,0,0.42894313
a20,251,1,0,0.08457924
a20,252,1,0,0.17671695
a20,253,1,0,0.24434716
a20,254,1,0,0.01578611
a20,255,1,0,0.065404385
a20,256,1,0,0.1421475
a20,257,1,0,0.0774183
a20,258,1,1,0.5150307
a20,259,1,0,0.06937274
a20,260,1,1,0.78813595
a20,261,1,0,0.22601582
a20,262,1,0,0.17925107
a20,263,1,0,0.033248127
a20,264,1,0,0.11510027
a20,265,1,0,0.4834021
a20,266,0,0,0.12579358
a20,267,0,0,0.45481926
a20,268,0,0,0.41498536
a20,269,1,0,0.21762961
a20,270,1,0,0.20030862
a20,271,1,0,0.21213958
a20,272,1,0,0.41747296
a20,273,1,0,0.31404814
a20,274,1,0,0.08943138
a20,275,1,0,0.4222172
a20,276,1,0,0.06890432
a20,277,1,0,0.371867
a20,278,1,0,0.031710513
a20,279,1,0,0.081541985
a20,280,1,0,0.26347825
a20,281,0,0,0.0030493597
a20,282,0,0,0.0024145907
a20,283,0,0,0.012442902
a20,284,0,0,0.011320055
a20,285,0,0,0.008196689
a20,286,0,0,0.019596057
a20,287,0,0,0.0067823506
a20,288,0,0,0.014849384
a20,289,0,0,0.017435735
a20,290,0,0,0.006744149
a20,291,0,0,0.009408779
a20,292,0,0,0.007318638
a20,293,0,0,0.024643173
a20,294,1,0,0.4913748
a20,295,1,1,0.55290616
a20,296,1,0,0.19633806
a20,297,1,0,0.31306916
a20,298,1,1,0.54021686
a20,299,1,0,0.16221772
a20,300,1,0,0.076912396
a20,301,0,0,0.074254625
a20,302,0,0,0.28118432
a20,303,0,0,0.11379634
a20,304,0,0,0.081725605
a20,305,0,0,0.06254965
a20,306,0,0,0.05659122
a20,307,0,0,0.055623174
a20,308,0,0,0.046362326
a20,309,0,0,0.034134045
a20,310,0,0,0.16980863
a20,311,0,0,0.13387845
a20,312,0,0,0.054293796
a20,313,0,0,0.07964641
a20,314,0,0,0.135305
a20,315,0,0,0.05733764
a20,316,0,0,0.065536074
a20,317,0,0,0.05911796
a20,318,0,0,0.05721753
a20,319,0,0,0.047525294
a20,320,0,0,0.04542902
a20,321,0,0,0.041685008
a20,322,0,0,0.09878356
a20,323,0,0,0.027082825
a20,324,0,0,0.058606006
a20,325,0,0,0.04421953
a20,326,0,0,0.081695855
a20,327,0,0,0.081217796
a20,328,0,0,0.044273715
a20,329,0,0,0.034606118
a20,330,0,0,0.12187577
a20,331,0,0,0.16123109
a20,332,0,0,0.21795177
a20,333,1,0,0.1339613
a20,334,1,0,0.22232527
a20,335,1,0,0.27291098
a20,336,1,0,0.15522683
a20,337,1,0,0.024170686
a20,338,1,1,0.68368495
a20,339,0,0,0.09834507
a20,340,0,0,0.081144296
a20,341,0,0,0.09153726
a20,342,0,0,0.058750447
a20,343,0,0,0.047906976
a20,344,0,0,0.09147845
a20,345,0,1,0.5297485
a20,346,0,0,0.015324231
a20,347,0,0,0.06432079
a20,348,0,0,0.2991097
a20,349,0,0,0.10534879
a20,350,0,0,0.14053717
a20,351,0,0,0.043601472
a20,352,0,0,0.424403
a20,353,1,0,0.111445785
a20,354,1,0,0.07042851
a20,355,1,0,0.25710785
a20,356,1,0,0.08531024
a20,357,1,0,0.13713565
a20,358,1,0,0.15230398
a20,359,1,0,0.076190874
a20,360,1,0,0.26240382
a20,361,1,0,0.114809245
a20,362,1,0,0.25449654
a20,363,1,0,0.38499004
a20,364,1,0,0.13379356
a20,365,1,0,0.11761259
a20,366,1,0,0.32527512
a20,367,1,0,0.110000834
a20,368,1,0,0.23305327
a20,369,1,0,0.36763948
a20,370,1,0,0.20263137
a20,371,1,0,0.20286526
a20,372,1,0,0.17748344
a20,373,1,0,0.042289216
a20,374,1,0,0.16511022
a20,375,1,0,0.25614226
a20,376,1,0,0.056705162
a20,377,1,0,0.34180447
a20,378,1,1,0.6312329
a20,379,1,0,0.13969073
a20,380,1,1,0.6897721
a20,381,1,0,0.43682694
a20,382,1,1,0.573093
a20,383,1,1,0.7529091
a20,384,1,0,0.304063
a20,385,1,0,0.18291712
a20,386,1,0,0.32198805
a20,387,1,0,0.41387507
a20,388,1,0,0.34344694
a20,389,1,0,0.15547475
a20,390,1,1,0.51540834
a20,391,1,0,0.004779641
a20,392,0,0,0.10884688
a20,393,0,0,0.08738824
a20,394,0,0,0.027410066
a20,395,0,0,0.07517295
a20,396,0,0,0.06026589
a20,397,0,0,0.13179621
a20,398,0,0,0.23018621
a20,399,0,0,0.12725656
a20,400,0,0,0.03598153
a20,401,0,0,0.07549054
a20,402,0,0,0.040485993
a20,403,0,0,0.058071118
a20,404,0,0,0.018358665
a20,405,0,1,0.5336871
a20,406,1,0,0.28327492
a20,407,1,0,0.1126868
a20,408,1,0,0.22969131
a20,409,0,0,0.07783998
a20,410,0,0,0.024599457
a20,411,0,0,0.013607844
a20,412,0,0,0.016227623
a20,413,0,0,0.024799192
a20,414,0,0,0.01844212
a20,415,0,0,0.012823248
a20,416,0,0,0.026738169
a20,417,0,0,0.0149819
a20,418,0,0,0.04411297
a20,419,0,0,0.039366145
a20,420,0,0,0.04421875
a20,421,0,0,0.027659725
a20,422,0,0,0.033879064
a20,423,0,0,0.06345824
a20,424,0,0,0.058008607
a20,425,0,0,0.16434425
a20,426,0,0,0.04677038
a20,427,0,0,0.06110144
a20,428,0,0,0.022539929
a20,429,0,0,0.07428741
a20,430,0,0,0.038587086
a20,431,0,0,0.17937425
a20,432,0,0,0.06351218
a20,433,0,0,0.010098631
a20,434,0,0,0.0072604716
a20,435,0,0,0.008032083
a20,436,0,0,0.008118889
a20,437,0,0,0.020953514
a20,438,0,0,0.052788556
a20,439,0,0,0.1265168
a20,440,1,0,0.33258227
a20,441,1,0,0.15791893
a20,442,1,0,0.146959
a20,443,1,0,0.061854906
a20,444,1,0,0.07433874
a20,445,1,0,0.011864161
a20,446,1,0,0.10766643
a20,447,1,0,0.06489179
a20,448,1,0,0.07759197
a20,449,1,0,0.0878669
a20,450,1,0,0.034586385
a20,451,1,0,0.15706359
a20,452,1,0,0.012174688
a20,453,1,0,0.11788672
a20,454,1,0,0.03459275
a20,455,1,0,0.020887565
a20,456,1,0,0.17564654
a20,457,1,0,0.07662759
a20,458,1,0,0.06667031
a20,459,1,0,0.03342544
a20,460,1,0,0.19462824
a20,461,1,0,0.4120727
a20,462,1,0,0.06340879
a20,463,1,0,0.1947645
a20,464,1,0,0.16697413
a20,465,1,0,0.10730323
a20,466,1,0,0.11904453
a20,467,1,0,0.12089344
a20,468,1,0,0.038734473
a20,469,1,0,0.051419172
a20,470,1,0,0.028538872
a20,471,1,0,0.038726326
a20,472,1,0,0.2638817
a20,473,1,0,0.12648726
a20,474,1,0,0.06370878
a20,475,1,0,0.30152008
a20,476,1,0,0.1460776
a20,477,1,0,0.064149514
a20,478,1,0,0.11193319
a20,479,1,0,0.38631675
a20,480,1,0,0.0372616
a20,481,1,0,0.05225116
a20,482,1,0,0.3277163
a20,483,1,0,0.31088898
a20,484,1,0,0.056933295
a20,485,1,0,0.07669969
a20,486,1,0,0.10974646
a20,487,1,0,0.20198838
a20,488,1,0,0.008823106
a20,489,1,0,0.28520104
a20,490,1,0,0.47379464
a20,491,1,0,0.39463753
a20,492,1,0,0.10160446
a20,493,0,1,0.50282544
a20,494,0,1,0.9176913
a20,495,0,1,0.50278264
a20,496,0,1,0.5161722
a20,497,1,1,0.8425141
a20,498,1,0,0.316382
a20,499,1,0,0.1788637
a20,500,1,0,0.09938763
a20,501,1,0,0.15833014
a20,502,1,1,0.8650221
a20,503,1,0,0.012943853
a20,504,0,0,0.02011687
a20,505,0,0,0.016574817
a20,506,0,0,0.020267501
a20,507,0,1,0.5530173
a20,508,0,0,0.003449205
a20,509,0,1,0.5664079
b01,1,0,0,0.09069162
b01,2,0,0,0.09427684
b01,3,0,0,0.055908386
b01,4,0,1,0.57653266
b01,5,1,0,0.1801209
b01,6,0,0,0.052041814
b01,7,0,0,0.022133157
b01,8,0,0,0.04047379
b01,9,0,0,0.42138183
b01,10,0,0,0.19627005
b01,11,0,0,0.0033044536
b01,12,0,0,0.012265757
b01,13,0,0,0.004793288
b01,14,0,0,0.00046013176
b01,15,0,0,0.00069098285
b01,16,0,0,0.0019479119
b01,17,0,0,0.04297658
b01,18,0,0,0.0022089721
b01,19,0,0,0.0017652425
b01,20,0,0,0.0050073825
b01,21,0,0,0.012877057
b01,22,0,0,0.30951577
b01,23,0,0,0.26502365
b01,24,0,0,0.056730203
b01,25,0,0,0.0097579155
b01,26,0,0,0.0080213975
b01,27,0,0,0.019939007
b01,28,0,1,0.826018
b01,29,0,0,0.0061345473
b01,30,0,0,0.008649504
b01,31,0,0,0.014292456
b01,32,0,0,0.013910972
b01,33,0,0,0.01415618
b01,34,0,0,0.033532813
b01,35,0,1,0.6160448
b01,36,0,0,0.31794596
b01,37,0,1,0.63949114
b01,38,0,0,0.43398413
b01,39,0,1,0.7704318
b01,40,0,0,0.4468378
b01,41,0,1,0.62619936
b01,42,0,0,0.20235021
b01,43,0,0,0.019553445
b01,44,0,0,0.31213704
b01,45,0,0,0.16441236
b01,46,0,0,0.06284817
b01,47,0,0,0.017366027
b01,48,0,1,0.54989964
b01,49,0,0,0.009833176
b01,50,0,0,0.29866868
b01,51,0,0,0.007511669
b01,52,0,1,0.6513212
b01,53,0,0,0.026804617
b01,54,0,0,0.013497673
b01,55,0,0,0.032827016
b01,56,0,0,0.0096237445
b01,57,0,0,0.009229219
b01,58,0,0,0.020179218
b01,59,0,0,0.0354993
b01,60,0,0,0.013989643
b01,61,0,0,0.050600518
b01,62,0,0,0.33829418
b01,63,0,1,0.8272382
b01,64,0,1,0.5295318
b01,65,0,1,0.76888615
b01,66,0,1,0.57892656
b01,67,0,1,0.76132685
b01,68,0,0,0.07387229
b01,69,0,0,0.07047738
b01,70,0,0,0.03233479
b01,71,0,0,0.014913122
b01,72,0,0,0.057629663
b01,73,0,0,0.04263412
b01,74,0,0,0.047160484
b01,75,0,0,0.10572773
b01,76,0,0,0.05818604
b01,77,0,0,0.07206418
b01,78,0,0,0.07026061
b01,79,0,0,0.09682034
b01,80,0,0,0.07080773
b01,81,0,0,0.10867718
b01,82,0,0,0.06745122
b01,83,0,0,0.06371902
b01,84,0,0,0.0605919
b01,85,0,0,0.08148233
b01,86,0,0,0.07733949
b01,87,0,0,0.10120697
b01,88,0,0,0.13382338
b01,89,0,0,0.11581561
b01,90,0,0,0.09377049
b01,91,0,0,0.10503716
b01,92,0,0,0.13923424
b01,93,0,0,0.10262881
b01,94,0,0,0.08801788
b01,95,0,0,0.12280015
b01,96,0,0,0.08671553
b01,97,0,0,0.16769357
b01,98,0,0,0.3631855
b01,99,0,0,0.43633115
b01,100,0,0,0.3772073
b01,101,0,0,0.22123605
b01,102,0,1,0.77012485
b01,103,0,0,0.4863992
b01,104,0,0,0.16881424
b01,105,0,0,0.14587997
b01,106,0,0,0.15333182
b01,107,0,0,0.21293357
b01,108,0,0,0.19572715
b01,109,0,0,0.098813064
b01,110,0,0,0.06402791
b01,111,0,0,0.050673332
b01,112,0,0,0.24709871
b01,113,0,0,0.10129209
b01,114,0,0,0.077570274
b01,115,0,0,0.11044285
b01,116,0,0,0.052840732
b01,117,0,0,0.15858278
b01,118,0,0,0.10356972
b01,119,0,0,0.20338288
b01,120,0,0,0.16166334
b01,121,0,0,0.23117872
b01,122,0,0,0.34364346
b01,123,0,0,0.42954797
b01,124,0,0,0.17226064
b01,125,0,0,0.34166983
b01,126,0,1,0.9068199
b01,127,0,0,0.39641258
b01,128,0,0,0.38029122
b01,129,0,0,0.0696202
b01,130,0,0,0.082687415
b01,131,0,0,0.073600315
b01,132,0,0,0.09235284
b01,133,0,0,0.07140146
b01,134,0,1,0.7304276
b01,135,1,1,0.7073522
b01,136,0,0,0.07518703
b01,137,0,0,0.11534825
b01,138,0,0,0.05455776
b01,139,0,0,0.03247692
b01,140,0,0,0.04610094
b01,141,0,0,0.054069556
b01,142,0,0,0.049745772
b01,143,0,0,0.045496695
b01,144,0,0,0.09982238
b01,145,0,0,0.04542335
b01,146,0,0,0.039307177
b01,147,0,0,0.054824546
b01,148,0,0,0.039385993
b01,149,0,0,0.042573877
b01,150,0,0,0.046431117
b01,151,0,0,0.043100525
b01,152,0,0,0.048662376
b01,153,0,0,0.04133474
b01,154,0,0,0.047663357
b01,155,0,0,0.06126317
b01,156,0,0,0.047710225
b01,157,0,0,0.054950748
b01,158,0,1,0.887836
b01,159,1,1,0.76470304
b01,160,1,1,0.7650106
b01,161,1,0,0.26697794
b01,162,1,1,0.53730744
b01,163,0,1,0.6393651
b01,164,0,1,0.5752411
b01,165,0,1,0.80528706
b01,166,0,0,0.3181635
b01,167,0,0,0.028713493
b01,168,0,0,0.18676457
b01,169,0,0,0.46934053
b01,170,0,0,0.024540186
b01,171,0,1,0.7769306
b01,172,0,0,0.070153885
b01,173,0,0,0.1797368
b01,174,0,0,0.32932347
b01,175,0,0,0.35743615
b01,176,0,0,0.4153995
b01,177,0,0,0.04393337
b01,178,0,1,0.80650264
b01,179,0,0,0.17376432
b01,180,0,1,0.5458265
b01,181,0,0,0.11222427
b01,182,0,1,0.5324778
b01,183,0,0,0.44249874
b01,184,0,1,0.56927675
b01,185,0,0,0.24732007
b01,186,0,1,0.73911226
b01,187,0,0,0.43330464
b01,188,0,0,0.231841
b01,189,0,1,0.5884606
b01,190,0,0,0.28492352
b01,191,0,0,0.3367829
b01,192,0,0,0.22024901
b01,193,0,0,0.16578697
b01,194,0,0,0.26884574
b01,195,0,0,0.37901703
b01,196,0,0,0.22830667
b01,197,0,0,0.2686679
b01,198,0,0,0.14483534
b01,199,0,0,0.1429107
b01,200,0,0,0.18294062
b01,201,0,0,0.24110347
b01,202,0,0,0.2423052
b01,203,0,0,0.1523081
b01,204,0,0,0.13712992
b01,205,0,0,0.20786713
b01,206,0,0,0.19809768
b01,207,0,0,0.3385689
b01,208,0,0,0.21696906
b01,209,0,0,0.16210291
b01,210,0,0,0.27791983
b01,211,0,0,0.17994724
b01,212,0,0,0.20415856
b01,213,0,0,0.2962138
b01,214,0,0,0.1796523
b01,215,0,0,0.17682046
b01,216,0,0,0.3624636
b01,217,0,0,0.2146079
b01,218,0,1,0.7099027
b01,219,0,0,0.21801111
b01,220,0,1,0.74370044
b01,221,0,0,0.4665432
b01,222,0,0,0.2022108
b01,223,0,0,0.12459969
b01,224,0,0,0.13245861
b01,225,0,0,0.16920675
b01,226,0,0,0.12512182
b01,227,0,1,0.8584659
b01,228,0,0,0.12073003
b01,229,0,0,0.1513797
b01,230,0,0,0.13176195
b01,231,0,0,0.14154215
b01,232,0,0,0.09179072
b01,233,0,0,0.088289194
b01,234,0,0,0.08100322
b01,235,0,0,0.06667678
b01,236,0,0,0.09559553
b01,237,0,0,0.042721894
b01,238,0,0,0.14848441
b01,239,0,0,0.17220746
b01,240,0,0,0.15083049
b01,241,0,0,0.1121477
b01,242,0,0,0.1218411
b01,243,0,0,0.1812487
b01,244,0,0,0.13166757
b01,245,0,0,0.21472351
b01,246,0,0,0.23274475
b01,247,0,0,0.12968138
b01,248,0,0,0.09726899
b01,249,0,0,0.21872799
b01,250,0,0,0.19825664
b01,251,0,0,0.15822569
b01,252,0,0,0.17370537
b01,253,0,0,0.15995628
b01,254,0,0,0.08526281
b01,255,0,0,0.18997887
b01,256,0,0,0.11494698
b01,257,0,0,0.16960251
b01,258,0,0,0.10566842
b01,259,0,0,0.11793224
b01,260,0,0,0.13577667
b01,261,0,0,0.17447208
b01,262,0,0,0.22262633
b01,263,0,0,0.14805712
b01,264,0,0,0.14587727
b01,265,0,0,0.27776647
b01,266,0,0,0.11830972
b01,267,0,0,0.13961534
b01,268,0,0,0.16245542
b01,269,0,0,0.07889627
b01,270,0,0,0.17271653
b01,271,0,0,0.2905112
b01,272,0,0,0.23801756
b01,273,0,1,0.67951185
b01,274,0,1,0.63086003
b01,275,0,0,0.2895299
b01,276,0,0,0.4083906
b01,277,0,1,0.51459247
b01,278,0,0,0.39203107
b01,279,0,0,0.048787806
b01,280,0,0,0.19773422
b01,281,0,0,0.28033668
b01,282,0,0,0.21994585
b01,283,0,0,0.18604547
b01,284,0,0,0.41497067
b01,285,0,0,0.21504913
b01,286,0,0,0.31617433
b01,287,0,0,0.23296739
b01,288,0,0,0.10517084
b01,289,0,0,0.2414218
b01,290,0,0,0.16230418
b01,291,0,0,0.24850865
b01,292,0,0,0.4587719
b01,293,0,0,0.10570413
b01,294,0,0,0.14555292
b01,295,0,0,0.12588516
b01,296,0,0,0.13180733
b01,297,0,0,0.19146179
b01,298,0,0,0.3488267
b01,299,0,0,0.28188863
b01,300,0,0,0.32710525
b01,301,0,0,0.3614465
b01,302,0,0,0.19308677
b01,303,0,0,0.23787276
b01,304,0,0,0.16758342
b01,305,0,1,0.6127272
b01,306,0,0,0.16508397
b01,307,0,0,0.3691865
b01,308,0,0,0.123892054
b01,309,0,0,0.11386555
b01,310,0,0,0.47758925
b01,311,0,0,0.06998079
b01,312,0,1,0.5179964
b01,313,0,0,0.063890785
b01,314,0,1,0.6871296
b01,315,0,0,0.2140247
b01,316,0,0,0.47946072
b01,317,0,0,0.09310335
b01,318,0,0,0.13778146
b01,319,0,0,0.14976075
b01,320,0,0,0.10731947
b01,321,0,0,0.114339165
b01,322,0,0,0.06353473
b01,323,0,0,0.06232142
b01,324,0,0,0.07768075
b01,325,0,0,0.061262432
b01,326,0,0,0.123161025
b01,327,0,0,0.03236814
b01,328,0,0,0.06673654
b01,329,0,0,0.056168485
b01,330,0,0,0.06428581
b01,331,0,0,0.040432245
b01,332,0,0,0.062138487
b01,333,0,0,0.019646162
b01,334,0,0,0.067380935
b01,335,0,0,0.024424333
b01,336,0,0,0.06916396
b01,337,0,0,0.057229273
b01,338,0,1,0.6261056
b01,339,1,1,0.7840444
b01,340,0,0,0.031616446
b01,341,0,0,0.055492766
b01,342,0,0,0.09210174
b01,343,0,0,0.10495586
b01,344,0,1,0.7885022
b01,345,0,1,0.7157432
b01,346,0,1,0.6437151
b01,347,0,0,0.22740263
b01,348,0,0,0.15090935
b01,349,0,1,0.64027333
b01,350,0,0,0.4547847
b01,351,0,1,0.5037937
b01,352,0,0,0.06405244
b01,353,0,0,0.031891473
b01,354,0,0,0.27640435
b01,355,0,0,0.183863
b01,356,0,1,0.7463585
b01,357,0,0,0.07174914
b01,358,0,0,0.04705479
b01,359,0,0,0.07155145
b01,360,0,0,0.14618507
b01,361,0,0,0.18004213
b01,362,0,1,0.82349676
b01,363,0,0,0.2379075
b01,364,0,0,0.47809675
b01,365,0,0,0.4857183
b01,366,0,0,0.04997301
b01,367,0,0,0.047658257
b01,368,0,1,0.5377911
b01,369,0,0,0.0336103
b01,370,0,0,0.1732598
b01,371,0,0,0.052212503
b01,372,0,0,0.09350398
b01,373,0,0,0.18693353
b01,374,0,0,0.26364544
b01,375,0,0,0.23458427
b01,376,0,0,0.33486366
b01,377,0,1,0.59103984
b01,378,0,0,0.32790998
b01,379,0,0,0.19574305
b01,380,0,0,0.20268011
b01,381,0,0,0.23421343
b01,382,0,0,0.35162023
b01,383,0,0,0.20896305
b01,384,0,0,0.15035872
b01,385,0,0,0.4199112
b01,386,0,1,0.54278916
b01,387,0,0,0.4752148
b01,388,0,0,0.460848
b01,389,0,0,0.070223875
b01,390,0,0,0.42675862
b01,391,0,0,0.27151686
b01,392,0,0,0.30792323
b01,393,0,0,0.2734699
b01,394,0,0,0.20157214
b01,395,0,0,0.3674809
b01,396,0,0,0.09477598
b01,397,0,0,0.16611134
b01,398,0,0,0.19314846
b01,399,0,0,0.3267214
b01,400,0,1,0.578818
b01,401,0,0,0.2976244
b01,402,0,0,0.44814748
b01,403,0,0,0.23714468
b01,404,0,0,0.15420187
b01,405,0,0,0.14808851
b01,406,0,0,0.024906682
b01,407,0,1,0.53894424
b01,408,0,0,0.03297417
b01,409,0,0,0.02492321
b01,410,0,0,0.3484628
b01,411,0,0,0.074448675
b01,412,0,1,0.70943576
b01,413,0,0,0.013816367
b01,414,0,0,0.15920514
b01,415,0,0,0.14677593
b01,416,0,0,0.087446
b01,417,0,1,0.9150332
b01,418,0,0,0.46015352
b01,419,0,1,0.75375277
b01,420,1,1,0.8851487
b01,421,1,1,0.90507257
b01,422,0,0,0.038587935
b01,423,0,1,0.53651386
b01,424,0,1,0.8535213
b01,425,1,1,0.6799257
b01,426,1,1,0.82496744
b01,427,1,1,0.88376564
b01,428,1,0,0.4006611
b01,429,1,1,0.78165746
b01,430,1,0,0.41177243
b01,431,1,1,0.79144156
b01,432,1,0,0.3840537
b01,433,1,0,0.41644254
b01,434,1,0,0.12873685
b01,435,0,0,0.13918169
b01,436,0,0,0.4512345
b01,437,0,1,0.6820685
b01,438,0,0,0.10864086
b01,439,0,1,0.5321953
b01,440,0,0,0.069072
b01,441,0,0,0.14208736
b01,442,0,0,0.27527237
b01,443,0,0,0.12468989
b01,444,0,0,0.0544653
b01,445,0,1,0.5741647
b01,446,0,0,0.028310789
b01,447,0,0,0.013128719
b01,448,0,0,0.0041302633
b01,449,0,0,0.008576216
b01,450,0,0,0.025239255
b01,451,0,0,0.008614094
b01,452,0,0,0.03101409
b01,453,0,0,0.021347862
b01,454,0,0,0.013118703
b01,455,0,0,0.013566794
b01,456,0,0,0.016281256
b01,457,0,0,0.07266019
b01,458,0,0,0.35104823
b01,459,0,1,0.5655021
b01,460,0,0,0.026567033
b01,461,0,0,0.056991674
b01,462,0,0,0.034127686
b01,463,0,0,0.007410292
b01,464,0,0,0.050446756
b01,465,0,0,0.037051614
b01,466,0,0,0.040392987
b01,467,0,0,0.046908136
b01,468,0,0,0.04579871
b01,469,0,0,0.084300585
b01,470,0,0,0.076568335
b01,471,0,0,0.03730531
b01,472,0,0,0.15371853
b01,473,0,0,0.17463206
b01,474,0,0,0.14746957
b01,475,0,0,0.29774395
b01,476,0,0,0.08659635
b01,477,0,0,0.075868376
b01,478,0,0,0.061468434
b01,479,0,0,0.3731825
b01,480,0,0,0.028092755
b01,481,0,0,0.2172763
b01,482,0,1,0.52126604
b01,483,0,0,0.34344643
b01,484,0,0,0.0626277
b01,485,0,1,0.56428075
b01,486,0,0,0.14531422
b02,1,0,0,0.14269036
b02,2,0,0,0.14170681
b02,3,0,0,0.41824558
b02,4,0,0,0.17380424
b02,5,0,0,0.07439542
b02,6,0,0,0.46763897
b02,7,0,0,0.19302545
b02,8,0,0,0.2866806
b02,9,0,0,0.051157385
b02,10,0,0,0.20842439
b02,11,0,0,0.20911655
b02,12,0,0,0.23381044
b02,13,0,0,0.18949886
b02,14,0,0,0.063310824
b02,15,0,0,0.21410388
b02,16,0,0,0.14303413
b02,17,0,0,0.08685354
b02,18,0,0,0.23448576
b02,19,0,0,0.11125753
b02,20,0,0,0.35499322
b02,21,0,0,0.20473042
b02,22,0,0,0.17830709
b02,23,0,0,0.18901128
b02,24,0,0,0.12114225
b02,25,0,0,0.17123957
b02,26,0,1,0.6756301
b02,27,0,0,0.21029073
b02,28,0,0,0.34700263
b02,29,0,0,0.2490124
b02,30,0,0,0.045394126
b02,31,0,0,0.17822768
b02,32,0,0,0.16562727
b02,33,0,0,0.35477793
b02,34,0,0,0.28267726
b02,35,0,0,0.39912054
b02,36,0,0,0.08331
b02,37,0,0,0.08289045
b02,38,0,0,0.012319054
b02,39,0,0,0.1372175
b02,40,0,1,0.51166797
b02,41,0,0,0.14555207
b02,42,0,0,0.10891651
b02,43,0,0,0.108303316
b02,44,0,0,0.07291521
b02,45,0,0,0.21251297
b02,46,0,0,0.15520266
b02,47,0,0,0.18908085
b02,48,0,0,0.22316861
b02,49,0,0,0.19192113
b02,50,0,0,0.4445182
b02,51,0,0,0.030223021
b02,52,0,0,0.111803554
b02,53,0,0,0.22488798
b02,54,0,0,0.3251792
b02,55,0,0,0.4252033
b02,56,0,0,0.40041447
b02,57,0,0,0.3884065
b02,58,0,0,0.15339567
b02,59,0,0,0.089658916
b02,60,0,0,0.049891677
b02,61,0,0,0.21236019
b02,62,0,0,0.06350274
b02,63,0,0,0.115023136
b02,64,0,0,0.12303192
b02,65,0,0,0.10448337
b02,66,0,0,0.13943191
b02,67,0,0,0.18374369
b02,68,0,0,0.24158408
b02,69,0,0,0.17079866
b02,70,0,0,0.27599087
b02,71,0,0,0.1102114
b02,72,0,0,0.042322755
b02,73,0,0,0.13842118
b02,74,0,0,0.1796501
b02,75,0,0,0.2525662
b02,76,0,0,0.23406148
b02,77,0,0,0.34190646
b02,78,1,1,0.7541142
b02,79,1,1,0.8538839
b02,80,1,1,0.78136593
b02,81,1,1,0.5743187
b02,82,1,1,0.6866745
b02,83,1,1,0.67543733
b02,84,1,1,0.74744
b02,85,1,1,0.71906626
b02,86,1,1,0.52793545
b02,87,1,1,0.6765791
b02,88,1,1,0.67520297
b02,89,1,1,0.61678725
b02,90,1,1,0.7138357
b02,91,1,1,0.6155564
b02,92,1,1,0.71604013
b02,93,1,1,0.69997525
b02,94,1,1,0.60661244
b02,95,1,1,0.6779051
b02,96,1,0,0.41825092
b02,97,1,1,0.5422388
b02,98,1,1,0.54514635
b02,99,1,1,0.58436364
b02,100,1,0,0.109835014
b02,101,0,0,0.26624608
b02,102,0,0,0.11593595
b02,103,0,0,0.08320875
b02,104,0,0,0.23838381
b02,105,0,0,0.08937589
b02,106,0,0,0.11169442
b02,107,0,0,0.034263663
b02,108,0,0,0.038238738
b02,109,0,0,0.03903129
b02,110,0,0,0.019188501
b02,111,0,0,0.05278637
b02,112,0,0,0.11402315
b02,113,0,0,0.11434544
b02,114,0,0,0.040786304
b02,115,0,0,0.16267896
b02,116,0,0,0.021060107
b02,117,0,0,0.0259613
b02,118,0,0,0.24637009
b02,119,0,0,0.3404421
b02,120,0,0,0.14562665
b02,121,0,0,0.094887376
b02,122,0,0,0.027584663
b02,123,0,0,0.17527604
b02,124,0,0,0.06844009
b02,125,0,0,0.031647358
b02,126,0,0,0.021358974
b02,127,0,0,0.12232682
b02,128,0,0,0.30052975
b02,129,0,0,0.07427274
b02,130,0,0,0.11770609
b02,131,0,0,0.139635
b02,132,0,0,0.059834998
b02,133,0,0,0.25199676
b02,134,0,0,0.07034103
b02,135,0,0,0.06828268
b02,136,0,0,0.13042177
b02,137,0,0,0.2086797
b02,138,0,0,0.33682504
b02,139,1,0,0.48722243
b02,140,0,0,0.20024882
b02,141,0,0,0.10986445
b02,142,0,0,0.15752158
b02,143,0,0,0.13261339
b02,144,0,0,0.062185034
b02,145,0,0,0.044530183
b02,146,0,0,0.03561848
b02,147,0,0,0.14284368
b02,148,0,0,0.030783271
b02,149,0,0,0.05642902
b02,150,0,0,0.02601857
b02,151,0,0,0.17133325
b02,152,0,0,0.031955935
b02,153,0,0,0.03798555
b02,154,0,0,0.04001953
b02,155,0,0,0.05553002
b02,156,0,0,0.03500061
b02,157,0,0,0.073490225
b02,158,1,1,0.86564845
b02,159,1,1,0.64489734
b02,160,1,0,0.073739365
b02,161,0,0,0.040733542
b02,162,0,0,0.07546032
b02,163,0,0,0.066609405
b02,164,0,0,0.058358822
b02,165,0,0,0.07253659
b02,166,0,0,0.056772
b02,167,0,0,0.046042763
b02,168,0,0,0.035673276
b02,169,0,1,0.6615527
b02,170,0,1,0.7622153
b02,171,0,1,0.5641248
b02,172,0,1,0.7812497
b02,173,0,0,0.42127913
b02,174,0,0,0.06537454
b02,175,0,0,0.057545118
b02,176,0,0,0.09722393
b02,177,0,0,0.16859275
b02,178,0,0,0.024723696
b02,179,0,0,0.077100836
b02,180,0,0,0.09059559
b02,181,0,0,0.028221842
b02,182,0,0,0.027280046
b02,183,0,0,0.015984664
b02,184,0,0,0.03473807
b02,185,0,0,0.11077207
b02,186,0,0,0.0150483465
b02,187,0,0,0.012848238
b02,188,0,0,0.026478486
b02,189,0,0,0.04029064
b02,190,0,0,0.04927705
b02,191,0,0,0.027113713
b02,192,0,0,0.06846674
b02,193,0,0,0.15514442
b02,194,1,0,0.07819814
b02,195,0,0,0.06150729
b02,196,0,0,0.36894774
b02,197,0,0,0.19169508
b02,198,0,1,0.5184356
b02,199,0,0,0.3703195
b02,200,0,0,0.20857158
b02,201,0,0,0.15048479
b02,202,0,0,0.20016085
b02,203,0,0,0.17150615
b02,204,0,0,0.2982963
b02,205,0,0,0.45958227
b02,206,0,1,0.60705775
b02,207,0,0,0.20179316
b02,208,0,0,0.20690939
b02,209,0,0,0.02251822
b02,210,0,0,0.045842417
b02,211,0,0,0.12542933
b02,212,0,0,0.2647173
b02,213,0,0,0.23014136
b02,214,0,0,0.109631255
b02,215,0,0,0.38670802
b02,216,0,1,0.7398651
b02,217,0,0,0.030814225
b02,218,0,0,0.17711855
b02,219,0,0,0.30609742
b02,220,0,1,0.606907
b02,221,0,0,0.32958204
b02,222,0,0,0.32791027
b02,223,1,1,0.563201
b02,224,1,1,0.574844
b02,225,1,1,0.71018064
b02,226,1,1,0.5761658
b02,227,1,1,0.62635064
b02,228,1,0,0.16625501
b02,229,1,1,0.57944226
b02,230,1,0,0.07182785
b02,231,0,0,0.07233399
b02,232,0,0,0.060364958
b02,233,0,0,0.09493209
b02,234,0,0,0.09729956
b02,235,0,0,0.10966028
b02,236,0,0,0.12051179
b02,237,0,0,0.112361304
b02,238,0,0,0.15761353
b02,239,0,0,0.04110238
b02,240,0,0,0.09081048
b02,241,0,0,0.13784401
b02,242,0,0,0.18911134
b02,243,0,0,0.039725963
b02,244,0,0,0.1894353
b02,245,0,0,0.09572739
b02,246,0,0,0.07904079
b02,247,0,0,0.08798772
b02,248,0,0,0.124193996
b02,249,0,0,0.18229575
b02,250,0,0,0.096535385
b02,251,0,0,0.12646438
b02,252,0,0,0.47747383
b02,253,0,0,0.16824086
b02,254,0,0,0.18933238
b02,255,0,0,0.1756421
b02,256,0,0,0.28212267
b02,257,0,0,0.16831216
b02,258,0,0,0.24262899
b02,259,0,0,0.24305658
b02,260,0,0,0.15672304
b02,261,0,0,0.3029667
b02,262,0,0,0.43389243
b02,263,0,0,0.19134805
b02,264,1,0,0.45961526
b02,265,1,0,0.35552615
b02,266,1,0,0.49834207
b02,267,0,0,0.12645413
b02,268,0,0,0.10748459
b02,269,0,0,0.30725372
b02,270,0,0,0.0942422
b02,271,0,0,0.27122644
b02,272,0,0,0.19031289
b02,273,0,0,0.11872313
b02,274,0,0,0.018490944
b02,275,0,0,0.15998833
b02,276,0,0,0.019523801
b02,277,0,0,0.07014889
b02,278,0,0,0.15924929
b02,279,0,0,0.086960286
b02,280,0,0,0.49411196
b02,281,1,0,0.32742548
b02,282,1,1,0.6300452
b02,283,1,0,0.072411686
b02,284,0,0,0.06200991
b02,285,0,0,0.09657142
b02,286,0,0,0.24005803
b02,287,0,0,0.0852711
b02,288,0,0,0.047097955
b02,289,0,0,0.07179925
b02,290,0,0,0.4006944
b02,291,0,0,0.22347975
b02,292,0,0,0.2977454
b02,293,0,0,0.35455355
b02,294,0,0,0.31955135
b02,295,0,0,0.21233296
b02,296,0,0,0.4185114
b02,297,0,0,0.33306584
b02,298,0,1,0.6237514
b02,299,0,0,0.05440897
b02,300,0,0,0.39407343
b02,301,0,1,0.50363255
b02,302,0,0,0.37113693
b02,303,0,1,0.5517462
b02,304,0,1,0.57367575
b02,305,0,0,0.43869564
b02,306,0,0,0.34317732
b02,307,0,1,0.7341017
b02,308,0,0,0.1693069
b02,309,0,0,0.40270463
b02,310,0,1,0.70685685
b02,311,0,0,0.26842976
b02,312,0,1,0.5860542
b02,313,0,1,0.6944917
b02,314,0,1,0.5354167
b02,315,0,1,0.5440526
b02,316,0,1,0.5782198
b02,317,0,1,0.708195
b02,318,0,1,0.6572244
b02,319,0,1,0.5703946
b02,320,0,1,0.5509193
b02,321,0,1,0.5883638
b02,322,0,1,0.8205287
b02,323,0,1,0.5968008
b02,324,0,1,0.63795424
b02,325,0,0,0.4714267
b02,326,0,1,0.7595806
b02,327,0,1,0.8054724
b02,328,0,1,0.60176
b02,329,0,1,0.78593576
b02,330,0,0,0.42263934
b02,331,0,0,0.268361
b02,332,0,0,0.44720125
b02,333,0,1,0.8014148
b02,334,0,1,0.64334613
b02,335,0,0,0.08644114
b02,336,0,0,0.15987287
b02,337,0,0,0.077416636
b02,338,0,0,0.18350029
b02,339,0,0,0.42052907
b02,340,0,1,0.65831834
b02,341,0,0,0.24712212
b02,342,0,0,0.21727122
b02,343,1,1,0.70868886
b02,344,1,1,0.6550954
b02,345,1,0,0.46148223
b02,346,1,1,0.69736755
b02,347,1,1,0.82062745
b02,348,1,1,0.65917933
b02,349,1,0,0.26809642
b02,350,1,1,0.90320766
b02,351,1,1,0.8400475
b02,352,1,1,0.7417987
b02,353,1,1,0.8757853
b02,354,1,1,0.6562222
b02,355,1,1,0.90062195
b02,356,1,1,0.81397784
b02,357,1,0,0.11871337
b02,358,0,1,0.5034116
b02,359,0,0,0.4607586
b02,360,0,0,0.415728
b02,361,0,1,0.6085843
b02,362,0,1,0.6628964
b02,363,0,1,0.60861874
b02,364,0,1,0.6751869
b02,365,0,1,0.54418415
b02,366,0,1,0.621544
b02,367,1,1,0.87242854
b02,368,1,1,0.740771
b02,369,0,1,0.78917295
b02,370,0,1,0.6081114
b02,371,0,1,0.74813706
b02,372,0,1,0.7860812
b02,373,0,1,0.7922166
b02,374,0,1,0.6245243
b02,375,0,1,0.5208663
b02,376,0,1,0.67041737
b02,377,0,1,0.728932
b02,378,0,1,0.81903213
b02,379,0,1,0.749341
b02,380,0,1,0.75174487
b02,381,0,1,0.7140186
b02,382,0,1,0.64970183
b02,383,0,1,0.54314816
b02,384,0,1,0.59528226
b02,385,0,0,0.35691768
b02,386,0,1,0.85386515
b02,387,0,1,0.52177745
b02,388,0,1,0.6357187
b02,389,0,1,0.60799855
b02,390,0,0,0.23465425
b02,391,0,1,0.68075866
b02,392,0,0,0.49169466
b02,393,0,1,0.844649
b02,394,0,0,0.2776876
b02,395,0,0,0.29594347
b02,396,0,0,0.31996533
b02,397,0,1,0.8683668
b02,398,0,1,0.58549345
b02,399,0,1,0.6657014
b02,400,0,1,0.8323981
b02,401,0,0,0.43393537
b02,402,0,0,0.1593885
b02,403,0,1,0.66387933
b02,404,0,0,0.24972309
b02,405,0,1,0.6080997
b02,406,0,1,0.7594228
b02,407,0,1,0.82730126
b02,408,0,1,0.52578855
b02,409,0,0,0.29567593
b02,410,0,0,0.08365879
b02,411,0,0,0.44587743
b02,412,0,0,0.110277995
b02,413,0,0,0.17332749
b02,414,0,0,0.1764555
b02,415,0,0,0.25919586
b02,416,0,0,0.42185876
b02,417,0,1,0.6385552
b02,418,0,0,0.34131187
b02,419,0,0,0.14996059
b02,420,0,1,0.8836937
b02,421,1,1,0.6817917
b02,422,1,1,0.6640886
b02,423,1,1,0.7950452
b02,424,1,1,0.9249924
b02,425,1,1,0.8268751
b02,426,1,1,0.83379203
b02,427,1,0,0.40297616
b02,428,1,1,0.66493464
b02,429,1,1,0.75913066
b02,430,1,1,0.8286967
b02,431,1,1,0.737681
b02,432,1,1,0.72623056
b02,433,1,0,0.19996598
b02,434,1,1,0.6484851
b02,435,1,1,0.78691983
b02,436,1,1,0.8599944
b02,437,1,1,0.81323195
b02,438,1,0,0.25029576
b02,439,1,0,0.04967896
b02,440,0,0,0.034642614
b02,441,0,0,0.025902154
b02,442,1,0,0.35957065
b02,443,1,0,0.30565998
b02,444,1,0,0.20838286
b02,445,1,0,0.080166265
b02,446,1,0,0.4324428
b02,447,1,0,0.14575112
b02,448,0,0,0.012075598
b02,449,0,0,0.03254155
b02,450,0,0,0.009730888
b02,451,0,0,0.42046723
b02,452,1,0,0.3854208
b02,453,1,0,0.1132468
b02,454,1,0,0.0847681
b02,455,0,0,0.046261806
b02,456,0,0,0.03484576
b02,457,0,0,0.019016622
b02,458,0,0,0.020764487
b02,459,0,0,0.04640928
b02,460,0,0,0.08128183
b02,461,0,0,0.297786
b02,462,0,0,0.03430377
b02,463,0,0,0.2799598
b02,464,0,0,0.015054574
b02,465,0,0,0.06051883
b02,466,0,0,0.20138673
b02,467,0,0,0.022506835
b02,468,0,0,0.01589441
b02,469,0,0,0.048472278
b02,470,0,0,0.30853027
b02,471,0,0,0.01817868
b02,472,0,0,0.04958787
b02,473,0,0,0.18525358
b02,474,1,1,0.63022894
b02,475,1,1,0.6148462
b02,476,1,0,0.17225699
b02,477,1,0,0.14667411
b02,478,1,0,0.053928252
b02,479,1,0,0.27698532
b02,480,0,0,0.12257802
b02,481,0,0,0.02058225
b02,482,0,0,0.19013536
b02,483,0,0,0.027109863
b02,484,0,0,0.06379348
b02,485,0,0,0.039740123
b02,486,0,0,0.1867609
b02,487,0,0,0.08553744
b02,488,0,0,0.08540147
b02,489,0,0,0.041816343
b02,490,0,0,0.12422987
b02,491,0,0,0.08872363
b02,492,0,0,0.09329251
b02,493,0,0,0.15966608
b02,494,0,0,0.06598549
b02,495,0,0,0.0577969
b02,496,0,0,0.06106541
b02,497,0,0,0.14188373
b02,498,0,0,0.32871404
b02,499,0,0,0.27479944
b02,500,0,0,0.1092733
b02,501,0,0,0.061146457
b02,502,0,0,0.05732646
b02,503,0,0,0.1294523
b02,504,0,0,0.22525069
b02,505,0,0,0.08026801
b02,506,0,0,0.09365438
b02,507,0,0,0.1004159
b02,508,0,0,0.05122284
b02,509,0,0,0.14315516
b02,510,0,0,0.09156461
b02,511,0,0,0.0725607
b02,512,0,0,0.23032826
b02,513,0,0,0.1473272
b02,514,0,0,0.0687702
b02,515,0,0,0.23580927
b02,516,0,0,0.015507622
b03,1,0,0,0.020198273
b03,2,0,0,0.15898179
b03,3,0,0,0.033335265
b03,4,0,0,0.04560019
b03,5,0,0,0.35317886
b03,6,0,0,0.025884975
b03,7,0,0,0.13282755
b03,8,0,0,0.21672201
b03,9,0,0,0.08663103
b03,10,0,0,0.21648723
b03,11,0,1,0.7381688
b03,12,0,0,0.41526744
b03,13,0,1,0.55369943
b03,14,0,0,0.13335738
b03,15,0,0,0.31505394
b03,16,0,0,0.2622364
b03,17,0,0,0.31374443
b03,18,0,0,0.17614777
b03,19,0,0,0.17919075
b03,20,0,0,0.20129251
b03,21,0,0,0.22729576
b03,22,0,0,0.134529
b03,23,0,0,0.24683377
b03,24,0,0,0.45817026
b03,25,0,0,0.26900753
b03,26,0,0,0.22729802
b03,27,0,0,0.19330296
b03,28,0,0,0.21720184
b03,29,0,0,0.4904896
b03,30,0,0,0.23052557
b03,31,0,0,0.24177633
b03,32,0,0,0.32946846
b03,33,0,0,0.18217038
b03,34,0,0,0.16020676
b03,35,0,0,0.17729759
b03,36,0,0,0.1812568
b03,37,0,0,0.1554193
b03,38,0,0,0.24669352
b03,39,0,0,0.26017717
b03,40,0,0,0.20074736
b03,41,0,0,0.21584003
b03,42,0,0,0.17964171
b03,43,0,0,0.16382088
b03,44,0,0,0.35734013
b03,45,0,0,0.39696047
b03,46,0,0,0.30626267
b03,47,0,0,0.31786624
b03,48,0,0,0.20088181
b03,49,0,0,0.27466783
b03,50,0,0,0.2711213
b03,51,0,0,0.22709233
b03,52,0,0,0.22578704
b03,53,0,0,0.19832145
b03,54,0,0,0.2796885
b03,55,0,0,0.19965857
b03,56,0,0,0.21052048
b03,57,0,0,0.15298846
b03,58,0,0,0.24527086
b03,59,0,1,0.674855
b03,60,0,0,0.31299588
b03,61,0,0,0.35072362
b03,62,0,0,0.36258054
b03,63,0,0,0.29702055
b03,64,0,0,0.284723
b03,65,0,0,0.29920483
b03,66,0,0,0.25994322
b03,67,0,0,0.18776399
b03,68,0,0,0.29707742
b03,69,0,1,0.5368456
b03,70,0,0,0.345102
b03,71,0,0,0.4852958
b03,72,0,0,0.23515323
b03,73,0,0,0.2642876
b03,74,0,0,0.24305265
b03,75,0,0,0.21723247
b03,76,0,0,0.30023998
b03,77,0,0,0.36695457
b03,78,0,0,0.24057487
b03,79,0,0,0.2935326
b03,80,0,0,0.35810816
b03,81,0,0,0.3056294
b03,82,0,0,0.4080826
b03,83,0,0,0.23254152
b03,84,0,0,0.35593912
b03,85,0,0,0.31396037
b03,86,0,0,0.3450547
b03,87,0,0,0.42240557
b03,88,0,0,0.4207594
b03,89,0,0,0.19121449
b03,90,0,0,0.18433027
b03,91,0,0,0.42535776
b03,92,0,0,0.20987408
b03,93,0,0,0.28511265
b03,94,0,0,0.46747777
b03,95,0,1,0.5687712
b03,96,0,1,0.5633194
b03,97,0,1,0.84230787
b03,98,1,1,0.8880188
b03,99,1,1,0.7101372
b03,100,1,1,0.7691708
b03,101,1,1,0.7851619
b03,102,1,1,0.8433993
b03,103,0,0,0.4961205
b03,104,0,0,0.21688162
b03,105,0,0,0.20971207
b03,106,0,0,0.2016879
b03,107,0,0,0.1802413
b03,108,0,0,0.21433857
b03,109,0,0,0.23516762
b03,110,0,0,0.15842207
b03,111,0,0,0.25959477
b03,112,0,0,0.14573026
b03,113,0,0,0.3451289
b03,114,0,0,0.37309685
b03,115,0,0,0.2777417
b03,116,0,0,0.30452016
b03,117,0,0,0.2661638
b03,118,0,0,0.1904418
b03,119,0,0,0.3802079
b03,120,0,0,0.25827768
b03,121,0,0,0.17539245
b03,122,0,0,0.25005716
b03,123,0,0,0.17375645
b03,124,0,0,0.1862066
b03,125,0,0,0.20689622
b03,126,0,0,0.2315873
b03,127,0,0,0.17219047
b03,128,0,0,0.19247809
b03,129,0,0,0.25740156
b03,130,0,0,0.15356717
b03,131,0,0,0.18586913
b03,132,0,0,0.23698871
b03,133,0,0,0.23233368
b03,134,0,0,0.2711593
b03,135,0,0,0.3354981
b03,136,0,0,0.3846461
b03,137,0,0,0.3778647
b03,138,0,0,0.26391783
b03,139,0,0,0.27311403
b03,140,0,0,0.33024862
b03,141,0,0,0.21913658
b03,142,0,0,0.34868404
b03,143,0,0,0.46145025
b03,144,0,0,0.23324828
b03,145,0,0,0.3627604
b03,146,0,0,0.26235628
b03,147,0,0,0.33955792
b03,148,0,0,0.19344878
b03,149,0,0,0.29135945
b03,150,0,0,0.26118612
b03,151,0,0,0.17352223
b03,152,0,0,0.23463815
b03,153,0,0,0.19295804
b03,154,0,0,0.15570357
b03,155,0,0,0.17929643
b03,156,0,0,0.44520134
b03,157,0,0,0.19258022
b03,158,0,0,0.19016144
b03,159,0,0,0.3848974
b03,160,0,1,0.7307319
b03,161,0,1,0.6215354
b03,162,0,0,0.4656965
b03,163,0,1,0.85800934
b03,164,1,1,0.8558707
b03,165,1,1,0.8468327
b03,166,1,1,0.5876293
b03,167,1,1,0.8272418
b03,168,1,1,0.7027153
b03,169,1,1,0.5550595
b03,170,1,1,0.8469898
b03,171,1,1,0.62231386
b03,172,1,1,0.617646
b03,173,0,0,0.24396078
b03,174,0,0,0.24426702
b03,175,0,0,0.23689109
b03,176,0,0,0.18697225
b03,177,0,0,0.19972914
b03,178,0,0,0.26181158
b03,179,0,0,0.28134382
b03,180,0,0,0.17859934
b03,181,0,0,0.18997014
b03,182,0,0,0.17359716
b03,183,0,0,0.20654616
b03,184,0,0,0.15987408
b03,185,0,0,0.3018406
b03,186,0,0,0.23586409
b03,187,0,0,0.257885
b03,188,0,0,0.26339012
b03,189,0,0,0.17195
b03,190,0,0,0.3262421
b03,191,0,0,0.22387563
b03,192,0,0,0.29276946
b03,193,0,0,0.31664085
b03,194,0,0,0.35674018
b03,195,0,0,0.30014652
b03,196,0,0,0.26139656
b03,197,0,0,0.34606794
b03,198,0,0,0.44195917
b03,199,0,0,0.3520122
b03,200,0,0,0.29517063
b03,201,0,0,0.22511686
b03,202,0,0,0.2728363
b03,203,0,0,0.27181315
b03,204,0,0,0.30435556
b03,205,0,0,0.24082677
b03,206,0,0,0.2700009
b03,207,0,0,0.16419342
b03,208,0,0,0.2591992
b03,209,0,0,0.25762105
b03,210,0,0,0.25234303
b03,211,0,0,0.26509163
b03,212,0,0,0.3808472
b03,213,0,0,0.27980128
b03,214,0,0,0.12568367
b03,215,0,0,0.1335662
b03,216,0,0,0.090055734
b03,217,0,0,0.39556935
b03,218,0,0,0.2337047
b03,219,0,0,0.24847825
b03,220,0,0,0.3108068
b03,221,0,0,0.17677957
b03,222,0,0,0.184807
b03,223,0,0,0.43026003
b03,224,0,0,0.39194655
b03,225,1,0,0.38442996
b03,226,1,1,0.8813642
b03,227,1,1,0.8537917
b03,228,1,1,0.7331498
b03,229,1,1,0.92353797
b03,230,1,1,0.9204138
b03,231,1,1,0.7922374
b03,232,1,1,0.8832728
b03,233,1,1,0.838538
b03,234,1,1,0.5887221
b03,235,1,1,0.710139
b03,236,1,1,0.94288653
b03,237,1,0,0.36673996
b03,238,1,1,0.85704803
b03,239,1,0,0.3995346
b03,240,0,0,0.25573757
b03,241,0,0,0.35746142
b03,242,0,0,0.23908873
b03,243,0,0,0.40506122
b03,244,0,0,0.40958968
b03,245,0,0,0.28854656
b03,246,0,0,0.2805385
b03,247,0,0,0.22741747
b03,248,0,0,0.306389
b03,249,0,0,0.22703765
b03,250,0,0,0.20660102
b03,251,0,0,0.2614612
b03,252,0,0,0.3436199
b03,253,0,0,0.25864524
b03,254,0,0,0.29246482
b03,255,0,0,0.23604728
b03,256,0,0,0.3701703
b03,257,1,0,0.39215896
b03,258,0,0,0.33559516
b03,259,0,0,0.3327366
b03,260,0,0,0.3170999
b03,261,0,0,0.26512688
b03,262,0,0,0.32802764
b03,263,0,0,0.2760796
b03,264,0,0,0.40311918
b03,265,1,1,0.5049261
b03,266,0,0,0.42888606
b03,267,0,0,0.4162077
b03,268,0,0,0.26783726
b03,269,0,0,0.29034534
b03,270,0,0,0.27991742
b03,271,0,0,0.3701355
b03,272,0,0,0.44101602
b03,273,0,0,0.3114622
b03,274,0,0,0.37807453
b03,275,0,0,0.30641717
b03,276,0,0,0.2806216
b03,277,0,0,0.3123378
b03,278,0,0,0.26932737
b03,279,0,0,0.31682265
b03,280,0,0,0.3436382
b03,281,0,0,0.2980889
b03,282,0,0,0.46649796
b03,283,0,0,0.2914958
b03,284,0,0,0.45279047
b03,285,0,0,0.46502417
b03,286,0,0,0.31252068
b03,287,0,0,0.2941099
b03,288,0,0,0.2848881
b03,289,0,0,0.2526148
b03,290,0,0,0.4118002
b03,291,0,0,0.30664825
b03,292,0,0,0.3448196
b03,293,0,0,0.23331994
b03,294,0,0,0.37129468
b03,295,0,0,0.26235244
b03,296,0,0,0.24416259
b03,297,0,0,0.44836468
b03,298,0,0,0.43698192
b03,299,0,0,0.27651468
b03,300,0,0,0.2754066
b03,301,0,0,0.2827837
b03,302,0,0,0.42491123
b03,303,0,0,0.4387496
b03,304,0,0,0.41960177
b03,305,0,0,0.4035243
b03,306,0,0,0.3942461
b03,307,0,0,0.4524792
b03,308,1,1,0.9029444
b03,309,1,1,0.81410515
b03,310,1,1,0.73610973
b03,311,1,1,0.6355423
b03,312,0,0,0.39568868
b03,313,0,0,0.23726502
b03,314,1,1,0.58703387
b03,315,0,0,0.4152873
b03,316,0,0,0.34421423
b03,317,0,0,0.30320492
b03,318,0,0,0.3787017
b03,319,0,0,0.35442162
b03,320,0,0,0.33382946
b03,321,0,0,0.39103514
b03,322,0,0,0.31997564
b03,323,0,0,0.38787872
b03,324,0,0,0.2490322
b03,325,0,0,0.43801355
b03,326,0,0,0.37361032
b03,327,0,1,0.5036983
b03,328,0,0,0.36368808
b03,329,0,0,0.421815
b03,330,0,0,0.38220507
b03,331,0,0,0.29779205
b03,332,0,0,0.38850313
b03,333,0,0,0.29554147
b03,334,0,0,0.40755022
b03,335,0,0,0.45412254
b03,336,0,0,0.44900924
b03,337,0,0,0.26309812
b03,338,0,1,0.57179433
b03,339,0,0,0.36786842
b03,340,0,0,0.34734127
b03,341,0,0,0.45476416
b03,342,0,0,0.31688517
b03,343,0,0,0.26259497
b03,344,0,0,0.4193246
b03,345,0,0,0.29199862
b03,346,0,0,0.3441704
b03,347,0,1,0.54040146
b03,348,0,0,0.47388864
b03,349,0,0,0.28234512
b03,350,0,0,0.35513896
b03,351,0,0,0.47586995
b03,352,0,0,0.30740845
b03,353,0,0,0.36753142
b03,354,0,1,0.5602402
b03,355,0,0,0.43052983
b03,356,0,0,0.43455914
b03,357,0,0,0.3372089
b03,358,0,1,0.5522867
b03,359,0,0,0.32408828
b03,360,0,0,0.37226972
b03,361,0,1,0.51159996
b03,362,0,1,0.5457012
b03,363,0,0,0.24474247
b03,364,0,0,0.23644434
b03,365,0,0,0.36942306
b03,366,0,1,0.5374293
b03,367,0,0,0.20987187
b03,368,0,0,0.24484909
b03,369,0,0,0.37084943
b03,370,0,0,0.39880326
b03,371,0,0,0.25697577
b03,372,0,0,0.42432794
b03,373,0,1,0.54817563
b03,374,1,1,0.7157955
b03,375,1,1,0.91661453
b03,376,1,1,0.86625403
b03,377,1,1,0.9536508
b03,378,1,1,0.8937553
b03,379,1,1,0.80718887
b03,380,1,1,0.9299875
b03,381,1,1,0.8195012
b03,382,1,1,0.862424
b03,383,1,1,0.9243679
b03,384,1,1,0.8853663
b03,385,1,1,0.86734086
b03,386,1,0,0.15320611
b03,387,1,1,0.957625
b03,388,1,1,0.9260362
b03,389,1,1,0.9038081
b03,390,1,1,0.9050708
b03,391,1,1,0.9363844
b03,392,1,1,0.9458616
b03,393,1,1,0.86243165
b03,394,1,1,0.78389853
b03,395,1,0,0.30490458
b03,396,1,1,0.89104795
b03,397,1,1,0.95217365
b03,398,1,1,0.81177104
b03,399,1,1,0.9201427
b03,400,1,1,0.91568196
b03,401,1,1,0.94112176
b03,402,1,1,0.6874027
b03,403,0,0,0.35172158
b03,404,0,1,0.59230274
b03,405,0,1,0.5304981
b03,406,0,0,0.4707137
b03,407,0,1,0.578704
b03,408,0,0,0.42974153
b03,409,0,0,0.4305602
b03,410,0,0,0.39027774
b03,411,0,0,0.4828417
b03,412,0,0,0.36683154
b03,413,0,1,0.57078105
b03,414,0,1,0.55050534
b03,415,0,1,0.50768256
b03,416,0,1,0.5417199
b03,417,0,0,0.4153718
b03,418,0,1,0.52607393
b03,419,0,1,0.56706023
b03,420,0,0,0.47516853
b03,421,0,1,0.5075335
b03,422,0,0,0.4859831
b03,423,0,0,0.46084458
b03,424,0,1,0.6114785
b03,425,1,0,0.3231893
b03,426,0,1,0.5643256
b03,427,0,1,0.6258908
b03,428,0,1,0.50035733
b03,429,0,1,0.53546727
b03,430,1,0,0.38629755
b03,431,0,1,0.62305063
b03,432,0,1,0.636859
b03,433,0,1,0.58463186
b03,434,1,1,0.8905387
b03,435,1,1,0.68706864
b03,436,1,1,0.8497203
b03,437,1,0,0.3041933
b03,438,1,1,0.8832659
b03,439,1,0,0.25134453
b03,440,0,1,0.568711
b04,3,0,0,8.0432903e-07
b04,4,0,1,0.99721694
b04,8,0,0,0.39519984
b04,9,0,0,0.07672686
b04,10,0,0,0.02808261
b04,11,0,0,0.037497822
b04,12,0,0,0.06318676
b04,13,0,0,0.14386855
b04,14,0,0,0.061272364
b04,15,0,0,0.23291337
b04,16,0,0,0.00067148387
b04,17,0,0,0.017441226
b04,18,0,0,0.19947922
b04,19,0,0,0.034586973
b04,20,0,0,0.06978847
b04,21,0,0,0.19179992
b04,22,0,0,0.20155822
b04,23,0,0,0.037001215
b04,24,0,0,0.0644911
b04,25,0,0,0.111724265
b04,26,0,0,0.15955256
b04,27,0,0,0.05957672
b04,28,0,0,0.14045443
b04,29,0,0,0.06922821
b04,30,0,0,0.15473779
b04,31,0,0,0.05210533
b04,32,0,0,0.06439707
b04,33,0,0,0.15907757
b04,34,0,0,0.02462049
b04,35,0,0,0.2387939
b04,36,0,0,0.38599
b04,37,0,0,0.21107988
b04,38,0,0,0.32465702
b04,39,0,0,0.20326212
b04,40,0,0,0.0781539
b04,41,0,0,0.13805771
b04,42,0,0,0.01607131
b04,43,0,0,0.36449063
b04,44,0,0,0.03565677
b04,45,0,0,0.22209638
b04,46,0,0,0.20512776
b04,47,0,0,0.13529018
b04,48,0,0,0.030431626
b04,49,0,0,0.10826641
b04,50,0,0,0.18822366
b04,51,0,0,0.13995561
b04,52,0,0,0.017532213
b04,53,0,0,0.052468497
b04,54,0,0,0.43248335
b04,55,0,0,0.06927378
b04,56,0,0,0.07807989
b04,57,0,0,0.08285988
b04,58,0,0,0.17222832
b04,59,0,0,0.4602439
b04,60,0,0,0.23324706
b04,61,0,0,0.045980368
b04,62,0,0,0.13750187
b04,63,0,0,0.25490808
b04,64,0,1,0.8503776
b04,65,0,0,0.23917077
b04,66,0,0,0.096193664
b04,67,0,0,0.2634034
b04,68,0,0,0.12037407
b04,69,0,0,0.049850747
b04,70,0,0,0.28664172
b04,71,0,0,0.090062045
b04,72,0,0,0.16772611
b04,73,0,0,0.05772383
b04,74,0,0,0.102671295
b04,75,0,0,0.12136942
b04,76,0,0,0.099511184
b04,77,0,0,0.36452946
b04,78,0,0,0.025534306
b04,79,0,0,0.2806935
b04,80,0,0,0.06284079
b04,81,0,0,0.0026870486
b04,82,0,0,0.0012227066
b04,83,0,0,0.022910507
b04,84,0,0,0.007978006
b04,85,0,0,0.056184243
b04,86,0,0,0.029328136
b04,87,0,0,0.0068196417
b04,88,0,0,0.044585437
b04,89,0,0,0.025055025
b04,90,0,0,0.01343209
b04,91,0,0,0.0017353294
b04,92,0,0,0.004661139
b04,93,0,0,0.003958811
b04,94,0,0,0.019529723
b04,95,0,0,0.006853913
b04,96,0,0,0.00381328
b04,97,0,0,0.074568264
b04,98,0,0,0.006669731
b04,99,0,0,0.028897256
b04,100,0,0,0.0144277755
b04,101,0,0,0.0015616794
b04,102,0,0,0.003945658
b04,103,0,0,0.0017905096
b04,104,0,0,0.05999685
b04,105,0,0,0.052180354
b04,106,0,0,0.2336893
b04,107,0,1,0.5837242
b04,108,0,0,0.38062024
b04,109,0,0,0.3455369
b04,110,0,0,0.23669991
b04,111,0,1,0.5204315
b04,112,0,1,0.59807646
b04,113,0,1,0.58432025
b04,114,0,1,0.5356037
b04,115,0,0,0.033879668
b04,116,0,0,0.06785886
b04,117,0,0,0.051364835
b04,118,0,0,0.2849136
b04,119,0,0,0.041004907
b04,120,0,0,0.13029574
b04,121,0,0,0.17481217
b04,122,0,0,0.027931813
b04,123,0,0,0.011732559
b04,124,0,0,0.28360048
b04,125,0,0,0.3122282
b04,126,0,0,0.007315905
b04,127,0,0,0.04182413
b04,128,0,0,0.07980211
b04,129,0,0,0.1096191
b04,130,0,0,0.02955455
b04,131,0,1,0.5111369
b04,132,0,0,0.076959394
b04,133,0,0,0.08668691
b04,134,0,0,0.06912828
b04,135,1,0,0.08570715
b04,136,1,0,0.05689723
b04,137,1,0,0.06316052
b04,138,1,0,0.035029072
b04,139,1,1,0.52476466
b04,140,0,0,0.3693863
b04,141,0,1,0.5389758
b04,142,0,0,0.11730006
b04,143,0,0,0.20719267
b04,144,0,0,0.021616608
b04,145,0,0,0.060935434
b04,146,0,0,0.2937218
b04,147,0,0,0.10324395
b04,148,0,0,0.021345492
b04,149,0,0,0.062287014
b04,150,0,0,0.0089589255
b04,151,0,0,0.03619533
b04,152,0,0,0.015192801
b04,153,0,0,0.040763076
b04,154,0,0,0.054101504
b04,155,0,0,0.044050567
b04,156,0,0,0.021955775
b04,157,0,0,0.11076881
b04,158,0,0,0.030130407
b04,159,0,0,0.07434315
b04,160,0,0,0.017619958
b04,161,0,0,0.04334445
b04,162,0,0,0.0071646846
b04,163,0,0,0.030994184
b04,164,0,0,0.09306393
b04,165,0,0,0.03573278
b04,166,0,0,0.12455824
b04,167,0,0,0.035962015
b04,168,0,0,0.04045038
b04,169,0,0,0.018276779
b04,170,0,0,0.008807866
b04,171,0,0,0.029252065
b04,172,0,0,0.0120506855
b04,173,0,0,0.11633612
b04,174,0,0,0.01923644
b04,175,0,0,0.11562948
b04,176,0,0,0.042885352
b04,177,0,0,0.005086353
b04,178,0,0,0.013041108
b04,179,0,0,0.050955232
b04,180,0,0,0.011247238
b04,181,0,0,0.038847677
b04,182,0,0,0.024015982
b04,183,0,0,0.00903118
b04,184,0,0,0.021786332
b04,185,0,0,0.004654869
b04,186,0,0,0.0090049775
b04,187,0,0,0.0073377853
b04,188,0,0,0.015219921
b04,189,0,0,0.0053593116
b04,190,0,0,0.020030653
b04,191,0,0,0.03621814
b04,192,0,0,0.014233648
b04,193,0,0,0.009020045
b04,194,0,0,0.019011948
b04,195,0,0,0.00803543
b04,196,0,0,0.01000371
b04,197,0,0,0.023110881
b04,198,0,0,0.0053435727
b04,199,0,0,0.047444563
b04,200,0,0,0.0038747855
b04,201,0,0,0.013413928
b04,202,0,0,0.0060114404
b04,203,0,0,0.036639385
b04,204,0,0,0.02490384
b04,205,0,0,0.13972478
b04,206,0,0,0.0067026503
b04,207,0,0,0.09828496
b04,208,0,0,0.010794558
b04,209,0,0,0.05476975
b04,210,0,0,0.0314282
b04,211,0,0,0.024990305
b04,212,0,0,0.15422814
b04,213,0,0,0.021245599
b04,214,0,0,0.044023085
b04,215,0,0,0.03594839
b04,216,0,0,0.04196426
b04,217,0,0,0.0035587007
b04,218,0,0,0.29198366
b04,219,0,0,0.05830268
b04,220,0,0,0.12312522
b04,221,0,0,0.059763245
b04,222,0,0,0.01660419
b04,223,0,0,0.04436289
b04,224,0,0,0.04083519
b04,225,0,0,0.035765644
b04,226,0,0,0.0203157
b04,227,0,0,0.084291756
b04,228,0,0,0.05207026
b04,229,0,0,0.2721877
b04,230,0,0,0.092431135
b04,231,0,0,0.31345224
b04,232,0,1,0.68113756
b04,233,0,0,0.39087498
b04,234,0,0,0.0487638
b04,235,0,0,0.075863995
b04,236,0,0,0.110994205
b04,237,1,0,0.44150066
b04,238,1,0,0.05996184
b04,239,0,0,0.053856146
b04,240,0,0,0.008805826
b04,241,0,1,0.6651297
b04,242,0,1,0.5881205
b04,243,0,1,0.8565934
b04,244,0,0,0.4365425
b04,245,0,0,0.3316513
b04,246,0,1,0.6359475
b04,247,0,1,0.70582706
b04,248,0,0,0.3978953
b04,249,0,0,0.41105998
b04,250,0,0,0.377954
b04,251,0,0,0.3461378
b04,252,0,1,0.64320177
b04,253,0,1,0.70958215
b04,254,0,0,0.0041748453
b04,255,0,0,0.015878776
b04,256,0,0,0.027991803
b04,257,0,0,0.027665243
b04,258,0,0,0.017065613
b04,259,0,0,0.0101273665
b04,260,0,0,0.010927593
b04,261,0,0,0.019140538
b04,262,0,0,0.008428629
b04,263,0,0,0.0013779129
b04,264,0,0,0.028674528
b04,265,0,0,0.018754248
b04,266,0,0,0.0062365937
b04,267,0,0,0.006148603
b04,268,0,0,0.0051287264
b04,269,0,0,0.008896135
b04,270,0,0,0.033244535
b04,271,0,0,0.016968384
b04,272,0,0,0.007845627
b04,273,0,0,0.004754534
b04,274,0,0,0.02644189
b04,275,0,0,0.006913499
b04,276,0,0,0.008385674
b04,277,0,0,0.0027354264
b04,278,0,0,0.0030517408
b04,279,0,0,0.014552712
b04,280,0,0,0.018055292
b04,281,0,0,0.03873181
b04,282,0,0,0.023813361
b04,283,0,0,0.022280572
b04,284,0,0,0.036371402
b04,285,0,0,0.036621574
b04,286,0,0,0.012120512
b04,287,0,0,0.03476524
b04,288,0,0,0.012756137
b04,289,0,0,0.015084263
b04,290,0,0,0.019405311
b04,291,0,0,0.057368603
b04,292,0,0,0.013378849
b04,293,0,0,0.06814204
b04,294,0,0,0.027751144
b04,295,0,0,0.025981281
b04,296,0,0,0.34769621
b04,297,0,0,0.03161891
b04,298,0,0,0.08120299
b04,299,0,0,0.015618748
b04,300,0,0,0.061257657
b04,301,0,0,0.040363297
b04,302,0,0,0.121309794
b04,303,0,0,0.08381799
b04,304,0,0,0.026299622
b04,305,0,0,0.053518742
b04,306,0,0,0.1050642
b04,307,0,0,0.053390052
b04,308,0,0,0.08129812
b04,309,0,0,0.16348648
b04,310,0,0,0.08009544
b04,311,0,0,0.1440099
b04,312,0,0,0.21324053
b04,313,0,0,0.49507102
b04,314,0,0,0.27911827
b04,315,0,0,0.1674932
b04,316,0,0,0.0134546105
b04,317,0,0,0.2106025
b04,318,0,0,0.17248671
b04,319,0,1,0.5096604
b04,320,0,0,0.08587439
b04,321,0,1,0.66747314
b04,322,0,0,0.2687983
b04,323,0,0,0.23734482
b04,324,0,0,0.2525641
b04,325,0,0,0.063414015
b04,326,0,0,0.4810633
b04,327,0,0,0.28008422
b04,328,0,0,0.37254998
b04,329,0,1,0.850073
b04,330,0,0,0.23488429
b04,331,0,1,0.5335981
b04,332,0,1,0.63930637
b04,333,0,0,0.33642292
b04,334,0,0,0.29554012
b04,335,0,0,0.1785717
b04,336,0,1,0.57308406
b04,337,0,0,0.19426753
b04,338,0,0,0.27830523
b04,339,0,0,0.14022326
b04,340,0,0,0.07339423
b04,341,0,0,0.05974911
b04,342,0,0,0.022716084
b04,343,0,0,0.15535218
b04,344,0,0,0.017025243
b04,345,0,0,0.10516561
b04,346,0,0,0.018568438
b04,347,0,0,0.031940524
b04,348,0,0,0.02379449
b04,349,0,0,0.024795774
b04,350,0,0,0.01514299
b04,351,0,0,0.31328306
b04,352,1,0,0.017802054
b04,353,1,0,0.0044846023
b04,354,1,0,0.32517916
b04,355,0,0,0.3694367
b04,356,0,0,0.058937225
b04,357,0,0,0.1780696
b04,358,0,0,0.123111896
b04,359,0,0,0.09674327
b04,360,0,0,0.112420365
b04,361,0,0,0.11075369
b04,362,0,0,0.05100744
b04,363,0,0,0.14940569
b04,364,0,0,0.026550105
b04,365,0,0,0.100860246
b04,366,0,0,0.15058757
b04,367,0,0,0.02725982
b04,368,0,0,0.13032846
b04,369,0,0,0.031228885
b04,370,0,0,0.13757324
b04,371,0,0,0.0526846
b04,372,0,0,0.15706848
b04,373,0,0,0.082291044
b04,374,0,0,0.038184196
b04,375,0,1,0.6860298
b04,376,0,0,0.2407564
b04,377,0,0,0.0350438
b04,378,0,0,0.020118272
b04,379,0,0,0.05056917
b04,380,0,0,0.040177602
b04,381,0,0,0.03290118
b04,382,0,0,0.017563006
b04,383,0,0,0.044203907
b04,384,0,0,0.011459794
b04,385,0,0,0.025148395
b04,386,0,0,0.01931252
b04,387,0,0,0.009385082
b04,388,0,0,0.06146855
b04,389,0,0,0.030101987
b04,390,0,0,0.10566076
b04,391,0,0,0.12336368
b04,392,0,0,0.07438062
b04,393,0,1,0.6266951
b04,394,0,0,0.031869315
b04,395,0,1,0.8031408
b04,396,0,0,0.08231726
b04,397,0,0,0.015073265
b04,398,0,0,0.017192123
b04,399,0,0,0.018402185
b04,400,0,0,0.019931486
b04,401,0,0,0.015964553
b04,402,0,0,0.028052522
b04,403,0,0,0.023624452
b04,404,0,0,0.046061404
b04,405,0,0,0.024567332
b04,406,0,0,0.016182097
b04,407,0,0,0.015482526
b04,408,0,0,0.023037087
b04,409,0,0,0.0056316936
b04,410,0,1,0.83881927
b04,411,0,0,0.43524635
b04,412,0,0,0.042875603
b04,413,0,0,0.38955185
b04,414,0,0,0.18459587
b04,415,0,0,0.07958687
b04,416,0,0,0.2093705
b04,417,0,0,0.019823037
b04,418,0,0,0.1331913
b04,419,0,0,0.10317628
b04,420,0,0,0.02760603
b04,421,0,0,0.011262818
b04,422,0,0,0.084791504
b04,423,0,0,0.3901563
b04,424,0,0,0.11681517
b04,425,0,0,0.038418785
b04,426,0,0,0.114169344
b04,427,0,0,0.05080369
b04,428,0,0,0.055085104
b05,1,0,0,0.3116502
b05,2,0,0,0.21111408
b05,3,0,1,0.6701662
b05,4,0,0,0.14352635
b05,5,0,0,0.46474952
b05,6,0,0,0.45235458
b05,7,0,0,0.29428172
b05,8,0,0,0.074906394
b05,9,0,1,0.69236827
b05,10,0,0,0.09789199
b05,11,0,1,0.69365185
b05,12,0,1,0.5320261
b05,13,0,1,0.5832535
b05,14,0,0,0.15758748
b05,15,0,0,0.29524025
b05,16,0,0,0.15950167
b05,17,0,0,0.2267652
b05,18,0,0,0.3223902
b05,19,0,0,0.20847549
b05,20,0,1,0.6400489
b05,21,0,0,0.19405997
b05,22,0,0,0.11580019
b05,23,0,1,0.5295761
b05,24,0,0,0.1952243
b05,25,0,0,0.16607125
b05,26,0,0,0.21379566
b05,27,0,0,0.033886876
b05,28,0,0,0.08211049
b05,29,0,0,0.037822396
b05,30,0,0,0.1404451
b05,31,0,1,0.6790792
b05,32,0,0,0.35747886
b05,33,0,1,0.8267773
b05,34,0,0,0.034891628
b05,35,0,0,0.09144979
b05,36,0,1,0.6507003
b05,37,0,0,0.026768077
b05,38,0,0,0.118878216
b05,39,0,0,0.45642716
b05,40,0,0,0.28251812
b05,41,0,0,0.47965875
b05,42,0,0,0.20412344
b05,43,0,1,0.72478455
b05,44,0,0,0.19371487
b05,45,0,1,0.7409022
b05,46,1,1,0.5625893
b05,47,0,0,0.21214397
b05,48,0,0,0.4032753
b05,49,0,0,0.37606466
b05,50,0,0,0.47652376
b05,51,0,0,0.053339414
b05,52,0,0,0.40931377
b05,53,0,1,0.7716998
b05,54,0,1,0.5606743
b05,55,0,1,0.71096045
b05,56,0,1,0.7822401
b05,57,0,1,0.7159304
b05,58,0,0,0.34985724
b05,59,0,1,0.7415035
b05,60,0,1,0.64576
b05,61,0,1,0.7162527
b05,62,0,1,0.65523815
b05,63,0,1,0.85034245
b05,64,0,1,0.5451965
b05,65,0,1,0.6598898
b05,66,0,1,0.7078468
b05,67,0,0,0.44426277
b05,68,0,1,0.8304398
b05,69,0,1,0.83072025
b05,70,0,1,0.62384164
b05,71,0,1,0.79653513
b05,72,0,1,0.6419985
b05,73,0,0,0.2351228
b05,74,0,1,0.7656071
b05,75,0,1,0.7522755
b05,76,0,0,0.4928846
b05,77,0,0,0.21665272
b05,78,0,1,0.7578526
b05,79,0,1,0.8373457
b05,80,0,1,0.89985216
b05,81,0,1,0.51868695
b05,82,0,1,0.83855146
b05,83,0,0,0.43146002
b05,84,0,1,0.6769211
b05,85,0,1,0.766542
b05,86,0,1,0.9050297
b05,87,0,1,0.79737586
b05,88,0,1,0.74804235
b05,89,0,1,0.6802711
b05,90,0,1,0.6698091
b05,91,0,1,0.6062728
b05,92,0,1,0.63683224
b05,93,0,1,0.83502924
b05,94,0,1,0.77661914
b05,95,0,1,0.6608708
b05,96,0,1,0.67302424
b05,97,0,0,0.44168115
b05,98,0,1,0.76948255
b05,99,0,1,0.8129107
b05,100,0,1,0.632457
b05,101,0,1,0.6949175
b05,102,0,1,0.7639849
b05,103,0,1,0.93873024
b05,104,0,1,0.943725
b05,105,0,1,0.7894311
b05,106,0,1,0.5363192
b05,107,0,1,0.5946704
b05,108,0,1,0.51884764
b05,109,0,0,0.24597259
b05,110,0,1,0.5493051
b05,111,0,0,0.04009259
b05,112,0,1,0.58542097
b05,113,0,1,0.6982403
b05,114,0,1,0.5106231
b05,115,0,1,0.515872
b05,116,1,0,0.2811131
b05,117,1,1,0.7547939
b05,118,0,1,0.7728015
b05,119,0,1,0.88906664
b05,120,0,1,0.591671
b05,121,0,1,0.5314255
b05,122,0,1,0.77789134
b05,123,0,1,0.8810448
b05,124,0,1,0.74500334
b05,125,0,1,0.76954865
b05,126,0,1,0.6707301
b05,127,0,0,0.00427264
b05,128,0,0,0.0009297352
b05,129,0,0,0.4560421
b05,130,0,1,0.81403416
b05,131,0,1,0.8320101
b05,132,0,0,0.23604628
b05,133,0,0,0.27006072
b05,134,0,1,0.8189031
b05,135,0,0,8.8684266e-07
b05,136,0,0,1.3886579e-07
b05,137,0,0,8.356856e-06
b05,138,0,0,2.2052368e-06
b05,139,0,0,3.3664368e-05
b05,140,0,0,0.005231243
b05,141,0,0,6.0577454e-06
b05,142,0,0,1.7059985e-05
b05,143,0,0,8.375952e-05
b05,144,0,0,0.0031536298
b05,145,0,0,4.17865e-06
b05,146,0,0,3.0322373e-11
b05,147,0,0,0.0020892345
b05,148,0,0,0.2894671
b05,149,0,1,0.78995997
b05,150,0,1,0.93660593
b05,151,0,1,0.7572671
b05,152,0,1,0.7862436
b05,153,0,1,0.55058587
b05,154,0,1,0.8072857
b05,155,0,0,0.49306768
b05,156,0,1,0.800541
b05,157,0,1,0.88515043
b05,158,0,0,0.015819104
b05,159,0,1,0.76154375
b05,160,0,1,0.91498476
b05,161,0,1,0.74884933
b05,162,0,1,0.8903396
b05,163,0,1,0.77274215
b05,164,0,1,0.9418896
b05,165,0,1,0.9119182
b05,166,0,1,0.9319242
b05,167,0,1,0.91340345
b05,168,0,1,0.6860038
b05,169,0,1,0.846597
b05,170,0,0,0.00022008932
b05,171,0,0,0.0007429743
b05,172,0,0,0.16148244
b05,173,0,0,0.21598233
b05,174,0,0,0.41677687
b05,175,0,0,0.040935986
b05,176,0,0,0.011466758
b05,177,0,0,0.4750846
b05,178,0,1,0.7193809
b05,179,0,0,0.23615895
b05,180,0,0,1.0303911e-06
b05,181,0,0,8.935914e-08
b05,182,0,1,0.71077394
b05,183,0,0,0.00012107272
b05,184,0,0,0.0005344819
b05,185,0,1,0.5260065
b05,186,0,1,0.7235356
b05,187,0,0,0.41124997
b05,188,0,0,0.05481496
b05,189,0,1,0.71659136
b05,190,0,1,0.9655416
b05,191,0,1,0.91959536
b05,192,0,0,0.47475526
b05,193,0,1,0.52319014
b05,194,0,1,0.7405732
b05,195,0,1,0.85961014
b05,196,0,1,0.7360669
b05,197,0,1,0.68169653
b05,198,0,1,0.78148985
b05,199,0,1,0.9574366
b05,200,0,1,0.9456399
b05,201,0,1,0.9423702
b05,202,0,1,0.7830786
b05,203,0,1,0.64080274
b05,204,0,1,0.8637134
b05,205,0,1,0.9045949
b05,206,0,1,0.60600704
b05,207,0,1,0.82300156
b05,208,0,1,0.931641
b05,209,0,1,0.66047984
b05,210,0,0,0.47413296
b05,211,0,1,0.5183071
b05,212,0,1,0.9072715
b05,213,0,1,0.82578695
b05,214,0,1,0.5972463
b05,215,0,0,0.35963157
b05,216,0,1,0.71765757
b05,217,0,1,0.70282966
b05,218,0,0,0.49781105
b05,219,0,1,0.7736392
b05,220,0,1,0.7544522
b05,221,0,1,0.96856344
b05,222,0,1,0.975173
b05,223,0,1,0.91090804
b05,224,0,1,0.74504817
b05,225,0,1,0.8986865
b05,226,0,0,0.47909382
b05,227,0,1,0.8362744
b05,228,0,1,0.8641172
b05,229,0,1,0.97418785
b05,230,0,1,0.8785219
b05,231,0,1,0.785971
b05,232,0,1,0.8240799
b05,233,0,1,0.55066496
b05,234,0,1,0.56799746
b05,235,0,1,0.7774465
b05,236,0,0,0.37495312
b05,237,0,1,0.9225314
b05,238,0,1,0.8327516
b05,239,0,1,0.75827515
b05,240,0,1,0.7054845
b05,241,0,1,0.8656848
b05,242,0,1,0.9414394
b05,243,0,1,0.75777507
b05,244,0,1,0.96456635
b05,245,0,1,0.8158741
b05,246,0,1,0.9067737
b05,247,0,1,0.78552085
b05,248,0,1,0.8861429
b05,249,0,1,0.8928064
b05,250,0,1,0.72557455
b05,251,0,1,0.8088906
b05,252,0,0,0.096184075
b05,253,0,0,0.12435317
b05,254,0,0,0.0022700182
b05,255,0,0,0.46158487
b05,256,0,0,0.37063923
b05,257,0,0,0.03971351
b05,258,0,0,0.27902222
b05,259,0,1,0.82371
b05,260,0,1,0.7011683
b05,261,0,1,0.73102385
b05,262,0,1,0.979077
b05,263,0,0,0.48927745
b05,264,0,0,0.049334895
b05,265,0,0,0.16759077
b05,266,0,1,0.670056
b05,267,0,0,0.3735182
b05,268,0,0,0.31157163
b05,269,0,0,0.4006651
b05,270,0,0,0.4198302
b05,271,0,0,0.43006274
b05,272,0,0,0.00029303625
b05,273,0,0,3.5043084e-09
b05,274,0,0,2.5176556e-08
b05,275,0,0,8.1400295e-08
b05,276,0,0,6.905116e-11
b05,277,0,0,0.0026112513
b05,278,0,0,4.160559e-08
b05,279,0,1,0.99999666
b05,280,0,0,0.42237124
b05,281,0,0,0.15011613
b05,282,0,0,4.3289824e-14
b05,283,0,0,1.8385904e-06
b05,284,0,0,0.25684345
b05,285,0,0,0.07865846
b05,286,0,1,0.6374334
b05,287,0,0,0.49337485
b05,288,0,0,0.4329859
b05,289,0,1,0.8796024
b05,290,0,1,0.68788004
b05,291,0,1,0.58786327
b05,292,0,0,0.16875589
b05,293,0,0,0.19492495
b05,294,0,0,0.2287353
b05,295,0,0,0.04889778
b05,296,0,1,0.77367467
b05,297,0,1,0.593219
b05,298,0,0,0.0400694
b05,299,0,0,0.3246288
b05,300,0,0,0.011284808
b05,301,0,0,0.23995665
b05,302,0,0,0.07332732
b05,303,0,1,0.6392047
b05,304,0,1,0.9259434
b05,305,0,1,0.5436803
b05,306,0,1,0.8142967
b05,307,0,0,0.10552374
b05,308,0,1,0.6709874
b05,309,0,0,0.08204757
b05,310,0,0,0.41335797
b05,311,1,0,0.16351178
b05,312,1,0,0.4612218
b05,313,1,0,0.07119258
b05,314,0,0,0.21881068
b05,315,0,0,0.2357552
b05,316,0,1,0.723813
b05,317,0,0,0.42792618
b05,318,0,1,0.81495255
b05,319,0,1,0.76322156
b05,320,1,1,0.9311625
b05,321,1,1,0.86918944
b05,322,1,1,0.95614654
b05,323,1,1,0.95763755
b05,324,1,1,0.89691764
b05,325,1,1,0.9123386
b05,326,1,1,0.9182264
b05,327,1,1,0.6086845
b05,328,1,1,0.9272434
b05,329,1,1,0.7909387
b05,330,1,1,0.9464694
b05,331,1,1,0.8646081
b05,332,1,1,0.8654332
b05,333,1,1,0.76214135
b05,334,1,1,0.74930453
b05,335,1,1,0.91094005
b05,336,1,1,0.81972855
b05,337,0,1,0.9171728
b05,338,0,1,0.9444276
b05,339,0,1,0.7069628
b05,340,0,1,0.69321173
b05,341,0,1,0.9435618
b05,342,0,0,0.45896158
b05,343,0,0,0.40451434
b05,344,0,0,0.027735986
b05,345,0,0,0.04444648
b05,346,0,0,0.017974608
b05,347,0,0,0.04860636
b05,348,0,0,0.015568695
b05,349,0,0,0.02233691
b05,350,0,1,0.64519376
b05,351,1,0,0.30354604
b05,352,0,0,0.031002585
b05,353,0,0,0.27576336
b05,354,0,1,0.93591446
b05,355,0,0,0.14406252
b05,356,0,0,0.008192802
b05,357,0,0,0.05739179
b05,358,0,0,0.27173433
b05,359,0,0,0.08802569
b05,360,0,0,0.022370411
b05,361,0,0,0.03027597
b05,362,0,0,0.26017228
b05,363,0,0,0.0696166
b05,364,0,1,0.86333853
b05,365,0,0,0.035528395
b05,366,0,0,0.054073326
b05,367,0,0,0.013632641
b05,368,0,1,0.6147694
b05,369,0,0,0.124562226
b05,370,0,0,0.019506007
b05,371,0,0,0.22126202
b05,372,0,1,0.822544
b05,373,0,0,0.09709424
b05,374,0,0,0.09993732
b05,375,0,0,0.2891544
b05,376,0,0,0.16628978
b05,377,0,0,0.2132621
b05,378,0,0,0.084335424
b05,379,0,1,0.6311892
b05,380,0,1,0.61992216
b05,381,0,1,0.59542865
b05,382,0,1,0.75551414
b05,383,0,0,0.41956046
b05,384,0,0,0.45210892
b05,385,0,1,0.728629
b05,386,0,1,0.5060777
b05,387,0,0,0.25862104
b05,388,0,0,0.20515727
b05,389,1,0,0.48611113
b05,390,1,0,0.43958688
b05,391,1,0,0.042600375
b05,392,1,0,0.11182268
b05,393,1,1,0.7256546
b05,394,1,1,0.72746307
b05,395,0,1,0.83841175
b05,396,0,1,0.7413512
b05,397,0,0,0.14126222
b05,398,0,1,0.6908331
b05,399,0,1,0.7448296
b05,400,0,1,0.83367443
b05,401,0,1,0.6270777
b05,402,0,1,0.8738999
b05,403,0,0,0.4222359
b05,404,0,1,0.6803845
b05,405,1,1,0.82478493
b05,406,1,1,0.91681373
b05,407,1,1,0.8857429
b05,408,1,1,0.70912504
b05,409,1,1,0.9733148
b05,410,1,1,0.7994787
b05,411,1,1,0.8852594
b05,412,1,1,0.87586516
b05,413,1,1,0.8755677
b05,414,1,1,0.58693296
b05,415,1,1,0.6880167
b05,416,1,1,0.8346726
b05,417,1,1,0.95717645
b05,418,1,1,0.8428612
b05,419,1,1,0.9333719
b05,420,1,1,0.88499105
b05,421,1,1,0.52265066
b05,422,1,1,0.91380614
b05,423,1,1,0.90581316
b05,424,1,1,0.82991886
b05,425,1,1,0.86982095
b05,426,1,1,0.90842634
b05,427,1,1,0.93805933
b05,428,1,1,0.85518193
b05,429,1,1,0.9595633
b05,430,1,1,0.94989884
b05,431,1,1,0.88640094
b05,432,0,0,0.0829462
c01,10,0,0,0.49703047
c01,11,0,0,0.031554166
c01,12,0,0,0.042744417
c01,13,0,0,0.06586255
c01,14,0,0,0.084254414
c01,15,0,0,0.036963835
c01,16,0,0,0.104242064
c01,17,0,0,0.18500052
c01,18,0,0,0.09757637
c01,19,0,0,0.06961336
c01,20,0,0,0.025822856
c01,21,0,0,0.011471662
c01,22,0,0,0.08831006
c01,23,0,0,0.19789548
c01,24,0,0,0.0661235
c01,25,0,0,0.05709853
c01,26,0,0,0.10031733
c01,27,0,0,0.01049272
c01,28,0,0,0.021503987
c01,29,0,0,0.034054443
c01,30,0,0,0.05029173
c01,31,0,0,0.052738644
c01,32,0,0,0.0931547
c01,33,0,0,0.01800007
c01,34,0,0,0.011104604
c01,35,0,0,0.0070281657
c01,36,0,1,0.5060433
c01,37,0,0,0.00964603
c01,38,0,0,0.014116818
c01,39,0,0,0.09182356
c01,40,0,0,0.01746633
c01,41,0,0,0.015680155
c01,42,0,0,0.06417613
c01,43,0,0,0.025348812
c01,44,0,0,0.018166458
c01,45,0,0,0.01671477
c01,46,0,0,0.01973194
c01,47,0,0,0.018704357
c01,48,0,0,0.00805967
c01,49,0,0,0.31378993
c01,50,0,0,0.061865374
c01,51,0,0,0.046659194
c01,52,0,0,0.007255709
c01,53,0,0,0.014794267
c01,54,0,0,0.40695083
c01,55,0,0,0.012176076
c01,56,0,0,0.050209064
c01,57,0,0,0.017608967
c01,58,0,0,0.005960831
c01,59,0,0,0.010493254
c01,60,0,0,0.0058068167
c01,61,0,0,0.018155014
c01,62,0,0,0.011793776
c01,63,0,0,0.0068161804
c01,64,0,0,0.0043978826
c01,65,0,0,0.0033365344
c01,66,0,0,0.0023375934
c01,67,0,0,0.0091271205
c01,68,0,0,0.02013627
c01,69,0,0,0.005148855
c01,70,0,0,0.00495142
c01,71,0,0,0.003527717
c01,72,0,0,0.005367576
c01,73,0,0,0.0042148614
c01,74,0,0,0.0026937565
c01,75,0,0,0.008083294
c01,76,0,0,0.0017607564
c01,77,0,0,0.005961199
c01,78,0,0,0.0031561418
c01,79,0,0,0.0024323182
c01,80,0,0,0.0060833753
c01,81,0,0,0.0038480838
c01,82,0,0,0.0012544116
c01,83,0,0,0.0063203215
c01,84,0,0,0.011209228
c01,85,0,0,0.0146055175
c01,86,0,0,0.024807965
c01,87,0,0,0.0074378713
c01,88,0,0,0.0039817384
c01,89,0,0,0.008144195
c01,90,0,0,0.0026382126
c01,91,0,0,0.0050205593
c01,92,0,0,0.0042317463
c01,93,0,0,0.0058080116
c01,94,0,0,0.009724568
c01,95,0,0,0.018971646
c01,96,0,0,0.007220725
c01,97,0,0,0.014317858
c01,98,0,0,0.0045982855
c01,99,0,0,0.005044141
c01,100,0,0,0.008994881
c01,101,0,0,0.00410357
c01,102,0,0,0.010177081
c01,103,0,0,0.0039798724
c01,104,0,0,0.013847157
c01,105,0,0,0.0042433157
c01,106,0,0,0.007834914
c01,107,0,0,0.00799711
c01,108,0,0,0.014106237
c01,109,0,0,0.011311168
c01,110,0,0,0.002622037
c01,111,0,0,0.0056757717
c01,112,0,0,0.0018829
c01,113,0,0,0.01258326
c01,114,0,0,0.0060090846
c01,115,0,0,0.0045215455
c01,116,0,0,0.009768569
c01,117,0,0,0.0018310804
c01,118,0,0,0.0020497865
c01,119,0,0,0.05061008
c01,120,0,0,0.002670677
c01,121,0,0,0.0027893465
c01,122,0,0,0.002439791
c01,123,0,0,0.00731586
c01,124,0,0,0.0017453872
c01,125,0,0,0.0020337019
c01,126,0,0,0.004244148
c01,127,0,0,0.002816755
c01,128,0,0,0.0017966921
c01,129,0,0,0.0012656371
c01,130,0,0,0.002470474
c01,131,0,0,0.003964535
c01,132,0,0,0.0014404099
c01,133,0,0,0.0025237915
c01,134,0,0,0.0018225957
c01,135,0,0,0.0023578687
c01,136,0,0,0.0020405876
c01,137,0,0,0.005390038
c01,138,0,0,0.0588966
c01,139,0,0,0.096654825
c01,140,0,0,0.3233164
c01,141,0,0,0.0383849
c01,142,0,0,0.39192665
c01,143,0,1,0.52841413
c01,144,0,0,0.0054437267
c01,145,0,0,0.0020122314
c01,146,0,0,0.0016350051
c01,147,0,0,0.003721086
c01,148,0,0,0.003988141
c01,149,0,0,0.004171498
c01,150,0,0,0.0014003508
c01,151,0,0,0.0016872678
c01,152,0,0,0.0034995154
c01,153,0,0,0.0024019538
c01,154,0,0,0.0033722746
c01,155,0,0,0.0052633905
c01,156,0,0,0.0024089771
c01,157,0,0,0.0032159141
c01,158,0,0,0.060687494
c01,159,0,0,0.002689049
c01,160,0,0,0.0020054022
c01,161,0,0,0.0039359196
c01,162,0,0,0.0046333782
c01,163,0,0,0.0051223584
c01,164,0,0,0.017362805
c01,165,0,0,0.0026448786
c01,166,0,0,0.0024700877
c01,167,0,0,0.0030312152
c01,168,0,0,0.0043848217
c01,169,0,0,0.0061047534
c01,170,0,0,0.0028158203
c01,171,0,0,0.002187067
c01,172,0,0,0.0032371539
c01,173,0,0,0.0041185278
c01,174,0,0,0.0026171943
c01,175,0,0,0.0023349293
c01,176,0,0,0.0060079
c01,177,0,0,0.0025259713
c01,178,0,0,0.0024615526
c01,179,0,0,0.0037172525
c01,180,0,0,0.009906297
c01,181,0,0,0.0036247515
c01,182,0,0,0.00348725
c01,183,0,0,0.0016389437
c01,184,0,0,0.002803016
c01,185,0,0,0.004861582
c01,186,0,0,0.0075677917
c01,187,0,0,0.074282475
c01,188,0,0,0.075329274
c01,189,0,0,0.019682845
c01,190,0,0,0.0048620435
c01,191,0,0,0.007358908
c01,192,0,0,0.009102809
c01,193,0,0,0.009192465
c01,194,0,0,0.018359074
c01,195,0,0,0.013666429
c01,196,0,0,0.007342382
c01,197,0,0,0.006630655
c01,198,0,0,0.007713616
c01,199,0,0,0.015207412
c01,200,0,0,0.013599512
c01,201,0,0,0.0315108
c01,202,0,0,0.05887664
c01,203,0,0,0.021141348
c01,204,0,0,0.02561164
c01,205,0,0,0.07102993
c01,206,0,0,0.0588951
c01,207,0,0,0.023287585
c01,208,0,0,0.0077436822
c01,209,0,0,0.017241023
c01,210,0,0,0.010360145
c01,211,0,0,0.025553823
c01,212,0,0,0.027165553
c01,213,0,0,0.032217912
c01,214,0,0,0.020434394
c01,215,0,0,0.011215868
c01,216,0,0,0.020720901
c01,217,0,0,0.031947352
c01,218,0,0,0.013472191
c01,219,0,0,0.031710006
c01,220,0,0,0.020279413
c01,221,0,0,0.008525011
c01,222,0,0,0.005788937
c01,223,0,0,0.025569169
c01,224,0,0,0.007588983
c01,225,0,0,0.0068207914
c01,226,0,0,0.009221861
c01,227,0,0,0.020063285
c01,228,0,0,0.011941476
c01,229,0,0,0.023821397
c01,230,0,0,0.0063336887
c01,231,0,0,0.0059492835
c01,232,0,0,0.008462795
c01,233,0,0,0.0042086155
c01,234,0,0,0.012465721
c01,235,0,0,0.0033539778
c01,236,0,0,0.01110661
c01,237,0,0,0.022647083
c01,238,0,0,0.03812371
c01,239,0,0,0.057333417
c01,240,0,0,0.013147353
c01,241,0,0,0.006258552
c01,242,0,0,0.0017814975
c01,243,0,0,0.0068988153
c01,244,0,0,0.022637144
c01,245,0,0,0.1413269
c01,246,0,0,0.028508915
c01,247,0,0,0.18109643
c01,248,0,0,0.05169492
c01,249,0,0,0.08075899
c01,250,0,0,0.12757903
c01,251,0,0,0.09032428
c01,252,0,0,0.09744239
c01,253,0,0,0.15191858
c01,254,0,0,0.16749108
c01,255,0,0,0.12790473
c01,256,0,0,0.04699342
c01,257,0,0,0.078652814
c01,258,0,0,0.056995235
c01,259,0,0,0.02050652
c01,260,0,0,0.24639748
c01,261,0,0,0.042563416
c01,262,0,0,0.037109658
c01,263,0,0,0.07710566
c01,264,0,0,0.3069585
c01,265,0,0,0.13093854
c01,266,0,0,0.05024612
c01,267,0,0,0.073536895
c01,268,0,0,0.025252433
c01,269,0,0,0.15431432
c01,270,0,0,0.33067784
c01,271,0,0,0.034709815
c01,272,0,0,0.04040671
c01,273,0,0,0.17397703
c01,274,0,0,0.014734802
c01,275,0,0,0.14980721
c01,276,0,0,0.016871698
c01,277,0,0,0.029313067
c01,278,0,0,0.068142995
c01,279,0,0,0.010220572
c01,280,0,0,0.048025627
c01,281,0,0,0.06151939
c01,282,0,0,0.07052433
c01,283,0,0,0.008290505
c01,284,0,0,0.05375182
c01,285,0,0,0.041547943
c01,286,0,0,0.055701762
c01,287,0,0,0.045709398
c01,288,0,0,0.01624739
c01,289,0,0,0.026221968
c01,290,0,0,0.07446441
c01,291,0,0,0.1005385
c01,292,0,0,0.14986528
c01,293,0,0,0.26193526
c01,294,0,0,0.008749904
c01,295,0,0,0.01325623
c01,296,0,0,0.05654895
c01,297,0,0,0.03757597
c01,298,0,0,0.04132763
c01,299,0,0,0.024534672
c01,300,0,0,0.058894426
c01,301,0,0,0.022852587
c01,302,0,0,0.033537302
c01,303,0,0,0.009499284
c01,304,0,0,0.03250806
c01,305,0,0,0.22392228
c01,306,0,0,0.023977408
c01,307,0,0,0.014640353
c01,308,0,1,0.6274688
c01,309,0,0,0.3734557
c01,310,0,0,0.12214676
c01,311,0,0,0.049929608
c01,312,0,0,0.101033345
c01,313,0,0,0.0784405
c01,314,0,0,0.06326482
c01,315,0,0,0.016688835
c01,316,0,0,0.043442182
c01,317,0,0,0.0053371442
c01,318,0,0,0.02936152
c01,319,0,0,0.010220518
c01,320,0,0,0.00482506
c01,321,0,0,0.004525131
c01,322,0,0,0.0050086416
c01,323,0,0,0.0046043964
c01,324,0,0,0.0038089768
c01,325,0,0,0.005998084
c01,326,0,0,0.007650311
c01,327,0,0,0.004547605
c01,328,0,0,0.015306664
c01,329,0,0,0.0048735626
c01,330,0,0,0.005756531
c01,331,0,0,0.009068157
c01,332,0,0,0.052583948
c01,333,0,0,0.01858349
c01,334,0,0,0.015262418
c01,335,0,0,0.018953793
c01,336,0,0,0.010365725
c01,337,0,0,0.007757875
c01,338,0,0,0.013343195
c01,339,0,0,0.011867774
c01,340,0,0,0.019559007
c01,341,0,0,0.012194782
c01,342,0,0,0.006456227
c01,343,0,0,0.0036894723
c01,344,0,0,0.036289975
c01,345,0,0,0.022776237
c01,346,0,0,0.038880635
c01,347,0,0,0.14063369
c01,348,0,0,0.0339635
c01,349,0,0,0.016285488
c01,350,0,0,0.029559398
c01,351,0,0,0.0038714483
c01,352,0,0,0.0030844063
c01,353,0,0,0.00931443
c01,354,0,0,0.0025421048
c01,355,0,0,0.0048840498
c01,356,0,0,0.008246898
c01,357,0,0,0.005701313
c01,358,0,0,0.017673042
c01,359,0,0,0.012912533
c01,360,0,0,0.002325717
c01,361,0,0,0.0072914623
c01,362,0,0,0.0034018462
c01,363,0,0,0.01011741
c01,364,0,0,0.010635774
c01,365,0,0,0.014739856
c01,366,0,0,0.0032401755
c01,367,0,0,0.009972967
c01,368,0,0,0.00475995
c01,369,0,0,0.011012517
c01,370,0,0,0.0020835488
c01,371,0,0,0.012239574
c01,372,0,0,0.0026376857
c01,373,0,0,0.0037551946
c01,374,0,0,0.007990413
c01,375,0,0,0.0032239964
c01,376,0,0,0.0046186894
c01,377,0,0,0.0071319994
c01,378,0,0,0.019360004
c01,379,0,0,0.0013497492
c01,380,0,0,0.009109612
c01,381,0,0,0.001606225
c01,382,0,0,0.008775952
c01,383,0,0,0.004931406
c01,384,0,0,0.0066995462
c01,385,0,0,0.0039448915
c01,386,0,0,0.004385136
c01,387,0,0,0.0024926376
c01,388,0,0,0.12706272
c01,389,0,1,0.5342048
c01,390,0,0,0.06564645
c01,391,0,0,0.0055353954
c01,392,0,0,0.0071576973
c01,393,0,0,0.005856684
c01,394,0,0,0.014306624
c01,395,0,0,0.009093966
c01,396,0,0,0.02232145
c01,397,0,0,0.040726945
c01,398,0,0,0.007841055
c01,399,0,0,0.005254256
c01,400,0,0,0.010477424
c01,401,0,0,0.007869842
c01,402,0,0,0.012491182
c01,403,0,0,0.009203155
c01,404,0,0,0.0026820404
c01,405,0,0,0.0033706885
c01,406,0,0,0.005307468
c01,407,0,0,0.00373966
c01,408,0,0,0.005789107
c01,409,0,0,0.0081988685
c01,410,0,0,0.008812904
c01,411,0,0,0.0070722215
c01,412,0,0,0.0053017032
c01,413,0,0,0.012006553
c01,414,0,0,0.010927758
c01,415,0,0,0.005611236
c01,416,0,0,0.017138844
c01,417,0,0,0.15972105
c01,418,0,0,0.009647643
c01,419,0,0,0.025489489
c01,420,0,0,0.006150269
c01,421,0,0,0.020488534
c01,422,0,0,0.039767183
c01,423,0,0,0.27345034
c01,424,0,0,0.04536709
c01,425,0,0,0.004754196
c01,426,0,0,0.011503675
c01,427,0,0,0.02185846
c01,428,0,0,0.008762084
c01,429,0,0,0.037908413
c01,430,0,0,0.01046632
c01,431,0,0,0.077829495
c01,432,0,0,0.03757232
c01,433,0,0,0.014092516
c01,434,0,0,0.012742123
c01,435,0,0,0.004759889
c01,436,0,0,0.0061636623
c01,437,0,0,0.00985374
c01,438,0,0,0.02495126
c01,439,0,0,0.060678713
c01,440,0,0,0.009307449
c01,441,0,0,0.0048160744
c01,442,0,0,0.01993469
c01,443,0,0,0.011472117
c01,444,0,0,0.018484235
c01,445,0,0,0.0044164993
c01,446,0,0,0.017150221
c01,447,0,0,0.020769538
c01,448,0,0,0.006082591
c01,449,0,0,0.007850427
c01,450,0,0,0.007906645
c01,451,0,0,0.027630214
c01,452,0,0,0.044804506
c01,453,0,0,0.030020652
c01,454,0,0,0.12046543
c01,455,0,0,0.084971644
c01,456,0,0,0.031611934
c01,457,0,0,0.0053817895
c01,458,0,0,0.017232478
c01,459,0,0,0.0028979643
c01,460,0,0,0.021638963
c01,461,0,0,0.0049242955
c01,462,0,0,0.007532412
c01,463,0,0,0.030431436
c01,464,0,0,0.006752079
c01,465,0,0,0.01969699
c01,466,0,0,0.04538294
c01,467,0,0,0.12046527
c01,468,0,0,0.3734494
c01,469,0,0,0.456963
c01,470,0,0,0.052959908
c01,471,0,0,0.046208303
c01,472,0,0,0.047598287
c01,473,0,0,0.15216547
c01,474,0,0,0.07016401
c01,475,0,0,0.015115721
c01,476,0,0,0.054230757
c01,477,0,0,0.01409296
c01,478,0,0,0.3141405
c01,479,0,1,0.5896371
c01,480,0,0,0.25332832
c01,481,0,0,0.44536224
c01,482,0,0,0.18794279
c01,483,0,0,0.051719736
c02,10,0,0,0.0026619732
c02,11,0,1,0.6450818
c02,12,0,1,0.6810617
c02,13,0,0,0.17616071
c02,14,0,1,0.62481236
c02,15,0,0,0.066824235
c02,16,0,0,0.37741172
c02,17,0,0,0.323747
c02,18,0,0,0.049336974
c02,19,0,0,0.18087795
c02,20,0,0,0.11918527
c02,21,1,1,0.5512787
c02,22,0,0,0.0390327
c02,23,0,0,0.01961977
c02,24,0,0,0.044877797
c02,25,0,0,0.03428582
c02,26,0,0,0.019360168
c02,27,0,0,0.15968382
c02,28,0,0,0.07984393
c02,29,0,1,0.8097637
c02,30,0,0,0.4525256
c02,31,0,0,0.098513186
c02,32,0,0,0.10522414
c02,33,0,0,0.08056855
c02,34,0,0,0.08326093
c02,35,0,0,0.08955661
c02,36,0,0,0.040658243
c02,37,0,0,0.03969752
c02,38,0,0,0.04986648
c02,39,0,0,0.06661208
c02,40,0,0,0.05950453
c02,41,0,1,0.5840852
c02,42,0,0,0.052294638
c02,43,0,0,0.3225815
c02,44,0,0,0.31876698
c02,45,0,0,0.056302447
c02,46,0,0,0.03411546
c02,47,0,0,0.05158346
c02,48,0,0,0.08669455
c02,49,0,0,0.032150153
c02,50,0,0,0.06881531
c02,51,0,0,0.03662437
c02,52,0,0,0.030541334
c02,53,0,0,0.05960602
c02,54,0,0,0.420117
c02,55,0,0,0.12411287
c02,56,0,0,0.024152102
c02,57,0,0,0.110557236
c02,58,0,0,0.041808043
c02,59,0,0,0.038930185
c02,60,0,0,0.1162736
c02,61,0,0,0.22209448
c02,62,0,0,0.03144834
c02,63,0,0,0.021357996
c02,64,0,0,0.13104421
c02,65,0,0,0.059586864
c02,66,0,0,0.018763546
c02,67,0,0,0.08924141
c02,68,0,0,0.04496725
c02,69,0,0,0.049179584
c02,70,0,0,0.14804077
c02,71,0,0,0.071105115
c02,72,0,0,0.07247553
c02,73,0,0,0.07905651
c02,74,0,0,0.04724453
c02,75,0,0,0.04802346
c02,76,0,0,0.1333497
c02,77,0,0,0.0535584
c02,78,0,0,0.072876476
c02,79,0,0,0.04885707
c02,80,0,1,0.7789122
c02,81,0,1,0.54679173
c02,82,0,0,0.031379182
c02,83,0,0,0.022908038
c02,84,0,0,0.019133566
c02,85,0,0,0.029712211
c02,86,0,0,0.013918673
c02,87,0,0,0.008842477
c02,88,0,0,0.018524045
c02,89,0,0,0.2597954
c02,90,0,0,0.025547918
c02,91,0,0,0.043979988
c02,92,0,0,0.050865293
c02,93,0,0,0.00757779
c02,94,0,0,0.011067739
c02,95,0,0,0.021401195
c02,96,0,0,0.015035828
c02,97,0,0,0.021968802
c02,98,0,0,0.062022336
c02,99,0,0,0.010853147
c02,100,0,0,0.020148026
c02,101,0,0,0.015882613
c02,102,0,0,0.018974908
c02,103,0,0,0.012743646
c02,104,0,0,0.040847167
c02,105,0,0,0.03670825
c02,106,0,0,0.0108081205
c02,107,0,0,0.02309524
c02,108,0,0,0.010739214
c02,109,0,0,0.06354962
c02,110,0,0,0.012578853
c02,111,0,0,0.02989297
c02,112,0,0,0.015643803
c02,113,0,0,0.0076665455
c02,114,0,0,0.0257529
c02,115,0,0,0.02324781
c02,116,0,0,0.01902524
c02,117,0,0,0.01813266
c02,118,0,0,0.017254166
c02,119,0,0,0.040625926
c02,120,0,0,0.03133723
c02,121,0,0,0.01753525
c02,122,0,0,0.02163041
c02,123,0,0,0.013103765
c02,124,0,0,0.020572625
c02,125,0,0,0.023387488
c02,126,0,0,0.019233728
c02,127,0,0,0.02442475
c02,128,0,0,0.010913398
c02,129,0,0,0.015399799
c02,130,0,0,0.066081524
c02,131,0,0,0.025310194
c02,132,0,0,0.07417067
c02,133,0,0,0.020447256
c02,134,0,0,0.017166898
c02,135,0,0,0.032434963
c02,136,0,0,0.046107166
c02,137,0,0,0.025736503
c02,138,0,0,0.030142734
c02,139,0,0,0.01901316
c02,140,0,0,0.03670697
c02,141,0,0,0.045032047
c02,142,0,0,0.031870734
c02,143,0,0,0.024451606
c02,144,0,0,0.019735347
c02,145,0,0,0.040287558
c02,146,0,0,0.05334091
c02,147,0,0,0.024400098
c02,148,0,0,0.023915157
c02,149,0,0,0.023462657
c02,150,0,0,0.051710244
c02,151,0,0,0.03862082
c02,152,0,1,0.58050585
c02,153,0,1,0.6632352
c02,154,0,0,0.21804295
c02,155,0,0,0.12473704
c02,156,0,0,0.10007856
c02,157,0,0,0.046198066
c02,158,0,0,0.08623538
c02,159,0,0,0.24197069
c02,160,0,0,0.05350676
c02,161,0,0,0.091138326
c02,162,0,0,0.07855867
c02,163,0,0,0.06823872
c02,164,0,0,0.11220967
c02,165,0,0,0.096456476
c02,166,0,0,0.061629985
c02,167,0,0,0.104462266
c02,168,0,0,0.095239215
c02,169,0,0,0.051701464
c02,170,0,0,0.096265644
c02,171,0,0,0.041037228
c02,172,0,0,0.24441032
c02,173,0,0,0.068718776
c02,174,0,0,0.07325326
c02,175,0,0,0.10124599
c02,176,0,0,0.1494221
c02,177,0,0,0.28174987
c02,178,0,0,0.030138211
c02,179,0,0,0.11992197
c02,180,0,0,0.14938506
c02,181,0,0,0.116577975
c02,182,0,0,0.114079565
c02,183,0,0,0.24469155
c02,184,0,0,0.063051924
c02,185,0,0,0.086217724
c02,186,0,0,0.34093302
c02,187,0,0,0.037282433
c02,188,0,1,0.54856974
c02,189,0,1,0.5166087
c02,190,0,0,0.28192282
c02,191,0,1,0.639564
c02,192,0,0,0.063230775
c02,193,0,0,0.11199947
c02,194,0,0,0.099421084
c02,195,0,0,0.08590676
c02,196,0,0,0.14383496
c02,197,0,0,0.06112894
c02,198,0,0,0.057731394
c02,199,0,0,0.09045348
c02,200,0,0,0.09067679
c02,201,0,0,0.13279508
c02,202,0,1,0.78078616
c02,203,0,0,0.13664779
c02,204,0,0,0.2892729
c02,205,0,0,0.09612566
c02,206,0,0,0.057678677
c02,207,0,0,0.17154694
c02,208,0,0,0.17454365
c02,209,0,0,0.12954405
c02,210,0,0,0.10909734
c02,211,0,0,0.041319422
c02,212,0,0,0.13272512
c02,213,0,0,0.035089936
c02,214,0,0,0.077312686
c02,215,0,0,0.05594459
c02,216,0,0,0.080254845
c02,217,0,0,0.06025942
c02,218,0,0,0.15086822
c02,219,0,0,0.114619665
c02,220,0,0,0.051275097
c02,221,0,0,0.2896732
c02,222,0,0,0.22483566
c02,223,0,0,0.18310142
c02,224,0,0,0.11432576
c02,225,0,0,0.13219412
c02,226,0,0,0.13713287
c02,227,0,0,0.052823193
c02,228,0,0,0.30967337
c02,229,0,1,0.8063173
c02,230,0,0,0.10487109
c02,231,0,0,0.30865213
c02,232,0,0,0.20856106
c02,233,0,0,0.099336796
c02,234,0,0,0.042012673
c02,235,0,0,0.07713638
c02,236,0,0,0.3833249
c02,237,0,0,0.1360579
c02,238,0,0,0.040809996
c02,239,0,0,0.033223506
c02,240,0,0,0.015534931
c02,241,0,0,0.025388226
c02,242,0,0,0.029528685
c02,243,0,0,0.031227797
c02,244,0,0,0.014210612
c02,245,0,0,0.011904838
c02,246,0,0,0.013023144
c02,247,0,0,0.037556935
c02,248,0,0,0.007821915
c02,249,0,0,0.025824198
c02,250,0,0,0.019105852
c02,251,0,0,0.031293012
c02,252,0,0,0.0111720925
c02,253,0,0,0.010267439
c02,254,0,0,0.029588751
c02,255,0,0,0.007831675
c02,256,0,0,0.011291906
c02,257,0,0,0.008269658
c02,258,0,0,0.018590964
c02,259,0,0,0.008833968
c02,260,0,0,0.01538593
c02,261,0,0,0.015467517
c02,262,0,0,0.012003137
c02,263,0,0,0.008173946
c02,264,0,0,0.0140200695
c02,265,0,0,0.011994861
c02,266,0,0,0.019028658
c02,267,0,0,0.009689575
c02,268,0,0,0.019629527
c02,269,0,0,0.025590809
c02,270,0,0,0.017385209
c02,271,0,0,0.011054324
c02,272,0,0,0.012605141
c02,273,0,0,0.021535294
c02,274,0,0,0.01408106
c02,275,0,0,0.010516531
c02,276,0,0,0.03516996
c02,277,0,0,0.025726482
c02,278,0,0,0.0074459165
c02,279,0,0,0.02934945
c02,280,0,0,0.023199685
c02,281,0,0,0.02186652
c02,282,0,0,0.025957134
c02,283,0,0,0.021336012
c02,284,0,0,0.034248535
c02,285,0,0,0.023315512
c02,286,0,0,0.01990857
c02,287,0,0,0.36904758
c02,288,0,0,0.49136046
c02,289,0,0,0.10928694
c02,290,0,1,0.50786203
c02,291,0,0,0.09077583
c02,292,0,0,0.057020098
c02,293,0,0,0.037909787
c02,294,0,0,0.035193376
c02,295,0,0,0.039439198
c02,296,0,0,0.018365644
c02,297,0,0,0.0629531
c02,298,0,0,0.039175935
c02,299,0,0,0.042219795
c02,300,0,0,0.069277406
c02,301,0,0,0.06729905
c02,302,0,0,0.06548201
c02,303,0,0,0.0933169
c02,304,0,0,0.031450335
c02,305,0,1,0.8305732
c02,306,0,0,0.019545784
c02,307,0,0,0.020879839
c02,308,0,0,0.029747147
c02,309,0,0,0.041547075
c02,310,0,0,0.055950325
c02,311,0,0,0.06041887
c02,312,0,0,0.050479315
c02,313,0,0,0.08602966
c02,314,0,0,0.033117898
c02,315,0,0,0.046720274
c02,316,0,0,0.049725942
c02,317,0,0,0.063938245
c02,318,0,0,0.02871626
c02,319,0,0,0.030981725
c02,320,0,0,0.04510917
c02,321,0,0,0.03136573
c02,322,0,0,0.039318435
c02,323,0,0,0.027500369
c02,324,0,0,0.06797751
c02,325,0,0,0.021685768
c02,326,0,0,0.04784984
c02,327,0,0,0.057935406
c02,328,0,0,0.014886456
c02,329,0,0,0.037649136
c02,330,0,0,0.032609105
c02,331,0,0,0.060997043
c02,332,0,0,0.056676216
c02,333,0,0,0.026909182
c02,334,0,0,0.14274997
c02,335,0,0,0.026862493
c02,336,0,0,0.028188463
c02,337,0,0,0.03907031
c02,338,0,0,0.022488557
c02,339,0,0,0.031533334
c02,340,0,0,0.03806884
c02,341,0,0,0.038686167
c02,342,0,0,0.021188624
c02,343,0,0,0.085531585
c02,344,0,0,0.026756186
c02,345,0,0,0.22485228
c02,346,0,1,0.6177696
c02,347,0,0,0.20267218
c02,348,0,1,0.5724023
c02,349,0,1,0.76297474
c02,350,0,0,0.057455894
c02,351,0,0,0.06395315
c02,352,0,0,0.040882654
c02,353,0,0,0.0324054
c02,354,0,0,0.06105967
c02,355,0,0,0.01643116
c02,356,0,0,0.04331138
c02,357,0,0,0.06346063
c02,358,0,0,0.0397777
c02,359,0,0,0.029501934
c02,360,0,0,0.024942799
c02,361,0,0,0.13626814
c02,362,0,0,0.04739893
c02,363,0,0,0.014690597
c02,364,0,0,0.031490393
c02,365,0,0,0.09407829
c02,366,0,0,0.10479075
c02,367,0,0,0.11906044
c02,368,0,0,0.046500817
c02,369,0,0,0.3023845
c02,370,0,0,0.02145731
c02,371,0,0,0.025984744
c02,372,0,0,0.011371091
c02,373,0,1,0.76060545
c02,374,0,0,0.19653828
c02,375,0,0,0.042514827
c02,376,0,0,0.043839548
c02,377,0,1,0.51828605
c02,378,0,0,0.055233326
c02,379,0,0,0.12651818
c02,380,0,0,0.10121753
c02,381,0,0,0.20697506
c02,382,0,0,0.22930513
c02,383,0,0,0.080830865
c02,384,0,0,0.051948134
c02,385,0,0,0.09104702
c02,386,0,0,0.24135314
c02,387,0,1,0.90395856
c02,388,0,0,0.10557707
c02,389,0,0,0.06262477
c02,390,0,0,0.18007101
c02,391,0,0,0.14013225
c02,392,0,0,0.08185905
c02,393,0,0,0.05905091
c02,394,0,0,0.36074808
c02,395,0,0,0.21183503
c02,396,0,0,0.2888373
c02,397,0,0,0.13735245
c02,398,0,0,0.07271348
c02,399,0,0,0.04522353
c02,400,0,0,0.04070727
c02,401,0,0,0.071103476
c02,402,0,0,0.05493766
c02,403,0,0,0.082146205
c02,404,0,0,0.06573721
c02,405,0,0,0.040249556
c02,406,0,0,0.104094714
c02,407,0,0,0.057287678
c02,408,0,0,0.051379416
c02,409,0,0,0.0526135
c02,410,0,0,0.087487996
c02,411,0,0,0.06577495
c02,412,0,0,0.051703755
c02,413,0,0,0.18358885
c02,414,0,0,0.17107612
c02,415,0,0,0.08323917
c02,416,0,0,0.11333477
c02,417,0,0,0.06293101
c02,418,0,0,0.33342427
c02,419,0,0,0.30238384
c02,420,0,0,0.1668138
c02,421,0,0,0.12058627
c02,422,0,0,0.015326441
c02,423,0,0,0.036017355
c02,424,0,0,0.11312195
c02,425,0,0,0.087559514
c02,426,0,0,0.08020929
c02,427,0,0,0.14489366
c02,428,0,0,0.047222674
c02,429,0,0,0.09290437
c02,430,0,0,0.070900954
c02,431,0,0,0.18826878
c02,432,0,0,0.12646165
c02,433,0,0,0.060574297
c02,434,0,0,0.11102395
c02,435,0,0,0.10056784
c02,436,0,0,0.08628721
c02,437,0,0,0.047592767
c02,438,0,0,0.049360353
c02,439,0,0,0.10944614
c02,440,0,0,0.04672511
c02,441,0,0,0.0926743
c02,442,0,0,0.1295572
c02,443,0,1,0.7210908
c02,444,0,0,0.09750285
c02,445,0,1,0.5417217
c02,446,0,1,0.9487364
c02,447,0,0,0.29227474
c02,448,0,0,0.15231712
c02,449,0,0,0.033918653
c02,450,0,0,0.22312193
c02,451,0,1,0.83109206
c02,452,0,0,0.045370627
c02,453,0,0,0.078666314
c02,454,0,0,0.15547553
c02,455,0,0,0.06988586
c02,456,0,0,0.10931279
c02,457,0,0,0.02277341
c02,458,0,0,0.018916856
c02,459,0,0,0.036003333
c02,460,0,0,0.047799326
c02,461,0,0,0.024275245
c02,462,0,0,0.029067473
c02,463,0,0,0.012477449
c02,464,0,0,0.01478593
c02,465,0,0,0.02861034
c02,466,0,0,0.035460144
c02,467,0,0,0.08751065
c02,468,0,0,0.03656122
c02,469,0,0,0.034800753
c02,470,0,0,0.032810595
c02,471,0,0,0.028220503
c02,472,0,0,0.029150542
c02,473,0,0,0.03434184
c02,474,0,0,0.04996336
c02,475,0,0,0.042387094
c02,476,0,0,0.032789264
c02,477,0,0,0.025655856
c02,478,0,0,0.027695348
c02,479,0,0,0.035406407
c02,480,0,0,0.020561213
c02,481,0,0,0.012857536
c02,482,0,0,0.030883009
c02,483,0,0,0.04550992
c02,484,0,0,0.060910758
c02,485,0,0,0.2204248
c02,486,0,0,0.48628184
c02,487,0,0,0.39539862
c02,488,0,0,0.26153204
c02,489,0,1,0.75806445
c02,490,0,1,0.8870153
c02,491,0,0,0.074423514
c02,492,0,0,0.23770523
c02,493,0,0,0.037462424
c02,494,0,0,0.38703743
c02,495,0,0,0.08559398
c02,496,0,0,0.040198527
c02,497,0,0,0.040506978
c02,498,0,0,0.037311357
c02,499,0,0,0.01970403
c02,500,0,0,0.05488158
c02,501,0,0,0.024769831
c03,1,0,0,0.012339586
c03,2,0,0,0.06113832
c03,3,0,0,6.5861066e-05
c03,4,0,0,0.00017327825
c03,5,0,0,5.246367e-05
c03,6,0,0,0.06536392
c03,7,0,0,0.002725589
c03,8,0,0,0.0006363892
c03,9,0,0,0.0014770525
c03,10,0,0,0.003560221
c03,11,0,0,0.00055921584
c03,12,0,0,0.0008401853
c03,13,0,0,0.0008906946
c03,14,0,0,0.0017665875
c03,15,0,0,0.0011809759
c03,16,0,0,0.0013604952
c03,17,0,0,0.00039332916
c03,18,0,0,0.0027634033
c03,19,0,0,0.0016593372
c03,20,0,0,0.0004152754
c03,21,0,0,0.0007083252
c03,22,0,0,0.0019637714
c03,23,0,0,0.00069263607
c03,24,0,0,0.00040311902
c03,25,0,0,0.00032367522
c03,26,0,0,0.007254013
c03,27,0,0,0.0017754075
c03,28,0,0,0.00053783896
c03,29,0,0,0.0033010666
c03,30,0,0,0.0004923362
c03,31,0,0,0.0016716819
c03,32,0,0,0.24333262
c03,33,0,0,0.00040336963
c03,34,0,0,0.003622429
c03,35,0,0,0.0061110496
c03,36,0,0,0.0016122106
c03,37,0,0,0.0003391045
c03,38,0,0,0.0009951342
c03,39,0,0,0.0008899604
c03,40,0,0,0.001124833
c03,41,0,0,0.0005503506
c03,42,0,0,0.00044367605
c03,43,0,0,0.00034516334
c03,44,0,0,0.00054264534
c03,45,0,0,0.00029718623
c03,46,0,0,0.0013141043
c03,47,0,0,0.0010998914
c03,48,0,0,0.0010948046
c03,49,0,0,0.0010322635
c03,50,0,0,0.00046329421
c03,51,0,0,0.00050545076
c03,52,0,0,0.00063506985
c03,53,0,0,0.0006316831
c03,54,0,0,0.00084902794
c03,55,0,0,0.0011609526
c03,56,0,0,0.01308337
c03,57,0,0,0.0007237969
c03,58,0,0,0.00081206945
c03,59,0,0,0.0005930247
c03,60,0,0,0.00070157205
c03,61,0,0,0.00024725386
c03,62,0,0,0.00033903794
c03,63,0,0,0.00080847874
c03,64,0,0,0.0002413271
c03,65,0,0,0.00087645213
c03,66,0,0,0.00060209644
c03,67,0,0,0.0007586483
c03,68,0,0,0.000658394
c03,69,0,0,0.00052592537
c03,70,0,0,0.00036365766
c03,71,0,0,0.0003072365
c03,72,0,0,0.00043784958
c03,73,0,0,0.0003008483
c03,74,0,0,0.00014372096
c03,75,0,0,0.0017809796
c03,76,0,0,0.00030329073
c03,77,0,0,0.000455092
c03,78,0,0,0.00020514084
c03,79,0,0,0.00028520424
c03,80,0,0,0.0010662884
c03,81,0,0,0.00036034037
c03,82,0,0,0.003579003
c03,83,0,0,0.016749743
c03,84,0,1,0.58365995
c03,85,0,0,0.015932987
c03,86,0,0,0.0011657547
c03,87,0,0,0.028547728
c03,88,0,0,0.004888464
c03,89,0,0,0.02060548
c03,90,0,0,0.0006859867
c03,91,0,0,0.0011555766
c03,92,0,0,0.0032480438
c03,93,0,0,0.0072107306
c03,94,0,0,0.0037599783
c03,95,0,0,0.0019203374
c03,96,0,0,0.010282501
c03,97,0,0,0.0018617903
c03,98,0,0,0.0021890898
c03,99,0,0,0.0049609295
c03,100,0,0,0.0011181697
c03,101,0,0,0.0060096174
c03,102,0,0,0.0009300015
c03,103,0,0,0.003808065
c03,104,0,0,0.009451956
c03,105,0,0,0.0073795468
c03,106,0,0,0.0018603889
c03,107,0,0,0.0072706724
c03,108,0,0,0.005655061
c03,109,0,0,0.0013899661
c03,110,0,0,0.0024900509
c03,111,0,0,0.0020373953
c03,112,0,0,0.002021854
c03,113,0,0,0.0011388899
c03,114,0,0,0.0013523032
c03,115,0,0,0.00252477
c03,116,0,0,0.0012035583
c03,117,0,0,0.0009357985
c03,118,0,0,0.0024978016
c03,119,0,0,0.0015453656
c03,120,0,0,0.0009896891
c03,121,0,0,0.0048550046
c03,122,0,0,0.0030231907
c03,123,0,0,0.0027083445
c03,124,0,0,0.0032274723
c03,125,0,0,0.0026589595
c03,126,0,0,0.0029430338
c03,127,0,0,0.0011125645
c03,128,0,0,0.0023545253
c03,129,0,0,0.0010742403
c03,130,0,0,0.0029161756
c03,131,0,0,0.0030056273
c03,132,0,0,0.0038857278
c03,133,0,0,0.0013892177
c03,134,0,0,0.00630478
c03,135,0,0,0.0022644708
c03,136,0,0,0.032912098
c03,137,0,0,0.08585198
c03,138,0,0,0.056813724
c03,139,0,0,0.0013311077
c03,140,0,0,0.0024098896
c03,141,0,0,0.043171465
c03,142,0,0,0.0045493045
c03,143,0,0,0.0005675226
c03,144,0,0,0.0043895203
c03,145,0,0,0.0007818611
c03,146,0,0,0.0019158236
c03,147,0,0,0.0028472764
c03,148,0,0,0.00039914402
c03,149,0,0,0.0010554353
c03,150,0,0,0.00085044006
c03,151,0,0,0.0018718678
c03,152,0,0,0.0017847498
c03,153,0,0,0.0015751311
c03,154,0,0,0.0017043175
c03,155,0,0,0.0040197456
c03,156,0,0,0.0025116953
c03,157,0,0,0.013201399
c03,158,0,0,0.0043569594
c03,159,0,0,0.0012784998
c03,160,0,0,0.0008939991
c03,161,0,0,0.033414803
c03,162,0,0,0.0011221772
c03,163,0,0,0.0049602916
c03,164,0,0,0.0023108865
c03,165,0,0,0.0010708623
c03,166,0,0,0.0033076087
c03,167,0,0,0.005487234
c03,168,0,0,0.014121835
c03,169,0,0,0.02091362
c03,170,0,0,0.012458621
c03,171,0,0,0.008542037
c03,172,0,0,0.0017292711
c03,173,0,0,0.0010383144
c03,174,0,0,0.019138416
c03,175,0,0,0.024211941
c03,176,0,0,0.02303155
c03,177,0,0,0.0029427106
c03,178,0,0,0.009089382
c03,179,0,0,0.0034278801
c03,180,0,0,0.01198628
c03,181,0,0,0.0049772775
c03,182,0,0,0.00042562158
c03,183,0,0,0.0016424865
c03,184,0,0,0.0027462686
c03,185,0,0,0.004234142
c03,186,0,0,0.004194806
c03,187,0,0,0.0068417364
c03,188,0,1,0.6359244
c03,189,0,0,0.004952352
c03,190,0,0,0.0073373755
c03,191,0,0,0.0072982134
c03,192,0,0,0.0009337136
c03,193,0,0,0.00023549504
c03,194,0,0,0.00025882883
c03,195,0,0,0.00025777996
c03,196,0,0,0.0098542245
c03,197,0,0,0.000120436765
c03,198,0,0,0.000545366
c03,199,0,0,0.0011972819
c03,200,0,0,0.00077836006
c03,201,0,0,0.0006961268
c03,202,0,0,0.00012587673
c03,203,0,0,0.00035771192
c03,204,0,0,0.00022478192
c03,205,0,0,0.0003017054
c03,206,0,0,0.00012465622
c03,207,0,0,0.00032676116
c03,208,0,0,0.0012974661
c03,209,0,0,0.0006206817
c03,210,0,0,0.0002794101
c03,211,0,0,0.000350917
c03,212,0,0,0.0006233506
c03,213,0,0,0.00038067304
c03,214,0,0,0.00033921897
c03,215,0,0,0.00093990355
c03,216,0,0,0.00029246326
c03,217,0,0,0.0003427949
c03,218,0,0,0.00048426294
c03,219,0,0,0.0005516312
c03,220,0,0,0.0007073719
c03,221,0,0,0.0016641817
c03,222,0,0,0.00059706357
c03,223,0,0,0.0002518489
c03,224,0,0,0.00016262363
c03,225,0,0,0.0005052119
c03,226,0,0,0.00022891992
c03,227,0,0,0.00049195485
c03,228,0,0,0.00032987996
c03,229,0,0,0.0003152268
c03,230,0,0,0.0005836711
c03,231,0,0,0.00027061588
c03,232,0,0,0.0011162801
c03,233,0,0,0.00043166135
c03,234,0,0,0.0005883233
c03,235,0,0,0.0002014009
c03,236,0,0,0.00052701705
c03,237,0,0,0.0004125479
c03,238,0,0,0.00030516094
c03,239,0,0,0.00026118135
c03,240,0,0,0.0002254114
c03,241,0,0,0.00032805777
c03,242,0,0,0.00018344422
c03,243,0,0,0.0010954118
c03,244,0,0,0.00019453453
c03,245,0,0,0.0002498723
c03,246,0,0,0.42555267
c03,247,0,0,0.00081544253
c03,248,0,0,0.00092728646
c03,249,0,0,0.00043338418
c03,250,0,0,0.0020704584
c03,251,0,0,0.0038834363
c03,252,0,0,0.0017877427
c03,253,0,0,0.48020858
c03,254,0,0,0.02339575
c03,255,0,0,0.00022394891
c03,256,0,0,6.370375e-05
c03,257,0,0,0.000579699
c03,258,0,0,8.1614446e-05
c03,259,0,0,0.0006301597
c03,260,0,0,0.0003117212
c03,261,0,0,0.00020046691
c03,262,0,0,0.0037315732
c03,263,0,0,0.00014378909
c03,264,0,0,0.00014701876
c03,265,0,0,0.00019595513
c03,266,0,0,0.020594923
c03,267,0,0,0.0001733579
c03,268,0,0,0.0013744012
c03,269,0,0,0.00021179728
c03,270,0,0,0.00025093424
c03,271,0,0,8.65376e-05
c03,272,0,0,0.00091734837
c03,273,0,0,0.00074983574
c03,274,0,0,0.00020736977
c03,275,0,0,0.0003060977
c03,276,0,0,0.00022116046
c03,277,0,0,0.0009976727
c03,278,0,0,8.360001e-05
c03,279,0,0,0.00016648775
c03,280,0,0,0.0012852382
c03,281,0,0,0.00015551945
c03,282,0,0,0.0004599857
c03,283,0,0,0.00035839615
c03,284,0,0,0.00057606597
c03,285,0,0,0.000528184
c03,286,0,0,0.00030423628
c03,287,0,0,0.42858
c03,288,0,0,0.2751838
c03,289,0,0,0.0017033321
c03,290,0,0,0.001967299
c03,291,0,0,0.0006165648
c03,292,0,0,0.0006051502
c03,293,0,0,0.0004696713
c03,294,0,0,0.0016481862
c03,295,0,0,0.0075741615
c03,296,0,0,0.0008258196
c03,297,0,0,0.0020845197
c03,298,0,0,0.00738195
c03,299,0,0,0.00047003676
c03,300,0,0,0.0005773701
c03,301,0,0,0.00042259126
c03,302,0,0,0.0036101134
c03,303,0,0,0.004808413
c03,304,0,0,0.0009017616
c03,305,0,0,0.0005047291
c03,306,0,0,0.001017884
c03,307,0,0,0.00071730826
c03,308,0,0,0.00057613954
c03,309,0,0,0.0010871099
c03,310,0,0,0.0013536168
c03,311,0,0,0.0031414395
c03,312,0,0,0.00029358297
c03,313,0,0,0.0020348849
c03,314,0,0,0.0014890593
c03,315,0,0,0.0017919622
c03,316,0,0,0.0010438727
c03,317,0,0,0.014807423
c03,318,0,0,0.0015095602
c03,319,0,0,0.0006648622
c03,320,0,0,0.0019849685
c03,321,0,0,0.0011876045
c03,322,0,0,0.0019824055
c03,323,0,0,0.00072157104
c03,324,0,0,0.0020371305
c03,325,0,0,0.001514131
c03,326,0,0,0.0010638037
c03,327,0,0,0.0012124066
c03,328,0,0,0.0020247253
c03,329,0,0,0.0012172648
c03,330,0,0,0.0004075403
c03,331,0,0,0.0022659472
c03,332,0,0,0.00076364004
c03,333,0,0,0.0013367548
c03,334,0,0,0.0064139627
c03,335,0,0,0.26285943
c03,336,0,0,0.026165184
c03,337,0,0,0.0005238403
c03,338,0,0,0.003442135
c03,339,0,0,0.0020321212
c03,340,0,0,0.04783431
c03,341,0,0,0.0016266095
c03,342,0,0,0.0021847363
c03,343,0,0,0.0013262206
c03,344,0,0,0.001398314
c03,345,0,0,0.0030761857
c03,346,0,0,0.00048795991
c03,347,0,0,0.0010916636
c03,348,0,0,0.0024885896
c03,349,0,0,0.0027411492
c03,350,0,0,0.00048672516
c03,351,0,0,0.0019248355
c03,352,0,0,0.009121542
c03,353,0,0,0.0038313642
c03,354,0,0,0.010657402
c03,355,0,0,0.0007106463
c03,356,0,0,0.0016694844
c03,357,0,0,0.0016264012
c03,358,0,0,0.00015393946
c03,359,0,0,0.022332078
c03,360,0,0,0.021970978
c03,361,0,0,0.021631273
c03,362,0,0,0.02893587
c03,363,0,0,0.024561973
c03,364,0,0,0.04792971
c03,365,0,0,0.0053884485
c03,366,0,0,0.018388642
c03,367,0,0,0.0013758038
c03,368,0,0,0.006026035
c03,369,0,1,0.7038633
c03,370,0,0,0.00393174
c03,371,0,0,0.0005113276
c03,372,0,0,0.0015063229
c03,373,0,0,0.0006083423
c03,374,0,0,0.0003171518
c03,375,0,0,0.00013904959
c03,376,0,0,0.00044117618
c03,377,0,0,0.00014635897
c03,378,0,0,0.42440227
c03,379,0,0,0.0003540576
c03,380,0,0,0.0003917844
c03,381,0,0,0.0008681236
c03,382,0,0,0.0011064769
c03,383,0,0,0.0006292492
c03,384,0,0,0.00041057856
c03,385,0,0,0.001349521
c03,386,0,0,0.0008652807
c03,387,0,0,0.0003983868
c03,388,0,0,0.0004458253
c03,389,0,0,0.0005811155
c03,390,0,0,0.0005956628
c03,391,0,0,0.0003227711
c03,392,0,0,0.0006210737
c03,393,0,0,0.0004945865
c03,394,0,0,0.003130711
c03,395,0,0,0.0013587873
c03,396,0,0,0.0004117884
c03,397,0,0,0.00079321914
c03,398,0,0,0.00030132855
c03,399,0,0,0.000547574
c03,400,0,0,0.0015363832
c03,401,0,0,0.00044823185
c03,402,0,0,0.0019826386
c03,403,0,0,0.04818733
c03,404,0,0,0.00027927538
c03,405,0,0,0.0003189821
c03,406,0,0,0.00035147578
c03,407,0,0,0.0002104546
c03,408,0,0,0.0007468926
c03,409,0,0,0.00014613794
c03,410,0,0,0.00017756558
c03,411,0,0,0.00039903523
c03,412,0,0,0.00023390108
c03,413,0,0,0.00030451283
c03,414,0,0,0.00047141066
c03,415,0,0,0.00082797423
c03,416,0,0,0.00040478527
c03,417,0,0,0.00043267064
c03,418,0,0,0.00017817732
c03,419,0,0,0.00049240596
c03,420,0,0,0.00014667417
c03,421,0,0,0.008273245
c03,422,0,0,0.40122044
c03,423,0,0,0.0022484954
c03,424,0,0,0.003601715
c03,425,0,0,2.2595512e-05
c03,426,0,0,5.7637797e-05
c03,427,0,0,0.00015608562
c03,428,0,0,3.6862228e-05
c03,429,0,0,0.00046471332
c03,430,0,0,7.447217e-05
c03,431,0,0,0.00032510527
c03,432,0,0,2.1030275e-05
c03,433,0,0,0.000114343515
c03,434,0,0,4.8856476e-05
c03,435,0,0,6.1018338e-05
c03,436,0,0,0.00046668074
c03,437,0,0,0.00040873748
c03,438,0,0,0.019867687
c03,439,0,0,0.0010288801
c03,440,0,0,0.0012745059
c03,441,0,0,0.0033152415
c03,442,0,0,0.02472925
c03,443,0,0,0.050288156
c03,444,0,0,0.00035167654
c03,445,0,0,0.0015724876
c03,446,0,0,0.012213464
c03,447,0,0,0.00034553968
c03,448,0,0,0.00045592026
c03,449,0,0,0.0011436298
c03,450,0,0,0.00041610716
c03,451,0,1,0.6513843
c03,452,0,0,0.041619815
c03,453,0,0,0.121771224
c04,14,0,1,0.9624224
c04,19,0,0,0.00082438317
c04,20,0,0,0.0002118185
c04,21,0,0,0.06005647
c04,22,0,0,0.009841145
c04,23,0,0,0.060718346
c04,24,0,0,0.059948377
c04,25,0,0,0.010234444
c04,26,0,0,0.049004603
c04,27,0,0,0.09098034
c04,28,0,0,0.055493817
c04,29,0,0,0.057323895
c04,30,0,0,0.050887134
c04,31,0,0,0.08516628
c04,32,0,0,0.009961439
c04,33,0,0,0.013317557
c04,34,0,0,0.04361958
c04,35,0,0,0.002290624
c04,36,0,0,0.0055701206
c04,37,0,0,0.030733824
c04,38,0,0,0.018747566
c04,39,0,0,0.10973193
c04,40,0,0,0.033841882
c04,41,0,0,0.26923603
c04,42,0,0,0.05048607
c04,43,0,0,0.25993276
c04,44,0,0,0.17595169
c04,45,0,0,0.022461278
c04,46,0,0,0.14269711
c04,47,0,0,0.08364543
c04,48,0,0,0.20686987
c04,49,0,0,0.018499913
c04,50,0,0,0.06596011
c04,51,0,0,0.08515692
c04,52,0,0,0.23711438
c04,53,0,0,0.30863366
c04,54,0,0,0.09322862
c04,55,0,0,0.12229117
c04,56,0,0,0.0828595
c04,57,0,0,0.11313948
c04,58,0,0,0.07409342
c04,59,0,0,0.10553695
c04,60,0,0,0.046448715
c04,61,0,0,0.042885233
c04,62,0,0,0.071397126
c04,63,0,0,0.13344668
c04,64,0,0,0.13760856
c04,65,0,0,0.22540356
c04,66,0,0,0.22847897
c04,67,0,0,0.35111722
c04,68,0,0,0.06852028
c04,69,0,0,0.014996826
c04,70,0,0,0.16703962
c04,71,0,0,0.14869776
c04,72,0,0,0.13548058
c04,73,0,0,0.024957752
c04,74,0,0,0.30295345
c04,75,0,0,0.33808002
c04,76,0,0,0.13549505
c04,77,0,0,0.31322017
c04,78,0,0,0.29944468
c04,79,0,0,0.10726874
c04,80,0,0,0.00523333
c04,81,0,0,0.20876582
c04,82,0,0,0.12488723
c04,83,0,0,0.031236744
c04,84,0,0,0.033705145
c04,85,0,0,0.023533486
c04,86,0,0,0.21678585
c04,87,0,0,0.023895457
c04,88,0,0,0.011705718
c04,89,0,0,0.118888296
c04,90,0,0,0.0023782877
c04,91,0,0,0.0052415184
c04,92,0,0,0.018175414
c04,93,0,0,0.044751
c04,94,0,0,0.18913002
c04,95,0,0,0.122928396
c04,96,0,0,0.12529054
c04,97,0,0,0.046453934
c04,98,0,0,0.016878644
c04,99,0,0,0.006228977
c04,100,0,0,0.026306782
c04,101,0,0,0.0044763074
c04,102,0,0,0.08201146
c04,103,0,0,0.016492492
c04,104,0,0,0.0035658027
c04,105,0,0,0.01689678
c04,106,0,0,0.017359884
c04,107,0,0,0.0019656443
c04,108,0,0,0.019787585
c04,109,0,0,0.008006201
c04,110,0,0,0.014064612
c04,111,0,0,0.02525257
c04,112,0,0,0.07757157
c04,113,0,0,0.019615093
c04,114,0,0,0.1165497
c04,115,0,0,0.019858334
c04,116,0,0,0.009077914
c04,117,0,0,0.023831194
c04,118,0,0,0.10783551
c04,119,0,0,0.0073329103
c04,120,0,0,0.021859234
c04,121,0,0,0.17151128
c04,122,0,0,0.008136329
c04,123,0,0,0.104543574
c04,124,0,0,0.2705269
c04,125,0,0,0.06564987
c04,126,0,0,0.4833613
c04,127,0,0,0.05336385
c04,128,0,0,0.18753074
c04,129,0,1,0.75949824
c04,130,0,1,0.65891063
c04,131,0,1,0.6090863
c04,132,0,1,0.67721665
c04,133,0,1,0.68251354
c04,134,0,1,0.7730421
c04,135,0,0,0.4407847
c04,136,0,1,0.55995435
c04,137,0,1,0.62681323
c04,138,0,1,0.64980584
c04,139,0,1,0.68011737
c04,140,0,1,0.76576275
c04,141,0,1,0.65797484
c04,142,0,1,0.70169175
c04,143,0,1,0.65426725
c04,144,0,1,0.6984435
c04,145,0,1,0.6768552
c04,146,0,1,0.66934943
c04,147,0,1,0.6570807
c04,148,0,1,0.7123335
c04,149,0,1,0.7154861
c04,150,0,1,0.699675
c04,151,0,1,0.7116004
c04,152,0,1,0.73160475
c04,153,0,1,0.63070446
c04,154,0,0,0.2338142
c04,155,0,0,0.03640965
c04,156,0,1,0.5515609
c04,157,0,0,0.059652977
c04,158,0,0,0.13550304
c04,159,0,0,0.2458343
c04,160,0,0,0.16022584
c04,161,0,0,0.026747743
c04,162,0,0,0.087311506
c04,163,0,0,0.0031737448
c04,164,0,0,0.00865138
c04,165,0,0,0.18146642
c04,166,0,0,0.027653525
c04,167,0,0,0.00757921
c04,168,0,0,0.005156787
c04,169,0,0,0.0010984464
c04,170,0,0,0.009353194
c04,171,0,0,0.00058832444
c04,172,0,0,0.004785978
c04,173,0,0,0.0023307698
c04,174,0,0,0.06036475
c04,175,0,0,0.0002670514
c04,176,0,0,0.00016885728
c04,177,0,0,0.0052311686
c04,178,0,0,0.0029316116
c04,179,0,0,0.0048237643
c04,180,0,0,0.0011993473
c04,181,0,0,0.004478214
c04,182,0,1,0.6399713
c04,183,0,0,0.0056455047
c04,184,0,0,0.00034059345
c04,185,0,0,0.0016353833
c04,186,0,0,0.0010471632
c04,187,0,0,0.002252354
c04,188,0,0,0.007986374
c04,189,0,0,0.017681181
c04,190,0,0,0.013024228
c04,191,0,0,0.00035663642
c04,192,0,0,0.0010684538
c04,193,0,0,0.0008325061
c04,194,0,0,0.000684489
c04,195,0,0,0.065178476
c04,196,0,0,0.0006223317
c04,197,0,0,0.00018356722
c04,198,0,0,0.0001435659
c04,199,0,0,0.0034904426
c04,200,0,0,0.0019213686
c04,201,0,0,0.00016409451
c04,202,0,0,0.00016810255
c04,203,0,0,0.00017614316
c04,204,0,0,0.0009420369
c04,205,0,0,0.00025280446
c04,206,0,0,0.00017550828
c04,207,0,0,7.2979215e-05
c04,208,0,0,0.0010883684
c04,209,0,0,0.00021953142
c04,210,0,0,0.00013893905
c04,211,0,0,0.0004054727
c04,212,0,0,0.20521271
c04,213,0,0,0.00025927514
c04,214,0,0,0.00015736227
c04,215,0,0,0.0020711964
c04,216,0,0,0.00018453313
c04,217,0,0,0.0004305458
c04,218,0,0,0.080199584
c04,219,0,0,0.02695952
c04,220,0,0,0.0006365973
c04,221,0,1,0.8696446
c04,222,0,1,0.9764915
c04,223,0,1,0.86590105
c04,224,0,1,0.9365043
c04,225,0,1,0.8879665
c04,226,0,1,0.6412488
c04,227,0,1,0.5742354
c04,228,0,1,0.94587547
c04,229,0,0,0.13410722
c04,230,0,0,0.011698891
c04,231,0,0,0.0008751474
c04,232,0,1,0.9353062
c04,233,0,0,0.0064956537
c04,234,0,1,0.80813146
c04,235,0,1,0.61560905
c04,236,0,1,0.9687072
c04,237,0,1,0.91777164
c04,238,0,1,0.79286146
c04,239,0,1,0.8678595
c04,240,0,1,0.93432957
c04,241,0,1,0.83733743
c04,242,0,1,0.77071285
c04,243,0,1,0.8585118
c04,244,0,1,0.9485252
c04,245,0,1,0.8043554
c04,246,0,1,0.8209408
c04,247,0,1,0.9022503
c04,248,0,1,0.80505586
c04,249,0,1,0.8393876
c04,250,0,1,0.86790437
c04,251,0,1,0.7617839
c04,252,0,1,0.7736279
c04,253,0,1,0.81660116
c04,254,0,1,0.9184111
c04,255,0,1,0.9175705
c04,256,0,1,0.9416668
c04,257,0,1,0.9584863
c04,258,0,1,0.9391099
c04,259,0,1,0.6266166
c04,260,0,0,0.10620781
c04,261,0,0,0.034259174
c04,262,0,0,0.055952575
c04,263,0,0,0.16441412
c04,264,0,0,0.15903495
c04,265,0,0,0.3262711
c04,266,0,0,0.15858875
c04,267,0,0,0.3492761
c04,268,0,1,0.5626782
c04,269,0,0,0.394528
c04,270,0,0,0.38441747
c04,271,0,0,0.44320256
c04,272,0,1,0.5660835
c04,273,0,1,0.5041105
c04,274,0,0,0.44314635
c04,275,0,1,0.59151375
c04,276,0,0,0.18339454
c04,277,0,0,0.18384516
c04,278,0,0,0.08889961
c04,279,0,0,0.41151446
c04,280,0,0,0.49175242
c04,281,0,0,0.46530825
c04,282,0,0,0.3965075
c04,283,0,0,0.38403723
c04,284,0,1,0.53379905
c04,285,0,0,0.3430485
c04,286,0,0,0.051081073
c04,287,0,0,0.078830406
c04,288,0,0,0.07463173
c04,289,0,0,0.11553417
c04,290,0,0,0.23852195
c04,291,0,0,0.22782026
c04,292,0,0,0.20722666
c04,293,0,0,0.38037398
c04,294,0,0,0.3502953
c04,295,0,0,0.35480544
c04,296,0,0,0.45702773
c04,297,0,0,0.28974426
c04,298,0,0,0.49679065
c04,299,0,0,0.38829288
c04,300,0,0,0.44920394
c04,301,0,0,0.39143452
c04,302,0,0,0.3815529
c04,303,0,0,0.40193874
c04,304,0,0,0.16276263
c04,305,0,0,0.2553985
c04,306,0,0,0.4114194
c04,307,0,0,0.08602252
c04,308,0,0,0.011693494
c04,309,0,0,0.075913675
c04,310,0,0,0.20152552
c04,311,0,0,0.01395338
c04,312,0,0,0.26204368
c04,313,0,0,0.3067732
c04,314,0,0,0.18400696
c04,315,0,0,0.10838296
c04,316,0,0,0.39569095
c04,317,0,0,0.08986257
c04,318,0,0,0.019273635
c04,319,0,0,0.1691631
c04,320,0,0,0.16091028
c04,321,0,0,0.115939386
c04,322,0,0,0.01723587
c04,323,0,0,0.17203383
c04,324,0,0,0.38319296
c04,325,0,0,0.038487017
c04,326,0,0,0.019521685
c04,327,0,0,0.06923213
c04,328,0,0,0.1250719
c04,329,0,0,0.004714716
c04,330,0,0,0.19608738
c04,331,0,0,0.03638562
c04,332,0,0,0.015929509
c04,333,0,0,0.08254304
c04,334,0,0,0.42312887
c04,335,0,0,0.024767147
c04,336,0,0,0.18832393
c04,337,0,0,0.015754795
c04,338,0,0,0.056697767
c04,339,0,0,0.04020746
c04,340,0,0,0.04255486
c04,341,0,0,0.35079738
c04,342,0,0,0.37914747
c04,343,0,0,0.0105349645
c04,344,0,0,0.086754754
c04,345,0,0,0.14809242
c04,346,0,0,0.123317316
c04,347,0,0,0.028598405
c04,348,0,0,0.09580726
c04,349,0,0,0.095838584
c04,350,0,0,0.051448766
c04,351,0,0,0.3429682
c04,352,0,0,0.10986441
c04,353,0,1,0.5157507
c04,354,0,0,0.18504798
c04,355,0,0,0.43628597
c04,356,0,1,0.6623283
c04,357,0,0,0.13274783
c04,358,0,0,0.01185835
c04,359,0,0,0.17751998
c04,360,0,0,0.050895493
c04,361,0,0,0.1064479
c04,362,0,0,0.038498886
c04,363,0,0,0.085971825
c04,364,0,0,0.14366908
c04,365,0,0,0.40384474
c04,366,0,0,0.049943034
c04,367,0,0,0.013237034
c04,368,0,0,0.041600086
c04,369,0,0,0.029687805
c04,370,0,0,0.07300637
c04,371,0,0,0.16216432
c04,372,0,0,0.021677563
c04,373,0,0,0.18533167
c04,374,0,0,0.49954385
c04,375,0,0,0.37218457
c04,376,0,0,0.032106567
c04,377,0,0,0.39706516
c04,378,0,0,0.016319118
c04,379,0,0,0.26359838
c04,380,0,0,0.017766263
c04,381,0,0,0.04247314
c04,382,0,0,0.17755908
c04,383,0,0,0.055508055
c04,384,0,0,0.064559735
c04,385,0,0,0.01849838
c04,386,0,0,0.019665765
c04,387,0,0,0.028274063
c04,388,0,0,0.10661229
c04,389,0,0,0.012792296
c04,390,0,0,0.06554958
c04,391,0,0,0.04561013
c04,392,0,0,0.14900023
c04,393,0,0,0.11935668
c04,394,0,0,0.0434142
c04,395,0,0,0.039874204
c04,396,0,0,0.011045355
c04,397,0,0,0.01269937
c04,398,0,0,0.011858639
c04,399,0,0,0.049458068
c04,400,0,0,0.03303592
c04,401,0,0,0.14607152
c04,402,0,1,0.8597054
c04,403,0,1,0.83008915
c04,404,0,0,0.45251763
c04,405,0,0,0.014785388
c04,406,0,0,0.023416314
c04,407,0,0,0.046430632
c04,408,0,0,0.025569323
c04,409,0,0,0.011780374
c04,410,0,0,0.011169817
c04,411,0,0,0.026760245
c04,412,0,0,0.018826077
c04,413,0,0,0.056457475
c04,414,0,0,0.04979666
c04,415,0,0,0.045790546
c04,416,0,0,0.013013084
c04,417,0,0,0.034981467
c04,418,0,0,0.027659575
c04,419,0,0,0.26014736
c04,420,0,0,0.0098233465
c04,421,0,0,0.038672604
c04,422,0,0,0.055155948
c04,423,0,0,0.40344813
c04,424,0,0,0.38833976
c04,425,0,1,0.63136154
c04,426,0,1,0.71499676
c04,427,0,1,0.76421297
c04,428,0,0,0.045391046
c04,429,0,1,0.9071266
c04,430,0,1,0.9271323
c04,431,0,0,0.011984287
c04,432,0,0,0.00029724799
c04,433,0,1,0.8265053
c04,434,0,0,0.13060027
c04,435,0,0,0.023225266
c04,436,0,0,0.0016155044
c04,437,0,0,0.16528372
c04,438,0,1,0.86645436
c04,439,0,0,0.08066371
c04,440,0,0,0.0014686798
c04,441,0,0,0.07091339
c04,442,0,0,0.003947026
c04,443,0,0,0.26840323
c04,444,0,0,0.014672966
c04,445,0,0,0.25518098
c04,446,0,1,0.7375752
c04,447,0,0,0.48926288
c04,448,0,1,0.77985936
c04,449,0,0,0.28657603
c04,450,0,0,0.07931966
c04,451,0,0,0.14370279
c04,452,0,0,0.30048817
c04,453,0,1,0.8237467
c04,454,0,1,0.9068652
c04,455,0,1,0.93268687
c04,456,0,1,0.7622039
c04,457,0,1,0.8910937
c04,458,0,1,0.9863252
c04,459,0,1,0.64070594
c04,460,0,1,0.9256972
c04,461,0,1,0.9835534
c04,462,0,1,0.9282187
c04,463,0,1,0.9375755
c04,464,0,1,0.936613
c04,465,0,1,0.9611238
c04,466,0,1,0.9728098
c04,467,0,1,0.98274845
c04,468,0,1,0.9365602
c04,469,0,1,0.94118035
c04,470,0,1,0.7061988
c04,471,0,1,0.68674284
c04,472,0,1,0.95449305
c04,473,0,1,0.95106786
c04,474,0,1,0.8774294
c04,475,0,1,0.96483696
c04,476,0,1,0.9567891
c04,477,0,1,0.54388773
c04,478,0,0,0.4259081
c04,479,0,0,0.4554051
c04,480,0,0,0.17868885
c04,481,0,0,0.10069386
c05,1,0,0,0.08493656
c05,2,0,0,0.035108298
c05,3,0,0,0.00017807474
c05,4,0,0,0.015048925
c05,5,0,0,0.003231896
c05,6,1,0,0.13797276
c05,7,0,0,0.032641426
c05,8,0,0,0.08484093
c05,9,0,1,0.5451333
c05,10,0,0,0.016178962
c05,11,0,0,0.022110268
c05,12,0,0,0.029308902
c05,13,0,0,0.02790589
c05,14,0,0,0.034486987
c05,15,0,0,0.015266132
c05,16,0,0,0.06372622
c05,17,0,0,0.014741427
c05,18,0,0,0.0077228374
c05,19,0,0,0.017982168
c05,20,0,0,0.034121186
c05,21,0,0,0.012555108
c05,22,0,0,0.021149121
c05,23,0,0,0.025215728
c05,24,0,0,0.010078501
c05,25,0,0,0.0075569055
c05,26,0,0,0.042529307
c05,27,0,0,0.009670034
c05,28,0,0,0.007605175
c05,29,0,0,0.011753133
c05,30,0,0,0.00867214
c05,31,0,0,0.010027175
c05,32,0,0,0.013944803
c05,33,0,0,0.006434937
c05,34,0,0,0.019388415
c05,35,0,0,0.042436264
c05,36,0,0,0.009962925
c05,37,0,0,0.016011108
c05,38,0,0,0.0070826462
c05,39,0,0,0.00711448
c05,40,0,0,0.011262749
c05,41,0,0,0.016092792
c05,42,0,0,0.025714079
c05,43,0,0,0.048972037
c05,44,0,0,0.01809976
c05,45,0,0,0.010756198
c05,46,0,0,0.009219174
c05,47,0,0,0.004537357
c05,48,0,0,0.0072138063
c05,49,0,0,0.015757028
c05,50,0,0,0.00808324
c05,51,0,0,0.00953878
c05,52,0,0,0.008998524
c05,53,0,0,0.019260634
c05,54,0,0,0.011867477
c05,55,0,0,0.033505097
c05,56,0,0,0.009269988
c05,57,0,0,0.008935396
c05,58,0,0,0.0044058044
c05,59,0,0,0.008157568
c05,60,0,0,0.010375435
c05,61,0,0,0.0075023356
c05,62,0,0,0.0036523181
c05,63,0,0,0.0054722866
c05,64,0,0,0.0030738206
c05,65,0,0,0.014524682
c05,66,0,0,0.25705978
c05,67,0,0,0.0016171711
c05,68,0,0,0.00041506425
c05,69,0,0,0.0006599488
c05,70,0,0,0.0028307175
c05,71,0,0,0.00281307
c05,72,0,0,0.0034937083
c05,73,0,0,0.003803103
c05,74,0,0,0.0013711876
c05,75,0,0,0.0012114542
c05,76,0,0,0.007936181
c05,77,0,0,0.011146868
c05,78,0,0,0.009990255
c05,79,0,0,0.002806721
c05,80,0,0,0.00210437
c05,81,0,0,0.008432803
c05,82,0,0,0.007417584
c05,83,0,0,0.005138514
c05,84,0,0,0.0027044038
c05,85,0,0,0.006189959
c05,86,0,0,0.0056773433
c05,87,0,0,0.0051923576
c05,88,0,0,0.0085261725
c05,89,0,0,0.004084536
c05,90,0,0,0.2554186
c05,91,0,0,0.0059040147
c05,92,0,0,0.007133867
c05,93,0,0,0.0107124895
c05,94,0,0,0.0061464026
c05,95,0,0,0.012582384
c05,96,0,0,0.005069564
c05,97,0,0,0.0021840627
c05,98,0,0,0.010129872
c05,99,0,0,0.010343854
c05,100,0,0,0.0066477405
c05,101,0,0,0.0060594203
c05,102,0,0,0.0022149086
c05,103,0,0,0.014363016
c05,104,0,0,0.0035994602
c05,105,0,0,0.007997001
c05,106,0,0,0.015339111
c05,107,0,0,0.005138636
c05,108,0,0,0.021062821
c05,109,0,0,0.03444699
c05,110,0,1,0.5066051
c05,111,0,0,0.05698563
c05,112,0,0,0.057017587
c05,113,0,0,0.10228111
c05,114,0,0,0.03812009
c05,115,0,0,0.09869853
c05,116,0,0,0.09511993
c05,117,0,0,0.024382852
c05,118,0,0,0.025229681
c05,119,0,0,0.032872815
c05,120,0,0,0.040572867
c05,121,0,0,0.067003965
c05,122,0,0,0.025733951
c05,123,0,0,0.0416678
c05,124,0,0,0.02728221
c05,125,0,0,0.041373607
c05,126,0,0,0.20079389
c05,127,0,0,0.100798205
c05,128,0,0,0.030074567
c05,129,0,0,0.05151795
c05,130,0,0,0.020109324
c05,131,0,0,0.08424755
c05,132,0,0,0.030102873
c05,133,0,0,0.028906805
c05,134,0,0,0.0171431
c05,135,0,0,0.05367185
c05,136,0,0,0.030251559
c05,137,0,0,0.05072171
c05,138,0,0,0.035161834
c05,139,0,0,0.047895692
c05,140,0,0,0.017739058
c05,141,0,0,0.025815552
c05,142,0,0,0.11806232
c05,143,0,0,0.07976586
c05,144,0,0,0.045346648
c05,145,0,0,0.17305413
c05,146,0,0,0.23612562
c05,147,0,0,0.090751365
c05,148,0,0,0.12409974
c05,149,0,0,0.023560006
c05,150,0,0,0.024656357
c05,151,0,0,0.019620234
c05,152,0,0,0.030103395
c05,153,0,0,0.21155569
c05,154,0,0,0.035096668
c05,155,0,0,0.025794009
c05,156,0,0,0.031247165
c05,157,0,0,0.009988351
c05,158,0,0,0.022388548
c05,159,0,0,0.014315739
c05,160,0,0,0.03124832
c05,161,0,0,0.085996106
c05,162,0,0,0.0750831
c05,163,0,0,0.25063282
c05,164,0,0,0.06035616
c05,165,0,1,0.5329774
c05,166,0,0,0.05594983
c05,167,0,0,0.023818852
c05,168,0,0,0.0080020325
c05,169,0,0,0.024367975
c05,170,0,0,0.011459637
c05,171,0,0,0.013903851
c05,172,0,0,0.008329742
c05,173,0,0,0.012445333
c05,174,0,0,0.01028434
c05,175,0,0,0.018477064
c05,176,0,0,0.015932612
c05,177,0,0,0.013620053
c05,178,0,0,0.010433935
c05,179,0,0,0.019304782
c05,180,0,0,0.015010165
c05,181,0,0,0.03745616
c05,182,0,0,0.023684796
c05,183,0,0,0.028665503
c05,184,0,0,0.018578324
c05,185,0,0,0.011060773
c05,186,0,0,0.009209144
c05,187,0,0,0.011434406
c05,188,0,0,0.023198469
c05,189,0,0,0.009246492
c05,190,0,0,0.025372272
c05,191,0,0,0.025516734
c05,192,0,0,0.011213055
c05,193,0,0,0.055546436
c05,194,0,0,0.09810811
c05,195,0,0,0.06429337
c05,196,0,0,0.08921138
c05,197,0,0,0.16438445
c05,198,0,0,0.08820136
c05,199,0,0,0.04747263
c05,200,0,0,0.025184495
c05,201,0,0,0.12094506
c05,202,0,0,0.23386197
c05,203,0,0,0.084568605
c05,204,0,0,0.10018964
c05,205,0,0,0.12670948
c05,206,0,0,0.077703066
c05,207,0,0,0.11213556
c05,208,0,0,0.12007359
c05,209,0,0,0.34601885
c05,210,0,0,0.10477219
c05,211,0,0,0.15618312
c05,212,0,0,0.055972684
c05,213,0,0,0.087798595
c05,214,0,0,0.07665511
c05,215,0,0,0.109681815
c05,216,0,0,0.14731875
c05,217,0,0,0.041853186
c05,218,0,0,0.06973757
c05,219,0,0,0.119829044
c05,220,0,0,0.06248725
c05,221,0,0,0.019412752
c05,222,0,0,0.11181259
c05,223,0,0,0.055577103
c05,224,0,0,0.037757847
c05,225,0,0,0.0075861467
c05,226,0,0,0.0047027245
c05,227,0,0,0.034271948
c05,228,0,0,0.010824176
c05,229,0,0,0.014988524
c05,230,0,0,0.049495295
c05,231,0,0,0.01758614
c05,232,0,0,0.008486086
c05,233,0,0,0.019290993
c05,234,0,0,0.03109635
c05,235,0,0,0.046193615
c05,236,0,0,0.033788517
c05,237,0,0,0.023515573
c05,238,0,0,0.03314243
c05,239,0,0,0.041186225
c05,240,0,0,0.026194785
c05,241,0,0,0.06270299
c05,242,0,0,0.024429733
c05,243,0,0,0.023248794
c05,244,0,0,0.009398137
c05,245,0,0,0.0056962087
c05,246,0,0,0.020946251
c05,247,0,0,0.049977437
c05,248,0,0,0.015159262
c05,249,0,0,0.011438665
c05,250,0,0,0.016204437
c05,251,0,0,0.003554721
c05,252,0,0,0.021241052
c05,253,0,0,0.00728658
c05,254,0,0,0.06724379
c05,255,0,0,0.31331527
c05,256,0,0,0.00043789338
c05,257,0,0,0.0031219195
c05,258,0,0,0.0001852314
c05,259,0,0,0.0020610578
c05,260,0,0,0.001228363
c05,261,0,0,0.0026557546
c05,262,0,0,0.006334592
c05,263,0,0,0.019464014
c05,264,0,0,0.008658214
c05,265,0,0,0.0107724825
c05,266,0,0,0.039120115
c05,267,0,0,0.06186857
c05,268,0,0,0.020161849
c05,269,0,0,0.0023724276
c05,270,0,0,0.002011346
c05,271,0,0,0.0023064064
c05,272,0,0,0.0045864955
c05,273,0,0,0.004088852
c05,274,0,0,0.002563519
c05,275,0,0,0.17200585
c05,276,0,0,0.008285852
c05,277,0,0,0.007862013
c05,278,0,0,0.0034771732
c05,279,0,0,0.006827976
c05,280,0,0,0.010426482
c05,281,0,0,0.0023936238
c05,282,0,0,0.0064231283
c05,283,0,0,0.02498222
c05,284,0,0,0.3855083
c05,285,0,0,0.034609143
c05,286,0,0,0.084109075
c05,287,0,0,0.02301907
c05,288,0,0,0.034733165
c05,289,0,0,0.011271312
c05,290,0,0,0.037062705
c05,291,0,0,0.048414163
c05,292,0,0,0.055225097
c05,293,0,0,0.25374755
c05,294,0,0,0.14853925
c05,295,0,0,0.35370818
c05,296,0,0,0.013573962
c05,297,0,0,0.13246894
c05,298,0,0,0.104817905
c05,299,0,0,0.11247113
c05,300,0,0,0.07943801
c05,301,0,0,0.0049719433
c05,302,0,0,0.056854784
c05,303,0,0,0.0059178816
c05,304,0,0,0.0069819717
c05,305,0,0,0.006894938
c05,306,0,0,0.004395054
c05,307,0,0,0.021782892
c05,308,0,0,0.0016430848
c05,309,0,0,0.0012347108
c05,310,0,0,0.0010010827
c05,311,0,0,0.011815024
c05,312,0,0,0.002157624
c05,313,0,0,0.002440729
c05,314,0,0,0.0006949827
c05,315,0,0,0.0014777881
c05,316,0,0,0.24434365
c05,317,0,0,0.053680982
c05,318,0,0,0.0065147793
c05,319,0,0,0.0014451727
c05,320,0,0,0.0025909252
c05,321,0,0,0.0015834136
c05,322,0,0,0.004013994
c05,323,0,0,0.00087241246
c05,324,0,0,0.0053536235
c05,325,0,0,0.0013016224
c05,326,0,0,0.004865898
c05,327,0,0,0.011215805
c05,328,0,0,0.0049865264
c05,329,0,0,0.001998089
c05,330,0,0,0.0029849892
c05,331,0,0,0.001214443
c05,332,0,0,0.0063439095
c05,333,0,0,0.0048696212
c05,334,0,0,0.0036646484
c05,335,0,0,0.0019356986
c05,336,0,0,0.002390497
c05,337,0,0,0.0033990263
c05,338,0,0,0.0024181344
c05,339,0,0,0.00093627255
c05,340,0,0,0.01683581
c05,341,0,0,0.00076783076
c05,342,0,0,0.0027618061
c05,343,0,0,0.0070303455
c05,344,0,0,0.005394677
c05,345,0,0,0.0042439583
c05,346,0,1,0.6758676
c05,347,0,0,0.017331235
c05,348,0,0,0.012569256
c05,349,0,0,0.015772736
c05,350,0,0,0.02368492
c05,351,0,0,0.013950698
c05,352,0,0,0.0027077417
c05,353,0,0,0.06324062
c05,354,0,0,0.0038429783
c05,355,0,0,0.0016144533
c05,356,0,0,0.0059846207
c05,357,0,0,0.0015166592
c05,358,0,0,0.00080576114
c05,359,0,0,0.002043991
c05,360,0,0,0.0027109575
c05,361,0,0,0.0027453143
c05,362,0,0,0.000805793
c05,363,0,0,0.0028624102
c05,364,0,0,0.0039177123
c05,365,0,0,0.057315134
c05,366,0,0,0.042969305
c05,367,0,0,0.010229417
c05,368,0,0,0.021102127
c05,369,0,0,0.21309584
c05,370,0,0,0.07949856
c05,371,0,0,0.076342046
c05,372,0,0,0.048433255
c05,373,0,0,0.029418577
c05,374,0,0,0.060680885
c05,375,0,0,0.080555715
c05,376,0,0,0.090600386
c05,377,0,0,0.13894838
c05,378,0,0,0.082754746
c05,379,0,0,0.26817858
c05,380,0,0,0.0880414
c05,381,0,0,0.12361002
c05,382,0,0,0.08171337
c05,383,0,0,0.08805305
c05,384,0,0,0.029296707
c05,385,1,0,0.07078951
c05,386,1,0,0.24625756
c05,387,0,0,0.0076429183
c05,388,0,0,0.0013980756
c05,389,0,0,0.0036717902
c05,390,0,0,0.009533844
c05,391,0,0,0.0012003039
c05,392,0,0,0.02141612
c05,393,0,0,0.008072916
c05,394,0,0,0.012203993
c05,395,0,0,0.0011555733
c05,396,0,0,0.007265597
c05,397,0,0,0.002055662
c05,398,0,0,0.010467416
c05,399,0,0,0.0017557689
c05,400,0,0,0.0025542025
c05,401,0,0,0.0016071759
c05,402,0,0,0.0009931154
c05,403,0,0,0.0012641432
c05,404,0,0,0.0012860058
c05,405,0,0,0.0066645765
c05,406,0,0,0.028258888
c05,407,0,0,0.003593671
c05,408,0,0,0.016090453
c05,409,0,0,0.0060249493
c05,410,0,0,0.016302202
c05,411,0,0,0.0030722546
c05,412,0,0,0.0016451619
c05,413,0,0,0.003867998
c05,414,0,0,0.02033675
c05,415,0,0,0.03024558
c05,416,0,0,0.008057097
c05,417,0,0,0.022230195
c05,418,0,0,0.0094665075
c05,419,0,0,0.0025351788
c05,420,0,0,0.0005129742
c05,421,0,0,0.00051767717
c05,422,0,0,0.0020279381
c05,423,0,0,0.0003568716
c05,424,0,0,0.00085424917
c05,425,0,0,0.0012641883
c05,426,0,0,0.0004580716
c05,427,0,0,0.0013987068
c05,428,0,0,0.004395768
c05,429,0,0,0.0014220678
c05,430,0,0,0.0014407714
c05,431,0,0,0.0046232687
c05,432,0,0,0.0024713026
c05,433,0,0,0.005290402
c05,434,0,0,0.004620529
c05,435,0,0,0.010007219
c05,436,0,0,0.0053004916
c05,437,0,0,0.0053247875
c05,438,0,0,0.003246479
c05,439,0,0,0.017146725
c05,440,0,0,0.015115183
c05,441,0,0,0.029590368
c05,442,0,0,0.0035825013
c05,443,0,0,0.004715231
c05,444,0,0,0.019028818
c05,445,0,0,0.0043712077
c05,446,0,0,0.0024903314
c05,447,0,1,0.50817776
c05,448,0,0,0.0026035444
c05,449,0,0,0.07044398
c05,450,0,0,0.006267274
c05,451,0,0,0.0014190868
c05,452,0,0,0.0053379545
c05,453,0,0,0.034283534
c05,454,0,0,0.017973153
c05,455,0,0,0.0031014434
c05,456,0,0,0.012032703
c05,457,0,0,0.014772536
c05,458,0,0,0.006452809
c05,459,0,0,0.022196617
c05,460,0,0,0.010301997
c05,461,0,0,0.054958448
c05,462,0,0,0.042087834
c05,463,0,0,0.0021421583
c05,464,0,0,0.09907997
c05,465,0,0,0.35123903
c06,1,0,0,0.0011078102
c06,2,0,0,0.038192555
c06,3,0,0,0.1716355
c06,4,0,0,1.016878e-07
c06,5,0,0,0.0055674273
c06,6,0,0,0.014469705
c06,7,0,0,0.036301356
c06,8,0,0,0.005308236
c06,9,0,0,0.105518185
c06,10,0,0,0.4319407
c06,11,0,0,0.030301727
c06,12,0,0,0.013581722
c06,13,0,0,0.017484318
c06,14,0,0,0.026291331
c06,15,0,0,0.04002491
c06,16,0,0,0.01756044
c06,17,0,0,0.0127144335
c06,18,0,0,0.04721672
c06,19,0,0,0.007986498
c06,20,0,0,0.015770359
c06,21,0,0,0.033696603
c06,22,0,0,0.026618615
c06,23,0,0,0.010101819
c06,24,0,0,0.030447278
c06,25,0,0,0.0263291
c06,26,0,0,0.008026807
c06,27,0,0,0.039381586
c06,28,0,0,0.013509259
c06,29,0,0,0.015823603
c06,30,0,0,0.012601011
c06,31,0,0,0.009591856
c06,32,0,0,0.007880329
c06,33,0,0,0.009224341
c06,34,0,0,0.0057682483
c06,35,0,0,0.013144476
c06,36,0,0,0.017965587
c06,37,0,0,0.012039416
c06,38,0,0,0.017992835
c06,39,0,0,0.007181776
c06,40,0,0,0.004334071
c06,41,0,0,0.022247044
c06,42,0,0,0.0060483622
c06,43,0,0,0.014379733
c06,44,0,0,0.018743154
c06,45,0,0,0.009882663
c06,46,0,0,0.009029661
c06,47,0,0,0.009864847
c06,48,0,0,0.009664939
c06,49,0,0,0.004960028
c06,50,0,0,0.011852093
c06,51,0,0,0.006692382
c06,52,0,0,0.0039692787
c06,53,0,0,0.005107641
c06,54,0,0,0.007839983
c06,55,0,0,0.007963988
c06,56,0,0,0.011944542
c06,57,0,0,0.016034119
c06,58,0,0,0.0038215308
c06,59,0,0,0.0026005618
c06,60,0,0,0.0042946916
c06,61,0,0,0.0051556765
c06,62,0,0,0.0020987
c06,63,0,0,0.002595629
c06,64,0,0,0.0056061116
c06,65,0,0,0.0034683808
c06,66,0,0,0.002243816
c06,67,0,0,0.28092322
c06,68,0,0,0.0025137162
c06,69,0,0,0.0011678415
c06,70,0,0,0.0015720669
c06,71,0,0,0.0006622542
c06,72,0,0,0.0012483092
c06,73,0,0,0.001328083
c06,74,0,0,0.0018344449
c06,75,0,0,0.0011057052
c06,76,0,0,0.0014151151
c06,77,0,0,0.0065261927
c06,78,0,0,0.0061716586
c06,79,0,0,0.0031486123
c06,80,0,0,0.0029070738
c06,81,0,0,0.002731681
c06,82,0,0,0.008097077
c06,83,0,0,0.0059582125
c06,84,0,0,0.0022434487
c06,85,0,0,0.0032256227
c06,86,0,0,0.00304676
c06,87,0,0,0.005035399
c06,88,0,0,0.0028052425
c06,89,0,0,0.008715924
c06,90,0,0,0.002205835
c06,91,0,0,0.07350365
c06,92,0,0,0.04147848
c06,93,0,0,0.005050925
c06,94,0,0,0.0047830604
c06,95,0,0,0.00443714
c06,96,0,0,0.0069691227
c06,97,0,0,0.0049406593
c06,98,0,0,0.00398823
c06,99,0,0,0.0059270277
c06,100,0,0,0.0070903297
c06,101,0,0,0.004672852
c06,102,0,0,0.00535922
c06,103,0,0,0.0023221073
c06,104,0,0,0.0026031504
c06,105,0,0,0.0071644434
c06,106,0,0,0.002335678
c06,107,0,0,0.024736807
c06,108,0,0,0.0033395693
c06,109,0,0,0.005285867
c06,110,0,0,0.011345293
c06,111,0,0,0.15402202
c06,112,0,0,0.30316636
c06,113,0,0,0.021054102
c06,114,0,0,0.036204137
c06,115,0,0,0.062427975
c06,116,0,0,0.06701536
c06,117,0,0,0.123908505
c06,118,0,0,0.036992304
c06,119,0,0,0.026212562
c06,120,0,0,0.013914098
c06,121,0,0,0.019932207
c06,122,0,0,0.056774743
c06,123,0,0,0.041986976
c06,124,0,0,0.031553205
c06,125,0,0,0.036877003
c06,126,0,0,0.027455077
c06,127,0,0,0.13225135
c06,128,0,0,0.074847616
c06,129,0,0,0.039103378
c06,130,0,0,0.020396613
c06,131,0,0,0.025549
c06,132,0,0,0.021229368
c06,133,0,0,0.03850786
c06,134,0,0,0.0119537795
c06,135,0,0,0.02044324
c06,136,0,0,0.017665138
c06,137,0,0,0.030000718
c06,138,0,0,0.044184662
c06,139,0,0,0.0410175
c06,140,0,0,0.04561067
c06,141,0,0,0.010741808
c06,142,0,0,0.023941217
c06,143,0,0,0.009854596
c06,144,0,0,0.109484605
c06,145,0,0,0.020241022
c06,146,0,0,0.025541406
c06,147,0,1,0.67529714
c06,148,0,0,0.087878905
c06,149,0,0,0.020358883
c06,150,0,0,0.07303048
c06,151,0,0,0.017918268
c06,152,0,0,0.014472322
c06,153,0,0,0.034616265
c06,154,0,0,0.09580121
c06,155,0,0,0.045314092
c06,156,0,0,0.013489251
c06,157,0,0,0.016927533
c06,158,0,0,0.011793504
c06,159,0,0,0.016091447
c06,160,0,0,0.014195796
c06,161,0,0,0.012950385
c06,162,0,0,0.03900237
c06,163,0,0,0.07655481
c06,164,0,0,0.47890055
c06,165,0,0,0.021375107
c06,166,0,1,0.707892
c06,167,0,0,0.015753219
c06,168,0,0,0.11110996
c06,169,0,0,0.0038452314
c06,170,0,0,0.008076147
c06,171,0,0,0.010790561
c06,172,0,0,0.007767424
c06,173,0,0,0.009656759
c06,174,0,0,0.00868118
c06,175,0,0,0.0044895695
c06,176,0,0,0.01515789
c06,177,0,0,0.015863352
c06,178,0,0,0.011658126
c06,179,0,0,0.006445027
c06,180,0,0,0.01159181
c06,181,0,0,0.014621062
c06,182,0,0,0.015216941
c06,183,0,0,0.013786046
c06,184,0,0,0.01981202
c06,185,0,0,0.010745631
c06,186,0,0,0.012132336
c06,187,0,0,0.010208727
c06,188,0,0,0.006676488
c06,189,0,0,0.012257389
c06,190,0,0,0.0059517007
c06,191,0,0,0.009980418
c06,192,0,0,0.017532786
c06,193,0,0,0.0056310073
c06,194,0,0,0.025034359
c06,195,0,0,0.06071226
c06,196,0,0,0.14165986
c06,197,0,0,0.037108064
c06,198,0,0,0.15548375
c06,199,0,0,0.07038524
c06,200,0,0,0.07137853
c06,201,0,0,0.021308443
c06,202,0,0,0.07798035
c06,203,0,0,0.11927874
c06,204,0,0,0.20665622
c06,205,0,0,0.13463394
c06,206,0,0,0.11273483
c06,207,0,0,0.16759671
c06,208,0,0,0.058082312
c06,209,0,0,0.14824072
c06,210,0,0,0.28544438
c06,211,0,0,0.11578502
c06,212,0,0,0.0983611
c06,213,0,0,0.1299011
c06,214,0,0,0.06967608
c06,215,0,0,0.04077571
c06,216,0,0,0.12370675
c06,217,0,0,0.12353563
c06,218,0,0,0.0619648
c06,219,0,0,0.06378081
c06,220,0,0,0.15064052
c06,221,0,0,0.10302558
c06,222,0,0,0.022029372
c06,223,0,0,0.10474184
c06,224,0,0,0.023835422
c06,225,0,0,0.033964198
c06,226,0,0,0.023344943
c06,227,0,0,0.0042054695
c06,228,0,0,0.017198619
c06,229,0,0,0.021544509
c06,230,0,0,0.006246526
c06,231,0,0,0.034902386
c06,232,0,0,0.011480594
c06,233,0,0,0.027487963
c06,234,0,0,0.057205312
c06,235,0,0,0.017320633
c06,236,0,0,0.02898106
c06,237,0,0,0.03469215
c06,238,0,0,0.02808788
c06,239,0,0,0.05915167
c06,240,0,0,0.02486864
c06,241,0,0,0.015563427
c06,242,0,0,0.043616153
c06,243,0,0,0.03373653
c06,244,0,0,0.017026018
c06,245,0,0,0.020891057
c06,246,0,0,0.006200846
c06,247,0,0,0.010254407
c06,248,0,0,0.011097177
c06,249,0,0,0.028542649
c06,250,0,0,0.007775245
c06,251,0,0,0.011325559
c06,252,0,0,0.0058423113
c06,253,0,0,0.012638152
c06,254,0,0,0.0077805435
c06,255,0,0,0.037031114
c06,256,0,0,0.09813368
c06,257,0,0,0.007086993
c06,258,0,0,0.0014697396
c06,259,0,0,0.0011428702
c06,260,0,0,0.0005888518
c06,261,0,0,0.001541816
c06,262,0,0,0.0041728057
c06,263,0,0,0.0013637734
c06,264,0,0,0.018506052
c06,265,0,0,0.004682167
c06,266,0,0,0.0069765714
c06,267,0,0,0.00933422
c06,268,0,0,0.036346875
c06,269,0,0,0.018173855
c06,270,0,0,0.00082385505
c06,271,0,0,0.0012987118
c06,272,0,0,0.0013999249
c06,273,0,0,0.0006053377
c06,274,0,0,0.0011672687
c06,275,0,0,0.0018498782
c06,276,0,0,0.0110306665
c06,277,0,0,0.24538417
c06,278,0,0,0.01697482
c06,279,0,0,0.0013043501
c06,280,0,0,0.0061448356
c06,281,0,0,0.0065245917
c06,282,0,0,0.007873894
c06,283,0,0,0.0024207516
c06,284,0,0,0.01579223
c06,285,0,0,0.08770714
c06,286,0,0,0.020267611
c06,287,0,0,0.030227479
c06,288,0,0,0.03984353
c06,289,0,0,0.06178776
c06,290,0,0,0.004220615
c06,291,0,0,0.0100633595
c06,292,0,0,0.02598608
c06,293,0,0,0.048960354
c06,294,0,0,0.14645763
c06,295,0,0,0.11292557
c06,296,0,0,0.30759186
c06,297,0,0,0.010275321
c06,298,0,0,0.03744421
c06,299,0,0,0.1027752
c06,300,0,0,0.036191244
c06,301,0,0,0.36143214
c06,302,0,0,0.008515473
c06,303,0,0,0.012830463
c06,304,0,0,0.008404986
c06,305,0,0,0.0022646873
c06,306,0,0,0.008010675
c06,307,0,0,0.0031548834
c06,308,0,0,0.015715536
c06,309,0,0,0.0035601468
c06,310,0,0,0.0019224124
c06,311,0,0,0.0005936923
c06,312,0,0,0.002775907
c06,313,0,0,0.0014501384
c06,314,0,0,0.0011556922
c06,315,0,0,0.0005320459
c06,316,0,0,0.0006253181
c06,317,0,0,0.23533605
c06,318,0,0,0.051838223
c06,319,0,0,0.011918076
c06,320,0,0,0.0004945983
c06,321,0,0,0.0017398363
c06,322,0,0,0.0046596704
c06,323,0,0,0.0010401516
c06,324,0,0,0.00045688546
c06,325,0,0,0.0019262085
c06,326,0,0,0.0014026592
c06,327,0,0,0.00048105646
c06,328,0,0,0.0024914462
c06,329,0,0,0.002037437
c06,330,0,0,0.000705536
c06,331,0,0,0.0011144048
c06,332,0,0,0.00075753365
c06,333,0,0,0.0009919566
c06,334,0,0,0.0022136
c06,335,0,0,0.0016884232
c06,336,0,0,0.0022167072
c06,337,0,0,0.0017426733
c06,338,0,0,0.00080739474
c06,339,0,0,0.0008755102
c06,340,0,0,0.0010674334
c06,341,0,0,0.0027646022
c06,342,0,0,0.00094540144
c06,343,0,0,0.0019440103
c06,344,0,0,0.0012413078
c06,345,0,0,0.0029631811
c06,346,0,0,0.0020560299
c06,347,0,0,0.2422743
c06,348,0,0,0.017393952
c06,349,0,0,0.009890141
c06,350,0,0,0.010035669
c06,351,0,0,0.014190951
c06,352,0,0,0.015532803
c06,353,0,0,0.0011441518
c06,354,0,0,0.018008774
c06,355,0,0,0.0010855296
c06,356,0,0,0.0010743461
c06,357,0,0,0.0010537254
c06,358,0,0,0.0026952724
c06,359,0,0,0.0009274517
c06,360,0,0,0.0011965887
c06,361,0,0,0.00104238
c06,362,0,0,0.0008263612
c06,363,0,0,0.0011911666
c06,364,0,0,0.0032991844
c06,365,0,0,0.0012096514
c06,366,0,0,0.03183079
c06,367,0,0,0.035239488
c06,368,0,0,0.0044336473
c06,369,0,0,0.02362806
c06,370,0,0,0.025694875
c06,371,0,0,0.16378117
c06,372,0,0,0.012230394
c06,373,0,0,0.13086195
c06,374,0,0,0.044373833
c06,375,0,0,0.04701517
c06,376,0,0,0.05297274
c06,377,0,0,0.12865981
c06,378,0,0,0.09674145
c06,379,0,0,0.1464519
c06,380,0,0,0.20160674
c06,381,0,0,0.16225353
c06,382,0,0,0.12394273
c06,383,0,0,0.0960384
c06,384,0,0,0.070808955
c06,385,0,0,0.013908362
c06,386,1,0,0.06043679
c06,387,0,0,0.16352564
c06,388,0,0,0.010336793
c06,389,0,0,0.0006285207
c06,390,0,0,0.0012731501
c06,391,0,0,0.008099842
c06,392,0,0,0.0011370714
c06,393,0,0,0.0031099676
c06,394,0,0,0.00899152
c06,395,0,0,0.0016424655
c06,396,0,0,0.0021440224
c06,397,0,0,0.00026331286
c06,398,0,0,0.0009224649
c06,399,0,0,0.010732125
c06,400,0,0,0.0006251295
c06,401,0,0,0.0025578495
c06,402,0,0,0.0010224797
c06,403,0,0,0.0008633182
c06,404,0,0,0.0005991951
c06,405,0,0,0.0003688042
c06,406,0,0,0.0020253381
c06,407,0,0,0.0040685995
c06,408,0,0,0.002124396
c06,409,0,0,0.0067788274
c06,410,0,0,0.019259812
c06,411,0,0,0.0036449132
c06,412,0,0,0.0062001785
c06,413,0,0,0.0032007196
c06,414,0,0,0.0012663986
c06,415,0,0,0.0017720558
c06,416,0,0,0.030946512
c06,417,0,0,0.003089363
c06,418,0,0,0.01992727
c06,419,0,0,0.003697951
c06,420,0,0,0.0017029771
c06,421,0,0,0.0002681513
c06,422,0,0,0.00032681195
c06,423,0,0,0.0006642387
c06,424,0,0,0.00086556934
c06,425,0,0,0.0002784379
c06,426,0,0,0.00029265153
c06,427,0,0,0.0004466935
c06,428,0,0,0.00013295417
c06,429,0,0,0.0010770202
c06,430,0,0,0.0007228819
c06,431,0,0,0.000626762
c06,432,0,0,0.0026537485
c06,433,0,0,0.0006240592
c06,434,0,0,0.0030882587
c06,435,0,0,0.0006381834
c06,436,0,0,0.011294823
c06,437,0,0,0.0020221514
c06,438,0,0,0.0018446171
c06,439,0,0,0.0018477795
c06,440,0,0,0.019477855
c06,441,0,0,0.009689369
c06,442,0,0,0.00990653
c06,443,0,0,0.0020022353
c06,444,0,0,0.0020897116
c06,445,0,0,0.0024149823
c06,446,0,0,0.0048207915
c06,447,0,0,0.0008696976
c06,448,0,0,0.019467723
c06,449,0,0,0.20261595
c06,450,0,0,0.03240649
c06,451,0,0,0.008212815
c06,452,0,0,0.0028046132
c06,453,0,0,0.0016566648
c06,454,0,0,0.017711883
c06,455,0,0,0.019442897
c06,456,0,0,0.004727294
c06,457,0,0,0.00067555567
c06,458,0,0,0.019754928
c06,459,0,0,0.002940143
c06,460,0,0,0.010004896
c06,461,0,0,0.0038194004
c06,462,0,0,0.010943644
c06,463,0,0,0.10258341
c06,464,0,0,0.0041612675
c06,465,0,0,0.36350256
c06,466,0,0,0.16732953
c06,467,0,0,0.21182874
c07,1,0,0,0.36101288
c07,2,0,1,0.52658474
c07,3,0,0,0.17965902
c07,4,0,0,0.14977665
c07,5,0,0,0.10003682
c07,6,0,0,0.15402158
c07,7,0,0,0.2874122
c07,8,0,1,0.50408834
c07,9,0,0,0.11186114
c07,10,0,0,0.42744482
c07,11,0,0,0.279917
c07,12,0,0,0.13068357
c07,13,0,0,0.31277746
c07,14,0,0,0.47373512
c07,15,0,0,0.21161115
c07,16,0,0,0.27055076
c07,17,0,0,0.24012414
c07,18,0,0,0.08404175
c07,19,0,0,0.13021757
c07,20,0,0,0.11060774
c07,21,0,0,0.06928806
c07,22,0,0,0.13281852
c07,23,0,0,0.11058838
c07,24,0,0,0.061848477
c07,25,0,0,0.026834711
c07,26,0,0,0.05296609
c07,27,0,0,0.044617023
c07,28,0,0,0.036263026
c07,29,0,0,0.03982074
c07,30,0,0,0.11145689
c07,31,0,0,0.20871231
c07,32,0,0,0.19508146
c07,33,0,0,0.484931
c07,34,0,0,0.14154655
c07,35,0,0,0.100476764
c07,36,0,0,0.1343807
c07,37,0,0,0.19249882
c07,38,0,0,0.13607916
c07,39,0,0,0.079119965
c07,40,0,0,0.05547655
c07,41,0,0,0.07886479
c07,42,0,0,0.03407129
c07,43,0,0,0.024360305
c07,44,0,0,0.049636014
c07,45,0,0,0.024002071
c07,46,0,0,0.030564584
c07,47,0,0,0.054478206
c07,48,0,0,0.035219025
c07,49,0,0,0.022606336
c07,50,0,0,0.028007379
c07,51,0,0,0.021799356
c07,52,0,0,0.109245874
c07,53,0,0,0.04739904
c07,54,0,0,0.04304654
c07,55,0,0,0.03260666
c07,56,0,0,0.042078674
c07,57,0,0,0.024580581
c07,58,0,0,0.010853909
c07,59,0,0,0.02004346
c07,60,0,0,0.0199839
c07,61,0,0,0.016089622
c07,62,0,0,0.038581163
c07,63,0,0,0.023779176
c07,64,0,0,0.013378762
c07,65,0,0,0.055940326
c07,66,0,0,0.04717055
c07,67,0,0,0.041412856
c07,68,0,0,0.030814482
c07,69,0,0,0.023651866
c07,70,0,0,0.06192279
c07,71,0,0,0.020755017
c07,72,0,0,0.016611263
c07,73,0,0,0.019559713
c07,74,0,0,0.024327766
c07,75,0,0,0.022401938
c07,76,0,0,0.027539676
c07,77,0,0,0.025143988
c07,78,0,0,0.031246088
c07,79,0,0,0.020073585
c07,80,0,0,0.020949615
c07,81,0,0,0.016320603
c07,82,0,0,0.017224783
c07,83,0,0,0.017699536
c07,84,0,0,0.014278095
c07,85,0,0,0.02297751
c07,86,0,0,0.041389063
c07,87,0,0,0.036563292
c07,88,0,0,0.032521665
c07,89,0,0,0.03198204
c07,90,0,0,0.026775675
c07,91,0,0,0.037718207
c07,92,0,0,0.041001033
c07,93,0,0,0.032682102
c07,94,0,0,0.02048281
c07,95,0,0,0.0123444395
c07,96,0,0,0.041595902
c07,97,0,0,0.030559884
c07,98,0,0,0.032008633
c07,99,0,0,0.01632163
c07,100,0,0,0.0312742
c07,101,0,0,0.28465405
c07,102,0,0,0.028761981
c07,103,0,0,0.027448228
c07,104,0,0,0.017580137
c07,105,0,0,0.017934166
c07,106,0,0,0.014371504
c07,107,0,0,0.2406744
c07,108,0,0,0.24593855
c07,109,0,0,0.14941917
c07,110,0,0,0.097975686
c07,111,0,0,0.088017136
c07,112,0,0,0.021871759
c07,113,0,0,0.051539913
c07,114,0,0,0.021934435
c07,115,0,0,0.025568713
c07,116,0,0,0.010154328
c07,117,0,0,0.03578258
c07,118,0,0,0.017939828
c07,119,0,0,0.04950031
c07,120,0,0,0.034308817
c07,121,0,0,0.014618293
c07,122,0,0,0.024099687
c07,123,0,0,0.018037219
c07,124,0,0,0.014524695
c07,125,0,0,0.016970659
c07,126,0,0,0.02063291
c07,127,0,0,0.016246323
c07,128,0,0,0.024307495
c07,129,0,0,0.01723113
c07,130,0,0,0.016284548
c07,131,0,0,0.017758492
c07,132,0,0,0.04626285
c07,133,0,0,0.021868417
c07,134,0,0,0.05104339
c07,135,0,0,0.058534518
c07,136,0,0,0.040325973
c07,137,0,0,0.037347745
c07,138,0,0,0.066768676
c07,139,0,0,0.011393826
c07,140,0,0,0.03230428
c07,141,0,0,0.009956088
c07,142,0,0,0.06966186
c07,143,0,0,0.046604265
c07,144,0,0,0.09410168
c07,145,0,0,0.037919745
c07,146,0,0,0.041370608
c07,147,0,0,0.029021125
c07,148,0,0,0.32677868
c07,149,0,0,0.047992643
c07,150,0,0,0.03436698
c07,151,0,0,0.033981662
c07,152,0,0,0.038928337
c07,153,0,0,0.024287282
c07,154,0,0,0.023467684
c07,155,0,0,0.03981352
c07,156,0,0,0.021280846
c07,157,0,0,0.025320495
c07,158,0,0,0.02677053
c07,159,0,0,0.036365252
c07,160,0,0,0.01647961
c07,161,0,0,0.014135439
c07,162,0,0,0.040208492
c07,163,0,0,0.025317976
c07,164,0,0,0.015628465
c07,165,0,0,0.027593484
c07,166,0,0,0.01936603
c07,167,0,0,0.02969668
c07,168,0,0,0.03921802
c07,169,0,0,0.021390628
c07,170,0,0,0.023109337
c07,171,0,0,0.02448634
c07,172,0,0,0.04259045
c07,173,0,0,0.030478837
c07,174,0,0,0.022323672
c07,175,0,0,0.019451573
c07,176,0,0,0.025015524
c07,177,0,0,0.02578642
c07,178,0,0,0.046256736
c07,179,0,0,0.16711538
c07,180,0,0,0.12404229
c07,181,0,0,0.08861248
c07,182,0,0,0.018730655
c07,183,0,0,0.016723568
c07,184,0,0,0.036564518
c07,185,0,0,0.016711581
c07,186,0,0,0.016229589
c07,187,0,0,0.014561379
c07,188,0,0,0.016301239
c07,189,0,0,0.0175648
c07,190,0,0,0.018201696
c07,191,0,0,0.02480995
c07,192,0,0,0.023601497
c07,193,0,0,0.015006465
c07,194,0,0,0.01709723
c07,195,0,0,0.026794473
c07,196,0,0,0.043865465
c07,197,0,0,0.022876546
c07,198,0,0,0.03704346
c07,199,0,0,0.029621046
c07,200,0,0,0.01631077
c07,201,0,0,0.029475233
c07,202,0,0,0.037441067
c07,203,0,0,0.013827215
c07,204,0,0,0.018031519
c07,205,0,0,0.014239436
c07,206,0,0,0.24594106
c07,207,0,0,0.0225254
c07,208,0,0,0.028852664
c07,209,0,0,0.012330537
c07,210,0,0,0.027244795
c07,211,0,0,0.015671695
c07,212,0,0,0.032896455
c07,213,0,0,0.029600685
c07,214,0,0,0.06596905
c07,215,0,0,0.034428813
c07,216,0,0,0.023905315
c07,217,0,0,0.028858278
c07,218,0,0,0.035109412
c07,219,0,0,0.038050797
c07,220,0,0,0.09181726
c07,221,0,0,0.05295831
c07,222,0,0,0.06655144
c07,223,0,0,0.06037345
c07,224,0,0,0.04745867
c07,225,0,0,0.05216933
c07,226,0,0,0.09945945
c07,227,1,0,0.050846756
c07,228,0,0,0.05402089
c07,229,0,0,0.01732328
c07,230,0,0,0.020500548
c07,231,0,0,0.018767036
c07,232,0,0,0.03943784
c07,233,0,0,0.028665498
c07,234,0,0,0.030128416
c07,235,0,0,0.018233145
c07,236,0,0,0.023605157
c07,237,0,0,0.026184207
c07,238,0,0,0.026937578
c07,239,0,0,0.01955313
c07,240,0,0,0.031679172
c07,241,0,0,0.029717634
c07,242,0,0,0.036784958
c07,243,0,0,0.022205183
c07,244,0,0,0.18620619
c07,245,0,0,0.021060625
c07,246,0,0,0.04077483
c07,247,0,0,0.19457279
c07,248,0,0,0.020849412
c07,249,0,0,0.016417356
c07,250,0,0,0.013263349
c07,251,0,0,0.0130380085
c07,252,0,0,0.014348768
c07,253,0,0,0.019565566
c07,254,0,0,0.019977659
c07,255,0,0,0.027387176
c07,256,0,0,0.025559679
c07,257,0,0,0.042701792
c07,258,0,0,0.028443148
c07,259,0,0,0.024150047
c07,260,0,0,0.017663186
c07,261,0,0,0.02484962
c07,262,0,0,0.024161708
c07,263,0,0,0.019254347
c07,264,0,0,0.018271355
c07,265,0,0,0.012698067
c07,266,0,0,0.021701554
c07,267,0,0,0.034989707
c07,268,0,0,0.01790396
c07,269,0,0,0.035417963
c07,270,0,0,0.035598513
c07,271,0,0,0.03692891
c07,272,0,0,0.04261649
c07,273,0,0,0.027971117
c07,274,0,0,0.0154469805
c07,275,0,0,0.019687785
c07,276,0,0,0.024006577
c07,277,0,0,0.018455906
c07,278,0,0,0.038693294
c07,279,0,0,0.015791882
c07,280,0,0,0.017661894
c07,281,0,0,0.022676628
c07,282,0,0,0.0146660665
c07,283,0,0,0.024725668
c07,284,0,0,0.02486953
c07,285,0,0,0.022343539
c07,286,0,0,0.03622714
c07,287,0,0,0.018720979
c07,288,0,0,0.019354446
c07,289,0,0,0.019892558
c07,290,0,0,0.014694193
c07,291,0,0,0.023048524
c07,292,0,0,0.027529703
c07,293,0,0,0.020805491
c07,294,0,0,0.02599658
c07,295,0,0,0.016301675
c07,296,0,0,0.019677164
c07,297,0,0,0.02007162
c07,298,0,0,0.022397662
c07,299,0,0,0.023591451
c07,300,0,0,0.028951015
c07,301,0,0,0.019856175
c07,302,0,0,0.014889212
c07,303,0,0,0.018762134
c07,304,0,0,0.028492972
c07,305,0,0,0.02812899
c07,306,0,0,0.030207293
c07,307,0,0,0.082541905
c07,308,0,0,0.099213205
c07,309,0,0,0.04889187
c07,310,0,0,0.039202344
c07,311,0,0,0.0151369395
c07,312,0,0,0.034737535
c07,313,0,0,0.040652208
c07,314,0,0,0.03098853
c07,315,0,0,0.048154216
c07,316,0,0,0.033819612
c07,317,0,0,0.03503817
c07,318,0,0,0.03439085
c07,319,0,0,0.023546059
c07,320,0,0,0.056609295
c07,321,0,0,0.14042911
c07,322,0,0,0.054090198
c07,323,0,0,0.028205108
c07,324,0,0,0.22360922
c07,325,0,0,0.06667151
c07,326,0,0,0.056520946
c07,327,0,0,0.048071794
c07,328,0,0,0.05034537
c07,329,0,0,0.030050166
c07,330,0,0,0.08314131
c07,331,0,0,0.13463499
c07,332,0,0,0.02993991
c07,333,0,0,0.024100173
c07,334,0,0,0.02289984
c07,335,0,0,0.017323855
c07,336,0,0,0.052398708
c07,337,0,0,0.034201276
c07,338,0,0,0.06480163
c07,339,0,0,0.04036784
c07,340,0,0,0.07416286
c07,341,0,0,0.116074584
c07,342,0,0,0.046444565
c07,343,0,0,0.040362243
c07,344,0,0,0.08238941
c07,345,0,0,0.04874078
c07,346,0,0,0.049483415
c07,347,0,0,0.038812965
c07,348,0,0,0.09366979
c07,349,1,0,0.03216146
c07,350,0,0,0.023286972
c07,351,0,0,0.02573531
c07,352,0,0,0.02625413
c07,353,0,0,0.039888144
c07,354,0,0,0.07755168
c07,355,0,0,0.013466147
c07,356,0,0,0.025792154
c07,357,0,0,0.023562163
c07,358,0,0,0.035453327
c07,359,0,0,0.011634024
c07,360,0,0,0.026646866
c07,361,0,0,0.017327964
c07,362,0,0,0.014051143
c07,363,0,0,0.013705583
c07,364,0,0,0.013844639
c07,365,0,0,0.016954916
c07,366,0,0,0.013961998
c07,367,0,0,0.013961381
c07,368,0,0,0.014142271
c07,369,0,0,0.021597903
c07,370,0,0,0.013651415
c07,371,0,0,0.013517109
c07,372,0,0,0.014295312
c07,373,0,0,0.028769521
c07,374,0,0,0.011364184
c07,375,0,0,0.01982173
c07,376,0,0,0.021699555
c07,377,0,0,0.017149208
c07,378,0,0,0.021462383
c07,379,0,0,0.016714858
c07,380,0,0,0.01701303
c07,381,0,0,0.019288195
c07,382,0,0,0.028148603
c07,383,0,0,0.018874092
c07,384,0,0,0.012074586
c07,385,0,0,0.01795182
c07,386,0,0,0.013772813
c07,387,0,0,0.020514822
c07,388,0,0,0.11013264
c07,389,0,0,0.02119786
c07,390,0,0,0.012571825
c07,391,0,0,0.013358723
c07,392,0,0,0.021928702
c07,393,0,0,0.03412121
c07,394,0,0,0.017120017
c07,395,0,0,0.023069676
c07,396,0,0,0.023316398
c07,397,0,0,0.021824636
c07,398,0,0,0.017949618
c07,399,0,0,0.014928134
c07,400,0,0,0.020250576
c07,401,0,0,0.03676851
c07,402,1,0,0.09989158
c07,403,0,0,0.021287072
c07,404,0,0,0.14604741
c07,405,0,0,0.01891385
c07,406,0,0,0.07959945
c07,407,0,0,0.012377651
c07,408,0,0,0.019794252
c07,409,0,0,0.019240044
c07,410,0,0,0.08587021
c07,411,0,0,0.05477581
c07,412,0,0,0.022923378
c07,413,0,0,0.02694219
c07,414,0,0,0.030752288
c07,415,0,0,0.09627471
c07,416,1,0,0.022407943
c07,417,0,0,0.02221707
c07,418,0,0,0.012020481
c07,419,0,0,0.020803446
c07,420,0,0,0.25411913
c07,421,0,0,0.010443696
c07,422,0,0,0.026316397
c07,423,0,0,0.26425356
c07,424,0,0,0.11197514
c07,425,0,0,0.29300228
c07,426,0,0,0.35674453
c07,427,0,0,0.2702809
c07,428,0,0,0.16709225
c08,1,0,0,0.03801781
c08,2,0,0,0.22990218
c08,3,0,0,0.06283179
c08,4,0,0,0.16846426
c08,5,0,0,0.08035352
c08,6,0,0,0.1439112
c08,7,0,0,0.07977086
c08,8,0,0,0.19022484
c08,9,0,0,0.23982918
c08,10,0,0,0.026568605
c08,11,0,0,0.03522108
c08,12,0,0,0.15251298
c08,13,0,0,0.08695398
c08,14,0,0,0.11531223
c08,15,0,0,0.022093842
c08,16,0,0,0.01463254
c08,17,0,0,0.041102003
c08,18,0,0,0.069178574
c08,19,0,0,0.098867774
c08,20,0,0,0.023456661
c08,21,0,0,0.14590394
c08,22,0,0,0.04170177
c08,23,0,0,0.028167754
c08,24,0,0,0.02612777
c08,25,0,0,0.00830445
c08,26,0,0,0.24897815
c08,27,0,0,0.13333683
c08,28,0,0,0.021879613
c08,29,0,0,0.022609254
c08,30,0,0,0.021069538
c08,31,0,0,0.053758066
c08,32,0,0,0.046062935
c08,33,0,0,0.18893619
c08,34,0,0,0.35051647
c08,35,0,0,0.16060136
c08,36,0,0,0.03094465
c08,37,0,0,0.0069906646
c08,38,0,0,0.0430691
c08,39,0,0,0.10403562
c08,40,0,0,0.04707252
c08,41,0,0,0.09395955
c08,42,0,0,0.060475152
c08,43,0,0,0.06378236
c08,44,0,0,0.10966614
c08,45,0,0,0.18915226
c08,46,0,0,0.037116703
c08,47,0,0,0.050101638
c08,48,0,0,0.08125219
c08,49,0,0,0.087462805
c08,50,0,0,0.15508953
c08,51,0,0,0.14920972
c08,52,0,0,0.07713501
c08,53,0,0,0.021545254
c08,54,0,0,0.08608777
c08,55,0,0,0.20648207
c08,56,0,0,0.03363741
c08,57,0,0,0.09197216
c08,58,0,0,0.075868554
c08,59,0,0,0.043807518
c08,60,0,0,0.15347011
c08,61,0,0,0.09227958
c08,62,0,0,0.2616999
c08,63,0,0,0.17617166
c08,64,0,0,0.034913905
c08,65,0,0,0.13902478
c08,66,0,0,0.099498965
c08,67,0,0,0.044966962
c08,68,0,0,0.046194475
c08,69,0,0,0.091859594
c08,70,0,0,0.05024196
c08,71,0,0,0.08052176
c08,72,0,0,0.054692723
c08,73,0,0,0.043692533
c08,74,0,0,0.13222684
c08,75,0,0,0.06582215
c08,76,0,0,0.02975511
c08,77,0,0,0.10631878
c08,78,0,0,0.09086126
c08,79,0,0,0.049083862
c08,80,0,0,0.12253442
c08,81,0,0,0.11904484
c08,82,0,0,0.10312165
c08,83,0,0,0.3685353
c08,84,0,0,0.06950358
c08,85,0,0,0.06919575
c08,86,0,0,0.055939592
c08,87,0,0,0.058545213
c08,88,0,0,0.39926192
c08,89,0,0,0.03539197
c08,90,0,0,0.049338073
c08,91,0,0,0.018394824
c08,92,0,0,0.26411217
c08,93,0,0,0.044057775
c08,94,0,0,0.028570028
c08,95,0,0,0.13264489
c08,96,0,0,0.03440447
c08,97,0,0,0.06749592
c08,98,0,0,0.108056985
c08,99,0,0,0.066999465
c08,100,0,0,0.10738225
c08,101,0,0,0.062993065
c08,102,0,0,0.08170389
c08,103,0,0,0.07952711
c08,104,0,0,0.08177713
c08,105,0,0,0.05097089
c08,106,0,0,0.066566445
c08,107,0,0,0.05863278
c08,108,0,0,0.064357266
c08,109,0,0,0.07444107
c08,110,0,0,0.072383784
c08,111,0,0,0.08463251
c08,112,0,0,0.08406381
c08,113,0,0,0.058133956
c08,114,0,0,0.061209198
c08,115,0,0,0.3034114
c08,116,0,1,0.5791314
c08,117,0,0,0.09828346
c08,118,0,0,0.23358735
c08,119,0,0,0.18901083
c08,120,0,0,0.27759138
c08,121,0,0,0.0819776
c08,122,0,0,0.08215203
c08,123,0,0,0.049090695
c08,124,0,0,0.062428214
c08,125,0,0,0.180054
c08,126,0,0,0.038208008
c08,127,0,0,0.04936355
c08,128,0,0,0.083337136
c08,129,0,0,0.10433616
c08,130,0,0,0.08071387
c08,131,0,0,0.028696988
c08,132,0,0,0.12057845
c08,133,0,0,0.049675345
c08,134,0,0,0.063900396
c08,135,0,0,0.09001588
c08,136,0,0,0.089467734
c08,137,0,0,0.08171637
c08,138,0,0,0.030942304
c08,139,0,0,0.075323775
c08,140,0,0,0.052295227
c08,141,0,0,0.06796597
c08,142,0,0,0.072909795
c08,143,0,0,0.103223
c08,144,0,0,0.15477392
c08,145,0,0,0.3312243
c08,146,0,0,0.34913844
c08,147,0,0,0.13454625
c08,148,0,0,0.09095724
c08,149,0,1,0.6666673
c08,150,0,0,0.021413418
c08,151,0,0,0.037313398
c08,152,0,0,0.06616291
c08,153,0,0,0.02472189
c08,154,0,0,0.07986595
c08,155,0,0,0.022552334
c08,156,0,0,0.024718443
c08,157,0,0,0.023839457
c08,158,0,0,0.009274991
c08,159,0,0,0.05627047
c08,160,0,0,0.03180808
c08,161,0,0,0.023156803
c08,162,0,0,0.033107158
c08,163,0,0,0.053508997
c08,164,0,0,0.01219665
c08,165,0,0,0.07434245
c08,166,0,0,0.08440492
c08,167,0,0,0.035388634
c08,168,0,0,0.027318759
c08,169,0,0,0.040797833
c08,170,0,0,0.027650384
c08,171,0,0,0.110895835
c08,172,0,0,0.065572664
c08,173,0,0,0.013291255
c08,174,0,0,0.050298266
c08,175,0,0,0.018185358
c08,176,0,0,0.08067759
c08,177,0,0,0.1267931
c08,178,0,0,0.026376016
c08,179,0,0,0.03739801
c08,180,0,0,0.06439469
c08,181,0,0,0.08330367
c08,182,0,0,0.11312305
c08,183,0,0,0.080162056
c08,184,0,0,0.0908571
c08,185,0,0,0.097425945
c08,186,0,0,0.14305046
c08,187,0,0,0.087033816
c08,188,0,0,0.09355715
c08,189,0,0,0.10764992
c08,190,0,0,0.068445645
c08,191,0,0,0.14614367
c08,192,0,0,0.11535953
c08,193,0,0,0.08579919
c08,194,0,0,0.111932494
c08,195,0,0,0.08306946
c08,196,0,0,0.10806944
c08,197,0,0,0.0769647
c08,198,0,0,0.06740097
c08,199,0,0,0.11567584
c08,200,0,0,0.06459081
c08,201,0,0,0.084567554
c08,202,0,0,0.07228958
c08,203,0,0,0.42318344
c08,204,0,0,0.11328498
c08,205,0,0,0.026118016
c08,206,0,0,0.054739594
c08,207,0,0,0.035207793
c08,208,0,0,0.04064291
c08,209,0,0,0.031971164
c08,210,0,0,0.026135512
c08,211,0,0,0.030196987
c08,212,0,0,0.028995125
c08,213,0,0,0.03200591
c08,214,0,0,0.0508481
c08,215,0,1,0.64135236
c08,216,0,0,0.1714601
c08,217,0,1,0.6099185
c08,218,0,0,0.35641453
c08,219,0,0,0.1212566
c08,220,0,0,0.10889687
c08,221,0,0,0.047691897
c08,222,0,0,0.1679041
c08,223,0,0,0.06577222
c08,224,0,0,0.18064149
c08,225,0,0,0.069817856
c08,226,0,0,0.063731425
c08,227,0,0,0.2042845
c08,228,0,0,0.085026085
c08,229,0,0,0.48884615
c08,230,0,0,0.04787721
c08,231,0,0,0.09884969
c08,232,0,0,0.20266958
c08,233,0,0,0.09287296
c08,234,0,0,0.39168048
c08,235,0,0,0.14896832
c08,236,0,0,0.1823296
c08,237,0,0,0.10800086
c08,238,0,1,0.76309174
c08,239,0,1,0.7772739
c08,240,0,1,0.8498648
c08,241,0,0,0.49698558
c08,242,0,1,0.94119537
c08,243,0,1,0.7772752
c08,244,0,1,0.65792423
c08,245,0,1,0.7345437
c08,246,0,1,0.5216796
c08,247,0,0,0.1774459
c08,248,0,0,0.091606006
c08,249,0,0,0.13777877
c08,250,0,0,0.20320092
c08,251,0,0,0.07017426
c08,252,0,0,0.25194997
c08,253,0,0,0.3872146
c08,254,0,0,0.13866174
c08,255,0,0,0.07204818
c08,256,0,0,0.13822046
c08,257,0,0,0.09586984
c08,258,0,0,0.025738562
c08,259,0,0,0.43153012
c08,260,0,0,0.01591367
c08,261,0,0,0.26347837
c08,262,0,0,0.017818196
c08,263,0,0,0.28065398
c08,264,0,0,0.020899255
c08,265,0,0,0.034359735
c08,266,0,0,0.35907203
c08,267,0,0,0.112043224
c08,268,0,0,0.05191785
c08,269,0,0,0.120901994
c08,270,0,0,0.02619242
c08,271,0,0,0.0622632
c08,272,0,0,0.1637596
c08,273,0,0,0.060728714
c08,274,0,0,0.06512139
c08,275,0,0,0.120726414
c08,276,0,0,0.07721727
c08,277,0,0,0.11234043
c08,278,0,0,0.05195761
c08,279,0,0,0.15466589
c08,280,0,0,0.041391682
c08,281,0,1,0.91873246
c08,282,0,1,0.7942655
c08,283,0,1,0.6062156
c08,284,0,1,0.7532765
c08,285,0,1,0.9154402
c08,286,0,1,0.6965961
c08,287,0,1,0.7969144
c08,288,0,1,0.8544426
c08,289,0,1,0.8403204
c08,290,0,1,0.8161358
c08,291,0,0,0.4461651
c08,292,0,1,0.7911347
c08,293,0,1,0.68151283
c08,294,0,1,0.8145031
c08,295,0,1,0.86885786
c08,296,0,0,0.33391795
c08,297,0,1,0.8455083
c08,298,0,1,0.8626259
c08,299,0,1,0.76075566
c08,300,0,1,0.8439561
c08,301,0,1,0.8015186
c08,302,0,1,0.8796583
c08,303,0,1,0.6940316
c08,304,0,0,0.21445797
c08,305,0,1,0.83159053
c08,306,0,1,0.81390685
c08,307,0,1,0.8794513
c08,308,0,1,0.79329765
c08,309,0,1,0.7448481
c08,310,0,1,0.92348844
c08,311,0,1,0.8349923
c08,312,0,1,0.637202
c08,313,0,0,0.2710897
c08,314,0,0,0.15545827
c08,315,0,0,0.01151179
c08,316,0,0,0.05460351
c08,317,0,0,0.014854499
c08,318,0,0,0.08922537
c08,319,0,0,0.035825264
c08,320,0,0,0.08924705
c08,321,0,0,0.13472609
c08,322,0,0,0.1281207
c08,323,0,0,0.02721781
c08,324,0,0,0.14879651
c08,325,0,0,0.29559144
c08,326,0,0,0.076666385
c08,327,0,0,0.105586715
c08,328,0,0,0.071561016
c08,329,0,0,0.092836276
c08,330,0,0,0.11792912
c08,331,0,0,0.1676964
c08,332,0,0,0.12870538
c08,333,0,0,0.036537334
c08,334,0,0,0.09045637
c08,335,0,0,0.15467511
c08,336,0,0,0.06877785
c08,337,0,1,0.6223086
c08,338,0,0,0.020278461
c08,339,0,0,0.021741632
c08,340,0,0,0.018449523
c08,341,0,0,0.025598792
c08,342,0,0,0.014199887
c08,343,0,0,0.09235161
c08,344,0,0,0.022906547
c08,345,0,0,0.014354135
c08,346,0,0,0.0048368433
c08,347,0,0,0.0076267556
c08,348,0,0,0.023622345
c08,349,0,0,0.012724673
c08,350,0,0,0.027506957
c08,351,0,0,0.004857067
c08,352,0,0,0.015316326
c08,353,0,0,0.061210815
c08,354,0,0,0.004761613
c08,355,0,0,0.003336834
c08,356,0,0,0.0056364248
c08,357,0,0,0.006602351
c08,358,0,0,0.0129200285
c08,359,0,0,0.034638412
c08,360,0,0,0.011354593
c08,361,0,0,0.01942348
c08,362,0,0,0.01608009
c08,363,0,0,0.0015294317
c08,364,0,0,0.3474193
c08,365,0,0,0.009157747
c08,366,0,0,0.26153204
c08,367,0,0,0.03100073
c08,368,0,0,0.083804525
c08,369,0,0,0.07220204
c08,370,0,0,0.11595353
c08,371,0,0,0.17266524
c08,372,0,0,0.24966341
c08,373,0,0,0.1705882
c08,374,0,0,0.121368386
c08,375,0,0,0.22081818
c08,376,0,0,0.24377982
c08,377,0,0,0.10957381
c08,378,0,0,0.035089202
c08,379,0,0,0.3971019
c08,380,0,0,0.051253542
c08,381,0,0,0.10886814
c08,382,0,0,0.17794889
c08,383,0,0,0.07673306
c08,384,0,0,0.17774557
c08,385,0,0,0.30851585
c08,386,0,0,0.15373877
c08,387,0,0,0.19092451
c08,388,0,0,0.19810078
c08,389,0,0,0.10716698
c08,390,0,0,0.233398
c08,391,0,0,0.1566114
c08,392,0,0,0.111358725
c08,393,0,0,0.085631564
c08,394,0,0,0.033655897
c08,395,0,0,0.017483154
c08,396,0,0,0.06631776
c08,397,0,0,0.060605332
c08,398,0,0,0.06829988
c08,399,0,0,0.031868402
c08,400,0,0,0.022910662
c08,401,0,0,0.054253485
c08,402,0,0,0.06894168
c08,403,0,0,0.019275064
c08,404,0,0,0.015224962
c08,405,0,0,0.023600236
c08,406,0,0,0.009430012
c08,407,0,0,0.023389254
c08,408,0,0,0.44412827
c08,409,0,0,0.005863729
c08,410,0,0,0.012255057
c08,411,0,0,0.008834185
c08,412,0,0,0.011755525
c08,413,0,0,0.0062938347
c08,414,0,0,0.00470054
c08,415,0,0,0.23136024
c08,416,0,0,0.18944798
c08,417,0,0,0.15782188
c08,418,0,0,0.17172799
c08,419,0,0,0.054485198
c08,420,0,0,0.0027298685
c08,421,0,0,0.0029886144
c08,422,0,0,0.0067475326
c08,423,0,0,0.018567732
c08,424,0,0,0.006325121
c08,425,0,0,0.41440782
c08,426,0,0,0.01742659
c08,427,0,0,0.006361864
c08,428,0,0,0.0043658544
c08,429,0,0,0.10752597
c08,430,0,0,0.009317809
c08,431,0,0,0.010190867
c08,432,0,0,0.0048818532
c08,433,0,0,0.021690987
c08,434,0,0,0.0017295642
c08,435,0,0,0.03372426
c08,436,0,0,0.011029194
c08,437,0,0,0.0019888547
c08,438,0,1,0.59145176
c08,439,0,0,0.42051047
c08,440,0,0,0.0003065615
c08,441,0,0,0.0009864048
c08,442,0,0,0.010116364
c08,443,0,0,0.0023890622
c08,444,0,0,0.0013579011
c08,445,0,0,0.008949629
c08,446,0,0,0.00087471557
c08,447,0,0,0.0013163302
c08,448,0,0,0.012835254
c08,449,0,0,0.0025361015
c08,450,0,0,0.006940478
c08,451,0,0,0.0060806596
c08,452,0,0,0.0033552656
c08,453,0,0,0.0008437178
c08,454,0,0,0.00045104077
c08,455,0,0,0.0011189901
c08,456,0,0,0.0020667107
c08,457,0,0,0.3403448
c08,458,0,0,0.00416589
c08,459,0,0,0.00012983891
c08,460,0,0,0.00038515744
c08,461,0,0,6.1576335e-05
c08,462,0,0,0.00054979743
c08,463,0,0,0.00024200983
c08,464,0,0,0.0025834376
c08,465,0,0,0.0019435947
c08,466,0,0,2.985295e-05
c08,467,0,0,0.00017585974
c08,468,0,1,0.7216771
c08,469,0,0,0.06680825
c08,470,0,0,0.06877916
c08,471,0,0,0.14944232
c08,472,0,0,0.23695214
c08,473,0,0,0.0008276468
c08,474,0,0,0.15809442
c08,475,0,0,0.18724748
c08,476,0,0,0.06999518
c08,477,0,0,0.08638234
c08,478,0,0,0.20631835
c08,479,0,0,0.06302005
c08,480,0,0,0.084213145
c08,481,0,0,0.09560446
c08,482,0,1,0.64752406
c08,483,0,0,0.05224195
c08,484,0,0,0.023099614
c08,485,0,0,0.06758868
c08,486,0,0,0.11039458
c08,487,0,0,0.047187295
c08,488,0,0,0.07152739
c08,489,0,0,0.041606605
c08,490,0,0,0.024827624
c08,491,0,0,0.030574601
c08,492,0,0,0.34119138
c08,493,0,0,0.01915876
c08,494,0,0,0.2293048
c08,495,0,0,0.09607086
c08,496,0,0,0.2982673
c08,497,0,0,0.2434026
c08,498,0,0,0.0046308343
c08,499,0,0,0.40791968
c08,500,0,0,0.12954332
c08,501,0,0,0.14807789
c08,502,0,0,0.4594035
c08,503,0,1,0.8408426
c08,504,0,1,0.77043027
c08,505,0,1,0.57122356
c08,506,0,1,0.68804246
c08,507,0,1,0.69101125
c08,508,0,0,0.2617264
c08,509,0,0,0.2547162
c08,510,0,0,0.15527913
c08,511,0,0,0.1472554
c08,512,0,0,0.16485178
c09,13,0,0,0.25186375
c09,14,0,0,0.12736413
c09,15,0,0,0.101926915
c09,16,0,0,0.0002504481
c09,17,0,0,0.03500608
c09,18,0,0,0.35051146
c09,19,0,1,0.5780757
c09,20,0,0,0.33731288
c09,21,0,1,0.57687986
c09,22,0,0,0.42729637
c09,23,0,0,0.3072618
c09,24,0,0,0.15210712
c09,25,0,0,0.056754127
c09,26,0,0,0.03596677
c09,27,0,0,0.17520347
c09,28,0,0,0.085221365
c09,29,0,0,0.01202878
c09,30,0,0,0.11802815
c09,31,0,0,0.06954578
c09,32,1,0,0.074415825
c09,33,0,0,0.1542485
c09,34,0,0,0.35813177
c09,35,1,0,0.13818559
c09,36,0,0,0.030020937
c09,37,0,0,0.047813628
c09,38,0,0,0.04983714
c09,39,0,0,0.059631567
c09,40,0,0,0.07995735
c09,41,0,0,0.051700134
c09,42,0,0,0.048072085
c09,43,0,0,0.028428873
c09,44,0,0,0.10654151
c09,45,0,0,0.052918766
c09,46,0,0,0.019226642
c09,47,0,0,0.028465945
c09,48,0,0,0.018397488
c09,49,0,0,0.017934838
c09,50,0,0,0.037439685
c09,51,0,0,0.021728655
c09,52,0,0,0.02890556
c09,53,0,0,0.014362599
c09,54,0,0,0.029607713
c09,55,0,0,0.017826775
c09,56,0,0,0.036905497
c09,57,0,0,0.017562931
c09,58,0,0,0.02463058
c09,59,0,0,0.016123565
c09,60,0,0,0.030538777
c09,61,0,0,0.01489921
c09,62,0,0,0.05072994
c09,63,0,0,0.014781401
c09,64,0,0,0.018862909
c09,65,0,0,0.024751449
c09,66,0,0,0.32491836
c09,67,0,0,0.05725259
c09,68,0,0,0.07857495
c09,69,0,0,0.04003596
c09,70,0,0,0.044639632
c09,71,0,0,0.05475634
c09,72,0,0,0.0981884
c09,73,0,0,0.05567894
c09,74,0,0,0.03142692
c09,75,0,0,0.059107073
c09,76,0,0,0.13994907
c09,77,0,0,0.04166622
c09,78,0,0,0.020420507
c09,79,0,0,0.029381143
c09,80,0,0,0.09248293
c09,81,0,0,0.030979836
c09,82,0,0,0.040300425
c09,83,0,0,0.043654673
c09,84,0,0,0.046347596
c09,85,0,0,0.08703249
c09,86,0,0,0.04717762
c09,87,0,0,0.04970527
c09,88,0,0,0.044371497
c09,89,0,0,0.04796604
c09,90,0,0,0.05361642
c09,91,0,0,0.03829145
c09,92,0,0,0.048935026
c09,93,0,0,0.03788678
c09,94,0,0,0.2651682
c09,95,0,0,0.02296756
c09,96,0,0,0.30098557
c09,97,0,0,0.31433836
c09,98,0,0,0.029600896
c09,99,0,0,0.10329137
c09,100,0,0,0.02361007
c09,101,0,0,0.02623741
c09,102,0,0,0.06830871
c09,103,0,0,0.016541583
c09,104,0,0,0.016056065
c09,105,0,0,0.04034365
c09,106,0,0,0.12275867
c09,107,0,0,0.011331166
c09,108,0,0,0.03546971
c09,109,0,0,0.011833661
c09,110,0,0,0.008225876
c09,111,0,0,0.021046614
c09,112,0,0,0.010824099
c09,113,0,0,0.029778114
c09,114,0,0,0.017734297
c09,115,0,0,0.027560515
c09,116,0,0,0.021593709
c09,117,0,0,0.02948059
c09,118,0,0,0.017274166
c09,119,0,0,0.026106952
c09,120,0,0,0.019452605
c09,121,0,0,0.0400524
c09,122,0,0,0.03828336
c09,123,0,0,0.06462048
c09,124,0,0,0.01360598
c09,125,0,0,0.016643994
c09,126,0,0,0.023501094
c09,127,0,0,0.0544808
c09,128,0,0,0.02503983
c09,129,0,0,0.011253189
c09,130,0,0,0.03012199
c09,131,0,0,0.031824827
c09,132,0,0,0.030994136
c09,133,0,0,0.031153522
c09,134,0,0,0.01814286
c09,135,0,0,0.33488035
c09,136,0,0,0.022459403
c09,137,0,1,0.7642424
c09,138,0,0,0.03912534
c09,139,0,0,0.026725248
c09,140,0,0,0.015242357
c09,141,0,0,0.021689288
c09,142,0,0,0.010340458
c09,143,0,0,0.0205979
c09,144,0,0,0.017410658
c09,145,0,0,0.01760701
c09,146,0,0,0.008131217
c09,147,0,0,0.008503593
c09,148,0,0,0.013645895
c09,149,0,0,0.0069214427
c09,150,0,0,0.008372195
c09,151,0,0,0.012466366
c09,152,0,0,0.018574808
c09,153,0,0,0.00706524
c09,154,0,0,0.0067428877
c09,155,0,0,0.0070158136
c09,156,0,0,0.009884413
c09,157,0,0,0.025983237
c09,158,0,0,0.010394081
c09,159,0,0,0.014920157
c09,160,0,0,0.018964756
c09,161,0,0,0.02403687
c09,162,0,0,0.0263575
c09,163,0,0,0.008001684
c09,164,0,0,0.007998733
c09,165,0,0,0.015179216
c09,166,0,0,0.011027067
c09,167,0,0,0.0054571237
c09,168,0,0,0.015954195
c09,169,0,0,0.020951781
c09,170,0,0,0.015826857
c09,171,0,0,0.012646777
c09,172,0,0,0.024220776
c09,173,0,0,0.24187778
c09,174,0,0,0.07742774
c09,175,0,0,0.019087987
c09,176,0,0,0.01929535
c09,177,0,0,0.018195344
c09,178,0,0,0.016843848
c09,179,0,0,0.021667358
c09,180,0,0,0.021182315
c09,181,0,0,0.025164163
c09,182,0,0,0.015476102
c09,183,0,0,0.010991338
c09,184,0,0,0.0200924
c09,185,0,0,0.034625527
c09,186,0,0,0.015979106
c09,187,0,0,0.022807773
c09,188,0,0,0.0284033
c09,189,0,0,0.017735476
c09,190,0,0,0.008383275
c09,191,0,0,0.04161779
c09,192,0,0,0.01550433
c09,193,0,0,0.016142957
c09,194,0,0,0.013998624
c09,195,0,0,0.15616757
c09,196,0,0,0.22622703
c09,197,0,0,0.22675326
c09,198,0,0,0.0853625
c09,199,0,0,0.039816383
c09,200,0,0,0.01953422
c09,201,0,0,0.045686983
c09,202,0,0,0.037113935
c09,203,0,0,0.062266104
c09,204,0,0,0.044970907
c09,205,0,0,0.029921206
c09,206,0,0,0.05645068
c09,207,0,0,0.42125764
c09,208,0,0,0.10057095
c09,209,0,0,0.31620932
c09,210,0,1,0.75850207
c09,211,0,0,0.108985096
c09,212,0,0,0.06281083
c09,213,0,0,0.07909734
c09,214,0,0,0.06962843
c09,215,0,1,0.6177727
c09,216,0,0,0.40159142
c09,217,0,0,0.04933126
c09,218,0,0,0.1711642
c09,219,0,0,0.038805492
c09,220,0,0,0.0417657
c09,221,0,0,0.07302254
c09,222,0,0,0.05296486
c09,223,0,0,0.03187481
c09,224,0,0,0.2429748
c09,225,0,0,0.14025988
c09,226,0,0,0.020429151
c09,227,0,0,0.027501108
c09,228,0,0,0.03971265
c09,229,0,0,0.033061784
c09,230,0,0,0.023562597
c09,231,0,0,0.030964416
c09,232,0,0,0.02239109
c09,233,0,0,0.026073657
c09,234,0,0,0.026388858
c09,235,0,0,0.023806315
c09,236,0,0,0.022696212
c09,237,0,0,0.023971148
c09,238,0,0,0.03690899
c09,239,0,0,0.020899706
c09,240,0,0,0.028678179
c09,241,0,0,0.026097037
c09,242,0,0,0.033619538
c09,243,0,0,0.028232902
c09,244,0,0,0.020783462
c09,245,0,0,0.022494758
c09,246,0,0,0.021415003
c09,247,0,0,0.034335244
c09,248,0,0,0.02179082
c09,249,0,0,0.031455122
c09,250,0,0,0.03432631
c09,251,0,0,0.026377995
c09,252,0,0,0.02543983
c09,253,0,0,0.030031638
c09,254,0,0,0.025493488
c09,255,0,0,0.021650407
c09,256,0,0,0.033472374
c09,257,0,0,0.034534913
c09,258,0,0,0.022073178
c09,259,0,0,0.04527462
c09,260,0,0,0.02916351
c09,261,0,0,0.020841531
c09,262,0,0,0.02851369
c09,263,0,0,0.028077912
c09,264,0,0,0.026393745
c09,265,0,0,0.03391715
c09,266,0,0,0.042994384
c09,267,0,0,0.23028164
c09,268,0,0,0.31066155
c09,269,0,0,0.055545963
c09,270,0,0,0.0129218595
c09,271,0,0,0.012360275
c09,272,0,0,0.02556592
c09,273,0,0,0.027359296
c09,274,0,0,0.009856323
c09,275,0,0,0.013066892
c09,276,0,0,0.010578212
c09,277,0,0,0.007929137
c09,278,0,0,0.012959781
c09,279,0,0,0.023950953
c09,280,0,0,0.026768554
c09,281,0,0,0.008669418
c09,282,0,0,0.0116236005
c09,283,0,0,0.008075716
c09,284,0,0,0.012165441
c09,285,0,0,0.0130448025
c09,286,0,0,0.0103950715
c09,287,0,0,0.015283761
c09,288,0,0,0.008264818
c09,289,0,0,0.015757175
c09,290,0,0,0.017815342
c09,291,0,0,0.022841344
c09,292,0,0,0.011459945
c09,293,0,0,0.026234372
c09,294,0,0,0.010253866
c09,295,0,0,0.019029165
c09,296,0,0,0.02084105
c09,297,0,0,0.023642275
c09,298,0,0,0.014169935
c09,299,0,0,0.013630756
c09,300,0,0,0.018639993
c09,301,0,0,0.017203858
c09,302,0,0,0.011610269
c09,303,0,0,0.015240726
c09,304,0,0,0.024645086
c09,305,0,0,0.026759414
c09,306,0,0,0.033432096
c09,307,0,0,0.024506286
c09,308,0,0,0.029837811
c09,309,0,0,0.013742159
c09,310,0,0,0.021460475
c09,311,0,0,0.032083
c09,312,0,0,0.08855412
c09,313,0,0,0.020968705
c09,314,0,0,0.03490393
c09,315,0,0,0.27907777
c09,316,0,0,0.014060592
c09,317,0,0,0.06402073
c09,318,0,0,0.019600675
c09,319,0,0,0.022905998
c09,320,0,0,0.019453496
c09,321,0,0,0.053642232
c09,322,0,0,0.01546234
c09,323,0,0,0.018370226
c09,324,0,0,0.047982603
c09,325,0,0,0.009833203
c09,326,0,0,0.016462538
c09,327,0,0,0.014316843
c09,328,0,0,0.015259444
c09,329,0,0,0.013424168
c09,330,0,0,0.016970396
c09,331,0,0,0.021682516
c09,332,0,0,0.016994756
c09,333,0,0,0.017498191
c09,334,0,0,0.015836166
c09,335,0,0,0.018884722
c09,336,0,0,0.018315503
c09,337,0,0,0.021425696
c09,338,0,0,0.016469628
c09,339,0,0,0.020427948
c09,340,0,0,0.021106558
c09,341,0,0,0.014970504
c09,342,0,0,0.022684587
c09,343,0,0,0.022086727
c09,344,0,0,0.017895794
c09,345,0,0,0.013695313
c09,346,0,0,0.022596188
c09,347,0,0,0.016904576
c09,348,0,0,0.016352832
c09,349,0,0,0.021320837
c09,350,0,0,0.03770511
c09,351,0,0,0.02561417
c09,352,0,0,0.023580644
c09,353,0,0,0.012213223
c09,354,0,0,0.013341646
c09,355,0,0,0.019493697
c09,356,0,0,0.024075307
c09,357,0,0,0.017050527
c09,358,0,0,0.021683855
c09,359,0,0,0.028860489
c09,360,0,0,0.021720355
c09,361,0,0,0.026694518
c09,362,0,0,0.0171235
c09,363,0,0,0.023568938
c09,364,0,0,0.014660995
c09,365,0,0,0.013620342
c09,366,0,0,0.01917633
c09,367,0,0,0.045829594
c09,368,0,0,0.47917402
c09,369,0,0,0.03395345
c09,370,0,0,0.47444126
c09,371,0,0,0.016730193
c09,372,0,0,0.010237608
c09,373,0,0,0.010196813
c09,374,0,0,0.012171839
c09,375,0,0,0.12060291
c09,376,0,1,0.564747
c09,377,0,0,0.024897333
c09,378,0,0,0.004529973
c09,379,0,0,0.015780894
c09,380,0,0,0.005238456
c09,381,0,0,0.01118258
c09,382,0,0,0.0050999247
c09,383,0,0,0.0042644646
c09,384,0,0,0.009271998
c09,385,0,0,0.0052668843
c09,386,0,0,0.019403722
c09,387,0,0,0.024668504
c09,388,0,0,0.022779468
c09,389,0,0,0.010894222
c09,390,0,0,0.034267183
c09,391,0,0,0.016042396
c09,392,0,0,0.015697025
c09,393,0,0,0.029503025
c09,394,0,0,0.021195415
c09,395,0,0,0.018530492
c09,396,0,0,0.047818124
c09,397,0,0,0.21962395
c09,398,0,0,0.019355766
c09,399,0,0,0.016125653
c09,400,0,0,0.018403387
c09,401,0,0,0.009931077
c09,402,0,0,0.0064375806
c09,403,0,0,0.008815354
c09,404,0,0,0.012802127
c09,405,0,0,0.01866876
c09,406,0,0,0.0113271605
c09,407,0,0,0.01636957
c09,408,0,0,0.0060571316
c09,409,0,0,0.02147902
c09,410,0,0,0.01244282
c09,411,0,0,0.0049545285
c09,412,0,0,0.009086398
c09,413,0,0,0.0071858773
c09,414,0,0,0.019535143
c09,415,0,0,0.007648132
c09,416,0,0,0.0053162836
c09,417,0,0,0.007954533
c09,418,0,0,0.017394286
c09,419,0,0,0.014189678
c09,420,0,0,0.0065229195
c09,421,0,0,0.012559496
c09,422,0,0,0.0068317633
c09,423,0,0,0.0061599156
c09,424,0,0,0.005923197
c09,425,0,0,0.0150796445
c09,426,0,0,0.010328172
c09,427,0,0,0.0106806
c09,428,0,0,0.00835973
c09,429,0,0,0.011547684
c09,430,0,0,0.0043079536
c09,431,0,0,0.008928018
c09,432,0,0,0.008291763
c09,433,0,0,0.004888385
c09,434,0,0,0.0122392755
c09,435,0,0,0.0066145533
c09,436,0,0,0.009743822
c09,437,0,0,0.01596593
c09,438,0,0,0.0125256255
c09,439,0,0,0.0133544635
c09,440,0,0,0.15495706
c09,441,0,1,0.6467234
c09,442,0,0,0.022082567
c09,443,0,0,0.035864476
c09,444,0,0,0.028090362
c09,445,0,0,0.018962508
c09,446,0,0,0.042401787
c09,447,0,0,0.08282865
c09,448,0,0,0.100208946
c09,449,0,0,0.006476367
c09,450,0,0,0.01392438
c09,451,0,0,0.011171308
c09,452,0,0,0.15836142
c09,453,0,0,0.05932206
c09,454,0,0,0.0043950942
c09,455,0,0,0.046992626
c09,456,0,0,0.32925013
c09,457,0,0,0.022037303
c09,458,0,0,0.0073376875
c09,459,0,0,0.008740301
c09,460,0,0,0.17404771
c09,461,0,0,0.0031746966
c09,462,0,0,0.004694186
c09,463,0,0,0.49453318
c09,464,0,0,0.062377397
c09,465,0,0,0.09558308
c09,466,0,0,0.40405887
c09,467,0,1,0.7669944
c10,5,0,0,2.051595e-07
c10,9,0,0,0.0007494043
c10,10,0,0,2.0994501e-07
c10,11,0,0,0.0056610703
c10,12,0,0,0.06310839
c10,13,0,0,0.06527465
c10,14,0,0,0.041790083
c10,15,0,0,0.26547766
c10,16,0,0,0.042879958
c10,17,0,0,0.05603588
c10,18,0,0,0.11188976
c10,19,0,0,0.06501011
c10,20,0,0,0.15883431
c10,21,0,0,0.092762396
c10,22,0,0,0.048403706
c10,23,0,0,0.051607225
c10,24,0,0,0.06031003
c10,25,0,0,0.18226081
c10,26,0,0,0.09146449
c10,27,0,0,0.04295115
c10,28,0,0,0.072670035
c10,29,0,0,0.22503091
c10,30,0,0,0.0828584
c10,31,0,0,0.05334574
c10,32,0,0,0.050027687
c10,33,0,0,0.26417142
c10,34,0,0,0.152269
c10,35,0,0,0.22570238
c10,36,0,0,0.11966205
c10,37,0,0,0.017720265
c10,38,0,0,0.019505126
c10,39,0,0,0.090738595
c10,40,0,0,0.050303347
c10,41,0,0,0.020887809
c10,42,0,0,0.023683004
c10,43,0,0,0.030051963
c10,44,0,0,0.015011885
c10,45,0,0,0.030721413
c10,46,0,0,0.015784843
c10,47,0,0,0.015662964
c10,48,0,0,0.04002257
c10,49,0,0,0.015832903
c10,50,0,0,0.04743615
c10,51,0,0,0.08593934
c10,52,0,0,0.049974244
c10,53,0,0,0.034595948
c10,54,0,0,0.041727684
c10,55,0,0,0.016388975
c10,56,0,0,0.05726183
c10,57,0,0,0.049762525
c10,58,0,0,0.034204148
c10,59,0,0,0.07350555
c10,60,0,0,0.128761
c10,61,0,0,0.100529835
c10,62,0,0,0.0633739
c10,63,0,0,0.125569
c10,64,0,0,0.03410199
c10,65,0,0,0.038615916
c10,66,0,0,0.068541445
c10,67,0,0,0.06398053
c10,68,0,0,0.051418096
c10,69,0,0,0.07518766
c10,70,0,0,0.10822328
c10,71,0,0,0.18530643
c10,72,0,0,0.12320757
c10,73,0,0,0.027074471
c10,74,0,0,0.05069772
c10,75,0,0,0.06489081
c10,76,0,0,0.06510627
c10,77,0,0,0.043137904
c10,78,0,0,0.06695736
c10,79,0,0,0.112487495
c10,80,0,0,0.14089969
c10,81,0,0,0.033550777
c10,82,0,0,0.03731996
c10,83,0,0,0.08463917
c10,84,0,0,0.077541545
c10,85,0,0,0.21438953
c10,86,0,0,0.06377732
c10,87,0,0,0.035696954
c10,88,0,0,0.06092548
c10,89,0,0,0.07223936
c10,90,0,0,0.43344328
c10,91,0,0,0.11532683
c10,92,0,0,0.20723948
c10,93,0,0,0.024695575
c10,94,0,0,0.43059725
c10,95,0,0,0.01797178
c10,96,0,0,0.015150403
c10,97,0,0,0.06758953
c10,98,0,0,0.021396752
c10,99,0,0,0.008945882
c10,100,0,0,0.005321157
c10,101,0,0,0.0654786
c10,102,0,0,0.10043432
c10,103,0,0,0.05103437
c10,104,0,0,0.014147213
c10,105,0,0,0.018468933
c10,106,0,0,0.0053400914
c10,107,0,0,0.034855075
c10,108,0,0,0.010622221
c10,109,0,0,0.16428737
c10,110,0,0,0.041273594
c10,111,0,0,0.0015603051
c10,112,0,0,0.043952778
c10,113,0,0,0.04417387
c10,114,0,0,0.007270968
c10,115,0,0,0.07919052
c10,116,0,0,0.030428328
c10,117,0,0,0.033722475
c10,118,0,0,0.013633937
c10,119,0,0,0.013086374
c10,120,0,0,0.017866787
c10,121,0,0,0.041879524
c10,122,0,0,0.018104412
c10,123,0,0,0.003633707
c10,124,0,0,0.0027613752
c10,125,0,0,0.084317066
c10,126,0,0,0.0057655633
c10,127,0,0,0.025973378
c10,128,0,0,0.0035917521
c10,129,0,0,0.023638051
c10,130,0,0,0.020560527
c10,131,0,0,0.02718363
c10,132,0,0,0.022398042
c10,133,0,0,0.044985585
c10,134,0,0,0.016570069
c10,135,0,0,0.027527336
c10,136,0,0,0.02319437
c10,137,0,0,0.008378516
c10,138,0,0,0.0083867125
c10,139,0,0,0.022888843
c10,140,0,0,0.044481657
c10,141,0,0,0.019555373
c10,142,0,0,0.02249651
c10,143,0,0,0.024556743
c10,144,0,0,0.010680095
c10,145,0,0,0.00855615
c10,146,0,0,0.009172981
c10,147,0,0,0.0651758
c10,148,0,0,0.04118692
c10,149,0,0,0.028251138
c10,150,0,0,0.020804262
c10,151,0,0,0.008205346
c10,152,0,0,0.003762569
c10,153,0,0,0.0060804263
c10,154,0,0,0.035003033
c10,155,0,0,0.050169278
c10,156,0,0,0.008085691
c10,157,0,0,0.005894594
c10,158,0,0,0.016277514
c10,159,0,0,0.120823674
c10,160,0,0,0.05798585
c10,161,0,0,0.013510625
c10,162,0,0,0.028421737
c10,163,0,0,0.0036322265
c10,164,0,0,0.017319156
c10,165,0,0,0.009142304
c10,166,0,0,0.011033112
c10,167,0,0,0.02924054
c10,168,0,0,0.028620511
c10,169,0,0,0.007832747
c10,170,0,0,0.03870838
c10,171,0,0,0.010950184
c10,172,0,0,0.002128272
c10,173,0,0,0.010732687
c10,174,0,0,0.017977284
c10,175,0,0,0.033843264
c10,176,0,0,0.022571577
c10,177,0,0,0.018461008
c10,178,0,0,0.0139271235
c10,179,0,0,0.16756493
c10,180,0,0,0.1671065
c10,181,0,0,0.009106849
c10,182,0,0,0.06732363
c10,183,0,0,0.0021592807
c10,184,0,0,0.019572007
c10,185,0,0,0.007257018
c10,186,0,0,0.0073804446
c10,187,0,0,0.0049740784
c10,188,0,0,0.009073956
c10,189,0,0,0.032933444
c10,190,0,0,0.008860214
c10,191,0,0,0.0048214323
c10,192,0,0,0.0023094015
c10,193,0,0,0.0035429813
c10,194,0,0,0.20119399
c10,195,0,0,0.28358692
c10,196,0,0,0.12340233
c10,197,0,0,0.018782757
c10,198,0,0,0.04867356
c10,199,0,0,0.003020668
c10,200,0,0,0.0033892677
c10,201,0,0,0.01823935
c10,202,0,0,0.0109477155
c10,203,0,0,0.021584453
c10,204,0,0,0.018600756
c10,205,0,0,0.005603948
c10,206,0,0,0.007362382
c10,207,0,0,0.044913854
c10,208,0,0,0.009171065
c10,209,0,0,0.029531103
c10,210,0,1,0.5834804
c10,211,0,0,0.30236733
c10,212,0,0,0.004802188
c10,213,0,0,0.0064705857
c10,214,0,0,0.00400291
c10,215,0,0,0.056476552
c10,216,0,0,0.011840042
c10,217,0,0,0.04074756
c10,218,0,0,0.023061294
c10,219,0,0,0.07701493
c10,220,0,0,0.01971534
c10,221,0,0,0.16658707
c10,222,0,0,0.01338745
c10,223,0,0,0.06405779
c10,224,0,0,0.04538953
c10,225,0,0,0.20055462
c10,226,0,0,0.009999202
c10,227,0,0,0.008240434
c10,228,0,0,0.052646793
c10,229,0,0,0.0113969045
c10,230,0,0,0.018484922
c10,231,0,0,0.007758319
c10,232,0,0,0.012336746
c10,233,0,0,0.08315444
c10,234,0,0,0.050321437
c10,235,0,0,0.25035927
c10,236,0,0,0.1703705
c10,237,0,0,0.019516218
c10,238,0,0,0.25269178
c10,239,0,0,0.013986439
c10,240,0,0,0.028204745
c10,241,0,0,0.1268408
c10,242,0,0,0.095512904
c10,243,0,0,0.33605275
c10,244,0,0,0.06142862
c10,245,0,0,0.18114989
c10,246,0,0,0.04747484
c10,247,0,0,0.16747637
c10,248,0,0,0.01526477
c10,249,0,0,0.051450286
c10,250,0,0,0.11196763
c10,251,0,0,0.014666226
c10,252,0,0,0.099358976
c10,253,0,0,0.04080485
c10,254,0,0,0.16955028
c10,255,0,0,0.12255441
c10,256,0,0,0.15588336
c10,257,1,0,0.06695541
c10,258,0,0,0.013379763
c10,259,0,0,0.014637594
c10,260,0,0,0.037317414
c10,261,0,0,0.13309562
c10,262,0,0,0.053871784
c10,263,0,0,0.43828133
c10,264,0,0,0.28956178
c10,265,0,0,0.20719968
c10,266,0,0,0.07558714
c10,267,0,0,0.07387369
c10,268,0,0,0.11344913
c10,269,0,0,0.33738652
c10,270,0,0,0.46071255
c10,271,0,0,0.2814455
c10,272,0,0,0.21144034
c10,273,0,0,0.11509203
c10,274,0,0,0.20093039
c10,275,0,0,0.40566343
c10,276,0,0,0.45467892
c10,277,0,0,0.36799377
c10,278,0,0,0.321055
c10,279,0,0,0.112566344
c10,280,0,0,0.2179293
c10,281,0,0,0.054832578
c10,282,0,0,0.038098555
c10,283,0,0,0.13238455
c10,284,0,0,0.11939026
c10,285,0,0,0.024752462
c10,286,0,0,0.009301392
c10,287,0,0,0.07920916
c10,288,0,0,0.07109352
c10,289,0,0,0.16291398
c10,290,0,0,0.014302899
c10,291,0,0,0.0068848957
c10,292,0,0,0.011977858
c10,293,0,0,0.00925745
c10,294,0,0,0.0048794933
c10,295,0,0,0.014426874
c10,296,0,0,0.021300444
c10,297,0,0,0.016573768
c10,298,0,0,0.028533582
c10,299,0,0,0.027463133
c10,300,0,0,0.022502434
c10,301,0,0,0.06693615
c10,302,0,0,0.02555168
c10,303,0,0,0.028329374
c10,304,0,0,0.01805319
c10,305,0,0,0.0474849
c10,306,0,0,0.06599072
c10,307,0,0,0.18533891
c10,308,0,0,0.2082933
c10,309,0,0,0.06425411
c10,310,0,0,0.05530019
c10,311,0,0,0.047119748
c10,312,0,0,0.030623304
c10,313,0,0,0.17529406
c10,314,0,0,0.07447539
c10,315,0,0,0.17877582
c10,316,0,0,0.04176658
c10,317,0,0,0.008496479
c10,318,0,0,0.020080658
c10,319,0,0,0.030277072
c10,320,0,0,0.0025649713
c10,321,0,0,0.013464563
c10,322,0,0,0.23801401
c10,323,0,0,0.0018624815
c10,324,0,0,0.007835464
c10,325,0,0,0.014303968
c10,326,0,0,0.03751318
c10,327,0,0,0.0025638419
c10,328,0,0,0.009435594
c10,329,0,0,0.0340589
c10,330,0,0,0.0149334995
c10,331,0,0,0.41495627
c10,332,0,0,0.09347963
c10,333,0,0,0.0034154737
c10,334,0,0,0.00527471
c10,335,0,0,0.0634518
c10,336,0,0,0.03429334
c10,337,0,0,0.023818294
c10,338,0,0,0.0033395467
c10,339,0,0,0.29065773
c10,340,0,1,0.50888675
c10,341,0,0,0.3353501
c10,342,0,0,0.010784654
c10,343,0,0,0.030115353
c10,344,0,0,0.0058501936
c10,345,0,0,0.03189361
c10,346,0,0,0.26299566
c10,347,0,1,0.58491915
c10,348,0,0,0.2579495
c10,349,0,0,0.35954568
c10,350,0,0,0.21939467
c10,351,0,0,0.445447
c10,352,0,1,0.55673826
c10,353,0,0,0.48211986
c10,354,0,0,0.25886542
c10,355,0,0,0.442648
c10,356,0,0,0.10565823
c10,357,0,0,0.15033622
c10,358,0,0,0.3672192
c10,359,0,0,0.27245143
c10,360,0,0,0.09205671
c10,361,0,0,0.17114134
c10,362,0,1,0.53242844
c10,363,0,0,0.20372024
c10,364,0,0,0.046016224
c10,365,0,0,0.0404392
c10,366,0,0,0.37734303
c10,367,0,0,0.15866178
c10,368,0,0,0.21861452
c10,369,0,0,0.14129728
c10,370,0,0,0.07880247
c10,371,0,0,0.12223056
c10,372,0,0,0.1759672
c10,373,0,0,0.31027415
c10,374,0,0,0.31360388
c10,375,0,0,0.017223984
c10,376,0,0,0.027907874
c10,377,0,0,0.010535914
c10,378,0,0,0.016778126
c10,379,0,0,0.2348528
c10,380,0,0,0.14664452
c10,381,0,0,0.13284856
c10,382,0,0,0.015277734
c10,383,0,0,0.086715475
c10,384,0,0,0.054782286
c10,385,0,0,0.1657359
c10,386,0,0,0.05884068
c10,387,0,0,0.09604899
c10,388,0,0,0.08570123
c10,389,0,0,0.13023978
c10,390,0,0,0.04243417
c10,391,0,0,0.0395763
c10,392,0,0,0.101132505
c10,393,0,0,0.053473458
c10,394,0,0,0.21121608
c10,395,0,0,0.053990863
c10,396,0,0,0.06001971
c10,397,0,0,0.051070627
c10,398,0,0,0.17176622
c10,399,0,0,0.04082957
c10,400,0,0,0.018284848
c10,401,0,0,0.07708397
c10,402,0,0,0.043807514
c10,403,0,0,0.12274852
c10,404,0,0,0.048834518
c10,405,0,0,0.071232796
c10,406,0,0,0.044305608
c10,407,0,0,0.122943096
c10,408,0,0,0.24543084
c10,409,0,0,0.0035210236
c10,410,0,0,0.0630807
c10,411,0,0,0.07357483
c10,412,0,0,0.053530965
c10,413,0,0,0.47470942
c10,414,0,0,0.018074201
c10,415,0,0,0.26438493
c10,416,0,0,0.023980347
c10,417,0,0,0.0404014
c10,418,0,0,0.038688436
c10,419,0,0,0.008276258
c10,420,0,0,0.0066392757
c10,421,0,0,0.08968889
c10,422,0,0,0.015686302
c10,423,0,0,0.026744157
c10,424,0,0,0.11550608
c10,425,0,0,0.13733849
c10,426,0,0,0.13937826
c10,427,0,0,0.12055419
c10,428,0,0,0.06769593
c10,429,0,0,0.12516871
c10,430,0,0,0.49990717
