record,minute,y_true,y_pred,y_prob
a01,2,0,1,0.6046678694120707
a01,3,0,1,0.6060467147158395
a01,4,0,0,0.4435956540521123
a01,5,0,1,0.5764677124377028
a01,6,0,0,0.40785576537219304
a01,7,0,0,0.47230831383038735
a01,8,0,1,0.7449031335277789
a01,9,0,1,0.5332335082800493
a01,10,0,1,0.5088621745342765
a01,11,0,1,0.5428761661626458
a01,12,0,0,0.3088825017604352
a01,13,1,0,0.20991421565930332
a01,14,1,0,0.37674850134722726
a01,15,1,0,0.41447105565621867
a01,16,1,0,0.429228886456148
a01,17,1,0,0.4767383935734944
a01,18,1,1,0.5807121948625453
a01,19,1,0,0.3159500987049206
a01,20,1,0,0.48532439836846225
a01,21,1,1,0.527931319056179
a01,22,1,0,0.3170293980733396
a01,23,1,1,0.5153388247034191
a01,24,1,1,0.5302815891946056
a01,25,1,0,0.47042393238884517
a01,26,1,0,0.43456403028379453
a01,27,1,0,0.1987503877463695
a01,28,1,1,0.5727941659431304
a01,29,1,1,0.5191404231989427
a01,30,1,0,0.37866331288399874
a01,31,1,0,0.3848461074258031
a01,32,1,0,0.3987615602637228
a01,33,1,1,0.565853219569862
a01,34,1,0,0.10310036298306326
a01,35,1,1,0.5584440456715009
a01,37,1,1,0.6597916077019934
a01,38,1,1,0.7876701547297457
a01,39,1,1,0.549643780998434
a01,41,1,1,0.6612272894021474
a01,42,1,0,0.45468924893059914
a01,43,1,0,0.244472807242717
a01,44,1,1,0.7362547988477066
a01,45,1,1,0.5169198829598636
a01,46,1,1,0.6881952599220075
a01,47,1,1,0.5068062232548035
a01,48,1,0,0.4730916946070481
a01,49,1,1,0.6608628400726752
a01,50,1,1,0.5762945332336135
a01,51,1,1,0.5943426045396125
a01,52,1,0,0.4628734937237366
a01,53,1,0,0.3489036547635169
a01,54,1,0,0.24918143119395475
a01,55,1,1,0.6383144483607057
a01,56,1,1,0.6529091859783837
a01,57,1,1,0.5490753748565806
a01,58,1,0,0.2105394027300544
a01,59,1,1,0.5626980402232395
a01,60,1,1,0.76591013665785
a01,61,1,1,0.5489522870892268
a01,62,1,1,0.5879524748501226
a01,63,1,1,0.5709330072968775
a01,65,1,0,0.1910638179003193
a01,66,1,1,0.5540786623812533
a01,67,1,1,0.7743398298656661
a01,68,1,1,0.6863436547032329
a01,69,1,1,0.8864135009556773
a01,70,1,1,0.8641973857808499
a01,71,1,1,0.860514275010534
a01,72,1,1,0.9618216572622886
a01,73,1,1,0.8955201523558968
a01,74,1,1,0.9587897873514921
a01,75,1,1,0.9698589027057662
a01,76,1,1,0.8818949436541907
a01,77,1,1,0.6217475365928984
a01,78,1,1,0.7746884509675334
a01,79,1,1,0.6311640897409658
a01,80,1,1,0.958282408519704
a01,81,1,1,0.9097669095761648
a01,82,1,1,0.7899825316823584
a01,83,1,1,0.7890183576116635
a01,84,1,1,0.9437054092308562
a01,85,1,1,0.8518327746987758
a01,86,1,1,0.8531746364408173
a01,87,1,1,0.7818813425164132
a01,88,1,1,0.8045311625032638
a01,89,1,1,0.8345932505095085
a01,90,1,1,0.8332250084529339
a01,91,1,1,0.9430054603144963
a01,92,1,0,0.45014709765477995
a01,93,1,1,0.6731408352083825
a01,94,1,1,0.6648673381124772
a01,95,1,1,0.7145185005820979
a01,96,1,0,0.31888877603334226
a01,97,1,1,0.7714480342896649
a01,98,1,0,0.43198185021957014
a01,99,1,0,0.3743707674329131
a01,100,1,1,0.6517841377919614
a01,101,1,1,0.712726827163563
a01,102,1,1,0.5669390224288835
a01,103,1,0,0.49597207099031687
a01,104,1,1,0.5105224088705452
a01,105,1,0,0.3678021021908713
a01,106,1,0,0.4680948811024142
a01,107,1,0,0.28452768819367075
a01,108,1,1,0.7109732639911134
a01,109,1,1,0.507646714680959
a01,110,1,1,0.6861964235444994
a01,111,1,0,0.46940702358081643
a01,112,1,1,0.6869964533817977
a01,113,1,1,0.729401852191508
a01,114,1,1,0.5002216878182766
a01,115,1,1,0.6607817358019586
a01,116,1,1,0.7401027964905085
a01,117,1,1,0.5106471131338616
a01,118,1,1,0.6724688268015098
a01,119,1,1,0.6245656211544705
a01,120,1,1,0.7656723790969769
a01,121,1,1,0.7121229990176391
a01,122,1,1,0.6314519426546256
a01,123,1,1,0.7623021473375976
a01,124,1,1,0.6284815479956627
a01,125,1,1,0.6499857638705562
a01,126,1,1,0.8917587289548352
a01,127,1,1,0.7137089160765847
a01,128,1,1,0.8629328771977912
a01,129,1,1,0.7071259578646899
a01,130,1,1,0.6452407961934324
a01,131,1,1,0.5947533278816356
a01,132,1,1,0.7694714851147856
a01,133,1,0,0.45102341543853214
a01,134,1,1,0.6973732174740046
a01,135,1,1,0.681734606061596
a01,136,1,1,0.6920846345824014
a01,137,1,1,0.6479839171010341
a01,138,1,1,0.7105510416336661
a01,139,1,1,0.6573330054098484
a01,140,1,1,0.8559614104407572
a01,141,1,1,0.5645426585488372
a01,142,1,1,0.6133634740323602
a01,143,1,1,0.5968170116990525
a01,144,1,1,0.6253056542764498
a01,145,1,1,0.7943109377526811
a01,146,1,1,0.6889225335125261
a01,147,1,1,0.5665007001623015
a01,148,1,1,0.5619134328357379
a01,149,1,1,0.7380155899737126
a01,150,1,1,0.814725973209244
a01,151,1,0,0.4248695412299815
a01,152,1,1,0.5165222805893601
a01,153,1,1,0.7650327936164334
a01,154,1,1,0.6107084598343271
a01,155,1,1,0.633003777007972
a01,156,1,1,0.521961945991692
a01,157,1,1,0.7209330183745541
a01,158,1,1,0.651289480237245
a01,159,1,1,0.7765544906900368
a01,160,1,1,0.5147304066146234
a01,161,1,0,0.3586652755254011
a01,162,1,0,0.4812607714524058
a01,163,1,1,0.6805703182633466
a01,164,1,1,0.7811413959843762
a01,165,1,1,0.6931239520457461
a01,166,1,1,0.7688169217600085
a01,167,1,0,0.40233302285491757
a01,168,1,0,0.4680243915481673
a01,169,1,0,0.4539842680167496
a01,170,1,1,0.7172985341237481
a01,171,1,1,0.5956583958441513
a01,172,1,1,0.5607999311855413
a01,173,1,1,0.6823787627187974
a01,174,1,1,0.6838980385542577
a01,175,1,1,0.6991144069986007
a01,176,1,1,0.7496133461407711
a01,177,1,1,0.7158768777743597
a01,178,1,1,0.5805877052593883
a01,179,1,1,0.6045828116644251
a01,180,1,1,0.8451532184579718
a01,181,1,1,0.6997800701823023
a01,182,1,1,0.5203120933016894
a01,183,1,1,0.7582185365317694
a01,184,1,1,0.706185678432565
a01,185,1,1,0.8243684670506107
a01,186,1,1,0.7077645655942866
a01,187,1,1,0.5989035753502673
a01,188,1,1,0.8396659975945513
a01,189,1,1,0.7397421047594563
a01,190,1,1,0.6836276167516022
a01,191,1,1,0.7237985965342328
a01,192,1,1,0.7332597727799987
a01,193,1,1,0.7846344795708973
a01,194,1,1,0.6483192690931089
a01,195,1,1,0.7521701890258505
a01,196,1,1,0.7524436698221827
a01,197,1,1,0.6669625557336862
a01,198,1,1,0.7524543948266472
a01,199,1,1,0.6550141744550392
a01,200,1,1,0.9072773630284535
a01,201,1,1,0.6829906255835005
a01,202,1,1,0.5654495602293401
a01,203,1,1,0.8101508659334623
a01,204,1,1,0.9016030248643137
a01,205,1,1,0.9424652503586582
a01,206,1,1,0.9342982980471157
a01,207,1,1,0.8177930623574255
a01,208,1,1,0.9142219133914268
a01,209,1,1,0.9129546910113961
a01,210,1,1,0.6413878751927666
a01,211,1,1,0.9761205735269763
a01,212,1,1,0.8520264765254413
a01,213,1,0,0.37170313297078045
a01,214,1,1,0.9251747616748969
a01,215,1,1,0.6627233056963643
a01,216,1,1,0.7086472987093068
a01,217,1,1,0.6404853507734078
a01,218,1,1,0.8431164231938049
a01,219,1,1,0.8042627139904674
a01,220,1,1,0.7365370030469293
a01,221,1,1,0.5761868362120564
a01,222,1,1,0.6810237117976911
a01,223,1,1,0.7280756473771803
a01,224,1,0,0.49950206975046413
a01,225,1,1,0.678275553370577
a01,226,1,1,0.8353329270966064
a01,227,0,1,0.603049011311344
a01,228,0,1,0.7132638171031053
a01,229,0,1,0.5374721387166694
a01,230,0,0,0.41287597366359224
a01,231,1,1,0.5106862632639145
a01,232,1,1,0.7626927950287812
a01,233,1,0,0.34666265544307595
a01,234,1,0,0.4533389508135545
a01,235,1,1,0.5329264361258474
a01,236,1,1,0.5192773737629744
a01,237,1,1,0.5297444365873519
a01,238,1,1,0.6472672984711678
a01,239,1,1,0.7329623017739078
a01,240,1,1,0.7006439742836541
a01,241,1,1,0.595986244842559
a01,242,1,1,0.7029864008811944
a01,243,1,1,0.5426228117405336
a01,244,1,1,0.7014612112815581
a01,245,1,1,0.692725667224642
a01,246,1,1,0.5481468865765776
a01,247,1,1,0.519984832564662
a01,248,1,1,0.7004519111380072
a01,249,1,1,0.5021261334268552
a01,250,1,1,0.6080132359897196
a01,251,1,1,0.7278342822393725
a01,252,1,1,0.6370014059201285
a01,253,1,1,0.7645486485317667
a01,254,1,1,0.5842451794609076
a01,255,1,1,0.6604379583150669
a01,256,1,1,0.8125798825154963
a01,257,1,1,0.7519192314734796
a01,258,1,1,0.5907839514256952
a01,259,1,1,0.7108054678327399
a01,260,1,0,0.46491887911317425
a01,261,1,1,0.7766751669913646
a01,262,1,1,0.7862736302620577
a01,263,1,1,0.6603682504867057
a01,264,1,1,0.6665685472156435
a01,265,1,1,0.7435088324232996
a01,266,1,1,0.6284483146135758
a01,267,1,1,0.6742231836414593
a01,268,1,1,0.7478108277273132
a01,269,1,0,0.31146678462289745
a01,270,1,1,0.8487407084143007
a01,271,1,1,0.9105998145363644
a01,272,1,1,0.7348772526610207
a01,273,1,1,0.6833179413494197
a01,274,1,1,0.8698224625822459
a01,275,1,1,0.6882176900817799
a01,276,1,1,0.608657400471046
a01,277,1,1,0.8043126607256086
a01,278,1,1,0.7050227185042949
a01,279,1,1,0.7474136231043713
a01,280,1,1,0.6538064010842773
a01,281,1,1,0.7506417687246923
a01,282,1,1,0.6634928633789173
a01,283,1,0,0.36890812185945865
a01,284,1,1,0.6979567779661136
a01,285,1,1,0.5908389219931259
a01,286,1,1,0.7872390065778185
a01,287,1,1,0.6603216015484634
a01,288,1,1,0.8504748184104036
a01,289,1,1,0.7531487667655282
a01,290,1,1,0.8028497183647805
a01,291,1,1,0.7954412416472737
a01,292,1,1,0.6495012095853412
a01,293,1,0,0.42657307424352314
a01,294,1,1,0.8061338143437385
a01,295,1,1,0.6457527188915101
a01,296,1,1,0.6974469143655311
a01,297,1,1,0.712586411511052
a01,298,1,1,0.8640359321019311
a01,299,1,1,0.9007759887030111
a01,300,1,1,0.6889568558618444
a01,301,1,1,0.9311238072504473
a01,302,1,1,0.7373987968310378
a01,303,1,1,0.59421577481191
a01,304,1,1,0.6557480342547922
a01,305,1,1,0.5145020542382649
a01,306,1,1,0.8643263793740227
a01,307,1,1,0.9490741284965714
a01,308,1,1,0.6507964234041196
a01,309,1,1,0.9629575050615613
a01,310,1,1,0.6665300429654741
a01,311,1,1,0.772925228606787
a01,312,1,1,0.9529624233640986
a01,313,1,1,0.8396464348951083
a01,314,1,1,0.8672778036935347
a01,315,1,1,0.6827574826324727
a01,316,1,1,0.9367006554058399
a01,317,1,1,0.8347573766808877
a01,318,1,1,0.722974481758626
a01,319,1,1,0.6721349780375445
a01,320,1,1,0.624417046733963
a01,321,1,1,0.8272211805554485
a01,322,1,1,0.6413614335593817
a01,323,1,1,0.7546553336628894
a01,324,1,1,0.7997208900144543
a01,325,1,1,0.8320402444893145
a01,326,1,1,0.829226715501923
a01,327,1,1,0.9087259420773667
a01,328,1,1,0.8324885703923445
a01,329,1,1,0.5178000895536332
a01,330,1,1,0.8706974934982206
a01,331,1,1,0.862903489760523
a01,332,1,1,0.6472994501894459
a01,333,1,1,0.9163688937034602
a01,334,1,1,0.8630837599764333
a01,335,1,1,0.6176909720098767
a01,336,1,1,0.8286449018815535
a01,337,1,1,0.5084795703711984
a01,338,1,1,0.7049578969798613
a01,339,1,1,0.7542035804105691
a01,340,1,1,0.9176824227613992
a01,341,1,1,0.8715998063049653
a01,342,1,1,0.912750243386686
a01,343,1,1,0.8836428279982701
a01,344,1,1,0.7295913753549162
a01,345,1,1,0.7840859728545839
a01,346,1,1,0.882948827989605
a01,347,1,1,0.9077189538765352
a01,348,1,1,0.6920882794497579
a01,349,1,1,0.7411058391977596
a01,350,1,1,0.8422529942956004
a01,351,1,1,0.9747304014109814
a01,352,0,1,0.9055194403964335
a01,353,0,0,0.3333711486397112
a01,354,1,0,0.3583442136504592
a01,355,1,1,0.6641790864812345
a01,356,1,1,0.7622442283261566
a01,357,1,1,0.5429291000644654
a01,358,1,1,0.576807274393985
a01,359,1,1,0.5030837527993305
a01,360,1,1,0.6947547202755661
a01,361,1,1,0.6892933610157055
a01,362,1,1,0.6486376385443025
a01,363,1,0,0.4281613744075886
a01,364,1,1,0.6877091127927283
a01,365,1,1,0.7581370463771002
a01,366,1,1,0.6599461455410752
a01,367,1,0,0.3338329550729277
a01,368,1,0,0.35909294722245033
a01,369,1,1,0.7083365273274281
a01,370,1,1,0.7322539626491777
a01,371,1,1,0.8036838957298205
a01,372,1,1,0.5850180431231061
a01,373,1,1,0.7105236568596976
a01,374,1,1,0.7120628103573108
a01,375,1,1,0.5812696735327464
a01,376,1,1,0.7134021788751528
a01,377,1,1,0.8297541030796672
a01,378,1,1,0.7036175119933531
a01,379,1,1,0.7489109792797364
a01,380,1,1,0.8171956943751816
a01,381,1,1,0.8055312461459498
a01,382,1,1,0.5505934355513014
a01,383,1,1,0.7101290190802595
a01,384,1,1,0.7389122805142958
a01,385,1,1,0.6339839301096591
a01,386,1,1,0.709843006717054
a01,387,1,1,0.66322792821608
a01,388,1,1,0.7866218628905709
a01,389,1,1,0.7653724818611103
a01,390,1,1,0.8380050692515107
a01,391,1,1,0.7552864031215683
a01,392,1,1,0.5132399381879037
a01,393,1,0,0.3154035167026005
a01,394,1,1,0.8912539914398158
a01,395,1,0,0.27685959565800605
a01,396,1,1,0.6210974439988116
a01,397,1,1,0.7228900572598821
a01,398,1,1,0.8454084779015145
a01,399,1,1,0.9482110928649252
a01,400,1,1,0.9198627677524844
a01,401,1,1,0.5926593980628682
a01,402,1,1,0.6449666597438474
a01,403,1,0,0.27756197776168534
a01,404,1,0,0.4770839414560515
a01,405,1,1,0.6093204695192758
a01,406,1,1,0.8244294197425787
a01,407,1,1,0.8921297654298145
a01,408,1,1,0.595170799727093
a01,409,1,1,0.704479790537873
a01,410,1,1,0.6762487196269775
a01,411,1,1,0.6057376157900336
a01,412,1,1,0.5611089798380472
a01,413,1,1,0.7012180853235818
a01,414,1,0,0.3565807180107122
a01,415,1,1,0.6711531593368573
a01,416,1,1,0.6653942855449841
a01,417,1,1,0.6903246577368052
a01,418,1,0,0.46822188011534255
a01,419,1,1,0.8527623555245986
a01,420,1,1,0.7908683024590402
a01,421,1,1,0.7349494251290394
a01,422,1,1,0.7834186292568907
a01,423,1,1,0.7508576757384816
a01,424,1,1,0.6197855493433746
a01,425,1,1,0.8512644182692206
a01,426,1,1,0.7250848930977387
a01,427,1,1,0.8280879593338721
a01,428,1,1,0.8774097505165072
a01,429,1,1,0.7511324842144373
a01,430,1,1,0.7240640017918325
a01,431,1,1,0.7620609288667164
a01,432,1,1,0.8911308551007138
a01,433,1,1,0.9062992436882776
a01,434,1,1,0.5770649401488397
a01,435,1,0,0.4612497453562753
a01,436,1,1,0.7579501185368516
a01,437,1,1,0.8247116530054013
a01,438,1,1,0.8145101648476677
a01,439,1,1,0.8949496038356667
a01,440,1,1,0.5253602708633595
a01,441,1,1,0.5458914788522289
a01,442,1,1,0.8530212954889632
a01,443,1,1,0.8193083917554447
a01,444,1,0,0.3864014908825235
a01,445,1,1,0.8762492203923288
a01,446,1,1,0.693184030976463
a01,447,1,1,0.6703957967238591
a01,448,1,1,0.7370477193714968
a01,449,1,1,0.9342751804576092
a01,450,1,1,0.956796030248724
a01,451,1,1,0.6463086161896157
a01,452,1,1,0.8321446008582357
a01,453,1,1,0.6724103948181381
a01,454,1,1,0.8375133671930867
a01,455,1,1,0.7810098508633493
a01,456,1,1,0.7952850810888351
a01,457,1,1,0.829377018614767
a01,458,1,1,0.9228244606128747
a01,459,1,1,0.987250517923877
a01,460,1,1,0.8319018636887044
a01,461,1,1,0.7673148384948401
a01,462,1,1,0.669505716796261
a01,463,1,1,0.8780086984693054
a01,464,1,1,0.716667837264722
a01,465,1,1,0.6942952033306943
a01,466,1,1,0.8188970261451003
a01,467,1,1,0.8327333811820663
a01,468,1,1,0.8113091872468384
a01,469,1,1,0.7012169963797791
a01,470,1,1,0.7430570494708637
a01,471,1,0,0.47246626295543
a01,472,1,1,0.7847992869488258
a01,473,1,1,0.6099906153467481
a01,474,1,1,0.8807257009984993
a01,475,1,1,0.6426563736934431
a01,476,1,1,0.7873976761763569
a01,477,1,1,0.8740306760590868
a01,478,1,0,0.4872747729463091
a01,479,1,1,0.5409155321249381
a01,480,1,1,0.5775721804002668
a01,481,1,1,0.5288613485199699
a01,482,1,1,0.6935107633766617
a01,483,1,1,0.736714947440456
a01,484,1,1,0.9660775710903302
a01,485,1,0,0.16657971181915474
a01,486,1,0,0.48763723554765576
a01,487,1,1,0.7200111968673082
a01,488,1,1,0.8651375437740407
a02,1,0,0,0.45773514746365174
a02,2,0,0,0.4269685997524876
a02,3,0,0,0.414326606493741
a02,4,0,0,0.45059503779886595
a02,5,0,1,0.7524049134064247
a02,6,0,1,0.7825689039996419
a02,7,0,1,0.5001846909859059
a02,8,0,0,0.19954502575280278
a02,9,0,0,0.34433713024084445
a02,10,0,0,0.399975980161825
a02,11,0,1,0.661443815392712
a02,12,0,0,0.35920279391968557
a02,13,0,0,0.4363655341539372
a02,14,0,0,0.4930623051837092
a02,15,0,1,0.5818456003804914
a02,16,0,1,0.528594471254291
a02,17,0,0,0.4150165493379735
a02,18,0,0,0.37369706851157075
a02,19,0,0,0.37496199608682784
a02,21,1,0,0.40707532042371863
a02,22,1,0,0.41884688238296286
a02,23,1,1,0.5154553288505724
a02,24,1,0,0.34215067553861095
a02,25,1,1,0.5183110460644221
a02,26,1,0,0.46233196890698014
a02,27,1,0,0.40599122532210247
a02,28,1,0,0.40566630340167603
a02,29,1,1,0.5609725014516184
a02,30,1,0,0.46123826901048015
a02,31,1,1,0.7003599366179142
a02,32,1,0,0.3491389040727917
a02,33,1,0,0.17135870903007863
a02,34,1,0,0.42823258125888597
a02,35,1,0,0.4933705138095045
a02,36,1,0,0.43986368008300814
a02,37,1,0,0.4540113108660001
a02,38,1,0,0.3766156048929253
a02,39,1,1,0.6523413002562586
a02,40,1,0,0.42485735014736054
a02,41,1,1,0.6221775979105466
a02,42,1,0,0.4980336563075263
a02,43,1,1,0.5523809203928588
a02,44,1,1,0.664312427148331
a02,45,1,1,0.5317112862886019
a02,46,1,1,0.5763767499999297
a02,47,1,1,0.5911556874453244
a02,48,1,1,0.6735835016778756
a02,49,1,1,0.703322473302958
a02,50,1,1,0.5506868378304702
a02,51,1,0,0.2944149530125494
a02,52,1,0,0.4236496554056842
a02,53,1,0,0.303448869811352
a02,54,1,1,0.5707129424248414
a02,55,1,1,0.6058729200388733
a02,56,1,1,0.6194279905619577
a02,57,1,1,0.6977591577267549
a02,58,1,1,0.5375723537767506
a02,59,1,1,0.5228070256595185
a02,60,1,0,0.4674601753535098
a02,61,1,1,0.6897521498214557
a02,62,1,0,0.35633778487992457
a02,63,1,0,0.37149231530336374
a02,64,1,1,0.508996186483397
a02,65,1,1,0.662840182566499
a02,66,1,0,0.4785426158457855
a02,67,1,0,0.4652112526853928
a02,68,1,1,0.5469733560175901
a02,69,1,0,0.32296170912973055
a02,70,1,1,0.6385224519755061
a02,71,1,0,0.4799618632881421
a02,72,1,1,0.5076172185075022
a02,73,1,1,0.5973222968950708
a02,74,1,0,0.4268533395308895
a02,75,1,1,0.6196366046938253
a02,76,1,0,0.45774194675997504
a02,77,1,0,0.372064629822188
a02,78,1,0,0.47792144792858215
a02,79,1,0,0.3775156154934209
a02,80,1,0,0.4066129946705193
a02,81,1,0,0.43917817615875415
a02,82,1,0,0.4359879657794842
a02,83,1,0,0.4285946117595552
a02,84,1,1,0.6062793882119414
a02,85,1,1,0.6108731607907391
a02,86,1,1,0.5007597219587039
a02,87,1,0,0.3120389587562892
a02,88,1,0,0.49840649482854416
a02,89,1,0,0.2945934460419885
a02,90,1,0,0.43682438464912743
a02,91,1,0,0.3848759832203781
a02,92,1,0,0.3928726760627343
a02,93,1,0,0.37852817864624666
a02,94,1,0,0.3456611511574245
a02,95,1,0,0.38590979772376344
a02,96,1,0,0.23814532886747547
a02,97,1,0,0.4022074871403271
a02,98,1,0,0.4101176737176658
a02,99,1,1,0.6229027163200875
a02,100,1,1,0.6444073824909377
a02,101,1,1,0.5120064461436865
a02,102,1,0,0.40896003054451463
a02,103,1,0,0.4186250888966634
a02,104,1,1,0.6947970261212307
a02,105,1,0,0.4059862695695803
a02,106,1,0,0.40952562176765717
a02,107,1,0,0.4842028028024787
a02,108,1,1,0.5795989352694899
a02,109,1,0,0.3910371363855412
a02,110,1,1,0.6923731770768836
a02,111,1,1,0.7122235535727685
a02,112,1,1,0.5941046723596762
a02,113,1,0,0.21835842397376914
a02,114,1,0,0.44960419131687873
a02,115,1,0,0.44368179952238834
a02,116,1,1,0.6985598242807988
a02,117,1,1,0.8198843111114454
a02,118,1,0,0.44269254584875883
a02,119,1,0,0.2952618422067111
a02,120,1,1,0.5083266268467848
a02,121,1,0,0.4396351383514992
a02,122,1,0,0.43184739331817684
a02,123,1,0,0.396828331247101
a02,124,1,0,0.41522856102962524
a02,125,1,1,0.5182186162721638
a02,126,1,0,0.42225593561815083
a02,127,1,0,0.4726159210177839
a02,128,1,0,0.4139936761038813
a02,129,1,0,0.3133297574619762
a02,130,0,1,0.5120529533443138
a02,131,0,0,0.4791606966393153
a02,132,0,0,0.30644886189280224
a02,133,0,0,0.29993070739516203
a02,134,0,0,0.34337942321345627
a02,135,0,0,0.3477022057648374
a02,136,0,0,0.33386533072796026
a02,137,0,0,0.3492678921929129
a02,138,0,0,0.31132152294109605
a02,139,0,0,0.34382603431826364
a02,140,0,0,0.3652485022987589
a02,141,0,0,0.3238971683607743
a02,142,0,0,0.3454548610794737
a02,143,0,0,0.33242528823258977
a02,144,0,0,0.37177404419936294
a02,145,0,0,0.351212003256868
a02,146,0,0,0.3206640822107642
a02,147,0,0,0.36325724828806444
a02,148,0,0,0.35027952897202286
a02,149,0,0,0.35539590551085226
a02,150,0,0,0.34494713981677183
a02,151,0,0,0.3665169500136079
a02,152,0,0,0.34112079138115664
a02,153,0,0,0.3190551127162267
a02,154,0,0,0.3661865076148802
a02,155,0,0,0.3785940508535532
a02,156,0,0,0.4435974803410989
a02,157,0,0,0.3784751681975307
a02,158,0,0,0.3459333861472171
a02,159,0,0,0.3646383970548708
a02,160,0,0,0.34660009170208544
a02,161,0,0,0.3481288659642034
a02,162,0,0,0.3863310169097786
a02,163,0,0,0.3811758285765971
a02,164,0,0,0.3576315130460129
a02,165,0,0,0.36657511892088535
a02,166,0,0,0.4078613967426326
a02,167,0,0,0.41795380921826303
a02,168,0,0,0.4043581961675924
a02,169,0,0,0.38391287064367824
a02,170,0,0,0.35922932872114993
a02,171,0,0,0.42799141423460907
a02,172,0,0,0.44008553371421116
a02,173,0,0,0.3648339397498202
a02,174,0,0,0.4555976576183192
a02,175,0,0,0.45614588582323534
a02,176,1,1,0.5837346627355482
a02,177,1,0,0.4589779958871893
a02,178,1,0,0.43449315629609203
a02,179,1,0,0.3884627425233779
a02,180,1,0,0.46058798736904305
a02,181,1,0,0.3218648218596181
a02,182,1,0,0.4755294375977933
a02,183,1,0,0.36588282694825813
a02,184,1,0,0.39772311641738006
a02,185,1,1,0.5044681839673658
a02,186,1,0,0.38952891662633093
a02,187,1,0,0.4717823823251962
a02,188,1,0,0.40461656509304456
a02,189,1,0,0.39744370967439296
a02,190,1,0,0.46097841132578743
a02,191,1,0,0.47563515345113017
a02,192,1,0,0.496194249731871
a02,193,1,0,0.48104236238870557
a02,194,1,0,0.363796987345774
a02,195,1,0,0.445294255724166
a02,196,1,0,0.41428530691274534
a02,197,1,0,0.4208761659428872
a02,198,1,0,0.3731237485195746
a02,199,1,0,0.4281516607594723
a02,200,1,0,0.47265297001179096
a02,201,0,1,0.5178084669424179
a02,202,0,1,0.7199360405910779
a02,203,0,0,0.39750297549601804
a02,204,0,0,0.42260340567355414
a02,205,0,0,0.48846064599148975
a02,206,0,0,0.42289336174651326
a02,207,1,0,0.33660631767119376
a02,208,1,1,0.6511833297307464
a02,209,1,0,0.49685164079114025
a02,210,1,1,0.5305264597770594
a02,211,1,0,0.49408261220716
a02,212,1,0,0.44929018259906967
a02,213,1,0,0.4725618188745548
a02,214,1,1,0.5027760273458085
a02,215,1,0,0.4542900205570564
a02,216,1,1,0.540759240141385
a02,217,1,0,0.4861220443340633
a02,218,1,0,0.4544590797554107
a02,219,1,0,0.46742426545937754
a02,220,1,0,0.40449056375721015
a02,221,1,0,0.32628526930794105
a02,222,1,0,0.498210197965141
a02,223,1,1,0.7062409848919596
a02,224,1,0,0.32495551543342543
a02,225,1,0,0.49134848699148603
a02,226,1,1,0.7275976564901417
a02,227,1,1,0.535770927255025
a02,228,1,0,0.48877017037933446
a02,229,1,0,0.48466223549096127
a02,230,1,1,0.5385164072879699
a02,231,1,1,0.7955245174073665
a02,232,1,0,0.44924185081323526
a02,233,1,1,0.5116663552423687
a02,234,1,1,0.5436897893376896
a02,235,1,1,0.5216878777091573
a02,236,1,1,0.6472139599627178
a02,237,1,0,0.4571953100867186
a02,238,1,0,0.3541873547061043
a02,239,1,0,0.4098962513269785
a02,240,1,0,0.3147236462798782
a02,241,1,1,0.5042566401319422
a02,242,1,0,0.44311721846204033
a02,243,1,0,0.4267483633483048
a02,244,1,1,0.6338984179238318
a02,245,1,0,0.4676048979444938
a02,246,1,1,0.6751426228511961
a02,247,1,0,0.47673082530942396
a02,248,1,0,0.4952676557021645
a02,249,1,1,0.5742594531555134
a02,250,1,0,0.49189149398814846
a02,251,1,0,0.36540629293430366
a02,252,1,0,0.4344394854036819
a02,253,1,1,0.5590702979069928
a02,254,1,0,0.4883456638187669
a02,255,1,0,0.40936101373023637
a02,256,1,0,0.383927025766688
a02,257,1,0,0.43411390982791875
a02,258,1,1,0.5487001644564379
a02,259,1,0,0.35766838006476187
a02,260,1,1,0.7339617323475964
a02,261,1,0,0.4454758175714801
a02,262,1,1,0.5063971491989208
a02,263,1,0,0.4877199205928247
a02,264,1,0,0.25157077940315153
a02,265,1,0,0.17364448190270718
a02,266,0,0,0.41855428480716966
a02,267,0,0,0.31901249857630154
a02,268,0,0,0.3688596433914728
a02,269,0,0,0.47515495649361017
a02,270,1,1,0.5764180796591105
a02,271,1,0,0.3733086870365476
a02,272,1,0,0.4970093742514353
a02,273,1,1,0.5046294877111427
a02,274,1,0,0.4624107563427824
a02,275,1,1,0.6048254315892593
a02,276,1,0,0.3454395540054
a02,277,1,0,0.4552761123399031
a02,278,1,1,0.5230647906090431
a02,279,1,1,0.520563169188318
a02,280,1,0,0.42485833549444196
a02,281,1,0,0.3281249651137784
a02,282,0,0,0.3399228389517501
a02,283,0,0,0.3370177039598961
a02,284,0,0,0.4951165491935199
a02,285,0,0,0.41947880782886143
a02,286,0,0,0.4177506432831733
a02,287,0,0,0.4167754869755043
a02,288,1,0,0.46685352248013884
a02,289,1,1,0.5371236878252258
a02,290,1,0,0.36668442230139453
a02,291,1,0,0.4298091305396865
a02,292,1,1,0.5462061300317663
a02,293,1,0,0.45819517935740117
a02,294,1,0,0.42020389005831243
a02,295,0,0,0.43808903998380333
a02,296,0,0,0.48101866561931556
a02,297,1,1,0.5277139526854112
a02,298,1,0,0.3749525461531199
a02,299,1,1,0.5336999584056321
a02,300,1,1,0.5281421406421208
a02,301,1,1,0.6681264636661675
a02,302,1,0,0.4411757798510579
a02,303,1,0,0.4568538241529911
a02,304,1,0,0.42779413245743825
a02,305,1,1,0.5358221348096408
a02,306,1,0,0.4027761818025489
a02,307,1,0,0.45689245798161005
a02,308,0,0,0.41638818963521446
a02,309,0,0,0.3680321388819921
a02,310,0,0,0.4143543833726403
a02,311,0,0,0.47432896647052936
a02,312,1,0,0.4800554029948814
a02,313,1,1,0.7153274535924933
a02,314,1,1,0.5021690664024536
a02,315,1,1,0.7053741740358069
a02,316,1,1,0.5277001134473451
a02,317,1,1,0.7315180616500326
a02,318,1,1,0.5082491962229216
a02,319,1,1,0.512014098392762
a02,320,1,0,0.4652776404460518
a02,321,1,0,0.361941222731259
a02,322,1,1,0.6745114572466099
a02,323,1,0,0.4018237721839944
a02,324,1,0,0.48819991189675366
a02,325,1,0,0.10926306568749737
a02,326,0,0,0.19698681978158641
a02,327,0,0,0.30296944612972576
a02,328,0,0,0.49432583261884755
a02,329,1,1,0.6563489127247375
a02,330,1,0,0.467836429674674
a02,331,1,0,0.45081538534107485
a02,332,1,1,0.690042083904928
a02,333,1,1,0.559991571629363
a02,334,1,0,0.4321331321076734
a02,335,1,0,0.4193774832947672
a02,336,1,0,0.2870106128103382
a02,337,1,1,0.5261415095027049
a02,338,1,0,0.4937975323361
a02,339,1,1,0.5826822232484534
a02,340,1,0,0.4910979694433134
a02,341,1,1,0.6487937336056022
a02,342,1,0,0.42324442174576693
a02,343,1,0,0.43330118215114155
a02,344,1,1,0.6493394505449954
a02,345,1,0,0.3180125950868679
a02,346,1,0,0.4231755959004946
a02,347,1,1,0.8076710174114529
a02,348,1,1,0.6451648187018151
a02,349,1,0,0.4150395720685154
a02,350,1,0,0.3522115888863239
a02,351,1,1,0.5254311566331158
a02,352,1,0,0.4879658703145482
a02,353,1,0,0.4529116324233221
a02,354,1,0,0.35209705865893665
a02,355,1,1,0.5070925580024173
a02,356,1,1,0.650188789680836
a02,357,1,0,0.4498128080311297
a02,358,1,0,0.34312119804535784
a02,359,1,1,0.6971588838868295
a02,360,1,0,0.4578267473389744
a02,361,1,1,0.5778098821958201
a02,362,1,0,0.339189077333436
a02,363,1,0,0.41537483065005937
a02,364,1,0,0.4954763499771332
a02,365,1,0,0.2306836435287143
a02,366,1,0,0.46357597790147387
a02,367,1,1,0.6413973987523899
a02,368,1,0,0.4686071415710379
a02,369,1,1,0.6921963473379648
a02,370,1,1,0.5244060539161606
a02,371,1,0,0.43875755299314206
a02,372,1,0,0.4016271263788285
a02,373,1,0,0.37375086462317963
a02,374,1,0,0.4006318362944589
a02,375,1,1,0.6161073096239177
a02,376,1,0,0.4911697602043433
a02,377,1,1,0.6541990352999318
a02,378,1,0,0.4149041448724495
a02,379,1,0,0.46596627203324187
a02,380,1,1,0.6658031793825645
a02,381,1,1,0.5180743768400448
a02,382,1,0,0.3394834724864632
a02,383,1,0,0.43431308163401555
a02,384,1,1,0.7827568393143268
a02,385,1,0,0.46707789909141256
a02,386,1,0,0.4748466696279924
a02,387,1,0,0.429502439796151
a02,388,1,0,0.36959821850750574
a02,389,0,0,0.3938625235454898
a02,390,0,1,0.5119267565992733
a02,391,0,1,0.7362184989123592
a02,392,1,0,0.3271785580238494
a02,393,1,1,0.532868581044608
a02,394,1,1,0.664421912754862
a02,395,1,1,0.524473709131722
a02,396,1,1,0.668999572472221
a02,397,1,0,0.4428682102979017
a02,398,1,1,0.5423287049250505
a02,399,1,0,0.47413031463989586
a02,400,1,1,0.7536054512366204
a02,401,1,0,0.38726666423006306
a02,402,1,0,0.39853091113517936
a02,403,1,0,0.4760329356556563
a02,404,1,0,0.3482036374590417
a02,405,1,0,0.4475006957388364
a02,406,1,0,0.4397952006324031
a02,407,1,1,0.5365272239807582
a02,408,1,0,0.3435974452307299
a02,409,1,0,0.4146184348198292
a02,410,1,0,0.4660522377638542
a02,411,1,0,0.4551754618280664
a02,412,1,1,0.5762094460716203
a02,413,1,0,0.3585892977171666
a02,414,1,0,0.4039535661368188
a02,415,1,0,0.45374429578142605
a02,416,1,1,0.5386527581256166
a02,417,1,1,0.6517522446241921
a02,418,1,0,0.46907874069018524
a02,419,1,1,0.5028125676443305
a02,420,1,1,0.6577771569639439
a02,421,1,1,0.6704393543798469
a02,422,1,0,0.39576316321534766
a02,423,1,1,0.6527424585182802
a02,424,1,0,0.4594728124555334
a02,425,1,1,0.6510286850465596
a02,426,1,1,0.6556231292942449
a02,427,1,1,0.541777319766792
a02,428,1,1,0.7060102274588589
a02,429,1,1,0.5175683255020367
a02,430,1,0,0.3303806677480719
a02,431,1,1,0.6929260998359849
a02,432,0,0,0.4813617250402367
a02,433,0,0,0.4651332719756207
a02,434,0,1,0.5521099690187932
a02,435,0,0,0.45033732924597547
a02,436,1,0,0.45525858561567556
a02,437,1,0,0.4623499926928426
a02,438,1,1,0.531888510437104
a02,439,1,0,0.39486409594074473
a02,440,1,1,0.6208712586484505
a02,441,1,0,0.4441792028106793
a02,442,1,1,0.5182862587495914
a02,443,1,1,0.6643220440091661
a02,444,1,0,0.41898615259510724
a02,445,1,1,0.6502710714499763
a02,446,1,1,0.5707881009087116
a02,447,1,1,0.5045099858386634
a02,448,1,0,0.3604703915703021
a02,449,1,0,0.37644351531872366
a02,450,1,1,0.6249824048534686
a02,451,1,0,0.4548535518616072
a02,452,1,0,0.49509910600566165
a02,453,1,1,0.5543861225681485
a02,454,1,1,0.5146433026073494
a02,455,1,0,0.21126064877058268
a02,456,1,1,0.5251304661363403
a02,457,1,0,0.4676789880404871
a02,458,1,1,0.5265762319798446
a02,459,1,1,0.6935724405192915
a02,460,1,0,0.4949241170658877
a02,461,1,0,0.41689599189664645
a02,462,1,0,0.4985729283328339
a02,463,1,0,0.42483089991447404
a02,464,1,1,0.6682153660549859
a02,465,1,0,0.2857564267605586
a02,466,1,0,0.3151518159887078
a02,467,1,0,0.2612868977735575
a02,468,1,1,0.7866380593492991
a02,469,1,1,0.7443365712453233
a02,470,1,1,0.6838451527864345
a02,471,1,0,0.43760676840879664
a02,472,1,1,0.5222984351474138
a02,473,1,0,0.49601624748256223
a02,474,1,1,0.6351713221905483
a02,475,1,1,0.6194771546817911
a02,476,1,0,0.4811801343596833
a02,477,1,0,0.3017337199537637
a02,479,1,0,0.4323665860622568
a02,480,1,1,0.6464367703940921
a02,481,1,0,0.4870306096231632
a02,482,1,1,0.7220404024770147
a02,483,1,1,0.6745569313048881
a02,484,1,0,0.3891382609632648
a02,485,1,0,0.4318305855904023
a02,486,1,0,0.3527035404299017
a02,487,1,0,0.444756623876418
a02,488,1,1,0.5067015095969272
a02,489,1,1,0.5843799477740109
a02,490,1,0,0.3305898346587969
a02,491,1,0,0.4931518295326472
a02,492,1,0,0.49681536792042313
a02,493,1,1,0.6675949184329537
a02,494,1,0,0.45282254279208145
a02,495,1,0,0.47552953441803214
a02,496,1,1,0.7429747087269403
a02,497,1,1,0.8597789954163684
a02,498,1,1,0.7167587287444439
a02,499,1,0,0.2212864375516221
a02,500,0,0,0.4733084712678692
a02,501,0,0,0.46540713099654163
a02,502,0,0,0.38622615182025266
a02,503,0,0,0.4037069925746797
a02,504,0,0,0.4911934851634195
a02,505,0,0,0.38816150788259834
a02,506,0,1,0.7217225081111717
a02,507,0,0,0.3508642000648737
a02,508,0,1,0.6725109465234932
a02,509,1,1,0.6424970366891158
a02,510,1,1,0.7324586130817685
a02,511,1,0,0.39905995276368333
a02,512,1,0,0.4941599311305748
a02,513,1,1,0.5462696204243068
a02,514,1,0,0.47951865396871607
a02,515,1,1,0.5127206062164735
a02,516,1,0,0.3040771065331543
a02,517,1,0,0.49157251605168834
a02,518,1,1,0.5258010062728568
a02,519,1,0,0.425282676171362
a02,520,1,0,0.47683542378850335
a02,521,1,0,0.44696372914805144
a02,522,1,0,0.47196327769433655
a02,523,1,1,0.6566575048636881
a02,524,1,1,0.7209282772419868
a02,525,1,1,0.6021474595397535
a02,526,1,1,0.6755843469578924
a02,527,1,1,0.7422756017476927
a03,1,0,0,0.39467978590441044
a03,2,0,0,0.42187286869843055
a03,3,0,1,0.6742988130188216
a03,4,0,1,0.7079407988679753
a03,5,0,0,0.18820659325287373
a03,6,0,1,0.5248592502071074
a03,7,0,1,0.5269415355010082
a03,8,0,1,0.7036271528889558
a03,9,0,1,0.7080372798962831
a03,10,0,1,0.6628594048207311
a03,11,0,1,0.6920885135907041
a03,12,0,1,0.7777623193485139
a03,13,1,1,0.5504119125666039
a03,14,1,1,0.5650743848983636
a03,15,1,1,0.7760558173714411
a03,16,1,1,0.7905144178546224
a03,17,1,1,0.9182840681777367
a03,18,1,1,0.7868443477340404
a03,19,1,1,0.8047431892650316
a03,20,1,1,0.7938558222089358
a03,21,1,1,0.9309722644696048
a03,22,1,1,0.7984847757012619
a03,23,1,1,0.8712331577574447
a03,24,1,1,0.8870587327855344
a03,25,1,1,0.8585560110902671
a03,26,1,1,0.9172279720386475
a03,27,1,1,0.9060830937971974
a03,28,1,1,0.8722585769760923
a03,29,1,1,0.9071153770156886
a03,30,1,1,0.8077056619491267
a03,31,1,1,0.910759765996829
a03,32,1,1,0.7839684744579232
a03,33,1,1,0.8773952574603281
a03,34,1,1,0.9265876295796879
a03,35,1,1,0.8398546255883151
a03,36,1,1,0.8200906630955562
a03,37,1,1,0.6625790531788481
a03,38,1,1,0.9005569163038879
a03,39,1,1,0.8962533455025893
a03,40,1,1,0.9138299481409442
a03,41,1,1,0.873307164555446
a03,42,1,1,0.9282580831137901
a03,43,1,1,0.9251048287294161
a03,44,1,1,0.8119794940026857
a03,45,1,1,0.884649837912645
a03,46,1,1,0.9141962961378078
a03,47,1,1,0.9040755870132671
a03,48,1,1,0.9500433734524139
a03,49,1,1,0.9210834746148674
a03,50,1,1,0.933982255985741
a03,51,1,1,0.912520879478581
a03,52,1,1,0.8731100771423732
a03,53,1,1,0.929093914235868
a03,54,1,1,0.8357392932164235
a03,55,1,1,0.803623629052056
a03,56,1,1,0.9249828050906129
a03,57,1,1,0.8842563904333105
a03,58,1,1,0.9152427543450418
a03,59,1,1,0.9667200691404929
a03,60,0,1,0.5726420860981454
a03,61,0,0,0.4127297766621981
a03,63,0,0,0.437416812522847
a03,64,0,0,0.46031271918784633
a03,66,0,0,0.13077578580219668
a03,67,0,0,0.4847089435940551
a03,68,0,0,0.3570887562708934
a03,69,0,1,0.7645419503368422
a03,70,0,1,0.5170708576549764
a03,71,0,0,0.4056019595719289
a03,72,0,1,0.5277371519955235
a03,73,0,0,0.12752365680052463
a03,74,0,0,0.10920543413974418
a03,75,0,0,0.09896071766748224
a03,76,0,0,0.20134727074260195
a03,77,0,0,0.1417144506818407
a03,78,0,0,0.09484324651479469
a03,79,0,0,0.13161313622402415
a03,80,0,0,0.40720439096933575
a03,81,0,0,0.05216484793850977
a03,82,0,0,0.07029480800469688
a03,83,0,0,0.058596032332417225
a03,84,0,0,0.07223089249535519
a03,85,0,0,0.055980847135305434
a03,86,0,0,0.053597429150162496
a03,87,0,0,0.08900118816122206
a03,88,0,0,0.3986615141766337
a03,89,0,1,0.5077670303750438
a03,90,0,1,0.7234860119033609
a03,91,0,0,0.2066404035107846
a03,92,0,0,0.25196967746565085
a03,93,0,0,0.21718623055329359
a03,94,0,0,0.21213156776791903
a03,95,0,1,0.7397262615693809
a03,96,0,0,0.2256876355468631
a03,97,0,0,0.26149907671086325
a03,98,0,0,0.4100113264394664
a03,99,0,0,0.16078823896311548
a03,100,0,0,0.47493529564317405
a03,101,0,1,0.8281478895857752
a03,102,0,1,0.5003484211170972
a03,103,0,0,0.4726454667566398
a03,104,0,1,0.8643016165695563
a03,105,1,1,0.8424576173707418
a03,106,1,1,0.8544254897878225
a03,107,1,1,0.7788457665192191
a03,108,1,1,0.9484706495698586
a03,109,1,1,0.8704560214558184
a03,110,1,1,0.8317535531858994
a03,111,1,1,0.8613469386224468
a03,112,1,1,0.8870912444660639
a03,113,1,1,0.88398401194144
a03,114,1,1,0.9040358294189215
a03,115,1,1,0.8654968289705233
a03,116,1,1,0.8119558695860657
a03,117,1,1,0.9460341356240832
a03,118,1,1,0.8819507832354113
a03,119,1,1,0.8974074189002567
a03,120,1,1,0.9160725242230439
a03,121,1,1,0.8679415006900126
a03,122,1,1,0.9396452520007507
a03,123,1,1,0.8880261965174545
a03,124,1,1,0.9447870792370747
a03,125,1,1,0.8790836940850614
a03,126,1,1,0.9450049049719151
a03,127,1,1,0.9381052910097891
a03,128,1,1,0.9383345847452361
a03,129,1,1,0.9138009220960289
a03,130,1,1,0.9142414457680287
a03,131,1,1,0.9254635124411745
a03,132,1,1,0.8693618465542261
a03,133,1,1,0.7523685992104392
a03,134,1,1,0.71065964959517
a03,135,1,1,0.7374194589904184
a03,136,1,1,0.8729011355573755
a03,137,1,1,0.7637167375439027
a03,138,1,1,0.8224798299360965
a03,139,1,1,0.8639211868621497
a03,140,1,1,0.7381377257684405
a03,141,1,1,0.8371079539674097
a03,142,1,1,0.8594858445242299
a03,143,1,1,0.8896631235735146
a03,144,1,1,0.8082006906813304
a03,145,1,1,0.7993766946791219
a03,146,1,1,0.8387594720396965
a03,147,0,1,0.5587116608995012
a03,148,0,1,0.539058945709272
a03,149,0,0,0.4534662081715509
a03,150,0,0,0.14599517936185405
a03,151,0,0,0.2508958496909939
a03,152,0,0,0.2528973887282147
a03,153,0,0,0.0628711718819473
a03,154,0,0,0.3456107608635745
a03,155,0,0,0.3488425508161218
a03,156,0,0,0.19576898941546733
a03,157,0,0,0.13701246410227053
a03,158,0,0,0.27435544738312184
a03,159,0,0,0.2796707589138371
a03,160,0,0,0.3421785871946287
a03,161,0,0,0.37920039057000354
a03,162,0,0,0.24837113248663711
a03,163,0,0,0.29500093783467946
a03,164,0,0,0.2847856354293573
a03,165,0,0,0.3825135888295393
a03,166,0,0,0.4020842840976861
a03,167,0,0,0.2878878540193395
a03,168,0,0,0.2780984423608781
a03,169,0,0,0.23988386593141942
a03,170,0,0,0.3797898289077712
a03,171,0,0,0.2023248552067506
a03,172,0,0,0.4170580393143005
a03,173,0,0,0.28277093952980936
a03,174,0,0,0.321603927625995
a03,175,0,0,0.3005392097338673
a03,176,0,0,0.3933216692789333
a03,177,0,0,0.33449245637524283
a03,178,0,0,0.33820972908415525
a03,179,0,0,0.28398908333130124
a03,180,0,0,0.29987622353998195
a03,181,0,0,0.22089373643648635
a03,182,0,0,0.37328578028458165
a03,183,0,0,0.2645094147131704
a03,184,0,0,0.12360082772943543
a03,185,0,0,0.33894501659126225
a03,186,1,1,0.8499013188255056
a03,187,1,1,0.835103253264099
a03,188,1,1,0.787098078858912
a03,189,1,1,0.8360443012543084
a03,190,1,1,0.9017354347432911
a03,191,1,1,0.8935663913286968
a03,192,1,1,0.9660066734982649
a03,193,1,1,0.8968670618184379
a03,194,1,1,0.866538058523651
a03,195,1,1,0.8993023606012824
a03,196,1,1,0.8905499669883387
a03,197,1,1,0.9040923543980774
a03,198,1,1,0.6083323009362026
a03,199,1,1,0.8581497111705223
a03,200,1,1,0.9338960999124373
a03,201,1,1,0.8941999027433409
a03,202,1,1,0.9135627426088064
a03,203,1,1,0.8570202400547349
a03,204,1,1,0.6441085700645309
a03,205,1,1,0.8362113881710167
a03,206,1,1,0.8761441997324598
a03,207,1,1,0.9235205034305944
a03,208,1,1,0.726797190848563
a03,209,1,1,0.8414180658786682
a03,210,1,1,0.6740603398077751
a03,211,1,1,0.6413031982074952
a03,212,1,1,0.9411373693150187
a03,213,1,1,0.8929296222744153
a03,214,1,1,0.8777072435294178
a03,215,1,1,0.812456082357674
a03,216,1,1,0.8912480137199432
a03,217,1,1,0.7866973037184186
a03,218,1,1,0.8382430714091006
a03,219,1,0,0.41782236260228867
a03,220,1,1,0.7627654409114973
a03,221,1,1,0.9029993116658243
a03,222,1,1,0.7312712460306023
a03,223,1,1,0.9168113658674935
a03,224,1,1,0.8023025704307637
a03,225,1,1,0.8627556632154738
a03,226,1,0,0.37112161972555807
a03,227,1,1,0.6588372978518301
a03,228,1,1,0.9048322556615916
a03,229,0,1,0.8407920023027002
a03,230,0,0,0.23701164108758324
a03,231,0,1,0.5253086850874341
a03,232,0,1,0.5479167813417936
a03,233,0,1,0.746606147971748
a03,234,0,0,0.40285702151552255
a03,235,0,0,0.11502364511575236
a03,236,0,0,0.29178965756163844
a03,237,0,1,0.7235347958548252
a03,238,0,1,0.6881588030142072
a03,239,0,1,0.6895930492544489
a03,240,1,1,0.7444425815747702
a03,241,1,1,0.776353602760335
a03,242,1,1,0.701855473546039
a03,243,1,1,0.8392731602723016
a03,244,1,0,0.4572932985809234
a03,245,1,1,0.8135949157191606
a03,246,1,1,0.8466986027109636
a03,247,1,1,0.5861085719141675
a03,248,1,1,0.7306749000912507
a03,249,1,1,0.8345357282658897
a03,250,1,1,0.881847355078407
a03,251,1,1,0.8619104361588957
a03,252,1,1,0.9046886931428167
a03,253,1,1,0.8808034146529768
a03,254,1,1,0.9301382061449409
a03,255,1,1,0.921649262206423
a03,256,1,1,0.8598027049365691
a03,257,1,1,0.879155790604568
a03,258,0,1,0.7953437388483124
a03,259,0,1,0.6943804269192496
a03,260,0,0,0.2316054208133548
a03,261,0,0,0.13788442881923885
a03,262,0,0,0.24777938525446955
a03,263,0,0,0.24362923016095217
a03,264,0,1,0.7059008933143194
a03,265,0,0,0.31044872293743986
a03,266,0,0,0.13246039442322438
a03,268,0,0,0.3477022130586819
a03,269,0,0,0.4614855638269447
a03,270,0,0,0.42312032396941246
a03,271,0,0,0.12350894330277815
a03,272,0,0,0.18805865836238225
a03,273,0,0,0.31420124556177204
a03,274,0,0,0.3565873947487477
a03,276,0,0,0.45057953126805883
a03,277,0,0,0.11317163183296737
a03,278,0,1,0.5529628703000836
a03,279,0,1,0.8079722999478417
a03,280,0,1,0.7871736870858859
a03,281,0,0,0.1861615404476204
a03,282,0,1,0.6058828960907892
a03,283,0,1,0.7390037731677003
a03,284,0,0,0.49785758150879583
a03,285,0,1,0.724517294863269
a03,286,0,1,0.6871362829218102
a03,287,0,1,0.5581196567266791
a03,288,0,1,0.6802383597353284
a03,289,0,1,0.7491031198075987
a03,290,1,1,0.8341240569094832
a03,291,1,1,0.8360562906754863
a03,292,1,1,0.8646998929162616
a03,293,1,1,0.8587305197569078
a03,294,1,1,0.8890875305938242
a03,295,1,1,0.9116592772273691
a03,296,1,1,0.8502842973247368
a03,297,1,1,0.7610042884754011
a03,298,1,1,0.925686477919449
a03,299,1,1,0.9182044330024298
a03,300,1,1,0.8369661551020842
a03,301,1,1,0.9766278993672041
a03,302,1,1,0.8973669181620543
a03,303,0,0,0.48008598561716864
a03,304,0,0,0.14368034025833962
a03,305,0,1,0.5470633520411802
a03,306,0,0,0.44048250076853324
a03,307,0,0,0.4299656949176842
a03,308,0,0,0.44010384507828726
a03,309,0,0,0.3620850828126318
a03,310,0,1,0.726396831704737
a03,311,0,0,0.3691558935142587
a03,312,0,0,0.38559421122436865
a03,313,0,0,0.3927283870240814
a03,314,0,0,0.15247884670258283
a03,315,0,0,0.16226199974890892
a03,316,0,0,0.37205075384657565
a03,317,0,0,0.47134064659228236
a03,318,0,0,0.15759069045691598
a03,319,0,0,0.15107350951000503
a03,320,0,0,0.35703164618744776
a03,321,0,0,0.18419109068613904
a03,322,0,0,0.3744592621443437
a03,323,0,0,0.13573495330639776
a03,324,0,0,0.44464737503348833
a03,325,0,0,0.18820549000547565
a03,326,0,0,0.48141515785852174
a03,327,0,0,0.40237414954961137
a03,328,0,0,0.4621207145412393
a03,329,0,0,0.4275528887650493
a03,330,0,0,0.4781386978299493
a03,331,0,0,0.43614488439654325
a03,332,0,0,0.4861446828785241
a03,333,0,0,0.45794499645370623
a03,334,0,0,0.3750126222230831
a03,335,0,0,0.4745636935356902
a03,336,0,1,0.5404194190894093
a03,337,0,0,0.49459341188850503
a03,338,0,0,0.42822514590019606
a03,339,0,0,0.3204993451937662
a03,340,0,0,0.4987560447514395
a03,341,0,0,0.16980536161879345
a03,342,0,0,0.4133955795194674
a03,343,0,1,0.523043827497161
a03,344,0,0,0.42880118621452606
a03,345,0,0,0.37800232873853284
a03,346,0,0,0.40035251635552865
a03,347,1,1,0.7383933858546933
a03,348,1,1,0.7968161985225541
a03,349,1,1,0.8995738248954848
a03,350,1,1,0.8789698802456427
a03,351,1,1,0.8554027076544461
a03,352,1,1,0.7329980770015957
a03,353,0,1,0.5777911406111466
a03,354,0,0,0.0933346841101732
a03,355,0,0,0.4014420598476534
a03,356,0,0,0.4413140670220609
a03,357,0,0,0.4247859963248824
a03,358,0,0,0.4156918867823921
a03,359,0,1,0.513951827881637
a03,360,0,0,0.4802375755276867
a03,361,0,1,0.7172901883892033
a03,362,0,1,0.6352681086894433
a03,363,0,1,0.912599270868295
a03,364,0,1,0.8347689829909875
a03,365,0,1,0.580013224619164
a03,366,0,1,0.5277490481007633
a03,367,0,1,0.8632351934616748
a03,368,0,1,0.8971244197680154
a03,370,0,1,0.7343032246446337
a03,371,0,1,0.5330103092302468
a03,372,0,1,0.6861094759206898
a03,373,0,1,0.8583776819430337
a03,374,0,1,0.827485465635919
a03,375,0,1,0.8885296345723932
a03,376,0,1,0.8474378829433991
a03,377,0,1,0.6124576484314849
a03,378,0,1,0.8987439780861654
a03,379,0,1,0.720785247142254
a03,380,0,1,0.7441930797011505
a03,381,0,0,0.29707733698852345
a03,383,0,0,0.42980384249194986
a03,384,0,1,0.8918797748316434
a03,385,1,1,0.8046376688633048
a03,386,1,1,0.868118345323901
a03,387,1,1,0.8368555906260793
a03,388,1,1,0.8331655091441145
a03,389,1,1,0.7966947352731272
a03,390,1,1,0.8409639826686773
a03,391,1,1,0.9017591654032748
a03,392,1,1,0.8208762470174354
a03,393,1,1,0.8005011683159579
a03,394,1,1,0.9173502987622542
a03,395,1,1,0.8827149858802176
a03,396,1,1,0.9226626747428484
a03,397,1,1,0.7912113002306406
a03,398,1,1,0.7705969823837019
a03,399,1,1,0.9286661885987157
a03,400,1,1,0.8900450902505002
a03,401,1,1,0.710609428113877
a03,402,1,1,0.9395170119249068
a03,403,1,1,0.756643144618151
a03,404,1,1,0.7829797514120681
a03,405,1,1,0.6993935890426104
a03,406,0,1,0.5233440542695859
a03,407,0,1,0.5702581064949014
a03,408,0,0,0.3984555873165913
a03,409,0,0,0.31145283030049287
a03,410,0,1,0.8035664645099435
a03,411,1,1,0.7747614818194093
a03,412,1,1,0.8143906728611424
a03,413,1,1,0.676092200914658
a03,414,1,1,0.8992671727863359
a03,415,1,0,0.4163725357020126
a03,416,1,1,0.5863175566019059
a03,417,0,1,0.554708201399522
a03,418,0,0,0.4701600696403008
a03,419,0,0,0.3996082659733253
a03,420,0,0,0.49027863760752793
a03,421,0,1,0.5841757150919422
a03,422,0,0,0.4219980443297905
a03,423,0,0,0.4886852804341755
a03,424,0,1,0.5049373788150856
a03,425,0,0,0.31828211721653954
a03,426,0,1,0.5114514596901502
a03,427,1,1,0.7760909469510319
a03,428,1,1,0.8556298549246002
a03,429,1,1,0.8466388857758782
a03,430,1,1,0.8459283312045452
a03,431,1,1,0.8695826244585573
a03,432,1,1,0.9109523539306541
a03,433,1,1,0.8877040933052907
a03,434,1,0,0.3624445478987438
a03,435,1,1,0.7364585508933521
a03,436,1,1,0.9308906839808205
a03,437,1,1,0.8619600103749159
a03,438,1,1,0.8127756711443026
a03,439,1,1,0.5922158918068671
a03,440,1,1,0.777170960944355
a03,441,1,1,0.7495701952450381
a03,442,1,0,0.3849450081056287
a03,443,0,0,0.3017043571847461
a03,444,0,0,0.16623787756636568
a03,445,0,0,0.20648525033904394
a03,446,0,0,0.39787076674457206
a03,447,0,0,0.4233923461044707
a03,448,0,1,0.5436970253579576
a03,449,0,0,0.45726236715316787
a03,450,0,1,0.6272328284405099
a03,451,0,0,0.31839461735628466
a03,452,0,0,0.4176028980236853
a03,453,0,0,0.49502085052362277
a03,454,0,1,0.7088187474989509
a03,455,0,1,0.6659312856300612
a03,456,0,0,0.4068240148679028
a03,457,0,1,0.5049138132258622
a03,458,0,0,0.44745427738752325
a03,459,0,1,0.5535194501017141
a03,460,0,0,0.3578198249199298
a03,461,0,1,0.537290408633852
a03,462,0,0,0.12715190021062087
a03,463,0,0,0.43233649147053277
a03,464,0,1,0.5103131827609831
a03,465,0,0,0.4575327717452054
a03,466,0,0,0.2391093765572691
a03,467,0,0,0.49530704232901807
a03,468,0,1,0.6101158022613259
a03,469,0,1,0.6627653948466253
a03,470,1,0,0.29215039272971094
a03,471,1,1,0.7629715538389512
a03,472,1,1,0.9082458749783209
a03,473,1,1,0.9264041941801567
a03,474,1,1,0.7276168158897456
a03,475,1,1,0.8992783106402059
a03,476,1,1,0.9400017691958041
a03,477,1,1,0.8395523426800666
a03,478,1,1,0.8315885729313423
a03,479,1,1,0.8980665426870739
a03,480,1,1,0.7997531427212762
a03,481,1,1,0.8708373842938035
a03,482,1,1,0.9170788933911188
a03,483,1,1,0.932178305296428
a03,484,1,1,0.8399745455434663
a03,485,1,1,0.8830484295938479
a03,486,1,1,0.7838858859271971
a03,487,1,1,0.9257837529005067
a03,488,1,1,0.7634011371396978
a03,489,1,1,0.8240981412752512
a03,490,1,1,0.8232798710436163
a03,491,1,0,0.4435324707370964
a03,492,0,0,0.36141056931112936
a03,493,0,0,0.45772211928173445
a03,494,0,1,0.5203735948633202
a03,495,0,0,0.3441860938978032
a03,496,0,1,0.592761880296472
a03,497,0,0,0.2910614088377026
a03,498,0,0,0.42323141141321674
a03,499,0,1,0.6991099294235504
a03,500,0,1,0.8000864857652789
a03,501,0,1,0.7829516920370901
a03,502,0,0,0.38963566986159925
a03,503,0,1,0.9104841807866212
a03,504,0,1,0.7821925691618422
a03,505,0,1,0.5015386604658956
a03,506,0,1,0.8193301051243917
a03,507,1,1,0.8779069453580249
a03,508,1,0,0.4771330164945254
a03,509,1,1,0.5745218184175975
a03,510,1,1,0.8999662573043925
a03,511,1,1,0.8955654294259454
a03,512,1,0,0.3250908842632727
a03,513,1,1,0.8042945204958732
a03,514,1,1,0.8755330081392831
a03,515,1,1,0.9107666437944948
a03,516,1,1,0.913812575383864
a03,517,1,1,0.9631092339173419
a03,518,1,1,0.778891069875798
a04,1,0,0,0.373541473104109
a04,2,0,1,0.530570470877601
a04,3,0,1,0.5739728285018326
a04,4,0,0,0.4379945442313313
a04,5,0,1,0.5034338593758048
a04,6,0,1,0.5108117175150896
a04,7,0,0,0.46927152696701185
a04,8,0,0,0.24306550156493492
a04,9,0,0,0.27392574287809157
a04,10,0,0,0.44842085978700236
a04,11,0,1,0.671013538198562
a04,12,0,0,0.499205599269269
a04,13,0,0,0.24432093820084752
a04,14,0,0,0.3815851476984549
a04,15,0,0,0.478212496167485
a04,16,0,1,0.5028503514075258
a04,17,0,1,0.550638066668057
a04,18,0,0,0.4201774087604992
a04,19,0,1,0.5874253900666813
a04,20,0,0,0.46615759570870285
a04,21,0,0,0.4110305140040547
a04,22,0,1,0.529324396335841
a04,23,0,0,0.4789034060922875
a04,24,0,0,0.43956649375189055
a04,25,0,1,0.5340057340088988
a04,26,0,0,0.4988868472025665
a04,27,0,0,0.34608933779307494
a04,28,0,1,0.5786711225995914
a04,29,0,0,0.4628816940374805
a04,30,0,0,0.4895631448493485
a04,31,0,0,0.49506624429780344
a04,32,0,0,0.45076518287488165
a04,33,0,0,0.41243573761529667
a04,34,0,1,0.5429739928875871
a04,35,1,1,0.6721973449179931
a04,36,1,0,0.11003123623172391
a04,37,1,1,0.7290068075688764
a04,38,1,0,0.26954845895826957
a04,39,1,1,0.6420771899824702
a04,40,1,0,0.36983470944195457
a04,41,1,1,0.6674168343862644
a04,42,1,1,0.6881799320655991
a04,43,1,1,0.5781561404287722
a04,44,1,1,0.5260875178809055
a04,45,1,0,0.45503656787949065
a04,46,1,1,0.729019818702394
a04,47,1,1,0.6912521993459264
a04,48,1,1,0.6801251192347101
a04,49,1,1,0.7692546005300824
a04,50,1,1,0.7115312273296606
a04,51,1,1,0.6941164142195467
a04,52,1,0,0.2710065860549128
a04,53,1,0,0.31494045416388555
a04,54,1,1,0.5098332594046777
a04,55,1,0,0.4524833109456593
a04,56,1,1,0.6418167755572499
a04,57,1,1,0.611187717793814
a04,58,1,1,0.6482870985129568
a04,59,1,1,0.5770794348812922
a04,60,1,1,0.5796408290867239
a04,61,1,1,0.6174465073495369
a04,62,1,1,0.6067104395853218
a04,63,1,1,0.5622656320214912
a04,64,1,1,0.6178440747021922
a04,65,1,1,0.6756322341794749
a04,66,1,0,0.23396016260325567
a04,67,1,1,0.6592111301922103
a04,68,1,0,0.3841034791537056
a04,69,1,1,0.6549188159220917
a04,70,1,1,0.6633078181841077
a04,71,1,1,0.6325931237528895
a04,72,1,1,0.6426220645805715
a04,73,1,0,0.36053938729694357
a04,74,1,0,0.21215205542837137
a04,75,1,1,0.6801131619393154
a04,76,1,1,0.7583758268816349
a04,77,1,1,0.6290900339880096
a04,78,1,1,0.6544507021860453
a04,79,1,1,0.6353741837966317
a04,80,1,1,0.6637055137730892
a04,81,1,1,0.6319744146996388
a04,82,1,0,0.37299489246638007
a04,83,1,1,0.5636683616856396
a04,84,1,1,0.5907264207565571
a04,85,1,1,0.6366670135448806
a04,86,1,0,0.4691197709096
a04,87,1,1,0.6435162676792865
a04,88,1,1,0.6058197489878419
a04,89,1,1,0.7473383482322448
a04,90,1,1,0.6632789055341702
a04,91,1,1,0.6287707832138378
a04,92,1,1,0.7441284906062137
a04,93,1,1,0.6591766783336565
a04,94,1,1,0.6204870166639449
a04,95,1,1,0.7269639052809796
a04,96,1,1,0.708384131103539
a04,97,1,1,0.7086148196946075
a04,98,1,1,0.7261184821826375
a04,99,1,1,0.684344106768425
a04,100,1,1,0.5942847186628786
a04,101,1,1,0.6913795066680434
a04,102,1,1,0.635654284287094
a04,103,1,1,0.7102509427413919
a04,104,1,1,0.6976230726697689
a04,105,1,1,0.7458654698071228
a04,106,1,1,0.6792984588308578
a04,107,1,1,0.6880070498926909
a04,108,1,1,0.7209518091278988
a04,109,1,1,0.6877582335215013
a04,110,1,1,0.6289973639381458
a04,111,1,1,0.6242214576560521
a04,112,1,1,0.6191012159607637
a04,113,1,1,0.6899829163271812
a04,114,1,1,0.6546827974275512
a04,115,1,1,0.6980827050459975
a04,116,1,0,0.4094367498612759
a04,117,1,1,0.6229687753475941
a04,118,1,1,0.7430087349211395
a04,119,1,0,0.3081165823504197
a04,120,1,0,0.40611489268204815
a04,121,1,1,0.7774525751745578
a04,122,1,1,0.7626300941674259
a04,123,1,1,0.7299226489992763
a04,124,1,1,0.6545036325928788
a04,125,1,1,0.7493568650533406
a04,126,1,1,0.6719875450492414
a04,127,1,1,0.5913531195950178
a04,128,1,1,0.7218903597559482
a04,129,1,1,0.7782504330714324
a04,130,1,1,0.7004036515049848
a04,131,1,1,0.5937327963324088
a04,132,1,1,0.6061967683242977
a04,133,1,1,0.6768504709993983
a04,134,1,1,0.725135836732333
a04,135,1,1,0.671249888371695
a04,136,1,1,0.6487562437135955
a04,137,1,1,0.6529992298236199
a04,138,1,1,0.6900453555012875
a04,139,1,1,0.6591058007248449
a04,140,1,1,0.7116874546500352
a04,141,1,1,0.697676231870268
a04,142,1,1,0.6915512788883512
a04,143,1,1,0.6538369180794135
a04,144,1,1,0.5226350991953679
a04,145,1,1,0.7356051697039951
a04,146,1,1,0.6926683625191472
a04,147,1,1,0.7002199762340722
a04,148,1,1,0.646231419587488
a04,149,1,1,0.5914107163250253
a04,150,1,1,0.8608247655364399
a04,151,1,1,0.8431621037949899
a04,152,1,1,0.5177886846637856
a04,153,1,1,0.8232319807491577
a04,154,1,1,0.806285323137082
a04,155,1,1,0.8318364819874651
a04,156,1,1,0.6916927131252184
a04,157,1,1,0.7737940286365976
a04,158,1,1,0.5204916887186223
a04,159,1,1,0.7280366964011308
a04,160,1,1,0.7382732967971647
a04,161,1,1,0.678928021055352
a04,162,1,1,0.6960642069588773
a04,163,1,0,0.4728891928033928
a04,164,1,1,0.5144888920841291
a04,165,1,1,0.6687807643851064
a04,166,1,1,0.6653753096093992
a04,167,1,1,0.6925804686175591
a04,168,1,1,0.6022442053402145
a04,169,1,1,0.7239226318814006
a04,170,1,1,0.7526905816646178
a04,171,1,1,0.6146872498391414
a04,172,1,1,0.693301748662808
a04,173,1,1,0.6761932710662558
a04,174,1,1,0.6900684355464376
a04,175,0,1,0.6991536198709482
a04,176,0,1,0.5717864074078463
a04,177,1,1,0.6987607704693848
a04,178,1,1,0.6168545079453659
a04,179,1,1,0.6129147662394805
a04,180,1,1,0.5923083273209151
a04,181,1,1,0.5890530204786348
a04,182,1,1,0.727427505347534
a04,183,1,1,0.6253188566567731
a04,184,1,1,0.6761201486631744
a04,185,1,1,0.6632723829481154
a04,186,1,1,0.6941294557506653
a04,187,1,1,0.5630957146585462
a04,188,1,1,0.6977248323258951
a04,189,1,1,0.5843125271122076
a04,190,1,1,0.6189076528605642
a04,191,1,1,0.6669523177285172
a04,192,1,1,0.7266765264171233
a04,193,1,1,0.6887399567542655
a04,194,1,1,0.6857128081014277
a04,195,1,1,0.638552870293152
a04,196,1,1,0.7344871221440644
a04,197,1,1,0.619883781648783
a04,198,1,1,0.7251004259702375
a04,199,1,1,0.692753517115313
a04,200,1,1,0.6232210889026589
a04,201,1,0,0.37291262754936993
a04,202,1,1,0.6184115216045625
a04,203,1,1,0.7039811947876031
a04,204,1,1,0.8939934488918684
a04,205,1,1,0.6130024492081573
a04,206,1,1,0.6785452012377133
a04,207,1,1,0.691920230465847
a04,208,1,1,0.7607929316682529
a04,209,1,1,0.6848166313549275
a04,210,1,1,0.7771583000856487
a04,211,1,1,0.6734451444445759
a04,212,1,1,0.8020314406435992
a04,213,1,1,0.6839560285347989
a04,214,1,1,0.6746254249220485
a04,215,1,1,0.7386057204643263
a04,216,1,1,0.7334327298767446
a04,217,1,0,0.36179476368554797
a04,218,1,1,0.6200073344902064
a04,219,1,0,0.3774559168047859
a04,220,1,1,0.5213846932436768
a04,221,1,0,0.336751048273522
a04,222,1,0,0.2695035146882107
a04,223,1,1,0.6602981245294359
a04,224,1,0,0.35756051128776956
a04,225,1,1,0.6759552385134794
a04,226,1,1,0.7451766353807688
a04,227,1,1,0.7042427215931535
a04,228,1,1,0.7650588463340509
a04,229,1,0,0.4728128366144213
a04,230,1,1,0.752903200184718
a04,231,1,1,0.7168481921811617
a04,232,1,1,0.6301679060759308
a04,233,1,1,0.7550420223826213
a04,234,1,1,0.7405836918743829
a04,235,1,0,0.43096688429007135
a04,236,1,1,0.750873982111454
a04,237,1,1,0.6739614855711554
a04,238,1,1,0.7688714784128079
a04,239,1,1,0.7872985607219621
a04,240,1,1,0.7258737964466525
a04,241,1,1,0.7005971069020275
a04,242,1,0,0.3368531271611439
a04,243,1,1,0.6699319541969618
a04,244,1,1,0.7715168435881941
a04,245,1,1,0.664345164214635
a04,246,1,1,0.7437874162180232
a04,247,1,1,0.6797403448318943
a04,248,1,1,0.7583719052208626
a04,249,1,1,0.6758331876665788
a04,250,1,1,0.679231073108412
a04,251,1,1,0.6074763921458912
a04,252,1,1,0.702698502436953
a04,253,1,1,0.7370051411847192
a04,254,1,1,0.7243615000823287
a04,255,1,1,0.7608771949953603
a04,256,1,1,0.7416242171190254
a04,257,1,0,0.4234447061328673
a04,258,1,1,0.521674642548166
a04,259,1,1,0.7693831393268251
a04,260,1,1,0.5516146027331572
a04,261,1,1,0.926243565810661
a04,262,1,1,0.5076160848688089
a04,263,1,1,0.8118935816645233
a04,264,1,1,0.789707608378373
a04,265,1,1,0.8173366374690487
a04,266,1,1,0.8684394397932033
a04,267,1,1,0.8552763125904569
a04,268,1,1,0.8296932059768446
a04,269,1,1,0.8778547110418472
a04,270,1,1,0.7469746188567639
a04,271,1,1,0.8430743831824284
a04,272,1,1,0.8287410869232668
a04,273,1,1,0.8482548473595984
a04,274,1,1,0.837455404212057
a04,275,1,1,0.860859348207407
a04,276,1,1,0.5064375185848304
a04,277,1,1,0.6229453656653179
a04,278,1,1,0.7343846295507662
a04,279,1,1,0.680855679894823
a04,280,1,1,0.7112516677277182
a04,281,1,1,0.7081273851910479
a04,282,1,1,0.7595235540991818
a04,283,1,1,0.7128699230199131
a04,284,1,1,0.6461518977909259
a04,285,1,1,0.7347262121295335
a04,286,1,1,0.6749252252396697
a04,287,1,1,0.7351668175840298
a04,288,1,1,0.6313144813039335
a04,289,1,1,0.813541423575066
a04,290,1,1,0.8539517507368224
a04,291,1,1,0.7796506874045649
a04,292,1,1,0.7006298881142473
a04,293,1,1,0.824624405041398
a04,294,1,1,0.7990878055453189
a04,295,1,1,0.7559573324704698
a04,296,1,1,0.8068402053500197
a04,297,1,1,0.8394038052880081
a04,298,1,1,0.7108613095504436
a04,299,1,1,0.5706753314590786
a04,300,1,1,0.7996827422611799
a04,301,1,1,0.8568631035164406
a04,302,1,1,0.5581669277552639
a04,303,1,1,0.6360258177660068
a04,304,1,1,0.6621151948190167
a04,305,1,1,0.8152999194605702
a04,306,1,0,0.49690309724737397
a04,307,1,0,0.3744081258059013
a04,308,1,1,0.6470713261532902
a04,309,1,1,0.6330868896923053
a04,310,1,1,0.6039757687305384
a04,311,1,1,0.738503408184543
a04,312,1,1,0.6626029066443931
a04,313,1,1,0.6819205280205284
a04,314,1,1,0.7657719051613008
a04,315,1,1,0.7708218363991335
a04,316,1,1,0.7379006749300165
a04,317,1,1,0.5354421754471107
a04,318,1,1,0.685095636357922
a04,319,1,1,0.7469385099171496
a04,320,1,1,0.5949094674266585
a04,322,1,1,0.6537073025621645
a04,323,1,1,0.6734612361024529
a04,324,1,1,0.6782414588907413
a04,325,1,0,0.461132029066536
a04,326,1,1,0.8114619397538687
a04,327,1,0,0.4830482016137006
a04,328,1,1,0.8194914952914403
a04,329,1,1,0.6036269912232161
a04,330,1,1,0.7197238296679436
a04,331,1,1,0.7275043756917338
a04,332,1,1,0.5267187303959531
a04,333,1,1,0.6725450310789776
a04,334,1,1,0.6246509166622563
a04,335,1,1,0.5223950761189547
a04,336,1,1,0.6610654499688746
a04,337,1,1,0.6874623199992492
a04,338,1,1,0.5957956676610179
a04,339,1,1,0.6626068368295768
a04,340,1,1,0.7039853631016593
a04,341,1,1,0.6539509464436063
a04,342,1,1,0.5041682004411328
a04,343,1,1,0.7044071186047676
a04,344,1,1,0.5821690796043502
a04,345,1,1,0.5545813062660457
a04,346,1,1,0.591524867394856
a04,347,1,1,0.6723891229548384
a04,348,1,1,0.6330069489489926
a04,349,1,1,0.683066145497276
a04,350,1,1,0.6406804562508621
a04,351,1,1,0.7774193024893247
a04,352,1,1,0.7272618069148964
a04,353,1,1,0.7721098280367964
a04,354,1,1,0.6753736319186714
a04,355,1,1,0.7254977280801346
a04,356,1,1,0.7375020481369348
a04,357,1,1,0.6828717627996632
a04,358,1,1,0.7327969433582792
a04,359,1,1,0.7164635866686702
a04,360,1,1,0.6935578208863091
a04,361,1,1,0.6928029949437512
a04,362,1,1,0.6947231207640155
a04,363,1,1,0.7125943112124654
a04,364,1,1,0.7226502851055754
a04,365,1,1,0.7130727127686575
a04,366,1,1,0.6116037822116399
a04,367,1,1,0.7026784342559617
a04,368,1,1,0.5195031233845869
a04,369,1,1,0.6476925577068262
a04,370,1,1,0.7246691204828881
a04,371,1,1,0.6786675753617688
a04,372,1,1,0.7006751653596862
a04,373,1,1,0.6225409132287568
a04,374,1,1,0.6752283279640804
a04,375,1,1,0.7516992623430377
a04,376,1,1,0.7126645857978927
a04,377,1,1,0.6671418332771005
a04,378,1,1,0.6004757861767577
a04,379,1,1,0.6805916844076904
a04,380,1,0,0.4554499832583954
a04,381,1,1,0.7434503406942107
a04,382,1,1,0.7267210583005275
a04,383,1,1,0.81490928344031
a04,384,1,1,0.6199455959354364
a04,385,1,1,0.7153236643602834
a04,386,1,1,0.7244887392968896
a04,387,1,1,0.6605015419739783
a04,388,1,1,0.6948795595783763
a04,389,1,1,0.8024818713470396
a04,390,1,1,0.7773387146193131
a04,391,1,1,0.6939950831814747
a04,392,1,1,0.798900512672938
a04,393,1,1,0.6882861953112108
a04,394,1,1,0.8283103368002881
a04,395,1,1,0.8460995930693299
a04,396,1,1,0.7069137525207354
a04,397,1,1,0.7271477708650441
a04,398,1,1,0.6390255708678838
a04,399,1,1,0.7411950177388518
a04,400,1,1,0.7097824396698368
a04,401,1,1,0.8464701319493904
a04,402,1,1,0.6324242058386059
a04,403,1,1,0.7548671240590048
a04,404,1,1,0.671834054610811
a04,405,1,1,0.787309806832124
a04,406,1,1,0.8674486926089201
a04,407,1,1,0.6636102200725735
a04,408,1,1,0.7091103192262985
a04,409,1,1,0.6537333409149548
a04,410,1,1,0.5980107853445062
a04,411,1,1,0.5803088814298635
a04,412,1,1,0.6429504901881962
a04,413,1,1,0.7262160368572436
a04,414,1,1,0.6490459337332323
a04,415,1,1,0.693157195833169
a04,416,1,1,0.7685188755631804
a04,417,1,1,0.5412087915961898
a04,418,1,1,0.7260357523770679
a04,419,1,1,0.6809796075620392
a04,420,1,1,0.6471108715826456
a04,421,1,1,0.6838885653081123
a04,422,1,0,0.4273164517408625
a04,423,1,1,0.650408203159243
a04,424,1,1,0.6406941092545253
a04,425,1,0,0.4936373395040905
a04,426,1,1,0.8180378672845678
a04,427,1,1,0.6359263887400316
a04,428,1,1,0.703259613269893
a04,429,1,1,0.665755674460982
a04,430,1,1,0.6010780548934047
a04,431,1,1,0.6366862361668416
a04,432,1,1,0.8720294963365234
a04,433,1,1,0.7666491029601689
a04,434,1,1,0.7530633075921022
a04,435,1,1,0.6968261433078392
a04,436,1,1,0.6938034228517017
a04,437,1,1,0.6814323015667679
a04,438,1,1,0.6467565884719371
a04,439,1,0,0.3510244652478435
a04,440,1,1,0.6972285293130401
a04,441,1,0,0.28520148859413685
a04,442,1,1,0.8038072362785076
a04,443,1,1,0.6583599322510411
a04,444,1,1,0.7858369038688338
a04,445,1,1,0.7280504744583993
a04,446,1,1,0.5232721450859118
a04,447,1,1,0.7170665455784613
a04,448,1,0,0.4037483118006255
a04,449,1,1,0.7967852658969758
a04,450,1,1,0.6730329132245366
a04,451,1,1,0.5026853681959559
a04,452,1,1,0.5178920603541015
a04,453,1,1,0.6034855933224078
a04,454,1,1,0.7039718756741099
a04,455,1,1,0.6376494022220222
a04,456,1,1,0.9447288275310185
a04,457,1,1,0.7048965014867219
a04,458,1,1,0.6586430558003565
a04,459,1,1,0.8583523713102459
a04,460,1,1,0.7053123802753948
a04,461,1,1,0.6219601770165464
a04,462,0,1,0.7944526243128406
a04,463,0,1,0.7002164632906817
a04,464,1,1,0.6231402092585224
a04,465,1,1,0.5520864344188252
a04,466,1,1,0.8027334477520509
a04,467,1,1,0.5479992963602085
a04,468,1,1,0.6331050617158108
a04,469,1,1,0.7558392195742403
a04,470,1,1,0.6490680425140869
a04,471,1,1,0.692446660471532
a04,472,1,1,0.7204909260232784
a04,473,1,1,0.6157330600729931
a04,474,1,1,0.6257856989670318
a04,475,1,1,0.707548727764741
a04,476,1,1,0.6086803465757049
a04,477,1,1,0.834384680179525
a04,478,1,1,0.6587798141405244
a04,479,1,1,0.6241682340745932
a04,480,1,1,0.7493589313204281
a04,481,1,1,0.7198294122320199
a04,482,1,1,0.8256682783056595
a04,483,1,1,0.6880794521483682
a04,484,1,0,0.482503363780927
a04,485,1,1,0.7847052693669627
a04,486,1,1,0.8148869634642049
a04,487,1,1,0.7443572580234701
a04,488,1,1,0.6214154695586798
a04,489,1,1,0.6357472306755426
a04,490,1,1,0.7053963847837432
a04,491,1,1,0.8711613692826171
a05,1,0,1,0.5635447884066702
a05,2,0,1,0.532954382159568
a05,3,0,1,0.5286931439168361
a05,4,0,0,0.45301985253950056
a05,5,0,1,0.6246534108280054
a05,6,0,1,0.5202238825506958
a05,7,0,0,0.23812057462959232
a05,8,0,0,0.4115507677957446
a05,9,0,0,0.3048789921193242
a05,10,0,0,0.2761301880226361
a05,11,0,1,0.6236042026011221
a05,12,0,1,0.5400990943329782
a05,13,0,1,0.5615975471355146
a05,14,1,1,0.6094204656083428
a05,15,1,1,0.6625445432835823
a05,16,1,1,0.6160370433039746
a05,17,1,1,0.6306533196901956
a05,18,1,1,0.6943963205215719
a05,19,1,1,0.6956688317490556
a05,20,1,1,0.7103048873293082
a05,21,1,0,0.48592798082009
a05,22,1,1,0.511199385129264
a05,23,1,1,0.5622459709981845
a05,24,1,1,0.5963858465432872
a05,25,1,1,0.6174823099949093
a05,26,1,1,0.6047673542832829
a05,27,1,1,0.6323116902325844
a05,28,1,1,0.5790663049081483
a05,29,1,1,0.6211425484237431
a05,30,1,1,0.6630390579202126
a05,31,1,1,0.6451591815273672
a05,32,1,1,0.662582441958594
a05,33,0,0,0.48992915395019276
a05,35,0,1,0.6308048361876384
a05,36,0,0,0.18867524030000085
a05,37,0,1,0.7302167075420412
a05,38,0,0,0.49016706165767354
a05,39,0,0,0.48311983191335534
a05,40,0,1,0.8011451714197663
a05,41,0,0,0.4875339964650784
a05,42,0,0,0.3680471009735751
a05,43,0,0,0.35673810445673737
a05,44,0,0,0.2674718399120712
a05,45,0,0,0.325965726098688
a05,46,0,0,0.2691454401748729
a05,47,0,0,0.2853990933505049
a05,48,0,1,0.653290186061968
a05,49,0,1,0.7503577101316455
a05,50,0,1,0.6199005729629076
a05,51,0,0,0.2530009059555381
a05,52,0,0,0.32813030777189334
a05,53,0,0,0.38095123736532
a05,54,0,0,0.3586716671859044
a05,55,0,1,0.615051289666929
a05,56,0,0,0.3812448673513908
a05,57,0,0,0.42342403031130577
a05,58,0,0,0.4009102811268415
a05,59,0,0,0.4384676051378003
a05,60,0,0,0.2809948798407343
a05,61,0,0,0.2186854704431209
a05,62,0,0,0.3825564414995319
a05,63,0,0,0.46035665410005905
a05,64,0,0,0.2632346953819039
a05,65,0,1,0.6092189203401118
a05,66,0,1,0.5733230755387833
a05,67,1,0,0.2776728325584167
a05,68,1,1,0.5510486762957891
a05,69,1,1,0.6930226664574972
a05,70,0,0,0.4247683597960416
a05,71,0,0,0.3766518394151838
a05,72,0,1,0.5399132916149653
a05,73,0,0,0.49901450045903506
a05,74,0,1,0.6792437707433552
a05,75,0,0,0.3669067821082295
a05,76,0,0,0.30490945669903147
a05,77,0,0,0.458815095719017
a05,78,0,0,0.3120621335499299
a05,79,0,0,0.35521703359410184
a05,80,0,0,0.35095856856170704
a05,81,0,1,0.7730175992164889
a05,82,0,0,0.3677102098161606
a05,83,0,1,0.665903390842048
a05,84,0,0,0.32760515050062267
a05,85,0,1,0.5665419155684497
a05,86,0,1,0.6909815111636629
a05,87,0,1,0.6304418421938829
a05,88,0,1,0.6033190211684559
a05,89,0,0,0.2970832333554582
a05,90,0,1,0.5909987717268795
a05,91,0,0,0.4026764144011995
a05,92,0,0,0.36390086838805596
a05,93,1,1,0.5502490847698047
a05,94,1,1,0.5280231342138724
a05,95,1,1,0.6091513157387038
a05,96,1,1,0.5664247313112248
a05,97,1,0,0.4716432850390212
a05,98,1,0,0.484050637967421
a05,99,1,0,0.4309367733920527
a05,100,1,0,0.46411216818440615
a05,101,1,1,0.5348143340701924
a05,102,1,1,0.6422376933097905
a05,103,1,1,0.568558310498648
a05,104,1,1,0.6438794787477325
a05,105,1,1,0.6311489411966781
a05,106,1,1,0.5755992716704311
a05,107,1,1,0.8665384880080075
a05,108,1,1,0.6291429982154767
a05,109,1,0,0.3465782398528814
a05,110,1,1,0.6760313292307772
a05,111,1,1,0.5096188764616489
a05,112,1,1,0.6255317215482459
a05,113,1,1,0.6582850395832615
a05,114,1,1,0.7159123248926251
a05,115,1,1,0.6349440357980833
a05,116,1,0,0.42514504900228545
a05,117,1,0,0.36119831616803444
a05,118,1,1,0.5754667841125983
a05,119,1,1,0.6824897097287812
a05,120,1,1,0.7264240371394656
a05,121,1,1,0.7820297571171679
a05,122,1,1,0.6078476441724842
a05,123,1,1,0.6447975677780584
a05,124,1,1,0.5878403656592559
a05,125,1,1,0.6718822655280499
a05,126,1,1,0.5743489614906712
a05,127,1,1,0.6938940671998811
a05,128,1,1,0.5379669357640824
a05,129,1,1,0.8387231450664989
a05,130,1,1,0.5879257408533489
a05,131,1,1,0.5518246219735384
a05,132,1,1,0.556358081835701
a05,133,1,1,0.6778523944161758
a05,134,1,1,0.6531914580618216
a05,135,1,1,0.6994673021783987
a05,136,1,1,0.5785130584111619
a05,137,1,1,0.5642166171968576
a05,138,1,1,0.6720112540681606
a05,140,1,1,0.6726159609446006
a05,141,1,0,0.4255854187158981
a05,142,1,1,0.5265396147045782
a05,143,1,0,0.3340779762095876
a05,144,1,1,0.6647792334797944
a05,145,1,1,0.5440093441003481
a05,146,1,1,0.6670156143107716
a05,147,1,0,0.34021272250711526
a05,148,1,0,0.3892437032223124
a05,149,1,1,0.8246036435951614
a05,150,0,1,0.8916182268156985
a05,151,0,0,0.49361229335481976
a05,152,0,1,0.6077307508639851
a05,153,0,0,0.384443402609716
a05,154,0,0,0.29745093861494626
a05,156,0,0,0.4052862981015286
a05,157,0,0,0.3625967850755769
a05,158,0,1,0.5404172497296573
a05,159,1,1,0.5411606888835153
a05,160,1,0,0.3411143896705715
a05,161,1,0,0.27012643715845824
a05,162,1,1,0.5448559519259136
a05,164,1,1,0.6456944570193447
a05,166,1,1,0.5142875685461452
a05,167,1,1,0.5886822801053052
a05,168,1,1,0.5851921987501664
a05,169,1,1,0.5336229934933501
a05,170,1,1,0.5771721713773363
a05,171,1,1,0.6495917946939083
a05,172,1,1,0.5595478174908901
a05,173,1,1,0.6194791360586941
a05,174,1,0,0.3883391634044722
a05,175,1,1,0.5075094402282898
a05,176,1,1,0.7300410918871282
a05,177,1,1,0.6424206441734617
a05,178,1,1,0.6661325933461157
a05,179,1,1,0.6518639295210151
a05,180,1,1,0.6720842211265241
a05,181,1,1,0.6198790058091908
a05,182,1,1,0.6438069214794094
a05,183,1,1,0.5893002041471204
a05,184,1,1,0.6220549521855192
a05,185,1,1,0.6258371244245401
a05,186,1,1,0.6734072889825752
a05,187,1,1,0.5818225573670042
a05,188,1,1,0.5459488053709012
a05,189,1,1,0.5684255861418988
a05,190,1,1,0.7163693221165761
a05,191,1,1,0.6359206430975327
a05,192,1,1,0.6482941887369099
a05,193,1,1,0.6811914238550888
a05,194,1,1,0.6276001314092434
a05,195,1,1,0.601311385184777
a05,196,1,1,0.695950804465462
a05,197,1,1,0.592758274164945
a05,198,1,0,0.44705786123239694
a05,199,1,1,0.5192567767704228
a05,200,1,1,0.6566338164658319
a05,201,1,1,0.6189156169395762
a05,202,1,1,0.6592927141664098
a05,203,1,1,0.6447935460744323
a05,204,1,1,0.590582367027761
a05,205,1,1,0.6234146466134439
a05,206,1,1,0.609537591234859
a05,207,1,1,0.6095989890572349
a05,208,1,1,0.554714919299248
a05,209,1,1,0.6448640160312384
a05,210,1,1,0.5618792591361369
a05,211,1,1,0.6002563306120573
a05,213,1,1,0.5809849099539689
a05,214,1,1,0.8278068210231859
a05,215,0,1,0.5611426259209851
a05,216,0,1,0.6907767600188783
a05,217,0,1,0.8231487535048946
a05,218,0,1,0.6595779880538586
a05,219,0,0,0.43927606105225786
a05,220,0,1,0.5813236163325628
a05,221,0,0,0.3808041627268284
a05,222,0,0,0.34317236601680223
a05,223,0,1,0.8448405894191701
a05,225,0,0,0.2995679393885801
a05,226,0,0,0.32544411006596274
a05,227,0,0,0.1746998002948764
a05,228,0,0,0.3211229020355024
a05,229,0,1,0.7242573370048647
a05,230,0,0,0.28320476896526114
a05,232,0,0,0.3118143496712166
a05,233,0,0,0.3228972561200335
a05,234,0,0,0.48742370555929176
a05,235,0,0,0.25057777325131486
a05,236,0,1,0.8264755406638459
a05,237,0,1,0.8079336203943432
a05,238,1,0,0.4835854821676388
a05,239,0,0,0.4391907214061688
a05,240,0,1,0.900180836864878
a05,241,0,0,0.4224196927537646
a05,242,0,0,0.3238355404442299
a05,243,0,1,0.5901875371479939
a05,245,0,0,0.3553105362584425
a05,246,0,0,0.40296891032649
a05,247,0,1,0.5694333547331549
a05,249,1,0,0.3277651016870193
a05,250,1,1,0.6095394001860479
a05,251,1,0,0.38349118885481637
a05,252,1,1,0.6050437738182382
a05,253,1,0,0.3618162045978144
a05,254,1,1,0.6780535384231123
a05,255,1,1,0.6272972777831269
a05,256,1,1,0.578169539018211
a05,257,1,1,0.6774273259340653
a05,258,1,1,0.5321218017422602
a05,259,1,1,0.5162622925167704
a05,260,1,1,0.6676690072176346
a05,261,1,1,0.6102493509241124
a05,262,1,1,0.6546472660836816
a05,263,1,1,0.605584888464715
a05,264,1,0,0.44428672742356773
a05,265,1,0,0.30674106886108893
a05,266,1,1,0.5519327843666779
a05,267,1,1,0.6878316804501096
a05,268,1,1,0.5374549165377341
a05,269,1,0,0.4895696053840875
a05,271,0,0,0.346102734570754
a05,272,0,1,0.8329669958120149
a05,274,1,1,0.5236384420706273
a05,275,1,1,0.5191559850922194
a05,276,1,0,0.4139312389434389
a05,277,1,0,0.3294205647249612
a05,278,1,1,0.611810836721513
a05,279,1,1,0.7073901697963079
a05,280,1,1,0.7097800717815148
a05,281,1,1,0.601611871313229
a05,282,1,1,0.7404769798834532
a05,283,1,1,0.7229552104644571
a05,284,1,0,0.46051722448201116
a05,285,1,1,0.6106877459817279
a05,286,1,1,0.6368326653458924
a05,287,1,1,0.6711455268808489
a05,288,1,1,0.6127169180947382
a05,289,1,1,0.6040642514957095
a05,290,1,1,0.5883646100119962
a05,291,1,1,0.6052522189596763
a05,292,1,1,0.6957752872086239
a05,293,1,1,0.9416757380506868
a05,294,0,0,0.39440463796235425
a05,295,0,1,0.69506960306679
a05,296,1,1,0.5577498710494253
a05,297,1,1,0.8035340052845028
a05,298,1,1,0.8107401529280791
a05,299,1,1,0.6812450962331036
a05,300,1,1,0.7330212613808516
a05,301,1,1,0.7168998595965839
a05,302,1,1,0.7828254776809286
a05,303,1,1,0.5430492060682307
a05,304,1,1,0.6462624803001256
a05,305,1,1,0.7704664054913661
a05,306,1,1,0.8339034954402599
a05,307,1,1,0.823334866224975
a05,308,1,1,0.8059352925766398
a05,309,1,1,0.8133035840481206
a05,310,1,1,0.8135832563746104
a05,311,1,0,0.4543670473711725
a05,312,1,1,0.7452899331335163
a05,313,1,1,0.7769558818898605
a05,314,1,1,0.7914223392523322
a05,315,1,1,0.7052569173613124
a05,316,1,1,0.7787922449406564
a05,317,1,1,0.6159836885983568
a05,318,1,1,0.8176248936970472
a05,319,1,1,0.6188120648087404
a05,320,1,1,0.7395970157130766
a05,321,1,1,0.7910163823245365
a05,322,1,1,0.7834443500074836
a05,323,1,1,0.6573719746205762
a05,324,1,1,0.8865054924987754
a05,325,1,1,0.6187599866202618
a05,326,1,1,0.8265978357691316
a05,327,1,1,0.5687858564354533
a05,328,1,1,0.9235497867505852
a05,329,1,1,0.9383914475415441
a05,330,1,1,0.6872237274188113
a05,331,1,1,0.5198116919277512
a05,332,1,1,0.7279550681119924
a05,333,1,1,0.7483684517852969
a05,334,1,1,0.8325784036538318
a05,335,1,1,0.8315740367974344
a05,336,1,0,0.4629550494473312
a05,337,1,1,0.7555939384989123
a05,338,0,1,0.7023856966761722
a05,339,1,1,0.501607995488378
a05,340,0,0,0.4789130625226966
a05,341,1,1,0.822374199449134
a05,342,1,1,0.7474854137147564
a05,343,1,0,0.49142868759348585
a05,344,1,1,0.6240167261195284
a05,345,1,1,0.6829906976483212
a05,346,1,1,0.8296017206186496
a05,347,1,1,0.5950300851574195
a05,348,1,1,0.6009502914522898
a05,349,0,1,0.5032227726368227
a05,350,0,1,0.597360696771649
a05,351,0,1,0.7996733937204562
a05,352,0,1,0.8770296704235164
a05,353,1,1,0.8942466843166484
a05,354,0,0,0.31715351866986463
a05,355,0,0,0.3527121615668198
a05,356,0,0,0.37632288166304767
a05,357,0,1,0.5909632403934737
a05,358,0,0,0.4427855612505858
a05,359,0,1,0.5992952740814977
a05,360,0,1,0.5062175437301976
a05,361,0,1,0.7449136155600177
a05,362,1,0,0.3309104656114722
a05,363,0,1,0.8886558961817862
a05,364,0,1,0.9480657321583301
a05,365,1,1,0.6185305994591122
a05,366,1,0,0.3965291397357937
a05,368,0,0,0.3600180995673894
a05,369,0,1,0.5623990764401985
a05,370,0,0,0.3811696673550537
a05,371,0,0,0.2691719850510539
a05,372,0,1,0.5323738894063836
a05,374,0,0,0.3825488706404464
a05,375,0,0,0.4200170547711441
a05,376,0,0,0.46731850674406394
a05,377,0,0,0.4503725659283472
a05,378,0,0,0.35680702930125346
a05,379,0,0,0.3739118848163169
a05,380,0,0,0.3572080072108706
a05,381,0,0,0.31522217475856856
a05,382,0,0,0.3426134441328795
a05,383,0,0,0.4977101013175934
a05,384,0,0,0.35706120295649263
a05,386,0,0,0.41222923793996646
a05,387,0,0,0.3412624721729426
a05,388,0,0,0.34081826162702256
a05,389,0,0,0.40630404394095426
a05,390,0,0,0.4721478255638978
a05,391,0,0,0.36391008988084966
a05,392,0,1,0.5346815304931842
a05,393,0,0,0.3329261011394173
a05,394,0,0,0.4178932203006471
a05,395,0,0,0.21189871551020442
a05,396,0,0,0.3258214889343596
a05,398,0,0,0.41280497538837924
a05,399,0,0,0.37563551549642293
a05,400,0,0,0.3379119431743914
a05,401,0,0,0.24605676831250983
a05,402,0,0,0.32271359964593255
a05,403,0,0,0.3716464780653572
a05,404,0,0,0.3431288611526158
a05,405,0,0,0.4869001861536837
a05,406,0,0,0.28867306162965367
a05,409,0,1,0.828004096907854
a05,410,1,1,0.6127442113504693
a05,411,1,0,0.4894885353102074
a05,412,1,1,0.5384156926790584
a05,413,1,0,0.46092014200763237
a05,414,1,1,0.7250728217886976
a05,415,1,1,0.5494044055448217
a05,416,1,1,0.5013436044716202
a05,417,1,0,0.4703978564906407
a05,418,1,1,0.5829153695154726
a05,419,1,0,0.4902896872805493
a05,420,1,1,0.7085371210834316
a05,421,1,1,0.7339162840759618
a05,422,1,1,0.669664450740531
a05,423,1,1,0.6041078889082322
a05,425,1,1,0.6233021311094284
a05,426,1,1,0.5654571202887715
a05,427,1,1,0.627744114238397
a05,428,1,1,0.507990422006206
a05,429,1,1,0.7356372164238746
a05,430,1,1,0.7199493919131448
a05,431,1,1,0.6323374462762343
a05,432,1,1,0.5085665085576574
a05,433,1,1,0.5637617329449098
a05,434,1,1,0.673399688262695
a05,435,1,0,0.49628714498078597
a05,436,1,1,0.7626761721686779
a05,437,1,1,0.6305530564028423
a05,438,1,1,0.5665872465149333
a05,439,1,1,0.6053204640430412
a05,440,1,1,0.5826594103662046
a05,441,1,1,0.7051899134810494
a05,442,1,1,0.7829827135200107
a05,443,1,1,0.8397465631880393
a05,444,1,1,0.9130795154991734
a05,445,0,1,0.6723795685091759
a05,446,1,0,0.3137569997298459
a05,447,1,1,0.6182338613483909
a05,448,1,1,0.8857035155911869
a05,449,1,1,0.5894784603972452
a05,450,1,0,0.4627817809450874
a05,451,1,1,0.6527520443068173
a05,452,1,1,0.9273419017772502
a05,453,0,0,0.35547283035812116
a06,1,0,0,0.4478899424368649
a06,2,0,0,0.4275824411397349
a06,3,0,1,0.8249361065984656
a06,4,0,1,0.6266986836185003
a06,5,0,1,0.7118355637691749
a06,6,0,1,0.6208858706000666
a06,7,0,0,0.3229943423157424
a06,8,0,1,0.5311370267401353
a06,9,0,0,0.3126203653366282
a06,10,0,0,0.19460772589241004
a06,11,0,0,0.18203416268704006
a06,12,0,0,0.2315768534315463
a06,13,0,0,0.27978212688595455
a06,14,0,0,0.2947024791093888
a06,15,0,1,0.8682477130244868
a06,16,0,0,0.2716080221949704
a06,17,0,0,0.39039430668277614
a06,18,0,0,0.20116733877328902
a06,19,0,0,0.1627863580065181
a06,20,0,0,0.24820220483060249
a06,21,0,0,0.21097830052045832
a06,22,0,0,0.30339240831836417
a06,23,0,0,0.3428383406330277
a06,26,0,0,0.2107763461158464
a06,27,0,0,0.1903267374062653
a06,30,0,0,0.2732650954857993
a06,31,0,0,0.3823122186583921
a06,32,0,0,0.3129873751423103
a06,33,0,0,0.195615760018402
a06,34,0,0,0.2853660997110423
a06,35,0,0,0.22801068112353254
a06,36,0,0,0.33656774721531535
a06,37,0,0,0.20107520595516057
a06,38,0,0,0.34543344120872993
a06,39,0,0,0.12386907525885725
a06,43,0,0,0.29718608081443887
a06,44,0,0,0.23715286654670834
a06,45,0,0,0.14763191100600406
a06,46,0,0,0.12172605653651113
a06,47,0,0,0.1014153343126094
a06,48,0,0,0.27683086829009607
a06,49,0,0,0.32842133757171377
a06,50,0,0,0.14223347167348077
a06,51,0,0,0.19296881490429485
a06,52,0,0,0.29875051211737724
a06,53,0,0,0.250818601138815
a06,55,0,0,0.2302993560237586
a06,56,0,0,0.26295763855739984
a06,57,0,0,0.2864825726280493
a06,58,0,1,0.5362086791435037
a06,60,0,0,0.37770796274206314
a06,61,0,0,0.33964242807973055
a06,62,0,0,0.41179627732562624
a06,63,1,1,0.5478450753030373
a06,64,1,0,0.43041562209023415
a06,65,1,0,0.21261587432524306
a06,66,1,0,0.30600451326750405
a06,67,1,0,0.33735732583874406
a06,68,1,0,0.38445962908405684
a06,69,1,0,0.44524398051263975
a06,70,1,1,0.5525698550174151
a06,71,1,0,0.20342328603498916
a06,72,1,0,0.310863769879744
a06,73,1,0,0.49670726720432434
a06,74,1,1,0.5217949882751894
a06,75,1,1,0.9100684443304865
a06,76,1,1,0.5390234870997145
a06,77,1,0,0.31382887497806383
a06,78,1,0,0.3641255258489083
a06,79,1,0,0.3263740184321201
a06,82,1,0,0.24225424193377315
a06,83,1,0,0.409577220736039
a06,84,1,0,0.3293589384149751
a06,85,1,0,0.39162743519097337
a06,86,1,0,0.20241928857903305
a06,87,1,0,0.28244437299746333
a06,88,1,0,0.23964709890537136
a06,89,0,0,0.2867463622818174
a06,90,0,0,0.363175947232012
a06,91,0,0,0.23310870638789816
a06,92,0,0,0.270287996238358
a06,93,0,0,0.34360600776149647
a06,95,0,1,0.5844883959874959
a06,97,0,0,0.19595304515637998
a06,98,0,0,0.34200206306946807
a06,99,0,0,0.192265312530887
a06,100,0,0,0.17055376380559828
a06,103,0,0,0.29111531480552794
a06,104,0,0,0.31186489840532183
a06,105,0,0,0.47298335737025937
a06,106,0,1,0.5868533692622756
a06,107,0,0,0.3236376977051741
a06,108,0,0,0.26593174901420435
a06,110,0,0,0.17018038476024103
a06,111,0,0,0.19408612896021948
a06,112,0,0,0.26117481544307564
a06,113,0,0,0.20735970699323938
a06,114,0,0,0.27814568084977986
a06,115,0,0,0.23434424247518765
a06,116,0,0,0.18557317140752258
a06,117,0,0,0.28523762134676545
a06,118,0,0,0.405492732148475
a06,119,0,0,0.24207825335504798
a06,121,0,0,0.25288315036031983
a06,122,0,0,0.3043795614695851
a06,123,0,0,0.20115714172984206
a06,124,0,0,0.2931633133815061
a06,126,0,0,0.1988370874506221
a06,127,0,0,0.2747482403815786
a06,128,0,0,0.27391481559009606
a06,129,0,1,0.7348371731263216
a06,130,0,0,0.2268738895769593
a06,132,0,0,0.18091416611031313
a06,133,0,0,0.2765713296709018
a06,134,0,0,0.1614428678988459
a06,135,0,0,0.22780662148501904
a06,137,0,0,0.2470383085659475
a06,139,0,0,0.25363703980898655
a06,140,0,0,0.24509670021219995
a06,141,0,0,0.21614775030204988
a06,143,0,0,0.2507942514646679
a06,144,0,1,0.8623730233243154
a06,145,1,0,0.2796386526438293
a06,146,1,0,0.29344111145928753
a06,147,1,0,0.4544735177093794
a06,148,1,0,0.4031350103988016
a06,149,1,0,0.41472595388727895
a06,150,1,1,0.7257968387597927
a06,151,1,1,0.7182114498856259
a06,152,1,0,0.3888616556165024
a06,153,1,0,0.45126259367955474
a06,154,1,0,0.45139503808351056
a06,156,1,0,0.3831412031174801
a06,157,1,1,0.8937026143463608
a06,158,1,0,0.26284664781316264
a06,159,1,0,0.2627739800801575
a06,160,1,0,0.28099807500215096
a06,161,1,0,0.30927858243994116
a06,162,1,0,0.2421744748909394
a06,163,1,0,0.3666126385501497
a06,164,1,0,0.3858767105591941
a06,165,1,0,0.39765276126984667
a06,166,1,0,0.4032514321051234
a06,167,1,0,0.20840428445259096
a06,168,1,0,0.3203095088336226
a06,169,1,0,0.3260052823845226
a06,170,1,0,0.47104216496228657
a06,171,1,1,0.5133181181886216
a06,172,1,1,0.6107468258275662
a06,173,1,1,0.5264858681128305
a06,174,1,1,0.556944780985923
a06,175,1,0,0.4711985890832765
a06,176,1,1,0.670111136557895
a06,177,1,0,0.48740981130512956
a06,178,1,1,0.7396482110469828
a06,180,0,0,0.4562055198776485
a06,181,0,0,0.43870926777600733
a06,182,0,0,0.44043737932551086
a06,183,0,1,0.7289774258789357
a06,184,0,0,0.4398674257586857
a06,185,0,0,0.23985740344791573
a06,186,0,0,0.26775759883686945
a06,188,0,0,0.43305844973372576
a06,190,0,0,0.25552720546077706
a06,191,1,0,0.2939031004309223
a06,192,1,0,0.4546048591323266
a06,193,1,0,0.18019987682134522
a06,194,1,0,0.29531326382712186
a06,195,1,0,0.33086410290475154
a06,196,1,1,0.5079873882254506
a06,197,1,1,0.5045732141432786
a06,198,1,0,0.32182902603950636
a06,199,1,0,0.19797026142025698
a06,200,1,1,0.5296089410250759
a06,201,1,1,0.5036065042934925
a06,202,1,0,0.3670926855408925
a06,203,1,1,0.60724586792728
a06,204,1,0,0.1347004040655112
a06,205,1,0,0.23487827362702837
a06,206,1,0,0.26838857743078676
a06,207,1,0,0.31437436729081697
a06,208,1,0,0.4684910349990211
a06,209,1,0,0.32185482090351036
a06,211,1,0,0.35318259978471495
a06,212,1,1,0.5299323204253015
a06,213,1,1,0.5159007968301834
a06,214,1,1,0.5005824420413133
a06,215,1,0,0.3276697345401994
a06,217,1,0,0.36329562212496314
a06,218,1,0,0.34611229027527096
a06,219,1,0,0.47643722185917214
a06,220,1,0,0.2984821026894398
a06,221,1,0,0.2659346404484451
a06,222,1,0,0.17520485902844618
a06,223,1,0,0.22922577340460792
a06,225,0,0,0.3014261655089741
a06,226,0,0,0.22091337375834996
a06,227,0,0,0.23677249356106359
a06,228,0,0,0.2590583670514983
a06,229,0,0,0.2406377587355765
a06,230,0,0,0.3196163500657042
a06,231,0,0,0.352307340730023
a06,232,0,0,0.17103788487369925
a06,234,0,0,0.3873316629391977
a06,235,0,0,0.2691037859676279
a06,236,0,1,0.5805666405047869
a06,237,0,0,0.3002279454656687
a06,238,0,0,0.25888903983436107
a06,239,0,0,0.22123249893859068
a06,240,0,0,0.36512166909299737
a06,242,0,0,0.2944043835630176
a06,243,0,0,0.3421261200483499
a06,244,0,0,0.3684933475513461
a06,245,0,0,0.2717429400214359
a06,246,0,0,0.17779257498504128
a06,247,0,0,0.3039351933623474
a06,248,0,0,0.356861111413353
a06,251,0,0,0.3987937941906257
a06,252,0,0,0.023822056277074215
a06,253,0,0,0.17130871209614587
a06,254,0,0,0.18858965609867498
a06,256,0,0,0.22397405314601274
a06,257,0,0,0.18035319188904542
a06,259,0,1,0.8587480790417553
a06,260,1,1,0.8101010580605612
a06,261,1,0,0.2699925558072143
a06,262,1,0,0.43627274908672403
a06,263,1,0,0.4067778919756822
a06,264,1,0,0.47596941151888045
a06,265,1,0,0.4010105015382829
a06,266,1,1,0.6049126975481212
a06,269,0,0,0.4131012667891011
a06,270,0,0,0.28957487242050656
a06,271,0,0,0.23459780344759806
a06,272,0,0,0.21184376304406588
a06,273,0,0,0.21174427577300775
a06,274,0,0,0.28454409467910713
a06,276,0,0,0.18348343739783238
a06,277,0,0,0.30770417976717956
a06,279,0,0,0.3363723684615476
a06,280,0,0,0.21969770118518153
a06,284,0,0,0.33503661920034755
a06,286,0,0,0.06914417841775924
a06,289,0,0,0.4066929402511145
a06,294,0,0,0.2658502500431559
a06,297,0,0,0.3204674784032402
a06,299,0,0,0.29381068673682076
a06,300,0,0,0.2817440905684697
a06,301,0,0,0.23342014297930455
a06,302,0,0,0.2486950738837859
a06,303,0,0,0.32226041952726725
a06,305,0,1,0.9309334748200135
a06,306,1,0,0.30862470105308004
a06,307,1,0,0.31001101616834803
a06,308,1,1,0.5791386253288909
a06,309,1,1,0.5421563903496809
a06,310,1,0,0.3443710754798533
a06,311,1,1,0.531045854587633
a06,312,1,1,0.5347034728669905
a06,313,1,1,0.7849813070916174
a06,314,1,1,0.7907691897041437
a06,315,1,0,0.32329481114318576
a06,316,0,0,0.24497982741857263
a06,319,0,0,0.21247403734328454
a06,320,0,0,0.2915079768882687
a06,321,0,0,0.3469982649999006
a06,322,0,0,0.2398061142774764
a06,323,0,0,0.3249799973373296
a06,324,0,0,0.4155174849553153
a06,325,0,0,0.2466770249511799
a06,327,0,0,0.38819573095259435
a06,328,0,1,0.858476963706672
a06,329,1,0,0.2855392621292727
a06,331,1,0,0.3867296202080955
a06,332,1,1,0.8215435033124701
a06,333,0,0,0.3652858746875921
a06,334,0,0,0.1250066166182141
a06,335,0,0,0.2874873853693118
a06,336,0,0,0.16229862915066645
a06,337,0,0,0.11574423711410789
a06,338,0,0,0.3176553792670133
a06,340,0,0,0.23105096248108242
a06,341,0,0,0.2036490111901517
a06,342,0,0,0.3841832717824295
a06,343,1,0,0.3520139079912464
a06,345,1,0,0.20917827411653733
a06,347,1,1,0.6528017079120173
a06,349,1,1,0.676441568539156
a06,350,1,0,0.49461963672626674
a06,351,1,1,0.5466990919353266
a06,352,1,1,0.6872424548711643
a06,353,1,0,0.22555428600800037
a06,354,1,0,0.4085642485654395
a06,356,1,1,0.5073335000466798
a06,357,1,0,0.19664770399452972
a06,358,1,1,0.6841164343234918
a06,359,1,1,0.9219266935572344
a06,361,1,0,0.24929141340595237
a06,363,1,0,0.19224066617290117
a06,364,1,0,0.17911178943205125
a06,365,1,0,0.26702548337628434
a06,367,1,0,0.24625848275411288
a06,368,1,0,0.2400740912158947
a06,369,1,0,0.2197306656004049
a06,370,1,0,0.18966608264468623
a06,372,1,0,0.2149353644809078
a06,373,1,0,0.3458952871343265
a06,374,1,0,0.2329014523285964
a06,375,1,0,0.175822430992411
a06,376,1,0,0.28810511356422425
a06,377,1,1,0.6221441502087752
a06,378,1,1,0.6763358353389297
a06,379,1,1,0.5322369563534483
a06,380,1,1,0.6451604324705391
a06,381,1,0,0.31375937607666593
a06,382,1,0,0.3884457041812959
a06,383,1,0,0.1520293626188855
a06,385,1,0,0.4643711599819713
a06,386,1,0,0.3039768886847624
a06,388,1,0,0.43809419657901566
a06,389,1,1,0.9156781542954239
a06,390,0,1,0.8606821555055167
a06,391,0,0,0.15274336424373106
a06,392,0,1,0.7114160147490779
a06,393,0,1,0.6408443841961641
a06,394,0,1,0.5248356596769772
a06,395,0,0,0.3857192368308941
a06,396,0,0,0.327342205576112
a06,397,0,1,0.685475649681022
a06,398,0,1,0.5179741222343374
a06,399,0,1,0.7399600734035605
a06,400,0,1,0.611821089150724
a06,401,0,1,0.6906470065531708
a06,402,0,0,0.3446203636133209
a06,403,0,0,0.4232196048084914
a06,404,0,1,0.5060231851990371
a06,405,0,0,0.2619265310399649
a06,406,0,0,0.33531286365560187
a06,407,0,0,0.3986352353464852
a06,408,0,1,0.5490458190122495
a06,409,0,1,0.6747640786192025
a06,410,0,0,0.19199907060761673
a06,411,0,0,0.19213796978159284
a06,412,0,0,0.3762122183882274
a06,413,0,0,0.11251744274876338
a06,414,0,0,0.43055826407158265
a06,415,0,1,0.7197441203979047
a06,416,0,1,0.7842139028847269
a06,417,0,0,0.49918144627360267
a06,419,0,0,0.245969179611063
a06,420,0,0,0.23615258413174006
a06,421,0,1,0.5687135327377383
a06,422,0,0,0.4574101737693783
a06,423,0,0,0.25574451849240953
a06,424,0,0,0.2165299644204349
a06,425,0,0,0.24818878132932337
a06,426,0,0,0.36915621352746597
a06,427,0,0,0.22946321229092717
a06,428,0,0,0.26794062873116814
a06,429,0,0,0.11935340414709153
a06,430,0,0,0.23601564688467008
a06,431,0,0,0.26207757060079756
a06,432,0,0,0.1281859587587615
a06,434,0,1,0.837993129599497
a06,435,0,1,0.6480528742787848
a06,437,0,1,0.6558889687919212
a06,438,0,0,0.4151605308003396
a06,439,0,1,0.8098741862847839
a06,440,1,0,0.3631747557963273
a06,441,1,1,0.7443012510888862
a06,442,1,1,0.5399008362619905
a06,443,1,0,0.3787943592728442
a06,444,1,0,0.49979255050012816
a06,445,1,0,0.3612218541093038
a06,446,1,1,0.6265218547104454
a06,447,1,1,0.5386644812631298
a06,448,1,1,0.7036092522998796
a06,449,1,1,0.8665218976738737
a06,450,0,0,0.43282459182239025
a06,451,0,0,0.21018326445157626
a06,452,0,0,0.26310266299395085
a06,456,0,0,0.32298083038216147
a06,457,0,0,0.23411778609302528
a06,458,0,0,0.2504015216665488
a06,459,0,0,0.20962591125009045
a06,460,0,0,0.31225298308433125
a06,461,0,0,0.3330908586471929
a06,463,0,0,0.18768918684020683
a06,464,0,1,0.5712264298637535
a06,465,0,0,0.44255241135194917
a06,466,0,0,0.3396616618288348
a06,467,0,0,0.1464926168223712
a06,468,0,0,0.37506737158499925
a06,469,1,0,0.1991732098277684
a06,470,1,0,0.415810460468587
a06,471,1,0,0.3516184308338408
a06,472,1,0,0.47049802701697746
a06,473,1,0,0.41806534767953274
a06,476,1,0,0.4020676650970087
a06,478,0,0,0.2723279888776205
a06,479,0,0,0.36007592033717317
a06,480,0,0,0.4476365992948363
a06,481,0,0,0.3920148799026621
a06,482,0,0,0.3223198590128461
a06,483,0,0,0.2131770601223282
a06,484,1,0,0.28426981546611885
a06,485,1,0,0.313000382682128
a06,486,1,0,0.23212286857941433
a06,487,1,0,0.19418492810006743
a06,488,1,0,0.14641598995890537
a06,489,1,0,0.20153346147869974
a06,490,1,1,0.8851702339167463
a06,491,1,1,0.9702599445796052
a06,492,1,1,0.6399897768898981
a06,493,1,0,0.4870525027470524
a06,494,1,1,0.9475224883529291
a06,496,1,0,0.491423214122904
a06,497,1,1,0.9210242081234201
a06,498,1,1,0.5176241413693485
a06,499,1,0,0.3522660264172292
a06,500,1,0,0.29014536808188324
a06,501,1,0,0.17739532100558664
a06,502,1,1,0.5293181643903871
a06,503,1,0,0.38557239648501307
a06,504,1,1,0.9009633489045188
a06,505,1,0,0.36624279061506265
a06,506,1,0,0.4535272385558987
a06,507,0,1,0.9489550256525827
a06,508,0,1,0.713784865751191
a06,509,0,0,0.4332287196971308
a07,1,0,0,0.48772911269087976
a07,2,1,1,0.6117872710214305
a07,3,1,1,0.5887801125324733
a07,4,0,0,0.24354438394281255
a07,5,0,1,0.6012323939107466
a07,6,0,1,0.5122363959021362
a07,7,0,1,0.740074862077385
a07,8,0,1,0.7469485453825031
a07,9,0,0,0.24550137966099173
a07,10,0,0,0.39339789712716033
a07,11,0,1,0.6811864792211639
a07,13,0,0,0.336641349849734
a07,15,0,0,0.41438960319383966
a07,16,0,0,0.42214476594171163
a07,17,0,0,0.4464676108236138
a07,18,0,1,0.5515962382174634
a07,19,0,0,0.4771858598790945
a07,20,0,0,0.33309181074951555
a07,21,0,0,0.3387361218843144
a07,22,0,0,0.3840480742897885
a07,24,0,1,0.5279028002282566
a07,25,0,1,0.5096145546250886
a07,26,1,0,0.48425326307424094
a07,27,1,1,0.5491721005775271
a07,28,0,0,0.3866656372287437
a07,29,0,1,0.5123556147020463
a07,30,0,0,0.39556256383958854
a07,31,0,0,0.4090920078513584
a07,32,0,0,0.4389513433253193
a07,33,1,1,0.6452392419936469
a07,34,0,0,0.45275539322891684
a07,35,0,1,0.556241718218225
a07,36,0,1,0.5863270413622668
a07,37,1,1,0.5631405914666051
a07,38,0,1,0.6162669135494231
a07,39,0,1,0.6886625133356441
a07,40,0,0,0.4982306861287338
a07,41,0,1,0.5725385180618474
a07,42,0,0,0.48336927939044266
a07,43,1,1,0.6631984543410798
a07,44,0,1,0.8021251472847944
a07,45,0,1,0.5216559406305649
a07,46,0,0,0.4147579618275275
a07,47,0,0,0.4615438492598784
a07,48,0,1,0.7004781036833753
a07,49,0,1,0.7867013785730217
a07,50,0,0,0.32022731162217255
a07,51,0,1,0.506229006099474
a07,52,0,1,0.5275627183830868
a07,53,0,1,0.6047285159880057
a07,54,0,1,0.5029133177774177
a07,55,1,1,0.5052724302510077
a07,56,1,1,0.5618390806506373
a07,57,1,1,0.6849925482772499
a07,58,1,1,0.6196751507272281
a07,59,1,0,0.3206167362712655
a07,60,1,1,0.5336157574242798
a07,61,1,1,0.5059907523602579
a07,62,1,1,0.5188526865068234
a07,63,1,1,0.6460139726655852
a07,64,1,1,0.5677027225361543
a07,65,1,1,0.5032678349072174
a07,66,1,1,0.5506968721653881
a07,67,1,1,0.5205277322218076
a07,68,1,1,0.5820210627287681
a07,69,1,0,0.47960469437776726
a07,70,1,1,0.579335336427646
a07,71,1,1,0.6202006189105405
a07,72,1,0,0.2786520233943816
a07,73,1,1,0.5673629732104333
a07,74,1,0,0.47322646300113697
a07,75,0,0,0.48472034148574966
a07,76,0,0,0.40431028266287705
a07,77,0,0,0.48667008641726683
a07,78,0,0,0.4994155608346177
a07,79,0,1,0.6738486273522482
a07,80,0,1,0.5903716891289195
a07,81,0,1,0.557396363815308
a07,82,0,1,0.7352984112659252
a07,83,0,1,0.5332614148214324
a07,84,0,0,0.46820470381190005
a07,85,0,1,0.5099478353004108
a07,86,0,0,0.4805528340229365
a07,88,0,0,0.4710807405316289
a07,90,0,1,0.5933507382994999
a07,91,0,0,0.3509653006006831
a07,92,0,1,0.8647687033216463
a07,94,0,1,0.6245007968242514
a07,95,1,1,0.5398347283839247
a07,96,1,1,0.6203220274832473
a07,97,1,1,0.7974272012258389
a07,98,1,1,0.5398922879343823
a07,99,1,1,0.83291991289059
a07,100,1,1,0.6368107184313294
a07,101,0,1,0.5360836042216941
a07,102,0,1,0.5762634109890571
a07,103,0,1,0.5748203113459296
a07,104,0,1,0.5018277977740018
a07,105,0,1,0.5191266774298734
a07,106,0,1,0.636897190320058
a07,107,0,1,0.510551552241924
a07,108,0,1,0.6380582151858987
a07,109,0,1,0.5797875679458483
a07,110,0,1,0.5952095143081928
a07,111,0,1,0.5743205192379526
a07,112,0,1,0.6956727588657335
a07,113,0,1,0.5878272945914732
a07,114,0,1,0.5809216939648986
a07,115,0,1,0.6516215206156201
a07,116,0,1,0.6273228161400781
a07,117,0,1,0.6323123664281342
a07,118,0,1,0.6502577326978369
a07,119,0,1,0.5868755753596374
a07,120,0,1,0.5671416051666852
a07,121,0,1,0.5149710689577635
a07,122,0,1,0.5094394240118377
a07,123,0,1,0.5247737334176337
a07,124,0,1,0.712257238927744
a07,125,0,1,0.5766417838726923
a07,126,0,1,0.8076550383991125
a07,127,0,0,0.4558455521061193
a07,128,0,0,0.44636506793451125
a07,129,0,0,0.466879493662018
a07,130,0,0,0.49571752802934577
a07,131,0,1,0.8344053598244485
a07,132,0,1,0.5105321136255249
a07,133,0,0,0.4637518865209439
a07,134,0,1,0.6398935189083342
a07,135,0,0,0.42109800226930133
a07,136,0,0,0.3227319677691143
a07,137,0,0,0.492412525649715
a07,138,0,0,0.25613937018049504
a07,139,0,1,0.6136828044576751
a07,140,0,1,0.570634683963117
a07,141,0,1,0.5318195059626173
a07,142,0,0,0.2590156799846151
a07,143,0,1,0.5372297329487403
a07,144,0,1,0.6321799510277102
a07,145,1,1,0.6526614534685521
a07,146,1,1,0.5755468337340568
a07,147,1,1,0.6069723930335924
a07,148,1,1,0.5492282817417046
a07,149,1,1,0.5656152317412032
a07,150,1,1,0.5429074269331127
a07,152,1,1,0.6588093850813294
a07,153,1,0,0.4046573771617759
a07,154,1,1,0.5800500465391598
a07,155,1,0,0.3660082733161029
a07,156,1,1,0.5776224489288321
a07,157,1,1,0.5635597919996045
a07,158,1,1,0.775944025921206
a07,159,1,1,0.619900344020906
a07,160,1,1,0.8647578865484659
a07,161,1,1,0.825624490211747
a07,162,1,1,0.8356729760408895
a07,163,1,1,0.8964320240405902
a07,164,0,1,0.9281515307394436
a07,165,1,1,0.838586454453001
a07,166,1,1,0.5318300090304541
a07,167,1,1,0.8693956663304498
a07,168,0,1,0.8700749612917472
a07,169,0,1,0.788348143064634
a07,170,0,1,0.6524068816705761
a07,171,0,1,0.903656100389225
a07,172,0,1,0.9561696702702107
a07,173,0,1,0.8765870866970504
a07,174,1,0,0.4658625324024098
a07,175,1,1,0.8887536109761903
a07,176,1,1,0.7705915780115846
a07,177,1,1,0.8102569779789056
a07,178,1,1,0.729040041482001
a07,179,1,1,0.6870069825618371
a07,180,1,1,0.8712792877839465
a07,181,1,1,0.5646048300935308
a07,182,1,0,0.4526349357744878
a07,184,1,1,0.7519541747348133
a07,185,1,1,0.5231025961701696
a07,186,1,1,0.5026117947400683
a07,187,1,1,0.5830296718892792
a07,188,1,1,0.6046662763987872
a07,189,1,1,0.7547485818968434
a07,190,1,1,0.648529347689337
a07,191,1,1,0.7727577028150636
a07,192,1,1,0.5999679346724895
a07,193,1,1,0.8203155852756648
a07,194,1,1,0.6741816491124368
a07,195,1,1,0.5286422733182858
a07,196,1,1,0.780605609663312
a07,197,1,1,0.6272900518259126
a07,198,1,1,0.682342544810922
a07,199,1,1,0.7431137562257868
a07,200,1,1,0.8303180059174733
a07,201,1,1,0.5542882292700346
a07,202,1,1,0.7836690023786081
a07,203,1,1,0.7919156279439679
a07,204,1,1,0.6481640664993855
a07,205,1,1,0.7497155049677213
a07,206,1,1,0.7529568947493038
a07,207,1,1,0.8268566715422837
a07,208,1,1,0.7535584977726427
a07,209,1,1,0.7610852729111798
a07,210,1,1,0.5741849214819423
a07,211,1,1,0.7983573001670269
a07,212,1,1,0.8294036395577085
a07,213,1,1,0.84968311720703
a07,214,1,1,0.7545168319668965
a07,215,1,1,0.7936601684829675
a07,216,1,1,0.7856087994404408
a07,217,1,1,0.6949306299623377
a07,218,1,1,0.649003305142151
a07,219,1,1,0.7839665257978067
a07,220,1,1,0.8253708534448972
a07,221,1,1,0.7937818181916249
a07,222,1,1,0.7524663512728208
a07,223,1,1,0.7866109459918493
a07,224,1,1,0.6056562047556141
a07,225,1,1,0.7520512492640861
a07,226,1,1,0.6949436299666953
a07,227,1,1,0.5630820374319597
a07,228,1,1,0.5793045780662464
a07,229,1,1,0.7506196355891457
a07,230,1,0,0.4155965852295551
a07,231,1,1,0.5795740374883988
a07,232,1,0,0.3926167935075039
a07,233,1,1,0.6388766987412976
a07,234,1,1,0.6542223778386606
a07,235,1,0,0.4589225602903948
a07,236,1,0,0.39673005454353755
a07,237,1,1,0.5445644659753744
a07,238,1,1,0.5344625617370604
a07,239,1,0,0.49722120047298385
a07,240,1,1,0.5894922768447526
a07,241,1,1,0.8805910335173538
a07,242,1,1,0.5825277260272637
a07,243,1,1,0.6901356115750539
a07,244,1,1,0.5854754066834787
a07,245,1,1,0.5490578503391338
a07,246,1,1,0.54284695308185
a07,247,1,1,0.6051208369506142
a07,248,1,1,0.7378138013118162
a07,249,1,1,0.7376182899720404
a07,250,1,1,0.5084664411388634
a07,251,1,1,0.6528303774183416
a07,252,1,1,0.5322279133636462
a07,253,1,1,0.5995323567823212
a07,254,1,1,0.6171286660061297
a07,255,1,1,0.5528171501796125
a07,256,1,1,0.8519700497040394
a07,257,1,0,0.32957248912430137
a07,258,1,1,0.8067833858482795
a07,259,1,1,0.6514284897947973
a07,261,1,1,0.7223980009533817
a07,262,1,1,0.6711784682694212
a07,263,1,1,0.5732481039698237
a07,264,1,0,0.49104600369198376
a07,265,1,1,0.6738750461193203
a07,266,1,1,0.7888367255148804
a07,267,1,0,0.49078558368072517
a07,268,1,1,0.6538248566419438
a07,269,1,1,0.7324917351540597
a07,270,1,1,0.5142683413678482
a07,271,1,1,0.5036764235946023
a07,272,1,1,0.7563579550619504
a07,273,1,0,0.44734112425318223
a07,274,1,1,0.6826194972158551
a07,275,1,1,0.6518986614200982
a07,276,1,1,0.5029631674722742
a07,277,1,1,0.5207661415580788
a07,278,1,1,0.8642912378651568
a07,279,0,1,0.8690806501049673
a07,280,0,0,0.44118797409406013
a07,281,0,1,0.562703833199014
a07,282,1,1,0.7131249017579634
a07,283,1,1,0.7270723411581376
a07,284,1,1,0.7339220295393705
a07,285,1,1,0.8041843752880523
a07,286,1,1,0.7768553388314724
a07,287,1,1,0.8393797135421368
a07,288,0,1,0.6202429383018913
a07,289,0,1,0.7387724731129789
a07,290,0,1,0.6999277070588081
a07,291,0,1,0.7866143177631166
a07,292,0,1,0.9455034228770942
a07,293,0,1,0.7460799310112255
a07,294,1,1,0.8804838553687258
a07,295,1,1,0.9167003393653628
a07,296,1,1,0.7730452721612314
a07,297,1,1,0.7075307478893317
a07,298,1,1,0.8091575637605128
a07,299,1,1,0.6712067845703453
a07,300,1,1,0.8520093543863572
a07,301,1,1,0.7913342213044067
a07,302,1,1,0.796042534865124
a07,303,1,1,0.8488486154288805
a07,304,1,1,0.6995573238252901
a07,305,0,1,0.798463336530559
a07,306,0,0,0.4853960879255517
a07,307,0,1,0.5350113226717638
a07,308,0,1,0.6695206321114697
a07,309,0,1,0.7818530808822062
a07,310,1,1,0.6095006507495635
a07,311,1,1,0.6192092920189396
a07,312,1,1,0.6451723990844463
a07,313,1,1,0.7412606098329702
a07,314,1,1,0.6321998109372176
a07,315,1,1,0.8061948959894145
a07,316,1,1,0.7838576587354648
a07,317,1,1,0.79623753647237
a07,318,1,1,0.8118640080216639
a07,319,1,1,0.748272687312172
a07,320,1,1,0.8225744265649139
a07,321,1,1,0.8187708187857677
a07,322,1,1,0.758192071553654
a07,323,1,1,0.7013737807011198
a07,324,1,1,0.7578682821360002
a07,325,1,1,0.7933988430543629
a07,326,1,1,0.7437247879339657
a07,327,1,1,0.8176105341235594
a07,328,1,1,0.7877668226696253
a07,329,1,1,0.7483616421608438
a07,330,1,1,0.7473094907848296
a07,331,1,1,0.7143208756693161
a07,332,1,1,0.7781070141015368
a07,333,1,1,0.7864487678099793
a07,334,1,1,0.654692680411184
a07,335,1,1,0.8800103343014314
a07,336,1,1,0.7689625758109114
a07,337,1,1,0.7683928948490312
a07,338,1,1,0.7188392957166532
a07,339,1,1,0.8379834513048557
a07,340,1,1,0.7464577148581599
a07,341,1,1,0.7988439231002898
a07,342,1,1,0.883556584363882
a07,343,1,1,0.7523200513631647
a07,344,0,1,0.6984406062444461
a07,345,0,1,0.5602610699695129
a07,346,0,1,0.6308668760034272
a07,347,0,1,0.646817078637191
a07,348,0,1,0.727969494700699
a07,349,0,0,0.4893590993150321
a07,350,0,1,0.7313850954875817
a07,351,0,1,0.5775250483301413
a07,352,0,1,0.6024420474696841
a07,353,0,1,0.6734939087637688
a07,354,0,1,0.6570617492411917
a07,355,0,1,0.5191273304652742
a07,356,1,1,0.7249835773498715
a07,357,1,1,0.7213592103243629
a07,358,1,1,0.7187744419191782
a07,359,1,1,0.7087298752490384
a07,360,1,1,0.7035556531896388
a07,361,1,1,0.6808080256849347
a07,362,1,1,0.8198746916270657
a07,363,1,1,0.6859225869997644
a07,364,1,1,0.7684467560133819
a07,365,1,1,0.8877363768157525
a07,366,1,1,0.7916285593850558
a07,367,1,1,0.6829176423947085
a07,368,1,1,0.8600607122820164
a07,369,1,1,0.7648218495676068
a07,370,1,1,0.6084634038754626
a07,371,1,1,0.7792892893383166
a07,372,1,1,0.6152614660019275
a07,373,1,1,0.8942021055012533
a07,374,1,1,0.9378248348947364
a07,375,1,1,0.7926235636072472
a07,376,1,1,0.9393352088346755
a07,377,1,1,0.942246323665293
a07,378,0,1,0.7425711607098892
a07,379,0,1,0.9379415860841583
a07,380,1,1,0.9336302652729608
a07,381,1,1,0.8250627367194874
a07,382,1,1,0.8317989539939233
a07,383,1,1,0.9202769699859474
a07,384,1,1,0.9397383012043321
a07,385,1,1,0.7597053030211921
a07,386,0,1,0.6583045310591096
a07,387,1,1,0.8398017460407873
a07,388,1,1,0.8195112856618614
a07,389,1,1,0.773088310927035
a07,390,1,0,0.4238860082240268
a07,391,0,1,0.8190804962127513
a07,392,1,1,0.8711313085691733
a07,393,0,1,0.9565291693413279
a07,394,0,1,0.8549501179464098
a07,395,0,1,0.7131101966086573
a07,396,0,1,0.5119409458787916
a07,397,0,1,0.5981876444550579
a07,398,0,1,0.6417331888215008
a07,399,1,1,0.77994879189987
a07,400,1,1,0.8645649295230199
a07,401,0,1,0.7815853089075037
a07,402,1,1,0.8061301241188323
a07,403,0,1,0.6954319081662002
a07,404,1,1,0.8180706103963529
a07,405,1,0,0.4761331502286431
a07,406,0,1,0.6717202995898381
a07,407,0,1,0.5469148995529005
a07,408,0,1,0.6348801500935658
a07,409,0,1,0.8229005214250067
a07,410,0,1,0.5892585801723542
a07,411,0,0,0.4871162795819259
a07,412,0,1,0.838705330896896
a07,413,0,0,0.49464038617454
a07,414,0,1,0.5814136796931128
a07,415,0,1,0.5859003465863389
a07,416,0,1,0.6087701368237873
a07,417,0,1,0.550676355568287
a07,418,0,1,0.5652377509750028
a07,419,1,1,0.6472105693322147
a07,420,1,1,0.5453897871823717
a07,421,1,1,0.5574337005868963
a07,422,1,1,0.7543786421027855
a07,423,1,1,0.6209441710679567
a07,424,1,0,0.4888572919188188
a07,425,1,0,0.43003394152981445
a07,426,0,0,0.4499469884310911
a07,427,0,1,0.6097873423351574
a07,428,0,0,0.4195636677504005
a07,429,0,0,0.4756708988301254
a07,430,0,0,0.3730929038279634
a07,431,0,0,0.39433140075299483
a07,432,0,0,0.41686751725737753
a07,433,0,0,0.35156124798087046
a07,434,0,0,0.3120047184031203
a07,435,0,0,0.38951716316717205
a07,436,0,0,0.34836949766011227
a07,437,0,1,0.7520081817494968
a07,438,0,1,0.7293700316324918
a07,439,1,1,0.9044835677756978
a07,440,1,1,0.5221867405653702
a07,441,1,1,0.6443560972142589
a07,442,1,1,0.8651881103935484
a07,443,1,1,0.603033798433876
a07,444,1,1,0.7809932879253979
a07,445,1,1,0.7752884491882092
a07,446,1,1,0.7242590037313479
a07,447,1,1,0.5445383519682923
a07,448,1,1,0.6588118420281056
a07,449,1,1,0.7129573221199516
a07,450,1,1,0.7191211761083361
a07,451,1,1,0.7087147297934049
a07,452,1,1,0.6491807803052032
a07,453,1,1,0.7850839075063334
a07,454,1,1,0.787880167432633
a07,455,1,1,0.848727647947942
a07,456,1,1,0.7605377716252564
a07,457,1,1,0.7027681913919206
a07,458,1,1,0.8176673767007812
a07,459,1,1,0.7246736941968195
a07,460,1,1,0.859847702092121
a07,461,1,1,0.7627581604842727
a07,462,1,1,0.8439813490554235
a07,463,1,1,0.7817504153493725
a07,464,1,1,0.58971263904789
a07,465,1,1,0.7550221216392923
a07,466,1,1,0.777394032518799
a07,467,1,1,0.7238651887574292
a07,468,1,1,0.7753332934333932
a07,469,1,1,0.7107951660606988
a07,470,1,1,0.645882661705121
a07,471,1,1,0.7216949281768353
a07,472,1,1,0.7971071984834156
a07,473,1,1,0.6505362390584468
a07,474,1,1,0.6377475954036671
a07,475,1,1,0.6850938110734307
a07,476,1,1,0.9055836626897057
a07,477,0,1,0.8182743498666999
a07,478,0,1,0.7587526855724823
a07,479,0,1,0.6195478612942553
a07,480,0,1,0.5200363669420954
a07,481,0,0,0.4218869405238723
a07,482,0,0,0.4046870711436788
a07,483,1,1,0.5997072374143928
a07,484,1,1,0.6007445783957914
a07,485,1,1,0.5461127292378228
a07,486,1,1,0.5575474873492144
a07,487,1,1,0.5648167258024182
a07,488,1,0,0.41823611460584154
a07,489,1,1,0.7443501036714296
a07,490,1,1,0.5598378188057087
a07,492,1,1,0.5967811791996969
a07,493,1,1,0.8037331497433308
a07,494,1,1,0.7182240597136664
a07,495,1,0,0.48951235336282106
a07,496,1,1,0.6543797594846168
a07,497,1,1,0.9259714677063569
a07,498,1,1,0.6762373199187521
a07,499,1,1,0.7211728858209163
a07,500,1,1,0.6677763892272712
a07,501,1,1,0.773189915258658
a07,502,1,1,0.8130005100358989
a07,503,1,1,0.6790011913865077
a07,504,1,1,0.6130652130977987
a07,505,1,1,0.5457423974470961
a07,506,1,1,0.5505854172772656
a07,507,1,1,0.7243990608658967
a07,508,1,1,0.6167023914425194
a07,509,1,1,0.7643307903392318
a08,1,0,0,0.4753214942229608
a08,2,0,0,0.36863371303770687
a08,3,0,0,0.38559864204045546
a08,4,0,0,0.4246956723869066
a08,5,0,0,0.49076085547507264
a08,6,0,0,0.38431525124986665
a08,7,0,0,0.16509675884538347
a08,8,0,0,0.4678602117793368
a08,9,0,0,0.48446494187182665
a08,10,0,0,0.470851757182495
a08,11,0,0,0.4698275342722098
a08,12,0,0,0.47866218353390744
a08,13,0,1,0.7060622012698182
a08,14,0,0,0.23003462210836106
a08,15,0,0,0.27775664670055855
a08,16,0,0,0.29967392120747227
a08,17,0,0,0.4111826439091741
a08,18,0,0,0.39863778877704154
a08,19,0,0,0.2827826853869686
a08,20,0,0,0.3920625557818593
a08,21,0,0,0.47314356203566255
a08,22,0,1,0.5085790437118305
a08,23,0,0,0.474236515764823
a08,24,0,0,0.4222363008384307
a08,25,0,0,0.4612449933008227
a08,26,0,0,0.27924402193392134
a08,27,0,1,0.5458158051587092
a08,28,0,1,0.5524268065372006
a08,29,0,0,0.4916128483003025
a08,30,0,1,0.5300962761506322
a08,31,0,0,0.34987540829323777
a08,32,0,1,0.6643214189876422
a08,33,1,1,0.6691529517856922
a08,34,1,1,0.5655654812644875
a08,35,1,1,0.7556861850720231
a08,36,1,1,0.6926717939817756
a08,37,1,1,0.7008446231810592
a08,38,1,1,0.6464690393529493
a08,39,0,1,0.5738534807524336
a08,40,0,1,0.6748558440284651
a08,41,1,1,0.5252120282511752
a08,42,1,1,0.699226738860672
a08,43,0,0,0.47123004188316703
a08,44,0,0,0.47431111903797296
a08,45,0,0,0.4820856897436415
a08,46,0,0,0.4892968879379353
a08,47,0,0,0.4673896100412916
a08,48,0,0,0.42338839206504475
a08,49,0,1,0.515780771202422
a08,50,0,0,0.46873850603356865
a08,51,0,1,0.5781665941834807
a08,52,0,1,0.6005458955962724
a08,53,0,1,0.6576342831153501
a08,54,0,1,0.5801318193733688
a08,55,0,1,0.6723698979031908
a08,56,0,1,0.5797850642186464
a08,57,0,1,0.7543629062434488
a08,58,0,0,0.4735799732171949
a08,59,0,1,0.5287870885056767
a08,60,1,1,0.7940228734778828
a08,61,1,1,0.6063422759470176
a08,62,0,0,0.3473224585553642
a08,63,1,1,0.6639268048995991
a08,64,1,0,0.34389670667975136
a08,65,0,1,0.5035665139135357
a08,66,0,1,0.6687164957977867
a08,67,0,0,0.3725653817602899
a08,68,0,1,0.5911306529840548
a08,69,0,0,0.16126102149540406
a08,70,0,0,0.4304324697985776
a08,71,0,0,0.3832558012742517
a08,72,0,1,0.6605656162512106
a08,73,0,1,0.6873614871354164
a08,74,0,1,0.6601479533792354
a08,75,1,1,0.6189588102741301
a08,76,0,1,0.7557347810008785
a08,77,0,1,0.7610400768882932
a08,78,0,1,0.6982055865496446
a08,79,0,1,0.6530753901858837
a08,80,1,1,0.7958526352860054
a08,81,1,1,0.6187777702607481
a08,82,0,1,0.6404649790721245
a08,83,0,1,0.640814859186833
a08,84,0,1,0.7584372525721687
a08,85,0,1,0.6752554518182209
a08,86,0,1,0.74460989775569
a08,87,1,1,0.6426520746338005
a08,88,1,1,0.6075056252735185
a08,89,0,1,0.7434283728643842
a08,90,1,1,0.6675272266618782
a08,91,1,1,0.6063696695831232
a08,92,1,0,0.3954254112205149
a08,93,0,1,0.6431143631868467
a08,94,1,1,0.6776804410417485
a08,95,1,1,0.7553557100741907
a08,96,1,1,0.7099787042882565
a08,97,1,1,0.6286702923058215
a08,98,1,1,0.6366119829309627
a08,99,1,1,0.7943074525826399
a08,100,1,1,0.6794006065616618
a08,101,1,1,0.8377655556464271
a08,102,0,1,0.6500657276915244
a08,103,0,0,0.4433696291658698
a08,104,0,0,0.4418024587510927
a08,105,1,1,0.5107179446119141
a08,106,1,0,0.44759404919076884
a08,107,1,1,0.5009026620065448
a08,108,1,1,0.5736194799213595
a08,109,0,1,0.6682579816112346
a08,110,0,0,0.49734899243340014
a08,111,0,1,0.5105820350584528
a08,112,0,1,0.5545414384401155
a08,113,0,0,0.45037876135694044
a08,114,0,0,0.47825941494750057
a08,115,0,0,0.3009095931514109
a08,116,0,1,0.512429975813074
a08,117,0,1,0.5589919109215339
a08,118,1,0,0.4238848387381675
a08,119,1,1,0.6557933608621876
a08,120,1,1,0.645920936242243
a08,121,1,1,0.7246710828689217
a08,122,1,1,0.5579427283704883
a08,123,1,0,0.41139903608955575
a08,124,1,1,0.6245561078575335
a08,125,1,1,0.6851161509039576
a08,126,1,1,0.6088081097487654
a08,127,0,1,0.5418117692491876
a08,128,0,1,0.5406328286480268
a08,129,1,0,0.48905532119320727
a08,130,0,1,0.6219687001090832
a08,131,1,0,0.4216778741595035
a08,132,1,0,0.46668497677887266
a08,133,1,0,0.4177086400001482
a08,134,0,1,0.6621040609386596
a08,135,1,1,0.5777776544806099
a08,136,1,1,0.6619362211637552
a08,137,1,0,0.34090838916102795
a08,138,1,1,0.6517972865327506
a08,139,1,1,0.7166570732911385
a08,140,1,0,0.4787054377858858
a08,141,1,0,0.3485044725119372
a08,142,1,1,0.5122871219374207
a08,143,1,1,0.7206087736630417
a08,144,1,1,0.5004604992019034
a08,145,1,1,0.5264237989106093
a08,146,1,1,0.6239126405570152
a08,147,1,1,0.6595132310799225
a08,148,1,1,0.5180412662009348
a08,149,1,1,0.684898906882499
a08,150,1,1,0.508420565741196
a08,151,1,1,0.6110291462332144
a08,152,1,1,0.6735711996860322
a08,153,1,1,0.7025754390454781
a08,154,1,1,0.7474321204622418
a08,155,1,1,0.7084371865780585
a08,156,1,1,0.6272046545802418
a08,157,1,1,0.679876526343844
a08,158,1,1,0.7245799779996823
a08,159,0,0,0.4257027947690733
a08,160,0,0,0.49557332402271975
a08,161,1,1,0.7446293796961205
a08,162,1,1,0.7279593670725193
a08,163,1,0,0.26138244761775575
a08,164,0,0,0.40145356606219923
a08,165,0,0,0.3085183723170631
a08,166,1,1,0.7513003238865518
a08,167,1,0,0.3843194199512726
a08,168,1,0,0.48484878448608354
a08,169,1,1,0.6602805381181248
a08,170,1,0,0.3562236710387243
a08,171,0,0,0.3658989603165571
a08,172,0,1,0.5165440297260858
a08,173,0,0,0.44404293708177506
a08,174,0,0,0.39636449379789646
a08,175,0,1,0.5487183306040786
a08,176,0,0,0.36127612756090244
a08,177,0,0,0.36526761429887333
a08,178,0,0,0.39584663853161545
a08,179,0,0,0.35286144331436603
a08,180,0,0,0.38806739367075244
a08,181,0,0,0.4130614523251954
a08,182,0,0,0.3845934853363034
a08,183,0,0,0.37227646603931425
a08,184,0,0,0.4281457937090404
a08,185,1,1,0.6195543943748195
a08,186,1,0,0.42660612061643793
a08,187,0,0,0.3266924128195344
a08,188,0,1,0.515967492717547
a08,189,1,0,0.44264180309136314
a08,190,0,0,0.3901441001745117
a08,191,0,0,0.42329446867798093
a08,192,0,0,0.4477596974841335
a08,193,0,0,0.2743831056895952
a08,194,0,0,0.43825776607425854
a08,195,0,1,0.5953811519376707
a08,196,0,1,0.5119138049798976
a08,197,0,0,0.4039660885424367
a08,198,0,0,0.4233606120713578
a08,199,0,0,0.3530166059161019
a08,200,0,0,0.35114031038336596
a08,201,0,0,0.40852638302565375
a08,202,0,1,0.502168040248883
a08,203,0,0,0.24811209379503407
a08,204,0,0,0.3167210773636414
a08,205,0,0,0.3282228584445246
a08,206,0,0,0.3924101667601516
a08,207,0,0,0.48565841700832446
a08,208,0,0,0.41962267066008907
a08,209,0,1,0.5042665591131067
a08,210,0,0,0.4060479652916262
a08,211,0,1,0.5217794058466872
a08,212,0,0,0.474324626714894
a08,213,0,0,0.4596899124494394
a08,214,0,0,0.4761095063411368
a08,215,0,1,0.5309468890668728
a08,216,0,0,0.48410649039798087
a08,217,0,0,0.40854124478034987
a08,218,0,0,0.39888853602865276
a08,219,0,0,0.49534282166726384
a08,220,0,1,0.5431675824206975
a08,221,0,1,0.5053060357557876
a08,222,0,0,0.4857480555211083
a08,223,0,1,0.5291675625628578
a08,224,0,0,0.3898521835215752
a08,225,0,1,0.5382785326180655
a08,226,1,1,0.5022679036121912
a08,227,0,0,0.49028968246306825
a08,228,0,1,0.5277751082640901
a08,229,0,0,0.3953546077849482
a08,230,0,0,0.47874284298583664
a08,231,0,1,0.710168936407712
a08,232,1,0,0.2873123781755741
a08,233,0,0,0.4198909913395046
a08,234,0,0,0.4194859522531547
a08,235,0,0,0.35308379775257565
a08,236,0,1,0.6076656291591348
a08,237,0,0,0.3745482186564497
a08,238,0,1,0.5370688744404979
a08,239,0,0,0.4041350082310108
a08,240,0,0,0.4345828751135631
a08,241,0,0,0.24295234228799895
a08,242,0,0,0.169993868598081
a08,243,0,1,0.5091197143044531
a08,244,0,1,0.6134873250632102
a08,245,0,0,0.36877338734800275
a08,246,0,0,0.452939140393165
a08,247,0,0,0.4348687915673216
a08,248,0,0,0.3767933180807015
a08,249,0,0,0.48067353789676975
a08,250,0,0,0.41703467848762055
a08,251,0,0,0.11855715099636081
a08,252,0,0,0.3980140758741188
a08,253,0,0,0.42734946073953056
a08,254,0,1,0.7589676646974279
a08,255,1,1,0.8397511175012169
a08,256,0,1,0.7915885244455937
a08,257,0,1,0.6061724215631866
a08,258,1,1,0.6773743167188739
a08,259,1,1,0.6905190190539895
a08,260,1,1,0.5509843814409734
a08,261,1,0,0.4884094907754795
a08,262,0,1,0.7228683120196664
a08,263,0,0,0.44239922034066387
a08,264,0,1,0.7776117692204444
a08,265,0,1,0.5971236430698312
a08,266,0,0,0.4962463581865761
a08,267,0,0,0.47306685633745255
a08,268,0,0,0.4617079834528067
a08,269,0,0,0.48961227303191157
a08,270,0,0,0.3910431084312225
a08,271,0,0,0.40437006653267954
a08,272,0,0,0.4416190746583441
a08,273,0,0,0.4703108522727422
a08,274,0,0,0.4665468071277213
a08,275,0,0,0.48687909951654895
a08,276,0,0,0.44852970946362497
a08,277,0,0,0.4855883762971748
a08,278,0,0,0.4635879770082095
a08,279,0,0,0.4737411628394089
a08,280,0,0,0.49280261846461926
a08,281,0,0,0.47164517360369296
a08,282,0,1,0.5104082159241328
a08,283,1,0,0.4433087596453861
a08,284,0,1,0.5671455045762149
a08,285,0,1,0.532897708474411
a08,286,0,0,0.4320501940422771
a08,287,0,1,0.521134968478802
a08,288,0,0,0.4548654397826361
a08,289,0,1,0.5239226116849981
a08,290,0,0,0.44706845755937685
a08,291,0,1,0.5387483280055937
a08,292,1,0,0.47524067092645655
a08,293,0,1,0.5427011190406063
a08,294,0,1,0.5755868384670487
a08,295,0,0,0.495848582131056
a08,296,0,0,0.4221885274101836
a08,297,0,1,0.5542510154002828
a08,298,1,0,0.2637811079715965
a08,299,1,1,0.5303292258312242
a08,300,1,1,0.6947905382068207
a08,301,1,1,0.5583759267814127
a08,302,1,1,0.5082522916820682
a08,303,1,1,0.6890991982272994
a08,304,1,0,0.4805268894652178
a08,305,1,1,0.5950596159200476
a08,306,1,1,0.5235518240311909
a08,307,1,1,0.7964593956245289
a08,308,0,1,0.742821306929954
a08,309,0,0,0.4581444346213276
a08,310,0,0,0.4767099387409803
a08,311,0,0,0.47235037390191775
a08,312,0,1,0.544687860443527
a08,313,0,1,0.5248041705072546
a08,314,0,1,0.6450138380995079
a08,315,0,1,0.531835964862117
a08,316,0,1,0.5810649125205285
a08,317,0,0,0.39300622445480093
a08,318,0,1,0.5856623798716946
a08,319,0,0,0.4933285872124374
a08,320,0,1,0.5744927005850263
a08,321,0,1,0.5947219477445228
a08,322,0,1,0.7695481867916872
a08,323,0,1,0.5669584639108275
a08,324,0,1,0.6214551124930783
a08,325,0,1,0.5729249078898204
a08,326,0,1,0.5359556136747066
a08,327,1,1,0.6802440455212084
a08,328,1,1,0.6058684184924193
a08,329,0,1,0.500783469691865
a08,330,1,0,0.40368645242218953
a08,331,1,1,0.5430398366799553
a08,332,1,1,0.7278768969131338
a08,333,1,0,0.4650021807713966
a08,334,1,0,0.4219338599919865
a08,335,1,1,0.650789580523418
a08,336,1,1,0.7116201975772064
a08,337,1,1,0.6874524983764042
a08,338,1,1,0.7539126364422428
a08,339,1,1,0.6690190033400156
a08,340,1,1,0.7868205034139557
a08,341,1,1,0.6085286874924275
a08,342,1,1,0.7109592297657247
a08,343,1,1,0.6264978090024116
a08,344,1,1,0.7872884734750674
a08,345,1,1,0.6773657765240456
a08,346,1,0,0.37196254404257917
a08,347,1,1,0.7359854010525737
a08,348,1,1,0.7054338078081884
a08,349,1,1,0.7285504808223
a08,350,1,1,0.6477364590785076
a08,351,1,1,0.7496928028477979
a08,352,1,1,0.6279147396628249
a08,353,0,1,0.5640342435339726
a08,354,0,1,0.519598208634912
a08,355,1,1,0.502819783160839
a08,356,1,0,0.34514377719938133
a08,357,1,1,0.5175775595797433
a08,358,1,0,0.3419708515568499
a08,359,1,0,0.49213968640090017
a08,360,1,1,0.5201579359723434
a08,361,1,1,0.5399797174258465
a08,362,1,1,0.7280345704741672
a08,363,0,0,0.3424213934306262
a08,364,0,1,0.756210088741774
a08,365,1,0,0.4180699790013909
a08,366,1,1,0.7380705837576401
a08,367,1,0,0.44282536200549594
a08,368,0,0,0.4256451711568486
a08,369,0,0,0.3694099945441085
a08,370,0,0,0.4880850628046049
a08,371,0,0,0.4489216171536726
a08,372,0,0,0.4021241162721124
a08,373,0,0,0.402072745020542
a08,374,0,0,0.4749367260023664
a08,375,0,1,0.5930008474675484
a08,376,0,0,0.44787702662024276
a08,377,0,0,0.20387022221992293
a08,378,0,0,0.36709018148866834
a08,379,0,0,0.49639563224982813
a08,380,0,0,0.463416515613877
a08,381,0,1,0.5132876244105544
a08,382,0,1,0.6102467679628023
a08,383,0,0,0.43764755560315133
a08,384,0,1,0.5827782393222983
a08,385,0,0,0.39784508598391455
a08,386,0,1,0.50497235840021
a08,387,0,1,0.510767646093027
a08,388,0,1,0.5429712053190575
a08,389,0,0,0.40109612566715663
a08,390,0,1,0.5046389705797047
a08,391,0,0,0.47774418702306387
a08,392,0,0,0.2029802721724685
a08,393,0,1,0.6163062544351601
a08,394,0,0,0.22283921321018652
a08,395,0,1,0.6189136574159083
a08,396,0,0,0.46090442238842444
a08,397,0,0,0.4555607762043455
a08,398,0,0,0.40756542065051565
a08,399,0,0,0.4997218943704525
a08,400,0,1,0.7533739837961269
a08,401,1,1,0.7061985932116661
a08,402,1,1,0.6999137443624018
a08,403,1,1,0.7817326283675338
a08,404,1,1,0.6894442884382338
a08,405,1,0,0.4565216166713376
a08,406,1,1,0.6698875271401974
a08,407,1,1,0.6911357899080132
a08,408,1,1,0.7069858663830635
a08,409,1,1,0.5703337719637849
a08,410,1,0,0.4573614102515594
a08,411,1,1,0.730515293359729
a08,412,1,1,0.7154885763008846
a08,413,1,0,0.4600734058289462
a08,414,1,1,0.7120034765263202
a08,415,1,1,0.7882309544632414
a08,416,1,1,0.7229517405995675
a08,417,1,1,0.704752916316244
a08,418,1,1,0.751695765226358
a08,419,1,1,0.7061571521366994
a08,420,1,1,0.70339314590686
a08,421,1,1,0.7658866205030451
a08,422,1,1,0.7764289485074074
a08,423,1,1,0.6985199334367517
a08,424,1,1,0.7218949468083398
a08,425,1,1,0.7140454566084491
a08,426,1,1,0.51084729016095
a08,427,1,0,0.25521581319736636
a08,428,0,1,0.7863112505390105
a08,429,1,0,0.4094840306977767
a08,430,0,0,0.402275320961323
a08,431,0,0,0.41965295677755904
a08,432,0,0,0.4221572952049776
a08,433,0,0,0.34173468750417557
a08,434,0,0,0.4041534057585785
a08,435,0,0,0.38655390579907645
a08,436,0,0,0.17474043796744795
a08,437,0,0,0.4370653288400195
a08,438,0,0,0.34944215268952605
a08,439,0,0,0.4251662645086792
a08,440,0,0,0.3726805174892834
a08,441,0,0,0.4235153146610321
a08,442,0,0,0.38746569014831883
a08,443,0,0,0.3463313261506376
a08,444,0,0,0.34167568056690406
a08,445,0,0,0.41188767708305757
a08,446,0,0,0.3857931579460712
a08,447,0,0,0.2833552448017159
a08,448,0,0,0.19988961281734136
a08,449,0,0,0.41032200677609554
a08,450,0,0,0.35065793477620544
a08,451,0,0,0.4501484034120282
a08,452,0,0,0.35751421475029066
a08,453,0,1,0.6055589337707309
a08,454,0,1,0.8316985701873201
a08,455,0,1,0.7016320959760343
a08,456,1,1,0.6855611544851522
a08,457,1,1,0.6319530676225261
a08,458,1,1,0.6545694960748518
a08,459,1,0,0.4260399274996201
a08,460,1,1,0.7763698458997151
a08,461,1,1,0.6497475031354267
a08,462,1,1,0.7211616151661309
a08,463,1,1,0.7355925887218477
a08,464,1,1,0.6845152515108384
a08,465,1,1,0.6245504946875631
a08,466,1,1,0.6444718909833116
a08,467,1,1,0.8134137317605346
a08,468,1,1,0.6688882818894007
a08,469,1,1,0.7133283931248597
a08,470,1,1,0.5601753506651743
a08,471,1,1,0.7715180292093519
a08,472,1,1,0.8627736081318503
a08,473,1,1,0.6971757109086818
a08,474,1,1,0.7122901363808777
a08,475,1,1,0.7457563447393666
a08,476,1,1,0.7752995256795285
a08,477,1,0,0.49674919872825085
a08,478,1,1,0.6212566416691387
a08,479,1,1,0.6821010054844523
a08,480,1,1,0.6750560667577279
a08,481,1,1,0.8313764097760883
a08,482,0,1,0.7241128793692795
a08,483,0,1,0.5479307071235676
a08,484,0,1,0.5628851203967723
a08,485,0,0,0.43677494987362886
a08,486,0,0,0.4918523669457671
a08,487,0,0,0.08436032635352175
a08,488,0,0,0.4815972861821956
a08,489,0,0,0.4658776594201309
a08,490,0,1,0.5359334943789273
a08,491,0,1,0.533305819858031
a08,492,0,0,0.42630596515228397
a08,493,0,0,0.22850742126692603
a08,494,0,0,0.3215360090986686
a08,495,0,0,0.28542009822078335
a08,496,0,0,0.36371546002458016
a08,497,0,0,0.44596265655672845
a08,498,0,0,0.48483585334145596
a08,499,0,0,0.433580531757344
a08,500,0,1,0.6133039694811703
a09,1,0,0,0.33924623184890135
a09,2,0,0,0.22441910853759764
a09,3,0,1,0.7995838407348774
a09,4,0,1,0.5469004063052467
a09,5,0,0,0.4631503970340165
a09,6,0,0,0.4394239696727037
a09,7,0,0,0.18415334926679694
a09,8,0,0,0.3644271645570121
a09,9,0,0,0.3838164731053121
a09,10,1,1,0.5410737719475772
a09,11,1,0,0.44544681969963534
a09,12,1,0,0.3985833255963052
a09,13,1,1,0.6001550546000846
a09,14,1,1,0.5846272774936716
a09,15,0,1,0.5812561783005893
a09,16,0,0,0.43767679250183816
a09,17,1,0,0.19554719353616337
a09,18,1,0,0.3132268008976419
a09,19,1,0,0.3795608428908972
a09,20,1,0,0.4851377430770032
a09,21,1,0,0.44490691559002393
a09,22,1,0,0.2428470983499684
a09,23,1,0,0.24710606722281184
a09,24,1,0,0.3142447193183524
a09,25,0,0,0.2999046226604299
a09,26,0,0,0.3732712378700561
a09,27,0,0,0.32436208549580253
a09,28,0,0,0.21685515699569743
a09,29,0,0,0.17734584222466993
a09,30,0,0,0.03106353322419305
a09,31,0,0,0.21141568063673302
a09,32,0,0,0.17542043334797644
a09,33,0,0,0.20003705013144735
a09,34,1,0,0.19097073944187407
a09,36,1,0,0.45124736731757503
a09,37,1,0,0.20105328737737954
a09,38,1,0,0.31967111143596033
a09,40,1,0,0.32769040735228344
a09,41,1,0,0.29939890236494254
a09,42,1,0,0.36975511326507104
a09,43,1,0,0.3011073164834098
a09,44,1,0,0.2865317009886744
a09,45,1,0,0.2197955782567861
a09,46,1,0,0.22762223678227766
a09,47,1,0,0.2553968948101693
a09,48,1,0,0.18332578575992306
a09,49,1,0,0.3823550951798855
a09,50,1,0,0.2200019728280555
a09,51,1,0,0.28543601962577597
a09,52,1,0,0.221489308054985
a09,53,1,0,0.13623149807501367
a09,54,1,0,0.26066866437088726
a09,55,1,0,0.3292936900755304
a09,56,1,0,0.3291394986619397
a09,57,1,0,0.180102584693686
a09,58,0,0,0.19870514892581792
a09,59,0,0,0.2590294696151673
a09,60,1,0,0.30647676940314417
a09,61,1,0,0.3019228921047591
a09,62,1,0,0.26469710735538826
a09,63,1,0,0.22557792342272756
a09,65,1,0,0.23632714594681625
a09,66,1,0,0.3558170829442095
a09,67,1,0,0.2375335132638788
a09,68,1,0,0.25132729727578185
a09,69,1,1,0.6119334026884339
a09,70,1,0,0.24459967227241494
a09,71,1,0,0.23840239242102026
a09,72,1,0,0.26135509061419676
a09,73,1,0,0.2156243337303232
a09,74,1,0,0.28352360657492715
a09,76,1,0,0.3170654346235439
a09,77,1,0,0.44766156128318585
a09,79,1,0,0.4089954293080684
a09,80,1,0,0.3929329795997998
a09,81,1,0,0.34245616724151057
a09,82,1,1,0.5355684331914072
a09,83,1,0,0.4664847629930128
a09,84,1,0,0.41003671450859325
a09,85,1,0,0.26502861928303534
a09,87,1,0,0.47493153854722236
a09,89,1,0,0.2514199102997007
a09,90,1,0,0.29396877816533606
a09,91,1,0,0.4503921344311821
a09,92,1,1,0.682599137549391
a09,93,1,0,0.2708907397174917
a09,94,1,1,0.7412324322509656
a09,95,1,1,0.6541080722835703
a09,96,1,0,0.20440735894040826
a09,97,1,1,0.8103608570704998
a09,98,1,1,0.7258315690535198
a09,99,1,0,0.372238570502875
a09,100,1,1,0.9444718966050646
a09,101,1,1,0.7438162664541182
a09,102,1,1,0.8336801554083035
a09,103,1,0,0.23784498195311643
a09,104,1,1,0.5400728235915245
a09,105,1,0,0.2696369932658442
a09,106,1,1,0.5418319760968608
a09,108,1,0,0.38363633157898325
a09,109,1,1,0.6069775336034756
a09,110,1,0,0.22522719922158826
a09,111,1,1,0.6318480451153189
a09,113,1,0,0.4572388035530713
a09,114,1,0,0.2749046895636426
a09,115,1,0,0.09262113129593742
a09,118,1,0,0.38974843193893266
a09,119,1,0,0.36555425977220524
a09,120,0,0,0.251081570175472
a09,121,0,1,0.6561231457065019
a09,122,1,0,0.3569140412651917
a09,123,1,0,0.4391813974979045
a09,124,1,0,0.45287158179691855
a09,125,1,0,0.2919094715219631
a09,126,0,0,0.28422574260895916
a09,127,0,0,0.3834384056273735
a09,128,0,0,0.37254009950907846
a09,129,0,0,0.2746711805721466
a09,131,1,1,0.6958572146813692
a09,133,1,0,0.48055965877691803
a09,134,1,1,0.691659724347425
a09,135,1,0,0.21216932844636108
a09,136,1,0,0.4071523649022929
a09,137,1,0,0.2488149791026253
a09,138,1,0,0.1761717370245892
a09,139,1,0,0.24720268982656132
a09,140,1,1,0.6630040228796802
a09,141,1,0,0.3660835981231543
a09,142,1,0,0.282235202526083
a09,143,1,1,0.6904973015496851
a09,144,1,0,0.30244646314997753
a09,145,1,1,0.7287796963271305
a09,146,1,0,0.35214108126079235
a09,147,1,0,0.41052808126642804
a09,148,1,0,0.493810555486371
a09,149,1,0,0.34748632093209136
a09,150,1,0,0.3908445404327695
a09,151,1,0,0.30624593859836924
a09,152,1,0,0.2553251346220114
a09,153,1,1,0.6623255176190871
a09,154,1,0,0.32504456564162443
a09,155,1,0,0.49122038464592105
a09,156,1,0,0.24535201708949103
a09,157,1,0,0.2086695923637931
a09,158,1,0,0.41310018087791783
a09,159,1,0,0.27868501911255367
a09,160,1,0,0.3861449957909849
a09,161,1,0,0.495239522075405
a09,162,1,0,0.4316904791233902
a09,163,1,0,0.262481383087237
a09,164,1,0,0.36124824889896984
a09,165,1,0,0.18051638714426907
a09,166,1,0,0.4153071912667409
a09,167,1,0,0.2874778377041575
a09,168,1,0,0.3861922249862324
a09,169,1,0,0.4146327320996547
a09,171,1,1,0.8389179111027054
a09,172,1,0,0.221515334560696
a09,173,1,1,0.8372886398350993
a09,174,1,1,0.5162457886556866
a09,175,1,0,0.39455694642160855
a09,176,1,1,0.8663418031010596
a09,177,1,1,0.6542457191612177
a09,178,1,1,0.7025814814526339
a09,179,1,0,0.2376332160479154
a09,180,1,1,0.7698046832615522
a09,181,1,1,0.6704814616922807
a09,182,1,0,0.34812915720331883
a09,183,1,0,0.41856143442439336
a09,184,1,1,0.7086863313523432
a09,185,1,0,0.40338655295475073
a09,186,1,0,0.3030269953522857
a09,187,1,1,0.8137663536474978
a09,188,1,0,0.4104080527162655
a09,189,1,0,0.4935552634032688
a09,190,1,1,0.7618367731988298
a09,191,1,1,0.9070582931058269
a09,192,1,0,0.4820934109580534
a09,193,1,1,0.830512614396193
a09,194,1,0,0.144350418794942
a09,195,1,1,0.6995324252459887
a09,196,1,1,0.9042579114638933
a09,197,1,0,0.4236560557585473
a09,198,1,1,0.555329555472537
a09,199,1,1,0.528935332590916
a09,200,1,0,0.40147259565080645
a09,201,1,1,0.6895036134438233
a09,202,1,1,0.5191412454768214
a09,203,1,0,0.44466532967598166
a09,204,1,1,0.7408016240072317
a09,205,1,0,0.3886447613682975
a09,206,1,0,0.34835887332634613
a09,207,0,0,0.28287472264003416
a09,208,0,0,0.1444942060131545
a09,209,0,0,0.3723474886396185
a09,210,0,0,0.3682961599500432
a09,211,0,0,0.3348752161342449
a09,212,0,0,0.34953994690716
a09,213,0,0,0.2297618553145871
a09,214,0,0,0.31731768483599526
a09,215,0,0,0.2710128477762826
a09,216,0,0,0.11922969202935331
a09,217,0,0,0.22074436618015367
a09,218,0,0,0.21180374923744968
a09,219,0,0,0.2980520122358987
a09,220,0,0,0.323914613478686
a09,221,0,0,0.26671496845455245
a09,222,0,0,0.4188411241235485
a09,223,0,0,0.2891116673104317
a09,224,0,0,0.4115914569249767
a09,225,0,0,0.3477512571029053
a09,226,0,0,0.2384265536898592
a09,227,0,0,0.11761558477045034
a09,228,0,0,0.2048630590005224
a09,229,0,1,0.6814288766487202
a09,231,0,0,0.30582949173514107
a09,232,0,0,0.29085453290520674
a09,233,0,0,0.3483973968057625
a09,234,0,0,0.4057429358048428
a09,235,0,0,0.21098837823840597
a09,236,0,0,0.3797607996107417
a09,237,0,1,0.5100538230587846
a09,238,1,0,0.4506812546962868
a09,239,1,1,0.5100024390806627
a09,240,1,0,0.426639731242573
a09,241,1,0,0.22545854694317624
a09,242,0,0,0.2381356533611432
a09,243,0,0,0.10064940856036854
a09,244,1,1,0.6112992628219821
a09,245,1,1,0.5718831914361018
a09,246,1,0,0.32287550544395266
a09,247,0,0,0.30788044524444663
a09,248,0,0,0.3637217851610794
a09,249,0,0,0.349238101417552
a09,250,1,0,0.2061980884469074
a09,251,1,0,0.3134319440035574
a09,252,1,0,0.10597451720857674
a09,253,1,0,0.42606390394890914
a09,254,0,0,0.27500299953230667
a09,255,0,0,0.3875849835859146
a09,256,0,0,0.47005695558216537
a09,257,0,0,0.2901902913038984
a09,258,0,0,0.29840468070563125
a09,259,0,0,0.26355279312962593
a09,260,0,0,0.2952754057953638
a09,261,0,1,0.7399268123640463
a09,262,1,0,0.3739522977798209
a09,263,1,0,0.40551990409229005
a09,264,1,0,0.25283926433290466
a09,265,0,0,0.3701354936993702
a09,266,0,0,0.32798902915671235
a09,267,0,0,0.33965869349051914
a09,268,0,0,0.31115021179847185
a09,269,1,0,0.44473730710958886
a09,270,0,0,0.3878722256596213
a09,271,0,0,0.10858751884606578
a09,272,0,0,0.4984106226653279
a09,273,0,1,0.5080364212366633
a09,274,0,0,0.3931274885783655
a09,275,0,1,0.5603510773060149
a09,276,0,0,0.391319272798064
a09,277,0,1,0.7426641060266369
a09,278,1,0,0.3915497998036981
a09,279,1,1,0.5290241159668148
a09,280,1,0,0.32057753082775164
a09,281,1,0,0.1419629881741134
a09,282,1,1,0.5230913708211515
a09,283,1,0,0.33538030008586495
a09,284,1,1,0.7859189489678485
a09,285,1,1,0.5005923242135368
a09,286,1,0,0.19045664893619363
a09,287,1,1,0.7879711220044069
a09,288,1,0,0.38906621505286487
a09,289,1,1,0.7882801167153849
a09,290,1,0,0.3614969893822425
a09,292,1,0,0.2791317860116245
a09,293,1,0,0.44386208435573904
a09,294,1,0,0.37541069328931465
a09,295,1,1,0.5990700393369222
a09,296,1,0,0.354088504455856
a09,297,1,1,0.5071113122650089
a09,298,1,1,0.788295774510848
a09,299,1,0,0.45460843089802605
a09,300,1,0,0.24648895972971124
a09,301,1,1,0.8384896294649182
a09,302,1,0,0.13542886817474803
a09,303,1,0,0.4374225913463621
a09,304,1,0,0.3911852202072055
a09,305,1,0,0.3872317932260633
a09,306,1,0,0.2096714633303024
a09,307,1,0,0.11909208327345111
a09,308,1,0,0.328143142435776
a09,309,1,0,0.33913394382490086
a09,310,1,0,0.29875312569018897
a09,311,1,0,0.17507710836302817
a09,312,1,0,0.4240863881951533
a09,313,1,0,0.30163557370501776
a09,314,1,0,0.3225396186005926
a09,315,1,0,0.4693064802331743
a09,316,1,1,0.533946227207369
a09,317,1,0,0.37731007052985244
a09,318,1,0,0.46018808368422864
a09,319,1,0,0.41235704950724683
a09,321,1,0,0.42849043254844604
a09,322,1,0,0.37470098994314505
a09,323,1,0,0.24149392631053435
a09,325,1,0,0.33600898966773096
a09,326,1,0,0.156339309753917
a09,327,1,0,0.44203134019714657
a09,328,1,1,0.682647671726816
a09,329,1,1,0.5066937999774696
a09,330,1,1,0.8501689327877356
a09,331,1,0,0.373522046927003
a09,332,1,1,0.8956935783503005
a09,333,1,1,0.6666401525431602
a09,334,1,0,0.34914511166203804
a09,335,1,1,0.7908413883899347
a09,336,1,1,0.6569833829190606
a09,337,1,1,0.8012545435077393
a09,338,1,1,0.6805050663341436
a09,339,1,0,0.3670292805590673
a09,340,1,1,0.5157097476620842
a09,341,1,1,0.7841771688965332
a09,342,1,0,0.4053327591894724
a09,343,1,0,0.41072470711368053
a09,344,1,0,0.397393501743892
a09,345,1,1,0.9229480325921092
a09,346,1,0,0.4374030174782519
a09,347,1,1,0.8282749756778626
a09,348,1,1,0.6317308793841591
a09,349,1,0,0.30553146652386826
a09,350,1,0,0.44759704594287486
a09,351,1,0,0.4588066722351713
a09,352,1,1,0.5257980355913784
a09,353,1,0,0.17166026990396208
a09,354,1,0,0.32224922083819263
a09,355,1,0,0.3617482240891891
a09,356,1,0,0.350420945269629
a09,357,1,0,0.3409180866318398
a09,358,1,0,0.32843553873103115
a09,359,1,0,0.42381672223446604
a09,360,1,0,0.40448027888618765
a09,361,1,1,0.6180622183014189
a09,362,0,0,0.1464236676909018
a09,363,0,0,0.3197361279756962
a09,364,0,0,0.3187545589131745
a09,365,0,0,0.30962335444340716
a09,366,0,0,0.10362695393081992
a09,367,0,0,0.3643525080242923
a09,368,0,0,0.34234108243359673
a09,369,0,0,0.33257988951523854
a09,370,0,0,0.4492554064716256
a09,371,0,0,0.3684513369400109
a09,372,0,0,0.3770857832354482
a09,373,0,0,0.3612023366250385
a09,374,0,0,0.10814361211421433
a09,375,0,0,0.4110305183606508
a09,376,0,0,0.33826811084451924
a09,377,0,0,0.34994066889777997
a09,378,0,0,0.46110763792835385
a09,379,0,0,0.33208103625178714
a09,380,1,0,0.12118123895327847
a09,381,1,0,0.2774893303892417
a09,382,1,0,0.2937743452504368
a09,383,1,0,0.37828636101406155
a09,384,1,0,0.27748587859709006
a09,385,1,0,0.1137144792698722
a09,386,1,0,0.4739012022088314
a09,387,1,0,0.3241529614003589
a09,388,1,0,0.43229123052453444
a09,389,1,0,0.3819143080799586
a09,390,1,1,0.7423149083076417
a09,391,1,0,0.34617929978063583
a09,392,1,1,0.8395028431475485
a09,393,1,0,0.4153211586049859
a09,394,1,0,0.4175655898919538
a09,395,1,0,0.4398138753612691
a09,396,1,0,0.46345238983433135
a09,397,1,0,0.3803765508527728
a09,398,1,0,0.3242809197708789
a09,399,1,0,0.3466206183925639
a09,400,1,0,0.4039375576817288
a09,401,1,0,0.4814799218742261
a09,402,1,0,0.4684852778448719
a09,403,1,0,0.35119480760848576
a09,404,1,1,0.5473754226379762
a09,405,1,0,0.33519095687456757
a09,406,1,0,0.3180821002023317
a09,407,1,1,0.7064643788748936
a09,408,1,1,0.7876886166260216
a09,409,1,1,0.7510280211049065
a09,410,1,1,0.5563800722796332
a09,411,1,0,0.45998260203977703
a09,412,1,1,0.8230660245724017
a09,413,1,0,0.43722685266583533
a09,414,1,0,0.352558191117659
a09,415,1,0,0.3430125783358623
a09,416,1,1,0.7104359552215904
a09,417,1,1,0.8437014676085007
a09,418,1,0,0.43769151239411275
a09,419,1,1,0.6952142471291501
a09,420,1,1,0.7224937031221889
a09,421,1,0,0.37392719801193885
a09,422,1,1,0.7143139199454656
a09,423,1,0,0.3977470536767915
a09,424,1,0,0.39491587370697195
a09,425,1,0,0.37923731579377934
a09,426,1,0,0.40356484398451115
a09,427,1,0,0.40232107960189695
a09,428,1,0,0.3520975539953229
a09,429,1,0,0.16354429435284343
a09,430,1,1,0.8081882320470812
a09,431,1,0,0.480281624337527
a09,432,1,0,0.37773531736184046
a09,433,1,1,0.7346678499347978
a09,434,1,0,0.3469361901777767
a09,435,1,0,0.4819032986747044
a09,436,1,0,0.18667459822532387
a09,437,1,1,0.5204042158324937
a09,438,1,0,0.3820450267894523
a09,439,1,1,0.5414997513335597
a09,440,0,0,0.16085687564542292
a09,441,0,0,0.37386032380020284
a09,442,0,0,0.3870180470091964
a09,443,0,0,0.3845222273404954
a09,444,0,0,0.40776611416902325
a09,445,0,0,0.4789688456139664
a09,446,0,0,0.3928201937242844
a09,447,0,0,0.3210880627741064
a09,448,0,0,0.2661463940133906
a09,449,0,0,0.3385586754704969
a09,450,1,1,0.5257026940037973
a09,451,1,0,0.47941160045796233
a09,452,1,1,0.5582937500694515
a09,453,1,1,0.7735057094767721
a09,454,1,0,0.476855156233387
a09,455,1,0,0.12294821484261817
a09,456,1,0,0.49405829399772616
a09,457,1,0,0.38185311251876347
a09,458,1,0,0.43778971834991637
a09,459,1,0,0.4137711196851061
a09,460,1,0,0.3364590474172427
a09,461,1,0,0.35848113035712315
a09,462,1,1,0.7625800647474159
a09,463,1,0,0.3884120768343014
a09,464,1,0,0.3799206019450719
a09,465,1,1,0.913674323204524
a09,466,1,0,0.4467937343544019
a09,467,1,0,0.3932915682836509
a09,468,1,1,0.6199303415234979
a09,469,1,1,0.5902962635993277
a09,470,1,0,0.2408867247451578
a09,471,1,0,0.3698407548579387
a09,472,1,0,0.44762138704425253
a09,473,1,0,0.1626779273612457
a09,474,1,1,0.7571537841131531
a09,475,1,0,0.45633902865753606
a09,476,1,0,0.4750799811960388
a09,477,1,1,0.8134575533783667
a09,478,1,1,0.7284201259746179
a09,479,1,0,0.36344524570412684
a09,480,1,0,0.2250170915855391
a09,481,1,0,0.3664923969980949
a09,482,1,0,0.3631891762959915
a09,483,1,0,0.371857753986924
a09,484,1,0,0.3796275216715244
a09,485,1,0,0.4288075456800546
a09,486,1,0,0.18657954407274935
a09,487,1,0,0.4532428309570029
a09,488,1,1,0.8953996725093367
a09,489,1,1,0.5349064822095169
a09,490,1,1,0.8196729368819098
a09,491,1,0,0.3466790839715619
a09,492,1,0,0.4012124149099641
a09,493,1,0,0.45539934113199565
a09,494,1,1,0.596258364462477
a10,1,0,1,0.6828342323504244
a10,2,0,1,0.5437527961080747
a10,3,0,0,0.4500586997259392
a10,6,0,1,0.6887073213305663
a10,7,0,0,0.415789063687976
a10,9,0,1,0.5445120812274075
a10,10,0,1,0.5736274503189204
a10,11,0,0,0.4957535050330834
a10,12,0,0,0.45327842548550695
a10,13,0,0,0.31729790012774933
a10,14,0,0,0.37224233274561414
a10,15,0,1,0.5259513272367955
a10,16,0,1,0.5360365636972766
a10,17,0,1,0.6573184440881071
a10,18,0,0,0.017315066474432934
a10,19,0,0,0.28196006708554694
a10,20,0,0,0.36518872146140324
a10,21,0,0,0.26744696957474495
a10,22,0,0,0.44457500460930094
a10,23,0,0,0.2499869717028898
a10,26,0,0,0.47706425123077006
a10,28,0,0,0.2300184929969423
a10,29,0,0,0.27694087276089935
a10,30,0,0,0.36982604552121406
a10,31,0,1,0.5537672995438832
a10,32,0,1,0.5374913143888453
a10,34,0,0,0.286805612905163
a10,35,0,1,0.6061335835645323
a10,36,0,0,0.4151218704727566
a10,37,0,0,0.44807644840655636
a10,38,0,0,0.49786476401300395
a10,39,0,1,0.5478687021103451
a10,42,0,0,0.2853125885075809
a10,44,0,0,0.2975963621566425
a10,45,0,0,0.2040953953695352
a10,46,0,1,0.5465879896711445
a10,47,0,1,0.5021930786970711
a10,48,0,1,0.6163094277769495
a10,49,0,0,0.27297657024655486
a10,50,0,0,0.29819181998581307
a10,51,0,0,0.46864371812071626
a10,52,0,0,0.45181452018292223
a10,54,0,1,0.6255186840268492
a10,55,1,0,0.46400221259755464
a10,56,1,1,0.5364420786892025
a10,57,1,1,0.5371889691080768
a10,58,1,1,0.749017438854782
a10,59,1,0,0.2696027683426769
a10,60,0,1,0.5645975835363276
a10,61,0,1,0.9395327405270368
a10,62,0,1,0.5671611599316504
a10,63,0,1,0.8262816505774268
a10,64,0,1,0.5499637322212483
a10,65,0,1,0.5703496254609112
a10,66,0,1,0.5177603879562427
a10,67,0,1,0.5026586887052494
a10,68,0,1,0.5232123212051892
a10,70,0,0,0.49103468457099986
a10,71,0,0,0.3334698186714264
a10,72,0,1,0.5254138360061366
a10,73,0,1,0.5134888000505825
a10,77,0,0,0.3495270469598954
a10,78,0,0,0.39004436381233104
a10,79,0,0,0.32642525399808225
a10,81,0,0,0.43072807975614635
a10,82,0,1,0.554618396591457
a10,83,0,0,0.42647965210784594
a10,84,0,0,0.35059927283058373
a10,85,0,0,0.3466229788835625
a10,86,0,1,0.787948519964569
a10,87,0,0,0.4034557261597675
a10,88,0,1,0.5488396624977522
a10,89,0,0,0.30995977369128924
a10,90,0,0,0.3058048381017345
a10,92,0,0,0.42402520069241373
a10,93,0,1,0.5323739280065051
a10,94,0,0,0.29905561755111826
a10,95,0,0,0.33045527175030787
a10,96,0,0,0.3152296693855488
a10,97,0,0,0.38238236148067
a10,98,0,0,0.4810867235454274
a10,99,0,0,0.4608636029196166
a10,100,0,0,0.37222554855711126
a10,101,0,0,0.2620227996401648
a10,102,0,0,0.28111355098865887
a10,103,0,0,0.29193503348610383
a10,104,0,0,0.3546833219952655
a10,105,1,0,0.3531055287897938
a10,106,1,0,0.47766473686905836
a10,107,1,1,0.5099993998873653
a10,108,1,1,0.6358729753144314
a10,109,1,1,0.6348077858298088
a10,110,1,1,0.5559877496764607
a10,111,1,1,0.5752715055841812
a10,112,1,1,0.5832495504072236
a10,113,1,1,0.5918607241880451
a10,114,1,1,0.6012980702695885
a10,115,1,1,0.6383595233227535
a10,116,1,1,0.5932753472559339
a10,117,1,1,0.5863018070448892
a10,118,1,1,0.6847947386313619
a10,119,1,1,0.5967115270244164
a10,120,1,1,0.676156030912298
a10,121,1,1,0.6936610990566894
a10,122,1,1,0.5210845405528077
a10,123,1,1,0.6256994077958103
a10,124,1,1,0.6245900466696995
a10,125,1,1,0.5767876642809285
a10,126,1,1,0.6416058402001465
a10,127,1,1,0.5512572918502875
a10,128,1,1,0.6404089997686275
a10,129,1,0,0.2616122547373679
a10,130,0,0,0.35626648697284385
a10,131,0,0,0.3470075323818987
a10,132,0,0,0.3046692387139695
a10,133,0,0,0.40909606470312415
a10,134,0,0,0.3716581586208054
a10,135,0,0,0.2621100632157688
a10,136,0,0,0.32283440881601044
a10,137,0,0,0.3259120315682132
a10,138,0,0,0.29246761648408215
a10,139,0,0,0.3031355340658631
a10,140,0,0,0.4142793678878316
a10,141,0,0,0.297934814773982
a10,142,0,0,0.3432401678943626
a10,143,0,1,0.6476808162413499
a10,144,1,1,0.80830475062402
a10,145,0,1,0.5075696969408866
a10,146,0,1,0.528018433170277
a10,147,0,1,0.5820303763456377
a10,148,0,0,0.39986269673993174
a10,149,0,0,0.34923246769693606
a10,151,0,1,0.6126423095043693
a10,152,0,0,0.4371265718680915
a10,153,0,1,0.5178373811371537
a10,154,0,1,0.5673936280835521
a10,155,0,1,0.5790431687879645
a10,156,0,1,0.648307502090065
a10,157,0,0,0.3073304686277902
a10,158,0,0,0.2444518067875208
a10,159,0,0,0.3027597569797153
a10,160,0,0,0.4732889047350748
a10,161,0,1,0.6429259339510536
a10,162,0,0,0.3664863214263061
a10,163,0,0,0.3455768728871509
a10,164,0,0,0.40246003343536124
a10,165,0,0,0.4477739814216654
a10,166,0,0,0.4581861661970987
a10,167,0,0,0.3169493569409512
a10,168,0,0,0.39692795428619226
a10,169,0,1,0.750112552180654
a10,171,0,0,0.36531327172149836
a10,172,0,0,0.2848876930088127
a10,173,0,0,0.44920064128817255
a10,174,0,1,0.606503035370382
a10,175,0,0,0.37126314049951276
a10,176,0,0,0.40570859774449675
a10,177,0,0,0.35544948730524245
a10,178,0,0,0.25672944246089857
a10,179,0,0,0.33723181931560636
a10,180,0,1,0.5039228789360932
a10,181,0,0,0.3649440703358548
a10,182,0,0,0.36320721720145555
a10,183,0,0,0.40575372426028744
a10,184,0,0,0.2908532085782461
a10,185,0,0,0.25038370376955077
a10,186,0,0,0.289919370160236
a10,187,0,1,0.5313703400364336
a10,188,0,1,0.5904241203984146
a10,189,0,1,0.5689604534517586
a10,190,0,0,0.3035693990688674
a10,191,0,1,0.7282957685478255
a10,193,0,1,0.555935520137975
a10,194,0,0,0.3820792471472591
a10,195,0,0,0.26742089120160406
a10,196,0,0,0.20227064324243926
a10,197,0,0,0.176888278348153
a10,198,0,0,0.38450334183134616
a10,199,0,0,0.4712894962856387
a10,200,0,0,0.39929655428167377
a10,201,0,0,0.49037022054406626
a10,202,0,0,0.25182795284494985
a10,203,0,0,0.2479645074486163
a10,204,0,0,0.3159749872536824
a10,205,0,0,0.3074077023813948
a10,206,0,0,0.2815872286198076
a10,207,0,0,0.25557396285792566
a10,208,0,0,0.2864424443351709
a10,209,0,0,0.4742471523997016
a10,210,0,0,0.19859543334464302
a10,211,0,0,0.34899640103442875
a10,212,0,0,0.39029624749116465
a10,213,0,1,0.6365921852310179
a10,214,0,0,0.35979832094457376
a10,215,0,0,0.3861589697339773
a10,216,0,0,0.40735200593628446
a10,217,0,1,0.5193146179081213
a10,218,1,1,0.5227125325176387
a10,219,1,1,0.5627538512254868
a10,220,0,1,0.5719281875187873
a10,221,1,0,0.235454048407243
a10,222,0,1,0.6318890538501586
a10,224,0,1,0.5844502006717947
a10,225,1,1,0.5418500181493671
a10,226,1,0,0.42187649169878005
a10,227,0,1,0.6666256455585234
a10,228,0,0,0.4779568021899052
a10,229,0,1,0.6025945316219159
a10,230,0,1,0.5839464184321885
a10,231,0,1,0.5964479102466652
a10,232,1,1,0.6571166419348144
a10,233,1,1,0.6958385033968553
a10,234,1,1,0.5532086887826773
a10,235,1,1,0.6493867527060551
a10,236,1,1,0.5964732344456105
a10,237,1,1,0.5895970886251959
a10,238,1,1,0.7941182561160933
a10,239,0,1,0.884947673979439
a10,240,0,0,0.3192056115316714
a10,242,0,0,0.34295922643986737
a10,243,0,0,0.44649154004934827
a10,245,0,0,0.37570775187506766
a10,246,0,1,0.5032031302529278
a10,248,0,1,0.6668400503256211
a10,249,0,0,0.357057901861865
a10,250,0,0,0.39092797062459517
a10,251,0,0,0.49190434257850923
a10,253,0,0,0.43165733838158205
a10,254,0,1,0.5759251536004902
a10,256,0,1,0.8772644890701613
a10,257,0,0,0.29442491246501035
a10,258,0,0,0.3038970076689793
a10,259,0,0,0.4089924127425748
a10,260,0,1,0.6823653095557718
a10,261,0,1,0.6250307277327218
a10,262,0,1,0.6686011838190765
a10,263,0,1,0.6531125432724527
a10,264,1,0,0.2590331830602219
a10,265,0,0,0.4104485239094046
a10,266,0,0,0.3399126761443958
a10,267,0,0,0.3912371354622963
a10,268,0,0,0.3325377433477369
a10,269,0,0,0.46668320526901624
a10,270,0,1,0.5158243544905003
a10,271,0,1,0.5176153005191719
a10,272,0,0,0.30114167355508603
a10,273,0,1,0.8567777393183742
a10,274,1,1,0.6032569973583466
a10,275,1,0,0.3001254620732009
a10,276,0,0,0.3694442469105982
a10,277,0,1,0.5511047531882564
a10,278,0,0,0.4048683657499244
a10,280,0,0,0.34836155810985553
a10,281,0,0,0.4049600116562052
a10,282,0,0,0.37556964283658173
a10,283,0,1,0.5222569872142827
a10,284,0,1,0.5255851946328586
a10,285,0,0,0.34436575920737816
a10,286,0,0,0.31074451430067523
a10,287,0,0,0.39591935705681247
a10,289,0,0,0.2959349329296561
a10,290,0,0,0.21699799911239775
a10,291,0,1,0.7042303901775576
a10,293,0,0,0.3651249664243672
a10,295,0,0,0.2727910918655502
a10,297,0,0,0.39493047224048267
a10,298,0,0,0.3216101135817544
a10,299,0,0,0.2852047209006265
a10,301,0,0,0.2890968643391475
a10,302,0,0,0.38786451319688076
a10,303,0,0,0.22936002678156475
a10,304,0,0,0.23731863047758545
a10,305,0,0,0.22191892424156423
a10,306,0,0,0.41433081039542985
a10,309,0,0,0.34030857273220133
a10,310,0,0,0.24460162216278805
a10,311,0,0,0.3859439419804798
a10,313,0,0,0.3462828236377631
a10,314,0,0,0.47566069196455857
a10,315,0,0,0.30170631691194333
a10,316,0,0,0.22897246061626314
a10,317,0,0,0.294135320895762
a10,318,0,0,0.4605638251188113
a10,319,0,0,0.27815252396952633
a10,320,0,0,0.32154453349178075
a10,321,0,1,0.5851219702026365
a10,322,0,1,0.5471980159511688
a10,323,1,1,0.5395357814855994
a10,324,1,1,0.6062572911171018
a10,325,0,0,0.3276574622034421
a10,326,0,0,0.40310576960053524
a10,327,0,0,0.4057381189981916
a10,328,0,1,0.5333854091664564
a10,329,0,0,0.4459862554704056
a10,330,0,0,0.4267614485855252
a10,331,0,0,0.43020022337343244
a10,332,0,0,0.4973173680110431
a10,333,0,1,0.8054422115482629
a10,334,0,0,0.25516764344155085
a10,335,0,0,0.37570644171863915
a10,336,0,0,0.49666517038424235
a10,338,0,0,0.4692215728641921
a10,339,0,0,0.38159716354931145
a10,340,0,0,0.3805430488215771
a10,341,0,0,0.4593918898958329
a10,342,0,0,0.4185262037933722
a10,343,0,0,0.40716231911056033
a10,345,0,0,0.3518931214258738
a10,346,0,0,0.43374594523252147
a10,348,0,0,0.3419467620268353
a10,349,0,0,0.4444891640138366
a10,350,0,0,0.3820727919655445
a10,351,0,0,0.3826589889316204
a10,352,0,0,0.3636349740095613
a10,353,0,0,0.4657967248738366
a10,354,0,0,0.4624757258744927
a10,355,0,0,0.4832277127798245
a10,356,0,1,0.6715948711861871
a10,357,0,1,0.6714584168297728
a10,359,0,1,0.5147150136876355
a10,360,0,0,0.25423115896220644
a10,361,0,1,0.9257150492518164
a10,362,1,1,0.5032631831115111
a10,363,1,1,0.5185439107645388
a10,364,1,1,0.5259649725943749
a10,365,1,0,0.43456206819223236
a10,366,1,1,0.8975138316849094
a10,367,1,1,0.9254449780785994
a10,369,0,0,0.47862155792534633
a10,370,1,1,0.5225593695738027
a10,372,0,0,0.3373795169662364
a10,373,0,0,0.3889034318426908
a10,374,0,1,0.5533182270287538
a10,376,0,0,0.3034991236462426
a10,377,0,0,0.30870873275219546
a10,378,0,1,0.5829041064665301
a10,379,0,1,0.8258936741923962
a10,380,0,1,0.5404364365885042
a10,381,0,1,0.5865753047561311
a10,383,0,0,0.39404843581969173
a10,385,0,0,0.3767295873327164
a10,387,0,0,0.34712918658043934
a10,388,0,1,0.5125851193677713
a10,389,0,1,0.7582999342349933
a10,390,0,1,0.6552831871399261
a10,391,0,1,0.5866615524268093
a10,392,0,0,0.4722892593408637
a10,393,0,1,0.5035369767157961
a10,394,0,1,0.7022395139972697
a10,395,0,0,0.4158299242727504
a10,396,0,1,0.6419834194254886
a10,397,0,0,0.45656232678875674
a10,398,1,1,0.5362308552063882
a10,399,1,1,0.7176082882207082
a10,400,1,0,0.29431292169964485
a10,401,0,1,0.5218412585266007
a10,402,0,0,0.4747771713449111
a10,405,0,1,0.5717310402764487
a10,406,0,0,0.4692733528087866
a10,407,0,1,0.5752965643183033
a10,408,0,1,0.5544571651117421
a10,409,0,0,0.4579256048340251
a10,410,0,0,0.390692511042489
a10,411,0,1,0.9496345818894122
a10,412,0,1,0.54181443765451
a10,413,0,1,0.6540397620334059
a10,414,1,1,0.7535385177340999
a10,415,1,1,0.7292750872909454
a10,416,1,1,0.813667606845801
a10,417,1,0,0.41392656941703054
a10,418,1,0,0.40117575427579716
a10,419,1,1,0.9463384965767332
a10,420,1,0,0.2732769353827339
a10,421,0,0,0.2402367242331648
a10,422,0,0,0.2420998506679023
a10,425,0,0,0.3166930535759988
a10,426,0,0,0.49897057993227123
a10,427,0,1,0.5101319549972413
a10,428,0,1,0.5186555728681792
a10,430,0,0,0.3919642134971803
a10,431,0,1,0.5276097513718534
a10,432,0,0,0.3760433310650551
a10,433,0,1,0.6728528098487003
a10,434,0,1,0.6958583279425377
a10,435,0,0,0.39091367841958047
a10,436,0,1,0.5838761511738008
a10,437,0,0,0.3429639121629045
a10,438,0,0,0.4217622730678989
a10,439,0,0,0.3466021815302836
a10,440,0,0,0.2508302432320093
a10,441,0,0,0.4032695379378047
a10,442,0,0,0.41789209019525764
a10,443,0,0,0.31312942957159523
a10,444,0,0,0.3261086822359878
a10,445,0,1,0.7452847261282536
a10,446,1,0,0.489270315965101
a10,447,1,1,0.604313075591387
a10,448,1,1,0.6724113528733455
a10,449,1,1,0.6367788381073106
a10,450,1,1,0.9235362276149839
a10,451,1,1,0.6653122808284889
a10,452,1,1,0.8258215896472355
a10,453,1,1,0.6410451278884973
a10,454,1,1,0.780129924601276
a10,455,1,1,0.7611081874908295
a10,456,1,1,0.6539432791904431
a10,457,1,1,0.6892182768034528
a10,458,1,0,0.37360804672787007
a10,459,0,0,0.3328180650600545
a10,460,0,0,0.4166662833898751
a10,461,0,1,0.5211680743493572
a10,462,1,1,0.5319823631872361
a10,463,1,1,0.7206658147720663
a10,464,1,0,0.4467493596885831
a10,465,0,1,0.5291750037647486
a10,466,0,1,0.8779437152313235
a10,467,1,1,0.5017482324121949
a10,468,0,1,0.5329092932271965
a10,469,0,1,0.533354316489578
a10,470,0,0,0.32489139902058023
a10,472,0,0,0.30306297931525306
a10,473,0,0,0.3092673931016941
a10,475,0,1,0.5299531537823793
a10,476,0,0,0.3603989308571561
a10,477,0,1,0.5122438643992187
a10,479,0,0,0.3758810849228565
a10,480,0,0,0.3590126514316236
a10,481,0,0,0.26550104794578056
a10,482,0,1,0.869746151219008
a10,483,0,0,0.45255806696165374
a10,484,0,1,0.8815341932957735
a10,485,0,0,0.3630840099568706
a10,486,0,1,0.5644979266316678
a10,487,0,0,0.49807642440808625
a10,488,0,1,0.5637997806445523
a10,489,0,1,0.5174962263868522
a10,490,0,1,0.5275848618118929
a10,491,0,1,0.546461901364196
a10,492,0,1,0.8902766418513558
a10,493,0,1,0.7002242111041841
a10,494,0,1,0.8415714412023977
a10,495,0,0,0.3088548657997116
a10,496,0,1,0.8312666276318049
a10,497,0,1,0.8144801525647745
a10,498,0,1,0.6715358409187422
a10,499,0,1,0.8588249622139209
a10,500,1,1,0.6727293062100564
a10,501,1,0,0.32275055448220336
a10,502,1,1,0.6787874502532399
a10,503,1,1,0.9381279785383888
a10,504,1,1,0.6064963746166998
a10,505,1,1,0.5260420275341452
a10,506,1,1,0.840884043647309
a10,507,1,1,0.7803346681131016
a10,508,1,1,0.6507685885000674
a10,509,1,1,0.922192033798738
a10,510,1,1,0.6007520856721736
a10,511,1,0,0.43015612004566633
a10,512,1,1,0.7873147232836741
a10,515,1,1,0.6823276845755561
a10,516,1,1,0.6126610215015651
a11,1,0,0,0.3675430170623524
a11,2,0,0,0.4356362521940593
a11,3,0,0,0.40194818833150053
a11,4,0,1,0.5599997783248168
a11,5,0,0,0.3529593209022633
a11,6,0,0,0.3968188077030876
a11,7,0,0,0.3606619408536405
a11,8,0,0,0.23970580339970157
a11,9,0,0,0.33352906519954384
a11,10,0,1,0.685258059261225
a11,11,0,0,0.3112670757228156
a11,12,0,0,0.39706300066990213
a11,13,0,0,0.3992505768368845
a11,14,0,0,0.3938668789360548
a11,15,0,0,0.3319606279987879
a11,16,0,0,0.329984835119209
a11,17,1,0,0.42970730515521566
a11,18,1,0,0.2916236139300017
a11,19,1,0,0.44286735524971527
a11,20,1,0,0.354069688757277
a11,21,1,0,0.395318217317255
a11,22,1,0,0.2802593329516296
a11,23,1,0,0.3971129491042809
a11,24,1,0,0.3002511145970529
a11,25,0,0,0.43953242666316206
a11,26,0,0,0.39613108440553546
a11,27,0,0,0.47159064905608794
a11,28,0,0,0.39199615916744646
a11,29,0,0,0.384894937099917
a11,30,0,0,0.3396392159354522
a11,31,0,0,0.2810675672472253
a11,32,0,0,0.3098296894360046
a11,33,0,0,0.2959658940479549
a11,34,0,0,0.35793516612196463
a11,35,0,0,0.25383256251106234
a11,36,0,0,0.2630348186276007
a11,37,0,0,0.3022843071793442
a11,38,0,0,0.36808820861926533
a11,39,0,0,0.3503057528100965
a11,40,0,0,0.23818738528654745
a11,41,0,0,0.34956081397733835
a11,42,0,0,0.26374590380293256
a11,43,0,0,0.28918541880989496
a11,44,0,0,0.3269093031630272
a11,45,0,0,0.3085930798656454
a11,46,0,0,0.2626796715596374
a11,47,0,0,0.2660892688157174
a11,48,0,0,0.29384078013309967
a11,49,0,0,0.3264974557553561
a11,50,0,0,0.2733303925034323
a11,51,0,0,0.28734300176576866
a11,52,0,0,0.37377344444591304
a11,53,0,0,0.32873857593546835
a11,54,0,0,0.34397898159160206
a11,55,0,0,0.21807253182668548
a11,56,0,0,0.2633767988135601
a11,57,0,0,0.2862326778804555
a11,58,0,0,0.2359333826027629
a11,59,0,0,0.17601962617403558
a11,60,0,0,0.26147463959062434
a11,61,0,0,0.20825979401367523
a11,62,0,0,0.3366790385807596
a11,63,0,0,0.3568796613941329
a11,64,0,0,0.1730459780398547
a11,65,0,0,0.212145045204583
a11,66,0,0,0.15537656509888811
a11,67,0,0,0.3372031231298424
a11,68,0,0,0.2781310923592349
a11,69,0,0,0.26511555661271957
a11,70,0,0,0.38542100568262916
a11,71,0,0,0.27845030710146057
a11,72,0,0,0.3259633617484042
a11,73,0,0,0.3343354518481402
a11,74,0,0,0.32221929426241547
a11,75,0,0,0.28985153922013357
a11,76,0,0,0.29801575752513376
a11,77,0,0,0.2395052871572866
a11,78,0,0,0.3285000664078129
a11,79,0,0,0.32393046054820773
a11,80,0,0,0.22348784406088373
a11,81,0,0,0.25285907227022725
a11,82,0,0,0.2786604752189919
a11,83,1,0,0.4106258940190029
a11,84,1,0,0.4274968736311321
a11,85,1,0,0.46740840257685057
a11,86,1,1,0.5717529495828921
a11,87,1,0,0.4489276632768399
a11,88,1,0,0.34501145522042886
a11,89,1,0,0.35888040994088827
a11,90,1,0,0.24592897243212325
a11,91,1,1,0.59478486345882
a11,92,1,0,0.2799202347706566
a11,93,1,0,0.397665368862142
a11,94,0,1,0.5798230470018663
a11,95,0,0,0.2343685192753211
a11,96,0,0,0.3723042676528104
a11,97,0,0,0.3043456787111917
a11,98,0,0,0.3395525127650469
a11,99,0,0,0.2894965716900628
a11,100,1,0,0.38416005196359826
a11,101,1,0,0.29347013085175866
a11,102,1,0,0.3055931113481458
a11,103,1,0,0.3251012072750482
a11,104,1,0,0.35293834008609076
a11,105,1,0,0.39995027829510543
a11,106,1,0,0.32374032392974217
a11,107,1,0,0.441755001934316
a11,108,1,0,0.39762984775696
a11,109,1,0,0.38159002784284063
a11,110,1,0,0.31152699137000633
a11,111,1,0,0.4751458837961297
a11,112,1,0,0.39319193763882715
a11,113,1,0,0.4208656398711154
a11,114,1,0,0.4384231380378265
a11,115,1,0,0.4310267384667961
a11,116,1,1,0.5022049082711552
a11,117,1,0,0.4649535796857755
a11,118,1,0,0.44497011435120165
a11,119,1,0,0.4289616251384565
a11,120,1,0,0.3016311181448993
a11,121,1,0,0.4068429258845986
a11,122,1,0,0.4481261011404896
a11,123,1,0,0.4439109451887104
a11,124,1,1,0.5039975989276438
a11,125,1,0,0.41980271317527895
a11,126,1,0,0.4423445881570884
a11,127,1,0,0.3846956407685414
a11,128,0,0,0.34871841116497093
a11,129,0,0,0.33982317817618507
a11,130,0,0,0.3450520255862936
a11,131,0,0,0.36169955694901956
a11,132,0,1,0.7131120766928718
a11,134,0,0,0.3544368214970281
a11,135,0,0,0.3326880363088844
a11,136,0,0,0.28478037615901813
a11,137,0,0,0.2535221326728724
a11,138,0,0,0.38079937153092736
a11,139,0,0,0.23242790092488685
a11,140,0,0,0.19233543302817932
a11,141,0,0,0.204512880335606
a11,142,0,0,0.1854454186094411
a11,144,0,0,0.355019107106754
a11,145,0,0,0.2955501903749966
a11,146,0,0,0.29591279260351244
a11,147,0,0,0.2419075161392397
a11,148,0,0,0.25065419587152354
a11,149,0,0,0.17292925468173742
a11,150,0,0,0.24178823452702705
a11,151,0,0,0.30955573908397815
a11,152,0,0,0.3290720610769157
a11,153,0,0,0.3495993414637862
a11,154,0,0,0.2034906665840959
a11,155,0,0,0.25990808547155253
a11,156,0,0,0.13900743546913932
a11,157,0,0,0.35941153366086087
a11,158,0,0,0.3071080597493578
a11,159,0,0,0.3885111029387815
a11,160,0,0,0.36687173130558315
a11,161,0,0,0.2732180638723872
a11,162,0,0,0.26085017582319253
a11,163,0,0,0.309945029339942
a11,164,0,0,0.3358180010862496
a11,165,0,0,0.297250488110622
a11,166,0,0,0.31007941962588287
a11,167,0,0,0.3319278618528024
a11,168,0,0,0.3653610145955518
a11,169,0,0,0.3928756356643542
a11,170,0,0,0.24821732225139428
a11,171,0,0,0.26794263285311415
a11,172,0,0,0.19692162124351129
a11,173,0,0,0.19406921836181495
a11,174,0,0,0.251779630825689
a11,175,0,0,0.3900890664520834
a11,176,0,0,0.2370757528413651
a11,177,0,0,0.3247577141888293
a11,178,0,0,0.34665077266619626
a11,179,0,0,0.2372913843358147
a11,180,0,0,0.31699737513170045
a11,181,0,0,0.2847261250193931
a11,182,0,0,0.2890940866835188
a11,183,0,0,0.2404272606630678
a11,184,0,0,0.20814574382474482
a11,185,0,0,0.3009527070762965
a11,186,0,0,0.25208824637523486
a11,187,0,0,0.32271938153296537
a11,188,0,1,0.7442627775003084
a11,189,1,0,0.31731067028131205
a11,190,1,0,0.29181497588887323
a11,191,1,0,0.26792285932967297
a11,192,1,1,0.524100071983512
a11,193,1,0,0.45319422799152714
a11,194,1,0,0.32903652992544213
a11,195,1,0,0.30802174416270633
a11,196,1,0,0.2982439244801751
a11,197,1,0,0.3598204772266991
a11,198,1,0,0.45426619490641285
a11,199,1,0,0.3103544170413897
a11,200,1,0,0.29306473397942545
a11,201,1,0,0.3183573200619589
a11,202,1,0,0.34025606509789963
a11,203,1,0,0.32300737629090687
a11,204,1,0,0.3991071432969893
a11,205,1,0,0.39469407688202185
a11,206,1,0,0.48975285709466615
a11,207,1,0,0.43735910863707567
a11,208,1,0,0.2494177657594125
a11,209,1,0,0.4279648868308053
a11,210,1,0,0.27772031970516087
a11,211,1,0,0.4916097020919823
a11,212,1,1,0.6063363928407063
a11,213,1,0,0.32572846419949153
a11,215,1,1,0.5287923967578783
a11,216,1,0,0.2544436075568227
a11,217,1,0,0.4173264991238188
a11,218,1,0,0.3796324203150408
a11,219,0,0,0.48985704985497325
a11,220,0,0,0.2678399703021761
a11,221,0,1,0.5034886333148536
a11,222,0,0,0.3323424307566845
a11,223,0,0,0.4277135658930053
a11,224,0,0,0.3353134150988721
a11,225,1,0,0.3450896317649368
a11,226,1,0,0.3892839481508756
a11,227,1,0,0.34686638785980933
a11,229,1,0,0.3248386048183899
a11,230,1,0,0.4150335007390083
a11,231,1,1,0.5567078691608692
a11,232,1,0,0.4297997584659056
a11,233,1,1,0.5473526817517396
a11,234,1,0,0.2725352055367064
a11,235,1,0,0.3634930913312956
a11,236,1,0,0.3499798505238856
a11,237,1,0,0.20995340491765935
a11,238,1,1,0.551074913810143
a11,240,1,0,0.4687819219577996
a11,241,1,0,0.3261429262601703
a11,242,1,0,0.24015929252373713
a11,243,1,0,0.366680147395481
a11,244,1,0,0.4171667702673269
a11,246,1,0,0.4322071216776453
a11,248,1,1,0.5059046907167566
a11,249,1,1,0.5232279420449293
a11,250,1,0,0.38980929889259586
a11,251,1,1,0.5010327019761752
a11,252,1,0,0.48562904134419604
a11,253,1,1,0.5343805268139257
a11,254,1,0,0.3789932175176196
a11,255,1,1,0.522044356378161
a11,256,1,0,0.4779190018322872
a11,257,0,0,0.2529180990069971
a11,258,0,0,0.46731157137262713
a11,259,0,0,0.2814218009375315
a11,260,0,0,0.2874074012938733
a11,261,0,0,0.3896137271172692
a11,262,0,0,0.2869328232445308
a11,263,0,0,0.3934331327257427
a11,264,0,0,0.21998582382112192
a11,265,0,0,0.24833756769969478
a11,266,0,0,0.3194924901155793
a11,267,0,0,0.31300747543624563
a11,269,0,0,0.3478843639010926
a11,270,0,0,0.19089324694987764
a11,271,0,0,0.29969314916330037
a11,272,0,0,0.3100606513530686
a11,273,0,0,0.3395608339339252
a11,274,0,0,0.21882450612553944
a11,275,0,0,0.2507549826240873
a11,276,0,0,0.2539040471037944
a11,277,0,0,0.45100806064142446
a11,278,0,0,0.31793215741514264
a11,279,0,0,0.17711942089722726
a11,280,0,0,0.263087352989631
a11,282,0,0,0.3590182385798709
a11,283,0,0,0.14582185117240276
a11,284,0,0,0.1655762036253307
a11,285,0,0,0.25379757179270296
a11,286,0,0,0.2693535993061471
a11,287,0,0,0.32012493849813534
a11,288,0,0,0.20756465615929567
a11,289,0,0,0.2707099337500807
a11,290,0,0,0.1415274194364315
a11,291,0,0,0.1993948116839931
a11,292,0,0,0.31770803427755034
a11,293,0,0,0.13975253352497366
a11,294,0,0,0.2905564721536107
a11,295,0,0,0.18599535589178798
a11,296,0,0,0.29063777511016625
a11,298,0,0,0.11330843304174491
a11,299,0,0,0.36819891591410187
a11,300,0,0,0.32515983496514334
a11,301,0,0,0.32897875509303254
a11,302,0,0,0.3283071965908445
a11,303,0,0,0.18560577813202628
a11,304,0,0,0.180356603729394
a11,305,0,0,0.23581803561154602
a11,306,0,0,0.2890058370895767
a11,307,0,0,0.4078831080305216
a11,308,0,0,0.3141064419938804
a11,309,0,0,0.23990192272573443
a11,310,0,0,0.30314052818797343
a11,311,0,0,0.2507949642729892
a11,312,0,0,0.43237175317985904
a11,313,0,0,0.4000955197164795
a11,314,0,0,0.2948066957342257
a11,315,0,0,0.1918699694094887
a11,316,0,0,0.25828250871734654
a11,318,0,0,0.1977929429202318
a11,319,0,0,0.17955035953724693
a11,320,0,0,0.33807554331384393
a11,321,0,0,0.23291402298510985
a11,322,0,0,0.38643303274974367
a11,323,0,0,0.4960802159835049
a11,324,0,1,0.7759045835133804
a11,325,0,0,0.2764250549271233
a11,326,0,0,0.40281164579551926
a11,327,0,0,0.33365172292498885
a11,328,0,0,0.48327640066106775
a11,329,0,0,0.3935400724058349
a11,330,0,0,0.23930248134154677
a11,331,0,0,0.2357654942399655
a11,332,0,0,0.341145512962425
a11,333,0,0,0.2896160643071469
a11,334,0,0,0.23186798534627487
a11,335,0,1,0.6301912064147451
a11,336,0,1,0.6535102005243532
a11,337,0,0,0.38402846483388225
a11,338,0,1,0.5675475517186179
a11,339,0,0,0.12775384112948307
a11,340,0,0,0.18925654405561165
a11,341,0,1,0.7051926607326324
a11,342,0,0,0.30850426425453126
a11,343,0,0,0.2696685771581193
a11,345,1,0,0.2569916766779083
a11,346,1,0,0.3455015483929622
a11,347,1,0,0.21325731350153543
a11,349,1,0,0.3082669027559162
a11,350,1,0,0.4925255052338775
a11,351,1,0,0.2978410884061979
a11,352,1,0,0.2489156393862163
a11,353,1,0,0.1580340638621759
a11,354,1,0,0.365496898012821
a11,355,1,0,0.2505155989716278
a11,356,1,0,0.3917164888122805
a11,357,1,0,0.29313132270819653
a11,358,1,0,0.30164621621286175
a11,359,1,0,0.3119124898461555
a11,360,1,0,0.42016847221842774
a11,361,1,0,0.4776185160782375
a11,362,1,0,0.4148345880907701
a11,363,1,0,0.4421374697433808
a11,364,1,0,0.4478095525709967
a11,365,1,0,0.3221222747777878
a11,366,1,0,0.2636124678119266
a11,367,1,0,0.4505918986421919
a11,368,1,0,0.35611243250885116
a11,369,1,0,0.25684291173230983
a11,370,1,0,0.3312051087197339
a11,371,1,0,0.4513963991738232
a11,372,1,1,0.632949024844103
a11,373,1,0,0.3896721123092952
a11,374,1,0,0.39743689015100614
a11,375,1,0,0.4148610919174024
a11,376,1,0,0.39006001735321505
a11,377,1,0,0.4300301188200282
a11,378,1,0,0.28525258217625254
a11,379,1,0,0.29144726798680337
a11,380,1,1,0.5833110290723958
a11,381,1,0,0.4383217979540223
a11,382,1,1,0.6397505687008926
a11,383,1,0,0.2567986454294948
a11,384,1,1,0.6625199244293948
a11,385,1,0,0.326143688620303
a11,386,1,0,0.4038233379368647
a11,387,1,0,0.3549237310775991
a11,388,1,0,0.4069061545874529
a11,389,1,0,0.3682598889264013
a11,390,1,0,0.3853663414241934
a11,391,1,1,0.5385942160234698
a11,393,1,1,0.5540360648075565
a11,394,1,0,0.29552800717325595
a11,395,1,0,0.34887127752272656
a11,396,1,0,0.4467145480237184
a11,397,1,0,0.32282977117053374
a11,400,1,1,0.6346709174821881
a11,401,1,0,0.40994856821761205
a11,402,1,0,0.4737577964243775
a11,403,1,1,0.5804018414573631
a11,404,1,0,0.45388061979440186
a11,405,1,0,0.32065390168588775
a11,406,1,0,0.28115279357174616
a11,407,1,0,0.2915201671342712
a11,408,1,0,0.32426903957312697
a11,409,1,0,0.36263580290249087
a11,410,1,0,0.2997509710396525
a11,411,1,0,0.48887575605477107
a11,412,1,0,0.18629141898151824
a11,413,1,0,0.2474668272737474
a11,416,1,0,0.296014903565154
a11,418,0,0,0.24238965701722265
a11,420,0,0,0.1420435078851012
a11,421,0,0,0.23906904444369104
a11,422,0,0,0.21895355855652643
a11,425,0,0,0.19148023804671607
a11,427,1,0,0.17535490469783305
a11,428,1,0,0.4237130323465798
a11,429,1,0,0.11008440277648406
a11,430,1,0,0.12556925353452475
a11,431,1,0,0.1735224859590808
a11,432,1,0,0.15964989782911113
a11,433,1,0,0.3524245373979005
a11,434,1,0,0.3695037982007302
a11,436,1,0,0.193155452543379
a11,437,1,0,0.3802966931169479
a11,439,1,0,0.31018859891855766
a11,440,1,0,0.42109465230201126
a11,442,1,0,0.26908060087936153
a11,443,1,0,0.24380832578505715
a11,444,1,1,0.6332331859968326
a11,445,1,0,0.37401059285609645
a11,446,1,0,0.1415842430661711
a11,447,1,0,0.2690152853435941
a11,448,1,0,0.29512635594771947
a11,449,1,0,0.48942181764193465
a11,450,1,0,0.4097192128316376
a11,451,1,0,0.3339041509305149
a11,452,1,0,0.3150570460333655
a11,453,1,1,0.7532377757501888
a11,454,1,0,0.37096925820604554
a11,455,1,0,0.39649975211221994
a11,456,1,0,0.13389894652621617
a11,457,1,0,0.1771488424942062
a11,458,1,0,0.14573081938773325
a11,459,1,0,0.3404227305309481
a11,460,1,0,0.2225278740861875
a11,461,1,0,0.3467150543036331
a11,462,1,0,0.47553893264312025
a11,463,1,0,0.2932640625072047
a11,464,1,0,0.46427048735428794
a11,465,1,0,0.3219059296670823
a12,1,0,0,0.39429639627893326
a12,2,0,0,0.46712406536090156
a12,3,0,0,0.13315977115736127
a12,4,0,0,0.06840269145926905
a12,5,0,0,0.4778363631534818
a12,6,0,0,0.37373886530694383
a12,7,0,0,0.46805573410698836
a12,8,0,0,0.12126665160256436
a12,9,0,0,0.449242050409324
a12,10,0,0,0.46111956489950495
a12,11,0,0,0.12425673618139065
a12,12,0,0,0.3321155791465328
a12,13,0,0,0.4383092154605944
a12,14,0,0,0.20467133093771347
a12,15,0,1,0.50927115063426
a12,16,0,1,0.5430544386560888
a12,17,0,0,0.48321039568998575
a12,18,0,1,0.5252744887427678
a12,19,1,0,0.4383230015595133
a12,20,1,0,0.3625366786757121
a12,21,1,0,0.32357559530935726
a12,22,1,0,0.33323257999375233
a12,23,1,0,0.3564152600104543
a12,24,1,0,0.29730288912607056
a12,25,1,0,0.49071038565775454
a12,26,1,0,0.3241724270213201
a12,27,1,0,0.08753160680020092
a12,28,1,0,0.40043842647075234
a12,29,1,0,0.43776711115958983
a12,30,1,0,0.37181562827024817
a12,31,1,0,0.09586461383061119
a12,32,1,0,0.11069150020437965
a12,33,1,0,0.3443994136849467
a12,34,1,0,0.19182368816686138
a12,35,1,0,0.44318086794480993
a12,36,1,0,0.09583196821358266
a12,37,1,0,0.16281756449714616
a12,39,1,0,0.13052170146747827
a12,40,1,0,0.17155519180911316
a12,41,1,0,0.09869088093801541
a12,42,1,0,0.08770343195115358
a12,43,1,0,0.07785800851118463
a12,44,1,0,0.07168174205902217
a12,45,1,0,0.08290152108217165
a12,46,1,0,0.08748840193785933
a12,47,1,0,0.09099343186328322
a12,48,1,0,0.11483156660419554
a12,49,1,0,0.08552070792688185
a12,50,1,0,0.14404783154648934
a12,51,1,0,0.11506098324453974
a12,52,1,0,0.23470422669961838
a12,53,1,0,0.38261160829588947
a12,54,1,0,0.44016016007983544
a12,55,1,0,0.342900797982654
a12,56,1,0,0.32130058287423713
a12,57,1,0,0.12264968101735169
a12,58,1,0,0.12679994404970346
a12,59,1,0,0.39953834451702647
a12,60,1,0,0.18165777386149623
a12,61,1,0,0.4709633024264049
a12,62,1,0,0.4809602002143877
a12,63,1,0,0.48557287541260136
a12,64,1,0,0.484116529069599
a12,65,1,0,0.4708748407638592
a12,66,1,0,0.4464269008288399
a12,67,1,0,0.3735647797874101
a12,68,1,1,0.5433748625847329
a12,69,1,1,0.6495282585999232
a12,70,1,1,0.5308677372237538
a12,71,1,1,0.6052505341884069
a12,72,1,0,0.15115665762240885
a12,73,1,1,0.6034287284977948
a12,74,1,1,0.5776465282807365
a12,75,1,0,0.39330975412196256
a12,76,1,0,0.2606360833952597
a12,77,1,0,0.38843976796776464
a12,78,1,1,0.6312600156144481
a12,79,1,0,0.40396497069823584
a12,80,1,1,0.6495972436665474
a12,81,1,1,0.6369307906178404
a12,82,1,1,0.678176942911625
a12,83,1,0,0.3028186801206737
a12,84,1,0,0.29753103226347977
a12,85,1,0,0.3918544415791479
a12,86,1,1,0.5795323031141311
a12,87,1,1,0.6307030577310231
a12,88,1,1,0.5756560735398328
a12,89,1,0,0.27816489606881606
a12,90,1,0,0.26746761485878195
a12,91,1,0,0.48194714745272765
a12,92,1,0,0.15960424748354324
a12,93,1,0,0.09763973327975095
a12,94,1,0,0.14543464704668357
a12,95,1,0,0.40558110031543243
a12,96,1,0,0.37327840234957954
a12,97,1,0,0.2366180494446184
a12,98,1,0,0.3975925655911012
a12,99,1,1,0.6496614606109397
a12,100,1,0,0.2997996284789916
a12,101,1,0,0.2685884936359679
a12,102,1,0,0.25505601822542645
a12,103,1,0,0.16246023206087093
a12,104,1,1,0.7426565748762849
a12,105,1,1,0.8274730387257
a12,106,1,1,0.8069936161338673
a12,107,1,1,0.7169266986624101
a12,108,1,1,0.7373999280546751
a12,109,1,1,0.851235622180408
a12,110,1,1,0.6157830887469375
a12,111,1,1,0.7206465784096729
a12,112,1,1,0.6173607076429097
a12,113,1,1,0.6783606778061657
a12,114,1,0,0.3088092106101361
a12,115,1,0,0.474419139594752
a12,116,1,1,0.7652664858851383
a12,117,1,0,0.30235569032507714
a12,118,1,0,0.3628429583265609
a12,119,1,0,0.09260841164607084
a12,120,1,0,0.05878150716518317
a12,121,1,0,0.0628509898717792
a12,122,1,0,0.07859203151386458
a12,123,1,0,0.24686996264073574
a12,124,1,0,0.35630555139747416
a12,125,1,0,0.23445286850976751
a12,126,1,0,0.2302941191975588
a12,127,1,0,0.12090646551314017
a12,128,1,0,0.1300386990181574
a12,129,1,0,0.07702532380689393
a12,130,1,0,0.12931890087600567
a12,131,1,0,0.11378968194906366
a12,132,1,0,0.4401764538069285
a12,133,1,0,0.2717934372394638
a12,134,1,1,0.541892657075648
a12,135,1,0,0.15904216872186144
a12,136,1,0,0.09142374747867782
a12,137,1,0,0.09304164171711758
a12,138,1,0,0.2789273778094458
a12,139,1,0,0.16441224589578066
a12,140,1,0,0.1374401048947321
a12,141,1,1,0.5054795570570927
a12,142,1,1,0.8409707136927936
a12,143,1,1,0.8309498005622133
a12,144,1,1,0.8219875271240455
a12,145,1,1,0.5992901551023879
a12,146,1,1,0.6136474120475084
a12,147,1,0,0.2942890988218624
a12,148,1,1,0.5579760191155658
a12,149,1,0,0.4363044877902946
a12,150,1,1,0.5222814796362588
a12,151,1,0,0.287741857212416
a12,152,1,0,0.06064540073244655
a12,153,1,0,0.05918963910490642
a12,154,1,0,0.42691735511214973
a12,155,1,0,0.18022519003492687
a12,156,1,0,0.1792382539375763
a12,157,1,1,0.5426552109884859
a12,158,1,0,0.13672095912940635
a12,159,1,0,0.19330856208456654
a12,160,1,0,0.06424260023097723
a12,161,1,0,0.07667688243610851
a12,162,1,0,0.09721890795344532
a12,163,1,1,0.7209915144840034
a12,164,1,1,0.7361411257516208
a12,165,1,0,0.28984777177964993
a12,166,1,0,0.40787876337928647
a12,167,1,0,0.12493780582702811
a12,168,1,0,0.31992812693567607
a12,169,1,0,0.17187988961080367
a12,170,1,0,0.2402714805776058
a12,171,1,1,0.5557656250922633
a12,172,1,0,0.20711203664883557
a12,173,1,0,0.22605547950566984
a12,174,1,0,0.1835855136088325
a12,175,1,0,0.1589366444788803
a12,176,1,1,0.6447110655284668
a12,177,1,1,0.7486194877863473
a12,178,1,1,0.6804817216929979
a12,179,1,1,0.6133806170703535
a12,180,1,1,0.5442190007860417
a12,181,1,1,0.799270162622008
a12,182,1,1,0.7001175384320736
a12,183,1,1,0.7143672366523239
a12,184,1,1,0.6774911049621122
a12,185,1,0,0.46380066174541346
a12,186,1,0,0.15335013232440614
a12,187,1,0,0.44215816015364184
a12,188,1,0,0.3171709151825772
a12,189,1,0,0.3459482485921234
a12,190,1,1,0.574745579477911
a12,191,1,1,0.7110006870146424
a12,192,1,1,0.6854655390533377
a12,193,1,1,0.8101501850555923
a12,194,1,1,0.7381446595896766
a12,195,1,1,0.671300983987184
a12,196,1,0,0.4047430370942852
a12,197,1,1,0.5144335755144288
a12,198,1,1,0.6327045845681534
a12,199,1,0,0.14018270262245375
a12,200,1,0,0.2983151351594011
a12,201,1,0,0.09234324319778281
a12,202,1,1,0.5388435588483225
a12,203,1,0,0.4571910198706692
a12,204,1,1,0.6012700708762109
a12,205,1,0,0.12464335266961941
a12,206,1,1,0.6080720683709082
a12,207,1,1,0.7017665737064254
a12,208,1,1,0.7112220253811016
a12,209,1,1,0.7382456081727131
a12,210,1,1,0.8369276735705153
a12,211,1,1,0.7278048149078871
a12,212,1,1,0.8329292620492402
a12,213,1,1,0.8595517575337364
a12,214,1,1,0.715994184429152
a12,215,0,0,0.12812061759555732
a12,216,0,0,0.252799681296616
a12,217,0,0,0.1575311651944557
a12,218,0,1,0.5677149907398713
a12,219,0,1,0.542384797413002
a12,220,0,1,0.7264851308631469
a12,221,0,0,0.38667482910980244
a12,222,0,0,0.11456316280516396
a12,223,1,0,0.29950947395475586
a12,224,1,1,0.6570302005932466
a12,225,1,1,0.5796632420882614
a12,226,1,1,0.7575963868422906
a12,227,1,0,0.22871075945541625
a12,228,1,1,0.7260240426192338
a12,229,1,1,0.7487793900188151
a12,230,1,1,0.7298622858046131
a12,231,1,1,0.7547929658415939
a12,232,1,1,0.8025992044379453
a12,233,1,1,0.8306755214661021
a12,234,1,1,0.6656105089373416
a12,235,1,1,0.7236383395957874
a12,236,1,1,0.7238540392435682
a12,237,1,1,0.6828981833329673
a12,238,1,1,0.5340704563907822
a12,239,1,1,0.7578534191206886
a12,240,1,1,0.6911731899091157
a12,241,1,1,0.7647198031747191
a12,242,1,1,0.7806803920322247
a12,243,1,1,0.7287144702238635
a12,244,1,1,0.5588144455444953
a12,245,1,1,0.7236483156644712
a12,246,1,1,0.8564220131450252
a12,247,1,1,0.6806009724077414
a12,248,1,1,0.687283330800546
a12,249,1,0,0.3367361798791244
a12,250,1,1,0.6515626753726422
a12,251,1,1,0.7412803992325061
a12,252,1,1,0.7561965079998421
a12,253,1,0,0.48459392752129465
a12,254,1,1,0.5686130269227596
a12,255,1,1,0.7232441738242793
a12,256,1,1,0.8245799155098508
a12,257,1,1,0.5609691386495348
a12,258,1,1,0.7808555130889845
a12,259,1,1,0.7955817401755119
a12,260,1,1,0.7441285075878569
a12,261,1,1,0.6410604533438772
a12,262,1,1,0.8159144825541897
a12,263,1,1,0.7208807442724832
a12,264,1,1,0.6802660153519042
a12,265,1,1,0.724485948413733
a12,266,1,1,0.8205033919559592
a12,267,1,1,0.6709334212504787
a12,268,1,1,0.72796258986565
a12,269,1,1,0.6787811196558646
a12,270,1,1,0.8076937511598977
a12,271,1,1,0.760027107119965
a12,272,1,1,0.6393093562610861
a12,273,1,1,0.707227724341538
a12,274,1,1,0.6352939683162058
a12,275,1,1,0.6786858363753567
a12,276,1,1,0.6199014536211865
a12,277,1,1,0.5122147311862402
a12,278,1,1,0.7521026995104104
a12,279,1,1,0.6403805242814571
a12,280,1,1,0.8162419243621883
a12,281,1,1,0.5804143342168399
a12,282,1,1,0.6755593026535981
a12,283,1,1,0.6814324050861533
a12,284,1,1,0.6472605376363398
a12,285,1,1,0.6056799329441803
a12,286,1,1,0.5585547520667716
a12,287,1,0,0.24784816208099492
a12,288,1,1,0.7588249032946988
a12,289,1,1,0.6108171706593372
a12,290,1,1,0.7329439154013998
a12,291,1,1,0.5579072454823706
a12,292,1,0,0.44621651040762744
a12,293,1,0,0.3856222053262494
a12,294,1,1,0.6701937493783093
a12,295,1,1,0.7592246676560263
a12,296,1,1,0.7085110782619554
a12,297,1,0,0.13660457918682958
a12,298,1,1,0.6684051935289448
a12,299,1,1,0.6601588271773132
a12,300,1,1,0.6064647443001895
a12,301,1,1,0.7047340144224102
a12,302,1,1,0.7740232786451714
a12,303,1,1,0.6540724864882159
a12,304,1,1,0.7210130525346009
a12,305,1,1,0.7286246656177374
a12,306,1,1,0.7431855794070676
a12,307,1,1,0.5645391289753948
a12,308,1,1,0.7327856004450733
a12,309,1,0,0.4597893687483719
a12,310,1,0,0.20298831701614567
a12,311,1,0,0.4123025357962155
a12,312,1,1,0.5532688959515271
a12,313,1,0,0.23207049240532415
a12,314,0,0,0.4432410383473122
a12,315,1,1,0.5193181195414066
a12,316,1,0,0.11999687859513554
a12,317,1,0,0.4131112786985822
a12,318,1,0,0.47159359708850584
a12,319,0,0,0.36261353319022827
a12,320,0,0,0.06100191695788371
a12,322,0,1,0.5223058457741304
a12,323,1,1,0.5099841555411289
a12,324,1,1,0.6967875152538552
a12,325,1,1,0.7387024424458469
a12,326,1,1,0.668288788876163
a12,327,1,0,0.47426032705966586
a12,328,1,0,0.45990211991298646
a12,329,1,0,0.2342277134913942
a12,330,1,1,0.7181081855570516
a12,331,1,1,0.5679551038847425
a12,332,1,1,0.6364117233529795
a12,334,1,0,0.43743439272148704
a12,335,1,1,0.5576590529764203
a12,336,1,1,0.6270442018215385
a12,337,1,1,0.7200267287720079
a12,338,1,1,0.6045217705345873
a12,339,1,0,0.3871800933896651
a12,340,1,1,0.5041200655134532
a12,341,1,0,0.47562194479456654
a12,342,1,1,0.5099977018730929
a12,343,1,1,0.575836509585571
a12,344,1,1,0.5037753837290105
a12,345,1,1,0.5794164363765237
a12,346,1,1,0.657918116169252
a12,347,1,1,0.6915428146242438
a12,348,1,0,0.32884809799324916
a12,349,1,1,0.6405335897032726
a12,350,1,0,0.2297870763584217
a12,351,1,0,0.20539242765750518
a12,352,1,1,0.8383463589701012
a12,353,1,0,0.439446197740103
a12,354,1,0,0.4522243263553411
a12,355,1,0,0.3131854179118237
a12,356,1,0,0.2579782409754811
a12,357,1,1,0.7269089994724134
a12,358,1,1,0.5442916010171842
a12,359,1,0,0.37106739267658684
a12,360,1,1,0.7045338893161048
a12,361,1,0,0.40382547212877895
a12,362,1,1,0.7378349436351022
a12,363,1,1,0.6553608023402758
a12,364,1,1,0.5240244371535585
a12,365,1,1,0.5858479264918084
a12,366,1,0,0.4677496210493712
a12,367,1,1,0.6003862170467568
a12,368,1,0,0.4146633360035919
a12,369,1,0,0.36936719511494154
a12,370,1,0,0.4749247080198257
a12,371,1,1,0.5784766329962978
a12,372,1,1,0.7056379796376248
a12,373,1,1,0.6844211187688108
a12,374,1,0,0.3441360772890344
a12,375,1,1,0.7809711656467954
a12,376,1,1,0.8153264157983247
a12,377,1,1,0.7509654846741958
a12,378,1,1,0.501710088986325
a12,379,1,1,0.6437598222154208
a12,380,0,1,0.6683420179132114
a12,381,0,1,0.5277124966982704
a12,382,0,0,0.22788192498664564
a12,383,0,0,0.44076305674139293
a12,384,0,0,0.4046212962720102
a12,385,0,1,0.6645453513425847
a12,386,0,1,0.591244176386071
a12,387,1,1,0.6321984103893453
a12,388,1,1,0.6694563885825926
a12,389,1,1,0.7620001995059573
a12,390,1,1,0.8247911678381195
a12,391,1,1,0.6620476821543078
a12,392,1,1,0.8230246103783811
a12,393,1,1,0.65386663402406
a12,394,1,1,0.5770850685131753
a12,395,1,0,0.4417418579284799
a12,396,1,1,0.6748410395464263
a12,397,1,0,0.4308649815031302
a12,398,1,1,0.860054297273711
a12,399,1,1,0.6853536706148322
a12,400,1,1,0.6403113368091111
a12,401,1,1,0.7724521057671699
a12,402,1,1,0.7473959537120943
a12,403,1,1,0.7193845772180903
a12,404,1,1,0.6902113836968092
a12,405,1,1,0.8594069900953843
a12,406,1,0,0.4287229171407764
a12,407,1,1,0.6536341572110912
a12,408,1,1,0.7646798546843235
a12,409,1,0,0.4220237198843993
a12,410,1,1,0.6202796121052491
a12,411,1,1,0.8183020424769761
a12,412,1,1,0.6721901316462581
a12,413,1,1,0.6628002374510056
a12,414,1,1,0.7201473512974852
a12,415,1,1,0.6423374552750145
a12,416,1,1,0.5559729183543157
a12,417,1,1,0.5717040569379768
a12,418,1,1,0.6725803702050288
a12,419,1,1,0.6808643876363444
a12,420,1,1,0.5127883040840733
a12,421,1,0,0.4302868022553337
a12,422,1,0,0.4810760176025879
a12,423,1,1,0.6307687543077071
a12,424,1,0,0.48168591507955566
a12,425,1,1,0.5123280317656894
a12,426,1,0,0.4271791987205163
a12,427,1,1,0.7265528455729943
a12,428,1,1,0.6883278983520023
a12,429,1,1,0.8206804513319381
a12,430,1,1,0.6722267252497888
a12,431,1,1,0.7759145325493965
a12,432,1,0,0.47362205747430414
a12,433,1,1,0.8642126643286607
a12,434,1,1,0.7670367131348543
a12,435,1,0,0.49370077381813543
a12,436,1,1,0.580250115586659
a12,437,1,1,0.7598625140685861
a12,438,1,1,0.7129717551226977
a12,439,1,1,0.6826490695288947
a12,440,1,1,0.6496559770253049
a12,441,1,1,0.7186307719960848
a12,442,1,1,0.6891013073338825
a12,443,1,1,0.6660345729448867
a12,444,1,1,0.5087821746219371
a12,445,1,1,0.7751113871808013
a12,446,1,0,0.4975272087172722
a12,447,1,1,0.5900943746502609
a12,448,1,0,0.05795553859800933
a12,449,1,1,0.7775606716602533
a12,450,1,1,0.7112934137231633
a12,451,1,0,0.18061289565988234
a12,452,1,0,0.17084822764415009
a12,453,1,1,0.5665866713873775
a12,454,1,0,0.1004031474674203
a12,455,1,1,0.6099546855490184
a12,456,1,0,0.42408490335540006
a12,457,1,1,0.5663082102743033
a12,458,1,0,0.3297040950834753
a12,459,1,0,0.14848885252339755
a12,460,1,1,0.686117934114291
a12,461,1,0,0.10330357955177688
a12,462,1,1,0.523901044760636
a12,463,1,0,0.09373035235959701
a12,464,1,1,0.6306155466285862
a12,465,1,0,0.2778758111055361
a12,466,1,1,0.7524446756412868
a12,467,1,1,0.7667543307975964
a12,468,1,1,0.7983662799540238
a12,469,1,1,0.5184086882212304
a12,470,1,1,0.5638179480854926
a12,471,1,0,0.31317607253658014
a12,472,1,1,0.770993266676904
a12,473,1,0,0.3669358676842083
a12,474,1,0,0.28623559448127883
a12,475,1,1,0.5216470933352546
a12,476,1,0,0.4636958322952886
a12,477,1,0,0.39981723669600144
a12,478,0,0,0.3088409502226323
a12,479,0,0,0.15583791273211944
a12,480,1,0,0.2764145881596742
a12,481,1,1,0.9065052356800529
a12,482,1,1,0.7091680738177881
a12,483,1,1,0.7015513281423869
a12,484,1,1,0.7066128146567199
a12,485,1,1,0.7567177818950598
a12,486,0,0,0.440854687109517
a12,487,0,0,0.33844441928396857
a12,488,1,1,0.5786073372611628
a12,489,1,1,0.5566702662994338
a12,490,1,1,0.6045697235347536
a12,491,1,0,0.39130323687189306
a12,492,1,1,0.5262284388405816
a12,493,1,1,0.5353131368653157
a12,494,1,1,0.5408115879332791
a12,495,1,0,0.34379096093430916
a12,496,1,1,0.6366223998689908
a12,497,1,1,0.5160246054335996
a12,498,1,1,0.5553489459130808
a12,499,1,0,0.4497899684019416
a12,500,1,1,0.6033099458709258
a12,501,1,0,0.40490944005340185
a12,502,1,1,0.674619539681164
a12,503,1,0,0.2694245412410596
a12,504,1,1,0.584801534465189
a12,505,1,1,0.5724925061934428
a12,506,1,1,0.6475858464035853
a12,507,1,1,0.5618853411514895
a12,508,1,0,0.35085626464785447
a12,509,1,1,0.5913673005248642
a12,510,1,0,0.43945988150860227
a12,511,1,1,0.6677906031430687
a12,512,1,1,0.6970974525938092
a12,513,1,0,0.1918300167526216
a12,514,1,0,0.47905260418425194
a12,515,1,0,0.3988993746636237
a12,516,1,0,0.4797345509057401
a12,517,1,1,0.5040535554792543
a12,518,1,1,0.6266168505238651
a12,519,1,1,0.594179146530236
a12,520,1,1,0.762525404266648
a12,521,1,0,0.2530398275601511
a12,522,1,0,0.45703412429795764
a12,523,1,0,0.4650037949143015
a12,524,1,0,0.14995993550697442
a12,525,1,1,0.622822287985349
a12,526,1,0,0.3695114917223901
a12,527,1,0,0.32151568817101195
a12,528,1,0,0.3193401462202871
a12,529,1,1,0.6884109805523053
a12,531,1,1,0.722304696907501
a12,532,1,1,0.6182572487684592
a12,533,1,0,0.4411772323206247
a12,534,1,1,0.5141606103489497
a12,535,1,0,0.39730920015050936
a12,536,1,1,0.6721296188278697
a12,537,1,0,0.465123624782036
a12,538,1,1,0.5427694274515805
a12,539,1,1,0.7204645096104723
a12,540,1,1,0.7140377095201954
a12,541,1,0,0.4063254808621013
a12,542,1,1,0.7177524527392448
a12,543,1,1,0.6927772092754931
a12,544,1,1,0.7839359491921862
a12,545,1,1,0.646437972210946
a12,546,1,1,0.7578335890403599
a12,547,1,1,0.747184638828953
a12,549,1,1,0.6113777366691672
a12,550,1,1,0.5509459216315867
a12,551,1,1,0.6828633198160815
a12,552,1,1,0.7489621170141686
a12,553,1,1,0.6216432677676577
a12,554,1,1,0.7623829578062546
a12,555,1,0,0.11924413706436784
a12,556,1,1,0.77296830651197
a12,557,1,0,0.1382812689117159
a12,558,1,1,0.6866854420445888
a12,559,1,0,0.2637410137366346
a12,560,1,0,0.2577265837664024
a12,561,1,0,0.29075115867003454
a12,562,1,0,0.48944912429719506
a12,563,1,1,0.5156055595993418
a12,564,1,0,0.22810261339668475
a12,565,1,1,0.5706937021805422
a12,566,1,1,0.5743461763795341
a12,567,1,0,0.3788416743626663
a12,568,1,1,0.6047938333373657
a12,569,1,1,0.8749386126774166
a12,570,1,1,0.67305399527951
a12,571,1,1,0.5823708110088521
a12,572,1,0,0.44108033548521536
a12,573,1,1,0.8052440654665345
a12,574,1,1,0.7106811952105234
a12,575,1,1,0.5383514619873889
a12,576,1,1,0.8605270536831223
a13,1,0,0,0.292224987544947
a13,2,0,1,0.7040942347271228
a13,3,0,0,0.4956116590254086
a13,4,0,1,0.5294048644728521
a13,5,0,0,0.45996524662050586
a13,6,0,0,0.4371631729031279
a13,7,0,1,0.5184391936266265
a13,8,0,1,0.5126404468286019
a13,9,0,0,0.44913187017166356
a13,10,0,0,0.46172817255424387
a13,11,0,0,0.4955031102298085
a13,12,0,1,0.6821986281954051
a13,13,0,1,0.6731250949489744
a13,14,0,1,0.5160813621636956
a13,15,0,1,0.530349400322399
a13,16,0,1,0.6703175688749784
a13,17,0,0,0.31196834742524404
a13,18,0,1,0.6370906789439683
a13,19,0,1,0.745485894778618
a13,20,0,0,0.47334444057417885
a13,21,0,0,0.4315841115212336
a13,22,0,0,0.28729795260303564
a13,23,0,1,0.5362465063379618
a13,24,0,1,0.7214726372921451
a13,25,0,0,0.09941065600461203
a13,26,0,1,0.6402116201679395
a13,27,0,1,0.6837580008192954
a13,28,0,0,0.46492220541259277
a13,29,0,1,0.6020177942524283
a13,30,0,1,0.6173335837381758
a13,31,0,0,0.21440038207697754
a13,32,0,0,0.46698830740426117
a13,33,0,0,0.3727020267895894
a13,34,0,1,0.6368537986747078
a13,35,0,0,0.4762379497419935
a13,36,0,1,0.7178931962414976
a13,37,1,1,0.7074710990499636
a13,38,1,1,0.5377093214338013
a13,39,1,1,0.5832218930211126
a13,40,1,1,0.7101947332547934
a13,41,1,1,0.7641464078267453
a13,42,1,1,0.7345747276127136
a13,43,1,1,0.7248938142836845
a13,44,1,1,0.6601702645865896
a13,45,1,1,0.6402978460173956
a13,46,1,1,0.5222482079262417
a13,47,1,1,0.6909959487311481
a13,48,1,1,0.736526807618097
a13,49,1,1,0.8053856285097961
a13,50,1,1,0.7493995907875163
a13,51,1,1,0.691543040784897
a13,52,1,0,0.4915694720983085
a13,53,1,1,0.7639882839023769
a13,54,1,1,0.6767238969888735
a13,55,1,1,0.7035509865905164
a13,56,1,1,0.7291668699406563
a13,57,1,0,0.49599215782304823
a13,58,1,1,0.6097035891322482
a13,59,1,1,0.6869565805437206
a13,60,1,1,0.7849274179482578
a13,61,1,1,0.7237004219563677
a13,62,1,0,0.4488532825190658
a13,63,1,1,0.7190886441831187
a13,64,1,1,0.7667234834025396
a13,65,1,1,0.8271676308366599
a13,66,0,1,0.8050741781442436
a13,67,0,0,0.4029632250762721
a13,68,0,1,0.5340856441655107
a13,69,0,0,0.40930480273951075
a13,70,1,0,0.33607220576939967
a13,71,1,1,0.7301333231488271
a13,72,1,0,0.3890119218620325
a13,73,1,1,0.626598925924721
a13,74,0,0,0.35688435528394885
a13,75,0,0,0.3604989714296467
a13,76,0,0,0.3022814338151411
a13,77,0,0,0.12531625493296605
a13,78,0,0,0.3608601213947262
a13,79,0,0,0.418429696445806
a13,80,0,0,0.3471777122777382
a13,81,0,0,0.3304260390986263
a13,82,0,0,0.4085464913119277
a13,83,0,0,0.41700532717868644
a13,84,0,0,0.40263618821277614
a13,85,0,0,0.3494715379884444
a13,86,0,0,0.30568676916979864
a13,87,0,0,0.18268916573674387
a13,88,0,0,0.3178955896437126
a13,89,0,0,0.28960554602055416
a13,90,0,0,0.3590104352400606
a13,91,0,0,0.3181017862730341
a13,92,0,0,0.3097828578095952
a13,93,0,0,0.32239798419958104
a13,94,0,0,0.35077422940053143
a13,95,0,0,0.35921573541229307
a13,96,0,0,0.3582221510584562
a13,97,0,0,0.4124479386776241
a13,98,0,0,0.34972720194463436
a13,99,0,0,0.34096802496400996
a13,100,0,0,0.3210512009889373
a13,101,0,0,0.34418931148323395
a13,102,0,0,0.48413749052339095
a13,103,0,0,0.353871690517745
a13,104,0,0,0.2885907507711953
a13,105,0,0,0.35421733924468657
a13,106,0,0,0.34505951408762525
a13,107,0,0,0.3529160381320572
a13,108,0,0,0.359685014933269
a13,109,0,0,0.3799843991537443
a13,110,0,0,0.3378357602804921
a13,111,0,0,0.3341849200886618
a13,112,0,0,0.14943561378600084
a13,113,0,1,0.7343755375676388
a13,114,0,1,0.704271464699882
a13,115,1,1,0.5510309359883762
a13,116,1,1,0.7443298879068506
a13,117,1,1,0.6251121510472384
a13,118,1,0,0.4877044345507082
a13,119,0,0,0.42036750780307336
a13,120,0,0,0.23730439250457944
a13,121,0,0,0.38611901288563144
a13,122,0,1,0.5351185962830859
a13,123,0,0,0.38138336999052935
a13,124,0,0,0.33326029561247345
a13,125,0,0,0.34189317639798106
a13,126,0,0,0.405484928489402
a13,127,0,0,0.43225948963389893
a13,128,0,0,0.41398946593046665
a13,129,0,0,0.37858728307192674
a13,130,0,0,0.37686625205804497
a13,131,0,0,0.4362373431426898
a13,132,0,1,0.5777824327568842
a13,133,0,0,0.44996643373154604
a13,134,0,0,0.25638062785650867
a13,135,0,0,0.35071844272992475
a13,136,0,0,0.46747857637093904
a13,137,0,1,0.5946294917283695
a13,138,0,1,0.5402058797579559
a13,139,0,0,0.47770009607549074
a13,140,0,0,0.38829884869081016
a13,141,0,0,0.38749502697917604
a13,142,0,0,0.4530918489935148
a13,143,0,0,0.42602575640035356
a13,144,0,0,0.378359161091063
a13,145,0,0,0.37653643371893886
a13,146,0,0,0.420664342580964
a13,147,0,0,0.4173613254744598
a13,148,0,0,0.4560757072226291
a13,149,0,1,0.7746293775086881
a13,150,0,1,0.7003474968464805
a13,151,1,1,0.7119956823561869
a13,152,1,1,0.7497864895994449
a13,153,1,1,0.7231792262627803
a13,154,1,1,0.6658669422290233
a13,155,1,1,0.7799482859788966
a13,156,0,1,0.7090338495707803
a13,157,0,1,0.7608237329574
a13,158,0,1,0.5920502451557212
a13,159,0,0,0.17390024308202728
a13,160,0,0,0.4912871986543917
a13,161,0,1,0.550032144648324
a13,162,0,1,0.7301116129407722
a13,163,0,0,0.4289297115848795
a13,164,0,0,0.49407582589221605
a13,165,1,0,0.4718898564346908
a13,166,0,1,0.5352062693957754
a13,167,0,0,0.4923506923800994
a13,168,1,1,0.618833877031517
a13,169,0,1,0.7231909073468109
a13,170,0,1,0.5777398748090945
a13,171,0,1,0.5665300316651112
a13,172,1,1,0.6505511800468541
a13,173,0,0,0.46175371726543957
a13,174,0,1,0.7352109027909329
a13,175,1,1,0.7214766306218499
a13,176,1,1,0.5620465137276924
a13,177,1,1,0.6481977881356616
a13,178,1,1,0.6660068365092213
a13,179,1,0,0.41986839633673273
a13,180,1,1,0.7548294553529168
a13,181,1,1,0.73331884397721
a13,182,1,1,0.6934744151850234
a13,183,1,1,0.7165215542322092
a13,184,1,0,0.4652803399657557
a13,185,1,1,0.696689096552655
a13,186,1,1,0.6780480922594152
a13,187,1,1,0.7088193789756173
a13,188,1,0,0.49323454450466175
a13,189,1,0,0.454313228470532
a13,190,1,1,0.6957515191927685
a13,191,1,1,0.7184871798892065
a13,192,1,1,0.6388789802735374
a13,193,1,1,0.6606990036574282
a13,194,1,1,0.7483260563250939
a13,195,1,1,0.6770028151821428
a13,196,1,0,0.36691900088125184
a13,197,1,1,0.7100079446524094
a13,198,1,1,0.7096864679524175
a13,199,1,1,0.7448405306853744
a13,200,1,1,0.7897432410169581
a13,201,1,1,0.8114306825775891
a13,202,0,0,0.466693018015152
a13,203,0,0,0.4856408124988937
a13,204,0,1,0.5986389559577032
a13,205,1,1,0.5714929966669501
a13,206,1,1,0.6522759852456539
a13,207,1,1,0.6493245589110653
a13,208,1,1,0.7256348249394691
a13,209,1,1,0.7442466533732076
a13,210,1,1,0.7032954626461043
a13,211,1,0,0.30106022590636944
a13,212,1,1,0.7651839810054663
a13,213,1,1,0.7001951775923586
a13,214,1,1,0.7340206489355003
a13,215,1,1,0.5070325545165786
a13,216,0,0,0.41185195272273517
a13,217,0,1,0.6738652878062541
a13,218,1,1,0.6764537317517088
a13,219,1,1,0.6858781413754843
a13,220,1,1,0.6996861676602273
a13,221,1,1,0.734470423970632
a13,222,1,0,0.2759084206862146
a13,223,1,0,0.45191584645012556
a13,224,0,1,0.550849014910025
a13,225,1,0,0.3588607876696564
a13,226,0,0,0.35578898090911615
a13,227,0,1,0.524002367732677
a13,228,0,1,0.5433796754292699
a13,229,0,1,0.506009884415299
a13,230,0,0,0.4988334004399631
a13,231,0,1,0.5932418244236506
a13,232,0,1,0.5484101076143431
a13,233,0,0,0.4846912562746868
a13,234,0,0,0.4530901956686658
a13,235,0,0,0.48231172804466177
a13,236,1,1,0.534998852965696
a13,237,1,0,0.45929994081388104
a13,238,1,1,0.7251624738837331
a13,239,1,0,0.4519669788332073
a13,240,1,1,0.707068848829213
a13,241,1,1,0.5640331008007384
a13,242,1,1,0.6435987850124189
a13,243,0,1,0.5783306073925146
a13,244,0,1,0.7308512703317364
a13,245,0,0,0.4239360329464244
a13,246,0,0,0.46464289451004226
a13,247,0,1,0.5535272358275084
a13,248,0,0,0.477025655047682
a13,249,0,0,0.48545192149932803
a13,250,1,1,0.7329894486783392
a13,251,1,1,0.6350348553693713
a13,252,1,1,0.6377537685636243
a13,253,1,1,0.6731447905380937
a13,254,1,1,0.5572278667524476
a13,255,1,1,0.6830277370145077
a13,256,1,1,0.542309760520469
a13,257,1,1,0.6952499390808515
a13,258,1,1,0.6725805339400902
a13,259,1,1,0.7066192762076732
a13,260,1,1,0.7850134953815666
a13,261,0,1,0.8185188876047649
a13,262,0,0,0.4734266327115376
a13,263,0,1,0.6681662991569995
a13,264,0,0,0.4259110407535682
a13,265,0,1,0.7343267240225806
a13,266,0,1,0.6776738729490461
a13,267,0,1,0.5544954256448185
a13,268,0,1,0.6122007960666369
a13,269,1,1,0.7578720389570169
a13,270,1,1,0.6991906783222462
a13,271,1,1,0.6469125383656834
a13,272,1,0,0.44382999431298714
a13,273,1,1,0.6916755208551683
a13,274,1,1,0.7839230385698988
a13,275,1,1,0.7765101915258759
a13,276,1,1,0.5611269312911075
a13,277,1,1,0.748890646367325
a13,278,1,1,0.5894725709837787
a13,279,1,1,0.7081134032750049
a13,280,1,1,0.6683478198655884
a13,281,1,1,0.6808601104072916
a13,282,1,1,0.7416708000229052
a13,283,1,1,0.5498569471023539
a13,284,1,1,0.8513065791010451
a13,285,1,1,0.7725997232824116
a13,286,1,1,0.7047291719094753
a13,287,1,1,0.7349801653199801
a13,288,1,0,0.4300628417991671
a13,289,0,1,0.7959469645222055
a13,290,1,1,0.6733599085692716
a13,291,1,1,0.7054331764616716
a13,292,1,1,0.8153983193884128
a13,293,1,1,0.801340581780264
a13,294,1,1,0.7121145778963631
a13,295,1,1,0.7068430351213513
a13,296,1,1,0.5085804904000134
a13,297,0,0,0.48987856345447817
a13,298,0,0,0.47714546248667733
a13,299,0,0,0.4382625409580107
a13,300,0,1,0.5129543012524757
a13,301,0,0,0.2601949299972695
a13,302,0,0,0.38697161454022333
a13,303,0,1,0.5811384223636733
a13,304,0,0,0.4395136156406781
a13,305,0,1,0.504223626032928
a13,306,0,1,0.5459882644161786
a13,307,0,0,0.4228495876434074
a13,308,0,1,0.6045403481925041
a13,309,0,0,0.47774925039361327
a13,310,0,1,0.6308612257098368
a13,311,0,0,0.2441922529967284
a13,312,0,0,0.20600446220636362
a13,313,0,0,0.46433905508232054
a13,314,0,0,0.44366271410290525
a13,315,0,0,0.489481427669111
a13,316,0,0,0.4533624520022242
a13,317,0,0,0.30175871110143804
a13,318,0,0,0.2827879800851123
a13,319,0,1,0.5224767937005249
a13,320,0,0,0.4374740899866445
a13,321,0,1,0.5002075392522506
a13,322,0,1,0.503460101761252
a13,323,0,0,0.3862136707800049
a13,324,0,1,0.8298412658565655
a13,325,0,1,0.7123051697236835
a13,326,1,0,0.4947243904020955
a13,327,1,0,0.4568157490648349
a13,328,1,1,0.7149463600280298
a13,329,1,1,0.6895532576712753
a13,330,1,0,0.4768035702328485
a13,331,1,1,0.8114597512296683
a13,332,1,1,0.6428097885625994
a13,333,1,1,0.7981483629317612
a13,334,1,1,0.6339459850385045
a13,335,1,1,0.6958611481974831
a13,336,1,1,0.6985635578032005
a13,337,1,1,0.691227128175663
a13,338,1,1,0.7405959976786941
a13,339,1,1,0.7098821153995053
a13,340,1,1,0.6877080254932153
a13,341,1,1,0.7309387867700298
a13,342,1,1,0.7119984379606972
a13,343,1,1,0.7096412140964725
a13,344,1,1,0.7403166832844138
a13,345,1,1,0.7428047898074389
a13,346,1,1,0.7056075948218503
a13,347,1,1,0.7557727297357826
a13,348,1,1,0.7228972744151076
a13,349,1,1,0.718816870327211
a13,350,1,1,0.7923169228320385
a13,351,1,0,0.47674836825702294
a13,352,1,1,0.6622156286556622
a13,353,1,0,0.3980942727425429
a13,354,1,0,0.3858825831142229
a13,355,1,1,0.7165803442707144
a13,356,1,1,0.6859673030274631
a13,357,1,1,0.7620513754770658
a13,358,1,1,0.7777578683439119
a13,359,1,1,0.7401071147707279
a13,360,1,1,0.7528855314529537
a13,361,1,1,0.7654587155643628
a13,362,1,1,0.7955304251070303
a13,363,1,0,0.39739268251291077
a13,364,1,1,0.7605731287152531
a13,365,1,1,0.754513648789493
a13,366,1,1,0.7403735875321867
a13,367,1,1,0.8735475453815832
a13,368,1,1,0.7158018678088597
a13,369,1,1,0.7614700321385709
a13,370,1,1,0.6186013067281438
a13,371,1,1,0.7537820029160702
a13,372,1,1,0.6655720463558497
a13,373,1,0,0.4963466305389894
a13,374,1,1,0.8002941188019139
a13,375,1,1,0.8851649566037655
a13,376,1,1,0.691053949834664
a13,377,1,1,0.7083083375158199
a13,378,1,1,0.7022663640706838
a13,379,1,1,0.6778152878993918
a13,380,1,1,0.6993671450167164
a13,381,1,1,0.7048892357024924
a13,382,1,1,0.7109440270166687
a13,383,1,1,0.7313283273346824
a13,384,1,1,0.6646307538272267
a13,385,1,1,0.5664174696146148
a13,386,1,1,0.6791425501710076
a13,387,1,1,0.753052618033393
a13,388,1,0,0.4919132840553985
a13,389,1,1,0.763098875821931
a13,390,1,1,0.7052890430403167
a13,391,1,1,0.790511400113087
a13,392,1,1,0.7076779531284781
a13,393,1,0,0.3205617012091509
a13,394,1,1,0.6802911582060849
a13,395,1,1,0.6913110029618863
a13,396,1,1,0.7665455058605103
a13,397,1,0,0.43214410268181663
a13,398,1,1,0.659041723280432
a13,399,1,1,0.7413331604565774
a13,400,1,1,0.732299832154459
a13,401,1,0,0.46637159719543286
a13,402,0,1,0.5097270928078985
a13,403,1,1,0.7704097649434167
a13,404,1,1,0.6914811724295938
a13,405,1,0,0.2330638134434725
a13,406,1,1,0.6921807197370748
a13,407,0,0,0.42427295763736134
a13,408,0,1,0.5658215789504021
a13,409,0,0,0.4050121971004712
a13,410,0,1,0.5189601880444262
a13,411,0,1,0.5062808012567473
a13,412,0,0,0.4553761006455038
a13,413,0,1,0.5481594890112249
a13,414,0,1,0.5232049335921622
a13,415,0,1,0.500194622421727
a13,416,0,1,0.5613944316521918
a13,417,0,0,0.49279793893199747
a13,418,0,1,0.5176683952289327
a13,419,0,0,0.39324344476392636
a13,420,0,0,0.4998558317049501
a13,421,0,0,0.4296811353999514
a13,422,0,0,0.4086549632963755
a13,423,0,1,0.7458980512327547
a13,424,0,1,0.6141511225938392
a13,425,1,0,0.18892304672436644
a13,426,1,1,0.6758337037005171
a13,427,1,0,0.4712499202930803
a13,428,1,0,0.34858060595791057
a13,429,1,1,0.5538984488311478
a13,430,1,1,0.7576915611988977
a13,431,1,0,0.4769480570989393
a13,432,1,1,0.6956493726983048
a13,433,1,1,0.5567376676586822
a13,434,1,1,0.686262886930255
a13,435,1,1,0.7253873032220589
a13,436,1,1,0.5597582642744793
a13,437,1,1,0.6858438851397309
a13,438,1,1,0.607337947096483
a13,439,1,1,0.5797834226478763
a13,440,1,1,0.578902815334997
a13,441,1,0,0.48674374650970736
a13,442,1,1,0.6797405664801034
a13,443,1,1,0.7042596724697854
a13,444,1,1,0.6048020847344228
a13,445,0,0,0.38833069926558766
a13,446,0,1,0.5725016795112667
a13,447,0,0,0.42508119722921517
a13,448,0,1,0.6066173173669709
a13,449,0,0,0.4927429051363455
a13,450,0,1,0.5616131049144482
a13,451,0,0,0.4863107065765689
a13,452,0,0,0.2310412833223826
a13,453,0,0,0.15275842159106412
a13,454,0,0,0.4067256227554144
a13,455,0,0,0.39360242042631133
a13,456,0,0,0.4723409660632012
a13,457,0,0,0.41689259573962173
a13,458,0,0,0.21079111527592123
a13,459,0,0,0.4261985796906024
a13,460,0,0,0.44660637132372416
a13,461,0,1,0.7566789689871019
a13,462,0,1,0.5162660984737271
a13,463,0,0,0.4398911237370659
a13,464,0,0,0.40156731423325326
a13,465,0,0,0.2596641851137313
a13,466,0,0,0.36535888211078665
a13,467,0,0,0.3829038451789898
a13,468,0,0,0.39324648818067653
a13,469,0,0,0.41932894273541593
a13,470,0,0,0.38044726644886234
a13,471,0,1,0.5675701209264784
a13,472,0,0,0.4370627683008931
a13,473,0,0,0.44741774487566044
a13,474,0,0,0.3847154092848582
a13,475,0,0,0.389266604319694
a13,476,0,1,0.5430004096272882
a13,477,0,0,0.4056656234308164
a13,478,0,0,0.3768640526682539
a13,479,0,0,0.42169257234517704
a13,480,0,0,0.3926151102618445
a13,481,0,1,0.6679458973333855
a13,482,0,1,0.585212464676006
a13,483,0,1,0.5437328884364309
a13,484,0,1,0.5205475507975054
a13,485,1,0,0.4573178832726358
a13,486,0,1,0.5882635826645403
a13,487,1,1,0.5236116782458637
a13,488,1,0,0.4677687066732562
a13,489,1,1,0.546735592041181
a13,490,1,0,0.4887219145735505
a13,491,1,1,0.5090983534207772
a13,492,1,0,0.4960995883585146
a13,493,1,0,0.14269053357685907
a13,494,1,0,0.39498939162932023
a14,1,0,1,0.5188420314890528
a14,2,0,0,0.39705876523489303
a14,3,0,1,0.6678810198032521
a14,4,0,0,0.41390104545949374
a14,5,0,1,0.609632378585032
a14,6,0,1,0.5070640321240591
a14,7,0,1,0.6544949684009055
a14,8,0,1,0.6053167882396802
a14,9,0,1,0.8847517403961227
a14,10,0,0,0.24317799877857216
a14,11,0,1,0.8717116891257807
a14,12,0,1,0.6508597685468563
a14,13,0,0,0.38045828263711273
a14,14,0,1,0.6239231243190749
a14,15,1,0,0.36586776541948673
a14,16,1,0,0.2841611119901393
a14,17,1,1,0.5474955387095465
a14,18,1,1,0.5443245401896583
a14,20,1,1,0.722780870054737
a14,21,1,1,0.6677048636855402
a14,22,1,0,0.42711798271296364
a14,23,1,0,0.09486750820012711
a14,24,1,0,0.2908345354690574
a14,25,1,0,0.29900675418705125
a14,26,1,0,0.1450760391553476
a14,27,1,0,0.09404708488969579
a14,28,1,0,0.3373668197516144
a14,29,1,0,0.14941867899044087
a14,30,1,0,0.26518097546364483
a14,31,1,0,0.41388564066243194
a14,32,1,0,0.26638834886465534
a14,33,1,0,0.42886053246703554
a14,34,1,0,0.3927132392653219
a14,35,1,0,0.26334239835429785
a14,36,1,1,0.5081485344601688
a14,37,1,0,0.38660751770321855
a14,38,1,0,0.17001464245959827
a14,39,1,0,0.37923521537497407
a14,40,1,1,0.5741339370036008
a14,41,1,1,0.7784964422340794
a14,42,1,1,0.6791974838601146
a14,43,1,1,0.5729762372897168
a14,44,1,0,0.26613499651048833
a14,45,1,0,0.35667875011358224
a14,46,1,0,0.21056637681188928
a14,47,1,0,0.36567924100448895
a14,48,1,0,0.37727285770409485
a14,49,1,0,0.15681480914853774
a14,50,1,1,0.5006328466580409
a14,53,1,0,0.24317141810123974
a14,54,1,0,0.19818711993012533
a14,55,1,1,0.7174140318311995
a14,56,1,0,0.4868841579904967
a14,57,1,1,0.5389448964042819
a14,58,1,0,0.11402467654828907
a14,59,1,0,0.26366632619698266
a14,60,1,0,0.3987847100331862
a14,61,1,1,0.5610807660017141
a14,62,1,0,0.18056494383302973
a14,63,1,0,0.19561926320700204
a14,64,1,1,0.8917527893846544
a14,65,1,0,0.407501018509725
a14,66,1,0,0.4292741461723508
a14,67,1,1,0.660192135088229
a14,68,1,0,0.3409062741820702
a14,69,1,1,0.8502216231860368
a14,70,1,0,0.28882466533364315
a14,71,1,1,0.9487875385983114
a14,72,1,1,0.5220352797931013
a14,73,1,1,0.8988335256272847
a14,74,1,1,0.7485105273680828
a14,75,1,1,0.8780055395053068
a14,76,1,1,0.7858343724238963
a14,77,1,1,0.8781122532912325
a14,78,1,1,0.9453328681922358
a14,79,1,1,0.6281897589961236
a14,80,1,1,0.8354315279050909
a14,81,1,1,0.5846917351518213
a14,82,1,1,0.8488895331438496
a14,83,1,1,0.8378269150858279
a14,84,1,1,0.6389727152527108
a14,85,1,1,0.8803533435232744
a14,86,1,1,0.908807724668969
a14,87,1,1,0.6615183647979245
a14,88,1,1,0.8994360788078548
a14,89,1,1,0.8627670909887142
a14,91,1,1,0.5116295600533486
a14,92,1,1,0.6616570958957989
a14,93,1,1,0.6581063602026361
a14,94,1,1,0.7345663962721058
a14,95,1,1,0.6902250298667926
a14,96,1,1,0.763490874796571
a14,97,1,1,0.663492920355935
a14,98,1,0,0.4847345791976643
a14,99,1,1,0.942189986024588
a14,100,1,1,0.7085848527670676
a14,101,1,1,0.6427386530578459
a14,102,1,1,0.9184543710982901
a14,103,1,1,0.8614150515009426
a14,104,1,1,0.9167341823022968
a14,105,0,1,0.7748330398310407
a14,106,0,0,0.19332446060028688
a14,108,1,0,0.35734462129154565
a14,109,1,0,0.27911826268892986
a14,110,1,1,0.5306869210516293
a14,111,1,0,0.329368367486388
a14,112,1,0,0.3535121086955084
a14,113,1,1,0.6502003459047062
a14,115,1,0,0.34541619834388954
a14,116,1,0,0.3095952765682803
a14,117,1,0,0.44258434847677114
a14,118,1,1,0.5067131095606208
a14,119,1,0,0.21958411005113251
a14,120,1,1,0.556739004073783
a14,121,1,0,0.38833996465393616
a14,122,1,1,0.523737555315423
a14,123,1,0,0.46331177714296506
a14,125,1,1,0.6155963011226945
a14,126,1,0,0.3746389881694481
a14,127,1,0,0.31470058549481583
a14,128,1,1,0.6180377207564252
a14,129,1,0,0.48695512270238406
a14,130,1,0,0.4353602503842983
a14,131,1,1,0.5414003542955786
a14,132,1,1,0.5496924778054936
a14,133,1,1,0.5495375478735681
a14,134,1,1,0.5697894784196016
a14,135,1,0,0.39876144942720027
a14,136,1,1,0.622771771638849
a14,137,1,0,0.4699850985962876
a14,138,1,1,0.6823157352837416
a14,139,1,0,0.39906261729554904
a14,140,1,1,0.6737351659274728
a14,141,1,0,0.21367738928885988
a14,142,1,1,0.8386074230177725
a14,143,1,0,0.3627213523985189
a14,144,1,1,0.8005443777962759
a14,145,1,1,0.5402618715246111
a14,146,1,1,0.8150198735110713
a14,147,1,1,0.7666494638343094
a14,148,1,1,0.5431979303310004
a14,149,1,1,0.604853582889714
a14,150,1,1,0.6619207000929618
a14,151,1,1,0.5767105371209639
a14,152,1,0,0.32624859509309134
a14,153,1,1,0.6346245789768116
a14,154,1,1,0.5737841594299744
a14,155,1,1,0.6998762747287773
a14,156,1,1,0.6952668231232002
a14,157,1,1,0.5253641625739254
a14,158,1,1,0.7107444563201644
a14,159,1,1,0.7494934795694259
a14,160,1,1,0.5760849301726484
a14,161,1,1,0.597954054799002
a14,162,1,1,0.9165087682013542
a14,163,1,0,0.42796665873823436
a14,164,1,1,0.788211604998879
a14,165,1,0,0.40253916104793325
a14,166,1,0,0.20539134854803917
a14,167,1,1,0.6994408520845002
a14,168,1,1,0.8688321337404674
a14,169,1,1,0.7992456308153654
a14,170,1,1,0.7691495210450111
a14,171,1,1,0.7285783065430469
a14,172,1,1,0.7325613924145475
a14,173,1,1,0.543632341077971
a14,174,1,1,0.9012763959619594
a14,175,1,1,0.7624513737933573
a14,176,1,1,0.5845191328178633
a14,177,1,1,0.6687963796668369
a14,178,1,1,0.5964484758092526
a14,179,1,1,0.6734330529512298
a14,180,1,1,0.7827657052134371
a14,181,1,1,0.5638319185372678
a14,182,1,1,0.6529828439485391
a14,183,1,0,0.4438740270209233
a14,184,1,1,0.5824435508299765
a14,185,1,0,0.4605283548419894
a14,186,1,1,0.687059974979846
a14,187,1,1,0.9282289880234775
a14,188,1,0,0.40451991415900296
a14,189,1,1,0.6262912672980016
a14,190,1,0,0.442754863943443
a14,191,1,0,0.4202637011933243
a14,192,1,1,0.5444579794180179
a14,193,1,1,0.6779687130865812
a14,194,1,1,0.6196348110602454
a14,195,1,1,0.5769140924441734
a14,196,1,0,0.3753849071422582
a14,197,1,1,0.7810862627666791
a14,198,1,1,0.8189925179864801
a14,199,1,1,0.8362789959567676
a14,200,1,1,0.8625153763548582
a14,202,1,1,0.8350253906307896
a14,203,1,1,0.866856003702652
a14,204,1,1,0.6979774446978455
a14,205,1,0,0.3946195015342156
a14,206,1,1,0.6764385831462193
a14,207,1,1,0.9811028893673459
a14,208,1,1,0.8426953228425772
a14,209,1,1,0.526772518221531
a14,210,1,1,0.8390038820342334
a14,211,1,1,0.5326379548726532
a14,212,1,1,0.7781297163018163
a14,213,1,1,0.5683819306274139
a14,214,1,1,0.5151714244161405
a14,215,1,1,0.6663152414200032
a14,216,1,1,0.9490311177300906
a14,217,1,1,0.9416102529779461
a14,218,1,1,0.8162398129720025
a14,219,1,1,0.8719225864486799
a14,220,1,0,0.3922799354065021
a14,221,1,1,0.5476007902223998
a14,222,1,1,0.7543868854763834
a14,223,1,0,0.4699926088973978
a14,224,1,1,0.8933211972027849
a14,225,1,0,0.2528526297402626
a14,226,1,1,0.6479675971478808
a14,227,1,0,0.45349283609482843
a14,228,1,0,0.4560213915476078
a14,229,1,1,0.7099492592020972
a14,230,1,1,0.6361636800263305
a14,231,1,1,0.7121750334621018
a14,232,1,1,0.8303109141987602
a14,233,1,1,0.5808370781339951
a14,234,1,1,0.5591724481862373
a14,235,1,1,0.5688168375977469
a14,236,1,1,0.6402641514305419
a14,237,1,1,0.6875293276186863
a14,238,1,0,0.3278892086081891
a14,239,1,1,0.6245744558888793
a14,240,1,1,0.6855589587677144
a14,241,1,1,0.8685310082595715
a14,242,1,1,0.547194010032061
a14,243,1,0,0.4779426485834902
a14,244,1,1,0.6301486612041766
a14,245,1,0,0.4448996566700095
a14,246,1,1,0.5271364560093265
a14,247,1,1,0.7252129313972675
a14,248,1,0,0.28611749527640323
a14,249,1,0,0.39820787349608744
a14,250,1,1,0.5076389113713135
a14,251,1,0,0.46598547185871636
a14,252,1,1,0.6087548743717955
a14,253,1,1,0.7768673698629776
a14,254,1,1,0.6967940337690992
a14,255,1,0,0.46735729901258316
a14,256,1,0,0.33432686272657974
a14,257,1,1,0.5555868400695917
a14,258,1,1,0.6864273290170336
a14,259,1,1,0.6695433340177542
a14,260,1,1,0.9101239158141603
a14,261,1,1,0.6288435643827598
a14,262,1,1,0.5769114894494738
a14,263,1,1,0.6997612639675517
a14,264,1,1,0.6506767283310856
a14,265,1,1,0.6014457845725425
a14,266,1,0,0.312700274327169
a14,267,1,1,0.5229394875280383
a14,268,1,1,0.6700921860098771
a14,269,1,1,0.5362551283302871
a14,270,1,1,0.5981877239140702
a14,271,1,1,0.6005732195496544
a14,272,1,1,0.5917632087795995
a14,274,1,1,0.8418472913806764
a14,275,1,1,0.6253230643739354
a14,276,1,1,0.8404993716868068
a14,277,1,1,0.5575690268627262
a14,278,1,0,0.37463482401226084
a14,279,1,1,0.5528969912725455
a14,280,1,1,0.6898607670575877
a14,281,1,1,0.9521239445932672
a14,282,1,1,0.6265464206651551
a14,283,1,1,0.716859288487042
a14,284,1,1,0.6257748761727351
a14,285,1,1,0.6417512980634705
a14,286,1,1,0.6215577528665146
a14,287,1,1,0.6245145208755304
a14,288,1,1,0.7533435289274566
a14,289,1,0,0.3627763887551061
a14,290,1,1,0.6430024560303129
a14,291,1,1,0.7281961865146017
a14,292,1,1,0.6572229845444315
a14,294,1,1,0.7501580596573063
a14,295,1,1,0.7333714544419456
a14,296,1,1,0.5807833348765279
a14,297,1,1,0.673779678212001
a14,298,1,1,0.7712867699785251
a14,299,1,1,0.5970682953248581
a14,300,1,1,0.7105411870828309
a14,301,1,1,0.6873363866525173
a14,302,1,0,0.41560247599138356
a14,303,1,1,0.6624873310827343
a14,304,1,0,0.38185138760471893
a14,305,1,1,0.7180946497824607
a14,306,1,1,0.7664995151566557
a14,307,1,1,0.710739214258869
a14,308,1,0,0.3339579983732578
a14,309,1,1,0.6521064944733814
a14,310,1,1,0.7416557292490694
a14,311,1,1,0.8481115370631759
a14,312,1,1,0.6338455447495496
a14,313,1,1,0.6122495003610755
a14,314,1,1,0.7243174378577975
a14,315,1,0,0.39270405814719717
a14,316,1,1,0.7517120084312466
a14,317,1,1,0.7019602039962314
a14,318,1,1,0.9349054613465124
a14,319,1,1,0.7106730806009981
a14,320,1,1,0.925568993311436
a14,321,1,1,0.8473436256655227
a14,322,1,1,0.9893283943180523
a14,323,1,1,0.6913549391909384
a14,324,1,1,0.6518233123894861
a14,325,1,1,0.8461381647364202
a14,326,1,1,0.9174305776716761
a14,327,1,1,0.9838136900874935
a14,328,1,1,0.8859155629757285
a14,329,1,1,0.7647179365191796
a14,330,0,1,0.8283250192255145
a14,331,0,0,0.398625553282444
a14,332,0,0,0.32245599158602256
a14,333,0,0,0.4313232726136997
a14,334,0,0,0.38037268994224716
a14,335,0,1,0.6616158810261039
a14,336,0,0,0.49119719307492105
a14,337,0,1,0.7837836245314675
a14,338,0,1,0.5254261088494514
a14,339,0,1,0.6438268205354053
a14,340,0,1,0.6530116139093144
a14,341,0,0,0.47511766429374236
a14,342,0,1,0.5614158892235422
a14,343,0,1,0.5955773568331509
a14,344,0,1,0.6334070272384521
a14,345,0,0,0.4315792614605765
a14,346,0,0,0.3309112379829231
a14,347,0,1,0.5337738697462492
a14,348,0,1,0.7972748586693383
a14,349,0,1,0.7287844090530332
a14,350,0,1,0.7362349208570793
a14,351,0,1,0.6836025439349951
a14,352,0,0,0.32580669198925033
a14,353,0,0,0.4945545338578195
a14,354,0,1,0.521837030232119
a14,355,0,1,0.6079044292125355
a14,357,0,1,0.8560058996444104
a14,358,0,0,0.42191884596307827
a14,359,0,1,0.6440377705741456
a14,360,0,1,0.568146822411905
a14,361,0,1,0.5637629836603804
a14,362,0,0,0.2976353136360534
a14,363,0,1,0.5848234658139804
a14,364,0,0,0.4492711466422716
a14,365,0,0,0.42713164781907814
a14,366,0,1,0.6518255396178487
a14,367,1,1,0.5806294350062351
a14,368,1,1,0.7365737040849898
a14,369,1,1,0.6067162453933092
a14,371,0,1,0.7124164058493953
a14,372,0,1,0.5427513108080272
a14,373,0,1,0.7454036702931234
a14,374,1,1,0.5713356345819441
a14,375,1,1,0.5287923853280848
a14,376,1,1,0.6031350479316725
a14,377,1,1,0.7012131725357936
a14,378,1,1,0.9630047452137562
a14,379,0,1,0.5275444149053196
a14,380,0,1,0.8657911609500596
a14,381,1,0,0.4436603253924771
a14,382,1,0,0.402635878589631
a14,383,1,0,0.472985143348786
a14,384,1,0,0.42640021504265163
a14,385,1,0,0.21470250850905073
a14,386,1,1,0.5798132876303796
a14,387,1,0,0.46957593639687845
a14,388,1,0,0.18729121059535211
a14,389,1,1,0.6817024004691229
a14,390,1,1,0.718574607823868
a14,391,1,0,0.22700831858540654
a14,392,1,1,0.5562381533370284
a14,393,1,1,0.599192536268354
a14,394,1,0,0.21833080236227173
a14,395,0,0,0.2942761723430686
a14,396,0,0,0.23266128806101144
a14,397,0,0,0.49880596759921847
a14,398,0,0,0.27595048022810975
a14,399,0,0,0.13934097510047616
a14,400,0,0,0.26110642465186906
a14,401,0,0,0.19169167738548176
a14,403,0,0,0.26784446835419823
a14,404,0,0,0.26163477647006667
a14,405,0,0,0.20774737686504843
a14,406,0,0,0.09133135470828536
a14,407,0,0,0.21332415137353739
a14,408,0,0,0.22843050954223681
a14,409,0,0,0.365231409952316
a14,410,0,0,0.25382855062356535
a14,411,0,0,0.19070133597384475
a14,412,0,1,0.8631365885149992
a14,413,1,1,0.5244440295158622
a14,414,1,1,0.5005311745369089
a14,415,1,1,0.7893945389989042
a14,416,1,0,0.34462980851615627
a14,417,1,1,0.7037279410613562
a14,418,1,1,0.6799592959458707
a14,421,0,0,0.27041441501379604
a14,422,0,0,0.24471123897918018
a14,423,0,0,0.33753252990705296
a14,424,0,0,0.17247687410351875
a14,426,0,0,0.256734209012333
a14,428,0,1,0.9411678429940403
a14,429,1,1,0.9339448054223813
a14,430,1,1,0.553794359110746
a14,431,1,1,0.5037798002706882
a14,432,1,1,0.6269065138553525
a14,433,1,0,0.4088654141935365
a14,434,1,1,0.6967193417526628
a14,435,1,1,0.8742178799363762
a14,436,1,1,0.6811261868315783
a14,437,1,1,0.8438049776420963
a14,438,1,1,0.9445714614602173
a14,439,1,0,0.4809450366195187
a14,440,1,1,0.743224643864046
a14,441,1,1,0.9148883996430939
a14,442,1,1,0.919984160805444
a14,443,1,1,0.7491016479062196
a14,444,1,1,0.9371856197507262
a14,445,1,1,0.5254564391050415
a14,446,1,1,0.9382313337097058
a14,447,1,1,0.7700645622884347
a14,448,1,1,0.6847885893054558
a14,449,0,0,0.373672127837403
a14,450,0,0,0.37193966006902135
a14,451,0,1,0.884957516279203
a14,452,1,1,0.9238479579633959
a14,453,1,1,0.8401705542614372
a14,454,1,1,0.931550407993927
a14,455,1,1,0.8942647858466999
a14,456,1,1,0.5245696135030041
a14,457,1,1,0.8386139735913859
a14,458,1,1,0.5021940529476161
a14,459,1,1,0.9737332404383284
a14,460,1,1,0.8931635433014936
a14,462,1,1,0.9503146339967488
a14,463,1,1,0.7894875033411891
a14,464,1,1,0.8422413325155279
a14,465,1,0,0.39896722796185535
a14,466,1,1,0.6029618476311125
a14,467,1,1,0.9002224663251952
a14,468,1,1,0.6654506647922775
a14,469,1,1,0.6593340151811803
a14,470,1,1,0.5133485797814418
a14,471,1,0,0.4923774440071918
a14,472,0,1,0.7850911632623251
a14,473,0,1,0.5985031009461517
a14,474,0,1,0.6313497597754042
a14,475,0,1,0.7089634079828835
a14,476,0,1,0.8727039016969574
a14,477,0,0,0.4783183394583116
a14,478,0,1,0.8839841679693622
a14,479,0,1,0.6103628007865063
a14,480,0,0,0.34428632353453115
a14,482,0,0,0.411273255572776
a14,483,0,0,0.22588398579706312
a14,484,0,0,0.19721804774822785
a14,485,0,1,0.6049189454873316
a14,486,0,1,0.5741012507424251
a14,487,0,0,0.3883938537115287
a14,488,0,0,0.4806793894177621
a14,489,0,0,0.3483976596991585
a14,490,0,1,0.7988304087608693
a14,491,0,0,0.30525310223895136
a14,492,0,0,0.2641422759659411
a14,494,0,0,0.23392214601762346
a14,495,0,0,0.46529246119619666
a14,496,0,1,0.5338526335702961
a14,497,0,1,0.5569266074939082
a14,498,0,1,0.6504966245503536
a14,499,0,1,0.5019461048832314
a14,501,0,1,0.5764930827747822
a14,502,0,0,0.25716086987791786
a14,503,0,0,0.29278065514153523
a14,504,0,0,0.2779949877303013
a14,506,0,0,0.30973028910727923
a14,508,0,1,0.9159736764826897
a15,1,0,1,0.6705899530334142
a15,2,0,0,0.37461482041865024
a15,3,0,1,0.6833746969884353
a15,4,0,0,0.15166600609349723
a15,5,0,1,0.6588768745953842
a15,6,0,1,0.748443555949024
a15,7,0,1,0.5151306900246049
a15,8,0,0,0.3229385341289433
a15,9,0,0,0.4248391252304908
a15,11,0,0,0.43234076362254975
a15,12,0,0,0.40833672828345274
a15,13,0,0,0.24298231931863612
a15,14,0,1,0.8295062148062545
a15,15,0,1,0.8212862689797013
a15,16,0,1,0.598924969438675
a15,17,0,0,0.3576168733466983
a15,18,0,0,0.38100136529793477
a15,19,0,0,0.2416306276100123
a15,20,0,1,0.5016232470156913
a15,21,0,1,0.6367764410668304
a15,22,0,1,0.7544952826291249
a15,23,0,0,0.31325113310099445
a15,24,0,0,0.3355217207277967
a15,25,0,0,0.2697802452665514
a15,26,0,0,0.3879840057251691
a15,28,0,1,0.5515589022647938
a15,29,0,1,0.5179048791880653
a15,30,0,1,0.5944454366411132
a15,31,1,1,0.5347741857392851
a15,32,1,0,0.4210556704655584
a15,33,1,1,0.6986553964650564
a15,34,1,1,0.6980632209749212
a15,35,1,1,0.7017457480452544
a15,36,1,1,0.6406909595080361
a15,37,1,1,0.5727859046915952
a15,38,1,1,0.6635327689163601
a15,39,1,1,0.6501964649644362
a15,40,1,1,0.6677173307180765
a15,41,1,1,0.7158839153145988
a15,42,1,1,0.5501910051587497
a15,43,1,0,0.4883494362898715
a15,44,1,1,0.5914957927586598
a15,45,1,1,0.7508730573364428
a15,46,1,1,0.6439892224367207
a15,47,1,1,0.6402493415966636
a15,48,1,1,0.6154216759969833
a15,49,1,1,0.8695328682675462
a15,50,1,1,0.7506404834173849
a15,51,1,1,0.664769591733652
a15,52,1,1,0.7277155259391814
a15,53,0,0,0.30241578531347885
a15,54,0,1,0.5411036407081847
a15,55,0,0,0.41102535647379373
a15,56,1,1,0.8448497654759431
a15,57,1,1,0.5646950169641987
a15,58,1,0,0.41841588854195955
a15,59,1,1,0.7854544151158236
a15,60,1,1,0.7069909773938273
a15,61,1,1,0.5470590307356866
a15,62,1,1,0.819809904396311
a15,63,1,1,0.7254402908417031
a15,64,1,1,0.7932770710101276
a15,65,1,1,0.6175631982934302
a15,66,1,1,0.8430559790399828
a15,67,1,1,0.561865311151004
a15,68,1,1,0.8323107103514058
a15,69,1,1,0.7441476127437026
a15,70,1,1,0.8925678509328079
a15,71,1,1,0.5889068104637913
a15,72,0,1,0.5978623827623003
a15,73,0,1,0.5720286559382731
a15,74,0,0,0.3613510487882863
a15,75,0,1,0.6301753940248043
a15,76,0,1,0.5748869970681784
a15,77,0,1,0.8653013636260313
a15,78,0,1,0.6350729363169577
a15,79,1,1,0.5443172493968733
a15,80,1,1,0.6502875795678766
a15,81,1,1,0.5487815436122933
a15,82,1,1,0.5151251239624917
a15,83,1,1,0.6498039071908568
a15,84,1,1,0.7010384182159007
a15,85,1,1,0.7276951535802532
a15,86,1,1,0.753909967640827
a15,87,1,1,0.7149901790407528
a15,88,1,1,0.8313507845549681
a15,89,1,1,0.7781752144042834
a15,90,1,1,0.7395691676599732
a15,91,1,1,0.8450823353096314
a15,92,1,1,0.7295312031960041
a15,93,1,1,0.7556335568036939
a15,94,1,1,0.7302255727574662
a15,95,1,1,0.7577521441868089
a15,96,1,1,0.8563621036856985
a15,97,1,1,0.8494484245635576
a15,98,1,1,0.837616552109036
a15,99,1,1,0.7757350424368745
a15,100,1,1,0.8518980466537501
a15,101,1,1,0.7456389537906212
a15,102,1,1,0.8433700442642372
a15,103,1,1,0.5860592267748531
a15,104,1,1,0.6611160670270583
a15,105,1,1,0.6377526349246554
a15,106,1,1,0.5977524811091744
a15,107,1,1,0.8375886590064411
a15,108,1,1,0.7411180601458062
a15,109,1,1,0.6172568858108604
a15,110,1,1,0.7548881020662381
a15,111,1,1,0.8623405697889951
a15,112,1,1,0.6435961838983528
a15,114,0,0,0.3387447640310486
a15,115,0,0,0.39239826405940037
a15,116,0,0,0.3648408050005657
a15,117,0,0,0.33956347780397705
a15,118,0,0,0.38953554151903463
a15,119,0,0,0.461113426684523
a15,120,0,0,0.3704743444247828
a15,121,0,1,0.7813989416359409
a15,122,0,1,0.7429540062849912
a15,123,0,1,0.6503061160882472
a15,124,0,1,0.6515519013529744
a15,125,1,1,0.7672550762883816
a15,126,1,1,0.7675645929778563
a15,127,1,1,0.6403557330348777
a15,128,1,1,0.9045684280784467
a15,129,1,1,0.7124476745434511
a15,130,1,1,0.7173083821233363
a15,131,1,1,0.8017211591117497
a15,132,1,0,0.2733601344670626
a15,133,1,1,0.717459500837864
a15,134,1,1,0.8885458945152557
a15,135,1,1,0.6574191804491597
a15,136,1,1,0.8438444426424624
a15,137,1,1,0.7281688903093695
a15,138,1,0,0.3826050504896156
a15,139,1,1,0.6986061541960302
a15,140,1,1,0.7996358527884503
a15,141,1,1,0.8533677089708245
a15,142,1,1,0.8641210343813911
a15,143,1,1,0.869502777789974
a15,144,1,1,0.8690831431295971
a15,145,1,1,0.8619438314856807
a15,146,1,1,0.8813795250745192
a15,147,1,1,0.8846761088178967
a15,148,1,1,0.8154236350335576
a15,149,1,1,0.8793871163502178
a15,150,1,1,0.7401768792224436
a15,151,1,1,0.8658681943681008
a15,152,1,1,0.8654637601763646
a15,153,1,0,0.22837149739528623
a15,154,1,1,0.6981446576378405
a15,155,1,1,0.6115458322804236
a15,157,1,1,0.6208719863671993
a15,158,1,1,0.7485570504223477
a15,159,1,0,0.3995949131966282
a15,160,1,1,0.6994338942478809
a15,161,1,0,0.4987836428650033
a15,162,1,1,0.7579307043117379
a15,163,1,1,0.7474962784250074
a15,164,1,1,0.776333959774823
a15,165,1,1,0.7659550427336032
a15,166,1,1,0.7657782189084625
a15,167,1,0,0.40410050848719836
a15,168,1,1,0.579511944842702
a15,169,1,1,0.7322858674622545
a15,170,1,0,0.24656977293111784
a15,171,0,0,0.2739083487819001
a15,172,0,0,0.23725588078163973
a15,173,0,1,0.6831807988525145
a15,174,0,1,0.7438646593695538
a15,175,1,1,0.8028338951229459
a15,176,1,1,0.7736005635876719
a15,177,1,1,0.6872992159812881
a15,178,1,1,0.7484952950617497
a15,179,1,1,0.7210579280084275
a15,180,1,1,0.5640085934760405
a15,181,1,1,0.5529216227729332
a15,182,1,1,0.6867876059613228
a15,183,1,1,0.6605920128925431
a15,184,1,1,0.910683537859394
a15,185,1,0,0.4988966058061647
a15,186,1,1,0.7543864423799104
a15,187,1,1,0.8193741109967163
a15,188,1,1,0.8072014465549928
a15,189,1,1,0.7930920572451324
a15,190,1,1,0.8220521481099582
a15,191,1,1,0.8073519819314038
a15,192,1,1,0.7954905081967264
a15,193,1,1,0.7898458432541047
a15,194,1,1,0.8277940316088819
a15,195,1,1,0.637536488516577
a15,196,1,0,0.38776954645730144
a15,197,0,0,0.43401630331918434
a15,198,0,0,0.37753271248034836
a15,199,0,0,0.45300068025961404
a15,200,0,0,0.49646060223398364
a15,201,0,1,0.5296856314408727
a15,202,0,1,0.527047892088627
a15,203,0,0,0.4695171586654934
a15,204,0,0,0.4389839041519525
a15,205,0,0,0.48922365638407156
a15,206,0,1,0.6336496603514606
a15,207,1,0,0.42628974047406193
a15,208,1,1,0.6347116658608923
a15,209,1,1,0.5679461204148115
a15,210,1,1,0.5762357072288536
a15,211,1,0,0.3570508102602348
a15,212,1,0,0.3163285832731545
a15,213,1,0,0.48101075705935664
a15,214,1,1,0.6945885679805555
a15,215,1,1,0.6084596281989874
a15,216,1,1,0.721511417870181
a15,217,1,1,0.6922451552987513
a15,218,1,1,0.8141614914036372
a15,219,1,1,0.7682870867976606
a15,220,1,1,0.7398586150347848
a15,221,1,1,0.6989209126108669
a15,222,1,1,0.5417540182490642
a15,223,1,1,0.816434150376459
a15,224,1,1,0.7350995785841391
a15,225,1,1,0.6838916278370972
a15,226,1,1,0.7501040297483139
a15,227,1,1,0.7555605837290197
a15,228,1,1,0.7986087473187319
a15,229,1,1,0.7912233736455626
a15,230,1,1,0.7474575662484493
a15,231,1,1,0.8008965241751006
a15,232,1,1,0.6155767245064564
a15,233,1,1,0.7097561089304004
a15,234,1,1,0.7807521756519987
a15,235,1,1,0.7610164032884958
a15,236,1,1,0.7389681293183664
a15,237,1,1,0.7485496694394246
a15,238,1,1,0.7690045110004602
a15,239,1,1,0.8321525071926689
a15,240,1,1,0.808700898177139
a15,241,1,1,0.8598965219448172
a15,242,1,1,0.8518591655427609
a15,243,1,1,0.8482239745003388
a15,244,1,1,0.7621390211829506
a15,245,1,1,0.8191252925307981
a15,246,1,1,0.8113949209093024
a15,247,1,1,0.7794371285757449
a15,248,1,1,0.7114253010555331
a15,249,1,1,0.8336629022901536
a15,250,1,1,0.8509670675282764
a15,251,1,1,0.7786119952768364
a15,252,1,1,0.8378994801441757
a15,253,1,1,0.7281268787368863
a15,254,1,1,0.7450193032205086
a15,255,1,1,0.8874103403916475
a15,256,1,1,0.7989306235770594
a15,257,1,1,0.7190051469417917
a15,258,1,1,0.7605621003806458
a15,259,1,1,0.8586531870436952
a15,260,1,1,0.8173935207698808
a15,261,1,1,0.8793764250252307
a15,262,1,1,0.5424012581960317
a15,263,1,1,0.849021783281453
a15,264,1,1,0.8243641325587611
a15,265,1,1,0.8791789150144173
a15,266,1,1,0.8763788159260825
a15,267,1,1,0.8337784405127718
a15,268,1,1,0.8620656700498
a15,269,1,1,0.8479280686390017
a15,270,1,1,0.7967370714324229
a15,271,1,1,0.7847366718798032
a15,272,1,1,0.7974864155122241
a15,273,1,1,0.7753968703128675
a15,274,1,1,0.7998078594804391
a15,275,1,1,0.8422393744730798
a15,276,1,1,0.7483037736530123
a15,277,1,1,0.7939628008891616
a15,278,1,1,0.566636241219804
a15,279,1,1,0.73681939322137
a15,280,1,1,0.6974900876335464
a15,281,1,1,0.7391100453571174
a15,282,1,1,0.7220735018225851
a15,283,1,1,0.6978007513746304
a15,284,1,1,0.7744008617130174
a15,285,1,1,0.5429984861044572
a15,286,1,1,0.6274179438772829
a15,287,1,1,0.8952094415661418
a15,288,0,0,0.12466390497968029
a15,289,0,1,0.6588133850950604
a15,290,0,0,0.4239440147907578
a15,291,0,0,0.471333255922581
a15,292,0,0,0.4505268825395774
a15,293,0,1,0.5706391795446972
a15,294,0,0,0.44147077828979
a15,295,0,0,0.4805843773840771
a15,296,0,0,0.42340506529810873
a15,297,0,0,0.43913118323841804
a15,298,0,0,0.38382498444667873
a15,299,0,0,0.4263581289892996
a15,300,0,1,0.726125694540416
a15,301,1,1,0.7236380062212663
a15,302,1,1,0.7393895129208238
a15,303,1,1,0.7325170430028146
a15,304,1,1,0.6818455783440888
a15,305,1,1,0.81524026489681
a15,306,1,1,0.7279061624019887
a15,307,1,1,0.7492220065646025
a15,308,1,1,0.8226632169363576
a15,309,1,1,0.7433233737892937
a15,310,1,1,0.7695141394271107
a15,311,1,1,0.8352974450398751
a15,312,1,1,0.6778467298527777
a15,313,1,1,0.8125649574765458
a15,314,1,1,0.7461865013335608
a15,315,1,1,0.7730726385251833
a15,316,1,1,0.8039563523037748
a15,317,1,1,0.820901244956162
a15,318,1,1,0.8110740493984256
a15,319,1,1,0.8580690261249193
a15,320,1,0,0.1140723210832817
a15,321,1,0,0.3376124499159171
a15,322,1,1,0.6435188957948513
a15,323,0,0,0.3791851413034173
a15,324,0,1,0.8489191089458951
a15,325,0,1,0.6072502785184578
a15,326,1,0,0.3318670961901417
a15,327,1,1,0.5141914292174091
a15,328,1,1,0.7324676269822591
a15,329,1,1,0.7384814437972145
a15,330,1,1,0.7180095444791498
a15,331,1,1,0.7412118895190457
a15,332,1,1,0.8148798499163881
a15,333,1,1,0.7681886798349146
a15,334,1,1,0.7745266929386917
a15,335,1,1,0.8429135485006812
a15,336,1,1,0.7295842945500242
a15,337,1,1,0.7701519076076997
a15,338,1,1,0.7103858943025931
a15,339,1,1,0.7681905315797641
a15,340,1,1,0.8177980152244022
a15,341,1,1,0.7807092705713519
a15,342,1,1,0.7488238404091527
a15,343,1,1,0.7808471340760594
a15,344,1,1,0.7916771153062617
a15,345,1,1,0.7885907326882474
a15,346,1,1,0.8381710595891905
a15,347,1,1,0.7955542527736277
a15,348,1,1,0.7883254588746292
a15,349,1,1,0.7974323374165763
a15,350,1,1,0.7983634719885581
a15,351,1,1,0.7736058723706988
a15,352,1,1,0.8080811136354216
a15,353,1,1,0.8586740433867973
a15,354,1,1,0.8359504774080865
a15,355,1,1,0.8278386734064435
a15,356,1,1,0.6554462336031297
a15,357,1,1,0.8035550498066723
a15,358,1,1,0.7281958985730154
a15,359,1,1,0.7911029769611628
a15,360,1,1,0.8111131300125809
a15,361,1,1,0.8129984049105028
a15,362,1,1,0.7193326449346635
a15,363,1,1,0.7842569343295634
a15,364,1,1,0.8467839011032703
a15,365,1,1,0.7578739543429533
a15,366,1,1,0.7473217510706591
a15,367,1,0,0.2698377139286793
a15,368,1,1,0.5188805344938434
a15,369,1,0,0.22910600851584742
a15,370,0,0,0.41595321189381673
a15,371,1,0,0.4876123575531225
a15,372,1,0,0.4650530690145559
a15,373,1,0,0.47842209652977163
a15,374,1,0,0.35471364670625155
a15,375,0,1,0.7100358856948848
a15,376,0,0,0.4115036620438787
a15,377,0,0,0.4104876369266899
a15,378,0,1,0.7376642100039811
a15,379,1,0,0.4682197068625222
a15,380,0,0,0.4844320957100437
a15,381,0,1,0.7842570844770607
a15,382,0,1,0.5437683908371361
a15,383,0,0,0.41235247324891616
a15,384,0,1,0.78096707475329
a15,385,0,1,0.5471517625191541
a15,386,0,0,0.4514414921376762
a15,387,0,1,0.6159013642991504
a15,388,0,0,0.2602403796592295
a15,389,0,1,0.787434858696253
a15,390,0,1,0.7531989819454781
a15,391,0,1,0.5403542370088509
a15,392,0,0,0.42622174787343936
a15,393,0,0,0.47573696799829274
a15,394,0,1,0.8127348407724299
a15,395,0,1,0.7545362128725426
a15,396,0,1,0.8804148963551441
a15,397,0,1,0.5923895211067107
a15,398,0,1,0.524062744190776
a15,399,0,0,0.4579303982067607
a15,400,0,1,0.5741498177493003
a15,401,0,1,0.6117109993300114
a15,402,0,0,0.48908572217868396
a15,403,0,1,0.5732879384687536
a15,404,1,1,0.5527255450142478
a15,405,1,0,0.44020745738550127
a15,406,1,0,0.4821824316707265
a15,407,1,0,0.484859513094542
a15,408,1,0,0.3694857247728328
a15,409,1,1,0.6531032137555893
a15,410,1,1,0.8153580009529202
a15,411,1,1,0.5600797597626574
a15,412,1,0,0.3428874191323194
a15,413,1,1,0.640735179554312
a15,414,1,1,0.7298494729936054
a15,415,1,1,0.5130373583910645
a15,416,1,1,0.8092741091604182
a15,417,1,1,0.6776188173583912
a15,418,1,1,0.5728448549804467
a15,419,1,1,0.8056595178403774
a15,420,1,1,0.760436960297311
a15,421,1,1,0.8018388680451551
a15,422,1,1,0.7667461898595771
a15,423,1,1,0.7563642139017945
a15,424,1,1,0.7789943299327701
a15,425,1,1,0.8346372525924919
a15,426,1,1,0.837306906495687
a15,427,1,1,0.8034457005931605
a15,428,1,1,0.6878364744607252
a15,429,1,0,0.10991574908696813
a15,430,1,1,0.7826838725988289
a15,431,1,0,0.45052227049170407
a15,432,1,0,0.4077760167555938
a15,433,1,1,0.6985233059429552
a15,434,1,1,0.6435055963374419
a15,435,1,1,0.661254686799871
a15,436,1,0,0.4552851117902175
a15,437,0,0,0.45985495704560453
a15,438,0,1,0.7922556968153811
a15,439,1,0,0.42110713457254906
a15,440,0,1,0.729321957797168
a15,442,1,1,0.5373760116935167
a15,443,1,0,0.35038065951807706
a15,444,1,1,0.7442916678610259
a15,445,1,1,0.5414518210575006
a15,446,0,0,0.4107617370753974
a15,447,0,0,0.4297738847952059
a15,448,0,0,0.39793424489834517
a15,449,0,1,0.6663475981742142
a15,450,0,1,0.6868599547011149
a15,451,1,1,0.756268369931564
a15,452,0,1,0.6599898096375708
a15,453,0,1,0.786650685940136
a15,454,1,1,0.7294034215702138
a15,455,1,1,0.6989625443522246
a15,456,1,1,0.7972727270632958
a15,457,1,1,0.7910116247026997
a15,458,1,1,0.7307888218251021
a15,459,1,1,0.7568220975422452
a15,460,1,1,0.774099954579762
a15,461,1,1,0.7920663823119731
a15,462,1,1,0.8409169739439437
a15,463,1,1,0.6962472678357517
a15,464,1,1,0.7755990657054171
a15,465,1,1,0.7968968756644144
a15,466,1,0,0.3781877309409856
a15,467,1,1,0.8222931643701161
a15,468,1,1,0.8286364017631168
a15,469,1,1,0.8682263834522495
a15,470,1,1,0.8868496054773799
a15,471,1,1,0.8165432731195126
a15,472,1,1,0.7697509318261289
a15,473,1,1,0.824188716533559
a15,474,1,1,0.8142627240591246
a15,475,1,1,0.8079106687023815
a15,476,1,1,0.8611653967841905
a15,477,1,1,0.839581665847112
a15,478,0,1,0.7733327035869777
a15,479,0,0,0.4851716866402287
a15,480,0,0,0.48411538108982444
a15,481,0,1,0.502596014125337
a15,482,0,1,0.5130280482038891
a15,483,0,1,0.5205514542718646
a15,484,1,1,0.5978293939964969
a15,485,1,1,0.5385095866734778
a15,486,1,1,0.5390362344781283
a15,487,1,0,0.42928130103875994
a15,488,1,0,0.4397674512047849
a15,489,1,1,0.5470460920434062
a15,490,1,1,0.5740170932165573
a15,491,1,1,0.5218772861150286
a15,492,1,1,0.5503357925762553
a15,493,1,1,0.5210847741435599
a15,494,1,1,0.6171729076233325
a15,495,1,1,0.5284815220758247
a15,496,0,1,0.7914356644806132
a15,497,0,1,0.5759053748186892
a15,498,0,0,0.3751221627424495
a15,499,0,0,0.44458352371869114
a15,500,0,1,0.5590108236502037
a15,501,0,1,0.5109182202917635
a15,502,0,1,0.5498761000302911
a15,503,0,1,0.5065506390350732
a15,504,0,1,0.6155870134854302
a15,505,0,1,0.520647214355658
a15,506,0,1,0.5589819389807996
a15,507,0,1,0.6185632770265672
a15,508,0,1,0.5283601702409696
a15,509,0,0,0.40745563145674185
a16,1,0,1,0.508327726467355
a16,2,0,0,0.4402853409655218
a16,3,0,0,0.3836512968307655
a16,4,0,0,0.34396475269172827
a16,5,0,0,0.43733962602137655
a16,6,0,0,0.42169528915270404
a16,7,0,0,0.4527308199482583
a16,8,0,0,0.37924388332644665
a16,9,0,1,0.5198064222663544
a16,10,0,0,0.38750593400816685
a16,11,0,0,0.40428821328164116
a16,12,0,0,0.40554562612927936
a16,13,0,0,0.41956074497589696
a16,14,0,0,0.397406551294719
a16,15,0,0,0.4345022146590883
a16,16,0,0,0.41453665445025517
a16,17,0,0,0.2843808498982556
a16,18,0,0,0.4258942230196676
a16,19,0,0,0.44169386559697976
a16,20,0,0,0.32021562323702646
a16,21,0,0,0.46603153594216584
a16,22,0,0,0.4421318732294041
a16,23,0,0,0.40189736484198413
a16,24,0,0,0.3578941522999706
a16,25,0,0,0.3709775712841959
a16,26,0,0,0.3685204097448903
a16,27,0,0,0.2013405335148748
a16,28,0,1,0.5362825166395904
a16,29,0,0,0.4949965391644662
a16,30,0,0,0.47223138154753114
a16,31,0,1,0.5391909605325562
a16,32,0,1,0.6072359003057298
a16,33,0,1,0.5100677856047643
a16,34,0,1,0.634388670466245
a16,35,0,0,0.38678186454017965
a16,36,0,0,0.3831400306296095
a16,37,0,0,0.4643391313362235
a16,38,0,0,0.44081806142501895
a16,39,0,0,0.32223063260328966
a16,40,0,0,0.4626537582287022
a16,41,0,0,0.45891198650792175
a16,42,0,0,0.324703984344069
a16,43,0,0,0.3898016973882502
a16,44,0,0,0.491356435050023
a16,45,0,1,0.5498786189061728
a16,46,0,0,0.40607018462387545
a16,47,0,0,0.422081657982195
a16,48,0,0,0.47314979216844716
a16,49,0,0,0.3978346937371772
a16,50,0,0,0.4876016710034584
a16,51,0,1,0.5139177051752244
a16,52,0,1,0.6536130858260288
a16,53,0,0,0.41396719824556866
a16,54,0,0,0.328077951691165
a16,55,0,0,0.44251074809151697
a16,56,0,0,0.34788186066229554
a16,57,0,0,0.4933791958683425
a16,58,1,0,0.41543163738115646
a16,59,1,0,0.4007071407711322
a16,60,1,0,0.472394356799311
a16,61,1,0,0.49231048129424454
a16,62,0,1,0.5124497415639354
a16,63,0,0,0.44146987205163835
a16,64,0,0,0.39516394320697523
a16,65,0,0,0.3812658539894753
a16,66,0,1,0.6151650022237253
a16,67,1,0,0.30271287270830216
a16,68,1,0,0.49628421065408507
a16,69,0,1,0.7291209951703421
a16,70,0,1,0.5958187610129901
a16,71,0,1,0.565443101083069
a16,72,0,0,0.46683842533475256
a16,73,0,0,0.3952722640893935
a16,74,0,0,0.34359125131731794
a16,75,0,0,0.2911574302441771
a16,76,0,1,0.6382164887098256
a16,77,0,0,0.3962987074718724
a16,78,0,0,0.3143363914161782
a16,79,0,0,0.3944669358515
a16,80,0,0,0.3807218537258975
a16,81,1,0,0.3892156658589352
a16,82,1,0,0.46575834289789125
a16,83,1,0,0.49078739245000963
a16,84,1,0,0.4767014322301252
a16,85,1,0,0.4765858289482684
a16,87,1,0,0.4045288060009212
a16,88,1,1,0.6186233791248869
a16,89,1,0,0.4617008695229869
a16,90,1,0,0.4342218217844742
a16,91,1,1,0.5571736532669639
a16,92,1,1,0.6272880370515008
a16,93,1,1,0.5543569636018452
a16,94,1,1,0.5812961054694473
a16,95,1,1,0.7138541921259677
a16,96,0,0,0.31125030071565984
a16,97,0,1,0.5772032648916525
a16,98,0,0,0.4548903548201859
a16,99,0,1,0.7062527659641905
a16,100,0,1,0.5836301373223397
a16,101,0,0,0.4076311323455286
a16,102,0,1,0.563539234807879
a16,103,0,0,0.41742687424438496
a16,104,0,1,0.5635338438172479
a16,105,0,0,0.3255196898725989
a16,107,0,1,0.5263314629400071
a16,108,0,0,0.4456448739222892
a16,109,0,1,0.5203839032383681
a16,110,0,1,0.568078352149169
a16,111,0,1,0.5005235551921883
a16,112,0,1,0.5719774568584187
a16,113,0,1,0.7293284680550075
a16,114,0,0,0.43762036508687835
a16,115,0,0,0.49739339539388777
a16,116,0,1,0.5664809358536571
a16,117,0,1,0.5162201429178783
a16,118,0,1,0.6026046728981713
a16,119,0,1,0.5716837410045993
a16,120,0,0,0.4567685543662436
a16,121,0,0,0.47099579281833637
a16,122,0,0,0.49491824675119467
a16,123,0,0,0.4946639782857042
a16,124,0,1,0.551582530277134
a16,125,0,0,0.45660058451011815
a16,126,0,0,0.47087412390201294
a16,127,0,1,0.5748819819363378
a16,128,0,1,0.5081168398574074
a16,129,0,1,0.5905224467225866
a16,130,0,1,0.5368310883387887
a16,131,0,1,0.5892807951917158
a16,132,0,1,0.5481391262206079
a16,133,0,0,0.3829340577273522
a16,134,0,0,0.4255058446136968
a16,135,0,1,0.7321592898499631
a16,136,0,0,0.47521032186526674
a16,137,1,1,0.6094026243410817
a16,138,1,0,0.3039614053117918
a16,139,1,1,0.528777575043286
a16,140,1,1,0.6678315372085236
a16,141,1,1,0.5100667075762512
a16,142,1,0,0.4951432990787715
a16,143,1,1,0.5298671565189539
a16,144,1,0,0.3196020620058067
a16,145,1,1,0.5366314960695892
a16,146,1,1,0.557510555098138
a16,148,1,1,0.7309467379434937
a16,149,1,1,0.5034866118771798
a16,150,1,0,0.36514015922529547
a16,151,1,1,0.842081048778891
a16,152,1,1,0.7071730409564105
a16,153,1,0,0.324742827373841
a16,154,1,1,0.622580983426936
a16,155,1,1,0.5731798380541593
a16,156,1,0,0.42004452193481334
a16,157,1,1,0.5429246006733186
a16,158,1,1,0.6297938930525592
a16,159,1,1,0.6501261125213478
a16,160,1,1,0.5301603861359999
a16,161,1,0,0.49924883041095486
a16,162,1,1,0.5877832546652438
a16,163,1,1,0.5446826965408175
a16,164,1,1,0.7768555136478975
a16,165,1,1,0.9041535440854311
a16,166,1,0,0.37887225619648884
a16,167,1,1,0.8741923033092168
a16,168,1,1,0.634015036760348
a16,169,1,1,0.7418260837608827
a16,170,1,1,0.8809543111157475
a16,171,1,1,0.8204068154523921
a16,172,1,1,0.6084144458217884
a16,173,1,1,0.8685447089832222
a16,174,1,1,0.9396181556079016
a16,175,1,1,0.8243283093146236
a16,176,1,1,0.5981889304251072
a16,177,1,1,0.7582798257264282
a16,178,1,1,0.8518650789711102
a16,179,1,1,0.753882283318935
a16,180,1,1,0.5003031470771571
a16,181,1,1,0.6207725155982453
a16,182,1,1,0.5982172912791471
a16,183,1,1,0.5616115274385994
a16,184,1,1,0.6239717432650959
a16,185,1,1,0.6778549862941665
a16,186,1,1,0.6643369050466124
a16,187,1,0,0.3714905909132346
a16,188,1,1,0.6289104563927179
a16,189,1,1,0.6563282689316909
a16,190,1,0,0.19023769790588943
a16,191,0,1,0.6078779561470616
a16,192,0,0,0.13127394456134134
a16,193,0,1,0.5034061566262934
a16,194,0,1,0.7244137652255895
a16,195,0,0,0.4477225617078783
a16,196,0,1,0.6551350934061863
a16,197,1,1,0.6731588844642674
a16,198,1,0,0.43444750501707413
a16,199,1,0,0.3580095126525315
a16,200,1,1,0.6263439257220256
a16,201,1,1,0.5390578482274576
a16,202,1,0,0.41014874675029417
a16,203,1,1,0.5121827124165818
a16,204,1,0,0.34919268547121984
a16,205,1,1,0.5025116884735276
a16,206,1,1,0.5138218907546934
a16,207,1,1,0.617630928382019
a16,209,1,0,0.39756401364011323
a16,210,1,1,0.5692371244178258
a16,211,1,1,0.5459677381238744
a16,212,1,1,0.532446576007998
a16,213,1,1,0.6488714961962734
a16,215,1,1,0.5728579743095723
a16,216,1,1,0.6149764774432559
a16,217,1,1,0.6129853153014196
a16,218,1,1,0.5826503747500198
a16,219,1,1,0.6358897337432572
a16,220,1,1,0.603398007111676
a16,221,1,1,0.7386321074086714
a16,222,1,1,0.5725582679881658
a16,223,1,1,0.6347965511818122
a16,224,1,1,0.8809924336449346
a16,225,1,1,0.6173162250052563
a16,226,1,1,0.5833165641378646
a16,227,1,1,0.5930548803380767
a16,228,1,1,0.8566592142508257
a16,229,1,1,0.7214874980312259
a16,230,1,1,0.6150025109629995
a16,231,1,1,0.6123882036734349
a16,232,1,1,0.6177677277871476
a16,233,1,1,0.5389464203791269
a16,234,1,1,0.654810689994547
a16,235,1,1,0.6168884385320805
a16,236,1,1,0.5893946119333114
a16,237,1,1,0.8987143938466
a16,238,1,1,0.6663906436706301
a16,239,1,1,0.6024552868106782
a16,240,1,1,0.7432858877811923
a16,241,1,1,0.57871329610985
a16,242,1,1,0.5872486559589829
a16,243,1,1,0.7805380811923425
a16,244,1,1,0.6247073806227176
a16,245,1,1,0.6867429766163887
a16,246,1,1,0.6767090779220565
a16,247,1,1,0.5992606862251166
a16,248,1,1,0.626142337268484
a16,249,1,1,0.5947251571986342
a16,250,1,1,0.5836517165331879
a16,251,1,0,0.4914966401918747
a16,252,1,1,0.6174506640277132
a16,253,1,1,0.512379417046798
a16,254,1,1,0.6263924437493263
a16,255,1,1,0.6375599718236201
a16,256,1,1,0.5150477322269419
a16,257,1,1,0.6425969253422046
a16,258,1,1,0.6675439563600016
a16,259,1,1,0.6451120384983907
a16,260,1,1,0.5484436431095289
a16,261,1,1,0.5450868047938323
a16,262,1,1,0.6085202050199828
a16,263,1,1,0.6315046105258865
a16,264,1,1,0.6592342138034312
a16,265,1,1,0.6593082451177451
a16,266,1,1,0.5957107130224645
a16,267,1,1,0.6136098222519653
a16,268,1,1,0.6180551608746256
a16,269,1,1,0.6549398570642563
a16,270,1,1,0.5435271429664262
a16,271,1,1,0.5547097322663055
a16,272,1,1,0.7868979670962797
a16,273,1,1,0.810198761541295
a16,274,1,1,0.6128645389505739
a16,275,1,1,0.6951078739370566
a16,276,1,0,0.42688628021266506
a16,277,1,1,0.689797456616494
a16,278,1,1,0.7766450199420926
a16,279,1,1,0.7290489507743767
a16,280,1,1,0.8483289254510366
a16,281,1,0,0.476195167168242
a16,282,1,1,0.925410423961811
a16,283,1,1,0.906164489391796
a16,284,1,1,0.9224035065782459
a16,285,1,1,0.9085690844810457
a16,286,1,1,0.87244547305438
a16,287,1,1,0.8532274327535593
a16,288,1,1,0.7766633941115898
a16,289,1,1,0.7503713041429243
a16,290,1,1,0.8394430056970371
a16,291,1,1,0.9455311489423649
a16,292,1,1,0.8365751799398939
a16,293,1,1,0.90756968077324
a16,294,1,1,0.8937554827567441
a16,295,1,1,0.8190915076028058
a16,296,0,1,0.585069449910935
a16,297,0,0,0.3376011328444191
a16,298,0,0,0.3939017850106367
a16,299,0,0,0.31204165217578467
a16,300,0,0,0.33233201334228535
a16,301,0,0,0.20877158528361445
a16,302,0,0,0.3158480242814119
a16,303,0,1,0.6971507088256306
a16,304,0,0,0.3256040897002726
a16,305,0,0,0.31232221112816627
a16,306,0,0,0.3608828815247007
a16,307,0,1,0.7064150655843306
a16,308,0,0,0.3167509188166905
a16,309,0,1,0.7114985245394458
a16,310,1,1,0.9033784829601131
a16,312,1,1,0.5374243160122393
a16,313,1,1,0.608696257783188
a16,314,1,1,0.6112522234907193
a16,315,1,1,0.5638147224245706
a16,316,1,1,0.503044747064632
a16,317,0,1,0.5554617159737008
a16,318,0,0,0.46120041530270894
a16,319,0,1,0.7663897830422094
a16,320,1,1,0.5377992254552376
a16,321,1,1,0.6005580143338429
a16,322,1,1,0.7212637031750438
a16,323,1,1,0.5771694962432349
a16,324,1,1,0.5900413138458261
a16,325,1,1,0.6955014120147631
a16,327,0,0,0.45682490533360665
a16,328,1,1,0.7262401986842868
a16,329,1,1,0.7573563054568253
a16,330,1,1,0.5122040079205971
a16,331,1,1,0.7238392040177234
a16,332,1,1,0.6282940593456181
a16,333,1,1,0.6127924187987296
a16,334,1,1,0.7111280481633693
a16,335,1,1,0.6272877236886196
a16,336,1,1,0.7114002688165209
a16,337,1,1,0.6739389391703678
a16,338,1,1,0.7168255987449541
a16,339,1,1,0.7143289716664039
a16,340,1,1,0.6891777108634638
a16,341,1,1,0.8361413677105833
a16,342,1,1,0.5915154342994333
a16,343,1,1,0.5597545451674969
a16,344,1,1,0.6168904468079031
a16,345,1,1,0.7384813635790008
a16,346,1,1,0.7086345970053279
a16,347,1,1,0.6006683828769696
a16,348,1,1,0.5847173466705652
a16,349,1,1,0.5502829481425231
a16,350,1,1,0.6715745504905268
a16,351,1,1,0.5982633959016729
a16,352,1,1,0.7904092011297659
a16,353,1,1,0.8706589592149532
a16,354,1,1,0.7738609340524194
a16,355,1,1,0.6508782085009295
a16,356,1,1,0.769105703921135
a16,357,1,1,0.8619844588846454
a16,358,1,1,0.8552904745662271
a16,359,1,1,0.8858994590891571
a16,360,1,1,0.7941783499632588
a16,361,1,1,0.7534617340761061
a16,362,1,1,0.8128482443287355
a16,363,1,1,0.9591552336019262
a16,364,1,1,0.8310882467270008
a16,365,1,0,0.36771713869304135
a16,366,0,1,0.8726741161146183
a16,367,1,1,0.94715027263647
a16,368,1,1,0.90643624936052
a16,369,1,1,0.8720259649137495
a16,370,1,1,0.7185987632148766
a16,371,1,1,0.8405451305801996
a16,372,1,1,0.8035684514392569
a16,373,1,1,0.8466030383383466
a16,374,1,1,0.7044934600970979
a16,375,1,1,0.7718891740800591
a16,376,1,1,0.8046444309341891
a16,377,1,1,0.5541641847554852
a16,378,1,1,0.85206043849591
a16,379,1,1,0.9814153014482774
a16,380,0,1,0.8017963201276982
a16,381,1,1,0.711999309960595
a16,382,1,1,0.7499429194393947
a16,383,1,1,0.9227737512426778
a16,384,1,1,0.7395382351702522
a16,385,1,1,0.6417610550373866
a16,386,1,1,0.8524835085157988
a16,387,1,1,0.8588390900996357
a16,388,1,1,0.6692742257972839
a16,389,1,1,0.8403877241838859
a16,390,1,1,0.8033739823372181
a16,391,1,1,0.7913514849343483
a16,392,1,1,0.5579338072678116
a16,393,1,1,0.662763678651741
a16,394,1,1,0.6739228818579276
a16,395,1,1,0.6062133500105048
a16,396,1,1,0.9138259452550446
a16,397,1,1,0.5276187861395605
a16,398,1,1,0.6743957229483455
a16,399,1,1,0.5950200820611206
a16,400,1,1,0.6377686775895292
a16,401,1,1,0.550012656426164
a16,402,1,1,0.678091653071601
a16,403,1,1,0.656697872826185
a16,404,1,1,0.6427157970394095
a16,405,1,1,0.535851633596897
a16,406,1,1,0.5388298089245245
a16,407,1,1,0.6581583808779192
a16,408,1,1,0.6593173186389569
a16,409,1,1,0.6441941404781975
a16,410,1,1,0.6408940714279702
a16,411,1,1,0.5745060044905241
a16,412,1,1,0.5916324661406018
a16,413,1,1,0.6208753118461212
a16,414,1,1,0.5931240396968113
a16,415,1,1,0.7018286152173748
a16,416,1,1,0.5816481270675281
a16,417,1,0,0.4950922687200162
a16,418,1,1,0.6385461010168318
a16,419,1,1,0.6937072854918868
a16,420,1,1,0.634660118485923
a16,421,1,1,0.6409942948260277
a16,422,1,1,0.7120304845321699
a16,423,1,1,0.6352852112318619
a16,424,1,1,0.5934805154566889
a16,425,1,1,0.5547390954148812
a16,426,1,1,0.6470423856786128
a16,427,1,1,0.9003653930632904
a16,428,1,1,0.5199755985970315
a16,429,1,1,0.5126941219722845
a16,430,1,1,0.5409154587609057
a16,431,1,1,0.5381705775918056
a16,432,1,1,0.506416008373875
a16,433,1,1,0.5640616605790394
a16,434,1,1,0.5968859748976572
a16,435,1,1,0.6231780794904017
a16,436,1,1,0.7600275465220891
a16,437,1,1,0.76182951989982
a16,438,1,1,0.5651117671173843
a16,439,1,1,0.5847099354838938
a16,440,1,1,0.6251034670125158
a16,441,1,1,0.6765645278776043
a16,442,1,1,0.6456553321445156
a16,443,1,1,0.7615808661905554
a16,444,1,1,0.6318709737404629
a16,445,1,1,0.5992368099221277
a16,446,1,1,0.5279219644401836
a16,447,1,1,0.7867663980261568
a16,448,1,1,0.917448443030844
a16,449,1,1,0.7152107055336427
a16,450,1,0,0.3766570379775219
a16,451,1,1,0.6752994592145163
a16,452,1,1,0.9297791552963053
a16,453,1,1,0.8487325814431407
a16,454,0,1,0.509749601283213
a16,455,0,1,0.5036048132682988
a16,456,0,1,0.5378669815601582
a16,457,0,1,0.5860919350950516
a16,458,0,1,0.746955294571953
a16,459,0,1,0.7944644045395413
a16,460,0,1,0.528063070910807
a16,461,0,1,0.9072364883380243
a16,462,1,1,0.5407941815849493
a16,463,1,1,0.5400381322926965
a16,464,1,1,0.8070794979270837
a16,465,0,1,0.5133451299633154
a16,466,0,1,0.7938178954136021
a16,467,0,1,0.6989904164562268
a16,468,0,0,0.47373124217119206
a16,469,0,1,0.527661433489189
a16,470,0,1,0.6042892781000095
a16,471,1,1,0.506984153383944
a16,472,1,0,0.4343561035804666
a16,473,1,0,0.49448005519671134
a16,474,1,1,0.9153699120532681
a16,475,0,1,0.737757152845965
a16,476,0,1,0.555943278570252
a16,477,0,1,0.5870530584201273
a16,478,1,0,0.44131765120616145
a16,479,1,1,0.5380307394233633
a16,480,0,1,0.5677679905189931
a16,481,0,0,0.37636535112390157
a17,1,0,0,0.33552201138000637
a17,2,0,1,0.6661429005827504
a17,3,0,0,0.4100628366034549
a17,4,0,0,0.4984666255171888
a17,5,0,1,0.6422715751481719
a17,6,0,0,0.43081284244272244
a17,7,0,1,0.5192508447227281
a17,8,0,0,0.4769667875895425
a17,9,0,0,0.335992774651089
a17,10,0,0,0.3708386029787678
a17,11,0,0,0.39480128502649253
a17,12,0,0,0.3479850844626014
a17,13,0,0,0.45922402330666784
a17,14,0,1,0.6715376340169782
a17,15,0,1,0.590070852882377
a17,16,0,0,0.3782827399633697
a17,17,0,0,0.3803741965796456
a17,18,0,0,0.4198660553929852
a17,19,0,0,0.4093485800357185
a17,20,0,0,0.40217553115081467
a17,21,0,0,0.41574331612070475
a17,22,0,0,0.4048986386742473
a17,23,0,0,0.465282493986889
a17,24,0,0,0.4390734385872622
a17,25,0,0,0.45051278666699945
a17,26,0,0,0.4113617585400509
a17,27,0,0,0.49301388440636634
a17,28,0,0,0.4162701498660938
a17,29,0,0,0.3741844336474504
a17,30,0,0,0.3825955266122597
a17,31,0,0,0.3407075661140413
a17,32,0,0,0.38616503613313224
a17,33,0,0,0.38882558546998713
a17,34,0,0,0.3914093919981661
a17,35,0,0,0.4012054423935005
a17,36,0,0,0.404619161458345
a17,37,0,0,0.28393091382900054
a17,38,0,0,0.39521927138222024
a17,39,0,0,0.44391899168915966
a17,40,0,0,0.3420932093180503
a17,41,0,0,0.3832166608989289
a17,42,0,1,0.7019495065064173
a17,43,0,1,0.8046394449931782
a17,44,0,0,0.39913433085921257
a17,45,0,0,0.4212328068522569
a17,46,0,0,0.4905275210307391
a17,47,0,0,0.45674412101927037
a17,48,0,0,0.4597168765761904
a17,49,0,1,0.6760173045956874
a17,50,0,1,0.7898378287710511
a17,51,0,0,0.2923049085676129
a17,52,0,0,0.3713550670534616
a17,53,0,1,0.5067372368800052
a17,54,0,0,0.3679916321921241
a17,55,0,0,0.3917691262556414
a17,56,1,1,0.6900430751676134
a17,57,1,1,0.5741412061032453
a17,58,1,1,0.6275821662856245
a17,59,1,1,0.6059920168237747
a17,60,1,0,0.4498926223246989
a17,61,1,1,0.5697053425295365
a17,62,1,1,0.5380878699385434
a17,63,1,1,0.5968079868438836
a17,64,1,1,0.5044540325382721
a17,65,1,1,0.5846688769243504
a17,66,1,1,0.5636291736099538
a17,67,1,1,0.5333731760942293
a17,68,1,1,0.5219274492264201
a17,69,1,1,0.7567601343935256
a17,70,1,1,0.6135366684201159
a17,71,1,1,0.6987688973824007
a17,72,1,1,0.8430533440452277
a17,73,1,1,0.6703813748672546
a17,74,1,1,0.6815345927390577
a17,75,1,1,0.7141535489776124
a17,76,1,1,0.7639508049665539
a17,77,1,1,0.7972655706627481
a17,78,1,1,0.7791890916735766
a17,79,1,1,0.6596853873219032
a17,80,1,1,0.6909822792775565
a17,81,1,1,0.6974929415532833
a17,82,1,1,0.5285018308097622
a17,83,0,0,0.25340385741234334
a17,84,0,0,0.4854179710667805
a17,85,0,0,0.30696933200870397
a17,86,0,0,0.3156428684488299
a17,87,0,1,0.5351776817343172
a17,88,0,0,0.4019157301799526
a17,89,0,0,0.49423747819845926
a17,90,1,0,0.48406190898219537
a17,91,1,0,0.24700394049110283
a17,92,0,0,0.2322263568594356
a17,93,0,0,0.18947527796563807
a17,94,0,0,0.37521895401201394
a17,95,0,0,0.21717325621346975
a17,96,0,0,0.3082934466973305
a17,97,1,1,0.8479822372828314
a17,98,1,1,0.5534959796137788
a17,99,1,1,0.6189976266354243
a17,100,1,1,0.7921575451772276
a17,101,1,1,0.5553260049703727
a17,102,0,0,0.42377122922400257
a17,103,0,0,0.3405573048092544
a17,104,0,0,0.3819471886044457
a17,105,0,0,0.3676350580756849
a17,106,0,0,0.30176996730291894
a17,107,0,0,0.29638661542658207
a17,108,0,0,0.27636488438708673
a17,109,0,0,0.3073012327905682
a17,110,0,0,0.18841029356983116
a17,111,0,0,0.33897667736011555
a17,112,0,0,0.3170774716754005
a17,113,0,0,0.3153299153238379
a17,114,0,0,0.3571012932073106
a17,115,0,0,0.2497960495476655
a17,116,0,0,0.21978629112098239
a17,117,0,0,0.28584137705663865
a17,118,0,0,0.22449345888162947
a17,119,0,1,0.6103128939124777
a17,120,1,1,0.6490588537870068
a17,121,1,1,0.8495488807672624
a17,122,1,1,0.5440614398011989
a17,123,1,1,0.6752320806996953
a17,124,1,1,0.8580330081295684
a17,125,1,1,0.6767654279817042
a17,126,1,1,0.7111694459704463
a17,127,1,1,0.8004644260487266
a17,128,1,1,0.7813643389732521
a17,129,1,1,0.789234736727384
a17,130,1,1,0.6863826745466424
a17,131,1,1,0.7674900567830051
a17,132,1,1,0.8128509270306529
a17,133,1,1,0.632625456829232
a17,134,1,1,0.8371135731082133
a17,135,1,1,0.5799744815761296
a17,136,1,1,0.6656647118751566
a17,137,1,1,0.6023801020891174
a17,138,1,1,0.6977486928803692
a17,139,1,1,0.6450455435414999
a17,140,1,1,0.5326008966900406
a17,141,1,0,0.2949420253892575
a17,142,0,0,0.2763393458259318
a17,143,0,0,0.2982486039091397
a17,144,0,1,0.7543932517535882
a17,145,1,1,0.6818806179674033
a17,146,1,1,0.7275180655091549
a17,147,1,1,0.5394464076669504
a17,148,1,1,0.7134213326022898
a17,149,1,1,0.6952250593036826
a17,150,1,1,0.8773392925419274
a17,151,1,1,0.6379499193977982
a17,152,1,1,0.7009771339077938
a17,153,1,1,0.5231795471560513
a17,154,1,1,0.7186472674381906
a17,155,1,1,0.6180216523079258
a17,156,1,1,0.801614567726996
a17,157,1,1,0.7226828803997994
a17,158,1,1,0.6716337479394713
a17,159,1,0,0.41193631749562115
a17,160,0,1,0.7187669735076235
a17,161,1,1,0.7142553529022052
a17,162,1,0,0.3610126164641761
a17,163,1,1,0.9028871874079699
a17,164,1,1,0.8124081830760429
a17,165,1,1,0.5411444538726535
a17,166,0,0,0.43432493917866616
a17,167,0,1,0.7341156640324266
a17,168,0,0,0.45731817457795537
a17,169,0,0,0.41536664026208503
a17,170,0,0,0.35897123794992825
a17,171,0,0,0.43750133006170155
a17,172,0,0,0.4004679446364232
a17,173,0,0,0.31058709621636543
a17,174,0,0,0.2858709684909195
a17,175,0,0,0.3561320539959276
a17,176,0,1,0.5204776650084998
a17,177,0,0,0.3609219109961717
a17,178,0,0,0.4141506908984959
a17,179,0,0,0.33972132037577996
a17,180,0,0,0.4617381236077518
a17,181,0,0,0.4479113462860552
a17,182,0,0,0.3690868193695963
a17,183,0,0,0.3672359594180968
a17,184,0,0,0.3365393997895272
a17,185,0,0,0.40554791886144753
a17,186,0,1,0.5404966986426439
a17,187,0,0,0.46628336903175366
a17,188,0,0,0.4902746365938288
a17,189,0,0,0.3984831783392282
a17,190,0,0,0.49885852010995285
a17,191,0,0,0.4665378735340482
a17,192,0,0,0.36629029915711725
a17,193,0,0,0.49466329022959743
a17,194,0,0,0.4475433763751112
a17,195,0,0,0.3139344222135063
a17,196,0,1,0.6764473591443637
a17,197,0,0,0.48098630289804284
a17,198,0,0,0.3929917411826345
a17,199,1,1,0.6023926398401819
a17,200,1,1,0.6137261782915946
a17,201,1,1,0.5969602157277453
a17,202,1,1,0.5207858185778582
a17,203,1,1,0.5885043248938399
a17,204,1,1,0.5463564220678483
a17,205,1,1,0.6530301354424152
a17,206,1,1,0.6451892053040125
a17,207,1,1,0.6176445606264427
a17,208,1,1,0.5101685208198705
a17,210,0,1,0.5464184032484565
a17,211,0,1,0.6402157450549062
a17,212,0,1,0.5541355130788091
a17,213,0,0,0.45797785957933
a17,214,0,0,0.33968202745120785
a17,215,0,0,0.31594010483536383
a17,216,0,0,0.4663211171337257
a17,217,0,0,0.33163912175310234
a17,218,0,0,0.2987673629778426
a17,219,0,1,0.5816071449766477
a17,220,0,0,0.4333782506038988
a17,221,0,0,0.3604294730303775
a17,222,0,1,0.7030805536914178
a17,223,0,0,0.33101522485937784
a17,224,0,0,0.46584922420521874
a17,225,0,0,0.4660226412729152
a17,226,0,0,0.4160413727223293
a17,227,0,1,0.7585422610516822
a17,228,0,1,0.6348926253824756
a17,229,1,0,0.3461120542733717
a17,230,1,1,0.5532261705655406
a17,232,1,1,0.6921087431574234
a17,233,1,1,0.682546700725777
a17,234,1,0,0.4869887339822005
a17,235,1,1,0.5484180469943929
a17,236,1,1,0.5822594997705017
a17,237,1,0,0.358514311014863
a17,238,1,0,0.4475991429069582
a17,239,1,1,0.5275592364629078
a17,240,1,0,0.4493787988032341
a17,241,1,0,0.47961191385195695
a17,242,1,0,0.4787744727487771
a17,243,1,0,0.4110612403132278
a17,244,0,0,0.3281410547905928
a17,245,0,0,0.29104402369078364
a17,246,0,0,0.2764984455016346
a17,247,0,0,0.31407062934875385
a17,248,0,0,0.29291944924823377
a17,249,0,0,0.3170958625234137
a17,250,0,0,0.27126501087686467
a17,251,0,0,0.24802583104805292
a17,252,0,0,0.3284434049708146
a17,253,0,0,0.280231273662551
a17,254,0,0,0.2958808216413598
a17,255,0,0,0.3226689720137806
a17,256,0,0,0.335757033747565
a17,257,0,0,0.325174503482468
a17,258,0,0,0.38414623494346023
a17,259,0,0,0.23927600301339447
a17,260,0,0,0.33698625718575015
a17,261,0,1,0.8013251732338852
a17,262,0,1,0.8003104854698159
a17,263,0,1,0.5773773045625759
a17,264,1,1,0.5408670547627198
a17,265,1,1,0.7180474698621678
a17,266,1,1,0.5654198750093029
a17,267,1,1,0.7218455669755691
a17,268,1,1,0.6243872268504727
a17,269,1,1,0.7350906273649717
a17,270,1,1,0.5948143001179405
a17,271,1,1,0.6308493865546307
a17,272,1,1,0.6205742077857371
a17,273,1,1,0.58559323374354
a17,274,1,0,0.43660084947817795
a17,275,1,1,0.7331846174892511
a17,276,1,1,0.6807130912373763
a17,277,1,1,0.6874239865466321
a17,278,1,1,0.6644131928296602
a17,279,1,1,0.6079853592543172
a17,280,1,1,0.6752080282836491
a17,281,1,1,0.581301803094678
a17,282,1,0,0.4765477204802662
a17,283,1,1,0.7397182072039913
a17,284,1,1,0.8284950649996339
a17,285,1,1,0.7043649815928194
a17,286,1,1,0.8282186750285468
a17,287,1,1,0.7778469384198927
a17,288,1,1,0.6565606880619808
a17,289,1,1,0.6126698749908814
a17,290,1,1,0.7568804690616797
a17,291,1,1,0.8674067554295057
a17,292,1,1,0.6824378270439585
a17,293,1,1,0.6594507125377743
a17,294,1,1,0.6151112642587675
a17,295,1,1,0.8113666194882231
a17,296,1,1,0.6199415126919257
a17,297,1,1,0.6884335354494237
a17,298,1,0,0.25305323704202953
a17,299,0,0,0.3300791462364471
a17,300,0,0,0.31617675172926346
a17,301,0,0,0.3627082148886277
a17,302,0,1,0.5462802308525455
a17,303,0,0,0.3474727488016944
a17,304,0,1,0.9115537724195171
a17,305,0,0,0.3394247971700527
a17,306,0,0,0.22082115911106123
a17,307,0,1,0.7739102036531783
a17,309,0,0,0.4311469072580971
a17,310,0,0,0.4166557027931983
a17,311,0,0,0.472428035047842
a17,312,0,0,0.3184205903337006
a17,313,0,1,0.7620854614673187
a17,314,0,1,0.5016671611061743
a17,315,0,0,0.48312071732913014
a17,317,0,1,0.8423565820478635
a17,318,0,1,0.5977575667739033
a17,319,0,1,0.626078107831989
a17,320,0,1,0.7174027172157308
a17,321,0,0,0.32249678895404393
a17,322,0,1,0.501141364788252
a17,323,0,0,0.30174596884129884
a17,324,0,0,0.47099866896831927
a17,325,0,0,0.35152895611535734
a17,327,0,0,0.3280513449651909
a17,328,0,0,0.3528929450740401
a17,329,0,0,0.4729190432443161
a17,330,0,1,0.6430749481199098
a17,331,0,1,0.5208967052343386
a17,333,0,1,0.5541953038635069
a17,334,0,1,0.598153342898512
a17,335,0,1,0.5815480880335215
a17,336,0,0,0.36668163302340195
a17,338,0,0,0.25855746167636157
a17,339,0,0,0.3801269024274093
a17,340,0,0,0.3081493798587659
a17,341,0,0,0.25811776213868265
a17,342,0,0,0.19417061746850772
a17,343,0,0,0.27809536070267993
a17,344,0,0,0.2858400976993719
a17,345,0,1,0.5641095510491517
a17,346,0,0,0.23571883144840144
a17,347,0,0,0.24176819689058213
a17,348,0,0,0.31476665591593134
a17,349,0,0,0.23101533886406403
a17,350,0,0,0.27746861662446426
a17,351,0,0,0.3197275456587102
a17,352,0,0,0.2684992747370437
a17,353,0,0,0.28178090347612883
a17,354,0,0,0.3195504385660413
a17,355,0,0,0.3536309693318124
a17,356,0,0,0.2305212461837998
a17,357,0,0,0.28347508096539076
a17,358,0,0,0.23367312107188834
a17,359,0,0,0.2850537808498706
a17,360,0,0,0.3345579399270906
a17,361,0,0,0.2122345646489353
a17,362,0,0,0.3137937322407285
a17,363,0,0,0.310377717715795
a17,364,0,1,0.5763301772491136
a17,367,1,1,0.7726105046411694
a17,368,1,0,0.023941852630729003
a17,369,1,0,0.45410471018615756
a17,370,1,1,0.5396193284391783
a17,371,1,1,0.6374299978277614
a17,372,1,1,0.5918590956649182
a17,373,0,0,0.0036929442650483596
a17,374,0,1,0.5740144231025919
a17,375,0,1,0.5952461178110755
a17,376,0,0,0.28237283273884595
a17,377,0,0,0.1650184497787275
a17,378,0,0,0.2825790924823941
a17,379,0,0,0.27161262323569857
a17,380,0,1,0.6395686078098517
a17,381,1,1,0.6426565915478386
a17,382,1,1,0.5446800527738508
a17,383,1,0,1.8688456432766588e-08
a17,384,0,0,5.203211184780118e-10
a17,385,0,0,2.290560936925348e-05
a17,386,0,1,0.5488311370383174
a17,387,0,1,0.5261354763383377
a17,388,0,0,0.45570987979324573
a17,389,0,1,0.5390184695964616
a17,390,0,1,0.5505721236959354
a17,391,0,0,0.4074987538227081
a17,392,0,0,0.14896457822634632
a17,393,1,0,0.28536814669556154
a17,394,1,0,0.2642779173742877
a17,395,1,0,0.4658449874583166
a17,396,1,0,0.2736580118712026
a17,397,1,0,0.04033763128510836
a17,398,1,0,0.2836006868537424
a17,399,1,1,0.5559935122855958
a17,400,1,0,0.45704551957316775
a17,401,0,0,0.38428639808143505
a17,402,0,0,0.34542104020838016
a17,403,0,0,0.2857630939290175
a17,404,0,0,0.3492410834371209
a17,406,0,0,0.27988065246603205
a17,407,0,0,0.08258433077487701
a17,408,0,0,0.3817864398390354
a17,409,0,1,0.6258678803014234
a17,410,0,0,1.1223693908672024e-14
a17,411,0,0,0.2165585594949596
a17,412,0,1,0.6132740963208988
a17,413,0,0,0.4204123072800262
a17,414,0,1,0.502907537314988
a17,415,0,0,0.15589720368162321
a17,416,0,0,0.4848953500715858
a17,417,0,0,0.021431567251629282
a17,418,0,0,0.2279850094031058
a17,419,0,0,0.45424793799031254
a17,420,0,0,0.447607793612999
a17,421,0,1,0.6517811804968848
a17,422,0,0,8.507849888748519e-13
a17,423,0,0,9.452431687085911e-08
a17,424,0,0,0.3986083784799611
a17,425,0,0,0.30686520599667877
a17,426,0,1,0.56307043356249
a17,427,0,1,0.5558949734069927
a17,428,0,0,0.3254627143006423
a17,429,0,0,0.2623341354603109
a17,430,0,0,0.2959337463306162
a17,431,0,0,0.33168422424975297
a17,432,0,0,0.35415431755235927
a17,433,0,0,0.30141755604546233
a17,434,0,1,0.5869274550040299
a17,435,0,0,0.3023088252428402
a17,436,0,0,0.27934848557977776
a17,438,0,0,0.2880846577840254
a17,439,0,0,0.24457268047998415
a17,440,0,0,0.3207484498325442
a17,441,0,0,0.2769671934910336
a17,442,0,0,0.35086769833440956
a17,443,0,0,0.21788816181347348
a17,444,0,0,0.2898389376861859
a17,445,0,1,0.6710058337562428
a17,446,0,0,0.4754243875706906
a17,448,0,0,0.24893788937404762
a17,449,0,0,0.3296209010768893
a17,450,0,0,0.3309301975376797
a17,451,0,0,0.303968426372661
a17,452,0,0,0.30618741028193575
a17,453,0,0,0.2913970820592838
a17,454,0,0,0.26138450824709647
a17,455,0,0,0.25110438552990927
a17,456,0,0,0.0027643371842201794
a17,457,0,0,0.4074821683890172
a17,459,0,0,0.1913122900901937
a17,460,0,1,0.5237476839396428
a17,461,0,0,0.37675220334676823
a17,462,1,0,0.4812996640366198
a17,463,0,0,0.48664529636904835
a17,464,0,0,0.3887673043135941
a17,465,0,0,0.29755847712515243
a17,466,0,0,0.2077046617108769
a17,467,0,0,0.33319316168202356
a17,468,0,0,0.280525890051137
a17,469,0,0,0.26290111106047415
a17,470,0,0,0.23171381925251025
a17,471,0,0,0.3266270329541762
a17,472,0,0,0.29363868578752256
a17,473,0,0,0.32190562755784197
a17,474,0,0,0.49337265690666054
a17,475,0,1,0.5840063636424979
a17,476,0,0,0.26724973893750753
a17,477,0,0,0.28947331006723304
a17,478,0,1,0.5537675404640491
a17,479,0,0,0.184345899185548
a17,480,0,0,0.12509554068725723
a17,481,0,0,0.4687181106730302
a17,482,0,0,0.20196673210019025
a17,483,0,0,0.05752133707630926
a18,1,0,0,0.3608360173179153
a18,2,0,0,0.3443492266782951
a18,3,0,1,0.7994569624624348
a18,4,0,1,0.5244043280843695
a18,5,0,0,0.0777187843191083
a18,6,0,0,0.4528017651135381
a18,7,0,0,0.34267459755486707
a18,8,0,0,0.3763703981772418
a18,9,0,0,0.3503544113371396
a18,10,0,0,0.3590713690640831
a18,11,0,0,0.4027725688508552
a18,12,0,0,0.09805658261802737
a18,13,0,0,0.20416210493059683
a18,14,0,0,0.4318621207350179
a18,15,0,1,0.5017056435143382
a18,16,0,1,0.5674727226786863
a18,17,0,0,0.41394132569007236
a18,18,0,1,0.5759776721502797
a18,19,0,1,0.5581034337782224
a18,20,0,0,0.40036679149922294
a18,21,0,0,0.34238767217618515
a18,22,0,1,0.5216171150365084
a18,23,0,1,0.5324940091572173
a18,24,0,0,0.10600898409504322
a18,25,0,1,0.7310392732974705
a18,26,0,0,0.2837449577830387
a18,27,0,0,0.13002775546404063
a18,28,0,0,0.3706292228790387
a18,29,0,0,0.4792457374488134
a18,30,0,0,0.1517747722182539
a18,31,0,0,0.34425522909251105
a18,32,0,0,0.4086068236800769
a18,33,1,0,0.2839299040135006
a18,34,1,0,0.4643410294361339
a18,35,1,0,0.416832059880038
a18,36,1,0,0.40729583163000793
a18,37,1,0,0.3188790643552973
a18,38,1,0,0.11848746095752179
a18,39,1,0,0.41128296423508987
a18,40,1,0,0.4111849481087434
a18,41,1,0,0.28946039159995707
a18,42,1,0,0.3903226055127543
a18,43,1,0,0.4658356885310536
a18,44,1,0,0.11041762387114501
a18,45,1,0,0.387483165870231
a18,46,1,0,0.2951383981313618
a18,47,1,0,0.2704803714678491
a18,48,1,0,0.1200522753987456
a18,50,1,0,0.286982879133528
a18,51,1,0,0.30147664276815417
a18,52,1,0,0.21829957880506126
a18,53,1,0,0.40236279517535334
a18,54,1,0,0.40820933573948986
a18,55,1,0,0.4921878824522016
a18,56,1,0,0.48505872408127076
a18,57,1,0,0.31898902646921307
a18,58,1,0,0.37377360281669936
a18,59,1,0,0.3641587106782082
a18,60,1,0,0.3815266646314884
a18,61,1,1,0.5064814119552591
a18,62,1,0,0.49559173702976383
a18,63,1,0,0.41214877014184786
a18,64,1,0,0.38988261425846366
a18,65,1,0,0.4037884698520663
a18,66,1,0,0.25827489982882185
a18,67,1,0,0.1302140983859374
a18,68,1,0,0.37581276265311575
a18,69,1,0,0.357847822343435
a18,70,1,0,0.3505295541928374
a18,71,1,0,0.25852416207246665
a18,72,1,0,0.37432146410484546
a18,73,1,0,0.22143171033487782
a18,74,1,0,0.3494507109316509
a18,75,1,1,0.5016008361828447
a18,76,1,0,0.4143545825705952
a18,77,1,0,0.4217815875174755
a18,78,1,0,0.22902615952820676
a18,79,1,0,0.4663738207933691
a18,80,1,0,0.13466499873892634
a18,81,1,0,0.3868918285585309
a18,82,1,0,0.264159710736449
a18,83,1,0,0.49864449976640646
a18,84,1,0,0.3647851179158608
a18,85,1,0,0.36251088830765194
a18,86,1,0,0.3359793947326276
a18,87,1,0,0.42822733920312195
a18,88,1,0,0.3018727123342669
a18,89,1,0,0.34363381446214714
a18,90,1,0,0.290336634357181
a18,91,1,0,0.28868460109149074
a18,92,1,0,0.33816442950616965
a18,93,1,0,0.3646646605480274
a18,94,1,0,0.309102654876742
a18,95,1,0,0.27570625151854006
a18,96,1,0,0.21185840396434275
a18,97,1,0,0.3868168427436988
a18,98,1,0,0.32452158695163263
a18,99,1,0,0.3789667565646711
a18,100,1,0,0.40454925294184146
a18,101,1,0,0.2822639152555223
a18,102,1,0,0.25584817890430905
a18,103,1,0,0.3263463920144055
a18,104,1,0,0.24879917209908184
a18,105,1,0,0.36991432073505437
a18,106,1,0,0.3732579046287014
a18,107,1,0,0.3452380590805737
a18,108,1,0,0.2507573386824624
a18,109,1,0,0.23771725967170923
a18,110,1,0,0.403215996270348
a18,111,1,0,0.3463986610821391
a18,112,1,0,0.398859967601743
a18,113,1,0,0.39991627335476876
a18,114,1,0,0.10871487400774403
a18,115,1,0,0.4348903916099183
a18,116,1,0,0.2555955816691772
a18,117,1,0,0.3794643854390557
a18,118,1,0,0.3743074099441327
a18,119,1,0,0.0930609125153265
a18,120,1,0,0.45540736040977736
a18,121,1,0,0.3508189743078304
a18,122,1,0,0.370076938063725
a18,123,1,0,0.3636154189819093
a18,124,1,0,0.45054345169448495
a18,125,1,0,0.12004629136563823
a18,126,1,0,0.3339917671261599
a18,127,1,0,0.24580267185632743
a18,128,1,1,0.5287818529084142
a18,129,1,0,0.3649475439417482
a18,130,1,0,0.35146068591922425
a18,131,1,0,0.45258242082719435
a18,132,1,0,0.3580841636620239
a18,133,1,0,0.4189659791296657
a18,134,1,0,0.2865813219461491
a18,135,1,0,0.38313568513307833
a18,136,1,0,0.35656160749892163
a18,137,1,0,0.29551170436691016
a18,138,1,0,0.400110784682322
a18,139,1,0,0.4101809586946371
a18,140,1,0,0.3623163706818017
a18,141,1,1,0.5242443238026266
a18,142,1,0,0.3714309697302966
a18,143,1,0,0.2932921005925972
a18,144,1,0,0.39571587620610454
a18,145,1,0,0.3066598574408114
a18,146,1,0,0.4095207629493986
a18,147,1,0,0.3350804710586772
a18,148,1,0,0.35714315432596144
a18,149,1,0,0.45566297754468854
a18,150,1,0,0.3879327749854191
a18,151,1,0,0.40436434964230966
a18,152,1,0,0.22312302736726272
a18,153,1,0,0.48236648908648166
a18,154,1,0,0.36523391356706314
a18,155,1,0,0.37077258226228516
a18,156,1,0,0.36251151458356234
a18,157,1,0,0.37339412196126814
a18,158,1,0,0.2793379530701667
a18,159,1,1,0.507027212998975
a18,160,1,0,0.38305611221297575
a18,161,1,0,0.19942548318363088
a18,162,1,0,0.49439240164707415
a18,163,1,1,0.5463056009896555
a18,164,1,0,0.33726654749667245
a18,165,1,0,0.1411445566229109
a18,166,1,0,0.42426390099021916
a18,167,1,0,0.34467027302955716
a18,168,1,0,0.27194221056058404
a18,169,1,0,0.4900307332041631
a18,170,0,1,0.8591026530220596
a18,171,0,1,0.5371260115196017
a18,172,0,0,0.45956443632314614
a18,173,0,1,0.6510399628760934
a18,174,0,0,0.45666181895165037
a18,175,0,0,0.4468314415134365
a18,176,0,0,0.45600948112140516
a18,177,0,0,0.4066327466766686
a18,178,0,0,0.49418774630476914
a18,179,0,0,0.4498996147686548
a18,180,1,1,0.5270420265980101
a18,181,1,0,0.11178398076618319
a18,182,1,0,0.314431231211154
a18,183,1,0,0.43182674376075453
a18,184,1,0,0.3949020832787849
a18,185,1,0,0.47279198125202676
a18,186,1,1,0.7812614632906826
a18,187,0,1,0.7221386521464909
a18,188,0,0,0.3037508052353879
a18,189,0,0,0.29303252866812823
a18,190,1,0,0.41166857905365595
a18,191,1,0,0.43115903833883445
a18,192,1,0,0.33276800290383385
a18,193,1,0,0.4412712295084006
a18,194,1,0,0.12357153859192303
a18,195,0,0,0.27036317385931863
a18,196,1,0,0.37407570520977845
a18,197,1,0,0.146159167280287
a18,198,1,0,0.12766455789957912
a18,199,1,0,0.4723943278274242
a18,200,1,0,0.38730760863894564
a18,201,1,0,0.3724880279876005
a18,202,1,0,0.27443612238705356
a18,203,1,0,0.24254492219491894
a18,204,1,0,0.3382896421896878
a18,205,1,0,0.4836194060849826
a18,206,1,0,0.24930904893488467
a18,207,1,0,0.250809453951695
a18,208,1,0,0.2996319391515003
a18,209,1,0,0.3190867707600049
a18,210,1,0,0.3834750058138442
a18,211,1,0,0.21430629841719018
a18,212,1,0,0.4116839163155464
a18,213,1,0,0.3489769900703718
a18,214,1,0,0.2515995780171154
a18,215,1,0,0.31391377840768486
a18,216,1,0,0.4354354276957292
a18,217,1,0,0.2796736040528835
a18,218,1,0,0.2927442008214992
a18,219,1,0,0.35523816860440766
a18,220,1,0,0.32625965860070066
a18,221,1,0,0.12932388082150129
a18,222,1,0,0.39727536649580514
a18,223,1,1,0.6150739400159825
a18,225,1,0,0.307057384573615
a18,226,0,0,0.2663829091175955
a18,227,0,0,0.2477427247989678
a18,228,1,1,0.6149162292360123
a18,229,1,0,0.3224010244480176
a18,230,0,0,0.27011986513224817
a18,231,0,0,0.1421496350341409
a18,232,1,0,0.35721933696206387
a18,233,1,0,0.31192684928449466
a18,234,1,0,0.24651568941201177
a18,235,1,0,0.21641761111605318
a18,236,1,0,0.3446269547349106
a18,237,1,0,0.24695918332423067
a18,238,1,0,0.3317729224043901
a18,239,1,0,0.19154142703142882
a18,240,1,0,0.3409120445309714
a18,241,1,0,0.3037807959662874
a18,242,1,0,0.30384890070490084
a18,243,1,0,0.410467890172762
a18,244,1,0,0.4044592868509106
a18,245,1,0,0.3732355122358088
a18,246,1,0,0.10075761594845388
a18,247,1,0,0.33132499230174073
a18,248,1,0,0.42119879297929474
a18,249,1,1,0.8298795146380906
a18,250,1,0,0.40517929979790923
a18,251,1,0,0.2815627307932564
a18,252,1,0,0.17853494496578695
a18,253,1,0,0.24195463482009802
a18,254,1,0,0.34558238432823524
a18,255,1,0,0.21622643739720868
a18,256,1,0,0.29660353795889643
a18,257,1,0,0.30013674783352096
a18,258,1,0,0.3224753851705812
a18,259,1,0,0.3946449132308811
a18,260,1,0,0.338027574945036
a18,261,1,0,0.3909338332706177
a18,262,1,0,0.3801386948455762
a18,263,1,0,0.4516918385203279
a18,264,1,1,0.7379337580849069
a18,265,1,0,0.4242827587195174
a18,266,1,1,0.9137618217946771
a18,267,1,1,0.7247762105281516
a18,268,1,1,0.647749892509061
a18,269,1,1,0.6540031962289269
a18,270,1,0,0.21080463555354043
a18,271,1,1,0.6856465101105182
a18,272,1,0,0.4047929624084396
a18,273,1,0,0.44418576532414195
a18,275,1,1,0.742709594049771
a18,276,1,0,0.2975530013205344
a18,277,1,1,0.7171679862311923
a18,278,1,0,0.34472875647356055
a18,279,1,0,0.426494675628956
a18,280,1,0,0.4051757742981767
a18,281,1,1,0.5164302544906361
a18,282,1,0,0.35366803044933015
a18,283,1,0,0.24790667817137862
a18,284,1,0,0.3913924638866084
a18,285,1,0,0.22237801590273415
a18,286,1,0,0.3530818182125481
a18,287,1,1,0.595358364518817
a18,288,1,1,0.8532434979152864
a18,289,1,0,0.3606059095395311
a18,290,1,0,0.286219399273022
a18,291,1,0,0.22899497283126688
a18,292,1,0,0.39848843667670975
a18,293,1,0,0.40505953033225917
a18,294,1,0,0.3435078069622727
a18,295,1,0,0.42441786320476016
a18,296,1,0,0.3668469964498147
a18,297,1,0,0.4538989366226228
a18,298,1,0,0.40999351959932395
a18,299,1,1,0.7173190176645319
a18,300,1,0,0.21242612345983444
a18,301,1,0,0.377425521730509
a18,302,1,0,0.4071415078984901
a18,303,1,0,0.49149478028748667
a18,304,1,0,0.4271387137241657
a18,305,1,0,0.4037645328878599
a18,307,1,0,0.4547241610810975
a18,309,1,1,0.7634430256678431
a18,310,1,0,0.40057202527064334
a18,311,1,0,0.35118868634410627
a18,312,1,0,0.23102849941351147
a18,313,1,0,0.4918432816269284
a18,314,1,0,0.38545004570020003
a18,315,1,0,0.2090333871446872
a18,316,1,0,0.37772994206703314
a18,317,1,0,0.27379861632970687
a18,318,1,0,0.3685539141321996
a18,319,1,0,0.3328684595839335
a18,320,1,0,0.455966496611128
a18,321,1,0,0.3750840862408425
a18,322,1,0,0.3940413411181251
a18,323,1,0,0.32533520112342496
a18,324,1,0,0.43763167734974484
a18,325,1,0,0.418061892352213
a18,326,1,0,0.20522408232134143
a18,327,1,1,0.8095485927167562
a18,328,1,0,0.3735944480282924
a18,329,1,0,0.3425005134564154
a18,330,1,0,0.4397553697383255
a18,331,1,0,0.43600002579935904
a18,333,1,0,0.28411388632193396
a18,334,1,0,0.24036715929591004
a18,335,1,0,0.23153130667364133
a18,336,1,0,0.40443064402690077
a18,337,1,0,0.3177541091007195
a18,338,1,0,0.36092660168354407
a18,339,1,1,0.5003086188488497
a18,340,1,0,0.33465493994685325
a18,341,1,0,0.3507101114547703
a18,342,1,1,0.6884760010213483
a18,343,1,0,0.30648821548329863
a18,344,1,1,0.6610626225125418
a18,345,1,0,0.3038097357650318
a18,346,1,0,0.16566111084691304
a18,347,1,0,0.4004060803425566
a18,348,1,1,0.5677382477445834
a18,349,1,0,0.36028782354278305
a18,350,1,0,0.3381902908438237
a18,351,1,0,0.3602381560350705
a18,352,1,0,0.36437592788466594
a18,353,1,0,0.3199219826215031
a18,354,1,0,0.48497073620984005
a18,355,1,0,0.46821695971710375
a18,356,1,0,0.11718143857383123
a18,357,1,0,0.11669950464186397
a18,358,1,0,0.40098685882274626
a18,359,1,0,0.38345008244269796
a18,360,1,0,0.45699600123800743
a18,361,1,0,0.44094250006203967
a18,362,1,1,0.6873731972964824
a18,363,1,0,0.3734402823451935
a18,364,1,0,0.3751545033487462
a18,365,1,0,0.2916339203145143
a18,366,1,0,0.3350099801836567
a18,367,1,1,0.5887207787101015
a18,368,1,1,0.7941916898854074
a18,369,1,1,0.7683208672580788
a18,370,1,0,0.3885749465091016
a18,371,1,1,0.7838924550806249
a18,372,1,1,0.7380987428188149
a18,373,1,1,0.8887532397193814
a18,374,1,1,0.5540856622527864
a18,375,1,1,0.8664155260440414
a18,376,1,1,0.679858086387785
a18,377,1,1,0.7392664836281029
a18,378,1,1,0.8786166948030396
a18,379,1,0,0.3036123514229142
a18,380,1,1,0.6926288546511139
a18,381,1,1,0.8038817135389564
a18,382,1,1,0.5845322405021295
a18,383,1,1,0.7229658809783658
a18,384,1,0,0.40886976465105607
a18,385,1,0,0.4355295272567756
a18,386,1,0,0.39927444777394216
a18,387,1,0,0.2686245619661356
a18,388,1,1,0.8264072057189893
a18,389,1,1,0.8775343387828751
a18,390,1,0,0.32021731853843766
a18,391,1,0,0.3508741267389503
a18,392,1,0,0.29746994524923454
a18,393,1,0,0.27622112618698674
a18,394,1,0,0.1404687194696791
a18,395,1,1,0.7301043540650686
a18,396,1,0,0.35965966222159884
a18,397,1,0,0.20545406267669675
a18,398,1,0,0.37583482788058287
a18,399,1,0,0.4289757346296748
a18,400,1,0,0.33653793896510675
a18,401,1,0,0.48519518214405255
a18,402,1,0,0.3599615010327284
a18,403,1,0,0.49236214339789985
a18,404,1,0,0.46620143680866555
a18,405,1,0,0.3191509848842143
a18,406,1,0,0.4816562578338541
a18,407,1,0,0.28677682165183127
a18,408,1,0,0.40504613621386765
a18,409,1,0,0.2704679683904759
a18,410,1,0,0.27217239991614767
a18,411,1,0,0.26088161255584325
a18,412,1,0,0.29092995037684416
a18,413,1,0,0.4751826477499651
a18,414,1,0,0.39626414001299703
a18,415,1,0,0.45132455468772004
a18,416,1,0,0.343646274520946
a18,417,1,0,0.4139785227648496
a18,418,1,1,0.7168192458036031
a18,419,1,1,0.9292543676929376
a18,420,1,0,0.33906729653320394
a18,421,1,0,0.28255384429586494
a18,422,1,0,0.4831863547667869
a18,423,1,1,0.6958014856002392
a18,424,1,0,0.24604440650552556
a18,425,1,0,0.36006534397614337
a18,426,1,0,0.378273264467048
a18,427,1,0,0.3135297810091944
a18,428,1,0,0.3602631024626864
a18,429,1,0,0.2927053345367976
a18,430,1,0,0.38609522681145825
a18,431,1,0,0.3593620180129114
a18,432,1,0,0.09897474196000695
a18,433,1,0,0.3641152540641064
a18,435,1,0,0.27425175358856263
a18,436,1,0,0.43120190172770106
a18,437,1,0,0.14761256367798703
a18,438,1,0,0.12349774543276533
a18,439,1,0,0.0893081915411182
a18,440,1,1,0.5240759703361832
a18,441,1,0,0.3791492342989392
a18,442,1,0,0.3071695212841558
a18,444,1,0,0.3476370330092489
a18,445,1,0,0.20245718349365724
a18,446,1,1,0.8035480304922656
a18,447,1,0,0.3912812472093052
a18,449,1,0,0.3454446623166746
a18,450,1,1,0.8409129938701048
a18,452,1,0,0.31600912569057243
a18,453,1,0,0.39289392062559136
a18,454,1,0,0.29808508828608676
a18,455,1,0,0.34966160852598827
a18,456,1,0,0.3026870626575041
a18,457,1,1,0.5157406520250701
a18,458,1,0,0.3550177767958342
a18,459,1,0,0.4280128501004831
a18,460,1,0,0.41858496290838404
a18,461,1,0,0.3133823361168379
a18,462,1,0,0.43428382047089414
a18,463,1,0,0.47400480328867317
a18,464,1,0,0.3754595406350898
a18,465,1,0,0.37785769788691526
a18,466,1,0,0.30819342091300955
a18,467,1,0,0.33709867148632255
a18,468,1,0,0.3137223995564419
a18,469,1,0,0.40550072290746636
a18,470,1,0,0.3616842155106833
a18,471,1,0,0.35080611896925595
a18,472,1,0,0.49247308491816905
a18,473,1,0,0.2439777816268977
a18,474,1,0,0.3337805424836228
a18,475,1,0,0.12021074533447697
a18,476,1,0,0.12728094149992483
a18,477,1,0,0.3870730808043578
a18,478,1,0,0.36567316907673897
a18,479,1,0,0.39719117530337167
a18,480,1,0,0.40463834702563456
a18,481,1,0,0.396424985337568
a18,482,1,0,0.4118646211440051
a18,483,1,0,0.3994459654175909
a18,484,1,0,0.39991115437119906
a18,485,1,1,0.5288158388744189
a18,486,1,0,0.2645459706648127
a18,488,1,1,0.7444161059811794
a19,1,1,0,0.44659489612446274
a19,2,1,1,0.5911725980856376
a19,3,1,1,0.5563714943957597
a19,4,1,1,0.5287224947256278
a19,5,1,1,0.5406227705699284
a19,6,1,0,0.4775911731352906
a19,7,0,0,0.4546093550941289
a19,8,0,1,0.5140811969968313
a19,9,1,0,0.38451557879947307
a19,10,1,1,0.5950134290196704
a19,11,1,1,0.5193136775430363
a19,12,1,0,0.4498180471154357
a19,13,1,1,0.5423179407915744
a19,14,0,0,0.4321169901172782
a19,15,0,0,0.408122625639395
a19,16,0,1,0.5827217599799925
a19,17,0,1,0.558411160786843
a19,18,0,0,0.37859300875161894
a19,19,0,1,0.5191827296666569
a19,20,0,0,0.351042991047025
a19,21,0,1,0.5095864406627071
a19,22,0,0,0.49277802733219317
a19,23,0,0,0.48566686180232466
a19,24,0,1,0.5269006230316865
a19,25,0,0,0.42836933801749766
a19,26,0,0,0.46441788787892674
a19,27,1,1,0.5200924512813899
a19,28,0,0,0.4118200421517407
a19,29,0,1,0.5720793930618575
a19,30,0,0,0.4746705571827907
a19,31,0,0,0.44509179066084675
a19,32,0,0,0.3039966726482526
a19,33,0,1,0.5095284878339397
a19,34,0,0,0.48205233834029165
a19,35,0,0,0.3232924864438169
a19,36,0,0,0.36123079421174664
a19,37,0,0,0.43782779876681743
a19,38,0,0,0.45758576378424287
a19,39,0,0,0.382915233769432
a19,40,0,0,0.48137984988456867
a19,41,0,0,0.4101576558243036
a19,42,0,0,0.3670999817942509
a19,43,0,0,0.3406612203239187
a19,44,0,0,0.37758627673449785
a19,45,0,0,0.32184561410048507
a19,46,0,0,0.39657009304561475
a19,47,0,0,0.3402129894754281
a19,48,0,0,0.3528873005030046
a19,49,0,0,0.34390716246857234
a19,50,0,0,0.4028798031834532
a19,51,0,0,0.4174140097252258
a19,52,0,0,0.32049665888717305
a19,53,0,1,0.520660174829918
a19,54,0,1,0.7257396887626195
a19,55,0,0,0.40610818120090886
a19,56,0,0,0.3669665124572614
a19,57,0,0,0.3852707463245463
a19,58,0,0,0.36527028173756837
a19,59,0,0,0.39160496631947195
a19,60,0,0,0.3388508160998115
a19,61,0,0,0.3895537978748765
a19,62,0,0,0.38394937229144743
a19,63,0,0,0.3367931631459653
a19,64,0,0,0.3386930265797866
a19,65,0,0,0.33865681046724966
a19,66,0,0,0.3559821406087582
a19,67,0,0,0.339054832571981
a19,68,0,0,0.4552378067569139
a19,69,0,0,0.41621521833461
a19,70,0,0,0.4929733954688455
a19,71,0,1,0.5062723210393104
a19,72,0,0,0.46894863957231503
a19,73,0,0,0.42822501939985813
a19,74,0,0,0.42211402473557336
a19,75,0,0,0.4338055891712181
a19,76,0,0,0.4134582409855612
a19,77,0,0,0.45980594169524097
a19,78,0,0,0.4516222715208259
a19,79,0,0,0.37522622026345914
a19,80,0,1,0.5172187924840876
a19,81,0,0,0.4013315849475941
a19,82,0,1,0.5437316900351827
a19,83,0,0,0.4687513259920916
a19,84,0,1,0.534023301818179
a19,85,0,0,0.4468126466873661
a19,86,0,0,0.3974570637716169
a19,87,1,1,0.556759003656459
a19,88,1,0,0.4888627536207737
a19,89,1,0,0.47333133300767455
a19,90,1,0,0.32745829451410596
a19,91,1,0,0.493415631178966
a19,92,1,1,0.6978520412587521
a19,93,1,1,0.7362430491852876
a19,94,1,1,0.7006036574531702
a19,95,1,1,0.7024363334146151
a19,96,1,1,0.7215517658531319
a19,97,1,1,0.7271041956447133
a19,98,1,0,0.3655041749288933
a19,99,0,0,0.4417276900974311
a19,100,0,0,0.3888338243842319
a19,101,0,0,0.3436946988329722
a19,102,0,0,0.37073230031079113
a19,103,0,0,0.3645450840862761
a19,104,0,1,0.6092694392251004
a19,105,0,0,0.35937549510501143
a19,106,0,0,0.3632813620872579
a19,107,0,0,0.32978672412680826
a19,108,0,0,0.473563710360339
a19,109,0,0,0.48477924894042373
a19,110,0,0,0.3813565634086359
a19,111,0,0,0.32855820019630877
a19,112,0,0,0.42572067077088394
a19,113,0,0,0.33727981836937315
a19,114,0,0,0.35216828556665625
a19,115,0,0,0.39306854322936696
a19,116,0,0,0.36824281729269154
a19,117,0,0,0.3344535248795213
a19,118,0,0,0.3977956057220717
a19,119,0,0,0.3583522544675875
a19,120,0,0,0.3544952844220496
a19,121,0,0,0.3630207998350169
a19,122,0,0,0.31882885803555927
a19,123,0,0,0.41195777289856395
a19,124,0,0,0.3613533004008925
a19,125,0,0,0.3743578152011543
a19,126,0,0,0.40079641068450533
a19,127,0,0,0.4286050029035972
a19,128,0,0,0.4279580654100082
a19,129,0,0,0.4410582268421289
a19,130,0,0,0.4589426577561804
a19,131,0,0,0.3847313964237208
a19,132,0,0,0.44001567147765913
a19,133,0,0,0.4589171080386037
a19,134,0,0,0.4640169543550448
a19,135,0,0,0.4087992592100548
a19,136,0,0,0.45633726239932987
a19,137,0,0,0.4282017449465386
a19,138,0,0,0.36822818843703115
a19,139,0,1,0.5200530894461275
a19,140,0,0,0.45739260188000747
a19,141,0,0,0.38900312881953275
a19,142,0,0,0.43911522492196364
a19,143,0,0,0.4789291649535497
a19,144,0,0,0.4551025018200062
a19,145,0,0,0.4472400071930362
a19,146,0,0,0.42204818414572615
a19,147,0,0,0.39338332524634934
a19,148,0,1,0.7546560686379501
a19,149,1,1,0.5056280672188594
a19,150,1,0,0.4823288094576646
a19,151,1,1,0.7205711357662719
a19,152,1,1,0.738747992412557
a19,153,1,1,0.5882034114739796
a19,154,1,0,0.47661169794072406
a19,155,1,1,0.7410918812734594
a19,156,1,1,0.7161322153742137
a19,157,1,1,0.5725190042536601
a19,158,1,1,0.7523916990674937
a19,159,1,1,0.5716334501127633
a19,160,1,1,0.7444627610383806
a19,161,1,0,0.49507591426170655
a19,162,1,1,0.7723325091317732
a19,163,1,1,0.7560284164882322
a19,164,1,1,0.5923466781555529
a19,165,1,1,0.5527523312341968
a19,166,1,1,0.724951209622434
a19,167,1,1,0.7231665902927041
a19,168,1,1,0.5156379118734025
a19,169,1,1,0.6912813060980502
a19,170,1,1,0.5229218491384721
a19,171,1,1,0.7634048973321201
a19,172,1,1,0.7359606445459578
a19,173,1,1,0.605138694479916
a19,174,1,0,0.33127986775904866
a19,175,1,0,0.34464506421742186
a19,176,0,0,0.3173042236457643
a19,177,0,0,0.3872510883782319
a19,178,0,0,0.2927534994310745
a19,179,0,0,0.3700953056323517
a19,180,0,0,0.3135286239494788
a19,181,0,0,0.3604674119871126
a19,182,0,0,0.4300751729230254
a19,183,0,0,0.387621145824934
a19,184,0,0,0.39652708572725176
a19,185,0,0,0.32011801562263403
a19,186,0,0,0.33489408920009145
a19,187,0,0,0.3489544511139285
a19,188,0,0,0.35807310164857153
a19,189,0,0,0.42333229746338946
a19,190,0,0,0.3177294960232339
a19,191,0,0,0.34065440430476396
a19,192,0,0,0.41053554242682594
a19,193,0,0,0.3416932107655168
a19,194,0,1,0.5207750262994232
a19,195,1,0,0.47271767540375104
a19,196,0,0,0.3832228585186813
a19,197,0,0,0.4053694937542935
a19,198,0,0,0.37637170993734764
a19,199,0,0,0.35892103766125755
a19,200,0,0,0.352815649890721
a19,201,0,0,0.35290896795449317
a19,202,0,0,0.46734912088434416
a19,203,0,0,0.43126576778992803
a19,204,0,1,0.5212113647334078
a19,205,0,0,0.46015328060185334
a19,206,0,0,0.4371893460921371
a19,207,0,0,0.49406583440968993
a19,208,0,0,0.4711443845711415
a19,209,0,0,0.43353695715071394
a19,210,0,1,0.7345390160895404
a19,211,0,0,0.39468045902271415
a19,212,1,1,0.5623289440919527
a19,213,1,1,0.7362628044251358
a19,214,1,1,0.5880104416210766
a19,215,1,1,0.5866532133544895
a19,216,1,1,0.5970118171693889
a19,217,1,1,0.705523867624792
a19,218,1,1,0.572398899781545
a19,219,1,1,0.7017551945757644
a19,220,1,1,0.7580903409850235
a19,221,1,1,0.6504661288326937
a19,222,1,1,0.5982366467985303
a19,223,1,1,0.5678943611309627
a19,224,1,1,0.5414835052349499
a19,225,1,1,0.5683010067078547
a19,226,1,1,0.5345169458338483
a19,227,1,1,0.5486123830291847
a19,228,1,1,0.6728480608253802
a19,229,1,1,0.6055799209681655
a19,230,1,1,0.7412219084477929
a19,231,1,1,0.545746308442526
a19,232,1,1,0.5476638930052797
a19,233,1,1,0.6230607029656132
a19,234,1,1,0.5740120247688014
a19,235,1,1,0.7268058606185752
a19,236,1,1,0.5941481029325606
a19,237,1,1,0.7429039661319812
a19,238,0,1,0.5907885179991251
a19,239,0,0,0.43940258957665085
a19,240,0,0,0.39966334812920357
a19,241,0,0,0.4786764918985492
a19,242,0,0,0.3427249786144312
a19,243,0,0,0.3745979140048879
a19,244,0,0,0.33570164664998964
a19,245,0,0,0.35636955930767195
a19,246,0,1,0.5756043152070142
a19,247,1,1,0.5762998665148842
a19,248,1,1,0.5187678828393607
a19,249,1,1,0.5969290247010202
a19,250,1,1,0.628046174878967
a19,251,1,0,0.48967563366670236
a19,252,1,1,0.5258167342219198
a19,253,1,1,0.7214487013741583
a19,254,1,1,0.7538640752704222
a19,255,1,1,0.541748745199228
a19,256,1,1,0.5122860782969155
a19,257,1,1,0.5563216766000237
a19,258,1,1,0.725187726217501
a19,259,1,1,0.709537664491899
a19,260,1,1,0.6147993045032645
a19,261,1,1,0.7155031451425146
a19,262,1,1,0.5765294174071667
a19,263,1,1,0.738624046625774
a19,264,1,1,0.5789775667103523
a19,265,1,1,0.7110134613194955
a19,266,1,1,0.5532298469822319
a19,267,1,1,0.6329387753993121
a19,268,1,1,0.6217062665848866
a19,269,1,1,0.5396058875650314
a19,270,1,1,0.7652755715032152
a19,271,1,1,0.6879522404676585
a19,272,1,1,0.7806060241686817
a19,273,1,1,0.7448273880480657
a19,274,1,1,0.5660055212519106
a19,275,1,1,0.5750696306584013
a19,276,1,1,0.7145999591095523
a19,277,1,1,0.639738876957159
a19,278,1,1,0.7663777745977373
a19,279,0,1,0.5946564775056645
a19,280,0,0,0.41730177988277867
a19,281,0,0,0.4074110472738638
a19,282,0,0,0.3903814504317441
a19,283,0,0,0.425257530274359
a19,284,0,0,0.3838683810498924
a19,285,0,0,0.42570735049561015
a19,286,0,0,0.3821405530063376
a19,287,0,0,0.3372467488270156
a19,288,0,0,0.45153915573170267
a19,289,0,0,0.42219450382171775
a19,290,0,0,0.48160676388387036
a19,291,0,0,0.4448859756738912
a19,292,0,1,0.5164701296969331
a19,293,0,0,0.4783618415277869
a19,294,0,0,0.4483617117581419
a19,295,0,1,0.5021430645538965
a19,296,0,0,0.46310569405561813
a19,297,0,0,0.4147230834284078
a19,298,0,0,0.4109456948969974
a19,299,0,0,0.49729496621362557
a19,300,0,1,0.5358288676463363
a19,301,0,0,0.4587847098396782
a19,302,0,0,0.43788297134886645
a19,303,0,1,0.5096875476798026
a19,304,0,0,0.38442545440423814
a19,305,0,0,0.49487036109486016
a19,306,0,0,0.44860109427354433
a19,307,0,0,0.4135791500155736
a19,308,0,0,0.41551369846532216
a19,309,0,0,0.3856876692079839
a19,310,0,0,0.4055980142336759
a19,311,0,1,0.5371297146153458
a19,312,0,0,0.4935107856882514
a19,313,0,1,0.747569926056161
a19,314,1,1,0.533341608040761
a19,315,1,1,0.6059686903450555
a19,316,1,1,0.5868393520926187
a19,317,1,1,0.5513652674417868
a19,318,1,1,0.5004144846641828
a19,319,1,1,0.7163134957006296
a19,320,1,1,0.5954460923491621
a19,321,1,1,0.7291248336264085
a19,322,1,1,0.5281890127003458
a19,323,1,1,0.545149807506927
a19,324,1,1,0.7118672917596813
a19,325,1,1,0.7132045868119106
a19,326,1,1,0.7616485572029733
a19,327,1,0,0.4663178053334905
a19,328,1,1,0.7348558114805104
a19,329,1,1,0.7160665860415119
a19,330,1,0,0.25295702613280124
a19,331,1,1,0.5501039234740178
a19,332,1,1,0.7133752747934424
a19,333,1,1,0.5752392032037733
a19,334,1,1,0.691315486877702
a19,335,1,1,0.7604772036560111
a19,336,1,1,0.7900055423959231
a19,337,1,1,0.7478270489766397
a19,338,1,1,0.7166678321761615
a19,339,1,1,0.6141348058608721
a19,340,1,1,0.7304747963005337
a19,341,1,1,0.7182823610521705
a19,342,0,0,0.38463806422260705
a19,343,0,0,0.41909186247317864
a19,344,0,0,0.4272995280792083
a19,345,0,0,0.37273627039293034
a19,346,0,0,0.4943995185973433
a19,347,1,0,0.4305432522997904
a19,348,0,0,0.3276868608851082
a19,349,0,0,0.3803387513997165
a19,350,0,0,0.35162745714140514
a19,351,0,0,0.34534696673708304
a19,352,0,0,0.34561713313294673
a19,353,0,0,0.35260505264854064
a19,354,0,0,0.36041442459759376
a19,355,0,0,0.4349389241378294
a19,356,0,0,0.3661241913673001
a19,357,0,0,0.34678173835465603
a19,358,0,0,0.3303566627024349
a19,359,0,0,0.36595167491699815
a19,360,0,0,0.3337959665438127
a19,361,0,0,0.38145448332399995
a19,362,0,0,0.3698502417516589
a19,363,0,0,0.34475242333685896
a19,364,0,0,0.34712980394453624
a19,365,0,0,0.4488988568981846
a19,366,0,0,0.39903831066534806
a19,367,0,0,0.49799171781700563
a19,368,0,0,0.37620106723231983
a19,369,0,0,0.42703005239283354
a19,370,0,0,0.4283100712147634
a19,371,0,0,0.3728770149248051
a19,372,0,0,0.432283430470264
a19,373,0,0,0.3737968262871626
a19,374,0,0,0.3826241399565174
a19,375,0,1,0.6351253539627565
a19,376,0,1,0.548004793358753
a19,377,1,1,0.5717471096863868
a19,378,1,1,0.6909080326241246
a19,379,1,1,0.7423308651573407
a19,380,1,1,0.7084897819858187
a19,381,1,1,0.7834464683997614
a19,382,1,1,0.7726028383832033
a19,383,1,1,0.6044537170863344
a19,384,1,1,0.7335459908557198
a19,385,1,1,0.7135840706315488
a19,386,1,1,0.7628840541719776
a19,387,1,1,0.731871625409656
a19,388,1,1,0.5437214061977195
a19,389,1,1,0.7745264747709091
a19,390,1,1,0.729116884420174
a19,391,1,1,0.5043343547312462
a19,392,1,1,0.6739260261792385
a19,393,1,1,0.7312095492194058
a19,394,1,0,0.36215228434127966
a19,395,1,0,0.4809719657755045
a19,396,0,0,0.41320040456716856
a19,397,0,0,0.3724242115457578
a19,398,0,0,0.3718876763155886
a19,399,0,0,0.4366216634573478
a19,400,0,0,0.3612713845025813
a19,401,0,0,0.35391702591707475
a19,402,0,0,0.3844610902781675
a19,403,0,0,0.4013188660374766
a19,404,0,0,0.3812418462940049
a19,405,0,0,0.3858368715465008
a19,406,0,0,0.3809397269658292
a19,407,0,0,0.4381002811237278
a19,408,0,0,0.3962666428103821
a19,409,0,0,0.31054900831593985
a19,410,0,0,0.3784736780583209
a19,411,0,0,0.4506877108126894
a19,412,0,1,0.5144489347258334
a19,413,0,0,0.4507020915478307
a19,414,0,0,0.4668314327649517
a19,415,0,0,0.44178155452082113
a19,416,0,1,0.5276936863576074
a19,417,0,0,0.40865215744175076
a19,418,0,0,0.4100981979572038
a19,419,0,0,0.43280552351353396
a19,420,0,0,0.32292155876486556
a19,421,0,1,0.514221967919131
a19,422,0,0,0.36470382758484626
a19,423,0,0,0.49576546047810505
a19,424,0,0,0.43955862663224465
a19,425,0,0,0.49791670550930595
a19,426,0,0,0.4974369574044821
a19,427,0,0,0.41515420462350827
a19,428,0,0,0.41106124911919883
a19,429,0,0,0.42675099205048017
a19,430,0,0,0.43022204402685754
a19,431,0,0,0.44923934654158937
a19,432,0,0,0.4856846430241246
a19,433,0,0,0.48663601283634467
a19,434,0,0,0.3872644779582149
a19,435,0,1,0.5437176473001399
a19,436,0,0,0.4581188041528215
a19,437,0,0,0.35850543374213567
a19,438,0,1,0.741090316643964
a19,439,1,1,0.7225405244668547
a19,440,1,0,0.4758509997408418
a19,441,1,1,0.5762011604007259
a19,442,1,1,0.5179025213129124
a19,443,1,1,0.7135477510556836
a19,444,1,0,0.46440084602669235
a19,445,1,1,0.7584570010417405
a19,446,1,1,0.6963203706997645
a19,447,1,1,0.7929661572674168
a19,448,1,1,0.5010851913536496
a19,449,1,1,0.6960022609707406
a19,450,1,0,0.4306438092310855
a19,451,1,1,0.526018931266423
a19,452,1,0,0.475053564747376
a19,453,1,1,0.730143894814515
a19,454,1,1,0.5395995233558526
a19,455,1,0,0.4495428406204145
a19,456,1,1,0.723953752171135
a19,457,0,1,0.5555384304443778
a19,458,1,1,0.5001053479009334
a19,459,1,1,0.540841403599213
a19,460,1,1,0.5908737807822603
a19,461,1,1,0.7300881315770912
a19,462,1,1,0.6997636201169667
a19,463,1,1,0.7624885222685817
a19,464,1,0,0.3338389022785427
a19,465,1,0,0.4730759240013242
a19,466,0,0,0.3725058604779868
a19,467,0,0,0.31766544599875784
a19,468,0,0,0.43727241634640984
a19,469,0,0,0.3808736232749579
a19,470,0,0,0.4101607999220077
a19,471,0,0,0.38119313572798424
a19,472,0,1,0.5094735972252362
a19,473,0,0,0.4176474277911339
a19,474,0,0,0.3871351645764516
a19,475,0,0,0.3522595550372926
a19,476,0,0,0.42970852084563144
a19,477,0,0,0.4095357621837342
a19,478,0,1,0.574879648932113
a19,479,1,1,0.5232202492995031
a19,480,0,1,0.7963053030612107
a19,481,1,0,0.4820009717994165
a19,482,0,0,0.38360127689235096
a19,483,1,1,0.7593137146671197
a19,484,1,1,0.5082934894992898
a19,485,1,0,0.4502746438594277
a19,486,1,1,0.739757908342627
a19,487,1,1,0.5761286589841373
a19,488,1,1,0.6914697650377876
a19,489,1,1,0.5556802773049376
a19,490,1,1,0.5573603156687778
a19,491,1,1,0.7578754603368716
a19,492,1,0,0.4253335435307197
a19,493,1,1,0.5219556114110486
a19,494,1,0,0.4469054782632258
a19,495,1,1,0.5580469006090875
a19,496,1,1,0.5502530666806709
a19,497,1,1,0.5184046024494341
a19,498,1,1,0.5513973651758683
a19,499,1,1,0.5140402097237001
a19,500,1,0,0.47195638716218496
a19,501,1,1,0.68663308517712
a20,1,0,0,0.31009592719756174
a20,2,0,0,0.36976615187346523
a20,3,0,0,0.3215526852934327
a20,4,0,1,0.5018371727183595
a20,5,0,0,0.3059667615308626
a20,6,0,0,0.15449456893481933
a20,7,0,0,0.3048205472660154
a20,8,0,0,0.49689354831665083
a20,9,0,1,0.5622478077210038
a20,10,0,0,0.2882028030161939
a20,11,0,0,0.38546641103360396
a20,12,0,0,0.4152231570309712
a20,13,0,0,0.32819245881798875
a20,14,0,0,0.4042382609553416
a20,15,0,0,0.46965660831307315
a20,16,0,0,0.19637028984039587
a20,17,0,0,0.3640069314272876
a20,18,0,0,0.2354045703090039
a20,19,0,0,0.20783909583015076
a20,20,0,0,0.4634596665135028
a20,21,0,1,0.5105726685388099
a20,22,0,1,0.6678629891755085
a20,23,0,1,0.5857168261515381
a20,24,0,0,0.25382796103058713
a20,25,0,0,0.4736589636247692
a20,26,0,0,0.08747758659770989
a20,27,0,0,0.30003173951336615
a20,28,0,0,0.4126205327262335
a20,29,0,0,0.3226686437990218
a20,30,0,0,0.33087830615766245
a20,31,0,0,0.3098438597843294
a20,32,0,0,0.43095505688919344
a20,33,0,0,0.42737047145925655
a20,34,0,0,0.3267134479619382
a20,35,0,0,0.47051463756307127
a20,36,0,0,0.3619677688747546
a20,37,0,0,0.36163555585017476
a20,38,0,0,0.3758707505363472
a20,39,0,0,0.24795488137713873
a20,40,0,0,0.40474209308617254
a20,41,0,0,0.2849881821927693
a20,42,0,0,0.4338592857375199
a20,43,0,0,0.3405074063433221
a20,44,0,0,0.3436598800052158
a20,45,0,0,0.37648705474087835
a20,46,0,0,0.36172539384386165
a20,47,0,0,0.34717203410056974
a20,48,0,0,0.4121896123409063
a20,49,0,0,0.31804160341593385
a20,50,1,1,0.671428546267584
a20,52,1,1,0.55844696606116
a20,53,1,0,0.45887954774478124
a20,54,1,1,0.6145070792787347
a20,55,1,1,0.6038385528286903
a20,56,1,1,0.5547360650984056
a20,57,1,1,0.6265432625119776
a20,58,1,1,0.5833479692960247
a20,60,1,1,0.6243897618762116
a20,62,1,0,0.4287119054471469
a20,63,1,1,0.5084625150791265
a20,64,1,1,0.5681093816809009
a20,65,1,0,0.40093325876701696
a20,66,1,1,0.5570007669331817
a20,67,1,1,0.6259140163002458
a20,68,1,0,0.29298616530485744
a20,69,1,1,0.6529622019815049
a20,70,1,1,0.6226613207894548
a20,71,1,0,0.39091855100009826
a20,72,0,0,0.3430300066431621
a20,73,0,1,0.6522762042659616
a20,74,1,0,0.47181622571959586
a20,75,1,0,0.4143380142223331
a20,76,1,1,0.5581585313859662
a20,77,1,1,0.5861306550739077
a20,78,1,1,0.566202642072825
a20,79,1,0,0.2948167187659605
a20,80,1,0,0.4582605448433443
a20,81,1,0,0.31721954564932514
a20,82,1,1,0.6746098639017958
a20,83,0,0,0.3184762586875412
a20,84,0,0,0.30320880990674304
a20,85,0,0,0.30367944053095736
a20,86,0,0,0.23106405814893374
a20,87,0,0,0.26715809782251676
a20,88,0,0,0.34992393592297594
a20,90,1,0,0.4302506121212387
a20,91,1,1,0.5900245327944086
a20,92,0,0,0.39307427728781785
a20,93,0,0,0.42230156324747103
a20,94,1,0,0.28632509583925103
a20,95,1,1,0.6195269353338915
a20,96,1,0,0.4551751202554151
a20,97,1,0,0.3912222436979804
a20,98,1,0,0.28468312228141446
a20,100,1,0,0.2721801816750935
a20,101,1,0,0.3118628221551463
a20,102,1,1,0.614868258105669
a20,103,1,1,0.6936634382530048
a20,106,1,1,0.639379815962088
a20,107,1,1,0.6607813557828889
a20,108,1,1,0.624402768626244
a20,109,1,0,0.3347419356491925
a20,110,1,1,0.6148121762000053
a20,111,1,0,0.3572439134477719
a20,112,1,0,0.26316261501058846
a20,114,1,0,0.4476574688498684
a20,115,1,0,0.38582439907068716
a20,116,1,0,0.4370634635036381
a20,117,1,0,0.4961899914605143
a20,118,1,0,0.2619353551175693
a20,119,1,1,0.6831566009783754
a20,120,1,1,0.5658574786228902
a20,121,1,0,0.31210241471787764
a20,122,1,1,0.696066086543766
a20,123,1,0,0.2973528411312019
a20,125,0,0,0.4006329888784008
a20,126,0,0,0.2804604391722136
a20,127,0,0,0.3660516712701806
a20,128,1,0,0.25986435411067604
a20,130,1,0,0.3864872127827985
a20,131,1,1,0.5004781475525077
a20,132,1,0,0.37877474020505375
a20,133,1,0,0.4931246060969519
a20,134,1,0,0.316372378913341
a20,135,0,0,0.2200109358902895
a20,136,0,0,0.28847626807246685
a20,137,0,1,0.5447707052901418
a20,138,1,1,0.511820935321738
a20,139,1,0,0.38755545449267714
a20,140,1,1,0.599707988105533
a20,141,1,0,0.44092122729573147
a20,142,1,1,0.6695846262385049
a20,143,1,0,0.4183398977743883
a20,144,1,0,0.3537889690477947
a20,145,1,1,0.5217951975049882
a20,146,1,1,0.6153229920149312
a20,147,1,1,0.6047607331454747
a20,148,1,0,0.4341644255251271
a20,149,1,0,0.40459679405338594
a20,150,1,1,0.60298959361574
a20,151,1,1,0.6775364869227637
a20,152,1,1,0.6502032554416973
a20,153,1,1,0.5008135524132017
a20,154,1,1,0.66798563190681
a20,155,1,1,0.6369014731305445
a20,156,1,0,0.3196359124906457
a20,157,1,0,0.3611051688747811
a20,158,1,1,0.6596091052041226
a20,160,1,0,0.4021717997248649
a20,161,1,1,0.6928768278101527
a20,162,1,1,0.646530913526699
a20,163,1,1,0.6290291045583977
a20,164,1,1,0.6634739832648633
a20,165,1,1,0.6336836288549924
a20,166,1,1,0.5368687729920634
a20,167,1,0,0.4336732734154485
a20,168,1,1,0.6375260759845259
a20,169,1,1,0.628280820339378
a20,170,1,1,0.6406924340946056
a20,171,1,0,0.24810436135315458
a20,172,1,1,0.6140606023384078
a20,173,1,1,0.6002985170455667
a20,174,1,1,0.6748255459925239
a20,175,1,0,0.4204141311338305
a20,176,1,1,0.632977030298923
a20,177,1,0,0.49280241931382296
a20,178,1,0,0.36608533698297036
a20,179,1,1,0.6363673143257655
a20,180,1,1,0.5117896403946178
a20,181,1,0,0.3971264422796145
a20,182,1,1,0.6047619097821336
a20,183,1,0,0.4176328660941812
a20,184,1,0,0.46223671778297526
a20,185,1,1,0.6705995849812988
a20,186,1,0,0.3410042604512273
a20,187,1,0,0.396583846969752
a20,189,0,0,0.3338682582631454
a20,190,0,0,0.2824065417942491
a20,191,1,1,0.6124995303848585
a20,192,1,0,0.4728930130984176
a20,193,1,1,0.6978389656207636
a20,194,1,1,0.7374997910286584
a20,195,0,0,0.36140159797348786
a20,196,0,0,0.34946307001477617
a20,197,0,0,0.40390218463782546
a20,198,1,1,0.5535141080593445
a20,199,1,0,0.43874115959200666
a20,200,0,0,0.21256599978761287
a20,201,0,0,0.27095124745240423
a20,202,0,0,0.26921413133812444
a20,203,0,0,0.2636742915535147
a20,204,0,0,0.4113292220473328
a20,205,0,0,0.3025572587280664
a20,206,1,0,0.37153979224629163
a20,207,1,0,0.29966514573174907
a20,210,1,1,0.5369510286705768
a20,211,1,0,0.3092172236346991
a20,212,1,1,0.6408222865428271
a20,213,1,0,0.26762930853445527
a20,214,1,1,0.6979543991783549
a20,215,1,0,0.4336462469330851
a20,216,1,1,0.554155531428459
a20,217,1,1,0.5818709905675747
a20,218,1,0,0.3441449753030261
a20,219,1,1,0.6592868433310248
a20,220,1,1,0.687173455476779
a20,221,1,0,0.4253387406578261
a20,222,1,0,0.2344219813385748
a20,223,1,1,0.645810849807161
a20,224,1,1,0.6858640554204306
a20,225,1,1,0.5237396316071163
a20,226,1,1,0.6510881956777488
a20,227,1,1,0.685302502904148
a20,228,1,1,0.6339772756583908
a20,229,1,1,0.6451094721252703
a20,230,1,1,0.6425013633924592
a20,231,1,1,0.5711096615272068
a20,232,1,1,0.7287580587520315
a20,233,1,1,0.6953286099804171
a20,234,1,1,0.7344140029282477
a20,235,1,1,0.6669730272427543
a20,236,1,1,0.6085378757739235
a20,237,1,1,0.6935926195599676
a20,238,1,1,0.7230554910013224
a20,240,1,1,0.6308471350714803
a20,241,1,1,0.6696067483518483
a20,242,1,1,0.5632712136555416
a20,243,1,1,0.6017513876678701
a20,244,1,1,0.675736503701751
a20,245,1,1,0.6144030782723998
a20,246,1,1,0.6438820277538838
a20,247,1,1,0.6771237058707302
a20,248,1,1,0.6189814845813606
a20,249,1,1,0.6305242268123341
a20,250,1,1,0.7158447921907987
a20,251,1,1,0.6558296458507283
a20,252,1,1,0.682548575404824
a20,253,1,1,0.7422516783311364
a20,254,1,0,0.42087095506216904
a20,255,1,1,0.6175870649777333
a20,256,1,1,0.6614330549533872
a20,257,1,1,0.6442017778266179
a20,258,1,1,0.690540049325237
a20,259,1,0,0.4731144212804604
a20,260,1,1,0.7616443334574133
a20,261,1,1,0.6957742510386554
a20,262,1,1,0.6737644361803201
a20,263,1,1,0.565636847801052
a20,264,1,1,0.6892683351578274
a20,265,1,1,0.7436072379697897
a20,266,0,0,0.4145377228536526
a20,267,0,0,0.4694887595869635
a20,268,0,0,0.4295895925651247
a20,269,1,1,0.7547878940793172
a20,270,1,0,0.4712037862132842
a20,271,1,1,0.7491076898858653
a20,272,1,0,0.4848175749608288
a20,273,1,1,0.5698441807112906
a20,274,1,0,0.2971191295261808
a20,275,1,1,0.5118098002923676
a20,276,1,0,0.40976286681963875
a20,277,1,1,0.7314256837729572
a20,278,1,0,0.43629141429921076
a20,279,1,0,0.4352146961208258
a20,280,1,1,0.631521937578366
a20,281,0,0,0.38779578329008546
a20,282,0,0,0.33469371775593615
a20,283,0,0,0.35868054524901527
a20,284,0,0,0.3974015756959268
a20,285,0,0,0.3871238540528616
a20,286,0,0,0.3286478241599135
a20,287,0,0,0.3628652368055865
a20,288,0,0,0.32310617886235826
a20,290,0,0,0.4016039239227518
a20,291,0,0,0.27444479518211046
a20,292,0,0,0.20731816632104788
a20,293,0,0,0.29028480393680633
a20,294,1,1,0.5748604003745885
a20,295,1,1,0.6138250444656281
a20,297,1,1,0.5820256623936023
a20,298,1,0,0.42344166563741475
a20,299,1,1,0.6173209819921824
a20,300,1,0,0.4084060850497225
a20,301,0,0,0.3613668940983727
a20,302,0,0,0.3559632452554534
a20,303,0,0,0.31332973974158157
a20,304,0,0,0.3178168146016958
a20,305,0,0,0.2498071263554454
a20,306,0,0,0.26583354678259724
a20,307,0,0,0.1916133109490426
a20,308,0,0,0.32402982378006034
a20,309,0,0,0.3052412486799105
a20,310,0,0,0.31598486372598017
a20,311,0,0,0.2622293297843268
a20,312,0,0,0.33108519162774885
a20,313,0,0,0.33089540639662723
a20,314,0,0,0.3110819266623238
a20,315,0,0,0.377382737044
a20,316,0,0,0.31494294208373014
a20,317,0,0,0.3612323784001906
a20,318,0,0,0.2877053877379316
a20,319,0,0,0.26754745857473405
a20,320,0,0,0.37858496429446964
a20,321,0,0,0.37961551415431566
a20,322,0,0,0.4232913845653659
a20,323,0,0,0.31231418756626644
a20,324,0,0,0.41851107202711385
a20,325,0,0,0.36047515374870254
a20,326,0,0,0.30147358384258427
a20,327,0,0,0.4131713535872048
a20,328,0,0,0.36174416987249913
a20,329,0,0,0.4793389174401353
a20,330,0,0,0.35252567331360113
a20,331,0,0,0.3950591154322269
a20,332,0,1,0.7549176970646325
a20,333,1,0,0.35763911882845734
a20,334,1,1,0.6440604291475424
a20,336,1,0,0.46480371753288374
a20,337,1,0,0.25611117351319584
a20,338,1,1,0.6826812537654745
a20,339,0,0,0.34726941595456645
a20,340,0,1,0.5232477633068686
a20,341,0,1,0.5257116053373954
a20,342,0,0,0.3523724671559105
a20,343,0,0,0.41071728079430847
a20,344,0,1,0.5537688322650544
a20,345,0,1,0.9091773937472166
a20,346,0,0,0.4184999288656944
a20,347,0,0,0.3914426479161568
a20,348,0,0,0.35258538212221985
a20,349,0,0,0.44437786872388096
a20,350,0,1,0.500849759958588
a20,351,0,0,0.3200760375725398
a20,352,0,1,0.8609802244420648
a20,353,1,1,0.5549900258543519
a20,354,1,0,0.4184065955371814
a20,355,1,1,0.5985418890630252
a20,356,1,0,0.3843556055177192
a20,357,1,0,0.44115285760634904
a20,358,1,1,0.5080432276549512
a20,359,1,0,0.3770545911531328
a20,360,1,1,0.6892785642988689
a20,361,1,1,0.6439550231601059
a20,362,1,1,0.6782962427081844
a20,363,1,1,0.6452740820885161
a20,364,1,1,0.6929396287674074
a20,365,1,1,0.618752528116548
a20,366,1,1,0.6662369562150141
a20,367,1,1,0.5514321077382126
a20,368,1,1,0.5342974062357785
a20,369,1,1,0.6312880147230998
a20,370,1,1,0.6616336294511895
a20,371,1,1,0.6076791528531545
a20,372,1,1,0.6381715997527384
a20,373,1,1,0.6161520030984369
a20,374,1,1,0.5665204633606006
a20,375,1,1,0.6367954785874627
a20,376,1,1,0.5251880264818384
a20,377,1,1,0.6399348214953985
a20,378,1,1,0.6628994217411678
a20,379,1,1,0.6264967714190551
a20,380,1,1,0.7043980566266739
a20,381,1,1,0.7218335712105086
a20,382,1,1,0.7190873235518277
a20,383,1,1,0.6529525848679898
a20,384,1,1,0.6739706998011045
a20,385,1,1,0.6904391160212361
a20,386,1,1,0.6086894768871842
a20,387,1,1,0.7227338950156067
a20,388,1,1,0.6889909175172709
a20,389,1,0,0.21549836914586068
a20,390,1,1,0.9226250803019277
a20,391,1,0,0.3813883833192062
a20,392,0,0,0.2780092183006101
a20,393,0,0,0.3664126002321015
a20,394,0,0,0.38582392339383026
a20,395,0,0,0.3502913720612172
a20,396,0,0,0.32269149338342584
a20,397,0,0,0.25612662141984
a20,398,0,0,0.2535715144884275
a20,399,0,0,0.28030983426110556
a20,401,0,0,0.2998670204253209
a20,402,0,0,0.3698468179260903
a20,403,0,0,0.2920436729655832
a20,404,0,0,0.30904140494447413
a20,405,0,1,0.6164069246199173
a20,406,1,1,0.7289349061634692
a20,408,1,1,0.6475385705708742
a20,409,0,0,0.25140748104965877
a20,410,0,0,0.3583259909800514
a20,411,0,0,0.38776120180266616
a20,412,0,0,0.41689675197580456
a20,413,0,0,0.4442438631878977
a20,414,0,0,0.43639923272583775
a20,415,0,0,0.4343331399812366
a20,416,0,0,0.43478289833245953
a20,417,0,0,0.3306649871315462
a20,418,0,1,0.507570940203662
a20,419,0,0,0.27503293867614664
a20,420,0,0,0.37288776676746077
a20,421,0,0,0.38961851704185757
a20,422,0,0,0.35886009999289326
a20,423,0,0,0.3748138501834843
a20,424,0,0,0.3028829146555306
a20,425,0,1,0.6893190814255955
a20,426,0,0,0.3844228830513864
a20,427,0,0,0.4866531233933812
a20,428,0,0,0.45441227983877325
a20,429,0,0,0.4225980808629491
a20,430,0,0,0.407227630904134
a20,431,0,0,0.11021376055134648
a20,432,0,1,0.5459015551610299
a20,433,0,0,0.37954406541460184
a20,434,0,0,0.29738337256609715
a20,435,0,0,0.40535179225071166
a20,436,0,0,0.398843233702037
a20,437,0,0,0.3295651265076923
a20,438,0,0,0.3405443239893832
a20,439,0,0,0.35250852562275975
a20,440,1,1,0.6410878349808038
a20,441,1,1,0.6230527721947287
a20,442,1,1,0.6329550307089438
a20,443,1,1,0.5211846482490072
a20,445,1,1,0.5532038371581107
a20,446,1,1,0.5407146824711421
a20,447,1,1,0.6086902284426801
a20,448,1,1,0.6226898429334615
a20,449,1,1,0.6190992693036679
a20,450,1,0,0.27756799621627687
a20,451,1,1,0.561619114674054
a20,452,1,0,0.413249024915262
a20,453,1,1,0.5494766199587786
a20,454,1,1,0.5524424008901799
a20,455,1,0,0.2720867898336929
a20,456,1,1,0.6710163715425069
a20,457,1,1,0.5403979513063599
a20,458,1,1,0.5538566292566967
a20,459,1,1,0.5689387655234902
a20,460,1,1,0.669647456558571
a20,461,1,1,0.6554748576027897
a20,462,1,1,0.6127453776298191
a20,463,1,1,0.5864249081493479
a20,464,1,1,0.5745302091399533
a20,465,1,1,0.7712740153071357
a20,466,1,1,0.6130014606966451
a20,467,1,1,0.5611178022571492
a20,468,1,1,0.5476363719731394
a20,469,1,1,0.603542404218601
a20,470,1,1,0.6016333575342531
a20,471,1,1,0.5465424872741541
a20,472,1,1,0.6364978269799505
a20,473,1,1,0.6508413604084698
a20,474,1,1,0.6181567004722917
a20,475,1,1,0.8555244625276144
a20,476,1,1,0.5844388946189228
a20,478,1,1,0.6920548931315411
a20,479,1,1,0.7235147615711619
a20,480,1,1,0.5494534865011049
a20,481,1,1,0.6165909408030715
a20,482,1,1,0.666620024132668
a20,483,1,1,0.610883371369578
a20,484,1,1,0.5623576427257663
a20,485,1,1,0.5150646696664793
a20,486,1,1,0.6875457544928942
a20,487,1,1,0.7154011352723234
a20,488,1,0,0.32763244869197594
a20,489,1,1,0.6327276092722833
a20,490,1,1,0.7504809909826486
a20,491,1,1,0.7850804831238966
a20,492,1,1,0.6162160788914548
a20,493,0,1,0.7497591294208866
a20,494,0,1,0.8958905198008573
a20,495,0,1,0.6825192407928532
a20,496,0,1,0.6706816284036746
a20,497,1,1,0.609223536431604
a20,498,1,1,0.7203235513385073
a20,499,1,1,0.8222886975735464
a20,500,1,0,0.39878049029661955
a20,501,1,0,0.45465516888436625
a20,502,1,1,0.8884572204015915
a20,504,0,0,0.3807539197208427
a20,505,0,0,0.34872224757261916
a20,506,0,0,0.4222089730008779
a20,507,0,0,0.4729356150997163
a20,508,0,0,0.42353187896758704
a20,509,0,1,0.7293615331955213
b01,1,0,0,0.49174611284654945
b01,2,0,0,0.33769298788159896
b01,3,0,0,0.29131665654280475
b01,4,0,1,0.5297310065122243
b01,5,1,0,0.43566443279361605
b01,6,0,0,0.42819085798171774
b01,7,0,1,0.5281032313337456
b01,8,0,0,0.22375676609308
b01,9,0,1,0.905724148221088
b01,10,0,1,0.8784242123652195
b01,11,0,0,0.37351865786069327
b01,12,0,0,0.24564067664654315
b01,13,0,0,0.3832949438608039
b01,14,0,0,0.34242747683498687
b01,15,0,0,0.31983880841379136
b01,16,0,0,0.2746725986842923
b01,17,0,0,0.48339620276106743
b01,18,0,0,0.36439729382383723
b01,19,0,0,0.4457797054399393
b01,20,0,0,0.4126911565638563
b01,21,0,0,0.40605996774895536
b01,22,0,0,0.36467809979728716
b01,23,0,1,0.6394625699897106
b01,24,0,0,0.4980615157097085
b01,26,0,0,0.4106931177255793
b01,27,0,0,0.2604579117898035
b01,28,0,1,0.6771288479602035
b01,29,0,0,0.27125642266082156
b01,30,0,0,0.2058446246796814
b01,31,0,0,0.25742711471806895
b01,33,0,0,0.2723255143912339
b01,34,0,0,0.3309444727599882
b01,35,0,1,0.9015878805325492
b01,36,0,1,0.6279752651681797
b01,37,0,1,0.5144035686675446
b01,38,0,0,0.49540517368034065
b01,39,0,1,0.6537306633148937
b01,40,0,1,0.5812409487812688
b01,41,0,0,0.46621616326397564
b01,42,0,1,0.6057433851783622
b01,43,0,0,0.35488184782243426
b01,44,0,1,0.6493564027518594
b01,45,0,1,0.5395431574435334
b01,46,0,0,0.4495311322680391
b01,47,0,0,0.42612766416644215
b01,48,0,1,0.7024857358640264
b01,49,0,0,0.236489489421219
b01,50,0,0,0.47847447282353245
b01,51,0,0,0.2956417983428119
b01,52,0,1,0.5951237002494231
b01,53,0,0,0.41723722888553394
b01,55,0,0,0.27901499197494717
b01,56,0,0,0.3596320689260998
b01,57,0,0,0.32373115669623675
b01,58,0,0,0.30121439543201367
b01,59,0,0,0.19427602846574799
b01,60,0,0,0.3218058100496965
b01,61,0,1,0.752110182719501
b01,62,0,1,0.6902925417293536
b01,63,0,1,0.784375923878204
b01,64,0,1,0.6359283207668095
b01,65,0,1,0.7927248984488527
b01,66,0,1,0.8425425011644063
b01,67,0,1,0.6185016771748756
b01,68,0,0,0.2953996219137214
b01,69,0,0,0.29285759237009346
b01,70,0,0,0.28881129068027594
b01,71,0,0,0.3126125654982319
b01,72,0,0,0.20326263304470835
b01,73,0,0,0.3292563510374288
b01,74,0,0,0.3566370873669352
b01,75,0,0,0.26108529384686213
b01,76,0,0,0.18235352672878855
b01,77,0,0,0.2615931134066996
b01,78,0,0,0.345077018869743
b01,79,0,0,0.295593723260166
b01,80,0,0,0.2219449021975337
b01,81,0,0,0.3614096129583673
b01,82,0,0,0.32253869287345077
b01,83,0,0,0.2851452639263022
b01,84,0,0,0.26984367190798986
b01,85,0,0,0.3164656228195669
b01,86,0,0,0.268779833888921
b01,87,0,0,0.27076901216763977
b01,88,0,0,0.32405651108606354
b01,89,0,0,0.27015213707618985
b01,90,0,0,0.25990211013148
b01,91,0,0,0.2579449935162407
b01,92,0,0,0.27263862010288226
b01,93,0,0,0.25712044775012416
b01,94,0,0,0.22718310787419316
b01,95,0,0,0.2825473344087423
b01,96,0,0,0.31282247265916285
b01,97,0,0,0.34499755793931497
b01,98,0,1,0.8891181086577978
b01,99,0,1,0.8980835484767654
b01,100,0,1,0.7959068124136234
b01,101,0,1,0.6592526495976742
b01,102,0,1,0.7732963472298431
b01,103,0,1,0.5506817776299523
b01,104,0,0,0.28433651059425513
b01,105,0,0,0.33843325352081033
b01,106,0,0,0.32458100700379017
b01,107,0,0,0.4019539721204633
b01,108,0,0,0.3434366389006652
b01,109,0,1,0.8932376506324569
b01,110,0,0,0.3432513294280418
b01,111,0,0,0.3899824285873755
b01,112,0,1,0.5764385143344559
b01,113,0,1,0.5800952790566993
b01,114,0,0,0.3508698861241252
b01,115,0,1,0.5069919251718925
b01,116,0,0,0.3147342657253782
b01,117,0,0,0.20535520212585587
b01,118,0,0,0.34847624538156863
b01,119,0,0,0.36640244479262374
b01,120,0,0,0.36633243743389493
b01,121,0,0,0.4185525371699266
b01,122,0,0,0.46844314880500687
b01,123,0,0,0.47686994003370387
b01,124,0,0,0.31317300402260595
b01,125,0,0,0.41793943242724757
b01,126,0,1,0.8139358635576859
b01,127,0,1,0.7934889328508241
b01,128,0,0,0.43192685828242844
b01,129,0,0,0.3738609638442585
b01,130,0,0,0.29264859244478364
b01,131,0,0,0.3219012877744745
b01,132,0,0,0.3155842228828937
b01,133,0,0,0.3291621111664763
b01,134,0,1,0.8246645344054879
b01,135,1,1,0.8568103135010312
b01,136,0,0,0.3318818941801617
b01,137,0,0,0.3622612935184926
b01,138,0,0,0.3531884482217219
b01,139,0,0,0.33473175460748394
b01,140,0,0,0.33814809891716047
b01,141,0,0,0.3221679954700175
b01,142,0,0,0.29576979040560325
b01,143,0,0,0.40437734065436615
b01,144,0,0,0.3529707923847426
b01,145,0,0,0.30694970238139896
b01,146,0,0,0.260054534429384
b01,147,0,0,0.3190677883751451
b01,148,0,0,0.39415527693043917
b01,149,0,0,0.30284675902442126
b01,150,0,0,0.3032133241494614
b01,151,0,0,0.29352239122417845
b01,152,0,0,0.31848502527800815
b01,153,0,0,0.34402293433330206
b01,154,0,0,0.23430901986938527
b01,155,0,0,0.22435207399067666
b01,156,0,0,0.29658257807616484
b01,157,0,0,0.32679749403708946
b01,158,0,1,0.9111542518228661
b01,159,1,1,0.7409488579503928
b01,160,1,1,0.7998131705231781
b01,161,1,1,0.7308949414939874
b01,162,1,1,0.7781541689254321
b01,163,0,1,0.6510327581880577
b01,164,0,1,0.7070819619699957
b01,165,0,1,0.7313791831096538
b01,166,0,1,0.6479186697748506
b01,167,0,0,0.32605383207190464
b01,168,0,1,0.6637460673364387
b01,169,0,1,0.6825001004775717
b01,170,0,0,0.38439210246641065
b01,171,0,1,0.7313961422406348
b01,172,0,1,0.5299359328684177
b01,173,0,1,0.682378564035554
b01,174,0,1,0.6778746318018856
b01,175,0,1,0.8348897916591637
b01,176,0,1,0.8230149860510498
b01,177,0,0,0.37162521786771485
b01,178,0,1,0.7559843651494005
b01,179,0,1,0.6187052270319918
b01,180,0,1,0.710042683189166
b01,181,0,0,0.4298820705300352
b01,182,0,1,0.6993346470940363
b01,183,0,1,0.698132753169275
b01,184,0,1,0.5960806971552054
b01,185,0,1,0.8967026448454525
b01,186,0,1,0.6700829344320754
b01,187,0,0,0.44227730452132746
b01,188,0,1,0.6088897991820541
b01,189,0,1,0.5897245203261656
b01,190,0,0,0.3725656763365851
b01,191,0,1,0.5491374995721047
b01,192,0,0,0.3888723376924198
b01,193,0,0,0.37814280512140763
b01,194,0,0,0.4203048430105542
b01,195,0,0,0.4004683743171342
b01,196,0,1,0.5407354483278318
b01,197,0,0,0.42131716714313494
b01,198,0,0,0.4199101207282236
b01,199,0,0,0.43474304550115755
b01,200,0,0,0.40883790916927315
b01,201,0,0,0.3716746102559096
b01,202,0,0,0.3330710868856651
b01,203,0,0,0.3097156182718914
b01,204,0,0,0.4127920634192129
b01,205,0,0,0.422192522225348
b01,206,0,0,0.36326876260722124
b01,207,0,0,0.45924520921355283
b01,208,0,0,0.4440838540937794
b01,209,0,0,0.37573502339822384
b01,210,0,0,0.3539301488674977
b01,211,0,0,0.4014113670663015
b01,212,0,0,0.2838537169843789
b01,213,0,0,0.3894228734075524
b01,214,0,0,0.30288742829455767
b01,216,0,0,0.3483306414378434
b01,217,0,0,0.3239979151203499
b01,218,0,1,0.7813244177674777
b01,219,0,0,0.38489122804679116
b01,220,0,1,0.8374226293839251
b01,221,0,1,0.6295484260751474
b01,222,0,1,0.5406786176881686
b01,223,0,0,0.31180870332062305
b01,224,0,0,0.29949355608222367
b01,225,0,0,0.21224660791167688
b01,226,0,0,0.25344562426370504
b01,227,0,1,0.6577956716710252
b01,228,0,0,0.2817717396847294
b01,229,0,0,0.28702493167780724
b01,230,0,0,0.3287268082771756
b01,231,0,0,0.2037447664286424
b01,232,0,0,0.3075922455359703
b01,233,0,0,0.18280800641949807
b01,234,0,0,0.2602978464461088
b01,235,0,0,0.2939689253507771
b01,236,0,0,0.335311518351976
b01,237,0,0,0.2420950250487982
b01,238,0,0,0.27839962082874015
b01,239,0,0,0.24096863332137838
b01,240,0,0,0.29669231510290395
b01,241,0,0,0.3341894543154019
b01,242,0,0,0.25107323726463
b01,243,0,0,0.18301643841947338
b01,244,0,0,0.2929484893872568
b01,245,0,0,0.3026614317845691
b01,246,0,0,0.3369982572782891
b01,247,0,0,0.2694013236447612
b01,248,0,0,0.24668041296102544
b01,249,0,0,0.22622032234625875
b01,250,0,0,0.24247789607572326
b01,251,0,0,0.32055369391504795
b01,252,0,0,0.276382713649987
b01,253,0,0,0.24451615845376692
b01,254,0,0,0.2769616851576384
b01,255,0,0,0.2749124895969408
b01,256,0,0,0.24234753819672755
b01,257,0,0,0.32248889604633646
b01,258,0,0,0.27909427018949967
b01,259,0,0,0.29170039115605534
b01,260,0,0,0.17916595575937144
b01,261,0,0,0.32662248235847324
b01,262,0,0,0.2597577431202242
b01,263,0,0,0.25908741158310844
b01,264,0,0,0.23307922908401105
b01,265,0,0,0.3928148800764062
b01,266,0,0,0.24519414970309963
b01,267,0,0,0.15133176447563584
b01,268,0,0,0.2886832014632074
b01,269,0,0,0.22136088234297013
b01,270,0,0,0.28333302723788506
b01,271,0,1,0.9169042856189954
b01,272,0,1,0.7684385294371117
b01,273,0,1,0.6925838926630131
b01,274,0,1,0.65366746486494
b01,275,0,1,0.568580115876852
b01,276,0,1,0.6444620928010709
b01,277,0,1,0.6661272095680987
b01,278,0,1,0.650066571108229
b01,279,0,0,0.22318363183704149
b01,280,0,0,0.31438861958285386
b01,281,0,0,0.28728889806872654
b01,282,0,0,0.4387153583213715
b01,283,0,0,0.35726453332262287
b01,284,0,0,0.42643515772934154
b01,285,0,0,0.4031104284221897
b01,286,0,0,0.4240126013271695
b01,287,0,0,0.3429399301235597
b01,288,0,0,0.3394831964210847
b01,289,0,0,0.37742151831305115
b01,290,0,0,0.30474783040750475
b01,291,0,0,0.3264679695583432
b01,292,0,1,0.5918497404989567
b01,293,0,0,0.32553859351793796
b01,294,0,0,0.3966201819853674
b01,295,0,0,0.2574294066008704
b01,296,0,0,0.32158520632283893
b01,297,0,0,0.45400800830284954
b01,298,0,0,0.47401788718609983
b01,299,0,0,0.31340328976436227
b01,300,0,0,0.3324920691219421
b01,301,0,0,0.3018792545174523
b01,302,0,0,0.32737988622153874
b01,303,0,0,0.320514578924961
b01,304,0,0,0.43894737657898747
b01,305,0,1,0.7829995665762365
b01,306,0,1,0.550421808070283
b01,307,0,1,0.6882875863091462
b01,308,0,0,0.29224062362231373
b01,309,0,0,0.2936221776124544
b01,310,0,1,0.6442506678616626
b01,311,0,1,0.5191165713228653
b01,312,0,1,0.6088612671853122
b01,313,0,0,0.3366496149869128
b01,314,0,1,0.8686189000667847
b01,315,0,1,0.5287858474023902
b01,316,0,1,0.6369608406071388
b01,317,0,0,0.39865081222001353
b01,318,0,0,0.35232045800711836
b01,319,0,1,0.5056463961198422
b01,320,0,0,0.21732104476446892
b01,321,0,0,0.3125889342954439
b01,322,0,0,0.21569554519330944
b01,323,0,0,0.23185809787448755
b01,324,0,0,0.24594682641586937
b01,325,0,0,0.32851711026910546
b01,326,0,0,0.25593624335422566
b01,327,0,0,0.31719715641038904
b01,329,0,0,0.2756895860916374
b01,330,0,0,0.22729138229030615
b01,331,0,0,0.2685145772293679
b01,332,0,0,0.20651540590795667
b01,334,0,0,0.26510058248142443
b01,335,0,0,0.28734386632156633
b01,338,0,1,0.8765085657502932
b01,339,1,1,0.5830002274145508
b01,340,0,0,0.2574032792733542
b01,341,0,0,0.2906346556311483
b01,342,0,0,0.23503738726591372
b01,343,0,0,0.42235979963445636
b01,344,0,1,0.6971470339825492
b01,345,0,1,0.6300195508590845
b01,346,0,1,0.701587627273213
b01,347,0,1,0.5194459123004666
b01,348,0,1,0.6034560004391896
b01,349,0,1,0.6749032758198957
b01,350,0,1,0.8703190503796993
b01,351,0,1,0.6379479609074815
b01,352,0,0,0.37321872715028503
b01,354,0,1,0.5171566781678215
b01,355,0,1,0.5290784917283307
b01,356,0,1,0.7115341125658782
b01,357,0,0,0.44604624121604425
b01,359,0,0,0.4847164314341743
b01,360,0,1,0.5586372530898145
b01,361,0,1,0.6334264669292872
b01,362,0,1,0.9198287683138557
b01,363,0,0,0.48710395495288206
b01,364,0,0,0.4866567074688329
b01,365,0,1,0.6465485104349967
b01,366,0,0,0.4259272941326483
b01,367,0,0,0.2145603785624597
b01,368,0,1,0.7119782544950845
b01,371,0,0,0.30431314995713576
b01,372,0,0,0.2075219063477345
b01,373,0,0,0.33833033028348786
b01,374,0,0,0.30357042297247766
b01,375,0,0,0.36318472065550467
b01,376,0,0,0.366986825195745
b01,377,0,1,0.6597575788955823
b01,378,0,0,0.40071836838075
b01,379,0,0,0.2643592977379925
b01,380,0,1,0.5409416299262415
b01,381,0,0,0.39899019248329465
b01,382,0,1,0.5338857919435126
b01,383,0,1,0.8519661659237032
b01,384,0,0,0.44611107067227274
b01,385,0,0,0.4992749381986568
b01,387,0,1,0.5206011830936774
b01,388,0,0,0.4944284567777668
b01,390,0,0,0.4976626487491735
b01,391,0,1,0.5579179519787919
b01,393,0,0,0.39069936312708664
b01,394,0,0,0.41973327725426396
b01,395,0,0,0.29654350402252605
b01,396,0,0,0.4195712374308489
b01,397,0,0,0.3332005325130552
b01,398,0,0,0.49116384221198234
b01,399,0,1,0.8749538217588826
b01,400,0,1,0.8737217890706689
b01,401,0,1,0.6945932800956968
b01,402,0,1,0.619518448322199
b01,403,0,1,0.5780567374220729
b01,404,0,1,0.5566631111899233
b01,405,0,1,0.6300617029039965
b01,407,0,1,0.6847831682078473
b01,408,0,0,0.37562236188190035
b01,409,0,0,0.4347731188881793
b01,410,0,1,0.6441824064132788
b01,411,0,0,0.4169396206971371
b01,412,0,1,0.7371222112661163
b01,413,0,0,0.46620377325125867
b01,414,0,0,0.456714258122147
b01,415,0,1,0.5871962728091319
b01,416,0,0,0.4894469673958874
b01,417,0,1,0.827123854432088
b01,418,0,1,0.7274592723328134
b01,419,0,1,0.8678962018589056
b01,420,1,1,0.857108902602414
b01,421,1,1,0.8150917424471998
b01,422,0,0,0.3737326175079394
b01,423,0,0,0.45230000279265997
b01,424,0,1,0.7506106345928901
b01,425,1,1,0.864786201445195
b01,426,1,1,0.8233127520275184
b01,427,1,1,0.8277101458350288
b01,428,1,1,0.5703941454935041
b01,429,1,1,0.6724957769023727
b01,430,1,1,0.6553321192391905
b01,431,1,1,0.6768675926658501
b01,432,1,1,0.6086181715145144
b01,433,1,1,0.6438701566005953
b01,434,1,1,0.5071233073068313
b01,436,0,1,0.8396795781498483
b01,437,0,1,0.6576151688931172
b01,438,0,1,0.5987407649952227
b01,439,0,1,0.650041896480223
b01,440,0,0,0.43891719189526057
b01,441,0,1,0.5720988318034225
b01,442,0,1,0.869158412697764
b01,443,0,1,0.6580189365867809
b01,444,0,0,0.42200933239133637
b01,445,0,1,0.5543760536893978
b01,446,0,1,0.5135902997099192
b01,447,0,0,0.34484451559195317
b01,448,0,0,0.32259812138949523
b01,449,0,0,0.301596468413842
b01,450,0,1,0.5094592862909229
b01,451,0,0,0.35058652124356926
b01,452,0,0,0.42055677577410316
b01,453,0,0,0.43431047950844354
b01,454,0,0,0.3952561170433706
b01,455,0,0,0.29264437884572037
b01,456,0,0,0.3648038947929733
b01,458,0,1,0.6950395067742253
b01,459,0,0,0.25162780593623557
b01,460,0,0,0.2453128029209959
b01,461,0,0,0.31900061464386054
b01,462,0,0,0.33514456148645183
b01,463,0,0,0.30489239472642493
b01,464,0,1,0.5086011030729904
b01,465,0,0,0.2354070622620131
b01,466,0,0,0.24944396593582518
b01,467,0,0,0.33836136053451965
b01,468,0,0,0.4578392700455356
b01,469,0,0,0.4202715220637033
b01,470,0,0,0.2717448321200429
b01,471,0,0,0.3428953744363244
b01,472,0,0,0.4684663265223226
b01,473,0,1,0.6205226718586273
b01,474,0,0,0.2756940243115121
b01,475,0,1,0.5328220011818988
b01,476,0,0,0.331206954116478
b01,477,0,0,0.4237714526682596
b01,478,0,0,0.4102730500003735
b01,479,0,1,0.6882946063643172
b01,480,0,0,0.38595990805668007
b01,481,0,0,0.3879275544197001
b01,482,0,1,0.8804808111372756
b01,483,0,1,0.5952874996488133
b01,484,0,0,0.4620059013702605
b01,485,0,1,0.818881163640213
b02,1,0,0,0.42851613093195373
b02,2,0,1,0.5949393498826684
b02,3,0,1,0.7201868665670814
b02,4,0,0,0.3967808727587181
b02,5,0,0,0.3574564084934496
b02,6,0,1,0.80909685358099
b02,7,0,1,0.6615565399881271
b02,8,0,0,0.3373501431807717
b02,9,0,0,0.4121443980469018
b02,10,0,0,0.34395760515832574
b02,11,0,1,0.6693924636411174
b02,12,0,0,0.4412730815926904
b02,13,0,1,0.6254871320336001
b02,14,0,1,0.5167393041056361
b02,15,0,0,0.4021415156422248
b02,16,0,1,0.5767608118990001
b02,17,0,0,0.40806247039320737
b02,18,0,1,0.6937365839255111
b02,19,0,0,0.3606194455913962
b02,20,0,0,0.38844046165514673
b02,21,0,1,0.521047614821074
b02,22,0,0,0.474734813703005
b02,23,0,0,0.41326199786387796
b02,24,0,0,0.42218452691247116
b02,25,0,0,0.3685786245126696
b02,26,0,1,0.7125380034853689
b02,27,0,1,0.5123850248712554
b02,28,0,0,0.41458002171642555
b02,29,0,1,0.523927820121032
b02,30,0,0,0.48377254889017796
b02,31,0,0,0.4967751108576775
b02,32,0,1,0.5704452550047927
b02,33,0,0,0.4547101858381973
b02,34,0,1,0.5424566435679221
b02,35,0,1,0.5307869308861678
b02,36,0,1,0.7435437218866459
b02,37,0,1,0.609146165995747
b02,38,0,0,0.46352735532172457
b02,39,0,0,0.3513178670220675
b02,40,0,0,0.48099094312342267
b02,41,0,1,0.6085415913272231
b02,42,0,1,0.6981461466070313
b02,43,0,0,0.4425811649324757
b02,44,0,0,0.3820632440517501
b02,45,0,0,0.4161166564415287
b02,46,0,0,0.2520349375154713
b02,47,0,0,0.40860540260019235
b02,48,0,1,0.5636868391241983
b02,49,0,0,0.4205514893361993
b02,50,0,1,0.6889502952674613
b02,52,0,1,0.6768181347867855
b02,53,0,0,0.426994366559144
b02,54,0,0,0.4238699271862577
b02,55,0,0,0.40021455703060477
b02,56,0,0,0.45274809894119283
b02,57,0,1,0.5286943237005122
b02,58,0,1,0.5229595650178557
b02,59,0,0,0.4303646068031161
b02,60,0,0,0.35197674474650814
b02,61,0,0,0.47491416959486155
b02,62,0,0,0.46919202611974586
b02,63,0,0,0.31847989245439645
b02,64,0,0,0.39911072422381383
b02,65,0,0,0.47015269358785766
b02,66,0,1,0.5652891782316032
b02,67,0,0,0.47215909067139866
b02,68,0,0,0.38830503125409527
b02,69,0,1,0.5366487599314242
b02,70,0,0,0.4308255127073712
b02,71,0,0,0.3935582352080087
b02,72,0,0,0.35085218891855285
b02,73,0,0,0.3520687851313372
b02,74,0,1,0.5198510386055317
b02,75,0,0,0.29361236067433744
b02,76,0,0,0.37260676404051407
b02,77,0,1,0.5380604439312532
b02,78,1,1,0.734162265531579
b02,79,1,1,0.7448115222606586
b02,80,1,1,0.6029933124650135
b02,81,1,1,0.6555274366797122
b02,82,1,1,0.7604843615794591
b02,83,1,1,0.7884612279378755
b02,84,1,1,0.7847455355014169
b02,85,1,1,0.734656868454479
b02,86,1,1,0.7602066599265508
b02,87,1,1,0.7767271604046135
b02,88,1,1,0.8920034958036481
b02,89,1,1,0.6837120440224099
b02,90,1,1,0.7220236082800735
b02,91,1,1,0.7091292572262806
b02,92,1,1,0.772059765319944
b02,93,1,1,0.8276142580615463
b02,94,1,1,0.8052261302810974
b02,95,1,1,0.7248159534548924
b02,96,1,1,0.7263611583226637
b02,97,1,1,0.7183191303001043
b02,98,1,1,0.7669506194011746
b02,99,1,1,0.692407808483149
b02,100,1,0,0.45294915955607495
b02,101,0,1,0.7297383709741636
b02,102,0,1,0.6357621328876902
b02,103,0,1,0.5801090324828465
b02,104,0,0,0.3624676584416904
b02,105,0,1,0.5393591366296541
b02,106,0,1,0.5729799907694835
b02,107,0,1,0.5243113881835386
b02,108,0,0,0.45438587080761145
b02,109,0,0,0.45284315414562626
b02,110,0,1,0.5030997239567667
b02,111,0,1,0.5038566778647795
b02,112,0,1,0.7241797046649894
b02,113,0,1,0.5108275790055902
b02,114,0,1,0.529919325659868
b02,115,0,1,0.7630321232368302
b02,116,0,0,0.4941790707732852
b02,117,0,1,0.5656036052882523
b02,118,0,1,0.8800408144324239
b02,119,0,1,0.7340599301505565
b02,120,0,1,0.522238500039005
b02,121,0,1,0.6998779141726833
b02,122,0,1,0.5699328879924267
b02,123,0,0,0.48566647696218995
b02,124,0,1,0.5064189424872809
b02,125,0,0,0.4661220005201151
b02,126,0,1,0.5600694384855981
b02,127,0,1,0.7272639720976878
b02,128,0,1,0.7793290037215866
b02,129,0,1,0.5186688246454615
b02,130,0,1,0.5100365780110923
b02,131,0,1,0.7073941749453573
b02,132,0,1,0.5298711309538904
b02,133,0,1,0.682060665145525
b02,134,0,0,0.47791185959402704
b02,135,0,0,0.4504569812362778
b02,136,0,1,0.8415284708758001
b02,137,0,1,0.7109703051648253
b02,138,0,1,0.7412638846563542
b02,139,1,1,0.6177866667978438
b02,140,0,1,0.5236857692352715
b02,141,0,0,0.4627927374941174
b02,142,0,0,0.4221062556954236
b02,143,0,0,0.43651980998123413
b02,144,0,0,0.4436608968426537
b02,145,0,0,0.45171602116319176
b02,146,0,1,0.5147564664879559
b02,147,0,0,0.44067924841082035
b02,148,0,0,0.43261256692923084
b02,149,0,0,0.4687754026111342
b02,150,0,0,0.29685637462930703
b02,151,0,0,0.48887369222734806
b02,152,0,0,0.419784611222306
b02,153,0,0,0.4186332584705016
b02,154,0,0,0.3318946112241496
b02,155,0,0,0.47488102263196286
b02,156,0,0,0.44349872488183906
b02,157,0,1,0.5618662507975487
b02,158,1,1,0.7762991763437905
b02,159,1,1,0.7688725424587036
b02,160,1,0,0.4967697283310103
b02,161,0,0,0.39146314291057244
b02,162,0,0,0.3807359677372142
b02,163,0,0,0.425296632938142
b02,164,0,0,0.39298809679610447
b02,165,0,0,0.37221573233218563
b02,166,0,0,0.4042007014744772
b02,167,0,0,0.4224612792708351
b02,168,0,0,0.3904134981973395
b02,169,0,1,0.7795305803038688
b02,170,0,1,0.7773057668419907
b02,171,0,1,0.7816045974473023
b02,172,0,1,0.7660896959159749
b02,173,0,1,0.5011397614901201
b02,174,0,0,0.43932527850624686
b02,175,0,0,0.47088124021954647
b02,176,0,0,0.4431845920764349
b02,177,0,0,0.4714069480160875
b02,178,0,0,0.4226134880530414
b02,179,0,0,0.43434518330453503
b02,180,0,0,0.47800554593095523
b02,181,0,0,0.4285896703175423
b02,182,0,0,0.33677075715600796
b02,183,0,0,0.42140599657340283
b02,184,0,0,0.31630778963349176
b02,185,0,0,0.13491455615958486
b02,186,0,0,0.37503380412185366
b02,187,0,0,0.33627008187294655
b02,188,0,0,0.38412629938508247
b02,189,0,0,0.43617639647141915
b02,190,0,0,0.36772533989381706
b02,191,0,0,0.40076811108426064
b02,192,0,0,0.36070685359327537
b02,193,0,1,0.8045316000808944
b02,194,1,1,0.5628724756607466
b02,195,0,0,0.4788884633100004
b02,196,0,1,0.70151369628864
b02,197,0,1,0.6154320322338552
b02,198,0,1,0.6992404199931432
b02,199,0,0,0.4031517917616078
b02,200,0,0,0.4098771626648534
b02,201,0,0,0.45750769101791217
b02,202,0,0,0.43706562345665007
b02,203,0,0,0.41636530116580717
b02,204,0,0,0.49497885915584156
b02,205,0,0,0.45140487548150127
b02,206,0,1,0.5065325295858218
b02,207,0,0,0.48966414321954127
b02,208,0,1,0.5510387994574006
b02,209,0,0,0.4440568267716113
b02,210,0,1,0.5239894027928957
b02,211,0,1,0.5532287753344763
b02,212,0,0,0.4602540660247868
b02,213,0,1,0.5261395121439513
b02,214,0,0,0.3875917016987305
b02,215,0,1,0.6108073170181969
b02,216,0,1,0.7987888052930276
b02,217,0,0,0.4289422962229814
b02,218,0,0,0.474068676141866
b02,219,0,1,0.5695709932931136
b02,220,0,1,0.6046447701734688
b02,221,0,1,0.6128844147957456
b02,222,0,1,0.7151679187124029
b02,223,1,1,0.7695593681933355
b02,224,1,1,0.7009926917629468
b02,225,1,1,0.7284422419952358
b02,226,1,1,0.6906817968813831
b02,227,1,1,0.7141968346927484
b02,228,1,1,0.6034488705373268
b02,229,1,1,0.6747458668980765
b02,230,1,0,0.4792959807274218
b02,231,0,0,0.43562889341201044
b02,232,0,1,0.5390542294961009
b02,233,0,1,0.5287370595150456
b02,234,0,1,0.6684936482320597
b02,235,0,1,0.7502251670161185
b02,236,0,1,0.5277867223051574
b02,237,0,1,0.7326035978402134
b02,238,0,1,0.5800032951048795
b02,239,0,0,0.3796773758487676
b02,240,0,0,0.47976154906683327
b02,241,0,0,0.4935462078848869
b02,242,0,0,0.46612566027472147
b02,243,0,0,0.35728518864014086
b02,244,0,0,0.4713578742194809
b02,245,0,1,0.5384325201194066
b02,246,0,0,0.4346170751569724
b02,247,0,0,0.4408471669059476
b02,248,0,1,0.5339635840927207
b02,249,0,0,0.39485375065340966
b02,250,0,0,0.48227242540752363
b02,251,0,0,0.42049384443310833
b02,252,0,0,0.45153119623153665
b02,253,0,0,0.49116673747537093
b02,254,0,1,0.5294566535951197
b02,255,0,0,0.42270913399602983
b02,256,0,0,0.3737245088199146
b02,257,0,0,0.4519663982489526
b02,258,0,0,0.4784274662654923
b02,259,0,1,0.5534863151261336
b02,260,0,0,0.33023843663036145
b02,261,0,0,0.48379182967172557
b02,262,0,0,0.435638026765729
b02,263,0,1,0.6903142590034839
b02,264,1,1,0.7624172726606478
b02,265,1,1,0.7283246718141481
b02,266,1,1,0.7164425636331725
b02,267,0,1,0.694944783630242
b02,268,0,0,0.3638356663194749
b02,269,0,1,0.6318280397145651
b02,270,0,1,0.554680028845297
b02,271,0,1,0.5413874194682161
b02,272,0,0,0.4900984835427724
b02,273,0,0,0.4954048035924153
b02,274,0,1,0.5668263091697622
b02,275,0,0,0.47269926381734906
b02,276,0,1,0.556976362060239
b02,277,0,0,0.41474678224263534
b02,278,0,1,0.8454084100074605
b02,279,0,1,0.727138797446981
b02,280,0,1,0.6287664113911294
b02,281,1,1,0.5384654286104701
b02,282,1,1,0.7499534436386531
b02,283,1,0,0.36186517059198814
b02,284,0,0,0.4984437680115453
b02,285,0,0,0.4514762251982315
b02,286,0,1,0.6712911431134855
b02,287,0,1,0.5009780338164048
b02,288,0,0,0.4989525848598069
b02,289,0,0,0.4745690142131568
b02,290,0,0,0.49118074993099614
b02,291,0,1,0.5100898006795741
b02,292,0,1,0.5236196059688826
b02,293,0,1,0.5027782549534784
b02,294,0,1,0.5026100925427079
b02,295,0,0,0.4755741922975738
b02,296,0,0,0.4123103028526794
b02,297,0,1,0.5030726750889175
b02,298,0,0,0.4937763532348411
b02,299,0,1,0.7032185992700617
b02,300,0,1,0.6735480922913412
b02,301,0,0,0.4211400080638841
b02,302,0,0,0.4737396171207111
b02,303,0,0,0.49835769555341586
b02,304,0,0,0.4643159302528216
b02,305,0,0,0.36483711235678296
b02,306,0,0,0.4600529685228157
b02,307,0,1,0.5069260701624271
b02,308,0,0,0.4849759931571151
b02,309,0,1,0.5215686537870774
b02,310,0,1,0.5279830005266525
b02,311,0,0,0.4325390339911333
b02,312,0,0,0.48232169557988014
b02,313,0,0,0.45592497228634665
b02,314,0,0,0.40598210530532786
b02,315,0,0,0.45688773816954037
b02,316,0,0,0.3944146070895133
b02,317,0,0,0.431517564572719
b02,318,0,1,0.5493008871071637
b02,319,0,0,0.493608733408383
b02,320,0,1,0.6212755670967092
b02,321,0,0,0.3761452616504075
b02,322,0,0,0.45804847217573874
b02,323,0,0,0.4903839979445805
b02,324,0,0,0.38833035532724214
b02,325,0,0,0.38416007018272347
b02,326,0,0,0.46954442595663803
b02,327,0,0,0.40797518056088594
b02,328,0,0,0.3834874041368414
b02,329,0,0,0.46068762374767025
b02,330,0,0,0.4286497279242288
b02,331,0,1,0.5310028761829014
b02,332,0,1,0.5040115928466252
b02,333,0,0,0.47761212775295997
b02,334,0,0,0.36804626237150784
b02,335,0,0,0.4559055283346844
b02,336,0,0,0.4403466003023641
b02,337,0,0,0.3739328977420213
b02,338,0,1,0.6890742341227263
b02,339,0,1,0.6231641911682877
b02,340,0,1,0.6940263619266215
b02,341,0,1,0.89436150424654
b02,342,0,1,0.5022282626916496
b02,343,1,1,0.703460201386108
b02,344,1,1,0.7191191294479764
b02,345,1,1,0.734694426650297
b02,346,1,0,0.43785929390285255
b02,347,1,1,0.7292956382757819
b02,348,1,1,0.5145038275005356
b02,349,1,1,0.7281627441757409
b02,350,1,1,0.7444360461784023
b02,351,1,1,0.7270502364140055
b02,352,1,1,0.7150571628897988
b02,353,1,1,0.7621379089945379
b02,354,1,1,0.7792598087947765
b02,355,1,1,0.7891361592280431
b02,356,1,1,0.7354464705810433
b02,357,1,0,0.35961243283113364
b02,358,0,1,0.7806844119294976
b02,359,0,1,0.7260431996263345
b02,360,0,1,0.5200746760300946
b02,361,0,1,0.5153623091236872
b02,362,0,0,0.4959113350035552
b02,363,0,1,0.5654972372663343
b02,364,0,0,0.4007370714659429
b02,365,0,0,0.38669073104261037
b02,366,0,1,0.6979857905000343
b02,367,1,1,0.7664300867382675
b02,368,1,1,0.5628631701492482
b02,369,0,0,0.3980177167699066
b02,370,0,0,0.4777723825145325
b02,371,0,0,0.4127393387123257
b02,372,0,0,0.3818429309291399
b02,373,0,1,0.5212155657095694
b02,374,0,0,0.41829132523829166
b02,375,0,0,0.36961853341615153
b02,376,0,0,0.4219985117869314
b02,377,0,0,0.2369421572460034
b02,378,0,0,0.431900833352461
b02,379,0,0,0.3680844931032118
b02,380,0,1,0.5139028530391329
b02,381,0,0,0.4374808700961567
b02,382,0,0,0.4044202863732054
b02,383,0,1,0.568603520231651
b02,384,0,0,0.4939354295546266
b02,385,0,1,0.5104069934428539
b02,386,0,1,0.5700683605148963
b02,387,0,0,0.31543338550109656
b02,388,0,1,0.7134326760904957
b02,389,0,0,0.4537410874187746
b02,390,0,0,0.399631110006169
b02,391,0,1,0.6732322761816899
b02,392,0,1,0.6727303651858227
b02,393,0,1,0.522260142952323
b02,394,0,1,0.5506104697237935
b02,395,0,1,0.7460666181641114
b02,396,0,1,0.5591192318923259
b02,397,0,1,0.7481373073187378
b02,398,0,0,0.44713240200703924
b02,399,0,1,0.731909525171874
b02,400,0,1,0.6912151062331656
b02,401,0,1,0.5068370137378222
b02,402,0,1,0.5878287443573641
b02,403,0,1,0.6911711836648776
b02,404,0,1,0.771516027418882
b02,405,0,1,0.7340711291940981
b02,406,0,1,0.6831590136336744
b02,407,0,1,0.7282494363194331
b02,408,0,0,0.42520235019401403
b02,409,0,0,0.43985069369681107
b02,410,0,1,0.5896944351880425
b02,411,0,1,0.7477137518765197
b02,412,0,0,0.4969800540250289
b02,413,0,0,0.2643295194184503
b02,414,0,1,0.8352068659664655
b02,415,0,1,0.5845115826990768
b02,416,0,1,0.6019400547804106
b02,417,0,1,0.6577215429954406
b02,418,0,1,0.9252476893324285
b02,419,0,1,0.7625540527540212
b02,420,0,1,0.6631420448887225
b02,421,1,1,0.7362041398457825
b02,422,1,1,0.782798528767101
b02,423,1,1,0.8273506981628629
b02,424,1,1,0.7541627615337811
b02,425,1,1,0.8584481311033687
b02,426,1,1,0.8315527488496752
b02,427,1,1,0.8222131479206064
b02,428,1,1,0.7257228333858774
b02,429,1,1,0.7491522375703589
b02,430,1,1,0.7686074134982838
b02,431,1,1,0.7704896704671942
b02,432,1,1,0.7618091111158659
b02,433,1,1,0.8557799715402432
b02,434,1,1,0.7089850786636951
b02,435,1,1,0.6901883991348572
b02,436,1,1,0.8125831285849979
b02,437,1,1,0.7776657786588885
b02,438,1,1,0.6764079100737959
b02,439,1,0,0.4507652051237916
b02,440,0,0,0.45298195268821034
b02,441,0,0,0.3908222958108061
b02,442,1,1,0.7330898437837348
b02,443,1,1,0.7387467655184088
b02,444,1,1,0.7632417176152979
b02,445,1,1,0.7145587301500075
b02,446,1,1,0.6999432962269221
b02,447,1,1,0.6680859875591656
b02,449,0,0,0.4457381816701532
b02,450,0,0,0.4225527819411439
b02,451,0,1,0.8680266604496177
b02,452,1,1,0.7035584860811074
b02,453,1,1,0.621371370289983
b02,454,1,1,0.532280158337893
b02,455,0,0,0.4249130990839914
b02,456,0,0,0.2967144882801155
b02,457,0,0,0.3778206859269355
b02,459,0,0,0.44880877635370675
b02,460,0,1,0.634825884233775
b02,461,0,1,0.6957537828807783
b02,462,0,0,0.32860478202943866
b02,463,0,1,0.6399148074126992
b02,465,0,0,0.37980069945421013
b02,466,0,1,0.7362122661311381
b02,467,0,0,0.4835820343414197
b02,469,0,1,0.5820678210335433
b02,470,0,1,0.7307053982056148
b02,471,0,1,0.6195020400788841
b02,472,0,0,0.42963509204374145
b02,473,0,1,0.7453051880111179
b02,474,1,1,0.7445634584721464
b02,475,1,1,0.7304278836949795
b02,476,1,1,0.7204068060850356
b02,477,1,1,0.6982083996397499
b02,478,1,1,0.7868964019231864
b02,479,1,1,0.8161439661497584
b02,480,0,0,0.44042492900746
b02,481,0,0,0.4455909324378953
b02,482,0,1,0.7485438791830993
b02,483,0,0,0.3051228332619865
b02,484,0,0,0.4667413654791432
b02,485,0,0,0.46724292096251735
b02,486,0,0,0.4302927203382937
b02,487,0,0,0.4641816798583963
b02,488,0,0,0.4535478318095125
b02,489,0,1,0.5327405199002169
b02,490,0,0,0.47084429969695696
b02,491,0,1,0.7024825875037872
b02,492,0,0,0.4910555688287578
b02,493,0,1,0.5549953182187105
b02,494,0,0,0.49099078633779586
b02,495,0,0,0.45370957420429014
b02,496,0,1,0.5609926240098385
b02,497,0,0,0.4788542671187467
b02,498,0,1,0.7302476255379196
b02,499,0,1,0.6462460302552809
b02,500,0,0,0.27430234210363547
b02,501,0,0,0.4445235671436879
b02,502,0,0,0.4896283223302999
b02,503,0,0,0.3359339808371262
b02,504,0,1,0.6883034683719874
b02,505,0,0,0.4490806693318569
b02,506,0,0,0.2915018266791074
b02,507,0,1,0.6993162937705846
b02,508,0,0,0.3839943944859647
b02,509,0,0,0.39658959901103585
b02,510,0,0,0.351377003834772
b02,511,0,1,0.558363863588573
b02,512,0,1,0.7075564225309378
b02,513,0,1,0.9040705366532831
b02,514,0,0,0.4795468294235202
b02,515,0,1,0.7156916646527115
b02,516,0,0,0.4894297064760534
b03,1,0,0,0.3208896999321697
b03,2,0,0,0.4195996516143243
b03,3,0,0,0.4862366094481308
b03,4,0,0,0.30970412615562976
b03,5,0,0,0.4277755885693674
b03,6,0,0,0.27743433088667946
b03,7,0,0,0.2872734557320178
b03,8,0,1,0.5213846622864386
b03,9,0,0,0.09010705317995144
b03,10,0,0,0.40308223904196555
b03,12,0,0,0.45266157975214905
b03,13,0,1,0.6242327894507502
b03,14,0,0,0.2450835560394154
b03,15,0,1,0.6928044365442968
b03,16,0,0,0.49882812875159166
b03,17,0,1,0.6698690873389702
b03,18,0,0,0.44212812510132143
b03,19,0,1,0.577524891091451
b03,20,0,0,0.4246011635904828
b03,21,0,1,0.5036054402168637
b03,22,0,1,0.5114816787702008
b03,23,0,0,0.3526424474143188
b03,24,0,0,0.49959088633618853
b03,25,0,0,0.45372833609700836
b03,26,0,0,0.424256308887406
b03,27,0,0,0.265350773545078
b03,28,0,0,0.4554962696772057
b03,29,0,1,0.5941797937585988
b03,31,0,0,0.4862079132971351
b03,32,0,1,0.5399206721024559
b03,33,0,0,0.4017477038180937
b03,34,0,0,0.46924050836530823
b03,35,0,0,0.4196779703505148
b03,36,0,0,0.4230121120100309
b03,37,0,0,0.2878461837895772
b03,38,0,0,0.42548776282503303
b03,39,0,0,0.46568449783533405
b03,40,0,0,0.4127841249878416
b03,41,0,0,0.48857736433912524
b03,42,0,0,0.3706887795144715
b03,43,0,0,0.4395213960391984
b03,44,0,1,0.531623456200239
b03,45,0,1,0.5631727084392811
b03,46,0,0,0.4056219642866757
b03,47,0,1,0.6365371089069822
b03,48,0,0,0.45563355332851224
b03,49,0,1,0.5920779673044948
b03,50,0,0,0.4897806773942658
b03,51,0,0,0.48428435658593055
b03,52,0,0,0.40429311213110053
b03,53,0,0,0.36078469442240424
b03,54,0,0,0.47914512468261267
b03,55,0,1,0.5626275475501034
b03,56,0,1,0.7361406369782881
b03,57,0,0,0.47359405966381785
b03,58,0,0,0.2938866488752731
b03,59,0,1,0.544232699252134
b03,60,0,0,0.426483572400477
b03,61,0,0,0.43159660612356054
b03,62,0,0,0.47410401365078536
b03,63,0,0,0.46215964502765305
b03,64,0,0,0.4862273159876224
b03,65,0,0,0.40229409735748
b03,66,0,0,0.4561306841036952
b03,67,0,0,0.3742133801140631
b03,68,0,0,0.4266531074499923
b03,69,0,0,0.34511634384950374
b03,70,0,0,0.4948257159669444
b03,71,0,0,0.47689655296372735
b03,72,0,0,0.4381588262252943
b03,73,0,0,0.4814804013198463
b03,74,0,0,0.36708153844189695
b03,75,0,0,0.44509804610749254
b03,76,0,0,0.3749603862586957
b03,77,0,0,0.3541676289333618
b03,78,0,0,0.39239689447282455
b03,79,0,0,0.465099248464417
b03,80,0,0,0.43156099575960594
b03,81,0,0,0.46262540282566816
b03,82,0,1,0.5698102678022434
b03,83,0,1,0.5364038876363242
b03,84,0,0,0.4676999953483298
b03,85,0,0,0.46659878904312774
b03,86,0,1,0.5149231195545017
b03,87,0,0,0.4228866291105868
b03,88,0,1,0.5508586985043658
b03,89,0,0,0.4235899291311933
b03,90,0,0,0.4321225277506259
b03,91,0,1,0.5681459278404113
b03,92,0,0,0.4620121180989468
b03,93,0,0,0.42654164684752954
b03,94,0,0,0.4759347110908459
b03,95,0,1,0.5039921275113101
b03,96,0,1,0.5696564037667516
b03,97,0,0,0.3687308694271148
b03,98,1,1,0.7706564635438439
b03,99,1,0,0.4423775742833746
b03,100,1,1,0.7381412792601676
b03,101,1,1,0.770794419433793
b03,102,1,0,0.41936753580137287
b03,103,0,1,0.8560224157603619
b03,104,0,0,0.47779983667999504
b03,105,0,1,0.5129294184222376
b03,106,0,0,0.4462706663099252
b03,107,0,0,0.4900339938232231
b03,108,0,0,0.4762546749338942
b03,109,0,0,0.4996819833430668
b03,110,0,0,0.43230456843998727
b03,111,0,0,0.4367261353045628
b03,112,0,0,0.4234681277279287
b03,113,0,0,0.43996066959541796
b03,114,0,0,0.3838239064387392
b03,115,0,0,0.4175148188564949
b03,116,0,0,0.40196086658360414
b03,117,0,0,0.4232502103770108
b03,118,0,0,0.41652254974018216
b03,119,0,0,0.45905916260049584
b03,120,0,0,0.38854277014554583
b03,121,0,1,0.5270158415925307
b03,122,0,0,0.40198029112576633
b03,123,0,0,0.3419362265734561
b03,124,0,0,0.332390065928242
b03,125,0,0,0.45262129065435663
b03,126,0,0,0.3906171856555574
b03,127,0,0,0.4477083083029896
b03,128,0,0,0.4433556674552627
b03,129,0,0,0.27224128962349015
b03,130,0,0,0.4061871756986613
b03,131,0,0,0.3538141481245052
b03,132,0,0,0.40277030329876
b03,133,0,0,0.20383161955709836
b03,134,0,1,0.6077560894817533
b03,135,0,1,0.7538315624877544
b03,136,0,1,0.6910670240993853
b03,137,0,1,0.6852391370473879
b03,138,0,0,0.4778967955466519
b03,139,0,0,0.4122712237402136
b03,140,0,0,0.4790095111041532
b03,141,0,0,0.3447844685183943
b03,142,0,0,0.44834843454759016
b03,143,0,1,0.7073906574455454
b03,144,0,0,0.40890843797633586
b03,145,0,0,0.35160498456416045
b03,146,0,0,0.4604610142877612
b03,147,0,1,0.5039171615969887
b03,148,0,0,0.44123034568665187
b03,149,0,1,0.5154976504405032
b03,150,0,1,0.528814172450774
b03,151,0,0,0.44638689294754935
b03,152,0,1,0.5406895628448483
b03,153,0,0,0.3329045261371449
b03,154,0,0,0.4610274657336508
b03,155,0,0,0.42706560234437274
b03,156,0,0,0.4614540783959208
b03,157,0,0,0.29678334042907145
b03,158,0,0,0.29220696790035305
b03,159,0,1,0.589797848441317
b03,160,0,1,0.894947156291205
b03,161,0,0,0.4093830615191116
b03,162,0,1,0.5568377110483432
b03,163,0,1,0.7748775245800609
b03,164,1,1,0.7902885345326602
b03,165,1,1,0.7698895886853855
b03,166,1,1,0.7708105928927492
b03,167,1,1,0.7560117176955025
b03,168,1,1,0.7542420862533256
b03,169,1,1,0.7257460080890039
b03,170,1,1,0.8084353838047071
b03,171,1,1,0.7425458544368952
b03,172,1,0,0.49031806802799505
b03,173,0,1,0.758019749068126
b03,174,0,0,0.4462308711828071
b03,175,0,0,0.3893296514567717
b03,176,0,0,0.4347017055820045
b03,177,0,0,0.34893959365252564
b03,178,0,0,0.49104059152425295
b03,179,0,1,0.5535639745905717
b03,180,0,0,0.40760283219007
b03,181,0,0,0.412555638770731
b03,182,0,0,0.37306612700437963
b03,183,0,0,0.4197593394876362
b03,184,0,0,0.41024052862666327
b03,185,0,0,0.3643551839450834
b03,186,0,0,0.3974575602260639
b03,187,0,0,0.36958174397170257
b03,188,0,0,0.3066591992979219
b03,189,0,0,0.36753736635969175
b03,190,0,1,0.5643091140872032
b03,191,0,0,0.4009787080173947
b03,192,0,0,0.4591335876536188
b03,193,0,0,0.38395129367877795
b03,194,0,0,0.3843720740303956
b03,195,0,0,0.3404577523039616
b03,196,0,0,0.4083080604285408
b03,197,0,0,0.39480560610119164
b03,198,0,1,0.5345142057818921
b03,199,0,1,0.6422392156812312
b03,200,0,0,0.4776919735348003
b03,201,0,0,0.38551551402883305
b03,202,0,0,0.47432310204077166
b03,203,0,0,0.48468417566575184
b03,204,0,0,0.3081708794413466
b03,205,0,0,0.21799484112761536
b03,206,0,0,0.36734123313454015
b03,207,0,0,0.34729336989229137
b03,208,0,1,0.6518012363772905
b03,209,0,0,0.40049646453927257
b03,210,0,0,0.37121208024141045
b03,211,0,0,0.4599724663095242
b03,212,0,0,0.47647982374940967
b03,213,0,1,0.5121956715227234
b03,214,0,0,0.36888651501690967
b03,215,0,0,0.4037476919106603
b03,216,0,1,0.5423927755725584
b03,217,0,0,0.4690057009208055
b03,218,0,1,0.5178964003088197
b03,219,0,0,0.28646856002031945
b03,220,0,1,0.5519591401906812
b03,221,0,0,0.46366597611026156
b03,222,0,0,0.43794364542450653
b03,223,0,1,0.889755307218479
b03,224,0,0,0.47274711221337734
b03,225,1,1,0.7589815653086237
b03,226,1,1,0.7518192401004925
b03,227,1,1,0.7374236285567941
b03,228,1,1,0.7717596998844466
b03,229,1,1,0.8225551408204917
b03,230,1,1,0.7630774205546187
b03,231,1,1,0.6893239052538754
b03,232,1,1,0.7887372305233449
b03,233,1,1,0.7387923741562421
b03,234,1,1,0.7528392450697061
b03,235,1,1,0.7695486915601254
b03,236,1,1,0.8553614427200495
b03,237,1,1,0.7639961665060077
b03,238,1,1,0.7316870433667229
b03,239,1,0,0.3867412328756267
b03,240,0,0,0.3683699493651751
b03,241,0,1,0.6800380779270645
b03,242,0,0,0.4447362442977891
b03,243,0,1,0.7506776784666859
b03,244,0,1,0.668068244987074
b03,245,0,1,0.6904345686441333
b03,246,0,0,0.44267220413155284
b03,247,0,1,0.5042330297649699
b03,248,0,1,0.5699685452114807
b03,249,0,0,0.4625721208463333
b03,250,0,1,0.5529438551377077
b03,251,0,0,0.453948199041211
b03,252,0,1,0.5194064974473617
b03,253,0,0,0.49088592292077077
b03,254,0,0,0.4141105503943115
b03,255,0,0,0.3936128063976733
b03,256,0,1,0.73424389681618
b03,257,1,1,0.6610127318500578
b03,258,0,1,0.6773791275590467
b03,259,0,1,0.6618382343829371
b03,260,0,1,0.6638626409644733
b03,261,0,1,0.5243168310645128
b03,262,0,0,0.4933121872770866
b03,263,0,1,0.7104457278982702
b03,264,0,1,0.6976221876698195
b03,265,1,1,0.6965715640824751
b03,266,0,1,0.6732615161973106
b03,267,0,0,0.47334823303948403
b03,268,0,0,0.458631342130098
b03,269,0,0,0.31355130528593217
b03,270,0,0,0.34265204301764635
b03,271,0,0,0.44466417719963014
b03,272,0,0,0.4987600415255871
b03,273,0,0,0.3012537516054093
b03,274,0,0,0.49276038620664575
b03,275,0,0,0.41932965729404215
b03,276,0,0,0.288640210835323
b03,277,0,0,0.43310874770521157
b03,278,0,0,0.42608177997533425
b03,279,0,0,0.34103769795543715
b03,280,0,0,0.39167894994444363
b03,281,0,0,0.38338911497065026
b03,282,0,0,0.4442535670790935
b03,283,0,0,0.4048747186020115
b03,284,0,1,0.6035576064385916
b03,285,0,1,0.6468030273787398
b03,286,0,0,0.4691841442571828
b03,287,0,0,0.49368384257679426
b03,288,0,1,0.5277033293347067
b03,289,0,0,0.4820308649896712
b03,290,0,1,0.572613199743273
b03,291,0,0,0.4754999924604859
b03,292,0,1,0.5678781689990403
b03,293,0,0,0.446769337691379
b03,294,0,1,0.6367310249443089
b03,295,0,0,0.44148657258648166
b03,296,0,0,0.45985839168777465
b03,297,0,0,0.45777040396053725
b03,298,0,0,0.43945945767927613
b03,299,0,0,0.4172611996470902
b03,300,0,0,0.4740972402499082
b03,301,0,1,0.6213082645096218
b03,302,0,1,0.5572559721068164
b03,303,0,1,0.5472009601227891
b03,304,0,0,0.47147311902396655
b03,305,0,1,0.7259028627935095
b03,306,0,0,0.2691013683140963
b03,307,0,1,0.5761952391451061
b03,308,1,1,0.8547012135303077
b03,309,1,1,0.7009582209514065
b03,310,1,1,0.747693529126141
b03,311,1,1,0.5198750788586713
b03,312,0,0,0.315834520695669
b03,313,0,0,0.4802874014789788
b03,314,1,0,0.4559597734068549
b03,315,0,1,0.5655334324047954
b03,316,0,0,0.46667755998111277
b03,317,0,0,0.48141112162277466
b03,318,0,0,0.4768957540741709
b03,319,0,0,0.4687125787890065
b03,320,0,0,0.40977298814329766
b03,321,0,0,0.3835619968496155
b03,322,0,0,0.4142523270685026
b03,323,0,0,0.33095641176750235
b03,324,0,0,0.3778927614771901
b03,325,0,0,0.3008635101699228
b03,326,0,0,0.36128246261450286
b03,327,0,1,0.5298946693070659
b03,328,0,0,0.34139398039596736
b03,329,0,0,0.3710326434896913
b03,330,0,0,0.4278945246080372
b03,331,0,0,0.37576700373058436
b03,332,0,0,0.43185059344816246
b03,333,0,0,0.3710406953205583
b03,334,0,0,0.33725086985890274
b03,335,0,0,0.42641744240463947
b03,336,0,0,0.4196374266093861
b03,337,0,0,0.40897848416528276
b03,338,0,0,0.47703297074835577
b03,339,0,0,0.3394772709794971
b03,340,0,0,0.44828663266805596
b03,341,0,0,0.13242131550932967
b03,342,0,0,0.48841435048560444
b03,343,0,0,0.3473372461955654
b03,344,0,0,0.42704293297050017
b03,345,0,0,0.3866438650385859
b03,346,0,0,0.3724699914155771
b03,347,0,0,0.35895160951554417
b03,348,0,0,0.356448062712834
b03,349,0,0,0.35687190410806535
b03,350,0,0,0.3061663976348037
b03,351,0,0,0.3826911838921749
b03,352,0,0,0.3028682095303894
b03,353,0,0,0.4704779163363111
b03,354,0,0,0.21384251296183626
b03,355,0,0,0.35908059059927305
b03,356,0,0,0.22680357180840763
b03,357,0,0,0.279711696547124
b03,358,0,1,0.8133699474677601
b03,359,0,1,0.7189347230912964
b03,360,0,1,0.5525556413821558
b03,361,0,0,0.45524808581982334
b03,362,0,1,0.506623877246304
b03,363,0,0,0.4131005572359308
b03,364,0,0,0.3711066329575718
b03,365,0,1,0.560691269829405
b03,366,0,1,0.726772303426408
b03,367,0,0,0.49666953026279903
b03,368,0,0,0.4329457873838851
b03,369,0,0,0.413569988563764
b03,370,0,0,0.4004460424774467
b03,371,0,0,0.4958247716471285
b03,372,0,1,0.8186784947642174
b03,373,0,1,0.7046849657642108
b03,374,1,1,0.7086811645031084
b03,375,1,1,0.7436410443660575
b03,376,1,1,0.7036918828891059
b03,377,1,1,0.8507712299081033
b03,378,1,1,0.776471764386599
b03,379,1,1,0.8051607312172172
b03,380,1,1,0.7770240926734245
b03,381,1,1,0.7805813777344072
b03,382,1,1,0.7134769825073096
b03,383,1,1,0.7488086890720761
b03,384,1,1,0.8119474655671625
b03,385,1,1,0.7178616316839738
b03,386,1,0,0.4044898809505405
b03,387,1,1,0.7707890239005869
b03,388,1,1,0.7157159804490313
b03,389,1,1,0.7573756117133325
b03,390,1,1,0.7467436857645966
b03,391,1,1,0.7319094520921208
b03,392,1,1,0.8150133565180291
b03,393,1,1,0.7481240078670549
b03,394,1,1,0.7463234758884477
b03,395,1,1,0.7394647678434452
b03,396,1,1,0.7721367245706929
b03,397,1,1,0.7697364903296317
b03,398,1,1,0.7574605968376991
b03,399,1,1,0.8318662580311553
b03,400,1,1,0.581798839255716
b03,401,1,1,0.7302753263188414
b03,402,1,1,0.8174621169890053
b03,403,0,1,0.6582768053434965
b03,404,0,1,0.6740720898699029
b03,405,0,1,0.7049310829326262
b03,406,0,0,0.38623691339105687
b03,407,0,1,0.6663018106461905
b03,408,0,1,0.6638299217136092
b03,409,0,1,0.5727700832216872
b03,410,0,0,0.31181192762642523
b03,411,0,1,0.7341565215591389
b03,412,0,0,0.39038138200688194
b03,413,0,1,0.6641189561942292
b03,414,0,1,0.5268490380309556
b03,415,0,0,0.3879774586539788
b03,416,0,0,0.48356723754688763
b03,417,0,0,0.39347392244660523
b03,418,0,1,0.513659371838291
b03,420,0,1,0.7101641999497654
b03,421,0,1,0.5603635202518237
b03,422,0,1,0.6487727355752351
b03,423,0,1,0.6274673243939125
b03,424,0,1,0.6913715341257586
b03,425,1,1,0.6551473642917506
b03,426,0,1,0.6519213647158013
b03,427,0,1,0.7510781796778123
b03,429,0,1,0.6893677065298176
b03,430,1,1,0.6188225800425413
b03,431,0,1,0.7803679082349054
b03,432,0,1,0.7067376601003734
b03,433,0,1,0.7914093177383563
b03,434,1,1,0.7117384077585239
b03,435,1,1,0.7677783339678899
b03,436,1,1,0.8077771136703014
b03,437,1,1,0.8087213130528395
b03,438,1,1,0.7585436798029558
b03,439,1,1,0.6080141421468307
b03,440,0,1,0.7086003261857203
b04,3,0,0,1.4804460764291584e-32
b04,8,0,1,0.9720901187780718
b04,9,0,0,0.39189760922038275
b04,10,0,0,0.4210499370291472
b04,11,0,1,0.7163917975289257
b04,12,0,1,0.5206609659801941
b04,13,0,0,0.46665290702290485
b04,14,0,0,0.47598490971821417
b04,15,0,1,0.5716129099578378
b04,16,0,1,0.5514075659586041
b04,17,0,0,0.4357045452744443
b04,18,0,1,0.5070009464185632
b04,19,0,0,0.4652194332540894
b04,20,0,0,0.23579000872233258
b04,21,0,0,0.45847974349995635
b04,22,0,0,0.3473657378458213
b04,23,0,0,0.38128228551770954
b04,24,0,0,0.35172847787756717
b04,25,0,1,0.6443437165500158
b04,26,0,0,0.4917512972249946
b04,27,0,0,0.44333420228829634
b04,28,0,0,0.3838895506901404
b04,29,0,1,0.5777836718168862
b04,30,0,0,0.4547407012330873
b04,31,0,0,0.4747692692500533
b04,32,0,1,0.5609998679209866
b04,33,0,0,0.3499458248648678
b04,34,0,0,0.4124608658826153
b04,35,0,0,0.11776427132770766
b04,36,0,1,0.5663811568878211
b04,37,0,0,0.4998077568327653
b04,38,0,1,0.6130107586489153
b04,39,0,0,0.38216423763580387
b04,40,0,0,0.33236261974843795
b04,41,0,0,0.22589992815889384
b04,42,0,0,0.3725424329563824
b04,43,0,0,0.2812636373255103
b04,44,0,0,0.3405562172458287
b04,45,0,0,0.4404457181482713
b04,46,0,0,0.3186646305285081
b04,47,0,0,0.3280804917031239
b04,48,0,0,0.3234337499599687
b04,49,0,0,0.42852161534367855
b04,50,0,1,0.6923328744214422
b04,51,0,0,0.2585902734447106
b04,52,0,0,0.441315241286519
b04,53,0,0,0.4333551972550438
b04,54,0,1,0.6983965999475864
b04,55,0,1,0.5382832784636006
b04,56,0,1,0.5168313043514842
b04,57,0,0,0.39375218526158645
b04,58,0,0,0.4234958761581772
b04,59,0,0,0.36701027115048335
b04,61,0,0,0.48261666646100904
b04,62,0,0,0.2009727909178638
b04,63,0,0,0.09825357562719765
b04,64,0,0,0.4468089173438016
b04,65,0,0,0.31496819234654627
b04,66,0,1,0.51212668398287
b04,67,0,0,0.3105954895788836
b04,68,0,0,0.22275671368072217
b04,69,0,0,0.42352738520141825
b04,70,0,1,0.563167932419166
b04,71,0,0,0.41182768268151493
b04,72,0,1,0.5096080016976879
b04,73,0,1,0.6972510833221689
b04,74,0,1,0.5746365003654147
b04,75,0,0,0.38333928943788054
b04,76,0,0,0.2636002814840395
b04,78,0,0,0.36169800202864677
b04,79,0,0,0.17228857370914866
b04,80,0,0,0.18426737299667648
b04,81,0,0,0.07149726675040789
b04,82,0,0,0.13575310795170603
b04,83,0,0,0.1424288276724423
b04,84,0,0,0.2639339411072624
b04,85,0,0,0.3060805633456029
b04,86,0,0,0.1626725777002191
b04,87,0,0,0.3151286079143408
b04,88,0,0,0.19770913525013656
b04,89,0,0,0.13191341926519043
b04,90,0,0,0.15384171546881711
b04,91,0,0,0.07668577829648247
b04,92,0,0,0.07860336106652017
b04,93,0,0,0.06551605721653177
b04,94,0,0,0.13001975984056882
b04,95,0,0,0.1439376830597935
b04,96,0,0,0.13634122656060096
b04,97,0,0,0.06518351188442552
b04,98,0,0,0.16865748038206313
b04,99,0,0,0.12431205756043413
b04,100,0,0,0.044481303208589125
b04,101,0,0,0.06500261862490375
b04,102,0,0,0.08746599315991528
b04,103,0,0,0.0897500894500704
b04,104,0,1,0.5734093378393251
b04,105,0,1,0.7899990711793227
b04,106,0,1,0.5836946570306208
b04,107,0,0,0.3137402704518705
b04,108,0,1,0.6513720355988041
b04,109,0,0,0.4978220922356592
b04,110,0,0,0.47662477688135085
b04,111,0,0,0.20924583409707748
b04,112,0,0,0.3544599130884732
b04,113,0,0,0.4091968863366227
b04,114,0,1,0.6675682130470653
b04,115,0,1,0.889078389160199
b04,116,0,1,0.5258828271728635
b04,117,0,1,0.5921892607256879
b04,118,0,0,0.4573922304168817
b04,119,0,0,0.4302040112494144
b04,120,0,1,0.5634828830566693
b04,121,0,1,0.7396859927336609
b04,122,0,0,0.41234428529848577
b04,123,0,1,0.6316592423606522
b04,124,0,1,0.5999944482504164
b04,125,0,1,0.7345304754614203
b04,126,0,1,0.5195999099181114
b04,127,0,0,0.3620367289593265
b04,128,0,0,0.4090070209551403
b04,129,0,0,0.4138801723874495
b04,130,0,1,0.7056698793361434
b04,131,0,1,0.7171127284433033
b04,132,0,1,0.7523923437524618
b04,133,0,0,0.4769914640763293
b04,134,0,1,0.6636567322569777
b04,135,1,1,0.7253741107907851
b04,136,1,0,0.49508432627188476
b04,137,1,1,0.6305163774251822
b04,138,1,1,0.5130437304427753
b04,139,1,1,0.804133713874982
b04,140,0,1,0.6902088971325407
b04,141,0,1,0.7163324115247037
b04,142,0,1,0.8824187849654622
b04,143,0,1,0.9285745513499276
b04,144,0,1,0.6637818574234455
b04,145,0,1,0.8009812286782165
b04,146,0,0,0.29677499054828227
b04,147,0,0,0.1621025617330979
b04,148,0,1,0.6333590546459977
b04,149,0,0,0.23620320056354796
b04,150,0,0,0.4607303470258171
b04,151,0,0,0.465159338009825
b04,152,0,0,0.4139276516286105
b04,153,0,1,0.5388829506947039
b04,154,0,1,0.5256149345519826
b04,155,0,0,0.4813487404904287
b04,156,0,0,0.4811723541875122
b04,159,0,1,0.5167467139092289
b04,160,0,0,0.2863778423358284
b04,161,0,0,0.30154764753027635
b04,162,0,0,0.31019784592464145
b04,163,0,0,0.30225973434613784
b04,164,0,0,0.33922072760541583
b04,165,0,0,0.2127348508177538
b04,166,0,0,0.31607093340445336
b04,167,0,0,0.3920618578316385
b04,168,0,0,0.49816528905131735
b04,169,0,0,0.28706289256899553
b04,170,0,0,0.30904572102501515
b04,171,0,0,0.30465362163668747
b04,172,0,0,0.25267730068944366
b04,173,0,0,0.2516845567913315
b04,174,0,0,0.28403707279534407
b04,175,0,0,0.16235446127196526
b04,176,0,0,0.21147394846940937
b04,177,0,0,0.2053632750057459
b04,178,0,0,0.23502545433027974
b04,179,0,0,0.26991694664682947
b04,180,0,0,0.19730245100840377
b04,181,0,0,0.31073642014249536
b04,182,0,0,0.32043491721440814
b04,183,0,0,0.30840161762361845
b04,184,0,0,0.21879510321586815
b04,185,0,0,0.15511892786982465
b04,186,0,0,0.15052218480634397
b04,187,0,0,0.14612406507236156
b04,188,0,0,0.24484849245448792
b04,189,0,0,0.3191783481687545
b04,190,0,0,0.31113755315902997
b04,191,0,0,0.2508451497832327
b04,192,0,0,0.3461461606377435
b04,193,0,0,0.2992615392158047
b04,194,0,0,0.2645472492425165
b04,195,0,0,0.2863537906991628
b04,196,0,0,0.32800133523971386
b04,197,0,0,0.2350273708455706
b04,198,0,0,0.19988735880417918
b04,199,0,0,0.29822997436282817
b04,200,0,0,0.16303480751998425
b04,201,0,0,0.23195187119248334
b04,202,0,0,0.17849383060659332
b04,203,0,0,0.30608650823443606
b04,204,0,1,0.8696955951213733
b04,205,0,1,0.8620817054227307
b04,206,0,0,0.30919144705598406
b04,207,0,1,0.6777409883678465
b04,208,0,0,0.2908906456680659
b04,209,0,0,0.4473558873994675
b04,210,0,1,0.5509937482364082
b04,211,0,0,0.47688983144339114
b04,212,0,1,0.6382782125833264
b04,213,0,1,0.6602309943668295
b04,215,0,0,0.28297289233561335
b04,217,0,0,0.42415955932708355
b04,218,0,1,0.8679954185615258
b04,219,0,0,0.3493943765390376
b04,220,0,1,0.8562030887254695
b04,221,0,1,0.5767637810942521
b04,222,0,1,0.6504974345131915
b04,223,0,0,0.3901540166890486
b04,224,0,0,0.28172260194111864
b04,225,0,1,0.5000106502350355
b04,226,0,1,0.7015150479107347
b04,227,0,1,0.5982148653148487
b04,228,0,0,0.29172145392957904
b04,229,0,1,0.6602113891378769
b04,230,0,1,0.8577347517170518
b04,231,0,1,0.6915842797705914
b04,232,0,1,0.5974579143357085
b04,233,0,1,0.8959258113087698
b04,234,0,1,0.7192142274013813
b04,235,0,1,0.6232142056076985
b04,236,0,1,0.6466781666991738
b04,237,1,1,0.8677436639636166
b04,238,1,1,0.7104532422705438
b04,239,0,0,0.37570828377310556
b04,240,0,1,0.8933535825537477
b04,241,0,1,0.5777858667803936
b04,242,0,1,0.6477746570171592
b04,243,0,1,0.8154105527362371
b04,244,0,1,0.5220019913583063
b04,245,0,0,0.2927792552464502
b04,247,0,1,0.5791092559667682
b04,248,0,0,0.423307215631979
b04,249,0,0,0.4859601063829354
b04,250,0,1,0.7285482315143806
b04,251,0,1,0.6660515004534245
b04,252,0,1,0.7017423340265572
b04,253,0,1,0.621808173851076
b04,254,0,0,0.328718964625238
b04,255,0,0,0.12229705305681086
b04,256,0,0,0.06967604911077198
b04,257,0,0,0.17568974642717375
b04,258,0,0,0.20302757479344677
b04,259,0,0,0.277250172679905
b04,260,0,0,0.3619882127064453
b04,261,0,0,0.39459361295581924
b04,262,0,0,0.14406200150824938
b04,263,0,0,0.2825849954911448
b04,264,0,0,0.27256551202522833
b04,265,0,0,0.2946125843934643
b04,266,0,0,0.23983891746256844
b04,267,0,0,0.20941466814878928
b04,268,0,0,0.3492024025035733
b04,269,0,0,0.2331094429749736
b04,270,0,0,0.3443779834000555
b04,271,0,0,0.1746501665985914
b04,272,0,0,0.18904096491847105
b04,273,0,0,0.15182436382871733
b04,274,0,0,0.23237668241845097
b04,275,0,0,0.13436667181586856
b04,276,0,0,0.27635170852352614
b04,277,0,0,0.2369714778952964
b04,278,0,0,0.193450472205043
b04,279,0,0,0.1652002635662962
b04,280,0,0,0.07422628797522061
b04,281,0,0,0.2687885982166082
b04,282,0,0,0.10492296943778823
b04,283,0,0,0.1571176208708735
b04,284,0,0,0.15923119615179038
b04,285,0,0,0.07235828229835536
b04,286,0,0,0.1038622431616574
b04,287,0,0,0.08515657233310565
b04,288,0,0,0.01563373184053039
b04,289,0,0,0.0028319051134066612
b04,290,0,0,0.013617183880580155
b04,291,0,0,0.057963071550785325
b04,292,0,0,0.015691694216619444
b04,293,0,0,0.058377367075636684
b04,294,0,0,0.08138962967719689
b04,295,0,0,0.023654898166100308
b04,296,0,0,0.2625387994019059
b04,297,0,1,0.8669027994458323
b04,298,0,0,0.46533547815341236
b04,299,0,0,0.427820796692333
b04,300,0,1,0.7013475715451082
b04,301,0,0,0.42353494420129467
b04,302,0,1,0.556097860324272
b04,303,0,0,0.4562052856234632
b04,304,0,1,0.5520122285747181
b04,305,0,0,0.3707964183268128
b04,306,0,0,0.32395243531948786
b04,308,0,0,0.4680226424112115
b04,309,0,1,0.56802606211141
b04,310,0,1,0.5765472180864756
b04,311,0,1,0.5961605886487028
b04,312,0,1,0.8482031229413635
b04,313,0,1,0.5843820948814488
b04,314,0,0,0.43281828820743345
b04,315,0,1,0.5572920665712683
b04,316,0,1,0.5205330220847745
b04,317,0,1,0.5931535520203143
b04,318,0,1,0.8657049906545835
b04,319,0,1,0.6644724369952019
b04,320,0,0,0.43905440833229603
b04,321,0,1,0.8408561644095492
b04,322,0,1,0.9593223135342923
b04,323,0,1,0.6046220129850852
b04,324,0,1,0.5708460332558992
b04,325,0,1,0.6999133830942545
b04,326,0,1,0.5918337144554457
b04,327,0,1,0.7306255225996189
b04,328,0,1,0.7858544883008639
b04,329,0,1,0.9395458933525482
b04,330,0,0,0.48015168348572274
b04,331,0,1,0.7259655824206193
b04,332,0,1,0.5958882701619641
b04,333,0,1,0.5969343945313103
b04,334,0,0,0.3305065460212928
b04,335,0,0,0.46940803471349196
b04,336,0,1,0.6488659334607579
b04,337,0,1,0.8047470085818175
b04,338,0,1,0.5389366929869125
b04,339,0,1,0.6022700756386281
b04,340,0,0,0.3150054275579121
b04,341,0,0,0.46273128425927534
b04,342,0,1,0.5073339728623121
b04,343,0,0,0.2853451436176328
b04,344,0,0,0.21665676384143326
b04,345,0,0,0.43685347698756
b04,346,0,0,0.23553761485112418
b04,349,0,0,0.19575997996051075
b04,350,0,0,0.2336763453383192
b04,351,0,1,0.9411748073221822
b04,352,1,0,0.4380856377668431
b04,353,1,0,0.4696524133279865
b04,354,1,1,0.6687121182848814
b04,355,0,1,0.8943975170457859
b04,356,0,0,0.2171447685519773
b04,357,0,0,0.3770030732427015
b04,358,0,0,0.17474642106998223
b04,359,0,0,0.49703661599957244
b04,360,0,0,0.27246428803188383
b04,362,0,1,0.5656361023577988
b04,363,0,0,0.48042258501080254
b04,364,0,0,0.3993400332893074
b04,365,0,0,0.44113065524105843
b04,366,0,1,0.5099228640668793
b04,367,0,1,0.611825448642644
b04,368,0,0,0.45170350839403134
b04,370,0,1,0.6412547540537182
b04,371,0,0,0.3787252759123163
b04,372,0,0,0.42687207083850714
b04,373,0,0,0.3688377185779816
b04,374,0,1,0.5188480273578427
b04,375,0,1,0.6090340496948438
b04,376,0,1,0.6004038784435537
b04,377,0,1,0.5063045644499647
b04,378,0,1,0.5598848363920679
b04,379,0,1,0.5656783545789656
b04,380,0,1,0.5009021439895809
b04,381,0,1,0.732546221321643
b04,382,0,0,0.4501605905073481
b04,383,0,0,0.45137474937171596
b04,384,0,0,0.46864780897242986
b04,385,0,0,0.35503581642939497
b04,386,0,1,0.6485834848782712
b04,387,0,1,0.5051151846789621
b04,388,0,1,0.7220386433501149
b04,389,0,1,0.663045289536407
b04,390,0,0,0.4458298448339469
b04,391,0,0,0.44818833484962106
b04,392,0,1,0.5000148037553144
b04,393,0,1,0.9276633845100123
b04,394,0,0,0.12443411514059512
b04,395,0,1,0.7781570854662507
b04,396,0,1,0.8223870572862779
b04,397,0,0,0.14109893952000782
b04,398,0,0,0.05290758620118379
b04,399,0,0,0.05909751527083279
b04,400,0,0,0.029847350975045032
b04,401,0,0,0.051117767568156475
b04,402,0,0,0.09461702421005448
b04,403,0,0,0.08302786165039877
b04,404,0,0,0.09049151093662833
b04,405,0,0,0.04603948884794946
b04,406,0,0,0.020945270406963895
b04,407,0,0,0.022989690137363385
b04,408,0,0,0.04426604553504784
b04,409,0,0,0.16300141398282808
b04,410,0,1,0.9484968806938227
b04,411,0,0,0.23897716726282522
b04,412,0,1,0.7080869710086478
b04,413,0,1,0.5216548166617587
b04,414,0,0,0.3822991256964053
b04,415,0,1,0.5259247982759725
b04,416,0,0,0.34447619205342267
b04,417,0,0,0.4930684661470445
b04,418,0,1,0.6767919868989682
b04,419,0,1,0.6466798003727801
b04,420,0,0,0.49431578443559465
b04,421,0,1,0.5796080070293462
b04,422,0,1,0.6208990704647184
b04,423,0,1,0.8573416507496371
b04,424,0,1,0.6747389561388857
b04,425,0,1,0.6164163006016973
b04,426,0,1,0.8703893686401505
b04,427,0,1,0.6203528517075787
b04,428,0,1,0.5518988363687798
b05,1,0,0,0.19557397130901635
b05,2,0,0,0.37423219977810607
b05,3,0,0,0.21425568157258784
b05,4,0,0,0.20075627078709637
b05,5,0,0,0.20436655479125715
b05,6,0,0,0.20337157144825754
b05,7,0,0,0.1623460696198958
b05,8,0,0,0.18177210926855264
b05,9,0,0,0.26981917048674925
b05,10,0,0,0.17791030023781124
b05,11,0,0,0.25676062627990165
b05,12,0,0,0.16644126897150158
b05,13,0,0,0.1777964758535224
b05,14,0,0,0.18815437271944965
b05,15,0,0,0.13892782517663543
b05,16,0,0,0.2520500060888323
b05,17,0,0,0.45606898506530186
b05,18,0,0,0.0490057448268635
b05,19,0,1,0.5682958352018028
b05,20,0,0,0.2576351950851329
b05,21,0,1,0.5541923162300944
b05,23,0,0,0.3021420264202575
b05,24,0,0,0.37832030164060443
b05,25,0,0,0.14376703598289986
b05,26,0,0,0.23965456646738492
b05,27,0,0,0.373811277738845
b05,28,0,0,0.1966888931912429
b05,29,0,0,0.19765559906679186
b05,30,0,0,0.23194316803514195
b05,31,0,0,0.19880860770395214
b05,32,0,0,0.16761390531405546
b05,33,0,0,0.197575156050386
b05,34,0,0,0.15036077110793214
b05,35,0,0,0.4257481174446565
b05,36,0,0,0.38379899416261054
b05,37,0,0,0.3281912669801977
b05,38,0,0,0.20894534060292502
b05,39,0,0,0.188743216460368
b05,40,0,0,0.1547138927506393
b05,41,0,0,0.1959708939042738
b05,42,0,0,0.22577094174325224
b05,43,0,0,0.20931237004812878
b05,44,0,0,0.08744181509193998
b05,45,0,0,0.1729159725691893
b05,46,1,0,0.06171218751344566
b05,47,0,0,0.07452379639886932
b05,48,0,0,0.09247993697701988
b05,49,0,0,0.12718864853287296
b05,50,0,0,0.08352811112651003
b05,51,0,0,0.09323223397139545
b05,52,0,0,0.11154939250101754
b05,53,0,0,0.07513736041553612
b05,54,0,0,0.11094340984598995
b05,55,0,0,0.08531829976324554
b05,56,0,0,0.08014552368666478
b05,57,0,0,0.058130785196671385
b05,58,0,0,0.07274372889345271
b05,59,0,0,0.0910190326666856
b05,60,0,0,0.08421255027562204
b05,61,0,0,0.06109767994906313
b05,62,0,0,0.11536449969838737
b05,63,0,0,0.08270022402509733
b05,64,0,0,0.0944825643251208
b05,65,0,0,0.08584745171352987
b05,66,0,0,0.08902447976161534
b05,67,0,0,0.06351073347564733
b05,68,0,0,0.08185803732056139
b05,69,0,0,0.05392832592525781
b05,70,0,0,0.25717884776344685
b05,71,0,0,0.05868154246192099
b05,72,0,0,0.09108524828584916
b05,73,0,0,0.12663558247552945
b05,74,0,0,0.06345114837047477
b05,75,0,0,0.07775594246161441
b05,76,0,0,0.0954367982448634
b05,77,0,0,0.07512693484217013
b05,78,0,0,0.0877375920906907
b05,79,0,0,0.07166173190652309
b05,80,0,0,0.0726210009221623
b05,81,0,0,0.04847966677517465
b05,82,0,0,0.11074518619568263
b05,83,0,0,0.08797565208743723
b05,84,0,0,0.04989633430623713
b05,85,0,0,0.07944113258617273
b05,86,0,0,0.08693297800074044
b05,87,0,0,0.08386519972109956
b05,88,0,0,0.07889730466519941
b05,89,0,0,0.07850953326538553
b05,90,0,0,0.07651011510685002
b05,91,0,0,0.05390188762709971
b05,92,0,0,0.07883259703200361
b05,93,0,0,0.0852230343243406
b05,94,0,0,0.13004150888250904
b05,95,0,0,0.030124076358827252
b05,96,0,0,0.07792767146056587
b05,97,0,0,0.06985827150545551
b05,98,0,0,0.07670132732584124
b05,99,0,0,0.09266365643900483
b05,100,0,0,0.1303739278326796
b05,101,0,0,0.15813379220758195
b05,102,0,0,0.23810559220142377
b05,103,0,0,0.21316380446673475
b05,104,0,0,0.07919802541208702
b05,105,0,0,0.2283621010151121
b05,106,0,0,0.1478315849333613
b05,107,0,0,0.12346887128777237
b05,108,0,0,0.13595808923394495
b05,109,0,0,0.10184857026887927
b05,110,0,0,0.0887844709758283
b05,111,0,0,0.08498354505659539
b05,112,0,0,0.08293362465622894
b05,113,0,0,0.09408300967618984
b05,114,0,0,0.10095477213222143
b05,115,0,0,0.13011187539153915
b05,116,1,0,0.08493566354559166
b05,117,1,0,0.1741302502428723
b05,118,0,0,0.1356544377148428
b05,119,0,0,0.12248243035570439
b05,120,0,0,0.07426112607426338
b05,121,0,0,0.05190892955092705
b05,122,0,0,0.067017916013244
b05,123,0,0,0.14311763833740973
b05,124,0,0,0.06054319497378403
b05,125,0,0,0.09127739351133896
b05,126,0,0,0.0689161270082486
b05,127,0,0,0.06366265655468566
b05,128,0,0,0.0010915728933827613
b05,129,0,0,0.004905176272590699
b05,130,0,0,0.05362087959514365
b05,131,0,0,0.09943287973638312
b05,132,0,0,0.1176597801977657
b05,133,0,0,0.009026317945920462
b05,134,0,0,0.10091100024217915
b05,135,0,0,0.004494691301195774
b05,136,0,0,0.010243056883316639
b05,137,0,0,4.42872865828215e-05
b05,138,0,0,0.039433486250702574
b05,139,0,0,0.001784075182072301
b05,140,0,0,0.011950810446406925
b05,141,0,0,0.008598701617588474
b05,142,0,0,2.9674843839105122e-05
b05,143,0,0,1.943038464479458e-05
b05,144,0,0,7.214973328993066e-07
b05,145,0,0,0.00010706725064888177
b05,146,0,0,9.83582745237601e-05
b05,147,0,0,0.003458671144200848
b05,148,0,0,0.0011874352926544228
b05,149,0,0,0.048780897871939476
b05,150,0,0,0.09978734139447841
b05,151,0,0,0.08298859603670959
b05,152,0,0,0.09371806262601444
b05,153,0,0,0.1595448460110994
b05,154,0,0,0.06160733302360356
b05,155,0,0,0.06052583330862997
b05,156,0,0,0.10299375798167601
b05,157,0,0,0.08443931298144332
b05,158,0,0,0.09867638499781094
b05,159,0,0,0.06225596992021413
b05,160,0,0,0.04473503993755081
b05,161,0,0,0.10358442855197508
b05,162,0,0,0.07688520094631013
b05,163,0,0,0.07358772576433403
b05,164,0,0,0.08026878049895372
b05,165,0,0,0.0729406357318959
b05,166,0,0,0.0917681973767281
b05,167,0,0,0.08020105365295181
b05,168,0,0,0.090200223223723
b05,169,0,0,0.10940111010330278
b05,170,0,0,0.03641995377028627
b05,171,0,0,0.1843566643246674
b05,172,0,0,0.16684469958378265
b05,173,0,0,0.1281343575828252
b05,174,0,0,0.021092048056871173
b05,175,0,0,0.023884099121447733
b05,176,0,0,0.015058121195215627
b05,177,0,0,0.11098300734774977
b05,178,0,0,0.0702403618442201
b05,179,0,0,0.06589973271422618
b05,180,0,0,0.10582712728899535
b05,181,0,0,0.11224896887873312
b05,182,0,0,0.061210021271187534
b05,183,0,0,0.17519378268370364
b05,184,0,0,0.006931267847374991
b05,185,0,0,0.1090116855604878
b05,186,0,0,0.10247091715464264
b05,187,0,0,0.1677018688567212
b05,188,0,1,0.9834852582875265
b05,189,0,0,0.04206402756245488
b05,190,0,0,0.09282502264296753
b05,191,0,0,0.07903049130443536
b05,192,0,0,0.05810640262446922
b05,193,0,0,0.09314951309415143
b05,194,0,0,0.07072238842021658
b05,195,0,0,0.09017907244038983
b05,196,0,0,0.10630285094419223
b05,197,0,0,0.069505032665641
b05,198,0,0,0.0948775645362779
b05,199,0,0,0.05524678567247431
b05,200,0,0,0.11688759225971515
b05,201,0,0,0.1105286687021847
b05,202,0,0,0.10618939324115535
b05,203,0,0,0.10929243598127861
b05,204,0,0,0.10631308854437718
b05,205,0,0,0.12038330195803966
b05,206,0,0,0.1107491711670863
b05,207,0,0,0.11690978570934686
b05,208,0,0,0.11822610462953397
b05,209,0,0,0.12437086351704651
b05,210,0,0,0.2646961774868201
b05,211,0,0,0.1560758102883203
b05,212,0,0,0.05187305824751114
b05,213,0,0,0.09500963572438605
b05,214,0,0,0.11069487660376214
b05,215,0,0,0.09837695754219462
b05,216,0,0,0.07110799672355454
b05,217,0,0,0.05906429976811826
b05,218,0,0,0.1668382227423491
b05,219,0,0,0.09989163358675063
b05,220,0,0,0.07311513490302085
b05,221,0,0,0.08351755729806329
b05,222,0,0,0.08930490202294745
b05,223,0,0,0.11186847483464757
b05,224,0,0,0.07026023326916472
b05,225,0,0,0.08709972788822888
b05,226,0,0,0.05676969947542343
b05,227,0,0,0.133463631978528
b05,228,0,0,0.08239666823165452
b05,229,0,0,0.0968649165964219
b05,230,0,0,0.09961598817039433
b05,231,0,0,0.11211555607719155
b05,232,0,0,0.08944660941055038
b05,233,0,0,0.12463250703337808
b05,234,0,0,0.08109657615501052
b05,235,0,0,0.054628324960371524
b05,236,0,0,0.037456181184636235
b05,237,0,0,0.08808277568557155
b05,238,0,0,0.06346112441159557
b05,239,0,0,0.3704111577746164
b05,240,0,0,0.126946363980363
b05,241,0,0,0.0998005969022866
b05,242,0,0,0.08149608898192542
b05,243,0,0,0.02406978252967033
b05,244,0,0,0.13689211656447517
b05,245,0,0,0.04553473478795726
b05,246,0,0,0.11073562070362632
b05,247,0,0,0.11972317113386535
b05,248,0,0,0.07539912797481876
b05,249,0,0,0.10005416237702093
b05,250,0,0,0.11594045557473623
b05,251,0,0,0.13824911580655794
b05,252,0,0,0.09782710602178461
b05,253,0,0,0.2826173805319091
b05,254,0,0,0.34230887484049843
b05,255,0,0,0.20082692016230497
b05,256,0,0,0.19285529717207495
b05,257,0,0,0.247495696943833
b05,258,0,0,0.12980928345185946
b05,259,0,0,0.1599208307725831
b05,260,0,0,0.13310750169195903
b05,261,0,0,0.10308631951793334
b05,262,0,0,0.10737484481637136
b05,263,0,0,0.37899252723412385
b05,264,0,1,0.6858881556927304
b05,265,0,0,0.44791193982891053
b05,266,0,0,0.2843584117071514
b05,267,0,0,0.47990226171658945
b05,268,0,0,0.3321379584028351
b05,269,0,0,0.20817530115356725
b05,270,0,0,0.2504996649148655
b05,271,0,0,0.024552068704957266
b05,272,0,1,0.9981227104484343
b05,273,0,0,0.026546993482675883
b05,274,0,0,1.5315896712374784e-06
b05,275,0,0,5.848461573974517e-07
b05,276,0,0,3.937345003054101e-07
b05,277,0,0,0.0037750094959139694
b05,278,0,0,0.0035851287692734964
b05,280,0,1,0.9897454987555144
b05,283,0,0,2.446516216930667e-05
b05,284,0,0,0.3597247852126838
b05,285,0,0,0.1478609229204535
b05,286,0,0,0.2726105714575517
b05,287,0,0,0.21698955671769016
b05,288,0,0,0.17689190846001385
b05,289,0,0,0.22237988227504726
b05,290,0,0,0.16773635416695107
b05,291,0,0,0.2631223880220703
b05,292,0,0,0.29126691059402543
b05,293,0,0,0.29876688012209224
b05,294,0,0,0.18950453781067544
b05,295,0,0,0.38361799775772243
b05,296,0,1,0.6357151916557017
b05,297,0,0,0.2524651950664883
b05,298,0,0,0.40722363155485153
b05,299,0,0,0.21532654290380743
b05,300,0,0,0.21306337911099785
b05,301,0,0,0.2556450568171033
b05,302,0,0,0.23074610499251658
b05,303,0,0,0.24188304189497736
b05,304,0,1,0.5008582460568277
b05,305,0,0,0.1893527174523764
b05,306,0,0,0.18209000019495145
b05,307,0,0,0.4189570001119378
b05,308,0,0,0.15718196225237888
b05,309,0,0,0.2302495374493606
b05,310,0,0,0.20932343382619925
b05,311,1,0,0.1867059791523097
b05,312,1,0,0.23310128708923125
b05,313,1,0,0.4651152641990726
b05,314,0,0,0.31394340858529124
b05,315,0,0,0.07350215682044559
b05,316,0,0,0.18262434732597488
b05,317,0,0,0.09822252152028461
b05,318,0,0,0.16448311770616278
b05,319,0,0,0.09340415334096051
b05,320,1,0,0.25493756433781584
b05,321,1,0,0.1494986006739273
b05,322,1,0,0.1842023301028027
b05,323,1,0,0.10191179941098291
b05,324,1,0,0.22326872918164678
b05,325,1,0,0.11455284886988656
b05,326,1,0,0.201389328868355
b05,327,1,0,0.1758323463369385
b05,328,1,0,0.28605849889024704
b05,329,1,0,0.25788614398374615
b05,330,1,0,0.19115307294575667
b05,331,1,0,0.0887964503456028
b05,332,1,0,0.11729754858196201
b05,333,1,0,0.3642563997926371
b05,334,1,0,0.2575208665539487
b05,335,1,0,0.17957875380623592
b05,336,1,0,0.25083589163729986
b05,337,0,0,0.16325154256775443
b05,338,0,0,0.11108778561867773
b05,339,0,0,0.08855715845624425
b05,340,0,0,0.1024092836160436
b05,341,0,0,0.3478580868660223
b05,342,0,0,0.2718482595586138
b05,343,0,0,0.1716711443337022
b05,344,0,0,0.21195260511524808
b05,345,0,0,0.14069187154878546
b05,346,0,0,0.3789819182884643
b05,347,0,0,0.26905045244619663
b05,348,0,0,0.408791492158603
b05,349,0,0,0.4829472276943604
b05,350,0,0,0.1866046932392197
b05,351,1,0,0.33566102620849814
b05,352,0,1,0.697963971769519
b05,353,0,0,0.17329248228253405
b05,354,0,0,0.26644051189560836
b05,355,0,1,0.7257678269824888
b05,356,0,1,0.5243303341356744
b05,357,0,0,0.49722626303290796
b05,358,0,0,0.17777931361477406
b05,359,0,0,0.37743414795638797
b05,360,0,0,0.18257592069149806
b05,361,0,1,0.6183489163655275
b05,362,0,0,0.17017674316698309
b05,363,0,0,0.2526064002578611
b05,364,0,0,0.1371926451033615
b05,365,0,0,0.46152379035869223
b05,367,0,0,0.35277761769281235
b05,368,0,0,0.12146062766837526
b05,369,0,0,0.16824607963736077
b05,370,0,1,0.5432049185546817
b05,371,0,0,0.1352000623419196
b05,372,0,0,0.12120883680577418
b05,373,0,1,0.5230703633635698
b05,374,0,0,0.07177767502663368
b05,375,0,0,0.16436207119528704
b05,376,0,0,0.3551898543026411
b05,377,0,0,0.352349788426191
b05,379,0,0,0.1407080896020745
b05,380,0,0,0.17721418583523088
b05,381,0,0,0.20302731177645697
b05,382,0,0,0.08452688306611728
b05,383,0,0,0.09769289718066076
b05,384,0,0,0.17214342625469253
b05,385,0,0,0.18713334228219833
b05,386,0,0,0.20325283829732735
b05,387,0,0,0.15733637597088446
b05,388,0,0,0.15644515351127422
b05,389,1,0,0.20527734812218285
b05,390,1,0,0.26639143072369004
b05,391,1,0,0.429320198112634
b05,392,1,1,0.5149985616474909
b05,393,1,0,0.4696159688511038
b05,394,1,1,0.9499654503851918
b05,395,0,1,0.911782601176804
b05,396,0,0,0.4513524193434899
b05,397,0,0,0.3584121347751911
b05,398,0,1,0.5226452555473821
b05,399,0,0,0.47974434843149427
b05,400,0,0,0.29953487340814056
b05,401,0,0,0.16571073454726665
b05,402,0,0,0.17132230570887896
b05,403,0,0,0.17280006340762713
b05,404,0,0,0.18878630068956045
b05,405,1,0,0.06894927851923835
b05,406,1,0,0.19992321138534846
b05,407,1,0,0.28313244940367915
b05,408,1,1,0.5481105109783022
b05,409,1,0,0.2575149867974887
b05,410,1,0,0.2532724924994581
b05,411,1,0,0.12053554643435857
b05,412,1,0,0.18980554151638498
b05,413,1,0,0.2847461969646352
b05,414,1,0,0.3215238685726338
b05,415,1,1,0.7221919588812504
b05,416,1,1,0.5466830115795333
b05,417,1,0,0.15333210287242022
b05,418,1,0,0.17930038497673018
b05,419,1,0,0.44156252926978007
b05,420,1,0,0.16192784576340621
b05,421,1,0,0.14225901635176674
b05,422,1,0,0.23368453963891744
b05,423,1,1,0.5599056457679222
b05,424,1,0,0.21620723680268494
b05,425,1,1,0.5086944161324021
b05,426,1,0,0.3514629684785443
b05,427,1,0,0.18197372121308106
b05,428,1,0,0.32615726926581495
b05,429,1,0,0.2346626420579362
b05,430,1,1,0.7094960675287633
b05,431,1,1,0.6367153842794925
c01,10,0,0,0.07731359638614149
c01,11,0,0,0.33096104310480445
c01,12,0,0,0.4137732301816361
c01,13,0,0,0.39407573496090303
c01,14,0,1,0.61187441768515
c01,15,0,0,0.43616135069498096
c01,16,0,0,0.4407333228602001
c01,17,0,1,0.6602459303634665
c01,18,0,1,0.6373769816108888
c01,20,0,0,0.457494475712137
c01,21,0,1,0.5158821433239621
c01,22,0,1,0.6297906847858069
c01,23,0,0,0.4066666951350795
c01,24,0,1,0.6302174236354634
c01,25,0,0,0.4361851248536496
c01,26,0,0,0.3573374976672903
c01,27,0,0,0.35804054311442635
c01,28,0,0,0.4124853731858101
c01,29,0,0,0.45007760230804283
c01,30,0,0,0.22738067449374447
c01,31,0,0,0.2641665105569738
c01,32,0,1,0.5540419486631124
c01,33,0,0,0.2799506795502817
c01,34,0,0,0.256145959774367
c01,35,0,0,0.47705657447917793
c01,36,0,1,0.795457491312971
c01,37,0,0,0.4541281030090219
c01,38,0,1,0.5376874861688927
c01,39,0,0,0.2941276522702063
c01,40,0,0,0.32627761996927296
c01,41,0,0,0.2611770432704015
c01,42,0,0,0.41017084096736073
c01,43,0,0,0.29977304517868814
c01,44,0,0,0.19861415868067966
c01,45,0,0,0.4005364613946596
c01,46,0,0,0.3914807711318449
c01,49,0,1,0.8113147173813692
c01,51,0,0,0.45273019482250776
c01,52,0,0,0.27962232981137386
c01,54,0,1,0.822639984505308
c01,55,0,0,0.3525767153489866
c01,56,0,0,0.3836851293585673
c01,57,0,0,0.3691013949205431
c01,58,0,0,0.23005110995877304
c01,59,0,0,0.3595630757944606
c01,60,0,0,0.3228057665691605
c01,61,0,0,0.32842638817806447
c01,62,0,0,0.2808416381966111
c01,63,0,0,0.28300013825188813
c01,64,0,0,0.3245806045788164
c01,65,0,0,0.25594533065478187
c01,66,0,0,0.30906123715368333
c01,67,0,0,0.36260733623039
c01,68,0,0,0.4232619749875398
c01,69,0,0,0.32012930797220673
c01,70,0,0,0.1974677590205144
c01,71,0,0,0.2483931475589487
c01,72,0,0,0.32986062950843886
c01,73,0,0,0.35574314020530007
c01,74,0,0,0.3387975855698871
c01,75,0,0,0.3437576923001693
c01,76,0,0,0.3156932704050691
c01,77,0,0,0.25626953691807164
c01,78,0,0,0.25323331943388544
c01,79,0,0,0.3965619551282611
c01,80,0,0,0.37338363711314204
c01,81,0,0,0.33379201120737945
c01,82,0,0,0.33050201581294514
c01,83,0,0,0.3294126783726606
c01,84,0,0,0.4805839133226114
c01,85,0,0,0.46971912039945724
c01,86,0,0,0.4814421375938292
c01,87,0,0,0.31405834615888656
c01,89,0,1,0.5424757265492128
c01,90,0,0,0.3746275254606983
c01,91,0,0,0.3562358937882017
c01,92,0,0,0.46560487196751693
c01,94,0,1,0.5209525808967547
c01,95,0,0,0.36109812638236866
c01,96,0,0,0.4766209954688787
c01,97,0,1,0.5858696887127215
c01,98,0,0,0.38893232298241276
c01,99,0,0,0.4206808683921893
c01,100,0,1,0.5116281651750364
c01,101,0,0,0.49276691981423376
c01,102,0,1,0.5372635303974704
c01,103,0,0,0.4936202300328234
c01,104,0,1,0.5341074665799477
c01,105,0,0,0.3357173187142904
c01,106,0,0,0.4459164628618055
c01,107,0,0,0.3987340046496524
c01,108,0,0,0.4414413743341935
c01,109,0,1,0.5781899807543442
c01,110,0,0,0.39954986226056155
c01,111,0,0,0.3726287388598443
c01,112,0,0,0.27598238703834793
c01,113,0,0,0.4678121357251032
c01,114,0,0,0.366117548998834
c01,115,0,0,0.3257533673833729
c01,116,0,0,0.35034724050174415
c01,117,0,0,0.2728543640252237
c01,118,0,0,0.2793354431943999
c01,119,0,0,0.45011489157729084
c01,121,0,0,0.2673418484026579
c01,122,0,0,0.3086870060129222
c01,123,0,0,0.43371124142296796
c01,124,0,0,0.35016614339993485
c01,125,0,0,0.21836519467935886
c01,126,0,0,0.4267619972740688
c01,127,0,0,0.3355490602133139
c01,128,0,0,0.27754033906068276
c01,129,0,0,0.3485552747177058
c01,130,0,0,0.3100253687988044
c01,131,0,0,0.4068836279554562
c01,132,0,0,0.19047252281612798
c01,133,0,0,0.34926655124242006
c01,134,0,0,0.39797520378972934
c01,135,0,0,0.27871930571283965
c01,136,0,0,0.284381411275362
c01,137,0,0,0.39574105722401115
c01,138,0,1,0.7625521427253121
c01,139,0,1,0.9376527384476835
c01,140,0,1,0.793163942635453
c01,141,0,0,0.3035901914211221
c01,142,0,1,0.6186323799069898
c01,143,0,1,0.7177029200766936
c01,144,0,0,0.3480174379223622
c01,145,0,0,0.36416890652170103
c01,147,0,0,0.25950246579787817
c01,148,0,0,0.2927442064814353
c01,149,0,0,0.31363211353337983
c01,150,0,0,0.22579774992347715
c01,151,0,0,0.35676673669267583
c01,152,0,0,0.3259569178397646
c01,153,0,0,0.2375449757841529
c01,154,0,0,0.3756486667017672
c01,155,0,0,0.2962993084607568
c01,156,0,0,0.3132564715574735
c01,157,0,0,0.3748432719831777
c01,158,0,1,0.6581791100142934
c01,159,0,0,0.3914111610416223
c01,160,0,0,0.3762090291783779
c01,161,0,0,0.36615719674978436
c01,163,0,0,0.3956349375449974
c01,164,0,0,0.40147864405696215
c01,165,0,0,0.21022024887262655
c01,166,0,0,0.24707892425560649
c01,167,0,0,0.40718053460861764
c01,168,0,0,0.4142018592877877
c01,169,0,0,0.4606409514263019
c01,170,0,0,0.33397562521966523
c01,172,0,0,0.3866207717421093
c01,173,0,0,0.40746804014133803
c01,174,0,0,0.38150821523690825
c01,177,0,0,0.3091032792525627
c01,178,0,0,0.23897640736716752
c01,180,0,0,0.35357368855663324
c01,181,0,0,0.3731239972035146
c01,182,0,0,0.2455603050692704
c01,184,0,0,0.3735831413061367
c01,185,0,0,0.47428589969942275
c01,186,0,0,0.3643922899810535
c01,187,0,1,0.7723973227032636
c01,188,0,1,0.8933884814732462
c01,189,0,1,0.5056561820561138
c01,190,0,0,0.4935081901476633
c01,191,0,0,0.47658594817098404
c01,192,0,1,0.5590249560337736
c01,193,0,1,0.583606531755352
c01,194,0,0,0.409782761840683
c01,195,0,0,0.401792800269075
c01,196,0,0,0.3925022769325678
c01,197,0,0,0.3775237264761591
c01,198,0,0,0.47184946085477875
c01,199,0,0,0.4121188252866913
c01,200,0,0,0.33839613869806034
c01,201,0,0,0.23925827924017098
c01,202,0,1,0.5721290610060819
c01,203,0,1,0.5249679352545695
c01,204,0,1,0.6030947205153371
c01,205,0,1,0.6419479651190435
c01,206,0,0,0.4379221050860001
c01,207,0,0,0.4111661831106455
c01,208,0,0,0.2612494637020386
c01,209,0,0,0.4793094797452246
c01,210,0,0,0.27595617146941276
c01,212,0,0,0.38091587998425963
c01,213,0,1,0.6061788885483901
c01,214,0,0,0.3345519133460611
c01,215,0,0,0.37844145224489795
c01,216,0,0,0.43262887829206964
c01,217,0,1,0.6546826107120368
c01,218,0,0,0.26527670307756684
c01,219,0,0,0.47393924570863893
c01,220,0,0,0.32067452227826343
c01,221,0,0,0.4712296509644979
c01,222,0,0,0.27990629068193584
c01,223,0,0,0.43296767557849786
c01,224,0,1,0.510829154235615
c01,225,0,0,0.3108547569912069
c01,226,0,1,0.5221901835555488
c01,227,0,0,0.4261434309290096
c01,228,0,1,0.5686255904039543
c01,229,0,0,0.3853349900874391
c01,230,0,0,0.43887441864404214
c01,231,0,1,0.6617208270558168
c01,232,0,0,0.4067731988835689
c01,233,0,0,0.3711220071434825
c01,234,0,1,0.5022402981634616
c01,235,0,0,0.34411355900216894
c01,236,0,1,0.5146793756985052
c01,237,0,1,0.5783941071437537
c01,238,0,1,0.6920076160343951
c01,239,0,1,0.5572045421821163
c01,240,0,0,0.48729031836903197
c01,241,0,0,0.40024604354707166
c01,242,0,0,0.29851051322101624
c01,243,0,0,0.21400587367898458
c01,244,0,0,0.46785129886661325
c01,245,0,1,0.9374548156362631
c01,246,0,1,0.6575319870403801
c01,247,0,1,0.7491876435187791
c01,248,0,0,0.35550808027751735
c01,249,0,0,0.4001608038069901
c01,250,0,1,0.6140548602901917
c01,251,0,0,0.4736598784645593
c01,252,0,0,0.35031661975964395
c01,253,0,1,0.563101330046671
c01,254,0,1,0.5571222199313404
c01,255,0,0,0.4531642614725746
c01,256,0,1,0.6678277422616163
c01,257,0,1,0.508661054601735
c01,258,0,1,0.5336601050208575
c01,259,0,0,0.406253091633458
c01,260,0,0,0.4876582042468029
c01,261,0,1,0.5712324679328036
c01,262,0,1,0.654821878458856
c01,263,0,1,0.6599240746567245
c01,264,0,1,0.6216815227386768
c01,265,0,1,0.5369228430969648
c01,266,0,1,0.6897030284549054
c01,267,0,1,0.6406086423029016
c01,268,0,0,0.4023253582840412
c01,269,0,1,0.6088952439885215
c01,270,0,1,0.8753435169534779
c01,271,0,1,0.6007112432715961
c01,272,0,1,0.5727116579083763
c01,273,0,1,0.6017787523412896
c01,274,0,0,0.4979482265078133
c01,275,0,1,0.5212768266197125
c01,276,0,1,0.5462027000360746
c01,277,0,1,0.5776248004995864
c01,278,0,1,0.6084930385322833
c01,279,0,0,0.40881751109375375
c01,280,0,1,0.6947842842431999
c01,281,0,1,0.9254616691483047
c01,282,0,1,0.5969158798487628
c01,283,0,0,0.24794003763372782
c01,285,0,0,0.3094305758430491
c01,286,0,0,0.32807872496169826
c01,287,0,0,0.4245272190699753
c01,288,0,0,0.4007426182117434
c01,289,0,0,0.48469064021372055
c01,290,0,1,0.6732357253375035
c01,291,0,0,0.4754826165526502
c01,292,0,1,0.8947237759566553
c01,293,0,1,0.9400790798947501
c01,294,0,0,0.38820228749133623
c01,295,0,0,0.4413828564198587
c01,296,0,0,0.2607039826367458
c01,299,0,0,0.3439614460404895
c01,301,0,0,0.3613711413252364
c01,302,0,1,0.5517660887182181
c01,303,0,0,0.4731340553184752
c01,304,0,1,0.7718601868742363
c01,305,0,1,0.9510389930484229
c01,306,0,0,0.4932503885706099
c01,307,0,0,0.33322609473238063
c01,308,0,1,0.9627028871381232
c01,309,0,0,0.4663629744256079
c01,310,0,0,0.4905863680792688
c01,311,0,1,0.6124742846042818
c01,314,0,0,0.330264646086174
c01,315,0,0,0.3877067805938315
c01,316,0,1,0.5979090093141451
c01,317,0,0,0.3955030550473067
c01,318,0,1,0.6234906895685112
c01,319,0,0,0.37500026760306665
c01,320,0,0,0.4480955507557873
c01,321,0,0,0.4362459752905696
c01,322,0,0,0.42389224641263956
c01,323,0,0,0.499006472526363
c01,324,0,0,0.46374243456292463
c01,325,0,0,0.30907822230834947
c01,326,0,1,0.6016368076620481
c01,327,0,0,0.24517900066313233
c01,328,0,0,0.3720204364184858
c01,329,0,0,0.2952497038882004
c01,330,0,0,0.4177217453648929
c01,331,0,0,0.45448868555414706
c01,332,0,1,0.565465014055976
c01,333,0,0,0.33847840398653967
c01,334,0,0,0.4603769463147362
c01,335,0,0,0.46304688405590916
c01,336,0,0,0.4900359719214452
c01,337,0,0,0.26784795293011643
c01,339,0,0,0.28309860136755016
c01,340,0,1,0.5570865830348716
c01,341,0,0,0.3762107331745536
c01,343,0,0,0.379003018434071
c01,344,0,0,0.44964444519779745
c01,345,0,0,0.34558988541313895
c01,346,0,0,0.4119970735670648
c01,347,0,1,0.6230701226248737
c01,348,0,0,0.3086417709690894
c01,349,0,0,0.46829792782479185
c01,350,0,1,0.5926115880955142
c01,351,0,0,0.27858155733555745
c01,352,0,0,0.3962818037547088
c01,353,0,0,0.3729177187206215
c01,354,0,0,0.3893039752776438
c01,355,0,0,0.32043510500898104
c01,356,0,1,0.5557237157506854
c01,357,0,0,0.332865615975834
c01,358,0,0,0.34312089101022203
c01,359,0,0,0.48235628873459235
c01,360,0,0,0.4043569296485274
c01,361,0,0,0.4084187407536493
c01,362,0,0,0.3457673330956638
c01,363,0,1,0.5161219305471676
c01,364,0,0,0.41089319438438016
c01,365,0,0,0.2544764775406391
c01,366,0,0,0.33897672243774696
c01,367,0,1,0.5680070235989213
c01,368,0,0,0.3525180328889713
c01,369,0,0,0.42827112515325927
c01,370,0,0,0.35820729612046304
c01,371,0,0,0.435257381754935
c01,372,0,0,0.3615566596735318
c01,373,0,0,0.27854773914467545
c01,374,0,0,0.3728105645127229
c01,375,0,0,0.2832754512383968
c01,377,0,0,0.4201868607386614
c01,378,0,1,0.6066189250161578
c01,379,0,0,0.37363594178151666
c01,380,0,0,0.4188666985118552
c01,382,0,0,0.42569354253381014
c01,383,0,0,0.34028274924943763
c01,384,0,1,0.5489881104179924
c01,385,0,0,0.3622969948471568
c01,386,0,0,0.3121842376238332
c01,387,0,0,0.4207042180528265
c01,388,0,1,0.9450873560525969
c01,389,0,1,0.9614431102787008
c01,390,0,0,0.43597635551616937
c01,391,0,0,0.42162524523977185
c01,392,0,0,0.37129340606470523
c01,394,0,0,0.48767030697244185
c01,395,0,0,0.23466670984525403
c01,396,0,1,0.6207233609682904
c01,397,0,0,0.42495160962768413
c01,398,0,0,0.3031380511473541
c01,399,0,0,0.35401776020713027
c01,400,0,0,0.3442962573581349
c01,402,0,0,0.4077305897377833
c01,403,0,0,0.39348625575825075
c01,404,0,0,0.3570722686082105
c01,405,0,0,0.3828875367634061
c01,406,0,0,0.3089547432697485
c01,407,0,0,0.31243682544401785
c01,408,0,0,0.39572667759761665
c01,410,0,0,0.3074806968348564
c01,411,0,0,0.3070766312879741
c01,412,0,0,0.24990071633335978
c01,413,0,0,0.4355331804505933
c01,415,0,0,0.28907193281893834
c01,416,0,0,0.24585411689196787
c01,417,0,0,0.42456221198483945
c01,418,0,0,0.3782288902681923
c01,419,0,1,0.6676584975915871
c01,421,0,0,0.48522437975782634
c01,422,0,0,0.4847196157917528
c01,423,0,1,0.915053096768135
c01,424,0,0,0.4168928985550348
c01,425,0,0,0.3164414319543874
c01,426,0,0,0.22283345454614972
c01,427,0,1,0.6111023010033313
c01,428,0,0,0.31262826523090714
c01,429,0,1,0.5290533169415168
c01,430,0,1,0.5627396826601946
c01,431,0,1,0.5949645244151962
c01,432,0,1,0.5287362709829784
c01,433,0,1,0.5604721323826057
c01,434,0,1,0.5565454534673941
c01,435,0,0,0.2762972766039608
c01,436,0,0,0.3969207825304288
c01,437,0,0,0.38054377302084813
c01,438,0,0,0.3977388954068005
c01,439,0,1,0.5777041765814596
c01,440,0,0,0.33386447900944394
c01,441,0,0,0.36301588423596354
c01,442,0,1,0.516075290629416
c01,444,0,0,0.45681919381965486
c01,445,0,0,0.28580154777610434
c01,446,0,0,0.4584588526910831
c01,447,0,1,0.685102175926166
c01,448,0,1,0.5143341759760323
c01,449,0,0,0.4485759031536381
c01,450,0,0,0.4696432631254374
c01,451,0,1,0.5812583910627225
c01,452,0,1,0.6372250790839419
c01,453,0,0,0.44860731575533147
c01,454,0,1,0.9588552110098718
c01,455,0,0,0.47969866370786945
c01,456,0,1,0.5457617442354462
c01,457,0,0,0.4076701515463429
c01,458,0,1,0.5808334001947417
c01,459,0,0,0.4678434954052353
c01,460,0,1,0.5131766555814018
c01,461,0,0,0.31414441229162743
c01,462,0,0,0.3184140311697402
c01,463,0,1,0.5766947747702349
c01,464,0,0,0.28903734746681775
c01,465,0,0,0.4512396998225222
c01,466,0,1,0.8887139614187854
c01,467,0,1,0.8967454656776835
c01,468,0,1,0.9361216961507891
c01,469,0,1,0.9185281158388097
c01,470,0,0,0.41713013134156657
c01,472,0,0,0.40622532324691035
c01,473,0,0,0.34611445554336295
c01,474,0,0,0.39638786146461685
c01,475,0,0,0.42679901315795
c01,476,0,1,0.6176653892300017
c01,477,0,0,0.4730464365217237
c01,478,0,1,0.9298517482716437
c01,479,0,1,0.918850675662162
c01,480,0,0,0.34389150558266846
c01,481,0,1,0.9585323338176226
c01,482,0,0,0.3952575860128226
c02,10,0,0,0.05793033602434247
c02,11,0,0,0.29275959842160215
c02,12,0,0,0.08040339077561158
c02,13,0,0,0.40902794503344647
c02,14,0,0,0.2441311926758439
c02,15,0,0,0.28340910827078186
c02,16,0,0,0.11434528300475226
c02,17,0,0,0.26000777295523747
c02,18,0,0,0.29168454651739395
c02,19,0,1,0.5708568190802127
c02,20,0,1,0.6377432166118836
c02,21,1,1,0.8243811765351184
c02,22,0,1,0.5399712683745472
c02,23,0,0,0.47047297578884895
c02,24,0,0,0.3844456757440604
c02,25,0,0,0.3866290139899655
c02,26,0,1,0.5000151472246065
c02,27,0,1,0.5055494874078033
c02,28,0,0,0.4967333580647867
c02,29,0,1,0.6676038859386063
c02,30,0,0,0.22492290680451565
c02,31,0,0,0.3106507406476167
c02,32,0,0,0.3110767324861365
c02,33,0,0,0.41361851473709627
c02,34,0,0,0.26083781840836867
c02,35,0,0,0.36502334746058196
c02,36,0,0,0.41782363505563175
c02,37,0,0,0.33499376745041404
c02,38,0,0,0.3229885497784189
c02,39,0,0,0.3647818805959991
c02,40,0,0,0.31566018729702416
c02,41,0,1,0.6098099563578774
c02,42,0,0,0.33444346417555126
c02,43,0,0,0.385924608029822
c02,44,0,1,0.6708469487273253
c02,45,0,0,0.27513813548997823
c02,46,0,0,0.4121888687070085
c02,47,0,0,0.25642144303905345
c02,48,0,0,0.42831082223901595
c02,49,0,0,0.27146454374481055
c02,50,0,0,0.20691929856402577
c02,51,0,0,0.25821520097760997
c02,52,0,0,0.15550154344813233
c02,53,0,0,0.32189216792960845
c02,56,0,0,0.2662177057829675
c02,57,0,0,0.29157658994861496
c02,58,0,0,0.36574031216060154
c02,60,0,0,0.22394318618522363
c02,61,0,1,0.5597255939584774
c02,62,0,0,0.2873906897934788
c02,63,0,0,0.28521547123890834
c02,64,0,0,0.2942965767116914
c02,65,0,0,0.22388539329196944
c02,66,0,0,0.14060641720499778
c02,67,0,0,0.3144409092464194
c02,68,0,0,0.21966924147032177
c02,69,0,0,0.20214739357710607
c02,70,0,0,0.2518966235170935
c02,71,0,0,0.24389895441439935
c02,72,0,0,0.2868009322760015
c02,73,0,0,0.3248045868461798
c02,74,0,0,0.13417524951429466
c02,76,0,0,0.25469430381574987
c02,77,0,0,0.26480005888524394
c02,78,0,0,0.3197773286634382
c02,80,0,1,0.7174080264994767
c02,81,0,1,0.8028085635212251
c02,82,0,0,0.33057903867994326
c02,83,0,0,0.31978243813298535
c02,84,0,0,0.2011951096714144
c02,85,0,0,0.395797368179739
c02,87,0,0,0.2056030409464742
c02,88,0,0,0.16066884031021778
c02,89,0,1,0.5563756516744621
c02,90,0,0,0.11747225931568898
c02,91,0,0,0.16015529010351434
c02,92,0,0,0.16361798594947133
c02,94,0,0,0.10531582210457106
c02,95,0,0,0.09698949104122966
c02,96,0,0,0.1201838178332902
c02,97,0,0,0.1258031921041532
c02,98,0,0,0.27398154164837385
c02,99,0,0,0.12295256903928857
c02,100,0,0,0.2313047266746923
c02,101,0,0,0.21141917472958083
c02,102,0,0,0.14050104498617547
c02,103,0,0,0.2349181898556907
c02,104,0,0,0.11228939336890151
c02,105,0,0,0.1670481460035032
c02,106,0,0,0.2299798302135925
c02,107,0,0,0.256875849449392
c02,108,0,0,0.17733405974452587
c02,109,0,0,0.25445658554468964
c02,111,0,0,0.12102654592299973
c02,112,0,0,0.12261583657159898
c02,113,0,0,0.2196196261782856
c02,114,0,0,0.16535859606553208
c02,115,0,0,0.1418449085403012
c02,116,0,0,0.21966758398251468
c02,117,0,0,0.14349122604186207
c02,118,0,0,0.23967949184327733
c02,119,0,0,0.2172671356046748
c02,120,0,0,0.25337853271409133
c02,121,0,0,0.18434153857758925
c02,122,0,0,0.13039487865589994
c02,123,0,0,0.22124158297128454
c02,124,0,0,0.22019901952911172
c02,125,0,0,0.19971240160097728
c02,126,0,0,0.23360139073795533
c02,127,0,0,0.1809476222192134
c02,128,0,0,0.19509148624818154
c02,129,0,0,0.12959268492315817
c02,130,0,0,0.16493212092946105
c02,131,0,0,0.16429929282414177
c02,132,0,0,0.30193564757527425
c02,133,0,0,0.27750753151091323
c02,134,0,0,0.2463031188002392
c02,135,0,0,0.18295787840895675
c02,136,0,0,0.4142604059486555
c02,137,0,0,0.38331218780754667
c02,138,0,0,0.36161464005844585
c02,139,0,0,0.2539032071799701
c02,140,0,0,0.2862885435896147
c02,141,0,0,0.3291314156522811
c02,142,0,0,0.2950225356038082
c02,143,0,0,0.33170683345844787
c02,144,0,0,0.33022406841589513
c02,145,0,1,0.5106347819891075
c02,146,0,0,0.3727152857123505
c02,147,0,0,0.33029331189222577
c02,148,0,0,0.3761614565464867
c02,149,0,0,0.36151927016376945
c02,150,0,0,0.4698964975513776
c02,151,0,0,0.2840976443745254
c02,152,0,1,0.8383209263003394
c02,153,0,1,0.8945593727001145
c02,154,0,1,0.6746978094966698
c02,155,0,0,0.36782283965458834
c02,156,0,0,0.23199022306783973
c02,157,0,0,0.4362113002477431
c02,158,0,0,0.2601614058533777
c02,159,0,0,0.334500171049692
c02,160,0,0,0.3071378686192655
c02,161,0,0,0.30409902048990256
c02,162,0,0,0.22885972553213824
c02,163,0,0,0.2781921513618953
c02,164,0,0,0.24661197835351162
c02,165,0,0,0.3207860985871439
c02,166,0,0,0.25047341259686406
c02,167,0,0,0.3262768260954811
c02,168,0,0,0.35716939543254617
c02,169,0,0,0.32995586577970154
c02,170,0,0,0.3225525794470415
c02,171,0,0,0.3149954549875203
c02,172,0,0,0.26783733418247724
c02,173,0,0,0.33288859320670494
c02,174,0,0,0.23937630790997902
c02,175,0,0,0.27024762930134405
c02,176,0,0,0.22221419307012713
c02,177,0,0,0.39211231977606775
c02,178,0,0,0.32158938547245497
c02,179,0,0,0.32132010806382155
c02,180,0,0,0.1485649866381211
c02,181,0,0,0.2861136444277648
c02,182,0,0,0.2140894573382992
c02,183,0,0,0.3892539070771895
c02,184,0,0,0.24055639467599638
c02,185,0,0,0.2951372086708585
c02,186,0,0,0.24912333193743144
c02,187,0,0,0.2604152169059707
c02,188,0,1,0.8752682003386004
c02,189,0,1,0.7437042070927813
c02,190,0,1,0.6413695900388879
c02,191,0,1,0.6940023138011258
c02,192,0,0,0.29542774912484066
c02,193,0,0,0.4338299586036143
c02,194,0,0,0.31849527074546125
c02,195,0,0,0.368998094406403
c02,196,0,0,0.4313264357363033
c02,197,0,0,0.367975087965834
c02,198,0,0,0.3314738034372684
c02,199,0,0,0.3603295754798953
c02,201,0,0,0.32613601968661854
c02,202,0,1,0.8414233627142336
c02,203,0,1,0.5691267297322203
c02,204,0,1,0.659847144240646
c02,205,0,1,0.5930881621583175
c02,206,0,0,0.2518654463380681
c02,207,0,0,0.36206027112421096
c02,208,0,0,0.32494709064763455
c02,209,0,0,0.38664209278569694
c02,210,0,0,0.2182536166044108
c02,211,0,0,0.3982731602695526
c02,212,0,0,0.17669564696218393
c02,213,0,0,0.2850498827941595
c02,214,0,0,0.42868374214550625
c02,215,0,0,0.259162946634133
c02,216,0,0,0.4809920807082704
c02,217,0,0,0.30572086548918365
c02,218,0,0,0.37179421869531404
c02,219,0,0,0.41936728074482416
c02,220,0,0,0.3734527197231934
c02,221,0,1,0.6167336611270087
c02,222,0,0,0.34379766642267906
c02,223,0,0,0.46080029427862484
c02,224,0,0,0.31954143967658594
c02,225,0,0,0.36762808992764967
c02,226,0,0,0.39939040997175135
c02,227,0,0,0.3755733363700032
c02,228,0,1,0.7800519743860433
c02,229,0,1,0.9167886075618285
c02,230,0,0,0.4297779302854644
c02,231,0,0,0.36442484750189674
c02,232,0,0,0.4660107990072281
c02,233,0,0,0.37955028522189505
c02,234,0,0,0.4281442704355233
c02,235,0,0,0.2127274701364912
c02,236,0,1,0.7113933830023211
c02,237,0,1,0.5205514361502002
c02,238,0,0,0.4185722202538073
c02,239,0,0,0.376755951721663
c02,240,0,0,0.38717266514082993
c02,241,0,0,0.3320512489630945
c02,242,0,0,0.32369938630878714
c02,243,0,0,0.2980043101146309
c02,244,0,0,0.3094559603779615
c02,245,0,0,0.2983279326427338
c02,246,0,0,0.3369383306101948
c02,247,0,0,0.2898141743218242
c02,248,0,0,0.3872123550078402
c02,249,0,0,0.2839057781022945
c02,250,0,0,0.38859210689256335
c02,251,0,0,0.30665105006345916
c02,252,0,0,0.2550840790449658
c02,253,0,0,0.30471619622796675
c02,254,0,0,0.33853307863944804
c02,255,0,0,0.2613243205504162
c02,256,0,0,0.25393691587048467
c02,257,0,0,0.23552091725351862
c02,258,0,0,0.2124128689575087
c02,259,0,0,0.3419492071748112
c02,260,0,0,0.40207669457232
c02,261,0,0,0.28226475334937207
c02,262,0,0,0.2850478132160261
c02,263,0,0,0.2211352516167135
c02,264,0,0,0.28759446275933315
c02,265,0,0,0.34200112471468813
c02,266,0,0,0.3528917372509473
c02,267,0,0,0.337425883788784
c02,268,0,0,0.29985522416611715
c02,269,0,0,0.47338278156206126
c02,270,0,0,0.38465553318649454
c02,271,0,0,0.3030042107317881
c02,272,0,0,0.28435022634236606
c02,273,0,0,0.3483618060429807
c02,274,0,0,0.31826037708268173
c02,275,0,0,0.26710778267322094
c02,276,0,0,0.37201695740200186
c02,277,0,0,0.3086891853705131
c02,278,0,0,0.25017505381875077
c02,279,0,0,0.32469792208565473
c02,280,0,0,0.2974617660065038
c02,281,0,0,0.20690825216665512
c02,282,0,0,0.2781500136333687
c02,283,0,0,0.3297230717921591
c02,284,0,0,0.33575348461104404
c02,285,0,0,0.28483997944081746
c02,286,0,0,0.3389780346690311
c02,287,0,1,0.8461120213855048
c02,288,0,1,0.828165243929584
c02,289,0,0,0.4616596698717571
c02,290,0,1,0.7005365238947231
c02,291,0,1,0.5789045563317643
c02,293,0,0,0.4404079773363376
c02,294,0,0,0.32007017288581363
c02,295,0,0,0.2480036113944984
c02,296,0,0,0.20516242545043165
c02,297,0,0,0.3169315804327029
c02,298,0,0,0.35814851522084673
c02,299,0,0,0.23268211693367388
c02,301,0,0,0.422051192002763
c02,303,0,0,0.4826648430069264
c02,305,0,1,0.6828982232457066
c02,306,0,0,0.3680259852167211
c02,307,0,0,0.29764819964328154
c02,308,0,0,0.4474716589787669
c02,309,0,0,0.31608116098080163
c02,310,0,0,0.3239254188047647
c02,311,0,0,0.34258627989735635
c02,312,0,0,0.28114465166260544
c02,313,0,0,0.32196037797405963
c02,314,0,0,0.3443477761944902
c02,315,0,0,0.3239096856211966
c02,316,0,0,0.24586376031081647
c02,317,0,0,0.26222507146350016
c02,318,0,0,0.2965570210089113
c02,319,0,0,0.3504856823740945
c02,320,0,0,0.26264005061137213
c02,321,0,0,0.3460562948419814
c02,322,0,0,0.23681912322972007
c02,323,0,0,0.30078649885375464
c02,324,0,0,0.3321901748544074
c02,325,0,0,0.24100568067930417
c02,326,0,0,0.3077948713630093
c02,327,0,0,0.30292552801199174
c02,328,0,0,0.33184447766806885
c02,329,0,0,0.3434194520991016
c02,330,0,0,0.3317007452008593
c02,331,0,0,0.29272809797285737
c02,332,0,0,0.3768173190498786
c02,333,0,0,0.17473942631719153
c02,334,0,0,0.3103948066501286
c02,335,0,0,0.31202236641766695
c02,336,0,0,0.26229105042813244
c02,337,0,0,0.33848255952169554
c02,338,0,0,0.32346146854388685
c02,339,0,0,0.37689831785694095
c02,340,0,0,0.28595839053073907
c02,341,0,0,0.3299809226179919
c02,342,0,0,0.2444347489418642
c02,343,0,0,0.31119996670261485
c02,344,0,0,0.307962449423229
c02,345,0,1,0.712176047032034
c02,346,0,1,0.8056094536042724
c02,347,0,1,0.6592812539695677
c02,348,0,1,0.7136729194295526
c02,349,0,1,0.7820341171206441
c02,350,0,0,0.4141216566084336
c02,351,0,0,0.3535193570859474
c02,352,0,0,0.36542993725027945
c02,353,0,0,0.34133732163059627
c02,354,0,0,0.2957756913054099
c02,355,0,0,0.2274234642644058
c02,356,0,0,0.3022323417049743
c02,357,0,0,0.3136209205345031
c02,358,0,0,0.23372162952193035
c02,359,0,0,0.2372637047658581
c02,360,0,0,0.32189119984321973
c02,361,0,0,0.46142147941359335
c02,362,0,0,0.24913092583613056
c02,363,0,0,0.33684322546770773
c02,364,0,0,0.2685557982496047
c02,365,0,0,0.2599464884357377
c02,367,0,0,0.3327292120134167
c02,368,0,0,0.4281071294680384
c02,369,0,1,0.8691139252743745
c02,370,0,0,0.331533324530689
c02,371,0,0,0.28007946878206036
c02,372,0,0,0.26646729303216565
c02,373,0,1,0.7675245825127304
c02,374,0,1,0.8214990670367881
c02,375,0,0,0.28643819433450207
c02,376,0,0,0.28115648087467304
c02,377,0,1,0.6489395577381006
c02,378,0,1,0.6146726508475179
c02,379,0,1,0.6437552164027842
c02,380,0,0,0.3726524883847062
c02,381,0,0,0.42370923956180756
c02,382,0,1,0.5214045319714453
c02,383,0,0,0.3945157049920988
c02,384,0,0,0.47449393953959995
c02,385,0,0,0.23324840791061233
c02,386,0,0,0.4777475976850776
c02,387,0,1,0.8939289636371478
c02,388,0,0,0.2781598058610801
c02,389,0,0,0.2672640702177535
c02,390,0,0,0.4285472753935697
c02,391,0,0,0.4604975432072092
c02,392,0,0,0.32738026403520526
c02,393,0,0,0.32516502278710485
c02,394,0,1,0.7709542682634833
c02,396,0,1,0.6739235982625164
c02,397,0,0,0.40874293075580753
c02,398,0,0,0.2562081337627918
c02,399,0,0,0.24834863067537227
c02,400,0,0,0.25633546581741345
c02,401,0,0,0.19968071078991675
c02,402,0,0,0.2989792196079781
c02,403,0,0,0.30490628589854635
c02,404,0,0,0.34394397186945785
c02,405,0,0,0.34706212905365386
c02,407,0,0,0.32171104117947186
c02,408,0,0,0.3014147850955617
c02,409,0,0,0.3250131032929333
c02,410,0,0,0.3028266904418471
c02,411,0,0,0.4247356638476521
c02,412,0,0,0.2921279286843769
c02,413,0,0,0.4265589577381608
c02,414,0,0,0.28105981766749466
c02,415,0,0,0.3274193415389084
c02,416,0,0,0.3555499975037293
c02,417,0,0,0.27464409643138715
c02,418,0,0,0.3388464197655948
c02,421,0,0,0.4054657821318717
c02,422,0,0,0.36967429823367515
c02,423,0,0,0.2141475038603294
c02,424,0,0,0.2605261859977301
c02,425,0,0,0.37510343016653597
c02,426,0,0,0.4273812043516236
c02,427,0,0,0.23838308218688725
c02,428,0,0,0.23018822727166616
c02,430,0,0,0.33772725728733566
c02,431,0,0,0.2969075934018727
c02,432,0,0,0.4105777384238278
c02,433,0,0,0.29106563017527864
c02,434,0,0,0.44678114362776855
c02,435,0,0,0.34525435885234634
c02,436,0,0,0.38630930947594416
c02,437,0,0,0.15104668074051839
c02,438,0,0,0.2583065730874489
c02,439,0,0,0.2943040687568431
c02,440,0,0,0.3283382056194149
c02,441,0,0,0.35053764239445684
c02,442,0,0,0.3313421131462937
c02,443,0,1,0.9352272061090324
c02,444,0,0,0.34524639227936704
c02,445,0,1,0.7251226379714519
c02,446,0,1,0.8764159491702422
c02,447,0,1,0.8288326235870749
c02,448,0,0,0.474954346255544
c02,449,0,0,0.3833942218123807
c02,450,0,1,0.6607803608351315
c02,451,0,1,0.8172806191076213
c02,452,0,0,0.3212469183702482
c02,453,0,0,0.44535369347112147
c02,454,0,0,0.29187122038959884
c02,455,0,0,0.42221503619995515
c02,456,0,0,0.38613146427858885
c02,457,0,0,0.2627155395910613
c02,458,0,0,0.3483882485006922
c02,459,0,0,0.30745990104902404
c02,460,0,0,0.2208278835446409
c02,461,0,0,0.35107533792180706
c02,462,0,0,0.26453595244524264
c02,463,0,0,0.23500989697948274
c02,464,0,0,0.3231813579003194
c02,465,0,0,0.2397467046992275
c02,466,0,0,0.30460944572940574
c02,467,0,0,0.2890621366403842
c02,468,0,0,0.28663021905167646
c02,469,0,0,0.37164872129682847
c02,470,0,0,0.28199070760374156
c02,471,0,0,0.28407284376378245
c02,472,0,0,0.2763708847152851
c02,473,0,0,0.2795312251564665
c02,474,0,0,0.27964589871888523
c02,475,0,0,0.30658986784241443
c02,476,0,0,0.269689299922667
c02,477,0,0,0.3099259002962319
c02,478,0,0,0.3049527569322325
c02,479,0,0,0.34112481175619974
c02,480,0,0,0.3437503895356389
c02,482,0,0,0.29833273019692025
c02,483,0,0,0.2852131770528555
c02,485,0,1,0.8650317754712227
c02,486,0,1,0.6297443196952593
c02,487,0,1,0.730140865415244
c02,488,0,1,0.5768155605391405
c02,489,0,1,0.539826504902978
c02,490,0,1,0.7647498426366969
c02,491,0,1,0.6706200366844532
c02,492,0,1,0.5793138989277733
c02,493,0,0,0.47074344032226073
c02,494,0,1,0.731774521032055
c02,495,0,1,0.6873528972510746
c02,496,0,0,0.3780690913109202
c02,497,0,0,0.3633506661742739
c02,498,0,0,0.4036568956896731
c02,499,0,0,0.31632275178217795
c02,500,0,0,0.4892568550361657
c03,1,0,0,0.26560049612429765
c03,2,0,1,0.8631715047985902
c03,3,0,0,0.1767713441677322
c03,4,0,0,0.19325987875507014
c03,5,0,1,0.5193535699117146
c03,6,0,1,0.9424895741863721
c03,7,0,1,0.631624453746941
c03,8,0,0,0.17810739874322978
c03,10,0,1,0.5098995743516269
c03,11,0,0,0.3369934378504679
c03,12,0,0,0.2763017921085593
c03,13,0,0,0.13644797221852403
c03,14,0,0,0.36444197576701765
c03,15,0,0,0.1457685385510155
c03,16,0,0,0.3361735326928609
c03,17,0,0,0.16253670339608375
c03,18,0,0,0.44657434114534483
c03,19,0,0,0.09511028579550819
c03,21,0,0,0.17516514980059106
c03,22,0,0,0.3028440953406039
c03,23,0,0,0.18500890769130843
c03,24,0,0,0.08775158365787947
c03,25,0,0,0.1967052801485474
c03,26,0,1,0.5297782670467794
c03,28,0,0,0.22911720236229147
c03,29,0,1,0.5051627890627987
c03,30,0,0,0.09847254819233471
c03,31,0,0,0.425264317010396
c03,32,0,1,0.781131726504223
c03,33,0,0,0.20920552393635491
c03,34,0,0,0.37969817839296066
c03,35,0,1,0.658261132372377
c03,36,0,1,0.6252071307801953
c03,37,0,0,0.2500720099655687
c03,38,0,0,0.23772891663682616
c03,39,0,0,0.22872100023003744
c03,40,0,0,0.4134657871952493
c03,41,0,0,0.39218060303045704
c03,43,0,0,0.18728077574617136
c03,45,0,0,0.25342682745038503
c03,48,0,0,0.3477913927284479
c03,49,0,0,0.19868959034137026
c03,50,0,0,0.17341758663019427
c03,51,0,0,0.2693911824514531
c03,52,0,0,0.22805949862451724
c03,54,0,0,0.3117013356451545
c03,55,0,0,0.18095230865435288
c03,56,0,1,0.9198900726747223
c03,57,0,0,0.29083319882579606
c03,58,0,0,0.18489223245460373
c03,59,0,0,0.2718183592767008
c03,60,0,0,0.20143159243789802
c03,61,0,0,0.27938337931980955
c03,62,0,0,0.20323752662914982
c03,63,0,0,0.19416122345657666
c03,64,0,0,0.28352141460329566
c03,65,0,0,0.3609118094141764
c03,66,0,0,0.21237014702683044
c03,67,0,0,0.16464399776333266
c03,68,0,0,0.3144675868661199
c03,70,0,0,0.32240529839198395
c03,71,0,0,0.31718480356401985
c03,72,0,0,0.24770330411070174
c03,73,0,0,0.3252030353706416
c03,74,0,0,0.24315145560627893
c03,75,0,0,0.20083996639064117
c03,76,0,0,0.2884773033974044
c03,77,0,0,0.34553900808921384
c03,78,0,0,0.33293104150330605
c03,79,0,0,0.332243254702245
c03,80,0,1,0.5292582783903605
c03,81,0,1,0.5093756102078254
c03,82,0,1,0.5245705569159959
c03,83,0,1,0.7760855999936707
c03,84,0,1,0.9280614515044071
c03,85,0,1,0.5598311363695547
c03,86,0,0,0.38388396131768704
c03,87,0,1,0.8299293913991965
c03,88,0,1,0.5769414174017047
c03,89,0,1,0.6776528076098632
c03,90,0,1,0.5457944872493917
c03,91,0,0,0.41963149384878073
c03,92,0,1,0.6052758978447101
c03,93,0,1,0.5767109180468455
c03,94,0,0,0.4604214944185447
c03,95,0,1,0.537548333474411
c03,96,0,1,0.7442260563759325
c03,97,0,1,0.6711283842501129
c03,98,0,0,0.49584781700807823
c03,99,0,1,0.5921384050297506
c03,100,0,1,0.6244440932355068
c03,101,0,0,0.47760383001517714
c03,102,0,1,0.5363468630618035
c03,103,0,1,0.585290842113162
c03,104,0,1,0.6579031594719318
c03,105,0,1,0.5135621743199217
c03,106,0,1,0.5809088726382788
c03,107,0,1,0.6662113470012717
c03,108,0,0,0.49644378171149733
c03,109,0,0,0.43025492915829133
c03,110,0,0,0.44523174404886584
c03,111,0,1,0.5305412589156169
c03,112,0,1,0.5197805553435951
c03,113,0,0,0.4232345442736208
c03,114,0,0,0.23675567425974947
c03,115,0,1,0.520310207251952
c03,116,0,0,0.3705010017271352
c03,117,0,0,0.47431735112466306
c03,118,0,0,0.4819032753412121
c03,119,0,0,0.4752018558090642
c03,120,0,0,0.32205250274452407
c03,121,0,0,0.37598404148977393
c03,123,0,0,0.444939965124822
c03,125,0,0,0.33177625031070035
c03,126,0,0,0.12622541060143805
c03,127,0,0,0.3352512045210952
c03,128,0,0,0.3379521629804592
c03,129,0,0,0.3912361709774725
c03,130,0,0,0.41430572853217146
c03,131,0,0,0.30755093907879677
c03,132,0,0,0.38580782463212426
c03,133,0,0,0.3642693632142676
c03,134,0,0,0.40224862009589996
c03,135,0,0,0.3096776276169498
c03,136,0,1,0.9082556845119595
c03,137,0,1,0.8679046728016869
c03,138,0,1,0.7387463083407533
c03,139,0,1,0.5587213309197004
c03,140,0,1,0.7325923219102296
c03,141,0,1,0.8723168140452706
c03,142,0,1,0.6485814843953928
c03,143,0,0,0.18803810168380625
c03,144,0,0,0.4720586636497885
c03,145,0,0,0.4306942907867078
c03,146,0,0,0.2615468658443348
c03,147,0,0,0.432201340628441
c03,148,0,1,0.5399424388185773
c03,149,0,0,0.45265867499686957
c03,150,0,0,0.25495161077986045
c03,151,0,0,0.38944216268529647
c03,152,0,0,0.44788693657101775
c03,153,0,0,0.2928882691419018
c03,154,0,0,0.36659894259633863
c03,155,0,0,0.43777636313674145
c03,156,0,1,0.6555759080085449
c03,157,0,1,0.7000996172623128
c03,158,0,1,0.51924719796436
c03,159,0,0,0.15000131106540054
c03,160,0,0,0.1871040619577562
c03,161,0,1,0.8660470377349888
c03,162,0,0,0.3169186383394469
c03,163,0,0,0.34096646044943135
c03,164,0,0,0.1866958278198866
c03,165,0,0,0.4378384055788701
c03,166,0,0,0.4823774858633372
c03,167,0,0,0.3812479091439093
c03,168,0,0,0.2067276411731861
c03,169,0,0,0.24534870370429784
c03,170,0,1,0.5228971081852541
c03,171,0,0,0.26122615216580464
c03,172,0,1,0.6957980231814919
c03,173,0,0,0.4153198370677745
c03,174,0,1,0.6016643202693727
c03,175,0,1,0.6066238006299592
c03,176,0,1,0.660901867688018
c03,177,0,0,0.23381727678958783
c03,178,0,0,0.4899550410280634
c03,179,0,1,0.7524708773757554
c03,180,0,1,0.7764366203671732
c03,181,0,1,0.6337322449191217
c03,182,0,0,0.36585643071108287
c03,183,0,0,0.4033891414821468
c03,184,0,0,0.36036760116920125
c03,185,0,0,0.40789850610166417
c03,186,0,0,0.4938252689766591
c03,187,0,0,0.22399526875983045
c03,188,0,1,0.8606753193747674
c03,189,0,1,0.5838017492487774
c03,190,0,1,0.8458143053679383
c03,191,0,1,0.8485003895092399
c03,192,0,1,0.6702589192490178
c03,193,0,0,0.47602177704192516
c03,194,0,0,0.39522400208352804
c03,195,0,0,0.3318298756313072
c03,196,0,1,0.7656857232357099
c03,197,0,0,0.27875782850899555
c03,198,0,1,0.5327918450391822
c03,199,0,0,0.4086662357869561
c03,200,0,1,0.7150027745734278
c03,201,0,0,0.45083318329431843
c03,202,0,0,0.20052665368763067
c03,203,0,0,0.3075585266916091
c03,204,0,0,0.3643180723918436
c03,205,0,0,0.3007016535493924
c03,207,0,0,0.3214761829363973
c03,208,0,0,0.21552566175315285
c03,211,0,0,0.3287583990227577
c03,212,0,0,0.4301873791597556
c03,213,0,0,0.2918558567580321
c03,214,0,0,0.24361484073801806
c03,215,0,0,0.41604427864012794
c03,218,0,1,0.5037659673014743
c03,219,0,0,0.3671347691964423
c03,220,0,0,0.29323182028648137
c03,221,0,0,0.3197955300628185
c03,223,0,0,0.32186638225963893
c03,224,0,0,0.2524946313455031
c03,228,0,0,0.38849443766922864
c03,229,0,0,0.182543278508444
c03,230,0,0,0.4320245043805991
c03,231,0,0,0.22344752199765647
c03,232,0,0,0.3897540094570008
c03,233,0,0,0.2537884492152082
c03,234,0,0,0.3884338700761377
c03,235,0,0,0.2872862666510497
c03,236,0,0,0.295366795406116
c03,237,0,0,0.2099837706201082
c03,238,0,0,0.31284712938332565
c03,239,0,0,0.32087850986022226
c03,240,0,0,0.4448254038930616
c03,241,0,0,0.33352608848804977
c03,242,0,0,0.39737512770352723
c03,243,0,0,0.3360198745253014
c03,244,0,0,0.2565609156598997
c03,245,0,0,0.36639610444906406
c03,246,0,1,0.9839191024108364
c03,247,0,1,0.686472493303078
c03,248,0,1,0.6065131909408459
c03,249,0,0,0.4622821934886483
c03,250,0,1,0.6124292557943208
c03,251,0,1,0.689065280060346
c03,252,0,1,0.5463765232221669
c03,253,0,1,0.9269264324084786
c03,254,0,1,0.8794345211885992
c03,255,0,1,0.586385109701731
c03,256,0,1,0.5357375762266535
c03,257,0,0,0.47414333014300075
c03,258,0,0,0.3220257086176329
c03,259,0,0,0.3207776971238409
c03,260,0,0,0.3950385139303258
c03,261,0,1,0.5944530003930505
c03,262,0,1,0.7093669860156608
c03,263,0,0,0.36293575730085725
c03,264,0,1,0.519836974087815
c03,265,0,0,0.3183128642398146
c03,266,0,1,0.6410017679965826
c03,267,0,1,0.553003203525716
c03,268,0,1,0.5075223036749099
c03,269,0,0,0.1980922547924313
c03,270,0,0,0.3006938783390866
c03,271,0,0,0.47108618599226654
c03,272,0,0,0.2110512403651136
c03,273,0,0,0.3942479160547906
c03,274,0,0,0.4093174058771742
c03,275,0,0,0.29273872598867784
c03,276,0,0,0.21876924130609887
c03,277,0,1,0.5948138536038329
c03,278,0,0,0.3353035642338671
c03,279,0,1,0.5679517187924816
c03,280,0,1,0.7207407030171177
c03,281,0,0,0.20562944932762375
c03,282,0,1,0.65372835107696
c03,283,0,0,0.18315288417163766
c03,284,0,0,0.39012099498763214
c03,285,0,1,0.556445131683961
c03,286,0,1,0.5095087210440804
c03,287,0,1,0.9438977035315769
c03,288,0,1,0.8257997599253225
c03,289,0,0,0.28640776755608904
c03,290,0,0,0.2854947058416575
c03,291,0,0,0.3766360447605316
c03,292,0,0,0.27385999583312787
c03,293,0,0,0.11667476592764307
c03,294,0,0,0.23811835637870843
c03,295,0,0,0.2604744222059163
c03,296,0,0,0.21507478201883687
c03,298,0,0,0.42986691094482693
c03,299,0,0,0.2343832539957288
c03,300,0,0,0.4123673143265887
c03,301,0,0,0.16394873229311344
c03,302,0,0,0.345464174512283
c03,303,0,0,0.33768778212521183
c03,304,0,0,0.10972578497610716
c03,306,0,0,0.2903720854568886
c03,307,0,0,0.1382669842284586
c03,308,0,0,0.15371791566903337
c03,309,0,0,0.26740301263894306
c03,310,0,0,0.32984474905391165
c03,311,0,0,0.15816670863275245
c03,312,0,0,0.38102243444255224
c03,313,0,0,0.22574706704484393
c03,314,0,0,0.17720996600182537
c03,315,0,0,0.1965226163675805
c03,316,0,0,0.2716552017005608
c03,318,0,0,0.19186731981793095
c03,319,0,0,0.24818956074444562
c03,320,0,0,0.19519533590202143
c03,321,0,0,0.2172789815948242
c03,322,0,0,0.2167080038745575
c03,323,0,0,0.31732420403163525
c03,324,0,0,0.1162038428301285
c03,325,0,0,0.4544593340180657
c03,326,0,0,0.329770803581621
c03,327,0,0,0.2240921879860734
c03,328,0,0,0.24804108999425828
c03,331,0,0,0.28236344865729734
c03,332,0,0,0.22900553219680914
c03,333,0,0,0.1711793426281453
c03,334,0,0,0.3342042345378031
c03,335,0,1,0.9294540755545243
c03,336,0,1,0.7487647164042529
c03,337,0,0,0.12968184316716302
c03,338,0,1,0.7012911323294806
c03,339,0,0,0.21611998739086358
c03,340,0,1,0.7307582818749927
c03,341,0,0,0.09138861669572626
c03,342,0,1,0.5309633494520635
c03,343,0,0,0.2929715361282148
c03,344,0,0,0.2656132922879852
c03,345,0,0,0.15683246182175378
c03,346,0,0,0.2833584695437804
c03,347,0,0,0.3081114708365644
c03,348,0,0,0.48155039398774463
c03,349,0,0,0.3169599388318205
c03,350,0,0,0.4117735795327903
c03,351,0,0,0.36666687648395646
c03,352,0,0,0.46430617202446917
c03,353,0,0,0.33656997624616186
c03,354,0,1,0.8451574160583918
c03,355,0,0,0.2005047775899372
c03,356,0,1,0.5229642230157187
c03,357,0,0,0.46100658842402303
c03,359,0,0,0.4486217540751033
c03,360,0,0,0.407994824203291
c03,361,0,1,0.628454154240953
c03,362,0,0,0.35868897857294946
c03,363,0,0,0.35422801513274005
c03,364,0,0,0.4860833188333915
c03,366,0,0,0.3596643196579963
c03,367,0,0,0.21860607850587382
c03,368,0,1,0.5926317243081414
c03,369,0,1,0.9669795233757309
c03,370,0,1,0.6098692651641211
c03,371,0,1,0.503987158185651
c03,372,0,1,0.5355028262542578
c03,373,0,0,0.40351204000438395
c03,374,0,0,0.21743550053348967
c03,375,0,1,0.5464745285576124
c03,376,0,0,0.32167794243909625
c03,377,0,1,0.525791635500638
c03,378,0,1,0.9866169343371438
c03,380,0,0,0.21832501265411305
c03,381,0,0,0.4867832029869841
c03,382,0,0,0.4546969976438799
c03,383,0,0,0.3551053584378811
c03,385,0,0,0.2618950367487346
c03,386,0,0,0.21532607237348633
c03,387,0,0,0.16727759575889098
c03,388,0,0,0.23832560219576931
c03,390,0,0,0.17488799465757218
c03,391,0,0,0.28344344080835904
c03,393,0,0,0.3032344492099913
c03,394,0,0,0.23522467781197104
c03,399,0,0,0.3855067409764292
c03,401,0,0,0.16586379623511496
c03,402,0,0,0.26302158857195856
c03,403,0,1,0.9843839855492169
c03,405,0,0,0.4353932754915974
c03,406,0,1,0.6473272030612153
c03,407,0,1,0.6155177719522514
c03,408,0,0,0.16802277903048457
c03,409,0,0,0.21787134406397035
c03,410,0,0,0.3918561998886824
c03,411,0,0,0.3021212586105538
c03,412,0,0,0.30195139934037885
c03,413,0,0,0.3410123705918282
c03,414,0,0,0.390599360417443
c03,415,0,0,0.3965053951726802
c03,416,0,0,0.16235925324387138
c03,417,0,0,0.4421342153319237
c03,420,0,0,0.28717225511294314
c03,421,0,1,0.8208038924329052
c03,422,0,1,0.980538370388819
c03,423,0,1,0.570612883527052
c03,424,0,1,0.5192496129474721
c03,425,0,0,0.3587031708548456
c03,426,0,0,0.26390329612399543
c03,427,0,0,0.31089466541947236
c03,428,0,0,0.3198482745576236
c03,429,0,0,0.3415261837686358
c03,430,0,0,0.2624781075962594
c03,431,0,0,0.2508642966055592
c03,432,0,0,0.374308373778428
c03,434,0,0,0.25291206392536286
c03,435,0,0,0.1423292051654503
c03,436,0,0,0.35567291194739004
c03,437,0,0,0.3801415399915503
c03,438,0,0,0.49146774499037277
c03,439,0,0,0.26553352528944274
c03,440,0,0,0.3006521249632524
c03,441,0,1,0.7405781193461444
c03,442,0,1,0.9590881330498642
c03,443,0,1,0.9340119936989424
c03,444,0,0,0.32691984418524767
c03,445,0,1,0.5686162531753309
c03,446,0,1,0.7175251755365682
c03,447,0,0,0.38847838505982757
c03,448,0,0,0.28502491639921235
c03,449,0,1,0.5407496049164409
c03,450,0,0,0.2848623758731195
c03,451,0,1,0.9819837720591167
c03,452,0,1,0.8045589148227071
c04,19,0,0,0.04834410097037786
c04,20,0,0,0.030001043503092392
c04,21,0,0,0.35718471404286906
c04,22,0,0,0.4110237017944078
c04,23,0,0,0.12382051139251238
c04,24,0,0,0.11586760154424737
c04,25,0,0,0.16637072212640192
c04,26,0,0,0.16471600387660368
c04,27,0,0,0.1281587563213734
c04,28,0,0,0.2593109593906312
c04,29,0,0,0.17836284989459072
c04,30,0,0,0.09761598769722493
c04,31,0,0,0.13503207503263706
c04,32,0,0,0.1333437499237264
c04,33,0,0,0.09034868460694238
c04,34,0,0,0.0967445720184435
c04,35,0,0,0.1647125702565367
c04,36,0,0,0.17726296305075592
c04,37,0,0,0.22158507503196742
c04,38,0,0,0.14295345148296615
c04,39,0,0,0.17352346507255434
c04,40,0,0,0.12676014020320453
c04,41,0,0,0.3995820847370776
c04,42,0,0,0.30511044572287205
c04,43,0,0,0.0882930730727918
c04,44,0,0,0.09086433056473894
c04,45,0,0,0.13082906854067294
c04,46,0,0,0.09343479578743878
c04,47,0,0,0.07870434335037146
c04,48,0,0,0.1919494897744148
c04,49,0,0,0.16454764443545655
c04,50,0,0,0.2590513994704202
c04,51,0,0,0.09000827904146749
c04,52,0,0,0.17456196823065878
c04,53,0,0,0.26090116099717375
c04,54,0,0,0.13097263547378965
c04,55,0,0,0.21498719512861636
c04,56,0,0,0.14301478777348134
c04,57,0,0,0.24307727873257332
c04,58,0,0,0.12079952781033934
c04,59,0,0,0.13613895610444782
c04,60,0,0,0.30356425782742186
c04,61,0,0,0.1103670870568301
c04,62,0,0,0.22236778574568516
c04,63,0,0,0.08508814558686424
c04,64,0,0,0.07283881793666716
c04,65,0,0,0.12376855653619039
c04,66,0,0,0.1462880700424336
c04,67,0,0,0.08337322253609321
c04,68,0,0,0.16070886176932528
c04,69,0,0,0.1141713828678331
c04,70,0,0,0.08210132695599662
c04,71,0,0,0.1394845692652317
c04,72,0,0,0.0836833365606697
c04,73,0,0,0.09726289442542663
c04,74,0,0,0.08631406190009255
c04,75,0,0,0.14041209285246975
c04,76,0,0,0.14075330416032342
c04,77,0,0,0.07371100945390081
c04,78,0,0,0.33903634467491345
c04,79,0,0,0.1518100686981436
c04,80,0,0,0.05106048034833998
c04,81,0,0,0.08127539767062472
c04,82,0,0,0.09990503333661839
c04,83,0,0,0.11042591531436546
c04,84,0,0,0.05975274346646953
c04,85,0,0,0.0932173625773814
c04,86,0,0,0.056677923852957564
c04,87,0,0,0.07178467051040997
c04,88,0,0,0.05713822026878463
c04,89,0,0,0.0792124522791794
c04,90,0,0,0.07360703338854736
c04,91,0,0,0.06761436705691955
c04,92,0,0,0.07152983204576151
c04,93,0,0,0.0677017755041416
c04,94,0,0,0.13572741542873348
c04,95,0,0,0.06384143308847953
c04,96,0,0,0.06945639070988023
c04,97,0,0,0.06561808159293549
c04,98,0,0,0.054416430808950485
c04,99,0,0,0.08307044752512134
c04,100,0,0,0.06794604982499865
c04,101,0,0,0.04910417443054565
c04,102,0,0,0.0861314221366633
c04,103,0,0,0.042749985350078214
c04,104,0,0,0.05162707879272345
c04,105,0,0,0.030552082496882786
c04,106,0,0,0.05298211741105262
c04,107,0,0,0.04932103695636836
c04,108,0,0,0.04816224100066468
c04,109,0,0,0.04834161737595387
c04,110,0,0,0.04981452013956224
c04,111,0,0,0.07818457484323699
c04,112,0,0,0.03710561675628315
c04,113,0,0,0.038497736228873904
c04,114,0,0,0.033851382641457164
c04,115,0,0,0.0581526451284167
c04,116,0,0,0.04615238740222137
c04,117,0,0,0.061129769612383845
c04,118,0,0,0.033606446590456564
c04,119,0,0,0.05126088551237823
c04,120,0,0,0.05662551691873637
c04,121,0,0,0.09250920304997758
c04,122,0,0,0.04866633913683537
c04,123,0,0,0.04289125261318253
c04,124,0,0,0.03448053043857711
c04,125,0,0,0.06483780692543444
c04,126,0,0,0.032714620328555495
c04,127,0,0,0.04151607356913398
c04,128,0,0,0.042067446459310286
c04,129,0,0,0.026307947048842956
c04,130,0,0,0.04152587555011477
c04,131,0,0,0.03759573324572222
c04,132,0,0,0.027062630832182306
c04,133,0,0,0.04114151715854146
c04,134,0,0,0.0266689601678678
c04,135,0,0,0.041634216683057466
c04,136,0,0,0.03824865446733409
c04,137,0,0,0.036507466067551696
c04,138,0,0,0.04040524362203483
c04,139,0,0,0.03974866796262899
c04,140,0,0,0.03240824823149001
c04,141,0,0,0.04250836966701647
c04,142,0,0,0.02725036633631348
c04,143,0,0,0.03565704116043735
c04,144,0,0,0.03226539059635905
c04,145,0,0,0.03156210446296018
c04,146,0,0,0.036765454072783574
c04,147,0,0,0.03570792998959411
c04,148,0,0,0.02849057896920752
c04,149,0,0,0.034343451131121056
c04,150,0,0,0.03137176950176299
c04,151,0,0,0.047840970914067256
c04,152,0,0,0.0322084909686738
c04,153,0,0,0.23430974184299813
c04,154,0,0,0.22525103671754554
c04,155,0,0,0.03499117897441331
c04,156,0,0,0.02955255723878804
c04,157,0,0,0.042663316908604094
c04,158,0,0,0.027087019390742595
c04,159,0,0,0.03096600828826378
c04,160,0,0,0.03550597601234228
c04,161,0,0,0.0376098778042551
c04,162,0,0,0.028913897709080753
c04,163,0,0,0.03967732932485857
c04,164,0,0,0.04706982429716417
c04,165,0,0,0.11661868358033202
c04,166,0,0,0.03787595580575046
c04,167,0,0,0.04010564281966861
c04,168,0,0,0.04464496738667966
c04,169,0,0,0.04663878000238365
c04,170,0,0,0.04402799165575267
c04,171,0,0,0.04613832145551474
c04,172,0,0,0.03595223006416106
c04,173,0,0,0.03916133949666302
c04,174,0,0,0.031138773984517736
c04,175,0,0,0.04268374963558242
c04,176,0,0,0.04701200969717257
c04,177,0,0,0.04723037458293415
c04,178,0,0,0.04300838749709896
c04,179,0,0,0.046322466270052445
c04,180,0,0,0.04959089179536658
c04,181,0,0,0.05695140205787007
c04,182,0,0,0.05560986455869669
c04,183,0,0,0.03521398603554313
c04,184,0,0,0.045981674824763744
c04,185,0,0,0.03750471841541327
c04,186,0,0,0.04700698053477326
c04,187,0,0,0.03989214434013119
c04,188,0,0,0.0511101336700227
c04,189,0,0,0.063253026581178
c04,190,0,0,0.06705609141875163
c04,191,0,0,0.04498515467386365
c04,192,0,0,0.043066774322466354
c04,193,0,0,0.04457823274726735
c04,194,0,0,0.03451433160740108
c04,195,0,0,0.03983915101261808
c04,196,0,0,0.030929306029793713
c04,197,0,0,0.04498305601645815
c04,198,0,0,0.048705359367994354
c04,199,0,0,0.04701219548978465
c04,200,0,0,0.03011497762584773
c04,201,0,0,0.038258526779135264
c04,202,0,0,0.042712048214679874
c04,203,0,0,0.02933884160292661
c04,204,0,0,0.03805382962620082
c04,205,0,0,0.039057518079722596
c04,206,0,0,0.0445335993753222
c04,207,0,0,0.03802338225233407
c04,208,0,0,0.03776169450945177
c04,209,0,0,0.0401513427269019
c04,210,0,0,0.033088305099249676
c04,211,0,0,0.04126598622966483
c04,212,0,0,0.01854328469022159
c04,213,0,0,0.029881332042723342
c04,214,0,0,0.04215614194543592
c04,215,0,0,0.02127889930452089
c04,216,0,0,0.04186147105571637
c04,217,0,0,0.031836663027253374
c04,218,0,0,0.01752737904746162
c04,219,0,0,0.020978917512444878
c04,220,0,0,0.029440690698585723
c04,221,0,0,0.014686240653923563
c04,222,0,0,0.01154699271098492
c04,223,0,0,0.017728381930570143
c04,224,0,0,0.012762661228825726
c04,225,0,0,0.02966006691562911
c04,226,0,0,0.10197659007673178
c04,227,0,0,0.011127930479923089
c04,228,0,0,0.015395815758676998
c04,229,0,0,0.014451966328982414
c04,230,0,0,0.028270216625265528
c04,231,0,0,0.031622516757296396
c04,232,0,0,0.012961162686235917
c04,233,0,0,0.017168575929221924
c04,234,0,0,0.014095718573236087
c04,235,0,0,0.01925898404128943
c04,236,0,0,0.015211105746729755
c04,237,0,0,0.014773672962149379
c04,238,0,0,0.024742256809819948
c04,239,0,0,0.02189267405257121
c04,240,0,0,0.015394697971057709
c04,241,0,0,0.02050529246982377
c04,242,0,0,0.024422175385443678
c04,243,0,0,0.021555727192535252
c04,244,0,0,0.015636778892200644
c04,245,0,0,0.020519543487753575
c04,246,0,0,0.02400762674109965
c04,247,0,0,0.017530681318879828
c04,248,0,0,0.024839689437022264
c04,249,0,0,0.023145557041613266
c04,250,0,0,0.02355877825292075
c04,251,0,0,0.026339301445581238
c04,252,0,0,0.02412378021357733
c04,253,0,0,0.02032768661956808
c04,254,0,0,0.019037859798279374
c04,255,0,0,0.02057594069985225
c04,256,0,0,0.01698785088312393
c04,257,0,0,0.01639801063747741
c04,258,0,0,0.01442620380431012
c04,259,0,0,0.11934641927389035
c04,260,0,0,0.3079314381347774
c04,261,0,0,0.4913780395552162
c04,262,0,0,0.21881376122319743
c04,263,0,0,0.24435432286870107
c04,264,0,0,0.3610318456315095
c04,265,0,0,0.18258768103303274
c04,266,0,0,0.24792562045846728
c04,268,0,0,0.2228564846806337
c04,269,0,0,0.32631019024160635
c04,270,0,0,0.23671397440636638
c04,271,0,0,0.3221402260520472
c04,272,0,0,0.1540039928944005
c04,273,0,0,0.19896391112478573
c04,275,0,1,0.6433016752220247
c04,276,0,0,0.2391786677584797
c04,277,0,1,0.6398134675879736
c04,278,0,0,0.10574561606680097
c04,279,0,0,0.2187855927494335
c04,280,0,0,0.24233491771661178
c04,281,0,0,0.21102554988414354
c04,282,0,0,0.17907487665899266
c04,283,0,0,0.24196642375666144
c04,284,0,0,0.2336487612004777
c04,285,0,1,0.6002778348916001
c04,286,0,0,0.43088585841032345
c04,287,0,0,0.30261136505804836
c04,288,0,0,0.3760955480195027
c04,289,0,0,0.18671724928958144
c04,290,0,0,0.21192298824166847
c04,291,0,0,0.20014006776735763
c04,292,0,0,0.18516017914232483
c04,293,0,0,0.14688886002797266
c04,294,0,0,0.224525321832882
c04,295,0,0,0.22214463665202652
c04,296,0,0,0.2518650567030848
c04,297,0,0,0.15983258175296594
c04,298,0,0,0.17662711384400928
c04,299,0,0,0.2666194001340299
c04,300,0,0,0.16900791418297859
c04,301,0,0,0.1474958883228931
c04,302,0,0,0.2467134831227987
c04,303,0,0,0.18569938557444315
c04,304,0,0,0.15436255631600038
c04,305,0,0,0.1647598183575023
c04,306,0,0,0.12159686457658002
c04,307,0,0,0.14292496760305945
c04,308,0,0,0.4423345465796702
c04,309,0,0,0.1376242672850904
c04,311,0,0,0.09684926461565077
c04,312,0,0,0.1557341400163328
c04,313,0,0,0.12412588149034098
c04,314,0,0,0.1594047495566871
c04,315,0,0,0.2194913824205221
c04,316,0,0,0.04833795293813025
c04,317,0,0,0.09488803128461563
c04,318,0,0,0.08226533090066793
c04,319,0,0,0.11076086511478027
c04,320,0,0,0.11538710200653209
c04,321,0,0,0.11688315127009524
c04,322,0,0,0.11954469988388441
c04,323,0,0,0.10269600006095088
c04,324,0,0,0.12705549928377455
c04,325,0,0,0.07405352896142928
c04,326,0,0,0.0714870519894054
c04,327,0,0,0.09186217429537098
c04,328,0,0,0.0763433072193411
c04,329,0,0,0.05955085662708854
c04,330,0,0,0.10400477975427416
c04,331,0,0,0.05060458526732598
c04,332,0,0,0.058763933896334886
c04,333,0,0,0.04183900849782872
c04,334,0,0,0.025578308291723334
c04,335,0,0,0.02868470637783608
c04,336,0,0,0.059699407881881654
c04,337,0,0,0.03861589327123143
c04,338,0,0,0.0643632561797809
c04,339,0,0,0.050840098080590285
c04,340,0,0,0.1768848834064865
c04,341,0,0,0.04167214817242287
c04,342,0,0,0.05576037744603013
c04,343,0,0,0.027601997305256924
c04,344,0,0,0.05515556771638826
c04,345,0,0,0.10200681267067706
c04,346,0,0,0.04138781725197989
c04,347,0,0,0.0370364695642038
c04,348,0,0,0.059293347639768214
c04,349,0,0,0.22357024322196573
c04,350,0,0,0.06092652495596323
c04,351,0,0,0.036701451301515205
c04,352,0,0,0.024335438586639575
c04,353,0,0,0.03405272007556215
c04,354,0,0,0.038383150598819304
c04,355,0,0,0.02603820206783912
c04,356,0,0,0.024609994967340478
c04,357,0,0,0.15452477955404584
c04,358,0,0,0.036659299629977216
c04,359,0,0,0.04213353811367869
c04,360,0,0,0.04595207939860501
c04,361,0,0,0.05371829164159729
c04,362,0,0,0.0495655914281621
c04,363,0,0,0.03062311803200817
c04,364,0,0,0.09809630179457075
c04,365,0,0,0.090871469362843
c04,366,0,0,0.0800288037833706
c04,367,0,0,0.06620357562356799
c04,368,0,0,0.07884826179161329
c04,369,0,0,0.07730661498317526
c04,370,0,0,0.10086890523053174
c04,371,0,0,0.19647185800360809
c04,372,0,0,0.10229534450686686
c04,373,0,0,0.18741833463984697
c04,374,0,0,0.22300592244394069
c04,375,0,0,0.17464237711403405
c04,376,0,0,0.09216050243909031
c04,377,0,0,0.13751588581309154
c04,378,0,0,0.13730624279573747
c04,379,0,0,0.1949132600320243
c04,380,0,0,0.08531940003641388
c04,381,0,0,0.13537146302566083
c04,383,0,0,0.08926398035177589
c04,384,0,0,0.08619256110970007
c04,385,0,0,0.12524441990147037
c04,386,0,0,0.11243592944177157
c04,387,0,0,0.15425434666229187
c04,388,0,0,0.12402187995649618
c04,389,0,0,0.10868905183651219
c04,390,0,0,0.12243259846559774
c04,391,0,0,0.11310242713868364
c04,392,0,0,0.09342794399747423
c04,393,0,0,0.1056855469376569
c04,394,0,0,0.049838162264791395
c04,395,0,0,0.06173614971165469
c04,396,0,0,0.07496539454868749
c04,397,0,0,0.04167692010782279
c04,398,0,0,0.06487819114455834
c04,399,0,0,0.04620449159230018
c04,400,0,0,0.08818977987634254
c04,401,0,0,0.380603227867071
c04,402,0,0,0.02054255441160248
c04,403,0,0,0.0175817977092118
c04,404,0,0,0.013126999795858164
c04,405,0,0,0.04756121620577486
c04,406,0,0,0.05135224639715606
c04,407,0,0,0.04601611021634608
c04,408,0,0,0.03515987968246166
c04,409,0,0,0.0719335858121567
c04,410,0,0,0.0553529031259137
c04,411,0,0,0.040519489921723266
c04,412,0,0,0.03992394194927875
c04,413,0,0,0.0478749461129886
c04,414,0,0,0.046497844074297905
c04,415,0,0,0.032638797993341996
c04,416,0,0,0.036929000403396306
c04,417,0,0,0.03567779077244726
c04,418,0,0,0.04455572927886556
c04,419,0,0,0.06446389518754324
c04,420,0,0,0.03154884294819076
c04,421,0,0,0.08790353935816973
c04,422,0,0,0.46389114483088706
c04,423,0,0,0.08900714485956536
c04,424,0,0,0.13314613038269102
c04,425,0,0,0.0512550490886172
c04,426,0,0,0.030264134047721835
c04,427,0,0,0.01885876328549807
c04,428,0,0,0.024105693047202063
c04,429,0,0,0.02215293975049209
c04,430,0,0,0.01638436245942844
c04,431,0,0,0.02049722036077143
c04,432,0,0,0.03378822305100381
c04,433,0,0,0.013931516302886603
c04,434,0,0,0.019492369792817783
c04,435,0,0,0.028349595339723116
c04,436,0,0,0.023508309980709536
c04,437,0,0,0.019118198323574084
c04,438,0,0,0.013634669588215452
c04,439,0,0,0.013909140484440424
c04,440,0,0,0.034559326029922316
c04,441,0,0,0.02553595475580391
c04,442,0,0,0.018445201870733348
c04,443,0,0,0.021567142717624305
c04,444,0,0,0.02395351237767575
c04,445,0,0,0.025004525195292407
c04,446,0,0,0.012511996430280383
c04,447,0,0,0.015782141953377626
c04,448,0,0,0.023960050512596337
c04,449,0,0,0.015614338656146653
c04,450,0,0,0.028508698971345985
c04,451,0,0,0.023080322184072875
c04,452,0,0,0.015355586752763318
c04,453,0,0,0.015612285786484548
c04,454,0,0,0.013683485426292743
c04,455,0,0,0.010146993554592892
c04,456,0,0,0.18598855524105623
c04,457,0,0,0.04187234031219366
c04,458,0,0,0.011637717177441012
c04,459,0,0,0.016462049024337833
c04,460,0,0,0.012852056011015092
c04,461,0,0,0.015618712622047982
c04,462,0,0,0.01171904705294113
c04,463,0,0,0.012021013343681289
c04,464,0,0,0.011999726386605262
c04,465,0,0,0.011276942349221221
c04,466,0,0,0.023725284705435837
c04,467,0,0,0.03542015566139759
c04,468,0,0,0.011872482839638302
c04,469,0,0,0.01370750328937166
c04,470,0,0,0.02024921725790706
c04,471,0,0,0.022203610707449247
c04,472,0,0,0.019180057407368237
c04,473,0,0,0.012895903933285381
c04,474,0,0,0.016761306218442483
c04,475,0,0,0.014353979531983961
c04,476,0,0,0.008701042316470635
c04,477,0,0,0.3321128363520455
c04,478,0,0,0.11829824467271452
c04,479,0,0,0.0741257682940727
c04,480,0,0,0.07651060038859997
c05,1,0,0,0.230207189773637
c05,2,0,0,0.3944437276529659
c05,3,0,1,0.7153275192023005
c05,4,0,0,0.2853635887111304
c05,5,0,0,0.422970088613256
c05,6,1,0,0.34476459367957574
c05,7,0,0,0.3048510549109242
c05,8,0,0,0.37040546370959876
c05,9,0,0,0.36605827183644135
c05,10,0,0,0.3969328636935648
c05,11,0,0,0.3472714057163607
c05,12,0,0,0.20028052030317794
c05,13,0,0,0.2806219168478767
c05,14,0,0,0.28613762051374386
c05,15,0,0,0.21643731435663996
c05,16,0,1,0.5088902237305523
c05,17,0,0,0.15820375509494114
c05,19,0,0,0.3481216128089026
c05,20,0,0,0.2206568275691413
c05,21,0,0,0.3088928047760969
c05,22,0,0,0.24607644924388605
c05,23,0,0,0.24947998961161685
c05,26,0,0,0.4787501071056427
c05,27,0,0,0.47475956440450046
c05,28,0,0,0.2704245811733388
c05,29,0,0,0.3460801835327245
c05,30,0,0,0.3894780482394628
c05,31,0,0,0.40637841702918037
c05,34,0,0,0.4084713721777706
c05,37,0,1,0.5352582716240538
c05,38,0,0,0.4418375429712079
c05,39,0,0,0.24712877634364264
c05,40,0,0,0.23201827731306549
c05,41,0,0,0.22190793445557305
c05,44,0,0,0.22338880219716264
c05,45,0,0,0.33461354400976395
c05,46,0,0,0.49994065194975285
c05,47,0,0,0.47637929315584665
c05,48,0,0,0.3354438917901024
c05,49,0,0,0.4898891967815503
c05,50,0,1,0.5078209834058708
c05,51,0,0,0.4969081255338188
c05,52,0,0,0.35252811199397127
c05,53,0,0,0.2547839247691811
c05,54,0,0,0.26905951322525
c05,55,0,0,0.18508234827492775
c05,57,0,0,0.4402054806508389
c05,58,0,0,0.29329030965072045
c05,59,0,0,0.40229338112508933
c05,60,0,0,0.38136978358034357
c05,61,0,0,0.39412658128833056
c05,63,0,0,0.42991973276899303
c05,65,0,0,0.4040922480824673
c05,66,0,0,0.45377613172041215
c05,67,0,0,0.49988845964789946
c05,69,0,0,0.4317707808663965
c05,70,0,0,0.3028625162517469
c05,71,0,0,0.4548786811327981
c05,72,0,0,0.3419217917439452
c05,73,0,0,0.37306693527885826
c05,74,0,0,0.32194866722394383
c05,75,0,0,0.4529490695008962
c05,76,0,1,0.5119110572205041
c05,77,0,1,0.5038506286289686
c05,78,0,1,0.5180442153649699
c05,80,0,0,0.48743664824061
c05,81,0,0,0.4071158405457289
c05,82,0,0,0.49351844248555715
c05,83,0,0,0.49640184671253457
c05,84,0,1,0.5504717231169907
c05,86,0,1,0.5307931856241712
c05,87,0,0,0.2957045687927395
c05,88,0,0,0.353493024993839
c05,89,0,0,0.48228800402642363
c05,90,0,1,0.884095022277211
c05,91,0,0,0.4125693068078296
c05,92,0,0,0.339465095742348
c05,93,0,0,0.49934286764864505
c05,94,0,0,0.45654504092218456
c05,95,0,1,0.565348688795165
c05,96,0,0,0.4897939719930549
c05,97,0,0,0.40812346076124156
c05,100,0,0,0.49707824435642456
c05,101,0,0,0.2906275578276436
c05,102,0,0,0.3656336752940315
c05,104,0,0,0.3775402140447729
c05,105,0,0,0.3264144120560189
c05,107,0,0,0.2877815846943488
c05,109,0,1,0.5318122706655025
c05,110,0,1,0.9268086422555827
c05,111,0,1,0.7147450057084506
c05,113,0,1,0.612006663561219
c05,114,0,0,0.350511979567314
c05,115,0,0,0.2515949787510314
c05,116,0,1,0.5639582875375817
c05,117,0,0,0.3553241344194632
c05,118,0,0,0.3918404994675375
c05,119,0,0,0.36202075910743015
c05,120,0,0,0.2979733294602784
c05,121,0,0,0.4102464550198996
c05,122,0,1,0.585744782568983
c05,123,0,0,0.38273655632767506
c05,124,0,0,0.33743387141456677
c05,125,0,1,0.5842444242145608
c05,126,0,1,0.6843368373092146
c05,127,0,1,0.5602375651246219
c05,128,0,0,0.4197594812172643
c05,129,0,0,0.47853451945067205
c05,132,0,0,0.35591221328323125
c05,133,0,0,0.29455575662753325
c05,134,0,0,0.2995776130034402
c05,135,0,0,0.3477578540927395
c05,136,0,0,0.4095598429691497
c05,137,0,1,0.5943343341682498
c05,138,0,0,0.4250743604176231
c05,139,0,0,0.42010233135365854
c05,140,0,0,0.31755973522616615
c05,142,0,1,0.6219105447626473
c05,143,0,1,0.6037454503153934
c05,144,0,0,0.35570369332493795
c05,145,0,1,0.7100143689844337
c05,146,0,1,0.760716460536029
c05,147,0,1,0.5016657189708086
c05,148,0,1,0.6500327228430718
c05,149,0,0,0.44753304375552144
c05,150,0,0,0.35379812583286474
c05,151,0,0,0.2680614072810211
c05,153,0,1,0.6254506304708691
c05,156,0,0,0.43887291489647434
c05,157,0,0,0.2571682960686767
c05,158,0,0,0.39822853815067516
c05,159,0,0,0.30106175270417407
c05,160,0,0,0.2887749260340115
c05,161,0,1,0.5176057921203765
c05,162,0,0,0.3262912967925849
c05,163,0,1,0.6242455260094655
c05,164,0,1,0.6142290661811161
c05,165,0,1,0.8630656061684505
c05,166,0,0,0.37387303485473516
c05,167,0,0,0.2383778874337771
c05,168,0,0,0.4386792604552204
c05,169,0,0,0.425411178701323
c05,170,0,1,0.5487128965780386
c05,171,0,0,0.40995394652761546
c05,175,0,0,0.22640967798122433
c05,177,0,0,0.2921968455277936
c05,178,0,0,0.32069421409993776
c05,180,0,0,0.2806247441639087
c05,182,0,0,0.23473124296328607
c05,183,0,0,0.3281317547215555
c05,184,0,0,0.2770612784746558
c05,185,0,0,0.38917574956949613
c05,186,0,0,0.311083292191126
c05,188,0,0,0.4549448131383554
c05,190,0,0,0.45821243545973966
c05,191,0,0,0.41755012268534963
c05,193,0,0,0.27020773406222004
c05,194,0,1,0.6401570050170647
c05,195,0,1,0.6427373901639665
c05,196,0,0,0.4870655819078283
c05,197,0,1,0.5859096789482159
c05,199,0,0,0.24166539746399077
c05,200,0,0,0.42531172626369723
c05,201,0,0,0.3348750937998059
c05,202,0,0,0.3631290509306753
c05,203,0,0,0.3830232388737146
c05,204,0,0,0.3747739812185554
c05,205,0,0,0.4579076597120963
c05,206,0,1,0.6631875665856929
c05,207,0,0,0.41918514993430656
c05,208,0,0,0.3959894875438536
c05,209,0,1,0.8452506512634242
c05,210,0,0,0.42658719408657886
c05,211,0,0,0.3587747718860976
c05,212,0,0,0.2272403022871391
c05,213,0,0,0.33964697737209504
c05,214,0,0,0.33202036880258945
c05,215,0,1,0.5479839222996923
c05,216,0,0,0.322998301157781
c05,217,0,0,0.45774446365658533
c05,218,0,0,0.36443403451778367
c05,219,0,0,0.3805268280519995
c05,220,0,1,0.6703419692720536
c05,221,0,0,0.38780310703521453
c05,222,0,1,0.5155790443716645
c05,223,0,0,0.36005768606901783
c05,225,0,0,0.44359678351989257
c05,226,0,0,0.49657053040078436
c05,228,0,0,0.3918311706745664
c05,229,0,1,0.5052628214955155
c05,230,0,0,0.301420346246932
c05,232,0,1,0.5710864256317085
c05,233,0,1,0.5149544360648813
c05,236,0,0,0.2706469406895554
c05,237,0,0,0.2534033725670908
c05,238,0,0,0.3759621763391713
c05,240,0,0,0.3789406341809248
c05,241,0,0,0.24324339636402867
c05,242,0,1,0.5175920501615189
c05,244,0,0,0.38574293756673333
c05,245,0,0,0.3760615913905246
c05,246,0,0,0.4664452643526046
c05,249,0,0,0.3373027761074792
c05,250,0,1,0.5207011281231433
c05,251,0,0,0.4046001368341585
c05,253,0,0,0.24349269888789335
c05,254,0,1,0.5437076467782271
c05,255,0,1,0.8736786706667625
c05,256,0,1,0.5806741122033462
c05,257,0,0,0.3434202715321148
c05,258,0,1,0.5341445525746351
c05,259,0,0,0.3567584076505735
c05,260,0,0,0.48619008594437263
c05,261,0,0,0.42182916265933024
c05,262,0,0,0.37386627635702946
c05,263,0,0,0.31619274186869617
c05,264,0,0,0.30973146729135875
c05,265,0,0,0.43800994300868246
c05,266,0,0,0.24229286394510394
c05,267,0,1,0.5869768199547775
c05,268,0,0,0.28074528797366827
c05,269,0,0,0.356855088074496
c05,270,0,0,0.36856113492770465
c05,271,0,0,0.435157131371526
c05,272,0,0,0.4793082470427321
c05,274,0,0,0.39925228233195925
c05,275,0,1,0.9072811402812191
c05,276,0,0,0.38545277048299
c05,277,0,0,0.47868374302846317
c05,278,0,0,0.38603644149040717
c05,279,0,0,0.3785313788004529
c05,280,0,0,0.40888085796366297
c05,281,0,0,0.4804766438135087
c05,282,0,0,0.41211772407174757
c05,283,0,0,0.4748523847684637
c05,284,0,1,0.7038697551089375
c05,285,0,0,0.49755017455788036
c05,287,0,1,0.5278290808763146
c05,288,0,1,0.5069941854834585
c05,289,0,0,0.4651921646639129
c05,292,0,0,0.28598289377597014
c05,293,0,0,0.3571453967011596
c05,294,0,0,0.2553767121783237
c05,295,0,1,0.7278990745844603
c05,297,0,0,0.24059280560420637
c05,299,0,1,0.5203426563702883
c05,300,0,1,0.912523279149848
c05,301,0,0,0.33547820616748014
c05,303,0,1,0.5051701928165278
c05,305,0,0,0.4985656753918406
c05,306,0,0,0.38103653880029414
c05,307,0,0,0.38811761407202816
c05,308,0,0,0.49218181860784416
c05,309,0,0,0.42426363075748985
c05,310,0,0,0.4072111373617946
c05,311,0,0,0.3836417522716214
c05,312,0,0,0.44143090190772993
c05,313,0,0,0.42780324250289004
c05,314,0,0,0.39719235734172154
c05,315,0,0,0.3456945809108375
c05,316,0,1,0.765316116526471
c05,317,0,1,0.6007100237647267
c05,318,0,0,0.3511044139644604
c05,319,0,0,0.4864945885106655
c05,320,0,0,0.40001254248389284
c05,321,0,1,0.647144150278195
c05,322,0,0,0.3555814640761642
c05,323,0,0,0.3192229627094462
c05,324,0,0,0.3540057302683389
c05,325,0,0,0.44724732511259807
c05,327,0,1,0.5659173091727511
c05,329,0,0,0.360440962044549
c05,330,0,0,0.41006902491850944
c05,331,0,0,0.3376964441982449
c05,332,0,0,0.4251712361952048
c05,334,0,0,0.35819541641752445
c05,335,0,0,0.35395020385329556
c05,336,0,0,0.45605280273171495
c05,337,0,0,0.38088251284975827
c05,339,0,0,0.28378608150328266
c05,340,0,0,0.1731376404516362
c05,341,0,0,0.4333699999135358
c05,342,0,1,0.5148910614598796
c05,343,0,0,0.4110307121779108
c05,344,0,0,0.37731040286286727
c05,345,0,0,0.3211015254404613
c05,346,0,1,0.9410108000515531
c05,347,0,0,0.42811705875216916
c05,348,0,0,0.44734939519761135
c05,349,0,0,0.4042153939780453
c05,350,0,0,0.4120998690447209
c05,351,0,1,0.5131985835829131
c05,352,0,1,0.7567656856632072
c05,353,0,0,0.4582686030960197
c05,354,0,1,0.5133436130199738
c05,355,0,1,0.5088533069016111
c05,356,0,1,0.6821647866592614
c05,358,0,0,0.39929096947810877
c05,359,0,0,0.3444236340473804
c05,360,0,0,0.31447113937944005
c05,361,0,1,0.5155117730218814
c05,362,0,0,0.43421920987138485
c05,363,0,0,0.4030713821457834
c05,364,0,0,0.4690550282810027
c05,365,0,0,0.32852876824114596
c05,366,0,1,0.5601510509647206
c05,367,0,0,0.3444141835160351
c05,368,0,0,0.4669739143758113
c05,369,0,1,0.703640120852944
c05,370,0,1,0.9457648024924423
c05,371,0,1,0.629786608799848
c05,372,0,0,0.371208396573031
c05,373,0,1,0.5513482597434605
c05,374,0,0,0.2608830693874003
c05,375,0,0,0.27844778975563667
c05,376,0,0,0.36606484387833826
c05,377,0,0,0.29398706282193854
c05,379,0,1,0.6454749081691942
c05,380,0,0,0.41181232313007565
c05,381,0,0,0.40257374634965415
c05,384,0,0,0.49284647611053073
c05,385,1,1,0.5474467355263132
c05,386,1,0,0.26182775428194227
c05,387,0,1,0.8686169634204366
c05,388,0,0,0.3392869690857672
c05,389,0,1,0.516166048231968
c05,390,0,0,0.3692646247508402
c05,391,0,1,0.5378692403590216
c05,392,0,0,0.4396571806771985
c05,393,0,0,0.41102435429472006
c05,394,0,0,0.32834037582250114
c05,395,0,0,0.3931829739371113
c05,396,0,0,0.3773478163744405
c05,397,0,0,0.35027816841485326
c05,398,0,0,0.43296030603136376
c05,399,0,0,0.3490635182992456
c05,400,0,0,0.4852514678144194
c05,401,0,0,0.34187014950232314
c05,402,0,0,0.2992773362140065
c05,403,0,0,0.26809753899475924
c05,404,0,0,0.44916926668325463
c05,405,0,0,0.3732471335007051
c05,406,0,0,0.2840026562032648
c05,407,0,1,0.6892191918509819
c05,408,0,0,0.300763448227126
c05,409,0,0,0.41575253141289475
c05,410,0,0,0.4499972489370184
c05,412,0,0,0.35589997930053263
c05,413,0,0,0.27722448832050606
c05,414,0,0,0.44973539842717297
c05,415,0,0,0.3993700205237217
c05,416,0,0,0.4495908079288737
c05,417,0,0,0.4323814682126845
c05,418,0,0,0.4617616141007731
c05,419,0,0,0.47111544053232846
c05,420,0,0,0.3895105263020691
c05,421,0,0,0.22354238278280142
c05,422,0,0,0.40121989333056257
c05,424,0,0,0.48875431092179983
c05,425,0,0,0.33661041250814183
c05,426,0,0,0.38004413258573994
c05,427,0,0,0.3626708164438757
c05,428,0,0,0.3214777948997989
c05,429,0,0,0.22198568101375063
c05,430,0,0,0.36033714302222736
c05,431,0,0,0.4091187294182605
c05,432,0,0,0.4793740348512958
c05,433,0,0,0.3281058535421315
c05,434,0,0,0.4302298317503744
c05,435,0,0,0.3804362009165077
c05,436,0,0,0.42782479412103996
c05,437,0,0,0.3837513189714676
c05,438,0,0,0.39776447701088097
c05,439,0,0,0.43393592057442487
c05,440,0,1,0.5016839740462741
c05,441,0,0,0.2512863280630562
c05,442,0,0,0.2648379818696521
c05,443,0,0,0.3489543270172095
c05,444,0,0,0.46341041288775264
c05,446,0,0,0.29740531829070543
c05,447,0,1,0.8843173609474718
c05,448,0,0,0.4242778137365202
c05,449,0,1,0.6741761422180351
c05,450,0,0,0.3794830958959763
c05,451,0,0,0.40536277680332927
c05,452,0,0,0.3743381474223576
c05,453,0,0,0.4161416291960604
c05,454,0,0,0.3451008773013986
c05,455,0,0,0.37814927434460477
c05,456,0,0,0.3884154681240199
c05,457,0,0,0.36228995020266735
c05,458,0,0,0.2519658815305638
c05,459,0,0,0.46125572795848296
c05,460,0,0,0.4638875883651819
c05,461,0,1,0.9162915514057509
c05,462,0,1,0.9064705196725225
c05,463,0,0,0.23770180452479786
c05,464,0,1,0.5400738148484752
c05,465,0,1,0.663056797917807
c06,1,0,0,0.41664514686292375
c06,2,0,0,0.07835229548944393
c06,3,0,0,0.3541461750996719
c06,4,0,0,0.0681540686202483
c06,5,0,0,0.2787116438779733
c06,6,0,0,0.3908810769163162
c06,7,0,0,0.3925449917683857
c06,8,0,0,0.22936631106086774
c06,9,0,0,0.3842837588584802
c06,10,0,0,0.4585294927753465
c06,11,0,1,0.504452501211071
c06,12,0,0,0.2537057224177868
c06,13,0,0,0.3160709751998685
c06,14,0,0,0.2404608346827981
c06,15,0,0,0.24306605041977236
c06,16,0,0,0.20968008337283922
c06,17,0,0,0.16720143665990655
c06,18,0,1,0.5174731052654695
c06,20,0,0,0.3662394465421215
c06,21,0,0,0.28964045105037034
c06,22,0,0,0.21592361901530663
c06,23,0,0,0.28799849041030745
c06,24,0,0,0.3361784113933295
c06,27,0,0,0.4372569700890896
c06,28,0,0,0.4692829002637823
c06,29,0,0,0.36146697487033197
c06,30,0,0,0.3446579179945304
c06,31,0,0,0.36471157113129893
c06,32,0,0,0.34949770094471394
c06,33,0,0,0.21086750206378
c06,35,0,0,0.29630291097609535
c06,36,0,0,0.3831831452640917
c06,37,0,0,0.26063250698392865
c06,38,0,0,0.46463623058052694
c06,39,0,0,0.44457063827292903
c06,40,0,0,0.3141836689477664
c06,41,0,0,0.3269908379388914
c06,43,0,0,0.20756370707655336
c06,47,0,0,0.4867551166273712
c06,48,0,0,0.40432703026392497
c06,49,0,0,0.4881457379123047
c06,50,0,0,0.45135648136650974
c06,51,0,0,0.4277921728564105
c06,52,0,1,0.5019833925431446
c06,53,0,0,0.4215889833764415
c06,54,0,0,0.33633594593927874
c06,55,0,0,0.1928408780331204
c06,56,0,0,0.1846727121089281
c06,58,0,0,0.4493080157933663
c06,59,0,0,0.2649441710427529
c06,60,0,0,0.29883077000608094
c06,61,0,0,0.41449585368490416
c06,62,0,0,0.3482373687598767
c06,63,0,0,0.42458131835045904
c06,64,0,0,0.45096303459791104
c06,65,0,0,0.39096381156640797
c06,67,0,1,0.5254335087508801
c06,68,0,1,0.7470637722195969
c06,69,0,0,0.4351728907636808
c06,70,0,0,0.3951231205051836
c06,71,0,0,0.3367981419518714
c06,72,0,0,0.39792552325730096
c06,73,0,0,0.30949087640629835
c06,74,0,0,0.38011429977780914
c06,75,0,0,0.3365496260840268
c06,76,0,0,0.34150223708571653
c06,77,0,1,0.5341996483772504
c06,78,0,0,0.4741923082285541
c06,80,0,0,0.37109194380650984
c06,81,0,0,0.4347076251739223
c06,82,0,0,0.4513147915473791
c06,83,0,0,0.47768419238905874
c06,84,0,0,0.4642438114102236
c06,85,0,1,0.6565161370925171
c06,86,0,0,0.41491274418455254
c06,87,0,1,0.5005121301861133
c06,88,0,0,0.2324880010398741
c06,89,0,0,0.42283142127801127
c06,91,0,1,0.7829496401843479
c06,92,0,1,0.8530996167505746
c06,93,0,0,0.45137088263117825
c06,94,0,1,0.5032867938194135
c06,96,0,1,0.5949239619714495
c06,97,0,0,0.4473735046955004
c06,98,0,0,0.2913094958566849
c06,99,0,0,0.20133844680494878
c06,101,0,0,0.4613501830137572
c06,102,0,0,0.3501499867265975
c06,103,0,0,0.3982043507915191
c06,106,0,0,0.34786387633651844
c06,107,0,0,0.30321305370671153
c06,108,0,0,0.24837853135148757
c06,109,0,0,0.2886938498262902
c06,110,0,0,0.4935282109192716
c06,111,0,1,0.8075417781274612
c06,112,0,1,0.9618993087099427
c06,113,0,1,0.5699829323628007
c06,114,0,1,0.5527570143488275
c06,115,0,0,0.32880215190485285
c06,116,0,0,0.3307608051875389
c06,117,0,0,0.4988507312333515
c06,118,0,1,0.5266466189416116
c06,119,0,0,0.3547367573965436
c06,120,0,0,0.4045933884792813
c06,122,0,0,0.40240854832342005
c06,123,0,1,0.5993080037547315
c06,124,0,0,0.3945843139894954
c06,125,0,0,0.35650105809477994
c06,126,0,1,0.5581101420284947
c06,127,0,1,0.6854248542482735
c06,128,0,1,0.5952649934027994
c06,129,0,0,0.4214502405557773
c06,130,0,0,0.288341705622606
c06,131,0,0,0.36995752359417683
c06,132,0,0,0.33720364551925125
c06,133,0,0,0.3953591426320672
c06,134,0,1,0.5515751163127529
c06,135,0,0,0.3216289917674896
c06,136,0,0,0.26561356328604296
c06,137,0,1,0.5346276357177843
c06,138,0,0,0.44335594983585747
c06,139,0,1,0.6433380030174107
c06,140,0,0,0.4134847812565703
c06,141,0,0,0.23877907269949947
c06,142,0,0,0.3621564689608826
c06,143,0,0,0.4016355657525188
c06,144,0,1,0.6845252958660928
c06,145,0,1,0.5347817087257134
c06,146,0,0,0.40807771419551936
c06,147,0,1,0.7086835101135772
c06,148,0,1,0.5598061642089459
c06,149,0,1,0.6611238049910599
c06,150,0,0,0.39018602072505265
c06,151,0,0,0.37016142760942783
c06,153,0,0,0.3315741426668065
c06,154,0,1,0.5730417435889896
c06,155,0,0,0.30286698612392776
c06,157,0,0,0.4333121751349823
c06,159,0,0,0.3111994654536576
c06,160,0,0,0.3978919601556353
c06,161,0,0,0.19829500437584127
c06,162,0,0,0.35161278960302805
c06,163,0,1,0.541375570020843
c06,164,0,1,0.6723263334756622
c06,165,0,1,0.5019553736064934
c06,166,0,1,0.7867690219710631
c06,167,0,0,0.43645306054787675
c06,168,0,0,0.26181103602886835
c06,169,0,0,0.41230531780510027
c06,170,0,0,0.35845626770673616
c06,171,0,0,0.4241101298981604
c06,172,0,0,0.49966190772447033
c06,174,0,0,0.27928815212952285
c06,177,0,0,0.34626225265185573
c06,178,0,0,0.25479160029303666
c06,179,0,0,0.28595322570642323
c06,181,0,0,0.1951116635397107
c06,183,0,0,0.2665448041125766
c06,185,0,0,0.270115750110581
c06,186,0,0,0.3746897867207885
c06,189,0,0,0.42050463473908994
c06,190,0,0,0.35028516406476884
c06,191,0,0,0.4425491895558442
c06,193,0,0,0.33859219814950303
c06,194,0,0,0.20100080080378133
c06,195,0,0,0.4999919882083683
c06,196,0,1,0.7219395118038608
c06,197,0,0,0.4357848219219651
c06,198,0,1,0.628301295215389
c06,199,0,0,0.4241562542822392
c06,200,0,0,0.28209857925017817
c06,201,0,0,0.43488126802261223
c06,202,0,0,0.30944407318868056
c06,203,0,0,0.27779200655725705
c06,204,0,0,0.36301196497160937
c06,205,0,0,0.35121680136728495
c06,206,0,0,0.42127075661073643
c06,207,0,1,0.5481500214804225
c06,208,0,1,0.5636059081908501
c06,209,0,0,0.3911978518311123
c06,210,0,1,0.7514706815919525
c06,211,0,0,0.40706859009970275
c06,212,0,0,0.39482965299414624
c06,213,0,0,0.37273930601183547
c06,214,0,0,0.3376362762111875
c06,215,0,0,0.4328961436353444
c06,216,0,0,0.3777567350372934
c06,218,0,0,0.45002979713814345
c06,220,0,1,0.504432648968784
c06,221,0,1,0.6134366220826826
c06,223,0,0,0.49437373225180675
c06,224,0,0,0.4762620962306033
c06,226,0,0,0.45710092806392383
c06,227,0,1,0.5856483645552799
c06,228,0,0,0.3462939416040463
c06,229,0,0,0.4015577456845183
c06,230,0,0,0.4576907322860052
c06,231,0,0,0.45861468988015786
c06,232,0,0,0.28128855818394716
c06,233,0,1,0.5885382546866311
c06,234,0,1,0.5567662118988457
c06,236,0,0,0.3449490766395405
c06,237,0,0,0.29318488355343947
c06,238,0,0,0.33090339172564487
c06,239,0,0,0.3066444566369456
c06,244,0,0,0.41445075197856784
c06,246,0,0,0.43201355021641474
c06,247,0,0,0.4030881971114024
c06,249,0,0,0.4044037600254411
c06,250,0,0,0.39448122174400496
c06,251,0,1,0.5622403095438894
c06,252,0,0,0.37191581310277066
c06,253,0,0,0.43270159030218225
c06,254,0,0,0.26699562744409144
c06,255,0,0,0.32931619075354
c06,256,0,1,0.8394703817501548
c06,257,0,1,0.8621985419319212
c06,258,0,0,0.3789341423529098
c06,259,0,1,0.5162923354481073
c06,260,0,0,0.4765504970860409
c06,261,0,0,0.4136177039603437
c06,262,0,0,0.44653442508249674
c06,263,0,0,0.3522856096735889
c06,264,0,0,0.31427319040838786
c06,265,0,0,0.2790670686471232
c06,267,0,0,0.4035943442905212
c06,268,0,0,0.3458621474964342
c06,269,0,1,0.6007197143852145
c06,270,0,0,0.35864694492378313
c06,271,0,0,0.32993740226373447
c06,272,0,0,0.3900195487970541
c06,273,0,0,0.4430081563239762
c06,274,0,0,0.45083108144165723
c06,275,0,0,0.3373565298497223
c06,276,0,1,0.6709821097251468
c06,277,0,1,0.9031187355014021
c06,278,0,0,0.41012620160492863
c06,279,0,0,0.37643358291083895
c06,280,0,0,0.37307978478493153
c06,281,0,0,0.35806328849616853
c06,282,0,0,0.4554376453620699
c06,283,0,0,0.29449574268144635
c06,285,0,1,0.7678916414176284
c06,286,0,0,0.47313759457869436
c06,288,0,1,0.5089101457983003
c06,289,0,0,0.44449372258272446
c06,290,0,0,0.48203129967293823
c06,291,0,0,0.444888818635872
c06,293,0,0,0.34383025832052905
c06,294,0,0,0.2775432716701237
c06,296,0,1,0.7270064585296038
c06,298,0,0,0.2667820081804781
c06,299,0,0,0.2982109875515397
c06,300,0,0,0.4223139762225741
c06,301,0,1,0.8805408880392496
c06,302,0,0,0.3068857771042242
c06,304,0,1,0.5258016867796026
c06,305,0,0,0.37340445182976306
c06,306,0,0,0.22308712898091979
c06,307,0,0,0.4562595160637828
c06,308,0,0,0.38042474647583063
c06,309,0,0,0.4722076777384479
c06,310,0,0,0.4487776560391686
c06,311,0,0,0.3584322796933805
c06,313,0,0,0.4725344509963541
c06,314,0,1,0.5233070853854969
c06,315,0,0,0.3515281403806212
c06,316,0,0,0.3982674721229287
c06,317,0,1,0.7662873990188117
c06,318,0,1,0.6020055613787598
c06,319,0,0,0.2918159488373133
c06,320,0,1,0.5267663728706342
c06,321,0,0,0.33070844437078734
c06,322,0,0,0.4730930860803906
c06,323,0,1,0.6150601403036412
c06,324,0,0,0.3337521766637188
c06,325,0,0,0.29950096403085275
c06,327,0,0,0.4399269262699019
c06,328,0,0,0.46724328026444306
c06,329,0,1,0.5126775542254867
c06,330,0,0,0.41215801798329266
c06,331,0,0,0.4124862042654721
c06,332,0,0,0.28718732569611477
c06,333,0,0,0.3660106377084186
c06,334,0,0,0.2965541595733904
c06,335,0,0,0.29064761658778904
c06,336,0,0,0.3508733959749381
c06,337,0,0,0.4090963231603654
c06,338,0,0,0.36607415334495547
c06,340,0,0,0.29362983097417655
c06,341,0,0,0.23719590977086147
c06,342,0,0,0.42947886719379585
c06,343,0,0,0.46318432442431046
c06,344,0,0,0.43694261034722776
c06,345,0,0,0.34154674919280364
c06,346,0,0,0.3688143157274838
c06,347,0,1,0.9456016741687608
c06,348,0,1,0.8894862359224586
c06,349,0,0,0.3657665492754182
c06,350,0,0,0.2812845063739323
c06,351,0,0,0.41079420886396845
c06,352,0,0,0.4780913282787729
c06,353,0,0,0.47186862177499245
c06,354,0,1,0.5386249754014248
c06,355,0,0,0.4563218584618431
c06,356,0,1,0.5287509627118689
c06,357,0,1,0.5697649272395774
c06,358,0,1,0.580063258167958
c06,360,0,0,0.28418650558972425
c06,361,0,0,0.3404949744277657
c06,362,0,1,0.5720443752002435
c06,363,0,0,0.43076525391861675
c06,364,0,0,0.4353182438074789
c06,365,0,0,0.299935143333512
c06,366,0,0,0.48325324010210696
c06,368,0,0,0.37988405128825026
c06,369,0,0,0.4704947116147139
c06,370,0,0,0.4051461431859928
c06,371,0,1,0.9084433397252033
c06,372,0,1,0.6232743737079599
c06,373,0,0,0.3254222284843776
c06,374,0,0,0.37584788018358845
c06,375,0,1,0.5632534645050516
c06,376,0,0,0.30337643275563
c06,377,0,0,0.3303414134537295
c06,378,0,0,0.43083938609461087
c06,379,0,0,0.25922936211071107
c06,380,0,1,0.6231767356160265
c06,382,0,0,0.39202784698294896
c06,383,0,0,0.2625609837604315
c06,385,0,0,0.39271305672602297
c06,386,1,1,0.5634750094469784
c06,387,0,1,0.6122997709454817
c06,388,0,1,0.5474562913883154
c06,389,0,0,0.377996044838703
c06,390,0,0,0.45054656702848184
c06,391,0,0,0.40730646327426184
c06,392,0,0,0.41180122354605947
c06,393,0,1,0.5633861552123814
c06,394,0,0,0.40907507445847496
c06,395,0,0,0.3023068621140108
c06,396,0,0,0.41921418970176616
c06,397,0,0,0.23826445279667127
c06,398,0,0,0.2706125967444177
c06,400,0,0,0.2955880528698154
c06,401,0,0,0.3884373226626034
c06,402,0,0,0.3045209129888907
c06,403,0,0,0.466388564316049
c06,404,0,0,0.31433725103949434
c06,405,0,0,0.32747592086847815
c06,406,0,0,0.3100235175582883
c06,407,0,0,0.29328264084621136
c06,408,0,1,0.5535318850060703
c06,409,0,0,0.38328731773975966
c06,410,0,0,0.49850676170709196
c06,411,0,0,0.4636768363488941
c06,413,0,0,0.3355641117013051
c06,414,0,0,0.34046876276901555
c06,415,0,0,0.3181089251779596
c06,416,0,0,0.3686420986562167
c06,417,0,0,0.44659541287454935
c06,418,0,0,0.42769481645212154
c06,419,0,0,0.4659916316020956
c06,420,0,0,0.4282564516687673
c06,421,0,0,0.3799965687690199
c06,422,0,0,0.3157508880572223
c06,423,0,0,0.4179954552317674
c06,425,0,0,0.34774512911548977
c06,426,0,0,0.3981070578983758
c06,427,0,0,0.29869343107859336
c06,428,0,0,0.3701871655403703
c06,429,0,0,0.4156133795564085
c06,430,0,0,0.31911377864022417
c06,431,0,0,0.23822361485260446
c06,432,0,0,0.4078856363115077
c06,433,0,0,0.41797640128699376
c06,434,0,0,0.3624215683209186
c06,435,0,0,0.3100164038620514
c06,436,0,1,0.5144779837929682
c06,437,0,0,0.3774323745381875
c06,438,0,0,0.4337161489456485
c06,439,0,0,0.37106019954421393
c06,441,0,0,0.44815240516268706
c06,442,0,1,0.5218558743001349
c06,443,0,0,0.34283499273655293
c06,444,0,0,0.30267133900502635
c06,445,0,0,0.3638534939513233
c06,446,0,0,0.40885853675606576
c06,447,0,0,0.32647181110412016
c06,448,0,1,0.7511041619136
c06,449,0,1,0.9092316014812158
c06,450,0,1,0.7500815334614908
c06,451,0,0,0.3222571616587908
c06,452,0,0,0.4217966769379453
c06,453,0,0,0.3941636482673286
c06,454,0,0,0.42108826138622313
c06,455,0,0,0.37066659990765827
c06,456,0,0,0.2898321104729271
c06,457,0,0,0.3241878070630496
c06,458,0,0,0.39211305430299165
c06,459,0,0,0.36876847733950324
c06,460,0,0,0.3349904101047027
c06,461,0,0,0.44541220323985714
c06,462,0,1,0.5190312166982588
c06,463,0,1,0.865239372420585
c06,464,0,0,0.4193670497203523
c06,465,0,1,0.6998943484823597
c06,466,0,1,0.7444922728463332
c06,467,0,0,0.13346740918484146
c07,1,0,0,0.16557200861998855
c07,2,0,0,0.2546606358438659
c07,3,0,0,0.38675884454584053
c07,4,0,0,0.28849031617689685
c07,5,0,0,0.3421833963541722
c07,6,0,0,0.41693849935265365
c07,7,0,0,0.4876102940552919
c07,8,0,0,0.25460242998251137
c07,9,0,0,0.29494735341018724
c07,10,0,1,0.5945713756120506
c07,11,0,0,0.304307596586801
c07,12,0,0,0.39517030464975417
c07,13,0,0,0.16923706586028014
c07,14,0,0,0.08484080132537285
c07,15,0,0,0.3056247612163842
c07,16,0,0,0.4724161424607002
c07,17,0,0,0.4374452134863398
c07,18,0,0,0.4251833687255248
c07,19,0,0,0.42417039454715727
c07,20,0,0,0.3066549840424281
c07,21,0,0,0.45877796537169785
c07,22,0,0,0.3662662333921318
c07,23,0,0,0.2272808924856839
c07,24,0,0,0.3725461277159729
c07,25,0,0,0.338794505459583
c07,27,0,0,0.35709139056513683
c07,28,0,0,0.30454212048250934
c07,29,0,0,0.37955064502906505
c07,30,0,1,0.6655245055160193
c07,31,0,1,0.55919331358191
c07,32,0,1,0.5119948478572885
c07,33,0,0,0.41725733526493947
c07,34,0,0,0.29450055659116264
c07,35,0,1,0.5072353995829868
c07,36,0,0,0.4700689598058807
c07,37,0,1,0.5846619152194993
c07,38,0,1,0.572434315898953
c07,39,0,0,0.4734791528659814
c07,40,0,0,0.3598050752663764
c07,41,0,0,0.4467071883504262
c07,42,0,0,0.37379546931333085
c07,43,0,0,0.40274455464883935
c07,44,0,0,0.4296742452572549
c07,45,0,0,0.3594524540547014
c07,46,0,0,0.440892053490334
c07,47,0,0,0.39027879370189833
c07,48,0,1,0.5942747788599204
c07,49,0,0,0.39381669869156016
c07,50,0,0,0.4664979378967777
c07,51,0,0,0.4678653553639918
c07,52,0,1,0.7392044590167469
c07,53,0,1,0.6351284618725724
c07,54,0,0,0.3686714031464006
c07,55,0,1,0.5016770193093798
c07,56,0,0,0.3646372086090051
c07,57,0,1,0.5788371943670706
c07,58,0,0,0.4030148454310217
c07,59,0,0,0.31196117738914286
c07,60,0,1,0.5621581214477719
c07,61,0,1,0.5903835407764976
c07,62,0,1,0.5673683132517362
c07,63,0,1,0.5057097069344622
c07,64,0,0,0.2730294663657235
c07,65,0,1,0.6166937868924266
c07,66,0,1,0.6311179356687631
c07,67,0,0,0.39024323054370064
c07,68,0,0,0.3686226867720843
c07,69,0,1,0.6006080021075229
c07,70,0,1,0.6008128668173919
c07,71,0,0,0.44459373384028616
c07,72,0,0,0.2838717785606162
c07,73,0,0,0.41268335868262673
c07,74,0,0,0.3314271324622003
c07,75,0,0,0.39428471658665865
c07,76,0,0,0.32273391199484325
c07,77,0,0,0.29985973225182405
c07,78,0,0,0.34789790171063195
c07,79,0,0,0.4503590055583741
c07,80,0,0,0.3483620247670514
c07,81,0,0,0.2919762669568853
c07,82,0,0,0.3602180414891933
c07,83,0,0,0.35355688128981066
c07,84,0,0,0.4228163428268089
c07,85,0,0,0.30523435151767503
c07,86,0,1,0.6565093886090823
c07,87,0,0,0.38106349435934955
c07,88,0,1,0.6279437002552163
c07,89,0,1,0.6167496986106671
c07,90,0,1,0.5925228502440211
c07,91,0,1,0.5861355317146917
c07,92,0,1,0.5938056022543768
c07,93,0,1,0.6361859839685644
c07,94,0,0,0.4510833217661913
c07,95,0,0,0.4787682857290532
c07,96,0,1,0.6245702375988312
c07,97,0,1,0.5857285940422527
c07,98,0,0,0.4074481866275165
c07,99,0,0,0.43584021160706543
c07,100,0,1,0.6081319890015155
c07,101,0,1,0.7726765721712786
c07,102,0,0,0.3867728039355862
c07,103,0,1,0.6165775159964332
c07,104,0,0,0.30232429862964333
c07,105,0,0,0.36780407021993394
c07,106,0,0,0.2852006741833695
c07,107,0,1,0.7814106115020449
c07,108,0,0,0.49074940722626986
c07,109,0,0,0.47468455559910366
c07,110,0,1,0.6162569010469818
c07,111,0,1,0.6912253304022741
c07,112,0,0,0.34995493834883534
c07,113,0,0,0.38757784556799607
c07,114,0,0,0.43521744059306644
c07,115,0,0,0.36470777294744033
c07,116,0,0,0.40037406129512726
c07,117,0,1,0.6272012904525576
c07,118,0,0,0.26627103466966995
c07,119,0,1,0.6917893751315061
c07,120,0,1,0.6798902980834385
c07,121,0,0,0.4356541027252489
c07,122,0,0,0.437164052156516
c07,123,0,0,0.43148612227916827
c07,124,0,0,0.4295320420443448
c07,125,0,1,0.5730258882481608
c07,126,0,0,0.42253102061365705
c07,127,0,0,0.4003325186094794
c07,128,0,1,0.6546129498742911
c07,129,0,0,0.46941820314851473
c07,130,0,1,0.5364994215995945
c07,131,0,0,0.38579302501928886
c07,132,0,1,0.6653927583764526
c07,133,0,1,0.6077830492440464
c07,134,0,1,0.6607129215681282
c07,135,0,1,0.6973110977448391
c07,136,0,1,0.6500371283620183
c07,137,0,1,0.607420905920389
c07,138,0,1,0.6640310280333763
c07,139,0,1,0.6388831106337967
c07,140,0,0,0.40619956429406456
c07,141,0,1,0.6327505166105237
c07,142,0,1,0.7036394594358277
c07,143,0,1,0.537832790837536
c07,144,0,1,0.7236379492082686
c07,145,0,1,0.5040802573457341
c07,146,0,1,0.625013830558497
c07,147,0,0,0.46829867975367373
c07,148,0,1,0.7777569200889743
c07,149,0,0,0.34424193508463125
c07,150,0,0,0.4582249313600803
c07,151,0,0,0.3512748595908073
c07,152,0,1,0.631311437014246
c07,154,0,0,0.3210554861308386
c07,155,0,0,0.42891588597717417
c07,156,0,0,0.3397046854498465
c07,157,0,0,0.3205216079318203
c07,158,0,0,0.49709595189969025
c07,159,0,0,0.46775044588338727
c07,160,0,0,0.36190765250240453
c07,161,0,0,0.17456412417475523
c07,162,0,0,0.4508252607831509
c07,163,0,0,0.3555801261934957
c07,164,0,0,0.33313051715051206
c07,165,0,0,0.4005024312226682
c07,166,0,0,0.27001828570230413
c07,167,0,0,0.3591010364381059
c07,168,0,0,0.32444940724820265
c07,169,0,0,0.40927467322341055
c07,170,0,0,0.34175505961727837
c07,171,0,0,0.27635679613043745
c07,172,0,0,0.4622053094656209
c07,173,0,0,0.4625176142293903
c07,174,0,0,0.3416562365874418
c07,175,0,0,0.3451313568842016
c07,176,0,0,0.3895429172938068
c07,177,0,0,0.32109080773001486
c07,178,0,0,0.3565870148523586
c07,179,0,1,0.704890157796905
c07,180,0,0,0.46906323258472077
c07,181,0,1,0.8150101543144991
c07,182,0,0,0.2901024239219388
c07,183,0,0,0.38761854687825537
c07,184,0,0,0.31482633232541896
c07,185,0,0,0.40345437538807616
c07,186,0,0,0.4151894176107776
c07,187,0,0,0.43470362813367236
c07,188,0,0,0.35686994290162216
c07,189,0,0,0.34895615230919763
c07,190,0,0,0.3496320521940446
c07,191,0,0,0.4384622200856994
c07,192,0,0,0.3418866730987713
c07,193,0,0,0.3346534152966039
c07,194,0,0,0.40267643873105113
c07,195,0,1,0.5306797575852089
c07,196,0,1,0.6071672370720906
c07,197,0,0,0.34246128098201634
c07,198,0,0,0.43902559019624
c07,199,0,0,0.41059463210631164
c07,200,0,0,0.300953594689663
c07,201,0,0,0.49802441147472026
c07,202,0,1,0.6423395032670429
c07,203,0,1,0.5009396561431457
c07,204,0,1,0.5065152185167782
c07,205,0,0,0.38542803303565326
c07,206,0,1,0.8147712032760679
c07,207,0,0,0.3017099158564775
c07,208,0,1,0.5251985948638088
c07,211,0,0,0.49505091591983175
c07,212,0,1,0.5799444811311245
c07,213,0,1,0.5511792019379701
c07,214,0,1,0.6599709566668205
c07,215,0,0,0.4607637197537779
c07,216,0,1,0.5174587372258675
c07,217,0,1,0.5732891046183454
c07,218,0,0,0.42279352631643075
c07,219,0,0,0.4136781918759673
c07,220,0,1,0.765060689692968
c07,221,0,0,0.48643819128035354
c07,222,0,1,0.6771630766266635
c07,223,0,1,0.6975954813770125
c07,224,0,1,0.6227339225617748
c07,225,0,0,0.36587939543073283
c07,226,0,1,0.7104526077855187
c07,227,1,0,0.4107072290612934
c07,228,0,0,0.4589853397047803
c07,229,0,0,0.41326792755935565
c07,230,0,0,0.3840133573159325
c07,231,0,0,0.37075010280433823
c07,232,0,1,0.6479424348352575
c07,233,0,0,0.3637080300990333
c07,234,0,0,0.39791499641074535
c07,235,0,0,0.3152534429306747
c07,236,0,0,0.3797758797712832
c07,237,0,0,0.3575816361869916
c07,238,0,0,0.26252672386284254
c07,239,0,0,0.4376625939230743
c07,240,0,0,0.30520045436299725
c07,241,0,0,0.36832163034019555
c07,242,0,0,0.4152510570181344
c07,243,0,0,0.292898234235089
c07,244,0,1,0.7736169558298843
c07,245,0,0,0.38927591303562337
c07,246,0,1,0.5666914340649409
c07,247,0,1,0.5833294430662774
c07,248,0,0,0.35282607552673
c07,249,0,0,0.4191780063604573
c07,250,0,0,0.4585130399996501
c07,251,0,0,0.3598195427178192
c07,252,0,0,0.38747079330949286
c07,253,0,0,0.40348944236201145
c07,254,0,0,0.37859143792653993
c07,255,0,0,0.24551004167923207
c07,256,0,0,0.40756580552148397
c07,257,0,0,0.48684336071712875
c07,258,0,1,0.5192529316189252
c07,259,0,0,0.4591388408151081
c07,260,0,0,0.3948149211829066
c07,261,0,0,0.47734817793091044
c07,262,0,0,0.3931545839728021
c07,263,0,0,0.3206572293590794
c07,264,0,1,0.5084308175851527
c07,265,0,0,0.3659652250248678
c07,266,0,0,0.3940692166474528
c07,267,0,0,0.4471154447616056
c07,268,0,0,0.2661328847870518
c07,269,0,0,0.43757197364981104
c07,270,0,1,0.5213876591749571
c07,271,0,0,0.4319744929472319
c07,272,0,0,0.4557000412528079
c07,273,0,0,0.32947111638028487
c07,274,0,0,0.43920432608191345
c07,275,0,0,0.24509495668722248
c07,276,0,0,0.370480584057126
c07,277,0,0,0.42503070519565994
c07,278,0,1,0.6977615556973314
c07,279,0,0,0.3040397802560105
c07,280,0,0,0.4275597617864198
c07,281,0,0,0.4400275947762429
c07,282,0,0,0.35628465635031586
c07,283,0,0,0.3959423389843174
c07,284,0,0,0.38376279661038826
c07,285,0,0,0.3435121511582138
c07,286,0,0,0.4964130470560615
c07,287,0,0,0.3203205875077819
c07,288,0,1,0.6043684539191507
c07,289,0,0,0.44835202950160613
c07,290,0,0,0.29455275211919646
c07,291,0,0,0.3886558959114312
c07,292,0,0,0.3492190389853311
c07,293,0,0,0.3928151409244155
c07,294,0,0,0.48132984335237267
c07,295,0,0,0.424638950560983
c07,296,0,0,0.32491674249858393
c07,297,0,0,0.33293840025986476
c07,298,0,0,0.3856992761762254
c07,299,0,0,0.39228044811053164
c07,300,0,0,0.2768769070039705
c07,301,0,0,0.3371197272567169
c07,302,0,0,0.2772133964294427
c07,303,0,0,0.36029801116410964
c07,304,0,0,0.3991342825046961
c07,305,0,1,0.5901561200414758
c07,306,0,1,0.5161793977397044
c07,307,0,1,0.7456753272933738
c07,308,0,1,0.8109906881056315
c07,309,0,1,0.7106418172263431
c07,310,0,1,0.7399002190914429
c07,311,0,0,0.3594656551794237
c07,312,0,0,0.46375424609717997
c07,313,0,1,0.6569334721032806
c07,314,0,1,0.6030508911104745
c07,315,0,1,0.6732615594650333
c07,316,0,0,0.4642864817236847
c07,317,0,1,0.6181987175552228
c07,318,0,1,0.6792692693687316
c07,319,0,0,0.4330836956472912
c07,320,0,1,0.7304753487064701
c07,321,0,1,0.788408334092176
c07,322,0,1,0.6195522361183361
c07,323,0,0,0.4011403696150901
c07,324,0,1,0.5876411276747153
c07,325,0,0,0.2689561311143316
c07,326,0,1,0.5809062997255846
c07,328,0,0,0.36328414337232695
c07,329,0,1,0.5233975186191029
c07,330,0,1,0.6099132115556243
c07,331,0,0,0.33527405909806374
c07,332,0,1,0.6031165996922204
c07,333,0,0,0.39961859603116195
c07,334,0,1,0.633469516267742
c07,335,0,0,0.20577617295416192
c07,336,0,0,0.4761258153815094
c07,337,0,0,0.46127534322757785
c07,338,0,1,0.6266468140885457
c07,339,0,1,0.6067524473494478
c07,340,0,1,0.6909711078477482
c07,341,0,0,0.42389565643759114
c07,342,0,0,0.4422207976824524
c07,343,0,0,0.4249049929399121
c07,344,0,1,0.6446665640741478
c07,345,0,0,0.20685758300508042
c07,346,0,0,0.3379616761257782
c07,347,0,0,0.44910647749860433
c07,348,0,1,0.5905724603651916
c07,349,1,1,0.6271887957001996
c07,350,0,1,0.6078687224754837
c07,351,0,0,0.3204811671773493
c07,352,0,0,0.40679986573400284
c07,353,0,1,0.5850798452275665
c07,354,0,1,0.7377132241959811
c07,355,0,0,0.3276781898282995
c07,356,0,0,0.3490646701636413
c07,357,0,0,0.40340444541281373
c07,358,0,1,0.6063746081877293
c07,359,0,0,0.33011453684445474
c07,360,0,0,0.4382553995147858
c07,361,0,0,0.4442815606158469
c07,362,0,0,0.34940805359715554
c07,364,0,0,0.40160785232372453
c07,365,0,0,0.3824113004366693
c07,366,0,0,0.35031881693683614
c07,367,0,0,0.2788613780920784
c07,368,0,0,0.3821701969164961
c07,369,0,0,0.4798753535293442
c07,370,0,0,0.32283268087725564
c07,371,0,0,0.3753378800213957
c07,372,0,0,0.3326782594642692
c07,374,0,1,0.529154349061276
c07,375,0,1,0.6500742730850175
c07,376,0,0,0.3525059733812598
c07,377,0,0,0.37936104754014927
c07,378,0,0,0.30858398654698205
c07,379,0,0,0.3663710103681168
c07,380,0,0,0.2618630736989505
c07,381,0,0,0.3442849127064676
c07,382,0,0,0.48500375148535646
c07,383,0,0,0.30341816128468035
c07,384,0,0,0.39376263745211854
c07,385,0,0,0.38191627273616824
c07,386,0,0,0.324656580143923
c07,387,0,0,0.35673190945239214
c07,388,0,1,0.7602844862845108
c07,389,0,0,0.35524280649358636
c07,390,0,0,0.41394980124514974
c07,391,0,0,0.3671796878091436
c07,392,0,0,0.34856084148217786
c07,393,0,0,0.4931105899367502
c07,394,0,0,0.38929275322773366
c07,397,0,0,0.4168638441412068
c07,398,0,0,0.340836794771935
c07,399,0,0,0.32938542794501857
c07,400,0,0,0.35660856900519267
c07,401,0,1,0.524414848747446
c07,402,1,1,0.8798452288732362
c07,403,0,0,0.3400980311072589
c07,404,0,1,0.864999725847832
c07,405,0,0,0.3655289299896165
c07,406,0,1,0.7436331938849451
c07,407,0,0,0.4394819146907388
c07,408,0,0,0.3916683174910119
c07,410,0,1,0.686775674818326
c07,411,0,1,0.6432949838738514
c07,412,0,1,0.6190309988652232
c07,413,0,1,0.5998608774615971
c07,414,0,1,0.6484475424345171
c07,415,0,1,0.7373526437413424
c07,416,1,1,0.5391158952349218
c07,417,0,0,0.49324471596366054
c07,419,0,1,0.5111577375662558
c07,420,0,1,0.7800763937230016
c07,421,0,1,0.6716227896205236
c07,422,0,0,0.4456113295028165
c07,423,0,1,0.883039228161469
c07,424,0,1,0.8147488393482469
c07,425,0,1,0.6447828363176056
c07,426,0,0,0.2797071178547986
c07,427,0,0,0.3515363394150509
c08,1,0,0,0.314259662338102
c08,2,0,0,0.19562534323116432
c08,3,0,0,0.12688190612592898
c08,4,0,0,0.12473818615106122
c08,5,0,0,0.1844400854976159
c08,6,0,0,0.1467358806582762
c08,7,0,0,0.22363787472240812
c08,8,0,0,0.2585507173432368
c08,9,0,0,0.15783019825587283
c08,10,0,0,0.36697108657667726
c08,11,0,0,0.4795346887523449
c08,12,0,0,0.3028915979667116
c08,13,0,0,0.18848501421206382
c08,14,0,0,0.25960445138251126
c08,15,0,1,0.5116684887500162
c08,16,0,0,0.4813915239342558
c08,18,0,1,0.5221555706961905
c08,19,0,0,0.40303614515233743
c08,20,0,0,0.30394092185173577
c08,21,0,0,0.27093436199266147
c08,22,0,0,0.13746088566704626
c08,23,0,0,0.26012785486874934
c08,24,0,0,0.45156092605667786
c08,25,0,0,0.24518596504502138
c08,26,0,1,0.5965236351959416
c08,27,0,1,0.5100724986706878
c08,28,0,0,0.47056305389279324
c08,30,0,0,0.4432826498289612
c08,31,0,0,0.48217553740297914
c08,32,0,1,0.5053465798229061
c08,33,0,0,0.38479534485098726
c08,34,0,1,0.657327782163292
c08,35,0,1,0.5538263605663951
c08,36,0,0,0.28786645676405664
c08,37,0,0,0.310586115585931
c08,38,0,0,0.13596609405439222
c08,39,0,0,0.3718567094396729
c08,40,0,0,0.3966576749101333
c08,41,0,0,0.47577822458632507
c08,42,0,1,0.5365587341705205
c08,43,0,0,0.4164529626044732
c08,44,0,1,0.6480734408352438
c08,45,0,0,0.4138187055822767
c08,46,0,1,0.5250824311685253
c08,47,0,0,0.4337696083627356
c08,48,0,0,0.29528011503810436
c08,49,0,0,0.19729055473282298
c08,50,0,0,0.45298438461751356
c08,51,0,1,0.5743365614919586
c08,52,0,0,0.45841421203463545
c08,53,0,0,0.09255633445803342
c08,54,0,0,0.32087318661820713
c08,55,0,1,0.5814972017294697
c08,56,0,0,0.4090630982089921
c08,57,0,0,0.1688691864491818
c08,58,0,1,0.5620365790934765
c08,59,0,0,0.3072741270789383
c08,60,0,0,0.4355267148651595
c08,61,0,0,0.4513936734374779
c08,62,0,1,0.5723166356566721
c08,63,0,1,0.530562949015626
c08,64,0,0,0.2787185428063477
c08,65,0,0,0.4428513985698166
c08,66,0,1,0.5216471447066986
c08,67,0,0,0.48401934251701
c08,68,0,1,0.5300915527574028
c08,69,0,1,0.5335723424454945
c08,70,0,0,0.39910737748876357
c08,71,0,1,0.7269692791368882
c08,72,0,1,0.5480321580287149
c08,73,0,0,0.45287304463044326
c08,74,0,1,0.5765784913582628
c08,75,0,1,0.508663246822706
c08,76,0,1,0.5211099056433424
c08,77,0,1,0.5526600800388213
c08,78,0,0,0.34528479107802634
c08,79,0,0,0.3756116557740383
c08,80,0,1,0.5597770856581752
c08,81,0,0,0.4812390124917917
c08,82,0,1,0.5268486417844056
c08,83,0,1,0.6091673799960703
c08,84,0,0,0.31036939438901295
c08,87,0,0,0.450090819195967
c08,88,0,1,0.7418136805375272
c08,89,0,0,0.3655800730465698
c08,90,0,1,0.7967941760436374
c08,91,0,0,0.37729775553614053
c08,92,0,1,0.8319568479505346
c08,93,0,0,0.43676099716426076
c08,94,0,1,0.5009847087392477
c08,95,0,1,0.5072066503082683
c08,96,0,0,0.4358056225031793
c08,97,0,0,0.4539253136471352
c08,100,0,0,0.49237844049512297
c08,101,0,1,0.5047633005721319
c08,102,0,1,0.5031576914608721
c08,104,0,0,0.2619766814101895
c08,105,0,0,0.3950744954999108
c08,107,0,0,0.28920624570470915
c08,108,0,0,0.39642021352481205
c08,109,0,0,0.2632870921394391
c08,111,0,0,0.3103312725650374
c08,112,0,0,0.18971947128109687
c08,113,0,0,0.21224185549568902
c08,114,0,0,0.29549041921152136
c08,115,0,1,0.8909444627958786
c08,116,0,1,0.8062786177069708
c08,117,0,1,0.5512683937042435
c08,118,0,1,0.6117919344125015
c08,119,0,1,0.6298312771272453
c08,120,0,0,0.4454961277022213
c08,121,0,0,0.49571239632633984
c08,122,0,1,0.6224116022740365
c08,123,0,0,0.4958089624920616
c08,124,0,1,0.5005363837553843
c08,125,0,1,0.6020389690165519
c08,126,0,1,0.5580446932316718
c08,127,0,1,0.734371403552119
c08,128,0,1,0.5784907737687214
c08,129,0,0,0.4992814507402155
c08,130,0,1,0.5633178418176901
c08,131,0,0,0.4777716178897052
c08,132,0,1,0.5478037651649301
c08,133,0,1,0.5210546094677994
c08,134,0,0,0.4652725384852885
c08,135,0,0,0.4664477790518746
c08,136,0,0,0.39526465467505006
c08,139,0,0,0.1810854278661258
c08,141,0,0,0.24911358457545507
c08,144,0,0,0.27770044497687385
c08,145,0,0,0.17374172630123905
c08,146,0,1,0.7544345652409916
c08,147,0,1,0.5585764364886197
c08,148,0,0,0.46245862165438795
c08,149,0,1,0.8181496203192898
c08,150,0,0,0.47793813978260513
c08,151,0,1,0.5428058649370202
c08,152,0,0,0.3605645586112733
c08,153,0,0,0.4177289826228327
c08,154,0,1,0.5460352896817041
c08,155,0,1,0.505828671282211
c08,156,0,1,0.6000526715362652
c08,157,0,0,0.30249426261255286
c08,158,0,1,0.5888183539470301
c08,159,0,1,0.53350595373645
c08,160,0,1,0.5436411193974486
c08,161,0,1,0.5704840086401746
c08,162,0,1,0.5396534474670789
c08,163,0,0,0.26501279626034385
c08,165,0,1,0.5905640372786688
c08,166,0,0,0.22340726393491694
c08,167,0,1,0.5423943927413422
c08,168,0,1,0.7558721088547617
c08,169,0,1,0.5209258409044307
c08,170,0,1,0.5054132082157079
c08,171,0,1,0.5024885541756356
c08,172,0,1,0.6500579531960923
c08,173,0,0,0.36906206616593396
c08,174,0,0,0.4473330393409513
c08,175,0,0,0.42191312377747564
c08,176,0,1,0.5948069954480794
c08,177,0,1,0.708237526544184
c08,179,0,1,0.5551409490778952
c08,180,0,0,0.39596719900411387
c08,181,0,0,0.3253726489237878
c08,183,0,0,0.26815547656639155
c08,185,0,0,0.181199367744224
c08,187,0,0,0.29154665779273725
c08,188,0,0,0.297325812270313
c08,189,0,0,0.34398727460529777
c08,191,0,0,0.34331133101545935
c08,193,0,0,0.40599641232699313
c08,194,0,0,0.26720920716362645
c08,195,0,0,0.13406669369704857
c08,198,0,0,0.293458687007248
c08,199,0,0,0.3303854242045826
c08,201,0,0,0.2465699778126341
c08,203,0,0,0.47963031892557967
c08,204,0,1,0.552700913700949
c08,205,0,1,0.5502878559461757
c08,206,0,1,0.5136093627423975
c08,207,0,1,0.593990023952881
c08,208,0,1,0.5358386102026842
c08,209,0,1,0.6959399199183802
c08,210,0,1,0.6744488096787102
c08,211,0,0,0.491793771880634
c08,212,0,1,0.5658752812664006
c08,214,0,1,0.5687029582764225
c08,215,0,1,0.8411713931757295
c08,216,0,1,0.6667100882568106
c08,217,0,1,0.8255184578535824
c08,218,0,1,0.6796973337785059
c08,219,0,0,0.48847723919251856
c08,220,0,1,0.7236682040412104
c08,221,0,0,0.4547671249064418
c08,222,0,1,0.7306921930062188
c08,223,0,1,0.6159472497036742
c08,224,0,1,0.8789549584790238
c08,225,0,1,0.6278299536863325
c08,226,0,1,0.6641671414641264
c08,227,0,1,0.8619012587245045
c08,228,0,0,0.38990577809131216
c08,229,0,1,0.7619022051853271
c08,230,0,1,0.6673963605361157
c08,231,0,1,0.7647415237982618
c08,232,0,1,0.6892598461815913
c08,233,0,0,0.4984220251942723
c08,234,0,1,0.858857597253262
c08,235,0,1,0.8430172113663728
c08,236,0,1,0.7227180177024884
c08,237,0,0,0.44935056886063307
c08,238,0,0,0.303739781028024
c08,239,0,1,0.6004032569548934
c08,240,0,0,0.39550810392108715
c08,241,0,0,0.4430797885114039
c08,242,0,0,0.4703733723925521
c08,243,0,1,0.5669432915150241
c08,244,0,1,0.6158896900401409
c08,245,0,1,0.5843966240801809
c08,246,0,1,0.5536700626511855
c08,247,0,0,0.12678828910590118
c08,248,0,1,0.568679883642043
c08,249,0,0,0.488507432578
c08,250,0,1,0.5808647245979213
c08,251,0,1,0.5913911490723858
c08,252,0,1,0.6595220014575893
c08,253,0,1,0.8579859220494543
c08,254,0,1,0.5018184325545318
c08,256,0,0,0.32924000086857147
c08,257,0,1,0.5143402510955601
c08,258,0,1,0.5086702772244194
c08,259,0,1,0.7830548530237651
c08,260,0,1,0.5049401026949218
c08,261,0,1,0.7180476100839015
c08,262,0,0,0.4326404060647564
c08,263,0,1,0.7931266640915566
c08,264,0,1,0.5513454620953543
c08,265,0,1,0.5052118112779062
c08,266,0,1,0.9175418766775275
c08,267,0,0,0.4822977570400097
c08,268,0,1,0.5297623993239305
c08,269,0,1,0.5912383392406874
c08,270,0,0,0.32676029993854466
c08,271,0,1,0.6110619836318657
c08,272,0,1,0.560091549736591
c08,273,0,0,0.3613212795555647
c08,274,0,1,0.6381081740716944
c08,275,0,1,0.6733100042204797
c08,276,0,1,0.771739935425337
c08,277,0,1,0.7621455126087916
c08,278,0,1,0.7433038667249637
c08,279,0,1,0.5869303821350526
c08,280,0,0,0.3825331806479712
c08,281,0,0,0.40422929991346684
c08,282,0,0,0.4487639531291371
c08,283,0,0,0.34509305630216736
c08,284,0,0,0.43324232632350457
c08,285,0,1,0.6680802617193494
c08,286,0,1,0.6912070950146637
c08,287,0,1,0.7361430936646749
c08,288,0,0,0.4424021518190117
c08,289,0,0,0.47074297599498216
c08,290,0,1,0.5596390991290592
c08,291,0,0,0.3965581308060153
c08,292,0,1,0.5412058373922952
c08,293,0,1,0.6293609231979141
c08,294,0,0,0.46212622761575683
c08,296,0,1,0.7005881448547259
c08,297,0,1,0.6363149271374636
c08,298,0,0,0.49895905907142285
c08,299,0,1,0.5094166900681699
c08,300,0,1,0.6002969088625261
c08,301,0,0,0.3672032399486402
c08,302,0,0,0.4139255969068297
c08,303,0,0,0.41129875425102325
c08,304,0,1,0.677747555599774
c08,305,0,1,0.580590655881546
c08,306,0,0,0.2564594492241459
c08,307,0,0,0.4260404691037346
c08,308,0,1,0.5581427085181734
c08,309,0,0,0.4434150756860578
c08,310,0,0,0.3241731832975101
c08,311,0,0,0.3686970125587841
c08,312,0,1,0.5050335767309622
c08,313,0,0,0.4091652086065132
c08,314,0,1,0.5731962736565275
c08,315,0,0,0.2660676802176598
c08,316,0,0,0.35426730135963425
c08,317,0,0,0.371720258785731
c08,318,0,0,0.46081879532764486
c08,319,0,0,0.18486311175770528
c08,320,0,0,0.3767061918022482
c08,321,0,1,0.5753018117783989
c08,322,0,0,0.3478547719587873
c08,323,0,0,0.16326365902264123
c08,325,0,1,0.5209696866841128
c08,326,0,0,0.43606748573036563
c08,327,0,1,0.5642276520600594
c08,328,0,0,0.33730402969515155
c08,329,0,0,0.35245657401966085
c08,330,0,1,0.5137629764855205
c08,332,0,0,0.4443406227685492
c08,333,0,0,0.4970818056806284
c08,334,0,1,0.5058278612009443
c08,335,0,1,0.5492514463126742
c08,336,0,0,0.43966577438111987
c08,337,0,1,0.8663694501228246
c08,338,0,1,0.8880238180659498
c08,339,0,1,0.6461104363463571
c08,340,0,0,0.38680483935896903
c08,341,0,0,0.2475255651051123
c08,342,0,0,0.3084231566147746
c08,343,0,1,0.8944703239879125
c08,344,0,0,0.49958454483222936
c08,345,0,0,0.42258059791114677
c08,346,0,0,0.4761296185103258
c08,347,0,0,0.47582612623417825
c08,348,0,0,0.4371437995157504
c08,349,0,0,0.3934484666820061
c08,350,0,1,0.599378540419718
c08,351,0,0,0.34931026050501185
c08,352,0,0,0.3388154301600222
c08,353,0,1,0.7837453400823604
c08,354,0,0,0.38418846100216614
c08,355,0,1,0.5145044910781715
c08,356,0,0,0.2930919219453673
c08,357,0,0,0.40284361025205256
c08,358,0,0,0.43375688419250585
c08,359,0,1,0.7213859038392921
c08,360,0,0,0.4029503742055867
c08,361,0,0,0.42505213282651233
c08,362,0,0,0.3169625863509022
c08,363,0,0,0.4325958025608921
c08,364,0,1,0.5767114258403535
c08,365,0,1,0.5333628889563424
c08,366,0,1,0.9007871683024127
c08,367,0,0,0.450437658909648
c08,368,0,0,0.497183261035623
c08,369,0,1,0.558041353489253
c08,370,0,1,0.8743321407710593
c08,371,0,1,0.6496950111458254
c08,372,0,1,0.7309950221895078
c08,373,0,1,0.68874146185885
c08,374,0,1,0.530899204591262
c08,375,0,1,0.806803967006394
c08,376,0,1,0.8134310231793958
c08,377,0,1,0.6854048872443899
c08,378,0,1,0.6903484475767867
c08,379,0,1,0.704792882063734
c08,380,0,1,0.5864351133388491
c08,381,0,1,0.5274654636538109
c08,382,0,1,0.7222035550914068
c08,383,0,1,0.5046202255432167
c08,384,0,1,0.6080712016614376
c08,385,0,1,0.5298801631644598
c08,386,0,1,0.6884665440749135
c08,387,0,0,0.496672275677258
c08,388,0,1,0.5818922911620145
c08,389,0,0,0.48243071263144405
c08,390,0,0,0.4801001727599188
c08,391,0,1,0.5408887806201682
c08,392,0,0,0.4513220133288868
c08,393,0,1,0.5624855218132142
c08,394,0,0,0.41022919593564744
c08,395,0,0,0.41343947786568347
c08,396,0,0,0.3706657205019725
c08,397,0,0,0.42061601076052507
c08,399,0,0,0.3593817821553237
c08,400,0,0,0.20246730047447756
c08,401,0,0,0.3613804149968668
c08,402,0,0,0.31835408154257205
c08,403,0,0,0.3995145888213903
c08,404,0,0,0.4461592989388686
c08,405,0,0,0.3584235262508345
c08,407,0,0,0.3384406798905405
c08,408,0,1,0.9091711889092965
c08,409,0,0,0.4131027714682558
c08,410,0,0,0.43395725039240524
c08,411,0,0,0.3524263153984945
c08,415,0,1,0.8173583111523625
c08,416,0,0,0.44620258785287437
c08,417,0,0,0.23749122572069842
c08,418,0,0,0.2634606502667894
c08,419,0,0,0.28758495573346254
c08,420,0,0,0.0893448549697121
c08,421,0,0,0.10604438971948422
c08,422,0,0,0.08399723362693394
c08,425,0,0,0.07788679483733082
c08,426,0,0,0.10068948100537808
c08,427,0,0,0.049952179616263075
c08,428,0,0,0.08040343045503048
c08,430,0,0,0.09213172542245265
c08,431,0,0,0.11061735601111407
c08,432,0,0,0.08723316823196801
c08,434,0,0,0.08066768650733415
c08,435,0,0,0.041768712084437026
c08,437,0,0,0.08212730872659846
c08,438,0,1,0.8570644282505872
c08,439,0,1,0.8857784300337684
c08,441,0,0,0.2437931115723852
c08,442,0,0,0.12346605909418924
c08,444,0,0,0.14814115021179244
c08,445,0,0,0.17072687541239084
c08,446,0,0,0.1154530175948229
c08,447,0,0,0.06174762877589832
c08,448,0,0,0.1749134585679937
c08,449,0,0,0.1421379771376399
c08,450,0,0,0.2604484748718547
c08,451,0,0,0.12625729805277577
c08,452,0,0,0.1441987221535017
c08,453,0,0,0.10686204776876364
c08,454,0,0,0.11171013287888697
c08,455,0,0,0.07075611195312694
c08,456,0,0,0.0885697363159899
c08,457,0,1,0.8053205627748635
c08,458,0,0,0.18966262413901744
c08,459,0,0,0.20238221542402746
c08,460,0,0,0.1053111652354425
c08,461,0,0,0.12355195745525722
c08,462,0,0,0.07522346345739338
c08,463,0,0,0.1017855762575647
c08,464,0,0,0.08687867376158635
c08,465,0,0,0.19777343232380987
c08,466,0,0,0.06794628552634784
c08,467,0,0,0.08719424259111823
c08,468,0,1,0.7538814756767352
c08,469,0,0,0.29837050836980245
c08,470,0,1,0.60334998521334
c08,471,0,0,0.23311334900087544
c08,472,0,1,0.5754261520390807
c08,473,0,0,0.23878464500839394
c08,474,0,0,0.2790458597324953
c08,475,0,1,0.6206581081993157
c08,476,0,0,0.44485475755442094
c08,477,0,1,0.5611295733123611
c08,478,0,1,0.7610173932548007
c08,479,0,1,0.5088094881068955
c08,480,0,0,0.4684616983631788
c08,481,0,0,0.49292901501051556
c08,482,0,0,0.4507523134550063
c08,484,0,0,0.4128616176452847
c08,485,0,1,0.643025378094144
c08,486,0,1,0.643414498531748
c08,487,0,0,0.42652381724472677
c08,488,0,0,0.48828601570595315
c08,489,0,0,0.46752056261786984
c08,490,0,1,0.5224726385489405
c08,492,0,1,0.8937028458454723
c08,493,0,0,0.04640032313471804
c08,494,0,0,0.4535968012531639
c08,495,0,0,0.3017271648976929
c08,496,0,0,0.17885107565014316
c08,497,0,0,0.30773507166691627
c08,498,0,0,0.11519067253604909
c08,499,0,0,0.282243179842678
c08,500,0,0,0.14576387594890577
c08,501,0,0,0.19404223878437563
c08,502,0,1,0.7935296003013508
c08,503,0,0,0.3976300221048058
c08,504,0,0,0.2695115526102718
c08,505,0,1,0.8392967168455141
c08,506,0,0,0.2763975140536362
c08,507,0,1,0.7722982952845858
c08,508,0,1,0.7048728663216746
c08,509,0,1,0.7466605409341516
c08,510,0,1,0.7206488427015972
c08,511,0,1,0.5335867251834202
c08,512,0,1,0.7157298281377926
c09,13,0,1,0.6685621347154925
c09,14,0,0,0.48189259045099453
c09,15,0,0,0.48755870565511367
c09,16,0,0,0.0007427153757264816
c09,17,0,0,0.45580652953631606
c09,18,0,0,0.3406706485999835
c09,19,0,1,0.5280707362749275
c09,20,0,0,0.4978199521490533
c09,21,0,1,0.6376667147022511
c09,22,0,0,0.49726906102447294
c09,23,0,0,0.33278106773645766
c09,24,0,0,0.4465549166756073
c09,26,0,0,0.32547173526120926
c09,27,0,1,0.5102845522904803
c09,28,0,1,0.582028537933161
c09,30,0,0,0.4655408278887105
c09,31,0,0,0.3790507087424062
c09,32,1,1,0.5424769653419802
c09,33,0,1,0.6142603287123021
c09,34,0,1,0.7472843281530529
c09,35,1,0,0.35625666299422665
c09,36,0,0,0.3963828787284501
c09,37,0,0,0.4528570880093174
c09,38,0,0,0.414175039980165
c09,39,0,0,0.41584224286736976
c09,40,0,1,0.6512920334654462
c09,41,0,0,0.41049426518116167
c09,42,0,0,0.4579108897466781
c09,43,0,0,0.4064112779422864
c09,44,0,1,0.5502080145644997
c09,45,0,1,0.507374766767126
c09,47,0,0,0.2617714039602746
c09,48,0,0,0.36852538704506277
c09,49,0,0,0.25472027134481895
c09,50,0,0,0.39767267840175446
c09,51,0,0,0.3400474745171075
c09,52,0,0,0.38551083026076344
c09,53,0,0,0.21310972513828902
c09,55,0,0,0.33004383263909914
c09,56,0,0,0.29383480570611475
c09,57,0,0,0.3188756268068927
c09,58,0,0,0.3268944058967518
c09,59,0,0,0.3135050475930777
c09,60,0,0,0.24174559643974602
c09,61,0,0,0.3199302033583602
c09,62,0,1,0.5346595230438562
c09,64,0,0,0.40809564887763083
c09,65,0,0,0.37354009719456244
c09,66,0,1,0.7660609215939116
c09,67,0,0,0.4528771845324371
c09,68,0,0,0.43845160958240553
c09,69,0,0,0.4376369893815157
c09,70,0,0,0.3733894594622991
c09,71,0,0,0.40047988035271576
c09,72,0,0,0.4278602604645601
c09,73,0,0,0.4362855231669448
c09,74,0,0,0.3836079719172855
c09,75,0,0,0.47584399944829797
c09,76,0,1,0.6669571924899869
c09,77,0,0,0.43945592311083476
c09,78,0,0,0.39577892095777734
c09,79,0,0,0.3743783634703759
c09,80,0,1,0.5272044229998945
c09,81,0,0,0.45471964451231184
c09,82,0,0,0.416711912175194
c09,83,0,0,0.3760398282409843
c09,84,0,0,0.35969010565482606
c09,85,0,0,0.48067176172471543
c09,86,0,0,0.38132982910525015
c09,87,0,0,0.3265438304885727
c09,88,0,0,0.3909088007185071
c09,89,0,0,0.40837635872831357
c09,90,0,0,0.442572538680096
c09,91,0,0,0.317198424045805
c09,92,0,0,0.4900308814895987
c09,93,0,0,0.30076971134467145
c09,94,0,1,0.7721113615680817
c09,95,0,0,0.4269402858818611
c09,96,0,1,0.8083696484092179
c09,97,0,1,0.817266996608831
c09,98,0,1,0.5050813231908778
c09,99,0,1,0.6199808161170294
c09,100,0,0,0.4101372158388594
c09,101,0,0,0.4055550784224392
c09,102,0,0,0.44526092638321146
c09,103,0,0,0.38551052092886423
c09,104,0,0,0.26093861706705845
c09,105,0,0,0.42881640674530713
c09,107,0,0,0.37060908142779403
c09,108,0,0,0.2720484718916864
c09,109,0,0,0.3609896819767664
c09,110,0,0,0.30289020622199353
c09,111,0,0,0.42043337693371413
c09,112,0,0,0.16571893595570317
c09,113,0,0,0.3513322342389269
c09,114,0,0,0.3747218825272733
c09,115,0,0,0.45086235757850307
c09,116,0,0,0.45469758553588335
c09,117,0,0,0.3288799624207531
c09,118,0,0,0.2956218200805344
c09,119,0,0,0.3113998049144034
c09,120,0,0,0.4117713359529866
c09,121,0,0,0.41230822606956846
c09,122,0,0,0.4463397191848504
c09,123,0,1,0.5400750639944705
c09,124,0,0,0.3076596812821484
c09,125,0,0,0.37797769794319686
c09,126,0,0,0.31516083487995883
c09,127,0,0,0.412992573620738
c09,128,0,0,0.3326109666244361
c09,129,0,0,0.2552544091732259
c09,130,0,0,0.4073846824338262
c09,131,0,0,0.373161192140923
c09,132,0,0,0.3656127947819065
c09,133,0,0,0.40290105961059863
c09,134,0,0,0.307068077696761
c09,135,0,1,0.7710016986412307
c09,137,0,1,0.5885360257815958
c09,138,0,0,0.3226046566219076
c09,139,0,0,0.3273985226189038
c09,140,0,0,0.323286850704612
c09,141,0,0,0.299318358274562
c09,142,0,0,0.24009716122091274
c09,143,0,0,0.39183291885239147
c09,144,0,0,0.29177116014160825
c09,145,0,0,0.2927770704811081
c09,146,0,0,0.282430558080902
c09,147,0,0,0.2234253758510847
c09,148,0,0,0.3052329951351532
c09,149,0,0,0.2603216861609301
c09,150,0,0,0.19558067544204388
c09,151,0,0,0.27200169897706294
c09,152,0,0,0.08021657584762881
c09,153,0,0,0.13281860357700762
c09,154,0,0,0.13395928312375605
c09,156,0,0,0.13566896025724595
c09,157,0,0,0.32235003195399087
c09,158,0,0,0.34049997525398945
c09,159,0,0,0.10392802279782398
c09,161,0,0,0.10651687647080124
c09,162,0,0,0.07373663107528812
c09,163,0,0,0.12386944878590332
c09,164,0,0,0.08337054195587716
c09,165,0,0,0.11121697493615332
c09,166,0,0,0.17684887189948764
c09,167,0,0,0.1535961017815763
c09,168,0,0,0.10777722811225565
c09,169,0,0,0.3305851350705793
c09,170,0,0,0.26511408300769435
c09,171,0,0,0.31038593742530446
c09,172,0,0,0.39669816489636656
c09,173,0,1,0.7473208567598936
c09,174,0,1,0.6135098775062732
c09,175,0,0,0.3535762121379741
c09,176,0,0,0.3834330373018652
c09,177,0,0,0.3889521594084417
c09,178,0,0,0.3529388635380036
c09,179,0,0,0.36905116245186464
c09,180,0,0,0.237849509755732
c09,181,0,0,0.3123630837355953
c09,182,0,0,0.3157752761952177
c09,183,0,0,0.3181920641909977
c09,184,0,0,0.3377589606409245
c09,185,0,0,0.4488353105482891
c09,186,0,0,0.25542627952277497
c09,187,0,0,0.30147442909263755
c09,188,0,0,0.4019044398768494
c09,189,0,0,0.4194118528690682
c09,190,0,0,0.19082573556938237
c09,191,0,0,0.43489055407580923
c09,192,0,0,0.3332864226593098
c09,193,0,0,0.3759706598291989
c09,194,0,0,0.3004330244461354
c09,195,0,1,0.7787192018773396
c09,196,0,1,0.7810836194655713
c09,197,0,1,0.6349567983482851
c09,198,0,1,0.6274675277692521
c09,199,0,0,0.47505112210691197
c09,200,0,0,0.46293865781805255
c09,201,0,0,0.3796929980947872
c09,202,0,0,0.4161975912475623
c09,203,0,0,0.4230514667233099
c09,204,0,1,0.5350552227614515
c09,205,0,0,0.3390170445035645
c09,206,0,0,0.42819469882138594
c09,207,0,1,0.8865503836682617
c09,208,0,1,0.6771213784660836
c09,209,0,1,0.8510320649593642
c09,210,0,1,0.7877585887205971
c09,211,0,0,0.46247130896255206
c09,212,0,0,0.4164055900042791
c09,213,0,0,0.43347667519198957
c09,214,0,1,0.5262237300459831
c09,215,0,1,0.7459089921761989
c09,216,0,1,0.6714200135258797
c09,217,0,0,0.43662517956139063
c09,218,0,1,0.51936813298232
c09,219,0,0,0.4005153205377662
c09,220,0,0,0.29073367599631694
c09,221,0,0,0.3975653901761367
c09,222,0,0,0.42230861035120915
c09,223,0,0,0.37820737714823516
c09,224,0,1,0.7646188579385035
c09,225,0,1,0.8418247776311963
c09,226,0,0,0.400590941652428
c09,227,0,0,0.31300474409628726
c09,228,0,0,0.29738754407266255
c09,229,0,0,0.28916628430157415
c09,230,0,0,0.3185889473992701
c09,231,0,0,0.337827879922127
c09,232,0,0,0.2794001286377902
c09,233,0,0,0.38921653391240524
c09,234,0,0,0.29522004696922344
c09,235,0,0,0.2886048199280524
c09,236,0,0,0.35900746122986643
c09,237,0,0,0.23537139601300283
c09,238,0,0,0.31469120243133664
c09,239,0,0,0.32393740599850024
c09,240,0,0,0.2772927238242891
c09,241,0,0,0.32848149526631915
c09,242,0,0,0.30520357189562447
c09,243,0,0,0.32446444324836116
c09,244,0,0,0.2954000270895351
c09,245,0,0,0.30654127741035353
c09,246,0,0,0.2958091226183897
c09,247,0,0,0.2933580081010352
c09,248,0,0,0.29983344298306436
c09,249,0,0,0.3059322012712269
c09,250,0,0,0.24460173468465693
c09,251,0,0,0.3414619325679509
c09,252,0,0,0.34732026165018626
c09,253,0,0,0.3428299136318667
c09,254,0,0,0.3630494768869292
c09,255,0,0,0.42742988368292767
c09,256,0,0,0.3658819577877557
c09,257,0,0,0.37823074364808257
c09,258,0,0,0.3099772701900864
c09,259,0,0,0.4041969161193472
c09,260,0,0,0.3471002263332975
c09,261,0,0,0.35161408259666793
c09,262,0,0,0.34685926153407237
c09,263,0,0,0.3121664722044076
c09,264,0,0,0.2694125706177605
c09,265,0,0,0.31114155469877947
c09,266,0,0,0.34900762852875644
c09,267,0,1,0.7760128645087335
c09,268,0,1,0.8807205183142286
c09,269,0,1,0.6479193618460855
c09,270,0,0,0.35871934049504506
c09,271,0,0,0.40686209059710204
c09,272,0,0,0.3441196243437402
c09,273,0,0,0.4400066452809213
c09,274,0,0,0.413189673434136
c09,275,0,0,0.3443595105987271
c09,276,0,0,0.33683439738214377
c09,277,0,0,0.2563931016442243
c09,278,0,0,0.27363079297981885
c09,279,0,0,0.43236166479931337
c09,280,0,0,0.3516499183070318
c09,281,0,0,0.34580040554923747
c09,282,0,0,0.3810227026160591
c09,283,0,0,0.3226949000172906
c09,284,0,0,0.28871735274075655
c09,285,0,0,0.31026728149456456
c09,286,0,0,0.2551677499524687
c09,287,0,0,0.3429330421277128
c09,288,0,0,0.3221932257809736
c09,289,0,0,0.3326975463783905
c09,290,0,0,0.3628512457297284
c09,291,0,0,0.2516728338214548
c09,292,0,0,0.2838088725518673
c09,293,0,0,0.3091490203869192
c09,294,0,0,0.29526379275112413
c09,295,0,0,0.35566087238935734
c09,296,0,0,0.353661014048519
c09,297,0,0,0.4128823621126122
c09,298,0,0,0.3193315377093842
c09,299,0,0,0.34617447844769084
c09,300,0,0,0.3765708273509468
c09,301,0,0,0.4856426779346281
c09,302,0,0,0.26722748750262004
c09,303,0,0,0.3458258028735683
c09,304,0,0,0.38796251548381805
c09,305,0,0,0.34892764630769707
c09,306,0,1,0.5190526203662564
c09,307,0,0,0.4037882016359031
c09,308,0,0,0.4116031861895423
c09,309,0,0,0.29815452915406326
c09,310,0,0,0.3469470905578534
c09,311,0,1,0.5312588024476724
c09,312,0,0,0.4865036637470188
c09,313,0,0,0.3079895194635197
c09,314,0,0,0.40888287427415404
c09,315,0,1,0.8154728936676668
c09,316,0,0,0.46228507265488994
c09,317,0,0,0.43759246579697286
c09,318,0,0,0.3440343146665209
c09,319,0,0,0.3523893916314667
c09,320,0,0,0.3642526858445442
c09,321,0,0,0.4221886953413027
c09,322,0,0,0.36752650658913627
c09,323,0,0,0.32114522539356544
c09,324,0,0,0.4525838054444497
c09,325,0,0,0.3111384815563913
c09,326,0,0,0.3190727668928616
c09,327,0,0,0.3246327343943548
c09,328,0,0,0.26652513779796855
c09,329,0,0,0.3634149015138446
c09,330,0,0,0.31413705740512077
c09,331,0,0,0.3246888800605777
c09,332,0,0,0.34412383222636717
c09,333,0,0,0.34325569040014703
c09,334,0,0,0.3165256252017662
c09,335,0,0,0.3449765224298934
c09,336,0,0,0.44609977529810974
c09,337,0,0,0.3675907680130534
c09,338,0,0,0.3058142856040189
c09,339,0,0,0.3174041263423298
c09,340,0,0,0.32928942023711893
c09,341,0,0,0.2817653645072389
c09,342,0,0,0.2884755939711336
c09,343,0,0,0.3153134208498143
c09,344,0,0,0.2930789063058134
c09,345,0,0,0.27463715824376844
c09,346,0,0,0.39573382576847704
c09,347,0,0,0.31072044737740917
c09,348,0,0,0.288045900832856
c09,349,0,0,0.33802254727385167
c09,350,0,0,0.3343528262587849
c09,351,0,0,0.3201550009969761
c09,352,0,0,0.3483168090424318
c09,353,0,0,0.2843759422770823
c09,354,0,0,0.28742092972581
c09,355,0,0,0.2984740641142366
c09,356,0,0,0.3231680434663567
c09,357,0,0,0.3055842331970127
c09,358,0,0,0.3211635383826985
c09,359,0,0,0.34474476227851486
c09,360,0,0,0.42323979036080317
c09,361,0,0,0.32811552551427575
c09,362,0,0,0.3321183588522157
c09,363,0,0,0.2306323187768954
c09,364,0,0,0.32036941874379843
c09,365,0,0,0.3113508066094113
c09,366,0,0,0.32654390880312956
c09,367,0,0,0.43204769425963513
c09,368,0,1,0.6943519977685987
c09,369,0,1,0.6505755273032783
c09,370,0,1,0.7340005879995375
c09,371,0,0,0.2519310751325027
c09,372,0,0,0.37882000094214274
c09,373,0,0,0.4018680894919408
c09,374,0,0,0.2664658456182654
c09,375,0,1,0.6310117695061431
c09,376,0,1,0.8535417780380502
c09,377,0,1,0.5864594642078255
c09,378,0,0,0.2884178785526373
c09,379,0,0,0.3734695079743571
c09,380,0,0,0.2670687537332944
c09,381,0,0,0.26365533434962674
c09,382,0,0,0.22999514713479777
c09,383,0,0,0.29892275806076113
c09,384,0,0,0.2657621842329035
c09,385,0,0,0.4452812955022164
c09,386,0,0,0.4523899501024139
c09,387,0,1,0.506685065763775
c09,388,0,1,0.6188690104196671
c09,389,0,0,0.3591375323543641
c09,390,0,1,0.5044676968360609
c09,392,0,0,0.3355888901059039
c09,393,0,0,0.35988047070004725
c09,394,0,0,0.3009306826460128
c09,395,0,0,0.4754268754896422
c09,396,0,1,0.6812446152359739
c09,397,0,1,0.87949353157447
c09,398,0,0,0.2998004206047624
c09,399,0,0,0.2213356654675945
c09,400,0,0,0.355552252074201
c09,401,0,0,0.30631857640290194
c09,402,0,0,0.2701256164422656
c09,403,0,0,0.1950663176102093
c09,404,0,0,0.2302806272397136
c09,405,0,0,0.3229997588494607
c09,406,0,0,0.2867296806027712
c09,407,0,0,0.3299375221892148
c09,408,0,0,0.23225434591841745
c09,409,0,0,0.3915706811720908
c09,410,0,0,0.2517658787185213
c09,411,0,0,0.2867453909608094
c09,413,0,0,0.3008623791694736
c09,414,0,0,0.23848669764764358
c09,415,0,0,0.2194891806641072
c09,416,0,0,0.35718176990647577
c09,417,0,0,0.30851681336056225
c09,418,0,0,0.32593044394024745
c09,419,0,0,0.2328540678676878
c09,420,0,0,0.240134708893248
c09,421,0,0,0.27038408940729375
c09,422,0,0,0.1772102210919449
c09,423,0,0,0.19141189536466477
c09,424,0,0,0.350425582511699
c09,425,0,0,0.32176364003721597
c09,426,0,0,0.20087130439454082
c09,427,0,0,0.12741356769166112
c09,428,0,0,0.21210462169718491
c09,429,0,0,0.24065687413976147
c09,430,0,0,0.1836074885615268
c09,431,0,0,0.34561812144012444
c09,432,0,0,0.24571601025280765
c09,433,0,0,0.27355360078289054
c09,434,0,0,0.2182610927434936
c09,435,0,0,0.3488982003263042
c09,436,0,0,0.328714671460191
c09,437,0,0,0.3277062570331057
c09,438,0,0,0.2230002440589592
c09,439,0,0,0.25509790909792895
c09,440,0,1,0.8097669143731213
c09,441,0,1,0.7362251527438923
c09,442,0,1,0.5260641643256633
c09,443,0,1,0.5404984077439857
c09,444,0,0,0.34420977068746395
c09,445,0,0,0.2998129065143795
c09,446,0,0,0.38111706434465775
c09,447,0,0,0.4172681198926286
c09,448,0,1,0.8776942985462544
c09,449,0,0,0.3239214312666542
c09,450,0,0,0.28100832667129494
c09,451,0,0,0.378645892439955
c09,452,0,1,0.7761032265509392
c09,453,0,1,0.8425973292756922
c09,454,0,0,0.43439501196930885
c09,455,0,0,0.42871084268370363
c09,456,0,1,0.7944596401919395
c09,457,0,1,0.504268407304448
c09,458,0,0,0.20970881320794427
c09,459,0,0,0.4065918983269577
c09,460,0,1,0.8237453146011441
c09,461,0,0,0.21171764560655557
c09,462,0,0,0.24152904013898593
c09,463,0,1,0.7999644578127117
c09,464,0,1,0.514569013224207
c09,465,0,1,0.7077954986564071
c09,466,0,0,0.38983770623763614
c09,467,0,1,0.7267906835725053
c10,5,0,1,0.9999999990406483
c10,9,0,1,0.9991598045073383
c10,10,0,0,2.0672946422337083e-26
c10,11,0,1,0.6742849398735133
c10,12,0,0,0.48812723356389387
c10,13,0,1,0.551604151049685
c10,14,0,0,0.15916932472797402
c10,15,0,1,0.6492673928985558
c10,16,0,0,0.49937592551769827
c10,17,0,1,0.5877392890647923
c10,18,0,1,0.7944089570095626
c10,19,0,1,0.5231359614941017
c10,20,0,1,0.7854332560115753
c10,21,0,0,0.4802384101854889
c10,23,0,0,0.2559140172327004
c10,24,0,0,0.2979019026875474
c10,25,0,1,0.6284045999638587
c10,26,0,0,0.3916199899335033
c10,27,0,0,0.48632007963088547
c10,28,0,0,0.36645380393183663
c10,29,0,0,0.40102921453352786
c10,30,0,1,0.520278172915198
c10,31,0,1,0.7118849042872671
c10,32,0,1,0.8048382743027603
c10,33,0,0,0.24876531622129022
c10,34,0,1,0.5184763974871811
c10,35,0,0,0.2303024731194641
c10,37,0,0,0.17082801092461228
c10,38,0,0,0.4727573274681745
c10,39,0,1,0.5290059344004804
c10,40,0,1,0.6793166987535089
c10,41,0,0,0.3657724640205193
c10,42,0,0,0.26346039044867803
c10,44,0,0,0.3192600452747051
c10,45,0,0,0.28433684003207316
c10,48,0,0,0.2915769666246362
c10,49,0,0,0.24001916490855849
c10,50,0,0,0.2848480649526043
c10,51,0,0,0.20514099057490282
c10,52,0,0,0.27678317930828894
c10,53,0,0,0.3245424669487405
c10,54,0,0,0.3007683659225386
c10,57,0,0,0.20218572469728477
c10,59,0,0,0.21029839782343107
c10,60,0,0,0.17127009860588724
c10,62,0,0,0.19267266826556112
c10,63,0,0,0.3332481958687922
c10,65,0,0,0.25189883673558017
c10,67,0,0,0.2986468470366139
c10,68,0,0,0.3137356899666152
c10,70,0,0,0.3363964716522947
c10,71,0,1,0.7626653759026875
c10,72,0,1,0.8326145965085594
c10,73,0,1,0.7777283810595622
c10,78,0,0,0.20844184340686325
c10,79,0,0,0.2738903640184807
c10,80,0,0,0.16739982307512047
c10,81,0,0,0.3141286673969277
c10,82,0,0,0.33993027613597016
c10,84,0,0,0.18826540741198322
c10,86,0,0,0.2626238494295286
c10,87,0,0,0.2719992114591806
c10,90,0,1,0.9587832616850689
c10,91,0,1,0.7730948833925623
c10,92,0,1,0.8097874109553168
c10,93,0,1,0.8270898969318512
c10,94,0,1,0.8433435559171644
c10,95,0,1,0.7718433514001494
c10,97,0,1,0.802329183471064
c10,98,0,1,0.6917048245769938
c10,99,0,0,0.3074289127691768
c10,100,0,0,0.3800848952607196
c10,101,0,1,0.5904612611096831
c10,102,0,1,0.7211211710966587
c10,103,0,0,0.4106302089522432
c10,104,0,1,0.5938621559232925
c10,105,0,0,0.48327055659869717
c10,106,0,0,0.32653281587771327
c10,107,0,1,0.6764658470897651
c10,108,0,1,0.63901003120501
c10,109,0,1,0.930117261360949
c10,110,0,1,0.8371242528031534
c10,111,0,1,0.5652764594455216
c10,112,0,1,0.5778966034995738
c10,113,0,0,0.2779378693948408
c10,114,0,1,0.638569372644853
c10,115,0,1,0.7137663336786041
c10,116,0,0,0.466375304893369
c10,117,0,0,0.4611289830822866
c10,119,0,1,0.5679705521949762
c10,120,0,0,0.3733061791577033
c10,121,0,0,0.4206171683017201
c10,123,0,0,0.37388452037686654
c10,124,0,0,0.31546034235675446
c10,125,0,1,0.576285976448409
c10,126,0,0,0.39886590125529
c10,131,0,0,0.30720396912543046
c10,132,0,0,0.32139091736838626
c10,133,0,0,0.2094986454786432
c10,134,0,0,0.28087476183302407
c10,135,0,0,0.30144965035961246
c10,136,0,0,0.42841252155792164
c10,137,0,0,0.4412410743650374
c10,139,0,0,0.2823269967284955
c10,140,0,0,0.23675171968763797
c10,145,0,0,0.24965949633199847
c10,147,0,1,0.9133879070444423
c10,148,0,1,0.8671593163951198
c10,149,0,1,0.7761263872633316
c10,150,0,1,0.8085043624317233
c10,151,0,0,0.37548282574017344
c10,152,0,0,0.26275536168838454
c10,153,0,0,0.2576802010111906
c10,156,0,0,0.3411100452218148
c10,159,0,0,0.39475115669704924
c10,161,0,0,0.23387583834705888
c10,163,0,0,0.23278415377272382
c10,164,0,1,0.738948176544955
c10,165,0,1,0.532968271655755
c10,166,0,0,0.38313115406951576
c10,167,0,0,0.24633640799015347
c10,172,0,0,0.2757417241651869
c10,173,0,0,0.1865492596215323
c10,174,0,0,0.26988393254442
c10,176,0,0,0.19239409088554255
c10,178,0,1,0.7030007049788964
c10,179,0,1,0.8931673535153919
c10,180,0,1,0.930045469045958
c10,181,0,0,0.1464159286575188
c10,182,0,0,0.19618488747791807
c10,184,0,1,0.635195493526971
c10,185,0,0,0.3276638899682186
c10,187,0,0,0.30603394040182047
c10,188,0,0,0.3204612339216165
c10,189,0,0,0.26765786727915525
c10,192,0,0,0.2110526880595437
c10,193,0,0,0.3447076708813242
c10,194,0,1,0.8196879668723974
c10,195,0,1,0.8732857511983628
c10,196,0,1,0.948824192324045
c10,197,0,1,0.7295735819971884
c10,198,0,0,0.43205868796149166
c10,201,0,0,0.38132523858651435
c10,205,0,0,0.22270814699077304
c10,206,0,0,0.4034974910071365
c10,208,0,0,0.18300440290869552
c10,210,0,1,0.859134090372804
c10,211,0,1,0.9201801131512408
c10,212,0,0,0.2752813747446117
c10,213,0,0,0.4767729163952519
c10,214,0,0,0.3407377548952418
c10,215,0,1,0.7728261870316429
c10,217,0,1,0.5881866642791279
c10,218,0,0,0.38274109641469933
c10,219,0,1,0.8209250741698467
c10,220,0,1,0.6495410995852302
c10,221,0,1,0.5913723843358805
c10,222,0,1,0.6043409307465819
c10,223,0,0,0.43834178633656534
c10,224,0,0,0.47930835966650615
c10,225,0,1,0.7529383292413976
c10,226,0,0,0.38541729337586184
c10,227,0,1,0.8518944284929348
c10,228,0,1,0.7758688533455441
c10,229,0,0,0.4708441807362851
c10,230,0,0,0.40763377758737307
c10,231,0,0,0.4973059477252559
c10,232,0,1,0.5199390163119768
c10,233,0,1,0.7401651195781273
c10,234,0,1,0.7005318265380599
c10,235,0,1,0.9478026040503407
c10,237,0,1,0.5248176969510061
c10,238,0,1,0.578586213654616
c10,239,0,0,0.40624582650759955
c10,240,0,0,0.39261562502733904
c10,243,0,0,0.19675684651163924
c10,244,0,0,0.37529560504199105
c10,245,0,0,0.307834266764335
c10,247,0,1,0.671607360024564
c10,249,0,0,0.2821415485865576
c10,252,0,0,0.419935897970333
c10,253,0,0,0.22517204516594908
c10,254,0,0,0.34542916698259846
c10,255,0,0,0.22659682056606498
c10,256,0,0,0.2705204888697774
c10,257,1,1,0.5841597365537213
c10,258,0,0,0.3032587625361773
c10,259,0,0,0.21161847358797778
c10,262,0,0,0.24661233921816286
c10,263,0,0,0.17051818420354733
c10,265,0,0,0.1951588412647639
c10,266,0,0,0.3124187689514195
c10,267,0,0,0.270425467949939
c10,269,0,0,0.373585415629307
c10,270,0,0,0.18360636014381557
c10,271,0,0,0.3376495783509923
c10,272,0,0,0.2948652147469575
c10,273,0,0,0.3812328682347332
c10,275,0,0,0.24410308612972897
c10,276,0,0,0.31122443614461354
c10,277,0,0,0.31361002679364297
c10,278,0,0,0.23001454290313236
c10,279,0,0,0.19099043811077446
c10,280,0,0,0.3688320732526625
c10,281,0,0,0.30450391767390067
c10,282,0,0,0.4155340004821752
c10,283,0,1,0.9582510159348373
c10,284,0,1,0.8211910148285688
c10,285,0,1,0.7476621774091344
c10,286,0,1,0.7874267953123845
c10,287,0,0,0.32581880353312803
c10,288,0,1,0.5081363045499083
c10,289,0,1,0.7210347748309144
c10,290,0,0,0.4109521290019574
c10,291,0,0,0.332134923132177
c10,292,0,0,0.45799783918732123
c10,293,0,0,0.4041481262841786
c10,294,0,0,0.2898157990624908
c10,297,0,1,0.6012435297212367
c10,298,0,0,0.33779674185145386
c10,301,0,0,0.32432252060427386
c10,302,0,0,0.285058846299768
c10,303,0,0,0.30278583705993223
c10,304,0,0,0.3063420820349969
c10,305,0,0,0.2345042371535341
c10,306,0,0,0.44711290456008046
c10,307,0,0,0.2722413799138631
c10,308,0,0,0.3445723230397772
c10,309,0,0,0.2397600621410388
c10,311,0,0,0.25128185569245004
c10,313,0,0,0.3451120340745857
c10,314,0,0,0.23025140465384478
c10,315,0,1,0.8981335619635653
c10,316,0,1,0.7178187707854632
c10,317,0,0,0.25207555852336416
c10,319,0,1,0.5499672466648563
c10,320,0,0,0.4897017059244747
c10,321,0,0,0.24825319071315902
c10,322,0,1,0.8474179865516898
c10,323,0,0,0.24620261374150415
c10,324,0,0,0.3811953013632604
c10,325,0,0,0.39370053914161085
c10,326,0,1,0.8690142451576303
c10,327,0,0,0.44313248430024477
c10,328,0,1,0.6739733402914933
c10,330,0,0,0.28586544034499517
c10,331,0,1,0.9174185957431648
c10,332,0,1,0.8483717551752605
c10,333,0,0,0.3701923133212697
c10,334,0,0,0.48863219216438913
c10,335,0,1,0.8046669325810019
c10,336,0,1,0.7699752948358877
c10,337,0,0,0.4671064664873553
c10,338,0,0,0.42724580660467687
c10,339,0,1,0.9008913943039961
c10,340,0,1,0.9079428663160648
c10,341,0,1,0.8500457674897013
c10,342,0,0,0.4275919076025962
c10,343,0,1,0.5308065264581016
c10,344,0,0,0.3331251204311714
c10,345,0,1,0.5923979603916949
c10,346,0,1,0.9259791241186901
c10,347,0,1,0.7651522612676412
c10,348,0,0,0.24607834366094186
c10,349,0,0,0.32178282665924884
c10,350,0,0,0.3317002918396234
c10,351,0,0,0.4111615570817126
c10,353,0,0,0.2726904365526101
c10,354,0,0,0.34895839629488057
c10,355,0,0,0.24346229928719687
c10,356,0,0,0.44557569156898963
c10,357,0,0,0.28861120866598416
c10,358,0,0,0.3256629150269802
c10,359,0,0,0.29876299788938343
c10,362,0,0,0.24981487871959193
c10,363,0,1,0.5256903761370451
c10,364,0,0,0.359631500108543
c10,365,0,0,0.30243087256804707
c10,366,0,0,0.24150917321931215
c10,367,0,0,0.32786124767360464
c10,368,0,0,0.31583993336603067
c10,369,0,0,0.2378617401533849
c10,371,0,0,0.49732576450922755
c10,372,0,0,0.2988842541843447
c10,373,0,0,0.23207749847121956
c10,374,0,0,0.36446250225474397
c10,375,0,0,0.3996903200539692
c10,376,0,0,0.2417474102444395
c10,379,0,1,0.9119740283335315
c10,380,0,1,0.536897054072631
c10,381,0,0,0.4371519403684232
c10,382,0,0,0.26718094393492764
c10,385,0,0,0.26378703959568595
c10,386,0,0,0.34414809246130723
c10,388,0,0,0.30514177651942664
c10,389,0,0,0.21214211050155884
c10,391,0,0,0.42057071002784974
c10,392,0,0,0.20792805469547435
c10,394,0,1,0.6714595376134666
c10,395,0,0,0.4433194930547324
c10,396,0,1,0.5489901977518677
c10,399,0,0,0.41419225099126455
c10,400,0,1,0.516407214471729
c10,401,0,0,0.39037889231546974
c10,402,0,1,0.5380046269999962
c10,404,0,1,0.672883823980425
c10,405,0,1,0.5043508114746125
c10,406,0,0,0.42048337529667423
c10,407,0,0,0.48439492076452917
c10,408,0,1,0.8883217406048918
c10,409,0,0,0.36220746766131073
c10,410,0,0,0.4383274066751626
c10,411,0,0,0.3717164152868439
c10,413,0,1,0.8909777930849894
c10,414,0,0,0.3313665656723928
c10,415,0,1,0.510261572215439
c10,416,0,1,0.5867543382218677
c10,417,0,1,0.7216339221935743
c10,418,0,1,0.8001320026245677
c10,420,0,0,0.4491092211193845
c10,421,0,0,0.2883467465656348
c10,422,0,1,0.5630697218279082
c10,423,0,1,0.5954893719918136
c10,424,0,1,0.9350282013306214
c10,425,0,1,0.7294376795458967
c10,426,0,1,0.8026399722829691
c10,427,0,1,0.508065979858243
c10,428,0,1,0.5238809364920008
c10,429,0,1,0.5911583979257942
c10,430,0,1,0.962870472936585
