record,minute,y_true,y_pred,y_prob
a01,1,0,0,0.09836409
a01,2,0,1,0.67989475
a01,3,0,0,0.16938958
a01,4,0,0,0.28737894
a01,5,0,1,0.7730032
a01,6,0,0,0.48455945
a01,7,0,0,0.08556738
a01,8,0,0,0.070610635
a01,9,0,1,0.8058647
a01,10,0,1,0.8462026
a01,11,0,1,0.9515122
a01,12,0,1,0.86053145
a01,13,1,1,0.9306688
a01,14,1,1,0.94205564
a01,15,1,1,0.9333048
a01,16,1,1,0.9675712
a01,17,1,1,0.92838097
a01,18,1,1,0.9557881
a01,19,1,1,0.9353109
a01,20,1,1,0.96445847
a01,21,1,1,0.91606075
a01,22,1,1,0.9241025
a01,23,1,1,0.94706464
a01,24,1,1,0.95941615
a01,25,1,1,0.955866
a01,26,1,1,0.9537717
a01,27,1,1,0.92260194
a01,28,1,1,0.9647757
a01,29,1,1,0.953329
a01,30,1,1,0.93648475
a01,31,1,1,0.90659857
a01,32,1,1,0.9273659
a01,33,1,1,0.93867266
a01,34,1,1,0.9519136
a01,35,1,1,0.94773024
a01,36,1,1,0.91616976
a01,37,1,1,0.95130605
a01,38,1,1,0.9353428
a01,39,1,1,0.94524
a01,40,1,1,0.8856893
a01,41,1,1,0.9631304
a01,42,1,1,0.93577653
a01,43,1,1,0.9077251
a01,44,1,1,0.9597134
a01,45,1,1,0.9679814
a01,46,1,1,0.95485646
a01,47,1,1,0.944629
a01,48,1,1,0.9563159
a01,49,1,1,0.9543088
a01,50,1,1,0.948655
a01,51,1,1,0.9152736
a01,52,1,1,0.9151454
a01,53,1,1,0.8966558
a01,54,1,1,0.9451201
a01,55,1,1,0.9693796
a01,56,1,1,0.96663797
a01,57,1,1,0.95845157
a01,58,1,1,0.92990977
a01,59,1,1,0.9553996
a01,60,1,1,0.96864724
a01,61,1,1,0.9605161
a01,62,1,1,0.962607
a01,63,1,1,0.9575548
a01,64,1,1,0.94324154
a01,65,1,1,0.89908147
a01,66,1,1,0.9380535
a01,67,1,1,0.97567546
a01,68,1,1,0.9343283
a01,69,1,1,0.96465456
a01,70,1,1,0.8263385
a01,71,1,1,0.8807809
a01,72,1,1,0.98100454
a01,73,1,1,0.99082315
a01,74,1,1,0.9066419
a01,75,1,1,0.97958446
a01,76,1,1,0.9567738
a01,77,1,1,0.9033525
a01,78,1,1,0.6767655
a01,79,1,1,0.8197245
a01,80,1,1,0.9598168
a01,81,1,1,0.97082764
a01,82,1,1,0.9746826
a01,83,1,1,0.9695817
a01,84,1,1,0.9527176
a01,85,1,1,0.98295915
a01,86,1,1,0.95173514
a01,87,1,1,0.94853914
a01,88,1,1,0.9727588
a01,89,1,1,0.9753538
a01,90,1,1,0.54862684
a01,91,1,1,0.85005486
a01,92,1,1,0.854776
a01,93,1,1,0.92068136
a01,94,1,1,0.94824684
a01,95,1,1,0.95965517
a01,96,1,1,0.96697056
a01,97,1,1,0.9539755
a01,98,1,1,0.9734211
a01,99,1,1,0.87289137
a01,100,1,1,0.94538444
a01,101,1,1,0.9703734
a01,102,1,1,0.9770657
a01,103,1,1,0.9390638
a01,104,1,1,0.96477103
a01,105,1,1,0.9665744
a01,106,1,1,0.97401947
a01,107,1,1,0.8835873
a01,108,1,1,0.9797477
a01,109,1,1,0.9558636
a01,110,1,1,0.9746455
a01,111,1,1,0.974879
a01,112,1,1,0.9774456
a01,113,1,1,0.97326565
a01,114,1,1,0.9525206
a01,115,1,1,0.9576477
a01,116,1,1,0.95891404
a01,117,1,1,0.9658521
a01,118,1,1,0.9677635
a01,119,1,1,0.95125014
a01,120,1,1,0.96801656
a01,121,1,1,0.97421205
a01,122,1,1,0.96735436
a01,123,1,1,0.971881
a01,124,1,1,0.95812887
a01,125,1,1,0.9723856
a01,126,1,1,0.89506793
a01,127,1,1,0.94292086
a01,128,1,1,0.9459516
a01,129,1,1,0.97428244
a01,130,1,1,0.97253585
a01,131,1,1,0.96896064
a01,132,1,1,0.976653
a01,133,1,1,0.9569518
a01,134,1,1,0.96653247
a01,135,1,1,0.970721
a01,136,1,1,0.9697705
a01,137,1,1,0.9803611
a01,138,1,1,0.9773162
a01,139,1,1,0.9581451
a01,140,1,1,0.9754886
a01,141,1,1,0.97076416
a01,142,1,1,0.9532368
a01,143,1,1,0.96367294
a01,144,1,1,0.97699887
a01,145,1,1,0.96445614
a01,146,1,1,0.9746541
a01,147,1,1,0.940018
a01,148,1,1,0.9586993
a01,149,1,1,0.9179026
a01,150,1,1,0.96073854
a01,151,1,1,0.9454395
a01,152,1,1,0.96305037
a01,153,1,1,0.95945686
a01,154,1,1,0.9762709
a01,155,1,1,0.96921563
a01,156,1,1,0.9701128
a01,157,1,1,0.9747209
a01,158,1,1,0.9522197
a01,159,1,1,0.7277512
a01,160,1,1,0.9673836
a01,161,1,1,0.97138447
a01,162,1,1,0.96579725
a01,163,1,1,0.96295595
a01,164,1,1,0.9731545
a01,165,1,1,0.9669349
a01,166,1,1,0.9847268
a01,167,1,1,0.9497717
a01,168,1,1,0.95519286
a01,169,1,1,0.9795634
a01,170,1,1,0.9807804
a01,171,1,1,0.9645465
a01,172,1,1,0.97202605
a01,173,1,1,0.9678114
a01,174,1,1,0.9660334
a01,175,1,1,0.9831745
a01,176,1,1,0.95783526
a01,177,1,1,0.9683525
a01,178,1,1,0.964864
a01,179,1,1,0.9714797
a01,180,1,1,0.98185915
a01,181,1,1,0.9678756
a01,182,1,1,0.97091216
a01,183,1,1,0.987035
a01,184,1,1,0.96801144
a01,185,1,1,0.9818362
a01,186,1,1,0.9683207
a01,187,1,1,0.95890814
a01,188,1,1,0.9491972
a01,189,1,1,0.9590001
a01,190,1,1,0.9379937
a01,191,1,1,0.96879
a01,192,1,1,0.98191017
a01,193,1,1,0.97535026
a01,194,1,1,0.9639137
a01,195,1,1,0.97139275
a01,196,1,1,0.97607636
a01,197,1,1,0.97471786
a01,198,1,1,0.9845449
a01,199,1,1,0.9719454
a01,200,1,1,0.91489136
a01,201,1,1,0.9630819
a01,202,1,1,0.96833336
a01,203,1,1,0.9442002
a01,204,1,1,0.97334605
a01,205,1,1,0.9687618
a01,206,1,1,0.99444526
a01,207,1,1,0.9325705
a01,208,1,1,0.98474324
a01,209,1,1,0.94888955
a01,210,1,1,0.9246435
a01,211,1,1,0.97838736
a01,212,1,1,0.9555192
a01,213,1,1,0.952266
a01,214,1,1,0.97078425
a01,215,1,1,0.93989533
a01,216,1,1,0.8542289
a01,217,1,1,0.8652896
a01,218,1,1,0.9713969
a01,219,1,1,0.5703962
a01,220,1,1,0.77248085
a01,221,1,1,0.77845556
a01,222,1,1,0.9123507
a01,223,1,1,0.92744493
a01,224,1,1,0.8666016
a01,225,1,1,0.59849477
a01,226,1,0,0.3595768
a01,227,0,0,0.47490716
a01,228,0,1,0.7751725
a01,229,0,1,0.57832664
a01,230,0,1,0.8930501
a01,231,1,1,0.7776681
a01,232,1,1,0.90386
a01,233,1,1,0.9033642
a01,234,1,1,0.8964495
a01,235,1,1,0.8002045
a01,236,1,1,0.9626086
a01,237,1,1,0.954131
a01,238,1,1,0.7270649
a01,239,1,1,0.9709863
a01,240,1,1,0.972047
a01,241,1,1,0.95890266
a01,242,1,1,0.9561491
a01,243,1,1,0.9589847
a01,244,1,1,0.95778483
a01,245,1,1,0.9730514
a01,246,1,1,0.9439951
a01,247,1,1,0.90180236
a01,248,1,1,0.9706278
a01,249,1,1,0.94570035
a01,250,1,1,0.9716099
a01,251,1,1,0.96885085
a01,252,1,1,0.96911263
a01,253,1,1,0.969716
a01,254,1,1,0.9629993
a01,255,1,1,0.9728895
a01,256,1,1,0.96417946
a01,257,1,1,0.98302907
a01,258,1,1,0.9707351
a01,259,1,1,0.9713742
a01,260,1,1,0.9589272
a01,261,1,1,0.97833407
a01,262,1,1,0.9783603
a01,263,1,1,0.9584085
a01,264,1,1,0.95596075
a01,265,1,1,0.96884525
a01,266,1,1,0.9697281
a01,267,1,1,0.9433965
a01,268,1,1,0.9755524
a01,269,1,1,0.92241883
a01,270,1,1,0.9656205
a01,271,1,1,0.8199866
a01,272,1,1,0.9714469
a01,273,1,1,0.968494
a01,274,1,1,0.9662229
a01,275,1,1,0.9631962
a01,276,1,1,0.9616104
a01,277,1,1,0.9809045
a01,278,1,1,0.9644191
a01,279,1,1,0.96748203
a01,280,1,1,0.9678572
a01,281,1,1,0.96047014
a01,282,1,1,0.94747645
a01,283,1,1,0.9687298
a01,284,1,1,0.9633004
a01,285,1,1,0.9693916
a01,286,1,1,0.9872844
a01,287,1,1,0.97824395
a01,288,1,1,0.9822895
a01,289,1,1,0.9749292
a01,290,1,1,0.98869586
a01,291,1,1,0.95503217
a01,292,1,1,0.95916194
a01,293,1,1,0.9538758
a01,294,1,1,0.9837895
a01,295,1,1,0.966057
a01,296,1,1,0.9815066
a01,297,1,1,0.9843418
a01,298,1,1,0.97610533
a01,299,1,1,0.99469143
a01,300,1,1,0.993705
a01,301,1,1,0.9697808
a01,302,1,1,0.9735528
a01,303,1,1,0.95250386
a01,304,1,1,0.9771419
a01,305,1,1,0.9533175
a01,306,1,1,0.57682467
a01,307,1,1,0.97410685
a01,308,1,1,0.9713813
a01,309,1,1,0.95544463
a01,310,1,1,0.94713575
a01,311,1,1,0.9006993
a01,312,1,1,0.94472873
a01,313,1,1,0.9577699
a01,314,1,1,0.97601527
a01,315,1,1,0.96741855
a01,316,1,1,0.9647665
a01,317,1,1,0.9826366
a01,318,1,1,0.8679788
a01,319,1,1,0.9486153
a01,320,1,1,0.91153145
a01,321,1,1,0.6970775
a01,322,1,1,0.9773801
a01,323,1,1,0.9646144
a01,324,1,1,0.9502014
a01,325,1,1,0.95423007
a01,326,1,1,0.96399975
a01,327,1,1,0.9860896
a01,328,1,1,0.96380657
a01,329,1,1,0.98524284
a01,330,1,1,0.9923153
a01,331,1,1,0.9017081
a01,332,1,1,0.921
a01,333,1,1,0.9951218
a01,334,1,1,0.9818195
a01,335,1,1,0.8695931
a01,336,1,1,0.937218
a01,337,1,1,0.9813798
a01,338,1,1,0.9532139
a01,339,1,1,0.9730455
a01,340,1,1,0.9692816
a01,341,1,1,0.97568434
a01,342,1,1,0.9900979
a01,343,1,1,0.9938159
a01,344,1,1,0.77062374
a01,345,1,1,0.9832448
a01,346,1,1,0.99323446
a01,347,1,1,0.9902024
a01,348,1,1,0.9496785
a01,349,1,1,0.9734924
a01,350,1,1,0.9436466
a01,351,1,1,0.95936215
a01,352,0,1,0.9418565
a01,353,0,1,0.7585878
a01,354,1,1,0.957003
a01,355,1,1,0.939772
a01,356,1,1,0.9830772
a01,357,1,1,0.9803329
a01,358,1,1,0.9508317
a01,359,1,1,0.88670474
a01,360,1,1,0.9739258
a01,361,1,1,0.9752549
a01,362,1,1,0.95956707
a01,363,1,1,0.910273
a01,364,1,1,0.97929347
a01,365,1,1,0.97529715
a01,366,1,1,0.96505797
a01,367,1,1,0.9592408
a01,368,1,1,0.9677547
a01,369,1,1,0.9814538
a01,370,1,1,0.9476373
a01,371,1,1,0.9879167
a01,372,1,1,0.97491986
a01,373,1,1,0.9838157
a01,374,1,1,0.9760912
a01,375,1,1,0.932182
a01,376,1,1,0.9855058
a01,377,1,1,0.97815406
a01,378,1,1,0.9895922
a01,379,1,1,0.96996856
a01,380,1,1,0.9684759
a01,381,1,1,0.9855552
a01,382,1,1,0.8209098
a01,383,1,1,0.96853393
a01,384,1,1,0.98061246
a01,385,1,1,0.95774657
a01,386,1,1,0.9811777
a01,387,1,1,0.99016577
a01,388,1,1,0.9737976
a01,389,1,1,0.986452
a01,390,1,1,0.9859638
a01,391,1,1,0.9874851
a01,392,1,1,0.96967286
a01,393,1,1,0.9703854
a01,394,1,1,0.9881197
a01,395,1,1,0.9463567
a01,396,1,1,0.98647124
a01,397,1,1,0.98659605
a01,398,1,1,0.98840404
a01,399,1,1,0.90175813
a01,400,1,1,0.98598737
a01,401,1,1,0.96665365
a01,402,1,1,0.97715795
a01,403,1,1,0.958422
a01,404,1,1,0.95310503
a01,405,1,1,0.9514067
a01,406,1,1,0.98398054
a01,407,1,1,0.96509606
a01,408,1,1,0.97611576
a01,409,1,1,0.9790461
a01,410,1,1,0.98129386
a01,411,1,1,0.983142
a01,412,1,1,0.9332513
a01,413,1,1,0.981079
a01,414,1,1,0.97463685
a01,415,1,1,0.93000585
a01,416,1,1,0.9364534
a01,417,1,1,0.96550304
a01,418,1,1,0.9715341
a01,419,1,1,0.9760578
a01,420,1,1,0.9740244
a01,421,1,1,0.9521301
a01,422,1,1,0.95571697
a01,423,1,1,0.8619612
a01,424,1,1,0.9470019
a01,425,1,1,0.96694005
a01,426,1,1,0.9753517
a01,427,1,1,0.9850348
a01,428,1,1,0.98666084
a01,429,1,1,0.9698315
a01,430,1,1,0.96935433
a01,431,1,1,0.9906295
a01,432,1,1,0.99135333
a01,433,1,1,0.86081725
a01,434,1,1,0.958487
a01,435,1,1,0.9631886
a01,436,1,1,0.9873095
a01,437,1,1,0.99088156
a01,438,1,1,0.99089897
a01,439,1,1,0.9937004
a01,440,1,1,0.97069395
a01,441,1,1,0.9480882
a01,442,1,1,0.9648711
a01,443,1,1,0.98904616
a01,444,1,1,0.94298923
a01,445,1,1,0.8530197
a01,446,1,1,0.9578347
a01,447,1,1,0.93302476
a01,448,1,1,0.97608715
a01,449,1,1,0.99060947
a01,450,1,1,0.9884411
a01,451,1,1,0.9509953
a01,452,1,1,0.9967325
a01,453,1,1,0.9643654
a01,454,1,1,0.9800829
a01,455,1,1,0.9855058
a01,456,1,1,0.9306099
a01,457,1,1,0.82390165
a01,458,1,1,0.9617058
a01,459,1,1,0.9659185
a01,460,1,1,0.93021953
a01,461,1,1,0.97395337
a01,462,1,1,0.9696418
a01,463,1,1,0.9797838
a01,464,1,1,0.95628166
a01,465,1,1,0.95997125
a01,466,1,1,0.9885352
a01,467,1,1,0.9603375
a01,468,1,1,0.9830563
a01,469,1,1,0.91191685
a01,470,1,1,0.9892266
a01,471,1,1,0.9497603
a01,472,1,1,0.97943145
a01,473,1,1,0.95287126
a01,474,1,1,0.9848268
a01,475,1,1,0.90448886
a01,476,1,1,0.98815024
a01,477,1,1,0.9781593
a01,478,1,1,0.9734841
a01,479,1,1,0.9677211
a01,480,1,1,0.97640175
a01,481,1,1,0.967374
a01,482,1,1,0.9816025
a01,483,1,1,0.9779267
a01,484,1,1,0.957264
a01,485,1,1,0.7498702
a01,486,1,1,0.91784567
a01,487,1,1,0.9733176
a01,488,1,1,0.8902117
a02,1,0,0,0.05447478
a02,2,0,0,0.047365636
a02,3,0,0,0.041079175
a02,4,0,0,0.036330726
a02,5,0,0,0.04851879
a02,6,0,0,0.2265944
a02,7,0,0,0.07830161
a02,8,0,0,0.45171872
a02,9,0,0,0.010924326
a02,10,0,0,0.021650165
a02,11,0,0,0.03230623
a02,12,0,0,0.020247364
a02,13,0,0,0.022154242
a02,14,0,0,0.02545566
a02,15,0,0,0.057993207
a02,16,0,0,0.012439458
a02,17,0,0,0.014289756
a02,18,0,0,0.017242866
a02,19,0,0,0.018496584
a02,20,0,0,0.0243707
a02,21,1,0,0.014597709
a02,22,1,0,0.015738934
a02,23,1,0,0.02114918
a02,24,1,0,0.01691765
a02,25,1,0,0.022660153
a02,26,1,0,0.020212257
a02,27,1,0,0.02832097
a02,28,1,0,0.023680001
a02,29,1,0,0.029608104
a02,30,1,0,0.08566169
a02,31,1,0,0.04105867
a02,32,1,0,0.024207875
a02,33,1,0,0.38291425
a02,34,1,0,0.06940502
a02,35,1,0,0.054637637
a02,36,1,0,0.05134666
a02,37,1,0,0.053910233
a02,38,1,0,0.05206752
a02,39,1,0,0.059403744
a02,40,1,0,0.05458227
a02,41,1,0,0.05866543
a02,42,1,0,0.04830858
a02,43,1,0,0.045323893
a02,44,1,0,0.10785739
a02,45,1,0,0.04580139
a02,46,1,0,0.06273967
a02,47,1,0,0.08295647
a02,48,1,0,0.06486576
a02,49,1,0,0.075287044
a02,50,1,0,0.054268006
a02,51,1,0,0.049007848
a02,52,1,0,0.07062619
a02,53,1,0,0.043189492
a02,54,1,0,0.074521385
a02,55,1,0,0.06596861
a02,56,1,0,0.20641446
a02,57,1,0,0.07802165
a02,58,1,0,0.05529055
a02,59,1,0,0.049465373
a02,60,1,0,0.058770146
a02,61,1,0,0.05030099
a02,62,1,0,0.16281854
a02,63,1,0,0.07870677
a02,64,1,0,0.07438315
a02,65,1,0,0.07745075
a02,66,1,0,0.062206395
a02,67,1,0,0.06680131
a02,68,1,0,0.078138426
a02,69,1,0,0.059192114
a02,70,1,0,0.08530798
a02,71,1,0,0.22959028
a02,72,1,0,0.05079736
a02,73,1,0,0.07948822
a02,74,1,0,0.042492133
a02,75,1,0,0.06277162
a02,76,1,0,0.05140493
a02,77,1,0,0.047452923
a02,78,1,0,0.07409379
a02,79,1,0,0.048832368
a02,80,1,0,0.049505413
a02,81,1,0,0.054735746
a02,82,1,0,0.07254135
a02,83,1,0,0.098175876
a02,84,1,0,0.08700014
a02,85,1,0,0.07581911
a02,86,1,0,0.08602813
a02,87,1,0,0.056354765
a02,88,1,0,0.067048214
a02,89,1,0,0.053735502
a02,90,1,0,0.07251027
a02,91,1,0,0.060412604
a02,92,1,0,0.058041364
a02,93,1,0,0.11620253
a02,94,1,0,0.07090554
a02,95,1,0,0.06915451
a02,96,1,0,0.10442032
a02,97,1,0,0.051374946
a02,98,1,0,0.06760153
a02,99,1,0,0.12708822
a02,100,1,0,0.054820705
a02,101,1,0,0.052899987
a02,102,1,0,0.05813409
a02,103,1,0,0.074586645
a02,104,1,0,0.068355635
a02,105,1,0,0.04221245
a02,106,1,0,0.05668397
a02,107,1,0,0.059913438
a02,108,1,0,0.055034246
a02,109,1,0,0.04871979
a02,110,1,0,0.068781026
a02,111,1,0,0.049346607
a02,112,1,0,0.05995108
a02,113,1,0,0.06548157
a02,114,1,0,0.06703623
a02,115,1,0,0.086610034
a02,116,1,0,0.08774841
a02,117,1,0,0.13411076
a02,118,1,0,0.08569674
a02,119,1,0,0.050680228
a02,120,1,0,0.078180425
a02,121,1,0,0.074115746
a02,122,1,0,0.07540042
a02,123,1,0,0.08379814
a02,124,1,0,0.064128436
a02,125,1,0,0.05894798
a02,126,1,0,0.06382457
a02,127,1,0,0.08413427
a02,128,1,0,0.06800703
a02,129,1,0,0.067677885
a02,130,0,0,0.030148491
a02,131,0,0,0.032446593
a02,132,0,0,0.026037281
a02,133,0,0,0.021272073
a02,134,0,0,0.018545344
a02,135,0,0,0.017332932
a02,136,0,0,0.019814463
a02,137,0,0,0.023551399
a02,138,0,0,0.02209977
a02,139,0,0,0.021519594
a02,140,0,0,0.020451697
a02,141,0,0,0.023305807
a02,142,0,0,0.021494677
a02,143,0,0,0.022029743
a02,144,0,0,0.023334708
a02,145,0,0,0.026843505
a02,146,0,0,0.024021994
a02,147,0,0,0.023177598
a02,148,0,0,0.023471706
a02,149,0,0,0.025262725
a02,150,0,0,0.030519044
a02,151,0,0,0.03283188
a02,152,0,0,0.02842273
a02,153,0,0,0.030254466
a02,154,0,0,0.032197013
a02,155,0,0,0.03915842
a02,156,0,0,0.03417683
a02,157,0,0,0.031831197
a02,158,0,0,0.03155126
a02,159,0,0,0.03175328
a02,160,0,0,0.037935816
a02,161,0,0,0.03615023
a02,162,0,0,0.04023356
a02,163,0,0,0.039366264
a02,164,0,0,0.037772443
a02,165,0,0,0.037359785
a02,166,0,0,0.03905785
a02,167,0,0,0.035828624
a02,168,0,0,0.03904443
a02,169,0,0,0.033560965
a02,170,0,0,0.038976643
a02,171,0,0,0.048925783
a02,172,0,0,0.041600678
a02,173,0,0,0.038611703
a02,174,0,0,0.04056882
a02,175,0,0,0.07721035
a02,176,1,0,0.058797635
a02,177,1,0,0.04271037
a02,178,1,0,0.046686433
a02,179,1,0,0.04014358
a02,180,1,0,0.074657984
a02,181,1,0,0.08432919
a02,182,1,0,0.032759193
a02,183,1,0,0.023868697
a02,184,1,0,0.03111528
a02,185,1,0,0.023812585
a02,186,1,0,0.018312953
a02,187,1,0,0.04703678
a02,188,1,0,0.09624712
a02,189,1,0,0.03914726
a02,190,1,0,0.03339491
a02,191,1,0,0.03784874
a02,192,1,0,0.030858252
a02,193,1,0,0.036295835
a02,194,1,0,0.035233147
a02,195,1,0,0.04034472
a02,196,1,0,0.03825221
a02,197,1,0,0.035498835
a02,198,1,0,0.026666705
a02,199,1,0,0.02197026
a02,200,1,0,0.03547529
a02,201,0,0,0.037082646
a02,202,0,0,0.02224987
a02,203,0,0,0.013910376
a02,204,0,0,0.023380466
a02,205,0,0,0.02126986
a02,206,0,0,0.0677897
a02,207,1,0,0.11789492
a02,208,1,0,0.17660001
a02,209,1,0,0.055154927
a02,210,1,0,0.07214024
a02,211,1,0,0.038201638
a02,212,1,0,0.039439704
a02,213,1,0,0.051768318
a02,214,1,0,0.06897781
a02,215,1,0,0.050641183
a02,216,1,0,0.04240508
a02,217,1,0,0.3427072
a02,218,1,0,0.03435202
a02,219,1,0,0.046370097
a02,220,1,0,0.0634341
a02,221,1,0,0.07317292
a02,222,1,0,0.029711496
a02,223,1,0,0.061509337
a02,224,1,0,0.10890629
a02,225,1,0,0.058793325
a02,226,1,0,0.10669239
a02,227,1,0,0.03631392
a02,228,1,0,0.044989128
a02,229,1,0,0.06841217
a02,230,1,0,0.052247893
a02,231,1,0,0.050421465
a02,232,1,0,0.046829388
a02,233,1,0,0.04724173
a02,234,1,0,0.042905267
a02,235,1,0,0.055606782
a02,236,1,0,0.04871968
a02,237,1,0,0.07275166
a02,238,1,0,0.06709193
a02,239,1,0,0.05096901
a02,240,1,0,0.04186028
a02,241,1,0,0.060152862
a02,242,1,0,0.06505066
a02,243,1,0,0.057282902
a02,244,1,0,0.054097172
a02,245,1,0,0.084487595
a02,246,1,0,0.081088215
a02,247,1,0,0.061242882
a02,248,1,0,0.067976296
a02,249,1,0,0.07878845
a02,250,1,0,0.07342508
a02,251,1,0,0.06581019
a02,252,1,0,0.05580672
a02,253,1,0,0.052581422
a02,254,1,0,0.06403339
a02,255,1,0,0.046654686
a02,256,1,0,0.047545046
a02,257,1,0,0.07596817
a02,258,1,0,0.059738252
a02,259,1,0,0.07654303
a02,260,1,0,0.030690225
a02,261,1,0,0.032470703
a02,262,1,0,0.057578336
a02,263,1,0,0.027335243
a02,264,1,0,0.030145258
a02,265,1,0,0.07126247
a02,266,0,0,0.017489979
a02,267,0,0,0.018792864
a02,268,0,0,0.030330174
a02,269,0,0,0.03933323
a02,270,1,0,0.047861673
a02,271,1,0,0.026338343
a02,272,1,0,0.042262334
a02,273,1,0,0.050063595
a02,274,1,0,0.03743268
a02,275,1,0,0.09028838
a02,276,1,0,0.07139503
a02,277,1,0,0.07686691
a02,278,1,0,0.056403976
a02,279,1,0,0.06766792
a02,280,1,0,0.05626481
a02,281,1,0,0.07006996
a02,282,0,0,0.09995091
a02,283,0,0,0.04050884
a02,284,0,0,0.058283966
a02,285,0,0,0.0646015
a02,286,0,0,0.040698398
a02,287,0,0,0.02963328
a02,288,1,0,0.055987034
a02,289,1,0,0.03234916
a02,290,1,0,0.021594752
a02,291,1,0,0.03412263
a02,292,1,0,0.02346203
a02,293,1,0,0.04482884
a02,294,1,0,0.063868545
a02,295,0,0,0.03308368
a02,296,0,0,0.050038215
a02,297,1,0,0.117960595
a02,298,1,0,0.025280638
a02,299,1,0,0.052690145
a02,300,1,0,0.035797577
a02,301,1,0,0.055320982
a02,302,1,0,0.037245303
a02,303,1,0,0.040917765
a02,304,1,0,0.03206368
a02,305,1,0,0.036804583
a02,306,1,0,0.027849458
a02,307,1,0,0.034045953
a02,308,0,0,0.027229926
a02,309,0,0,0.019112626
a02,310,0,0,0.14591908
a02,311,0,0,0.040596448
a02,312,1,0,0.042113323
a02,313,1,0,0.06166124
a02,314,1,0,0.056010135
a02,315,1,0,0.051024254
a02,316,1,0,0.043849654
a02,317,1,0,0.045003533
a02,318,1,0,0.06624558
a02,319,1,0,0.036216144
a02,320,1,0,0.042813294
a02,321,1,0,0.040451042
a02,322,1,0,0.09726884
a02,323,1,0,0.04303956
a02,324,1,0,0.06584269
a02,325,1,0,0.14625461
a02,326,0,0,0.020909684
a02,327,0,0,0.029957596
a02,328,0,0,0.043945055
a02,329,1,0,0.045358166
a02,330,1,0,0.04215444
a02,331,1,0,0.034295518
a02,332,1,0,0.024740586
a02,333,1,0,0.12276733
a02,334,1,0,0.045534283
a02,335,1,0,0.03197133
a02,336,1,0,0.044384416
a02,337,1,0,0.04113924
a02,338,1,0,0.026996285
a02,339,1,0,0.028320037
a02,340,1,0,0.025017506
a02,341,1,0,0.04282262
a02,342,1,0,0.02306548
a02,343,1,0,0.037153002
a02,344,1,0,0.031066006
a02,345,1,0,0.062402878
a02,346,1,0,0.034917448
a02,347,1,0,0.15076753
a02,348,1,0,0.05101531
a02,349,1,0,0.06431597
a02,350,1,0,0.20995061
a02,351,1,0,0.052610576
a02,352,1,0,0.066943154
a02,353,1,0,0.0233272
a02,354,1,0,0.024408659
a02,355,1,0,0.044391293
a02,356,1,0,0.02944057
a02,357,1,0,0.03750332
a02,358,1,0,0.03744342
a02,359,1,0,0.060232915
a02,360,1,0,0.03987276
a02,361,1,0,0.061155006
a02,362,1,0,0.03273875
a02,363,1,0,0.03106127
a02,364,1,0,0.02706339
a02,365,1,0,0.02062381
a02,366,1,0,0.036408782
a02,367,1,0,0.03585267
a02,368,1,0,0.04141425
a02,369,1,0,0.04720973
a02,370,1,0,0.08801945
a02,371,1,0,0.04185747
a02,372,1,0,0.038704045
a02,373,1,0,0.047866747
a02,374,1,0,0.035600156
a02,375,1,0,0.054956976
a02,376,1,0,0.040218435
a02,377,1,0,0.040552214
a02,378,1,0,0.06515908
a02,379,1,0,0.026770307
a02,380,1,0,0.068663485
a02,381,1,0,0.047333896
a02,382,1,0,0.037959784
a02,383,1,0,0.0712503
a02,384,1,0,0.076765224
a02,385,1,0,0.053851333
a02,386,1,0,0.045999438
a02,387,1,0,0.04398376
a02,388,1,0,0.09987615
a02,389,0,0,0.05534375
a02,390,0,0,0.07018646
a02,391,0,0,0.061552245
a02,392,1,0,0.02751707
a02,393,1,0,0.039900407
a02,394,1,0,0.02724882
a02,395,1,0,0.02333373
a02,396,1,0,0.06988894
a02,397,1,0,0.05014374
a02,398,1,0,0.06465389
a02,399,1,0,0.07086801
a02,400,1,0,0.074325435
a02,401,1,0,0.033534784
a02,402,1,0,0.036374975
a02,403,1,0,0.041963056
a02,404,1,0,0.06510804
a02,405,1,0,0.046928424
a02,406,1,0,0.045791533
a02,407,1,0,0.067186706
a02,408,1,0,0.048930515
a02,409,1,0,0.055007756
a02,410,1,0,0.05641709
a02,411,1,0,0.05187401
a02,412,1,0,0.056423713
a02,413,1,0,0.049371686
a02,414,1,0,0.06296438
a02,415,1,0,0.05753933
a02,416,1,0,0.06700367
a02,417,1,0,0.060303494
a02,418,1,0,0.046284907
a02,419,1,0,0.05611306
a02,420,1,0,0.0684321
a02,421,1,0,0.06740245
a02,422,1,0,0.06558182
a02,423,1,0,0.08953599
a02,424,1,0,0.051693633
a02,425,1,0,0.080862984
a02,426,1,0,0.06528607
a02,427,1,0,0.06502808
a02,428,1,0,0.104567766
a02,429,1,0,0.0705196
a02,430,1,0,0.079752386
a02,431,1,0,0.12085203
a02,432,0,0,0.035081226
a02,433,0,0,0.04283189
a02,434,0,0,0.08432913
a02,435,0,0,0.039562717
a02,436,1,0,0.055609852
a02,437,1,0,0.03469967
a02,438,1,0,0.04148964
a02,439,1,0,0.033093933
a02,440,1,0,0.048519928
a02,441,1,0,0.0550579
a02,442,1,0,0.06330882
a02,443,1,0,0.037023548
a02,444,1,0,0.03870662
a02,445,1,0,0.029816136
a02,446,1,0,0.12264866
a02,447,1,0,0.036376964
a02,448,1,0,0.03508542
a02,449,1,0,0.03582331
a02,450,1,0,0.044547126
a02,451,1,0,0.038056146
a02,452,1,0,0.045920655
a02,453,1,0,0.06321361
a02,454,1,0,0.043488044
a02,455,1,0,0.25705636
a02,456,1,0,0.028396513
a02,457,1,0,0.022849252
a02,458,1,0,0.02992983
a02,459,1,0,0.05609003
a02,460,1,0,0.09594092
a02,461,1,0,0.028520223
a02,462,1,0,0.07379048
a02,463,1,0,0.0441786
a02,464,1,0,0.04584481
a02,465,1,0,0.015742192
a02,466,1,0,0.020003479
a02,467,1,0,0.041028462
a02,468,1,0,0.099985555
a02,469,1,0,0.23725297
a02,470,1,0,0.037285596
a02,471,1,0,0.035964593
a02,472,1,0,0.037848677
a02,473,1,0,0.05636108
a02,474,1,0,0.052068118
a02,475,1,0,0.043515444
a02,476,1,0,0.029728334
a02,477,1,0,0.03647823
a02,478,1,0,0.05415724
a02,479,1,0,0.05434995
a02,480,1,0,0.03506479
a02,481,1,0,0.029565819
a02,482,1,0,0.109267175
a02,483,1,0,0.0727042
a02,484,1,0,0.036475405
a02,485,1,0,0.04578426
a02,486,1,0,0.090139136
a02,487,1,0,0.048885383
a02,488,1,0,0.049388174
a02,489,1,0,0.07022278
a02,490,1,0,0.029155927
a02,491,1,0,0.027034279
a02,492,1,0,0.04703478
a02,493,1,0,0.046466038
a02,494,1,0,0.057407092
a02,495,1,0,0.05798823
a02,496,1,0,0.067199394
a02,497,1,0,0.14591157
a02,498,1,0,0.050357647
a02,499,1,0,0.18867224
a02,500,0,0,0.05987381
a02,501,0,0,0.05302087
a02,502,0,0,0.030136628
a02,503,0,0,0.020168167
a02,504,0,0,0.04110786
a02,505,0,0,0.022354314
a02,506,0,0,0.047153544
a02,507,0,0,0.025459416
a02,508,0,0,0.027740132
a02,509,1,0,0.026711656
a02,510,1,0,0.027091308
a02,511,1,0,0.021212425
a02,512,1,0,0.01744954
a02,513,1,0,0.074408494
a02,514,1,0,0.028855095
a02,515,1,0,0.02229951
a02,516,1,0,0.023071164
a02,517,1,0,0.027151672
a02,518,1,0,0.048540656
a02,519,1,0,0.04295168
a02,520,1,0,0.04675717
a02,521,1,0,0.051068813
a02,522,1,0,0.05108936
a02,523,1,0,0.084201306
a02,524,1,0,0.106991865
a02,525,1,0,0.055716135
a02,526,1,0,0.075325325
a02,527,1,0,0.060728885
a03,1,0,1,0.7786961
a03,2,0,0,0.28067762
a03,3,0,0,0.31812608
a03,4,0,1,0.96824
a03,5,0,1,0.53149766
a03,6,0,1,0.82372856
a03,7,0,1,0.918437
a03,8,0,0,0.40874726
a03,9,0,1,0.7971551
a03,10,0,1,0.6043338
a03,11,0,1,0.8374853
a03,12,0,1,0.9743139
a03,13,1,1,0.96886504
a03,14,1,1,0.97650427
a03,15,1,1,0.9737579
a03,16,1,1,0.90225524
a03,17,1,1,0.9481997
a03,18,1,1,0.97597605
a03,19,1,1,0.9633687
a03,20,1,1,0.937243
a03,21,1,1,0.9956436
a03,22,1,1,0.88372654
a03,23,1,1,0.9748278
a03,24,1,1,0.98188764
a03,25,1,1,0.912344
a03,26,1,1,0.9281752
a03,27,1,1,0.9664951
a03,28,1,1,0.9907003
a03,29,1,1,0.99185455
a03,30,1,1,0.9752495
a03,31,1,1,0.9860513
a03,32,1,1,0.9857985
a03,33,1,1,0.94313854
a03,34,1,1,0.9804986
a03,35,1,1,0.96404904
a03,36,1,1,0.983955
a03,37,1,1,0.990239
a03,38,1,1,0.9660193
a03,39,1,1,0.9727278
a03,40,1,1,0.943689
a03,41,1,1,0.91553473
a03,42,1,1,0.9869739
a03,43,1,1,0.94590104
a03,44,1,1,0.9739968
a03,45,1,1,0.9612597
a03,46,1,1,0.9904654
a03,47,1,1,0.986051
a03,48,1,1,0.9882216
a03,49,1,1,0.9911875
a03,50,1,1,0.9903142
a03,51,1,1,0.9947318
a03,52,1,1,0.98138696
a03,53,1,1,0.9912623
a03,54,1,1,0.87236583
a03,55,1,1,0.95475185
a03,56,1,1,0.9721405
a03,57,1,1,0.98574674
a03,58,1,1,0.983312
a03,59,1,1,0.9789007
a03,60,0,0,0.40575668
a03,61,0,0,0.45755848
a03,62,0,1,0.65883476
a03,63,0,1,0.7503882
a03,64,0,0,0.26995322
a03,65,0,0,0.15253523
a03,66,0,0,0.40397796
a03,67,0,0,0.2647056
a03,68,0,0,0.19580774
a03,69,0,0,0.25125688
a03,70,0,0,0.11670322
a03,71,0,0,0.044614393
a03,72,0,0,0.07979219
a03,73,0,0,0.4159968
a03,74,0,1,0.52558255
a03,75,0,1,0.5896372
a03,76,0,0,0.31795028
a03,77,0,0,0.20469058
a03,78,0,0,0.33794633
a03,79,0,0,0.23706879
a03,80,0,0,0.10466958
a03,81,0,1,0.7905191
a03,82,0,1,0.55002105
a03,83,0,1,0.6430575
a03,84,0,1,0.6921826
a03,85,0,1,0.70327395
a03,86,0,1,0.6413119
a03,87,0,0,0.36077502
a03,88,0,0,0.16021013
a03,89,0,0,0.22930631
a03,90,0,0,0.48433396
a03,91,0,0,0.36828944
a03,92,0,1,0.6036497
a03,93,0,0,0.22290517
a03,94,0,1,0.6061774
a03,95,0,0,0.3290757
a03,96,0,1,0.5097516
a03,97,0,0,0.44110155
a03,98,0,0,0.20802921
a03,99,0,0,0.40551898
a03,100,0,0,0.43273526
a03,101,0,1,0.7284683
a03,102,0,1,0.6192763
a03,103,0,0,0.21959543
a03,104,0,1,0.9647523
a03,105,1,1,0.95681834
a03,106,1,1,0.9580258
a03,107,1,1,0.93349063
a03,108,1,1,0.98789436
a03,109,1,1,0.95967245
a03,110,1,1,0.9854763
a03,111,1,1,0.9807608
a03,112,1,1,0.95591706
a03,113,1,1,0.9826518
a03,114,1,1,0.9734778
a03,115,1,1,0.97872454
a03,116,1,1,0.978243
a03,117,1,1,0.9843397
a03,118,1,1,0.9877737
a03,119,1,1,0.9859029
a03,120,1,1,0.9784914
a03,121,1,1,0.97036225
a03,122,1,1,0.99396247
a03,123,1,1,0.97888774
a03,124,1,1,0.9912383
a03,125,1,1,0.9885766
a03,126,1,1,0.9956696
a03,127,1,1,0.98895115
a03,128,1,1,0.99102414
a03,129,1,1,0.9721443
a03,130,1,1,0.99233854
a03,131,1,1,0.9902305
a03,132,1,1,0.98047936
a03,133,1,1,0.9483644
a03,134,1,1,0.95834744
a03,135,1,1,0.85165364
a03,136,1,1,0.9741159
a03,137,1,1,0.98545146
a03,138,1,1,0.9822578
a03,139,1,1,0.98062426
a03,140,1,1,0.95694065
a03,141,1,1,0.9897904
a03,142,1,1,0.98107177
a03,143,1,1,0.98972744
a03,144,1,1,0.9477412
a03,145,1,1,0.9880364
a03,146,1,1,0.9666353
a03,147,0,1,0.6409625
a03,148,0,0,0.48390672
a03,149,0,0,0.3843474
a03,150,0,1,0.6832809
a03,151,0,0,0.14663668
a03,152,0,0,0.100096166
a03,153,0,1,0.68178445
a03,154,0,0,0.16068783
a03,155,0,0,0.13583645
a03,156,0,0,0.19332734
a03,157,0,0,0.44522703
a03,158,0,0,0.1134724
a03,159,0,0,0.20108548
a03,160,0,0,0.21367994
a03,161,0,0,0.21530402
a03,162,0,0,0.11474921
a03,163,0,0,0.17520963
a03,164,0,0,0.12979802
a03,165,0,0,0.22005989
a03,166,0,0,0.2935817
a03,167,0,0,0.1523713
a03,168,0,0,0.14064983
a03,169,0,0,0.3159603
a03,170,0,0,0.19628027
a03,171,0,0,0.1527597
a03,172,0,0,0.22956143
a03,173,0,0,0.15174319
a03,174,0,0,0.12631576
a03,175,0,0,0.24961905
a03,176,0,0,0.14521542
a03,177,0,0,0.18048301
a03,178,0,0,0.16457076
a03,179,0,0,0.23997362
a03,180,0,0,0.21808028
a03,181,0,0,0.19754437
a03,182,0,0,0.24194326
a03,183,0,0,0.19209006
a03,184,0,1,0.54060733
a03,185,0,0,0.29467732
a03,186,1,1,0.9681271
a03,187,1,1,0.774606
a03,188,1,1,0.9798993
a03,189,1,1,0.9796774
a03,190,1,1,0.9890252
a03,191,1,1,0.9852232
a03,192,1,1,0.94233745
a03,193,1,1,0.98701173
a03,194,1,1,0.9786284
a03,195,1,1,0.9770283
a03,196,1,1,0.9857508
a03,197,1,1,0.98856294
a03,198,1,1,0.73833513
a03,199,1,1,0.9837911
a03,200,1,1,0.94647276
a03,201,1,1,0.9868591
a03,202,1,1,0.97559774
a03,203,1,1,0.98873454
a03,204,1,1,0.9886629
a03,205,1,1,0.94969386
a03,206,1,1,0.98326164
a03,207,1,1,0.9922362
a03,208,1,1,0.98482937
a03,209,1,1,0.98001385
a03,210,1,1,0.9691482
a03,211,1,1,0.9857964
a03,212,1,1,0.99049664
a03,213,1,1,0.98054403
a03,214,1,1,0.98856676
a03,215,1,1,0.9819859
a03,216,1,1,0.99207664
a03,217,1,1,0.9729495
a03,218,1,1,0.9794409
a03,219,1,1,0.9856727
a03,220,1,1,0.9890704
a03,221,1,1,0.990842
a03,222,1,1,0.9871177
a03,223,1,1,0.9925102
a03,224,1,1,0.99270004
a03,225,1,1,0.97581124
a03,226,1,1,0.7510181
a03,227,1,1,0.75257325
a03,228,1,1,0.9427278
a03,229,0,1,0.6988683
a03,230,0,0,0.06737544
a03,231,0,0,0.1689203
a03,232,0,0,0.055750843
a03,233,0,0,0.08645665
a03,234,0,0,0.46393037
a03,235,0,1,0.6776472
a03,236,0,1,0.93496686
a03,237,0,1,0.5281175
a03,238,0,0,0.43685484
a03,239,0,1,0.57662123
a03,240,1,1,0.9149806
a03,241,1,1,0.9677193
a03,242,1,1,0.942549
a03,243,1,1,0.87235904
a03,244,1,1,0.91942424
a03,245,1,1,0.97945887
a03,246,1,1,0.98330724
a03,247,1,1,0.977733
a03,248,1,1,0.9743153
a03,249,1,1,0.9802608
a03,250,1,1,0.986647
a03,251,1,1,0.98716474
a03,252,1,1,0.9872601
a03,253,1,1,0.9873711
a03,254,1,1,0.9854306
a03,255,1,1,0.99378645
a03,256,1,1,0.98281467
a03,257,1,1,0.99582493
a03,258,0,1,0.94894075
a03,259,0,1,0.98207986
a03,260,0,1,0.634721
a03,261,0,0,0.48557302
a03,262,0,0,0.36699554
a03,263,0,1,0.6926183
a03,264,0,1,0.73034185
a03,265,0,0,0.17148449
a03,266,0,1,0.5242178
a03,267,0,0,0.08888847
a03,268,0,0,0.12437934
a03,269,0,0,0.21409824
a03,270,0,1,0.96810293
a03,271,0,0,0.16672285
a03,272,0,1,0.5648036
a03,273,0,0,0.12264707
a03,274,0,0,0.12767519
a03,275,0,0,0.14259887
a03,276,0,0,0.20225517
a03,277,0,1,0.519435
a03,278,0,0,0.1587927
a03,279,0,1,0.9295239
a03,280,0,1,0.83112454
a03,281,0,1,0.5188066
a03,282,0,0,0.25525695
a03,283,0,1,0.94336617
a03,284,0,0,0.41368923
a03,285,0,1,0.6565664
a03,286,0,0,0.2412216
a03,287,0,0,0.37654033
a03,288,0,1,0.59581345
a03,289,0,1,0.9784893
a03,290,1,1,0.9797426
a03,291,1,1,0.88451225
a03,292,1,1,0.992926
a03,293,1,1,0.9697185
a03,294,1,1,0.99191076
a03,295,1,1,0.99325067
a03,296,1,1,0.9636124
a03,297,1,1,0.9658202
a03,298,1,1,0.98889124
a03,299,1,1,0.97382575
a03,300,1,1,0.9816706
a03,301,1,1,0.982015
a03,302,1,1,0.9493285
a03,303,0,1,0.8413652
a03,304,0,1,0.77517533
a03,305,0,0,0.16785155
a03,306,0,0,0.046150103
a03,307,0,0,0.092645325
a03,308,0,0,0.037693113
a03,309,0,0,0.1573345
a03,310,0,0,0.4250014
a03,311,0,0,0.10143598
a03,312,0,0,0.06556341
a03,313,0,0,0.08223039
a03,314,0,1,0.5893102
a03,315,0,0,0.22560884
a03,316,0,0,0.10206096
a03,317,0,0,0.17318805
a03,318,0,0,0.4161009
a03,319,0,0,0.1525752
a03,320,0,0,0.38398576
a03,321,0,1,0.70770514
a03,322,0,1,0.935696
a03,323,0,1,0.5121196
a03,324,0,0,0.46864527
a03,325,0,1,0.80559796
a03,326,0,0,0.17771691
a03,327,0,0,0.3010092
a03,328,0,0,0.06920423
a03,329,0,0,0.09152769
a03,330,0,0,0.05308013
a03,331,0,0,0.1518535
a03,332,0,0,0.19896336
a03,333,0,0,0.10820062
a03,334,0,0,0.19934641
a03,335,0,0,0.13739935
a03,336,0,0,0.15543553
a03,337,0,0,0.15308622
a03,338,0,0,0.18961152
a03,339,0,0,0.13432436
a03,340,0,0,0.13303411
a03,341,0,1,0.6341028
a03,342,0,0,0.33512887
a03,343,0,0,0.07369865
a03,344,0,0,0.08888996
a03,345,0,0,0.089048825
a03,346,0,0,0.48699558
a03,347,1,1,0.95257926
a03,348,1,1,0.968727
a03,349,1,1,0.9887495
a03,350,1,1,0.9940479
a03,351,1,1,0.9924452
a03,352,1,1,0.8542216
a03,353,0,0,0.23440734
a03,354,0,1,0.8366445
a03,355,0,0,0.19534503
a03,356,0,1,0.941637
a03,357,0,0,0.10447721
a03,358,0,0,0.4467098
a03,359,0,0,0.38935724
a03,360,0,0,0.24688418
a03,361,0,1,0.50073767
a03,362,0,0,0.33371812
a03,363,0,1,0.9363661
a03,364,0,1,0.9513419
a03,365,0,0,0.17732367
a03,366,0,1,0.9449706
a03,367,0,1,0.87256944
a03,368,0,1,0.8304985
a03,369,0,0,0.18255675
a03,370,0,0,0.36508685
a03,371,0,0,0.16725604
a03,372,0,1,0.5561002
a03,373,0,0,0.43156466
a03,374,0,1,0.6448056
a03,375,0,1,0.9075054
a03,376,0,1,0.77078986
a03,377,0,0,0.19655846
a03,378,0,1,0.95742136
a03,379,0,1,0.93837655
a03,380,0,0,0.43448478
a03,381,0,1,0.6230454
a03,382,0,0,0.08421796
a03,383,0,0,0.17112093
a03,384,0,1,0.94825315
a03,385,1,1,0.986249
a03,386,1,1,0.98259753
a03,387,1,1,0.96763873
a03,388,1,1,0.98367107
a03,389,1,1,0.9948708
a03,390,1,1,0.98261124
a03,391,1,1,0.9919071
a03,392,1,1,0.9147213
a03,393,1,1,0.9935214
a03,394,1,1,0.9871688
a03,395,1,1,0.987909
a03,396,1,1,0.9927695
a03,397,1,1,0.9600318
a03,398,1,1,0.9938642
a03,399,1,1,0.98857564
a03,400,1,1,0.98991674
a03,401,1,1,0.9905764
a03,402,1,1,0.98620343
a03,403,1,1,0.9746591
a03,404,1,1,0.7275572
a03,405,1,1,0.8696172
a03,406,0,0,0.39291477
a03,407,0,0,0.35727665
a03,408,0,0,0.11883741
a03,409,0,0,0.23970316
a03,410,0,1,0.9699116
a03,411,1,1,0.9317658
a03,412,1,1,0.92475724
a03,413,1,1,0.93057907
a03,414,1,1,0.966028
a03,415,1,1,0.9700445
a03,416,1,1,0.5904116
a03,417,0,0,0.34098303
a03,418,0,0,0.15296058
a03,419,0,0,0.2672661
a03,420,0,0,0.22311428
a03,421,0,1,0.7539577
a03,422,0,0,0.3436355
a03,423,0,1,0.9051384
a03,424,0,0,0.22302279
a03,425,0,1,0.90090525
a03,426,0,1,0.95211744
a03,427,1,1,0.92807907
a03,428,1,1,0.9835734
a03,429,1,1,0.98261756
a03,430,1,1,0.9885084
a03,431,1,1,0.98668516
a03,432,1,1,0.99359727
a03,433,1,1,0.9951806
a03,434,1,1,0.9711068
a03,435,1,1,0.99216425
a03,436,1,1,0.9950204
a03,437,1,1,0.99538004
a03,438,1,1,0.97079986
a03,439,1,1,0.9845917
a03,440,1,1,0.96261585
a03,441,1,1,0.8864851
a03,442,1,1,0.6889829
a03,443,0,1,0.55048054
a03,444,0,0,0.28946725
a03,445,0,0,0.3417964
a03,446,0,0,0.08854013
a03,447,0,0,0.085906215
a03,448,0,0,0.12090961
a03,449,0,0,0.19155635
a03,450,0,0,0.19245377
a03,451,0,0,0.2349092
a03,452,0,0,0.102977976
a03,453,0,0,0.053507134
a03,454,0,0,0.41733128
a03,455,0,0,0.3446413
a03,456,0,0,0.1633889
a03,457,0,0,0.3399639
a03,458,0,0,0.086241074
a03,459,0,0,0.12703884
a03,460,0,0,0.16578257
a03,461,0,0,0.10638304
a03,462,0,0,0.41031933
a03,463,0,0,0.33570588
a03,464,0,0,0.07100586
a03,465,0,0,0.1681673
a03,466,0,1,0.659433
a03,467,0,0,0.101791866
a03,468,0,0,0.34218997
a03,469,0,1,0.9872321
a03,470,1,1,0.9813664
a03,471,1,1,0.9789938
a03,472,1,1,0.9918407
a03,473,1,1,0.99444443
a03,474,1,1,0.9845449
a03,475,1,1,0.98466194
a03,476,1,1,0.9886749
a03,477,1,1,0.9863544
a03,478,1,1,0.77358335
a03,479,1,1,0.9958175
a03,480,1,1,0.9847348
a03,481,1,1,0.99127614
a03,482,1,1,0.98932505
a03,483,1,1,0.9931131
a03,484,1,1,0.9770826
a03,485,1,1,0.993341
a03,486,1,1,0.98565775
a03,487,1,1,0.99549687
a03,488,1,1,0.9870618
a03,489,1,1,0.900323
a03,490,1,1,0.8129863
a03,491,1,1,0.67189115
a03,492,0,0,0.11709028
a03,493,0,0,0.24274318
a03,494,0,0,0.17651309
a03,495,0,0,0.31538796
a03,496,0,0,0.19050705
a03,497,0,1,0.9306589
a03,498,0,0,0.19425614
a03,499,0,1,0.58237076
a03,500,0,1,0.92010415
a03,501,0,1,0.81853193
a03,502,0,0,0.30805048
a03,503,0,1,0.98746824
a03,504,0,1,0.78017306
a03,505,0,0,0.21148285
a03,506,0,1,0.7544793
a03,507,1,1,0.9799739
a03,508,1,1,0.92894065
a03,509,1,1,0.9267638
a03,510,1,1,0.7515204
a03,511,1,1,0.99356645
a03,512,1,1,0.9080399
a03,513,1,1,0.99350923
a03,514,1,1,0.98851377
a03,515,1,1,0.9851437
a03,516,1,1,0.99376994
a03,517,1,1,0.99352384
a03,518,1,1,0.9074275
a04,1,0,0,0.040490706
a04,2,0,0,0.03434003
a04,3,0,0,0.11359719
a04,4,0,0,0.04206066
a04,5,0,0,0.032949258
a04,6,0,0,0.10397009
a04,7,0,0,0.026307333
a04,8,0,0,0.11431635
a04,9,0,0,0.17302936
a04,10,0,0,0.046675697
a04,11,0,0,0.2674555
a04,12,0,0,0.016937638
a04,13,0,0,0.3046865
a04,14,0,0,0.332962
a04,15,0,0,0.04568172
a04,16,0,0,0.010486503
a04,17,0,0,0.028336963
a04,18,0,0,0.026657319
a04,19,0,0,0.07185114
a04,20,0,0,0.046647154
a04,21,0,0,0.029347682
a04,22,0,0,0.035382565
a04,23,0,0,0.080375254
a04,24,0,0,0.037303403
a04,25,0,0,0.060887385
a04,26,0,0,0.05089456
a04,27,0,1,0.6191419
a04,28,0,0,0.16221553
a04,29,0,0,0.1591472
a04,30,0,0,0.23402105
a04,31,0,1,0.56418306
a04,32,0,0,0.10811913
a04,33,0,0,0.066072606
a04,34,0,0,0.4700295
a04,35,1,1,0.84617716
a04,36,1,0,0.45497376
a04,37,1,1,0.8349219
a04,38,1,1,0.6747378
a04,39,1,1,0.80795103
a04,40,1,1,0.5825064
a04,41,1,1,0.81808794
a04,42,1,1,0.94624054
a04,43,1,1,0.65105057
a04,44,1,0,0.36743546
a04,45,1,1,0.9647848
a04,46,1,1,0.9404072
a04,47,1,1,0.93856317
a04,48,1,1,0.763417
a04,49,1,1,0.9764895
a04,50,1,0,0.3334238
a04,51,1,1,0.72681
a04,52,1,1,0.6003175
a04,53,1,0,0.25484267
a04,54,1,1,0.79803795
a04,55,1,1,0.60572696
a04,56,1,1,0.82191133
a04,57,1,1,0.5663494
a04,58,1,1,0.80289936
a04,59,1,1,0.65611774
a04,60,1,1,0.6879252
a04,61,1,1,0.89755344
a04,62,1,1,0.8325598
a04,63,1,1,0.6508017
a04,64,1,1,0.68098164
a04,65,1,1,0.9681424
a04,66,1,1,0.8246666
a04,67,1,1,0.8699127
a04,68,1,1,0.9166816
a04,69,1,1,0.8439441
a04,70,1,1,0.914749
a04,71,1,1,0.78963816
a04,72,1,1,0.9015271
a04,73,1,1,0.9466683
a04,74,1,1,0.84451866
a04,75,1,1,0.79034215
a04,76,1,1,0.80498767
a04,77,1,1,0.9429384
a04,78,1,1,0.8903726
a04,79,1,1,0.9246988
a04,80,1,1,0.91004854
a04,81,1,1,0.83163685
a04,82,1,1,0.93789583
a04,83,1,1,0.7429351
a04,84,1,1,0.79147625
a04,85,1,1,0.7298926
a04,86,1,1,0.5101352
a04,87,1,1,0.57128215
a04,88,1,1,0.64606404
a04,89,1,1,0.89351326
a04,90,1,1,0.89101505
a04,91,1,1,0.9360792
a04,92,1,1,0.8778196
a04,93,1,1,0.8577139
a04,94,1,1,0.9194579
a04,95,1,1,0.8499937
a04,96,1,1,0.9836663
a04,97,1,1,0.9276734
a04,98,1,1,0.9361256
a04,99,1,1,0.9416705
a04,100,1,1,0.8854699
a04,101,1,1,0.9089054
a04,102,1,1,0.8553254
a04,103,1,1,0.61665905
a04,104,1,1,0.981818
a04,105,1,1,0.94587064
a04,106,1,1,0.95678735
a04,107,1,1,0.8478365
a04,108,1,1,0.83357495
a04,109,1,1,0.9674328
a04,110,1,1,0.946473
a04,111,1,1,0.8556564
a04,112,1,1,0.949557
a04,113,1,1,0.8491911
a04,114,1,1,0.8744236
a04,115,1,1,0.8285548
a04,116,1,1,0.95357037
a04,117,1,1,0.92422134
a04,118,1,1,0.73128825
a04,119,1,0,0.39577106
a04,120,1,1,0.7303572
a04,121,1,1,0.90237325
a04,122,1,1,0.624941
a04,123,1,1,0.97602946
a04,124,1,1,0.9142391
a04,125,1,1,0.8851427
a04,126,1,1,0.750492
a04,127,1,1,0.8171972
a04,128,1,1,0.9412375
a04,129,1,1,0.969203
a04,130,1,1,0.9279159
a04,131,1,1,0.91993815
a04,132,1,1,0.5618617
a04,133,1,1,0.773909
a04,134,1,1,0.9105866
a04,135,1,1,0.9222349
a04,136,1,1,0.7206907
a04,137,1,1,0.73937786
a04,138,1,1,0.8074146
a04,139,1,1,0.7282034
a04,140,1,1,0.91217226
a04,141,1,1,0.7809739
a04,142,1,1,0.91751796
a04,143,1,1,0.77780074
a04,144,1,1,0.75140953
a04,145,1,1,0.91946316
a04,146,1,1,0.8901447
a04,147,1,1,0.65239984
a04,148,1,1,0.9157517
a04,149,1,1,0.93908584
a04,150,1,1,0.9637654
a04,151,1,1,0.91720384
a04,152,1,1,0.9449676
a04,153,1,1,0.93549156
a04,154,1,1,0.9512628
a04,155,1,1,0.91838074
a04,156,1,0,0.36969146
a04,157,1,1,0.9013573
a04,158,1,0,0.3534746
a04,159,1,1,0.75283563
a04,160,1,0,0.44671485
a04,161,1,0,0.4036015
a04,162,1,1,0.59468395
a04,163,1,0,0.3301118
a04,164,1,0,0.2979805
a04,165,1,0,0.27712467
a04,166,1,1,0.5530929
a04,167,1,1,0.7476783
a04,168,1,1,0.6657265
a04,169,1,1,0.7275808
a04,170,1,1,0.8106297
a04,171,1,0,0.3355994
a04,172,1,0,0.4554096
a04,173,1,1,0.67247677
a04,174,1,0,0.43412563
a04,175,0,1,0.6562289
a04,176,0,0,0.2747029
a04,177,1,1,0.9323761
a04,178,1,1,0.7662073
a04,179,1,1,0.94873106
a04,180,1,1,0.8454732
a04,181,1,1,0.8041521
a04,182,1,1,0.90436953
a04,183,1,1,0.6961978
a04,184,1,1,0.72979367
a04,185,1,1,0.76745087
a04,186,1,1,0.84614396
a04,187,1,1,0.84676504
a04,188,1,1,0.8719334
a04,189,1,1,0.7961115
a04,190,1,1,0.95772237
a04,191,1,1,0.91032743
a04,192,1,1,0.9120166
a04,193,1,1,0.9546872
a04,194,1,1,0.76460916
a04,195,1,1,0.9342978
a04,196,1,1,0.9363177
a04,197,1,1,0.88144165
a04,198,1,1,0.8412063
a04,199,1,1,0.90842015
a04,200,1,1,0.71348643
a04,201,1,1,0.8905832
a04,202,1,1,0.660309
a04,203,1,1,0.84380484
a04,204,1,1,0.9719463
a04,205,1,1,0.6194374
a04,206,1,1,0.7029297
a04,207,1,1,0.68173516
a04,208,1,1,0.9410918
a04,209,1,1,0.86735785
a04,210,1,1,0.9258332
a04,211,1,1,0.70973414
a04,212,1,1,0.9710524
a04,213,1,1,0.9048533
a04,214,1,1,0.8939321
a04,215,1,1,0.9391213
a04,216,1,1,0.8203671
a04,217,1,1,0.8413677
a04,218,1,1,0.9690598
a04,219,1,1,0.9273535
a04,220,1,1,0.9416033
a04,221,1,1,0.9286092
a04,222,1,1,0.8917282
a04,223,1,1,0.92468417
a04,224,1,1,0.89790815
a04,225,1,1,0.9001567
a04,226,1,1,0.9253965
a04,227,1,1,0.946664
a04,228,1,1,0.9610627
a04,229,1,1,0.6310698
a04,230,1,1,0.81397784
a04,231,1,1,0.94253427
a04,232,1,1,0.90251434
a04,233,1,1,0.93835306
a04,234,1,1,0.9473296
a04,235,1,1,0.88326526
a04,236,1,1,0.80678177
a04,237,1,1,0.91912776
a04,238,1,1,0.91966337
a04,239,1,1,0.8050301
a04,240,1,1,0.90635526
a04,241,1,1,0.8025116
a04,242,1,1,0.9793818
a04,243,1,1,0.8842393
a04,244,1,1,0.9500277
a04,245,1,1,0.7556505
a04,246,1,1,0.8702912
a04,247,1,1,0.84778047
a04,248,1,1,0.8013849
a04,249,1,1,0.75361377
a04,250,1,1,0.8674087
a04,251,1,1,0.9060781
a04,252,1,1,0.7052224
a04,253,1,1,0.80172735
a04,254,1,1,0.8088943
a04,255,1,1,0.8450691
a04,256,1,1,0.89932936
a04,257,1,1,0.88799375
a04,258,1,1,0.7496313
a04,259,1,1,0.8526999
a04,260,1,1,0.84255236
a04,261,1,1,0.9667809
a04,262,1,1,0.9646664
a04,263,1,1,0.7763524
a04,264,1,1,0.9510764
a04,265,1,1,0.9649134
a04,266,1,1,0.93758285
a04,267,1,1,0.9594867
a04,268,1,1,0.9124417
a04,269,1,1,0.94148207
a04,270,1,1,0.91498417
a04,271,1,1,0.9751569
a04,272,1,1,0.9639385
a04,273,1,1,0.95443106
a04,274,1,1,0.8878957
a04,275,1,1,0.98550946
a04,276,1,0,0.3060744
a04,277,1,0,0.38915837
a04,278,1,1,0.6667575
a04,279,1,1,0.5420076
a04,280,1,1,0.72466576
a04,281,1,1,0.87157285
a04,282,1,1,0.7703577
a04,283,1,1,0.5762982
a04,284,1,0,0.45711848
a04,285,1,1,0.90776235
a04,286,1,1,0.8347519
a04,287,1,1,0.84963065
a04,288,1,1,0.83203167
a04,289,1,1,0.9836731
a04,290,1,1,0.9794485
a04,291,1,1,0.82732713
a04,292,1,1,0.8788753
a04,293,1,1,0.95193315
a04,294,1,1,0.88109815
a04,295,1,1,0.9105478
a04,296,1,1,0.9388891
a04,297,1,1,0.9779538
a04,298,1,1,0.9046072
a04,299,1,1,0.9052021
a04,300,1,1,0.88155603
a04,301,1,1,0.95878744
a04,302,1,1,0.9483039
a04,303,1,1,0.8790026
a04,304,1,1,0.93801844
a04,305,1,1,0.90580094
a04,306,1,1,0.90134394
a04,307,1,1,0.9482267
a04,308,1,1,0.97720397
a04,309,1,1,0.8930243
a04,310,1,1,0.9043177
a04,311,1,1,0.9519733
a04,312,1,1,0.87300026
a04,313,1,1,0.9579071
a04,314,1,1,0.93712217
a04,315,1,1,0.98261297
a04,316,1,1,0.8351423
a04,317,1,1,0.5707534
a04,318,1,1,0.90085685
a04,319,1,1,0.5427834
a04,320,1,0,0.20097166
a04,321,1,0,0.38092923
a04,322,1,1,0.8387681
a04,323,1,1,0.9028898
a04,324,1,1,0.82503057
a04,325,1,0,0.38990057
a04,326,1,1,0.9481809
a04,327,1,1,0.9025386
a04,328,1,1,0.9626719
a04,329,1,1,0.872467
a04,330,1,1,0.94967175
a04,331,1,1,0.95131165
a04,332,1,1,0.85793054
a04,333,1,1,0.7527778
a04,334,1,1,0.8299087
a04,335,1,1,0.7894399
a04,336,1,1,0.5573255
a04,337,1,0,0.49364197
a04,338,1,1,0.7678451
a04,339,1,1,0.92906576
a04,340,1,1,0.7235641
a04,341,1,1,0.85038185
a04,342,1,1,0.9617688
a04,343,1,1,0.92068726
a04,344,1,1,0.66200274
a04,345,1,1,0.77049935
a04,346,1,1,0.95569587
a04,347,1,1,0.91073036
a04,348,1,1,0.74280757
a04,349,1,1,0.90015197
a04,350,1,1,0.93626064
a04,351,1,1,0.9693494
a04,352,1,1,0.8091209
a04,353,1,1,0.6498012
a04,354,1,1,0.91240305
a04,355,1,1,0.7623499
a04,356,1,1,0.93755287
a04,357,1,1,0.8335491
a04,358,1,1,0.9202746
a04,359,1,1,0.9629087
a04,360,1,1,0.9677116
a04,361,1,1,0.95661676
a04,362,1,1,0.8619949
a04,363,1,1,0.8574564
a04,364,1,1,0.8036103
a04,365,1,1,0.81317514
a04,366,1,1,0.8362156
a04,367,1,1,0.76977557
a04,368,1,1,0.63535565
a04,369,1,1,0.83247364
a04,370,1,1,0.8665767
a04,371,1,1,0.90553176
a04,372,1,1,0.857259
a04,373,1,1,0.658021
a04,374,1,1,0.7174855
a04,375,1,1,0.8618941
a04,376,1,1,0.7794337
a04,377,1,1,0.8866422
a04,378,1,1,0.82472515
a04,379,1,1,0.8549121
a04,380,1,1,0.7119318
a04,381,1,1,0.859221
a04,382,1,1,0.94195324
a04,383,1,1,0.9318051
a04,384,1,1,0.87016916
a04,385,1,1,0.92313325
a04,386,1,1,0.8895237
a04,387,1,1,0.69342065
a04,388,1,1,0.9761136
a04,389,1,1,0.7806314
a04,390,1,1,0.9075401
a04,391,1,1,0.96975696
a04,392,1,1,0.87853473
a04,393,1,1,0.83299863
a04,394,1,1,0.9833528
a04,395,1,1,0.9651236
a04,396,1,1,0.84356076
a04,397,1,1,0.8799194
a04,398,1,1,0.9168529
a04,399,1,1,0.9181604
a04,400,1,1,0.9171014
a04,401,1,1,0.95875436
a04,402,1,0,0.33461982
a04,403,1,1,0.5940641
a04,404,1,1,0.7848774
a04,405,1,1,0.91913915
a04,406,1,1,0.9444227
a04,407,1,1,0.74758387
a04,408,1,1,0.7642152
a04,409,1,1,0.8312539
a04,410,1,0,0.06813576
a04,411,1,0,0.09253719
a04,412,1,0,0.25293252
a04,413,1,1,0.6489888
a04,414,1,0,0.4563803
a04,415,1,1,0.8366517
a04,416,1,0,0.46400464
a04,417,1,1,0.54997617
a04,418,1,1,0.6040875
a04,419,1,1,0.7431024
a04,420,1,1,0.6242632
a04,421,1,1,0.82507926
a04,422,1,1,0.70730335
a04,423,1,1,0.57040733
a04,424,1,1,0.6608869
a04,425,1,1,0.773593
a04,426,1,1,0.9546852
a04,427,1,1,0.8145274
a04,428,1,1,0.93274564
a04,429,1,1,0.8902012
a04,430,1,1,0.68675345
a04,431,1,1,0.8601158
a04,432,1,1,0.8803353
a04,433,1,1,0.8982731
a04,434,1,1,0.9520047
a04,435,1,1,0.86500746
a04,436,1,1,0.9499797
a04,437,1,1,0.79698515
a04,438,1,1,0.95166975
a04,439,1,1,0.83090436
a04,440,1,1,0.93719137
a04,441,1,1,0.83892816
a04,442,1,1,0.9369355
a04,443,1,1,0.86127645
a04,444,1,1,0.9194585
a04,445,1,1,0.8975373
a04,446,1,1,0.8702392
a04,447,1,1,0.946387
a04,448,1,1,0.9914402
a04,449,1,1,0.9752043
a04,450,1,1,0.7032574
a04,451,1,1,0.76171505
a04,452,1,1,0.86333317
a04,453,1,0,0.42857218
a04,454,1,1,0.97887313
a04,455,1,1,0.56474006
a04,456,1,1,0.88587666
a04,457,1,1,0.8944761
a04,458,1,1,0.8106242
a04,459,1,1,0.93222684
a04,460,1,1,0.71565694
a04,461,1,1,0.97015554
a04,462,0,1,0.75563
a04,463,0,1,0.8251321
a04,464,1,1,0.82177967
a04,465,1,1,0.7622653
a04,466,1,1,0.97057873
a04,467,1,1,0.8956489
a04,468,1,1,0.91416806
a04,469,1,1,0.9457794
a04,470,1,1,0.8542292
a04,471,1,1,0.8532205
a04,472,1,1,0.9055245
a04,473,1,1,0.850873
a04,474,1,1,0.9169104
a04,475,1,1,0.89472413
a04,476,1,1,0.8535747
a04,477,1,1,0.98699784
a04,478,1,1,0.98716694
a04,479,1,1,0.73787713
a04,480,1,1,0.8953384
a04,481,1,1,0.959391
a04,482,1,1,0.9263904
a04,483,1,1,0.93369704
a04,484,1,1,0.886989
a04,485,1,1,0.9476537
a04,486,1,1,0.9638193
a04,487,1,1,0.9010783
a04,488,1,1,0.85176075
a04,489,1,1,0.9533468
a04,490,1,1,0.96392703
a04,491,1,1,0.90786713
a05,1,0,1,0.5619034
a05,2,0,1,0.9128783
a05,3,0,0,0.4821794
a05,4,0,0,0.29706228
a05,5,0,1,0.8218966
a05,6,0,1,0.9729925
a05,7,0,0,0.42510155
a05,8,0,1,0.8000494
a05,9,0,1,0.5232899
a05,10,0,1,0.8085655
a05,11,0,1,0.88786095
a05,12,0,1,0.7778897
a05,13,0,1,0.9329359
a05,14,1,1,0.9618236
a05,15,1,1,0.9703968
a05,16,1,1,0.94744766
a05,17,1,1,0.5213653
a05,18,1,1,0.9152045
a05,19,1,1,0.9841195
a05,20,1,1,0.9779189
a05,21,1,1,0.8953939
a05,22,1,1,0.93840283
a05,23,1,1,0.95479214
a05,24,1,1,0.88159144
a05,25,1,0,0.49085036
a05,26,1,1,0.88105893
a05,27,1,1,0.9611185
a05,28,1,1,0.9760561
a05,29,1,1,0.9787375
a05,30,1,1,0.9798409
a05,31,1,1,0.9783628
a05,32,1,1,0.93527985
a05,33,0,1,0.75878114
a05,34,0,1,0.80228925
a05,35,0,1,0.96726024
a05,36,0,0,0.37155384
a05,37,0,1,0.50333464
a05,38,0,0,0.41682997
a05,39,0,0,0.093192466
a05,40,0,1,0.9095086
a05,41,0,1,0.88549185
a05,42,0,0,0.267508
a05,43,0,0,0.18601224
a05,44,0,0,0.12178154
a05,45,0,0,0.13393207
a05,46,0,0,0.10289693
a05,47,0,0,0.13498406
a05,48,0,1,0.8440859
a05,49,0,1,0.9795879
a05,50,0,1,0.88488257
a05,51,0,0,0.29293984
a05,52,0,0,0.21444097
a05,53,0,0,0.14989665
a05,54,0,0,0.38434178
a05,55,0,0,0.48744372
a05,56,0,0,0.29399604
a05,57,0,0,0.3337028
a05,58,0,1,0.5127646
a05,59,0,1,0.52000594
a05,60,0,1,0.5526721
a05,61,0,1,0.7442961
a05,62,0,1,0.8994731
a05,63,0,1,0.7173434
a05,64,0,1,0.62302804
a05,65,0,1,0.96170187
a05,66,0,1,0.9381279
a05,67,1,1,0.7015479
a05,68,1,1,0.92704463
a05,69,1,1,0.868634
a05,70,0,1,0.78886896
a05,71,0,1,0.77116233
a05,72,0,1,0.5483153
a05,73,0,1,0.6605955
a05,74,0,1,0.9850544
a05,75,0,0,0.29804942
a05,76,0,0,0.37686476
a05,77,0,0,0.3853725
a05,78,0,0,0.20880847
a05,79,0,0,0.25606912
a05,80,0,0,0.3525107
a05,81,0,1,0.9279872
a05,82,0,1,0.73350424
a05,83,0,1,0.92674536
a05,84,0,1,0.91340405
a05,85,0,1,0.86299425
a05,86,0,1,0.9661746
a05,87,0,1,0.7546585
a05,88,0,1,0.9541643
a05,89,0,0,0.30359533
a05,90,0,1,0.97702914
a05,91,0,0,0.13093671
a05,92,0,1,0.54675925
a05,93,1,1,0.9525324
a05,94,1,1,0.94135994
a05,95,1,1,0.96510214
a05,96,1,1,0.9523741
a05,97,1,1,0.84980613
a05,98,1,1,0.6765129
a05,99,1,1,0.8881396
a05,100,1,1,0.7599963
a05,101,1,1,0.9369923
a05,102,1,1,0.9500595
a05,103,1,1,0.9671691
a05,104,1,1,0.96323746
a05,105,1,1,0.9688441
a05,106,1,1,0.9571077
a05,107,1,1,0.99132603
a05,108,1,1,0.9702467
a05,109,1,1,0.9415143
a05,110,1,1,0.9806826
a05,111,1,1,0.9482431
a05,112,1,1,0.9796698
a05,113,1,1,0.96712077
a05,114,1,1,0.98355895
a05,115,1,1,0.9465479
a05,116,1,1,0.8915113
a05,117,1,1,0.96572
a05,118,1,1,0.96372527
a05,119,1,1,0.97911304
a05,120,1,1,0.9552924
a05,121,1,1,0.9878001
a05,122,1,1,0.98469836
a05,123,1,1,0.9820196
a05,124,1,1,0.9841054
a05,125,1,1,0.9553218
a05,126,1,1,0.9548366
a05,127,1,1,0.95266676
a05,128,1,1,0.96771944
a05,129,1,1,0.9827641
a05,130,1,1,0.9439346
a05,131,1,1,0.92740434
a05,132,1,1,0.95523304
a05,133,1,1,0.9642554
a05,134,1,1,0.9762564
a05,135,1,1,0.97155154
a05,136,1,1,0.9700566
a05,137,1,1,0.9557586
a05,138,1,1,0.9731257
a05,139,1,1,0.895015
a05,140,1,1,0.9762866
a05,141,1,1,0.9778055
a05,142,1,1,0.9180448
a05,143,1,0,0.12526627
a05,144,1,1,0.94845754
a05,145,1,1,0.86843824
a05,146,1,1,0.99115986
a05,147,1,0,0.25436962
a05,148,1,1,0.94506025
a05,149,1,1,0.9684882
a05,150,0,1,0.7818411
a05,151,0,0,0.49533072
a05,152,0,1,0.9688775
a05,153,0,1,0.8624863
a05,154,0,1,0.7333651
a05,155,0,1,0.8562883
a05,156,0,0,0.42517585
a05,157,0,1,0.78333145
a05,158,0,0,0.40209392
a05,159,1,1,0.9330262
a05,160,1,1,0.95010275
a05,161,1,1,0.9242309
a05,162,1,1,0.9761583
a05,163,1,1,0.92247933
a05,164,1,1,0.96566665
a05,165,1,1,0.8886787
a05,166,1,1,0.95914465
a05,167,1,1,0.9734499
a05,168,1,1,0.938275
a05,169,1,1,0.88156414
a05,170,1,1,0.97963196
a05,171,1,1,0.9639546
a05,172,1,1,0.9785412
a05,173,1,1,0.93586594
a05,174,1,1,0.62135977
a05,175,1,1,0.9298202
a05,176,1,1,0.98951215
a05,177,1,1,0.9906341
a05,178,1,1,0.9776757
a05,179,1,1,0.9750827
a05,180,1,1,0.981077
a05,181,1,1,0.9839087
a05,182,1,1,0.9800469
a05,183,1,1,0.97960424
a05,184,1,1,0.95996743
a05,185,1,1,0.9636461
a05,186,1,1,0.968954
a05,187,1,1,0.94845045
a05,188,1,1,0.9518519
a05,189,1,1,0.98818433
a05,190,1,1,0.9878449
a05,191,1,1,0.9681557
a05,192,1,1,0.97693163
a05,193,1,1,0.98957574
a05,194,1,1,0.9737924
a05,195,1,1,0.9854246
a05,196,1,1,0.9903867
a05,197,1,1,0.9737163
a05,198,1,1,0.56865203
a05,199,1,1,0.9521605
a05,200,1,1,0.9853137
a05,201,1,1,0.98870814
a05,202,1,1,0.98276925
a05,203,1,1,0.96637994
a05,204,1,1,0.9832655
a05,205,1,1,0.9829239
a05,206,1,1,0.95318496
a05,207,1,1,0.90954036
a05,208,1,1,0.80443436
a05,209,1,1,0.9704306
a05,210,1,1,0.9760464
a05,211,1,1,0.98738897
a05,212,1,1,0.80559874
a05,213,1,1,0.9338431
a05,214,1,0,0.34113193
a05,215,0,0,0.12338398
a05,216,0,1,0.67432827
a05,217,0,1,0.7733139
a05,218,0,1,0.92729366
a05,219,0,1,0.61505747
a05,220,0,1,0.6899012
a05,221,0,1,0.5845986
a05,222,0,1,0.869997
a05,223,0,1,0.74858266
a05,224,0,1,0.94623744
a05,225,0,0,0.32092997
a05,226,0,0,0.22909458
a05,227,0,0,0.25201666
a05,228,0,0,0.43057638
a05,229,0,1,0.9346588
a05,230,0,0,0.19453742
a05,231,0,1,0.57615995
a05,232,0,0,0.4607683
a05,233,0,1,0.6941495
a05,234,0,1,0.88474125
a05,235,0,0,0.4541662
a05,236,0,1,0.7178905
a05,237,0,1,0.9818333
a05,238,1,1,0.7648223
a05,239,0,0,0.46997204
a05,240,0,1,0.98197204
a05,241,0,1,0.70951337
a05,242,0,1,0.7541965
a05,243,0,1,0.95970845
a05,244,0,1,0.69342756
a05,245,0,1,0.64243567
a05,246,0,1,0.81252646
a05,247,0,1,0.86810815
a05,248,0,1,0.5504577
a05,249,1,1,0.82864344
a05,250,1,1,0.95666337
a05,251,1,1,0.7745343
a05,252,1,1,0.9735772
a05,253,1,1,0.9263637
a05,254,1,1,0.9837504
a05,255,1,1,0.9510729
a05,256,1,1,0.59817535
a05,257,1,1,0.99163485
a05,258,1,1,0.87335116
a05,259,1,1,0.861372
a05,260,1,1,0.98491645
a05,261,1,1,0.9489395
a05,262,1,1,0.9648162
a05,263,1,1,0.9703518
a05,264,1,1,0.9370099
a05,265,1,1,0.6227507
a05,266,1,1,0.941416
a05,267,1,1,0.8217871
a05,268,1,1,0.8505882
a05,269,1,1,0.8702764
a05,270,0,1,0.611605
a05,271,0,1,0.5836088
a05,272,0,1,0.94122016
a05,273,1,1,0.95593184
a05,274,1,1,0.97511613
a05,275,1,1,0.97679204
a05,276,1,1,0.9796775
a05,277,1,1,0.965784
a05,278,1,1,0.9672599
a05,279,1,1,0.9718303
a05,280,1,1,0.95708656
a05,281,1,1,0.98661405
a05,282,1,1,0.9798504
a05,283,1,1,0.9747819
a05,284,1,1,0.97433215
a05,285,1,1,0.9914944
a05,286,1,1,0.98146814
a05,287,1,1,0.9841494
a05,288,1,1,0.9737689
a05,289,1,1,0.9799779
a05,290,1,1,0.96549726
a05,291,1,1,0.86631477
a05,292,1,1,0.9282498
a05,293,1,1,0.9586826
a05,294,0,0,0.2722457
a05,295,0,1,0.9719918
a05,296,1,1,0.9638453
a05,297,1,1,0.9895313
a05,298,1,1,0.9827534
a05,299,1,1,0.52142024
a05,300,1,1,0.9532157
a05,301,1,1,0.99183923
a05,302,1,1,0.9547593
a05,303,1,1,0.9229072
a05,304,1,1,0.98599106
a05,305,1,1,0.9925568
a05,306,1,1,0.99207836
a05,307,1,1,0.99472564
a05,308,1,1,0.9830746
a05,309,1,1,0.9821768
a05,310,1,1,0.97680455
a05,311,1,0,0.49391982
a05,312,1,1,0.98238486
a05,313,1,1,0.98706704
a05,314,1,1,0.97995687
a05,315,1,1,0.9803565
a05,316,1,1,0.9411331
a05,317,1,1,0.95506173
a05,318,1,1,0.6819995
a05,319,1,1,0.9240603
a05,320,1,1,0.9815595
a05,321,1,1,0.9908274
a05,322,1,1,0.98184353
a05,323,1,1,0.9832524
a05,324,1,1,0.9652231
a05,325,1,1,0.9542639
a05,326,1,1,0.9309835
a05,327,1,1,0.91227764
a05,328,1,1,0.8668353
a05,329,1,1,0.9633748
a05,330,1,1,0.99070084
a05,331,1,1,0.9658757
a05,332,1,1,0.97810966
a05,333,1,1,0.9514912
a05,334,1,1,0.98541105
a05,335,1,1,0.9837699
a05,336,1,0,0.31203136
a05,337,1,1,0.97810614
a05,338,0,1,0.98532295
a05,339,1,1,0.8465056
a05,340,0,0,0.37048805
a05,341,1,1,0.95879614
a05,342,1,1,0.9789423
a05,343,1,1,0.9433718
a05,344,1,1,0.94742596
a05,345,1,1,0.9827953
a05,346,1,1,0.9819942
a05,347,1,1,0.9365411
a05,348,1,0,0.29621062
a05,349,0,1,0.84574485
a05,350,0,1,0.9040493
a05,351,0,1,0.8403822
a05,352,0,1,0.93697155
a05,353,1,1,0.9285315
a05,354,0,0,0.46579918
a05,355,0,0,0.34699512
a05,356,0,0,0.18158063
a05,357,0,1,0.8246189
a05,358,0,0,0.34585562
a05,359,0,1,0.7072759
a05,360,0,1,0.899816
a05,361,0,1,0.9559277
a05,362,1,1,0.72567594
a05,363,0,1,0.94165814
a05,364,0,1,0.9805536
a05,365,1,1,0.9121225
a05,366,1,1,0.8974196
a05,367,1,0,0.49941263
a05,368,0,0,0.22994351
a05,369,0,1,0.5993145
a05,370,0,0,0.37154305
a05,371,0,0,0.40994748
a05,372,0,1,0.69479793
a05,373,0,0,0.4040181
a05,374,0,0,0.22559662
a05,375,0,0,0.04082634
a05,376,0,0,0.10098401
a05,377,0,0,0.08905302
a05,378,0,0,0.028500332
a05,379,0,0,0.07550765
a05,380,0,0,0.44393876
a05,381,0,0,0.30626157
a05,382,0,0,0.17463626
a05,383,0,0,0.44373342
a05,384,0,0,0.104919314
a05,385,0,0,0.24491179
a05,386,0,0,0.08016827
a05,387,0,0,0.37881002
a05,388,0,0,0.092021585
a05,389,0,0,0.25636283
a05,390,0,0,0.19204403
a05,391,0,0,0.2078544
a05,392,0,0,0.27778324
a05,393,0,0,0.07272874
a05,394,0,0,0.095340125
a05,395,0,0,0.15493602
a05,396,0,0,0.13205624
a05,397,0,1,0.67064077
a05,398,0,1,0.7362091
a05,399,0,0,0.19812222
a05,400,0,0,0.07257005
a05,401,0,1,0.80982
a05,402,0,0,0.23953775
a05,403,0,0,0.33669955
a05,404,0,1,0.6005449
a05,405,0,1,0.54073596
a05,406,0,1,0.65674984
a05,407,0,1,0.55153376
a05,408,0,0,0.4586752
a05,409,0,1,0.9658413
a05,410,1,1,0.97675097
a05,411,1,1,0.88093126
a05,412,1,1,0.9819587
a05,413,1,1,0.92825305
a05,414,1,1,0.9711245
a05,415,1,1,0.7677264
a05,416,1,1,0.9012835
a05,417,1,1,0.9627345
a05,418,1,1,0.97524285
a05,419,1,1,0.9195848
a05,420,1,1,0.9930989
a05,421,1,1,0.9890598
a05,422,1,1,0.9823706
a05,423,1,1,0.9709053
a05,424,1,0,0.2335303
a05,425,1,1,0.95397884
a05,426,1,1,0.9634459
a05,427,1,1,0.98790294
a05,428,1,1,0.8778262
a05,429,1,1,0.9868297
a05,430,1,1,0.99334407
a05,431,1,1,0.98254585
a05,432,1,1,0.92767674
a05,433,1,1,0.861397
a05,434,1,1,0.94014865
a05,435,1,1,0.9834674
a05,436,1,1,0.9909147
a05,437,1,1,0.9888314
a05,438,1,1,0.96584
a05,439,1,1,0.80554885
a05,440,1,1,0.9056411
a05,441,1,1,0.99069023
a05,442,1,1,0.982733
a05,443,1,1,0.8401696
a05,444,1,1,0.87101114
a05,445,0,1,0.9886424
a05,446,1,1,0.831226
a05,447,1,1,0.9567765
a05,448,1,1,0.94363487
a05,449,1,1,0.9036744
a05,450,1,1,0.884433
a05,451,1,1,0.98069525
a05,452,1,1,0.8580805
a05,453,0,0,0.29268834
a06,1,0,0,0.0069000437
a06,2,0,0,0.024160735
a06,3,0,0,0.14019625
a06,4,0,0,0.008775089
a06,5,0,0,0.030723948
a06,6,0,0,0.03494729
a06,7,0,0,0.012617563
a06,8,0,0,0.007786156
a06,9,0,0,0.002903692
a06,10,0,0,0.008948686
a06,11,0,0,0.00089285965
a06,12,0,0,0.00058418955
a06,13,0,0,0.001314702
a06,14,0,0,0.0037973714
a06,15,0,0,0.04115393
a06,16,0,0,0.0009300919
a06,17,0,0,0.0003384058
a06,18,0,0,0.00035393357
a06,19,0,0,0.001121997
a06,20,0,0,0.00098254
a06,21,0,0,0.00045782755
a06,22,0,0,0.00072653283
a06,23,0,0,0.0006774502
a06,24,0,0,0.0014109113
a06,25,0,0,0.0034901758
a06,26,0,0,0.0021169812
a06,27,0,0,0.0010374092
a06,28,0,0,0.0016111174
a06,29,0,0,0.0008463443
a06,30,0,0,0.0005350813
a06,31,0,0,0.00036883584
a06,32,0,0,0.00042231058
a06,33,0,0,0.0002648341
a06,34,0,0,0.00021931194
a06,35,0,0,0.00042884488
a06,36,0,0,0.00044430772
a06,37,0,0,0.0007283384
a06,38,0,0,0.00028636304
a06,39,0,0,0.00034295602
a06,40,0,0,0.0010032146
a06,41,0,0,0.0017947681
a06,42,0,0,0.0011701304
a06,43,0,0,0.0008943876
a06,44,0,0,0.0011867672
a06,45,0,0,0.00071398175
a06,46,0,0,0.00073196116
a06,47,0,0,0.0009336553
a06,48,0,0,0.0017639634
a06,49,0,0,0.0014039896
a06,50,0,0,0.0014345865
a06,51,0,0,0.00068734196
a06,52,0,0,0.0008620872
a06,53,0,0,0.0009991613
a06,54,0,0,0.0008106171
a06,55,0,0,0.00078281004
a06,56,0,0,0.0009762448
a06,57,0,0,0.00058175164
a06,58,0,0,0.0072645075
a06,59,0,0,0.0016850791
a06,60,0,0,0.00068998395
a06,61,0,0,0.0024395962
a06,62,0,0,0.0004897236
a06,63,1,0,0.0003200727
a06,64,1,0,0.0003170971
a06,65,1,0,0.0008348019
a06,66,1,0,0.00018697766
a06,67,1,0,0.0006724281
a06,68,1,0,0.0005316665
a06,69,1,0,0.004049012
a06,70,1,0,0.00092227105
a06,71,1,0,0.00045071822
a06,72,1,0,0.0016423364
a06,73,1,0,0.0019887015
a06,74,1,0,0.0072019077
a06,75,1,0,0.01004744
a06,76,1,0,0.0027979584
a06,77,1,0,0.0009581047
a06,78,1,0,0.0037706387
a06,79,1,0,0.0018309446
a06,80,1,0,0.0038709515
a06,81,1,0,0.00360178
a06,82,1,0,0.0013352762
a06,83,1,0,0.005889195
a06,84,1,0,0.0022370333
a06,85,1,0,0.00758844
a06,86,1,0,0.005050575
a06,87,1,0,0.0012242775
a06,88,1,0,0.0028130796
a06,89,0,0,0.0035373534
a06,90,0,0,0.0010525264
a06,91,0,0,0.0013150063
a06,92,0,0,0.0021007904
a06,93,0,0,0.0014674984
a06,94,0,0,0.0008158114
a06,95,0,0,0.0028745937
a06,96,0,0,0.0028923976
a06,97,0,0,0.0011238102
a06,98,0,0,0.0011697704
a06,99,0,0,0.0022603022
a06,100,0,0,0.0018389646
a06,101,0,0,0.0009034998
a06,102,0,0,0.0022455396
a06,103,0,0,0.0008413622
a06,104,0,0,0.001727985
a06,105,0,1,0.5308505
a06,106,0,0,0.12903109
a06,107,0,0,0.0039489088
a06,108,0,0,0.00084896
a06,109,0,0,0.0006052306
a06,110,0,0,0.0011893304
a06,111,0,0,0.0019745296
a06,112,0,0,0.0018574188
a06,113,0,0,0.0020569135
a06,114,0,0,0.0014318008
a06,115,0,0,0.00084033667
a06,116,0,0,0.0018878101
a06,117,0,0,0.0007881326
a06,118,0,0,0.0010133721
a06,119,0,0,0.0015486977
a06,120,0,0,0.0019295252
a06,121,0,0,0.0016151075
a06,122,0,0,0.0014851954
a06,123,0,0,0.0010075149
a06,124,0,0,0.00071761897
a06,125,0,0,0.0026268712
a06,126,0,0,0.0009639518
a06,127,0,0,0.00069262844
a06,128,0,0,0.00076934363
a06,129,0,0,0.00672605
a06,130,0,0,0.0010552095
a06,131,0,0,0.002732015
a06,132,0,0,0.0030374108
a06,133,0,0,0.0030870815
a06,134,0,0,0.0009132304
a06,135,0,0,0.0015943334
a06,136,0,0,0.000781257
a06,137,0,0,0.001366311
a06,138,0,0,0.0011797369
a06,139,0,0,0.0015372722
a06,140,0,0,0.0024204222
a06,141,0,0,0.0014076105
a06,142,0,0,0.0007950035
a06,143,0,0,0.0008325474
a06,144,0,0,0.020131746
a06,145,1,0,0.0002575009
a06,146,1,0,0.0008071994
a06,147,1,0,0.0034611085
a06,148,1,0,0.0012564845
a06,149,1,0,0.0004646994
a06,150,1,0,0.020278532
a06,151,1,0,0.012321829
a06,152,1,0,0.0027035214
a06,153,1,0,0.0015928139
a06,154,1,0,0.004377598
a06,155,1,0,0.0013624071
a06,156,1,0,0.00088706374
a06,157,1,0,0.04509179
a06,158,1,0,0.00062372466
a06,159,1,0,0.0021228197
a06,160,1,0,0.00034620095
a06,161,1,0,0.00074242224
a06,162,1,0,0.00031464457
a06,163,1,0,0.0004735484
a06,164,1,0,0.0025688182
a06,165,1,0,0.0011954284
a06,166,1,0,0.0016640399
a06,167,1,0,0.00070763525
a06,168,1,0,0.00038865348
a06,169,1,0,0.0012061077
a06,170,1,0,0.0016460025
a06,171,1,0,0.0011727577
a06,172,1,0,0.0026330973
a06,173,1,0,0.0028434112
a06,174,1,0,0.003828535
a06,175,1,0,0.0017019501
a06,176,1,0,0.18931124
a06,177,1,0,0.0041901334
a06,178,1,0,0.024521954
a06,179,1,0,0.0020353622
a06,180,0,0,0.0018328705
a06,181,0,0,0.0028873563
a06,182,0,0,0.00378622
a06,183,0,0,0.027985314
a06,184,0,0,0.0046074046
a06,185,0,0,0.0011061039
a06,186,0,0,0.00085998856
a06,187,0,0,0.0009269146
a06,188,0,0,0.0006429986
a06,189,0,0,0.0029626118
a06,190,0,0,0.0049309144
a06,191,1,0,0.0027425755
a06,192,1,0,0.0056238775
a06,193,1,0,0.013200715
a06,194,1,0,0.0007612515
a06,195,1,0,0.0025925126
a06,196,1,0,0.0127348965
a06,197,1,0,0.0124510145
a06,198,1,0,0.005565896
a06,199,1,0,0.02222789
a06,200,1,0,0.0038838491
a06,201,1,0,0.010510052
a06,202,1,0,0.011085906
a06,203,1,0,0.0157325
a06,204,1,0,0.005220886
a06,205,1,0,0.0031647498
a06,206,1,0,0.0011159431
a06,207,1,0,0.0039090062
a06,208,1,0,0.0064272806
a06,209,1,0,0.004122083
a06,210,1,0,0.0026963379
a06,211,1,0,0.007393609
a06,212,1,0,0.009163612
a06,213,1,0,0.0054966514
a06,214,1,0,0.021023672
a06,215,1,0,0.050106313
a06,216,1,0,0.0011922057
a06,217,1,0,0.015007789
a06,218,1,0,0.003677291
a06,219,1,0,0.003618134
a06,220,1,0,0.0023760025
a06,221,1,0,0.0057599302
a06,222,1,0,0.0022723135
a06,223,1,0,0.0016863629
a06,224,1,0,0.0037639348
a06,225,0,0,0.0016446288
a06,226,0,0,0.003325968
a06,227,0,0,0.008654771
a06,228,0,0,0.0034900133
a06,229,0,0,0.004282578
a06,230,0,0,0.0059050173
a06,231,0,0,0.006489407
a06,232,0,0,0.0041716583
a06,233,0,0,0.0052701905
a06,234,0,0,0.0063785794
a06,235,0,0,0.008060207
a06,236,0,0,0.006928588
a06,237,0,0,0.008276942
a06,238,0,0,0.006758833
a06,239,0,0,0.0022970953
a06,240,0,0,0.0020645033
a06,241,0,0,0.0023926995
a06,242,0,0,0.0017376265
a06,243,0,0,0.00075037585
a06,244,0,0,0.0021738312
a06,245,0,0,0.0022811128
a06,246,0,0,0.0019869911
a06,247,0,0,0.001811911
a06,248,0,0,0.0006403954
a06,249,0,0,0.0019795557
a06,250,0,0,0.0009547663
a06,251,0,0,0.0028870679
a06,252,0,0,0.0013516182
a06,253,0,0,0.0016262905
a06,254,0,0,0.0014947569
a06,255,0,0,0.00086122303
a06,256,0,0,0.0012057298
a06,257,0,0,0.0009745822
a06,258,0,0,0.0016843003
a06,259,0,0,0.024437865
a06,260,1,0,0.40507987
a06,261,1,0,0.06400239
a06,262,1,0,0.03472127
a06,263,1,0,0.024924234
a06,264,1,0,0.04867478
a06,265,1,0,0.01692782
a06,266,1,1,0.59528476
a06,267,1,0,0.005280297
a06,268,0,0,0.0027986036
a06,269,0,0,0.011327614
a06,270,0,0,0.006729947
a06,271,0,0,0.0035061848
a06,272,0,0,0.0016073841
a06,273,0,0,0.002910845
a06,274,0,0,0.0026934517
a06,275,0,0,0.001727318
a06,276,0,0,0.0024421888
a06,277,0,0,0.0021923597
a06,278,0,0,0.0016329476
a06,279,0,0,0.0015830195
a06,280,0,0,0.0014067186
a06,281,0,0,0.0014140885
a06,282,0,0,0.0023730667
a06,283,0,0,0.0048596812
a06,284,0,0,0.0026310156
a06,285,0,0,0.0031351517
a06,286,0,0,0.006258804
a06,287,0,0,0.0033093337
a06,288,0,0,0.0036729644
a06,289,0,0,0.0044413847
a06,290,0,0,0.002701518
a06,291,0,0,0.0015440116
a06,292,0,0,0.0030507562
a06,293,0,0,0.00090519636
a06,294,0,0,0.006030923
a06,295,0,0,0.00062880083
a06,296,0,0,0.0022409267
a06,297,0,0,0.0010935751
a06,298,0,0,0.003035208
a06,299,0,0,0.0005272806
a06,300,0,0,0.0006243837
a06,301,0,0,0.0023239153
a06,302,0,0,0.0012245296
a06,303,0,0,0.0010067257
a06,304,0,0,0.0015228863
a06,305,0,0,0.3757667
a06,306,1,0,0.0051151826
a06,307,1,0,0.030425971
a06,308,1,0,0.0312007
a06,309,1,0,0.038210437
a06,310,1,0,0.014227749
a06,311,1,0,0.032118734
a06,312,1,0,0.013391243
a06,313,1,0,0.124084525
a06,314,1,0,0.19899848
a06,315,1,0,0.05067972
a06,316,0,0,0.018107232
a06,317,0,0,0.026786493
a06,318,0,0,0.027790237
a06,319,0,0,0.015708257
a06,320,0,0,0.011483749
a06,321,0,0,0.0022487221
a06,322,0,0,0.0069237375
a06,323,0,0,0.0051188893
a06,324,0,0,0.0073023015
a06,325,0,0,0.010898451
a06,326,0,0,0.0040958347
a06,327,0,0,0.005249692
a06,328,0,0,0.18148492
a06,329,1,0,0.01604269
a06,330,1,0,0.012032425
a06,331,1,0,0.007974139
a06,332,1,0,0.4099212
a06,333,0,0,0.023837734
a06,334,0,0,0.0061077774
a06,335,0,0,0.0039506964
a06,336,0,0,0.0015700138
a06,337,0,0,0.014463593
a06,338,0,0,0.0035096866
a06,339,0,0,0.00916689
a06,340,0,0,0.004428193
a06,341,0,0,0.0027453834
a06,342,0,0,0.01992128
a06,343,1,0,0.013154377
a06,344,1,0,0.00674675
a06,345,1,0,0.0073153856
a06,346,1,0,0.007543028
a06,347,1,0,0.071250424
a06,348,1,0,0.026995845
a06,349,1,0,0.09099215
a06,350,1,0,0.022206303
a06,351,1,0,0.065819055
a06,352,1,0,0.028095929
a06,353,1,0,0.004554542
a06,354,1,0,0.014888198
a06,355,1,0,0.026535949
a06,356,1,0,0.013346091
a06,357,1,0,0.0033237212
a06,358,1,0,0.029086145
a06,359,1,0,0.4458563
a06,360,1,0,0.018058574
a06,361,1,0,0.012656825
a06,362,1,0,0.017041698
a06,363,1,0,0.017032364
a06,364,1,0,0.038172934
a06,365,1,0,0.027767094
a06,366,1,0,0.04367178
a06,367,1,0,0.028199954
a06,368,1,0,0.029747574
a06,369,1,0,0.011329398
a06,370,1,0,0.03416358
a06,371,1,0,0.00915622
a06,372,1,0,0.018164214
a06,373,1,0,0.029971847
a06,374,1,0,0.038162816
a06,375,1,0,0.01317549
a06,376,1,0,0.024588343
a06,377,1,0,0.070013374
a06,378,1,0,0.13843523
a06,379,1,0,0.020768141
a06,380,1,0,0.06364079
a06,381,1,0,0.02979379
a06,382,1,0,0.0071076322
a06,383,1,0,0.009363566
a06,384,1,0,0.022174586
a06,385,1,0,0.04021081
a06,386,1,0,0.008815507
a06,387,1,0,0.018440899
a06,388,1,0,0.0090543525
a06,389,1,0,0.42100945
a06,390,0,0,0.46202302
a06,391,0,0,0.35948527
a06,392,0,0,0.039607923
a06,393,0,0,0.012278028
a06,394,0,0,0.0067516663
a06,395,0,0,0.0032849184
a06,396,0,0,0.06689156
a06,397,0,0,0.45802936
a06,398,0,1,0.6992527
a06,399,0,1,0.6746435
a06,400,0,0,0.010584547
a06,401,0,0,0.18527009
a06,402,0,0,0.03936877
a06,403,0,0,0.035308093
a06,404,0,0,0.011117252
a06,405,0,0,0.014904263
a06,406,0,0,0.041320704
a06,407,0,0,0.014594629
a06,408,0,0,0.022279615
a06,409,0,0,0.047480773
a06,410,0,0,0.01604939
a06,411,0,0,0.013403672
a06,412,0,0,0.013951249
a06,413,0,0,0.015122999
a06,414,0,0,0.018154318
a06,415,0,0,0.19037072
a06,416,0,0,0.084471494
a06,417,0,0,0.038317617
a06,418,0,0,0.01801313
a06,419,0,0,0.004391092
a06,420,0,0,0.004521421
a06,421,0,0,0.037493154
a06,422,0,0,0.009909448
a06,423,0,0,0.006602532
a06,424,0,0,0.01342972
a06,425,0,0,0.014995783
a06,426,0,0,0.006921
a06,427,0,0,0.004853584
a06,428,0,0,0.009987421
a06,429,0,0,0.002444404
a06,430,0,0,0.0033497962
a06,431,0,0,0.0028906746
a06,432,0,0,0.0007651399
a06,433,0,0,0.0046386593
a06,434,0,0,0.05363169
a06,435,0,0,0.081687704
a06,436,0,0,0.006647278
a06,437,0,0,0.05170206
a06,438,0,0,0.27618775
a06,439,0,0,0.21374798
a06,440,1,0,0.007634677
a06,441,1,0,0.11346467
a06,442,1,0,0.009036466
a06,443,1,0,0.023090065
a06,444,1,0,0.0052043
a06,445,1,0,0.0060669775
a06,446,1,0,0.021596257
a06,447,1,0,0.006388
a06,448,1,0,0.03615275
a06,449,1,1,0.51337653
a06,450,0,0,0.052446693
a06,451,0,0,0.007509611
a06,452,0,0,0.01786713
a06,453,0,0,0.007427726
a06,454,0,0,0.008160778
a06,455,0,0,0.0076871603
a06,456,0,0,0.0057311677
a06,457,0,0,0.011534396
a06,458,0,0,0.0038528023
a06,459,0,0,0.0017493247
a06,460,0,0,0.011444112
a06,461,0,0,0.001684366
a06,462,0,0,0.003609633
a06,463,0,0,0.004411694
a06,464,0,0,0.013610614
a06,465,0,0,0.011710745
a06,466,0,0,0.0038694865
a06,467,0,0,0.0016428838
a06,468,0,0,0.0075087505
a06,469,1,0,0.001567826
a06,470,1,0,0.004751561
a06,471,1,0,0.002733408
a06,472,1,0,0.016026448
a06,473,1,0,0.017147673
a06,474,1,0,0.012722522
a06,475,1,0,0.01947928
a06,476,1,0,0.012194305
a06,477,1,0,0.0027971098
a06,478,0,0,0.0068544745
a06,479,0,0,0.013203138
a06,480,0,0,0.008745409
a06,481,0,0,0.0052043344
a06,482,0,0,0.007323278
a06,483,0,0,0.01799412
a06,484,1,0,0.004064065
a06,485,1,0,0.012429339
a06,486,1,0,0.0070351437
a06,487,1,0,0.0067802304
a06,488,1,0,0.0036771968
a06,489,1,0,0.0065910267
a06,490,1,0,0.19643174
a06,491,1,0,0.38376033
a06,492,1,0,0.007357042
a06,493,1,0,0.05789577
a06,494,1,0,0.14657378
a06,495,1,0,0.02052291
a06,496,1,0,0.01920542
a06,497,1,0,0.15682538
a06,498,1,0,0.009501896
a06,499,1,0,0.02355268
a06,500,1,0,0.00915119
a06,501,1,0,0.014299599
a06,502,1,0,0.011962568
a06,503,1,0,0.003154774
a06,504,1,0,0.115821466
a06,505,1,0,0.011224513
a06,506,1,0,0.006740375
a06,507,0,0,0.11743922
a06,508,0,0,0.010001222
a06,509,0,0,0.03772714
a07,1,0,1,0.9285269
a07,2,1,1,0.7338162
a07,3,1,1,0.8430171
a07,4,0,1,0.62672234
a07,5,0,1,0.8127488
a07,6,0,0,0.18812767
a07,7,0,1,0.60409594
a07,8,0,0,0.4889208
a07,9,0,0,0.45787686
a07,10,0,1,0.58936834
a07,11,0,1,0.6228371
a07,12,0,1,0.8732381
a07,13,0,0,0.37508512
a07,14,0,0,0.47285584
a07,15,0,1,0.56364363
a07,16,0,1,0.63794315
a07,17,0,1,0.5178185
a07,18,0,1,0.67000437
a07,19,0,0,0.3593815
a07,20,0,0,0.34874123
a07,21,0,1,0.62137324
a07,22,0,0,0.44143227
a07,23,0,1,0.6854267
a07,24,0,1,0.73413885
a07,25,0,1,0.80237836
a07,26,1,1,0.8584907
a07,27,1,1,0.79602194
a07,28,0,0,0.24226703
a07,29,0,1,0.5316497
a07,30,0,0,0.43619856
a07,31,0,1,0.6829378
a07,32,0,0,0.41671377
a07,33,1,1,0.8244147
a07,34,0,1,0.6818675
a07,35,0,1,0.5660583
a07,36,0,1,0.77255934
a07,37,1,1,0.7133222
a07,38,0,1,0.87200975
a07,39,0,1,0.86087173
a07,40,0,1,0.895581
a07,41,0,1,0.7869486
a07,42,0,1,0.84872866
a07,43,1,1,0.95294476
a07,44,0,1,0.7732684
a07,45,0,0,0.36675242
a07,46,0,1,0.70852953
a07,47,0,1,0.53624403
a07,48,0,1,0.816993
a07,49,0,1,0.53766394
a07,50,0,1,0.5200302
a07,51,0,1,0.51039827
a07,52,0,1,0.6141591
a07,53,0,1,0.616146
a07,54,0,1,0.9402105
a07,55,1,1,0.9708392
a07,56,1,1,0.7113965
a07,57,1,1,0.98639673
a07,58,1,1,0.8065952
a07,59,1,1,0.58367234
a07,60,1,1,0.8707768
a07,61,1,1,0.7231218
a07,62,1,1,0.8962907
a07,63,1,1,0.89114994
a07,64,1,1,0.80460876
a07,65,1,1,0.8256009
a07,66,1,1,0.9528206
a07,67,1,1,0.83839214
a07,68,1,1,0.89095217
a07,69,1,1,0.6400779
a07,70,1,1,0.9193264
a07,71,1,1,0.9337518
a07,72,1,1,0.66069865
a07,73,1,1,0.80171096
a07,74,1,1,0.6695807
a07,75,0,1,0.83996165
a07,76,0,1,0.5836977
a07,77,0,1,0.85004294
a07,78,0,1,0.8817945
a07,79,0,1,0.9550951
a07,80,0,1,0.8349597
a07,81,0,1,0.863169
a07,82,0,1,0.97635925
a07,83,0,1,0.7919809
a07,84,0,1,0.7407352
a07,85,0,1,0.74662423
a07,86,0,1,0.89772403
a07,87,0,0,0.41100335
a07,88,0,1,0.7509872
a07,89,0,1,0.50339407
a07,90,0,1,0.7990671
a07,91,0,0,0.43702102
a07,92,0,1,0.9456557
a07,93,0,1,0.5911467
a07,94,0,1,0.94435245
a07,95,1,1,0.9222348
a07,96,1,1,0.89224595
a07,97,1,1,0.9900468
a07,98,1,1,0.9068296
a07,99,1,1,0.97959536
a07,100,1,1,0.8748231
a07,101,0,1,0.8843142
a07,102,0,1,0.9317058
a07,103,0,1,0.88614815
a07,104,0,1,0.85940135
a07,105,0,1,0.7169739
a07,106,0,1,0.9776668
a07,107,0,1,0.85129964
a07,108,0,1,0.6964484
a07,109,0,1,0.88054687
a07,110,0,1,0.8688962
a07,111,0,1,0.90009826
a07,112,0,1,0.62968165
a07,113,0,1,0.9057495
a07,114,0,1,0.9153691
a07,115,0,1,0.9284995
a07,116,0,1,0.91222477
a07,117,0,1,0.8578183
a07,118,0,1,0.8969307
a07,119,0,1,0.6586739
a07,120,0,1,0.9414163
a07,121,0,1,0.7847477
a07,122,0,1,0.7067443
a07,123,0,1,0.70961523
a07,124,0,1,0.7661137
a07,125,0,1,0.8740972
a07,126,0,0,0.22815637
a07,127,0,0,0.20011015
a07,128,0,0,0.2511701
a07,129,0,0,0.21756907
a07,130,0,0,0.2990399
a07,131,0,0,0.43787336
a07,132,0,0,0.105922654
a07,133,0,0,0.12776309
a07,134,0,0,0.33040735
a07,135,0,0,0.19034989
a07,136,0,0,0.3352946
a07,137,0,1,0.5306699
a07,138,0,0,0.3140581
a07,139,0,1,0.8244992
a07,140,0,1,0.88378984
a07,141,0,1,0.81298655
a07,142,0,1,0.5585796
a07,143,0,1,0.810141
a07,144,0,1,0.9371898
a07,145,1,1,0.92685235
a07,146,1,1,0.89122653
a07,147,1,1,0.968827
a07,148,1,1,0.91295236
a07,149,1,1,0.79146963
a07,150,1,1,0.9261057
a07,151,1,1,0.6973516
a07,152,1,1,0.97363067
a07,153,1,1,0.8196591
a07,154,1,1,0.9723417
a07,155,1,1,0.67985123
a07,156,1,1,0.90173954
a07,157,1,1,0.968734
a07,158,1,1,0.980535
a07,159,1,1,0.9191219
a07,160,1,1,0.99029785
a07,161,1,1,0.9878919
a07,162,1,1,0.991492
a07,163,1,1,0.9829617
a07,164,0,1,0.98813695
a07,165,1,1,0.983538
a07,166,1,1,0.98111665
a07,167,1,1,0.8700196
a07,168,0,1,0.9512581
a07,169,0,1,0.9898219
a07,170,0,1,0.57639843
a07,171,0,1,0.98899674
a07,172,0,1,0.99251723
a07,173,0,1,0.9919097
a07,174,1,1,0.9842076
a07,175,1,1,0.98503983
a07,176,1,1,0.98411626
a07,177,1,1,0.9943351
a07,178,1,1,0.9904281
a07,179,1,1,0.9830889
a07,180,1,1,0.99059033
a07,181,1,1,0.9549707
a07,182,1,1,0.8373987
a07,183,1,1,0.5782089
a07,184,1,1,0.98132837
a07,185,1,1,0.93981653
a07,186,1,1,0.9291542
a07,187,1,1,0.8932145
a07,188,1,1,0.9657692
a07,189,1,1,0.9836003
a07,190,1,1,0.92391837
a07,191,1,1,0.9914791
a07,192,1,1,0.90818304
a07,193,1,1,0.9925178
a07,194,1,1,0.9611996
a07,195,1,1,0.95239156
a07,196,1,1,0.96691686
a07,197,1,1,0.935534
a07,198,1,1,0.98511213
a07,199,1,1,0.98248315
a07,200,1,1,0.9886318
a07,201,1,1,0.9206171
a07,202,1,1,0.9854028
a07,203,1,1,0.98632973
a07,204,1,1,0.9149692
a07,205,1,1,0.98137796
a07,206,1,1,0.98832965
a07,207,1,1,0.98652506
a07,208,1,1,0.989627
a07,209,1,1,0.98193455
a07,210,1,1,0.95274824
a07,211,1,1,0.9917115
a07,212,1,1,0.99073833
a07,213,1,1,0.9906166
a07,214,1,1,0.9845701
a07,215,1,1,0.9842609
a07,216,1,1,0.9796228
a07,217,1,1,0.9852483
a07,218,1,1,0.96674204
a07,219,1,1,0.9861857
a07,220,1,1,0.98791915
a07,221,1,1,0.9736258
a07,222,1,1,0.9837615
a07,223,1,1,0.9835687
a07,224,1,1,0.9486821
a07,225,1,1,0.9854253
a07,226,1,1,0.96809524
a07,227,1,1,0.7767574
a07,228,1,1,0.9518236
a07,229,1,1,0.9838414
a07,230,1,1,0.5972472
a07,231,1,1,0.9829469
a07,232,1,1,0.80275536
a07,233,1,1,0.97725713
a07,234,1,1,0.92406636
a07,235,1,1,0.6829958
a07,236,1,1,0.7779267
a07,237,1,1,0.92223305
a07,238,1,1,0.89399785
a07,239,1,1,0.7015303
a07,240,1,1,0.8255736
a07,241,1,0,0.4636454
a07,242,1,1,0.94484854
a07,243,1,1,0.9800956
a07,244,1,1,0.902827
a07,245,1,1,0.94050765
a07,246,1,1,0.86031806
a07,247,1,1,0.9524486
a07,248,1,1,0.9718493
a07,249,1,1,0.9726883
a07,250,1,1,0.9584688
a07,251,1,1,0.9455255
a07,252,1,1,0.9308361
a07,253,1,1,0.9006697
a07,254,1,1,0.9195529
a07,255,1,1,0.8162502
a07,256,1,1,0.9588436
a07,257,1,1,0.7443836
a07,258,1,1,0.88384145
a07,259,1,1,0.9665278
a07,260,1,1,0.624635
a07,261,1,1,0.7544816
a07,262,1,1,0.95248187
a07,263,1,1,0.9216605
a07,264,1,1,0.8275004
a07,265,1,1,0.9875969
a07,266,1,1,0.9393566
a07,267,1,1,0.622779
a07,268,1,1,0.9103474
a07,269,1,1,0.97982943
a07,270,1,1,0.86644626
a07,271,1,1,0.81681305
a07,272,1,1,0.9581782
a07,273,1,1,0.5853432
a07,274,1,1,0.97128505
a07,275,1,1,0.82613224
a07,276,1,1,0.89736974
a07,277,1,1,0.8911464
a07,278,1,1,0.6655849
a07,279,0,1,0.69530946
a07,280,0,1,0.85440236
a07,281,0,1,0.7534774
a07,282,1,1,0.9723742
a07,283,1,1,0.9769058
a07,284,1,1,0.9623846
a07,285,1,1,0.9908154
a07,286,1,1,0.9497912
a07,287,1,1,0.988535
a07,288,0,1,0.9497287
a07,289,0,1,0.79688215
a07,290,0,1,0.9335818
a07,291,0,1,0.9750378
a07,292,0,1,0.992683
a07,293,0,1,0.932755
a07,294,1,1,0.98425865
a07,295,1,1,0.996738
a07,296,1,1,0.99538136
a07,297,1,1,0.9715532
a07,298,1,1,0.985734
a07,299,1,1,0.8116098
a07,300,1,1,0.9911839
a07,301,1,1,0.99208105
a07,302,1,1,0.9400015
a07,303,1,1,0.9838207
a07,304,1,1,0.9849525
a07,305,0,1,0.81991476
a07,306,0,1,0.83798444
a07,307,0,1,0.7694316
a07,308,0,1,0.7952935
a07,309,0,1,0.814548
a07,310,1,1,0.878048
a07,311,1,1,0.9523368
a07,312,1,1,0.85217994
a07,313,1,1,0.9568294
a07,314,1,1,0.97168744
a07,315,1,1,0.985343
a07,316,1,1,0.9891348
a07,317,1,1,0.99028367
a07,318,1,1,0.99038833
a07,319,1,1,0.91615206
a07,320,1,1,0.9817155
a07,321,1,1,0.9685902
a07,322,1,1,0.9745831
a07,323,1,1,0.95879775
a07,324,1,1,0.9884608
a07,325,1,1,0.9889113
a07,326,1,1,0.98840684
a07,327,1,1,0.9860087
a07,328,1,1,0.98319006
a07,329,1,1,0.93865
a07,330,1,1,0.9692727
a07,331,1,1,0.9657388
a07,332,1,1,0.98103046
a07,333,1,1,0.98967755
a07,334,1,1,0.9821063
a07,335,1,1,0.96798754
a07,336,1,1,0.9835141
a07,337,1,1,0.98595744
a07,338,1,1,0.9720178
a07,339,1,1,0.9842609
a07,340,1,1,0.9793037
a07,341,1,1,0.880585
a07,342,1,1,0.82749957
a07,343,1,1,0.81744814
a07,344,0,1,0.8844959
a07,345,0,1,0.6045864
a07,346,0,1,0.8753428
a07,347,0,1,0.7033289
a07,348,0,1,0.97115254
a07,349,0,1,0.6560585
a07,350,0,0,0.38821855
a07,351,0,1,0.92129695
a07,352,0,1,0.9138845
a07,353,0,1,0.9572789
a07,354,0,1,0.96136373
a07,355,0,1,0.8293721
a07,356,1,1,0.9755823
a07,357,1,1,0.9400211
a07,358,1,1,0.95427537
a07,359,1,1,0.9333747
a07,360,1,1,0.9733054
a07,361,1,1,0.9695425
a07,362,1,1,0.98599225
a07,363,1,1,0.9364745
a07,364,1,1,0.9704747
a07,365,1,1,0.8879806
a07,366,1,1,0.9510168
a07,367,1,1,0.87484854
a07,368,1,1,0.9903042
a07,369,1,1,0.98662007
a07,370,1,1,0.7580694
a07,371,1,1,0.97824156
a07,372,1,1,0.89390737
a07,373,1,1,0.9915319
a07,374,1,1,0.98842657
a07,375,1,1,0.9946083
a07,376,1,1,0.9908489
a07,377,1,1,0.9701835
a07,378,0,1,0.88317424
a07,379,0,1,0.94455
a07,380,1,1,0.9937356
a07,381,1,1,0.9074383
a07,382,1,1,0.9793609
a07,383,1,1,0.98468554
a07,384,1,1,0.9929182
a07,385,1,1,0.9694928
a07,386,0,1,0.91300493
a07,387,1,1,0.9917985
a07,388,1,1,0.9839474
a07,389,1,1,0.98587054
a07,390,1,1,0.9401054
a07,391,0,1,0.98022586
a07,392,1,1,0.9733295
a07,393,0,1,0.99685764
a07,394,0,1,0.89195925
a07,395,0,0,0.3296641
a07,396,0,1,0.5403068
a07,397,0,1,0.8382496
a07,398,0,1,0.950576
a07,399,1,1,0.99163985
a07,400,1,1,0.60288733
a07,401,0,1,0.97378707
a07,402,1,1,0.97317624
a07,403,0,1,0.9556445
a07,404,1,1,0.9892145
a07,405,1,1,0.91709036
a07,406,0,1,0.9278441
a07,407,0,1,0.8161765
a07,408,0,1,0.915613
a07,409,0,1,0.87510264
a07,410,0,0,0.2551764
a07,411,0,0,0.15674733
a07,412,0,1,0.725091
a07,413,0,0,0.123150125
a07,414,0,0,0.030365976
a07,415,0,0,0.124218844
a07,416,0,0,0.18200938
a07,417,0,1,0.60388935
a07,418,0,1,0.8036517
a07,419,1,1,0.95624197
a07,420,1,1,0.88699967
a07,421,1,1,0.9458892
a07,422,1,1,0.9878352
a07,423,1,1,0.9607978
a07,424,1,1,0.89907396
a07,425,1,1,0.7039112
a07,426,0,1,0.783596
a07,427,0,1,0.9592683
a07,428,0,1,0.828178
a07,429,0,1,0.64044845
a07,430,0,1,0.61700946
a07,431,0,0,0.3258105
a07,432,0,0,0.43502685
a07,433,0,0,0.4786842
a07,434,0,1,0.584811
a07,435,0,0,0.34215084
a07,436,0,0,0.38368818
a07,437,0,0,0.44133973
a07,438,0,1,0.98200834
a07,439,1,1,0.93532383
a07,440,1,1,0.939212
a07,441,1,1,0.98143125
a07,442,1,1,0.9921136
a07,443,1,1,0.96153086
a07,444,1,1,0.9927396
a07,445,1,1,0.98237926
a07,446,1,1,0.9908274
a07,447,1,1,0.95701545
a07,448,1,1,0.9601385
a07,449,1,1,0.9819057
a07,450,1,1,0.97675145
a07,451,1,1,0.97739726
a07,452,1,1,0.98202735
a07,453,1,1,0.975995
a07,454,1,1,0.9570267
a07,455,1,1,0.9821171
a07,456,1,1,0.98983204
a07,457,1,1,0.98462796
a07,458,1,1,0.9827927
a07,459,1,1,0.9727853
a07,460,1,1,0.9873218
a07,461,1,1,0.9684912
a07,462,1,1,0.9911742
a07,463,1,1,0.9941301
a07,464,1,1,0.84501445
a07,465,1,1,0.98281854
a07,466,1,1,0.98597866
a07,467,1,1,0.98639107
a07,468,1,1,0.9803152
a07,469,1,1,0.97603536
a07,470,1,1,0.95300776
a07,471,1,1,0.98202205
a07,472,1,1,0.98320043
a07,473,1,1,0.8576763
a07,474,1,1,0.9641585
a07,475,1,1,0.97751313
a07,476,1,1,0.8525991
a07,477,0,1,0.98800606
a07,478,0,1,0.89628965
a07,479,0,0,0.37612414
a07,480,0,1,0.82238805
a07,481,0,1,0.85518056
a07,482,0,1,0.6355977
a07,483,1,1,0.91100264
a07,484,1,1,0.6900667
a07,485,1,1,0.94452965
a07,486,1,1,0.81293076
a07,487,1,1,0.93585026
a07,488,1,1,0.75483716
a07,489,1,1,0.94932795
a07,490,1,1,0.88502204
a07,491,1,1,0.6918116
a07,492,1,1,0.9722579
a07,493,1,1,0.78425103
a07,494,1,1,0.71362954
a07,495,1,1,0.73206663
a07,496,1,1,0.91474485
a07,497,1,1,0.9900029
a07,498,1,1,0.8606723
a07,499,1,1,0.97134656
a07,500,1,1,0.9787345
a07,501,1,1,0.9919652
a07,502,1,1,0.98666847
a07,503,1,1,0.7045001
a07,504,1,1,0.9754152
a07,505,1,1,0.7842421
a07,506,1,1,0.9017505
a07,507,1,1,0.9818973
a07,508,1,1,0.8607145
a07,509,1,1,0.9870718
a07,510,1,0,0.37903163
a08,1,0,0,0.20683894
a08,2,0,0,0.09081868
a08,3,0,0,0.052263036
a08,4,0,0,0.12696041
a08,5,0,0,0.19855021
a08,6,0,0,0.17803277
a08,7,0,0,0.077299334
a08,8,0,0,0.088294245
a08,9,0,0,0.16198
a08,10,0,0,0.11715839
a08,11,0,0,0.10388935
a08,12,0,0,0.10667355
a08,13,0,0,0.27104944
a08,14,0,0,0.14304052
a08,15,0,0,0.26652035
a08,16,0,0,0.20483032
a08,17,0,0,0.22850573
a08,18,0,0,0.18911147
a08,19,0,0,0.25731778
a08,20,0,0,0.13278778
a08,21,0,0,0.1795782
a08,22,0,0,0.1429187
a08,23,0,0,0.130522
a08,24,0,0,0.28718662
a08,25,0,0,0.2549252
a08,26,0,0,0.42962977
a08,27,0,0,0.46622416
a08,28,0,0,0.30377552
a08,29,0,0,0.31950963
a08,30,0,0,0.39268944
a08,31,0,0,0.26996133
a08,32,0,0,0.40921164
a08,33,1,1,0.65731984
a08,34,1,1,0.7105519
a08,35,1,1,0.8513496
a08,36,1,1,0.6614836
a08,37,1,1,0.6022735
a08,38,1,0,0.49437055
a08,39,0,0,0.24904718
a08,40,0,0,0.42448312
a08,41,1,0,0.42897877
a08,42,1,0,0.3159833
a08,43,0,0,0.38498035
a08,44,0,0,0.17028807
a08,45,0,0,0.108753376
a08,46,0,0,0.23240715
a08,47,0,0,0.21308878
a08,48,0,0,0.16660161
a08,49,0,0,0.27305722
a08,50,0,0,0.2546363
a08,51,0,0,0.34932905
a08,52,0,0,0.4403752
a08,53,0,1,0.5055329
a08,54,0,1,0.55754673
a08,55,0,0,0.40478346
a08,56,0,1,0.6908585
a08,57,0,1,0.5509224
a08,58,0,1,0.8262666
a08,59,0,0,0.35683814
a08,60,1,1,0.80748385
a08,61,1,1,0.6020671
a08,62,0,0,0.19589546
a08,63,1,1,0.54426366
a08,64,1,0,0.22869945
a08,65,0,0,0.26878223
a08,66,0,0,0.40317905
a08,67,0,0,0.15748422
a08,68,0,0,0.34650794
a08,69,0,0,0.2405542
a08,70,0,0,0.1527387
a08,71,0,0,0.12947741
a08,72,0,0,0.42271465
a08,73,0,1,0.507523
a08,74,0,1,0.59384423
a08,75,1,1,0.6610463
a08,76,0,0,0.33776727
a08,77,0,1,0.7199984
a08,78,0,0,0.48605987
a08,79,0,1,0.6607081
a08,80,1,1,0.78395694
a08,81,1,0,0.34300292
a08,82,0,0,0.39995423
a08,83,0,0,0.31107026
a08,84,0,1,0.81483436
a08,85,0,0,0.32919034
a08,86,0,1,0.66835773
a08,87,1,0,0.41980502
a08,88,1,0,0.444319
a08,89,0,1,0.8483701
a08,90,1,1,0.6615947
a08,91,1,0,0.494614
a08,92,1,0,0.44811007
a08,93,0,0,0.2560107
a08,94,1,1,0.58036965
a08,95,1,1,0.551659
a08,96,1,0,0.43591827
a08,97,1,1,0.808846
a08,98,1,0,0.2810117
a08,99,1,1,0.75670946
a08,100,1,0,0.47641718
a08,101,1,1,0.64766616
a08,102,0,0,0.2698173
a08,103,0,0,0.23274884
a08,104,0,0,0.33574194
a08,105,1,0,0.4892533
a08,106,1,0,0.26922858
a08,107,1,0,0.2619514
a08,108,1,1,0.5392491
a08,109,0,0,0.28875166
a08,110,0,0,0.17258519
a08,111,0,0,0.37685356
a08,112,0,0,0.18402916
a08,113,0,0,0.2725028
a08,114,0,0,0.31204796
a08,115,0,0,0.1571919
a08,116,0,0,0.3039021
a08,117,0,0,0.3934563
a08,118,1,1,0.5771778
a08,119,1,1,0.5777494
a08,120,1,1,0.5267619
a08,121,1,1,0.759132
a08,122,1,1,0.5066099
a08,123,1,0,0.4433699
a08,124,1,1,0.6346806
a08,125,1,1,0.63683045
a08,126,1,0,0.09628454
a08,127,0,0,0.47160894
a08,128,0,0,0.16854186
a08,129,1,0,0.3240334
a08,130,0,0,0.18352933
a08,131,1,1,0.50011784
a08,132,1,1,0.5152503
a08,133,1,0,0.30163747
a08,134,0,0,0.3080996
a08,135,1,0,0.49131867
a08,136,1,1,0.5289045
a08,137,1,0,0.18175194
a08,138,1,0,0.4023283
a08,139,1,1,0.6638292
a08,140,1,1,0.5812747
a08,141,1,1,0.71803516
a08,142,1,0,0.09589783
a08,143,1,1,0.68163246
a08,144,1,1,0.5851473
a08,145,1,0,0.27779213
a08,146,1,0,0.3360569
a08,147,1,1,0.5695497
a08,148,1,0,0.39728883
a08,149,1,1,0.68297505
a08,150,1,0,0.25979596
a08,151,1,1,0.64280707
a08,152,1,1,0.5202059
a08,153,1,0,0.48386988
a08,154,1,1,0.61820906
a08,155,1,0,0.31858182
a08,156,1,1,0.52677596
a08,157,1,0,0.45173803
a08,158,1,0,0.40959615
a08,159,0,0,0.093503825
a08,160,0,0,0.29221237
a08,161,1,0,0.4703784
a08,162,1,0,0.42500547
a08,163,1,0,0.19641551
a08,164,0,0,0.15716797
a08,165,0,0,0.17078367
a08,166,1,0,0.40435717
a08,167,1,0,0.116536126
a08,168,1,0,0.17811635
a08,169,1,0,0.31401977
a08,170,1,0,0.21792419
a08,171,0,0,0.14040177
a08,172,0,0,0.16278383
a08,173,0,0,0.29940602
a08,174,0,0,0.105124466
a08,175,0,0,0.17816345
a08,176,0,0,0.13739522
a08,177,0,0,0.10905476
a08,178,0,0,0.15510543
a08,179,0,0,0.12066716
a08,180,0,0,0.14530554
a08,181,0,0,0.111131884
a08,182,0,0,0.12821451
a08,183,0,0,0.082515724
a08,184,0,0,0.1329953
a08,185,1,0,0.25850508
a08,186,1,0,0.19482133
a08,187,0,0,0.09858471
a08,188,0,0,0.29304257
a08,189,1,0,0.25611013
a08,190,0,0,0.13381511
a08,191,0,0,0.18774372
a08,192,0,0,0.09978421
a08,193,0,0,0.11777105
a08,194,0,0,0.12547378
a08,195,0,0,0.12851077
a08,196,0,0,0.14115614
a08,197,0,0,0.087959036
a08,198,0,0,0.1045894
a08,199,0,0,0.19920616
a08,200,0,0,0.115162805
a08,201,0,0,0.14008662
a08,202,0,0,0.18618062
a08,203,0,0,0.14571203
a08,204,0,0,0.10994054
a08,205,0,0,0.08550116
a08,206,0,0,0.141648
a08,207,0,0,0.22014734
a08,208,0,0,0.11466735
a08,209,0,0,0.08217169
a08,210,0,0,0.18316743
a08,211,0,0,0.11767904
a08,212,0,0,0.16441168
a08,213,0,0,0.12171108
a08,214,0,0,0.19732398
a08,215,0,0,0.24474137
a08,216,0,0,0.14037238
a08,217,0,0,0.11152722
a08,218,0,0,0.15386131
a08,219,0,0,0.13352479
a08,220,0,0,0.122177765
a08,221,0,0,0.10625459
a08,222,0,0,0.09323068
a08,223,0,0,0.1571817
a08,224,0,0,0.11905495
a08,225,0,0,0.25748497
a08,226,1,0,0.09486985
a08,227,0,0,0.18620655
a08,228,0,0,0.13022858
a08,229,0,0,0.07913969
a08,230,0,0,0.18131846
a08,231,0,0,0.3677155
a08,232,1,1,0.54298484
a08,233,0,0,0.18125084
a08,234,0,0,0.15786035
a08,235,0,0,0.13736181
a08,236,0,0,0.24690287
a08,237,0,0,0.13885404
a08,238,0,0,0.4072646
a08,239,0,0,0.14869477
a08,240,0,0,0.2784758
a08,241,0,0,0.18023463
a08,242,0,0,0.20816465
a08,243,0,0,0.17570119
a08,244,0,0,0.4137276
a08,245,0,0,0.31520015
a08,246,0,0,0.17441538
a08,247,0,0,0.29041997
a08,248,0,0,0.21027069
a08,249,0,0,0.13323729
a08,250,0,0,0.16004482
a08,251,0,0,0.0919837
a08,252,0,0,0.1083254
a08,253,0,0,0.14374864
a08,254,0,1,0.5420969
a08,255,1,0,0.24780071
a08,256,0,0,0.31458294
a08,257,0,0,0.40247065
a08,258,1,1,0.6140262
a08,259,1,1,0.65887195
a08,260,1,1,0.72075486
a08,261,1,0,0.19946653
a08,262,0,0,0.46835464
a08,263,0,0,0.2857157
a08,264,0,0,0.12057343
a08,265,0,0,0.067648575
a08,266,0,0,0.21811391
a08,267,0,0,0.18235557
a08,268,0,1,0.5303103
a08,269,0,0,0.17216876
a08,270,0,0,0.16563936
a08,271,0,0,0.15313216
a08,272,0,0,0.18357076
a08,273,0,1,0.71695507
a08,274,0,0,0.3165488
a08,275,0,0,0.2116053
a08,276,0,0,0.22115456
a08,277,0,0,0.1134814
a08,278,0,0,0.30380568
a08,279,0,0,0.32392123
a08,280,0,0,0.23710345
a08,281,0,0,0.23042762
a08,282,0,0,0.44226083
a08,283,1,0,0.43717462
a08,284,0,1,0.618746
a08,285,0,0,0.17194356
a08,286,0,0,0.23837373
a08,287,0,0,0.17641816
a08,288,0,0,0.11784559
a08,289,0,0,0.2797178
a08,290,0,0,0.23624901
a08,291,0,0,0.27522513
a08,292,1,0,0.3476799
a08,293,0,0,0.41805783
a08,294,0,0,0.18721364
a08,295,0,0,0.4234799
a08,296,0,0,0.27116436
a08,297,0,0,0.3711702
a08,298,1,1,0.5310977
a08,299,1,1,0.525972
a08,300,1,1,0.6807699
a08,301,1,0,0.3907744
a08,302,1,1,0.5694782
a08,303,1,1,0.52868456
a08,304,1,0,0.38497725
a08,305,1,1,0.53437895
a08,306,1,1,0.73263246
a08,307,1,1,0.6476228
a08,308,0,0,0.2921397
a08,309,0,0,0.1892785
a08,310,0,0,0.42665198
a08,311,0,0,0.18829474
a08,312,0,1,0.5298445
a08,313,0,0,0.19064914
a08,314,0,0,0.45182168
a08,315,0,1,0.68292046
a08,316,0,0,0.44030115
a08,317,0,0,0.27047545
a08,318,0,0,0.44645542
a08,319,0,0,0.16834868
a08,320,0,0,0.19266272
a08,321,0,0,0.22524683
a08,322,0,1,0.5692228
a08,323,0,1,0.6380827
a08,324,0,0,0.27142704
a08,325,0,1,0.7869814
a08,326,0,1,0.67742956
a08,327,1,1,0.72041243
a08,328,1,0,0.28173903
a08,329,0,1,0.80322355
a08,330,1,1,0.87786305
a08,331,1,1,0.82117707
a08,332,1,1,0.82256925
a08,333,1,1,0.71224326
a08,334,1,0,0.30725425
a08,335,1,1,0.56769735
a08,336,1,1,0.83946276
a08,337,1,1,0.9391934
a08,338,1,1,0.92437214
a08,339,1,1,0.6355549
a08,340,1,1,0.88904244
a08,341,1,1,0.7951696
a08,342,1,1,0.91647154
a08,343,1,1,0.869055
a08,344,1,1,0.9587751
a08,345,1,1,0.81260663
a08,346,1,1,0.55219525
a08,347,1,1,0.9591239
a08,348,1,1,0.9001867
a08,349,1,1,0.9192193
a08,350,1,1,0.7380733
a08,351,1,1,0.59017634
a08,352,1,0,0.36180767
a08,353,0,0,0.22917765
a08,354,0,0,0.413752
a08,355,1,0,0.47653583
a08,356,1,1,0.5118022
a08,357,1,1,0.54820144
a08,358,1,1,0.606564
a08,359,1,1,0.6403317
a08,360,1,1,0.83589643
a08,361,1,1,0.682819
a08,362,1,1,0.7582215
a08,363,0,0,0.16812557
a08,364,0,1,0.7194783
a08,365,1,1,0.6266678
a08,366,1,1,0.69734263
a08,367,1,0,0.11570024
a08,368,0,0,0.13084668
a08,369,0,0,0.2448451
a08,370,0,0,0.2941228
a08,371,0,0,0.2641141
a08,372,0,0,0.19890688
a08,373,0,0,0.18335582
a08,374,0,0,0.23862015
a08,375,0,0,0.23660572
a08,376,0,0,0.1950983
a08,377,0,0,0.12212469
a08,378,0,0,0.083323784
a08,379,0,0,0.18315831
a08,380,0,0,0.20010997
a08,381,0,0,0.11677669
a08,382,0,0,0.20269296
a08,383,0,0,0.21630296
a08,384,0,0,0.079443134
a08,385,0,0,0.14342561
a08,386,0,0,0.17217089
a08,387,0,0,0.20235896
a08,388,0,0,0.19273205
a08,389,0,0,0.14931408
a08,390,0,0,0.10718894
a08,391,0,0,0.1699335
a08,392,0,0,0.12699409
a08,393,0,0,0.109126545
a08,394,0,0,0.11753805
a08,395,0,0,0.15255938
a08,396,0,0,0.16727442
a08,397,0,0,0.12576114
a08,398,0,0,0.18955387
a08,399,0,0,0.18308277
a08,400,0,0,0.26489052
a08,401,1,0,0.3584123
a08,402,1,1,0.6057558
a08,403,1,0,0.22412232
a08,404,1,1,0.5517163
a08,405,1,1,0.522274
a08,406,1,1,0.7504852
a08,407,1,1,0.64424044
a08,408,1,1,0.62295806
a08,409,1,1,0.50998807
a08,410,1,0,0.43708
a08,411,1,0,0.45371363
a08,412,1,1,0.6957689
a08,413,1,0,0.47060493
a08,414,1,1,0.6371486
a08,415,1,1,0.8082602
a08,416,1,1,0.55951583
a08,417,1,1,0.6247746
a08,418,1,1,0.71941954
a08,419,1,1,0.53416854
a08,420,1,1,0.6857584
a08,421,1,1,0.79476386
a08,422,1,1,0.80295485
a08,423,1,1,0.73747027
a08,424,1,1,0.7424641
a08,425,1,1,0.6444577
a08,426,1,0,0.40463915
a08,427,1,0,0.17624617
a08,428,0,1,0.55166614
a08,429,1,0,0.30504155
a08,430,0,0,0.19634727
a08,431,0,0,0.10169943
a08,432,0,0,0.16257569
a08,433,0,0,0.13679974
a08,434,0,0,0.13964677
a08,435,0,0,0.12895662
a08,436,0,0,0.10611841
a08,437,0,0,0.10967765
a08,438,0,0,0.115115926
a08,439,0,0,0.12740889
a08,440,0,0,0.1491932
a08,441,0,0,0.14855576
a08,442,0,0,0.119862355
a08,443,0,0,0.10081623
a08,444,0,0,0.114932366
a08,445,0,0,0.0904772
a08,446,0,0,0.13904715
a08,447,0,0,0.113825575
a08,448,0,0,0.09999734
a08,449,0,0,0.124423966
a08,450,0,0,0.12930587
a08,451,0,0,0.17188631
a08,452,0,0,0.111664355
a08,453,0,0,0.11770047
a08,454,0,1,0.60670877
a08,455,0,1,0.85810834
a08,456,1,1,0.8244034
a08,457,1,1,0.83126056
a08,458,1,1,0.9787644
a08,459,1,0,0.37731975
a08,460,1,1,0.97646356
a08,461,1,1,0.65856093
a08,462,1,1,0.94208074
a08,463,1,1,0.9254206
a08,464,1,1,0.81325006
a08,465,1,1,0.8539967
a08,466,1,1,0.82938194
a08,467,1,1,0.6854022
a08,468,1,1,0.9496513
a08,469,1,1,0.8376155
a08,470,1,1,0.93412906
a08,471,1,1,0.87740713
a08,472,1,1,0.74190235
a08,473,1,1,0.7243294
a08,474,1,1,0.728613
a08,475,1,1,0.80707085
a08,476,1,0,0.4739328
a08,477,1,0,0.47482178
a08,478,1,1,0.7745582
a08,479,1,0,0.39753443
a08,480,1,1,0.70839363
a08,481,1,0,0.4963839
a08,482,0,0,0.43587247
a08,483,0,0,0.2560608
a08,484,0,0,0.41016904
a08,485,0,0,0.3468785
a08,486,0,1,0.5707171
a08,487,0,0,0.25137874
a08,488,0,0,0.47350442
a08,489,0,0,0.12526983
a08,490,0,0,0.1247939
a08,491,0,0,0.4418305
a08,492,0,0,0.23679797
a08,493,0,0,0.28548405
a08,494,0,1,0.5972669
a08,495,0,0,0.29300725
a08,496,0,0,0.14014116
a08,497,0,0,0.4578348
a08,498,0,1,0.689632
a08,499,0,0,0.32010204
a08,500,0,0,0.08896941
a09,1,0,1,0.5834859
a09,2,0,1,0.92910004
a09,3,0,1,0.96754843
a09,4,0,0,0.0902964
a09,5,0,0,0.169939
a09,6,0,0,0.21097697
a09,7,0,1,0.7643036
a09,8,0,1,0.63499105
a09,9,0,0,0.18925391
a09,10,1,1,0.5941821
a09,11,1,1,0.8002966
a09,12,1,1,0.78407276
a09,13,1,1,0.88916045
a09,14,1,1,0.85017484
a09,15,0,1,0.91678685
a09,16,0,1,0.8776439
a09,17,1,1,0.655429
a09,18,1,1,0.901968
a09,19,1,1,0.94334143
a09,20,1,1,0.94652075
a09,21,1,1,0.9460199
a09,22,1,1,0.95290244
a09,23,1,1,0.96887857
a09,24,1,1,0.96097076
a09,25,0,1,0.90063864
a09,26,0,1,0.92577404
a09,27,0,1,0.9309719
a09,28,0,1,0.8350518
a09,29,0,1,0.9540174
a09,30,0,1,0.6515248
a09,31,0,1,0.7349451
a09,32,0,1,0.9353063
a09,33,0,1,0.77016574
a09,34,1,1,0.8844202
a09,35,1,1,0.8635281
a09,36,1,1,0.93681186
a09,37,1,1,0.8794073
a09,38,1,1,0.8911851
a09,39,1,1,0.9159599
a09,40,1,1,0.9146874
a09,41,1,1,0.94520754
a09,42,1,1,0.91865057
a09,43,1,1,0.91660607
a09,44,1,1,0.7274136
a09,45,1,1,0.9480784
a09,46,1,1,0.91813385
a09,47,1,1,0.8733456
a09,48,1,1,0.9741508
a09,49,1,1,0.88713974
a09,50,1,1,0.9572527
a09,51,1,1,0.85744417
a09,52,1,1,0.8560849
a09,53,1,1,0.9593915
a09,54,1,1,0.9036254
a09,55,1,1,0.95925474
a09,56,1,1,0.94164914
a09,57,1,1,0.938968
a09,58,0,1,0.94911
a09,59,0,1,0.8874876
a09,60,1,1,0.9568266
a09,61,1,1,0.95357525
a09,62,1,1,0.90722513
a09,63,1,1,0.93408453
a09,64,1,1,0.93590736
a09,65,1,1,0.8520033
a09,66,1,1,0.7523356
a09,67,1,1,0.95238304
a09,68,1,1,0.89500517
a09,69,1,1,0.844053
a09,70,1,1,0.859961
a09,71,1,1,0.83712894
a09,72,1,1,0.8131268
a09,73,1,1,0.94435924
a09,74,1,1,0.8929243
a09,75,1,1,0.9252455
a09,76,1,1,0.96636117
a09,77,1,1,0.94050294
a09,78,1,1,0.9395253
a09,79,1,1,0.76341194
a09,80,1,1,0.9437135
a09,81,1,1,0.9062032
a09,82,1,1,0.9639603
a09,83,1,1,0.9233864
a09,84,1,1,0.95689255
a09,85,1,1,0.8517106
a09,86,1,1,0.9664542
a09,87,1,1,0.97175467
a09,88,1,1,0.9522822
a09,89,1,1,0.95951843
a09,90,1,1,0.942976
a09,91,1,1,0.92739
a09,92,1,1,0.9681874
a09,93,1,1,0.62711895
a09,94,1,1,0.96601784
a09,95,1,1,0.8568474
a09,96,1,1,0.9187885
a09,97,1,1,0.93767744
a09,98,1,1,0.865681
a09,99,1,1,0.94913954
a09,100,1,1,0.9622225
a09,101,1,1,0.9054384
a09,102,1,1,0.83670145
a09,103,1,1,0.9576841
a09,104,1,1,0.89430857
a09,105,1,1,0.9257576
a09,106,1,1,0.97601026
a09,107,1,1,0.944488
a09,108,1,1,0.95681036
a09,109,1,1,0.954163
a09,110,1,1,0.9487961
a09,111,1,1,0.956397
a09,112,1,1,0.93908983
a09,113,1,1,0.95983803
a09,114,1,1,0.89147294
a09,115,1,1,0.9619929
a09,116,1,1,0.95318925
a09,117,1,1,0.955007
a09,118,1,1,0.9131202
a09,119,1,1,0.9176339
a09,120,0,1,0.88000315
a09,121,0,1,0.8829525
a09,122,1,1,0.9410938
a09,123,1,1,0.95504844
a09,124,1,1,0.8232172
a09,125,1,1,0.9765841
a09,126,0,1,0.8525821
a09,127,0,1,0.9650353
a09,128,0,1,0.7644592
a09,129,0,1,0.8929443
a09,130,0,1,0.8145976
a09,131,1,1,0.923404
a09,132,1,1,0.85927486
a09,133,1,1,0.95061296
a09,134,1,1,0.94468474
a09,135,1,1,0.9315088
a09,136,1,1,0.972819
a09,137,1,1,0.900344
a09,138,1,1,0.9872192
a09,139,1,1,0.9443504
a09,140,1,1,0.8118029
a09,141,1,1,0.9652954
a09,142,1,1,0.8502597
a09,143,1,1,0.9418294
a09,144,1,1,0.9485162
a09,145,1,1,0.9323619
a09,146,1,1,0.9724451
a09,147,1,1,0.9206614
a09,148,1,1,0.9524521
a09,149,1,1,0.9183692
a09,150,1,1,0.9633938
a09,151,1,1,0.90637535
a09,152,1,1,0.9359214
a09,153,1,1,0.86858463
a09,154,1,1,0.971411
a09,155,1,1,0.94643456
a09,156,1,1,0.96569043
a09,157,1,1,0.91779613
a09,158,1,1,0.80726385
a09,159,1,1,0.9809325
a09,160,1,1,0.946738
a09,161,1,1,0.91006404
a09,162,1,1,0.97916424
a09,163,1,1,0.96468204
a09,164,1,1,0.8090171
a09,165,1,1,0.9794134
a09,166,1,1,0.9485005
a09,167,1,1,0.9443029
a09,168,1,1,0.92309326
a09,169,1,1,0.96701884
a09,170,1,1,0.9567032
a09,171,1,1,0.94129056
a09,172,1,1,0.9868846
a09,173,1,1,0.9369991
a09,174,1,1,0.6362648
a09,175,1,1,0.683024
a09,176,1,1,0.92746073
a09,177,1,1,0.9102559
a09,178,1,0,0.3451647
a09,179,1,1,0.815203
a09,180,1,1,0.9291467
a09,181,1,1,0.8541107
a09,182,1,1,0.8901823
a09,183,1,1,0.96534693
a09,184,1,1,0.7583892
a09,185,1,1,0.80160356
a09,186,1,1,0.92265993
a09,187,1,1,0.9795064
a09,188,1,1,0.6513461
a09,189,1,1,0.899645
a09,190,1,1,0.88765156
a09,191,1,1,0.8767312
a09,192,1,1,0.7308054
a09,193,1,1,0.91005486
a09,194,1,1,0.9373867
a09,195,1,1,0.93318653
a09,196,1,1,0.9244832
a09,197,1,0,0.4324744
a09,198,1,1,0.7047539
a09,199,1,1,0.7926048
a09,200,1,0,0.47910926
a09,201,1,1,0.8712214
a09,202,1,1,0.78421485
a09,203,1,1,0.91920036
a09,204,1,1,0.82959104
a09,205,1,1,0.7622717
a09,206,1,1,0.6363262
a09,207,0,1,0.6917252
a09,208,0,1,0.95373636
a09,209,0,0,0.47948888
a09,210,0,1,0.507882
a09,211,0,1,0.74657214
a09,212,0,1,0.5571374
a09,213,0,1,0.50321096
a09,214,0,1,0.6018565
a09,215,0,1,0.67352945
a09,216,0,1,0.9138399
a09,217,0,0,0.44011682
a09,218,0,1,0.5177601
a09,219,0,1,0.5587579
a09,220,0,1,0.6894516
a09,221,0,0,0.4158655
a09,222,0,0,0.28823614
a09,223,0,1,0.6304381
a09,224,0,1,0.5613773
a09,225,0,1,0.6309466
a09,226,0,0,0.4430822
a09,227,0,1,0.64540255
a09,228,0,0,0.38530573
a09,229,0,1,0.9171105
a09,230,0,1,0.854509
a09,231,0,1,0.7519215
a09,232,0,1,0.6128704
a09,233,0,1,0.50786966
a09,234,0,0,0.43680683
a09,235,0,1,0.59508127
a09,236,0,1,0.9148533
a09,237,0,1,0.53311193
a09,238,1,0,0.40311745
a09,239,1,1,0.7303817
a09,240,1,1,0.9313496
a09,241,1,1,0.89125556
a09,242,0,1,0.96749777
a09,243,0,1,0.911712
a09,244,1,1,0.9230161
a09,245,1,1,0.9104866
a09,246,1,1,0.97360307
a09,247,0,1,0.9462874
a09,248,0,1,0.859131
a09,249,0,1,0.6144088
a09,250,1,1,0.9708775
a09,251,1,1,0.97206074
a09,252,1,1,0.98243344
a09,253,1,1,0.95662016
a09,254,0,1,0.97230804
a09,255,0,1,0.8569772
a09,256,0,1,0.5820613
a09,257,0,1,0.90472925
a09,258,0,1,0.95817244
a09,259,0,1,0.9320957
a09,260,0,1,0.69265366
a09,261,0,0,0.45754135
a09,262,1,1,0.67501235
a09,263,1,1,0.82640636
a09,264,1,1,0.97760993
a09,265,0,1,0.855559
a09,266,0,1,0.6941587
a09,267,0,1,0.6862123
a09,268,0,1,0.75256777
a09,269,1,1,0.9059685
a09,270,0,1,0.882541
a09,271,0,1,0.717073
a09,272,0,1,0.6334552
a09,273,0,1,0.91342086
a09,274,0,1,0.8004241
a09,275,0,1,0.7786091
a09,276,0,1,0.74166673
a09,277,0,0,0.3576107
a09,278,1,1,0.86436903
a09,279,1,1,0.64133054
a09,280,1,1,0.9685988
a09,281,1,1,0.9627352
a09,282,1,1,0.7718814
a09,283,1,1,0.7123124
a09,284,1,1,0.7190813
a09,285,1,1,0.7264815
a09,286,1,1,0.86050826
a09,287,1,1,0.8904255
a09,288,1,1,0.64817286
a09,289,1,1,0.76324373
a09,290,1,1,0.698716
a09,291,1,1,0.8015644
a09,292,1,1,0.88024414
a09,293,1,1,0.55227566
a09,294,1,1,0.7014318
a09,295,1,1,0.7710245
a09,296,1,1,0.80652595
a09,297,1,1,0.88844734
a09,298,1,1,0.80348545
a09,299,1,1,0.95614976
a09,300,1,1,0.7494007
a09,301,1,1,0.812666
a09,302,1,1,0.9655478
a09,303,1,1,0.8697478
a09,304,1,1,0.81360877
a09,305,1,0,0.4135972
a09,306,1,1,0.7158546
a09,307,1,1,0.9083589
a09,308,1,1,0.8710867
a09,309,1,1,0.63046503
a09,310,1,1,0.7032166
a09,311,1,1,0.86948574
a09,312,1,1,0.81990284
a09,313,1,1,0.79755914
a09,314,1,1,0.702785
a09,315,1,1,0.86483777
a09,316,1,1,0.50678897
a09,317,1,1,0.6531134
a09,318,1,1,0.77866656
a09,319,1,1,0.6777505
a09,320,1,1,0.8100103
a09,321,1,1,0.7462764
a09,322,1,1,0.58141357
a09,323,1,1,0.892622
a09,324,1,1,0.8036517
a09,325,1,1,0.89151424
a09,326,1,1,0.9247762
a09,327,1,1,0.74987966
a09,328,1,1,0.8443489
a09,329,1,1,0.74910015
a09,330,1,1,0.60143495
a09,331,1,1,0.9219907
a09,332,1,1,0.9093908
a09,333,1,1,0.6111834
a09,334,1,1,0.8072776
a09,335,1,1,0.9012523
a09,336,1,1,0.8844339
a09,337,1,1,0.7425185
a09,338,1,1,0.95296675
a09,339,1,1,0.70539343
a09,340,1,1,0.6033139
a09,341,1,1,0.9708457
a09,342,1,1,0.89837164
a09,343,1,0,0.16105303
a09,344,1,1,0.94084555
a09,345,1,1,0.85256225
a09,346,1,1,0.9480876
a09,347,1,1,0.9026435
a09,348,1,1,0.8921309
a09,349,1,0,0.4171101
a09,350,1,1,0.69350415
a09,351,1,0,0.26220813
a09,352,1,1,0.8823163
a09,353,1,1,0.9557156
a09,354,1,1,0.9288515
a09,355,1,1,0.91411275
a09,356,1,1,0.60813916
a09,357,1,1,0.72050375
a09,358,1,1,0.82275206
a09,359,1,0,0.35162798
a09,360,1,1,0.5083979
a09,361,1,1,0.5219002
a09,362,0,1,0.89988333
a09,363,0,1,0.5192731
a09,364,0,1,0.6302318
a09,365,0,0,0.31526935
a09,366,0,1,0.8139526
a09,367,0,0,0.4449774
a09,368,0,0,0.37465873
a09,369,0,0,0.42044687
a09,370,0,0,0.22451976
a09,371,0,1,0.594164
a09,372,0,1,0.6376051
a09,373,0,0,0.44929358
a09,374,0,1,0.96422476
a09,375,0,1,0.66686285
a09,376,0,0,0.36671555
a09,377,0,0,0.4758475
a09,378,0,1,0.548635
a09,379,0,0,0.43544194
a09,380,1,1,0.9439839
a09,381,1,1,0.7120697
a09,382,1,1,0.50207996
a09,383,1,0,0.49006516
a09,384,1,1,0.68299663
a09,385,1,1,0.9393855
a09,386,1,1,0.56180847
a09,387,1,0,0.44132292
a09,388,1,0,0.31379977
a09,389,1,0,0.31033027
a09,390,1,1,0.60961944
a09,391,1,0,0.34101072
a09,392,1,1,0.9553927
a09,393,1,1,0.7160376
a09,394,1,1,0.72524655
a09,395,1,1,0.74983674
a09,396,1,1,0.66669506
a09,397,1,1,0.7383026
a09,398,1,1,0.8888531
a09,399,1,1,0.8279778
a09,400,1,1,0.93737507
a09,401,1,1,0.7871702
a09,402,1,1,0.81467694
a09,403,1,1,0.9730339
a09,404,1,1,0.8869581
a09,405,1,1,0.87365615
a09,406,1,1,0.87065357
a09,407,1,1,0.73982203
a09,408,1,1,0.92231226
a09,409,1,1,0.7339694
a09,410,1,1,0.9315794
a09,411,1,1,0.88490117
a09,412,1,1,0.94022495
a09,413,1,1,0.7181888
a09,414,1,1,0.61794555
a09,415,1,1,0.97011334
a09,416,1,1,0.9139978
a09,417,1,1,0.8095665
a09,418,1,1,0.8076196
a09,419,1,1,0.8529893
a09,420,1,1,0.97296226
a09,421,1,1,0.79257923
a09,422,1,1,0.95678025
a09,423,1,1,0.93849784
a09,424,1,1,0.8851237
a09,425,1,1,0.8697112
a09,426,1,1,0.6064212
a09,427,1,1,0.708264
a09,428,1,1,0.80251354
a09,429,1,1,0.94470465
a09,430,1,1,0.96507925
a09,431,1,1,0.5612444
a09,432,1,1,0.50646794
a09,433,1,1,0.9403104
a09,434,1,1,0.9291998
a09,435,1,1,0.72274154
a09,436,1,1,0.9726369
a09,437,1,0,0.41207305
a09,438,1,1,0.53671926
a09,439,1,1,0.7937861
a09,440,0,1,0.94274944
a09,441,0,1,0.71891576
a09,442,0,1,0.70195335
a09,443,0,1,0.5318419
a09,444,0,0,0.47029233
a09,445,0,1,0.5733033
a09,446,0,1,0.7534743
a09,447,0,0,0.49172512
a09,448,0,1,0.6524465
a09,449,0,1,0.81637037
a09,450,1,0,0.2846127
a09,451,1,1,0.5897182
a09,452,1,1,0.60648894
a09,453,1,1,0.7018758
a09,454,1,1,0.8867555
a09,455,1,1,0.96994835
a09,456,1,1,0.75661737
a09,457,1,1,0.6775757
a09,458,1,1,0.565406
a09,459,1,1,0.81962985
a09,460,1,1,0.8439177
a09,461,1,1,0.8878763
a09,462,1,1,0.62363046
a09,463,1,1,0.9483165
a09,464,1,1,0.9056659
a09,465,1,1,0.9590454
a09,466,1,1,0.9671956
a09,467,1,1,0.8661118
a09,468,1,1,0.8896277
a09,469,1,1,0.91693205
a09,470,1,1,0.9351251
a09,471,1,1,0.9487942
a09,472,1,1,0.9415328
a09,473,1,1,0.9709476
a09,474,1,1,0.9492061
a09,475,1,1,0.9327254
a09,476,1,1,0.7666415
a09,477,1,1,0.77253723
a09,478,1,1,0.9502843
a09,479,1,1,0.91571134
a09,480,1,1,0.7813864
a09,481,1,1,0.84243184
a09,482,1,1,0.93250924
a09,483,1,1,0.96532524
a09,484,1,1,0.9647118
a09,485,1,1,0.93744546
a09,486,1,1,0.86812377
a09,487,1,1,0.9132769
a09,488,1,1,0.8897515
a09,489,1,1,0.8914392
a09,490,1,1,0.9382949
a09,491,1,1,0.7327044
a09,492,1,1,0.6126892
a09,493,1,1,0.6965773
a09,494,1,1,0.5826001
a10,1,0,1,0.5453754
a10,2,0,0,0.4152342
a10,3,0,0,0.1565768
a10,4,0,0,0.23166469
a10,5,0,0,0.39304307
a10,6,0,1,0.87869143
a10,7,0,0,0.44258186
a10,8,0,1,0.7598577
a10,9,0,0,0.20253105
a10,10,0,1,0.84316
a10,11,0,0,0.11524301
a10,12,0,0,0.2671612
a10,13,0,1,0.584106
a10,14,0,0,0.056037635
a10,15,0,0,0.13723572
a10,16,0,1,0.7922146
a10,17,0,1,0.91905636
a10,18,0,1,0.70506316
a10,19,0,1,0.55859095
a10,20,0,1,0.5358881
a10,21,0,1,0.55858827
a10,22,0,1,0.63509077
a10,23,0,0,0.062397745
a10,24,0,0,0.051445637
a10,25,0,0,0.039506234
a10,26,0,0,0.011347518
a10,27,0,0,0.013228652
a10,28,0,0,0.012594095
a10,29,0,0,0.005835682
a10,30,0,1,0.88483274
a10,31,0,1,0.6188061
a10,32,0,0,0.106176786
a10,33,0,0,0.14558986
a10,34,0,0,0.008300971
a10,35,0,1,0.52266634
a10,36,0,0,0.09197046
a10,37,0,0,0.076347806
a10,38,0,0,0.45353746
a10,39,0,0,0.022889169
a10,40,0,0,0.062321816
a10,41,0,0,0.060223788
a10,42,0,0,0.076804414
a10,43,0,0,0.062399074
a10,44,0,0,0.03650225
a10,45,0,0,0.14804718
a10,46,0,0,0.21130525
a10,47,0,0,0.16235211
a10,48,0,1,0.67984587
a10,49,0,0,0.06068731
a10,50,0,0,0.052419484
a10,51,0,0,0.4193322
a10,52,0,0,0.23845325
a10,53,0,0,0.15870742
a10,54,0,0,0.24389493
a10,55,1,0,0.27599445
a10,56,1,0,0.05194541
a10,57,1,0,0.17721596
a10,58,1,1,0.9544049
a10,59,1,0,0.016116403
a10,60,0,0,0.32479718
a10,61,0,1,0.8353596
a10,62,0,1,0.6276033
a10,63,0,1,0.81914574
a10,64,0,1,0.8133664
a10,65,0,1,0.8661601
a10,66,0,1,0.55993307
a10,67,0,0,0.04200403
a10,68,0,0,0.18107447
a10,69,0,0,0.039022233
a10,70,0,0,0.035702076
a10,71,0,0,0.012551342
a10,72,0,0,0.27228013
a10,73,0,0,0.081079945
a10,74,0,0,0.109356776
a10,75,0,0,0.18964793
a10,76,0,0,0.06959681
a10,77,0,0,0.33746338
a10,78,0,0,0.36639914
a10,79,0,1,0.5796052
a10,80,0,0,0.2987482
a10,81,0,1,0.6951322
a10,82,0,1,0.80393356
a10,83,0,1,0.83047897
a10,84,0,1,0.805899
a10,85,0,1,0.6918312
a10,86,0,1,0.78550494
a10,87,0,0,0.20515907
a10,88,0,0,0.31039757
a10,89,0,0,0.44163483
a10,90,0,0,0.10360911
a10,91,0,0,0.25925112
a10,92,0,1,0.55103934
a10,93,0,0,0.2479557
a10,94,0,0,0.24623598
a10,95,0,0,0.3559497
a10,96,0,0,0.35244694
a10,97,0,0,0.18126203
a10,98,0,1,0.74823874
a10,99,0,0,0.42375508
a10,100,0,0,0.024202738
a10,101,0,0,0.17286247
a10,102,0,0,0.211131
a10,103,0,1,0.5788485
a10,104,0,1,0.73257565
a10,105,1,1,0.7843641
a10,106,1,1,0.6083885
a10,107,1,1,0.82560706
a10,108,1,1,0.89450413
a10,109,1,1,0.837971
a10,110,1,1,0.556745
a10,111,1,1,0.8739007
a10,112,1,1,0.80447304
a10,113,1,1,0.8012097
a10,114,1,1,0.9080518
a10,115,1,1,0.8564894
a10,116,1,1,0.68743736
a10,117,1,1,0.79143524
a10,118,1,1,0.8815988
a10,119,1,1,0.8425101
a10,120,1,1,0.76041144
a10,121,1,1,0.8225757
a10,122,1,1,0.7226749
a10,123,1,1,0.8976204
a10,124,1,1,0.82089716
a10,125,1,1,0.5941708
a10,126,1,1,0.54268676
a10,127,1,1,0.8183419
a10,128,1,1,0.8459953
a10,129,1,0,0.09518645
a10,130,0,0,0.05272107
a10,131,0,0,0.04056172
a10,132,0,0,0.08595401
a10,133,0,0,0.074973315
a10,134,0,0,0.12912177
a10,135,0,0,0.09418507
a10,136,0,0,0.067005426
a10,137,0,0,0.035024244
a10,138,0,0,0.06901179
a10,139,0,0,0.039057225
a10,140,0,0,0.0791091
a10,141,0,0,0.033467237
a10,142,0,0,0.030880462
a10,143,0,0,0.118396476
a10,144,1,1,0.8222955
a10,145,0,0,0.44400707
a10,146,0,0,0.30043957
a10,147,0,1,0.69680995
a10,148,0,0,0.055255692
a10,149,0,0,0.14280696
a10,150,0,0,0.16630775
a10,151,0,0,0.46886888
a10,152,0,1,0.5490543
a10,153,0,1,0.87586105
a10,154,0,1,0.84186137
a10,155,0,0,0.24210003
a10,156,0,1,0.79491806
a10,157,0,0,0.06661695
a10,158,0,0,0.33443284
a10,159,0,0,0.397524
a10,160,0,1,0.79970837
a10,161,0,1,0.71458846
a10,162,0,1,0.7445656
a10,163,0,1,0.5914809
a10,164,0,1,0.6098316
a10,165,0,1,0.76287544
a10,166,0,1,0.8480895
a10,167,0,1,0.5995485
a10,168,0,0,0.43088177
a10,169,0,1,0.6047467
a10,170,0,0,0.37338394
a10,171,0,0,0.35913232
a10,172,0,1,0.6200678
a10,173,0,1,0.6830511
a10,174,0,1,0.74917495
a10,175,0,0,0.13428605
a10,176,0,0,0.21767537
a10,177,0,0,0.23811844
a10,178,0,0,0.26304814
a10,179,0,0,0.45731652
a10,180,0,1,0.90122366
a10,181,0,0,0.14932704
a10,182,0,0,0.044037815
a10,183,0,0,0.06594011
a10,184,0,0,0.04366226
a10,185,0,0,0.31883636
a10,186,0,0,0.2776901
a10,187,0,1,0.8450638
a10,188,0,1,0.7553894
a10,189,0,1,0.9139707
a10,190,0,0,0.2271743
a10,191,0,1,0.6160659
a10,192,0,0,0.035968002
a10,193,0,0,0.14954467
a10,194,0,0,0.07254804
a10,195,0,0,0.060667664
a10,196,0,0,0.04841382
a10,197,0,0,0.03367923
a10,198,0,0,0.028051104
a10,199,0,0,0.04024277
a10,200,0,0,0.022793755
a10,201,0,0,0.16315868
a10,202,0,0,0.039202794
a10,203,0,0,0.07547971
a10,204,0,0,0.03544891
a10,205,0,0,0.04519495
a10,206,0,0,0.025888138
a10,207,0,0,0.051277522
a10,208,0,0,0.04164107
a10,209,0,0,0.037451003
a10,210,0,0,0.021422278
a10,211,0,0,0.055603463
a10,212,0,0,0.051918227
a10,213,0,0,0.0844356
a10,214,0,0,0.09213476
a10,215,0,0,0.05863162
a10,216,0,0,0.288399
a10,217,0,0,0.4432627
a10,218,1,0,0.33950144
a10,219,1,0,0.27584496
a10,220,0,1,0.69307774
a10,221,1,0,0.14077716
a10,222,0,1,0.7712545
a10,223,0,0,0.21940766
a10,224,0,1,0.824827
a10,225,1,1,0.78650784
a10,226,1,0,0.07306482
a10,227,0,0,0.3193267
a10,228,0,0,0.060187865
a10,229,0,1,0.71024
a10,230,0,0,0.23862809
a10,231,0,1,0.5792955
a10,232,1,0,0.3472333
a10,233,1,1,0.7581652
a10,234,1,0,0.48945034
a10,235,1,0,0.12543042
a10,236,1,1,0.85749036
a10,237,1,0,0.15826261
a10,238,1,0,0.4810977
a10,239,0,1,0.97314304
a10,240,0,1,0.9116225
a10,241,0,1,0.8599795
a10,242,0,0,0.07997095
a10,243,0,0,0.05427431
a10,244,0,0,0.02627263
a10,245,0,0,0.39247477
a10,246,0,0,0.23512486
a10,247,0,0,0.37382102
a10,248,0,1,0.82395303
a10,249,0,0,0.41204345
a10,250,0,0,0.4876787
a10,251,0,0,0.32287684
a10,252,0,0,0.39822468
a10,253,0,0,0.09911698
a10,254,0,1,0.54192173
a10,255,0,0,0.19785109
a10,256,0,1,0.8795763
a10,257,0,0,0.16197056
a10,258,0,0,0.20594393
a10,259,0,0,0.17553422
a10,260,0,0,0.43843332
a10,261,0,1,0.72060436
a10,262,0,0,0.089095734
a10,263,0,1,0.94883406
a10,264,1,1,0.6451495
a10,265,0,1,0.8482599
a10,266,0,1,0.59669656
a10,267,0,1,0.9045469
a10,268,0,1,0.88215625
a10,269,0,1,0.90002507
a10,270,0,1,0.95148355
a10,271,0,1,0.9545545
a10,272,0,1,0.61866015
a10,273,0,1,0.6581153
a10,274,1,1,0.5973316
a10,275,1,0,0.107177645
a10,276,0,0,0.22682682
a10,277,0,0,0.16943213
a10,278,0,0,0.3400339
a10,279,0,1,0.50868267
a10,280,0,1,0.57504344
a10,281,0,0,0.3877043
a10,282,0,1,0.51855177
a10,283,0,1,0.72906005
a10,284,0,0,0.07794689
a10,285,0,0,0.39350596
a10,286,0,1,0.59621507
a10,287,0,1,0.5131942
a10,288,0,1,0.6695457
a10,289,0,1,0.52681476
a10,290,0,1,0.6472135
a10,291,0,1,0.50693405
a10,292,0,0,0.06135662
a10,293,0,0,0.02019139
a10,294,0,0,0.05253327
a10,295,0,0,0.06867766
a10,296,0,0,0.07074181
a10,297,0,0,0.10916692
a10,298,0,0,0.0906384
a10,299,0,0,0.063828215
a10,300,0,0,0.052137885
a10,301,0,0,0.05410832
a10,302,0,0,0.021505898
a10,303,0,0,0.031405047
a10,304,0,0,0.029143533
a10,305,0,0,0.080081895
a10,306,0,0,0.04867285
a10,307,0,0,0.028880501
a10,308,0,0,0.03124741
a10,309,0,0,0.037427057
a10,310,0,0,0.028867766
a10,311,0,0,0.034564283
a10,312,0,0,0.0319032
a10,313,0,0,0.044803433
a10,314,0,0,0.09780991
a10,315,0,0,0.06635391
a10,316,0,0,0.053622227
a10,317,0,0,0.06094016
a10,318,0,0,0.030270211
a10,319,0,0,0.08867339
a10,320,0,0,0.07626791
a10,321,0,0,0.07278473
a10,322,0,1,0.66589403
a10,323,1,1,0.73142284
a10,324,1,0,0.052553743
a10,325,0,0,0.034701012
a10,326,0,0,0.22377436
a10,327,0,0,0.29510513
a10,328,0,0,0.09528676
a10,329,0,0,0.03629932
a10,330,0,0,0.081797995
a10,331,0,0,0.34310925
a10,332,0,1,0.5423203
a10,333,0,0,0.45578054
a10,334,0,0,0.123462684
a10,335,0,0,0.17153512
a10,336,0,0,0.3685749
a10,337,0,1,0.6266377
a10,338,0,0,0.47504678
a10,339,0,1,0.55873704
a10,340,0,1,0.59529024
a10,341,0,1,0.659779
a10,342,0,1,0.58269244
a10,343,0,1,0.6376447
a10,344,0,0,0.3968701
a10,345,0,0,0.4563701
a10,346,0,0,0.2732587
a10,347,0,0,0.24870081
a10,348,0,0,0.35716188
a10,349,0,1,0.59717816
a10,350,0,1,0.62175405
a10,351,0,1,0.5207025
a10,352,0,1,0.69184864
a10,353,0,1,0.7248791
a10,354,0,0,0.37847468
a10,355,0,1,0.56353253
a10,356,0,0,0.3375455
a10,357,0,1,0.6204891
a10,358,0,1,0.675782
a10,359,0,1,0.71591234
a10,360,0,1,0.7606902
a10,361,0,1,0.7152611
a10,362,1,0,0.023791067
a10,363,1,0,0.17309844
a10,364,1,0,0.065128766
a10,365,1,0,0.034883175
a10,366,1,1,0.7521246
a10,367,1,0,0.4866569
a10,368,0,0,0.20181064
a10,369,0,0,0.20095444
a10,370,1,1,0.53064644
a10,371,1,0,0.1335738
a10,372,0,0,0.08375486
a10,373,0,0,0.45731342
a10,374,0,0,0.047485158
a10,375,0,0,0.1919886
a10,376,0,0,0.108207546
a10,377,0,0,0.35713848
a10,378,0,1,0.83993876
a10,379,0,1,0.67693055
a10,380,0,0,0.10580971
a10,381,0,1,0.54832655
a10,382,0,0,0.109316215
a10,383,0,0,0.018627763
a10,384,0,0,0.18396017
a10,385,0,0,0.10926733
a10,386,0,0,0.34450537
a10,387,0,0,0.15892777
a10,388,0,1,0.7055698
a10,389,0,0,0.35932657
a10,390,0,0,0.12793441
a10,391,0,0,0.1706613
a10,392,0,0,0.22998856
a10,393,0,0,0.47545233
a10,394,0,0,0.27748692
a10,395,0,0,0.04243134
a10,396,0,0,0.37105584
a10,397,0,0,0.30058843
a10,398,1,0,0.39102805
a10,399,1,1,0.5204923
a10,400,1,0,0.05978261
a10,401,0,1,0.5222541
a10,402,0,0,0.02470695
a10,403,0,0,0.05250693
a10,404,0,0,0.25592342
a10,405,0,1,0.61323005
a10,406,0,0,0.4453553
a10,407,0,0,0.4158242
a10,408,0,1,0.60490626
a10,409,0,0,0.091410555
a10,410,0,0,0.3550068
a10,411,0,1,0.61172545
a10,412,0,0,0.060048394
a10,413,0,0,0.2329834
a10,414,1,0,0.18737574
a10,415,1,0,0.49294543
a10,416,1,1,0.9157802
a10,417,1,0,0.39533788
a10,418,1,0,0.36555454
a10,419,1,1,0.9748062
a10,420,1,0,0.30472982
a10,421,0,0,0.19851008
a10,422,0,0,0.058371928
a10,423,0,0,0.049166743
a10,424,0,0,0.018358361
a10,425,0,0,0.04185024
a10,426,0,0,0.124358356
a10,427,0,0,0.3240361
a10,428,0,0,0.3660662
a10,429,0,0,0.11774791
a10,430,0,0,0.11805196
a10,431,0,1,0.5833412
a10,432,0,0,0.16148748
a10,433,0,0,0.40372854
a10,434,0,0,0.21306254
a10,435,0,0,0.13017121
a10,436,0,1,0.7453999
a10,437,0,1,0.57915825
a10,438,0,1,0.97355866
a10,439,0,0,0.039443165
a10,440,0,0,0.019605422
a10,441,0,0,0.09096656
a10,442,0,0,0.08058798
a10,443,0,0,0.08996705
a10,444,0,0,0.071539
a10,445,0,1,0.92486453
a10,446,1,0,0.01919691
a10,447,1,1,0.89833534
a10,448,1,0,0.29101774
a10,449,1,1,0.9342015
a10,450,1,1,0.53931653
a10,451,1,0,0.30258226
a10,452,1,1,0.60602456
a10,453,1,1,0.5195046
a10,454,1,1,0.55989003
a10,455,1,1,0.8809606
a10,456,1,0,0.46361268
a10,457,1,0,0.48231936
a10,458,1,0,0.13063303
a10,459,0,0,0.013558679
a10,460,0,0,0.04371057
a10,461,0,0,0.40402204
a10,462,1,0,0.1003033
a10,463,1,1,0.6676362
a10,464,1,0,0.006086559
a10,465,0,0,0.0858985
a10,466,0,1,0.88840973
a10,467,1,1,0.74148905
a10,468,0,0,0.4075127
a10,469,0,0,0.2828225
a10,470,0,0,0.46563694
a10,471,0,0,0.43653923
a10,472,0,1,0.76169777
a10,473,0,1,0.69107693
a10,474,0,1,0.77163154
a10,475,0,1,0.6080887
a10,476,0,0,0.41365066
a10,477,0,1,0.8527711
a10,478,0,1,0.8041134
a10,479,0,1,0.707369
a10,480,0,1,0.77696306
a10,481,0,1,0.89767265
a10,482,0,1,0.50438243
a10,483,0,1,0.7925415
a10,484,0,1,0.8529519
a10,485,0,0,0.016601458
a10,486,0,0,0.16382487
a10,487,0,0,0.049172666
a10,488,0,0,0.020294538
a10,489,0,0,0.012166485
a10,490,0,0,0.056333076
a10,491,0,0,0.06567002
a10,492,0,0,0.4507215
a10,493,0,0,0.072678246
a10,494,0,1,0.66130936
a10,495,0,0,0.053864233
a10,496,0,0,0.39213404
a10,497,0,0,0.159406
a10,498,0,1,0.7317962
a10,499,0,1,0.744972
a10,500,1,1,0.6269757
a10,501,1,0,0.46384704
a10,502,1,1,0.5548828
a10,503,1,1,0.8421031
a10,504,1,0,0.35967803
a10,505,1,0,0.37487775
a10,506,1,1,0.57421863
a10,507,1,1,0.70856696
a10,508,1,0,0.2880204
a10,509,1,1,0.8435928
a10,510,1,0,0.46827933
a10,511,1,0,0.24274991
a10,512,1,1,0.8290074
a10,513,1,1,0.5152222
a10,514,1,0,0.14370836
a10,515,1,1,0.55908585
a10,516,1,0,0.42096668
a11,1,0,0,0.01665854
a11,2,0,0,0.008345315
a11,3,0,0,0.07726532
a11,4,0,0,0.21427639
a11,5,0,0,0.02390241
a11,6,0,0,0.11208241
a11,7,0,0,0.06818924
a11,8,0,0,0.19831346
a11,9,0,0,0.05354324
a11,10,0,0,0.06573196
a11,11,0,0,0.07347336
a11,12,0,0,0.062131636
a11,13,0,0,0.07625089
a11,14,0,0,0.058355782
a11,15,0,0,0.06413254
a11,16,0,0,0.03336854
a11,17,1,0,0.059174597
a11,18,1,0,0.024930608
a11,19,1,0,0.073851734
a11,20,1,0,0.061543375
a11,21,1,0,0.19554962
a11,22,1,0,0.07862927
a11,23,1,0,0.058993928
a11,24,1,0,0.029339887
a11,25,0,1,0.57239854
a11,26,0,0,0.038117964
a11,27,0,0,0.072701104
a11,28,0,0,0.010076902
a11,29,0,0,0.15625736
a11,30,0,0,0.08559189
a11,31,0,0,0.004999727
a11,32,0,0,0.014540102
a11,33,0,0,0.010136113
a11,34,0,0,0.04106124
a11,35,0,0,0.0031700283
a11,36,0,0,0.005432013
a11,37,0,0,0.004089703
a11,38,0,0,0.019447407
a11,39,0,0,0.009514587
a11,40,0,0,0.003483421
a11,41,0,0,0.02049068
a11,42,0,0,0.003956356
a11,43,0,0,0.0039429865
a11,44,0,0,0.008865076
a11,45,0,0,0.00907864
a11,46,0,0,0.016730836
a11,47,0,0,0.030555371
a11,48,0,0,0.024592375
a11,49,0,0,0.011269224
a11,50,0,0,0.019381212
a11,51,0,0,0.006153424
a11,52,0,0,0.006257561
a11,53,0,0,0.073701054
a11,54,0,0,0.012273241
a11,55,0,0,0.030943243
a11,56,0,0,0.0036690666
a11,57,0,0,0.033413418
a11,58,0,0,0.014335291
a11,59,0,0,0.034638
a11,60,0,0,0.112635314
a11,61,0,0,0.034627765
a11,62,0,0,0.026380938
a11,63,0,0,0.08201349
a11,64,0,0,0.06212941
a11,65,0,0,0.021251343
a11,66,0,0,0.034221686
a11,67,0,0,0.08931988
a11,68,0,0,0.04893078
a11,69,0,0,0.0153333
a11,70,0,0,0.22866125
a11,71,0,0,0.03591024
a11,72,0,0,0.018816536
a11,73,0,0,0.04866103
a11,74,0,0,0.04632665
a11,75,0,0,0.035645705
a11,76,0,0,0.013867012
a11,77,0,0,0.023701638
a11,78,0,0,0.01629971
a11,79,0,0,0.014247056
a11,80,0,0,0.019518098
a11,81,0,0,0.042713698
a11,82,0,0,0.0065248697
a11,83,1,0,0.010018403
a11,84,1,0,0.013805723
a11,85,1,0,0.0056585614
a11,86,1,0,0.009684853
a11,87,1,0,0.023546536
a11,88,1,0,0.0055104312
a11,89,1,0,0.0062425486
a11,90,1,0,0.007025896
a11,91,1,0,0.023360526
a11,92,1,0,0.0053707287
a11,93,1,0,0.007935343
a11,94,0,0,0.114150524
a11,95,0,0,0.017865907
a11,96,0,0,0.014508658
a11,97,0,0,0.019597005
a11,98,0,0,0.042534057
a11,99,0,0,0.37656397
a11,100,1,0,0.09129432
a11,101,1,0,0.27786517
a11,102,1,0,0.08221441
a11,103,1,0,0.02262534
a11,104,1,0,0.14828652
a11,105,1,0,0.053679787
a11,106,1,0,0.08160831
a11,107,1,0,0.12819302
a11,108,1,0,0.34453347
a11,109,1,0,0.24799499
a11,110,1,0,0.079256214
a11,111,1,0,0.265381
a11,112,1,0,0.17893516
a11,113,1,0,0.088125035
a11,114,1,0,0.23600386
a11,115,1,0,0.09384773
a11,116,1,0,0.39189777
a11,117,1,0,0.24037437
a11,118,1,1,0.6232715
a11,119,1,0,0.28309822
a11,120,1,0,0.09926022
a11,121,1,0,0.44697297
a11,122,1,0,0.25749475
a11,123,1,0,0.351058
a11,124,1,0,0.35563743
a11,125,1,0,0.09173722
a11,126,1,1,0.6591674
a11,127,1,1,0.5124696
a11,128,0,0,0.011466964
a11,129,0,0,0.009886752
a11,130,0,0,0.028267829
a11,131,0,0,0.016370675
a11,132,0,1,0.526609
a11,133,0,0,0.013085728
a11,134,0,0,0.012197499
a11,135,0,0,0.013154235
a11,136,0,0,0.0032583538
a11,137,0,0,0.020349257
a11,138,0,0,0.008037175
a11,139,0,0,0.014373612
a11,140,0,0,0.008515396
a11,141,0,0,0.008694953
a11,142,0,0,0.009336011
a11,143,0,0,0.011128439
a11,144,0,0,0.005787516
a11,145,0,0,0.0067325705
a11,146,0,0,0.013854232
a11,147,0,0,0.00223432
a11,148,0,0,0.0053698444
a11,149,0,0,0.0037522325
a11,150,0,0,0.010989404
a11,151,0,0,0.0088138245
a11,152,0,0,0.046331745
a11,153,0,0,0.011540143
a11,154,0,0,0.004749
a11,155,0,0,0.012148847
a11,156,0,0,0.0019139615
a11,157,0,0,0.0034182973
a11,158,0,0,0.0054394198
a11,159,0,0,0.017033417
a11,160,0,0,0.0077510322
a11,161,0,0,0.0045407247
a11,162,0,0,0.013535058
a11,163,0,0,0.00693422
a11,164,0,0,0.003646867
a11,165,0,0,0.006684554
a11,166,0,0,0.003419386
a11,167,0,0,0.004299835
a11,168,0,0,0.01018056
a11,169,0,0,0.05394839
a11,170,0,0,0.007138452
a11,171,0,0,0.0015947744
a11,172,0,0,0.006944571
a11,173,0,0,0.0074663656
a11,174,0,0,0.006418179
a11,175,0,0,0.01043584
a11,176,0,0,0.0038063382
a11,177,0,0,0.0035066695
a11,178,0,0,0.0103298435
a11,179,0,0,0.003937909
a11,180,0,0,0.0036527815
a11,181,0,0,0.001994221
a11,182,0,0,0.0032682803
a11,183,0,0,0.00232299
a11,184,0,0,0.0052519385
a11,185,0,0,0.013368386
a11,186,0,0,0.0022828823
a11,187,0,0,0.0034875546
a11,188,0,0,0.045552876
a11,189,1,0,0.0042280527
a11,190,1,0,0.03566018
a11,191,1,0,0.004707635
a11,192,1,0,0.018006098
a11,193,1,0,0.08082792
a11,194,1,0,0.06674384
a11,195,1,0,0.13449733
a11,196,1,0,0.041732967
a11,197,1,0,0.1455549
a11,198,1,0,0.14126284
a11,199,1,0,0.2829419
a11,200,1,0,0.106965125
a11,201,1,0,0.03853581
a11,202,1,0,0.22027615
a11,203,1,0,0.055914517
a11,204,1,0,0.45671207
a11,205,1,0,0.15498133
a11,206,1,0,0.08997168
a11,207,1,0,0.24962372
a11,208,1,0,0.07229943
a11,209,1,0,0.4841213
a11,210,1,0,0.25237677
a11,211,1,0,0.21716267
a11,212,1,0,0.45482695
a11,213,1,0,0.23738466
a11,214,1,0,0.23057117
a11,215,1,0,0.4142705
a11,216,1,0,0.05862699
a11,217,1,0,0.12884878
a11,218,1,1,0.6996405
a11,219,0,0,0.090288274
a11,220,0,0,0.118494414
a11,221,0,0,0.097407505
a11,222,0,0,0.08883996
a11,223,0,0,0.25367266
a11,224,0,0,0.38979805
a11,225,1,0,0.11635152
a11,226,1,1,0.53605634
a11,227,1,1,0.5075881
a11,228,1,1,0.5926861
a11,229,1,1,0.5907172
a11,230,1,0,0.4107319
a11,231,1,1,0.51192266
a11,232,1,0,0.13548939
a11,233,1,0,0.09162478
a11,234,1,0,0.34811568
a11,235,1,0,0.05261521
a11,236,1,0,0.13927221
a11,237,1,0,0.06278194
a11,238,1,0,0.23433374
a11,239,1,0,0.13700092
a11,240,1,1,0.60765594
a11,241,1,0,0.487599
a11,242,1,0,0.26212212
a11,243,1,0,0.30993542
a11,244,1,0,0.07008713
a11,245,1,0,0.09750099
a11,246,1,0,0.46550497
a11,247,1,0,0.33729768
a11,248,1,1,0.51514935
a11,249,1,1,0.5078536
a11,250,1,0,0.151791
a11,251,1,0,0.44419944
a11,252,1,1,0.60966116
a11,253,1,1,0.50226754
a11,254,1,0,0.444547
a11,255,1,0,0.21645133
a11,256,1,0,0.14295134
a11,257,0,1,0.6125552
a11,258,0,0,0.01867602
a11,259,0,0,0.018178837
a11,260,0,0,0.0063969498
a11,261,0,0,0.011491633
a11,262,0,0,0.008285848
a11,263,0,0,0.018551104
a11,264,0,0,0.0078061256
a11,265,0,0,0.004142953
a11,266,0,0,0.030307101
a11,267,0,0,0.009643202
a11,268,0,0,0.033254955
a11,269,0,0,0.050468028
a11,270,0,0,0.0152087975
a11,271,0,0,0.06041888
a11,272,0,0,0.023694996
a11,273,0,0,0.008305655
a11,274,0,0,0.03233814
a11,275,0,0,0.006411666
a11,276,0,0,0.14246103
a11,277,0,0,0.057994395
a11,278,0,0,0.014217546
a11,279,0,0,0.009628685
a11,280,0,0,0.003528138
a11,281,0,0,0.026411355
a11,282,0,0,0.0099161975
a11,283,0,0,0.0061426116
a11,284,0,0,0.005540393
a11,285,0,0,0.0060987207
a11,286,0,0,0.0044909506
a11,287,0,0,0.004591215
a11,288,0,0,0.009783636
a11,289,0,0,0.008848233
a11,290,0,0,0.0057519563
a11,291,0,0,0.015833586
a11,292,0,0,0.0034688108
a11,293,0,0,0.0045426087
a11,294,0,0,0.010507271
a11,295,0,0,0.0052465606
a11,296,0,0,0.010588293
a11,297,0,0,0.0069096107
a11,298,0,0,0.00947025
a11,299,0,0,0.02060131
a11,300,0,0,0.005193126
a11,301,0,0,0.010793967
a11,302,0,0,0.00434398
a11,303,0,0,0.0041864663
a11,304,0,0,0.0023931523
a11,305,0,0,0.007876104
a11,306,0,0,0.0148605285
a11,307,0,0,0.0020490286
a11,308,0,0,0.0047247196
a11,309,0,0,0.0022176397
a11,310,0,0,0.005658239
a11,311,0,0,0.0036966058
a11,312,0,0,0.041225675
a11,313,0,0,0.0077306833
a11,314,0,0,0.0050066845
a11,315,0,0,0.012364735
a11,316,0,0,0.007939354
a11,317,0,0,0.009335666
a11,318,0,0,0.0036150564
a11,319,0,0,0.01101488
a11,320,0,0,0.0024132207
a11,321,0,0,0.0011018709
a11,322,0,0,0.0032628574
a11,323,0,0,0.011541198
a11,324,0,0,0.010726871
a11,325,0,0,0.0021039215
a11,326,0,0,0.004804654
a11,327,0,0,0.0022341458
a11,328,0,0,0.0019192703
a11,329,0,0,0.002537338
a11,330,0,0,0.002133123
a11,331,0,0,0.0020375988
a11,332,0,0,0.0050788005
a11,333,0,0,0.0028310486
a11,334,0,0,0.00086117425
a11,335,0,0,0.0093802735
a11,336,0,0,0.004188433
a11,337,0,0,0.008149655
a11,338,0,0,0.009586874
a11,339,0,0,0.0018360645
a11,340,0,0,0.001923994
a11,341,0,0,0.16456419
a11,342,0,0,0.019153195
a11,343,0,0,0.01222801
a11,344,0,0,0.018253509
a11,345,1,0,0.0036843156
a11,346,1,0,0.05779416
a11,347,1,0,0.008656228
a11,348,1,0,0.013812716
a11,349,1,0,0.010560569
a11,350,1,0,0.021408683
a11,351,1,0,0.06968812
a11,352,1,0,0.009334423
a11,353,1,0,0.0032152676
a11,354,1,0,0.024791606
a11,355,1,0,0.005802755
a11,356,1,0,0.050707944
a11,357,1,0,0.026264675
a11,358,1,0,0.006191878
a11,359,1,0,0.09114463
a11,360,1,1,0.7298365
a11,361,1,0,0.24386951
a11,362,1,0,0.40632078
a11,363,1,0,0.12548316
a11,364,1,0,0.3155791
a11,365,1,0,0.40273863
a11,366,1,1,0.62836534
a11,367,1,0,0.41614792
a11,368,1,0,0.44109467
a11,369,1,0,0.22501406
a11,370,1,0,0.356363
a11,371,1,0,0.4425869
a11,372,1,1,0.7827623
a11,373,1,0,0.15820393
a11,374,1,0,0.1759331
a11,375,1,1,0.5143783
a11,376,1,0,0.300847
a11,377,1,0,0.406407
a11,378,1,0,0.33103415
a11,379,1,0,0.42671117
a11,380,1,1,0.6253324
a11,381,1,1,0.709845
a11,382,1,1,0.7302132
a11,383,1,0,0.42704105
a11,384,1,0,0.31488734
a11,385,1,0,0.13158704
a11,386,1,0,0.17983738
a11,387,1,1,0.62793833
a11,388,1,0,0.39254624
a11,389,1,1,0.7316185
a11,390,1,0,0.23279907
a11,391,1,1,0.6498811
a11,392,1,0,0.4441211
a11,393,1,1,0.8537628
a11,394,1,1,0.66557044
a11,395,1,0,0.33525443
a11,396,1,0,0.4297073
a11,397,1,0,0.30614075
a11,398,1,1,0.5361953
a11,399,1,0,0.29267302
a11,400,1,1,0.67670214
a11,401,1,0,0.31044802
a11,402,1,0,0.34899235
a11,403,1,1,0.6004835
a11,404,1,1,0.6280735
a11,405,1,0,0.33650813
a11,406,1,0,0.25124183
a11,407,1,1,0.88840216
a11,408,1,1,0.56537795
a11,409,1,0,0.39394242
a11,410,1,0,0.23051247
a11,411,1,0,0.17695783
a11,412,1,0,0.0069708917
a11,413,1,0,0.007543306
a11,414,1,0,0.033770464
a11,415,1,0,0.004507648
a11,416,1,0,0.0027522238
a11,417,1,0,0.08472487
a11,418,0,0,0.030920442
a11,419,0,0,0.02873655
a11,420,0,0,0.0038429268
a11,421,0,0,0.012826708
a11,422,0,0,0.0026143317
a11,423,0,0,0.05309871
a11,424,0,0,0.01117937
a11,425,0,0,0.01690609
a11,426,1,0,0.018308517
a11,427,1,0,0.005661613
a11,428,1,0,0.018070236
a11,429,1,0,0.0061830967
a11,430,1,0,0.004699699
a11,431,1,0,0.030937366
a11,432,1,0,0.0030528507
a11,433,1,0,0.033378147
a11,434,1,0,0.01958754
a11,435,1,0,0.004299629
a11,436,1,0,0.0030411498
a11,437,1,0,0.038129643
a11,438,1,0,0.006091973
a11,439,1,0,0.013757044
a11,440,1,0,0.009566377
a11,441,1,0,0.0028106356
a11,442,1,0,0.0069363615
a11,443,1,0,0.0044007
a11,444,1,0,0.0060258578
a11,445,1,0,0.004391523
a11,446,1,0,0.013346537
a11,447,1,0,0.0050394596
a11,448,1,0,0.0062895864
a11,449,1,0,0.009785863
a11,450,1,0,0.03965102
a11,451,1,0,0.0031758707
a11,452,1,0,0.010563334
a11,453,1,0,0.13458554
a11,454,1,0,0.0043546576
a11,455,1,0,0.0036573869
a11,456,1,0,0.0026787657
a11,457,1,0,0.008371808
a11,458,1,0,0.0064119967
a11,459,1,0,0.041175738
a11,460,1,0,0.009775564
a11,461,1,0,0.0074181943
a11,462,1,0,0.007891186
a11,463,1,0,0.018791802
a11,464,1,0,0.042053927
a11,465,1,0,0.3936577
a12,1,0,1,0.84706366
a12,2,0,1,0.8786745
a12,3,0,1,0.6202048
a12,4,0,0,0.19497788
a12,5,0,1,0.8221211
a12,6,0,1,0.8208987
a12,7,0,1,0.8455735
a12,8,0,1,0.8330171
a12,9,0,1,0.81462055
a12,10,0,1,0.83167547
a12,11,0,1,0.683965
a12,12,0,1,0.6192775
a12,13,0,1,0.6510709
a12,14,0,1,0.8248623
a12,15,0,1,0.8384051
a12,16,0,1,0.816366
a12,17,0,1,0.7774369
a12,18,0,1,0.82543314
a12,19,1,1,0.7491078
a12,20,1,1,0.70029855
a12,21,1,1,0.746414
a12,22,1,1,0.732798
a12,23,1,1,0.76186436
a12,24,1,1,0.720996
a12,25,1,1,0.7665506
a12,26,1,1,0.6985469
a12,27,1,0,0.48045897
a12,28,1,1,0.70339507
a12,29,1,1,0.7874448
a12,30,1,1,0.6328487
a12,31,1,1,0.70965415
a12,32,1,1,0.66051847
a12,33,1,1,0.7504222
a12,34,1,1,0.61526287
a12,35,1,1,0.67617595
a12,36,1,1,0.76283985
a12,37,1,0,0.46287277
a12,38,1,1,0.7448419
a12,39,1,1,0.8186829
a12,40,1,1,0.5785566
a12,41,1,0,0.22107808
a12,42,1,1,0.5336796
a12,43,1,0,0.47989133
a12,44,1,1,0.5376704
a12,45,1,1,0.52773136
a12,46,1,1,0.6142686
a12,47,1,1,0.5027492
a12,48,1,1,0.62993234
a12,49,1,1,0.70914024
a12,50,1,1,0.5913219
a12,51,1,1,0.69164795
a12,52,1,1,0.66173553
a12,53,1,1,0.8590571
a12,54,1,1,0.5093274
a12,55,1,1,0.79412794
a12,56,1,1,0.6858747
a12,57,1,0,0.4067252
a12,58,1,0,0.22202615
a12,59,1,1,0.7415103
a12,60,1,1,0.5395538
a12,61,1,1,0.51338637
a12,62,1,1,0.7723071
a12,63,1,1,0.7432884
a12,64,1,1,0.87373996
a12,65,1,1,0.77967346
a12,66,1,1,0.65403724
a12,67,1,1,0.6455321
a12,68,1,1,0.8285215
a12,69,1,1,0.7544369
a12,70,1,1,0.6539272
a12,71,1,1,0.8592703
a12,72,1,1,0.5376739
a12,73,1,1,0.85469025
a12,74,1,1,0.8482978
a12,75,1,1,0.73877364
a12,76,1,0,0.30554718
a12,77,1,1,0.79340357
a12,78,1,1,0.8863988
a12,79,1,0,0.49533784
a12,80,1,1,0.8615359
a12,81,1,1,0.83282316
a12,82,1,1,0.8287961
a12,83,1,1,0.8019587
a12,84,1,1,0.69115615
a12,85,1,1,0.7267251
a12,86,1,1,0.72869825
a12,87,1,1,0.83321905
a12,88,1,1,0.6678071
a12,89,1,1,0.61881286
a12,90,1,1,0.76069576
a12,91,1,1,0.8468876
a12,92,1,1,0.74966085
a12,93,1,1,0.7314711
a12,94,1,1,0.56792486
a12,95,1,1,0.741764
a12,96,1,1,0.6744562
a12,97,1,1,0.58625257
a12,98,1,1,0.8884023
a12,99,1,1,0.802796
a12,100,1,1,0.68778867
a12,101,1,1,0.8589195
a12,102,1,1,0.7674093
a12,103,1,1,0.5203377
a12,104,1,1,0.83898723
a12,105,1,1,0.8402935
a12,106,1,1,0.90430003
a12,107,1,1,0.8789626
a12,108,1,1,0.8317995
a12,109,1,1,0.8639008
a12,110,1,1,0.68380296
a12,111,1,1,0.76024675
a12,112,1,1,0.8070983
a12,113,1,1,0.71416056
a12,114,1,1,0.51597697
a12,115,1,1,0.6045087
a12,116,1,1,0.8070009
a12,117,1,1,0.7042145
a12,118,1,1,0.72506547
a12,119,1,0,0.25075912
a12,120,1,1,0.8530522
a12,121,1,1,0.56638485
a12,122,1,1,0.6493059
a12,123,1,1,0.7090098
a12,124,1,1,0.7366759
a12,125,1,1,0.7125721
a12,126,1,1,0.6525137
a12,127,1,0,0.47281328
a12,128,1,1,0.6212247
a12,129,1,0,0.0777474
a12,130,1,0,0.40260518
a12,131,1,0,0.18934906
a12,132,1,1,0.7911154
a12,133,1,0,0.41425446
a12,134,1,1,0.8734785
a12,135,1,1,0.73734593
a12,136,1,1,0.7167321
a12,137,1,1,0.6124142
a12,138,1,1,0.76116884
a12,139,1,1,0.71848875
a12,140,1,1,0.675994
a12,141,1,1,0.80995756
a12,142,1,1,0.8729098
a12,143,1,1,0.88378704
a12,144,1,1,0.8438911
a12,145,1,1,0.78522426
a12,146,1,1,0.85437256
a12,147,1,1,0.87733805
a12,148,1,1,0.8986202
a12,149,1,1,0.8662217
a12,150,1,1,0.8298409
a12,151,1,1,0.65180063
a12,152,1,0,0.3724824
a12,153,1,0,0.20261455
a12,154,1,0,0.41808683
a12,155,1,1,0.6802062
a12,156,1,1,0.5815316
a12,157,1,1,0.8736067
a12,158,1,1,0.7888822
a12,159,1,1,0.77746415
a12,160,1,1,0.6369058
a12,161,1,1,0.54555386
a12,162,1,1,0.5014592
a12,163,1,1,0.83030885
a12,164,1,1,0.8872361
a12,165,1,1,0.8325246
a12,166,1,1,0.6813875
a12,167,1,1,0.6189715
a12,168,1,1,0.7795469
a12,169,1,1,0.7202984
a12,170,1,1,0.78534585
a12,171,1,1,0.8904985
a12,172,1,1,0.85699064
a12,173,1,1,0.78934324
a12,174,1,1,0.71129924
a12,175,1,1,0.674915
a12,176,1,1,0.57998264
a12,177,1,1,0.77824014
a12,178,1,1,0.7855276
a12,179,1,1,0.7999114
a12,180,1,1,0.75185007
a12,181,1,1,0.81306344
a12,182,1,1,0.84092546
a12,183,1,1,0.79462165
a12,184,1,1,0.793776
a12,185,1,1,0.7802983
a12,186,1,1,0.55708784
a12,187,1,1,0.82417846
a12,188,1,1,0.5583785
a12,189,1,1,0.5855399
a12,190,1,1,0.6644979
a12,191,1,1,0.73141223
a12,192,1,1,0.8273759
a12,193,1,1,0.8612853
a12,194,1,1,0.77679956
a12,195,1,1,0.7701755
a12,196,1,1,0.57188004
a12,197,1,1,0.6552592
a12,198,1,1,0.80995405
a12,199,1,1,0.60342264
a12,200,1,1,0.68266624
a12,201,1,0,0.24974634
a12,202,1,1,0.81890464
a12,203,1,1,0.59783226
a12,204,1,1,0.8176641
a12,205,1,1,0.7332248
a12,206,1,1,0.7905468
a12,207,1,1,0.82911277
a12,208,1,1,0.8528125
a12,209,1,1,0.7607117
a12,210,1,1,0.81733245
a12,211,1,1,0.864972
a12,212,1,1,0.8766746
a12,213,1,1,0.91805196
a12,214,1,1,0.79046607
a12,215,0,1,0.8230221
a12,216,0,1,0.5793703
a12,217,0,0,0.38465956
a12,218,0,1,0.7810404
a12,219,0,1,0.7283831
a12,220,0,1,0.8717118
a12,221,0,1,0.60041404
a12,222,0,1,0.6696891
a12,223,1,1,0.7736192
a12,224,1,1,0.8412483
a12,225,1,1,0.8580341
a12,226,1,1,0.8901862
a12,227,1,1,0.82766724
a12,228,1,1,0.8249273
a12,229,1,1,0.5955151
a12,230,1,1,0.5327209
a12,231,1,1,0.5795249
a12,232,1,1,0.5741946
a12,233,1,1,0.69370955
a12,234,1,1,0.63630116
a12,235,1,1,0.6469501
a12,236,1,1,0.7185869
a12,237,1,1,0.51078314
a12,238,1,1,0.61891425
a12,239,1,0,0.42990503
a12,240,1,1,0.51839525
a12,241,1,0,0.47602415
a12,242,1,0,0.38856253
a12,243,1,0,0.42940778
a12,244,1,0,0.33610344
a12,245,1,1,0.58208454
a12,246,1,1,0.6372097
a12,247,1,0,0.38992646
a12,248,1,1,0.7785739
a12,249,1,0,0.31615442
a12,250,1,0,0.17589357
a12,251,1,1,0.5422028
a12,252,1,1,0.60465986
a12,253,1,0,0.31455958
a12,254,1,0,0.37795654
a12,255,1,0,0.38868287
a12,256,1,1,0.5439806
a12,257,1,1,0.5965501
a12,258,1,1,0.5889636
a12,259,1,1,0.5076251
a12,260,1,1,0.5236623
a12,261,1,0,0.3708026
a12,262,1,1,0.5481338
a12,263,1,1,0.58412176
a12,264,1,0,0.41078594
a12,265,1,1,0.57504916
a12,266,1,1,0.633029
a12,267,1,1,0.6339293
a12,268,1,0,0.25299868
a12,269,1,0,0.4251437
a12,270,1,1,0.63337964
a12,271,1,1,0.53410566
a12,272,1,1,0.5059293
a12,273,1,1,0.5387498
a12,274,1,1,0.5866566
a12,275,1,0,0.36471796
a12,276,1,0,0.3452449
a12,277,1,0,0.43133202
a12,278,1,0,0.3695219
a12,279,1,1,0.51243395
a12,280,1,1,0.5763974
a12,281,1,0,0.48403928
a12,282,1,1,0.53213567
a12,283,1,1,0.57857674
a12,284,1,1,0.5470962
a12,285,1,1,0.61090726
a12,286,1,0,0.45191523
a12,287,1,0,0.48713788
a12,288,1,1,0.6241591
a12,289,1,0,0.28108782
a12,290,1,1,0.68159103
a12,291,1,0,0.38732588
a12,292,1,0,0.29325983
a12,293,1,1,0.59260565
a12,294,1,1,0.6611605
a12,295,1,1,0.5407968
a12,296,1,1,0.6640151
a12,297,1,1,0.5675701
a12,298,1,0,0.4750668
a12,299,1,1,0.6063473
a12,300,1,1,0.5237929
a12,301,1,1,0.5450804
a12,302,1,1,0.57305384
a12,303,1,0,0.49469438
a12,304,1,1,0.7031655
a12,305,1,1,0.54200923
a12,306,1,1,0.5512655
a12,307,1,0,0.25661123
a12,308,1,1,0.5695889
a12,309,1,1,0.5229342
a12,310,1,1,0.5692087
a12,311,1,1,0.79798603
a12,312,1,1,0.84941006
a12,313,1,1,0.7690111
a12,314,0,1,0.6952024
a12,315,1,1,0.8099279
a12,316,1,1,0.7152302
a12,317,1,1,0.77729255
a12,318,1,1,0.83432144
a12,319,0,1,0.7923585
a12,320,0,1,0.7506561
a12,321,0,1,0.82328135
a12,322,0,1,0.8635557
a12,323,1,1,0.86161244
a12,324,1,1,0.79169345
a12,325,1,1,0.88200253
a12,326,1,1,0.8810877
a12,327,1,1,0.7328765
a12,328,1,1,0.83797646
a12,329,1,1,0.7059823
a12,330,1,1,0.86689365
a12,331,1,1,0.86878836
a12,332,1,1,0.7711638
a12,333,1,1,0.8564676
a12,334,1,1,0.6131524
a12,335,1,1,0.8050543
a12,336,1,1,0.85317737
a12,337,1,1,0.84323823
a12,338,1,1,0.68082446
a12,339,1,1,0.64135724
a12,340,1,1,0.7253302
a12,341,1,1,0.5640762
a12,342,1,1,0.83355033
a12,343,1,1,0.7623642
a12,344,1,1,0.8815571
a12,345,1,1,0.813076
a12,346,1,1,0.80785525
a12,347,1,1,0.83409345
a12,348,1,1,0.8446329
a12,349,1,1,0.8429277
a12,350,1,1,0.76853395
a12,351,1,1,0.78123045
a12,352,1,1,0.92293674
a12,353,1,1,0.69957584
a12,354,1,1,0.7099465
a12,355,1,1,0.66816163
a12,356,1,1,0.5573983
a12,357,1,1,0.79054254
a12,358,1,1,0.8731144
a12,359,1,1,0.6533559
a12,360,1,1,0.8744071
a12,361,1,1,0.8429167
a12,362,1,1,0.85197246
a12,363,1,1,0.7890745
a12,364,1,1,0.82266647
a12,365,1,1,0.84379905
a12,366,1,1,0.7984483
a12,367,1,1,0.80108196
a12,368,1,1,0.8040951
a12,369,1,1,0.7297396
a12,370,1,1,0.7928552
a12,371,1,1,0.86787236
a12,372,1,1,0.6863029
a12,373,1,1,0.611949
a12,374,1,1,0.6302363
a12,375,1,1,0.55155814
a12,376,1,1,0.62176126
a12,377,1,1,0.54415596
a12,378,1,0,0.31476432
a12,379,1,1,0.6662414
a12,380,0,1,0.7696113
a12,381,0,1,0.68332374
a12,382,0,1,0.6465225
a12,383,0,0,0.45297238
a12,384,0,0,0.2567821
a12,385,0,1,0.53842825
a12,386,0,1,0.70238906
a12,387,1,0,0.24819939
a12,388,1,1,0.5517824
a12,389,1,0,0.42846733
a12,390,1,1,0.5591603
a12,391,1,1,0.5337466
a12,392,1,1,0.5102285
a12,393,1,0,0.461794
a12,394,1,0,0.4157142
a12,395,1,0,0.3334165
a12,396,1,0,0.41458818
a12,397,1,0,0.37236086
a12,398,1,1,0.8244916
a12,399,1,1,0.7188228
a12,400,1,1,0.5701101
a12,401,1,1,0.70100176
a12,402,1,0,0.27211264
a12,403,1,1,0.5796311
a12,404,1,1,0.5348445
a12,405,1,1,0.6377822
a12,406,1,0,0.21631144
a12,407,1,1,0.76298153
a12,408,1,1,0.642468
a12,409,1,0,0.22908543
a12,410,1,1,0.5379479
a12,411,1,1,0.59199363
a12,412,1,0,0.29903647
a12,413,1,1,0.5958981
a12,414,1,1,0.84675956
a12,415,1,1,0.5507026
a12,416,1,1,0.62159324
a12,417,1,1,0.8299439
a12,418,1,1,0.6177643
a12,419,1,1,0.7862277
a12,420,1,1,0.66090435
a12,421,1,1,0.6665231
a12,422,1,1,0.56261456
a12,423,1,0,0.44424975
a12,424,1,0,0.27790737
a12,425,1,0,0.31595114
a12,426,1,0,0.3840854
a12,427,1,1,0.57023084
a12,428,1,0,0.4178527
a12,429,1,1,0.5954824
a12,430,1,1,0.5771966
a12,431,1,0,0.46900362
a12,432,1,0,0.15535873
a12,433,1,1,0.6900386
a12,434,1,1,0.6806324
a12,435,1,0,0.2895949
a12,436,1,1,0.50204605
a12,437,1,1,0.54046494
a12,438,1,0,0.19250807
a12,439,1,1,0.5086252
a12,440,1,1,0.52975345
a12,441,1,1,0.7038218
a12,442,1,1,0.5969897
a12,443,1,1,0.6320925
a12,444,1,1,0.65861076
a12,445,1,1,0.81612104
a12,446,1,1,0.82018375
a12,447,1,1,0.7959508
a12,448,1,0,0.48108307
a12,449,1,1,0.7620964
a12,450,1,1,0.75053525
a12,451,1,1,0.5482618
a12,452,1,1,0.6182863
a12,453,1,1,0.83263147
a12,454,1,1,0.7777125
a12,455,1,1,0.70107013
a12,456,1,1,0.6693279
a12,457,1,1,0.79013187
a12,458,1,1,0.5577901
a12,459,1,0,0.41229677
a12,460,1,1,0.80888015
a12,461,1,1,0.7890564
a12,462,1,1,0.89898145
a12,463,1,1,0.75001824
a12,464,1,1,0.8644735
a12,465,1,1,0.6818926
a12,466,1,1,0.88296694
a12,467,1,1,0.8612164
a12,468,1,1,0.86304396
a12,469,1,1,0.71280247
a12,470,1,1,0.8584709
a12,471,1,1,0.7678628
a12,472,1,1,0.8604521
a12,473,1,1,0.75698334
a12,474,1,1,0.7317671
a12,475,1,1,0.7640675
a12,476,1,1,0.6489007
a12,477,1,1,0.76929796
a12,478,0,0,0.21001077
a12,479,0,1,0.84796286
a12,480,1,1,0.7936812
a12,481,1,1,0.84103966
a12,482,1,1,0.7809165
a12,483,1,1,0.70023686
a12,484,1,1,0.7502856
a12,485,1,1,0.7612411
a12,486,0,1,0.6377838
a12,487,0,1,0.7123049
a12,488,1,1,0.7780348
a12,489,1,1,0.82561946
a12,490,1,1,0.82032514
a12,491,1,1,0.8334427
a12,492,1,1,0.8174607
a12,493,1,1,0.82776487
a12,494,1,1,0.8261508
a12,495,1,1,0.85208964
a12,496,1,1,0.68553334
a12,497,1,1,0.8415245
a12,498,1,1,0.8541862
a12,499,1,1,0.833664
a12,500,1,1,0.79921174
a12,501,1,1,0.81184673
a12,502,1,1,0.8670853
a12,503,1,1,0.8319351
a12,504,1,1,0.8140522
a12,505,1,1,0.7107099
a12,506,1,1,0.809301
a12,507,1,1,0.675284
a12,508,1,1,0.8349588
a12,509,1,1,0.7744351
a12,510,1,1,0.7091659
a12,511,1,1,0.8217406
a12,512,1,1,0.8548824
a12,513,1,1,0.80454
a12,514,1,1,0.8427941
a12,515,1,1,0.874731
a12,516,1,1,0.82387906
a12,517,1,1,0.7810921
a12,518,1,1,0.8563303
a12,519,1,1,0.85217386
a12,520,1,1,0.8229481
a12,521,1,1,0.79252815
a12,522,1,1,0.8530692
a12,523,1,1,0.67755914
a12,524,1,1,0.7597175
a12,525,1,1,0.81718266
a12,526,1,1,0.73003304
a12,527,1,1,0.7821749
a12,528,1,1,0.55492306
a12,529,1,1,0.8182442
a12,530,1,1,0.81259215
a12,531,1,0,0.45793855
a12,532,1,1,0.83120763
a12,533,1,0,0.2967978
a12,534,1,1,0.6889741
a12,535,1,1,0.7926996
a12,536,1,1,0.85065573
a12,537,1,1,0.84134185
a12,538,1,1,0.7604343
a12,539,1,1,0.83557934
a12,540,1,1,0.83862144
a12,541,1,1,0.79998034
a12,542,1,1,0.7944561
a12,543,1,1,0.85274965
a12,544,1,1,0.8659917
a12,545,1,1,0.7571263
a12,546,1,1,0.78967315
a12,547,1,1,0.8929211
a12,548,1,1,0.82736415
a12,549,1,1,0.7975682
a12,550,1,1,0.73986584
a12,551,1,1,0.75715786
a12,552,1,1,0.8088072
a12,553,1,1,0.8062521
a12,554,1,1,0.8396548
a12,555,1,1,0.7357993
a12,556,1,1,0.82595396
a12,557,1,1,0.8086586
a12,558,1,1,0.85984427
a12,559,1,1,0.8185602
a12,560,1,1,0.5689275
a12,561,1,1,0.74828196
a12,562,1,1,0.80144423
a12,563,1,1,0.6957519
a12,564,1,1,0.7756994
a12,565,1,1,0.7742525
a12,566,1,1,0.8519223
a12,567,1,1,0.7696626
a12,568,1,1,0.7922759
a12,569,1,1,0.839604
a12,570,1,1,0.8295608
a12,571,1,1,0.8408097
a12,572,1,1,0.6514617
a12,573,1,1,0.82933366
a12,574,1,1,0.8830016
a12,575,1,1,0.7366123
a12,576,1,1,0.8854372
a13,1,0,0,0.09025522
a13,2,0,0,0.0960995
a13,3,0,0,0.043269683
a13,4,0,0,0.1361976
a13,5,0,0,0.008243891
a13,6,0,0,0.014045483
a13,7,0,0,0.042927295
a13,8,0,0,0.01767401
a13,9,0,0,0.043955866
a13,10,0,0,0.033025928
a13,11,0,0,0.03166523
a13,12,0,1,0.7167295
a13,13,0,0,0.12229681
a13,14,0,0,0.35492012
a13,15,0,0,0.060907956
a13,16,0,0,0.15268248
a13,17,0,0,0.014254598
a13,18,0,0,0.07138858
a13,19,0,0,0.057874884
a13,20,0,0,0.03106389
a13,21,0,0,0.06990379
a13,22,0,0,0.0088857645
a13,23,0,0,0.052042954
a13,24,0,0,0.060702946
a13,25,0,0,0.07074696
a13,26,0,0,0.04758154
a13,27,0,0,0.047830794
a13,28,0,0,0.053682316
a13,29,0,0,0.09573531
a13,30,0,0,0.15495655
a13,31,0,0,0.07245377
a13,32,0,0,0.086385734
a13,33,0,0,0.04706109
a13,34,0,0,0.24093343
a13,35,0,0,0.086304486
a13,36,0,0,0.13235052
a13,37,1,0,0.22249195
a13,38,1,0,0.3473745
a13,39,1,0,0.31802294
a13,40,1,1,0.7945199
a13,41,1,1,0.84320956
a13,42,1,1,0.86163235
a13,43,1,1,0.8092335
a13,44,1,1,0.73408484
a13,45,1,0,0.389866
a13,46,1,1,0.67491025
a13,47,1,1,0.6782356
a13,48,1,1,0.8539773
a13,49,1,1,0.88856864
a13,50,1,1,0.86484826
a13,51,1,1,0.93846214
a13,52,1,1,0.71752197
a13,53,1,1,0.8862784
a13,54,1,1,0.5971477
a13,55,1,1,0.53296643
a13,56,1,1,0.6256636
a13,57,1,1,0.7742041
a13,58,1,0,0.45765394
a13,59,1,0,0.47727334
a13,60,1,1,0.6257806
a13,61,1,1,0.7077489
a13,62,1,1,0.55276984
a13,63,1,0,0.15656024
a13,64,1,0,0.44644365
a13,65,1,0,0.43899676
a13,66,0,0,0.46384925
a13,67,0,1,0.51272637
a13,68,0,0,0.18425117
a13,69,0,0,0.2700433
a13,70,1,0,0.21074244
a13,71,1,1,0.578266
a13,72,1,1,0.52751094
a13,73,1,1,0.63751143
a13,74,0,0,0.42259032
a13,75,0,0,0.4644121
a13,76,0,0,0.37295577
a13,77,0,0,0.46364835
a13,78,0,0,0.24387202
a13,79,0,0,0.24906309
a13,80,0,0,0.34625843
a13,81,0,0,0.20275635
a13,82,0,0,0.34560046
a13,83,0,0,0.3541489
a13,84,0,0,0.3164747
a13,85,0,0,0.37962443
a13,86,0,0,0.2723258
a13,87,0,0,0.37021983
a13,88,0,0,0.25599238
a13,89,0,0,0.28034258
a13,90,0,0,0.28053707
a13,91,0,0,0.2609067
a13,92,0,0,0.26385966
a13,93,0,0,0.32942113
a13,94,0,0,0.23745197
a13,95,0,0,0.27561855
a13,96,0,0,0.2638838
a13,97,0,0,0.3298213
a13,98,0,0,0.2024364
a13,99,0,0,0.2705315
a13,100,0,0,0.32654127
a13,101,0,0,0.31321228
a13,102,0,0,0.37175724
a13,103,0,0,0.33245385
a13,104,0,0,0.34546882
a13,105,0,0,0.27600303
a13,106,0,0,0.2923827
a13,107,0,0,0.3621248
a13,108,0,0,0.34705088
a13,109,0,0,0.33072
a13,110,0,0,0.27529466
a13,111,0,0,0.3311624
a13,112,0,0,0.27819696
a13,113,0,0,0.34449428
a13,114,0,1,0.59816396
a13,115,1,1,0.62037665
a13,116,1,1,0.74424845
a13,117,1,0,0.28437272
a13,118,1,1,0.6661667
a13,119,0,1,0.6929553
a13,120,0,1,0.5563074
a13,121,0,0,0.29386857
a13,122,0,0,0.33650857
a13,123,0,0,0.35236686
a13,124,0,0,0.34341946
a13,125,0,0,0.36930937
a13,126,0,0,0.4329947
a13,127,0,0,0.33486912
a13,128,0,0,0.2910564
a13,129,0,0,0.29728663
a13,130,0,0,0.39339575
a13,131,0,0,0.19010927
a13,132,0,0,0.27556607
a13,133,0,0,0.25241184
a13,134,0,0,0.329045
a13,135,0,0,0.3537472
a13,136,0,0,0.38458997
a13,137,0,0,0.23223996
a13,138,0,0,0.25982884
a13,139,0,0,0.45184335
a13,140,0,0,0.39891127
a13,141,0,0,0.2514232
a13,142,0,0,0.3334792
a13,143,0,0,0.3570474
a13,144,0,0,0.3103362
a13,145,0,0,0.27913263
a13,146,0,0,0.47351596
a13,147,0,0,0.35272273
a13,148,0,0,0.3773252
a13,149,0,0,0.09455332
a13,150,0,0,0.2595763
a13,151,1,0,0.29832262
a13,152,1,1,0.91112494
a13,153,1,0,0.2610653
a13,154,1,1,0.6263033
a13,155,1,1,0.80033094
a13,156,0,0,0.12600183
a13,157,0,0,0.06590911
a13,158,0,0,0.028219776
a13,159,0,0,0.07268008
a13,160,0,0,0.01411502
a13,161,0,0,0.06929162
a13,162,0,0,0.10406394
a13,163,0,0,0.009828881
a13,164,0,0,0.061678596
a13,165,1,0,0.059561033
a13,166,0,0,0.014563569
a13,167,0,0,0.044946995
a13,168,1,0,0.05038309
a13,169,0,0,0.12884003
a13,170,0,0,0.029435901
a13,171,0,0,0.24026436
a13,172,1,0,0.09316869
a13,173,0,0,0.13560294
a13,174,0,1,0.60956836
a13,175,1,0,0.25506252
a13,176,1,0,0.32814193
a13,177,1,1,0.51162624
a13,178,1,1,0.61487216
a13,179,1,1,0.8996847
a13,180,1,1,0.8151582
a13,181,1,1,0.95491266
a13,182,1,1,0.88168716
a13,183,1,1,0.9165269
a13,184,1,1,0.7482994
a13,185,1,1,0.8807028
a13,186,1,1,0.79992944
a13,187,1,1,0.637582
a13,188,1,0,0.13303865
a13,189,1,0,0.18583554
a13,190,1,1,0.90394366
a13,191,1,0,0.42980275
a13,192,1,1,0.5823646
a13,193,1,1,0.6573891
a13,194,1,1,0.8592707
a13,195,1,1,0.74335295
a13,196,1,1,0.81106937
a13,197,1,1,0.87900126
a13,198,1,1,0.65969074
a13,199,1,0,0.424023
a13,200,1,1,0.87701625
a13,201,1,0,0.29779568
a13,202,0,0,0.33863884
a13,203,0,1,0.5606064
a13,204,0,1,0.6691708
a13,205,1,1,0.6698944
a13,206,1,1,0.6915534
a13,207,1,1,0.53510886
a13,208,1,1,0.8268871
a13,209,1,1,0.74008983
a13,210,1,1,0.8554068
a13,211,1,1,0.7354058
a13,212,1,1,0.8351893
a13,213,1,1,0.6893184
a13,214,1,1,0.83276093
a13,215,1,0,0.2875401
a13,216,0,0,0.40607208
a13,217,0,1,0.7669948
a13,218,1,1,0.7425241
a13,219,1,1,0.8472661
a13,220,1,1,0.8775071
a13,221,1,1,0.70532304
a13,222,1,1,0.50949335
a13,223,1,1,0.8404043
a13,224,0,0,0.19381331
a13,225,1,0,0.15354116
a13,226,0,0,0.35608122
a13,227,0,0,0.26506865
a13,228,0,0,0.17435905
a13,229,0,0,0.2458506
a13,230,0,1,0.59625304
a13,231,0,0,0.29496184
a13,232,0,0,0.16040319
a13,233,0,0,0.16649133
a13,234,0,0,0.29125595
a13,235,0,0,0.27158394
a13,236,1,0,0.29920572
a13,237,1,0,0.3695961
a13,238,1,1,0.78829527
a13,239,1,1,0.6586014
a13,240,1,0,0.47933358
a13,241,1,0,0.4795018
a13,242,1,0,0.44618747
a13,243,0,0,0.22282171
a13,244,0,0,0.098634474
a13,245,0,0,0.09145871
a13,246,0,0,0.07786858
a13,247,0,0,0.060045045
a13,248,0,0,0.2758974
a13,249,0,0,0.13640478
a13,250,1,1,0.8199615
a13,251,1,0,0.079076685
a13,252,1,1,0.59143245
a13,253,1,1,0.9045669
a13,254,1,1,0.7536945
a13,255,1,1,0.685155
a13,256,1,1,0.79895204
a13,257,1,1,0.67892605
a13,258,1,1,0.743175
a13,259,1,1,0.6380448
a13,260,1,1,0.5259035
a13,261,0,0,0.049968574
a13,262,0,0,0.06765504
a13,263,0,0,0.38086557
a13,264,0,0,0.16142815
a13,265,0,1,0.6741229
a13,266,0,1,0.7698482
a13,267,0,0,0.36220434
a13,268,0,1,0.9234193
a13,269,1,1,0.73187125
a13,270,1,1,0.733824
a13,271,1,1,0.56297386
a13,272,1,1,0.62534475
a13,273,1,1,0.60143507
a13,274,1,1,0.8991034
a13,275,1,1,0.937791
a13,276,1,1,0.849661
a13,277,1,1,0.8683054
a13,278,1,1,0.844996
a13,279,1,1,0.69894385
a13,280,1,1,0.6384122
a13,281,1,0,0.44854164
a13,282,1,0,0.428546
a13,283,1,1,0.6149448
a13,284,1,1,0.96237564
a13,285,1,1,0.62764394
a13,286,1,0,0.28883258
a13,287,1,1,0.68702626
a13,288,1,0,0.116594516
a13,289,0,1,0.7840417
a13,290,1,1,0.5625746
a13,291,1,0,0.33772895
a13,292,1,0,0.16552213
a13,293,1,1,0.53401375
a13,294,1,0,0.3279687
a13,295,1,0,0.30218732
a13,296,1,0,0.22894922
a13,297,0,0,0.0863269
a13,298,0,0,0.049374674
a13,299,0,0,0.0178701
a13,300,0,0,0.058253143
a13,301,0,0,0.04008634
a13,302,0,0,0.07516566
a13,303,0,0,0.028570628
a13,304,0,0,0.014411477
a13,305,0,0,0.015936418
a13,306,0,0,0.042322803
a13,307,0,0,0.033767313
a13,308,0,0,0.041484587
a13,309,0,0,0.019455167
a13,310,0,0,0.035891846
a13,311,0,0,0.4739799
a13,312,0,0,0.037603404
a13,313,0,0,0.077430986
a13,314,0,0,0.0196667
a13,315,0,0,0.05095394
a13,316,0,0,0.021495868
a13,317,0,0,0.16562821
a13,318,0,0,0.008052658
a13,319,0,0,0.01436954
a13,320,0,0,0.016829262
a13,321,0,0,0.018727407
a13,322,0,0,0.00638443
a13,323,0,0,0.0046161623
a13,324,0,0,0.07124026
a13,325,0,1,0.7392302
a13,326,1,0,0.3622675
a13,327,1,1,0.95244867
a13,328,1,1,0.7125283
a13,329,1,1,0.89001673
a13,330,1,0,0.26681927
a13,331,1,1,0.6029876
a13,332,1,1,0.8385981
a13,333,1,0,0.29149556
a13,334,1,1,0.7194773
a13,335,1,1,0.945228
a13,336,1,1,0.5921993
a13,337,1,0,0.29776084
a13,338,1,1,0.9414809
a13,339,1,1,0.7807509
a13,340,1,1,0.8723698
a13,341,1,1,0.81519544
a13,342,1,1,0.57492644
a13,343,1,1,0.84444016
a13,344,1,1,0.78352624
a13,345,1,1,0.9157832
a13,346,1,1,0.84173185
a13,347,1,1,0.8118121
a13,348,1,1,0.8185019
a13,349,1,1,0.76385987
a13,350,1,1,0.5906252
a13,351,1,1,0.90972096
a13,352,1,1,0.78533506
a13,353,1,1,0.89297205
a13,354,1,1,0.90638345
a13,355,1,1,0.90061206
a13,356,1,1,0.7751347
a13,357,1,1,0.8862031
a13,358,1,1,0.9688975
a13,359,1,1,0.8831975
a13,360,1,1,0.9270811
a13,361,1,1,0.9234224
a13,362,1,1,0.96548
a13,363,1,1,0.78963035
a13,364,1,1,0.95603186
a13,365,1,0,0.45911184
a13,366,1,1,0.8877656
a13,367,1,1,0.98751205
a13,368,1,1,0.84092814
a13,369,1,1,0.9494804
a13,370,1,1,0.9337289
a13,371,1,1,0.9056268
a13,372,1,1,0.8330114
a13,373,1,1,0.7484693
a13,374,1,1,0.7792137
a13,375,1,1,0.7718336
a13,376,1,0,0.31210208
a13,377,1,0,0.49588454
a13,378,1,0,0.49854654
a13,379,1,0,0.35225195
a13,380,1,1,0.54529184
a13,381,1,0,0.39958313
a13,382,1,0,0.44065106
a13,383,1,0,0.3094984
a13,384,1,1,0.5751952
a13,385,1,1,0.6251087
a13,386,1,0,0.36958802
a13,387,1,1,0.6061957
a13,388,1,0,0.34297132
a13,389,1,1,0.8746865
a13,390,1,1,0.68997425
a13,391,1,1,0.9093121
a13,392,1,1,0.7000477
a13,393,1,1,0.6839185
a13,394,1,1,0.6529801
a13,395,1,1,0.53190607
a13,396,1,1,0.79413813
a13,397,1,1,0.7077089
a13,398,1,0,0.353004
a13,399,1,0,0.3100639
a13,400,1,0,0.2107117
a13,401,1,0,0.16171575
a13,402,0,0,0.10074333
a13,403,1,1,0.8753938
a13,404,1,0,0.29764462
a13,405,1,0,0.18209448
a13,406,1,0,0.37195888
a13,407,0,0,0.1864473
a13,408,0,0,0.07544671
a13,409,0,0,0.03437133
a13,410,0,0,0.03536644
a13,411,0,0,0.046301376
a13,412,0,0,0.08902771
a13,413,0,0,0.015174918
a13,414,0,0,0.03342711
a13,415,0,0,0.03258035
a13,416,0,0,0.024733655
a13,417,0,0,0.03474423
a13,418,0,0,0.03216598
a13,419,0,0,0.022641152
a13,420,0,0,0.025120528
a13,421,0,0,0.027698418
a13,422,0,0,0.024073126
a13,423,0,0,0.25922632
a13,424,0,0,0.12685208
a13,425,1,0,0.24363866
a13,426,1,1,0.51504177
a13,427,1,1,0.5171125
a13,428,1,1,0.71000886
a13,429,1,0,0.43958548
a13,430,1,1,0.8366879
a13,431,1,0,0.34611455
a13,432,1,1,0.6536895
a13,433,1,0,0.19729868
a13,434,1,1,0.8565707
a13,435,1,1,0.5700552
a13,436,1,0,0.39000428
a13,437,1,0,0.22390462
a13,438,1,0,0.30187592
a13,439,1,0,0.42883807
a13,440,1,0,0.118187524
a13,441,1,0,0.4327951
a13,442,1,1,0.6181423
a13,443,1,0,0.28767812
a13,444,1,1,0.7654969
a13,445,0,0,0.46477634
a13,446,0,0,0.25208175
a13,447,0,0,0.35024652
a13,448,0,0,0.2612238
a13,449,0,0,0.46682706
a13,450,0,1,0.5994603
a13,451,0,1,0.5008036
a13,452,0,0,0.21090496
a13,453,0,0,0.1638153
a13,454,0,0,0.24357834
a13,455,0,0,0.23846321
a13,456,0,0,0.25211817
a13,457,0,0,0.26415488
a13,458,0,0,0.3054334
a13,459,0,0,0.15767014
a13,460,0,0,0.42636532
a13,461,0,0,0.40059635
a13,462,0,0,0.3768434
a13,463,0,0,0.13635041
a13,464,0,0,0.14841868
a13,465,0,0,0.2020665
a13,466,0,0,0.20965993
a13,467,0,0,0.260353
a13,468,0,0,0.190309
a13,469,0,0,0.24201171
a13,470,0,0,0.20322634
a13,471,0,0,0.26377943
a13,472,0,0,0.1565773
a13,473,0,0,0.14779964
a13,474,0,0,0.23559657
a13,475,0,0,0.24268676
a13,476,0,0,0.3166231
a13,477,0,0,0.19624814
a13,478,0,0,0.30286133
a13,479,0,0,0.26519823
a13,480,0,0,0.27329683
a13,481,0,0,0.023489358
a13,482,0,0,0.0077431104
a13,483,0,0,0.17036797
a13,484,0,0,0.10239932
a13,485,1,0,0.23640051
a13,486,0,0,0.07980565
a13,487,1,0,0.16354662
a13,488,1,0,0.1478988
a13,489,1,0,0.3079313
a13,490,1,0,0.44304037
a13,491,1,1,0.6903629
a13,492,1,1,0.6404678
a13,493,1,0,0.21009748
a13,494,1,0,0.011773315
a14,1,0,0,0.37968853
a14,2,0,0,0.017285177
a14,3,0,0,0.28860244
a14,4,0,0,0.016122287
a14,5,0,0,0.3572023
a14,6,0,0,0.46652976
a14,7,0,0,0.30447865
a14,8,0,0,0.14648291
a14,9,0,1,0.826058
a14,10,0,0,0.11953232
a14,11,0,1,0.5204475
a14,12,0,1,0.564151
a14,13,0,1,0.5337409
a14,14,0,0,0.4010342
a14,15,1,0,0.25231317
a14,16,1,1,0.60940945
a14,17,1,0,0.36336306
a14,18,1,1,0.7891432
a14,19,1,1,0.86053246
a14,20,1,1,0.9777945
a14,21,1,1,0.95162743
a14,22,1,0,0.2176577
a14,23,1,0,0.20728067
a14,24,1,1,0.8419553
a14,25,1,1,0.60872525
a14,26,1,0,0.4574851
a14,27,1,0,0.21002293
a14,28,1,0,0.13910685
a14,29,1,1,0.5060336
a14,30,1,1,0.9447888
a14,31,1,1,0.84505886
a14,32,1,1,0.69718206
a14,33,1,1,0.90260446
a14,34,1,1,0.8494114
a14,35,1,1,0.7258023
a14,36,1,1,0.92217904
a14,37,1,1,0.72844213
a14,38,1,1,0.80685747
a14,39,1,1,0.91636866
a14,40,1,1,0.969074
a14,41,1,1,0.9888587
a14,42,1,1,0.7530034
a14,43,1,1,0.95811945
a14,44,1,1,0.8326376
a14,45,1,1,0.7748028
a14,46,1,1,0.5457496
a14,47,1,1,0.7068331
a14,48,1,1,0.8774904
a14,49,1,0,0.20664288
a14,50,1,1,0.9504448
a14,51,1,1,0.8572013
a14,52,1,1,0.95586944
a14,53,1,1,0.9506451
a14,54,1,1,0.8033451
a14,55,1,1,0.9193368
a14,56,1,1,0.7901221
a14,57,1,1,0.9783506
a14,58,1,1,0.8541627
a14,59,1,0,0.13333608
a14,60,1,1,0.9400211
a14,61,1,1,0.8640015
a14,62,1,1,0.7136276
a14,63,1,1,0.90951365
a14,64,1,1,0.9576677
a14,65,1,1,0.9364285
a14,66,1,1,0.8008305
a14,67,1,0,0.44209906
a14,68,1,1,0.8341988
a14,69,1,1,0.9518051
a14,70,1,0,0.30788347
a14,71,1,1,0.87488717
a14,72,1,0,0.1757296
a14,73,1,1,0.96034425
a14,74,1,1,0.9615308
a14,75,1,1,0.90660053
a14,76,1,1,0.8667216
a14,77,1,1,0.94313365
a14,78,1,1,0.92047834
a14,79,1,1,0.85219294
a14,80,1,1,0.89636964
a14,81,1,1,0.91416377
a14,82,1,1,0.9510239
a14,83,1,1,0.97812665
a14,84,1,0,0.34295008
a14,85,1,1,0.8781707
a14,86,1,1,0.96710324
a14,87,1,1,0.86159194
a14,88,1,1,0.9916856
a14,89,1,1,0.6615879
a14,90,1,1,0.6831941
a14,91,1,0,0.1789146
a14,92,1,1,0.9502285
a14,93,1,1,0.8391273
a14,94,1,1,0.95511806
a14,95,1,1,0.7546428
a14,96,1,0,0.4864317
a14,97,1,0,0.06100634
a14,98,1,1,0.55692136
a14,99,1,1,0.9549354
a14,100,1,1,0.96768814
a14,101,1,1,0.91840535
a14,102,1,1,0.9674778
a14,103,1,1,0.6454507
a14,104,1,1,0.84013647
a14,105,0,1,0.87457573
a14,106,0,0,0.33586523
a14,107,1,0,0.34548745
a14,108,1,1,0.6834499
a14,109,1,1,0.9584552
a14,110,1,1,0.9671487
a14,111,1,1,0.9464478
a14,112,1,1,0.9860534
a14,113,1,1,0.98949134
a14,114,1,1,0.9917795
a14,115,1,1,0.9702565
a14,116,1,1,0.9393558
a14,117,1,1,0.9321759
a14,118,1,1,0.9447038
a14,119,1,1,0.8368627
a14,120,1,1,0.9924366
a14,121,1,1,0.9588688
a14,122,1,1,0.978387
a14,123,1,1,0.9817794
a14,124,1,1,0.9794586
a14,125,1,1,0.96237147
a14,126,1,1,0.9381521
a14,127,1,1,0.9757755
a14,128,1,1,0.9742535
a14,129,1,1,0.9325042
a14,130,1,1,0.9712286
a14,131,1,1,0.9897556
a14,132,1,1,0.9904469
a14,133,1,1,0.97344714
a14,134,1,1,0.9895662
a14,135,1,1,0.98418856
a14,136,1,1,0.9859942
a14,137,1,1,0.9920586
a14,138,1,1,0.9886169
a14,139,1,1,0.99199283
a14,140,1,1,0.9851459
a14,141,1,1,0.9651658
a14,142,1,1,0.9798314
a14,143,1,1,0.9132049
a14,144,1,1,0.9938106
a14,145,1,1,0.9811715
a14,146,1,1,0.988298
a14,147,1,1,0.96626765
a14,148,1,1,0.9759867
a14,149,1,1,0.9889669
a14,150,1,1,0.9902062
a14,151,1,1,0.9598869
a14,152,1,1,0.98647344
a14,153,1,1,0.9910993
a14,154,1,1,0.97474164
a14,155,1,1,0.9903504
a14,156,1,1,0.988149
a14,157,1,1,0.9673098
a14,158,1,1,0.9929894
a14,159,1,1,0.9593213
a14,160,1,1,0.966411
a14,161,1,1,0.97181016
a14,162,1,1,0.98813057
a14,163,1,1,0.95119953
a14,164,1,1,0.9671862
a14,165,1,1,0.97678125
a14,166,1,1,0.82037747
a14,167,1,1,0.9938991
a14,168,1,1,0.9865053
a14,169,1,1,0.99108803
a14,170,1,1,0.99014074
a14,171,1,1,0.9783238
a14,172,1,1,0.99245775
a14,173,1,1,0.98327684
a14,174,1,1,0.9811044
a14,175,1,1,0.98706585
a14,176,1,1,0.9875235
a14,177,1,1,0.9916325
a14,178,1,1,0.98316675
a14,179,1,1,0.9822588
a14,180,1,1,0.98660815
a14,181,1,1,0.9631853
a14,182,1,1,0.98766834
a14,183,1,1,0.9687857
a14,184,1,1,0.9919992
a14,185,1,1,0.9868678
a14,186,1,1,0.99375856
a14,187,1,1,0.91317487
a14,188,1,1,0.9908728
a14,189,1,1,0.9838674
a14,190,1,1,0.97955954
a14,191,1,1,0.99056923
a14,192,1,1,0.97821474
a14,193,1,1,0.9921481
a14,194,1,1,0.9660354
a14,195,1,1,0.9922053
a14,196,1,1,0.9370629
a14,197,1,1,0.88696283
a14,198,1,1,0.98433197
a14,199,1,1,0.77105343
a14,200,1,1,0.9131694
a14,201,1,1,0.7426104
a14,202,1,1,0.8753901
a14,203,1,1,0.9756654
a14,204,1,1,0.91916794
a14,205,1,1,0.8948509
a14,206,1,1,0.95343345
a14,207,1,1,0.97046125
a14,208,1,1,0.94475627
a14,209,1,1,0.79587257
a14,210,1,1,0.9137549
a14,211,1,1,0.5281479
a14,212,1,1,0.842768
a14,213,1,0,0.15454407
a14,214,1,1,0.77764195
a14,215,1,1,0.97194844
a14,216,1,1,0.94192904
a14,217,1,1,0.9862211
a14,218,1,1,0.9785404
a14,219,1,1,0.8404875
a14,220,1,1,0.86744213
a14,221,1,1,0.9302341
a14,222,1,0,0.10807578
a14,223,1,1,0.8147544
a14,224,1,1,0.98747706
a14,225,1,1,0.96881
a14,226,1,1,0.9610972
a14,227,1,1,0.91626346
a14,228,1,1,0.9845376
a14,229,1,1,0.94187963
a14,230,1,1,0.986945
a14,231,1,1,0.9886324
a14,232,1,1,0.9851247
a14,233,1,1,0.95366013
a14,234,1,1,0.94243073
a14,235,1,1,0.981455
a14,236,1,1,0.9849187
a14,237,1,1,0.99154097
a14,238,1,1,0.9558765
a14,239,1,1,0.98788923
a14,240,1,1,0.9689199
a14,241,1,1,0.98953503
a14,242,1,1,0.98871523
a14,243,1,1,0.95123535
a14,244,1,1,0.97143155
a14,245,1,1,0.99177307
a14,246,1,1,0.9820759
a14,247,1,1,0.9813405
a14,248,1,1,0.9480796
a14,249,1,1,0.98578876
a14,250,1,1,0.94736284
a14,251,1,1,0.98142713
a14,252,1,1,0.9883879
a14,253,1,1,0.97503823
a14,254,1,1,0.83775645
a14,255,1,1,0.98576516
a14,256,1,1,0.97753954
a14,257,1,1,0.9698501
a14,258,1,1,0.987636
a14,259,1,1,0.98278415
a14,260,1,1,0.9831577
a14,261,1,1,0.9790148
a14,262,1,1,0.98369414
a14,263,1,1,0.9886203
a14,264,1,1,0.9476006
a14,265,1,1,0.98729277
a14,266,1,1,0.9460747
a14,267,1,1,0.98131
a14,268,1,1,0.9834662
a14,269,1,1,0.9908029
a14,270,1,1,0.9714224
a14,271,1,1,0.985803
a14,272,1,1,0.98458487
a14,273,1,1,0.9280927
a14,274,1,1,0.9910115
a14,275,1,1,0.990341
a14,276,1,1,0.90963423
a14,277,1,1,0.9492506
a14,278,1,1,0.96489346
a14,279,1,1,0.95315635
a14,280,1,1,0.9745721
a14,281,1,1,0.70141584
a14,282,1,1,0.9731162
a14,283,1,1,0.8307772
a14,284,1,1,0.9780011
a14,285,1,1,0.98419684
a14,286,1,1,0.949342
a14,287,1,1,0.9842451
a14,288,1,1,0.970699
a14,289,1,1,0.9862344
a14,290,1,1,0.9845024
a14,291,1,1,0.96431077
a14,292,1,1,0.989979
a14,293,1,1,0.9685865
a14,294,1,1,0.98726743
a14,295,1,1,0.8865569
a14,296,1,1,0.9155977
a14,297,1,1,0.98650974
a14,298,1,1,0.9915766
a14,299,1,1,0.93900913
a14,300,1,1,0.98704857
a14,301,1,1,0.9813597
a14,302,1,1,0.9873592
a14,303,1,1,0.98633575
a14,304,1,1,0.9667654
a14,305,1,1,0.9643832
a14,306,1,1,0.98304695
a14,307,1,1,0.9804247
a14,308,1,1,0.8603138
a14,309,1,1,0.98304546
a14,310,1,1,0.9824898
a14,311,1,1,0.9835544
a14,312,1,1,0.9423252
a14,313,1,1,0.9700373
a14,314,1,1,0.9758406
a14,315,1,1,0.53995365
a14,316,1,1,0.98763406
a14,317,1,1,0.9496687
a14,318,1,1,0.9921972
a14,319,1,1,0.9119877
a14,320,1,1,0.78258526
a14,321,1,0,0.45576027
a14,322,1,1,0.7621667
a14,323,1,0,0.019251447
a14,324,1,1,0.8395913
a14,325,1,1,0.95822716
a14,326,1,1,0.9603047
a14,327,1,1,0.97829205
a14,328,1,1,0.95490223
a14,329,1,1,0.62770903
a14,330,0,0,0.16774464
a14,331,0,0,0.010243099
a14,332,0,0,0.14442417
a14,333,0,1,0.68270713
a14,334,0,0,0.10371495
a14,335,0,1,0.5489403
a14,336,0,1,0.7969473
a14,337,0,1,0.6347934
a14,338,0,0,0.34049806
a14,339,0,1,0.59157807
a14,340,0,1,0.67526436
a14,341,0,1,0.5026223
a14,342,0,1,0.55376875
a14,343,0,0,0.45763725
a14,344,0,1,0.5872422
a14,345,0,1,0.5222689
a14,346,0,1,0.7716425
a14,347,0,1,0.72559917
a14,348,0,1,0.95018464
a14,349,0,1,0.94838667
a14,350,0,1,0.85897624
a14,351,0,1,0.6996902
a14,352,0,1,0.9108767
a14,353,0,0,0.2511468
a14,354,0,0,0.4323366
a14,355,0,0,0.34266642
a14,356,0,0,0.09975076
a14,357,0,0,0.2849201
a14,358,0,1,0.5062748
a14,359,0,1,0.9323225
a14,360,0,1,0.64324915
a14,361,0,1,0.5566555
a14,362,0,0,0.35901904
a14,363,0,1,0.7663971
a14,364,0,0,0.4967075
a14,365,0,0,0.12521386
a14,366,0,1,0.65683126
a14,367,1,1,0.73179805
a14,368,1,1,0.96302056
a14,369,1,1,0.75669605
a14,370,1,1,0.59370977
a14,371,0,1,0.7349722
a14,372,0,1,0.5972786
a14,373,0,1,0.8931759
a14,374,1,1,0.52597106
a14,375,1,1,0.6033442
a14,376,1,1,0.8660484
a14,377,1,1,0.8109911
a14,378,1,1,0.5132284
a14,379,0,0,0.022871494
a14,380,0,1,0.7198851
a14,381,1,0,0.47951382
a14,382,1,1,0.89746153
a14,383,1,1,0.78827745
a14,384,1,1,0.8429864
a14,385,1,1,0.92098385
a14,386,1,1,0.63263875
a14,387,1,1,0.57485515
a14,388,1,1,0.7986688
a14,389,1,1,0.73582196
a14,390,1,1,0.8887819
a14,391,1,1,0.93078506
a14,392,1,1,0.91884214
a14,393,1,1,0.9730857
a14,394,1,1,0.59605294
a14,395,0,1,0.88475287
a14,396,0,1,0.9561403
a14,397,0,1,0.9165487
a14,398,0,1,0.9668513
a14,399,0,1,0.9519852
a14,400,0,1,0.9636788
a14,401,0,1,0.95340455
a14,402,0,1,0.9778535
a14,403,0,1,0.9235891
a14,404,0,1,0.9192051
a14,405,0,1,0.98790956
a14,406,0,1,0.9679872
a14,407,0,1,0.98443943
a14,408,0,1,0.94902503
a14,409,0,1,0.98080987
a14,410,0,1,0.9823751
a14,411,0,1,0.98845786
a14,412,0,1,0.9728589
a14,413,1,1,0.85538495
a14,414,1,1,0.94774014
a14,415,1,1,0.9925868
a14,416,1,1,0.57562435
a14,417,1,1,0.9673519
a14,418,1,1,0.96818584
a14,419,1,1,0.512407
a14,420,0,1,0.8892147
a14,421,0,1,0.9494083
a14,422,0,1,0.82278466
a14,423,0,1,0.94937855
a14,424,0,1,0.96088064
a14,425,0,1,0.986751
a14,426,0,1,0.96773773
a14,427,0,1,0.962573
a14,428,0,1,0.98795766
a14,429,1,1,0.9362893
a14,430,1,1,0.70180863
a14,431,1,1,0.98171175
a14,432,1,1,0.94528687
a14,433,1,1,0.9503631
a14,434,1,1,0.91242826
a14,435,1,1,0.97672665
a14,436,1,1,0.9142368
a14,437,1,1,0.942606
a14,438,1,1,0.93663365
a14,439,1,1,0.9296983
a14,440,1,1,0.50391304
a14,441,1,1,0.91696763
a14,442,1,1,0.8460641
a14,443,1,0,0.37087914
a14,444,1,1,0.96160156
a14,445,1,1,0.5867739
a14,446,1,1,0.9461489
a14,447,1,1,0.8816892
a14,448,1,0,0.10621652
a14,449,0,0,0.18333921
a14,450,0,0,0.3891705
a14,451,0,1,0.9637751
a14,452,1,1,0.5806599
a14,453,1,1,0.8609745
a14,454,1,1,0.90902096
a14,455,1,0,0.43261307
a14,456,1,1,0.84882593
a14,457,1,1,0.87540746
a14,458,1,1,0.9111683
a14,459,1,1,0.958148
a14,460,1,1,0.9781446
a14,461,1,1,0.6150663
a14,462,1,1,0.9841374
a14,463,1,1,0.9171161
a14,464,1,1,0.7016819
a14,465,1,1,0.7597314
a14,466,1,0,0.0882013
a14,467,1,1,0.6800921
a14,468,1,1,0.64294326
a14,469,1,1,0.58222187
a14,470,1,1,0.74774575
a14,471,1,1,0.898687
a14,472,0,1,0.85875285
a14,473,0,1,0.63967
a14,474,0,0,0.25113836
a14,475,0,1,0.8900243
a14,476,0,1,0.80628806
a14,477,0,0,0.35959014
a14,478,0,1,0.73724043
a14,479,0,0,0.18876691
a14,480,0,1,0.6990859
a14,481,0,0,0.2875857
a14,482,0,1,0.9342005
a14,483,0,1,0.8335693
a14,484,0,1,0.6219888
a14,485,0,1,0.93831
a14,486,0,1,0.70062673
a14,487,0,1,0.85138917
a14,488,0,1,0.9769289
a14,489,0,1,0.93665475
a14,490,0,1,0.9539119
a14,491,0,1,0.95696765
a14,492,0,1,0.97306323
a14,493,0,1,0.9867394
a14,494,0,1,0.7304204
a14,495,0,1,0.9324848
a14,496,0,1,0.84270287
a14,497,0,1,0.73362017
a14,498,0,1,0.8605595
a14,499,0,1,0.9335274
a14,500,0,1,0.7842899
a14,501,0,0,0.40099263
a14,502,0,1,0.7235826
a14,503,0,1,0.88068175
a14,504,0,1,0.9243954
a14,505,0,1,0.9575753
a14,506,0,1,0.9459806
a14,507,0,1,0.8692917
a14,508,0,0,0.45472535
a15,1,0,1,0.7956464
a15,2,0,1,0.68757725
a15,3,0,1,0.7645115
a15,4,0,1,0.59454906
a15,5,0,1,0.94922745
a15,6,0,1,0.92922163
a15,7,0,0,0.4505248
a15,8,0,1,0.64451617
a15,9,0,0,0.41194218
a15,10,0,1,0.837666
a15,11,0,1,0.68911666
a15,12,0,1,0.5164825
a15,13,0,1,0.6094564
a15,14,0,1,0.9392976
a15,15,0,1,0.50129104
a15,16,0,1,0.9033624
a15,17,0,0,0.3563244
a15,18,0,1,0.50549805
a15,19,0,0,0.4184414
a15,20,0,0,0.3870598
a15,21,0,1,0.7668234
a15,22,0,1,0.8711239
a15,23,0,0,0.33989808
a15,24,0,0,0.120591566
a15,25,0,0,0.16142103
a15,26,0,0,0.31781372
a15,27,0,0,0.44816697
a15,28,0,1,0.86588544
a15,29,0,1,0.8734566
a15,30,0,1,0.892479
a15,31,1,1,0.8038254
a15,32,1,1,0.8167364
a15,33,1,1,0.9610396
a15,34,1,1,0.8841232
a15,35,1,1,0.9449675
a15,36,1,1,0.91256124
a15,37,1,1,0.95061296
a15,38,1,1,0.9642875
a15,39,1,1,0.9721575
a15,40,1,1,0.88049066
a15,41,1,1,0.8706343
a15,42,1,1,0.9304437
a15,43,1,1,0.87847537
a15,44,1,1,0.8316697
a15,45,1,1,0.94154084
a15,46,1,1,0.8833742
a15,47,1,1,0.94440347
a15,48,1,1,0.97448754
a15,49,1,1,0.9427916
a15,50,1,1,0.89040387
a15,51,1,1,0.5505143
a15,52,1,1,0.9414901
a15,53,0,1,0.610608
a15,54,0,1,0.68271714
a15,55,0,1,0.8708504
a15,56,1,1,0.9732666
a15,57,1,1,0.52392566
a15,58,1,0,0.100209616
a15,59,1,1,0.95304036
a15,60,1,1,0.8808032
a15,61,1,0,0.09726456
a15,62,1,1,0.9544076
a15,63,1,1,0.5189246
a15,64,1,1,0.9390372
a15,65,1,1,0.6955776
a15,66,1,1,0.90007585
a15,67,1,0,0.4562991
a15,68,1,1,0.95648205
a15,69,1,1,0.92739624
a15,70,1,1,0.97736394
a15,71,1,1,0.51922464
a15,72,0,1,0.5622284
a15,73,0,1,0.7795162
a15,74,0,0,0.1174014
a15,75,0,0,0.47713307
a15,76,0,1,0.6435262
a15,77,0,1,0.5331791
a15,78,0,1,0.770946
a15,79,1,1,0.7949298
a15,80,1,1,0.6978411
a15,81,1,1,0.86901665
a15,82,1,1,0.94049895
a15,83,1,1,0.76059395
a15,84,1,1,0.8118703
a15,85,1,1,0.79574203
a15,86,1,1,0.87503535
a15,87,1,1,0.7834467
a15,88,1,1,0.9102144
a15,89,1,1,0.8283052
a15,90,1,1,0.8874284
a15,91,1,1,0.92058164
a15,92,1,1,0.86363554
a15,93,1,1,0.9176119
a15,94,1,1,0.8902989
a15,95,1,1,0.8398557
a15,96,1,1,0.93981636
a15,97,1,1,0.9049938
a15,98,1,1,0.91134596
a15,99,1,1,0.9039113
a15,100,1,1,0.9127849
a15,101,1,1,0.8387454
a15,102,1,1,0.91863686
a15,103,1,1,0.9131721
a15,104,1,1,0.8852229
a15,105,1,1,0.69143564
a15,106,1,1,0.6957036
a15,107,1,1,0.908405
a15,108,1,1,0.8882012
a15,109,1,1,0.90120065
a15,110,1,1,0.91697365
a15,111,1,1,0.6081566
a15,112,1,1,0.80656046
a15,113,0,0,0.16550416
a15,114,0,0,0.08166118
a15,115,0,0,0.17146237
a15,116,0,0,0.10202598
a15,117,0,0,0.23146993
a15,118,0,0,0.25605345
a15,119,0,0,0.2566042
a15,120,0,0,0.21481878
a15,121,0,0,0.346806
a15,122,0,1,0.7801172
a15,123,0,1,0.8649792
a15,124,0,1,0.7900942
a15,125,1,1,0.93713754
a15,126,1,1,0.9750846
a15,127,1,1,0.9431325
a15,128,1,1,0.9455481
a15,129,1,1,0.92063683
a15,130,1,1,0.93770266
a15,131,1,1,0.96369815
a15,132,1,1,0.9810197
a15,133,1,1,0.95852375
a15,134,1,1,0.95114726
a15,135,1,1,0.8271745
a15,136,1,1,0.98226434
a15,137,1,1,0.91159487
a15,138,1,1,0.83492863
a15,139,1,1,0.90111756
a15,140,1,1,0.9708458
a15,141,1,1,0.9686423
a15,142,1,1,0.93499094
a15,143,1,1,0.9800473
a15,144,1,1,0.97870916
a15,145,1,1,0.9780912
a15,146,1,1,0.9864464
a15,147,1,1,0.9645917
a15,148,1,1,0.95932233
a15,149,1,1,0.9778755
a15,150,1,1,0.93743134
a15,151,1,1,0.98256946
a15,152,1,1,0.96381485
a15,153,1,1,0.905791
a15,154,1,1,0.86888987
a15,155,1,1,0.7020215
a15,156,1,1,0.52008665
a15,157,1,1,0.9075968
a15,158,1,1,0.89953065
a15,159,1,1,0.8317662
a15,160,1,1,0.9078865
a15,161,1,1,0.78253096
a15,162,1,1,0.9756115
a15,163,1,1,0.9486227
a15,164,1,1,0.9641984
a15,165,1,1,0.9613902
a15,166,1,1,0.9048615
a15,167,1,1,0.7886416
a15,168,1,1,0.83620816
a15,169,1,1,0.92227626
a15,170,1,0,0.4604099
a15,171,0,0,0.3661628
a15,172,0,0,0.2632202
a15,173,0,1,0.6978782
a15,174,0,1,0.93989354
a15,175,1,1,0.9423527
a15,176,1,1,0.8962394
a15,177,1,1,0.9195961
a15,178,1,1,0.89842206
a15,179,1,1,0.9638786
a15,180,1,1,0.9052269
a15,181,1,1,0.95222205
a15,182,1,1,0.9275955
a15,183,1,1,0.8778829
a15,184,1,1,0.895203
a15,185,1,1,0.8030772
a15,186,1,1,0.9261695
a15,187,1,1,0.9427129
a15,188,1,1,0.94843715
a15,189,1,1,0.94670457
a15,190,1,1,0.9604695
a15,191,1,1,0.96320456
a15,192,1,1,0.92822224
a15,193,1,1,0.9638888
a15,194,1,1,0.97310007
a15,195,1,1,0.91877604
a15,196,1,1,0.6335358
a15,197,0,0,0.044150084
a15,198,0,1,0.6809198
a15,199,0,1,0.8102139
a15,200,0,1,0.7323907
a15,201,0,1,0.7006683
a15,202,0,1,0.6494273
a15,203,0,1,0.5242292
a15,204,0,1,0.78133136
a15,205,0,1,0.7810522
a15,206,0,1,0.87458926
a15,207,1,1,0.843978
a15,208,1,1,0.8421636
a15,209,1,1,0.870743
a15,210,1,1,0.8616108
a15,211,1,1,0.8535912
a15,212,1,1,0.7456262
a15,213,1,1,0.7515406
a15,214,1,1,0.92550254
a15,215,1,1,0.87879723
a15,216,1,1,0.8938252
a15,217,1,1,0.91672915
a15,218,1,1,0.80783033
a15,219,1,1,0.9425486
a15,220,1,1,0.96756506
a15,221,1,1,0.8877794
a15,222,1,1,0.9672838
a15,223,1,1,0.96471167
a15,224,1,1,0.93602896
a15,225,1,1,0.95710576
a15,226,1,1,0.9321235
a15,227,1,1,0.94581264
a15,228,1,1,0.9678082
a15,229,1,1,0.9653767
a15,230,1,1,0.9056476
a15,231,1,1,0.9644069
a15,232,1,1,0.6299194
a15,233,1,1,0.92556095
a15,234,1,1,0.9355668
a15,235,1,1,0.9563954
a15,236,1,1,0.9574715
a15,237,1,1,0.9312813
a15,238,1,1,0.9554749
a15,239,1,1,0.9698786
a15,240,1,1,0.92839587
a15,241,1,1,0.9609362
a15,242,1,1,0.93129677
a15,243,1,1,0.9558384
a15,244,1,1,0.9276578
a15,245,1,1,0.9534598
a15,246,1,1,0.9678077
a15,247,1,1,0.9831625
a15,248,1,1,0.95981485
a15,249,1,1,0.9794964
a15,250,1,1,0.97353756
a15,251,1,1,0.9478332
a15,252,1,1,0.9648171
a15,253,1,1,0.97690886
a15,254,1,1,0.9554279
a15,255,1,1,0.976146
a15,256,1,1,0.7748541
a15,257,1,1,0.8770234
a15,258,1,1,0.9214068
a15,259,1,1,0.98047674
a15,260,1,1,0.95111275
a15,261,1,1,0.9060665
a15,262,1,1,0.92436117
a15,263,1,1,0.8328736
a15,264,1,1,0.91065276
a15,265,1,1,0.9590363
a15,266,1,1,0.8695403
a15,267,1,1,0.9277349
a15,268,1,1,0.9707399
a15,269,1,1,0.96530926
a15,270,1,1,0.9317788
a15,271,1,1,0.95630306
a15,272,1,1,0.95490885
a15,273,1,1,0.9248096
a15,274,1,1,0.96680474
a15,275,1,1,0.97542274
a15,276,1,1,0.9566957
a15,277,1,1,0.9646579
a15,278,1,1,0.66480184
a15,279,1,1,0.86713594
a15,280,1,1,0.915817
a15,281,1,1,0.919571
a15,282,1,1,0.8780038
a15,283,1,1,0.83756745
a15,284,1,1,0.9388744
a15,285,1,1,0.75827485
a15,286,1,1,0.8874876
a15,287,1,1,0.8722182
a15,288,0,0,0.09075343
a15,289,0,1,0.80580044
a15,290,0,1,0.8911023
a15,291,0,0,0.26654005
a15,292,0,1,0.65807015
a15,293,0,1,0.61414045
a15,294,0,0,0.19221266
a15,295,0,0,0.3683498
a15,296,0,1,0.6371651
a15,297,0,1,0.6106804
a15,298,0,0,0.11058898
a15,299,0,0,0.19005735
a15,300,0,1,0.84806573
a15,301,1,1,0.9151673
a15,302,1,1,0.9032925
a15,303,1,1,0.8952608
a15,304,1,1,0.8876368
a15,305,1,1,0.97645026
a15,306,1,1,0.8082583
a15,307,1,1,0.9381748
a15,308,1,1,0.9713954
a15,309,1,1,0.91625404
a15,310,1,1,0.9676949
a15,311,1,1,0.9516123
a15,312,1,1,0.8908893
a15,313,1,1,0.9559371
a15,314,1,1,0.94647306
a15,315,1,1,0.9573923
a15,316,1,1,0.97585607
a15,317,1,1,0.9786179
a15,318,1,1,0.95013136
a15,319,1,1,0.9779507
a15,320,1,1,0.98131865
a15,321,1,1,0.93255985
a15,322,1,1,0.93145454
a15,323,0,1,0.8959037
a15,324,0,1,0.9405063
a15,325,0,1,0.764072
a15,326,1,1,0.7601084
a15,327,1,1,0.9046197
a15,328,1,1,0.9712315
a15,329,1,1,0.9283145
a15,330,1,1,0.942617
a15,331,1,1,0.9534814
a15,332,1,1,0.9509121
a15,333,1,1,0.95511055
a15,334,1,1,0.93260795
a15,335,1,1,0.9817306
a15,336,1,1,0.9280013
a15,337,1,1,0.92141193
a15,338,1,1,0.94743055
a15,339,1,1,0.96154875
a15,340,1,1,0.97725976
a15,341,1,1,0.87180996
a15,342,1,1,0.92590576
a15,343,1,1,0.94299203
a15,344,1,1,0.9648887
a15,345,1,1,0.95740694
a15,346,1,1,0.9812165
a15,347,1,1,0.9728431
a15,348,1,1,0.96195054
a15,349,1,1,0.97827405
a15,350,1,1,0.9662908
a15,351,1,1,0.8701528
a15,352,1,1,0.97997767
a15,353,1,1,0.9886656
a15,354,1,1,0.8525615
a15,355,1,1,0.9742022
a15,356,1,1,0.91829455
a15,357,1,1,0.9326095
a15,358,1,1,0.77976185
a15,359,1,1,0.9776309
a15,360,1,1,0.7947097
a15,361,1,1,0.9453215
a15,362,1,1,0.8622167
a15,363,1,1,0.9292163
a15,364,1,1,0.98293406
a15,365,1,1,0.96346086
a15,366,1,0,0.49768347
a15,367,1,1,0.8577037
a15,368,1,0,0.45422897
a15,369,1,0,0.21540904
a15,370,0,0,0.45834565
a15,371,1,1,0.868082
a15,372,1,1,0.6440447
a15,373,1,1,0.8420693
a15,374,1,1,0.7422482
a15,375,0,0,0.122742295
a15,376,0,0,0.21366274
a15,377,0,0,0.12186547
a15,378,0,1,0.86393505
a15,379,1,0,0.12039705
a15,380,0,0,0.096949205
a15,381,0,0,0.33662096
a15,382,0,1,0.6674619
a15,383,0,0,0.24688244
a15,384,0,1,0.82407916
a15,385,0,0,0.123465665
a15,386,0,0,0.19025637
a15,387,0,1,0.8834479
a15,388,0,0,0.28861576
a15,389,0,1,0.9569246
a15,390,0,1,0.8543297
a15,391,0,1,0.67875683
a15,392,0,0,0.18731877
a15,393,0,0,0.21543336
a15,394,0,1,0.9526504
a15,395,0,1,0.70322436
a15,396,0,1,0.8149464
a15,397,0,1,0.7945605
a15,398,0,1,0.8739337
a15,399,0,1,0.8036734
a15,400,0,1,0.8570993
a15,401,0,1,0.8611733
a15,402,0,1,0.75437284
a15,403,0,0,0.21277301
a15,404,1,1,0.8658002
a15,405,1,1,0.6954587
a15,406,1,1,0.56268185
a15,407,1,1,0.87166595
a15,408,1,1,0.9261092
a15,409,1,1,0.8699238
a15,410,1,1,0.7225006
a15,411,1,1,0.61626023
a15,412,1,1,0.9479844
a15,413,1,1,0.93715316
a15,414,1,1,0.9259733
a15,415,1,1,0.94550025
a15,416,1,1,0.9549822
a15,417,1,1,0.95226586
a15,418,1,1,0.962952
a15,419,1,1,0.95150024
a15,420,1,1,0.9715882
a15,421,1,1,0.97973824
a15,422,1,1,0.93513584
a15,423,1,1,0.95927405
a15,424,1,1,0.9852142
a15,425,1,1,0.9815037
a15,426,1,1,0.9510295
a15,427,1,1,0.96319324
a15,428,1,1,0.92544353
a15,429,1,1,0.5956667
a15,430,1,1,0.99030614
a15,431,1,1,0.89840704
a15,432,1,1,0.8692948
a15,433,1,1,0.95194846
a15,434,1,1,0.88756216
a15,435,1,1,0.91330415
a15,436,1,1,0.6257575
a15,437,0,0,0.2729317
a15,438,0,1,0.9741367
a15,439,1,1,0.5448797
a15,440,0,1,0.95708525
a15,441,1,1,0.86292714
a15,442,1,1,0.9052304
a15,443,1,0,0.36021438
a15,444,1,1,0.8483308
a15,445,1,0,0.321898
a15,446,0,1,0.6300183
a15,447,0,1,0.5468939
a15,448,0,0,0.4855375
a15,449,0,1,0.65074795
a15,450,0,1,0.58982867
a15,451,1,1,0.9347977
a15,452,0,1,0.9233633
a15,453,0,1,0.7330347
a15,454,1,1,0.91618407
a15,455,1,1,0.6278952
a15,456,1,1,0.8018266
a15,457,1,1,0.95214576
a15,458,1,1,0.94004065
a15,459,1,1,0.960133
a15,460,1,1,0.95777303
a15,461,1,1,0.97968996
a15,462,1,1,0.7762122
a15,463,1,1,0.8759788
a15,464,1,1,0.9504149
a15,465,1,1,0.96085364
a15,466,1,1,0.9365295
a15,467,1,1,0.9775164
a15,468,1,1,0.9659931
a15,469,1,1,0.9893121
a15,470,1,1,0.98380417
a15,471,1,1,0.98458976
a15,472,1,1,0.9598906
a15,473,1,1,0.9812835
a15,474,1,1,0.9767828
a15,475,1,1,0.95993525
a15,476,1,1,0.97945136
a15,477,1,1,0.9178181
a15,478,0,1,0.6573467
a15,479,0,0,0.42366785
a15,480,0,1,0.6362831
a15,481,0,1,0.6032972
a15,482,0,1,0.88637483
a15,483,0,1,0.5640998
a15,484,1,1,0.889774
a15,485,1,1,0.7044943
a15,486,1,0,0.34935006
a15,487,1,0,0.3329136
a15,488,1,0,0.26237193
a15,489,1,1,0.5715568
a15,490,1,0,0.4640798
a15,491,1,1,0.5417865
a15,492,1,0,0.16123706
a15,493,1,0,0.45151633
a15,494,1,1,0.85359985
a15,495,1,0,0.20055608
a15,496,0,1,0.71114486
a15,497,0,1,0.78279895
a15,498,0,1,0.63505405
a15,499,0,1,0.7814178
a15,500,0,0,0.16469409
a15,501,0,1,0.7808756
a15,502,0,1,0.68380207
a15,503,0,1,0.61051285
a15,504,0,1,0.7154862
a15,505,0,0,0.13379848
a15,506,0,1,0.846684
a15,507,0,1,0.9428168
a15,508,0,0,0.41436118
a15,509,0,0,0.092799015
a16,1,0,0,0.28364077
a16,2,0,0,0.4477653
a16,3,0,0,0.30722284
a16,4,0,0,0.262634
a16,5,0,0,0.29085687
a16,6,0,0,0.42316303
a16,7,0,0,0.3036137
a16,8,0,0,0.27739158
a16,9,0,0,0.34833217
a16,10,0,0,0.24193728
a16,11,0,0,0.37242958
a16,12,0,0,0.33875087
a16,13,0,0,0.3693113
a16,14,0,0,0.32714236
a16,15,0,1,0.50810045
a16,16,0,0,0.37842882
a16,17,0,1,0.59718263
a16,18,0,0,0.23723799
a16,19,0,0,0.32783267
a16,20,0,0,0.2548926
a16,21,0,0,0.46185005
a16,22,0,0,0.3623549
a16,23,0,0,0.34925267
a16,24,0,0,0.3288941
a16,25,0,0,0.28920844
a16,26,0,0,0.46742806
a16,27,0,0,0.40767244
a16,28,0,0,0.26346293
a16,29,0,0,0.3147065
a16,30,0,0,0.115875766
a16,31,0,0,0.2574895
a16,32,0,0,0.30642053
a16,33,0,0,0.15505749
a16,34,0,0,0.25922456
a16,35,0,0,0.26090473
a16,36,0,0,0.2626365
a16,37,0,0,0.34974647
a16,38,0,0,0.25062403
a16,39,0,0,0.27312523
a16,40,0,0,0.41194817
a16,41,0,0,0.27935165
a16,42,0,0,0.3288197
a16,43,0,0,0.26423508
a16,44,0,0,0.47865358
a16,45,0,0,0.33824193
a16,46,0,0,0.33038267
a16,47,0,1,0.5144262
a16,48,0,0,0.4168302
a16,49,0,0,0.46830872
a16,50,0,0,0.2746916
a16,51,0,0,0.339555
a16,52,0,1,0.57912546
a16,53,0,0,0.43868
a16,54,0,0,0.3973532
a16,55,0,0,0.46477237
a16,56,0,1,0.5137095
a16,57,0,0,0.3562755
a16,58,1,0,0.4811051
a16,59,1,1,0.6326383
a16,60,1,0,0.40576917
a16,61,1,1,0.6742247
a16,62,0,1,0.5477983
a16,63,0,0,0.45578688
a16,64,0,0,0.405842
a16,65,0,0,0.302151
a16,66,0,1,0.5737234
a16,67,1,1,0.5566464
a16,68,1,1,0.64151514
a16,69,0,1,0.5382113
a16,70,0,0,0.38342085
a16,71,0,1,0.5300231
a16,72,0,0,0.3845061
a16,73,0,0,0.25564063
a16,74,0,0,0.28523654
a16,75,0,0,0.27766156
a16,76,0,1,0.50685924
a16,77,0,0,0.42346826
a16,78,0,0,0.24018079
a16,79,0,0,0.2539178
a16,80,0,0,0.36073285
a16,81,1,0,0.434852
a16,82,1,1,0.65517646
a16,83,1,0,0.26237965
a16,84,1,0,0.39816615
a16,85,1,0,0.4464827
a16,86,1,0,0.41790238
a16,87,1,0,0.43811524
a16,88,1,1,0.6886022
a16,89,1,1,0.6280622
a16,90,1,0,0.44692895
a16,91,1,1,0.5655737
a16,92,1,1,0.5069955
a16,93,1,0,0.47920138
a16,94,1,1,0.7953152
a16,95,1,1,0.82967234
a16,96,0,1,0.6869276
a16,97,0,0,0.29309228
a16,98,0,0,0.4813235
a16,99,0,0,0.33713144
a16,100,0,0,0.46146742
a16,101,0,0,0.43423745
a16,102,0,1,0.5512276
a16,103,0,1,0.6133984
a16,104,0,1,0.5241552
a16,105,0,1,0.574698
a16,106,0,1,0.50358677
a16,107,0,1,0.6316722
a16,108,0,1,0.6347932
a16,109,0,1,0.68748534
a16,110,0,1,0.6871606
a16,111,0,1,0.5384575
a16,112,0,1,0.7331849
a16,113,0,1,0.57570535
a16,114,0,1,0.6359794
a16,115,0,1,0.6891953
a16,116,0,1,0.82962966
a16,117,0,1,0.5701325
a16,118,0,0,0.4359435
a16,119,0,1,0.91415596
a16,120,0,1,0.72763157
a16,121,0,1,0.64324
a16,122,0,1,0.79941386
a16,123,0,1,0.84965605
a16,124,0,1,0.75323653
a16,125,0,1,0.50846744
a16,126,0,1,0.633085
a16,127,0,1,0.9084895
a16,128,0,1,0.6649256
a16,129,0,1,0.92640007
a16,130,0,1,0.85913694
a16,131,0,1,0.6979673
a16,132,0,1,0.7274205
a16,133,0,0,0.34854984
a16,134,0,0,0.09317026
a16,135,0,0,0.35511792
a16,136,0,1,0.521414
a16,137,1,1,0.5396548
a16,138,1,0,0.351757
a16,139,1,0,0.39184362
a16,140,1,1,0.50735784
a16,141,1,1,0.5088666
a16,142,1,1,0.5084419
a16,143,1,1,0.5608385
a16,144,1,0,0.44912118
a16,145,1,0,0.44116575
a16,146,1,1,0.69721293
a16,147,1,1,0.6392652
a16,148,1,1,0.5184919
a16,149,1,0,0.2893573
a16,150,1,1,0.55713195
a16,151,1,1,0.89505893
a16,152,1,1,0.7637106
a16,153,1,0,0.4613935
a16,154,1,1,0.766872
a16,155,1,1,0.8347243
a16,156,1,0,0.3911771
a16,157,1,1,0.66362685
a16,158,1,1,0.8836528
a16,159,1,1,0.7162091
a16,160,1,0,0.39812434
a16,161,1,1,0.63165486
a16,162,1,1,0.8364088
a16,163,1,1,0.70967513
a16,164,1,1,0.98291934
a16,165,1,1,0.93355334
a16,166,1,1,0.81578994
a16,167,1,1,0.9529412
a16,168,1,1,0.99379694
a16,169,1,1,0.6959561
a16,170,1,1,0.97841334
a16,171,1,1,0.9611518
a16,172,1,1,0.74259335
a16,173,1,1,0.9338802
a16,174,1,1,0.961006
a16,175,1,1,0.8467063
a16,176,1,1,0.72924626
a16,177,1,1,0.91537267
a16,178,1,1,0.94540554
a16,179,1,1,0.72395134
a16,180,1,0,0.42630026
a16,181,1,1,0.6256357
a16,182,1,1,0.6613403
a16,183,1,1,0.50487965
a16,184,1,1,0.62068874
a16,185,1,1,0.7098166
a16,186,1,1,0.7879707
a16,187,1,0,0.40446448
a16,188,1,1,0.7995235
a16,189,1,1,0.74125487
a16,190,1,0,0.23890957
a16,191,0,0,0.23702991
a16,192,0,0,0.42975834
a16,193,0,1,0.5655696
a16,194,0,0,0.341311
a16,195,0,1,0.55197316
a16,196,0,1,0.7819532
a16,197,1,1,0.64952886
a16,198,1,0,0.48031756
a16,199,1,0,0.49875832
a16,200,1,1,0.7637313
a16,201,1,1,0.5324521
a16,202,1,1,0.5647216
a16,203,1,1,0.6031957
a16,204,1,1,0.74671125
a16,205,1,1,0.5334223
a16,206,1,1,0.5759029
a16,207,1,1,0.7932206
a16,208,1,1,0.5286938
a16,209,1,1,0.68019485
a16,210,1,1,0.5692658
a16,211,1,1,0.6051536
a16,212,1,1,0.51908433
a16,213,1,1,0.8032556
a16,214,1,1,0.78596807
a16,215,1,1,0.59251744
a16,216,1,1,0.7289059
a16,217,1,1,0.5924301
a16,218,1,1,0.65961754
a16,219,1,1,0.8538404
a16,220,1,1,0.7083066
a16,221,1,1,0.8726937
a16,222,1,1,0.69878703
a16,223,1,1,0.7092619
a16,224,1,1,0.7871619
a16,225,1,1,0.82755506
a16,226,1,1,0.59513295
a16,227,1,1,0.6992683
a16,228,1,1,0.87210464
a16,229,1,1,0.72201896
a16,230,1,1,0.6985535
a16,231,1,1,0.6005016
a16,232,1,1,0.8210315
a16,233,1,1,0.7841553
a16,234,1,1,0.7924221
a16,235,1,1,0.6599218
a16,236,1,1,0.7768648
a16,237,1,1,0.98421186
a16,238,1,1,0.7465391
a16,239,1,1,0.923425
a16,240,1,1,0.8435967
a16,241,1,1,0.79627115
a16,242,1,1,0.6810529
a16,243,1,1,0.9854295
a16,244,1,1,0.95383966
a16,245,1,1,0.8683976
a16,246,1,1,0.8342494
a16,247,1,1,0.72777385
a16,248,1,1,0.68018454
a16,249,1,0,0.4371286
a16,250,1,0,0.4439553
a16,251,1,1,0.6202968
a16,252,1,1,0.7469175
a16,253,1,0,0.3930197
a16,254,1,1,0.77547586
a16,255,1,1,0.69586825
a16,256,1,1,0.63334715
a16,257,1,1,0.76602346
a16,258,1,1,0.8202163
a16,259,1,1,0.8453294
a16,260,1,1,0.84277344
a16,261,1,1,0.56357104
a16,262,1,1,0.8491655
a16,263,1,1,0.88325745
a16,264,1,1,0.8286313
a16,265,1,0,0.40051478
a16,266,1,1,0.5605625
a16,267,1,1,0.8791636
a16,268,1,1,0.6931535
a16,269,1,1,0.6540052
a16,270,1,1,0.5998789
a16,271,1,1,0.6978555
a16,272,1,1,0.52659523
a16,273,1,1,0.97760516
a16,274,1,1,0.618714
a16,275,1,1,0.94375163
a16,276,1,1,0.5431734
a16,277,1,1,0.8184337
a16,278,1,1,0.79053605
a16,279,1,1,0.94654125
a16,280,1,1,0.9834552
a16,281,1,1,0.8911024
a16,282,1,1,0.98693556
a16,283,1,1,0.98141104
a16,284,1,1,0.9941755
a16,285,1,1,0.9527347
a16,286,1,1,0.91221976
a16,287,1,1,0.733146
a16,288,1,1,0.8355705
a16,289,1,1,0.7554964
a16,290,1,1,0.91387326
a16,291,1,1,0.97835857
a16,292,1,1,0.9757227
a16,293,1,1,0.9909326
a16,294,1,1,0.9395377
a16,295,1,0,0.3109215
a16,296,0,0,0.43279624
a16,297,0,1,0.54258174
a16,298,0,1,0.5709947
a16,299,0,1,0.64393175
a16,300,0,1,0.58065194
a16,301,0,1,0.52185106
a16,302,0,1,0.57473624
a16,303,0,1,0.5390262
a16,304,0,0,0.42797706
a16,305,0,0,0.26532707
a16,306,0,0,0.40423515
a16,307,0,1,0.6350989
a16,308,0,0,0.46054682
a16,309,0,1,0.6427458
a16,310,1,1,0.71507496
a16,311,1,1,0.83210343
a16,312,1,1,0.7239037
a16,313,1,1,0.87475115
a16,314,1,1,0.8665738
a16,315,1,1,0.68925965
a16,316,1,0,0.46152946
a16,317,0,1,0.808098
a16,318,0,1,0.76157093
a16,319,0,1,0.8716798
a16,320,1,1,0.7381138
a16,321,1,1,0.9131778
a16,322,1,1,0.8240986
a16,323,1,1,0.57712436
a16,324,1,1,0.7962388
a16,325,1,1,0.523427
a16,326,0,1,0.7077431
a16,327,0,0,0.2571235
a16,328,1,1,0.9220059
a16,329,1,1,0.65907204
a16,330,1,1,0.88738316
a16,331,1,1,0.78952533
a16,332,1,1,0.93037987
a16,333,1,1,0.6954965
a16,334,1,1,0.68012583
a16,335,1,1,0.8731111
a16,336,1,1,0.9155896
a16,337,1,1,0.9409595
a16,338,1,1,0.9530146
a16,339,1,1,0.8145203
a16,340,1,1,0.94181705
a16,341,1,1,0.80299157
a16,342,1,1,0.7516565
a16,343,1,1,0.94346917
a16,344,1,1,0.9337107
a16,345,1,1,0.9241091
a16,346,1,1,0.76574445
a16,347,1,1,0.8918619
a16,348,1,1,0.7228319
a16,349,1,1,0.6937714
a16,350,1,1,0.75221413
a16,351,1,1,0.73212004
a16,352,1,1,0.9266271
a16,353,1,1,0.88719606
a16,354,1,1,0.89343673
a16,355,1,1,0.899223
a16,356,1,1,0.9787082
a16,357,1,1,0.97243786
a16,358,1,1,0.9803689
a16,359,1,1,0.9866534
a16,360,1,1,0.92538077
a16,361,1,1,0.90093255
a16,362,1,1,0.983264
a16,363,1,1,0.95412695
a16,364,1,1,0.9570548
a16,365,1,0,0.27594066
a16,366,0,1,0.919468
a16,367,1,1,0.9627339
a16,368,1,1,0.9713532
a16,369,1,1,0.9706773
a16,370,1,1,0.75618166
a16,371,1,1,0.94487256
a16,372,1,1,0.9686155
a16,373,1,1,0.9761922
a16,374,1,1,0.8675472
a16,375,1,1,0.94593626
a16,376,1,1,0.9685268
a16,377,1,1,0.6167982
a16,378,1,1,0.9757877
a16,379,1,1,0.96248454
a16,380,0,1,0.60176533
a16,381,1,1,0.6636274
a16,382,1,1,0.86504626
a16,383,1,1,0.9670346
a16,384,1,1,0.9249063
a16,385,1,1,0.8405536
a16,386,1,1,0.92157894
a16,387,1,1,0.9509879
a16,388,1,1,0.9385305
a16,389,1,1,0.59842515
a16,390,1,1,0.979494
a16,391,1,1,0.67063934
a16,392,1,1,0.72267264
a16,393,1,1,0.6700659
a16,394,1,1,0.8282214
a16,395,1,1,0.9118396
a16,396,1,1,0.76954234
a16,397,1,1,0.71193105
a16,398,1,1,0.95874757
a16,399,1,1,0.9141743
a16,400,1,1,0.97100943
a16,401,1,1,0.6181508
a16,402,1,1,0.9319277
a16,403,1,1,0.6278276
a16,404,1,1,0.7785596
a16,405,1,1,0.6906433
a16,406,1,1,0.62235296
a16,407,1,1,0.8674287
a16,408,1,1,0.89146894
a16,409,1,1,0.78164893
a16,410,1,1,0.9298634
a16,411,1,1,0.8787012
a16,412,1,1,0.85774755
a16,413,1,1,0.87061745
a16,414,1,1,0.6926984
a16,415,1,1,0.8995929
a16,416,1,1,0.91182417
a16,417,1,1,0.60368425
a16,418,1,1,0.97982407
a16,419,1,1,0.9499917
a16,420,1,1,0.72984785
a16,421,1,1,0.88331014
a16,422,1,1,0.5631778
a16,423,1,1,0.8389413
a16,424,1,1,0.94984084
a16,425,1,1,0.6182416
a16,426,1,1,0.9103773
a16,427,1,1,0.93479913
a16,428,1,1,0.83785707
a16,429,1,1,0.55487055
a16,430,1,1,0.8374139
a16,431,1,1,0.50350094
a16,432,1,1,0.92542565
a16,433,1,1,0.8966551
a16,434,1,1,0.6778231
a16,435,1,1,0.9349355
a16,436,1,1,0.9613462
a16,437,1,1,0.95409256
a16,438,1,1,0.81204575
a16,439,1,1,0.80312103
a16,440,1,1,0.782856
a16,441,1,1,0.9327242
a16,442,1,1,0.9068088
a16,443,1,1,0.9292767
a16,444,1,1,0.97317004
a16,445,1,1,0.834876
a16,446,1,1,0.778149
a16,447,1,1,0.92367333
a16,448,1,1,0.9825645
a16,449,1,1,0.9707583
a16,450,1,1,0.5844484
a16,451,1,0,0.37865645
a16,452,1,1,0.96154976
a16,453,1,1,0.7930256
a16,454,0,0,0.1289314
a16,455,0,0,0.041250505
a16,456,0,0,0.12990886
a16,457,0,0,0.18563408
a16,458,0,1,0.5754573
a16,459,0,1,0.8457013
a16,460,0,0,0.32991743
a16,461,0,0,0.3717167
a16,462,1,0,0.38647628
a16,463,1,1,0.60781974
a16,464,1,1,0.5658904
a16,465,0,1,0.55100495
a16,466,0,1,0.60367435
a16,467,0,0,0.28435022
a16,468,0,0,0.48481363
a16,469,0,1,0.6327766
a16,470,0,1,0.57563984
a16,471,1,1,0.56961024
a16,472,1,0,0.37877437
a16,473,1,1,0.5425542
a16,474,1,1,0.5673736
a16,475,0,1,0.9201906
a16,476,0,1,0.640068
a16,477,0,1,0.6364792
a16,478,1,0,0.44889054
a16,479,1,0,0.3453295
a16,480,0,0,0.38543344
a16,481,0,0,0.16894312
a17,1,0,0,0.1416683
a17,2,0,0,0.31255886
a17,3,0,0,0.28220314
a17,4,0,0,0.3203151
a17,5,0,0,0.44965783
a17,6,0,0,0.22658706
a17,7,0,0,0.26123273
a17,8,0,0,0.30178982
a17,9,0,0,0.26048926
a17,10,0,0,0.26245457
a17,11,0,0,0.39082906
a17,12,0,0,0.26146945
a17,13,0,0,0.27253866
a17,14,0,0,0.14247635
a17,15,0,0,0.3283539
a17,16,0,0,0.28197956
a17,17,0,0,0.3660442
a17,18,0,0,0.15810856
a17,19,0,0,0.17770284
a17,20,0,0,0.15505888
a17,21,0,0,0.18755263
a17,22,0,0,0.31194207
a17,23,0,0,0.20521675
a17,24,0,0,0.12782064
a17,25,0,0,0.17266122
a17,26,0,0,0.29823342
a17,27,0,0,0.14106444
a17,28,0,0,0.19610152
a17,29,0,0,0.15982597
a17,30,0,0,0.078138374
a17,31,0,0,0.14219989
a17,32,0,0,0.105444536
a17,33,0,0,0.19373912
a17,34,0,0,0.054171115
a17,35,0,0,0.058866974
a17,36,0,0,0.15922499
a17,37,0,0,0.08731743
a17,38,0,0,0.04667589
a17,39,0,0,0.053530786
a17,40,0,0,0.07459094
a17,41,0,0,0.07309919
a17,42,0,0,0.1430738
a17,43,0,0,0.3186567
a17,44,0,0,0.07314314
a17,45,0,0,0.044291265
a17,46,0,0,0.07077225
a17,47,0,0,0.33418587
a17,48,0,0,0.36996135
a17,49,0,0,0.2545852
a17,50,0,0,0.27360213
a17,51,0,0,0.34192386
a17,52,0,0,0.42923313
a17,53,0,0,0.23416485
a17,54,0,0,0.06352029
a17,55,0,0,0.06189111
a17,56,1,1,0.7785143
a17,57,1,0,0.28005236
a17,58,1,1,0.6536782
a17,59,1,1,0.5265245
a17,60,1,0,0.089031845
a17,61,1,0,0.18935399
a17,62,1,0,0.22002727
a17,63,1,0,0.3687195
a17,64,1,0,0.069571234
a17,65,1,0,0.27507913
a17,66,1,0,0.40139854
a17,67,1,0,0.11864725
a17,68,1,0,0.10444607
a17,69,1,1,0.5286091
a17,70,1,0,0.44429314
a17,71,1,1,0.8023004
a17,72,1,1,0.6309911
a17,73,1,1,0.6270507
a17,74,1,1,0.6804034
a17,75,1,1,0.7417298
a17,76,1,1,0.79486805
a17,77,1,1,0.9387225
a17,78,1,1,0.9247857
a17,79,1,0,0.45132455
a17,80,1,1,0.7750638
a17,81,1,1,0.8682275
a17,82,1,0,0.37976044
a17,83,0,0,0.33564273
a17,84,0,0,0.37537348
a17,85,0,1,0.5887953
a17,86,0,1,0.56944746
a17,87,0,0,0.29674312
a17,88,0,1,0.5080515
a17,89,0,1,0.5072699
a17,90,1,1,0.6177441
a17,91,1,0,0.36060485
a17,92,0,0,0.4627022
a17,93,0,0,0.37527156
a17,94,0,0,0.38424528
a17,95,0,0,0.40980345
a17,96,0,0,0.28308162
a17,97,1,0,0.35210562
a17,98,1,1,0.50009626
a17,99,1,1,0.66965693
a17,100,1,1,0.94700336
a17,101,1,0,0.42783156
a17,102,0,0,0.38232234
a17,103,0,0,0.42549428
a17,104,0,0,0.3103652
a17,105,0,0,0.417859
a17,106,0,0,0.36445698
a17,107,0,0,0.45265892
a17,108,0,1,0.6086539
a17,109,0,0,0.36482176
a17,110,0,0,0.39274353
a17,111,0,0,0.30853346
a17,112,0,1,0.61918455
a17,113,0,1,0.5693511
a17,114,0,0,0.36177403
a17,115,0,0,0.3158054
a17,116,0,0,0.3814723
a17,117,0,0,0.42974553
a17,118,0,0,0.3430216
a17,119,0,1,0.72089773
a17,120,1,1,0.75705546
a17,121,1,1,0.64634997
a17,122,1,1,0.75469154
a17,123,1,1,0.9229943
a17,124,1,1,0.78407437
a17,125,1,1,0.79209137
a17,126,1,1,0.94301957
a17,127,1,1,0.9362013
a17,128,1,1,0.8734314
a17,129,1,1,0.94370806
a17,130,1,1,0.7361386
a17,131,1,1,0.85881793
a17,132,1,1,0.52633876
a17,133,1,1,0.8583227
a17,134,1,1,0.83312774
a17,135,1,1,0.7049347
a17,136,1,1,0.80092293
a17,137,1,0,0.42133188
a17,138,1,1,0.64137185
a17,139,1,0,0.4986258
a17,140,1,0,0.29715315
a17,141,1,0,0.28933084
a17,142,0,0,0.2970603
a17,143,0,0,0.37615544
a17,144,0,1,0.7430192
a17,145,1,1,0.81809294
a17,146,1,1,0.78859276
a17,147,1,1,0.5176867
a17,148,1,1,0.7688746
a17,149,1,1,0.88618934
a17,150,1,1,0.6020555
a17,151,1,1,0.838164
a17,152,1,1,0.7145257
a17,153,1,1,0.551312
a17,154,1,1,0.8472692
a17,155,1,0,0.4890534
a17,156,1,1,0.7424562
a17,157,1,1,0.9078023
a17,158,1,1,0.8349251
a17,159,1,0,0.2827157
a17,160,0,1,0.6871027
a17,161,1,1,0.83915806
a17,162,1,0,0.25665295
a17,163,1,0,0.29777545
a17,164,1,1,0.9499226
a17,165,1,0,0.048034392
a17,166,0,0,0.13217807
a17,167,0,0,0.1165389
a17,168,0,0,0.07386886
a17,169,0,0,0.29425585
a17,170,0,0,0.14341536
a17,171,0,0,0.07426495
a17,172,0,0,0.13666748
a17,173,0,0,0.19718973
a17,174,0,0,0.11293041
a17,175,0,0,0.09791604
a17,176,0,0,0.11710699
a17,177,0,0,0.019014224
a17,178,0,0,0.07380678
a17,179,0,0,0.04769163
a17,180,0,0,0.04291511
a17,181,0,0,0.06166553
a17,182,0,0,0.05143299
a17,183,0,0,0.083000064
a17,184,0,0,0.06553967
a17,185,0,0,0.064244665
a17,186,0,0,0.21222562
a17,187,0,0,0.020329356
a17,188,0,0,0.14960991
a17,189,0,0,0.019108223
a17,190,0,0,0.07278082
a17,191,0,0,0.04378773
a17,192,0,0,0.23643357
a17,193,0,0,0.09102717
a17,194,0,0,0.06436595
a17,195,0,0,0.114380136
a17,196,0,0,0.16617514
a17,197,0,0,0.02862784
a17,198,0,0,0.24119717
a17,199,1,0,0.35465345
a17,200,1,1,0.6107259
a17,201,1,0,0.44083697
a17,202,1,0,0.33397397
a17,203,1,0,0.23479076
a17,204,1,0,0.4463611
a17,205,1,1,0.701677
a17,206,1,1,0.5924974
a17,207,1,1,0.51274675
a17,208,1,0,0.13137373
a17,209,1,0,0.10981365
a17,210,0,0,0.08827681
a17,211,0,0,0.27013054
a17,212,0,0,0.4552262
a17,213,0,0,0.14042597
a17,214,0,0,0.12626763
a17,215,0,0,0.11515098
a17,216,0,0,0.23185542
a17,217,0,0,0.11990051
a17,218,0,0,0.15815508
a17,219,0,0,0.12379391
a17,220,0,0,0.1711896
a17,221,0,0,0.18060808
a17,222,0,0,0.18999924
a17,223,0,0,0.10339178
a17,224,0,0,0.24864836
a17,225,0,0,0.2758737
a17,226,0,0,0.049789622
a17,227,0,1,0.51606965
a17,228,0,0,0.15146203
a17,229,1,0,0.29050463
a17,230,1,0,0.4388961
a17,231,1,0,0.39936388
a17,232,1,0,0.4675098
a17,233,1,1,0.51805955
a17,234,1,0,0.48679635
a17,235,1,0,0.3889906
a17,236,1,1,0.68754697
a17,237,1,0,0.3616865
a17,238,1,0,0.20237435
a17,239,1,1,0.7451083
a17,240,1,0,0.36937526
a17,241,1,0,0.46321395
a17,242,1,0,0.27183443
a17,243,1,0,0.4333735
a17,244,0,0,0.27664423
a17,245,0,0,0.325438
a17,246,0,0,0.37880054
a17,247,0,0,0.4059175
a17,248,0,0,0.3750532
a17,249,0,0,0.2663391
a17,250,0,0,0.49243462
a17,251,0,0,0.42222494
a17,252,0,0,0.38767618
a17,253,0,1,0.6489931
a17,254,0,0,0.3927148
a17,255,0,0,0.22217208
a17,256,0,0,0.31389865
a17,257,0,0,0.45450175
a17,258,0,0,0.40872118
a17,259,0,0,0.45318988
a17,260,0,0,0.3079547
a17,261,0,1,0.6987868
a17,262,0,0,0.15800361
a17,263,0,0,0.42537725
a17,264,1,0,0.2538228
a17,265,1,1,0.8661624
a17,266,1,1,0.50512254
a17,267,1,1,0.737826
a17,268,1,1,0.77466196
a17,269,1,1,0.7660159
a17,270,1,1,0.89264536
a17,271,1,1,0.84922636
a17,272,1,1,0.7726636
a17,273,1,1,0.70434475
a17,274,1,1,0.5048165
a17,275,1,1,0.5963581
a17,276,1,1,0.85819036
a17,277,1,1,0.75293213
a17,278,1,1,0.76106757
a17,279,1,1,0.8045126
a17,280,1,1,0.7935415
a17,281,1,1,0.6850547
a17,282,1,0,0.38672432
a17,283,1,1,0.89216155
a17,284,1,1,0.91043717
a17,285,1,1,0.8376258
a17,286,1,1,0.70574677
a17,287,1,1,0.8321084
a17,288,1,1,0.71759313
a17,289,1,1,0.7222989
a17,290,1,1,0.94593453
a17,291,1,1,0.5342624
a17,292,1,1,0.7136853
a17,293,1,1,0.8730545
a17,294,1,1,0.90387636
a17,295,1,1,0.874404
a17,296,1,1,0.7627334
a17,297,1,1,0.90655625
a17,298,1,0,0.4360364
a17,299,0,0,0.23158999
a17,300,0,0,0.29119056
a17,301,0,0,0.23422544
a17,302,0,0,0.26738644
a17,303,0,0,0.37606567
a17,304,0,0,0.48846588
a17,305,0,0,0.37795958
a17,306,0,0,0.24025585
a17,307,0,1,0.5106282
a17,308,0,0,0.42691612
a17,309,0,0,0.10738124
a17,310,0,0,0.35978585
a17,311,0,0,0.3668581
a17,312,0,0,0.47684047
a17,313,0,1,0.72010607
a17,314,0,0,0.25328562
a17,315,0,0,0.19331455
a17,316,1,0,0.42010754
a17,317,0,0,0.2517547
a17,318,0,1,0.542055
a17,319,0,0,0.3884106
a17,320,0,1,0.55700845
a17,321,0,0,0.19270486
a17,322,0,0,0.30138716
a17,323,0,0,0.44001025
a17,324,0,0,0.18270624
a17,325,0,0,0.25126216
a17,326,0,0,0.28904673
a17,327,0,0,0.28089494
a17,328,0,0,0.26292676
a17,329,0,0,0.12280215
a17,330,0,1,0.6075447
a17,331,0,0,0.43024504
a17,332,0,0,0.26552567
a17,333,0,0,0.2680757
a17,334,0,0,0.47511062
a17,335,0,1,0.6869215
a17,336,0,0,0.44535112
a17,337,0,1,0.6660375
a17,338,0,0,0.44322968
a17,339,0,0,0.47958663
a17,340,0,0,0.41595832
a17,341,0,0,0.43701074
a17,342,0,0,0.4193747
a17,343,0,0,0.4988784
a17,344,0,0,0.4501555
a17,345,0,1,0.8008443
a17,346,0,0,0.32956323
a17,347,0,0,0.42285362
a17,348,0,0,0.3999828
a17,349,0,0,0.30902994
a17,350,0,0,0.325002
a17,351,0,0,0.39395642
a17,352,0,0,0.3984073
a17,353,0,0,0.44058478
a17,354,0,0,0.49786812
a17,355,0,0,0.42031336
a17,356,0,0,0.4087784
a17,357,0,0,0.4250319
a17,358,0,0,0.29924563
a17,359,0,0,0.41708326
a17,360,0,0,0.26030725
a17,361,0,0,0.32797354
a17,362,0,0,0.45998225
a17,363,0,0,0.35333768
a17,364,0,1,0.51207304
a17,367,1,1,0.9233599
a17,368,1,1,0.8493664
a17,369,1,1,0.84997183
a17,370,1,1,0.8014616
a17,371,1,1,0.90651727
a17,372,1,1,0.8648155
a17,373,0,0,0.1378344
a17,374,0,1,0.88127404
a17,375,0,1,0.8669373
a17,376,0,1,0.51582843
a17,377,0,1,0.50938755
a17,378,0,1,0.52356154
a17,379,0,0,0.41851223
a17,380,0,1,0.9219921
a17,381,1,1,0.8913643
a17,382,1,1,0.8443557
a17,383,1,0,2.3409475e-06
a17,384,0,0,1.3172375e-09
a17,385,0,0,0.15245907
a17,386,0,1,0.8722881
a17,387,0,1,0.74816996
a17,388,0,1,0.79177064
a17,389,0,1,0.87391645
a17,390,0,1,0.8273165
a17,391,0,1,0.71548414
a17,392,0,1,0.5566745
a17,393,1,1,0.7142304
a17,394,1,1,0.84224725
a17,395,1,1,0.82008517
a17,396,1,0,0.3918488
a17,397,1,1,0.7941739
a17,398,1,1,0.91070724
a17,399,1,1,0.8266733
a17,400,1,1,0.6614519
a17,401,0,1,0.74136573
a17,402,0,1,0.7152105
a17,403,0,1,0.684906
a17,404,0,1,0.6821433
a17,405,0,1,0.7430763
a17,406,0,1,0.62463737
a17,407,0,0,0.34883654
a17,408,0,1,0.55388534
a17,409,0,1,0.6014277
a17,410,0,0,1.30285e-09
a17,411,0,1,0.55891585
a17,412,0,1,0.7908771
a17,413,0,1,0.7050689
a17,414,0,1,0.802306
a17,415,0,0,0.47544473
a17,416,0,1,0.75972813
a17,417,0,0,0.077214174
a17,418,0,1,0.7345101
a17,419,0,1,0.62733054
a17,420,0,1,0.7572042
a17,421,0,1,0.8334132
a17,422,0,0,4.5557204e-05
a17,423,0,0,0.03738166
a17,424,0,1,0.5196598
a17,425,0,0,0.29319704
a17,426,0,1,0.6023827
a17,427,0,0,0.43806115
a17,428,0,1,0.5009649
a17,429,0,0,0.14269006
a17,430,0,0,0.2207121
a17,431,0,0,0.40766716
a17,432,0,0,0.29110774
a17,433,0,0,0.23145401
a17,434,0,0,0.49589562
a17,435,0,0,0.28886145
a17,436,0,0,0.33082077
a17,437,0,0,0.4085714
a17,438,0,0,0.33130166
a17,439,0,0,0.25519106
a17,440,0,0,0.32785
a17,441,0,0,0.23154366
a17,442,0,0,0.44065735
a17,443,0,0,0.20469427
a17,444,0,0,0.21277058
a17,445,0,1,0.88485277
a17,446,0,0,0.35230258
a17,447,0,0,0.3177315
a17,448,0,0,0.3759233
a17,449,0,0,0.38051587
a17,450,0,0,0.4175616
a17,451,0,0,0.3316126
a17,452,0,0,0.4193166
a17,453,0,0,0.34114876
a17,454,0,0,0.28948304
a17,455,0,0,0.2670508
a17,456,0,0,0.007840773
a17,457,0,1,0.76785153
a17,458,0,1,0.60807174
a17,459,0,1,0.79197806
a17,460,0,1,0.80814344
a17,461,0,1,0.90065753
a17,462,1,1,0.8014764
a17,463,0,1,0.89418346
a17,464,0,1,0.66600305
a17,465,0,1,0.8144723
a17,466,0,1,0.8036899
a17,467,0,1,0.6450367
a17,468,0,1,0.70431495
a17,469,0,1,0.593966
a17,470,0,1,0.7464579
a17,471,0,1,0.7715132
a17,472,0,1,0.7414778
a17,473,0,1,0.66128343
a17,474,0,1,0.79581267
a17,475,0,1,0.92682433
a17,476,0,1,0.5804536
a17,477,0,1,0.63688564
a17,478,0,1,0.7585801
a17,479,0,1,0.7924427
a17,480,0,0,0.12617987
a17,481,0,1,0.62523174
a17,482,0,0,0.0037985586
a17,483,0,1,0.9276972
a17,484,0,1,0.529578
a18,1,0,0,0.32006323
a18,2,0,0,0.14188418
a18,3,0,1,0.926036
a18,4,0,1,0.72234964
a18,5,0,1,0.9420978
a18,6,0,0,0.45761204
a18,7,0,0,0.2741445
a18,8,0,1,0.6876973
a18,9,0,0,0.33553037
a18,10,0,1,0.50563514
a18,11,0,0,0.2727105
a18,12,0,1,0.7403067
a18,13,0,1,0.9339032
a18,14,0,1,0.5684795
a18,15,0,1,0.5966251
a18,16,0,1,0.85113496
a18,17,0,1,0.63048285
a18,18,0,1,0.78913474
a18,19,0,1,0.86403847
a18,20,0,0,0.36605957
a18,21,0,0,0.22567445
a18,22,0,0,0.49263814
a18,23,0,0,0.49052647
a18,24,0,1,0.52322143
a18,25,0,1,0.68245083
a18,26,0,1,0.92519665
a18,27,0,1,0.9526904
a18,28,0,1,0.74561465
a18,29,0,1,0.85732245
a18,30,0,1,0.931018
a18,31,0,1,0.7523287
a18,32,0,1,0.85398036
a18,33,1,1,0.90271896
a18,34,1,1,0.89852405
a18,35,1,1,0.88877887
a18,36,1,1,0.9225417
a18,37,1,1,0.94402415
a18,38,1,1,0.9508572
a18,39,1,1,0.93841183
a18,40,1,1,0.8649354
a18,41,1,1,0.8864325
a18,42,1,1,0.8981006
a18,43,1,1,0.7445904
a18,44,1,1,0.86357147
a18,45,1,1,0.8537934
a18,46,1,1,0.7929487
a18,47,1,1,0.8514983
a18,48,1,1,0.93046707
a18,49,1,0,0.4420298
a18,50,1,1,0.9132711
a18,51,1,1,0.90791667
a18,52,1,1,0.82222915
a18,53,1,1,0.8268737
a18,54,1,1,0.9270881
a18,55,1,1,0.8703555
a18,56,1,1,0.72513723
a18,57,1,1,0.80105287
a18,58,1,1,0.7713699
a18,59,1,1,0.8900064
a18,60,1,1,0.8641195
a18,61,1,1,0.882228
a18,62,1,1,0.84015816
a18,63,1,1,0.90709394
a18,64,1,1,0.8311336
a18,65,1,1,0.68898803
a18,66,1,1,0.92119974
a18,67,1,1,0.940292
a18,68,1,1,0.81894624
a18,69,1,1,0.9150742
a18,70,1,1,0.81894267
a18,71,1,1,0.5130577
a18,72,1,1,0.8869012
a18,73,1,1,0.838673
a18,74,1,1,0.906236
a18,75,1,1,0.86730987
a18,76,1,1,0.743415
a18,77,1,1,0.8143002
a18,78,1,1,0.8116754
a18,79,1,1,0.8789717
a18,80,1,1,0.91018033
a18,81,1,1,0.8615621
a18,82,1,1,0.75929475
a18,83,1,1,0.5954534
a18,84,1,1,0.73289526
a18,85,1,1,0.82559407
a18,86,1,1,0.84663564
a18,87,1,1,0.8615447
a18,88,1,1,0.7713982
a18,89,1,1,0.84263647
a18,90,1,1,0.8952561
a18,91,1,1,0.7847956
a18,92,1,1,0.8935496
a18,93,1,1,0.8581269
a18,94,1,1,0.7713157
a18,95,1,1,0.8128049
a18,96,1,1,0.8542969
a18,97,1,1,0.80900496
a18,98,1,1,0.85887796
a18,99,1,1,0.85595655
a18,100,1,1,0.9091635
a18,101,1,1,0.8427283
a18,102,1,1,0.6868773
a18,103,1,1,0.8897928
a18,104,1,1,0.82016134
a18,105,1,1,0.8704216
a18,106,1,1,0.8545042
a18,107,1,1,0.8584243
a18,108,1,1,0.8147185
a18,109,1,1,0.647841
a18,110,1,1,0.7499593
a18,111,1,1,0.77507836
a18,112,1,1,0.7226184
a18,113,1,1,0.8717827
a18,114,1,1,0.88227767
a18,115,1,1,0.7808089
a18,116,1,1,0.81296235
a18,117,1,1,0.79074234
a18,118,1,1,0.83857435
a18,119,1,1,0.8733464
a18,120,1,1,0.76834935
a18,121,1,1,0.86041635
a18,122,1,1,0.7658184
a18,123,1,1,0.8661585
a18,124,1,1,0.8604818
a18,125,1,1,0.87865746
a18,126,1,1,0.78049505
a18,127,1,1,0.8326523
a18,128,1,1,0.88605845
a18,129,1,1,0.9084418
a18,130,1,1,0.7686821
a18,131,1,1,0.80147654
a18,132,1,1,0.75329626
a18,133,1,1,0.7962516
a18,134,1,1,0.7822621
a18,135,1,1,0.6989823
a18,136,1,1,0.8512985
a18,137,1,1,0.5940996
a18,138,1,1,0.8856194
a18,139,1,1,0.68327296
a18,140,1,1,0.84199244
a18,141,1,1,0.79572225
a18,142,1,1,0.78947777
a18,143,1,1,0.75566345
a18,144,1,1,0.88970214
a18,145,1,1,0.80813456
a18,146,1,1,0.5660577
a18,147,1,1,0.7748178
a18,148,1,1,0.7097391
a18,149,1,1,0.8695044
a18,150,1,1,0.765158
a18,151,1,1,0.83162194
a18,152,1,1,0.70698434
a18,153,1,1,0.74851614
a18,154,1,1,0.8058531
a18,155,1,1,0.7772786
a18,156,1,1,0.6764221
a18,157,1,1,0.733021
a18,158,1,1,0.77649647
a18,159,1,1,0.696897
a18,160,1,1,0.6093673
a18,161,1,1,0.7261045
a18,162,1,1,0.72955215
a18,163,1,1,0.6393976
a18,164,1,1,0.7086139
a18,165,1,1,0.75504136
a18,166,1,1,0.9262912
a18,167,1,1,0.75179213
a18,168,1,1,0.8312143
a18,169,1,1,0.8692851
a18,170,0,1,0.9623856
a18,171,0,1,0.93535835
a18,172,0,1,0.8340307
a18,173,0,1,0.6264936
a18,174,0,1,0.73047936
a18,175,0,1,0.6556777
a18,176,0,1,0.52960956
a18,177,0,0,0.12187971
a18,178,0,1,0.51380306
a18,179,0,0,0.4223514
a18,180,1,1,0.51744884
a18,181,1,1,0.79305565
a18,182,1,0,0.38856778
a18,183,1,1,0.7248303
a18,184,1,1,0.59792954
a18,185,1,1,0.718166
a18,186,1,1,0.9254267
a18,187,0,1,0.8853642
a18,188,0,1,0.83843917
a18,189,0,1,0.7633903
a18,190,1,1,0.9067842
a18,191,1,1,0.8720614
a18,192,1,1,0.856939
a18,193,1,1,0.8676015
a18,194,1,1,0.9320711
a18,195,0,1,0.89022034
a18,196,1,1,0.90517384
a18,197,1,1,0.96950847
a18,198,1,1,0.79256564
a18,199,1,1,0.9309532
a18,200,1,1,0.9630673
a18,201,1,1,0.9314734
a18,202,1,1,0.9479611
a18,203,1,1,0.9371736
a18,204,1,1,0.9293527
a18,205,1,1,0.9356431
a18,206,1,1,0.89359045
a18,207,1,1,0.7964267
a18,208,1,1,0.88811606
a18,209,1,1,0.920251
a18,210,1,1,0.91399074
a18,211,1,1,0.9353234
a18,212,1,1,0.9311149
a18,213,1,1,0.8498854
a18,214,1,1,0.91630524
a18,215,1,1,0.93614435
a18,216,1,1,0.8108011
a18,217,1,1,0.90723234
a18,218,1,1,0.9020586
a18,219,1,1,0.90099484
a18,220,1,1,0.9062124
a18,221,1,1,0.95570433
a18,222,1,1,0.8912783
a18,223,1,1,0.8947722
a18,224,1,1,0.9435061
a18,225,1,1,0.8940171
a18,226,0,1,0.8185576
a18,227,0,1,0.8031374
a18,228,1,1,0.80824
a18,229,1,1,0.91202
a18,230,0,1,0.8793672
a18,231,0,1,0.8655886
a18,232,1,1,0.8448567
a18,233,1,1,0.87862086
a18,234,1,1,0.84743077
a18,235,1,1,0.82635343
a18,236,1,1,0.9175928
a18,237,1,1,0.90489554
a18,238,1,1,0.84183687
a18,239,1,1,0.9149189
a18,240,1,1,0.8713335
a18,241,1,1,0.87007445
a18,242,1,1,0.9034573
a18,243,1,1,0.89525485
a18,244,1,1,0.80123985
a18,245,1,1,0.9401448
a18,246,1,1,0.9221986
a18,247,1,1,0.93112576
a18,248,1,1,0.9327906
a18,249,1,1,0.7217705
a18,250,1,1,0.8136619
a18,251,1,1,0.8292257
a18,252,1,1,0.726178
a18,253,1,1,0.68301076
a18,254,1,1,0.84845215
a18,255,1,1,0.8629709
a18,256,1,1,0.8267408
a18,257,1,1,0.55425423
a18,258,1,1,0.73944414
a18,259,1,1,0.9256065
a18,260,1,1,0.71207243
a18,261,1,1,0.5861798
a18,262,1,1,0.785821
a18,263,1,1,0.8177222
a18,264,1,1,0.7957132
a18,265,1,1,0.5885526
a18,266,1,1,0.87278616
a18,267,1,1,0.95578134
a18,268,1,1,0.9406791
a18,269,1,1,0.9295292
a18,270,1,1,0.93460405
a18,271,1,1,0.952843
a18,272,1,1,0.87882537
a18,273,1,1,0.8906371
a18,274,1,0,0.1992253
a18,275,1,1,0.8061266
a18,276,1,1,0.898444
a18,277,1,1,0.91138875
a18,278,1,1,0.81189805
a18,279,1,1,0.85745215
a18,280,1,1,0.9167692
a18,281,1,1,0.8282583
a18,282,1,1,0.84120405
a18,283,1,1,0.87623084
a18,284,1,1,0.8623828
a18,285,1,1,0.8733819
a18,286,1,1,0.77508414
a18,287,1,1,0.9035647
a18,288,1,1,0.9342464
a18,289,1,1,0.84464324
a18,290,1,1,0.9275138
a18,291,1,1,0.8599545
a18,292,1,1,0.8276676
a18,293,1,1,0.85377264
a18,294,1,1,0.8868279
a18,295,1,1,0.83335805
a18,296,1,1,0.84634906
a18,297,1,1,0.7834444
a18,298,1,1,0.73306024
a18,299,1,1,0.9448212
a18,300,1,1,0.77959883
a18,301,1,1,0.7008721
a18,302,1,1,0.8052144
a18,303,1,1,0.74453336
a18,304,1,1,0.7101316
a18,305,1,1,0.7976521
a18,306,1,1,0.72888285
a18,307,1,1,0.8951065
a18,308,1,1,0.7066644
a18,309,1,1,0.89699364
a18,310,1,1,0.90266484
a18,311,1,1,0.751368
a18,312,1,1,0.89893174
a18,313,1,1,0.6820592
a18,314,1,1,0.7024849
a18,315,1,1,0.85174567
a18,316,1,1,0.8080079
a18,317,1,1,0.85907096
a18,318,1,1,0.90290076
a18,319,1,1,0.7959316
a18,320,1,1,0.7706004
a18,321,1,1,0.8392835
a18,322,1,1,0.8774344
a18,323,1,1,0.7433235
a18,324,1,1,0.8027618
a18,325,1,1,0.7453462
a18,326,1,1,0.8701603
a18,327,1,1,0.8558886
a18,328,1,1,0.5245996
a18,329,1,1,0.590546
a18,330,1,1,0.8472761
a18,331,1,1,0.8920685
a18,332,1,1,0.81872
a18,333,1,1,0.500589
a18,334,1,1,0.6846463
a18,335,1,1,0.54482824
a18,336,1,1,0.8401692
a18,337,1,1,0.8920586
a18,338,1,1,0.8737472
a18,339,1,1,0.7949783
a18,340,1,1,0.7162384
a18,341,1,1,0.7960192
a18,342,1,1,0.87985814
a18,343,1,1,0.8294975
a18,344,1,1,0.7265287
a18,345,1,1,0.8138478
a18,346,1,1,0.8590553
a18,347,1,1,0.844406
a18,348,1,1,0.88341504
a18,349,1,1,0.7123414
a18,350,1,1,0.89685035
a18,351,1,1,0.62183523
a18,352,1,1,0.76666045
a18,353,1,1,0.84207696
a18,354,1,1,0.8933643
a18,355,1,1,0.63843465
a18,356,1,1,0.7316489
a18,357,1,1,0.85859317
a18,358,1,1,0.72698957
a18,359,1,1,0.6896955
a18,360,1,1,0.85792047
a18,361,1,1,0.7638167
a18,362,1,1,0.71607745
a18,363,1,1,0.7465955
a18,364,1,1,0.941008
a18,365,1,1,0.61397064
a18,366,1,1,0.8993935
a18,367,1,1,0.7382195
a18,368,1,1,0.7697092
a18,369,1,1,0.89733654
a18,370,1,1,0.94323474
a18,371,1,1,0.9372922
a18,372,1,1,0.83569646
a18,373,1,1,0.9286517
a18,374,1,1,0.9209461
a18,375,1,1,0.9566517
a18,376,1,1,0.93008316
a18,377,1,1,0.9246694
a18,378,1,1,0.93782884
a18,379,1,1,0.8594348
a18,380,1,1,0.95548314
a18,381,1,1,0.93652314
a18,382,1,1,0.9355166
a18,383,1,1,0.8555871
a18,384,1,1,0.8449041
a18,385,1,1,0.9153852
a18,386,1,1,0.8779296
a18,387,1,1,0.8995251
a18,388,1,1,0.9560475
a18,389,1,1,0.9391914
a18,390,1,1,0.8807182
a18,391,1,1,0.9330833
a18,392,1,1,0.7711945
a18,393,1,1,0.8257809
a18,394,1,1,0.90079767
a18,395,1,1,0.72190154
a18,396,1,1,0.82313704
a18,397,1,1,0.92048115
a18,398,1,1,0.8833182
a18,399,1,1,0.78019583
a18,400,1,1,0.86366946
a18,401,1,1,0.6557881
a18,402,1,1,0.85174924
a18,403,1,1,0.788028
a18,404,1,1,0.7405254
a18,405,1,1,0.89255273
a18,406,1,1,0.63606554
a18,407,1,1,0.78616834
a18,408,1,1,0.836811
a18,409,1,1,0.7308208
a18,410,1,1,0.7205783
a18,411,1,1,0.79391265
a18,412,1,1,0.7975949
a18,413,1,1,0.67064166
a18,414,1,1,0.8050986
a18,415,1,1,0.7346837
a18,416,1,1,0.585775
a18,417,1,1,0.8755691
a18,418,1,1,0.94132996
a18,419,1,1,0.945058
a18,420,1,1,0.8129012
a18,421,1,1,0.52214545
a18,422,1,0,0.47913483
a18,423,1,1,0.68062574
a18,424,1,1,0.8552168
a18,425,1,1,0.87388617
a18,426,1,1,0.7837096
a18,427,1,1,0.7082249
a18,428,1,1,0.79881835
a18,429,1,1,0.7661866
a18,430,1,1,0.8393779
a18,431,1,1,0.75621974
a18,432,1,1,0.7478169
a18,433,1,1,0.8300622
a18,434,1,1,0.5817047
a18,435,1,1,0.68946207
a18,436,1,1,0.7567262
a18,437,1,1,0.93142104
a18,438,1,1,0.90264785
a18,439,1,1,0.7673388
a18,440,1,1,0.72879446
a18,441,1,1,0.85851216
a18,442,1,1,0.8519222
a18,443,1,1,0.8769773
a18,444,1,1,0.8274631
a18,445,1,1,0.89851165
a18,446,1,1,0.52241874
a18,447,1,1,0.6704637
a18,448,1,1,0.71081907
a18,449,1,1,0.7104898
a18,450,1,1,0.8603836
a18,451,1,1,0.77364784
a18,452,1,1,0.63052994
a18,453,1,1,0.8460026
a18,454,1,1,0.8213268
a18,455,1,1,0.6494261
a18,456,1,1,0.7096747
a18,457,1,1,0.71122277
a18,458,1,1,0.50321436
a18,459,1,1,0.7754839
a18,460,1,1,0.80783385
a18,461,1,1,0.758631
a18,462,1,1,0.7306585
a18,463,1,1,0.80987006
a18,464,1,1,0.9034308
a18,465,1,1,0.86665165
a18,466,1,1,0.9020763
a18,467,1,1,0.8381287
a18,468,1,1,0.79675305
a18,469,1,1,0.9209216
a18,470,1,1,0.6256501
a18,471,1,1,0.7857684
a18,472,1,1,0.90735346
a18,473,1,1,0.8198114
a18,474,1,1,0.81825477
a18,475,1,1,0.8973402
a18,476,1,1,0.9340478
a18,477,1,1,0.8036373
a18,478,1,1,0.8869226
a18,479,1,1,0.8481448
a18,480,1,1,0.80596346
a18,481,1,1,0.7950092
a18,482,1,1,0.86115754
a18,483,1,1,0.8175829
a18,484,1,1,0.7521575
a18,485,1,1,0.8929182
a18,486,1,1,0.8313559
a18,487,1,1,0.7609985
a18,488,1,1,0.8155523
a19,1,1,0,0.45058918
a19,2,1,1,0.5592196
a19,3,1,1,0.5730596
a19,4,1,1,0.5035384
a19,5,1,1,0.56969666
a19,6,1,0,0.42547905
a19,7,0,1,0.5107781
a19,8,0,1,0.51822305
a19,9,1,0,0.37017393
a19,10,1,1,0.6379058
a19,11,1,1,0.5851622
a19,12,1,0,0.28970823
a19,13,1,1,0.56728446
a19,14,0,0,0.21043459
a19,15,0,0,0.16041344
a19,16,0,1,0.57460386
a19,17,0,0,0.3194288
a19,18,0,0,0.20770179
a19,19,0,1,0.6201359
a19,20,0,0,0.35967967
a19,21,0,0,0.26740375
a19,22,0,0,0.42696348
a19,23,0,0,0.43430215
a19,24,0,1,0.7266755
a19,25,0,0,0.24101204
a19,26,0,0,0.41491824
a19,27,1,1,0.7115555
a19,28,0,1,0.62429494
a19,29,0,0,0.32272568
a19,30,0,0,0.3552274
a19,31,0,0,0.22367828
a19,32,0,0,0.12353905
a19,33,0,0,0.14695296
a19,34,0,0,0.2937775
a19,35,0,0,0.12242389
a19,36,0,0,0.15831287
a19,37,0,0,0.2553407
a19,38,0,0,0.23392557
a19,39,0,0,0.10205715
a19,40,0,0,0.18756567
a19,41,0,0,0.21646488
a19,42,0,0,0.12678507
a19,43,0,0,0.08149782
a19,44,0,0,0.10775385
a19,45,0,0,0.17411794
a19,46,0,0,0.1954446
a19,47,0,0,0.12633577
a19,48,0,0,0.14308682
a19,49,0,0,0.123202905
a19,50,0,0,0.16526002
a19,51,0,0,0.15919788
a19,52,0,0,0.110139415
a19,53,0,0,0.25969464
a19,54,0,1,0.64415807
a19,55,0,0,0.12160688
a19,56,0,0,0.14258792
a19,57,0,0,0.10622157
a19,58,0,0,0.057206817
a19,59,0,0,0.09681031
a19,60,0,0,0.05625649
a19,61,0,0,0.07425165
a19,62,0,0,0.101397514
a19,63,0,0,0.132102
a19,64,0,0,0.047407866
a19,65,0,0,0.060783554
a19,66,0,0,0.13927367
a19,67,0,0,0.09090216
a19,68,0,0,0.05052786
a19,69,0,0,0.029363586
a19,70,0,0,0.077044345
a19,71,0,0,0.18712841
a19,72,0,0,0.14341359
a19,73,0,0,0.28365567
a19,74,0,0,0.11152297
a19,75,0,0,0.12325943
a19,76,0,0,0.11447588
a19,77,0,0,0.20094617
a19,78,0,0,0.07008691
a19,79,0,0,0.06547993
a19,80,0,0,0.160688
a19,81,0,0,0.0700946
a19,82,0,0,0.42641908
a19,83,0,0,0.21711694
a19,84,0,0,0.2631629
a19,85,0,0,0.15915261
a19,86,0,0,0.34407613
a19,87,1,1,0.74922526
a19,88,1,0,0.39084247
a19,89,1,0,0.33035418
a19,90,1,1,0.6408769
a19,91,1,1,0.7846001
a19,92,1,1,0.6087375
a19,93,1,1,0.70231557
a19,94,1,1,0.8428537
a19,95,1,1,0.71533334
a19,96,1,1,0.71786845
a19,97,1,1,0.81071645
a19,98,1,0,0.30474976
a19,99,0,0,0.28492096
a19,100,0,0,0.14230448
a19,101,0,0,0.15212356
a19,102,0,0,0.15872371
a19,103,0,0,0.15905923
a19,104,0,1,0.63653296
a19,105,0,0,0.18919146
a19,106,0,0,0.10775367
a19,107,0,0,0.12298803
a19,108,0,0,0.4025515
a19,109,0,0,0.3607284
a19,110,0,0,0.05928408
a19,111,0,0,0.052480783
a19,112,0,0,0.048559144
a19,113,0,0,0.035027128
a19,114,0,0,0.07888458
a19,115,0,0,0.035236
a19,116,0,0,0.051234554
a19,117,0,0,0.048232395
a19,118,0,0,0.08347864
a19,119,0,0,0.057830226
a19,120,0,0,0.023976889
a19,121,0,0,0.07217237
a19,122,0,0,0.03136699
a19,123,0,0,0.073030904
a19,124,0,0,0.046124995
a19,125,0,0,0.04092442
a19,126,0,0,0.049917415
a19,127,0,0,0.04778905
a19,128,0,0,0.05660881
a19,129,0,0,0.104974784
a19,130,0,0,0.08342568
a19,131,0,0,0.097514585
a19,132,0,0,0.08494929
a19,133,0,0,0.05454038
a19,134,0,0,0.053141054
a19,135,0,0,0.06193063
a19,136,0,0,0.107188754
a19,137,0,0,0.09427533
a19,138,0,0,0.05891042
a19,139,0,0,0.11362869
a19,140,0,0,0.115409695
a19,141,0,0,0.07977998
a19,142,0,0,0.033912566
a19,143,0,0,0.07176477
a19,144,0,0,0.042111687
a19,145,0,0,0.051282287
a19,146,0,0,0.038734086
a19,147,0,0,0.10818367
a19,148,0,0,0.31625393
a19,149,1,1,0.53586966
a19,150,1,1,0.5918555
a19,151,1,1,0.7517812
a19,152,1,1,0.8514207
a19,153,1,1,0.62467134
a19,154,1,1,0.58065933
a19,155,1,1,0.5948949
a19,156,1,1,0.674352
a19,157,1,1,0.6687748
a19,158,1,1,0.74565595
a19,159,1,0,0.44137606
a19,160,1,1,0.6432171
a19,161,1,1,0.6144562
a19,162,1,1,0.9089778
a19,163,1,1,0.6376833
a19,164,1,1,0.65789413
a19,165,1,1,0.73963976
a19,166,1,1,0.76933086
a19,167,1,1,0.8069811
a19,168,1,1,0.52623284
a19,169,1,1,0.71007687
a19,170,1,1,0.7969328
a19,171,1,1,0.91324615
a19,172,1,1,0.5060362
a19,173,1,1,0.69976157
a19,174,1,0,0.45300037
a19,175,1,0,0.2157309
a19,176,0,0,0.104012564
a19,177,0,0,0.08215544
a19,178,0,0,0.0780769
a19,179,0,0,0.14211394
a19,180,0,0,0.075088896
a19,181,0,0,0.0950363
a19,182,0,0,0.32871428
a19,183,0,0,0.10436
a19,184,0,0,0.050324786
a19,185,0,0,0.06522563
a19,186,0,0,0.071705
a19,187,0,0,0.074743725
a19,188,0,0,0.067909084
a19,189,0,0,0.14332308
a19,190,0,0,0.06142286
a19,191,0,0,0.09173058
a19,192,0,0,0.10476485
a19,193,0,0,0.096676596
a19,194,0,0,0.31968445
a19,195,1,0,0.09628054
a19,196,0,0,0.04880845
a19,197,0,0,0.07728652
a19,198,0,0,0.048795015
a19,199,0,0,0.045249425
a19,200,0,0,0.046043366
a19,201,0,0,0.067187466
a19,202,0,0,0.048621908
a19,203,0,0,0.037670884
a19,204,0,0,0.06338463
a19,205,0,0,0.040962663
a19,206,0,0,0.035962794
a19,207,0,0,0.084232934
a19,208,0,0,0.060832508
a19,209,0,0,0.057594
a19,210,0,0,0.37228176
a19,211,0,0,0.28343743
a19,212,1,1,0.5325869
a19,213,1,1,0.6550728
a19,214,1,1,0.68824536
a19,215,1,1,0.5350614
a19,216,1,1,0.6405635
a19,217,1,1,0.8671959
a19,218,1,1,0.5408747
a19,219,1,1,0.6619161
a19,220,1,1,0.7661431
a19,221,1,1,0.6471838
a19,222,1,1,0.5725836
a19,223,1,0,0.3232807
a19,224,1,1,0.64578784
a19,225,1,0,0.2928287
a19,226,1,0,0.44078198
a19,227,1,1,0.6408192
a19,228,1,1,0.7091991
a19,229,1,1,0.7332501
a19,230,1,1,0.66069925
a19,231,1,1,0.77483535
a19,232,1,1,0.719827
a19,233,1,1,0.8396572
a19,234,1,0,0.49036005
a19,235,1,1,0.8101435
a19,236,1,1,0.7283393
a19,237,1,1,0.8236921
a19,238,0,0,0.18943094
a19,239,0,0,0.17185077
a19,240,0,0,0.0747156
a19,241,0,0,0.05279435
a19,242,0,0,0.025171809
a19,243,0,0,0.021607228
a19,244,0,0,0.018771365
a19,245,0,0,0.02700749
a19,246,0,1,0.57485795
a19,247,1,0,0.45350534
a19,248,1,1,0.5768141
a19,249,1,1,0.73930955
a19,250,1,0,0.4759372
a19,251,1,0,0.40347958
a19,252,1,1,0.53580946
a19,253,1,1,0.73871017
a19,254,1,1,0.6443182
a19,255,1,1,0.5941905
a19,256,1,1,0.55868673
a19,257,1,1,0.7040156
a19,258,1,1,0.86961573
a19,259,1,1,0.7764077
a19,260,1,1,0.69712275
a19,261,1,1,0.7533983
a19,262,1,1,0.5859957
a19,263,1,1,0.8784457
a19,264,1,1,0.5132903
a19,265,1,1,0.85409766
a19,266,1,1,0.740619
a19,267,1,1,0.663375
a19,268,1,1,0.7017587
a19,269,1,0,0.4929781
a19,270,1,1,0.8944272
a19,271,1,1,0.7944668
a19,272,1,1,0.8828008
a19,273,1,1,0.84048223
a19,274,1,1,0.55265063
a19,275,1,1,0.6837205
a19,276,1,1,0.8365788
a19,277,1,1,0.8745445
a19,278,1,1,0.8799127
a19,279,0,0,0.31356758
a19,280,0,0,0.10648247
a19,281,0,0,0.045264732
a19,282,0,0,0.03521503
a19,283,0,0,0.03359621
a19,284,0,0,0.08534971
a19,285,0,0,0.16364624
a19,286,0,0,0.050148565
a19,287,0,0,0.071335524
a19,288,0,0,0.1108316
a19,289,0,0,0.06327785
a19,290,0,0,0.037299037
a19,291,0,0,0.050882652
a19,292,0,0,0.09463457
a19,293,0,0,0.05994822
a19,294,0,0,0.050426304
a19,295,0,0,0.08376635
a19,296,0,0,0.02898081
a19,297,0,0,0.058771383
a19,298,0,0,0.038294464
a19,299,0,0,0.047267586
a19,300,0,0,0.08413442
a19,301,0,0,0.0358858
a19,302,0,0,0.0431778
a19,303,0,0,0.1269846
a19,304,0,0,0.017126396
a19,305,0,0,0.111251116
a19,306,0,0,0.04730446
a19,307,0,0,0.032918286
a19,308,0,0,0.050717555
a19,309,0,0,0.058713146
a19,310,0,0,0.04238781
a19,311,0,0,0.06250912
a19,312,0,0,0.066511005
a19,313,0,0,0.43877915
a19,314,1,1,0.5404229
a19,315,1,0,0.38596836
a19,316,1,1,0.6200115
a19,317,1,1,0.5492045
a19,318,1,1,0.5181399
a19,319,1,0,0.35728985
a19,320,1,0,0.4872042
a19,321,1,1,0.8652875
a19,322,1,1,0.6020385
a19,323,1,1,0.56701875
a19,324,1,1,0.6830353
a19,325,1,1,0.70408016
a19,326,1,1,0.8235016
a19,327,1,1,0.623504
a19,328,1,1,0.7551213
a19,329,1,1,0.62675595
a19,330,1,1,0.6228115
a19,331,1,1,0.5994516
a19,332,1,1,0.7130722
a19,333,1,1,0.6516079
a19,334,1,1,0.65893465
a19,335,1,1,0.7611514
a19,336,1,1,0.921272
a19,337,1,1,0.92642593
a19,338,1,1,0.5101351
a19,339,1,1,0.69702053
a19,340,1,1,0.7834471
a19,341,1,1,0.72391224
a19,342,0,0,0.41838744
a19,343,0,0,0.16020305
a19,344,0,0,0.13940912
a19,345,0,0,0.13022216
a19,346,0,1,0.65614337
a19,347,1,0,0.19311672
a19,348,0,0,0.02564154
a19,349,0,0,0.020900588
a19,350,0,0,0.026397148
a19,351,0,0,0.016467458
a19,352,0,0,0.03612693
a19,353,0,0,0.016583167
a19,354,0,0,0.020241363
a19,355,0,0,0.02657209
a19,356,0,0,0.009868187
a19,357,0,0,0.010919742
a19,358,0,0,0.014123889
a19,359,0,0,0.0072408933
a19,360,0,0,0.013326101
a19,361,0,0,0.013113814
a19,362,0,0,0.026711326
a19,363,0,0,0.018218055
a19,364,0,0,0.01873446
a19,365,0,0,0.01824599
a19,366,0,0,0.029227195
a19,367,0,0,0.12587333
a19,368,0,0,0.0117132235
a19,369,0,0,0.077706635
a19,370,0,0,0.07208684
a19,371,0,0,0.03619177
a19,372,0,0,0.03062446
a19,373,0,0,0.042492926
a19,374,0,0,0.04079831
a19,375,0,0,0.23030406
a19,376,0,0,0.2263444
a19,377,1,1,0.50138986
a19,378,1,1,0.75253737
a19,379,1,1,0.5856212
a19,380,1,1,0.7592676
a19,381,1,1,0.8957796
a19,382,1,1,0.9122037
a19,383,1,1,0.69777286
a19,384,1,1,0.87211215
a19,385,1,1,0.65853
a19,386,1,1,0.89464736
a19,387,1,1,0.90604913
a19,388,1,1,0.8375681
a19,389,1,1,0.9343048
a19,390,1,1,0.77394783
a19,391,1,0,0.3736526
a19,392,1,1,0.7621931
a19,393,1,1,0.8761727
a19,394,1,0,0.14539921
a19,395,1,1,0.5736185
a19,396,0,0,0.37224385
a19,397,0,0,0.03714086
a19,398,0,0,0.027615407
a19,399,0,0,0.09018533
a19,400,0,0,0.016593901
a19,401,0,0,0.017675815
a19,402,0,0,0.03278655
a19,403,0,0,0.025932191
a19,404,0,0,0.01761872
a19,405,0,0,0.020547682
a19,406,0,0,0.04745824
a19,407,0,0,0.033218753
a19,408,0,0,0.023298055
a19,409,0,0,0.014104088
a19,410,0,0,0.04636178
a19,411,0,0,0.069015846
a19,412,0,0,0.08208207
a19,413,0,0,0.08447594
a19,414,0,0,0.056104768
a19,415,0,0,0.028276626
a19,416,0,0,0.03621366
a19,417,0,0,0.011223125
a19,418,0,0,0.024138087
a19,419,0,0,0.01373491
a19,420,0,0,0.020104215
a19,421,0,0,0.16855522
a19,422,0,0,0.022766653
a19,423,0,0,0.029520322
a19,424,0,0,0.020553585
a19,425,0,0,0.07274909
a19,426,0,0,0.053088747
a19,427,0,0,0.012555651
a19,428,0,0,0.021733196
a19,429,0,0,0.019198967
a19,430,0,0,0.014892296
a19,431,0,0,0.032286976
a19,432,0,0,0.016138216
a19,433,0,0,0.037108004
a19,434,0,0,0.018473467
a19,435,0,0,0.05678263
a19,436,0,0,0.024279598
a19,437,0,0,0.018598549
a19,438,0,0,0.35671377
a19,439,1,1,0.7261833
a19,440,1,1,0.5943169
a19,441,1,0,0.45438948
a19,442,1,1,0.7498461
a19,443,1,1,0.6773344
a19,444,1,1,0.5716714
a19,445,1,1,0.7777558
a19,446,1,1,0.80947286
a19,447,1,1,0.61898905
a19,448,1,1,0.75144583
a19,449,1,1,0.79524964
a19,450,1,1,0.60836244
a19,451,1,1,0.57873946
a19,452,1,1,0.6214709
a19,453,1,1,0.8190493
a19,454,1,1,0.8674617
a19,455,1,0,0.25464827
a19,456,1,0,0.37626848
a19,457,0,0,0.39585724
a19,458,1,1,0.6717193
a19,459,1,1,0.79475087
a19,460,1,1,0.8266352
a19,461,1,1,0.74762857
a19,462,1,1,0.8338313
a19,463,1,1,0.9486008
a19,464,1,0,0.19983096
a19,465,1,0,0.46571517
a19,466,0,0,0.14168559
a19,467,0,0,0.44585887
a19,468,0,0,0.14298978
a19,469,0,0,0.0697931
a19,470,0,0,0.048316136
a19,471,0,0,0.028143523
a19,472,0,0,0.22865452
a19,473,0,0,0.05237288
a19,474,0,0,0.046474934
a19,475,0,0,0.03005943
a19,476,0,0,0.10843695
a19,477,0,0,0.049887437
a19,478,0,1,0.5705338
a19,479,1,0,0.29998615
a19,480,0,1,0.85002863
a19,481,1,0,0.3595116
a19,482,0,0,0.44547582
a19,483,1,1,0.75351256
a19,484,1,1,0.84827304
a19,485,1,0,0.30170074
a19,486,1,1,0.84417105
a19,487,1,1,0.73587227
a19,488,1,1,0.7039522
a19,489,1,1,0.5866916
a19,490,1,1,0.84496826
a19,491,1,0,0.48151857
a19,492,1,1,0.6649257
a19,493,1,1,0.8517782
a19,494,1,0,0.381988
a19,495,1,1,0.51049805
a19,496,1,1,0.6367333
a19,497,1,1,0.74521565
a19,498,1,1,0.595517
a19,499,1,1,0.7014393
a19,500,1,1,0.5594647
a19,501,1,1,0.66339755
a20,1,0,0,0.26757073
a20,2,0,0,0.15490077
a20,3,0,0,0.013571888
a20,4,0,0,0.07400535
a20,5,0,0,0.033617787
a20,6,0,0,0.044700783
a20,7,0,0,0.02473913
a20,8,0,0,0.043628555
a20,9,0,0,0.03185762
a20,10,0,0,0.07120929
a20,11,0,0,0.074499965
a20,12,0,0,0.09055498
a20,13,0,0,0.028833134
a20,14,0,0,0.04987336
a20,15,0,0,0.0758138
a20,16,0,0,0.1137221
a20,17,0,0,0.1583397
a20,18,0,0,0.058646273
a20,19,0,0,0.03579783
a20,20,0,0,0.044656005
a20,21,0,0,0.02433191
a20,22,0,0,0.11845222
a20,23,0,0,0.06667837
a20,24,0,0,0.039301325
a20,25,0,0,0.12788883
a20,26,0,0,0.09413298
a20,27,0,0,0.05448899
a20,28,0,0,0.0645753
a20,29,0,0,0.01468963
a20,30,0,0,0.030822271
a20,31,0,0,0.013851241
a20,32,0,0,0.02411449
a20,33,0,0,0.049000934
a20,34,0,0,0.022547765
a20,35,0,0,0.014448735
a20,36,0,0,0.028455207
a20,37,0,0,0.032237086
a20,38,0,0,0.031711493
a20,39,0,0,0.018585455
a20,40,0,0,0.14056148
a20,41,0,0,0.14052603
a20,42,0,0,0.049780328
a20,43,0,0,0.031609483
a20,44,0,0,0.060496803
a20,45,0,0,0.01896257
a20,46,0,0,0.04184798
a20,47,0,0,0.030803181
a20,48,0,0,0.05304508
a20,49,0,0,0.26837638
a20,50,1,1,0.75407094
a20,51,1,1,0.6548409
a20,52,1,1,0.70997196
a20,53,1,1,0.6569474
a20,54,1,1,0.5257444
a20,55,1,0,0.46301496
a20,56,1,1,0.73004025
a20,57,1,0,0.36661962
a20,58,1,1,0.53754306
a20,59,1,0,0.1207887
a20,60,1,1,0.7342895
a20,61,1,1,0.54457104
a20,62,1,0,0.12518701
a20,63,1,1,0.8205221
a20,64,1,1,0.9047639
a20,65,1,0,0.46937212
a20,66,1,1,0.8830631
a20,67,1,1,0.8563857
a20,68,1,1,0.7237236
a20,69,1,1,0.7625815
a20,70,1,1,0.84866863
a20,71,1,1,0.8424361
a20,72,0,0,0.092789665
a20,73,0,0,0.23949212
a20,74,1,0,0.43149784
a20,75,1,1,0.82080364
a20,76,1,1,0.774347
a20,77,1,1,0.7804616
a20,78,1,1,0.8663478
a20,79,1,1,0.7210034
a20,80,1,1,0.7098789
a20,81,1,1,0.80149955
a20,82,1,1,0.5058433
a20,83,0,0,0.0040569957
a20,84,0,0,0.0044712382
a20,85,0,0,0.025457636
a20,86,0,0,0.023757596
a20,87,0,0,0.11121681
a20,88,0,1,0.7724622
a20,89,1,1,0.53656965
a20,90,1,1,0.8939548
a20,91,1,1,0.7088502
a20,92,0,0,0.39307132
a20,93,0,1,0.66090596
a20,94,1,1,0.6830126
a20,95,1,1,0.8196409
a20,96,1,0,0.49081525
a20,97,1,1,0.75529236
a20,98,1,1,0.692223
a20,99,1,1,0.8551582
a20,100,1,1,0.78438085
a20,101,1,1,0.79277056
a20,102,1,1,0.8147864
a20,103,1,1,0.9266645
a20,104,1,1,0.63066655
a20,105,1,1,0.6803478
a20,106,1,1,0.8675994
a20,107,1,1,0.8053247
a20,108,1,0,0.43144006
a20,109,1,1,0.62883794
a20,110,1,1,0.6295414
a20,111,1,1,0.5966662
a20,112,1,1,0.5083196
a20,113,1,1,0.76214975
a20,114,1,1,0.89149666
a20,115,1,1,0.80906105
a20,116,1,1,0.71340895
a20,117,1,1,0.8647322
a20,118,1,1,0.8042394
a20,119,1,1,0.9068882
a20,120,1,1,0.8226227
a20,121,1,1,0.7360708
a20,122,1,1,0.8938117
a20,123,1,1,0.5368666
a20,124,0,0,0.15399316
a20,125,0,1,0.5934546
a20,126,0,1,0.6696954
a20,127,0,1,0.78231704
a20,128,1,0,0.49888313
a20,129,1,1,0.60102826
a20,130,1,1,0.65585953
a20,131,1,1,0.590249
a20,132,1,1,0.7590667
a20,133,1,0,0.29645357
a20,134,1,1,0.57257897
a20,135,0,0,0.27585495
a20,136,0,1,0.55847543
a20,137,0,1,0.72743315
a20,138,1,1,0.7384849
a20,139,1,1,0.75828457
a20,140,1,1,0.6286522
a20,141,1,1,0.50569665
a20,142,1,1,0.7732573
a20,143,1,1,0.6838632
a20,144,1,1,0.64926857
a20,145,1,1,0.6562734
a20,146,1,1,0.5160463
a20,147,1,1,0.6619888
a20,148,1,1,0.7068351
a20,149,1,1,0.6658458
a20,150,1,1,0.60120356
a20,151,1,1,0.74524134
a20,152,1,1,0.66547376
a20,153,1,1,0.5769147
a20,154,1,1,0.718059
a20,155,1,1,0.7515373
a20,156,1,1,0.82065874
a20,157,1,1,0.71000195
a20,158,1,1,0.862013
a20,159,1,1,0.6869974
a20,160,1,1,0.6245798
a20,161,1,1,0.61593413
a20,162,1,1,0.7438197
a20,163,1,1,0.7611056
a20,164,1,1,0.6005379
a20,165,1,1,0.6773904
a20,166,1,1,0.57283443
a20,167,1,1,0.7710044
a20,168,1,1,0.7873663
a20,169,1,0,0.3582956
a20,170,1,1,0.869537
a20,171,1,0,0.3005776
a20,172,1,1,0.7510166
a20,173,1,1,0.81162363
a20,174,1,1,0.7279157
a20,175,1,1,0.7055696
a20,176,1,1,0.7320672
a20,177,1,1,0.6477114
a20,178,1,0,0.43293932
a20,179,1,1,0.69981056
a20,180,1,1,0.60286486
a20,181,1,0,0.43377265
a20,182,1,1,0.6836543
a20,183,1,1,0.6389736
a20,184,1,0,0.18035987
a20,185,1,1,0.8043642
a20,186,1,0,0.17298222
a20,187,1,0,0.48291704
a20,188,1,1,0.6187271
a20,189,0,0,0.37020117
a20,190,0,0,0.2977383
a20,191,1,0,0.17762102
a20,192,1,0,0.48447528
a20,193,1,1,0.77987814
a20,194,1,0,0.48408106
a20,195,0,0,0.07942169
a20,196,0,0,0.10114899
a20,197,0,1,0.6247159
a20,198,1,0,0.46258953
a20,199,1,1,0.56355935
a20,200,0,0,0.013853234
a20,201,0,0,0.037255723
a20,202,0,0,0.048209656
a20,203,0,0,0.05337481
a20,204,0,0,0.11109562
a20,205,0,0,0.26444104
a20,206,1,0,0.022828225
a20,207,1,0,0.23353466
a20,208,1,0,0.26025423
a20,209,1,0,0.37585437
a20,210,1,0,0.24517415
a20,211,1,0,0.2356815
a20,212,1,0,0.48662165
a20,213,1,0,0.23341717
a20,214,1,1,0.62433624
a20,215,1,0,0.41035727
a20,216,1,0,0.14842843
a20,217,1,0,0.13233727
a20,218,1,0,0.18828888
a20,219,1,0,0.23108265
a20,220,1,0,0.3824233
a20,221,1,0,0.084320985
a20,222,1,0,0.053584408
a20,223,1,1,0.57006764
a20,224,1,0,0.3609779
a20,225,1,0,0.12021134
a20,226,1,0,0.1408019
a20,227,1,0,0.22294901
a20,228,1,0,0.3610978
a20,229,1,0,0.17413639
a20,230,1,0,0.43878907
a20,231,1,0,0.07120673
a20,232,1,0,0.22711143
a20,233,1,0,0.16523558
a20,234,1,0,0.107349485
a20,235,1,1,0.5407814
a20,236,1,1,0.59369147
a20,237,1,0,0.4659188
a20,238,1,0,0.45628285
a20,239,1,0,0.23534362
a20,240,1,1,0.60518587
a20,241,1,0,0.37502992
a20,242,1,0,0.35661724
a20,243,1,0,0.24934968
a20,244,1,1,0.50378543
a20,245,1,0,0.49943867
a20,246,1,1,0.7136733
a20,247,1,1,0.6909849
a20,248,1,1,0.6343866
a20,249,1,0,0.47357446
a20,250,1,1,0.6849431
a20,251,1,0,0.42940092
a20,252,1,1,0.73869747
a20,253,1,0,0.48783502
a20,254,1,0,0.17760287
a20,255,1,1,0.5230561
a20,256,1,0,0.2325179
a20,257,1,0,0.41285807
a20,258,1,1,0.70948327
a20,259,1,1,0.6537097
a20,260,1,1,0.9147314
a20,261,1,1,0.77921355
a20,262,1,1,0.7343644
a20,263,1,0,0.44630757
a20,264,1,1,0.54467416
a20,265,1,1,0.6494756
a20,266,0,0,0.27854156
a20,267,0,0,0.3760723
a20,268,0,0,0.26227954
a20,269,1,0,0.46303165
a20,270,1,0,0.24406017
a20,271,1,1,0.6672002
a20,272,1,1,0.64468396
a20,273,1,1,0.6668858
a20,274,1,0,0.16254938
a20,275,1,1,0.5709455
a20,276,1,0,0.45463088
a20,277,1,1,0.65359974
a20,278,1,0,0.27426717
a20,279,1,0,0.23387396
a20,280,1,1,0.54238576
a20,281,0,0,0.030160045
a20,282,0,0,0.023837592
a20,283,0,0,0.08109357
a20,284,0,0,0.064291775
a20,285,0,0,0.075741634
a20,286,0,0,0.14105354
a20,287,0,0,0.08506929
a20,288,0,0,0.21141018
a20,289,0,0,0.13097301
a20,290,0,0,0.14810829
a20,291,0,0,0.22547777
a20,292,0,0,0.20356987
a20,293,0,0,0.38543752
a20,294,1,1,0.78661025
a20,295,1,1,0.8131468
a20,296,1,1,0.63460374
a20,297,1,1,0.5886417
a20,298,1,1,0.67962974
a20,299,1,0,0.48397473
a20,300,1,0,0.12011298
a20,301,0,0,0.066374876
a20,302,0,0,0.25987723
a20,303,0,0,0.12206559
a20,304,0,0,0.07082168
a20,305,0,0,0.057536688
a20,306,0,0,0.059669707
a20,307,0,0,0.060720585
a20,308,0,0,0.032443807
a20,309,0,0,0.028036807
a20,310,0,0,0.11237755
a20,311,0,0,0.07052033
a20,312,0,0,0.045107044
a20,313,0,0,0.059644856
a20,314,0,0,0.07018227
a20,315,0,0,0.047373533
a20,316,0,0,0.046847172
a20,317,0,0,0.064363256
a20,318,0,0,0.058455974
a20,319,0,0,0.03903637
a20,320,0,0,0.06874428
a20,321,0,0,0.051185355
a20,322,0,0,0.09034407
a20,323,0,0,0.029481893
a20,324,0,0,0.079728924
a20,325,0,0,0.0525734
a20,326,0,0,0.06422215
a20,327,0,0,0.06614444
a20,328,0,0,0.036745273
a20,329,0,0,0.067064784
a20,330,0,0,0.08070666
a20,331,0,0,0.13388987
a20,332,0,0,0.225313
a20,333,1,0,0.38743493
a20,334,1,0,0.35052338
a20,335,1,1,0.5392887
a20,336,1,0,0.3783526
a20,337,1,0,0.13880551
a20,338,1,1,0.6790235
a20,339,0,0,0.18074709
a20,340,0,0,0.23560676
a20,341,0,0,0.26423857
a20,342,0,0,0.16969438
a20,343,0,0,0.15183035
a20,344,0,0,0.32212305
a20,345,0,0,0.43828273
a20,346,0,0,0.054131966
a20,347,0,0,0.170096
a20,348,0,0,0.357971
a20,349,0,0,0.28558117
a20,350,0,0,0.2903141
a20,351,0,0,0.22267649
a20,352,0,1,0.79568696
a20,353,1,1,0.58366716
a20,354,1,1,0.5372165
a20,355,1,1,0.71499974
a20,356,1,0,0.47918737
a20,357,1,1,0.5033336
a20,358,1,0,0.4861172
a20,359,1,0,0.407212
a20,360,1,1,0.6031723
a20,361,1,1,0.51260245
a20,362,1,1,0.646008
a20,363,1,1,0.56494313
a20,364,1,0,0.39425507
a20,365,1,1,0.522247
a20,366,1,1,0.5423208
a20,367,1,0,0.41918635
a20,368,1,1,0.6181219
a20,369,1,1,0.80489814
a20,370,1,0,0.35122302
a20,371,1,0,0.47265506
a20,372,1,1,0.50413674
a20,373,1,0,0.1669765
a20,374,1,1,0.5749931
a20,375,1,1,0.6485165
a20,376,1,0,0.23484048
a20,377,1,1,0.5839365
a20,378,1,1,0.76236355
a20,379,1,0,0.4323999
a20,380,1,1,0.82824534
a20,381,1,1,0.7810687
a20,382,1,1,0.79637605
a20,383,1,1,0.8313741
a20,384,1,1,0.64040047
a20,385,1,1,0.51732266
a20,386,1,1,0.68453133
a20,387,1,1,0.77766365
a20,388,1,1,0.73762906
a20,389,1,0,0.08298979
a20,390,1,1,0.58094674
a20,391,1,0,0.027387256
a20,392,0,0,0.09982028
a20,393,0,0,0.085933
a20,394,0,0,0.03681753
a20,395,0,0,0.06443045
a20,396,0,0,0.047731426
a20,397,0,0,0.08611952
a20,398,0,0,0.13859822
a20,399,0,0,0.08537855
a20,400,0,0,0.048559677
a20,401,0,0,0.04380833
a20,402,0,0,0.040384136
a20,403,0,0,0.10999798
a20,404,0,0,0.050999105
a20,405,0,1,0.54254377
a20,406,1,1,0.65080446
a20,407,1,0,0.31277207
a20,408,1,1,0.53229874
a20,409,0,0,0.1184291
a20,410,0,0,0.091036536
a20,411,0,0,0.043226473
a20,412,0,0,0.036959253
a20,413,0,0,0.053175155
a20,414,0,0,0.04910108
a20,415,0,0,0.018754607
a20,416,0,0,0.051737912
a20,417,0,0,0.05020995
a20,418,0,0,0.08740946
a20,419,0,0,0.0721596
a20,420,0,0,0.07319109
a20,421,0,0,0.029651817
a20,422,0,0,0.12484528
a20,423,0,0,0.074634805
a20,424,0,0,0.10745597
a20,425,0,0,0.22111654
a20,426,0,0,0.108734034
a20,427,0,0,0.11456351
a20,428,0,0,0.043829378
a20,429,0,0,0.13089594
a20,430,0,0,0.063450165
a20,431,0,0,0.37508488
a20,432,0,0,0.2011953
a20,433,0,0,0.048503328
a20,434,0,0,0.05186495
a20,435,0,0,0.10970179
a20,436,0,0,0.08837054
a20,437,0,0,0.117723174
a20,438,0,0,0.19507274
a20,439,0,0,0.24802919
a20,440,1,1,0.65902334
a20,441,1,0,0.4181462
a20,442,1,0,0.41824535
a20,443,1,0,0.26688278
a20,444,1,0,0.45669627
a20,445,1,0,0.10195844
a20,446,1,0,0.49477404
a20,447,1,0,0.30828914
a20,448,1,0,0.38761762
a20,449,1,0,0.3665899
a20,450,1,0,0.26546964
a20,451,1,0,0.4333907
a20,452,1,0,0.14809418
a20,453,1,1,0.59238654
a20,454,1,0,0.25994456
a20,455,1,0,0.339824
a20,456,1,1,0.6504278
a20,457,1,0,0.40356004
a20,458,1,0,0.18004301
a20,459,1,0,0.388161
a20,460,1,0,0.48621708
a20,461,1,1,0.77857864
a20,462,1,0,0.37223014
a20,463,1,1,0.5528611
a20,464,1,1,0.5723122
a20,465,1,0,0.38569376
a20,466,1,1,0.62019217
a20,467,1,0,0.41967422
a20,468,1,0,0.32171252
a20,469,1,0,0.29649487
a20,470,1,0,0.32182938
a20,471,1,0,0.26973328
a20,472,1,1,0.7229701
a20,473,1,1,0.5925763
a20,474,1,0,0.36376107
a20,475,1,1,0.7601829
a20,476,1,0,0.29796115
a20,477,1,0,0.14814506
a20,478,1,0,0.44946855
a20,479,1,1,0.68833834
a20,480,1,0,0.30233255
a20,481,1,0,0.22421975
a20,482,1,1,0.7360703
a20,483,1,1,0.59397477
a20,484,1,0,0.17327373
a20,485,1,0,0.09611675
a20,486,1,1,0.7406676
a20,487,1,1,0.6940467
a20,488,1,0,0.3453341
a20,489,1,1,0.796622
a20,490,1,0,0.44456396
a20,491,1,1,0.7749562
a20,492,1,0,0.13265389
a20,493,0,1,0.6351253
a20,494,0,1,0.86081785
a20,495,0,1,0.75305814
a20,496,0,1,0.6921807
a20,497,1,1,0.93663085
a20,498,1,1,0.58378065
a20,499,1,1,0.69234234
a20,500,1,1,0.5662643
a20,501,1,0,0.4888963
a20,502,1,1,0.78599304
a20,503,1,0,0.119014114
a20,504,0,0,0.17683217
a20,505,0,0,0.25746462
a20,506,0,0,0.13969858
a20,507,0,1,0.68857384
a20,508,0,0,0.07372625
a20,509,0,1,0.74400115
b01,1,0,0,0.08325063
b01,2,0,0,0.025310712
b01,3,0,0,0.0680718
b01,4,0,0,0.2517857
b01,5,1,0,0.082183816
b01,6,0,0,0.043719746
b01,7,0,0,0.05592353
b01,8,0,0,0.03246476
b01,9,0,1,0.90525717
b01,10,0,1,0.82509387
b01,11,0,0,0.01018016
b01,12,0,0,0.011294797
b01,13,0,0,0.01484905
b01,14,0,0,0.0032904076
b01,15,0,0,0.0075651384
b01,16,0,0,0.0050602383
b01,17,0,0,0.07420901
b01,18,0,0,0.008732232
b01,19,0,0,0.0041711237
b01,20,0,0,0.014413991
b01,21,0,0,0.026113864
b01,22,0,1,0.524996
b01,23,0,0,0.276317
b01,24,0,0,0.04872578
b01,25,0,0,0.013981081
b01,26,0,0,0.01462227
b01,27,0,0,0.023176022
b01,28,0,0,0.45681182
b01,29,0,0,0.01131822
b01,30,0,0,0.015194777
b01,31,0,0,0.02522486
b01,32,0,0,0.046358746
b01,33,0,0,0.016584085
b01,34,0,0,0.025259977
b01,35,0,1,0.84591854
b01,36,0,0,0.22906812
b01,37,0,1,0.6082832
b01,38,0,0,0.28568906
b01,39,0,1,0.73981714
b01,40,0,0,0.34576783
b01,41,0,1,0.71278155
b01,42,0,0,0.24615997
b01,43,0,0,0.019606778
b01,44,0,0,0.18817012
b01,45,0,0,0.20177215
b01,46,0,0,0.036960196
b01,47,0,0,0.040775955
b01,48,0,0,0.32648045
b01,49,0,0,0.016553052
b01,50,0,0,0.15915419
b01,51,0,0,0.024096591
b01,52,0,0,0.4609381
b01,53,0,0,0.021493135
b01,54,0,0,0.021217966
b01,55,0,0,0.047012944
b01,56,0,0,0.013720357
b01,57,0,0,0.018373314
b01,58,0,0,0.0282804
b01,59,0,0,0.027856179
b01,60,0,0,0.02477205
b01,61,0,0,0.06467506
b01,62,0,1,0.6193206
b01,63,0,1,0.92196935
b01,64,0,0,0.3057497
b01,65,0,1,0.5701627
b01,66,0,1,0.80121964
b01,67,0,1,0.57451904
b01,68,0,0,0.050720744
b01,69,0,0,0.066458076
b01,70,0,0,0.04137325
b01,71,0,0,0.0440359
b01,72,0,0,0.05493428
b01,73,0,0,0.035902955
b01,74,0,0,0.049074158
b01,75,0,0,0.06366459
b01,76,0,0,0.06423449
b01,77,0,0,0.08850195
b01,78,0,0,0.13462555
b01,79,0,0,0.0785411
b01,80,0,0,0.08793132
b01,81,0,0,0.1440434
b01,82,0,0,0.13984382
b01,83,0,0,0.06125843
b01,84,0,0,0.06381779
b01,85,0,0,0.08440499
b01,86,0,0,0.10762479
b01,87,0,0,0.079311855
b01,88,0,0,0.17326514
b01,89,0,0,0.12411178
b01,90,0,0,0.10301731
b01,91,0,0,0.08219819
b01,92,0,0,0.14440905
b01,93,0,0,0.09071191
b01,94,0,0,0.09805784
b01,95,0,0,0.11520436
b01,96,0,0,0.09779975
b01,97,0,0,0.17056672
b01,98,0,0,0.49971548
b01,99,0,1,0.589096
b01,100,0,1,0.6611931
b01,101,0,0,0.3448346
b01,102,0,1,0.91328055
b01,103,0,0,0.45485032
b01,104,0,0,0.20979731
b01,105,0,0,0.20007382
b01,106,0,0,0.16855612
b01,107,0,0,0.22000764
b01,108,0,0,0.20830059
b01,109,0,0,0.20430662
b01,110,0,0,0.09392206
b01,111,0,0,0.039148517
b01,112,0,0,0.35994273
b01,113,0,0,0.08205904
b01,114,0,0,0.065719485
b01,115,0,0,0.08089219
b01,116,0,0,0.078482546
b01,117,0,0,0.118851446
b01,118,0,0,0.07287706
b01,119,0,0,0.13215064
b01,120,0,0,0.10332156
b01,121,0,0,0.14697388
b01,122,0,0,0.30458847
b01,123,0,0,0.2937475
b01,124,0,0,0.16418771
b01,125,0,0,0.23163757
b01,126,0,1,0.8047772
b01,127,0,0,0.39649364
b01,128,0,0,0.2538851
b01,129,0,0,0.0758802
b01,130,0,0,0.094984904
b01,131,0,0,0.08614191
b01,132,0,0,0.12394549
b01,133,0,0,0.063355915
b01,134,0,1,0.532924
b01,135,1,1,0.7379936
b01,136,0,0,0.13572492
b01,137,0,0,0.14968307
b01,138,0,0,0.111964405
b01,139,0,0,0.09356881
b01,140,0,0,0.07780521
b01,141,0,0,0.085020095
b01,142,0,0,0.067824215
b01,143,0,0,0.0841718
b01,144,0,0,0.14972374
b01,145,0,0,0.07037248
b01,146,0,0,0.07526032
b01,147,0,0,0.09937785
b01,148,0,0,0.0935584
b01,149,0,0,0.05416717
b01,150,0,0,0.08738269
b01,151,0,0,0.1076666
b01,152,0,0,0.051484812
b01,153,0,0,0.114456944
b01,154,0,0,0.078327775
b01,155,0,0,0.123420805
b01,156,0,0,0.10641
b01,157,0,0,0.09554576
b01,158,0,1,0.7999372
b01,159,1,1,0.61941344
b01,160,1,1,0.6240827
b01,161,1,0,0.43951997
b01,162,1,1,0.5408561
b01,163,0,0,0.47055107
b01,164,0,1,0.5091302
b01,165,0,1,0.6249584
b01,166,0,0,0.30214992
b01,167,0,0,0.06604762
b01,168,0,0,0.17027141
b01,169,0,0,0.36868522
b01,170,0,0,0.040754408
b01,171,0,1,0.6188625
b01,172,0,0,0.0537363
b01,173,0,0,0.21177766
b01,174,0,0,0.2567781
b01,175,0,0,0.35612932
b01,176,0,0,0.42596367
b01,177,0,0,0.088360615
b01,178,0,1,0.5638549
b01,179,0,0,0.106531516
b01,180,0,0,0.4646367
b01,181,0,0,0.1872819
b01,182,0,0,0.2707568
b01,183,0,0,0.4706232
b01,184,0,0,0.35132217
b01,185,0,0,0.49110174
b01,186,0,1,0.751351
b01,187,0,0,0.3172108
b01,188,0,0,0.23389868
b01,189,0,0,0.38910943
b01,190,0,0,0.26657775
b01,191,0,0,0.18102835
b01,192,0,0,0.22010969
b01,193,0,0,0.10663768
b01,194,0,0,0.20471098
b01,195,0,0,0.24226288
b01,196,0,0,0.31997266
b01,197,0,0,0.17768154
b01,198,0,0,0.15228
b01,199,0,0,0.14155203
b01,200,0,0,0.18825829
b01,201,0,0,0.21717085
b01,202,0,0,0.1405429
b01,203,0,0,0.10376324
b01,204,0,0,0.15091443
b01,205,0,0,0.13577743
b01,206,0,0,0.1907337
b01,207,0,0,0.25191015
b01,208,0,0,0.13940816
b01,209,0,0,0.14880112
b01,210,0,0,0.22047722
b01,211,0,0,0.1454794
b01,212,0,0,0.09481563
b01,213,0,0,0.1660204
b01,214,0,0,0.13579433
b01,215,0,0,0.20998406
b01,216,0,0,0.20646393
b01,217,0,0,0.23754734
b01,218,0,1,0.7293175
b01,219,0,0,0.21007687
b01,220,0,1,0.762854
b01,221,0,0,0.317062
b01,222,0,0,0.15036345
b01,223,0,0,0.12605421
b01,224,0,0,0.113441125
b01,225,0,0,0.102438025
b01,226,0,0,0.12797928
b01,227,0,1,0.7666539
b01,228,0,0,0.082622044
b01,229,0,0,0.12041622
b01,230,0,0,0.09310291
b01,231,0,0,0.11229607
b01,232,0,0,0.10406977
b01,233,0,0,0.11007711
b01,234,0,0,0.103673756
b01,235,0,0,0.11862044
b01,236,0,0,0.08661225
b01,237,0,0,0.07618226
b01,238,0,0,0.084799215
b01,239,0,0,0.13952285
b01,240,0,0,0.106124975
b01,241,0,0,0.07361075
b01,242,0,0,0.07058756
b01,243,0,0,0.10649208
b01,244,0,0,0.10943411
b01,245,0,0,0.11071197
b01,246,0,0,0.13804461
b01,247,0,0,0.106550634
b01,248,0,0,0.11521562
b01,249,0,0,0.11623588
b01,250,0,0,0.13553262
b01,251,0,0,0.07751246
b01,252,0,0,0.12257229
b01,253,0,0,0.124714255
b01,254,0,0,0.09680193
b01,255,0,0,0.12662818
b01,256,0,0,0.12897131
b01,257,0,0,0.09177359
b01,258,0,0,0.11689572
b01,259,0,0,0.075320296
b01,260,0,0,0.100633144
b01,261,0,0,0.13217472
b01,262,0,0,0.13889547
b01,263,0,0,0.113031104
b01,264,0,0,0.07672826
b01,265,0,0,0.13046841
b01,266,0,0,0.0988357
b01,267,0,0,0.07404971
b01,268,0,0,0.10781995
b01,269,0,0,0.09039397
b01,270,0,0,0.14889726
b01,271,0,1,0.52974683
b01,272,0,0,0.37336966
b01,273,0,1,0.5600349
b01,274,0,1,0.5758496
b01,275,0,0,0.3444085
b01,276,0,0,0.4804768
b01,277,0,0,0.47524464
b01,278,0,0,0.38014552
b01,279,0,0,0.050942823
b01,280,0,0,0.13078602
b01,281,0,0,0.19718847
b01,282,0,0,0.15490799
b01,283,0,0,0.12189794
b01,284,0,0,0.18153593
b01,285,0,0,0.15066212
b01,286,0,0,0.15914278
b01,287,0,0,0.16613021
b01,288,0,0,0.059640486
b01,289,0,0,0.1275748
b01,290,0,0,0.09579649
b01,291,0,0,0.13877323
b01,292,0,0,0.2822536
b01,293,0,0,0.110123366
b01,294,0,0,0.13626622
b01,295,0,0,0.060104065
b01,296,0,0,0.11700418
b01,297,0,0,0.16629271
b01,298,0,0,0.282764
b01,299,0,0,0.1569184
b01,300,0,0,0.15798545
b01,301,0,0,0.1959575
b01,302,0,0,0.09096181
b01,303,0,0,0.0823104
b01,304,0,0,0.11002423
b01,305,0,1,0.5430506
b01,306,0,0,0.22123314
b01,307,0,0,0.3627571
b01,308,0,0,0.114881694
b01,309,0,0,0.08031137
b01,310,0,0,0.3165897
b01,311,0,0,0.08331934
b01,312,0,1,0.5572444
b01,313,0,0,0.06845358
b01,314,0,1,0.7636548
b01,315,0,0,0.102414966
b01,316,0,1,0.6700368
b01,317,0,0,0.1473285
b01,318,0,0,0.087156065
b01,319,0,0,0.11261758
b01,320,0,0,0.09335061
b01,321,0,0,0.12129401
b01,322,0,0,0.07857036
b01,323,0,0,0.09105332
b01,324,0,0,0.1394982
b01,325,0,0,0.036096863
b01,326,0,0,0.1231554
b01,327,0,0,0.053028267
b01,328,0,0,0.12610912
b01,329,0,0,0.110814855
b01,330,0,0,0.11436258
b01,331,0,0,0.07717748
b01,332,0,0,0.10389605
b01,333,0,0,0.031682983
b01,334,0,0,0.11346027
b01,335,0,0,0.05729601
b01,336,0,0,0.0882111
b01,337,0,0,0.11406579
b01,338,0,1,0.8141205
b01,339,1,1,0.7431277
b01,340,0,0,0.082010634
b01,341,0,0,0.053264294
b01,342,0,0,0.10588978
b01,343,0,0,0.17978743
b01,344,0,1,0.64246076
b01,345,0,1,0.7446885
b01,346,0,1,0.70041955
b01,347,0,0,0.18732725
b01,348,0,0,0.16144966
b01,349,0,1,0.6111482
b01,350,0,1,0.6815374
b01,351,0,0,0.35228175
b01,352,0,0,0.07389085
b01,353,0,0,0.06593534
b01,354,0,0,0.4342008
b01,355,0,0,0.2118998
b01,356,0,1,0.6378348
b01,357,0,0,0.12656291
b01,358,0,0,0.15022743
b01,359,0,0,0.14483131
b01,360,0,0,0.20378664
b01,361,0,0,0.15160157
b01,362,0,1,0.8483162
b01,363,0,0,0.22909907
b01,364,0,0,0.3845433
b01,365,0,1,0.5233335
b01,366,0,0,0.07487398
b01,367,0,0,0.10702859
b01,368,0,0,0.4741463
b01,369,0,0,0.05350227
b01,370,0,0,0.2144343
b01,371,0,0,0.052569743
b01,372,0,0,0.07082563
b01,373,0,0,0.11081737
b01,374,0,0,0.17343085
b01,375,0,0,0.13799047
b01,376,0,0,0.30495647
b01,377,0,0,0.43241018
b01,378,0,0,0.29423952
b01,379,0,0,0.16368966
b01,380,0,0,0.24686287
b01,381,0,0,0.35995558
b01,382,0,0,0.23168403
b01,383,0,1,0.60501224
b01,384,0,0,0.11610373
b01,385,0,0,0.21424934
b01,386,0,0,0.4235251
b01,387,0,0,0.41067022
b01,388,0,0,0.25598404
b01,389,0,0,0.11614442
b01,390,0,0,0.37104064
b01,391,0,0,0.30486858
b01,392,0,0,0.23220392
b01,393,0,0,0.22840375
b01,394,0,0,0.1468624
b01,395,0,0,0.2936791
b01,396,0,0,0.14610943
b01,397,0,0,0.1354987
b01,398,0,0,0.1450959
b01,399,0,0,0.37028342
b01,400,0,1,0.5174904
b01,401,0,0,0.31191817
b01,402,0,0,0.19305614
b01,403,0,0,0.19193652
b01,404,0,0,0.14113237
b01,405,0,0,0.22953102
b01,406,0,0,0.021360632
b01,407,0,1,0.528188
b01,408,0,0,0.024940353
b01,409,0,0,0.015368537
b01,410,0,0,0.40090284
b01,411,0,0,0.014729021
b01,412,0,0,0.49644724
b01,413,0,0,0.022922812
b01,414,0,0,0.3383703
b01,415,0,0,0.15490036
b01,416,0,0,0.14973278
b01,417,0,1,0.72645694
b01,418,0,1,0.63585293
b01,419,0,1,0.5152672
b01,420,1,1,0.83771914
b01,421,1,1,0.83312607
b01,422,0,0,0.02363773
b01,423,0,0,0.4307718
b01,424,0,1,0.7395615
b01,425,1,1,0.84405273
b01,426,1,1,0.8925354
b01,427,1,1,0.92012805
b01,428,1,0,0.3542341
b01,429,1,1,0.86397624
b01,430,1,0,0.4294347
b01,431,1,1,0.8352818
b01,432,1,0,0.4915446
b01,433,1,0,0.43189666
b01,434,1,0,0.0687251
b01,435,0,0,0.07915988
b01,436,0,1,0.7367504
b01,437,0,1,0.73551536
b01,438,0,0,0.1401945
b01,439,0,0,0.45990437
b01,440,0,0,0.089249775
b01,441,0,0,0.13757068
b01,442,0,0,0.4788201
b01,443,0,0,0.099051155
b01,444,0,0,0.058883987
b01,445,0,0,0.35709444
b01,446,0,0,0.023722729
b01,447,0,0,0.018807335
b01,448,0,0,0.013452787
b01,449,0,0,0.021273378
b01,450,0,0,0.044258002
b01,451,0,0,0.033851326
b01,452,0,0,0.042854328
b01,453,0,0,0.052046094
b01,454,0,0,0.020322673
b01,455,0,0,0.024292305
b01,456,0,0,0.026391951
b01,457,0,0,0.086134866
b01,458,0,0,0.21048
b01,459,0,0,0.36792275
b01,460,0,0,0.059333123
b01,461,0,0,0.055940915
b01,462,0,0,0.035876133
b01,463,0,0,0.03303568
b01,464,0,0,0.23639907
b01,465,0,0,0.03983831
b01,466,0,0,0.044107284
b01,467,0,0,0.06503866
b01,468,0,0,0.015740013
b01,469,0,0,0.059647534
b01,470,0,0,0.026203668
b01,471,0,0,0.019126805
b01,472,0,0,0.08879585
b01,473,0,0,0.05052866
b01,474,0,0,0.049202386
b01,475,0,0,0.09194954
b01,476,0,0,0.09018065
b01,477,0,0,0.11900082
b01,478,0,0,0.10409024
b01,479,0,0,0.2366271
b01,480,0,0,0.05933202
b01,481,0,0,0.19474341
b01,482,0,0,0.3582733
b01,483,0,0,0.33238417
b01,484,0,0,0.08666752
b01,485,0,0,0.48968318
b01,486,0,0,0.06280235
b02,1,0,0,0.020535475
b02,2,0,0,0.024022046
b02,3,0,0,0.020299131
b02,4,0,0,0.0072755823
b02,5,0,0,0.003432087
b02,6,0,0,0.034069985
b02,7,0,0,0.012735292
b02,8,0,0,0.013380562
b02,9,0,0,0.0045359377
b02,10,0,0,0.0074837287
b02,11,0,0,0.02909407
b02,12,0,0,0.013543572
b02,13,0,0,0.02109787
b02,14,0,0,0.013027992
b02,15,0,0,0.013905216
b02,16,0,0,0.010743044
b02,17,0,0,0.021982493
b02,18,0,0,0.04790811
b02,19,0,0,0.052862536
b02,20,0,0,0.069898695
b02,21,0,0,0.02486312
b02,22,0,0,0.015812187
b02,23,0,0,0.030012744
b02,24,0,0,0.0378494
b02,25,0,0,0.027267551
b02,26,0,0,0.1934863
b02,27,0,0,0.07092291
b02,28,0,0,0.060413454
b02,29,0,0,0.071234755
b02,30,0,0,0.019719936
b02,31,0,0,0.050178725
b02,32,0,0,0.053955488
b02,33,0,0,0.122771665
b02,34,0,0,0.10307324
b02,35,0,0,0.20214115
b02,36,0,0,0.03438298
b02,37,0,0,0.041096874
b02,38,0,0,0.019899203
b02,39,0,0,0.10555644
b02,40,0,0,0.06720945
b02,41,0,0,0.125909
b02,42,0,0,0.03263824
b02,43,0,0,0.02759961
b02,44,0,0,0.013689008
b02,45,0,0,0.032074887
b02,46,0,0,0.09595864
b02,47,0,0,0.024513451
b02,48,0,0,0.033510037
b02,49,0,0,0.040749185
b02,50,0,0,0.07690119
b02,51,0,0,0.01867667
b02,52,0,0,0.049374048
b02,53,0,0,0.027659137
b02,54,0,0,0.018334448
b02,55,0,0,0.03806931
b02,56,0,0,0.029092737
b02,57,0,0,0.049382687
b02,58,0,0,0.022383733
b02,59,0,0,0.0208957
b02,60,0,0,0.016225303
b02,61,0,0,0.030643838
b02,62,0,0,0.019404158
b02,63,0,0,0.025681932
b02,64,0,0,0.029230118
b02,65,0,0,0.014641419
b02,66,0,0,0.040026166
b02,67,0,0,0.022491718
b02,68,0,0,0.036490563
b02,69,0,0,0.03744776
b02,70,0,0,0.019980544
b02,71,0,0,0.02264538
b02,72,0,0,0.012696238
b02,73,0,0,0.022988437
b02,74,0,0,0.029477388
b02,75,0,0,0.024585165
b02,76,0,0,0.03345303
b02,77,0,0,0.053495325
b02,78,1,0,0.060266756
b02,79,1,0,0.1297214
b02,80,1,0,0.1482879
b02,81,1,0,0.076959856
b02,82,1,0,0.044300336
b02,83,1,0,0.049373902
b02,84,1,0,0.028169908
b02,85,1,0,0.028903417
b02,86,1,0,0.0138022555
b02,87,1,0,0.061800443
b02,88,1,0,0.097678974
b02,89,1,0,0.031114904
b02,90,1,0,0.06345885
b02,91,1,0,0.03172821
b02,92,1,0,0.050755184
b02,93,1,0,0.048791166
b02,94,1,0,0.045274824
b02,95,1,0,0.10490049
b02,96,1,0,0.022169726
b02,97,1,0,0.074070655
b02,98,1,0,0.052334238
b02,99,1,0,0.042279318
b02,100,1,0,0.10322973
b02,101,0,0,0.26168
b02,102,0,0,0.082641385
b02,103,0,0,0.050792437
b02,104,0,0,0.05240504
b02,105,0,0,0.03379392
b02,106,0,0,0.06885769
b02,107,0,0,0.034528792
b02,108,0,0,0.03281303
b02,109,0,0,0.028476255
b02,110,0,0,0.018662345
b02,111,0,0,0.03264086
b02,112,0,0,0.10570957
b02,113,0,0,0.037289876
b02,114,0,0,0.026902895
b02,115,0,0,0.15568419
b02,116,0,0,0.019059666
b02,117,0,0,0.015264827
b02,118,0,0,0.2586848
b02,119,0,0,0.070876636
b02,120,0,0,0.04355335
b02,121,0,0,0.052347943
b02,122,0,0,0.03430018
b02,123,0,0,0.045732293
b02,124,0,0,0.04149638
b02,125,0,0,0.026925337
b02,126,0,0,0.015506282
b02,127,0,0,0.06946342
b02,128,0,0,0.3910616
b02,129,0,0,0.046088386
b02,130,0,0,0.064034835
b02,131,0,0,0.11560398
b02,132,0,0,0.03528072
b02,133,0,0,0.16932794
b02,134,0,0,0.042334113
b02,135,0,0,0.067508064
b02,136,0,0,0.11710126
b02,137,0,0,0.060947634
b02,138,0,0,0.04110649
b02,139,1,0,0.06965812
b02,140,0,0,0.01704173
b02,141,0,0,0.021175114
b02,142,0,0,0.021816714
b02,143,0,0,0.027635913
b02,144,0,0,0.019317131
b02,145,0,0,0.018785393
b02,146,0,0,0.024603995
b02,147,0,0,0.02839181
b02,148,0,0,0.029502302
b02,149,0,0,0.025263853
b02,150,0,0,0.01813959
b02,151,0,0,0.05418987
b02,152,0,0,0.038389344
b02,153,0,0,0.023111265
b02,154,0,0,0.07830087
b02,155,0,0,0.04630347
b02,156,0,0,0.0444818
b02,157,0,0,0.030705512
b02,158,1,0,0.33637536
b02,159,1,0,0.13238293
b02,160,1,0,0.08640111
b02,161,0,0,0.016729958
b02,162,0,0,0.02720846
b02,163,0,0,0.0442615
b02,164,0,0,0.04854799
b02,165,0,0,0.043264568
b02,166,0,0,0.03960599
b02,167,0,0,0.048452497
b02,168,0,0,0.016610865
b02,169,0,0,0.2887028
b02,170,0,0,0.265087
b02,171,0,0,0.26261556
b02,172,0,0,0.3282219
b02,173,0,0,0.08773675
b02,174,0,0,0.023938606
b02,175,0,0,0.014864983
b02,176,0,0,0.06497204
b02,177,0,0,0.17769825
b02,178,0,0,0.071771644
b02,179,0,0,0.095563725
b02,180,0,0,0.054438174
b02,181,0,0,0.04075118
b02,182,0,0,0.042710986
b02,183,0,0,0.070069015
b02,184,0,0,0.03859658
b02,185,0,0,0.04689388
b02,186,0,0,0.17662182
b02,187,0,0,0.067425005
b02,188,0,0,0.11474517
b02,189,0,0,0.05830408
b02,190,0,0,0.06399712
b02,191,0,0,0.050018147
b02,192,0,0,0.03147779
b02,193,0,0,0.11597976
b02,194,1,0,0.027311094
b02,195,0,0,0.039071415
b02,196,0,0,0.13780814
b02,197,0,0,0.031352177
b02,198,0,0,0.054138143
b02,199,0,0,0.022687849
b02,200,0,0,0.026226223
b02,201,0,0,0.013719435
b02,202,0,0,0.04553383
b02,203,0,0,0.014631859
b02,204,0,0,0.0142363245
b02,205,0,0,0.029341096
b02,206,0,0,0.026043402
b02,207,0,0,0.022642814
b02,208,0,0,0.013631333
b02,209,0,0,0.00785425
b02,210,0,0,0.023486579
b02,211,0,0,0.0116147455
b02,212,0,0,0.013326791
b02,213,0,0,0.0153416395
b02,214,0,0,0.010675903
b02,215,0,0,0.03517257
b02,216,0,0,0.11540786
b02,217,0,0,0.010045254
b02,218,0,0,0.019231591
b02,219,0,0,0.016956894
b02,220,0,0,0.035299614
b02,221,0,0,0.022678563
b02,222,0,0,0.014768822
b02,223,1,0,0.03116911
b02,224,1,0,0.024927717
b02,225,1,0,0.03377027
b02,226,1,0,0.028358351
b02,227,1,0,0.021622771
b02,228,1,0,0.006986479
b02,229,1,0,0.016831527
b02,230,1,0,0.0071180146
b02,231,0,0,0.01019691
b02,232,0,0,0.0061718896
b02,233,0,0,0.011638133
b02,234,0,0,0.080146484
b02,235,0,0,0.12641749
b02,236,0,0,0.086301625
b02,237,0,0,0.060532324
b02,238,0,0,0.058296897
b02,239,0,0,0.026419587
b02,240,0,0,0.04723438
b02,241,0,0,0.02707111
b02,242,0,0,0.061713804
b02,243,0,0,0.021734703
b02,244,0,0,0.056438174
b02,245,0,0,0.04647396
b02,246,0,0,0.024826307
b02,247,0,0,0.039281853
b02,248,0,0,0.04152517
b02,249,0,0,0.025765298
b02,250,0,0,0.01786088
b02,251,0,0,0.021549888
b02,252,0,0,0.0358766
b02,253,0,0,0.027140636
b02,254,0,0,0.021531004
b02,255,0,0,0.020826178
b02,256,0,0,0.020648511
b02,257,0,0,0.023981778
b02,258,0,0,0.019953484
b02,259,0,0,0.02947894
b02,260,0,0,0.02120618
b02,261,0,0,0.02559941
b02,262,0,0,0.056059312
b02,263,0,0,0.0256649
b02,264,1,0,0.2595543
b02,265,1,0,0.185254
b02,266,1,0,0.10016416
b02,267,0,0,0.06088685
b02,268,0,0,0.021237403
b02,269,0,0,0.049893733
b02,270,0,0,0.017082715
b02,271,0,0,0.03329807
b02,272,0,0,0.023028074
b02,273,0,0,0.024281966
b02,274,0,0,0.009108717
b02,275,0,0,0.021438638
b02,276,0,0,0.013862011
b02,277,0,0,0.018006355
b02,278,0,0,0.09885804
b02,279,0,0,0.0269007
b02,280,0,0,0.13453531
b02,281,1,0,0.03471818
b02,282,1,0,0.25128037
b02,283,1,0,0.22144683
b02,284,0,0,0.13561721
b02,285,0,0,0.11897938
b02,286,0,0,0.17126428
b02,287,0,0,0.022923956
b02,288,0,0,0.020103443
b02,289,0,0,0.0122968415
b02,290,0,0,0.020634254
b02,291,0,0,0.03214224
b02,292,0,0,0.019724673
b02,293,0,0,0.019377818
b02,294,0,0,0.015615228
b02,295,0,0,0.020453058
b02,296,0,0,0.038108576
b02,297,0,0,0.023514748
b02,298,0,0,0.031771515
b02,299,0,0,0.04876664
b02,300,0,0,0.033624575
b02,301,0,0,0.020462006
b02,302,0,0,0.017573753
b02,303,0,0,0.028785532
b02,304,0,0,0.029239537
b02,305,0,0,0.01692321
b02,306,0,0,0.017274424
b02,307,0,0,0.034721207
b02,308,0,0,0.013335572
b02,309,0,0,0.012632678
b02,310,0,0,0.017782688
b02,311,0,0,0.013408042
b02,312,0,0,0.020962283
b02,313,0,0,0.024166582
b02,314,0,0,0.0132256225
b02,315,0,0,0.014436979
b02,316,0,0,0.020032478
b02,317,0,0,0.019971125
b02,318,0,0,0.016182559
b02,319,0,0,0.033824425
b02,320,0,0,0.018438203
b02,321,0,0,0.01482024
b02,322,0,0,0.02292167
b02,323,0,0,0.020160597
b02,324,0,0,0.017433375
b02,325,0,0,0.011054657
b02,326,0,0,0.018493213
b02,327,0,0,0.02848733
b02,328,0,0,0.017179962
b02,329,0,0,0.014706646
b02,330,0,0,0.009519311
b02,331,0,0,0.009042753
b02,332,0,0,0.017813431
b02,333,0,0,0.017122008
b02,334,0,0,0.016941091
b02,335,0,0,0.010747465
b02,336,0,0,0.012579409
b02,337,0,0,0.011556967
b02,338,0,0,0.024889693
b02,339,0,0,0.021028565
b02,340,0,0,0.036564447
b02,341,0,0,0.13448608
b02,342,0,0,0.043648534
b02,343,1,0,0.15880345
b02,344,1,0,0.18325211
b02,345,1,0,0.08378065
b02,346,1,0,0.07649005
b02,347,1,0,0.30321768
b02,348,1,0,0.13470247
b02,349,1,0,0.080735385
b02,350,1,1,0.5954554
b02,351,1,0,0.36855838
b02,352,1,0,0.21391302
b02,353,1,0,0.46790025
b02,354,1,0,0.4898384
b02,355,1,1,0.56519914
b02,356,1,0,0.18260764
b02,357,1,0,0.16381231
b02,358,0,0,0.054931473
b02,359,0,0,0.061430983
b02,360,0,0,0.017977664
b02,361,0,0,0.025229307
b02,362,0,0,0.021709811
b02,363,0,0,0.021568948
b02,364,0,0,0.018996151
b02,365,0,0,0.01424196
b02,366,0,0,0.021090817
b02,367,1,0,0.104627214
b02,368,1,0,0.026842823
b02,369,0,0,0.053323694
b02,370,0,0,0.020767285
b02,371,0,0,0.034982543
b02,372,0,0,0.037484027
b02,373,0,0,0.029797511
b02,374,0,0,0.02459042
b02,375,0,0,0.04491553
b02,376,0,0,0.025513306
b02,377,0,0,0.026278004
b02,378,0,0,0.043106973
b02,379,0,0,0.014734615
b02,380,0,0,0.026771972
b02,381,0,0,0.02008056
b02,382,0,0,0.016014406
b02,383,0,0,0.010167796
b02,384,0,0,0.016158504
b02,385,0,0,0.009681786
b02,386,0,0,0.03604562
b02,387,0,0,0.012028079
b02,388,0,0,0.035923403
b02,389,0,0,0.02845247
b02,390,0,0,0.009768943
b02,391,0,0,0.046233624
b02,392,0,0,0.017467476
b02,393,0,0,0.035276823
b02,394,0,0,0.013350222
b02,395,0,0,0.071836546
b02,396,0,0,0.04982818
b02,397,0,0,0.07713195
b02,398,0,0,0.017160103
b02,399,0,0,0.047906198
b02,400,0,0,0.09373688
b02,401,0,0,0.013264959
b02,402,0,0,0.009530319
b02,403,0,0,0.0434005
b02,404,0,0,0.017688943
b02,405,0,0,0.10694049
b02,406,0,0,0.037017826
b02,407,0,0,0.03322141
b02,408,0,0,0.01990202
b02,409,0,0,0.018464196
b02,410,0,0,0.03751716
b02,411,0,0,0.24217926
b02,412,0,0,0.02442962
b02,413,0,0,0.012245497
b02,414,0,0,0.11412396
b02,415,0,0,0.015288907
b02,416,0,0,0.017052166
b02,417,0,0,0.019868806
b02,418,0,0,0.116656534
b02,419,0,0,0.028078679
b02,420,0,0,0.18202403
b02,421,1,0,0.04729027
b02,422,1,0,0.052476954
b02,423,1,0,0.118425116
b02,424,1,0,0.11053619
b02,425,1,0,0.19712843
b02,426,1,0,0.12149137
b02,427,1,0,0.017515153
b02,428,1,0,0.1478933
b02,429,1,0,0.08541373
b02,430,1,0,0.4086314
b02,431,1,0,0.14184605
b02,432,1,0,0.24621618
b02,433,1,0,0.04076191
b02,434,1,0,0.13875523
b02,435,1,0,0.14955658
b02,436,1,0,0.42218655
b02,437,1,0,0.22115055
b02,438,1,0,0.027657097
b02,439,1,0,0.02357145
b02,440,0,0,0.0076794056
b02,441,0,0,0.005832986
b02,442,1,0,0.10933616
b02,443,1,0,0.11363226
b02,444,1,0,0.054345395
b02,445,1,0,0.06308141
b02,446,1,0,0.045382414
b02,447,1,0,0.06735265
b02,448,0,0,0.0066639483
b02,449,0,0,0.0047881864
b02,450,0,0,0.0042004343
b02,451,0,0,0.11448741
b02,452,1,0,0.042374313
b02,453,1,0,0.038318634
b02,454,1,0,0.01695804
b02,455,0,0,0.013801607
b02,456,0,0,0.010792232
b02,457,0,0,0.009581343
b02,458,0,0,0.008609445
b02,459,0,0,0.03381035
b02,460,0,0,0.036810357
b02,461,0,0,0.0560092
b02,462,0,0,0.052890394
b02,463,0,0,0.055672627
b02,464,0,0,0.04247711
b02,465,0,0,0.041198194
b02,466,0,0,0.07002966
b02,467,0,0,0.04951803
b02,468,0,0,0.08972166
b02,469,0,0,0.016716706
b02,470,0,0,0.052098114
b02,471,0,0,0.030713754
b02,472,0,0,0.025709683
b02,473,0,0,0.043764446
b02,474,1,0,0.2181555
b02,475,1,0,0.17478961
b02,476,1,0,0.09915874
b02,477,1,0,0.072001025
b02,478,1,0,0.018744426
b02,479,1,0,0.38157776
b02,480,0,0,0.13405365
b02,481,0,0,0.037355393
b02,482,0,0,0.17891195
b02,483,0,0,0.040281396
b02,484,0,0,0.062759414
b02,485,0,0,0.05206206
b02,486,0,0,0.10921528
b02,487,0,0,0.04057131
b02,488,0,0,0.043884136
b02,489,0,0,0.039974216
b02,490,0,0,0.045706797
b02,491,0,0,0.07924022
b02,492,0,0,0.043942075
b02,493,0,0,0.04764882
b02,494,0,0,0.028072147
b02,495,0,0,0.035836663
b02,496,0,0,0.036685344
b02,497,0,0,0.059043474
b02,498,0,0,0.15992516
b02,499,0,0,0.1577053
b02,500,0,0,0.048027363
b02,501,0,0,0.042239644
b02,502,0,0,0.042374622
b02,503,0,0,0.083399154
b02,504,0,0,0.121733785
b02,505,0,0,0.048305828
b02,506,0,0,0.05519537
b02,507,0,0,0.052225344
b02,508,0,0,0.044658132
b02,509,0,0,0.059933096
b02,510,0,0,0.046047483
b02,511,0,0,0.041261416
b02,512,0,0,0.19123383
b02,513,0,0,0.24744242
b02,514,0,0,0.032997712
b02,515,0,0,0.013658081
b02,516,0,0,0.0058042845
b03,1,0,0,0.05283547
b03,2,0,0,0.18750931
b03,3,0,0,0.10659924
b03,4,0,0,0.08585196
b03,5,0,1,0.6505444
b03,6,0,0,0.07067287
b03,7,0,0,0.35519838
b03,8,0,0,0.28602865
b03,9,0,0,0.1742473
b03,10,0,0,0.37217522
b03,11,0,1,0.66669947
b03,12,0,1,0.61387473
b03,13,0,1,0.7211245
b03,14,0,0,0.16266213
b03,15,0,0,0.06682716
b03,16,0,0,0.06273916
b03,17,0,0,0.20485254
b03,18,0,0,0.060643867
b03,19,0,0,0.101305954
b03,20,0,0,0.0878261
b03,21,0,0,0.12834713
b03,22,0,0,0.036766578
b03,23,0,0,0.12871583
b03,24,0,0,0.27727765
b03,25,0,0,0.1348015
b03,26,0,0,0.17886984
b03,27,0,0,0.07924835
b03,28,0,0,0.06669719
b03,29,0,0,0.14559622
b03,30,0,0,0.061443176
b03,31,0,0,0.06639401
b03,32,0,0,0.19300885
b03,33,0,0,0.04213366
b03,34,0,0,0.033803225
b03,35,0,0,0.021876099
b03,36,0,0,0.038512964
b03,37,0,0,0.027842475
b03,38,0,0,0.06632293
b03,39,0,0,0.047218833
b03,40,0,0,0.030018263
b03,41,0,0,0.02627479
b03,42,0,0,0.027210653
b03,43,0,0,0.012125217
b03,44,0,0,0.049934335
b03,45,0,0,0.059649695
b03,46,0,0,0.020942569
b03,47,0,0,0.014639286
b03,48,0,0,0.010460337
b03,49,0,0,0.013590783
b03,50,0,0,0.01994831
b03,51,0,0,0.010823705
b03,52,0,0,0.01732013
b03,53,0,0,0.0092334
b03,54,0,0,0.020394193
b03,55,0,0,0.012145144
b03,56,0,0,0.015877279
b03,57,0,0,0.010187539
b03,58,0,0,0.02123249
b03,59,0,0,0.24940558
b03,60,0,0,0.013094593
b03,61,0,0,0.019494547
b03,62,0,0,0.022980085
b03,63,0,0,0.010652692
b03,64,0,0,0.014253848
b03,65,0,0,0.010082898
b03,66,0,0,0.0071151634
b03,67,0,0,0.009198364
b03,68,0,0,0.018648373
b03,69,0,0,0.054873716
b03,70,0,0,0.026110062
b03,71,0,0,0.03232198
b03,72,0,0,0.012173025
b03,73,0,0,0.0122386115
b03,74,0,0,0.013915976
b03,75,0,0,0.017729463
b03,76,0,0,0.09970102
b03,77,0,0,0.055226333
b03,78,0,0,0.030787101
b03,79,0,0,0.22759983
b03,80,0,0,0.19105805
b03,81,0,0,0.06550935
b03,82,0,0,0.057059214
b03,83,0,0,0.018127564
b03,84,0,0,0.026409611
b03,85,0,0,0.04115005
b03,86,0,0,0.048029676
b03,87,0,0,0.050408993
b03,88,0,0,0.19073872
b03,89,0,0,0.010978997
b03,90,0,0,0.017382538
b03,91,0,0,0.03790856
b03,92,0,0,0.011504874
b03,93,0,1,0.51579666
b03,94,0,1,0.6584167
b03,95,0,1,0.63969743
b03,96,0,1,0.67278343
b03,97,0,1,0.8594853
b03,98,1,1,0.9345158
b03,99,1,1,0.798028
b03,100,1,1,0.8539507
b03,101,1,1,0.88700515
b03,102,1,1,0.88403106
b03,103,0,0,0.05524801
b03,104,0,0,0.02816506
b03,105,0,0,0.035239246
b03,106,0,0,0.048104074
b03,107,0,0,0.042268965
b03,108,0,0,0.04019752
b03,109,0,0,0.078802876
b03,110,0,0,0.033002883
b03,111,0,0,0.17632544
b03,112,0,0,0.074081555
b03,113,0,0,0.22380559
b03,114,0,0,0.42637935
b03,115,0,0,0.2392644
b03,116,0,0,0.26837465
b03,117,0,0,0.21495941
b03,118,0,0,0.26516545
b03,119,0,0,0.27348498
b03,120,0,0,0.24070846
b03,121,0,0,0.20696315
b03,122,0,0,0.18850493
b03,123,0,0,0.12786442
b03,124,0,0,0.09433681
b03,125,0,0,0.2014059
b03,126,0,0,0.13281286
b03,127,0,0,0.19980651
b03,128,0,0,0.147017
b03,129,0,0,0.29100344
b03,130,0,0,0.1082642
b03,131,0,0,0.16412261
b03,132,0,0,0.19443606
b03,133,0,0,0.13798413
b03,134,0,0,0.22183546
b03,135,0,0,0.22328691
b03,136,0,0,0.20962434
b03,137,0,0,0.20279245
b03,138,0,0,0.057219885
b03,139,0,0,0.1394932
b03,140,0,0,0.14802867
b03,141,0,0,0.3198947
b03,142,0,0,0.32902727
b03,143,0,0,0.21164481
b03,144,0,0,0.10251063
b03,145,0,0,0.15650903
b03,146,0,0,0.068269424
b03,147,0,0,0.08714772
b03,148,0,0,0.027450016
b03,149,0,0,0.03534224
b03,150,0,0,0.05808587
b03,151,0,0,0.031411663
b03,152,0,0,0.049014013
b03,153,0,0,0.012284582
b03,154,0,0,0.027446814
b03,155,0,0,0.045918953
b03,156,0,0,0.26607767
b03,157,0,0,0.072698146
b03,158,0,0,0.117068164
b03,159,0,0,0.17637004
b03,160,0,1,0.88963085
b03,161,0,0,0.4438023
b03,162,0,0,0.3993581
b03,163,0,1,0.7467931
b03,164,1,1,0.843036
b03,165,1,1,0.8643152
b03,166,1,1,0.52809834
b03,167,1,1,0.8319092
b03,168,1,1,0.60327977
b03,169,1,0,0.4839307
b03,170,1,1,0.84072846
b03,171,1,1,0.70704615
b03,172,1,1,0.738811
b03,173,0,0,0.051366832
b03,174,0,0,0.29411983
b03,175,0,0,0.10820833
b03,176,0,0,0.18281262
b03,177,0,0,0.14371817
b03,178,0,0,0.113602884
b03,179,0,0,0.24140063
b03,180,0,0,0.14636235
b03,181,0,0,0.15926139
b03,182,0,0,0.10649121
b03,183,0,0,0.1151109
b03,184,0,0,0.17365004
b03,185,0,0,0.1644921
b03,186,0,0,0.122950934
b03,187,0,0,0.25139186
b03,188,0,0,0.3354152
b03,189,0,0,0.1940034
b03,190,0,0,0.18477459
b03,191,0,0,0.27390012
b03,192,0,0,0.32092908
b03,193,0,0,0.29438448
b03,194,0,0,0.35430053
b03,195,0,0,0.2841983
b03,196,0,0,0.3835807
b03,197,0,1,0.5452763
b03,198,0,1,0.51337814
b03,199,0,0,0.38439605
b03,200,0,0,0.25534263
b03,201,0,0,0.23217992
b03,202,0,0,0.2750679
b03,203,0,0,0.18111585
b03,204,0,0,0.4204296
b03,205,0,0,0.43479106
b03,206,0,0,0.35740757
b03,207,0,0,0.21487068
b03,208,0,0,0.3211803
b03,209,0,0,0.19071731
b03,210,0,0,0.37032932
b03,211,0,0,0.19192463
b03,212,0,0,0.32069385
b03,213,0,0,0.12268352
b03,214,0,0,0.05096925
b03,215,0,0,0.07269433
b03,216,0,0,0.1769951
b03,217,0,0,0.26016814
b03,218,0,0,0.1651097
b03,219,0,0,0.05636403
b03,220,0,0,0.42382658
b03,221,0,0,0.050355688
b03,222,0,0,0.039836038
b03,223,0,1,0.626417
b03,224,0,1,0.67630273
b03,225,1,0,0.48473725
b03,226,1,1,0.9007522
b03,227,1,1,0.8686938
b03,228,1,1,0.6751382
b03,229,1,1,0.90330744
b03,230,1,1,0.93199235
b03,231,1,1,0.6429513
b03,232,1,1,0.872522
b03,233,1,1,0.88820195
b03,234,1,1,0.8122859
b03,235,1,0,0.46070272
b03,236,1,1,0.9635278
b03,237,1,0,0.31620649
b03,238,1,1,0.9288969
b03,239,1,1,0.5776477
b03,240,0,0,0.17567173
b03,241,0,0,0.46444547
b03,242,0,0,0.28238904
b03,243,0,0,0.3724956
b03,244,0,0,0.38745168
b03,245,0,0,0.30437347
b03,246,0,0,0.24240713
b03,247,0,0,0.20201838
b03,248,0,0,0.19365817
b03,249,0,0,0.16641498
b03,250,0,0,0.19764686
b03,251,0,0,0.21230146
b03,252,0,0,0.2280338
b03,253,0,0,0.18048994
b03,254,0,0,0.25282326
b03,255,0,0,0.16606094
b03,256,0,0,0.22998674
b03,257,1,0,0.2475576
b03,258,0,0,0.2680383
b03,259,0,0,0.25075856
b03,260,0,0,0.27928454
b03,261,0,0,0.16578415
b03,262,0,0,0.19508427
b03,263,0,0,0.18361048
b03,264,0,0,0.23588371
b03,265,1,0,0.20091584
b03,266,0,0,0.1355586
b03,267,0,0,0.08470692
b03,268,0,0,0.06971188
b03,269,0,0,0.05188833
b03,270,0,0,0.033936635
b03,271,0,0,0.04403347
b03,272,0,0,0.071878076
b03,273,0,0,0.044694405
b03,274,0,0,0.0678577
b03,275,0,0,0.03970224
b03,276,0,0,0.0634207
b03,277,0,0,0.050768383
b03,278,0,0,0.059228558
b03,279,0,0,0.058988623
b03,280,0,0,0.07279085
b03,281,0,0,0.13550739
b03,282,0,0,0.09935115
b03,283,0,0,0.04334711
b03,284,0,0,0.08457265
b03,285,0,0,0.055242773
b03,286,0,0,0.016190251
b03,287,0,0,0.022963459
b03,288,0,0,0.017463017
b03,289,0,0,0.04130547
b03,290,0,0,0.08450386
b03,291,0,0,0.03992395
b03,292,0,0,0.03204323
b03,293,0,0,0.017616525
b03,294,0,0,0.012417094
b03,295,0,0,0.01901881
b03,296,0,0,0.12781847
b03,297,0,0,0.25927174
b03,298,0,0,0.05463185
b03,299,0,0,0.026597261
b03,300,0,0,0.023467537
b03,301,0,0,0.017001335
b03,302,0,0,0.03411981
b03,303,0,0,0.055240903
b03,304,0,0,0.03941258
b03,305,0,0,0.028248115
b03,306,0,0,0.044436473
b03,307,0,0,0.03288031
b03,308,1,1,0.95641416
b03,309,1,1,0.8873257
b03,310,1,1,0.7355007
b03,311,1,0,0.26811045
b03,312,0,0,0.056821104
b03,313,0,0,0.018161178
b03,314,1,0,0.08831993
b03,315,0,0,0.03217563
b03,316,0,0,0.01605138
b03,317,0,0,0.025510723
b03,318,0,0,0.028400386
b03,319,0,0,0.03433647
b03,320,0,0,0.027740449
b03,321,0,0,0.052597538
b03,322,0,0,0.030462146
b03,323,0,0,0.042179793
b03,324,0,0,0.020807263
b03,325,0,0,0.13473275
b03,326,0,0,0.05421178
b03,327,0,0,0.22803552
b03,328,0,0,0.3481995
b03,329,0,0,0.1733199
b03,330,0,0,0.13486622
b03,331,0,0,0.24162218
b03,332,0,0,0.41179693
b03,333,0,0,0.15234281
b03,334,0,0,0.26437598
b03,335,0,0,0.20541617
b03,336,0,0,0.21480879
b03,337,0,0,0.19596335
b03,338,0,0,0.37006658
b03,339,0,0,0.36091733
b03,340,0,0,0.14367363
b03,341,0,0,0.19984068
b03,342,0,0,0.291896
b03,343,0,0,0.2384946
b03,344,0,0,0.2775905
b03,345,0,0,0.19895819
b03,346,0,0,0.363741
b03,347,0,0,0.4172602
b03,348,0,0,0.30965632
b03,349,0,0,0.44876432
b03,350,0,1,0.52430636
b03,351,0,0,0.4648613
b03,352,0,1,0.5806059
b03,353,0,1,0.5574906
b03,354,0,1,0.54242194
b03,355,0,0,0.14786676
b03,356,0,0,0.076404706
b03,357,0,0,0.18315923
b03,358,0,0,0.13983877
b03,359,0,0,0.0671458
b03,360,0,0,0.040916745
b03,361,0,0,0.05961673
b03,362,0,0,0.07036895
b03,363,0,0,0.019146133
b03,364,0,0,0.05680128
b03,365,0,0,0.17194524
b03,366,0,0,0.37735984
b03,367,0,0,0.23651254
b03,368,0,0,0.05313395
b03,369,0,0,0.051464114
b03,370,0,0,0.070475176
b03,371,0,0,0.035970293
b03,372,0,1,0.69197744
b03,373,0,1,0.7657617
b03,374,1,1,0.7695943
b03,375,1,1,0.93056965
b03,376,1,1,0.81050026
b03,377,1,1,0.94331956
b03,378,1,1,0.93132734
b03,379,1,1,0.7092243
b03,380,1,1,0.90257764
b03,381,1,1,0.77104676
b03,382,1,1,0.9148886
b03,383,1,1,0.8307207
b03,384,1,1,0.89213294
b03,385,1,1,0.7934278
b03,386,1,0,0.48587418
b03,387,1,1,0.9389977
b03,388,1,1,0.929425
b03,389,1,1,0.913276
b03,390,1,1,0.90029323
b03,391,1,1,0.92102015
b03,392,1,1,0.9024846
b03,393,1,1,0.89555633
b03,394,1,1,0.9187994
b03,395,1,0,0.37576976
b03,396,1,1,0.82327634
b03,397,1,1,0.9462852
b03,398,1,1,0.8940478
b03,399,1,1,0.91288006
b03,400,1,1,0.7942866
b03,401,1,1,0.92782664
b03,402,1,1,0.5080051
b03,403,0,0,0.036373045
b03,404,0,0,0.12904373
b03,405,0,0,0.047823038
b03,406,0,0,0.044410907
b03,407,0,0,0.16988467
b03,408,0,0,0.073363215
b03,409,0,0,0.09933114
b03,410,0,0,0.053083092
b03,411,0,0,0.10218285
b03,412,0,0,0.060011856
b03,413,0,0,0.16090015
b03,414,0,0,0.19564168
b03,415,0,0,0.10530922
b03,416,0,0,0.16387443
b03,417,0,0,0.100926444
b03,418,0,0,0.14394781
b03,419,0,0,0.15735357
b03,420,0,0,0.09068727
b03,421,0,0,0.15274398
b03,422,0,0,0.1873657
b03,423,0,0,0.142938
b03,424,0,0,0.26779372
b03,425,1,0,0.13780634
b03,426,0,0,0.25105044
b03,427,0,0,0.36689276
b03,428,0,0,0.13975617
b03,429,0,0,0.15066804
b03,430,1,0,0.0765283
b03,431,0,0,0.21094361
b03,432,0,0,0.21159078
b03,433,0,1,0.739455
b03,434,1,1,0.9107266
b03,435,1,1,0.7222014
b03,436,1,1,0.930837
b03,437,1,1,0.51958406
b03,438,1,1,0.9201682
b03,439,1,1,0.5791509
b03,440,0,0,0.3024007
b04,3,0,0,2.250315e-05
b04,4,0,1,1.0
b04,8,0,0,2.8368223e-07
b04,9,0,0,0.022630394
b04,10,0,0,0.013417179
b04,11,0,0,0.0328437
b04,12,0,0,0.025130516
b04,13,0,0,0.065725505
b04,14,0,0,0.042624615
b04,15,0,0,0.09481796
b04,16,0,0,0.0035099837
b04,17,0,0,0.013277148
b04,18,0,0,0.08543291
b04,19,0,0,0.10607378
b04,20,0,0,0.17036003
b04,21,0,0,0.051562294
b04,22,0,0,0.07164459
b04,23,0,0,0.0069458047
b04,24,0,0,0.0074594715
b04,25,0,0,0.12214038
b04,26,0,0,0.10078391
b04,27,0,0,0.05602415
b04,28,0,0,0.19848236
b04,29,0,0,0.019468455
b04,30,0,0,0.0551859
b04,31,0,0,0.026063591
b04,32,0,0,0.03708657
b04,33,0,0,0.1896928
b04,34,0,0,0.014514202
b04,35,0,0,0.11221951
b04,36,0,0,0.20886159
b04,37,0,0,0.15249777
b04,38,0,0,0.39720902
b04,39,0,0,0.28535134
b04,40,0,0,0.036791857
b04,41,0,0,0.05612469
b04,42,0,0,0.004588856
b04,43,0,0,0.007931786
b04,44,0,0,0.003758837
b04,45,0,0,0.025329387
b04,46,0,0,0.050899073
b04,47,0,0,0.012478642
b04,48,0,0,0.020007737
b04,49,0,0,0.00816018
b04,50,0,0,0.18068731
b04,51,0,0,0.25937414
b04,52,0,0,0.0060967617
b04,53,0,0,0.030378897
b04,54,0,0,0.15726265
b04,55,0,0,0.07277345
b04,56,0,0,0.043085136
b04,57,0,0,0.0612203
b04,58,0,0,0.07478296
b04,59,0,0,0.244358
b04,60,0,0,0.11245214
b04,61,0,0,0.079322316
b04,62,0,0,0.04306213
b04,63,0,0,0.10319601
b04,64,0,0,0.18086992
b04,65,0,0,0.0802592
b04,66,0,0,0.10577794
b04,67,0,0,0.1457563
b04,68,0,0,0.06940828
b04,69,0,0,0.016177049
b04,70,0,0,0.02989575
b04,71,0,0,0.012951824
b04,72,0,0,0.010471595
b04,73,0,0,0.04274
b04,74,0,0,0.036435638
b04,75,0,0,0.026694734
b04,76,0,0,0.013760596
b04,77,0,0,0.029188605
b04,78,0,0,0.046680707
b04,79,0,0,0.06133174
b04,80,0,0,0.04163409
b04,81,0,0,0.12462837
b04,82,0,0,0.1308598
b04,83,0,0,0.047859944
b04,84,0,0,0.047700897
b04,85,0,0,0.09098977
b04,86,0,0,0.045223694
b04,87,0,0,0.062684596
b04,88,0,0,0.014999009
b04,89,0,0,0.34176326
b04,90,0,0,0.21756499
b04,91,0,0,0.025058541
b04,92,0,0,0.07996318
b04,93,0,0,0.19772455
b04,94,0,0,0.18440387
b04,95,0,0,0.2712075
b04,96,0,0,0.034331597
b04,97,0,0,0.45775002
b04,98,0,0,0.18961
b04,99,0,0,0.27516893
b04,100,0,0,0.35208926
b04,101,0,0,0.23397906
b04,102,0,0,0.16318761
b04,103,0,0,0.12065626
b04,104,0,0,0.2777754
b04,105,0,0,0.07319933
b04,106,0,0,0.2873312
b04,107,0,1,0.5572794
b04,108,0,0,0.41472182
b04,109,0,0,0.27385968
b04,110,0,0,0.35665184
b04,111,0,1,0.5052936
b04,112,0,1,0.5647032
b04,113,0,1,0.5127674
b04,114,0,1,0.61506975
b04,115,0,0,0.072037786
b04,116,0,0,0.041011006
b04,117,0,0,0.036466036
b04,118,0,0,0.17001331
b04,119,0,0,0.02805058
b04,120,0,0,0.082890615
b04,121,0,0,0.24255922
b04,122,0,0,0.041414637
b04,123,0,0,0.02499991
b04,124,0,0,0.26713908
b04,125,0,0,0.22873914
b04,126,0,0,0.02795013
b04,127,0,0,0.045507547
b04,128,0,0,0.08739845
b04,129,0,0,0.1448484
b04,130,0,0,0.08507276
b04,131,0,0,0.34779412
b04,132,0,0,0.11549088
b04,133,0,0,0.048968904
b04,134,0,0,0.04761297
b04,135,1,0,0.098203614
b04,136,1,0,0.08545312
b04,137,1,0,0.043599196
b04,138,1,0,0.017399764
b04,139,1,0,0.44452763
b04,140,0,0,0.20460147
b04,141,0,0,0.41531914
b04,142,0,0,0.15363427
b04,143,0,0,0.22550516
b04,144,0,0,0.037725605
b04,145,0,0,0.039946996
b04,146,0,0,0.31395388
b04,147,0,0,0.28453463
b04,148,0,0,0.08663005
b04,149,0,0,0.103819
b04,150,0,0,0.010271894
b04,151,0,0,0.02722801
b04,152,0,0,0.01584673
b04,153,0,0,0.027068825
b04,154,0,0,0.075736776
b04,155,0,0,0.059829287
b04,156,0,0,0.030542448
b04,157,0,0,0.09337336
b04,158,0,0,0.05352887
b04,159,0,0,0.10394081
b04,160,0,0,0.24626589
b04,161,0,1,0.5206013
b04,162,0,0,0.18972014
b04,163,0,0,0.23151022
b04,164,0,1,0.5731234
b04,165,0,0,0.15648326
b04,166,0,0,0.3148707
b04,167,0,0,0.04184889
b04,168,0,0,0.14592063
b04,169,0,0,0.0981325
b04,170,0,0,0.060043614
b04,171,0,0,0.32694978
b04,172,0,0,0.055438243
b04,173,0,0,0.45508227
b04,174,0,0,0.22716944
b04,175,0,1,0.53376913
b04,176,0,0,0.26413357
b04,177,0,0,0.026526332
b04,178,0,0,0.10454232
b04,179,0,0,0.21485196
b04,180,0,0,0.049128216
b04,181,0,0,0.2587533
b04,182,0,1,0.51897126
b04,183,0,0,0.063343115
b04,184,0,0,0.22338471
b04,185,0,0,0.10092627
b04,186,0,0,0.23050222
b04,187,0,0,0.12020011
b04,188,0,0,0.19978137
b04,189,0,0,0.05552589
b04,190,0,0,0.21258484
b04,191,0,0,0.26218915
b04,192,0,0,0.16361417
b04,193,0,0,0.094391115
b04,194,0,0,0.050014738
b04,195,0,0,0.06531906
b04,196,0,0,0.10283651
b04,197,0,0,0.34676805
b04,198,0,0,0.08424948
b04,199,0,0,0.3376057
b04,200,0,0,0.044884335
b04,201,0,0,0.12806898
b04,202,0,0,0.08080803
b04,203,0,0,0.2684274
b04,204,0,0,0.06099216
b04,205,0,0,0.037417274
b04,206,0,0,0.006068528
b04,207,0,0,0.025717817
b04,208,0,0,0.0036407853
b04,209,0,0,0.013771305
b04,210,0,0,0.015039556
b04,211,0,0,0.0057126745
b04,212,0,0,0.032849852
b04,213,0,0,0.011313626
b04,214,0,0,0.005820015
b04,215,0,0,0.0047809137
b04,216,0,0,0.005452299
b04,217,0,0,0.00219393
b04,218,0,0,0.16339411
b04,219,0,0,0.07230335
b04,220,0,0,0.13347703
b04,221,0,0,0.058395687
b04,222,0,0,0.029102968
b04,223,0,0,0.04745091
b04,224,0,0,0.03491924
b04,225,0,0,0.038854457
b04,226,0,0,0.034703337
b04,227,0,0,0.049653336
b04,228,0,0,0.084125035
b04,229,0,0,0.16049986
b04,230,0,0,0.058129296
b04,231,0,0,0.28630987
b04,232,0,0,0.47986296
b04,233,0,0,0.42841592
b04,234,0,0,0.07923399
b04,235,0,0,0.07893979
b04,236,0,0,0.07198728
b04,237,1,0,0.44406056
b04,238,1,0,0.0779443
b04,239,0,0,0.09115219
b04,240,0,0,0.026645567
b04,241,0,0,0.44844756
b04,242,0,0,0.2646189
b04,243,0,1,0.5295467
b04,244,0,0,0.24850222
b04,245,0,0,0.22397165
b04,246,0,0,0.4118384
b04,247,0,1,0.5631386
b04,248,0,0,0.2862324
b04,249,0,0,0.19822109
b04,250,0,0,0.21750738
b04,251,0,0,0.19003916
b04,252,0,0,0.44237357
b04,253,0,1,0.5208457
b04,254,0,0,0.24841876
b04,255,0,0,0.26684073
b04,256,0,0,0.38501483
b04,257,0,0,0.3875532
b04,258,0,0,0.4628262
b04,259,0,0,0.37344775
b04,260,0,0,0.36212257
b04,261,0,0,0.27291054
b04,262,0,0,0.16659836
b04,263,0,0,0.113296025
b04,264,0,0,0.41487068
b04,265,0,0,0.401863
b04,266,0,0,0.37922737
b04,267,0,0,0.26105562
b04,268,0,0,0.19810395
b04,269,0,0,0.31112078
b04,270,0,0,0.2672043
b04,271,0,0,0.19947685
b04,272,0,0,0.22241166
b04,273,0,0,0.12096437
b04,274,0,0,0.4205806
b04,275,0,0,0.35073063
b04,276,0,0,0.23987332
b04,277,0,0,0.1668645
b04,278,0,0,0.1064665
b04,279,0,0,0.31380862
b04,280,0,0,0.49761343
b04,281,0,0,0.4007663
b04,282,0,0,0.35554987
b04,283,0,0,0.20766026
b04,284,0,0,0.45929554
b04,285,0,0,0.48487046
b04,286,0,0,0.29194954
b04,287,0,0,0.13526867
b04,288,0,0,0.25027537
b04,289,0,0,0.4866736
b04,290,0,0,0.38001633
b04,291,0,0,0.41679665
b04,292,0,0,0.21779841
b04,293,0,1,0.51680064
b04,294,0,0,0.32856438
b04,295,0,0,0.4438496
b04,296,0,0,0.23211458
b04,297,0,0,0.054150973
b04,298,0,0,0.03785545
b04,299,0,0,0.0073199193
b04,300,0,0,0.031001722
b04,301,0,0,0.025405068
b04,302,0,0,0.0156149855
b04,303,0,0,0.02591606
b04,304,0,0,0.015512814
b04,305,0,0,0.012686116
b04,306,0,0,0.026981378
b04,307,0,0,0.014968437
b04,308,0,0,0.01809049
b04,309,0,0,0.043214604
b04,310,0,0,0.079119965
b04,311,0,0,0.19939744
b04,312,0,0,0.13778856
b04,313,0,0,0.4977489
b04,314,0,0,0.23996684
b04,315,0,0,0.18664889
b04,316,0,0,0.08058899
b04,317,0,0,0.057876125
b04,318,0,0,0.13160428
b04,319,0,0,0.42265898
b04,320,0,0,0.08254764
b04,321,0,0,0.27576098
b04,322,0,0,0.059911355
b04,323,0,0,0.41684592
b04,324,0,0,0.29797792
b04,325,0,0,0.11510449
b04,326,0,0,0.46806037
b04,327,0,0,0.25030202
b04,328,0,0,0.321263
b04,329,0,1,0.6758843
b04,330,0,0,0.23294726
b04,331,0,0,0.4369328
b04,332,0,1,0.558592
b04,333,0,0,0.38269818
b04,334,0,0,0.25295043
b04,335,0,0,0.17410594
b04,336,0,0,0.40837443
b04,337,0,0,0.32469922
b04,338,0,0,0.09846676
b04,339,0,0,0.055522826
b04,340,0,0,0.057047963
b04,341,0,0,0.029679455
b04,342,0,0,0.011884118
b04,343,0,0,0.11819874
b04,344,0,0,0.026988264
b04,345,0,0,0.14447239
b04,346,0,0,0.023799542
b04,347,0,0,0.02794191
b04,348,0,0,0.024438284
b04,349,0,0,0.01640174
b04,350,0,0,0.019178867
b04,351,0,0,0.20268707
b04,352,1,0,0.008068073
b04,353,1,0,0.0025372053
b04,354,1,0,0.14049685
b04,355,0,0,0.12754443
b04,356,0,0,0.0148765715
b04,357,0,0,0.027758805
b04,358,0,0,0.010956254
b04,359,0,0,0.009732634
b04,360,0,0,0.013666865
b04,361,0,0,0.013162729
b04,362,0,0,0.010946452
b04,363,0,0,0.0139191765
b04,364,0,0,0.0035573957
b04,365,0,0,0.018865226
b04,366,0,0,0.020126978
b04,367,0,0,0.010521454
b04,368,0,0,0.016691104
b04,369,0,0,0.0045415587
b04,370,0,0,0.027354138
b04,371,0,0,0.013843206
b04,372,0,0,0.015242637
b04,373,0,0,0.0156243555
b04,374,0,0,0.007234698
b04,375,0,1,0.5409301
b04,376,0,0,0.13364553
b04,377,0,0,0.03468568
b04,378,0,0,0.01967284
b04,379,0,0,0.029759811
b04,380,0,0,0.019607622
b04,381,0,0,0.026159026
b04,382,0,0,0.014655927
b04,383,0,0,0.032932397
b04,384,0,0,0.014833147
b04,385,0,0,0.01290003
b04,386,0,0,0.009708632
b04,387,0,0,0.0100452965
b04,388,0,0,0.04593735
b04,389,0,0,0.021544876
b04,390,0,0,0.042442862
b04,391,0,0,0.05123962
b04,392,0,0,0.03810516
b04,393,0,0,0.4488913
b04,394,0,0,0.018507196
b04,395,0,1,0.7634579
b04,396,0,1,0.6544759
b04,397,0,0,0.24468921
b04,398,0,0,0.20428438
b04,399,0,1,0.5483019
b04,400,0,0,0.2498267
b04,401,0,0,0.1434272
b04,402,0,0,0.28728518
b04,403,0,0,0.27403048
b04,404,0,0,0.46729183
b04,405,0,0,0.27072167
b04,406,0,0,0.27132368
b04,407,0,0,0.24207115
b04,408,0,0,0.25755593
b04,409,0,0,0.10763341
b04,410,0,1,0.7568887
b04,411,0,0,0.44791636
b04,412,0,0,0.069333695
b04,413,0,0,0.03615135
b04,414,0,0,0.010070929
b04,415,0,0,0.05337465
b04,416,0,0,0.22107854
b04,417,0,0,0.02515493
b04,418,0,0,0.069895625
b04,419,0,0,0.0514739
b04,420,0,0,0.012624896
b04,421,0,0,0.028494913
b04,422,0,0,0.10520129
b04,423,0,0,0.28455576
b04,424,0,0,0.07154184
b04,425,0,0,0.02431384
b04,426,0,0,0.080612555
b04,427,0,0,0.039488703
b04,428,0,0,0.055168793
b05,1,0,0,0.031335752
b05,2,0,0,0.039105374
b05,3,0,0,0.040347487
b05,4,0,0,0.029731048
b05,5,0,0,0.027067631
b05,6,0,0,0.047189053
b05,7,0,0,0.02902448
b05,8,0,0,0.01519948
b05,9,0,0,0.14242266
b05,10,0,0,0.030631185
b05,11,0,0,0.09366984
b05,12,0,0,0.052731726
b05,13,0,0,0.038317703
b05,14,0,0,0.024017619
b05,15,0,0,0.03507365
b05,16,0,0,0.016409189
b05,17,0,0,0.00750799
b05,18,0,0,0.038901206
b05,19,0,0,0.06479366
b05,20,0,0,0.12025946
b05,21,0,0,0.046162594
b05,22,0,0,0.012970655
b05,23,0,0,0.08045349
b05,24,0,0,0.014506463
b05,25,0,0,0.05314615
b05,26,0,0,0.042633712
b05,27,0,0,0.022432653
b05,28,0,0,0.029086858
b05,29,0,0,0.020277854
b05,30,0,0,0.021292623
b05,31,0,0,0.03900856
b05,32,0,0,0.060814444
b05,33,0,0,0.25806588
b05,34,0,0,0.016195485
b05,35,0,0,0.027413338
b05,36,0,0,0.06880997
b05,37,0,0,0.051275678
b05,38,0,0,0.04214697
b05,39,0,0,0.07476911
b05,40,0,0,0.08000726
b05,41,0,0,0.055849124
b05,42,0,0,0.05473956
b05,43,0,0,0.07470619
b05,44,0,0,0.0659115
b05,45,0,0,0.09891028
b05,46,1,0,0.029017923
b05,47,0,0,0.06551784
b05,48,0,0,0.11237015
b05,49,0,0,0.07830664
b05,50,0,0,0.059584778
b05,51,0,0,0.032491256
b05,52,0,0,0.0663912
b05,53,0,0,0.09273212
b05,54,0,0,0.04153599
b05,55,0,0,0.06934432
b05,56,0,0,0.06345128
b05,57,0,0,0.047621652
b05,58,0,0,0.09220899
b05,59,0,0,0.052038755
b05,60,0,0,0.07740425
b05,61,0,0,0.06890876
b05,62,0,0,0.043060243
b05,63,0,0,0.097030014
b05,64,0,0,0.0901873
b05,65,0,0,0.08225371
b05,66,0,0,0.06386147
b05,67,0,0,0.08784306
b05,68,0,0,0.09768508
b05,69,0,0,0.06543091
b05,70,0,0,0.08034702
b05,71,0,0,0.066687375
b05,72,0,0,0.11161551
b05,73,0,0,0.055147525
b05,74,0,0,0.074107096
b05,75,0,0,0.085171975
b05,76,0,0,0.08195512
b05,77,0,0,0.064117275
b05,78,0,0,0.09042566
b05,79,0,0,0.11126811
b05,80,0,0,0.07689335
b05,81,0,0,0.03950562
b05,82,0,0,0.11461899
b05,83,0,0,0.07463295
b05,84,0,0,0.07070621
b05,85,0,0,0.083827965
b05,86,0,0,0.073236406
b05,87,0,0,0.100696035
b05,88,0,0,0.09287237
b05,89,0,0,0.08205942
b05,90,0,0,0.04245448
b05,91,0,0,0.12542844
b05,92,0,0,0.08349149
b05,93,0,0,0.097275525
b05,94,0,0,0.064147644
b05,95,0,0,0.04920531
b05,96,0,0,0.050948393
b05,97,0,0,0.06928066
b05,98,0,0,0.103811204
b05,99,0,0,0.10481613
b05,100,0,0,0.17559868
b05,101,0,0,0.057566132
b05,102,0,0,0.018463964
b05,103,0,0,0.26675755
b05,104,0,0,0.15355113
b05,105,0,0,0.10203741
b05,106,0,0,0.05196492
b05,107,0,0,0.06059911
b05,108,0,0,0.09072145
b05,109,0,0,0.069612816
b05,110,0,0,0.059562255
b05,111,0,0,0.043083556
b05,112,0,0,0.07920071
b05,113,0,0,0.11299804
b05,114,0,0,0.07181216
b05,115,0,0,0.08106762
b05,116,1,0,0.043664422
b05,117,1,0,0.09294474
b05,118,0,0,0.044666145
b05,119,0,0,0.07911879
b05,120,0,0,0.058832467
b05,121,0,0,0.046388593
b05,122,0,0,0.0712463
b05,123,0,0,0.03630018
b05,124,0,0,0.10503302
b05,125,0,0,0.043992516
b05,126,0,0,0.06568929
b05,127,0,0,0.00015786107
b05,128,0,0,1.5724988e-10
b05,129,0,0,0.055141237
b05,130,0,0,0.09174989
b05,131,0,0,0.06430153
b05,132,0,0,0.0843725
b05,133,0,0,0.02022115
b05,134,0,0,0.079493135
b05,135,0,0,1.2692539e-07
b05,136,0,0,2.3115551e-06
b05,137,0,0,0.0026017372
b05,138,0,0,2.0304583e-07
b05,139,0,0,7.893733e-05
b05,140,0,0,0.00061036425
b05,141,0,0,4.204545e-05
b05,142,0,0,6.3582615e-05
b05,143,0,0,0.00015996637
b05,144,0,0,0.008778902
b05,145,0,0,0.00033678
b05,146,0,0,2.9688609e-08
b05,147,0,0,0.00027293363
b05,148,0,0,0.00047314973
b05,149,0,0,0.0773082
b05,150,0,0,0.11622434
b05,151,0,0,0.09764387
b05,152,0,0,0.041241728
b05,153,0,0,0.02917199
b05,154,0,0,0.09804687
b05,155,0,0,0.08620901
b05,156,0,0,0.09922286
b05,157,0,0,0.10881451
b05,158,0,0,0.0024748847
b05,159,0,0,0.035043273
b05,160,0,0,0.13751863
b05,161,0,0,0.1607079
b05,162,0,0,0.089357145
b05,163,0,0,0.1084072
b05,164,0,0,0.10705025
b05,165,0,0,0.12153842
b05,166,0,0,0.17508495
b05,167,0,0,0.08911847
b05,168,0,0,0.14851771
b05,169,0,0,0.0026247643
b05,170,0,0,0.00014809173
b05,171,0,0,0.00033076582
b05,172,0,0,0.009718319
b05,173,0,0,0.26178595
b05,174,0,0,0.0025458122
b05,175,0,0,0.022733133
b05,176,0,0,0.036987245
b05,177,0,0,0.015188906
b05,178,0,0,0.04804246
b05,179,0,0,0.0017025603
b05,180,0,0,2.2243817e-06
b05,181,0,0,2.0423865e-07
b05,182,0,0,0.075646855
b05,183,0,0,8.8596767e-07
b05,184,0,0,3.3878696e-05
b05,185,0,0,0.10548431
b05,186,0,0,0.07512439
b05,187,0,0,0.31043756
b05,188,0,0,7.5683515e-06
b05,189,0,0,0.10250554
b05,190,0,0,0.06929668
b05,191,0,0,0.07445305
b05,192,0,0,0.030060675
b05,193,0,0,0.061485086
b05,194,0,0,0.07857826
b05,195,0,0,0.20571537
b05,196,0,0,0.11816451
b05,197,0,0,0.027395127
b05,198,0,0,0.10111001
b05,199,0,0,0.31127673
b05,200,0,0,0.23619577
b05,201,0,0,0.28981566
b05,202,0,0,0.20191644
b05,203,0,0,0.16099922
b05,204,0,0,0.19136336
b05,205,0,0,0.2376366
b05,206,0,0,0.15682688
b05,207,0,0,0.15769118
b05,208,0,0,0.23754998
b05,209,0,0,0.33707497
b05,210,0,0,0.17319082
b05,211,0,0,0.03195561
b05,212,0,0,0.051894866
b05,213,0,0,0.049797844
b05,214,0,0,0.06387218
b05,215,0,0,0.06311647
b05,216,0,0,0.04870726
b05,217,0,0,0.05115468
b05,218,0,0,0.018157968
b05,219,0,0,0.06071721
b05,220,0,0,0.04342884
b05,221,0,0,0.07706118
b05,222,0,0,0.07669562
b05,223,0,0,0.11763262
b05,224,0,0,0.048331603
b05,225,0,0,0.07450708
b05,226,0,0,0.08012861
b05,227,0,0,0.079766475
b05,228,0,0,0.10945926
b05,229,0,0,0.056697275
b05,230,0,0,0.10631221
b05,231,0,0,0.06996531
b05,232,0,0,0.060289375
b05,233,0,0,0.14247233
b05,234,0,0,0.07458146
b05,235,0,0,0.023642981
b05,236,0,0,0.026235163
b05,237,0,0,0.0832733
b05,238,0,0,0.045962352
b05,239,0,0,0.057248056
b05,240,0,0,0.032448284
b05,241,0,0,0.087258
b05,242,0,0,0.09102612
b05,243,0,0,0.035728596
b05,244,0,0,0.33628044
b05,245,0,0,0.22166613
b05,246,0,0,0.29376227
b05,247,0,0,0.32395285
b05,248,0,0,0.29622397
b05,249,0,0,0.23270991
b05,250,0,0,0.24027705
b05,251,0,0,0.37817305
b05,252,0,0,0.092911325
b05,253,0,0,0.17166364
b05,254,0,0,0.09745749
b05,255,0,0,0.22334243
b05,256,0,0,0.20220877
b05,257,0,0,0.38238278
b05,258,0,0,0.13496011
b05,259,0,0,0.42856395
b05,260,0,0,0.25495848
b05,261,0,0,0.09469415
b05,262,0,0,0.04372272
b05,263,0,0,0.004487211
b05,264,0,0,0.06822779
b05,265,0,0,0.23713975
b05,266,0,0,0.21938044
b05,267,0,0,0.09648089
b05,268,0,0,0.04769175
b05,269,0,0,0.04071391
b05,270,0,0,0.112242036
b05,271,0,0,0.0034226244
b05,272,0,0,0.0001998739
b05,273,0,0,1.1861707e-06
b05,274,0,0,2.3138702e-07
b05,275,0,0,3.7858667e-06
b05,276,0,0,9.121936e-06
b05,277,0,0,0.022809166
b05,278,0,0,1.2457546e-06
b05,279,0,1,0.9999013
b05,280,0,0,0.24713415
b05,281,0,0,0.0025640677
b05,282,0,0,4.0532336e-07
b05,283,0,0,7.906828e-06
b05,284,0,0,0.018675823
b05,285,0,0,0.084070735
b05,286,0,0,0.42797893
b05,287,0,1,0.50037354
b05,288,0,0,0.40508437
b05,289,0,0,0.27314916
b05,290,0,0,0.3946579
b05,291,0,0,0.34775764
b05,292,0,0,0.37355062
b05,293,0,0,0.46291298
b05,294,0,0,0.37297603
b05,295,0,0,0.41984496
b05,296,0,1,0.660422
b05,297,0,0,0.4077921
b05,298,0,0,0.35194546
b05,299,0,0,0.18328203
b05,300,0,0,0.1111049
b05,301,0,0,0.3355126
b05,302,0,0,0.49587235
b05,303,0,0,0.16643558
b05,304,0,1,0.7821265
b05,305,0,1,0.50693625
b05,306,0,1,0.6097899
b05,307,0,1,0.57035583
b05,308,0,1,0.6543249
b05,309,0,1,0.60739887
b05,310,0,1,0.6742014
b05,311,1,1,0.6353712
b05,312,1,1,0.7675284
b05,313,1,0,0.43925148
b05,314,0,0,0.1841065
b05,315,0,0,0.3725623
b05,316,0,1,0.5436418
b05,317,0,0,0.2905857
b05,318,0,0,0.4494669
b05,319,0,0,0.091677636
b05,320,1,0,0.43768802
b05,321,1,1,0.6366794
b05,322,1,0,0.1620245
b05,323,1,0,0.30611053
b05,324,1,1,0.722378
b05,325,1,0,0.28105688
b05,326,1,1,0.66456556
b05,327,1,0,0.27814582
b05,328,1,1,0.7454761
b05,329,1,0,0.45830724
b05,330,1,1,0.7211055
b05,331,1,0,0.2117394
b05,332,1,0,0.11303476
b05,333,1,0,0.11703936
b05,334,1,1,0.7558743
b05,335,1,0,0.102660954
b05,336,1,0,0.31849223
b05,337,0,1,0.59528625
b05,338,0,1,0.54724556
b05,339,0,0,0.3331757
b05,340,0,0,0.32915255
b05,341,0,0,0.22039297
b05,342,0,0,0.36895838
b05,343,0,0,0.30725494
b05,344,0,0,0.32178855
b05,345,0,0,0.30089593
b05,346,0,1,0.52084726
b05,347,0,0,0.44883037
b05,348,0,0,0.39980745
b05,349,0,1,0.548643
b05,350,0,1,0.7611084
b05,351,1,1,0.5556861
b05,352,0,1,0.55469406
b05,353,0,0,0.32879308
b05,354,0,1,0.69712776
b05,355,0,1,0.6072524
b05,356,0,0,0.30737227
b05,357,0,0,0.47224683
b05,358,0,0,0.2284898
b05,359,0,0,0.17462838
b05,360,0,0,0.18943653
b05,361,0,0,0.3490939
b05,362,0,0,0.35849476
b05,363,0,0,0.28866994
b05,364,0,0,0.33941177
b05,365,0,0,0.49282193
b05,366,0,0,0.2411374
b05,367,0,0,0.26490694
b05,368,0,0,0.36958867
b05,369,0,0,0.3006045
b05,370,0,0,0.40367532
b05,371,0,0,0.32999063
b05,372,0,0,0.031312104
b05,373,0,0,0.18682812
b05,374,0,0,0.2589751
b05,375,0,0,0.21613069
b05,376,0,0,0.40350315
b05,377,0,0,0.2898534
b05,378,0,0,0.38426158
b05,379,0,0,0.19997904
b05,380,0,0,0.24051088
b05,381,0,0,0.30016166
b05,382,0,0,0.18615553
b05,383,0,0,0.18475501
b05,384,0,0,0.23719771
b05,385,0,0,0.29992124
b05,386,0,0,0.29271835
b05,387,0,0,0.20490405
b05,388,0,0,0.21729834
b05,389,1,0,0.40973273
b05,390,1,0,0.436788
b05,391,1,0,0.44852257
b05,392,1,0,0.34839636
b05,393,1,0,0.4851714
b05,394,1,1,0.7047725
b05,395,0,0,0.36052886
b05,396,0,1,0.6305905
b05,397,0,0,0.46024346
b05,398,0,1,0.60615015
b05,399,0,1,0.7123567
b05,400,0,0,0.40322733
b05,401,0,1,0.52449715
b05,402,0,1,0.5469045
b05,403,0,0,0.46451542
b05,404,0,1,0.66924524
b05,405,1,0,0.03432865
b05,406,1,0,0.32100335
b05,407,1,0,0.451531
b05,408,1,1,0.6932956
b05,409,1,1,0.5651131
b05,410,1,1,0.5573765
b05,411,1,0,0.23618528
b05,412,1,1,0.63429487
b05,413,1,1,0.7420198
b05,414,1,1,0.65834737
b05,415,1,1,0.7207209
b05,416,1,0,0.32563365
b05,417,1,0,0.17235015
b05,418,1,1,0.57867426
b05,419,1,1,0.77024674
b05,420,1,0,0.19079849
b05,421,1,0,0.40524286
b05,422,1,1,0.5611878
b05,423,1,1,0.7474733
b05,424,1,1,0.6377315
b05,425,1,1,0.74606603
b05,426,1,0,0.48105
b05,427,1,1,0.5447082
b05,428,1,1,0.7127577
b05,429,1,1,0.5448767
b05,430,1,1,0.7937106
b05,431,1,1,0.77449584
b05,432,0,1,0.6669417
c01,10,0,0,0.35156718
c01,11,0,0,0.03789974
c01,12,0,0,0.03216365
c01,13,0,0,0.05756369
c01,14,0,0,0.024659831
c01,15,0,0,0.041829508
c01,16,0,0,0.13517389
c01,17,0,0,0.21110597
c01,18,0,0,0.07758184
c01,19,0,0,0.060251243
c01,20,0,0,0.032347683
c01,21,0,0,0.009385193
c01,22,0,0,0.105829015
c01,23,0,1,0.69617105
c01,24,0,0,0.20680375
c01,25,0,0,0.07593759
c01,26,0,0,0.21317585
c01,27,0,0,0.034434795
c01,28,0,0,0.017944442
c01,29,0,0,0.036829967
c01,30,0,0,0.038519103
c01,31,0,0,0.054915868
c01,32,0,0,0.052790638
c01,33,0,0,0.01134248
c01,34,0,0,0.006538608
c01,35,0,0,0.0051294123
c01,36,0,0,0.33004954
c01,37,0,0,0.0037562917
c01,38,0,0,0.012199091
c01,39,0,0,0.04614154
c01,40,0,0,0.008906862
c01,41,0,0,0.014342349
c01,42,0,0,0.026031986
c01,43,0,0,0.019876653
c01,44,0,0,0.014991699
c01,45,0,0,0.015038708
c01,46,0,0,0.018018508
c01,47,0,0,0.010826785
c01,48,0,0,0.0067244447
c01,49,0,0,0.13580014
c01,50,0,0,0.03070931
c01,51,0,0,0.03662069
c01,52,0,0,0.0051074377
c01,53,0,0,0.008923786
c01,54,0,0,0.20518972
c01,55,0,0,0.004436155
c01,56,0,0,0.013004078
c01,57,0,0,0.008534298
c01,58,0,0,0.0035409569
c01,59,0,0,0.0046296148
c01,60,0,0,0.003201161
c01,61,0,0,0.025108777
c01,62,0,0,0.006988574
c01,63,0,0,0.0068686325
c01,64,0,0,0.0041564927
c01,65,0,0,0.005165077
c01,66,0,0,0.0021242565
c01,67,0,0,0.006296239
c01,68,0,0,0.021102874
c01,69,0,0,0.0040627145
c01,70,0,0,0.004699628
c01,71,0,0,0.0045703226
c01,72,0,0,0.006120101
c01,73,0,0,0.005742292
c01,74,0,0,0.001735954
c01,75,0,0,0.005544175
c01,76,0,0,0.003591554
c01,77,0,0,0.005551404
c01,78,0,0,0.0025446585
c01,79,0,0,0.0052830903
c01,80,0,0,0.0071955724
c01,81,0,0,0.0030436043
c01,82,0,0,0.001203881
c01,83,0,0,0.0024240827
c01,84,0,0,0.0068423063
c01,85,0,0,0.009913549
c01,86,0,0,0.010300165
c01,87,0,0,0.008184194
c01,88,0,0,0.0053983037
c01,89,0,0,0.009244273
c01,90,0,0,0.0055176825
c01,91,0,0,0.00737823
c01,92,0,0,0.00810162
c01,93,0,0,0.043003436
c01,94,0,0,0.013347397
c01,95,0,0,0.0409395
c01,96,0,0,0.008559755
c01,97,0,0,0.01324066
c01,98,0,0,0.009523956
c01,99,0,0,0.01155027
c01,100,0,0,0.009703485
c01,101,0,0,0.006343846
c01,102,0,0,0.015410061
c01,103,0,0,0.008007387
c01,104,0,0,0.018615551
c01,105,0,0,0.0045891693
c01,106,0,0,0.014692681
c01,107,0,0,0.0055783247
c01,108,0,0,0.009978039
c01,109,0,0,0.009388207
c01,110,0,0,0.0026667756
c01,111,0,0,0.0049869786
c01,112,0,0,0.0028892471
c01,113,0,0,0.012609248
c01,114,0,0,0.0045071347
c01,115,0,0,0.002548122
c01,116,0,0,0.0054323017
c01,117,0,0,0.0025738643
c01,118,0,0,0.0037966212
c01,119,0,0,0.032982625
c01,120,0,0,0.003072697
c01,121,0,0,0.0035481043
c01,122,0,0,0.003680028
c01,123,0,0,0.0073374133
c01,124,0,0,0.0025931722
c01,125,0,0,0.0041513834
c01,126,0,0,0.0029157554
c01,127,0,0,0.0059169475
c01,128,0,0,0.0037107011
c01,129,0,0,0.003454336
c01,130,0,0,0.0036562923
c01,131,0,0,0.0022498157
c01,132,0,0,0.0021424235
c01,133,0,0,0.0047553554
c01,134,0,0,0.0028960302
c01,135,0,0,0.0056688115
c01,136,0,0,0.007093765
c01,137,0,0,0.010323397
c01,138,0,0,0.043983247
c01,139,0,0,0.0805131
c01,140,0,0,0.08548147
c01,141,0,0,0.0061226827
c01,142,0,0,0.07033552
c01,143,0,0,0.09698936
c01,144,0,0,0.0016930648
c01,145,0,0,0.0017513343
c01,146,0,0,0.0011047813
c01,147,0,0,0.0026191543
c01,148,0,0,0.0029275948
c01,149,0,0,0.0024352726
c01,150,0,0,0.0018790487
c01,151,0,0,0.0020097988
c01,152,0,0,0.005516301
c01,153,0,0,0.003783234
c01,154,0,0,0.005257744
c01,155,0,0,0.006017304
c01,156,0,0,0.0055728997
c01,157,0,0,0.007951941
c01,158,0,0,0.031907506
c01,159,0,0,0.003537259
c01,160,0,0,0.0028544134
c01,161,0,0,0.0076485085
c01,162,0,0,0.007948891
c01,163,0,0,0.0069492683
c01,164,0,0,0.016632821
c01,165,0,0,0.0029441784
c01,166,0,0,0.005714855
c01,167,0,0,0.008098908
c01,168,0,0,0.015660863
c01,169,0,0,0.00816069
c01,170,0,0,0.008203635
c01,171,0,0,0.0071724295
c01,172,0,0,0.0061876657
c01,173,0,0,0.01253244
c01,174,0,0,0.008040509
c01,175,0,0,0.00926899
c01,176,0,0,0.014545616
c01,177,0,0,0.008494985
c01,178,0,0,0.010289302
c01,179,0,0,0.009004067
c01,180,0,0,0.023904085
c01,181,0,0,0.015079532
c01,182,0,0,0.010448601
c01,183,0,0,0.005657893
c01,184,0,0,0.010338149
c01,185,0,0,0.0068947654
c01,186,0,0,0.018999351
c01,187,0,0,0.1228905
c01,188,0,0,0.057875626
c01,189,0,0,0.013935888
c01,190,0,0,0.0015306204
c01,191,0,0,0.004424226
c01,192,0,0,0.005901883
c01,193,0,0,0.007978731
c01,194,0,0,0.010391487
c01,195,0,0,0.01117664
c01,196,0,0,0.013420442
c01,197,0,0,0.020348322
c01,198,0,0,0.016929645
c01,199,0,0,0.06937518
c01,200,0,0,0.10907912
c01,201,0,0,0.10845731
c01,202,0,0,0.15272778
c01,203,0,0,0.08036895
c01,204,0,0,0.15358517
c01,205,0,0,0.19348527
c01,206,0,0,0.2170629
c01,207,0,0,0.11405904
c01,208,0,0,0.05680262
c01,209,0,0,0.06759231
c01,210,0,0,0.06708755
c01,211,0,0,0.115498476
c01,212,0,0,0.015292992
c01,213,0,0,0.10353658
c01,214,0,0,0.12441088
c01,215,0,0,0.10837849
c01,216,0,0,0.12996598
c01,217,0,0,0.1206359
c01,218,0,0,0.058219317
c01,219,0,0,0.054041713
c01,220,0,0,0.07191607
c01,221,0,0,0.012351546
c01,222,0,0,0.02647314
c01,223,0,0,0.05004651
c01,224,0,0,0.012573867
c01,225,0,0,0.026634466
c01,226,0,0,0.040145006
c01,227,0,0,0.048346866
c01,228,0,0,0.011772722
c01,229,0,0,0.038166966
c01,230,0,0,0.03531636
c01,231,0,0,0.011763987
c01,232,0,0,0.02408066
c01,233,0,0,0.004544379
c01,234,0,0,0.011923413
c01,235,0,0,0.0020985634
c01,236,0,0,0.00519199
c01,237,0,0,0.022959964
c01,238,0,0,0.009635749
c01,239,0,0,0.02316191
c01,240,0,0,0.0070002577
c01,241,0,0,0.0021929187
c01,242,0,0,0.0016661697
c01,243,0,0,0.0025915413
c01,244,0,0,0.009417975
c01,245,0,0,0.0797056
c01,246,0,0,0.009326669
c01,247,0,0,0.0447057
c01,248,0,0,0.022253787
c01,249,0,0,0.018930657
c01,250,0,0,0.02221335
c01,251,0,0,0.0230117
c01,252,0,0,0.015675643
c01,253,0,0,0.051458262
c01,254,0,0,0.04846533
c01,255,0,0,0.033991445
c01,256,0,0,0.020311406
c01,257,0,0,0.01912209
c01,258,0,0,0.027618462
c01,259,0,0,0.005327155
c01,260,0,0,0.06692374
c01,261,0,0,0.022472942
c01,262,0,0,0.024069414
c01,263,0,0,0.04577824
c01,264,0,0,0.096563116
c01,265,0,0,0.042809777
c01,266,0,0,0.03028784
c01,267,0,0,0.022246132
c01,268,0,0,0.016137406
c01,269,0,0,0.10874122
c01,270,0,0,0.20358537
c01,271,0,0,0.013098044
c01,272,0,0,0.039139926
c01,273,0,0,0.07503718
c01,274,0,0,0.013533638
c01,275,0,0,0.12037093
c01,276,0,0,0.01476729
c01,277,0,0,0.034184214
c01,278,0,0,0.06103653
c01,279,0,0,0.01037566
c01,280,0,0,0.034273338
c01,281,0,0,0.11435721
c01,282,0,0,0.05612793
c01,283,0,0,0.009244111
c01,284,0,0,0.030327596
c01,285,0,0,0.032854475
c01,286,0,0,0.049589485
c01,287,0,0,0.047302503
c01,288,0,0,0.024881363
c01,289,0,0,0.031125773
c01,290,0,0,0.049859364
c01,291,0,0,0.029271001
c01,292,0,0,0.12528573
c01,293,0,1,0.5889748
c01,294,0,0,0.009064713
c01,295,0,0,0.009636564
c01,296,0,0,0.02066459
c01,297,0,0,0.030678473
c01,298,0,0,0.027229989
c01,299,0,0,0.016425967
c01,300,0,0,0.043728273
c01,301,0,0,0.012936196
c01,302,0,0,0.027661214
c01,303,0,0,0.009203624
c01,304,0,0,0.0257806
c01,305,0,0,0.14241914
c01,306,0,0,0.018906416
c01,307,0,0,0.006837995
c01,308,0,0,0.45552343
c01,309,0,0,0.12141032
c01,310,0,0,0.075783856
c01,311,0,0,0.017708374
c01,312,0,0,0.037536707
c01,313,0,0,0.02930586
c01,314,0,0,0.034599885
c01,315,0,0,0.005700002
c01,316,0,0,0.026150439
c01,317,0,0,0.004578141
c01,318,0,0,0.01470986
c01,319,0,0,0.0051154443
c01,320,0,0,0.0077024163
c01,321,0,0,0.005571436
c01,322,0,0,0.01040145
c01,323,0,0,0.0073647555
c01,324,0,0,0.008636961
c01,325,0,0,0.016576419
c01,326,0,0,0.01357275
c01,327,0,0,0.00489521
c01,328,0,0,0.0151043255
c01,329,0,0,0.011022581
c01,330,0,0,0.012390236
c01,331,0,0,0.026530892
c01,332,0,0,0.15515624
c01,333,0,0,0.08201143
c01,334,0,0,0.077273734
c01,335,0,0,0.09051155
c01,336,0,0,0.018876614
c01,337,0,0,0.04732804
c01,338,0,0,0.092784286
c01,339,0,0,0.061902583
c01,340,0,0,0.030020887
c01,341,0,0,0.042781062
c01,342,0,0,0.04115151
c01,343,0,0,0.013455054
c01,344,0,0,0.10247819
c01,345,0,0,0.15681972
c01,346,0,0,0.20208237
c01,347,0,0,0.29978287
c01,348,0,0,0.13887967
c01,349,0,0,0.069666326
c01,350,0,0,0.05475703
c01,351,0,0,0.012382169
c01,352,0,0,0.0095371585
c01,353,0,0,0.029146345
c01,354,0,0,0.007086594
c01,355,0,0,0.009969587
c01,356,0,0,0.023556925
c01,357,0,0,0.016864596
c01,358,0,0,0.019019134
c01,359,0,0,0.022048255
c01,360,0,0,0.008500526
c01,361,0,0,0.021364117
c01,362,0,0,0.0049108877
c01,363,0,0,0.013663524
c01,364,0,0,0.0147132315
c01,365,0,0,0.031953968
c01,366,0,0,0.008544738
c01,367,0,0,0.013127972
c01,368,0,0,0.010862897
c01,369,0,0,0.019437658
c01,370,0,0,0.0038956904
c01,371,0,0,0.011379751
c01,372,0,0,0.005712171
c01,373,0,0,0.011370839
c01,374,0,0,0.012820774
c01,375,0,0,0.005838018
c01,376,0,0,0.011036927
c01,377,0,0,0.018092277
c01,378,0,0,0.017727148
c01,379,0,0,0.0031795625
c01,380,0,0,0.01571243
c01,381,0,0,0.0036360316
c01,382,0,0,0.01564453
c01,383,0,0,0.0183914
c01,384,0,0,0.013665497
c01,385,0,0,0.007238906
c01,386,0,0,0.0052121757
c01,387,0,0,0.0053859823
c01,388,0,0,0.15755838
c01,389,0,0,0.4153477
c01,390,0,0,0.017445747
c01,391,0,0,0.0074260593
c01,392,0,0,0.010858078
c01,393,0,0,0.0109820785
c01,394,0,0,0.013048383
c01,395,0,0,0.008932229
c01,396,0,0,0.021115521
c01,397,0,0,0.03498978
c01,398,0,0,0.008833008
c01,399,0,0,0.008437512
c01,400,0,0,0.022282768
c01,401,0,0,0.014356564
c01,402,0,0,0.018562311
c01,403,0,0,0.011092123
c01,404,0,0,0.0036000127
c01,405,0,0,0.004779083
c01,406,0,0,0.007508495
c01,407,0,0,0.004817672
c01,408,0,0,0.0065986677
c01,409,0,0,0.009148596
c01,410,0,0,0.017145326
c01,411,0,0,0.019149004
c01,412,0,0,0.017387196
c01,413,0,0,0.037969407
c01,414,0,0,0.036113683
c01,415,0,0,0.023342011
c01,416,0,0,0.07825486
c01,417,0,0,0.1819802
c01,418,0,0,0.039510425
c01,419,0,0,0.0882225
c01,420,0,0,0.037597183
c01,421,0,0,0.05249834
c01,422,0,0,0.13956246
c01,423,0,1,0.5328245
c01,424,0,0,0.021867836
c01,425,0,0,0.010036783
c01,426,0,0,0.03154093
c01,427,0,0,0.033183508
c01,428,0,0,0.01522637
c01,429,0,0,0.0620379
c01,430,0,0,0.018290266
c01,431,0,0,0.13478708
c01,432,0,0,0.041978613
c01,433,0,0,0.051350713
c01,434,0,0,0.02707704
c01,435,0,0,0.0135966595
c01,436,0,0,0.02627216
c01,437,0,0,0.029779688
c01,438,0,0,0.085149646
c01,439,0,0,0.19822796
c01,440,0,0,0.031322353
c01,441,0,0,0.0119374925
c01,442,0,0,0.047937438
c01,443,0,0,0.052801393
c01,444,0,0,0.043956466
c01,445,0,0,0.010550902
c01,446,0,0,0.02601904
c01,447,0,0,0.053953506
c01,448,0,0,0.022275252
c01,449,0,0,0.041798536
c01,450,0,0,0.025129672
c01,451,0,0,0.054876707
c01,452,0,0,0.09256945
c01,453,0,0,0.028120527
c01,454,0,0,0.06332075
c01,455,0,0,0.067832805
c01,456,0,0,0.027473481
c01,457,0,0,0.012210893
c01,458,0,0,0.013186821
c01,459,0,0,0.0047121393
c01,460,0,0,0.011921755
c01,461,0,0,0.0065916483
c01,462,0,0,0.012237534
c01,463,0,0,0.028573435
c01,464,0,0,0.0048183333
c01,465,0,0,0.017517854
c01,466,0,0,0.065203235
c01,467,0,0,0.15550722
c01,468,0,0,0.47393963
c01,469,0,0,0.42388603
c01,470,0,0,0.030602984
c01,471,0,0,0.040651094
c01,472,0,0,0.027763182
c01,473,0,0,0.053840883
c01,474,0,0,0.054507114
c01,475,0,0,0.011614494
c01,476,0,0,0.02505759
c01,477,0,0,0.009601908
c01,478,0,0,0.29865426
c01,479,0,1,0.5089059
c01,480,0,0,0.07249384
c01,481,0,1,0.5686345
c01,482,0,1,0.57320017
c01,483,0,0,0.081021346
c02,10,0,0,0.07721796
c02,11,0,0,0.35764787
c02,12,0,0,0.16885245
c02,13,0,0,0.05529005
c02,14,0,0,0.07144866
c02,15,0,0,0.041372254
c02,16,0,0,0.40379834
c02,17,0,0,0.13548018
c02,18,0,0,0.051905986
c02,19,0,0,0.030871458
c02,20,0,0,0.04874204
c02,21,1,0,0.09405186
c02,22,0,0,0.008494588
c02,23,0,0,0.0072193304
c02,24,0,0,0.0072529376
c02,25,0,0,0.009285486
c02,26,0,0,0.014424426
c02,27,0,0,0.026054587
c02,28,0,0,0.024728423
c02,29,0,0,0.12905009
c02,30,0,0,0.35561293
c02,31,0,0,0.015714569
c02,32,0,0,0.015856259
c02,33,0,0,0.008875725
c02,34,0,0,0.0075938073
c02,35,0,0,0.009997724
c02,36,0,0,0.012540207
c02,37,0,0,0.00898449
c02,38,0,0,0.0076726177
c02,39,0,0,0.00793528
c02,40,0,0,0.010552824
c02,41,0,0,0.032562643
c02,42,0,0,0.011778804
c02,43,0,0,0.015546544
c02,44,0,0,0.028364684
c02,45,0,0,0.012128308
c02,46,0,0,0.0069581126
c02,47,0,0,0.01425935
c02,48,0,0,0.011506749
c02,49,0,0,0.011805992
c02,50,0,0,0.011471029
c02,51,0,0,0.0154466545
c02,52,0,0,0.010684913
c02,53,0,0,0.015949495
c02,54,0,0,0.019722281
c02,55,0,0,0.013545987
c02,56,0,0,0.010151118
c02,57,0,0,0.011730508
c02,58,0,0,0.0102151325
c02,59,0,0,0.010763669
c02,60,0,0,0.015538032
c02,61,0,0,0.04002875
c02,62,0,0,0.007273557
c02,63,0,0,0.009553071
c02,64,0,0,0.011951944
c02,65,0,0,0.009175117
c02,66,0,0,0.00562619
c02,67,0,0,0.0085850675
c02,68,0,0,0.009387321
c02,69,0,0,0.0054806983
c02,70,0,0,0.009495054
c02,71,0,0,0.008319063
c02,72,0,0,0.010343332
c02,73,0,0,0.007833569
c02,74,0,0,0.0051207063
c02,75,0,0,0.007982782
c02,76,0,0,0.0071163964
c02,77,0,0,0.008612376
c02,78,0,0,0.007076502
c02,79,0,0,0.006889543
c02,80,0,0,0.13609898
c02,81,0,0,0.2789444
c02,82,0,0,0.0070374925
c02,83,0,0,0.0056920215
c02,84,0,0,0.0047438648
c02,85,0,0,0.009833421
c02,86,0,0,0.007974268
c02,87,0,0,0.0035835227
c02,88,0,0,0.005195918
c02,89,0,0,0.018546365
c02,90,0,0,0.007123853
c02,91,0,0,0.009964533
c02,92,0,0,0.012093548
c02,93,0,0,0.005424123
c02,94,0,0,0.005033899
c02,95,0,0,0.006907975
c02,96,0,0,0.0043616844
c02,97,0,0,0.0051812734
c02,98,0,0,0.013255201
c02,99,0,0,0.005819582
c02,100,0,0,0.005350227
c02,101,0,0,0.0062435106
c02,102,0,0,0.0065727406
c02,103,0,0,0.004319771
c02,104,0,0,0.00835239
c02,105,0,0,0.006181804
c02,106,0,0,0.0044777165
c02,107,0,0,0.0033618256
c02,108,0,0,0.0046506426
c02,109,0,0,0.005574171
c02,110,0,0,0.004545212
c02,111,0,0,0.004200648
c02,112,0,0,0.00656768
c02,113,0,0,0.004874599
c02,114,0,0,0.0038242855
c02,115,0,0,0.005827701
c02,116,0,0,0.006545141
c02,117,0,0,0.005754329
c02,118,0,0,0.0037360273
c02,119,0,0,0.005954026
c02,120,0,0,0.0030864303
c02,121,0,0,0.0064353794
c02,122,0,0,0.005953546
c02,123,0,0,0.00439026
c02,124,0,0,0.0052713053
c02,125,0,0,0.0040137745
c02,126,0,0,0.0032092948
c02,127,0,0,0.003880567
c02,128,0,0,0.004353984
c02,129,0,0,0.004597934
c02,130,0,0,0.010125685
c02,131,0,0,0.0045174584
c02,132,0,0,0.0075673047
c02,133,0,0,0.0058916523
c02,134,0,0,0.0052298037
c02,135,0,0,0.010285961
c02,136,0,0,0.018937437
c02,137,0,0,0.00913181
c02,138,0,0,0.009693016
c02,139,0,0,0.007757996
c02,140,0,0,0.012280619
c02,141,0,0,0.01356171
c02,142,0,0,0.0062962836
c02,143,0,0,0.011112697
c02,144,0,0,0.007872761
c02,145,0,0,0.014352551
c02,146,0,0,0.013484739
c02,147,0,0,0.010035191
c02,148,0,0,0.0063116457
c02,149,0,0,0.006180448
c02,150,0,0,0.018658742
c02,151,0,0,0.014310795
c02,152,0,0,0.22124779
c02,153,0,0,0.12540525
c02,154,0,0,0.040026706
c02,155,0,0,0.01366718
c02,156,0,0,0.014952351
c02,157,0,0,0.016096484
c02,158,0,0,0.016251605
c02,159,0,0,0.02275029
c02,160,0,0,0.014683309
c02,161,0,0,0.018284356
c02,162,0,0,0.015235495
c02,163,0,0,0.01843095
c02,164,0,0,0.018706273
c02,165,0,0,0.018171418
c02,166,0,0,0.02299383
c02,167,0,0,0.016976386
c02,168,0,0,0.021795014
c02,169,0,0,0.014999164
c02,170,0,0,0.015438998
c02,171,0,0,0.018874481
c02,172,0,0,0.020938836
c02,173,0,0,0.016645946
c02,174,0,0,0.016800882
c02,175,0,0,0.02058919
c02,176,0,0,0.019537792
c02,177,0,0,0.02342638
c02,178,0,0,0.01750339
c02,179,0,0,0.02112782
c02,180,0,0,0.021403627
c02,181,0,0,0.019345248
c02,182,0,0,0.017042194
c02,183,0,0,0.025815234
c02,184,0,0,0.026063353
c02,185,0,0,0.019503042
c02,186,0,0,0.02870795
c02,187,0,0,0.012359128
c02,188,0,0,0.06264004
c02,189,0,0,0.06700831
c02,190,0,0,0.016944721
c02,191,0,0,0.0548082
c02,192,0,0,0.015196419
c02,193,0,0,0.01758105
c02,194,0,0,0.018199744
c02,195,0,0,0.022145167
c02,196,0,0,0.022638002
c02,197,0,0,0.01878806
c02,198,0,0,0.014838575
c02,199,0,0,0.01720693
c02,200,0,0,0.02445953
c02,201,0,0,0.020473136
c02,202,0,0,0.22108176
c02,203,0,0,0.026563358
c02,204,0,0,0.03247664
c02,205,0,0,0.030607251
c02,206,0,0,0.020774556
c02,207,0,0,0.023183769
c02,208,0,0,0.028986046
c02,209,0,0,0.019212628
c02,210,0,0,0.02615398
c02,211,0,0,0.021780403
c02,212,0,0,0.017331414
c02,213,0,0,0.019797305
c02,214,0,0,0.018301431
c02,215,0,0,0.025020333
c02,216,0,0,0.024945246
c02,217,0,0,0.015650634
c02,218,0,0,0.025102342
c02,219,0,0,0.015282793
c02,220,0,0,0.017016165
c02,221,0,0,0.02576424
c02,222,0,0,0.027326128
c02,223,0,0,0.018115746
c02,224,0,0,0.019651577
c02,225,0,0,0.016023576
c02,226,0,0,0.026955402
c02,227,0,0,0.016425466
c02,228,0,0,0.028435037
c02,229,0,0,0.17227128
c02,230,0,0,0.017766679
c02,231,0,0,0.018972693
c02,232,0,0,0.022460435
c02,233,0,0,0.013144588
c02,234,0,0,0.012095434
c02,235,0,0,0.015845481
c02,236,0,0,0.041533377
c02,237,0,0,0.091865286
c02,238,0,0,0.011833516
c02,239,0,0,0.0062483316
c02,240,0,0,0.0046611587
c02,241,0,0,0.0064997016
c02,242,0,0,0.005958128
c02,243,0,0,0.008547688
c02,244,0,0,0.010081936
c02,245,0,0,0.009033494
c02,246,0,0,0.0051823054
c02,247,0,0,0.0071067773
c02,248,0,0,0.0073692435
c02,249,0,0,0.0056668576
c02,250,0,0,0.009174203
c02,251,0,0,0.015009212
c02,252,0,0,0.0075564045
c02,253,0,0,0.00590275
c02,254,0,0,0.0071892836
c02,255,0,0,0.003972734
c02,256,0,0,0.007025358
c02,257,0,0,0.0056022317
c02,258,0,0,0.006413902
c02,259,0,0,0.00735553
c02,260,0,0,0.010612292
c02,261,0,0,0.011513928
c02,262,0,0,0.00576488
c02,263,0,0,0.009543223
c02,264,0,0,0.011557997
c02,265,0,0,0.008715569
c02,266,0,0,0.01206084
c02,267,0,0,0.00771485
c02,268,0,0,0.0064530503
c02,269,0,0,0.015572372
c02,270,0,0,0.011348888
c02,271,0,0,0.005604057
c02,272,0,0,0.007138479
c02,273,0,0,0.008987777
c02,274,0,0,0.006274117
c02,275,0,0,0.008271218
c02,276,0,0,0.0111882975
c02,277,0,0,0.0068318993
c02,278,0,0,0.005557752
c02,279,0,0,0.013668755
c02,280,0,0,0.00826515
c02,281,0,0,0.006346582
c02,282,0,0,0.010322223
c02,283,0,0,0.00787645
c02,284,0,0,0.010635955
c02,285,0,0,0.00969023
c02,286,0,0,0.008383224
c02,287,0,0,0.05559828
c02,288,0,0,0.089027494
c02,289,0,0,0.015425342
c02,290,0,0,0.038015906
c02,291,0,0,0.02012199
c02,292,0,0,0.01072207
c02,293,0,0,0.0067767277
c02,294,0,0,0.008341334
c02,295,0,0,0.006988692
c02,296,0,0,0.006093688
c02,297,0,0,0.0060591963
c02,298,0,0,0.010408668
c02,299,0,0,0.0055979937
c02,300,0,0,0.0112427585
c02,301,0,0,0.016411273
c02,302,0,0,0.013763974
c02,303,0,0,0.010648863
c02,304,0,0,0.0070994897
c02,305,0,0,0.14049391
c02,306,0,0,0.005581902
c02,307,0,0,0.0035870555
c02,308,0,0,0.0065971273
c02,309,0,0,0.0073108985
c02,310,0,0,0.0066828635
c02,311,0,0,0.008467245
c02,312,0,0,0.008868421
c02,313,0,0,0.009213221
c02,314,0,0,0.004821002
c02,315,0,0,0.008362901
c02,316,0,0,0.0059495517
c02,317,0,0,0.009932596
c02,318,0,0,0.0057097203
c02,319,0,0,0.0066511296
c02,320,0,0,0.0059317187
c02,321,0,0,0.004984667
c02,322,0,0,0.0056453524
c02,323,0,0,0.005439445
c02,324,0,0,0.005850493
c02,325,0,0,0.005099593
c02,326,0,0,0.005574504
c02,327,0,0,0.007963664
c02,328,0,0,0.0059291464
c02,329,0,0,0.0064808475
c02,330,0,0,0.0051365914
c02,331,0,0,0.007244157
c02,332,0,0,0.01323504
c02,333,0,0,0.006578042
c02,334,0,0,0.007969769
c02,335,0,0,0.0068177595
c02,336,0,0,0.0069096596
c02,337,0,0,0.008607918
c02,338,0,0,0.007395761
c02,339,0,0,0.00620188
c02,340,0,0,0.005679998
c02,341,0,0,0.0064761178
c02,342,0,0,0.0049089473
c02,343,0,0,0.00603913
c02,344,0,0,0.0063866354
c02,345,0,0,0.013574997
c02,346,0,0,0.107874714
c02,347,0,0,0.037326872
c02,348,0,0,0.08044762
c02,349,0,0,0.19528279
c02,350,0,0,0.007997533
c02,351,0,0,0.0058861533
c02,352,0,0,0.0046907924
c02,353,0,0,0.0063601313
c02,354,0,0,0.006036074
c02,355,0,0,0.007731517
c02,356,0,0,0.006340601
c02,357,0,0,0.0047754375
c02,358,0,0,0.007171431
c02,359,0,0,0.004973111
c02,360,0,0,0.0070030657
c02,361,0,0,0.009299692
c02,362,0,0,0.004531305
c02,363,0,0,0.0067010378
c02,364,0,0,0.009509461
c02,365,0,0,0.011933854
c02,366,0,0,0.0145380385
c02,367,0,0,0.011755901
c02,368,0,0,0.008344214
c02,369,0,0,0.43914276
c02,370,0,0,0.009594547
c02,371,0,0,0.0090565095
c02,372,0,0,0.0073290444
c02,373,0,0,0.17065114
c02,374,0,0,0.09216771
c02,375,0,0,0.015179958
c02,376,0,0,0.017516967
c02,377,0,0,0.044738427
c02,378,0,0,0.026454829
c02,379,0,0,0.019649286
c02,380,0,0,0.027494453
c02,381,0,0,0.029267384
c02,382,0,0,0.034215566
c02,383,0,0,0.019038303
c02,384,0,0,0.017259868
c02,385,0,0,0.035757713
c02,386,0,0,0.03636409
c02,387,0,0,0.39891708
c02,388,0,0,0.01630231
c02,389,0,0,0.019754171
c02,390,0,0,0.01743465
c02,391,0,0,0.025495632
c02,392,0,0,0.019526897
c02,393,0,0,0.016193092
c02,394,0,0,0.030390192
c02,395,0,0,0.025340302
c02,396,0,0,0.035191655
c02,397,0,0,0.025262339
c02,398,0,0,0.017035613
c02,399,0,0,0.0140628405
c02,400,0,0,0.012437407
c02,401,0,0,0.017893044
c02,402,0,0,0.013549944
c02,403,0,0,0.014545631
c02,404,0,0,0.01871473
c02,405,0,0,0.016331837
c02,406,0,0,0.015759446
c02,407,0,0,0.01319047
c02,408,0,0,0.015101148
c02,409,0,0,0.016667493
c02,410,0,0,0.012267532
c02,411,0,0,0.023361733
c02,412,0,0,0.017859124
c02,413,0,0,0.015795313
c02,414,0,0,0.016780147
c02,415,0,0,0.015583771
c02,416,0,0,0.015304025
c02,417,0,0,0.011790504
c02,418,0,0,0.0212845
c02,419,0,0,0.016822146
c02,420,0,0,0.01691171
c02,421,0,0,0.016433457
c02,422,0,0,0.011447366
c02,423,0,0,0.014587979
c02,424,0,0,0.015077676
c02,425,0,0,0.014988107
c02,426,0,0,0.0149007635
c02,427,0,0,0.018921833
c02,428,0,0,0.017126638
c02,429,0,0,0.019444652
c02,430,0,0,0.010913234
c02,431,0,0,0.013974667
c02,432,0,0,0.016135301
c02,433,0,0,0.012498907
c02,434,0,0,0.019997634
c02,435,0,0,0.020857336
c02,436,0,0,0.014961464
c02,437,0,0,0.013225167
c02,438,0,0,0.015721394
c02,439,0,0,0.023856688
c02,440,0,0,0.013062501
c02,441,0,0,0.014775472
c02,442,0,0,0.01569047
c02,443,0,0,0.35622925
c02,444,0,0,0.015919115
c02,445,0,0,0.04045703
c02,446,0,0,0.30946696
c02,447,0,0,0.20281105
c02,448,0,0,0.021719435
c02,449,0,0,0.009630132
c02,450,0,0,0.014496002
c02,451,0,0,0.09577625
c02,452,0,0,0.005664002
c02,453,0,0,0.003784172
c02,454,0,0,0.009766055
c02,455,0,0,0.0048888307
c02,456,0,0,0.014407307
c02,457,0,0,0.0051420233
c02,458,0,0,0.0030147617
c02,459,0,0,0.007881575
c02,460,0,0,0.0081630405
c02,461,0,0,0.0066079106
c02,462,0,0,0.0065767798
c02,463,0,0,0.0056337416
c02,464,0,0,0.0055442117
c02,465,0,0,0.009044681
c02,466,0,0,0.0038662716
c02,467,0,0,0.008000303
c02,468,0,0,0.0068391347
c02,469,0,0,0.0067743342
c02,470,0,0,0.004637957
c02,471,0,0,0.0051211603
c02,472,0,0,0.0069367
c02,473,0,0,0.007165919
c02,474,0,0,0.011390868
c02,475,0,0,0.0070060906
c02,476,0,0,0.00482154
c02,477,0,0,0.006030472
c02,478,0,0,0.0087433215
c02,479,0,0,0.005442428
c02,480,0,0,0.0069012265
c02,481,0,0,0.006289491
c02,482,0,0,0.009976348
c02,483,0,0,0.014722029
c02,484,0,0,0.012909902
c02,485,0,0,0.38647604
c02,486,0,0,0.07438149
c02,487,0,0,0.10359536
c02,488,0,0,0.023397168
c02,489,0,0,0.14522795
c02,490,0,0,0.2550405
c02,491,0,0,0.026091661
c02,492,0,0,0.019178953
c02,493,0,0,0.00834524
c02,494,0,0,0.10103781
c02,495,0,0,0.043280423
c02,496,0,0,0.0073182634
c02,497,0,0,0.009034771
c02,498,0,0,0.0060580163
c02,499,0,0,0.004864813
c02,500,0,0,0.008078409
c02,501,0,0,0.005942092
c03,1,0,0,0.0056716506
c03,2,0,0,0.04222943
c03,3,0,0,0.00028042452
c03,4,0,0,0.001615406
c03,5,0,0,0.0001471273
c03,6,0,0,0.096387245
c03,7,0,0,0.0058633285
c03,8,0,0,0.0019567423
c03,9,0,0,0.0020665084
c03,10,0,0,0.0028374996
c03,11,0,0,0.0014099341
c03,12,0,0,0.0037411847
c03,13,0,0,0.002527002
c03,14,0,0,0.003025711
c03,15,0,0,0.0034363808
c03,16,0,0,0.0040962356
c03,17,0,0,0.0019018096
c03,18,0,0,0.0028772233
c03,19,0,0,0.009300118
c03,20,0,0,0.0021147544
c03,21,0,0,0.00229304
c03,22,0,0,0.0059675397
c03,23,0,0,0.0036406503
c03,24,0,0,0.0015494507
c03,25,0,0,0.001656093
c03,26,0,0,0.007474416
c03,27,0,0,0.006695657
c03,28,0,0,0.005928278
c03,29,0,0,0.004387843
c03,30,0,0,0.0026521387
c03,31,0,0,0.013538942
c03,32,0,0,0.25366408
c03,33,0,0,0.0019391121
c03,34,0,0,0.0037718553
c03,35,0,0,0.021149443
c03,36,0,0,0.0017359365
c03,37,0,0,0.0008590622
c03,38,0,0,0.0016306117
c03,39,0,0,0.0016730615
c03,40,0,0,0.0017539806
c03,41,0,0,0.0033935755
c03,42,0,0,0.0008665757
c03,43,0,0,0.0015798002
c03,44,0,0,0.001914417
c03,45,0,0,0.0014557275
c03,46,0,0,0.0053441077
c03,47,0,0,0.0027829425
c03,48,0,0,0.0027949759
c03,49,0,0,0.0059434944
c03,50,0,0,0.0026026692
c03,51,0,0,0.002110683
c03,52,0,0,0.0034025349
c03,53,0,0,0.0024913647
c03,54,0,0,0.003385657
c03,55,0,0,0.006329093
c03,56,0,0,0.02022413
c03,57,0,0,0.0012352761
c03,58,0,0,0.0022357756
c03,59,0,0,0.0028177812
c03,60,0,0,0.0029685744
c03,61,0,0,0.0013665584
c03,62,0,0,0.0018145847
c03,63,0,0,0.004411539
c03,64,0,0,0.0013686846
c03,65,0,0,0.007267988
c03,66,0,0,0.0034487955
c03,67,0,0,0.0031698144
c03,68,0,0,0.002246823
c03,69,0,0,0.0031198452
c03,70,0,0,0.002653202
c03,71,0,0,0.0009966728
c03,72,0,0,0.0019283454
c03,73,0,0,0.0022560155
c03,74,0,0,0.0003105353
c03,75,0,0,0.0032336372
c03,76,0,0,0.0011793801
c03,77,0,0,0.001004791
c03,78,0,0,0.0012971596
c03,79,0,0,0.0013020422
c03,80,0,0,0.0021234339
c03,81,0,0,0.0001229036
c03,82,0,0,0.0055590463
c03,83,0,0,0.004358097
c03,84,0,0,0.33840293
c03,85,0,0,0.028607192
c03,86,0,0,0.00093399256
c03,87,0,0,0.010265802
c03,88,0,0,0.003722943
c03,89,0,0,0.00882759
c03,90,0,0,0.0007161105
c03,91,0,0,0.00041248358
c03,92,0,0,0.0027478742
c03,93,0,0,0.0009906773
c03,94,0,0,0.0005883558
c03,95,0,0,0.0016881821
c03,96,0,0,0.0052512465
c03,97,0,0,0.0028449474
c03,98,0,0,0.0003352408
c03,99,0,0,0.004866609
c03,100,0,0,0.0008445011
c03,101,0,0,0.002518218
c03,102,0,0,0.0013074215
c03,103,0,0,0.005938876
c03,104,0,0,0.0044652503
c03,105,0,0,0.010932021
c03,106,0,0,0.00082384684
c03,107,0,0,0.0042751627
c03,108,0,0,0.0058690817
c03,109,0,0,0.00042682464
c03,110,0,0,0.0020020544
c03,111,0,0,0.00350944
c03,112,0,0,0.001718585
c03,113,0,0,0.0015055349
c03,114,0,0,0.004002091
c03,115,0,0,0.006227457
c03,116,0,0,0.0014428089
c03,117,0,0,0.0013393251
c03,118,0,0,0.0003380943
c03,119,0,0,0.0011277148
c03,120,0,0,0.0021724622
c03,121,0,0,0.0047424287
c03,122,0,0,0.0017733544
c03,123,0,0,0.0019959689
c03,124,0,0,0.0011573227
c03,125,0,0,0.0012026322
c03,126,0,0,0.0014580507
c03,127,0,0,0.0014807654
c03,128,0,0,0.002684138
c03,129,0,0,0.0018397113
c03,130,0,0,0.0016847783
c03,131,0,0,0.0014009278
c03,132,0,0,0.0014614641
c03,133,0,0,0.0039924732
c03,134,0,0,0.0028184352
c03,135,0,0,0.00095932226
c03,136,0,0,0.025956538
c03,137,0,0,0.013822566
c03,138,0,0,0.018450085
c03,139,0,0,0.0019116347
c03,140,0,0,0.003874782
c03,141,0,0,0.011574002
c03,142,0,0,0.004941923
c03,143,0,0,0.0008170616
c03,144,0,0,0.0051592095
c03,145,0,0,0.001682401
c03,146,0,0,0.0008470212
c03,147,0,0,0.0031388975
c03,148,0,0,0.00036253632
c03,149,0,0,0.0014570977
c03,150,0,0,0.0009862643
c03,151,0,0,0.0009484075
c03,152,0,0,0.0013948393
c03,153,0,0,0.00067886524
c03,154,0,0,0.002283141
c03,155,0,0,0.0006393404
c03,156,0,0,0.0027891898
c03,157,0,0,0.006564377
c03,158,0,0,0.002328684
c03,159,0,0,0.0016994121
c03,160,0,0,0.0010557163
c03,161,0,0,0.01136696
c03,162,0,0,0.0008183378
c03,163,0,0,0.010800272
c03,164,0,0,0.00071107515
c03,165,0,0,0.00023308273
c03,166,0,0,0.00037404636
c03,167,0,0,0.0037848568
c03,168,0,0,0.02554549
c03,169,0,0,0.025062999
c03,170,0,0,0.004554853
c03,171,0,0,0.02192954
c03,172,0,0,0.0010778429
c03,173,0,0,0.00010703975
c03,174,0,0,0.007405099
c03,175,0,0,0.003987414
c03,176,0,0,0.032098662
c03,177,0,0,0.010005835
c03,178,0,0,0.0012995048
c03,179,0,0,0.0013502712
c03,180,0,0,0.0014690966
c03,181,0,0,0.0018186434
c03,182,0,0,0.00014169143
c03,183,0,0,0.00028691645
c03,184,0,0,0.0005045528
c03,185,0,0,0.0013274925
c03,186,0,0,0.01698468
c03,187,0,0,0.021804633
c03,188,0,1,0.6060018
c03,189,0,0,0.010448187
c03,190,0,0,0.004745134
c03,191,0,0,0.0065082707
c03,192,0,0,0.0015591476
c03,193,0,0,0.00023620314
c03,194,0,0,0.0012690502
c03,195,0,0,0.0007425652
c03,196,0,0,0.017655103
c03,197,0,0,0.0007859992
c03,198,0,0,0.0021028295
c03,199,0,0,0.005287241
c03,200,0,0,0.0034208389
c03,201,0,0,0.002721596
c03,202,0,0,0.00082184974
c03,203,0,0,0.0017279529
c03,204,0,0,0.0005024399
c03,205,0,0,0.0018769645
c03,206,0,0,0.0007840609
c03,207,0,0,0.00076552754
c03,208,0,0,0.0051095313
c03,209,0,0,0.0030446535
c03,210,0,0,0.0024085476
c03,211,0,0,0.0011634761
c03,212,0,0,0.002408701
c03,213,0,0,0.002062549
c03,214,0,0,0.0039484943
c03,215,0,0,0.0018171507
c03,216,0,0,0.00087229186
c03,217,0,0,0.00160356
c03,218,0,0,0.0020224785
c03,219,0,0,0.0055639064
c03,220,0,0,0.0021174236
c03,221,0,0,0.004742523
c03,222,0,0,0.0048983744
c03,223,0,0,0.0012256625
c03,224,0,0,0.001030192
c03,225,0,0,0.0015269578
c03,226,0,0,0.0018287619
c03,227,0,0,0.002008378
c03,228,0,0,0.002052617
c03,229,0,0,0.0008705855
c03,230,0,0,0.0015903967
c03,231,0,0,0.0026226144
c03,232,0,0,0.0021207621
c03,233,0,0,0.0012210249
c03,234,0,0,0.0020120305
c03,235,0,0,0.0012022416
c03,236,0,0,0.0011829332
c03,237,0,0,0.00045395317
c03,238,0,0,0.00066776644
c03,239,0,0,0.0021144606
c03,240,0,0,0.001178877
c03,241,0,0,0.0016514127
c03,242,0,0,0.00057191745
c03,243,0,0,0.011633761
c03,244,0,0,0.0018741685
c03,245,0,0,0.00076722004
c03,246,0,0,0.24015081
c03,247,0,0,0.0017443076
c03,248,0,0,0.0037562542
c03,249,0,0,0.0013755602
c03,250,0,0,0.00320119
c03,251,0,0,0.0010663632
c03,252,0,0,0.0021020793
c03,253,0,1,0.50404996
c03,254,0,0,0.09501358
c03,255,0,0,0.00021981627
c03,256,0,0,0.00022352075
c03,257,0,0,0.00083932356
c03,258,0,0,0.00028261764
c03,259,0,0,0.00069306523
c03,260,0,0,0.0013622313
c03,261,0,0,0.00029537614
c03,262,0,0,0.014877046
c03,263,0,0,0.0010578582
c03,264,0,0,0.00025033328
c03,265,0,0,0.0007649158
c03,266,0,0,0.054760125
c03,267,0,0,0.0013968113
c03,268,0,0,0.003632882
c03,269,0,0,0.0013716226
c03,270,0,0,0.00019316694
c03,271,0,0,0.00020956153
c03,272,0,0,0.0024085566
c03,273,0,0,0.002214367
c03,274,0,0,0.0008550305
c03,275,0,0,0.0014656535
c03,276,0,0,0.0005911884
c03,277,0,0,0.0027257137
c03,278,0,0,0.0006440387
c03,279,0,0,0.0005467628
c03,280,0,0,0.0030443019
c03,281,0,0,0.00049541576
c03,282,0,0,0.0004362013
c03,283,0,0,0.0004891313
c03,284,0,0,0.0013577698
c03,285,0,0,0.00031526704
c03,286,0,0,0.0002889583
c03,287,0,0,0.30190915
c03,288,0,0,0.27407992
c03,289,0,0,0.0005475714
c03,290,0,0,0.0006707288
c03,291,0,0,0.00030279177
c03,292,0,0,0.00021592306
c03,293,0,0,0.00065010454
c03,294,0,0,0.0013868759
c03,295,0,0,0.0029966158
c03,296,0,0,0.0023912976
c03,297,0,0,0.001081469
c03,298,0,0,0.007148666
c03,299,0,0,0.0009552498
c03,300,0,0,0.0010669866
c03,301,0,0,0.00036017227
c03,302,0,0,0.0046510044
c03,303,0,0,0.0019411469
c03,304,0,0,0.001664051
c03,305,0,0,0.0007108993
c03,306,0,0,0.00080679636
c03,307,0,0,0.0017230937
c03,308,0,0,0.00044791878
c03,309,0,0,0.00040522078
c03,310,0,0,0.0008972663
c03,311,0,0,0.002557487
c03,312,0,0,0.00024835675
c03,313,0,0,0.0026470379
c03,314,0,0,0.0008101329
c03,315,0,0,0.00073043583
c03,316,0,0,0.000690708
c03,317,0,0,0.007517786
c03,318,0,0,0.0010239044
c03,319,0,0,0.00032134922
c03,320,0,0,0.0013194367
c03,321,0,0,0.0009132122
c03,322,0,0,0.0007703604
c03,323,0,0,0.0010546688
c03,324,0,0,0.00068429526
c03,325,0,0,0.0013907175
c03,326,0,0,0.00055542303
c03,327,0,0,0.00077444466
c03,328,0,0,0.0013528514
c03,329,0,0,0.001374847
c03,330,0,0,0.00024073236
c03,331,0,0,0.0004230699
c03,332,0,0,0.0008351678
c03,333,0,0,0.00039517455
c03,334,0,0,0.0015952376
c03,335,0,0,0.07265294
c03,336,0,0,0.025070645
c03,337,0,0,0.00026616507
c03,338,0,0,0.0015899811
c03,339,0,0,0.0004578339
c03,340,0,0,0.030196723
c03,341,0,0,0.002309363
c03,342,0,0,0.001748339
c03,343,0,0,0.0006632879
c03,344,0,0,0.00043415884
c03,345,0,0,0.001201442
c03,346,0,0,0.00022063771
c03,347,0,0,0.0010430937
c03,348,0,0,0.00089345546
c03,349,0,0,0.001178081
c03,350,0,0,8.83286e-05
c03,351,0,0,0.0011006288
c03,352,0,0,0.0014869189
c03,353,0,0,0.0031500075
c03,354,0,0,0.0046055154
c03,355,0,0,0.00028216882
c03,356,0,0,0.000539438
c03,357,0,0,0.0006877375
c03,358,0,0,0.00024289358
c03,359,0,0,0.022948004
c03,360,0,0,0.011025637
c03,361,0,0,0.00823146
c03,362,0,0,0.13281138
c03,363,0,0,0.10448982
c03,364,0,0,0.14138073
c03,365,0,0,0.03763038
c03,366,0,0,0.074256115
c03,367,0,0,0.00044399314
c03,368,0,0,0.0004014552
c03,369,0,1,0.65767133
c03,370,0,0,0.0023497215
c03,371,0,0,0.0011043572
c03,372,0,0,0.0065195523
c03,373,0,0,0.00037426216
c03,374,0,0,0.00080868904
c03,375,0,0,0.00018554709
c03,376,0,0,0.0017242727
c03,377,0,0,0.0011419333
c03,378,0,0,0.27544132
c03,379,0,0,0.0022630934
c03,380,0,0,0.009306891
c03,381,0,0,0.004144305
c03,382,0,0,0.004025551
c03,383,0,0,0.0054417597
c03,384,0,0,0.0009775772
c03,385,0,0,0.0053333635
c03,386,0,0,0.0026909783
c03,387,0,0,0.005341571
c03,388,0,0,0.002183135
c03,389,0,0,0.005023144
c03,390,0,0,0.0027953852
c03,391,0,0,0.0030423803
c03,392,0,0,0.008057001
c03,393,0,0,0.0031152233
c03,394,0,0,0.020916093
c03,395,0,0,0.0026772525
c03,396,0,0,0.003426175
c03,397,0,0,0.004959917
c03,398,0,0,0.0017498462
c03,399,0,0,0.003970548
c03,400,0,0,0.015186388
c03,401,0,0,0.0021963823
c03,402,0,0,0.010935966
c03,403,0,0,0.058745176
c03,404,0,0,0.0019604408
c03,405,0,0,0.003747688
c03,406,0,0,0.0016868615
c03,407,0,0,0.0006247444
c03,408,0,0,0.008430964
c03,409,0,0,0.0027378597
c03,410,0,0,0.0021767293
c03,411,0,0,0.004355979
c03,412,0,0,0.0033183296
c03,413,0,0,0.0022982934
c03,414,0,0,0.0027263644
c03,415,0,0,0.0095832255
c03,416,0,0,0.0035124861
c03,417,0,0,0.0017626423
c03,418,0,0,0.002867539
c03,419,0,0,0.002347364
c03,420,0,0,0.00089531747
c03,421,0,0,0.013767172
c03,422,0,0,0.16253084
c03,423,0,0,0.012116921
c03,424,0,0,0.010144001
c03,425,0,0,0.00010574239
c03,426,0,0,0.00037607134
c03,427,0,0,0.0006888341
c03,428,0,0,0.0004611975
c03,429,0,0,0.0039353697
c03,430,0,0,0.0006958522
c03,431,0,0,0.00022298563
c03,432,0,0,4.9251666e-05
c03,433,0,0,0.00023763232
c03,434,0,0,4.727849e-05
c03,435,0,0,0.00015612075
c03,436,0,0,0.00045889057
c03,437,0,0,0.00018655544
c03,438,0,0,0.044060577
c03,439,0,0,0.0011741756
c03,440,0,0,0.003703776
c03,441,0,0,0.0042456132
c03,442,0,0,0.05055618
c03,443,0,0,0.07895109
c03,444,0,0,0.00075376575
c03,445,0,0,0.006191447
c03,446,0,0,0.013158624
c03,447,0,0,0.0014922352
c03,448,0,0,0.0019497975
c03,449,0,0,0.0012124348
c03,450,0,0,0.000610031
c03,451,0,0,0.46207574
c03,452,0,0,0.12588298
c03,453,0,0,0.20365785
c04,14,0,1,0.98120177
c04,19,0,0,0.14362174
c04,20,0,0,0.11903881
c04,21,0,0,0.29684284
c04,22,0,0,0.07164971
c04,23,0,0,0.24526298
c04,24,0,0,0.30042312
c04,25,0,0,0.0493319
c04,26,0,0,0.40998423
c04,27,0,0,0.1278599
c04,28,0,0,0.020063974
c04,29,0,0,0.018045818
c04,30,0,0,0.22220838
c04,31,0,0,0.19753075
c04,32,0,0,0.06351194
c04,33,0,0,0.1336703
c04,34,0,0,0.31176826
c04,35,0,0,0.0045999577
c04,36,0,0,0.010070878
c04,37,0,0,0.03708415
c04,38,0,0,0.0177101
c04,39,0,0,0.18303528
c04,40,0,0,0.034966264
c04,41,0,0,0.14115061
c04,42,0,0,0.36394495
c04,43,0,0,0.4064044
c04,44,0,1,0.5448504
c04,45,0,0,0.080709286
c04,46,0,0,0.4436387
c04,47,0,0,0.056080606
c04,48,0,0,0.39792925
c04,49,0,0,0.0501476
c04,50,0,0,0.06870377
c04,51,0,0,0.0237747
c04,52,0,0,0.23357332
c04,53,0,0,0.21445535
c04,54,0,0,0.14650199
c04,55,0,0,0.2025134
c04,56,0,0,0.33246815
c04,57,0,0,0.20449936
c04,58,0,0,0.14852083
c04,59,0,0,0.48568738
c04,60,0,0,0.15730248
c04,61,0,0,0.21272753
c04,62,0,0,0.091482304
c04,63,0,1,0.5551463
c04,64,0,0,0.47215268
c04,65,0,1,0.6289289
c04,66,0,0,0.47908315
c04,67,0,1,0.6422817
c04,68,0,0,0.45121488
c04,69,0,0,0.07477402
c04,70,0,1,0.5143219
c04,71,0,1,0.5343949
c04,72,0,0,0.4654581
c04,73,0,0,0.49390343
c04,74,0,1,0.6601862
c04,75,0,1,0.77868
c04,76,0,1,0.60788655
c04,77,0,1,0.7521605
c04,78,0,1,0.73495543
c04,79,0,0,0.39302266
c04,80,0,0,0.28942674
c04,81,0,0,0.49876508
c04,82,0,0,0.43273002
c04,83,0,0,0.34600133
c04,84,0,1,0.5703921
c04,85,0,0,0.25001383
c04,86,0,0,0.40545666
c04,87,0,0,0.45035392
c04,88,0,0,0.29276636
c04,89,0,1,0.5155457
c04,90,0,0,0.33045945
c04,91,0,0,0.26794657
c04,92,0,0,0.35820243
c04,93,0,0,0.29043555
c04,94,0,1,0.6603692
c04,95,0,0,0.4504219
c04,96,0,0,0.4013616
c04,97,0,0,0.47054836
c04,98,0,1,0.55102414
c04,99,0,0,0.28626418
c04,100,0,0,0.39535406
c04,101,0,0,0.37174532
c04,102,0,1,0.5540964
c04,103,0,1,0.6251061
c04,104,0,1,0.52873445
c04,105,0,1,0.5874628
c04,106,0,1,0.51602405
c04,107,0,1,0.5694909
c04,108,0,1,0.6598781
c04,109,0,1,0.65595794
c04,110,0,1,0.525451
c04,111,0,1,0.5324768
c04,112,0,1,0.8785096
c04,113,0,1,0.7101924
c04,114,0,1,0.78819436
c04,115,0,1,0.70577216
c04,116,0,1,0.51951367
c04,117,0,1,0.52207565
c04,118,0,1,0.714658
c04,119,0,1,0.5737296
c04,120,0,0,0.4361079
c04,121,0,1,0.7933399
c04,122,0,0,0.47966665
c04,123,0,1,0.7129417
c04,124,0,1,0.7643185
c04,125,0,0,0.49181545
c04,126,0,1,0.88678086
c04,127,0,1,0.63703495
c04,128,0,1,0.674837
c04,129,0,1,0.85869265
c04,130,0,1,0.76780784
c04,131,0,1,0.7024894
c04,132,0,1,0.756222
c04,133,0,1,0.8356384
c04,134,0,1,0.8152662
c04,135,0,1,0.707055
c04,136,0,1,0.8257772
c04,137,0,1,0.7367247
c04,138,0,1,0.7494486
c04,139,0,1,0.81277895
c04,140,0,1,0.842629
c04,141,0,1,0.7939326
c04,142,0,1,0.76443726
c04,143,0,1,0.756789
c04,144,0,1,0.75786495
c04,145,0,1,0.796068
c04,146,0,1,0.80818087
c04,147,0,1,0.8493601
c04,148,0,1,0.8144489
c04,149,0,1,0.8358794
c04,150,0,1,0.8714925
c04,151,0,1,0.8692524
c04,152,0,1,0.818563
c04,153,0,1,0.8051117
c04,154,0,1,0.6315299
c04,155,0,1,0.5353653
c04,156,0,1,0.83002347
c04,157,0,1,0.79636186
c04,158,0,1,0.83246607
c04,159,0,1,0.8145537
c04,160,0,1,0.81895125
c04,161,0,1,0.73756915
c04,162,0,1,0.78616697
c04,163,0,0,0.44389638
c04,164,0,1,0.6252528
c04,165,0,1,0.7217607
c04,166,0,1,0.6637901
c04,167,0,1,0.55410963
c04,168,0,0,0.32446
c04,169,0,0,0.23860285
c04,170,0,0,0.4680959
c04,171,0,0,0.25772083
c04,172,0,0,0.49923602
c04,173,0,1,0.53885186
c04,174,0,1,0.64983416
c04,175,0,0,0.47857347
c04,176,0,0,0.39962986
c04,177,0,1,0.6969715
c04,178,0,1,0.573178
c04,179,0,0,0.30172566
c04,180,0,0,0.3154888
c04,181,0,0,0.49644053
c04,182,0,1,0.73931134
c04,183,0,1,0.5417246
c04,184,0,0,0.28763184
c04,185,0,0,0.32421207
c04,186,0,0,0.4783845
c04,187,0,0,0.2565503
c04,188,0,0,0.17198238
c04,189,0,0,0.24550304
c04,190,0,0,0.21089295
c04,191,0,0,0.26155087
c04,192,0,0,0.48370603
c04,193,0,0,0.22859669
c04,194,0,0,0.35718974
c04,195,0,1,0.68748057
c04,196,0,0,0.45645016
c04,197,0,0,0.24252217
c04,198,0,0,0.28160346
c04,199,0,1,0.59264445
c04,200,0,0,0.33559373
c04,201,0,0,0.2968111
c04,202,0,0,0.33040392
c04,203,0,0,0.33432955
c04,204,0,1,0.5943315
c04,205,0,0,0.26589474
c04,206,0,0,0.25490907
c04,207,0,0,0.43378824
c04,208,0,0,0.37666342
c04,209,0,0,0.36233014
c04,210,0,0,0.25778258
c04,211,0,0,0.26211226
c04,212,0,1,0.65363175
c04,213,0,0,0.30754906
c04,214,0,0,0.29578385
c04,215,0,1,0.66047657
c04,216,0,0,0.33314553
c04,217,0,1,0.53590524
c04,218,0,1,0.81703526
c04,219,0,1,0.6732925
c04,220,0,0,0.4092665
c04,221,0,1,0.91314507
c04,222,0,1,0.93379664
c04,223,0,1,0.9373611
c04,224,0,1,0.930311
c04,225,0,1,0.94058716
c04,226,0,1,0.56650364
c04,227,0,1,0.7760887
c04,228,0,1,0.93220544
c04,229,0,1,0.8153322
c04,230,0,1,0.55345833
c04,231,0,1,0.6670988
c04,232,0,1,0.9066302
c04,233,0,1,0.6103598
c04,234,0,1,0.887974
c04,235,0,1,0.8891952
c04,236,0,1,0.9693467
c04,237,0,1,0.9151908
c04,238,0,1,0.83645225
c04,239,0,1,0.8758369
c04,240,0,1,0.94364357
c04,241,0,1,0.8910405
c04,242,0,1,0.80692583
c04,243,0,1,0.8923919
c04,244,0,1,0.9523875
c04,245,0,1,0.88848484
c04,246,0,1,0.8714947
c04,247,0,1,0.9173692
c04,248,0,1,0.8456034
c04,249,0,1,0.87126744
c04,250,0,1,0.8953617
c04,251,0,1,0.8682296
c04,252,0,1,0.79398626
c04,253,0,1,0.8396065
c04,254,0,1,0.9073079
c04,255,0,1,0.95493335
c04,256,0,1,0.94994104
c04,257,0,1,0.9565472
c04,258,0,1,0.9556815
c04,259,0,1,0.6759304
c04,260,0,0,0.12797569
c04,261,0,0,0.02520152
c04,262,0,0,0.023821948
c04,263,0,0,0.07016707
c04,264,0,0,0.06364481
c04,265,0,0,0.12632097
c04,266,0,0,0.05449516
c04,267,0,0,0.115823016
c04,268,0,0,0.14635535
c04,269,0,0,0.13297813
c04,270,0,0,0.11760373
c04,271,0,0,0.14779972
c04,272,0,0,0.17050761
c04,273,0,0,0.16900285
c04,274,0,0,0.14168255
c04,275,0,1,0.500282
c04,276,0,0,0.092673086
c04,277,0,0,0.090795465
c04,278,0,0,0.026938902
c04,279,0,0,0.13845938
c04,280,0,0,0.21249971
c04,281,0,0,0.21018995
c04,282,0,0,0.20330475
c04,283,0,0,0.18524691
c04,284,0,0,0.21996352
c04,285,0,0,0.18229693
c04,286,0,0,0.36077577
c04,287,0,0,0.17049897
c04,288,0,0,0.13759808
c04,289,0,0,0.094368234
c04,290,0,0,0.15638106
c04,291,0,0,0.107505925
c04,292,0,0,0.118482545
c04,293,0,0,0.16686283
c04,294,0,0,0.17284502
c04,295,0,0,0.1495914
c04,296,0,0,0.18179098
c04,297,0,0,0.22475764
c04,298,0,0,0.17164195
c04,299,0,0,0.16477975
c04,300,0,0,0.24316478
c04,301,0,0,0.18672006
c04,302,0,0,0.13540603
c04,303,0,0,0.20492928
c04,304,0,0,0.10982296
c04,305,0,0,0.1674786
c04,306,0,0,0.1597363
c04,307,0,0,0.113446966
c04,308,0,0,0.052094944
c04,309,0,0,0.039671928
c04,310,0,0,0.05711917
c04,311,0,0,0.08816058
c04,312,0,0,0.2125057
c04,313,0,0,0.14591198
c04,314,0,0,0.17336665
c04,315,0,0,0.16927703
c04,316,0,0,0.08555031
c04,317,0,0,0.16139321
c04,318,0,0,0.05873223
c04,319,0,0,0.14717275
c04,320,0,0,0.0711857
c04,321,0,0,0.1572247
c04,322,0,0,0.07487178
c04,323,0,0,0.18753725
c04,324,0,0,0.15620132
c04,325,0,0,0.11345229
c04,326,0,0,0.10640142
c04,327,0,0,0.19473541
c04,328,0,0,0.23858808
c04,329,0,0,0.12781687
c04,330,0,0,0.17035086
c04,331,0,0,0.24744558
c04,332,0,0,0.20302531
c04,333,0,0,0.36068895
c04,334,0,1,0.6408033
c04,335,0,0,0.35170457
c04,336,0,0,0.45934883
c04,337,0,0,0.07228424
c04,338,0,0,0.13080569
c04,339,0,0,0.13814372
c04,340,0,0,0.21460313
c04,341,0,0,0.41747412
c04,342,0,0,0.46496063
c04,343,0,0,0.14284793
c04,344,0,0,0.17376673
c04,345,0,0,0.09787955
c04,346,0,0,0.23746654
c04,347,0,0,0.16973902
c04,348,0,0,0.25238186
c04,349,0,0,0.3355005
c04,350,0,0,0.33345312
c04,351,0,1,0.76863414
c04,352,0,1,0.6425024
c04,353,0,1,0.85870546
c04,354,0,1,0.5484075
c04,355,0,1,0.82743263
c04,356,0,1,0.89000595
c04,357,0,0,0.40245956
c04,358,0,0,0.25860476
c04,359,0,1,0.5772799
c04,360,0,0,0.26725584
c04,361,0,0,0.34307626
c04,362,0,0,0.2626757
c04,363,0,0,0.44385085
c04,364,0,0,0.28572202
c04,365,0,1,0.5153939
c04,366,0,0,0.4762577
c04,367,0,0,0.12500174
c04,368,0,0,0.18141973
c04,369,0,0,0.07019968
c04,370,0,0,0.11447204
c04,371,0,0,0.17299423
c04,372,0,0,0.039093103
c04,373,0,0,0.093118526
c04,374,0,0,0.19861647
c04,375,0,0,0.1451462
c04,376,0,0,0.14512032
c04,377,0,0,0.40574265
c04,378,0,0,0.057247557
c04,379,0,0,0.17975946
c04,380,0,0,0.06784354
c04,381,0,0,0.16735627
c04,382,0,0,0.0849345
c04,383,0,0,0.101132065
c04,384,0,0,0.18541539
c04,385,0,0,0.072565675
c04,386,0,0,0.05955268
c04,387,0,0,0.07549807
c04,388,0,0,0.3089326
c04,389,0,0,0.048283543
c04,390,0,0,0.269815
c04,391,0,0,0.040302943
c04,392,0,0,0.31414327
c04,393,0,0,0.34686923
c04,394,0,0,0.41597536
c04,395,0,0,0.12373299
c04,396,0,0,0.07858771
c04,397,0,0,0.10459762
c04,398,0,0,0.1135355
c04,399,0,0,0.24517165
c04,400,0,0,0.0683914
c04,401,0,0,0.3438682
c04,402,0,1,0.83070225
c04,403,0,1,0.8275835
c04,404,0,1,0.6507464
c04,405,0,0,0.18520269
c04,406,0,0,0.11230123
c04,407,0,0,0.17187081
c04,408,0,0,0.1634934
c04,409,0,0,0.24402036
c04,410,0,0,0.26860175
c04,411,0,0,0.21808225
c04,412,0,0,0.2770335
c04,413,0,0,0.2420174
c04,414,0,0,0.3205696
c04,415,0,0,0.266708
c04,416,0,0,0.13250934
c04,417,0,0,0.33502245
c04,418,0,0,0.20516172
c04,419,0,0,0.38471437
c04,420,0,0,0.09344471
c04,421,0,0,0.26357594
c04,422,0,0,0.4659496
c04,423,0,1,0.66981024
c04,424,0,1,0.5141971
c04,425,0,1,0.6029984
c04,426,0,1,0.7823265
c04,427,0,1,0.85037404
c04,428,0,0,0.4403062
c04,429,0,1,0.8726282
c04,430,0,1,0.8500563
c04,431,0,0,0.44557467
c04,432,0,0,0.15070729
c04,433,0,1,0.8542127
c04,434,0,1,0.62683535
c04,435,0,1,0.58529323
c04,436,0,0,0.34443432
c04,437,0,1,0.7312604
c04,438,0,1,0.91104054
c04,439,0,1,0.70940197
c04,440,0,0,0.28492582
c04,441,0,1,0.63748145
c04,442,0,0,0.4355388
c04,443,0,1,0.6436029
c04,444,0,1,0.504616
c04,445,0,1,0.6303793
c04,446,0,1,0.91561675
c04,447,0,1,0.7780221
c04,448,0,1,0.82141507
c04,449,0,1,0.72200006
c04,450,0,1,0.59310716
c04,451,0,1,0.7182272
c04,452,0,1,0.79122937
c04,453,0,1,0.86584145
c04,454,0,1,0.8724551
c04,455,0,1,0.918448
c04,456,0,1,0.7903831
c04,457,0,1,0.8720131
c04,458,0,1,0.9511204
c04,459,0,1,0.7768447
c04,460,0,1,0.9151989
c04,461,0,1,0.96251774
c04,462,0,1,0.9180855
c04,463,0,1,0.9284602
c04,464,0,1,0.94042313
c04,465,0,1,0.94630814
c04,466,0,1,0.96205074
c04,467,0,1,0.9224869
c04,468,0,1,0.93451434
c04,469,0,1,0.9526912
c04,470,0,1,0.8376783
c04,471,0,1,0.91601473
c04,472,0,1,0.95494574
c04,473,0,1,0.9397858
c04,474,0,1,0.85746443
c04,475,0,1,0.9405885
c04,476,0,1,0.9404539
c04,477,0,1,0.70494354
c04,478,0,0,0.4302623
c04,479,0,1,0.52237654
c04,480,0,0,0.4985578
c04,481,0,0,0.062484857
c05,1,0,0,0.05823698
c05,2,0,0,0.039915226
c05,3,0,0,0.019260017
c05,4,0,0,0.010914774
c05,5,0,0,0.0067453347
c05,6,1,0,0.05471966
c05,7,0,0,0.07003297
c05,8,0,0,0.045682
c05,9,0,1,0.90379953
c05,10,0,0,0.05103074
c05,11,0,0,0.07746702
c05,12,0,0,0.12418329
c05,13,0,0,0.102603346
c05,14,0,0,0.11500684
c05,15,0,0,0.052471023
c05,16,0,0,0.25195646
c05,17,0,0,0.07568969
c05,18,0,0,0.033858515
c05,19,0,0,0.062162694
c05,20,0,0,0.13448091
c05,21,0,0,0.0807288
c05,22,0,0,0.0958859
c05,23,0,0,0.093879
c05,24,0,0,0.06173319
c05,25,0,0,0.055917628
c05,26,0,0,0.08346822
c05,27,0,0,0.032471955
c05,28,0,0,0.04389518
c05,29,0,0,0.04924289
c05,30,0,0,0.05347054
c05,31,0,0,0.048739683
c05,32,0,0,0.094772816
c05,33,0,0,0.02958226
c05,34,0,0,0.031672824
c05,35,0,0,0.040099736
c05,36,0,0,0.03560542
c05,37,0,0,0.054584164
c05,38,0,0,0.023780549
c05,39,0,0,0.0316176
c05,40,0,0,0.016867466
c05,41,0,0,0.030877346
c05,42,0,0,0.024435857
c05,43,0,0,0.0338485
c05,44,0,0,0.062644504
c05,45,0,0,0.052455805
c05,46,0,0,0.032553796
c05,47,0,0,0.0169756
c05,48,0,0,0.03178698
c05,49,0,0,0.037799183
c05,50,0,0,0.02319386
c05,51,0,0,0.025247581
c05,52,0,0,0.0218591
c05,53,0,0,0.014412249
c05,54,0,0,0.02107979
c05,55,0,0,0.0570357
c05,56,0,0,0.031716596
c05,57,0,0,0.02247164
c05,58,0,0,0.018039452
c05,59,0,0,0.022467544
c05,60,0,0,0.016733676
c05,61,0,0,0.02698077
c05,62,0,0,0.008481573
c05,63,0,0,0.013674992
c05,64,0,0,0.01655087
c05,65,0,0,0.019088106
c05,66,0,1,0.86576444
c05,67,0,0,0.004761473
c05,68,0,0,0.0015985676
c05,69,0,0,0.0024626744
c05,70,0,0,0.008699723
c05,71,0,0,0.006658951
c05,72,0,0,0.006756
c05,73,0,0,0.007257093
c05,74,0,0,0.003056263
c05,75,0,0,0.00523629
c05,76,0,0,0.014619838
c05,77,0,0,0.03879267
c05,78,0,0,0.047746994
c05,79,0,0,0.0075508635
c05,80,0,0,0.009568302
c05,81,0,0,0.013136174
c05,82,0,0,0.03578281
c05,83,0,0,0.013097791
c05,84,0,0,0.0056573753
c05,85,0,0,0.029921914
c05,86,0,0,0.03901169
c05,87,0,0,0.0409873
c05,88,0,0,0.031181457
c05,89,0,0,0.037960637
c05,90,0,0,0.45402217
c05,91,0,0,0.01821636
c05,92,0,0,0.059999913
c05,93,0,0,0.033510268
c05,94,0,0,0.022180935
c05,95,0,0,0.035134103
c05,96,0,0,0.019975867
c05,97,0,0,0.016005361
c05,98,0,0,0.065280296
c05,99,0,0,0.04733667
c05,100,0,0,0.036140732
c05,101,0,0,0.022143526
c05,102,0,0,0.008847761
c05,103,0,0,0.046247616
c05,104,0,0,0.021983057
c05,105,0,0,0.029811874
c05,106,0,0,0.04270924
c05,107,0,0,0.035822276
c05,108,0,0,0.091981255
c05,109,0,0,0.10225622
c05,110,0,1,0.7761953
c05,111,0,0,0.102436535
c05,112,0,0,0.08996547
c05,113,0,0,0.093524314
c05,114,0,0,0.139341
c05,115,0,0,0.22551753
c05,116,0,0,0.19990091
c05,117,0,0,0.08324804
c05,118,0,0,0.06387321
c05,119,0,0,0.11736444
c05,120,0,0,0.14458989
c05,121,0,0,0.2584345
c05,122,0,0,0.0970813
c05,123,0,0,0.21905816
c05,124,0,0,0.14082499
c05,125,0,0,0.119742095
c05,126,0,0,0.34613666
c05,127,0,0,0.20897701
c05,128,0,0,0.08776782
c05,129,0,0,0.21961135
c05,130,0,0,0.083732925
c05,131,0,0,0.24343775
c05,132,0,0,0.114599474
c05,133,0,0,0.12292297
c05,134,0,0,0.06805368
c05,135,0,0,0.14980787
c05,136,0,0,0.12829809
c05,137,0,0,0.1425498
c05,138,0,0,0.15639369
c05,139,0,0,0.13227816
c05,140,0,0,0.089153685
c05,141,0,0,0.14212495
c05,142,0,0,0.2510637
c05,143,0,0,0.2041397
c05,144,0,0,0.12937719
c05,145,0,0,0.15233456
c05,146,0,0,0.38895324
c05,147,0,0,0.12728968
c05,148,0,0,0.23642045
c05,149,0,0,0.09829015
c05,150,0,0,0.09789572
c05,151,0,0,0.070075914
c05,152,0,0,0.09899223
c05,153,0,0,0.42264324
c05,154,0,0,0.16133437
c05,155,0,0,0.13386086
c05,156,0,0,0.12769674
c05,157,0,0,0.048838913
c05,158,0,0,0.06881158
c05,159,0,0,0.057973515
c05,160,0,0,0.08779439
c05,161,0,0,0.2115462
c05,162,0,0,0.15127099
c05,163,0,0,0.3761454
c05,164,0,0,0.18011123
c05,165,0,0,0.36818418
c05,166,0,0,0.058454253
c05,167,0,0,0.040933814
c05,168,0,0,0.013192208
c05,169,0,0,0.020507898
c05,170,0,0,0.03048142
c05,171,0,0,0.032316368
c05,172,0,0,0.023319809
c05,173,0,0,0.0403638
c05,174,0,0,0.023076398
c05,175,0,0,0.034956124
c05,176,0,0,0.035808284
c05,177,0,0,0.028169861
c05,178,0,0,0.017010782
c05,179,0,0,0.022234205
c05,180,0,0,0.033552602
c05,181,0,0,0.044079587
c05,182,0,0,0.02139762
c05,183,0,0,0.036945753
c05,184,0,0,0.034401223
c05,185,0,0,0.020419644
c05,186,0,0,0.020889102
c05,187,0,0,0.017677024
c05,188,0,0,0.039722867
c05,189,0,0,0.009399385
c05,190,0,0,0.01788301
c05,191,0,0,0.033236653
c05,192,0,0,0.017164253
c05,193,0,0,0.0413767
c05,194,0,0,0.086351395
c05,195,0,0,0.033552244
c05,196,0,0,0.049577944
c05,197,0,0,0.09790507
c05,198,0,0,0.05259373
c05,199,0,0,0.03296323
c05,200,0,0,0.021441469
c05,201,0,0,0.08000598
c05,202,0,0,0.14324097
c05,203,0,0,0.05562957
c05,204,0,0,0.064888425
c05,205,0,0,0.11769884
c05,206,0,0,0.055212382
c05,207,0,0,0.09517249
c05,208,0,0,0.08333726
c05,209,0,0,0.23494184
c05,210,0,0,0.0649757
c05,211,0,0,0.067003846
c05,212,0,0,0.02929077
c05,213,0,0,0.04420619
c05,214,0,0,0.035190318
c05,215,0,0,0.08186293
c05,216,0,0,0.053558696
c05,217,0,0,0.017888244
c05,218,0,0,0.05199676
c05,219,0,0,0.056361303
c05,220,0,0,0.02546288
c05,221,0,0,0.013375804
c05,222,0,0,0.043341305
c05,223,0,0,0.028664993
c05,224,0,0,0.026284691
c05,225,0,0,0.00869835
c05,226,0,0,0.008310472
c05,227,0,0,0.027385866
c05,228,0,0,0.010016591
c05,229,0,0,0.009737088
c05,230,0,0,0.025808308
c05,231,0,0,0.013902156
c05,232,0,0,0.010380543
c05,233,0,0,0.02133586
c05,234,0,0,0.02241756
c05,235,0,0,0.03206321
c05,236,0,0,0.020222032
c05,237,0,0,0.025018675
c05,238,0,0,0.022005454
c05,239,0,0,0.02234621
c05,240,0,0,0.022038711
c05,241,0,0,0.026800536
c05,242,0,0,0.015157035
c05,243,0,0,0.015934922
c05,244,0,0,0.015941504
c05,245,0,0,0.011476363
c05,246,0,0,0.013433309
c05,247,0,0,0.01624079
c05,248,0,0,0.0118458895
c05,249,0,0,0.011529726
c05,250,0,0,0.01086256
c05,251,0,0,0.008026286
c05,252,0,0,0.014736304
c05,253,0,0,0.0069905096
c05,254,0,0,0.030285044
c05,255,0,0,0.28224295
c05,256,0,0,0.0057342416
c05,257,0,0,0.006202753
c05,258,0,0,0.0042062565
c05,259,0,0,0.0052029598
c05,260,0,0,0.007608609
c05,261,0,0,0.0060842284
c05,262,0,0,0.007731597
c05,263,0,0,0.016935606
c05,264,0,0,0.010708215
c05,265,0,0,0.010095474
c05,266,0,0,0.027027052
c05,267,0,0,0.042676073
c05,268,0,0,0.015890859
c05,269,0,0,0.005701694
c05,270,0,0,0.006087537
c05,271,0,0,0.006125373
c05,272,0,0,0.0063177827
c05,273,0,0,0.0050298
c05,274,0,0,0.005000052
c05,275,0,0,0.18194006
c05,276,0,0,0.011766665
c05,277,0,0,0.011805591
c05,278,0,0,0.006108869
c05,279,0,0,0.006774963
c05,280,0,0,0.0108316215
c05,281,0,0,0.0066046095
c05,282,0,0,0.0067775175
c05,283,0,0,0.009940214
c05,284,0,0,0.2538806
c05,285,0,0,0.025301874
c05,286,0,0,0.045852266
c05,287,0,0,0.019802576
c05,288,0,0,0.025964659
c05,289,0,0,0.01560037
c05,290,0,0,0.024575407
c05,291,0,0,0.024379449
c05,292,0,0,0.035394665
c05,293,0,0,0.13278033
c05,294,0,0,0.067515016
c05,295,0,0,0.19846281
c05,296,0,0,0.009964943
c05,297,0,0,0.043241158
c05,298,0,0,0.045515116
c05,299,0,0,0.038071398
c05,300,0,0,0.14734848
c05,301,0,0,0.01913902
c05,302,0,0,0.10763666
c05,303,0,0,0.0106407525
c05,304,0,0,0.018204248
c05,305,0,0,0.02992495
c05,306,0,0,0.010593793
c05,307,0,0,0.01459738
c05,308,0,0,0.005295843
c05,309,0,0,0.006355483
c05,310,0,0,0.0040177777
c05,311,0,0,0.021216381
c05,312,0,0,0.0062192
c05,313,0,0,0.0073672202
c05,314,0,0,0.003414998
c05,315,0,0,0.0031376295
c05,316,0,0,0.22509345
c05,317,0,0,0.14228304
c05,318,0,0,0.011924682
c05,319,0,0,0.004248386
c05,320,0,0,0.0060839606
c05,321,0,0,0.0066242823
c05,322,0,0,0.012024378
c05,323,0,0,0.0036874008
c05,324,0,0,0.010926641
c05,325,0,0,0.003920249
c05,326,0,0,0.011971827
c05,327,0,0,0.0107985195
c05,328,0,0,0.011406778
c05,329,0,0,0.0048337663
c05,330,0,0,0.004606626
c05,331,0,0,0.005198499
c05,332,0,0,0.008806654
c05,333,0,0,0.014636081
c05,334,0,0,0.009261365
c05,335,0,0,0.0052523594
c05,336,0,0,0.011249418
c05,337,0,0,0.0076591526
c05,338,0,0,0.007051912
c05,339,0,0,0.0011115712
c05,340,0,0,0.0272358
c05,341,0,0,0.0036028412
c05,342,0,0,0.0050078887
c05,343,0,0,0.017655129
c05,344,0,0,0.013037586
c05,345,0,0,0.01082417
c05,346,0,1,0.5896137
c05,347,0,0,0.01718459
c05,348,0,0,0.011504358
c05,349,0,0,0.017183272
c05,350,0,0,0.023752682
c05,351,0,0,0.010754422
c05,352,0,0,0.016320236
c05,353,0,0,0.08310381
c05,354,0,0,0.0054472205
c05,355,0,0,0.0070833433
c05,356,0,0,0.02665513
c05,357,0,0,0.004540966
c05,358,0,0,0.0031566625
c05,359,0,0,0.004446832
c05,360,0,0,0.0050299936
c05,361,0,0,0.010677838
c05,362,0,0,0.008398193
c05,363,0,0,0.009462332
c05,364,0,0,0.008941643
c05,365,0,0,0.046078518
c05,366,0,0,0.028026637
c05,367,0,0,0.010673205
c05,368,0,0,0.04114953
c05,369,0,0,0.17919959
c05,370,0,0,0.13112603
c05,371,0,0,0.10666646
c05,372,0,0,0.033120036
c05,373,0,0,0.017604506
c05,374,0,0,0.033863857
c05,375,0,0,0.06267353
c05,376,0,0,0.052481934
c05,377,0,0,0.08083961
c05,378,0,0,0.06856655
c05,379,0,0,0.13109179
c05,380,0,0,0.046007525
c05,381,0,0,0.048580334
c05,382,0,0,0.04656445
c05,383,0,0,0.046406124
c05,384,0,0,0.016664093
c05,385,1,0,0.038338847
c05,386,1,0,0.0756532
c05,387,0,0,0.036755618
c05,388,0,0,0.0048978236
c05,389,0,0,0.008631128
c05,390,0,0,0.009770396
c05,391,0,0,0.0034143054
c05,392,0,0,0.014436986
c05,393,0,0,0.016925517
c05,394,0,0,0.013542948
c05,395,0,0,0.0051776906
c05,396,0,0,0.008248664
c05,397,0,0,0.007972502
c05,398,0,0,0.013243133
c05,399,0,0,0.006357495
c05,400,0,0,0.0071057607
c05,401,0,0,0.0073695574
c05,402,0,0,0.0037856987
c05,403,0,0,0.0075482912
c05,404,0,0,0.0029472485
c05,405,0,0,0.013813698
c05,406,0,0,0.024904784
c05,407,0,0,0.012161621
c05,408,0,0,0.019368688
c05,409,0,0,0.011146778
c05,410,0,0,0.013735872
c05,411,0,0,0.006874529
c05,412,0,0,0.002550529
c05,413,0,0,0.006307215
c05,414,0,0,0.024835106
c05,415,0,0,0.027617961
c05,416,0,0,0.017196564
c05,417,0,0,0.016554333
c05,418,0,0,0.01172091
c05,419,0,0,0.00615324
c05,420,0,0,0.005103122
c05,421,0,0,0.00380071
c05,422,0,0,0.005083747
c05,423,0,0,0.004646455
c05,424,0,0,0.0029607194
c05,425,0,0,0.0029948712
c05,426,0,0,0.0054140436
c05,427,0,0,0.0038044401
c05,428,0,0,0.0052804695
c05,429,0,0,0.0042664027
c05,430,0,0,0.0033099076
c05,431,0,0,0.0078134565
c05,432,0,0,0.008469199
c05,433,0,0,0.0070936503
c05,434,0,0,0.008207403
c05,435,0,0,0.014313841
c05,436,0,0,0.007324897
c05,437,0,0,0.012288077
c05,438,0,0,0.005258018
c05,439,0,0,0.017180042
c05,440,0,0,0.012704812
c05,441,0,0,0.031659186
c05,442,0,0,0.00917078
c05,443,0,0,0.007253185
c05,444,0,0,0.014916731
c05,445,0,0,0.0066818
c05,446,0,0,0.0034217688
c05,447,0,1,0.57758707
c05,448,0,0,0.0076849633
c05,449,0,0,0.051416416
c05,450,0,0,0.004237857
c05,451,0,0,0.008049984
c05,452,0,0,0.008839781
c05,453,0,0,0.01558326
c05,454,0,0,0.013878004
c05,455,0,0,0.009996823
c05,456,0,0,0.012901525
c05,457,0,0,0.010499867
c05,458,0,0,0.009213696
c05,459,0,0,0.015275252
c05,460,0,0,0.013589319
c05,461,0,0,0.11537787
c05,462,0,0,0.048910014
c05,463,0,0,0.0068817465
c05,464,0,0,0.17323571
c05,465,0,0,0.31840307
c06,1,0,0,0.0013407761
c06,2,0,0,0.0024870702
c06,3,0,0,0.3338521
c06,4,0,0,0.00095733546
c06,5,0,0,0.0049616047
c06,6,0,0,0.017268816
c06,7,0,0,0.020503614
c06,8,0,0,0.007513241
c06,9,0,0,0.06638421
c06,10,0,1,0.5605474
c06,11,0,0,0.03901392
c06,12,0,0,0.04186856
c06,13,0,0,0.06445647
c06,14,0,0,0.08030192
c06,15,0,0,0.11210748
c06,16,0,0,0.03672981
c06,17,0,0,0.05816343
c06,18,0,0,0.06744204
c06,19,0,0,0.04185544
c06,20,0,0,0.03995586
c06,21,0,0,0.035326157
c06,22,0,0,0.10482349
c06,23,0,0,0.07024071
c06,24,0,0,0.088654295
c06,25,0,0,0.061376773
c06,26,0,0,0.018423973
c06,27,0,0,0.061207253
c06,28,0,0,0.02844934
c06,29,0,0,0.0317726
c06,30,0,0,0.03415014
c06,31,0,0,0.023294654
c06,32,0,0,0.020706393
c06,33,0,0,0.03532113
c06,34,0,0,0.02920129
c06,35,0,0,0.014991832
c06,36,0,0,0.024625797
c06,37,0,0,0.02558303
c06,38,0,0,0.030873
c06,39,0,0,0.014538284
c06,40,0,0,0.013718803
c06,41,0,0,0.014997311
c06,42,0,0,0.009494777
c06,43,0,0,0.014085191
c06,44,0,0,0.024986994
c06,45,0,0,0.024371546
c06,46,0,0,0.028260967
c06,47,0,0,0.024971884
c06,48,0,0,0.027824126
c06,49,0,0,0.018560404
c06,50,0,0,0.020383198
c06,51,0,0,0.011863055
c06,52,0,0,0.016325833
c06,53,0,0,0.010945548
c06,54,0,0,0.0073404945
c06,55,0,0,0.018170925
c06,56,0,0,0.025191585
c06,57,0,0,0.022851711
c06,58,0,0,0.009446855
c06,59,0,0,0.0075816894
c06,60,0,0,0.014507561
c06,61,0,0,0.0056509334
c06,62,0,0,0.0044663143
c06,63,0,0,0.01109883
c06,64,0,0,0.009816975
c06,65,0,0,0.015667222
c06,66,0,0,0.008638925
c06,67,0,1,0.80386704
c06,68,0,0,0.0024070174
c06,69,0,0,0.0027066474
c06,70,0,0,0.0013712524
c06,71,0,0,0.0027883083
c06,72,0,0,0.003529043
c06,73,0,0,0.0017926081
c06,74,0,0,0.0045436565
c06,75,0,0,0.0029724028
c06,76,0,0,0.0014711454
c06,77,0,0,0.010542647
c06,78,0,0,0.007354963
c06,79,0,0,0.016918672
c06,80,0,0,0.0053299014
c06,81,0,0,0.009895541
c06,82,0,0,0.010944779
c06,83,0,0,0.014209757
c06,84,0,0,0.005365581
c06,85,0,0,0.0044979677
c06,86,0,0,0.01670132
c06,87,0,0,0.01953648
c06,88,0,0,0.020080414
c06,89,0,0,0.00970349
c06,90,0,0,0.011334404
c06,91,0,0,0.17744026
c06,92,0,0,0.07847562
c06,93,0,0,0.020950206
c06,94,0,0,0.015317448
c06,95,0,0,0.021218847
c06,96,0,0,0.02081585
c06,97,0,0,0.022314819
c06,98,0,0,0.020964026
c06,99,0,0,0.028147234
c06,100,0,0,0.022148022
c06,101,0,0,0.017007649
c06,102,0,0,0.01259702
c06,103,0,0,0.0059074135
c06,104,0,0,0.017827386
c06,105,0,0,0.026351897
c06,106,0,0,0.015901018
c06,107,0,0,0.06549638
c06,108,0,0,0.019837018
c06,109,0,0,0.032894082
c06,110,0,0,0.03134734
c06,111,0,0,0.21632224
c06,112,0,0,0.18340366
c06,113,0,0,0.0230579
c06,114,0,0,0.051081963
c06,115,0,0,0.09379574
c06,116,0,0,0.15431729
c06,117,0,0,0.12335972
c06,118,0,0,0.06366779
c06,119,0,0,0.048111018
c06,120,0,0,0.03107048
c06,121,0,0,0.049005058
c06,122,0,0,0.1799786
c06,123,0,0,0.090790264
c06,124,0,0,0.1675692
c06,125,0,0,0.1643041
c06,126,0,0,0.06040418
c06,127,0,0,0.16183814
c06,128,0,0,0.11600198
c06,129,0,0,0.08038542
c06,130,0,0,0.0602793
c06,131,0,0,0.098629
c06,132,0,0,0.078603156
c06,133,0,0,0.08404687
c06,134,0,0,0.053732116
c06,135,0,0,0.06675815
c06,136,0,0,0.055438757
c06,137,0,0,0.070777334
c06,138,0,0,0.100045405
c06,139,0,0,0.099236496
c06,140,0,0,0.08223518
c06,141,0,0,0.04298634
c06,142,0,0,0.1099389
c06,143,0,0,0.05622445
c06,144,0,0,0.1415968
c06,145,0,0,0.062270865
c06,146,0,0,0.059710857
c06,147,0,0,0.46460456
c06,148,0,0,0.1275199
c06,149,0,0,0.058206543
c06,150,0,0,0.1209809
c06,151,0,0,0.074161835
c06,152,0,0,0.037575748
c06,153,0,0,0.09174014
c06,154,0,0,0.12138651
c06,155,0,0,0.105349444
c06,156,0,0,0.05855415
c06,157,0,0,0.049851537
c06,158,0,0,0.040148173
c06,159,0,0,0.044073362
c06,160,0,0,0.037237898
c06,161,0,0,0.031099733
c06,162,0,0,0.09268185
c06,163,0,0,0.10775954
c06,164,0,0,0.23541144
c06,165,0,0,0.052294377
c06,166,0,0,0.4595314
c06,167,0,0,0.015557445
c06,168,0,0,0.05577778
c06,169,0,0,0.0058197994
c06,170,0,0,0.0062747803
c06,171,0,0,0.011503691
c06,172,0,0,0.014939231
c06,173,0,0,0.009016785
c06,174,0,0,0.014825818
c06,175,0,0,0.009617183
c06,176,0,0,0.02386868
c06,177,0,0,0.026906198
c06,178,0,0,0.013184538
c06,179,0,0,0.008671263
c06,180,0,0,0.014964226
c06,181,0,0,0.018501561
c06,182,0,0,0.014511453
c06,183,0,0,0.016508928
c06,184,0,0,0.012951525
c06,185,0,0,0.014493414
c06,186,0,0,0.017933328
c06,187,0,0,0.011740263
c06,188,0,0,0.011782123
c06,189,0,0,0.010650231
c06,190,0,0,0.008749134
c06,191,0,0,0.00534752
c06,192,0,0,0.011781418
c06,193,0,0,0.011523641
c06,194,0,0,0.022574488
c06,195,0,0,0.044731997
c06,196,0,0,0.040809732
c06,197,0,0,0.015815733
c06,198,0,0,0.06379253
c06,199,0,0,0.04301384
c06,200,0,0,0.044138137
c06,201,0,0,0.011952547
c06,202,0,0,0.0505478
c06,203,0,0,0.081566595
c06,204,0,0,0.12865925
c06,205,0,0,0.09929231
c06,206,0,0,0.06160054
c06,207,0,0,0.115303546
c06,208,0,0,0.04624153
c06,209,0,0,0.11497287
c06,210,0,0,0.23577175
c06,211,0,0,0.03816909
c06,212,0,0,0.038369905
c06,213,0,0,0.05097276
c06,214,0,0,0.029805562
c06,215,0,0,0.018204175
c06,216,0,0,0.035520997
c06,217,0,0,0.03182381
c06,218,0,0,0.012348202
c06,219,0,0,0.015641315
c06,220,0,0,0.0674367
c06,221,0,0,0.035249684
c06,222,0,0,0.0073838197
c06,223,0,0,0.030371232
c06,224,0,0,0.005967616
c06,225,0,0,0.012268727
c06,226,0,0,0.010016294
c06,227,0,0,0.0021432329
c06,228,0,0,0.0071363673
c06,229,0,0,0.005872207
c06,230,0,0,0.0041176286
c06,231,0,0,0.006613902
c06,232,0,0,0.005124898
c06,233,0,0,0.012037402
c06,234,0,0,0.01732643
c06,235,0,0,0.0060268603
c06,236,0,0,0.012304848
c06,237,0,0,0.008024339
c06,238,0,0,0.007271557
c06,239,0,0,0.017818311
c06,240,0,0,0.0067214165
c06,241,0,0,0.004139059
c06,242,0,0,0.011682775
c06,243,0,0,0.01027169
c06,244,0,0,0.006458871
c06,245,0,0,0.0058826855
c06,246,0,0,0.002256562
c06,247,0,0,0.0036370305
c06,248,0,0,0.0022894419
c06,249,0,0,0.0075520934
c06,250,0,0,0.0051904167
c06,251,0,0,0.002611978
c06,252,0,0,0.0024224345
c06,253,0,0,0.0032587163
c06,254,0,0,0.0028946358
c06,255,0,0,0.0071012746
c06,256,0,0,0.12228945
c06,257,0,0,0.009371473
c06,258,0,0,0.0011961283
c06,259,0,0,0.0021366267
c06,260,0,0,0.0010782497
c06,261,0,0,0.0024726654
c06,262,0,0,0.001970047
c06,263,0,0,0.0027616012
c06,264,0,0,0.008081333
c06,265,0,0,0.0027971338
c06,266,0,0,0.0057039894
c06,267,0,0,0.007253515
c06,268,0,0,0.014384837
c06,269,0,0,0.012717581
c06,270,0,0,0.0015115077
c06,271,0,0,0.0018143153
c06,272,0,0,0.0014173007
c06,273,0,0,0.0011236095
c06,274,0,0,0.0030569402
c06,275,0,0,0.0015275788
c06,276,0,0,0.013596193
c06,277,0,0,0.041464403
c06,278,0,0,0.007624013
c06,279,0,0,0.0015639734
c06,280,0,0,0.0027113133
c06,281,0,0,0.002401467
c06,282,0,0,0.0032280323
c06,283,0,0,0.0011750299
c06,284,0,0,0.0064581735
c06,285,0,0,0.031241154
c06,286,0,0,0.008028242
c06,287,0,0,0.0133281015
c06,288,0,0,0.014573044
c06,289,0,0,0.016893193
c06,290,0,0,0.003027812
c06,291,0,0,0.009825907
c06,292,0,0,0.00998778
c06,293,0,0,0.013249054
c06,294,0,0,0.058847584
c06,295,0,0,0.045651194
c06,296,0,0,0.15657584
c06,297,0,0,0.003677658
c06,298,0,0,0.010794858
c06,299,0,0,0.02738489
c06,300,0,0,0.0061376267
c06,301,0,0,0.20577365
c06,302,0,0,0.01946864
c06,303,0,0,0.030525314
c06,304,0,0,0.01259033
c06,305,0,0,0.005716343
c06,306,0,0,0.024835
c06,307,0,0,0.008706473
c06,308,0,0,0.008682103
c06,309,0,0,0.010391825
c06,310,0,0,0.005676867
c06,311,0,0,0.0018360338
c06,312,0,0,0.009314152
c06,313,0,0,0.003292956
c06,314,0,0,0.0050856215
c06,315,0,0,0.003163721
c06,316,0,0,0.001224368
c06,317,0,0,0.13637304
c06,318,0,0,0.10037581
c06,319,0,0,0.03205212
c06,320,0,0,0.001995398
c06,321,0,0,0.0038535492
c06,322,0,0,0.0072563654
c06,323,0,0,0.0030784751
c06,324,0,0,0.0014236993
c06,325,0,0,0.0051338477
c06,326,0,0,0.00555903
c06,327,0,0,0.0019471825
c06,328,0,0,0.0051534395
c06,329,0,0,0.0068182885
c06,330,0,0,0.0024724044
c06,331,0,0,0.0029206073
c06,332,0,0,0.005368516
c06,333,0,0,0.00319565
c06,334,0,0,0.005864546
c06,335,0,0,0.0052873744
c06,336,0,0,0.004477183
c06,337,0,0,0.0056141717
c06,338,0,0,0.001473249
c06,339,0,0,0.0028728463
c06,340,0,0,0.0033527808
c06,341,0,0,0.010729482
c06,342,0,0,0.0035001622
c06,343,0,0,0.0033879667
c06,344,0,0,0.007949749
c06,345,0,0,0.0064696753
c06,346,0,0,0.0026853469
c06,347,0,0,0.2531063
c06,348,0,0,0.0064999913
c06,349,0,0,0.0052637425
c06,350,0,0,0.009442024
c06,351,0,0,0.015841212
c06,352,0,0,0.0041627837
c06,353,0,0,0.0047202553
c06,354,0,0,0.014253419
c06,355,0,0,0.0017235818
c06,356,0,0,0.002608765
c06,357,0,0,0.0012202291
c06,358,0,0,0.0031529884
c06,359,0,0,0.0013660339
c06,360,0,0,0.0014923625
c06,361,0,0,0.0031704276
c06,362,0,0,0.0011789281
c06,363,0,0,0.0024860532
c06,364,0,0,0.00568948
c06,365,0,0,0.0020169166
c06,366,0,0,0.024924964
c06,367,0,0,0.037983224
c06,368,0,0,0.004152119
c06,369,0,0,0.023296768
c06,370,0,0,0.016750522
c06,371,0,0,0.24569382
c06,372,0,0,0.007013502
c06,373,0,0,0.026312605
c06,374,0,0,0.007909162
c06,375,0,0,0.013611862
c06,376,0,0,0.01357342
c06,377,0,0,0.035403855
c06,378,0,0,0.02142398
c06,379,0,0,0.02419842
c06,380,0,0,0.04687695
c06,381,0,0,0.051994644
c06,382,0,0,0.039105795
c06,383,0,0,0.025187066
c06,384,0,0,0.0125464685
c06,385,0,0,0.008861634
c06,386,1,0,0.015370659
c06,387,0,0,0.050129525
c06,388,0,0,0.06196786
c06,389,0,0,0.0010281522
c06,390,0,0,0.005547649
c06,391,0,0,0.006644599
c06,392,0,0,0.0015428838
c06,393,0,0,0.004122363
c06,394,0,0,0.009905665
c06,395,0,0,0.0027826473
c06,396,0,0,0.0022085381
c06,397,0,0,0.0010715036
c06,398,0,0,0.0010639015
c06,399,0,0,0.0064654895
c06,400,0,0,0.0015275592
c06,401,0,0,0.0039395685
c06,402,0,0,0.0040715607
c06,403,0,0,0.0011364737
c06,404,0,0,0.0011497298
c06,405,0,0,0.0021579168
c06,406,0,0,0.0035094784
c06,407,0,0,0.010671176
c06,408,0,0,0.0048720827
c06,409,0,0,0.0062694447
c06,410,0,0,0.014495009
c06,411,0,0,0.007867664
c06,412,0,0,0.013384881
c06,413,0,0,0.004793677
c06,414,0,0,0.0029085528
c06,415,0,0,0.0031949452
c06,416,0,0,0.02252003
c06,417,0,0,0.0028335697
c06,418,0,0,0.019227702
c06,419,0,0,0.0053164572
c06,420,0,0,0.004354604
c06,421,0,0,0.0018616599
c06,422,0,0,0.0010016579
c06,423,0,0,0.0010279024
c06,424,0,0,0.0012223952
c06,425,0,0,0.0010543239
c06,426,0,0,0.0013868039
c06,427,0,0,0.0015706711
c06,428,0,0,0.00058356876
c06,429,0,0,0.0022004272
c06,430,0,0,0.0019495005
c06,431,0,0,0.0015943213
c06,432,0,0,0.0035698086
c06,433,0,0,0.0012401562
c06,434,0,0,0.004097899
c06,435,0,0,0.0013737705
c06,436,0,0,0.012502609
c06,437,0,0,0.0033164662
c06,438,0,0,0.001851233
c06,439,0,0,0.0033104334
c06,440,0,0,0.01256406
c06,441,0,0,0.00630291
c06,442,0,0,0.007283956
c06,443,0,0,0.0036832707
c06,444,0,0,0.003769281
c06,445,0,0,0.004924312
c06,446,0,0,0.005531407
c06,447,0,0,0.0021372023
c06,448,0,0,0.01893074
c06,449,0,0,0.10984786
c06,450,0,0,0.021294188
c06,451,0,0,0.0049819387
c06,452,0,0,0.0040551773
c06,453,0,0,0.0038834473
c06,454,0,0,0.008501145
c06,455,0,0,0.007874728
c06,456,0,0,0.003658998
c06,457,0,0,0.0014502489
c06,458,0,0,0.008456759
c06,459,0,0,0.003045053
c06,460,0,0,0.008250639
c06,461,0,0,0.0029964093
c06,462,0,0,0.0051067714
c06,463,0,0,0.19050626
c06,464,0,0,0.0011142822
c06,465,0,0,0.17209364
c06,466,0,0,0.17532548
c06,467,0,0,0.1872338
c07,1,0,0,0.19206071
c07,2,0,0,0.21167721
c07,3,0,0,0.041264858
c07,4,0,0,0.05502652
c07,5,0,0,0.025931738
c07,6,0,0,0.02987381
c07,7,0,0,0.09649391
c07,8,0,0,0.1461933
c07,9,0,0,0.05552929
c07,10,0,0,0.13934955
c07,11,0,0,0.047420897
c07,12,0,0,0.052037425
c07,13,0,0,0.10174575
c07,14,0,0,0.22213028
c07,15,0,0,0.07915263
c07,16,0,0,0.06183491
c07,17,0,0,0.049739655
c07,18,0,0,0.016315842
c07,19,0,0,0.024427181
c07,20,0,0,0.01768654
c07,21,0,0,0.016235953
c07,22,0,0,0.029184615
c07,23,0,0,0.01984816
c07,24,0,0,0.0061875638
c07,25,0,0,0.0057476354
c07,26,0,0,0.008084181
c07,27,0,0,0.010072085
c07,28,0,0,0.007816041
c07,29,0,0,0.006429123
c07,30,0,0,0.029666454
c07,31,0,0,0.23472512
c07,32,0,0,0.112124234
c07,33,0,0,0.104992524
c07,34,0,0,0.043622736
c07,35,0,0,0.02102165
c07,36,0,0,0.048338223
c07,37,0,0,0.049890604
c07,38,0,0,0.070317
c07,39,0,0,0.02068174
c07,40,0,0,0.022470742
c07,41,0,0,0.02622283
c07,42,0,0,0.018908232
c07,43,0,0,0.013663433
c07,44,0,0,0.022908865
c07,45,0,0,0.016874157
c07,46,0,0,0.018922126
c07,47,0,0,0.021258255
c07,48,0,0,0.01876097
c07,49,0,0,0.016909657
c07,50,0,0,0.018353773
c07,51,0,0,0.013911435
c07,52,0,0,0.027855081
c07,53,0,0,0.011842235
c07,54,0,0,0.017903907
c07,55,0,0,0.018377593
c07,56,0,0,0.019466698
c07,57,0,0,0.012352663
c07,58,0,0,0.011951044
c07,59,0,0,0.010554656
c07,60,0,0,0.011187311
c07,61,0,0,0.014234706
c07,62,0,0,0.023726655
c07,63,0,0,0.020558534
c07,64,0,0,0.012888263
c07,65,0,0,0.030096393
c07,66,0,0,0.025558751
c07,67,0,0,0.019218137
c07,68,0,0,0.015921902
c07,69,0,0,0.012888681
c07,70,0,0,0.023590814
c07,71,0,0,0.013494709
c07,72,0,0,0.011257392
c07,73,0,0,0.010170431
c07,74,0,0,0.015167914
c07,75,0,0,0.016399333
c07,76,0,0,0.016026095
c07,77,0,0,0.01426081
c07,78,0,0,0.01632382
c07,79,0,0,0.01710073
c07,80,0,0,0.015755992
c07,81,0,0,0.009354007
c07,82,0,0,0.0095913205
c07,83,0,0,0.009783077
c07,84,0,0,0.008944538
c07,85,0,0,0.013076063
c07,86,0,0,0.02950078
c07,87,0,0,0.022943487
c07,88,0,0,0.024415458
c07,89,0,0,0.019660655
c07,90,0,0,0.019663509
c07,91,0,0,0.019835882
c07,92,0,0,0.02389678
c07,93,0,0,0.023226017
c07,94,0,0,0.014300575
c07,95,0,0,0.011596443
c07,96,0,0,0.032575533
c07,97,0,0,0.0232678
c07,98,0,0,0.019207768
c07,99,0,0,0.01448749
c07,100,0,0,0.022012176
c07,101,0,0,0.04820363
c07,102,0,0,0.009616512
c07,103,0,0,0.013494428
c07,104,0,0,0.006981707
c07,105,0,0,0.005488457
c07,106,0,0,0.0056391405
c07,107,0,0,0.11255227
c07,108,0,0,0.046395883
c07,109,0,0,0.027806398
c07,110,0,0,0.03444278
c07,111,0,0,0.027539708
c07,112,0,0,0.009532133
c07,113,0,0,0.01698656
c07,114,0,0,0.011452408
c07,115,0,0,0.011990126
c07,116,0,0,0.008716924
c07,117,0,0,0.022368185
c07,118,0,0,0.009742105
c07,119,0,0,0.035724238
c07,120,0,0,0.012613174
c07,121,0,0,0.009853187
c07,122,0,0,0.010384785
c07,123,0,0,0.00820764
c07,124,0,0,0.0086246105
c07,125,0,0,0.01058561
c07,126,0,0,0.007580114
c07,127,0,0,0.0076907766
c07,128,0,0,0.009098496
c07,129,0,0,0.008887323
c07,130,0,0,0.007168118
c07,131,0,0,0.005632281
c07,132,0,0,0.020132568
c07,133,0,0,0.011696669
c07,134,0,0,0.022283303
c07,135,0,0,0.025075657
c07,136,0,0,0.01107931
c07,137,0,0,0.01734434
c07,138,0,0,0.024828414
c07,139,0,0,0.009159889
c07,140,0,0,0.012229651
c07,141,0,0,0.0059813308
c07,142,0,0,0.010537987
c07,143,0,0,0.012809035
c07,144,0,0,0.037186928
c07,145,0,0,0.024270022
c07,146,0,0,0.02455933
c07,147,0,0,0.014577913
c07,148,0,0,0.035343297
c07,149,0,0,0.0044324077
c07,150,0,0,0.004098925
c07,151,0,0,0.00420143
c07,152,0,0,0.0051881447
c07,153,0,0,0.0036297508
c07,154,0,0,0.0027364008
c07,155,0,0,0.00407967
c07,156,0,0,0.002477166
c07,157,0,0,0.0032000232
c07,158,0,0,0.0024319433
c07,159,0,0,0.003469963
c07,160,0,0,0.0024911773
c07,161,0,0,0.0021417395
c07,162,0,0,0.0046338667
c07,163,0,0,0.0031449792
c07,164,0,0,0.0017563852
c07,165,0,0,0.0032315413
c07,166,0,0,0.0024073217
c07,167,0,0,0.0032892677
c07,168,0,0,0.004108302
c07,169,0,0,0.0026737142
c07,170,0,0,0.002638622
c07,171,0,0,0.0024283149
c07,172,0,0,0.0041558095
c07,173,0,0,0.003397794
c07,174,0,0,0.0031463725
c07,175,0,0,0.00229135
c07,176,0,0,0.0030145252
c07,177,0,0,0.003056067
c07,178,0,0,0.0073640547
c07,179,0,0,0.018519739
c07,180,0,0,0.020869479
c07,181,0,0,0.027618757
c07,182,0,0,0.0069221533
c07,183,0,0,0.006878349
c07,184,0,0,0.018564235
c07,185,0,0,0.008009611
c07,186,0,0,0.007744196
c07,187,0,0,0.011738536
c07,188,0,0,0.006697871
c07,189,0,0,0.008030217
c07,190,0,0,0.008460319
c07,191,0,0,0.009737359
c07,192,0,0,0.009792047
c07,193,0,0,0.006448955
c07,194,0,0,0.008597065
c07,195,0,0,0.015100671
c07,196,0,0,0.010195996
c07,197,0,0,0.007987605
c07,198,0,0,0.015568513
c07,199,0,0,0.011554669
c07,200,0,0,0.0065655834
c07,201,0,0,0.009478919
c07,202,0,0,0.01807056
c07,203,0,0,0.008872395
c07,204,0,0,0.006279759
c07,205,0,0,0.009312943
c07,206,0,0,0.09704359
c07,207,0,0,0.0023361281
c07,208,0,0,0.002975075
c07,209,0,0,0.001855641
c07,210,0,0,0.0028877433
c07,211,0,0,0.0025387057
c07,212,0,0,0.0032652202
c07,213,0,0,0.0040312735
c07,214,0,0,0.0068187634
c07,215,0,0,0.004812625
c07,216,0,0,0.004009678
c07,217,0,0,0.0046102614
c07,218,0,0,0.0044669677
c07,219,0,0,0.0034844258
c07,220,0,0,0.012941124
c07,221,0,0,0.004915075
c07,222,0,0,0.005919054
c07,223,0,0,0.0066542556
c07,224,0,0,0.0038977377
c07,225,0,0,0.004794676
c07,226,0,0,0.008523662
c07,227,1,0,0.004065505
c07,228,0,0,0.0041677677
c07,229,0,0,0.002679307
c07,230,0,0,0.0020647882
c07,231,0,0,0.0022580288
c07,232,0,0,0.0044723125
c07,233,0,0,0.0024336076
c07,234,0,0,0.0028009843
c07,235,0,0,0.002077474
c07,236,0,0,0.0028479425
c07,237,0,0,0.0030749533
c07,238,0,0,0.0025344156
c07,239,0,0,0.0019818265
c07,240,0,0,0.002500896
c07,241,0,0,0.002496748
c07,242,0,0,0.003110991
c07,243,0,0,0.002633706
c07,244,0,0,0.026151476
c07,245,0,0,0.0024276508
c07,246,0,0,0.0074618333
c07,247,0,0,0.035846863
c07,248,0,0,0.008695118
c07,249,0,0,0.010403321
c07,250,0,0,0.008268954
c07,251,0,0,0.008438538
c07,252,0,0,0.00789632
c07,253,0,0,0.011552807
c07,254,0,0,0.009155016
c07,255,0,0,0.015196618
c07,256,0,0,0.009889086
c07,257,0,0,0.019071834
c07,258,0,0,0.015196319
c07,259,0,0,0.011720125
c07,260,0,0,0.009313589
c07,261,0,0,0.009906292
c07,262,0,0,0.008335585
c07,263,0,0,0.009276252
c07,264,0,0,0.0130640445
c07,265,0,0,0.0066449293
c07,266,0,0,0.009385082
c07,267,0,0,0.015428318
c07,268,0,0,0.010911566
c07,269,0,0,0.015339428
c07,270,0,0,0.014324341
c07,271,0,0,0.015529368
c07,272,0,0,0.017903749
c07,273,0,0,0.017285492
c07,274,0,0,0.010704584
c07,275,0,0,0.008839978
c07,276,0,0,0.012489594
c07,277,0,0,0.009045326
c07,278,0,0,0.026767008
c07,279,0,0,0.008986725
c07,280,0,0,0.01063155
c07,281,0,0,0.013731783
c07,282,0,0,0.008563442
c07,283,0,0,0.010239126
c07,284,0,0,0.0119229285
c07,285,0,0,0.009342434
c07,286,0,0,0.011244757
c07,287,0,0,0.0090525905
c07,288,0,0,0.009799521
c07,289,0,0,0.010583368
c07,290,0,0,0.008074531
c07,291,0,0,0.0133131845
c07,292,0,0,0.013057259
c07,293,0,0,0.009995572
c07,294,0,0,0.0148940105
c07,295,0,0,0.008114524
c07,296,0,0,0.009450224
c07,297,0,0,0.012094733
c07,298,0,0,0.010641943
c07,299,0,0,0.010267681
c07,300,0,0,0.012308453
c07,301,0,0,0.010610375
c07,302,0,0,0.0072682393
c07,303,0,0,0.008464944
c07,304,0,0,0.014606319
c07,305,0,0,0.01320051
c07,306,0,0,0.011409623
c07,307,0,0,0.04170076
c07,308,0,0,0.03967873
c07,309,0,0,0.021441262
c07,310,0,0,0.015291988
c07,311,0,0,0.0063623767
c07,312,0,0,0.014225327
c07,313,0,0,0.015943674
c07,314,0,0,0.017872468
c07,315,0,0,0.023841532
c07,316,0,0,0.015803307
c07,317,0,0,0.024339994
c07,318,0,0,0.023536423
c07,319,0,0,0.01448504
c07,320,0,0,0.06020919
c07,321,0,0,0.022325125
c07,322,0,0,0.0051433523
c07,323,0,0,0.0034257646
c07,324,0,0,0.030893171
c07,325,0,0,0.0067057433
c07,326,0,0,0.0055118636
c07,327,0,0,0.0036294316
c07,328,0,0,0.004514597
c07,329,0,0,0.004500116
c07,330,0,0,0.02112927
c07,331,0,0,0.010128151
c07,332,0,0,0.0045012827
c07,333,0,0,0.0021950337
c07,334,0,0,0.003306988
c07,335,0,0,0.0030815997
c07,336,0,0,0.005104376
c07,337,0,0,0.0034202521
c07,338,0,0,0.0075909477
c07,339,0,0,0.0054645794
c07,340,0,0,0.0073681516
c07,341,0,0,0.009278742
c07,342,0,0,0.0043704794
c07,343,0,0,0.003602819
c07,344,0,0,0.006051014
c07,345,0,0,0.0036887412
c07,346,0,0,0.005349116
c07,347,0,0,0.0051978603
c07,348,0,0,0.013221484
c07,349,1,0,0.003176076
c07,350,0,0,0.003453873
c07,351,0,0,0.002397049
c07,352,0,0,0.0027156712
c07,353,0,0,0.0033945178
c07,354,0,0,0.026666848
c07,355,0,0,0.006121505
c07,356,0,0,0.014060864
c07,357,0,0,0.012412131
c07,358,0,0,0.016307427
c07,359,0,0,0.0073823035
c07,360,0,0,0.012485619
c07,361,0,0,0.008963995
c07,362,0,0,0.007326058
c07,363,0,0,0.0075067896
c07,364,0,0,0.0093444595
c07,365,0,0,0.009130282
c07,366,0,0,0.009843293
c07,367,0,0,0.007693893
c07,368,0,0,0.007129586
c07,369,0,0,0.014142497
c07,370,0,0,0.0071095536
c07,371,0,0,0.0072271707
c07,372,0,0,0.0080824755
c07,373,0,0,0.019351862
c07,374,0,0,0.0061962577
c07,375,0,0,0.014109487
c07,376,0,0,0.012392477
c07,377,0,0,0.0074774376
c07,378,0,0,0.010308067
c07,379,0,0,0.009049956
c07,380,0,0,0.008047252
c07,381,0,0,0.007347673
c07,382,0,0,0.0108192405
c07,383,0,0,0.008443088
c07,384,0,0,0.007823295
c07,385,0,0,0.009759224
c07,386,0,0,0.008906226
c07,387,0,0,0.01297463
c07,388,0,0,0.016782515
c07,389,0,0,0.007884905
c07,390,0,0,0.0078089884
c07,391,0,0,0.006365199
c07,392,0,0,0.009052111
c07,393,0,0,0.014905369
c07,394,0,0,0.008633552
c07,395,0,0,0.008887495
c07,396,0,0,0.012855419
c07,397,0,0,0.008513472
c07,398,0,0,0.008249012
c07,399,0,0,0.0062793754
c07,400,0,0,0.013611223
c07,401,0,0,0.016970564
c07,402,1,0,0.054860186
c07,403,0,0,0.009533285
c07,404,0,0,0.040864605
c07,405,0,0,0.012957963
c07,406,0,0,0.032819364
c07,407,0,0,0.008600202
c07,408,0,0,0.009532875
c07,409,0,0,0.014707607
c07,410,0,0,0.057008676
c07,411,0,0,0.03927344
c07,412,0,0,0.026014287
c07,413,0,0,0.016652096
c07,414,0,0,0.018126512
c07,415,0,0,0.050121695
c07,416,1,0,0.005700721
c07,417,0,0,0.0056479815
c07,418,0,0,0.0018188684
c07,419,0,0,0.00421744
c07,420,0,0,0.056715082
c07,421,0,0,0.007765293
c07,422,0,0,0.014030771
c07,423,0,0,0.055860262
c07,424,0,0,0.029914044
c07,425,0,0,0.030468568
c07,426,0,0,0.12872359
c07,427,0,0,0.062503085
c07,428,0,0,0.017360887
c08,1,0,0,0.029352263
c08,2,0,0,0.21632345
c08,3,0,0,0.015862577
c08,4,0,0,0.08841129
c08,5,0,0,0.050669856
c08,6,0,0,0.05193952
c08,7,0,0,0.103996806
c08,8,0,0,0.045834724
c08,9,0,0,0.2685868
c08,10,0,0,0.021752454
c08,11,0,0,0.043256134
c08,12,0,0,0.04493973
c08,13,0,0,0.057618864
c08,14,0,0,0.06441824
c08,15,0,0,0.011782011
c08,16,0,0,0.003474291
c08,17,0,0,0.005251037
c08,18,0,0,0.023621824
c08,19,0,0,0.034702104
c08,20,0,0,0.014693151
c08,21,0,0,0.055826306
c08,22,0,0,0.04977121
c08,23,0,0,0.04392389
c08,24,0,0,0.017774453
c08,25,0,0,0.0037805927
c08,26,0,0,0.19275108
c08,27,0,0,0.03415403
c08,28,0,0,0.012968469
c08,29,0,0,0.0028134596
c08,30,0,0,0.0057181506
c08,31,0,0,0.019291025
c08,32,0,0,0.011956338
c08,33,0,0,0.06312862
c08,34,0,0,0.24708608
c08,35,0,0,0.10407688
c08,36,0,0,0.09144466
c08,37,0,0,0.0014677892
c08,38,0,0,0.05661583
c08,39,0,0,0.017978093
c08,40,0,0,0.12588741
c08,41,0,0,0.058197524
c08,42,0,0,0.030907737
c08,43,0,0,0.008822852
c08,44,0,0,0.047099818
c08,45,0,0,0.050058074
c08,46,0,0,0.033460736
c08,47,0,0,0.022849776
c08,48,0,0,0.04336146
c08,49,0,0,0.1395273
c08,50,0,0,0.09065477
c08,51,0,0,0.0676471
c08,52,0,0,0.02242611
c08,53,0,0,0.04332484
c08,54,0,0,0.077659555
c08,55,0,0,0.07745058
c08,56,0,0,0.01772875
c08,57,0,0,0.028019212
c08,58,0,0,0.019513508
c08,59,0,0,0.004313586
c08,60,0,0,0.055699028
c08,61,0,0,0.011703446
c08,62,0,0,0.122689515
c08,63,0,0,0.046784837
c08,64,0,0,0.031950735
c08,65,0,0,0.032221116
c08,66,0,0,0.029620107
c08,67,0,0,0.008496757
c08,68,0,0,0.027775258
c08,69,0,0,0.036305305
c08,70,0,0,0.037329134
c08,71,0,0,0.039118975
c08,72,0,0,0.0152741335
c08,73,0,0,0.0119499285
c08,74,0,0,0.046907347
c08,75,0,0,0.0121945115
c08,76,0,0,0.009132396
c08,77,0,0,0.027447814
c08,78,0,0,0.009395723
c08,79,0,0,0.010458284
c08,80,0,0,0.052453984
c08,81,0,0,0.06377579
c08,82,0,0,0.047123875
c08,83,0,0,0.21463151
c08,84,0,0,0.019777324
c08,85,0,0,0.018985704
c08,86,0,0,0.02614694
c08,87,0,0,0.027068844
c08,88,0,0,0.1328435
c08,89,0,0,0.058100406
c08,90,0,0,0.08776194
c08,91,0,0,0.02760689
c08,92,0,0,0.1295548
c08,93,0,0,0.017719194
c08,94,0,0,0.045488972
c08,95,0,0,0.17160718
c08,96,0,0,0.024941014
c08,97,0,0,0.024000334
c08,98,0,0,0.025761787
c08,99,0,0,0.015810234
c08,100,0,0,0.034052532
c08,101,0,0,0.030608572
c08,102,0,0,0.030502673
c08,103,0,0,0.014775415
c08,104,0,0,0.011333196
c08,105,0,0,0.008131779
c08,106,0,0,0.012587704
c08,107,0,0,0.0072191595
c08,108,0,0,0.013904778
c08,109,0,0,0.010153634
c08,110,0,0,0.011763854
c08,111,0,0,0.014632037
c08,112,0,0,0.009112281
c08,113,0,0,0.007614537
c08,114,0,0,0.008851947
c08,115,0,0,0.21594132
c08,116,0,0,0.4399522
c08,117,0,0,0.040046275
c08,118,0,0,0.1532609
c08,119,0,0,0.13821486
c08,120,0,0,0.11692391
c08,121,0,0,0.0303192
c08,122,0,0,0.060652446
c08,123,0,0,0.02212658
c08,124,0,0,0.0346483
c08,125,0,0,0.07950164
c08,126,0,0,0.11498269
c08,127,0,0,0.18286353
c08,128,0,0,0.07992223
c08,129,0,0,0.15742145
c08,130,0,0,0.06204041
c08,131,0,0,0.032094315
c08,132,0,0,0.12568532
c08,133,0,0,0.08215874
c08,134,0,0,0.042370256
c08,135,0,0,0.044400707
c08,136,0,0,0.10126843
c08,137,0,0,0.016002815
c08,138,0,0,0.022738341
c08,139,0,0,0.00985375
c08,140,0,0,0.008755361
c08,141,0,0,0.011582613
c08,142,0,0,0.01090781
c08,143,0,0,0.017525217
c08,144,0,0,0.023014389
c08,145,0,0,0.11908732
c08,146,0,0,0.18948328
c08,147,0,0,0.08086052
c08,148,0,0,0.06118584
c08,149,0,1,0.5925062
c08,150,0,0,0.029113034
c08,151,0,0,0.016901953
c08,152,0,0,0.03543075
c08,153,0,0,0.013920911
c08,154,0,0,0.034596242
c08,155,0,0,0.016729763
c08,156,0,0,0.026127644
c08,157,0,0,0.011425112
c08,158,0,0,0.01753163
c08,159,0,0,0.027320571
c08,160,0,0,0.016257515
c08,161,0,0,0.043158863
c08,162,0,0,0.023719145
c08,163,0,0,0.012981282
c08,164,0,0,0.008470576
c08,165,0,0,0.022089684
c08,166,0,0,0.07588939
c08,167,0,0,0.028995803
c08,168,0,0,0.05217612
c08,169,0,0,0.028055456
c08,170,0,0,0.024994656
c08,171,0,0,0.112582445
c08,172,0,0,0.11502117
c08,173,0,0,0.063972756
c08,174,0,0,0.039870016
c08,175,0,0,0.03847034
c08,176,0,0,0.097955234
c08,177,0,0,0.18341228
c08,178,0,0,0.06615844
c08,179,0,0,0.051703535
c08,180,0,0,0.022145798
c08,181,0,0,0.022484615
c08,182,0,0,0.021731367
c08,183,0,0,0.017805047
c08,184,0,0,0.013420165
c08,185,0,0,0.019075844
c08,186,0,0,0.018398374
c08,187,0,0,0.018605517
c08,188,0,0,0.01906004
c08,189,0,0,0.017023783
c08,190,0,0,0.0151616335
c08,191,0,0,0.020497026
c08,192,0,0,0.022551436
c08,193,0,0,0.0236781
c08,194,0,0,0.02848957
c08,195,0,0,0.012094898
c08,196,0,0,0.017041627
c08,197,0,0,0.0192706
c08,198,0,0,0.01721694
c08,199,0,0,0.027665813
c08,200,0,0,0.016672442
c08,201,0,0,0.025409011
c08,202,0,0,0.012263689
c08,203,0,0,0.2328887
c08,204,0,0,0.058052186
c08,205,0,0,0.045450218
c08,206,0,0,0.06904846
c08,207,0,0,0.042000093
c08,208,0,0,0.054580078
c08,209,0,0,0.07608228
c08,210,0,0,0.10151925
c08,211,0,0,0.042726517
c08,212,0,0,0.044615235
c08,213,0,0,0.028731273
c08,214,0,0,0.044282585
c08,215,0,0,0.45625344
c08,216,0,0,0.12898308
c08,217,0,0,0.2764532
c08,218,0,0,0.2201275
c08,219,0,0,0.05542821
c08,220,0,0,0.33985355
c08,221,0,0,0.05271415
c08,222,0,0,0.2716915
c08,223,0,0,0.028064348
c08,224,0,0,0.12069765
c08,225,0,0,0.04451368
c08,226,0,0,0.019032173
c08,227,0,0,0.11777168
c08,228,0,0,0.019381661
c08,229,0,0,0.3389485
c08,230,0,0,0.014951601
c08,231,0,0,0.11698731
c08,232,0,0,0.032582756
c08,233,0,0,0.011151479
c08,234,0,0,0.1484348
c08,235,0,0,0.1263428
c08,236,0,0,0.18049838
c08,237,0,0,0.07395885
c08,238,0,0,0.16410358
c08,239,0,1,0.7875323
c08,240,0,1,0.7612659
c08,241,0,1,0.686311
c08,242,0,1,0.88067204
c08,243,0,1,0.7928156
c08,244,0,1,0.6151858
c08,245,0,1,0.51159203
c08,246,0,1,0.7737643
c08,247,0,0,0.17796992
c08,248,0,0,0.0965217
c08,249,0,0,0.06055636
c08,250,0,0,0.22868463
c08,251,0,0,0.06722633
c08,252,0,0,0.15919863
c08,253,0,0,0.24529439
c08,254,0,0,0.20653084
c08,255,0,0,0.11851321
c08,256,0,0,0.1147016
c08,257,0,0,0.09894979
c08,258,0,0,0.15630454
c08,259,0,0,0.39392594
c08,260,0,0,0.16965756
c08,261,0,0,0.37301987
c08,262,0,0,0.06383304
c08,263,0,0,0.41066822
c08,264,0,0,0.08831457
c08,265,0,0,0.09665655
c08,266,0,0,0.19370835
c08,267,0,0,0.39625734
c08,268,0,0,0.18108632
c08,269,0,0,0.3246602
c08,270,0,0,0.19566913
c08,271,0,0,0.2698597
c08,272,0,0,0.20057158
c08,273,0,0,0.13681814
c08,274,0,0,0.21027389
c08,275,0,0,0.24128315
c08,276,0,0,0.41612235
c08,277,0,0,0.4298388
c08,278,0,0,0.20105854
c08,279,0,0,0.17964874
c08,280,0,0,0.08757492
c08,281,0,1,0.7669575
c08,282,0,1,0.90591383
c08,283,0,0,0.4849635
c08,284,0,1,0.8970239
c08,285,0,1,0.9345017
c08,286,0,1,0.7870859
c08,287,0,1,0.8961804
c08,288,0,1,0.8897291
c08,289,0,1,0.83434534
c08,290,0,1,0.8787257
c08,291,0,1,0.8200205
c08,292,0,1,0.9133186
c08,293,0,1,0.8949125
c08,294,0,1,0.9381757
c08,295,0,1,0.9349015
c08,296,0,1,0.8067112
c08,297,0,1,0.9322922
c08,298,0,1,0.93593055
c08,299,0,1,0.9240441
c08,300,0,1,0.9388045
c08,301,0,1,0.86743695
c08,302,0,1,0.9037971
c08,303,0,1,0.7533568
c08,304,0,1,0.8018417
c08,305,0,1,0.92451644
c08,306,0,1,0.9235834
c08,307,0,1,0.92035085
c08,308,0,1,0.8847785
c08,309,0,1,0.8242866
c08,310,0,1,0.83455366
c08,311,0,1,0.8273698
c08,312,0,1,0.8195968
c08,313,0,1,0.57542866
c08,314,0,0,0.43922728
c08,315,0,0,0.20558286
c08,316,0,0,0.32207763
c08,317,0,0,0.31616116
c08,318,0,0,0.31170136
c08,319,0,0,0.20580086
c08,320,0,0,0.24299519
c08,321,0,0,0.37329397
c08,322,0,0,0.32693702
c08,323,0,0,0.24467126
c08,324,0,0,0.115635514
c08,325,0,0,0.21718366
c08,326,0,0,0.38213307
c08,327,0,0,0.16582705
c08,328,0,0,0.17816833
c08,329,0,0,0.12414394
c08,330,0,0,0.21616206
c08,331,0,0,0.11191661
c08,332,0,0,0.22829096
c08,333,0,0,0.149348
c08,334,0,0,0.18751279
c08,335,0,0,0.13335334
c08,336,0,0,0.10372433
c08,337,0,1,0.59759945
c08,338,0,0,0.42446554
c08,339,0,0,0.2934144
c08,340,0,0,0.23778085
c08,341,0,0,0.30134645
c08,342,0,0,0.34705016
c08,343,0,0,0.42826936
c08,344,0,0,0.20255074
c08,345,0,0,0.16852559
c08,346,0,0,0.10926393
c08,347,0,0,0.1078966
c08,348,0,0,0.13971563
c08,349,0,0,0.06888303
c08,350,0,0,0.18913382
c08,351,0,0,0.047473278
c08,352,0,0,0.0655206
c08,353,0,0,0.08100468
c08,354,0,0,0.08333662
c08,355,0,0,0.13773471
c08,356,0,0,0.16973229
c08,357,0,0,0.08838126
c08,358,0,0,0.14949964
c08,359,0,0,0.10906386
c08,360,0,0,0.112362206
c08,361,0,0,0.13082424
c08,362,0,0,0.054247305
c08,363,0,0,0.067851305
c08,364,0,0,0.36864024
c08,365,0,0,0.09640476
c08,366,0,0,0.33097723
c08,367,0,0,0.1957975
c08,368,0,0,0.21830572
c08,369,0,0,0.32578117
c08,370,0,0,0.20346574
c08,371,0,0,0.16858062
c08,372,0,0,0.11155401
c08,373,0,0,0.051720895
c08,374,0,0,0.08430556
c08,375,0,0,0.2511623
c08,376,0,0,0.3660854
c08,377,0,0,0.024192257
c08,378,0,0,0.055673514
c08,379,0,0,0.40895405
c08,380,0,0,0.025919294
c08,381,0,0,0.14327766
c08,382,0,0,0.43949327
c08,383,0,0,0.09174911
c08,384,0,0,0.121521756
c08,385,0,0,0.4306427
c08,386,0,0,0.07061631
c08,387,0,0,0.2911312
c08,388,0,0,0.23041871
c08,389,0,0,0.083650395
c08,390,0,0,0.29625288
c08,391,0,0,0.34172678
c08,392,0,0,0.10214532
c08,393,0,0,0.025936617
c08,394,0,0,0.044771
c08,395,0,0,0.043551672
c08,396,0,0,0.048772912
c08,397,0,0,0.064634405
c08,398,0,0,0.051682077
c08,399,0,0,0.028959699
c08,400,0,0,0.030794779
c08,401,0,0,0.10626584
c08,402,0,0,0.06634236
c08,403,0,0,0.037015058
c08,404,0,0,0.040725622
c08,405,0,0,0.043371953
c08,406,0,0,0.02735528
c08,407,0,0,0.022262447
c08,408,0,0,0.37617502
c08,409,0,0,0.12700461
c08,410,0,0,0.15767935
c08,411,0,0,0.05878931
c08,412,0,0,0.050879143
c08,413,0,0,0.034569096
c08,414,0,0,0.0392662
c08,415,0,0,0.4484039
c08,416,0,0,0.1943185
c08,417,0,1,0.69032145
c08,418,0,1,0.7964298
c08,419,0,1,0.70019627
c08,420,0,0,0.45664614
c08,421,0,0,0.47841713
c08,422,0,0,0.49746436
c08,423,0,1,0.70485234
c08,424,0,1,0.6051503
c08,425,0,1,0.83186644
c08,426,0,1,0.61338794
c08,427,0,1,0.64122295
c08,428,0,1,0.6675959
c08,429,0,1,0.6819482
c08,430,0,1,0.6711295
c08,431,0,1,0.5281497
c08,432,0,1,0.5299867
c08,433,0,0,0.4655866
c08,434,0,1,0.50115013
c08,435,0,1,0.70124996
c08,436,0,1,0.57261
c08,437,0,1,0.5433262
c08,438,0,1,0.630802
c08,439,0,1,0.7527089
c08,440,0,0,0.14027222
c08,441,0,0,0.19078621
c08,442,0,0,0.17118637
c08,443,0,0,0.12645666
c08,444,0,0,0.09013424
c08,445,0,0,0.10714146
c08,446,0,0,0.15520944
c08,447,0,0,0.17119987
c08,448,0,0,0.14867118
c08,449,0,0,0.20698915
c08,450,0,0,0.18724567
c08,451,0,0,0.22041994
c08,452,0,0,0.1310221
c08,453,0,0,0.3299446
c08,454,0,0,0.26424944
c08,455,0,0,0.11328675
c08,456,0,0,0.4962891
c08,457,0,1,0.5662281
c08,458,0,1,0.67779666
c08,459,0,0,0.19986303
c08,460,0,0,0.26126698
c08,461,0,0,0.11818504
c08,462,0,0,0.35622606
c08,463,0,0,0.27277374
c08,464,0,0,0.4986735
c08,465,0,1,0.5049609
c08,466,0,0,0.08452582
c08,467,0,0,0.25038642
c08,468,0,1,0.6915517
c08,469,0,0,0.038147476
c08,470,0,0,0.21232927
c08,471,0,1,0.56860876
c08,472,0,1,0.6290372
c08,473,0,0,0.2613503
c08,474,0,0,0.27837312
c08,475,0,0,0.2552121
c08,476,0,0,0.39069742
c08,477,0,0,0.33965704
c08,478,0,0,0.29299718
c08,479,0,0,0.24101533
c08,480,0,0,0.15364736
c08,481,0,0,0.16374461
c08,482,0,1,0.5364716
c08,483,0,0,0.084316425
c08,484,0,0,0.09704108
c08,485,0,0,0.08954772
c08,486,0,0,0.17177863
c08,487,0,0,0.19394091
c08,488,0,0,0.14169414
c08,489,0,0,0.13086107
c08,490,0,0,0.21101505
c08,491,0,0,0.18869331
c08,492,0,0,0.36056122
c08,493,0,0,0.0033442895
c08,494,0,0,0.16180794
c08,495,0,0,0.41779274
c08,496,0,1,0.7481974
c08,497,0,1,0.73131585
c08,498,0,1,0.6148126
c08,499,0,1,0.7071625
c08,500,0,1,0.7287074
c08,501,0,1,0.7229991
c08,502,0,1,0.754182
c08,503,0,1,0.6508629
c08,504,0,1,0.8851646
c08,505,0,1,0.64947313
c08,506,0,1,0.74851465
c08,507,0,1,0.62762296
c08,508,0,0,0.42980036
c08,509,0,0,0.43584746
c08,510,0,0,0.27862412
c08,511,0,0,0.14176448
c08,512,0,0,0.20674367
c09,13,0,0,0.008698645
c09,14,0,0,0.007437646
c09,15,0,0,0.0061957026
c09,16,0,0,0.022970349
c09,17,0,0,0.06003788
c09,18,0,0,0.36742994
c09,19,0,1,0.7209927
c09,20,0,0,0.3939158
c09,21,0,1,0.7003181
c09,22,0,1,0.8139499
c09,23,0,0,0.47746894
c09,24,0,0,0.18568775
c09,25,0,0,0.08558577
c09,26,0,0,0.05564642
c09,27,0,0,0.17103757
c09,28,0,0,0.14397343
c09,29,0,0,0.04122984
c09,30,0,0,0.22584644
c09,31,0,0,0.06209668
c09,32,1,0,0.11223405
c09,33,0,0,0.19189346
c09,34,0,0,0.46907926
c09,35,1,0,0.17613123
c09,36,0,0,0.06053614
c09,37,0,0,0.06845541
c09,38,0,0,0.083015636
c09,39,0,0,0.13271335
c09,40,0,0,0.14079614
c09,41,0,0,0.087942645
c09,42,0,0,0.09802343
c09,43,0,0,0.06594831
c09,44,0,0,0.27826118
c09,45,0,0,0.13275689
c09,46,0,0,0.069501445
c09,47,0,0,0.07987753
c09,48,0,0,0.050755013
c09,49,0,0,0.084532246
c09,50,0,0,0.08899183
c09,51,0,0,0.06350533
c09,52,0,0,0.078764565
c09,53,0,0,0.07808953
c09,54,0,0,0.06467815
c09,55,0,0,0.04228879
c09,56,0,0,0.087432645
c09,57,0,0,0.033083644
c09,58,0,0,0.065377355
c09,59,0,0,0.047537867
c09,60,0,0,0.08815905
c09,61,0,0,0.047235366
c09,62,0,0,0.09094397
c09,63,0,0,0.04631892
c09,64,0,0,0.0414003
c09,65,0,0,0.054570746
c09,66,0,0,0.39988756
c09,67,0,0,0.11731384
c09,68,0,0,0.10741402
c09,69,0,0,0.09363802
c09,70,0,0,0.07914402
c09,71,0,0,0.14016838
c09,72,0,0,0.0987004
c09,73,0,0,0.07631214
c09,74,0,0,0.05759455
c09,75,0,0,0.082501374
c09,76,0,0,0.2716307
c09,77,0,0,0.0823333
c09,78,0,0,0.044370838
c09,79,0,0,0.05133212
c09,80,0,0,0.11337116
c09,81,0,0,0.07953971
c09,82,0,0,0.069064945
c09,83,0,0,0.08417491
c09,84,0,0,0.0923866
c09,85,0,0,0.07463087
c09,86,0,0,0.07608118
c09,87,0,0,0.089714356
c09,88,0,0,0.07514329
c09,89,0,0,0.08322021
c09,90,0,0,0.069222495
c09,91,0,0,0.080652654
c09,92,0,0,0.08994819
c09,93,0,0,0.065438084
c09,94,0,0,0.2445433
c09,95,0,0,0.04241911
c09,96,0,1,0.5329256
c09,97,0,1,0.5298456
c09,98,0,0,0.075423494
c09,99,0,0,0.14971295
c09,100,0,0,0.072584465
c09,101,0,0,0.1250339
c09,102,0,0,0.27564818
c09,103,0,0,0.06716468
c09,104,0,0,0.08067589
c09,105,0,0,0.12710977
c09,106,0,0,0.20062459
c09,107,0,0,0.08911817
c09,108,0,0,0.093061924
c09,109,0,0,0.08207927
c09,110,0,0,0.06909396
c09,111,0,0,0.09691579
c09,112,0,0,0.06916958
c09,113,0,0,0.09283554
c09,114,0,0,0.10856725
c09,115,0,0,0.15027787
c09,116,0,0,0.12977113
c09,117,0,0,0.11726442
c09,118,0,0,0.13517232
c09,119,0,0,0.14583538
c09,120,0,0,0.07452091
c09,121,0,0,0.17373866
c09,122,0,0,0.09678467
c09,123,0,0,0.20264484
c09,124,0,0,0.10621975
c09,125,0,0,0.1041679
c09,126,0,0,0.1362278
c09,127,0,0,0.17062846
c09,128,0,0,0.110266596
c09,129,0,0,0.08114132
c09,130,0,0,0.16468367
c09,131,0,0,0.11641512
c09,132,0,0,0.17614654
c09,133,0,0,0.13454732
c09,134,0,0,0.11246207
c09,135,0,1,0.7061685
c09,136,0,0,0.058700047
c09,137,0,1,0.81273496
c09,138,0,0,0.10808564
c09,139,0,0,0.10333216
c09,140,0,0,0.07660319
c09,141,0,0,0.1164188
c09,142,0,0,0.0641031
c09,143,0,0,0.07801928
c09,144,0,0,0.058028307
c09,145,0,0,0.07313483
c09,146,0,0,0.048515446
c09,147,0,0,0.051050015
c09,148,0,0,0.055174522
c09,149,0,0,0.042421192
c09,150,0,0,0.028848842
c09,151,0,0,0.049293663
c09,152,0,0,0.05387049
c09,153,0,0,0.036794715
c09,154,0,0,0.039844196
c09,155,0,0,0.035523612
c09,156,0,0,0.03407339
c09,157,0,0,0.08702527
c09,158,0,0,0.05160972
c09,159,0,0,0.05010215
c09,160,0,0,0.0854136
c09,161,0,0,0.071766056
c09,162,0,0,0.059795246
c09,163,0,0,0.044880413
c09,164,0,0,0.034402214
c09,165,0,0,0.04819059
c09,166,0,0,0.04699456
c09,167,0,0,0.03885546
c09,168,0,0,0.040725335
c09,169,0,0,0.07255762
c09,170,0,0,0.05749302
c09,171,0,0,0.10089199
c09,172,0,0,0.10348103
c09,173,0,0,0.3471044
c09,174,0,0,0.13851988
c09,175,0,0,0.08935433
c09,176,0,0,0.07595868
c09,177,0,0,0.06374816
c09,178,0,0,0.060707457
c09,179,0,0,0.09143394
c09,180,0,0,0.069165364
c09,181,0,0,0.063321546
c09,182,0,0,0.050891787
c09,183,0,0,0.05251763
c09,184,0,0,0.06837692
c09,185,0,0,0.11883106
c09,186,0,0,0.06666126
c09,187,0,0,0.099694915
c09,188,0,0,0.10222396
c09,189,0,0,0.066199124
c09,190,0,0,0.04578305
c09,191,0,0,0.09387766
c09,192,0,0,0.060163096
c09,193,0,0,0.07307643
c09,194,0,0,0.063407786
c09,195,0,0,0.20269884
c09,196,0,0,0.31071994
c09,197,0,0,0.39713752
c09,198,0,0,0.1811394
c09,199,0,0,0.08790214
c09,200,0,0,0.068049766
c09,201,0,0,0.11207994
c09,202,0,0,0.070530444
c09,203,0,0,0.1073716
c09,204,0,0,0.091821775
c09,205,0,0,0.0655318
c09,206,0,0,0.10954516
c09,207,0,1,0.5802085
c09,208,0,0,0.23301396
c09,209,0,0,0.34225765
c09,210,0,1,0.7783345
c09,211,0,0,0.17960344
c09,212,0,0,0.15152705
c09,213,0,0,0.1004559
c09,214,0,0,0.098277666
c09,215,0,1,0.6037078
c09,216,0,0,0.3458507
c09,217,0,0,0.080085956
c09,218,0,0,0.24678351
c09,219,0,0,0.07142639
c09,220,0,0,0.059109196
c09,221,0,0,0.07643912
c09,222,0,0,0.06746061
c09,223,0,0,0.04781618
c09,224,0,0,0.28405082
c09,225,0,0,0.24681579
c09,226,0,0,0.045399614
c09,227,0,0,0.060094874
c09,228,0,0,0.066519976
c09,229,0,0,0.08017128
c09,230,0,0,0.058219116
c09,231,0,0,0.061641548
c09,232,0,0,0.0432217
c09,233,0,0,0.04777323
c09,234,0,0,0.06197303
c09,235,0,0,0.052628487
c09,236,0,0,0.045422867
c09,237,0,0,0.04732546
c09,238,0,0,0.052878086
c09,239,0,0,0.038754437
c09,240,0,0,0.05444898
c09,241,0,0,0.055824094
c09,242,0,0,0.054691426
c09,243,0,0,0.05400201
c09,244,0,0,0.03590622
c09,245,0,0,0.045469273
c09,246,0,0,0.048261482
c09,247,0,0,0.057872407
c09,248,0,0,0.04455712
c09,249,0,0,0.053875618
c09,250,0,0,0.070332386
c09,251,0,0,0.06254515
c09,252,0,0,0.049244575
c09,253,0,0,0.057935577
c09,254,0,0,0.06375548
c09,255,0,0,0.04240699
c09,256,0,0,0.048847686
c09,257,0,0,0.04786254
c09,258,0,0,0.04709327
c09,259,0,0,0.07297275
c09,260,0,0,0.050589606
c09,261,0,0,0.046547197
c09,262,0,0,0.064104296
c09,263,0,0,0.05927338
c09,264,0,0,0.056472726
c09,265,0,0,0.069822825
c09,266,0,0,0.06474874
c09,267,0,0,0.28486916
c09,268,0,0,0.29811203
c09,269,0,0,0.15851262
c09,270,0,0,0.054454874
c09,271,0,0,0.059541788
c09,272,0,0,0.06571745
c09,273,0,0,0.06359529
c09,274,0,0,0.050800852
c09,275,0,0,0.060662504
c09,276,0,0,0.06355357
c09,277,0,0,0.05262517
c09,278,0,0,0.06898693
c09,279,0,0,0.095566325
c09,280,0,0,0.075175025
c09,281,0,0,0.06361681
c09,282,0,0,0.048427287
c09,283,0,0,0.045646522
c09,284,0,0,0.077949025
c09,285,0,0,0.039467216
c09,286,0,0,0.073752426
c09,287,0,0,0.07665612
c09,288,0,0,0.05835436
c09,289,0,0,0.072800934
c09,290,0,0,0.07212271
c09,291,0,0,0.08559721
c09,292,0,0,0.056843966
c09,293,0,0,0.07222261
c09,294,0,0,0.066918194
c09,295,0,0,0.075096115
c09,296,0,0,0.09189142
c09,297,0,0,0.086399496
c09,298,0,0,0.07191402
c09,299,0,0,0.06139631
c09,300,0,0,0.09385826
c09,301,0,0,0.06086557
c09,302,0,0,0.04496772
c09,303,0,0,0.061893594
c09,304,0,0,0.077051856
c09,305,0,0,0.06744729
c09,306,0,0,0.09381472
c09,307,0,0,0.09487565
c09,308,0,0,0.14930657
c09,309,0,0,0.062723875
c09,310,0,0,0.08246599
c09,311,0,0,0.065778136
c09,312,0,0,0.24341357
c09,313,0,0,0.075602666
c09,314,0,0,0.10214395
c09,315,0,0,0.37082428
c09,316,0,0,0.061849654
c09,317,0,0,0.10161178
c09,318,0,0,0.05913778
c09,319,0,0,0.056862958
c09,320,0,0,0.043659355
c09,321,0,0,0.11902981
c09,322,0,0,0.05356347
c09,323,0,0,0.05113981
c09,324,0,0,0.13283436
c09,325,0,0,0.042066634
c09,326,0,0,0.045400027
c09,327,0,0,0.05999096
c09,328,0,0,0.043304607
c09,329,0,0,0.05393433
c09,330,0,0,0.04066524
c09,331,0,0,0.06109036
c09,332,0,0,0.048795316
c09,333,0,0,0.054308865
c09,334,0,0,0.04520071
c09,335,0,0,0.047282953
c09,336,0,0,0.04637599
c09,337,0,0,0.057437945
c09,338,0,0,0.053838376
c09,339,0,0,0.049087126
c09,340,0,0,0.052832987
c09,341,0,0,0.050010577
c09,342,0,0,0.057946935
c09,343,0,0,0.0490331
c09,344,0,0,0.06991722
c09,345,0,0,0.04495559
c09,346,0,0,0.07180015
c09,347,0,0,0.052454848
c09,348,0,0,0.05757307
c09,349,0,0,0.060020205
c09,350,0,0,0.074237384
c09,351,0,0,0.06465367
c09,352,0,0,0.061271705
c09,353,0,0,0.047683544
c09,354,0,0,0.046792187
c09,355,0,0,0.043183185
c09,356,0,0,0.08428943
c09,357,0,0,0.044475526
c09,358,0,0,0.05082223
c09,359,0,0,0.07065666
c09,360,0,0,0.060565453
c09,361,0,0,0.08743495
c09,362,0,0,0.05145395
c09,363,0,0,0.058116704
c09,364,0,0,0.047458313
c09,365,0,0,0.05821449
c09,366,0,0,0.06242591
c09,367,0,0,0.06871649
c09,368,0,1,0.521758
c09,369,0,0,0.18973784
c09,370,0,1,0.6571016
c09,371,0,0,0.08804133
c09,372,0,0,0.046155624
c09,373,0,0,0.052713115
c09,374,0,0,0.05811477
c09,375,0,0,0.3384058
c09,376,0,1,0.6907594
c09,377,0,0,0.08288734
c09,378,0,0,0.040727347
c09,379,0,0,0.06074518
c09,380,0,0,0.030421639
c09,381,0,0,0.050213728
c09,382,0,0,0.037961997
c09,383,0,0,0.04402181
c09,384,0,0,0.050085198
c09,385,0,0,0.033699166
c09,386,0,0,0.0685669
c09,387,0,0,0.10213094
c09,388,0,0,0.10408546
c09,389,0,0,0.04485536
c09,390,0,0,0.12646939
c09,391,0,0,0.08451172
c09,392,0,0,0.05707423
c09,393,0,0,0.10795729
c09,394,0,0,0.07811143
c09,395,0,0,0.07069202
c09,396,0,0,0.099866696
c09,397,0,1,0.5451805
c09,398,0,0,0.106073834
c09,399,0,0,0.08476603
c09,400,0,0,0.09995746
c09,401,0,0,0.07332044
c09,402,0,0,0.041698407
c09,403,0,0,0.065679066
c09,404,0,0,0.09104861
c09,405,0,0,0.10508086
c09,406,0,0,0.11306587
c09,407,0,0,0.106340505
c09,408,0,0,0.06547154
c09,409,0,0,0.100639015
c09,410,0,0,0.069949225
c09,411,0,0,0.067170866
c09,412,0,0,0.0765925
c09,413,0,0,0.07040783
c09,414,0,0,0.12992845
c09,415,0,0,0.06638891
c09,416,0,0,0.059344944
c09,417,0,0,0.06593577
c09,418,0,0,0.10466999
c09,419,0,0,0.081103735
c09,420,0,0,0.058804892
c09,421,0,0,0.06763289
c09,422,0,0,0.05178122
c09,423,0,0,0.044075288
c09,424,0,0,0.04964056
c09,425,0,0,0.10248409
c09,426,0,0,0.07260931
c09,427,0,0,0.058980934
c09,428,0,0,0.06199797
c09,429,0,0,0.07310295
c09,430,0,0,0.050443683
c09,431,0,0,0.070625305
c09,432,0,0,0.06453703
c09,433,0,0,0.055700596
c09,434,0,0,0.082425915
c09,435,0,0,0.056363624
c09,436,0,0,0.06366772
c09,437,0,0,0.08898019
c09,438,0,0,0.08585671
c09,439,0,0,0.09172498
c09,440,0,0,0.23268534
c09,441,0,1,0.8221111
c09,442,0,0,0.05807005
c09,443,0,0,0.087235615
c09,444,0,0,0.064583234
c09,445,0,0,0.03894913
c09,446,0,0,0.076613925
c09,447,0,0,0.12552007
c09,448,0,0,0.24733019
c09,449,0,0,0.037681725
c09,450,0,0,0.08729674
c09,451,0,0,0.07351427
c09,452,0,0,0.3059506
c09,453,0,0,0.16424474
c09,454,0,0,0.027598498
c09,455,0,0,0.119288474
c09,456,0,0,0.4928393
c09,457,0,0,0.051588487
c09,458,0,0,0.058707397
c09,459,0,0,0.046877377
c09,460,0,0,0.3484602
c09,461,0,0,0.02981383
c09,462,0,0,0.028420446
c09,463,0,1,0.6648578
c09,464,0,0,0.116052605
c09,465,0,0,0.24426736
c09,466,0,1,0.5899871
c09,467,0,1,0.6861237
c10,5,0,0,0.4823897
c10,9,0,0,4.8275757e-07
c10,10,0,0,1.1815957e-06
c10,11,0,0,0.32368118
c10,12,0,0,0.383507
c10,13,0,0,0.25030264
c10,14,0,0,0.19048104
c10,15,0,1,0.6661029
c10,16,0,0,0.40116933
c10,17,0,0,0.20585564
c10,18,0,0,0.31246513
c10,19,0,0,0.14720532
c10,20,0,0,0.46555167
c10,21,0,0,0.32573518
c10,22,0,0,0.34511706
c10,23,0,0,0.24036093
c10,24,0,0,0.36310163
c10,25,0,0,0.36720788
c10,26,0,0,0.40681353
c10,27,0,0,0.41905877
c10,28,0,0,0.4343268
c10,29,0,1,0.57126504
c10,30,0,0,0.25439206
c10,31,0,0,0.18354055
c10,32,0,0,0.29748237
c10,33,0,1,0.5978227
c10,34,0,0,0.3743296
c10,35,0,1,0.7266753
c10,36,0,0,0.48761696
c10,37,0,0,0.1935398
c10,38,0,0,0.090827525
c10,39,0,0,0.48709127
c10,40,0,0,0.35972968
c10,41,0,0,0.2683132
c10,42,0,0,0.28313473
c10,43,0,0,0.26109424
c10,44,0,0,0.16883904
c10,45,0,0,0.29069728
c10,46,0,0,0.21927035
c10,47,0,0,0.19565965
c10,48,0,0,0.37513033
c10,49,0,0,0.16199085
c10,50,0,0,0.41463548
c10,51,0,0,0.41883683
c10,52,0,0,0.42623612
c10,53,0,0,0.2685767
c10,54,0,0,0.26067048
c10,55,0,0,0.2960626
c10,56,0,0,0.34210664
c10,57,0,0,0.3556612
c10,58,0,0,0.3764137
c10,59,0,0,0.4011544
c10,60,0,1,0.62986255
c10,61,0,1,0.70607305
c10,62,0,1,0.5064043
c10,63,0,1,0.66587096
c10,64,0,0,0.32623953
c10,65,0,0,0.33272305
c10,66,0,0,0.47867867
c10,67,0,0,0.40008932
c10,68,0,0,0.45700687
c10,69,0,1,0.5980919
c10,70,0,1,0.62091273
c10,71,0,1,0.74892175
c10,72,0,0,0.31838185
c10,73,0,0,0.3128296
c10,74,0,0,0.43274733
c10,75,0,0,0.3420306
c10,76,0,1,0.52090657
c10,77,0,0,0.45807362
c10,78,0,0,0.40609643
c10,79,0,1,0.5815064
c10,80,0,0,0.44642785
c10,81,0,0,0.33230564
c10,82,0,0,0.38590062
c10,83,0,1,0.6093386
c10,84,0,0,0.4635008
c10,85,0,1,0.73122066
c10,86,0,1,0.51707435
c10,87,0,0,0.33603925
c10,88,0,0,0.4628743
c10,89,0,0,0.3630145
c10,90,0,1,0.7796502
c10,91,0,0,0.29262054
c10,92,0,1,0.6026866
c10,93,0,0,0.2427645
c10,94,0,1,0.6951039
c10,95,0,0,0.1578675
c10,96,0,0,0.33346775
c10,97,0,0,0.2881679
c10,98,0,0,0.20370354
c10,99,0,0,0.12767044
c10,100,0,0,0.17463782
c10,101,0,0,0.35921478
c10,102,0,0,0.391409
c10,103,0,0,0.34013805
c10,104,0,0,0.17776826
c10,105,0,0,0.31639
c10,106,0,0,0.08738327
c10,107,0,0,0.2671002
c10,108,0,0,0.14702103
c10,109,0,1,0.51409703
c10,110,0,0,0.2589583
c10,111,0,0,0.054201774
c10,112,0,0,0.44181645
c10,113,0,0,0.36139932
c10,114,0,0,0.105874985
c10,115,0,1,0.5159925
c10,116,0,0,0.39215383
c10,117,0,0,0.43894276
c10,118,0,0,0.2144207
c10,119,0,0,0.1743464
c10,120,0,0,0.40137008
c10,121,0,0,0.39978734
c10,122,0,0,0.2565912
c10,123,0,0,0.109548226
c10,124,0,0,0.092506625
c10,125,0,1,0.70667785
c10,126,0,0,0.19495967
c10,127,0,0,0.30626515
c10,128,0,0,0.084571965
c10,129,0,0,0.23401183
c10,130,0,0,0.23224321
c10,131,0,0,0.29520595
c10,132,0,0,0.2385517
c10,133,0,0,0.2861353
c10,134,0,0,0.18530768
c10,135,0,0,0.22272535
c10,136,0,0,0.28038594
c10,137,0,0,0.15313128
c10,138,0,0,0.12474365
c10,139,0,0,0.25668213
c10,140,0,0,0.356363
c10,141,0,0,0.17164981
c10,142,0,0,0.18446812
c10,143,0,0,0.24703597
c10,144,0,0,0.17532705
c10,145,0,0,0.102551825
c10,146,0,0,0.12862442
c10,147,0,0,0.26627427
c10,148,0,0,0.09233314
c10,149,0,0,0.3045905
c10,150,0,0,0.24268311
c10,151,0,0,0.10740814
c10,152,0,0,0.107297085
c10,153,0,0,0.10520677
c10,154,0,0,0.23199254
c10,155,0,0,0.44548583
c10,156,0,0,0.11579451
c10,157,0,0,0.087319754
c10,158,0,0,0.114100024
c10,159,0,1,0.5394859
c10,160,0,0,0.4049302
c10,161,0,0,0.15523021
c10,162,0,0,0.34135938
c10,163,0,0,0.06770598
c10,164,0,0,0.1297395
c10,165,0,0,0.10707541
c10,166,0,0,0.1832535
c10,167,0,0,0.20190899
c10,168,0,0,0.3010265
c10,169,0,0,0.09568554
c10,170,0,0,0.28566194
c10,171,0,0,0.17468673
c10,172,0,0,0.047284264
c10,173,0,0,0.11663671
c10,174,0,0,0.21786767
c10,175,0,0,0.28459316
c10,176,0,0,0.15630028
c10,177,0,0,0.15693562
c10,178,0,0,0.08483564
c10,179,0,0,0.33443508
c10,180,0,0,0.3382649
c10,181,0,0,0.100991085
c10,182,0,0,0.49903187
c10,183,0,0,0.06404645
c10,184,0,0,0.21640244
c10,185,0,0,0.13947497
c10,186,0,0,0.12684827
c10,187,0,0,0.09762492
c10,188,0,0,0.110591285
c10,189,0,0,0.2179945
c10,190,0,0,0.1149384
c10,191,0,0,0.08563553
c10,192,0,0,0.062458474
c10,193,0,0,0.069861375
c10,194,0,0,0.4794407
c10,195,0,1,0.7424035
c10,196,0,0,0.45507842
c10,197,0,0,0.2739618
c10,198,0,0,0.469587
c10,199,0,0,0.07810494
c10,200,0,0,0.05867002
c10,201,0,0,0.23341385
c10,202,0,0,0.17226467
c10,203,0,0,0.21792255
c10,204,0,0,0.27815193
c10,205,0,0,0.11720333
c10,206,0,0,0.11195582
c10,207,0,0,0.29206932
c10,208,0,0,0.121353246
c10,209,0,0,0.15194921
c10,210,0,1,0.71638995
c10,211,0,1,0.5549403
c10,212,0,0,0.18396312
c10,213,0,0,0.12966725
c10,214,0,0,0.12451117
c10,215,0,0,0.2706652
c10,216,0,0,0.26436126
c10,217,0,0,0.18608141
c10,218,0,0,0.210909
c10,219,0,0,0.27982345
c10,220,0,0,0.14920747
c10,221,0,0,0.45763117
c10,222,0,0,0.15998997
c10,223,0,0,0.35631981
c10,224,0,0,0.29012948
c10,225,0,0,0.47000626
c10,226,0,0,0.108525634
c10,227,0,0,0.11704683
c10,228,0,0,0.2600002
c10,229,0,0,0.14858764
c10,230,0,0,0.28758788
c10,231,0,0,0.07512997
c10,232,0,0,0.023181118
c10,233,0,0,0.4794355
c10,234,0,0,0.33031362
c10,235,0,1,0.52060884
c10,236,0,1,0.6723029
c10,237,0,0,0.30450633
c10,238,0,1,0.8029373
c10,239,0,0,0.2959135
c10,240,0,1,0.5822206
c10,241,0,1,0.76992893
c10,242,0,1,0.7614442
c10,243,0,1,0.8854061
c10,244,0,1,0.58725923
c10,245,0,1,0.75176156
c10,246,0,1,0.5943002
c10,247,0,1,0.7588427
c10,248,0,0,0.279367
c10,249,0,1,0.6226891
c10,250,0,1,0.67735374
c10,251,0,0,0.37105983
c10,252,0,1,0.6343957
c10,253,0,0,0.4075528
c10,254,0,1,0.85343206
c10,255,0,1,0.7695688
c10,256,0,1,0.7986358
c10,257,1,0,0.4902849
c10,258,0,0,0.34567577
c10,259,0,0,0.3322191
c10,260,0,1,0.62298375
c10,261,0,1,0.75037414
c10,262,0,1,0.57871974
c10,263,0,1,0.9126729
c10,264,0,1,0.8737372
c10,265,0,1,0.8783927
c10,266,0,1,0.6418313
c10,267,0,1,0.6425302
c10,268,0,1,0.65507454
c10,269,0,1,0.892925
c10,270,0,1,0.9309029
c10,271,0,1,0.8090711
c10,272,0,1,0.8294007
c10,273,0,1,0.7986731
c10,274,0,1,0.84965295
c10,275,0,1,0.89159894
c10,276,0,1,0.8957677
c10,277,0,1,0.88016915
c10,278,0,1,0.8146741
c10,279,0,1,0.64405227
c10,280,0,1,0.72110134
c10,281,0,0,0.36110973
c10,282,0,0,0.4175318
c10,283,0,0,0.24046925
c10,284,0,0,0.32747823
c10,285,0,0,0.14888535
c10,286,0,0,0.1187298
c10,287,0,1,0.5477489
c10,288,0,1,0.5064148
c10,289,0,0,0.4348492
c10,290,0,0,0.23602186
c10,291,0,0,0.13985972
c10,292,0,0,0.260639
c10,293,0,0,0.13730629
c10,294,0,0,0.08153868
c10,295,0,0,0.14481632
c10,296,0,0,0.22661874
c10,297,0,0,0.20510249
c10,298,0,0,0.24360153
c10,299,0,0,0.22774388
c10,300,0,0,0.16315372
c10,301,0,0,0.45081526
c10,302,0,0,0.40083662
c10,303,0,0,0.39598358
c10,304,0,0,0.1681448
c10,305,0,0,0.43369624
c10,306,0,0,0.4733287
c10,307,0,1,0.58897555
c10,308,0,1,0.5033326
c10,309,0,1,0.50323296
c10,310,0,0,0.4791422
c10,311,0,0,0.2852122
c10,312,0,0,0.25410587
c10,313,0,1,0.6308912
c10,314,0,0,0.44703543
c10,315,0,1,0.528686
c10,316,0,0,0.24907441
c10,317,0,0,0.15312818
c10,318,0,0,0.11512667
c10,319,0,0,0.3045185
c10,320,0,0,0.05611983
c10,321,0,0,0.055044517
c10,322,0,1,0.64759326
c10,323,0,0,0.03635648
c10,324,0,0,0.11203739
c10,325,0,0,0.14191884
c10,326,0,0,0.20653684
c10,327,0,0,0.056535773
c10,328,0,0,0.13395405
c10,329,0,0,0.28457844
c10,330,0,0,0.16231456
c10,331,0,1,0.6597613
c10,332,0,0,0.2905152
c10,333,0,0,0.048055757
c10,334,0,0,0.045195527
c10,335,0,0,0.26635242
c10,336,0,0,0.2702395
c10,337,0,0,0.31371152
c10,338,0,0,0.06829779
c10,339,0,0,0.46943364
c10,340,0,1,0.68109024
c10,341,0,1,0.67067885
c10,342,0,0,0.25341034
c10,343,0,0,0.2817165
c10,344,0,0,0.08878344
c10,345,0,0,0.3754103
c10,346,0,1,0.62818056
c10,347,0,1,0.8392781
c10,348,0,1,0.8833369
c10,349,0,1,0.84742993
c10,350,0,1,0.8595804
c10,351,0,1,0.8839246
c10,352,0,1,0.9279835
c10,353,0,1,0.91911113
c10,354,0,1,0.84744054
c10,355,0,1,0.8650204
c10,356,0,1,0.7495111
c10,357,0,1,0.8244544
c10,358,0,1,0.8868727
c10,359,0,1,0.8429271
c10,360,0,1,0.6625304
c10,361,0,1,0.6984779
c10,362,0,1,0.93059534
c10,363,0,1,0.72608227
c10,364,0,1,0.5155477
c10,365,0,1,0.6221481
c10,366,0,1,0.89359653
c10,367,0,1,0.8515781
c10,368,0,1,0.79234785
c10,369,0,1,0.7525807
c10,370,0,1,0.6104542
c10,371,0,1,0.68417466
c10,372,0,1,0.78785145
c10,373,0,1,0.8794351
c10,374,0,1,0.8187674
c10,375,0,0,0.22062238
c10,376,0,0,0.29591852
c10,377,0,0,0.18370384
c10,378,0,0,0.18754016
c10,379,0,1,0.51662433
c10,380,0,1,0.64266586
c10,381,0,0,0.49775255
c10,382,0,0,0.1559823
c10,383,0,1,0.52312547
c10,384,0,0,0.33017656
c10,385,0,1,0.50243515
c10,386,0,0,0.35352802
c10,387,0,0,0.43317425
c10,388,0,0,0.4461793
c10,389,0,1,0.5105051
c10,390,0,0,0.38561484
c10,391,0,0,0.41767508
c10,392,0,0,0.45565486
c10,393,0,0,0.2798059
c10,394,0,1,0.5711378
c10,395,0,0,0.27162755
c10,396,0,0,0.4320935
c10,397,0,0,0.30248383
c10,398,0,1,0.698681
c10,399,0,0,0.344955
c10,400,0,0,0.3036918
c10,401,0,0,0.4161834
c10,402,0,0,0.29029027
c10,403,0,0,0.42439204
c10,404,0,0,0.27011597
c10,405,0,0,0.43177858
c10,406,0,0,0.24368836
c10,407,0,0,0.41757184
c10,408,0,0,0.49440098
c10,409,0,0,0.03497424
c10,410,0,0,0.27166197
c10,411,0,0,0.2608862
c10,412,0,0,0.2951982
c10,413,0,1,0.6643491
c10,414,0,0,0.23246497
c10,415,0,1,0.5750095
c10,416,0,0,0.21356802
c10,417,0,0,0.13236764
c10,418,0,0,0.26886925
c10,419,0,0,0.0981869
c10,420,0,0,0.038563672
c10,421,0,0,0.33660525
c10,422,0,0,0.15795863
c10,423,0,0,0.14569114
c10,424,0,0,0.15870078
c10,425,0,0,0.22723596
c10,426,0,1,0.68923426
c10,427,0,1,0.565058
c10,428,0,0,0.4560793
c10,429,0,1,0.56520283
c10,430,0,1,0.78036743
