record,minute,y_true,y_pred,y_prob
a01,1,0,0,0.2523287
a01,2,0,1,0.815684
a01,3,0,1,0.71147853
a01,4,0,0,0.2156208
a01,5,0,1,0.52574104
a01,6,0,0,0.3823442
a01,7,0,0,0.48547933
a01,8,0,1,0.63980556
a01,9,0,1,0.5734998
a01,10,0,0,0.47587585
a01,11,0,1,0.51445776
a01,12,0,1,0.5248695
a01,13,1,0,0.4567299
a01,14,1,1,0.77370054
a01,15,1,0,0.38576365
a01,16,1,1,0.58634907
a01,17,1,0,0.37301356
a01,18,1,1,0.6757121
a01,19,1,1,0.67185473
a01,20,1,1,0.678408
a01,21,1,1,0.7778162
a01,22,1,1,0.6614074
a01,23,1,1,0.73805535
a01,24,1,1,0.88865876
a01,25,1,1,0.8063825
a01,26,1,1,0.66821605
a01,27,1,1,0.6077181
a01,28,1,1,0.75352687
a01,29,1,1,0.80850655
a01,30,1,1,0.5367972
a01,31,1,1,0.5723174
a01,32,1,1,0.71434927
a01,33,1,1,0.7989165
a01,34,1,1,0.85452145
a01,35,1,1,0.8689362
a01,36,1,1,0.7103696
a01,37,1,1,0.8594331
a01,38,1,1,0.77591574
a01,39,1,1,0.8550858
a01,40,1,1,0.65266883
a01,41,1,1,0.9065818
a01,42,1,1,0.795914
a01,43,1,0,0.38046935
a01,44,1,1,0.8817389
a01,45,1,1,0.89858145
a01,46,1,1,0.8625096
a01,47,1,1,0.6043765
a01,48,1,1,0.76247936
a01,49,1,1,0.87827784
a01,50,1,1,0.6873837
a01,51,1,1,0.70947504
a01,52,1,1,0.85063195
a01,53,1,1,0.5953913
a01,54,1,1,0.59995013
a01,55,1,1,0.91019297
a01,56,1,1,0.84289634
a01,57,1,1,0.85877854
a01,58,1,1,0.59112096
a01,59,1,1,0.78942114
a01,60,1,1,0.85464305
a01,61,1,1,0.84499425
a01,62,1,1,0.7811968
a01,63,1,1,0.8544036
a01,64,1,1,0.73540735
a01,65,1,1,0.5863351
a01,66,1,1,0.70784247
a01,67,1,1,0.86225224
a01,68,1,1,0.67950404
a01,69,1,1,0.91963005
a01,70,1,1,0.7584274
a01,71,1,1,0.6353417
a01,72,1,1,0.5326869
a01,73,1,1,0.8059285
a01,74,1,1,0.88871145
a01,75,1,1,0.82152885
a01,76,1,1,0.85874224
a01,77,1,1,0.6066933
a01,78,1,1,0.8627427
a01,79,1,1,0.65434283
a01,80,1,1,0.7961057
a01,81,1,1,0.8160302
a01,82,1,1,0.87293494
a01,83,1,1,0.6853201
a01,84,1,1,0.8448655
a01,85,1,1,0.88470066
a01,86,1,1,0.6820356
a01,87,1,1,0.8575463
a01,88,1,1,0.87351996
a01,89,1,1,0.9357819
a01,90,1,1,0.75237286
a01,91,1,1,0.88561785
a01,92,1,0,0.43371427
a01,93,1,1,0.69878364
a01,94,1,1,0.72247946
a01,95,1,1,0.7638488
a01,96,1,1,0.58434343
a01,97,1,1,0.71159905
a01,98,1,1,0.83181953
a01,99,1,0,0.31711707
a01,100,1,1,0.6775841
a01,101,1,1,0.9247504
a01,102,1,1,0.8634311
a01,103,1,1,0.7488052
a01,104,1,1,0.76553285
a01,105,1,1,0.821614
a01,106,1,1,0.895946
a01,107,1,1,0.51767385
a01,108,1,1,0.90642697
a01,109,1,1,0.8548587
a01,110,1,1,0.8670058
a01,111,1,1,0.7624342
a01,112,1,1,0.90548825
a01,113,1,1,0.8692233
a01,114,1,1,0.7885165
a01,115,1,1,0.8298313
a01,116,1,1,0.87354237
a01,117,1,1,0.88298553
a01,118,1,1,0.8753664
a01,119,1,1,0.9043956
a01,120,1,1,0.8725545
a01,121,1,1,0.854089
a01,122,1,1,0.8644112
a01,123,1,1,0.87373817
a01,124,1,1,0.848577
a01,125,1,1,0.9075639
a01,126,1,1,0.8917091
a01,127,1,1,0.9339393
a01,128,1,1,0.8076006
a01,129,1,1,0.92989916
a01,130,1,1,0.79997003
a01,131,1,1,0.819539
a01,132,1,1,0.9213148
a01,133,1,1,0.7982856
a01,134,1,1,0.8871784
a01,135,1,1,0.90852493
a01,136,1,1,0.8815993
a01,137,1,1,0.8804014
a01,138,1,1,0.89868724
a01,139,1,1,0.7994681
a01,140,1,1,0.8972515
a01,141,1,1,0.8610724
a01,142,1,1,0.87966955
a01,143,1,1,0.8747288
a01,144,1,1,0.88268745
a01,145,1,1,0.90634125
a01,146,1,1,0.9205838
a01,147,1,1,0.70533407
a01,148,1,1,0.7472025
a01,149,1,1,0.6404608
a01,150,1,1,0.8741286
a01,151,1,1,0.8312547
a01,152,1,1,0.8810673
a01,153,1,1,0.7719969
a01,154,1,1,0.87347585
a01,155,1,1,0.8267565
a01,156,1,1,0.83967435
a01,157,1,1,0.7289301
a01,158,1,1,0.901726
a01,159,1,1,0.8091776
a01,160,1,1,0.8874808
a01,161,1,1,0.86243784
a01,162,1,1,0.7886427
a01,163,1,1,0.870866
a01,164,1,1,0.922065
a01,165,1,1,0.8731201
a01,166,1,1,0.92258817
a01,167,1,1,0.58586186
a01,168,1,1,0.80525553
a01,169,1,1,0.8877429
a01,170,1,1,0.8958849
a01,171,1,1,0.93349123
a01,172,1,1,0.9129129
a01,173,1,1,0.8852886
a01,174,1,1,0.86672884
a01,175,1,1,0.8543174
a01,176,1,1,0.8976582
a01,177,1,1,0.91256714
a01,178,1,1,0.8656919
a01,179,1,1,0.81846553
a01,180,1,1,0.9031011
a01,181,1,1,0.8695878
a01,182,1,1,0.861932
a01,183,1,1,0.88694286
a01,184,1,1,0.81386393
a01,185,1,1,0.89342314
a01,186,1,1,0.9353942
a01,187,1,1,0.76188326
a01,188,1,1,0.7204727
a01,189,1,1,0.87374896
a01,190,1,1,0.836637
a01,191,1,1,0.8326148
a01,192,1,1,0.9055834
a01,193,1,1,0.9252444
a01,194,1,1,0.93006855
a01,195,1,1,0.8894858
a01,196,1,1,0.8863004
a01,197,1,1,0.89318407
a01,198,1,1,0.8971753
a01,199,1,1,0.89732015
a01,200,1,1,0.8381142
a01,201,1,1,0.8264031
a01,202,1,1,0.89108306
a01,203,1,1,0.63370126
a01,204,1,1,0.8470096
a01,205,1,1,0.6700273
a01,206,1,1,0.9255568
a01,207,1,1,0.72041285
a01,208,1,1,0.65712005
a01,209,1,1,0.6018785
a01,210,1,1,0.66533643
a01,211,1,1,0.8786757
a01,212,1,1,0.85684234
a01,213,1,1,0.8408437
a01,214,1,1,0.9225175
a01,215,1,1,0.70234793
a01,216,1,1,0.7280692
a01,217,1,1,0.68049353
a01,218,1,1,0.8856648
a01,219,1,1,0.59103364
a01,220,1,1,0.71362424
a01,221,1,1,0.65601265
a01,222,1,1,0.82579017
a01,223,1,1,0.68501675
a01,224,1,1,0.6730778
a01,225,1,0,0.28606698
a01,226,1,0,0.43450934
a01,227,0,1,0.6219181
a01,228,0,1,0.72622716
a01,229,0,1,0.6060476
a01,230,0,1,0.6446168
a01,231,1,1,0.6269644
a01,232,1,1,0.7755289
a01,233,1,1,0.7601414
a01,234,1,1,0.7445694
a01,235,1,1,0.85489964
a01,236,1,1,0.83639693
a01,237,1,1,0.7656524
a01,238,1,0,0.4437443
a01,239,1,1,0.9313725
a01,240,1,1,0.9176054
a01,241,1,1,0.8418373
a01,242,1,1,0.84245944
a01,243,1,1,0.8491374
a01,244,1,1,0.870952
a01,245,1,1,0.86538255
a01,246,1,1,0.8828506
a01,247,1,1,0.7526565
a01,248,1,1,0.8993504
a01,249,1,1,0.814916
a01,250,1,1,0.8303017
a01,251,1,1,0.9109528
a01,252,1,1,0.7458543
a01,253,1,1,0.81903446
a01,254,1,1,0.8895307
a01,255,1,1,0.8991846
a01,256,1,1,0.86497295
a01,257,1,1,0.8803261
a01,258,1,1,0.8639334
a01,259,1,1,0.90694225
a01,260,1,1,0.7974851
a01,261,1,1,0.9224588
a01,262,1,1,0.85210764
a01,263,1,1,0.8904279
a01,264,1,1,0.65504855
a01,265,1,1,0.8699845
a01,266,1,1,0.9097232
a01,267,1,1,0.9135478
a01,268,1,1,0.88535625
a01,269,1,0,0.4802029
a01,270,1,1,0.70775306
a01,271,1,1,0.80153203
a01,272,1,1,0.8564387
a01,273,1,1,0.87282586
a01,274,1,1,0.918637
a01,275,1,1,0.82112694
a01,276,1,1,0.72014385
a01,277,1,1,0.88389283
a01,278,1,1,0.8224727
a01,279,1,1,0.90445894
a01,280,1,1,0.9018853
a01,281,1,1,0.8993183
a01,282,1,1,0.8177831
a01,283,1,1,0.7407157
a01,284,1,1,0.9058932
a01,285,1,1,0.8157225
a01,286,1,1,0.8838127
a01,287,1,1,0.89330447
a01,288,1,1,0.92249525
a01,289,1,1,0.8733172
a01,290,1,1,0.94075996
a01,291,1,1,0.7943659
a01,292,1,1,0.8652132
a01,293,1,1,0.8238683
a01,294,1,1,0.8599696
a01,295,1,1,0.87734705
a01,296,1,1,0.8880726
a01,297,1,1,0.9152084
a01,298,1,1,0.85260504
a01,299,1,1,0.8520132
a01,300,1,1,0.8648249
a01,301,1,1,0.803972
a01,302,1,1,0.68597406
a01,303,1,1,0.8040775
a01,304,1,1,0.830335
a01,305,1,1,0.80688787
a01,306,1,1,0.71679676
a01,307,1,1,0.9594681
a01,308,1,1,0.7027495
a01,309,1,1,0.7723889
a01,310,1,1,0.87896746
a01,311,1,1,0.699924
a01,312,1,1,0.8656087
a01,313,1,1,0.8034778
a01,314,1,1,0.7948337
a01,315,1,1,0.74595547
a01,316,1,1,0.7695365
a01,317,1,1,0.81125
a01,318,1,1,0.80731386
a01,319,1,1,0.6064102
a01,320,1,1,0.5203299
a01,321,1,1,0.70052576
a01,322,1,1,0.7557255
a01,323,1,1,0.776561
a01,324,1,1,0.7818577
a01,325,1,1,0.7698925
a01,326,1,1,0.7514764
a01,327,1,1,0.8681086
a01,328,1,1,0.8227496
a01,329,1,0,0.43270662
a01,330,1,1,0.7040494
a01,331,1,1,0.8163422
a01,332,1,1,0.76958865
a01,333,1,1,0.897637
a01,334,1,1,0.8674535
a01,335,1,1,0.7913869
a01,336,1,1,0.61987865
a01,337,1,1,0.59308386
a01,338,1,0,0.34254545
a01,339,1,1,0.7144039
a01,340,1,1,0.7856069
a01,341,1,1,0.7463407
a01,342,1,1,0.8262645
a01,343,1,1,0.9447857
a01,344,1,1,0.7359606
a01,345,1,1,0.86478794
a01,346,1,1,0.94478637
a01,347,1,1,0.68388855
a01,348,1,1,0.80101234
a01,349,1,1,0.67388034
a01,350,1,1,0.7642744
a01,351,1,1,0.8910352
a01,352,0,1,0.8292437
a01,353,0,1,0.5205061
a01,354,1,1,0.54555136
a01,355,1,1,0.64001113
a01,356,1,1,0.8245187
a01,357,1,1,0.7448037
a01,358,1,1,0.5682971
a01,359,1,0,0.3713049
a01,360,1,1,0.8703534
a01,361,1,1,0.86203337
a01,362,1,1,0.87995726
a01,363,1,1,0.75923085
a01,364,1,1,0.943398
a01,365,1,1,0.8721913
a01,366,1,1,0.9371154
a01,367,1,1,0.5924809
a01,368,1,1,0.8017989
a01,369,1,1,0.83507067
a01,370,1,1,0.78925693
a01,371,1,1,0.821246
a01,372,1,1,0.832216
a01,373,1,1,0.93146014
a01,374,1,1,0.83752346
a01,375,1,1,0.7514394
a01,376,1,1,0.8655703
a01,377,1,1,0.902074
a01,378,1,1,0.7510049
a01,379,1,1,0.91357356
a01,380,1,1,0.80321616
a01,381,1,1,0.9006695
a01,382,1,1,0.8205826
a01,383,1,1,0.8342033
a01,384,1,1,0.8772796
a01,385,1,1,0.7951284
a01,386,1,1,0.88952833
a01,387,1,1,0.86146086
a01,388,1,1,0.88708645
a01,389,1,1,0.7817738
a01,390,1,1,0.91369426
a01,391,1,1,0.7238158
a01,392,1,1,0.8323485
a01,393,1,1,0.9029858
a01,394,1,1,0.9617434
a01,395,1,1,0.8667169
a01,396,1,1,0.7848366
a01,397,1,1,0.88532495
a01,398,1,1,0.9322163
a01,399,1,1,0.9017776
a01,400,1,1,0.905394
a01,401,1,1,0.6945753
a01,402,1,1,0.9019781
a01,403,1,1,0.8782348
a01,404,1,1,0.82663596
a01,405,1,1,0.8157396
a01,406,1,1,0.90654075
a01,407,1,1,0.762715
a01,408,1,1,0.84925425
a01,409,1,1,0.80236983
a01,410,1,1,0.8539034
a01,411,1,1,0.911695
a01,412,1,1,0.77108645
a01,413,1,1,0.7262829
a01,414,1,1,0.8082017
a01,415,1,1,0.6023155
a01,416,1,1,0.776007
a01,417,1,1,0.8286931
a01,418,1,1,0.7871387
a01,419,1,1,0.75539064
a01,420,1,1,0.9430276
a01,421,1,1,0.7287797
a01,422,1,1,0.9043873
a01,423,1,1,0.6535971
a01,424,1,1,0.83088523
a01,425,1,1,0.83544433
a01,426,1,0,0.46971068
a01,427,1,1,0.8995754
a01,428,1,1,0.9444332
a01,429,1,1,0.82519037
a01,430,1,1,0.88046217
a01,431,1,1,0.92436403
a01,432,1,1,0.85744
a01,433,1,1,0.8805835
a01,434,1,1,0.8518185
a01,435,1,1,0.8584344
a01,436,1,1,0.8090777
a01,437,1,1,0.8619435
a01,438,1,1,0.88976836
a01,439,1,1,0.83378977
a01,440,1,1,0.6924476
a01,441,1,1,0.7447069
a01,442,1,1,0.84583914
a01,443,1,1,0.87764657
a01,444,1,1,0.7781119
a01,445,1,1,0.89138526
a01,446,1,1,0.8660423
a01,447,1,1,0.76814526
a01,448,1,1,0.8782667
a01,449,1,1,0.9036342
a01,450,1,1,0.70618373
a01,451,1,1,0.5676211
a01,452,1,1,0.8213206
a01,453,1,0,0.38216975
a01,454,1,1,0.8009146
a01,455,1,1,0.83329445
a01,456,1,1,0.8577839
a01,457,1,0,0.47730133
a01,458,1,1,0.7680048
a01,459,1,1,0.8994046
a01,460,1,1,0.8386285
a01,461,1,1,0.8583182
a01,462,1,1,0.79465187
a01,463,1,1,0.85245454
a01,464,1,1,0.87193483
a01,465,1,1,0.7061663
a01,466,1,1,0.85692585
a01,467,1,1,0.68095964
a01,468,1,1,0.7171119
a01,469,1,1,0.69154745
a01,470,1,1,0.8846128
a01,471,1,1,0.72244656
a01,472,1,1,0.8720688
a01,473,1,1,0.6744825
a01,474,1,1,0.9203443
a01,475,1,1,0.78684884
a01,476,1,1,0.95249695
a01,477,1,1,0.8985081
a01,478,1,1,0.8361085
a01,479,1,0,0.49882895
a01,480,1,1,0.86966866
a01,481,1,1,0.7623085
a01,482,1,1,0.8577334
a01,483,1,1,0.8180533
a01,484,1,1,0.8817687
a01,485,1,0,0.34573475
a01,486,1,1,0.63290447
a01,487,1,1,0.88114095
a01,488,1,1,0.64376634
a02,1,0,0,0.007114911
a02,2,0,0,0.0047475696
a02,3,0,0,0.0058498387
a02,4,0,0,0.005968012
a02,5,0,0,0.021143066
a02,6,0,0,0.16236153
a02,7,0,0,0.006818528
a02,8,0,0,0.03576608
a02,9,0,0,0.006493325
a02,10,0,0,0.0044612056
a02,11,0,0,0.09327757
a02,12,0,0,0.005831343
a02,13,0,0,0.0045066555
a02,14,0,0,0.00926737
a02,15,0,0,0.047182765
a02,16,0,0,0.010561102
a02,17,0,0,0.004684525
a02,18,0,0,0.0044727814
a02,19,0,0,0.0045564556
a02,20,0,0,0.023256285
a02,21,1,0,0.016288873
a02,22,1,0,0.02663517
a02,23,1,0,0.040744074
a02,24,1,0,0.009029013
a02,25,1,0,0.021221505
a02,26,1,0,0.014980732
a02,27,1,0,0.011036479
a02,28,1,0,0.010975642
a02,29,1,0,0.10188363
a02,30,1,0,0.034900878
a02,31,1,0,0.043997284
a02,32,1,0,0.0121857505
a02,33,1,0,0.032215986
a02,34,1,0,0.088448286
a02,35,1,0,0.016675577
a02,36,1,0,0.1154634
a02,37,1,0,0.02229508
a02,38,1,0,0.027809735
a02,39,1,0,0.027249023
a02,40,1,0,0.05897516
a02,41,1,0,0.10277427
a02,42,1,0,0.08597913
a02,43,1,0,0.1663882
a02,44,1,0,0.03352043
a02,45,1,0,0.09777766
a02,46,1,0,0.20958875
a02,47,1,0,0.03389554
a02,48,1,0,0.19297723
a02,49,1,0,0.035933692
a02,50,1,0,0.07994836
a02,51,1,0,0.08143151
a02,52,1,0,0.024419857
a02,53,1,0,0.016656633
a02,54,1,0,0.11846614
a02,55,1,0,0.08792855
a02,56,1,0,0.058456574
a02,57,1,0,0.11565899
a02,58,1,0,0.048698705
a02,59,1,0,0.013927064
a02,60,1,0,0.025492284
a02,61,1,0,0.09592527
a02,62,1,0,0.07253838
a02,63,1,0,0.10444683
a02,64,1,0,0.0354098
a02,65,1,0,0.095296025
a02,66,1,0,0.040563066
a02,67,1,0,0.043760486
a02,68,1,0,0.05252815
a02,69,1,0,0.019686699
a02,70,1,0,0.16609891
a02,71,1,0,0.11375961
a02,72,1,0,0.03866942
a02,73,1,0,0.019624798
a02,74,1,0,0.009746781
a02,75,1,0,0.03696953
a02,76,1,0,0.019416008
a02,77,1,0,0.0075704316
a02,78,1,0,0.012113212
a02,79,1,0,0.038442716
a02,80,1,0,0.06508473
a02,81,1,0,0.013948973
a02,82,1,0,0.055316433
a02,83,1,0,0.047935426
a02,84,1,0,0.036203448
a02,85,1,0,0.017467182
a02,86,1,0,0.10799165
a02,87,1,0,0.013933235
a02,88,1,0,0.03690722
a02,89,1,0,0.032716144
a02,90,1,0,0.07777163
a02,91,1,0,0.012848945
a02,92,1,0,0.009456841
a02,93,1,0,0.03040311
a02,94,1,0,0.008100259
a02,95,1,0,0.077711314
a02,96,1,0,0.008771121
a02,97,1,0,0.012342917
a02,98,1,0,0.024525294
a02,99,1,0,0.03199496
a02,100,1,0,0.017204987
a02,101,1,0,0.008685908
a02,102,1,0,0.012022124
a02,103,1,0,0.014986038
a02,104,1,0,0.22527957
a02,105,1,0,0.010877315
a02,106,1,0,0.015398735
a02,107,1,0,0.010959443
a02,108,1,0,0.03366317
a02,109,1,0,0.026705986
a02,110,1,0,0.05310747
a02,111,1,0,0.055621367
a02,112,1,0,0.08349425
a02,113,1,0,0.014657049
a02,114,1,0,0.112135775
a02,115,1,0,0.19629449
a02,116,1,0,0.2298411
a02,117,1,0,0.4383793
a02,118,1,0,0.024505373
a02,119,1,0,0.060603365
a02,120,1,0,0.01883394
a02,121,1,0,0.010579604
a02,122,1,0,0.025601154
a02,123,1,0,0.014015541
a02,124,1,0,0.009191132
a02,125,1,0,0.0085899355
a02,126,1,0,0.007017967
a02,127,1,0,0.015036088
a02,128,1,0,0.030127661
a02,129,1,0,0.0049690683
a02,130,0,0,0.011981526
a02,131,0,0,0.043739572
a02,132,0,0,0.007678352
a02,133,0,0,0.0043408712
a02,134,0,0,0.0039623436
a02,135,0,0,0.0039632283
a02,136,0,0,0.0036462883
a02,137,0,0,0.0038659316
a02,138,0,0,0.0035379683
a02,139,0,0,0.0054405187
a02,140,0,0,0.0041611213
a02,141,0,0,0.004749034
a02,142,0,0,0.004357067
a02,143,0,0,0.0037806416
a02,144,0,0,0.0039477497
a02,145,0,0,0.004003247
a02,146,0,0,0.0047522807
a02,147,0,0,0.0042094495
a02,148,0,0,0.0050832094
a02,149,0,0,0.005227391
a02,150,0,0,0.004944801
a02,151,0,0,0.0052271527
a02,152,0,0,0.0036399018
a02,153,0,0,0.0038872156
a02,154,0,0,0.0038264715
a02,155,0,0,0.0040776734
a02,156,0,0,0.008909198
a02,157,0,0,0.0041880608
a02,158,0,0,0.0044644447
a02,159,0,0,0.005137841
a02,160,0,0,0.0040592393
a02,161,0,0,0.004285228
a02,162,0,0,0.004395958
a02,163,0,0,0.0044152313
a02,164,0,0,0.003937389
a02,165,0,0,0.0042564217
a02,166,0,0,0.004531582
a02,167,0,0,0.0053062118
a02,168,0,0,0.0041558393
a02,169,0,0,0.0040943897
a02,170,0,0,0.0038921377
a02,171,0,0,0.0041369176
a02,172,0,0,0.004413215
a02,173,0,0,0.0044625634
a02,174,0,0,0.0050765867
a02,175,0,0,0.0096938
a02,176,1,0,0.007805383
a02,177,1,0,0.004404968
a02,178,1,0,0.010064191
a02,179,1,0,0.0038112141
a02,180,1,0,0.010632087
a02,181,1,0,0.044354632
a02,182,1,0,0.0071231956
a02,183,1,0,0.0042126826
a02,184,1,0,0.009054956
a02,185,1,0,0.011821596
a02,186,1,0,0.004925714
a02,187,1,0,0.013393309
a02,188,1,0,0.029087154
a02,189,1,0,0.005300316
a02,190,1,0,0.0055383127
a02,191,1,0,0.015455692
a02,192,1,0,0.0062299212
a02,193,1,0,0.007693251
a02,194,1,0,0.0060361363
a02,195,1,0,0.006696561
a02,196,1,0,0.008783234
a02,197,1,0,0.0062063993
a02,198,1,0,0.0038620222
a02,199,1,0,0.0051407986
a02,200,1,0,0.0052588815
a02,201,0,0,0.007702992
a02,202,0,0,0.09585451
a02,203,0,0,0.0048021697
a02,204,0,0,0.0037653137
a02,205,0,0,0.005956663
a02,206,0,0,0.011095115
a02,207,1,0,0.016522039
a02,208,1,0,0.016282136
a02,209,1,0,0.010210385
a02,210,1,0,0.12462262
a02,211,1,0,0.0051405793
a02,212,1,0,0.0053550326
a02,213,1,0,0.0041680923
a02,214,1,0,0.021453362
a02,215,1,0,0.010077835
a02,216,1,0,0.01335765
a02,217,1,0,0.047361437
a02,218,1,0,0.0071757813
a02,219,1,0,0.0051085353
a02,220,1,0,0.037226968
a02,221,1,0,0.012224001
a02,222,1,0,0.0072845896
a02,223,1,0,0.16954173
a02,224,1,0,0.014741179
a02,225,1,0,0.0054799295
a02,226,1,0,0.025730575
a02,227,1,0,0.0070723393
a02,228,1,0,0.011473685
a02,229,1,0,0.015772328
a02,230,1,0,0.035533953
a02,231,1,0,0.045242734
a02,232,1,0,0.010679501
a02,233,1,0,0.009212229
a02,234,1,0,0.047928676
a02,235,1,0,0.011300465
a02,236,1,0,0.023754958
a02,237,1,0,0.043703236
a02,238,1,0,0.009681146
a02,239,1,0,0.018596591
a02,240,1,0,0.009951892
a02,241,1,0,0.03267503
a02,242,1,0,0.025647473
a02,243,1,0,0.010100609
a02,244,1,0,0.03898766
a02,245,1,0,0.009032563
a02,246,1,0,0.37556985
a02,247,1,0,0.03402979
a02,248,1,0,0.015660986
a02,249,1,0,0.05650071
a02,250,1,0,0.011302291
a02,251,1,0,0.014309442
a02,252,1,0,0.017746039
a02,253,1,0,0.007796219
a02,254,1,0,0.034823943
a02,255,1,0,0.0053315777
a02,256,1,0,0.011623288
a02,257,1,0,0.01776543
a02,258,1,0,0.016946103
a02,259,1,0,0.056012794
a02,260,1,0,0.08487604
a02,261,1,0,0.013489441
a02,262,1,0,0.065132976
a02,263,1,0,0.008673189
a02,264,1,0,0.018044129
a02,265,1,0,0.014429023
a02,266,0,0,0.011303976
a02,267,0,0,0.0067153196
a02,268,0,0,0.010512714
a02,269,0,0,0.012624748
a02,270,1,0,0.024613032
a02,271,1,0,0.010420988
a02,272,1,0,0.01108885
a02,273,1,0,0.015081232
a02,274,1,0,0.00855112
a02,275,1,0,0.03658263
a02,276,1,0,0.030470848
a02,277,1,0,0.036056735
a02,278,1,0,0.0487474
a02,279,1,0,0.0155037865
a02,280,1,0,0.018655825
a02,281,1,0,0.018734347
a02,282,0,0,0.015239144
a02,283,0,0,0.008881285
a02,284,0,0,0.038078334
a02,285,0,0,0.019236967
a02,286,0,0,0.009044894
a02,287,0,0,0.014728808
a02,288,1,0,0.033508446
a02,289,1,0,0.0088681355
a02,290,1,0,0.008603765
a02,291,1,0,0.10697863
a02,292,1,0,0.025708828
a02,293,1,0,0.015401309
a02,294,1,0,0.016468963
a02,295,0,0,0.0055178525
a02,296,0,0,0.052017465
a02,297,1,0,0.1687434
a02,298,1,0,0.017213326
a02,299,1,0,0.0269054
a02,300,1,0,0.021948561
a02,301,1,0,0.04722144
a02,302,1,0,0.017324148
a02,303,1,0,0.025725255
a02,304,1,0,0.024246478
a02,305,1,0,0.19494224
a02,306,1,0,0.016634999
a02,307,1,0,0.043225527
a02,308,0,0,0.009762759
a02,309,0,0,0.0077987723
a02,310,0,0,0.03801125
a02,311,0,0,0.0077833454
a02,312,1,0,0.0075195716
a02,313,1,0,0.060798068
a02,314,1,0,0.028650109
a02,315,1,0,0.07004446
a02,316,1,0,0.035354443
a02,317,1,0,0.03834247
a02,318,1,0,0.020437362
a02,319,1,0,0.0076114754
a02,320,1,0,0.008468763
a02,321,1,0,0.013362376
a02,322,1,0,0.043997277
a02,323,1,0,0.0093322005
a02,324,1,0,0.014838206
a02,325,1,0,0.035799332
a02,326,0,0,0.017599236
a02,327,0,0,0.0066582533
a02,328,0,0,0.053121887
a02,329,1,0,0.08434097
a02,330,1,0,0.01788605
a02,331,1,0,0.012076907
a02,332,1,0,0.016891364
a02,333,1,0,0.11783143
a02,334,1,0,0.1256478
a02,335,1,0,0.029082993
a02,336,1,0,0.009439
a02,337,1,0,0.06622958
a02,338,1,0,0.06645269
a02,339,1,0,0.13275418
a02,340,1,0,0.024589917
a02,341,1,0,0.19226883
a02,342,1,0,0.016720172
a02,343,1,0,0.003929201
a02,344,1,0,0.029961217
a02,345,1,0,0.007041739
a02,346,1,0,0.049925573
a02,347,1,0,0.38142678
a02,348,1,0,0.033820484
a02,349,1,0,0.056105044
a02,350,1,0,0.02063311
a02,351,1,0,0.069360234
a02,352,1,0,0.018635236
a02,353,1,0,0.03412607
a02,354,1,0,0.0068342914
a02,355,1,0,0.0114920605
a02,356,1,0,0.09739032
a02,357,1,0,0.043857865
a02,358,1,0,0.019461296
a02,359,1,0,0.27906486
a02,360,1,0,0.045217916
a02,361,1,0,0.07966991
a02,362,1,0,0.00896277
a02,363,1,0,0.035708964
a02,364,1,0,0.039024647
a02,365,1,0,0.02353473
a02,366,1,0,0.015979143
a02,367,1,0,0.25199494
a02,368,1,0,0.15519346
a02,369,1,0,0.094096154
a02,370,1,0,0.0133804735
a02,371,1,0,0.17747329
a02,372,1,0,0.067990154
a02,373,1,0,0.029602507
a02,374,1,0,0.06039639
a02,375,1,0,0.12758356
a02,376,1,0,0.0062199365
a02,377,1,0,0.020061117
a02,378,1,0,0.02931267
a02,379,1,0,0.015345874
a02,380,1,0,0.03937986
a02,381,1,0,0.023144621
a02,382,1,0,0.040329326
a02,383,1,0,0.047820866
a02,384,1,1,0.55359924
a02,385,1,0,0.027021598
a02,386,1,0,0.006129706
a02,387,1,0,0.01912443
a02,388,1,0,0.005536569
a02,389,0,0,0.027933953
a02,390,0,0,0.03825842
a02,391,0,0,0.040240925
a02,392,1,0,0.018346677
a02,393,1,0,0.041250955
a02,394,1,0,0.02993537
a02,395,1,0,0.013262638
a02,396,1,0,0.03932822
a02,397,1,0,0.12242554
a02,398,1,0,0.021016046
a02,399,1,0,0.059267648
a02,400,1,0,0.45073077
a02,401,1,0,0.036295943
a02,402,1,0,0.006160371
a02,403,1,0,0.010710979
a02,404,1,0,0.008754462
a02,405,1,0,0.008647967
a02,406,1,0,0.029157065
a02,407,1,0,0.009032785
a02,408,1,0,0.01193873
a02,409,1,0,0.018547632
a02,410,1,0,0.06532129
a02,411,1,0,0.020034064
a02,412,1,0,0.058212873
a02,413,1,0,0.019771773
a02,414,1,0,0.014443168
a02,415,1,0,0.014649227
a02,416,1,0,0.008537915
a02,417,1,0,0.20587231
a02,418,1,0,0.076999694
a02,419,1,0,0.05367919
a02,420,1,0,0.0842731
a02,421,1,0,0.2541275
a02,422,1,0,0.08360488
a02,423,1,0,0.07427595
a02,424,1,0,0.019691063
a02,425,1,0,0.035154123
a02,426,1,0,0.13059092
a02,427,1,0,0.055616356
a02,428,1,0,0.11881461
a02,429,1,0,0.07464871
a02,430,1,0,0.06652744
a02,431,1,0,0.05990469
a02,432,0,0,0.008988193
a02,433,0,0,0.008997802
a02,434,0,0,0.039586104
a02,435,0,0,0.063377
a02,436,1,0,0.014526983
a02,437,1,0,0.022275113
a02,438,1,0,0.18614292
a02,439,1,0,0.011951404
a02,440,1,0,0.12759641
a02,441,1,0,0.027151523
a02,442,1,0,0.011970344
a02,443,1,0,0.074997745
a02,444,1,0,0.016026191
a02,445,1,0,0.09070417
a02,446,1,0,0.013660883
a02,447,1,0,0.06038784
a02,448,1,0,0.021454131
a02,449,1,0,0.011350102
a02,450,1,0,0.11860099
a02,451,1,0,0.012489953
a02,452,1,0,0.032148253
a02,453,1,0,0.010656356
a02,454,1,0,0.017887073
a02,455,1,0,0.047622137
a02,456,1,0,0.011793492
a02,457,1,0,0.025469929
a02,458,1,0,0.030793289
a02,459,1,0,0.12238645
a02,460,1,0,0.06567544
a02,461,1,0,0.032701764
a02,462,1,0,0.035027903
a02,463,1,0,0.07363119
a02,464,1,0,0.10151551
a02,465,1,0,0.041617338
a02,466,1,0,0.045497406
a02,467,1,0,0.09032651
a02,468,1,0,0.398748
a02,469,1,0,0.18218079
a02,470,1,0,0.117647946
a02,471,1,0,0.013522069
a02,472,1,0,0.04791285
a02,473,1,0,0.075624816
a02,474,1,0,0.041829575
a02,475,1,0,0.077112064
a02,476,1,0,0.035676844
a02,477,1,0,0.059071615
a02,478,1,0,0.0960353
a02,479,1,0,0.010945662
a02,480,1,0,0.15056606
a02,481,1,0,0.016770363
a02,482,1,0,0.09172945
a02,483,1,0,0.093900904
a02,484,1,0,0.0069569396
a02,485,1,0,0.0101672
a02,486,1,0,0.07936954
a02,487,1,0,0.027017184
a02,488,1,0,0.07421537
a02,489,1,0,0.095133685
a02,490,1,0,0.014294881
a02,491,1,0,0.009901981
a02,492,1,0,0.02069649
a02,493,1,0,0.029159956
a02,494,1,0,0.042824082
a02,495,1,0,0.1026424
a02,496,1,0,0.11734588
a02,497,1,0,0.16321382
a02,498,1,0,0.023717683
a02,499,1,0,0.13608478
a02,500,0,0,0.0061730426
a02,501,0,0,0.01856831
a02,502,0,0,0.014039937
a02,503,0,0,0.007762041
a02,504,0,0,0.012656325
a02,505,0,0,0.005759763
a02,506,0,0,0.077935606
a02,507,0,0,0.014610397
a02,508,0,0,0.012712338
a02,509,1,0,0.1388188
a02,510,1,0,0.035708692
a02,511,1,0,0.02322658
a02,512,1,0,0.023363067
a02,513,1,0,0.07039026
a02,514,1,0,0.033037342
a02,515,1,0,0.03306012
a02,516,1,0,0.02444737
a02,517,1,0,0.022304822
a02,518,1,0,0.023888575
a02,519,1,0,0.020800697
a02,520,1,0,0.011320306
a02,521,1,0,0.012312361
a02,522,1,0,0.013728251
a02,523,1,0,0.0066282903
a02,524,1,0,0.4294346
a02,525,1,0,0.05329402
a02,526,1,0,0.1416383
a02,527,1,0,0.03099533
a03,1,0,0,0.249023
a03,2,0,0,0.10306099
a03,3,0,0,0.4614901
a03,4,0,1,0.6606187
a03,5,0,0,0.1046428
a03,6,0,0,0.49271187
a03,7,0,1,0.77889794
a03,8,0,0,0.4665421
a03,9,0,0,0.48240605
a03,10,0,1,0.5532508
a03,11,0,1,0.6705101
a03,12,0,1,0.8267851
a03,13,1,1,0.88612014
a03,14,1,1,0.85274553
a03,15,1,1,0.90504384
a03,16,1,1,0.86501807
a03,17,1,1,0.5948466
a03,18,1,1,0.77299845
a03,19,1,1,0.7869881
a03,20,1,1,0.64481777
a03,21,1,1,0.76345426
a03,22,1,1,0.7467737
a03,23,1,1,0.7896969
a03,24,1,1,0.9034428
a03,25,1,1,0.7231009
a03,26,1,0,0.3732669
a03,27,1,1,0.81482464
a03,28,1,1,0.82835495
a03,29,1,1,0.84529597
a03,30,1,0,0.2952729
a03,31,1,1,0.84157896
a03,32,1,1,0.5822318
a03,33,1,1,0.90224284
a03,34,1,1,0.71944314
a03,35,1,1,0.5189994
a03,36,1,1,0.8240716
a03,37,1,0,0.37338054
a03,38,1,1,0.9005385
a03,39,1,1,0.8939141
a03,40,1,0,0.16441333
a03,41,1,1,0.6827944
a03,42,1,1,0.85081804
a03,43,1,1,0.9309745
a03,44,1,1,0.9338667
a03,45,1,0,0.3242915
a03,46,1,1,0.72911817
a03,47,1,1,0.59238607
a03,48,1,1,0.91930634
a03,49,1,1,0.7933201
a03,50,1,1,0.90246665
a03,51,1,1,0.68025446
a03,52,1,1,0.61303955
a03,53,1,1,0.92611355
a03,54,1,1,0.9000635
a03,55,1,1,0.8170027
a03,56,1,0,0.2528711
a03,57,1,1,0.68403083
a03,58,1,1,0.90785253
a03,59,1,1,0.7361804
a03,60,0,0,0.1253605
a03,61,0,0,0.20841672
a03,62,0,0,0.3165823
a03,63,0,1,0.59063506
a03,64,0,0,0.080355674
a03,65,0,0,0.14044309
a03,66,0,0,0.057898916
a03,67,0,0,0.37634784
a03,68,0,0,0.064853735
a03,69,0,0,0.19177587
a03,70,0,0,0.107996956
a03,71,0,0,0.061906982
a03,72,0,0,0.08501327
a03,73,0,0,0.049086533
a03,74,0,0,0.021998944
a03,75,0,0,0.02457019
a03,76,0,0,0.08416728
a03,77,0,0,0.08190082
a03,78,0,0,0.039786343
a03,79,0,0,0.03575443
a03,80,0,0,0.06253657
a03,81,0,0,0.011372222
a03,82,0,0,0.012264031
a03,83,0,0,0.016096031
a03,84,0,0,0.015039669
a03,85,0,0,0.011217428
a03,86,0,0,0.014467318
a03,87,0,0,0.03128786
a03,88,0,0,0.06351232
a03,89,0,0,0.14801565
a03,90,0,0,0.19386652
a03,91,0,0,0.036888886
a03,92,0,0,0.19129011
a03,93,0,0,0.097133316
a03,94,0,0,0.109013714
a03,95,0,0,0.10063716
a03,96,0,0,0.114476584
a03,97,0,0,0.10076629
a03,98,0,0,0.08219576
a03,99,0,0,0.031677373
a03,100,0,0,0.170999
a03,101,0,1,0.6132252
a03,102,0,0,0.40571582
a03,103,0,0,0.2810073
a03,104,0,1,0.85024834
a03,105,1,1,0.62852496
a03,106,1,1,0.8826234
a03,107,1,1,0.77136713
a03,108,1,1,0.5302035
a03,109,1,1,0.7591511
a03,110,1,1,0.9047369
a03,111,1,1,0.7949633
a03,112,1,1,0.7726602
a03,113,1,1,0.8852729
a03,114,1,1,0.9132728
a03,115,1,1,0.82217926
a03,116,1,1,0.7857522
a03,117,1,1,0.8935058
a03,118,1,1,0.8213392
a03,119,1,1,0.8861915
a03,120,1,1,0.92293787
a03,121,1,1,0.5639816
a03,122,1,1,0.9299424
a03,123,1,1,0.9179694
a03,124,1,1,0.8492462
a03,125,1,1,0.61942434
a03,126,1,1,0.909446
a03,127,1,1,0.9015303
a03,128,1,1,0.94065744
a03,129,1,0,0.38460416
a03,130,1,1,0.94095814
a03,131,1,1,0.9240823
a03,132,1,1,0.66260034
a03,133,1,1,0.6212006
a03,134,1,1,0.7781683
a03,135,1,1,0.62759465
a03,136,1,1,0.546144
a03,137,1,1,0.60855806
a03,138,1,1,0.8733281
a03,139,1,1,0.8099393
a03,140,1,0,0.21223894
a03,141,1,1,0.8553642
a03,142,1,1,0.6953712
a03,143,1,1,0.73033446
a03,144,1,1,0.8773098
a03,145,1,1,0.83153194
a03,146,1,1,0.53422976
a03,147,0,0,0.39499974
a03,148,0,0,0.37104017
a03,149,0,0,0.078545645
a03,150,0,0,0.055497512
a03,151,0,0,0.071685575
a03,152,0,0,0.033864506
a03,153,0,0,0.02066157
a03,154,0,0,0.10210058
a03,155,0,0,0.03491899
a03,156,0,0,0.124962494
a03,157,0,0,0.05394248
a03,158,0,0,0.0449914
a03,159,0,0,0.064939186
a03,160,0,0,0.063724935
a03,161,0,0,0.11789901
a03,162,0,0,0.045794096
a03,163,0,0,0.059573025
a03,164,0,0,0.033297855
a03,165,0,0,0.09504358
a03,166,0,0,0.13759643
a03,167,0,0,0.06457828
a03,168,0,0,0.08097391
a03,169,0,0,0.1368987
a03,170,0,0,0.0709324
a03,171,0,0,0.036984727
a03,172,0,0,0.085199505
a03,173,0,0,0.052458957
a03,174,0,0,0.04285638
a03,175,0,0,0.05454391
a03,176,0,0,0.054895554
a03,177,0,0,0.07555946
a03,178,0,0,0.050653722
a03,179,0,0,0.050220743
a03,180,0,0,0.06995721
a03,181,0,0,0.06620619
a03,182,0,0,0.09478091
a03,183,0,0,0.04533191
a03,184,0,0,0.050447043
a03,185,0,0,0.067856885
a03,186,1,1,0.8839691
a03,187,1,0,0.4605079
a03,188,1,1,0.8182906
a03,189,1,1,0.51597166
a03,190,1,1,0.86726046
a03,191,1,1,0.92471707
a03,192,1,1,0.7510247
a03,193,1,1,0.72375834
a03,194,1,1,0.9107343
a03,195,1,1,0.907264
a03,196,1,1,0.7457617
a03,197,1,1,0.9046709
a03,198,1,1,0.7378412
a03,199,1,1,0.9058258
a03,200,1,1,0.7784927
a03,201,1,1,0.8726399
a03,202,1,1,0.8870626
a03,203,1,1,0.84332883
a03,204,1,1,0.84479105
a03,205,1,1,0.8874723
a03,206,1,1,0.8324381
a03,207,1,1,0.8941823
a03,208,1,1,0.82608813
a03,209,1,1,0.94461924
a03,210,1,1,0.70313555
a03,211,1,1,0.8806898
a03,212,1,1,0.87743336
a03,213,1,1,0.8053431
a03,214,1,1,0.8818304
a03,215,1,1,0.8454633
a03,216,1,0,0.49662507
a03,217,1,1,0.7440843
a03,218,1,1,0.71210694
a03,219,1,1,0.8536153
a03,220,1,1,0.92692375
a03,221,1,1,0.93293935
a03,222,1,1,0.94178027
a03,223,1,1,0.77105635
a03,224,1,1,0.8949713
a03,225,1,1,0.931651
a03,226,1,0,0.42692202
a03,227,1,0,0.20767693
a03,228,1,1,0.7698171
a03,229,0,1,0.5390213
a03,230,0,0,0.05760693
a03,231,0,0,0.11734325
a03,232,0,0,0.11275559
a03,233,0,0,0.12673645
a03,234,0,0,0.42934018
a03,235,0,0,0.121822804
a03,236,0,0,0.49663606
a03,237,0,1,0.5760085
a03,238,0,1,0.60354877
a03,239,0,0,0.2793857
a03,240,1,1,0.53850603
a03,241,1,1,0.92276204
a03,242,1,1,0.7409678
a03,243,1,1,0.6511132
a03,244,1,1,0.72369176
a03,245,1,1,0.8532442
a03,246,1,1,0.92444664
a03,247,1,1,0.84962136
a03,248,1,1,0.79893285
a03,249,1,1,0.81707627
a03,250,1,1,0.8423934
a03,251,1,1,0.7524075
a03,252,1,1,0.72944313
a03,253,1,1,0.91667
a03,254,1,1,0.6595642
a03,255,1,1,0.94033206
a03,256,1,1,0.90776634
a03,257,1,1,0.92818743
a03,258,0,1,0.7458622
a03,259,0,1,0.9395015
a03,260,0,0,0.16257372
a03,261,0,0,0.09154613
a03,262,0,0,0.055878825
a03,263,0,0,0.29298654
a03,264,0,0,0.21430983
a03,265,0,0,0.087472394
a03,266,0,0,0.048131734
a03,267,0,0,0.058633737
a03,268,0,0,0.095353395
a03,269,0,0,0.114143714
a03,270,0,1,0.58367074
a03,271,0,0,0.03582476
a03,272,0,0,0.13343439
a03,273,0,0,0.050322715
a03,274,0,0,0.061576046
a03,275,0,0,0.04046902
a03,276,0,0,0.028981121
a03,277,0,0,0.03618895
a03,278,0,0,0.027446909
a03,279,0,1,0.76671475
a03,280,0,1,0.70543545
a03,281,0,0,0.2550183
a03,282,0,0,0.17906162
a03,283,0,1,0.57882077
a03,284,0,0,0.24637991
a03,285,0,0,0.37183872
a03,286,0,0,0.428746
a03,287,0,0,0.18169054
a03,288,0,1,0.6288772
a03,289,0,1,0.6772023
a03,290,1,1,0.90687823
a03,291,1,0,0.4790001
a03,292,1,1,0.8925011
a03,293,1,1,0.9146119
a03,294,1,0,0.3036559
a03,295,1,1,0.79785097
a03,296,1,1,0.8823243
a03,297,1,1,0.810477
a03,298,1,1,0.8927103
a03,299,1,1,0.86866003
a03,300,1,1,0.8863937
a03,301,1,0,0.32444966
a03,302,1,0,0.1712197
a03,303,0,1,0.754553
a03,304,0,0,0.039627176
a03,305,0,0,0.21505709
a03,306,0,0,0.06757868
a03,307,0,0,0.09039422
a03,308,0,0,0.06023575
a03,309,0,0,0.080208585
a03,310,0,0,0.32525507
a03,311,0,0,0.07239215
a03,312,0,0,0.054434687
a03,313,0,0,0.07804919
a03,314,0,0,0.0479234
a03,315,0,0,0.049149603
a03,316,0,0,0.056388345
a03,317,0,0,0.103292845
a03,318,0,0,0.09320466
a03,319,0,0,0.10527062
a03,320,0,0,0.21110898
a03,321,0,0,0.30063912
a03,322,0,0,0.4181466
a03,323,0,0,0.040871717
a03,324,0,0,0.19244303
a03,325,0,0,0.06742175
a03,326,0,0,0.09158448
a03,327,0,0,0.17168684
a03,328,0,0,0.074431166
a03,329,0,0,0.10276216
a03,330,0,0,0.06591529
a03,331,0,0,0.15125687
a03,332,0,0,0.07819651
a03,333,0,0,0.07451426
a03,334,0,0,0.07864772
a03,335,0,0,0.11503472
a03,336,0,0,0.18983813
a03,337,0,0,0.14281164
a03,338,0,0,0.14896353
a03,339,0,0,0.07354467
a03,340,0,0,0.1419814
a03,341,0,0,0.06359573
a03,342,0,0,0.12209074
a03,343,0,0,0.061976943
a03,344,0,0,0.08745344
a03,345,0,0,0.078205995
a03,346,0,0,0.123605505
a03,347,1,1,0.67995703
a03,348,1,0,0.43629986
a03,349,1,1,0.9285347
a03,350,1,1,0.7993366
a03,351,1,1,0.57853246
a03,352,1,1,0.52419865
a03,353,0,0,0.10512377
a03,354,0,0,0.07357096
a03,355,0,0,0.023460953
a03,356,0,1,0.5791907
a03,357,0,0,0.1080623
a03,358,0,0,0.10944638
a03,359,0,0,0.17500144
a03,360,0,0,0.47173336
a03,361,0,1,0.51858246
a03,362,0,0,0.096231215
a03,363,0,1,0.6043489
a03,364,0,1,0.74761444
a03,365,0,0,0.08193614
a03,366,0,1,0.6807177
a03,367,0,1,0.8938822
a03,368,0,1,0.86932886
a03,369,0,0,0.14006525
a03,370,0,0,0.40246063
a03,371,0,0,0.03526622
a03,372,0,0,0.2264094
a03,373,0,1,0.6421091
a03,374,0,1,0.72174394
a03,375,0,1,0.8608166
a03,376,0,1,0.5739289
a03,377,0,0,0.25597632
a03,378,0,1,0.8409403
a03,379,0,1,0.8880235
a03,380,0,1,0.7302481
a03,381,0,0,0.18228891
a03,382,0,0,0.030039541
a03,383,0,0,0.019134277
a03,384,0,1,0.5796241
a03,385,1,1,0.85833216
a03,386,1,1,0.8820658
a03,387,1,1,0.8985265
a03,388,1,1,0.8787278
a03,389,1,0,0.3811258
a03,390,1,1,0.9103802
a03,391,1,1,0.7736967
a03,392,1,1,0.6413658
a03,393,1,1,0.57870907
a03,394,1,1,0.6937381
a03,395,1,1,0.9301512
a03,396,1,1,0.925464
a03,397,1,1,0.7160686
a03,398,1,1,0.947351
a03,399,1,1,0.76446074
a03,400,1,1,0.9073389
a03,401,1,1,0.7169581
a03,402,1,1,0.9240938
a03,403,1,1,0.74629104
a03,404,1,1,0.858262
a03,405,1,1,0.6474078
a03,406,0,0,0.13177976
a03,407,0,0,0.32012627
a03,408,0,0,0.073975116
a03,409,0,0,0.029422034
a03,410,0,1,0.9222646
a03,411,1,1,0.8370913
a03,412,1,1,0.6971838
a03,413,1,1,0.7287837
a03,414,1,1,0.77015495
a03,415,1,1,0.6907423
a03,416,1,0,0.3170997
a03,417,0,0,0.30735406
a03,418,0,0,0.047714494
a03,419,0,0,0.15100582
a03,420,0,0,0.058257535
a03,421,0,1,0.5526907
a03,422,0,0,0.12673461
a03,423,0,1,0.5245225
a03,424,0,0,0.1206767
a03,425,0,0,0.42242864
a03,426,0,0,0.4230416
a03,427,1,1,0.8219899
a03,428,1,1,0.88311166
a03,429,1,1,0.7725516
a03,430,1,1,0.93531495
a03,431,1,1,0.9301395
a03,432,1,1,0.9304792
a03,433,1,1,0.798713
a03,434,1,1,0.8874509
a03,435,1,1,0.8572107
a03,436,1,1,0.89422274
a03,437,1,1,0.6698546
a03,438,1,1,0.8792511
a03,439,1,1,0.8694799
a03,440,1,1,0.7361488
a03,441,1,1,0.60175616
a03,442,1,0,0.24659424
a03,443,0,0,0.20195585
a03,444,0,0,0.055650078
a03,445,0,0,0.042133737
a03,446,0,0,0.08619789
a03,447,0,0,0.10706827
a03,448,0,0,0.09669103
a03,449,0,0,0.05289554
a03,450,0,0,0.18455684
a03,451,0,0,0.115455106
a03,452,0,0,0.08383258
a03,453,0,0,0.0634567
a03,454,0,0,0.40658042
a03,455,0,1,0.5813051
a03,456,0,0,0.094123006
a03,457,0,0,0.1520978
a03,458,0,0,0.15936592
a03,459,0,0,0.15305099
a03,460,0,0,0.094802044
a03,461,0,0,0.092270315
a03,462,0,0,0.046653327
a03,463,0,0,0.17846163
a03,464,0,0,0.095640555
a03,465,0,0,0.08532468
a03,466,0,0,0.06535817
a03,467,0,0,0.13805461
a03,468,0,0,0.44732466
a03,469,0,1,0.88799113
a03,470,1,1,0.744738
a03,471,1,1,0.8834383
a03,472,1,1,0.7830629
a03,473,1,1,0.8333117
a03,474,1,1,0.9235836
a03,475,1,1,0.8528748
a03,476,1,1,0.82599777
a03,477,1,1,0.63641214
a03,478,1,1,0.6289336
a03,479,1,1,0.93319815
a03,480,1,1,0.89271593
a03,481,1,1,0.8955674
a03,482,1,1,0.8629059
a03,483,1,0,0.35034415
a03,484,1,1,0.6299051
a03,485,1,1,0.89871204
a03,486,1,1,0.8229902
a03,487,1,1,0.8932404
a03,488,1,1,0.85747486
a03,489,1,1,0.7097691
a03,490,1,1,0.6369437
a03,491,1,0,0.3940049
a03,492,0,0,0.049299996
a03,493,0,0,0.059061687
a03,494,0,0,0.12231952
a03,495,0,0,0.01129032
a03,496,0,0,0.0865785
a03,497,0,1,0.7142941
a03,498,0,0,0.057479456
a03,499,0,0,0.3397602
a03,500,0,1,0.84580433
a03,501,0,1,0.5916348
a03,502,0,0,0.04018775
a03,503,0,1,0.92260134
a03,504,0,1,0.5190301
a03,505,0,0,0.115645245
a03,506,0,1,0.5823923
a03,507,1,1,0.8863335
a03,508,1,1,0.80410063
a03,509,1,1,0.874146
a03,510,1,1,0.57509536
a03,511,1,1,0.91969246
a03,512,1,1,0.55453336
a03,513,1,1,0.82365555
a03,514,1,1,0.8817031
a03,515,1,1,0.91363066
a03,516,1,1,0.82998574
a03,517,1,1,0.96557194
a03,518,1,1,0.9013345
a04,1,0,0,0.42965427
a04,2,0,0,0.45335543
a04,3,0,1,0.5998191
a04,4,0,0,0.47440958
a04,5,0,0,0.498994
a04,6,0,1,0.54352224
a04,7,0,0,0.45313102
a04,8,0,1,0.63490784
a04,9,0,1,0.5598855
a04,10,0,0,0.47300333
a04,11,0,1,0.8321472
a04,12,0,0,0.40825266
a04,13,0,0,0.4938362
a04,14,0,1,0.84679234
a04,15,0,1,0.52609277
a04,16,0,1,0.50892866
a04,17,0,0,0.4976367
a04,18,0,0,0.44559854
a04,19,0,1,0.6270722
a04,20,0,1,0.5633798
a04,21,0,0,0.47379115
a04,22,0,0,0.4846267
a04,23,0,1,0.6053599
a04,24,0,1,0.60262346
a04,25,0,1,0.6117014
a04,26,0,1,0.69527876
a04,27,0,1,0.87981904
a04,28,0,1,0.6466774
a04,29,0,1,0.70090353
a04,30,0,1,0.7309512
a04,31,0,1,0.7565249
a04,32,0,1,0.5811522
a04,33,0,1,0.63697946
a04,34,0,1,0.7577662
a04,35,1,1,0.80755085
a04,36,1,1,0.71378917
a04,37,1,1,0.8220705
a04,38,1,1,0.75502497
a04,39,1,1,0.92681307
a04,40,1,1,0.88805544
a04,41,1,1,0.9411606
a04,42,1,1,0.911664
a04,43,1,1,0.8657229
a04,44,1,1,0.8784882
a04,45,1,1,0.7489858
a04,46,1,1,0.922487
a04,47,1,1,0.9259916
a04,48,1,1,0.92583287
a04,49,1,1,0.7490524
a04,50,1,1,0.8645413
a04,51,1,1,0.94246364
a04,52,1,1,0.6035153
a04,53,1,1,0.78316915
a04,54,1,1,0.87111914
a04,55,1,1,0.8896329
a04,56,1,1,0.9317658
a04,57,1,1,0.86960876
a04,58,1,1,0.9274951
a04,59,1,1,0.93023956
a04,60,1,1,0.9099926
a04,61,1,1,0.930333
a04,62,1,1,0.92952716
a04,63,1,1,0.85955024
a04,64,1,1,0.79670817
a04,65,1,1,0.94219065
a04,66,1,1,0.803481
a04,67,1,1,0.93953353
a04,68,1,1,0.94130397
a04,69,1,1,0.8949109
a04,70,1,1,0.8944145
a04,71,1,1,0.92788744
a04,72,1,1,0.8983464
a04,73,1,1,0.93361205
a04,74,1,1,0.87827975
a04,75,1,1,0.93264145
a04,76,1,1,0.9363681
a04,77,1,1,0.9292154
a04,78,1,1,0.9502788
a04,79,1,1,0.90795904
a04,80,1,1,0.9209719
a04,81,1,1,0.9325362
a04,82,1,1,0.8865536
a04,83,1,1,0.9362903
a04,84,1,1,0.93184763
a04,85,1,1,0.84838897
a04,86,1,1,0.838741
a04,87,1,1,0.8743864
a04,88,1,1,0.8775883
a04,89,1,1,0.93527335
a04,90,1,1,0.93481714
a04,91,1,1,0.9578558
a04,92,1,1,0.9349175
a04,93,1,1,0.9426816
a04,94,1,1,0.9334421
a04,95,1,1,0.9526743
a04,96,1,1,0.9499423
a04,97,1,1,0.94732314
a04,98,1,1,0.9258619
a04,99,1,1,0.9036191
a04,100,1,1,0.922894
a04,101,1,1,0.94881743
a04,102,1,1,0.9142909
a04,103,1,1,0.9390475
a04,104,1,1,0.94878936
a04,105,1,1,0.94467115
a04,106,1,1,0.89297354
a04,107,1,1,0.8830553
a04,108,1,1,0.94962907
a04,109,1,1,0.9309425
a04,110,1,1,0.9410598
a04,111,1,1,0.93704003
a04,112,1,1,0.83227074
a04,113,1,1,0.95149446
a04,114,1,1,0.8336692
a04,115,1,1,0.93291557
a04,116,1,1,0.9549653
a04,117,1,1,0.92489797
a04,118,1,1,0.94710475
a04,119,1,1,0.88511354
a04,120,1,1,0.93650234
a04,121,1,1,0.9259723
a04,122,1,1,0.785573
a04,123,1,1,0.93756723
a04,124,1,1,0.9616376
a04,125,1,1,0.9157189
a04,126,1,1,0.9446088
a04,127,1,1,0.9367805
a04,128,1,1,0.9630591
a04,129,1,1,0.928285
a04,130,1,1,0.95423734
a04,131,1,1,0.95861906
a04,132,1,1,0.9180978
a04,133,1,1,0.93100184
a04,134,1,1,0.83479404
a04,135,1,1,0.9502559
a04,136,1,1,0.84292454
a04,137,1,1,0.936192
a04,138,1,1,0.92545724
a04,139,1,1,0.9466384
a04,140,1,1,0.9340754
a04,141,1,1,0.9558015
a04,142,1,1,0.9076873
a04,143,1,1,0.93447495
a04,144,1,1,0.93556666
a04,145,1,1,0.90005696
a04,146,1,1,0.94803995
a04,147,1,1,0.9442906
a04,148,1,1,0.90313286
a04,149,1,1,0.91918164
a04,150,1,1,0.9521286
a04,151,1,1,0.8781574
a04,152,1,1,0.86574084
a04,153,1,1,0.94249713
a04,154,1,1,0.91091233
a04,155,1,1,0.83769935
a04,156,1,1,0.86868197
a04,157,1,1,0.93955374
a04,158,1,1,0.9146017
a04,159,1,1,0.9317394
a04,160,1,1,0.9285632
a04,161,1,1,0.93657225
a04,162,1,1,0.92819995
a04,163,1,1,0.8274351
a04,164,1,1,0.87585115
a04,165,1,1,0.9120715
a04,166,1,1,0.9252309
a04,167,1,1,0.92911947
a04,168,1,1,0.88885957
a04,169,1,1,0.89973044
a04,170,1,1,0.95294964
a04,171,1,1,0.88882905
a04,172,1,1,0.82433504
a04,173,1,1,0.9414888
a04,174,1,1,0.92021215
a04,175,0,1,0.9142917
a04,176,0,1,0.83418185
a04,177,1,1,0.9059814
a04,178,1,1,0.8730178
a04,179,1,1,0.9081333
a04,180,1,1,0.92637026
a04,181,1,1,0.89046985
a04,182,1,1,0.93982035
a04,183,1,1,0.9322098
a04,184,1,1,0.92824924
a04,185,1,1,0.9349753
a04,186,1,1,0.94199926
a04,187,1,1,0.8840517
a04,188,1,1,0.91339326
a04,189,1,1,0.91014993
a04,190,1,1,0.9144306
a04,191,1,1,0.95244783
a04,192,1,1,0.8954908
a04,193,1,1,0.9144136
a04,194,1,1,0.9525114
a04,195,1,1,0.88721573
a04,196,1,1,0.9459417
a04,197,1,1,0.94559366
a04,198,1,1,0.9440859
a04,199,1,1,0.945351
a04,200,1,1,0.90879816
a04,201,1,1,0.9027964
a04,202,1,1,0.91626316
a04,203,1,1,0.9030513
a04,204,1,1,0.915443
a04,205,1,1,0.8896739
a04,206,1,1,0.9323044
a04,207,1,1,0.9361073
a04,208,1,1,0.9545542
a04,209,1,1,0.96354884
a04,210,1,1,0.94738764
a04,211,1,1,0.9436581
a04,212,1,1,0.93249017
a04,213,1,1,0.95398515
a04,214,1,1,0.94447696
a04,215,1,1,0.90907955
a04,216,1,1,0.9595585
a04,217,1,1,0.84630185
a04,218,1,1,0.6616876
a04,219,1,1,0.92097116
a04,220,1,1,0.9298884
a04,221,1,1,0.8663114
a04,222,1,1,0.7904765
a04,223,1,1,0.91456723
a04,224,1,1,0.89652914
a04,225,1,1,0.94677806
a04,226,1,1,0.95323205
a04,227,1,1,0.8941522
a04,228,1,1,0.8831521
a04,229,1,1,0.86683166
a04,230,1,1,0.9525189
a04,231,1,1,0.94531083
a04,232,1,1,0.9508525
a04,233,1,1,0.94356096
a04,234,1,1,0.94808376
a04,235,1,1,0.9343749
a04,236,1,1,0.93210465
a04,237,1,1,0.8946947
a04,238,1,1,0.9463681
a04,239,1,1,0.95808095
a04,240,1,1,0.9081464
a04,241,1,1,0.9423624
a04,242,1,1,0.94550157
a04,243,1,1,0.94361764
a04,244,1,1,0.9468209
a04,245,1,1,0.8864481
a04,246,1,1,0.94676185
a04,247,1,1,0.9358019
a04,248,1,1,0.93262726
a04,249,1,1,0.9467472
a04,250,1,1,0.89688694
a04,251,1,1,0.91504884
a04,252,1,1,0.9279108
a04,253,1,1,0.9401094
a04,254,1,1,0.93495834
a04,255,1,1,0.94807595
a04,256,1,1,0.9626776
a04,257,1,1,0.8533611
a04,258,1,1,0.9284514
a04,259,1,1,0.9459883
a04,260,1,1,0.7027948
a04,261,1,1,0.9341229
a04,262,1,1,0.91034305
a04,263,1,1,0.9095069
a04,264,1,1,0.89241785
a04,265,1,1,0.9288266
a04,266,1,1,0.95230174
a04,267,1,1,0.9666749
a04,268,1,1,0.9448098
a04,269,1,1,0.95871955
a04,270,1,1,0.9078203
a04,271,1,1,0.958692
a04,272,1,1,0.9508744
a04,273,1,1,0.94933015
a04,274,1,1,0.95551395
a04,275,1,1,0.94451594
a04,276,1,1,0.73554057
a04,277,1,1,0.9361615
a04,278,1,1,0.8335958
a04,279,1,1,0.8603783
a04,280,1,1,0.94980055
a04,281,1,1,0.8904189
a04,282,1,1,0.8661482
a04,283,1,1,0.9428018
a04,284,1,1,0.8884535
a04,285,1,1,0.9606866
a04,286,1,1,0.92952347
a04,287,1,1,0.939276
a04,288,1,1,0.95535094
a04,289,1,1,0.96264035
a04,290,1,1,0.939657
a04,291,1,1,0.95758146
a04,292,1,1,0.9460587
a04,293,1,1,0.9422404
a04,294,1,1,0.95365125
a04,295,1,1,0.93010026
a04,296,1,1,0.91477036
a04,297,1,1,0.9604648
a04,298,1,1,0.94100714
a04,299,1,1,0.80835605
a04,300,1,1,0.9487647
a04,301,1,1,0.9427221
a04,302,1,1,0.95119965
a04,303,1,1,0.9385078
a04,304,1,1,0.9465614
a04,305,1,1,0.9368073
a04,306,1,1,0.89405304
a04,307,1,1,0.9100028
a04,308,1,1,0.87226707
a04,309,1,1,0.65582955
a04,310,1,1,0.9551314
a04,311,1,1,0.9489001
a04,312,1,1,0.8484946
a04,313,1,1,0.8978788
a04,314,1,1,0.91813093
a04,315,1,1,0.8917266
a04,316,1,1,0.9451223
a04,317,1,1,0.6620672
a04,318,1,1,0.81678253
a04,319,1,1,0.8874966
a04,320,1,1,0.9056077
a04,321,1,1,0.881556
a04,322,1,1,0.8975521
a04,323,1,1,0.9476033
a04,324,1,1,0.92851025
a04,325,1,1,0.7797552
a04,326,1,1,0.9453853
a04,327,1,1,0.88247955
a04,328,1,1,0.94040644
a04,329,1,1,0.9354967
a04,330,1,1,0.87620646
a04,331,1,1,0.9478477
a04,332,1,1,0.81080633
a04,333,1,1,0.9398977
a04,334,1,1,0.93493783
a04,335,1,1,0.81728774
a04,336,1,1,0.8752932
a04,337,1,1,0.69856447
a04,338,1,1,0.8438249
a04,339,1,1,0.9416778
a04,340,1,1,0.9457289
a04,341,1,1,0.94865394
a04,342,1,1,0.88829136
a04,343,1,1,0.90965617
a04,344,1,1,0.9380368
a04,345,1,1,0.9446771
a04,346,1,1,0.82271564
a04,347,1,1,0.9290535
a04,348,1,1,0.72988695
a04,349,1,1,0.8813105
a04,350,1,1,0.95547545
a04,351,1,1,0.79442483
a04,352,1,1,0.88705444
a04,353,1,1,0.93926597
a04,354,1,1,0.9104926
a04,355,1,1,0.94889045
a04,356,1,1,0.92290676
a04,357,1,1,0.8796797
a04,358,1,1,0.9466628
a04,359,1,1,0.9242477
a04,360,1,1,0.92892337
a04,361,1,1,0.7463764
a04,362,1,1,0.91452235
a04,363,1,1,0.9152749
a04,364,1,1,0.96282864
a04,365,1,1,0.9239411
a04,366,1,1,0.9483649
a04,367,1,1,0.8923711
a04,368,1,1,0.9064973
a04,369,1,1,0.9477596
a04,370,1,1,0.91372633
a04,371,1,1,0.94397485
a04,372,1,1,0.94919634
a04,373,1,1,0.9251783
a04,374,1,1,0.9208703
a04,375,1,1,0.9565819
a04,376,1,1,0.9028047
a04,377,1,1,0.9437377
a04,378,1,1,0.93769884
a04,379,1,1,0.8870106
a04,380,1,1,0.81430405
a04,381,1,1,0.9238215
a04,382,1,1,0.8360867
a04,383,1,1,0.944751
a04,384,1,1,0.86164397
a04,385,1,1,0.86544675
a04,386,1,1,0.9483385
a04,387,1,1,0.86161405
a04,388,1,1,0.8137676
a04,389,1,1,0.9553873
a04,390,1,1,0.953803
a04,391,1,1,0.9441496
a04,392,1,1,0.9404728
a04,393,1,1,0.5143105
a04,394,1,1,0.9160276
a04,395,1,1,0.95600355
a04,396,1,1,0.9375449
a04,397,1,1,0.9462956
a04,398,1,1,0.92949957
a04,399,1,1,0.94693655
a04,400,1,1,0.9093485
a04,401,1,1,0.94385356
a04,402,1,1,0.92506665
a04,403,1,1,0.9421707
a04,404,1,1,0.89620435
a04,405,1,1,0.95002806
a04,406,1,1,0.9439877
a04,407,1,1,0.9321232
a04,408,1,1,0.9491098
a04,409,1,1,0.9384755
a04,410,1,1,0.7233136
a04,411,1,1,0.8744259
a04,412,1,1,0.8022964
a04,413,1,1,0.9345572
a04,414,1,1,0.7346304
a04,415,1,1,0.776654
a04,416,1,1,0.88725984
a04,417,1,1,0.9242925
a04,418,1,1,0.9269173
a04,419,1,1,0.9372829
a04,420,1,1,0.86683613
a04,421,1,1,0.86731786
a04,422,1,1,0.90955347
a04,423,1,1,0.8600232
a04,424,1,1,0.93336856
a04,425,1,1,0.9529779
a04,426,1,1,0.9571366
a04,427,1,1,0.9320783
a04,428,1,1,0.9096091
a04,429,1,1,0.8041281
a04,430,1,1,0.91833466
a04,431,1,1,0.8300416
a04,432,1,1,0.93725127
a04,433,1,1,0.9288627
a04,434,1,1,0.9345082
a04,435,1,1,0.95080745
a04,436,1,1,0.83194184
a04,437,1,1,0.9453788
a04,438,1,1,0.777934
a04,439,1,1,0.9296437
a04,440,1,1,0.85227156
a04,441,1,1,0.8704449
a04,442,1,1,0.94041085
a04,443,1,1,0.94099593
a04,444,1,1,0.93576604
a04,445,1,1,0.90430176
a04,446,1,1,0.9158984
a04,447,1,1,0.94493306
a04,448,1,1,0.936136
a04,449,1,1,0.9059739
a04,450,1,1,0.8481404
a04,451,1,1,0.9096179
a04,452,1,1,0.67965555
a04,453,1,1,0.8596357
a04,454,1,1,0.75419074
a04,455,1,1,0.9261488
a04,456,1,1,0.94991404
a04,457,1,1,0.8651851
a04,458,1,1,0.9317698
a04,459,1,1,0.94502467
a04,460,1,1,0.92529714
a04,461,1,1,0.8485461
a04,462,0,1,0.83365995
a04,463,0,1,0.91157913
a04,464,1,1,0.9158901
a04,465,1,1,0.8677645
a04,466,1,1,0.91676635
a04,467,1,1,0.9242019
a04,468,1,1,0.8975093
a04,469,1,1,0.9360611
a04,470,1,1,0.94385654
a04,471,1,1,0.91777617
a04,472,1,1,0.9471978
a04,473,1,1,0.8787418
a04,474,1,1,0.9285097
a04,475,1,1,0.90010244
a04,476,1,1,0.9066748
a04,477,1,1,0.9393616
a04,478,1,1,0.7546337
a04,479,1,1,0.90749955
a04,480,1,1,0.9351389
a04,481,1,1,0.9568719
a04,482,1,1,0.9454759
a04,483,1,1,0.91085327
a04,484,1,1,0.83962595
a04,485,1,1,0.95002407
a04,486,1,1,0.9551071
a04,487,1,1,0.92065096
a04,488,1,1,0.92842114
a04,489,1,1,0.818567
a04,490,1,1,0.9398668
a04,491,1,1,0.9491986
a05,1,0,0,0.10817085
a05,2,0,0,0.10862408
a05,3,0,0,0.029758736
a05,4,0,0,0.0590462
a05,5,0,0,0.1481637
a05,6,0,0,0.3534154
a05,7,0,0,0.019268807
a05,8,0,0,0.015623696
a05,9,0,0,0.019061822
a05,10,0,0,0.008227393
a05,11,0,0,0.038734224
a05,12,0,0,0.08491229
a05,13,0,0,0.23677602
a05,14,1,0,0.22633922
a05,15,1,0,0.3508494
a05,16,1,0,0.21905884
a05,17,1,0,0.013981495
a05,18,1,0,0.0928766
a05,19,1,0,0.29744023
a05,20,1,0,0.3494789
a05,21,1,0,0.259334
a05,22,1,0,0.059619658
a05,23,1,0,0.21619044
a05,24,1,0,0.02460408
a05,25,1,0,0.028948288
a05,26,1,0,0.089026295
a05,27,1,0,0.20842157
a05,28,1,0,0.2006302
a05,29,1,0,0.2335059
a05,30,1,1,0.59284896
a05,31,1,0,0.2753675
a05,32,1,0,0.0508257
a05,33,0,0,0.024941882
a05,34,0,0,0.052614283
a05,35,0,0,0.10607606
a05,36,0,0,0.34161958
a05,37,0,0,0.019254955
a05,38,0,0,0.014639059
a05,39,0,0,0.018908396
a05,40,0,0,0.12001977
a05,41,0,0,0.11146554
a05,42,0,0,0.051208913
a05,43,0,0,0.02132941
a05,44,0,0,0.013772262
a05,45,0,0,0.011143
a05,46,0,0,0.017086247
a05,47,0,0,0.011293674
a05,48,0,0,0.061111655
a05,49,0,0,0.3384665
a05,50,0,0,0.17432228
a05,51,0,0,0.012839937
a05,52,0,0,0.011392569
a05,53,0,0,0.015062991
a05,54,0,0,0.013052632
a05,55,0,0,0.18998536
a05,56,0,0,0.021875154
a05,57,0,0,0.008904033
a05,58,0,0,0.01781897
a05,59,0,0,0.016280377
a05,60,0,0,0.021975713
a05,61,0,0,0.015453821
a05,62,0,0,0.1071682
a05,63,0,0,0.056315474
a05,64,0,0,0.030031843
a05,65,0,0,0.29145634
a05,66,0,0,0.25879467
a05,67,1,0,0.013914012
a05,68,1,0,0.028352086
a05,69,1,0,0.087428175
a05,70,0,0,0.018194484
a05,71,0,0,0.041150603
a05,72,0,0,0.035720345
a05,73,0,0,0.03321966
a05,74,0,0,0.18182634
a05,75,0,0,0.016561028
a05,76,0,0,0.018059483
a05,77,0,0,0.021137733
a05,78,0,0,0.0112971775
a05,79,0,0,0.026378753
a05,80,0,0,0.022109933
a05,81,0,0,0.17640625
a05,82,0,0,0.01782398
a05,83,0,1,0.5659595
a05,84,0,0,0.011381061
a05,85,0,0,0.2463205
a05,86,0,0,0.34225968
a05,87,0,0,0.37103483
a05,88,0,0,0.2542058
a05,89,0,0,0.008270256
a05,90,0,0,0.16373621
a05,91,0,0,0.008040909
a05,92,0,0,0.01771166
a05,93,1,0,0.048570152
a05,94,1,0,0.085842885
a05,95,1,0,0.2143249
a05,96,1,0,0.0510165
a05,97,1,0,0.08399722
a05,98,1,0,0.016195357
a05,99,1,0,0.021250209
a05,100,1,0,0.016886907
a05,101,1,0,0.043695435
a05,102,1,0,0.080629684
a05,103,1,0,0.09175398
a05,104,1,0,0.124738365
a05,105,1,0,0.1541504
a05,106,1,0,0.019169766
a05,107,1,1,0.8141578
a05,108,1,0,0.18479797
a05,109,1,0,0.21904285
a05,110,1,0,0.4832144
a05,111,1,0,0.09156683
a05,112,1,0,0.4853149
a05,113,1,0,0.19683963
a05,114,1,0,0.39365593
a05,115,1,0,0.4047876
a05,116,1,0,0.101956844
a05,117,1,0,0.21032508
a05,118,1,0,0.20547383
a05,119,1,0,0.30416664
a05,120,1,0,0.4266952
a05,121,1,0,0.37658274
a05,122,1,0,0.2556608
a05,123,1,0,0.29718265
a05,124,1,0,0.24418934
a05,125,1,0,0.13632512
a05,126,1,0,0.0241164
a05,127,1,0,0.2801811
a05,128,1,0,0.29925534
a05,129,1,1,0.52048206
a05,130,1,0,0.24323612
a05,131,1,0,0.0744502
a05,132,1,0,0.14055954
a05,133,1,0,0.16939534
a05,134,1,0,0.3048776
a05,135,1,1,0.5455457
a05,136,1,0,0.2427861
a05,137,1,0,0.16898777
a05,138,1,0,0.13830647
a05,139,1,0,0.08502637
a05,140,1,0,0.04770912
a05,141,1,0,0.095512904
a05,142,1,0,0.095547594
a05,143,1,0,0.015200615
a05,144,1,0,0.07116185
a05,145,1,0,0.030943235
a05,146,1,0,0.4731318
a05,147,1,0,0.02506128
a05,148,1,0,0.1415278
a05,149,1,0,0.117230244
a05,150,0,0,0.050750565
a05,151,0,0,0.017882507
a05,152,0,0,0.24008422
a05,153,0,0,0.050783113
a05,154,0,0,0.0075202016
a05,155,0,0,0.06784063
a05,156,0,0,0.009432743
a05,157,0,0,0.012825144
a05,158,0,0,0.016869435
a05,159,1,0,0.057131212
a05,160,1,0,0.039379384
a05,161,1,0,0.055963773
a05,162,1,0,0.12372275
a05,163,1,0,0.07012648
a05,164,1,0,0.08602007
a05,165,1,0,0.012227526
a05,166,1,0,0.05951723
a05,167,1,0,0.14789648
a05,168,1,0,0.025028935
a05,169,1,0,0.020301247
a05,170,1,0,0.17152566
a05,171,1,0,0.32471344
a05,172,1,0,0.15743941
a05,173,1,0,0.011055653
a05,174,1,0,0.008344162
a05,175,1,0,0.022183634
a05,176,1,0,0.16477343
a05,177,1,0,0.2568041
a05,178,1,0,0.24840112
a05,179,1,0,0.26292565
a05,180,1,0,0.30099374
a05,181,1,0,0.41726944
a05,182,1,0,0.21595486
a05,183,1,0,0.20730351
a05,184,1,0,0.080963604
a05,185,1,0,0.081079274
a05,186,1,0,0.024794284
a05,187,1,0,0.012734861
a05,188,1,0,0.02734832
a05,189,1,0,0.446527
a05,190,1,0,0.33859247
a05,191,1,0,0.17110291
a05,192,1,0,0.29060885
a05,193,1,1,0.55901974
a05,194,1,0,0.17818552
a05,195,1,0,0.37606606
a05,196,1,0,0.3513845
a05,197,1,0,0.08696157
a05,198,1,0,0.0050916136
a05,199,1,0,0.046114884
a05,200,1,0,0.31025928
a05,201,1,1,0.6231132
a05,202,1,0,0.45519754
a05,203,1,0,0.21366492
a05,204,1,0,0.1523673
a05,205,1,0,0.1301439
a05,206,1,0,0.0224381
a05,207,1,0,0.061203267
a05,208,1,0,0.01636197
a05,209,1,0,0.20307918
a05,210,1,0,0.23095249
a05,211,1,0,0.13568838
a05,212,1,0,0.023583759
a05,213,1,0,0.07335789
a05,214,1,0,0.067094244
a05,215,0,0,0.008717308
a05,216,0,0,0.057023596
a05,217,0,0,0.08297436
a05,218,0,0,0.19048285
a05,219,0,0,0.031234547
a05,220,0,0,0.025825962
a05,221,0,0,0.014852279
a05,222,0,0,0.037509043
a05,223,0,0,0.1130418
a05,224,0,0,0.10936424
a05,225,0,0,0.013504341
a05,226,0,0,0.009617475
a05,227,0,0,0.01954119
a05,228,0,0,0.038840637
a05,229,0,1,0.53725153
a05,230,0,0,0.013279141
a05,231,0,0,0.014558075
a05,232,0,0,0.01553119
a05,233,0,0,0.008130479
a05,234,0,0,0.21559605
a05,235,0,0,0.0391334
a05,236,0,0,0.035029598
a05,237,0,0,0.48392642
a05,238,1,0,0.060097437
a05,239,0,0,0.019066762
a05,240,0,0,0.42073932
a05,241,0,0,0.026082063
a05,242,0,0,0.021303426
a05,243,0,0,0.3787496
a05,244,0,0,0.024451606
a05,245,0,0,0.2944474
a05,246,0,0,0.06509067
a05,247,0,0,0.2596512
a05,248,0,0,0.011169407
a05,249,1,0,0.088467374
a05,250,1,0,0.14048748
a05,251,1,0,0.05933411
a05,252,1,0,0.13439451
a05,253,1,0,0.18156806
a05,254,1,0,0.46938834
a05,255,1,0,0.17498145
a05,256,1,0,0.04336841
a05,257,1,0,0.14892335
a05,258,1,0,0.02019783
a05,259,1,0,0.08601648
a05,260,1,0,0.48493055
a05,261,1,0,0.19609794
a05,262,1,0,0.29360852
a05,263,1,0,0.41599286
a05,264,1,0,0.15801784
a05,265,1,0,0.017528286
a05,266,1,0,0.15092194
a05,267,1,0,0.15085752
a05,268,1,0,0.038560677
a05,269,1,0,0.04941677
a05,270,0,0,0.075540386
a05,271,0,0,0.031999774
a05,272,0,0,0.25840142
a05,273,1,0,0.023126552
a05,274,1,0,0.10875635
a05,275,1,0,0.14225814
a05,276,1,0,0.08705443
a05,277,1,0,0.052970648
a05,278,1,0,0.12458969
a05,279,1,0,0.39215443
a05,280,1,0,0.10664613
a05,281,1,0,0.19327794
a05,282,1,0,0.43014222
a05,283,1,0,0.23962922
a05,284,1,0,0.08060335
a05,285,1,0,0.14605574
a05,286,1,0,0.22973712
a05,287,1,0,0.40200934
a05,288,1,0,0.48804793
a05,289,1,0,0.2883187
a05,290,1,0,0.124862686
a05,291,1,0,0.022955745
a05,292,1,0,0.056397095
a05,293,1,0,0.32582465
a05,294,0,0,0.044206474
a05,295,0,0,0.25526
a05,296,1,0,0.48829618
a05,297,1,1,0.6848604
a05,298,1,1,0.55460036
a05,299,1,0,0.06238985
a05,300,1,0,0.13588873
a05,301,1,0,0.37876108
a05,302,1,1,0.5522151
a05,303,1,0,0.13011841
a05,304,1,1,0.6256309
a05,305,1,1,0.62015104
a05,306,1,1,0.7763927
a05,307,1,1,0.78461266
a05,308,1,1,0.64802045
a05,309,1,1,0.6227153
a05,310,1,0,0.22312164
a05,311,1,0,0.0329358
a05,312,1,0,0.29074872
a05,313,1,1,0.77759343
a05,314,1,1,0.6488114
a05,315,1,1,0.6982135
a05,316,1,0,0.0936829
a05,317,1,0,0.1588023
a05,318,1,0,0.14669342
a05,319,1,0,0.08285477
a05,320,1,0,0.17002927
a05,321,1,1,0.5405304
a05,322,1,0,0.4841706
a05,323,1,0,0.38097185
a05,324,1,0,0.2262546
a05,325,1,0,0.07039708
a05,326,1,0,0.11697529
a05,327,1,0,0.13810675
a05,328,1,0,0.069819726
a05,329,1,0,0.19206811
a05,330,1,0,0.35336328
a05,331,1,0,0.077885225
a05,332,1,0,0.26088023
a05,333,1,0,0.090825245
a05,334,1,1,0.5289158
a05,335,1,0,0.49262688
a05,336,1,0,0.027177671
a05,337,1,0,0.26426584
a05,338,0,1,0.66925395
a05,339,1,0,0.03442073
a05,340,0,0,0.045796357
a05,341,1,0,0.48600018
a05,342,1,0,0.4642413
a05,343,1,0,0.45168257
a05,344,1,0,0.114781946
a05,345,1,0,0.3323713
a05,346,1,1,0.55154914
a05,347,1,0,0.3692461
a05,348,1,0,0.06802991
a05,349,0,0,0.06905685
a05,350,0,0,0.097049296
a05,351,0,0,0.07176925
a05,352,0,0,0.084494874
a05,353,1,0,0.16263722
a05,354,0,0,0.022144161
a05,355,0,0,0.02653321
a05,356,0,0,0.024276877
a05,357,0,0,0.08975328
a05,358,0,0,0.010773691
a05,359,0,0,0.036605522
a05,360,0,0,0.0268426
a05,361,0,0,0.093926854
a05,362,1,0,0.026662566
a05,363,0,0,0.13482489
a05,364,0,0,0.14204939
a05,365,1,0,0.20504506
a05,366,1,0,0.022559883
a05,367,1,0,0.02913363
a05,368,0,0,0.027972378
a05,369,0,0,0.020216389
a05,370,0,0,0.048776794
a05,371,0,0,0.033243325
a05,372,0,0,0.07005458
a05,373,0,0,0.070956506
a05,374,0,0,0.017295798
a05,375,0,0,0.015579939
a05,376,0,0,0.011977892
a05,377,0,0,0.01998259
a05,378,0,0,0.015400716
a05,379,0,0,0.0112545425
a05,380,0,0,0.017622838
a05,381,0,0,0.025674041
a05,382,0,0,0.012755128
a05,383,0,0,0.04745077
a05,384,0,0,0.021900017
a05,385,0,0,0.022561146
a05,386,0,0,0.013269435
a05,387,0,0,0.04664018
a05,388,0,0,0.021263845
a05,389,0,0,0.023171272
a05,390,0,0,0.024450662
a05,391,0,0,0.010675028
a05,392,0,0,0.020038217
a05,393,0,0,0.011878956
a05,394,0,0,0.020633858
a05,395,0,0,0.018192524
a05,396,0,0,0.011109747
a05,397,0,0,0.039623585
a05,398,0,0,0.016816422
a05,399,0,0,0.018970257
a05,400,0,0,0.015841749
a05,401,0,0,0.021209205
a05,402,0,0,0.022038044
a05,403,0,0,0.017352037
a05,404,0,0,0.010031332
a05,405,0,0,0.038406096
a05,406,0,0,0.028434513
a05,407,0,0,0.0152876945
a05,408,0,0,0.012731324
a05,409,0,0,0.15616547
a05,410,1,0,0.28605393
a05,411,1,0,0.038833078
a05,412,1,0,0.083731644
a05,413,1,0,0.04651588
a05,414,1,0,0.3441483
a05,415,1,0,0.01756039
a05,416,1,0,0.03374306
a05,417,1,0,0.061205197
a05,418,1,0,0.34027734
a05,419,1,0,0.08091121
a05,420,1,1,0.5888764
a05,421,1,1,0.5134156
a05,422,1,0,0.29631132
a05,423,1,0,0.06586375
a05,424,1,0,0.0069058095
a05,425,1,0,0.10260033
a05,426,1,0,0.14777288
a05,427,1,0,0.22294171
a05,428,1,0,0.012635409
a05,429,1,0,0.2709363
a05,430,1,1,0.5362122
a05,431,1,0,0.3441329
a05,432,1,0,0.03129605
a05,433,1,0,0.021359596
a05,434,1,0,0.051933706
a05,435,1,0,0.13263881
a05,436,1,1,0.64907026
a05,437,1,0,0.38465872
a05,438,1,0,0.1883694
a05,439,1,0,0.04634891
a05,440,1,0,0.06217974
a05,441,1,0,0.3381794
a05,442,1,1,0.5826591
a05,443,1,0,0.1372391
a05,444,1,0,0.22357662
a05,445,0,0,0.43218958
a05,446,1,0,0.05007858
a05,447,1,0,0.100807905
a05,448,1,0,0.1319119
a05,449,1,0,0.05271746
a05,450,1,0,0.036080144
a05,451,1,0,0.0698862
a05,452,1,0,0.12769984
a05,453,0,0,0.052147184
a06,1,0,0,0.0188554
a06,2,0,0,0.0063939923
a06,3,0,1,0.7003847
a06,4,0,0,0.2289719
a06,5,0,0,0.07373702
a06,6,0,0,0.30602366
a06,7,0,0,0.018018065
a06,8,0,0,0.029281605
a06,9,0,0,0.007062528
a06,10,0,0,0.0043577575
a06,11,0,0,0.0059784227
a06,12,0,0,0.0038309277
a06,13,0,0,0.0027882883
a06,14,0,0,0.005741742
a06,15,0,0,0.35751522
a06,16,0,0,0.006328898
a06,17,0,0,0.011033902
a06,18,0,0,0.0026474418
a06,19,0,0,0.004678486
a06,20,0,0,0.0015269418
a06,21,0,0,0.0015024686
a06,22,0,0,0.0028475556
a06,23,0,0,0.008723569
a06,24,0,0,0.0028497765
a06,25,0,0,0.0037439016
a06,26,0,0,0.006846121
a06,27,0,0,0.0019810777
a06,28,0,0,0.004404253
a06,29,0,0,0.0018229584
a06,30,0,0,0.0034380811
a06,31,0,0,0.0060759094
a06,32,0,0,0.0044534463
a06,33,0,0,0.0023989084
a06,34,0,0,0.001859664
a06,35,0,0,0.0011773844
a06,36,0,0,0.010710716
a06,37,0,0,0.0052506737
a06,38,0,0,0.0016770324
a06,39,0,0,0.008898565
a06,40,0,0,0.0066952063
a06,41,0,0,0.0052866247
a06,42,0,0,0.009744462
a06,43,0,0,0.0046467087
a06,44,0,0,0.009646841
a06,45,0,0,0.0044469396
a06,46,0,0,0.0045038904
a06,47,0,0,0.008774471
a06,48,0,0,0.015980868
a06,49,0,0,0.005004214
a06,50,0,0,0.0069602216
a06,51,0,0,0.0047278306
a06,52,0,0,0.0111465305
a06,53,0,0,0.004803904
a06,54,0,0,0.0064461567
a06,55,0,0,0.0049442025
a06,56,0,0,0.008176931
a06,57,0,0,0.004938557
a06,58,0,0,0.078555256
a06,59,0,0,0.00676961
a06,60,0,0,0.011373659
a06,61,0,0,0.006267636
a06,62,0,0,0.0062141474
a06,63,1,0,0.025785347
a06,64,1,0,0.0067787087
a06,65,1,0,0.008344411
a06,66,1,0,0.001814487
a06,67,1,0,0.010323714
a06,68,1,0,0.010690585
a06,69,1,0,0.08623382
a06,70,1,0,0.0066477503
a06,71,1,0,0.015138432
a06,72,1,0,0.011481638
a06,73,1,0,0.006419143
a06,74,1,0,0.11837185
a06,75,1,0,0.07726059
a06,76,1,0,0.021606632
a06,77,1,0,0.0075011645
a06,78,1,0,0.023165137
a06,79,1,0,0.0041434844
a06,80,1,0,0.0057556718
a06,81,1,0,0.008636368
a06,82,1,0,0.007228762
a06,83,1,0,0.0792974
a06,84,1,0,0.010381679
a06,85,1,0,0.043255452
a06,86,1,0,0.008487462
a06,87,1,0,0.0068780226
a06,88,1,0,0.013104821
a06,89,0,0,0.038850687
a06,90,0,0,0.018200528
a06,91,0,0,0.005580388
a06,92,0,0,0.023536462
a06,93,0,0,0.011152604
a06,94,0,0,0.014774022
a06,95,0,0,0.009820907
a06,96,0,0,0.005065357
a06,97,0,0,0.007988467
a06,98,0,0,0.009659765
a06,99,0,0,0.007059134
a06,100,0,0,0.012344354
a06,101,0,0,0.011426717
a06,102,0,0,0.016141934
a06,103,0,0,0.011232099
a06,104,0,0,0.027828004
a06,105,0,0,0.072660506
a06,106,0,0,0.08237959
a06,107,0,0,0.014038115
a06,108,0,0,0.0034138493
a06,109,0,0,0.0036055315
a06,110,0,0,0.0026472015
a06,111,0,0,0.0056463457
a06,112,0,0,0.0073864236
a06,113,0,0,0.007145478
a06,114,0,0,0.005629155
a06,115,0,0,0.006141878
a06,116,0,0,0.0047628875
a06,117,0,0,0.003726749
a06,118,0,0,0.008468739
a06,119,0,0,0.0066203736
a06,120,0,0,0.0061784796
a06,121,0,0,0.0033144807
a06,122,0,0,0.005612242
a06,123,0,0,0.004470695
a06,124,0,0,0.005102352
a06,125,0,0,0.009361562
a06,126,0,0,0.0035549488
a06,127,0,0,0.007239683
a06,128,0,0,0.006119663
a06,129,0,0,0.06907479
a06,130,0,0,0.005972418
a06,131,0,0,0.0047949874
a06,132,0,0,0.0061677
a06,133,0,0,0.009688216
a06,134,0,0,0.003296813
a06,135,0,0,0.00786612
a06,136,0,0,0.0064289737
a06,137,0,0,0.0067645526
a06,138,0,0,0.00744599
a06,139,0,0,0.0056908317
a06,140,0,0,0.009554832
a06,141,0,0,0.010507161
a06,142,0,0,0.0021553894
a06,143,0,0,0.005154598
a06,144,0,0,0.33146477
a06,145,1,0,0.012831406
a06,146,1,0,0.009380468
a06,147,1,0,0.19863413
a06,148,1,0,0.034393918
a06,149,1,0,0.011194666
a06,150,1,0,0.26181927
a06,151,1,0,0.16507685
a06,152,1,0,0.020993417
a06,153,1,0,0.072560556
a06,154,1,0,0.0582778
a06,155,1,0,0.011872097
a06,156,1,0,0.020334195
a06,157,1,0,0.44866046
a06,158,1,0,0.0135645475
a06,159,1,0,0.06468272
a06,160,1,0,0.0053971363
a06,161,1,0,0.030150687
a06,162,1,0,0.015602898
a06,163,1,0,0.006925026
a06,164,1,0,0.045437675
a06,165,1,0,0.18467665
a06,166,1,0,0.14716038
a06,167,1,0,0.0065638293
a06,168,1,0,0.019073376
a06,169,1,0,0.046426274
a06,170,1,0,0.057134762
a06,171,1,0,0.043318603
a06,172,1,0,0.14250058
a06,173,1,0,0.10264257
a06,174,1,0,0.042696483
a06,175,1,0,0.01540081
a06,176,1,0,0.06608718
a06,177,1,0,0.080287516
a06,178,1,0,0.25061595
a06,179,1,0,0.0038300124
a06,180,0,0,0.023108685
a06,181,0,0,0.012861071
a06,182,0,0,0.0040766317
a06,183,0,0,0.14221923
a06,184,0,0,0.008479103
a06,185,0,0,0.0074804076
a06,186,0,0,0.0028187018
a06,187,0,0,0.0041656685
a06,188,0,0,0.009515369
a06,189,0,0,0.006550951
a06,190,0,0,0.011243749
a06,191,1,0,0.010374862
a06,192,1,0,0.02182019
a06,193,1,0,0.03292572
a06,194,1,0,0.018752316
a06,195,1,0,0.02604223
a06,196,1,0,0.06733747
a06,197,1,0,0.02414326
a06,198,1,0,0.010602579
a06,199,1,0,0.045867257
a06,200,1,0,0.05375376
a06,201,1,0,0.032624453
a06,202,1,0,0.029481482
a06,203,1,0,0.13021132
a06,204,1,0,0.020683933
a06,205,1,0,0.020190455
a06,206,1,0,0.012881409
a06,207,1,0,0.013149687
a06,208,1,0,0.040650554
a06,209,1,0,0.025587758
a06,210,1,0,0.0143224355
a06,211,1,0,0.027308809
a06,212,1,0,0.045307845
a06,213,1,0,0.048750643
a06,214,1,0,0.16618977
a06,215,1,0,0.028803818
a06,216,1,0,0.003838844
a06,217,1,0,0.024192352
a06,218,1,0,0.017459933
a06,219,1,0,0.0072402963
a06,220,1,0,0.012682354
a06,221,1,0,0.012257031
a06,222,1,0,0.0083932225
a06,223,1,0,0.010778821
a06,224,1,0,0.0341829
a06,225,0,0,0.007069523
a06,226,0,0,0.010251161
a06,227,0,0,0.01536568
a06,228,0,0,0.010725823
a06,229,0,0,0.0072691375
a06,230,0,0,0.005459521
a06,231,0,0,0.012080195
a06,232,0,0,0.012754377
a06,233,0,0,0.03176224
a06,234,0,0,0.031847842
a06,235,0,0,0.015936358
a06,236,0,0,0.055202056
a06,237,0,0,0.018350601
a06,238,0,0,0.011581506
a06,239,0,0,0.0038244238
a06,240,0,0,0.0053712837
a06,241,0,0,0.01254489
a06,242,0,0,0.008122665
a06,243,0,0,0.0035420323
a06,244,0,0,0.009873845
a06,245,0,0,0.006951454
a06,246,0,0,0.0043764655
a06,247,0,0,0.0059170625
a06,248,0,0,0.0029694128
a06,249,0,0,0.0025112496
a06,250,0,0,0.0040275687
a06,251,0,0,0.007583752
a06,252,0,0,0.006848005
a06,253,0,0,0.005646573
a06,254,0,0,0.008720922
a06,255,0,0,0.0042447704
a06,256,0,0,0.006309424
a06,257,0,0,0.003368752
a06,258,0,0,0.010850998
a06,259,0,0,0.15434933
a06,260,1,0,0.4398321
a06,261,1,0,0.2372388
a06,262,1,0,0.045934997
a06,263,1,0,0.08541689
a06,264,1,0,0.06741164
a06,265,1,0,0.025748726
a06,266,1,0,0.1568532
a06,267,1,0,0.004735915
a06,268,0,0,0.00519087
a06,269,0,0,0.055737425
a06,270,0,0,0.006762493
a06,271,0,0,0.003149244
a06,272,0,0,0.0019488595
a06,273,0,0,0.0043008234
a06,274,0,0,0.0029688114
a06,275,0,0,0.0018707766
a06,276,0,0,0.0023211618
a06,277,0,0,0.00456954
a06,278,0,0,0.0047088685
a06,279,0,0,0.003462362
a06,280,0,0,0.0026260128
a06,281,0,0,0.013241687
a06,282,0,0,0.005683667
a06,283,0,0,0.009106518
a06,284,0,0,0.0066076294
a06,285,0,0,0.0069231763
a06,286,0,0,0.004660236
a06,287,0,0,0.0071397256
a06,288,0,0,0.009083192
a06,289,0,0,0.009600965
a06,290,0,0,0.0027351126
a06,291,0,0,0.007547177
a06,292,0,0,0.0042487266
a06,293,0,0,0.0028449055
a06,294,0,0,0.0051547107
a06,295,0,0,0.0028613338
a06,296,0,0,0.009825833
a06,297,0,0,0.008633679
a06,298,0,0,0.006369145
a06,299,0,0,0.0077298125
a06,300,0,0,0.0025461356
a06,301,0,0,0.0043877703
a06,302,0,0,0.0037793953
a06,303,0,0,0.003102728
a06,304,0,0,0.004362527
a06,305,0,0,0.28554976
a06,306,1,0,0.018458748
a06,307,1,0,0.030656453
a06,308,1,0,0.14469033
a06,309,1,0,0.04159673
a06,310,1,0,0.09280099
a06,311,1,0,0.0331923
a06,312,1,0,0.04752446
a06,313,1,0,0.114168435
a06,314,1,0,0.05660566
a06,315,1,0,0.02045545
a06,316,0,0,0.006917095
a06,317,0,0,0.005245675
a06,318,0,0,0.0052876677
a06,319,0,0,0.004688206
a06,320,0,0,0.017853947
a06,321,0,0,0.0028747576
a06,322,0,0,0.0038744502
a06,323,0,0,0.0023273672
a06,324,0,0,0.011477487
a06,325,0,0,0.004149145
a06,326,0,0,0.0040526805
a06,327,0,0,0.0047342563
a06,328,0,0,0.35131386
a06,329,1,0,0.007224079
a06,330,1,0,0.008134401
a06,331,1,0,0.0057959203
a06,332,1,0,0.4741222
a06,333,0,0,0.013155659
a06,334,0,0,0.0043350467
a06,335,0,0,0.011617608
a06,336,0,0,0.0027505946
a06,337,0,0,0.0057004965
a06,338,0,0,0.011302308
a06,339,0,0,0.005760607
a06,340,0,0,0.008112026
a06,341,0,0,0.0042047105
a06,342,0,0,0.017383229
a06,343,1,0,0.00975295
a06,344,1,0,0.012106361
a06,345,1,0,0.012034709
a06,346,1,0,0.009389782
a06,347,1,0,0.24693258
a06,348,1,0,0.010529767
a06,349,1,0,0.21461819
a06,350,1,0,0.026270835
a06,351,1,0,0.06090282
a06,352,1,0,0.16773133
a06,353,1,0,0.014755771
a06,354,1,0,0.046394955
a06,355,1,0,0.02035227
a06,356,1,0,0.06451166
a06,357,1,0,0.01119718
a06,358,1,0,0.05135949
a06,359,1,0,0.31218085
a06,360,1,0,0.0032100896
a06,361,1,0,0.004682571
a06,362,1,0,0.0038536298
a06,363,1,0,0.0053993994
a06,364,1,0,0.00721985
a06,365,1,0,0.007815101
a06,366,1,0,0.03395151
a06,367,1,0,0.010560296
a06,368,1,0,0.022285338
a06,369,1,0,0.0064325994
a06,370,1,0,0.013902123
a06,371,1,0,0.021588631
a06,372,1,0,0.008413507
a06,373,1,0,0.015074702
a06,374,1,0,0.010193306
a06,375,1,0,0.010550086
a06,376,1,0,0.034981743
a06,377,1,0,0.06852797
a06,378,1,0,0.19731852
a06,379,1,0,0.11139383
a06,380,1,0,0.11333712
a06,381,1,0,0.013770377
a06,382,1,0,0.0055646556
a06,383,1,0,0.008713748
a06,384,1,0,0.006664416
a06,385,1,0,0.09479595
a06,386,1,0,0.011359234
a06,387,1,0,0.0064400793
a06,388,1,0,0.012104177
a06,389,1,0,0.2234829
a06,390,0,1,0.6190945
a06,391,0,0,0.06355031
a06,392,0,0,0.29490486
a06,393,0,0,0.20762265
a06,394,0,0,0.0716916
a06,395,0,0,0.0061160126
a06,396,0,0,0.09018396
a06,397,0,0,0.36542422
a06,398,0,0,0.020295875
a06,399,0,0,0.16564417
a06,400,0,0,0.067477375
a06,401,0,1,0.5611267
a06,402,0,0,0.06263501
a06,403,0,0,0.030687911
a06,404,0,0,0.05554146
a06,405,0,0,0.042033758
a06,406,0,0,0.029569773
a06,407,0,0,0.027062938
a06,408,0,0,0.03292539
a06,409,0,0,0.3770113
a06,410,0,0,0.027522678
a06,411,0,0,0.017298741
a06,412,0,0,0.031758856
a06,413,0,0,0.009607402
a06,414,0,0,0.022065068
a06,415,0,0,0.16052978
a06,416,0,0,0.033312384
a06,417,0,0,0.11020521
a06,418,0,0,0.10819259
a06,419,0,0,0.018646697
a06,420,0,0,0.015987393
a06,421,0,0,0.049111612
a06,422,0,0,0.03648927
a06,423,0,0,0.020314647
a06,424,0,0,0.0432845
a06,425,0,0,0.021466099
a06,426,0,0,0.008668112
a06,427,0,0,0.0070094615
a06,428,0,0,0.018624686
a06,429,0,0,0.004868217
a06,430,0,0,0.00778227
a06,431,0,0,0.0062643765
a06,432,0,0,0.005151428
a06,433,0,0,0.027370768
a06,434,0,0,0.08543513
a06,435,0,0,0.018143874
a06,436,0,0,0.015291591
a06,437,0,0,0.43156767
a06,438,0,0,0.011218735
a06,439,0,0,0.39663643
a06,440,1,0,0.022476433
a06,441,1,0,0.10707477
a06,442,1,0,0.06097278
a06,443,1,0,0.039298438
a06,444,1,0,0.053786185
a06,445,1,0,0.033897884
a06,446,1,0,0.1644304
a06,447,1,0,0.09679818
a06,448,1,0,0.20920579
a06,449,1,0,0.048491206
a06,450,0,0,0.021566227
a06,451,0,0,0.0046182773
a06,452,0,0,0.0033896223
a06,453,0,0,0.003597966
a06,454,0,0,0.004882921
a06,455,0,0,0.0071957773
a06,456,0,0,0.0041694976
a06,457,0,0,0.0022809415
a06,458,0,0,0.0034149105
a06,459,0,0,0.009065621
a06,460,0,0,0.0068927445
a06,461,0,0,0.0042963373
a06,462,0,0,0.006628428
a06,463,0,0,0.016763933
a06,464,0,0,0.010387387
a06,465,0,0,0.008568909
a06,466,0,0,0.0068093115
a06,467,0,0,0.007627748
a06,468,0,0,0.0112278685
a06,469,1,0,0.0034992725
a06,470,1,0,0.019130085
a06,471,1,0,0.0049964497
a06,472,1,0,0.085379995
a06,473,1,0,0.023314737
a06,474,1,0,0.008101636
a06,475,1,0,0.013031396
a06,476,1,0,0.010472845
a06,477,1,0,0.0072985655
a06,478,0,0,0.0061987154
a06,479,0,0,0.009197869
a06,480,0,0,0.010434928
a06,481,0,0,0.011821763
a06,482,0,0,0.0046600155
a06,483,0,0,0.0047893086
a06,484,1,0,0.0134575665
a06,485,1,0,0.013257802
a06,486,1,0,0.008188898
a06,487,1,0,0.0028085862
a06,488,1,0,0.003796491
a06,489,1,0,0.00490881
a06,490,1,0,0.2655431
a06,491,1,0,0.07203531
a06,492,1,0,0.055444427
a06,493,1,0,0.35271764
a06,494,1,1,0.60843784
a06,495,1,0,0.014114974
a06,496,1,0,0.052164398
a06,497,1,1,0.7220177
a06,498,1,0,0.007467161
a06,499,1,0,0.008661656
a06,500,1,0,0.018629733
a06,501,1,0,0.003729218
a06,502,1,0,0.12694632
a06,503,1,0,0.022816576
a06,504,1,0,0.15536076
a06,505,1,0,0.010949328
a06,506,1,0,0.0155879855
a06,507,0,0,0.18529728
a06,508,0,0,0.08734389
a06,509,0,0,0.21429321
a07,1,0,0,0.18203674
a07,2,1,0,0.25149304
a07,3,1,0,0.21296638
a07,4,0,0,0.12361202
a07,5,0,1,0.6103567
a07,6,0,0,0.13399795
a07,7,0,1,0.5836564
a07,8,0,0,0.27707583
a07,9,0,1,0.5260579
a07,10,0,0,0.27351552
a07,11,0,1,0.55219054
a07,12,0,1,0.6643193
a07,13,0,0,0.15699318
a07,14,0,0,0.3124959
a07,15,0,0,0.20321992
a07,16,0,0,0.18296383
a07,17,0,0,0.17022741
a07,18,0,1,0.5671679
a07,19,0,0,0.18939596
a07,20,0,0,0.092830636
a07,21,0,0,0.39795846
a07,22,0,0,0.17235999
a07,23,0,0,0.18998198
a07,24,0,0,0.18821044
a07,25,0,1,0.5944847
a07,26,1,0,0.11527116
a07,27,1,0,0.10578049
a07,28,0,0,0.20005883
a07,29,0,0,0.4629433
a07,30,0,0,0.22860576
a07,31,0,0,0.43211484
a07,32,0,0,0.14058398
a07,33,1,0,0.38467756
a07,34,0,0,0.106759176
a07,35,0,0,0.24731088
a07,36,0,1,0.56006485
a07,37,1,0,0.31934994
a07,38,0,0,0.432838
a07,39,0,0,0.26538
a07,40,0,0,0.1887386
a07,41,0,0,0.43923378
a07,42,0,0,0.21964338
a07,43,1,1,0.822725
a07,44,0,0,0.34085906
a07,45,0,0,0.28564832
a07,46,0,0,0.18555242
a07,47,0,1,0.55254066
a07,48,0,1,0.7842383
a07,49,0,0,0.40553027
a07,50,0,0,0.149563
a07,51,0,0,0.2608966
a07,52,0,0,0.14782555
a07,53,0,0,0.13600792
a07,54,0,0,0.3263065
a07,55,1,0,0.44956097
a07,56,1,0,0.2551364
a07,57,1,1,0.8093358
a07,58,1,0,0.36027965
a07,59,1,0,0.16154392
a07,60,1,0,0.30509338
a07,61,1,0,0.08475941
a07,62,1,0,0.14658983
a07,63,1,1,0.55562204
a07,64,1,0,0.38498014
a07,65,1,0,0.23034987
a07,66,1,1,0.70354986
a07,67,1,0,0.17855328
a07,68,1,0,0.26089752
a07,69,1,0,0.14795828
a07,70,1,0,0.31261316
a07,71,1,1,0.68940276
a07,72,1,0,0.110809356
a07,73,1,0,0.39907518
a07,74,1,0,0.13029999
a07,75,0,0,0.18011628
a07,76,0,0,0.15243013
a07,77,0,0,0.13697748
a07,78,0,0,0.17549032
a07,79,0,1,0.8072032
a07,80,0,0,0.45711157
a07,81,0,1,0.51560915
a07,82,0,1,0.76053953
a07,83,0,0,0.34000298
a07,84,0,0,0.2935995
a07,85,0,0,0.13920867
a07,86,0,1,0.50295645
a07,87,0,0,0.030798737
a07,88,0,0,0.12975074
a07,89,0,0,0.0778188
a07,90,0,0,0.33726102
a07,91,0,0,0.08413634
a07,92,0,1,0.5115922
a07,93,0,0,0.15398338
a07,94,0,0,0.36115167
a07,95,1,0,0.34712863
a07,96,1,0,0.17144431
a07,97,1,1,0.71652526
a07,98,1,0,0.18820879
a07,99,1,1,0.8022806
a07,100,1,1,0.55145264
a07,101,0,0,0.18024929
a07,102,0,0,0.3211261
a07,103,0,0,0.27451652
a07,104,0,0,0.13282448
a07,105,0,0,0.28545907
a07,106,0,1,0.5862771
a07,107,0,0,0.22288848
a07,108,0,0,0.41576523
a07,109,0,0,0.2312491
a07,110,0,1,0.54476583
a07,111,0,0,0.36086908
a07,112,0,0,0.398437
a07,113,0,0,0.35831046
a07,114,0,0,0.384696
a07,115,0,1,0.62621385
a07,116,0,1,0.6785931
a07,117,0,1,0.5060024
a07,118,0,0,0.3998993
a07,119,0,0,0.27155513
a07,120,0,0,0.43533474
a07,121,0,0,0.24299699
a07,122,0,0,0.09871912
a07,123,0,0,0.27455965
a07,124,0,0,0.47040245
a07,125,0,1,0.5315957
a07,126,0,0,0.31212148
a07,127,0,0,0.13274305
a07,128,0,0,0.21018694
a07,129,0,0,0.15235782
a07,130,0,0,0.13676837
a07,131,0,0,0.34631613
a07,132,0,0,0.2314508
a07,133,0,0,0.1748368
a07,134,0,0,0.34589842
a07,135,0,0,0.07248255
a07,136,0,0,0.093780376
a07,137,0,0,0.44357115
a07,138,0,0,0.15841255
a07,139,0,1,0.718086
a07,140,0,1,0.71473753
a07,141,0,0,0.2717072
a07,142,0,0,0.1807296
a07,143,0,0,0.40671894
a07,144,0,0,0.40224868
a07,145,1,1,0.8000407
a07,146,1,0,0.34396753
a07,147,1,1,0.7474716
a07,148,1,1,0.6684333
a07,149,1,0,0.22444849
a07,150,1,1,0.5624677
a07,151,1,0,0.39816564
a07,152,1,1,0.72110224
a07,153,1,0,0.46798748
a07,154,1,0,0.35754558
a07,155,1,0,0.47545502
a07,156,1,0,0.3988504
a07,157,1,1,0.6299405
a07,158,1,1,0.89764005
a07,159,1,1,0.5653364
a07,160,1,1,0.89921486
a07,161,1,1,0.680471
a07,162,1,1,0.70931697
a07,163,1,1,0.71910435
a07,164,0,1,0.7551111
a07,165,1,1,0.63847125
a07,166,1,1,0.7354939
a07,167,1,1,0.6978453
a07,168,0,1,0.73290557
a07,169,0,1,0.6520953
a07,170,0,0,0.20350389
a07,171,0,1,0.70895416
a07,172,0,1,0.8586429
a07,173,0,1,0.80028385
a07,174,1,1,0.76697946
a07,175,1,1,0.5970948
a07,176,1,1,0.62050474
a07,177,1,1,0.81807035
a07,178,1,1,0.7142564
a07,179,1,1,0.743916
a07,180,1,1,0.7403104
a07,181,1,1,0.6098998
a07,182,1,0,0.13823764
a07,183,1,0,0.099509895
a07,184,1,1,0.62132156
a07,185,1,0,0.49875155
a07,186,1,1,0.50439006
a07,187,1,1,0.652143
a07,188,1,0,0.47325704
a07,189,1,1,0.64777464
a07,190,1,1,0.6203505
a07,191,1,1,0.83662593
a07,192,1,0,0.4512513
a07,193,1,1,0.8727202
a07,194,1,0,0.38258427
a07,195,1,1,0.6964072
a07,196,1,1,0.76356196
a07,197,1,1,0.5617519
a07,198,1,1,0.66710997
a07,199,1,1,0.8405878
a07,200,1,1,0.83203304
a07,201,1,1,0.6091288
a07,202,1,1,0.88242656
a07,203,1,1,0.72051173
a07,204,1,1,0.648332
a07,205,1,1,0.88581437
a07,206,1,1,0.78766286
a07,207,1,1,0.87210727
a07,208,1,1,0.82963806
a07,209,1,1,0.7844004
a07,210,1,1,0.6606366
a07,211,1,1,0.6325241
a07,212,1,1,0.8736841
a07,213,1,1,0.8822008
a07,214,1,1,0.7591387
a07,215,1,1,0.8300596
a07,216,1,1,0.87654704
a07,217,1,0,0.43254757
a07,218,1,1,0.79699737
a07,219,1,1,0.87574583
a07,220,1,1,0.8714799
a07,221,1,1,0.84481794
a07,222,1,1,0.76512164
a07,223,1,1,0.6977102
a07,224,1,1,0.50662786
a07,225,1,1,0.7723944
a07,226,1,1,0.80333817
a07,227,1,1,0.6077725
a07,228,1,1,0.73276794
a07,229,1,1,0.8880862
a07,230,1,0,0.21144716
a07,231,1,1,0.8186048
a07,232,1,0,0.2845871
a07,233,1,1,0.7443005
a07,234,1,1,0.6831958
a07,235,1,0,0.27099413
a07,236,1,0,0.20059174
a07,237,1,0,0.38811105
a07,238,1,1,0.5559923
a07,239,1,0,0.15751237
a07,240,1,0,0.40971762
a07,241,1,0,0.47726944
a07,242,1,0,0.15455794
a07,243,1,1,0.72245157
a07,244,1,0,0.40090308
a07,245,1,1,0.5354508
a07,246,1,0,0.32812208
a07,247,1,1,0.69197035
a07,248,1,1,0.8760009
a07,249,1,1,0.68348676
a07,250,1,0,0.49589825
a07,251,1,1,0.6428567
a07,252,1,1,0.6876845
a07,253,1,1,0.64668614
a07,254,1,1,0.6359199
a07,255,1,0,0.4831516
a07,256,1,1,0.65115404
a07,257,1,0,0.19384106
a07,258,1,1,0.67268705
a07,259,1,1,0.74875
a07,260,1,0,0.17360935
a07,261,1,1,0.5906868
a07,262,1,1,0.5766261
a07,263,1,0,0.46854115
a07,264,1,0,0.19416296
a07,265,1,1,0.52491915
a07,266,1,1,0.5635703
a07,267,1,1,0.52481955
a07,268,1,0,0.47447297
a07,269,1,1,0.83472514
a07,270,1,0,0.3546185
a07,271,1,0,0.44767317
a07,272,1,1,0.7252681
a07,273,1,0,0.10097758
a07,274,1,1,0.57176626
a07,275,1,1,0.7530962
a07,276,1,0,0.18928874
a07,277,1,1,0.59553593
a07,278,1,1,0.78979385
a07,279,0,1,0.5856511
a07,280,0,0,0.44763684
a07,281,0,0,0.41484398
a07,282,1,1,0.5942088
a07,283,1,1,0.55969495
a07,284,1,1,0.7663574
a07,285,1,1,0.5891173
a07,286,1,1,0.67173016
a07,287,1,1,0.8867678
a07,288,0,0,0.18212016
a07,289,0,0,0.1030964
a07,290,0,1,0.55509156
a07,291,0,1,0.5005226
a07,292,0,1,0.5648267
a07,293,0,1,0.636484
a07,294,1,1,0.7595263
a07,295,1,1,0.8519237
a07,296,1,1,0.8579164
a07,297,1,1,0.7702653
a07,298,1,1,0.78931934
a07,299,1,1,0.5510323
a07,300,1,1,0.85008913
a07,301,1,1,0.6046233
a07,302,1,1,0.57889056
a07,303,1,1,0.83411545
a07,304,1,1,0.7520326
a07,305,0,1,0.74729663
a07,306,0,0,0.09937849
a07,307,0,0,0.109294586
a07,308,0,0,0.37721595
a07,309,0,1,0.5542054
a07,310,1,1,0.620734
a07,311,1,1,0.52301663
a07,312,1,1,0.730197
a07,313,1,0,0.46595922
a07,314,1,0,0.41176784
a07,315,1,1,0.5912886
a07,316,1,0,0.1817161
a07,317,1,1,0.7580321
a07,318,1,1,0.74543464
a07,319,1,1,0.80291194
a07,320,1,1,0.8563212
a07,321,1,1,0.86924005
a07,322,1,1,0.7424963
a07,323,1,1,0.7486054
a07,324,1,1,0.67452556
a07,325,1,0,0.12392835
a07,326,1,1,0.74689
a07,327,1,0,0.28089157
a07,328,1,1,0.8490457
a07,329,1,0,0.28188962
a07,330,1,0,0.34586123
a07,331,1,1,0.74317634
a07,332,1,1,0.64015627
a07,333,1,1,0.71869683
a07,334,1,1,0.58651096
a07,335,1,1,0.7685272
a07,336,1,1,0.70239943
a07,337,1,1,0.6320262
a07,338,1,1,0.7597494
a07,339,1,1,0.72743165
a07,340,1,1,0.66945827
a07,341,1,0,0.3187465
a07,342,1,1,0.6410004
a07,343,1,1,0.70584774
a07,344,0,1,0.5761314
a07,345,0,0,0.2873192
a07,346,0,0,0.028109564
a07,347,0,0,0.32450897
a07,348,0,0,0.2389514
a07,349,0,0,0.12545614
a07,350,0,0,0.40381563
a07,351,0,0,0.4473074
a07,352,0,0,0.40957713
a07,353,0,1,0.61426824
a07,354,0,0,0.46980622
a07,355,0,0,0.14700687
a07,356,1,1,0.8220167
a07,357,1,1,0.740382
a07,358,1,0,0.456886
a07,359,1,0,0.47888097
a07,360,1,1,0.660655
a07,361,1,0,0.43635505
a07,362,1,1,0.6160155
a07,363,1,1,0.7275872
a07,364,1,1,0.75572604
a07,365,1,1,0.68630594
a07,366,1,1,0.7844673
a07,367,1,1,0.6868426
a07,368,1,1,0.6956439
a07,369,1,1,0.8681277
a07,370,1,0,0.1987054
a07,371,1,1,0.5368093
a07,372,1,0,0.43468803
a07,373,1,1,0.6822459
a07,374,1,1,0.5957491
a07,375,1,1,0.63217586
a07,376,1,1,0.7763653
a07,377,1,1,0.8789146
a07,378,0,1,0.5948769
a07,379,0,1,0.6901559
a07,380,1,1,0.83270055
a07,381,1,1,0.7990775
a07,382,1,0,0.44891086
a07,383,1,1,0.78206295
a07,384,1,1,0.6979916
a07,385,1,0,0.31111592
a07,386,0,0,0.19851653
a07,387,1,1,0.8602193
a07,388,1,1,0.8633872
a07,389,1,0,0.4156616
a07,390,1,0,0.48021606
a07,391,0,1,0.5684442
a07,392,1,1,0.84903497
a07,393,0,1,0.820159
a07,394,0,1,0.7676399
a07,395,0,0,0.3443319
a07,396,0,0,0.25718528
a07,397,0,0,0.15192014
a07,398,0,0,0.46555498
a07,399,1,1,0.5459794
a07,400,1,1,0.6801491
a07,401,0,1,0.5732867
a07,402,1,1,0.8179787
a07,403,0,1,0.7695621
a07,404,1,1,0.8477332
a07,405,1,0,0.36397722
a07,406,0,1,0.56733054
a07,407,0,0,0.22527891
a07,408,0,1,0.78593326
a07,409,0,1,0.6224629
a07,410,0,0,0.4031452
a07,411,0,0,0.25873017
a07,412,0,1,0.8112055
a07,413,0,0,0.24200206
a07,414,0,0,0.25619513
a07,415,0,0,0.23492353
a07,416,0,0,0.2387274
a07,417,0,0,0.1430233
a07,418,0,0,0.14016442
a07,419,1,0,0.23074879
a07,420,1,0,0.2166955
a07,421,1,0,0.27846882
a07,422,1,1,0.55686516
a07,423,1,1,0.5360772
a07,424,1,0,0.32257923
a07,425,1,0,0.089765966
a07,426,0,0,0.47158858
a07,427,0,0,0.4859175
a07,428,0,0,0.29054555
a07,429,0,0,0.3393222
a07,430,0,0,0.18517172
a07,431,0,0,0.15550469
a07,432,0,0,0.14383669
a07,433,0,0,0.18464817
a07,434,0,0,0.3163996
a07,435,0,0,0.069939375
a07,436,0,0,0.057433624
a07,437,0,0,0.44862312
a07,438,0,1,0.77688223
a07,439,1,1,0.7363893
a07,440,1,1,0.5710941
a07,441,1,0,0.47367212
a07,442,1,1,0.77777106
a07,443,1,1,0.50390154
a07,444,1,0,0.4304774
a07,445,1,1,0.7400252
a07,446,1,0,0.3419733
a07,447,1,0,0.31386292
a07,448,1,1,0.53963524
a07,449,1,1,0.57108945
a07,450,1,1,0.6983769
a07,451,1,1,0.7777212
a07,452,1,0,0.24999207
a07,453,1,1,0.8667615
a07,454,1,1,0.55976284
a07,455,1,1,0.80149317
a07,456,1,1,0.7702601
a07,457,1,1,0.6810241
a07,458,1,1,0.75814724
a07,459,1,1,0.54996353
a07,460,1,1,0.7170252
a07,461,1,1,0.71630794
a07,462,1,1,0.67494905
a07,463,1,1,0.7739892
a07,464,1,0,0.05689291
a07,465,1,1,0.74183226
a07,466,1,1,0.6701684
a07,467,1,1,0.78889716
a07,468,1,1,0.7313259
a07,469,1,0,0.4057596
a07,470,1,0,0.30168998
a07,471,1,1,0.5579111
a07,472,1,1,0.8394309
a07,473,1,1,0.7774317
a07,474,1,0,0.42591318
a07,475,1,1,0.65265685
a07,476,1,1,0.73990774
a07,477,0,1,0.8725748
a07,478,0,1,0.6438285
a07,479,0,0,0.26623031
a07,480,0,1,0.5031288
a07,481,0,0,0.3627103
a07,482,0,0,0.08492172
a07,483,1,1,0.5686122
a07,484,1,0,0.09517692
a07,485,1,0,0.34673372
a07,486,1,0,0.22589137
a07,487,1,0,0.39359802
a07,488,1,0,0.078772046
a07,489,1,0,0.4895922
a07,490,1,0,0.4024761
a07,491,1,0,0.08955939
a07,492,1,1,0.59027606
a07,493,1,1,0.5826652
a07,494,1,1,0.5040488
a07,495,1,0,0.15127459
a07,496,1,1,0.592252
a07,497,1,1,0.6767989
a07,498,1,1,0.5036352
a07,499,1,1,0.5507311
a07,500,1,1,0.5654685
a07,501,1,1,0.87197745
a07,502,1,1,0.77799594
a07,503,1,0,0.4380327
a07,504,1,1,0.55425483
a07,505,1,0,0.19473061
a07,506,1,0,0.25097436
a07,507,1,1,0.75819176
a07,508,1,0,0.3837637
a07,509,1,0,0.48253974
a07,510,1,0,0.15282667
a08,1,0,0,4.2802458e-05
a08,2,0,0,3.6294387e-05
a08,3,0,0,3.4952853e-05
a08,4,0,0,5.4134736e-05
a08,5,0,0,5.779202e-05
a08,6,0,0,3.2007287e-05
a08,7,0,0,3.0727795e-05
a08,8,0,0,2.6338066e-05
a08,9,0,0,3.899513e-05
a08,10,0,0,2.8809853e-05
a08,11,0,0,3.8976654e-05
a08,12,0,0,3.9906095e-05
a08,13,0,0,0.00068224664
a08,14,0,0,3.1380387e-05
a08,15,0,0,0.00013850808
a08,16,0,0,5.25272e-05
a08,17,0,0,4.9306083e-05
a08,18,0,0,4.219624e-05
a08,19,0,0,3.6907182e-05
a08,20,0,0,3.1917763e-05
a08,21,0,0,3.756939e-05
a08,22,0,0,3.126798e-05
a08,23,0,0,4.2186944e-05
a08,24,0,0,4.1509284e-05
a08,25,0,0,3.2851865e-05
a08,26,0,0,5.7637906e-05
a08,27,0,0,9.9883255e-05
a08,28,0,0,6.942213e-05
a08,29,0,0,8.583491e-05
a08,30,0,0,5.387795e-05
a08,31,0,0,3.6113026e-05
a08,32,0,0,0.00042945278
a08,33,1,0,0.0013403656
a08,34,1,0,0.0008132922
a08,35,1,0,0.0007328102
a08,36,1,0,0.00043866987
a08,37,1,0,0.00041505773
a08,38,1,0,0.0004995817
a08,39,0,0,5.014224e-05
a08,40,0,0,0.0004715219
a08,41,1,0,8.044599e-05
a08,42,1,0,0.0001609959
a08,43,0,0,9.7122815e-05
a08,44,0,0,4.80087e-05
a08,45,0,0,3.3680808e-05
a08,46,0,0,8.871826e-05
a08,47,0,0,5.1629955e-05
a08,48,0,0,5.019726e-05
a08,49,0,0,7.849753e-05
a08,50,0,0,9.934097e-05
a08,51,0,0,0.00025660783
a08,52,0,0,9.837669e-05
a08,53,0,0,0.00012300455
a08,54,0,0,0.0005597395
a08,55,0,0,0.0005312362
a08,56,0,0,0.00038664977
a08,57,0,0,0.00026999452
a08,58,0,0,0.0010911548
a08,59,0,0,7.579402e-05
a08,60,1,0,0.005102882
a08,61,1,0,0.0039293426
a08,62,0,0,3.831627e-05
a08,63,1,0,0.00015628472
a08,64,1,0,0.00023818966
a08,65,0,0,7.795774e-05
a08,66,0,0,0.0003868242
a08,67,0,0,3.836845e-05
a08,68,0,0,0.00049307244
a08,69,0,0,5.0914052e-05
a08,70,0,0,3.9121438e-05
a08,71,0,0,3.7151898e-05
a08,72,0,0,0.0007251052
a08,73,0,0,0.0006334984
a08,74,0,0,0.0013447553
a08,75,1,0,0.002348776
a08,76,0,0,0.0003187991
a08,77,0,0,0.0044352747
a08,78,0,0,0.0005615098
a08,79,0,0,0.0017082137
a08,80,1,0,0.0039945124
a08,81,1,0,0.00024261861
a08,82,0,0,0.00015344033
a08,83,0,0,0.000122922
a08,84,0,0,0.0025132224
a08,85,0,0,0.00062494335
a08,86,0,0,0.0008353867
a08,87,1,0,0.00032443707
a08,88,1,0,0.00059676974
a08,89,0,0,0.0053378507
a08,90,1,0,0.0012702855
a08,91,1,0,0.00029400873
a08,92,1,0,0.0008661143
a08,93,0,0,0.0003119647
a08,94,1,0,0.0009377179
a08,95,1,0,0.00078995485
a08,96,1,0,0.0009923413
a08,97,1,0,0.001317971
a08,98,1,0,0.00011885799
a08,99,1,0,0.001955409
a08,100,1,0,0.00026108525
a08,101,1,0,0.0032819426
a08,102,0,0,0.0003312076
a08,103,0,0,6.048817e-05
a08,104,0,0,5.262271e-05
a08,105,1,0,5.578195e-05
a08,106,1,0,5.481421e-05
a08,107,1,0,5.696395e-05
a08,108,1,0,0.00020658669
a08,109,0,0,7.29091e-05
a08,110,0,0,3.1734206e-05
a08,111,0,0,0.00018641354
a08,112,0,0,8.05613e-05
a08,113,0,0,2.6835125e-05
a08,114,0,0,4.241551e-05
a08,115,0,0,4.2086765e-05
a08,116,0,0,4.568041e-05
a08,117,0,0,9.1292415e-05
a08,118,1,0,0.000112725334
a08,119,1,0,0.00019332963
a08,120,1,0,0.000761118
a08,121,1,0,0.00070279604
a08,122,1,0,0.000297796
a08,123,1,0,0.0001709114
a08,124,1,0,0.0006402889
a08,125,1,0,0.00057392125
a08,126,1,0,6.821212e-05
a08,127,0,0,0.0002781349
a08,128,0,0,5.3369247e-05
a08,129,1,0,5.8593887e-05
a08,130,0,0,5.712769e-05
a08,131,1,0,0.00014032883
a08,132,1,0,0.0001081412
a08,133,1,0,0.0007507145
a08,134,0,0,0.00014807463
a08,135,1,0,0.00023091587
a08,136,1,0,0.00044845432
a08,137,1,0,0.00023227344
a08,138,1,0,0.00053576444
a08,139,1,0,0.0015396909
a08,140,1,0,0.00013453452
a08,141,1,0,0.0007398401
a08,142,1,0,5.5679855e-05
a08,143,1,0,0.0004542728
a08,144,1,0,0.00027845858
a08,145,1,0,0.00022829979
a08,146,1,0,0.00011329335
a08,147,1,0,0.0003306479
a08,148,1,0,0.0003988101
a08,149,1,0,0.0012447822
a08,150,1,0,0.00022773
a08,151,1,0,0.0019348097
a08,152,1,0,0.0001253906
a08,153,1,0,0.0009214845
a08,154,1,0,0.0031196214
a08,155,1,0,0.00082787365
a08,156,1,0,0.00049394526
a08,157,1,0,0.000601893
a08,158,1,0,0.0022405803
a08,159,0,0,6.205996e-05
a08,160,0,0,0.0005469874
a08,161,1,0,0.0003094064
a08,162,1,0,0.00041555852
a08,163,1,0,6.816627e-05
a08,164,0,0,4.0191888e-05
a08,165,0,0,0.00025149615
a08,166,1,0,0.0008005355
a08,167,1,0,3.8281134e-05
a08,168,1,0,6.896665e-05
a08,169,1,0,0.00030696508
a08,170,1,0,3.960987e-05
a08,171,0,0,3.8705926e-05
a08,172,0,0,0.00029991672
a08,173,0,0,5.8766465e-05
a08,174,0,0,3.5547775e-05
a08,175,0,0,0.00012600259
a08,176,0,0,4.0731462e-05
a08,177,0,0,3.3143922e-05
a08,178,0,0,3.7827227e-05
a08,179,0,0,4.1409494e-05
a08,180,0,0,4.6452376e-05
a08,181,0,0,3.8945145e-05
a08,182,0,0,3.092912e-05
a08,183,0,0,3.146009e-05
a08,184,0,0,3.6811995e-05
a08,185,1,0,0.00021638678
a08,186,1,0,4.0974173e-05
a08,187,0,0,4.4818786e-05
a08,188,0,0,0.00041590174
a08,189,1,0,0.0001791873
a08,190,0,0,4.9599894e-05
a08,191,0,0,7.8196e-05
a08,192,0,0,2.8766226e-05
a08,193,0,0,3.34579e-05
a08,194,0,0,8.956875e-05
a08,195,0,0,4.5218385e-05
a08,196,0,0,5.046821e-05
a08,197,0,0,3.7341502e-05
a08,198,0,0,2.746949e-05
a08,199,0,0,3.1146526e-05
a08,200,0,0,3.598586e-05
a08,201,0,0,3.335958e-05
a08,202,0,0,5.0203293e-05
a08,203,0,0,3.5735327e-05
a08,204,0,0,3.2913988e-05
a08,205,0,0,3.7292608e-05
a08,206,0,0,3.2467222e-05
a08,207,0,0,5.0547154e-05
a08,208,0,0,3.3455763e-05
a08,209,0,0,3.4976558e-05
a08,210,0,0,3.6138314e-05
a08,211,0,0,4.4366072e-05
a08,212,0,0,9.700231e-05
a08,213,0,0,4.7528796e-05
a08,214,0,0,4.8149916e-05
a08,215,0,0,5.4640317e-05
a08,216,0,0,3.2136755e-05
a08,217,0,0,4.1329607e-05
a08,218,0,0,4.037983e-05
a08,219,0,0,5.2568288e-05
a08,220,0,0,0.00012254855
a08,221,0,0,9.0284695e-05
a08,222,0,0,5.6612862e-05
a08,223,0,0,0.00014029445
a08,224,0,0,2.5652236e-05
a08,225,0,0,0.00012151871
a08,226,1,0,6.6387336e-05
a08,227,0,0,6.1802115e-05
a08,228,0,0,9.8801436e-05
a08,229,0,0,3.32237e-05
a08,230,0,0,4.7614034e-05
a08,231,0,0,0.00024106633
a08,232,1,0,0.00014284355
a08,233,0,0,8.766018e-05
a08,234,0,0,0.00012276608
a08,235,0,0,7.364034e-05
a08,236,0,0,0.00033557098
a08,237,0,0,3.7067104e-05
a08,238,0,0,0.0003130292
a08,239,0,0,3.6621517e-05
a08,240,0,0,0.00019863236
a08,241,0,0,5.845414e-05
a08,242,0,0,9.031294e-05
a08,243,0,0,0.00010332297
a08,244,0,0,0.00015790173
a08,245,0,0,7.444256e-05
a08,246,0,0,4.808338e-05
a08,247,0,0,8.887712e-05
a08,248,0,0,3.8193473e-05
a08,249,0,0,7.920939e-05
a08,250,0,0,4.2229007e-05
a08,251,0,0,5.187924e-05
a08,252,0,0,7.791367e-05
a08,253,0,0,5.3057167e-05
a08,254,0,0,0.0027056965
a08,255,1,0,0.0001804554
a08,256,0,0,0.0009733903
a08,257,0,0,0.00031654042
a08,258,1,0,0.00022086775
a08,259,1,0,0.00020298213
a08,260,1,0,0.00023300985
a08,261,1,0,0.000120857585
a08,262,0,0,0.00028338283
a08,263,0,0,6.9183756e-05
a08,264,0,0,0.00017484432
a08,265,0,0,3.0006851e-05
a08,266,0,0,5.4158645e-05
a08,267,0,0,4.0282714e-05
a08,268,0,0,0.0001596336
a08,269,0,0,4.146323e-05
a08,270,0,0,3.6921087e-05
a08,271,0,0,4.848716e-05
a08,272,0,0,5.403859e-05
a08,273,0,0,9.334279e-05
a08,274,0,0,5.51926e-05
a08,275,0,0,5.7589452e-05
a08,276,0,0,7.146425e-05
a08,277,0,0,8.1574384e-05
a08,278,0,0,3.894147e-05
a08,279,0,0,5.440795e-05
a08,280,0,0,6.7902925e-05
a08,281,0,0,5.171431e-05
a08,282,0,0,0.00028342308
a08,283,1,0,6.14286e-05
a08,284,0,0,0.00038127575
a08,285,0,0,8.5960964e-05
a08,286,0,0,4.0917323e-05
a08,287,0,0,6.4188054e-05
a08,288,0,0,4.9487302e-05
a08,289,0,0,8.045313e-05
a08,290,0,0,4.2544456e-05
a08,291,0,0,6.784008e-05
a08,292,1,0,5.4943786e-05
a08,293,0,0,0.00011309626
a08,294,0,0,6.8782945e-05
a08,295,0,0,5.537892e-05
a08,296,0,0,6.373985e-05
a08,297,0,0,9.757061e-05
a08,298,1,0,0.00020957793
a08,299,1,0,0.0001395469
a08,300,1,0,0.0003472726
a08,301,1,0,0.00011731849
a08,302,1,0,0.000115371935
a08,303,1,0,0.0007299223
a08,304,1,0,8.284727e-05
a08,305,1,0,0.00019570418
a08,306,1,0,0.00035377467
a08,307,1,0,0.0056133997
a08,308,0,0,6.8512905e-05
a08,309,0,0,3.542851e-05
a08,310,0,0,0.00014452476
a08,311,0,0,3.8695147e-05
a08,312,0,0,0.0008268952
a08,313,0,0,5.5838576e-05
a08,314,0,0,0.0004923205
a08,315,0,0,0.00077768834
a08,316,0,0,0.0003162466
a08,317,0,0,0.00010815594
a08,318,0,0,0.00021351711
a08,319,0,0,5.5002925e-05
a08,320,0,0,5.222128e-05
a08,321,0,0,0.00023287261
a08,322,0,0,0.0008135119
a08,323,0,0,0.00030273836
a08,324,0,0,0.00015186278
a08,325,0,0,0.0001897384
a08,326,0,0,0.00067645276
a08,327,1,0,0.00019691147
a08,328,1,0,9.854362e-05
a08,329,0,0,0.0011102981
a08,330,1,0,0.0006823891
a08,331,1,0,0.0002460958
a08,332,1,0,0.0019729938
a08,333,1,0,0.00015282823
a08,334,1,0,0.00034427817
a08,335,1,0,0.00014492303
a08,336,1,0,0.001080274
a08,337,1,0,0.0003392712
a08,338,1,0,0.0020538715
a08,339,1,0,0.00038014486
a08,340,1,0,0.0026161864
a08,341,1,0,0.0004756543
a08,342,1,0,0.0023053633
a08,343,1,0,0.00049755553
a08,344,1,0,0.0061982833
a08,345,1,0,0.00021339867
a08,346,1,0,0.0003666656
a08,347,1,0,0.0024469376
a08,348,1,0,0.0010540753
a08,349,1,0,0.0008349427
a08,350,1,0,0.00063202303
a08,351,1,0,0.00046520375
a08,352,1,0,0.00023810861
a08,353,0,0,8.67018e-05
a08,354,0,0,6.501397e-05
a08,355,1,0,0.00037348003
a08,356,1,0,9.560992e-05
a08,357,1,0,8.8138615e-05
a08,358,1,0,0.00018795273
a08,359,1,0,8.083964e-05
a08,360,1,0,0.0004620309
a08,361,1,0,0.0008937491
a08,362,1,0,0.001986522
a08,363,0,0,4.897389e-05
a08,364,0,0,0.00054275425
a08,365,1,0,0.00027504066
a08,366,1,0,0.004436471
a08,367,1,0,4.8155704e-05
a08,368,0,0,4.0664705e-05
a08,369,0,0,5.4543536e-05
a08,370,0,0,9.1493566e-05
a08,371,0,0,0.00010073341
a08,372,0,0,5.006856e-05
a08,373,0,0,4.5209417e-05
a08,374,0,0,4.8496036e-05
a08,375,0,0,0.00011897752
a08,376,0,0,4.9681123e-05
a08,377,0,0,5.2946576e-05
a08,378,0,0,5.4061173e-05
a08,379,0,0,8.399027e-05
a08,380,0,0,4.514531e-05
a08,381,0,0,4.2433672e-05
a08,382,0,0,9.5598065e-05
a08,383,0,0,5.0116472e-05
a08,384,0,0,5.0302686e-05
a08,385,0,0,6.66347e-05
a08,386,0,0,0.00014884274
a08,387,0,0,5.7641973e-05
a08,388,0,0,6.360857e-05
a08,389,0,0,3.505199e-05
a08,390,0,0,4.225785e-05
a08,391,0,0,4.7315745e-05
a08,392,0,0,3.575244e-05
a08,393,0,0,5.188399e-05
a08,394,0,0,7.735709e-05
a08,395,0,0,4.971183e-05
a08,396,0,0,5.281259e-05
a08,397,0,0,0.00023372342
a08,398,0,0,3.4318462e-05
a08,399,0,0,6.823846e-05
a08,400,0,0,0.0014074247
a08,401,1,0,0.00045435925
a08,402,1,0,0.00016356447
a08,403,1,0,0.0011457098
a08,404,1,0,0.0006502706
a08,405,1,0,0.00038504202
a08,406,1,0,0.00022694923
a08,407,1,0,0.0007097441
a08,408,1,0,0.0012568987
a08,409,1,0,0.00014101212
a08,410,1,0,0.00027123658
a08,411,1,0,0.00038978257
a08,412,1,0,0.00041946952
a08,413,1,0,0.0012831312
a08,414,1,0,0.0012741351
a08,415,1,0,0.0066469
a08,416,1,0,0.001446009
a08,417,1,0,0.0007960962
a08,418,1,0,0.0016678467
a08,419,1,0,0.00025555966
a08,420,1,0,0.00058590417
a08,421,1,0,0.0049415994
a08,422,1,0,0.00035507284
a08,423,1,0,0.0013149381
a08,424,1,0,0.0010178728
a08,425,1,0,0.00058655796
a08,426,1,0,0.00024348972
a08,427,1,0,5.4114298e-05
a08,428,0,0,0.0010370467
a08,429,1,0,7.732973e-05
a08,430,0,0,4.6877583e-05
a08,431,0,0,4.2450432e-05
a08,432,0,0,4.6296354e-05
a08,433,0,0,3.4237917e-05
a08,434,0,0,4.003409e-05
a08,435,0,0,4.3093823e-05
a08,436,0,0,2.890471e-05
a08,437,0,0,3.7979946e-05
a08,438,0,0,3.012383e-05
a08,439,0,0,4.128056e-05
a08,440,0,0,3.4655957e-05
a08,441,0,0,3.699189e-05
a08,442,0,0,3.7741902e-05
a08,443,0,0,3.3892724e-05
a08,444,0,0,3.625882e-05
a08,445,0,0,4.03268e-05
a08,446,0,0,6.0650076e-05
a08,447,0,0,3.3649507e-05
a08,448,0,0,3.2885342e-05
a08,449,0,0,3.1730815e-05
a08,450,0,0,4.4582757e-05
a08,451,0,0,4.6390887e-05
a08,452,0,0,3.620375e-05
a08,453,0,0,0.0001127048
a08,454,0,0,0.00039842783
a08,455,0,0,0.0012169646
a08,456,1,0,0.000226605
a08,457,1,0,0.0004976551
a08,458,1,0,0.0046085506
a08,459,1,0,0.00021227077
a08,460,1,0,0.0020742964
a08,461,1,0,0.00085629825
a08,462,1,0,0.0010979394
a08,463,1,0,0.0032473044
a08,464,1,0,0.00044392736
a08,465,1,0,0.0011237299
a08,466,1,0,0.00040451947
a08,467,1,0,0.0037571054
a08,468,1,0,0.0009294098
a08,469,1,0,0.00062717224
a08,470,1,0,0.0007358357
a08,471,1,0,0.00068387017
a08,472,1,0,0.0011615315
a08,473,1,0,0.001221738
a08,474,1,0,0.0007349604
a08,475,1,0,0.0033053854
a08,476,1,0,0.0030857716
a08,477,1,0,0.00022091977
a08,478,1,0,0.00072609476
a08,479,1,0,0.0006061716
a08,480,1,0,0.00035689832
a08,481,1,0,0.0014697578
a08,482,0,0,0.00031696257
a08,483,0,0,8.6334425e-05
a08,484,0,0,0.000121251214
a08,485,0,0,0.00010684915
a08,486,0,0,0.00027764053
a08,487,0,0,4.6538175e-05
a08,488,0,0,7.038403e-05
a08,489,0,0,3.7083264e-05
a08,490,0,0,4.0660478e-05
a08,491,0,0,0.00019745914
a08,492,0,0,8.009297e-05
a08,493,0,0,4.2249467e-05
a08,494,0,0,6.0819482e-05
a08,495,0,0,5.332524e-05
a08,496,0,0,3.926481e-05
a08,497,0,0,4.8087186e-05
a08,498,0,0,0.0002665615
a08,499,0,0,3.6262456e-05
a08,500,0,0,5.1029983e-05
a09,1,0,0,0.021309119
a09,2,0,0,0.09229139
a09,3,0,1,0.6787768
a09,4,0,0,0.03259507
a09,5,0,0,0.03717347
a09,6,0,0,0.033254046
a09,7,0,0,0.03838101
a09,8,0,0,0.021533133
a09,9,0,0,0.08348664
a09,10,1,0,0.45503923
a09,11,1,0,0.22113253
a09,12,1,0,0.069801226
a09,13,1,0,0.1571761
a09,14,1,0,0.42564157
a09,15,0,0,0.3681995
a09,16,0,0,0.07396396
a09,17,1,0,0.08336016
a09,18,1,0,0.03218532
a09,19,1,0,0.068457656
a09,20,1,0,0.09582501
a09,21,1,0,0.06265723
a09,22,1,0,0.068431355
a09,23,1,0,0.06884009
a09,24,1,0,0.04572968
a09,25,0,0,0.031327613
a09,26,0,0,0.0902036
a09,27,0,0,0.036624435
a09,28,0,0,0.051246166
a09,29,0,0,0.057847694
a09,30,0,0,0.036405444
a09,31,0,0,0.03303198
a09,32,0,0,0.031779986
a09,33,0,0,0.028938372
a09,34,1,0,0.02445589
a09,35,1,0,0.036294017
a09,36,1,0,0.07060267
a09,37,1,0,0.052462336
a09,38,1,0,0.059795123
a09,39,1,0,0.03526228
a09,40,1,0,0.067378245
a09,41,1,0,0.089432314
a09,42,1,0,0.052390523
a09,43,1,0,0.062093712
a09,44,1,0,0.045067083
a09,45,1,0,0.04636431
a09,46,1,0,0.04108669
a09,47,1,0,0.05947773
a09,48,1,0,0.119301125
a09,49,1,0,0.036356647
a09,50,1,0,0.037877217
a09,51,1,0,0.031164397
a09,52,1,0,0.052340433
a09,53,1,0,0.05157986
a09,54,1,0,0.06645302
a09,55,1,0,0.043523856
a09,56,1,0,0.05172495
a09,57,1,0,0.03733494
a09,58,0,0,0.04181652
a09,59,0,0,0.06621142
a09,60,1,0,0.03648904
a09,61,1,0,0.12931848
a09,62,1,0,0.050236385
a09,63,1,0,0.06891735
a09,64,1,0,0.12204568
a09,65,1,0,0.07719252
a09,66,1,0,0.031608798
a09,67,1,0,0.044999033
a09,68,1,0,0.031676255
a09,69,1,0,0.36675572
a09,70,1,0,0.041511934
a09,71,1,0,0.02572559
a09,72,1,0,0.06825486
a09,73,1,0,0.082046345
a09,74,1,0,0.030346753
a09,75,1,0,0.28274903
a09,76,1,0,0.0712061
a09,77,1,0,0.06450307
a09,78,1,0,0.027610864
a09,79,1,0,0.047207806
a09,80,1,0,0.25608963
a09,81,1,0,0.054731384
a09,82,1,0,0.08169346
a09,83,1,0,0.14827354
a09,84,1,0,0.1460669
a09,85,1,0,0.12057704
a09,86,1,0,0.16364984
a09,87,1,0,0.124503
a09,88,1,0,0.073748045
a09,89,1,0,0.07041866
a09,90,1,0,0.119580224
a09,91,1,0,0.086401924
a09,92,1,0,0.10041765
a09,93,1,0,0.18269548
a09,94,1,0,0.16868293
a09,95,1,0,0.1858195
a09,96,1,0,0.09531671
a09,97,1,1,0.51562506
a09,98,1,0,0.3576
a09,99,1,0,0.20777969
a09,100,1,0,0.4767808
a09,101,1,0,0.27890173
a09,102,1,1,0.58241063
a09,103,1,0,0.062539265
a09,104,1,0,0.27159938
a09,105,1,0,0.124962784
a09,106,1,0,0.23873915
a09,107,1,0,0.13311449
a09,108,1,0,0.08506029
a09,109,1,0,0.25698423
a09,110,1,0,0.08830403
a09,111,1,1,0.57370037
a09,112,1,0,0.046713617
a09,113,1,0,0.048531454
a09,114,1,0,0.07140635
a09,115,1,0,0.02502324
a09,116,1,0,0.110052146
a09,117,1,0,0.04350478
a09,118,1,0,0.06288339
a09,119,1,0,0.048128504
a09,120,0,0,0.044359233
a09,121,0,0,0.21721067
a09,122,1,0,0.11172865
a09,123,1,0,0.1344196
a09,124,1,0,0.15179865
a09,125,1,0,0.04470186
a09,126,0,0,0.053027116
a09,127,0,0,0.040967938
a09,128,0,0,0.051339645
a09,129,0,0,0.057449628
a09,130,0,0,0.054349545
a09,131,1,0,0.36662644
a09,132,1,0,0.07781155
a09,133,1,0,0.19098009
a09,134,1,0,0.13818856
a09,135,1,0,0.10635673
a09,136,1,0,0.16463834
a09,137,1,0,0.07864355
a09,138,1,0,0.08998337
a09,139,1,0,0.067738645
a09,140,1,0,0.3803699
a09,141,1,0,0.080763415
a09,142,1,0,0.026579803
a09,143,1,0,0.2684077
a09,144,1,0,0.030951496
a09,145,1,1,0.5249098
a09,146,1,0,0.059509516
a09,147,1,0,0.043435168
a09,148,1,0,0.10747644
a09,149,1,0,0.09596031
a09,150,1,0,0.11909209
a09,151,1,0,0.05557639
a09,152,1,0,0.047393817
a09,153,1,0,0.2982627
a09,154,1,0,0.07260594
a09,155,1,0,0.0975063
a09,156,1,0,0.14160386
a09,157,1,0,0.05087585
a09,158,1,0,0.06165515
a09,159,1,0,0.11706486
a09,160,1,0,0.14929065
a09,161,1,0,0.19542369
a09,162,1,0,0.11701037
a09,163,1,0,0.03618081
a09,164,1,0,0.028544262
a09,165,1,0,0.17388357
a09,166,1,0,0.048528302
a09,167,1,0,0.037180647
a09,168,1,0,0.055617485
a09,169,1,0,0.072505444
a09,170,1,0,0.24375585
a09,171,1,1,0.5460822
a09,172,1,0,0.3662322
a09,173,1,0,0.16653137
a09,174,1,0,0.09049325
a09,175,1,0,0.19011375
a09,176,1,1,0.57469106
a09,177,1,0,0.11954757
a09,178,1,0,0.14511764
a09,179,1,0,0.10962206
a09,180,1,0,0.16492677
a09,181,1,0,0.12384738
a09,182,1,0,0.061540548
a09,183,1,0,0.047113635
a09,184,1,0,0.23271668
a09,185,1,0,0.04298828
a09,186,1,0,0.037288044
a09,187,1,0,0.33550036
a09,188,1,0,0.039928082
a09,189,1,0,0.17395186
a09,190,1,0,0.071229585
a09,191,1,0,0.42073932
a09,192,1,0,0.05806152
a09,193,1,0,0.42418835
a09,194,1,0,0.06639262
a09,195,1,0,0.086692266
a09,196,1,0,0.38083464
a09,197,1,0,0.027933676
a09,198,1,0,0.09875986
a09,199,1,0,0.1444583
a09,200,1,0,0.053251807
a09,201,1,0,0.14355238
a09,202,1,0,0.051405884
a09,203,1,0,0.059333995
a09,204,1,0,0.40753883
a09,205,1,0,0.05159721
a09,206,1,0,0.030783614
a09,207,0,0,0.02168341
a09,208,0,0,0.05365051
a09,209,0,0,0.032060448
a09,210,0,0,0.03842873
a09,211,0,0,0.025194015
a09,212,0,0,0.025781559
a09,213,0,0,0.034213673
a09,214,0,0,0.030468285
a09,215,0,0,0.044278953
a09,216,0,0,0.030598368
a09,217,0,0,0.024591725
a09,218,0,0,0.019660076
a09,219,0,0,0.03160315
a09,220,0,0,0.023253506
a09,221,0,0,0.020001773
a09,222,0,0,0.062844805
a09,223,0,0,0.024002818
a09,224,0,0,0.057801634
a09,225,0,0,0.04310229
a09,226,0,0,0.04543719
a09,227,0,0,0.022225015
a09,228,0,0,0.046844285
a09,229,0,0,0.37647575
a09,230,0,0,0.12641285
a09,231,0,0,0.03581581
a09,232,0,0,0.037492845
a09,233,0,0,0.030423116
a09,234,0,0,0.027381873
a09,235,0,0,0.025322814
a09,236,0,0,0.03071619
a09,237,0,0,0.108794235
a09,238,1,0,0.2022404
a09,239,1,0,0.14449358
a09,240,1,0,0.06130786
a09,241,1,0,0.042957474
a09,242,0,0,0.02839559
a09,243,0,0,0.074099585
a09,244,1,0,0.109408945
a09,245,1,0,0.077145666
a09,246,1,0,0.083836794
a09,247,0,0,0.025440108
a09,248,0,0,0.02474475
a09,249,0,0,0.061712205
a09,250,1,0,0.35063207
a09,251,1,0,0.04014871
a09,252,1,0,0.077063106
a09,253,1,0,0.04521053
a09,254,0,0,0.027671456
a09,255,0,0,0.03196436
a09,256,0,0,0.069066435
a09,257,0,0,0.034814123
a09,258,0,0,0.027211534
a09,259,0,0,0.03140876
a09,260,0,0,0.025629712
a09,261,0,0,0.13632426
a09,262,1,0,0.042494304
a09,263,1,0,0.046512306
a09,264,1,0,0.034713753
a09,265,0,0,0.038800016
a09,266,0,0,0.02745274
a09,267,0,0,0.031683423
a09,268,0,0,0.13159133
a09,269,1,0,0.054632254
a09,270,0,0,0.029372202
a09,271,0,0,0.02442321
a09,272,0,0,0.11488985
a09,273,0,0,0.05176555
a09,274,0,0,0.032214284
a09,275,0,0,0.10172174
a09,276,0,0,0.032410473
a09,277,0,0,0.12879151
a09,278,1,0,0.036417104
a09,279,1,0,0.14780201
a09,280,1,0,0.09688065
a09,281,1,0,0.028710376
a09,282,1,0,0.04013955
a09,283,1,0,0.07711415
a09,284,1,0,0.4485593
a09,285,1,0,0.20709583
a09,286,1,0,0.04012141
a09,287,1,0,0.23553285
a09,288,1,0,0.06878258
a09,289,1,1,0.650054
a09,290,1,0,0.03278911
a09,291,1,0,0.085969575
a09,292,1,0,0.07315741
a09,293,1,0,0.046071067
a09,294,1,0,0.06354127
a09,295,1,0,0.14696425
a09,296,1,0,0.16059841
a09,297,1,0,0.15422058
a09,298,1,0,0.1961546
a09,299,1,0,0.13331516
a09,300,1,0,0.05750387
a09,301,1,1,0.51848817
a09,302,1,0,0.052999098
a09,303,1,0,0.040244922
a09,304,1,0,0.055089347
a09,305,1,0,0.12391522
a09,306,1,0,0.077989556
a09,307,1,0,0.030439366
a09,308,1,0,0.045282293
a09,309,1,0,0.04030262
a09,310,1,0,0.06671792
a09,311,1,0,0.08199565
a09,312,1,0,0.26519057
a09,313,1,0,0.18761998
a09,314,1,0,0.079443656
a09,315,1,0,0.073295996
a09,316,1,0,0.07614142
a09,317,1,0,0.056880835
a09,318,1,0,0.063094914
a09,319,1,0,0.074635416
a09,320,1,0,0.15759449
a09,321,1,0,0.09287976
a09,322,1,0,0.05536721
a09,323,1,0,0.13720344
a09,324,1,0,0.23423256
a09,325,1,0,0.09455634
a09,326,1,0,0.17455922
a09,327,1,0,0.056390006
a09,328,1,1,0.5323784
a09,329,1,0,0.28569636
a09,330,1,0,0.43084538
a09,331,1,0,0.47596645
a09,332,1,1,0.6486708
a09,333,1,0,0.052975886
a09,334,1,0,0.0632186
a09,335,1,0,0.33022875
a09,336,1,0,0.09490985
a09,337,1,0,0.34310174
a09,338,1,0,0.34962767
a09,339,1,0,0.03963747
a09,340,1,0,0.14020562
a09,341,1,1,0.6613676
a09,342,1,0,0.09160023
a09,343,1,0,0.0363104
a09,344,1,0,0.08592037
a09,345,1,0,0.43123364
a09,346,1,0,0.16561717
a09,347,1,0,0.12083551
a09,348,1,0,0.0755627
a09,349,1,0,0.040574547
a09,350,1,0,0.12371013
a09,351,1,0,0.030021893
a09,352,1,0,0.08984836
a09,353,1,0,0.10306993
a09,354,1,0,0.04560138
a09,355,1,0,0.1657447
a09,356,1,0,0.038935475
a09,357,1,0,0.03500694
a09,358,1,0,0.035186782
a09,359,1,0,0.08223307
a09,360,1,0,0.0442135
a09,361,1,0,0.06355268
a09,362,0,0,0.03431246
a09,363,0,0,0.0238511
a09,364,0,0,0.0695158
a09,365,0,0,0.03229275
a09,366,0,0,0.016752014
a09,367,0,0,0.03693679
a09,368,0,0,0.03727515
a09,369,0,0,0.041850716
a09,370,0,0,0.07734145
a09,371,0,0,0.032198127
a09,372,0,0,0.035320967
a09,373,0,0,0.034968186
a09,374,0,0,0.062389534
a09,375,0,0,0.04882798
a09,376,0,0,0.051378164
a09,377,0,0,0.038645957
a09,378,0,0,0.07744673
a09,379,0,0,0.024999833
a09,380,1,0,0.046540547
a09,381,1,0,0.022999227
a09,382,1,0,0.02308878
a09,383,1,0,0.038065095
a09,384,1,0,0.039499972
a09,385,1,0,0.04101249
a09,386,1,0,0.066271044
a09,387,1,0,0.04423584
a09,388,1,0,0.09940646
a09,389,1,0,0.062290747
a09,390,1,0,0.25345406
a09,391,1,0,0.07645186
a09,392,1,0,0.3721211
a09,393,1,0,0.03174491
a09,394,1,0,0.053010847
a09,395,1,0,0.053173345
a09,396,1,0,0.040267877
a09,397,1,0,0.02845737
a09,398,1,0,0.047635384
a09,399,1,0,0.033820756
a09,400,1,0,0.03888233
a09,401,1,0,0.10819811
a09,402,1,0,0.13535576
a09,403,1,0,0.06793506
a09,404,1,0,0.21949331
a09,405,1,0,0.039694086
a09,406,1,0,0.4015222
a09,407,1,0,0.11689834
a09,408,1,0,0.21232007
a09,409,1,0,0.20813161
a09,410,1,0,0.11343965
a09,411,1,0,0.34180036
a09,412,1,0,0.43068683
a09,413,1,0,0.3307783
a09,414,1,0,0.05174024
a09,415,1,0,0.22933912
a09,416,1,0,0.25012368
a09,417,1,1,0.59424937
a09,418,1,0,0.0916409
a09,419,1,0,0.2701716
a09,420,1,1,0.50969434
a09,421,1,0,0.03939545
a09,422,1,1,0.5212194
a09,423,1,0,0.09643316
a09,424,1,0,0.041842755
a09,425,1,0,0.07557545
a09,426,1,0,0.03537564
a09,427,1,0,0.0545465
a09,428,1,0,0.0773292
a09,429,1,0,0.050616197
a09,430,1,0,0.37514475
a09,431,1,0,0.07216285
a09,432,1,0,0.050995573
a09,433,1,0,0.4174721
a09,434,1,0,0.15079114
a09,435,1,0,0.14105138
a09,436,1,0,0.12275912
a09,437,1,0,0.1708021
a09,438,1,0,0.025520112
a09,439,1,0,0.074414365
a09,440,0,0,0.060441326
a09,441,0,0,0.031040752
a09,442,0,0,0.034294374
a09,443,0,0,0.042362306
a09,444,0,0,0.032014947
a09,445,0,0,0.054661334
a09,446,0,0,0.026380263
a09,447,0,0,0.026736071
a09,448,0,0,0.02509152
a09,449,0,0,0.13009498
a09,450,1,0,0.34817496
a09,451,1,0,0.13583873
a09,452,1,0,0.112756714
a09,453,1,0,0.3373254
a09,454,1,0,0.041082352
a09,455,1,0,0.059665076
a09,456,1,0,0.028948374
a09,457,1,0,0.05569979
a09,458,1,0,0.10596803
a09,459,1,0,0.10368498
a09,460,1,0,0.033874124
a09,461,1,0,0.037657246
a09,462,1,0,0.28674978
a09,463,1,0,0.027622612
a09,464,1,0,0.034415197
a09,465,1,1,0.7704307
a09,466,1,0,0.15132698
a09,467,1,0,0.116774924
a09,468,1,0,0.22380118
a09,469,1,0,0.12801829
a09,470,1,0,0.050474137
a09,471,1,0,0.13591932
a09,472,1,0,0.08636841
a09,473,1,0,0.1567705
a09,474,1,0,0.36399734
a09,475,1,0,0.17634068
a09,476,1,0,0.101305224
a09,477,1,1,0.5433801
a09,478,1,0,0.08641966
a09,479,1,0,0.033447225
a09,480,1,0,0.022766717
a09,481,1,0,0.04492174
a09,482,1,0,0.03707332
a09,483,1,0,0.02865328
a09,484,1,0,0.07554432
a09,485,1,0,0.09305241
a09,486,1,0,0.0776753
a09,487,1,0,0.33361256
a09,488,1,1,0.63935405
a09,489,1,0,0.084342055
a09,490,1,1,0.60525334
a09,491,1,0,0.11125367
a09,492,1,0,0.036465693
a09,493,1,0,0.028695706
a09,494,1,0,0.07753609
a10,1,0,1,0.7768975
a10,2,0,0,0.29036808
a10,3,0,0,0.2006627
a10,4,0,0,0.36777842
a10,5,0,0,0.41378465
a10,6,0,1,0.7201188
a10,7,0,1,0.5929287
a10,8,0,0,0.3087014
a10,9,0,0,0.17238475
a10,10,0,1,0.69638175
a10,11,0,0,0.3219396
a10,12,0,0,0.438459
a10,13,0,1,0.74326676
a10,14,0,0,0.16475213
a10,15,0,0,0.22234759
a10,16,0,1,0.5530835
a10,17,0,1,0.55142313
a10,18,0,0,0.16163926
a10,19,0,0,0.19657561
a10,20,0,0,0.22843786
a10,21,0,0,0.20908958
a10,22,0,0,0.3995276
a10,23,0,0,0.14732529
a10,24,0,0,0.17063841
a10,25,0,0,0.1035612
a10,26,0,0,0.18286431
a10,27,0,0,0.061863825
a10,28,0,0,0.09643989
a10,29,0,0,0.08017827
a10,30,0,1,0.66274285
a10,31,0,0,0.29077476
a10,32,0,0,0.48230746
a10,33,0,0,0.21473102
a10,34,0,0,0.069830224
a10,35,0,1,0.7708315
a10,36,0,0,0.41938034
a10,37,0,0,0.20331079
a10,38,0,0,0.43625802
a10,39,0,0,0.27961951
a10,40,0,0,0.16152708
a10,41,0,0,0.2860342
a10,42,0,0,0.23662756
a10,43,0,0,0.37980542
a10,44,0,0,0.10007223
a10,45,0,0,0.14361978
a10,46,0,0,0.45052153
a10,47,0,0,0.49563098
a10,48,0,1,0.7518338
a10,49,0,0,0.12458735
a10,50,0,0,0.16332294
a10,51,0,0,0.3268116
a10,52,0,1,0.5288978
a10,53,0,0,0.2467734
a10,54,0,1,0.63185716
a10,55,1,0,0.4478562
a10,56,1,1,0.618728
a10,57,1,0,0.37867486
a10,58,1,1,0.94225806
a10,59,1,0,0.07663272
a10,60,0,1,0.64995766
a10,61,0,1,0.75001806
a10,62,0,1,0.57021993
a10,63,0,1,0.6318444
a10,64,0,1,0.53405106
a10,65,0,0,0.3272057
a10,66,0,1,0.75251716
a10,67,0,0,0.21080175
a10,68,0,0,0.1871616
a10,69,0,0,0.1071851
a10,70,0,0,0.28216508
a10,71,0,0,0.12470524
a10,72,0,0,0.19158466
a10,73,0,0,0.24115698
a10,74,0,0,0.13442707
a10,75,0,0,0.20969859
a10,76,0,0,0.17355564
a10,77,0,0,0.16856244
a10,78,0,0,0.32890037
a10,79,0,0,0.2210754
a10,80,0,0,0.15086958
a10,81,0,0,0.34559157
a10,82,0,0,0.37571365
a10,83,0,0,0.3456845
a10,84,0,0,0.34790507
a10,85,0,0,0.23755488
a10,86,0,1,0.52233475
a10,87,0,0,0.11967326
a10,88,0,1,0.5333829
a10,89,0,0,0.31449932
a10,90,0,0,0.18479642
a10,91,0,0,0.2357091
a10,92,0,1,0.52513146
a10,93,0,0,0.26113865
a10,94,0,0,0.1901744
a10,95,0,0,0.30618966
a10,96,0,0,0.2147514
a10,97,0,0,0.1967301
a10,98,0,0,0.31331727
a10,99,0,0,0.069591545
a10,100,0,0,0.19858523
a10,101,0,0,0.11175461
a10,102,0,0,0.17235889
a10,103,0,0,0.16465263
a10,104,0,0,0.36851814
a10,105,1,1,0.6437334
a10,106,1,0,0.25571072
a10,107,1,1,0.51623905
a10,108,1,1,0.66162395
a10,109,1,1,0.5602609
a10,110,1,1,0.56717646
a10,111,1,1,0.56056666
a10,112,1,1,0.815631
a10,113,1,1,0.7260128
a10,114,1,1,0.58858013
a10,115,1,1,0.65756524
a10,116,1,1,0.64816976
a10,117,1,1,0.7611884
a10,118,1,1,0.9131829
a10,119,1,1,0.8177005
a10,120,1,1,0.80902493
a10,121,1,1,0.7187524
a10,122,1,0,0.36648673
a10,123,1,1,0.75239146
a10,124,1,1,0.6033943
a10,125,1,1,0.6511582
a10,126,1,1,0.71080095
a10,127,1,1,0.6814718
a10,128,1,0,0.14187226
a10,129,1,0,0.25309908
a10,130,0,0,0.16141927
a10,131,0,0,0.10154493
a10,132,0,0,0.16112167
a10,133,0,0,0.22254723
a10,134,0,0,0.21548857
a10,135,0,0,0.23503311
a10,136,0,0,0.20884784
a10,137,0,0,0.16089545
a10,138,0,0,0.17535621
a10,139,0,0,0.13443626
a10,140,0,0,0.27730352
a10,141,0,0,0.11471471
a10,142,0,0,0.107624665
a10,143,0,0,0.46745926
a10,144,1,1,0.70041496
a10,145,0,1,0.63523954
a10,146,0,1,0.6338847
a10,147,0,0,0.41775462
a10,148,0,0,0.23575877
a10,149,0,0,0.23600245
a10,150,0,0,0.13102181
a10,151,0,0,0.20110261
a10,152,0,0,0.43792403
a10,153,0,1,0.59265673
a10,154,0,1,0.56267965
a10,155,0,0,0.36548942
a10,156,0,1,0.6934418
a10,157,0,0,0.1718811
a10,158,0,0,0.13569292
a10,159,0,0,0.23071517
a10,160,0,0,0.29931533
a10,161,0,0,0.3037889
a10,162,0,0,0.35369873
a10,163,0,0,0.27060896
a10,164,0,0,0.31957433
a10,165,0,0,0.31291166
a10,166,0,0,0.3886105
a10,167,0,0,0.3367415
a10,168,0,0,0.3344307
a10,169,0,1,0.53493136
a10,170,0,0,0.22328311
a10,171,0,0,0.15269575
a10,172,0,0,0.27641258
a10,173,0,0,0.421078
a10,174,0,1,0.5565172
a10,175,0,0,0.19544417
a10,176,0,0,0.13516141
a10,177,0,0,0.21139418
a10,178,0,0,0.13976492
a10,179,0,0,0.17619117
a10,180,0,0,0.30531374
a10,181,0,0,0.182302
a10,182,0,0,0.17027625
a10,183,0,0,0.13995433
a10,184,0,0,0.12869428
a10,185,0,0,0.13349217
a10,186,0,0,0.2142001
a10,187,0,1,0.57762647
a10,188,0,0,0.32875758
a10,189,0,1,0.571479
a10,190,0,0,0.13753264
a10,191,0,0,0.43318158
a10,192,0,0,0.25162223
a10,193,0,1,0.6032392
a10,194,0,0,0.30841804
a10,195,0,0,0.1615958
a10,196,0,0,0.23261529
a10,197,0,0,0.18554726
a10,198,0,0,0.16601801
a10,199,0,0,0.40177172
a10,200,0,0,0.16469312
a10,201,0,1,0.68105
a10,202,0,0,0.21109138
a10,203,0,0,0.29137656
a10,204,0,0,0.2137447
a10,205,0,0,0.26231432
a10,206,0,0,0.14838438
a10,207,0,0,0.19797012
a10,208,0,0,0.21705134
a10,209,0,0,0.33003527
a10,210,0,0,0.1772964
a10,211,0,0,0.20129237
a10,212,0,0,0.22459392
a10,213,0,1,0.55707717
a10,214,0,0,0.16993347
a10,215,0,0,0.1303903
a10,216,0,0,0.23300819
a10,217,0,0,0.45190123
a10,218,1,0,0.27098915
a10,219,1,0,0.46908417
a10,220,0,1,0.66989005
a10,221,1,0,0.14243698
a10,222,0,1,0.82791305
a10,223,0,0,0.14178869
a10,224,0,1,0.86277974
a10,225,1,1,0.6314582
a10,226,1,0,0.31033075
a10,227,0,1,0.6364902
a10,228,0,0,0.16568942
a10,229,0,1,0.65819114
a10,230,0,0,0.4441079
a10,231,0,0,0.41769487
a10,232,1,0,0.38478938
a10,233,1,1,0.62545186
a10,234,1,0,0.49737558
a10,235,1,0,0.48626387
a10,236,1,1,0.79144853
a10,237,1,1,0.6723673
a10,238,1,1,0.6074779
a10,239,0,1,0.6610594
a10,240,0,0,0.15501763
a10,241,0,0,0.20671111
a10,242,0,0,0.19199622
a10,243,0,0,0.24724467
a10,244,0,0,0.09713908
a10,245,0,0,0.38616586
a10,246,0,0,0.3536043
a10,247,0,0,0.19540057
a10,248,0,1,0.9385658
a10,249,0,0,0.18897533
a10,250,0,0,0.17266029
a10,251,0,0,0.24233258
a10,252,0,0,0.18414119
a10,253,0,0,0.17623703
a10,254,0,0,0.48881957
a10,255,0,0,0.14922519
a10,256,0,1,0.6813905
a10,257,0,0,0.25322178
a10,258,0,0,0.3851318
a10,259,0,0,0.36443534
a10,260,0,1,0.84504783
a10,261,0,0,0.44977993
a10,262,0,1,0.61469376
a10,263,0,1,0.9228959
a10,264,1,0,0.18345854
a10,265,0,1,0.51521534
a10,266,0,0,0.21017839
a10,267,0,0,0.17924911
a10,268,0,0,0.24090177
a10,269,0,0,0.33570334
a10,270,0,0,0.35700536
a10,271,0,1,0.55367756
a10,272,0,0,0.18636617
a10,273,0,1,0.5885199
a10,274,1,1,0.6959278
a10,275,1,0,0.21681987
a10,276,0,0,0.23884828
a10,277,0,0,0.34415597
a10,278,0,0,0.17298645
a10,279,0,0,0.1870363
a10,280,0,0,0.12240361
a10,281,0,0,0.063524514
a10,282,0,0,0.112835184
a10,283,0,1,0.52315176
a10,284,0,0,0.27326354
a10,285,0,0,0.34295005
a10,286,0,0,0.16875328
a10,287,0,0,0.18681109
a10,288,0,0,0.10065746
a10,289,0,0,0.15310334
a10,290,0,0,0.10771835
a10,291,0,1,0.7581487
a10,292,0,0,0.31926936
a10,293,0,0,0.23548749
a10,294,0,0,0.17185591
a10,295,0,0,0.25118014
a10,296,0,0,0.24554446
a10,297,0,0,0.3641509
a10,298,0,0,0.2961321
a10,299,0,0,0.20369774
a10,300,0,0,0.2626511
a10,301,0,0,0.24922086
a10,302,0,0,0.1608356
a10,303,0,0,0.15774438
a10,304,0,0,0.14082822
a10,305,0,0,0.23069102
a10,306,0,0,0.22667755
a10,307,0,0,0.12274567
a10,308,0,0,0.34838575
a10,309,0,0,0.11215796
a10,310,0,0,0.2733637
a10,311,0,0,0.17115124
a10,312,0,0,0.18920162
a10,313,0,0,0.25902748
a10,314,0,0,0.3721873
a10,315,0,0,0.20423163
a10,316,0,0,0.14831784
a10,317,0,0,0.27878588
a10,318,0,0,0.18597658
a10,319,0,0,0.23329361
a10,320,0,0,0.33235773
a10,321,0,1,0.76340044
a10,322,0,1,0.6633265
a10,323,1,0,0.2327946
a10,324,1,1,0.5285712
a10,325,0,0,0.28713074
a10,326,0,0,0.25268674
a10,327,0,0,0.3060732
a10,328,0,0,0.35815722
a10,329,0,0,0.26161057
a10,330,0,0,0.2777961
a10,331,0,0,0.26247793
a10,332,0,0,0.33712006
a10,333,0,1,0.91135836
a10,334,0,0,0.24884129
a10,335,0,0,0.19184327
a10,336,0,0,0.4559355
a10,337,0,1,0.51159066
a10,338,0,1,0.6186241
a10,339,0,0,0.37726676
a10,340,0,0,0.26113477
a10,341,0,0,0.25416392
a10,342,0,0,0.21086755
a10,343,0,0,0.37189013
a10,344,0,0,0.33256024
a10,345,0,0,0.1671596
a10,346,0,1,0.7363007
a10,347,0,0,0.20844685
a10,348,0,0,0.28304344
a10,349,0,1,0.65845156
a10,350,0,0,0.23967487
a10,351,0,0,0.21532542
a10,352,0,0,0.24631844
a10,353,0,0,0.3413225
a10,354,0,0,0.44110915
a10,355,0,0,0.38798591
a10,356,0,0,0.29106206
a10,357,0,1,0.5830032
a10,358,0,0,0.40365604
a10,359,0,0,0.3418737
a10,360,0,0,0.18075486
a10,361,0,1,0.7932398
a10,362,1,0,0.43986836
a10,363,1,1,0.54701895
a10,364,1,0,0.49856207
a10,365,1,0,0.33502084
a10,366,1,1,0.58883053
a10,367,1,1,0.6822873
a10,368,0,0,0.22428046
a10,369,0,0,0.49291494
a10,370,1,1,0.6981083
a10,371,1,0,0.27848127
a10,372,0,0,0.1294789
a10,373,0,0,0.09233034
a10,374,0,0,0.21573427
a10,375,0,0,0.09902953
a10,376,0,0,0.096331105
a10,377,0,0,0.07636589
a10,378,0,1,0.9232443
a10,379,0,1,0.780622
a10,380,0,0,0.23704256
a10,381,0,1,0.54208726
a10,382,0,0,0.2821043
a10,383,0,0,0.10669859
a10,384,0,0,0.20068425
a10,385,0,0,0.19964787
a10,386,0,0,0.17369504
a10,387,0,0,0.11052557
a10,388,0,0,0.37987176
a10,389,0,1,0.76757926
a10,390,0,0,0.4266153
a10,391,0,1,0.69005984
a10,392,0,0,0.33794567
a10,393,0,0,0.3868106
a10,394,0,1,0.7601284
a10,395,0,0,0.28055355
a10,396,0,1,0.76284593
a10,397,0,0,0.17423828
a10,398,1,0,0.4032364
a10,399,1,1,0.8346422
a10,400,1,0,0.08986386
a10,401,0,0,0.48919818
a10,402,0,0,0.3136062
a10,403,0,0,0.14563878
a10,404,0,0,0.15019317
a10,405,0,0,0.4368981
a10,406,0,1,0.5852757
a10,407,0,0,0.2565143
a10,408,0,0,0.37669712
a10,409,0,0,0.31920332
a10,410,0,0,0.11524143
a10,411,0,1,0.9007188
a10,412,0,1,0.75937444
a10,413,0,1,0.7782261
a10,414,1,1,0.89567345
a10,415,1,1,0.6956061
a10,416,1,1,0.6909634
a10,417,1,0,0.33797216
a10,418,1,0,0.19996136
a10,419,1,1,0.7827873
a10,420,1,0,0.28238192
a10,421,0,0,0.16557688
a10,422,0,0,0.30181137
a10,423,0,0,0.4131296
a10,424,0,0,0.19965106
a10,425,0,0,0.1616228
a10,426,0,0,0.25674543
a10,427,0,0,0.4143282
a10,428,0,0,0.41968843
a10,429,0,0,0.3465834
a10,430,0,0,0.2888843
a10,431,0,1,0.5210572
a10,432,0,0,0.20420574
a10,433,0,1,0.5103666
a10,434,0,0,0.36152437
a10,435,0,0,0.26756972
a10,436,0,1,0.5794327
a10,437,0,1,0.5236893
a10,438,0,1,0.775235
a10,439,0,0,0.35949934
a10,440,0,0,0.09210818
a10,441,0,0,0.2690377
a10,442,0,0,0.37914777
a10,443,0,0,0.3702827
a10,444,0,0,0.2683038
a10,445,0,1,0.88422906
a10,446,1,0,0.39992782
a10,447,1,1,0.629502
a10,448,1,1,0.6476832
a10,449,1,1,0.67085505
a10,450,1,0,0.44092157
a10,451,1,1,0.6005532
a10,452,1,1,0.75094193
a10,453,1,1,0.88927335
a10,454,1,1,0.83238906
a10,455,1,1,0.78299946
a10,456,1,1,0.86018056
a10,457,1,0,0.4837009
a10,458,1,0,0.43849075
a10,459,0,0,0.1964597
a10,460,0,0,0.14036271
a10,461,0,0,0.4817717
a10,462,1,1,0.65105295
a10,463,1,1,0.73826414
a10,464,1,0,0.25616843
a10,465,0,0,0.48694265
a10,466,0,1,0.83458537
a10,467,1,0,0.3635541
a10,468,0,0,0.44186336
a10,469,0,1,0.5413671
a10,470,0,0,0.20361833
a10,471,0,0,0.43341014
a10,472,0,0,0.17623642
a10,473,0,0,0.11384077
a10,474,0,0,0.47065425
a10,475,0,1,0.5805423
a10,476,0,0,0.18321319
a10,477,0,0,0.21318023
a10,478,0,0,0.21587755
a10,479,0,0,0.20262359
a10,480,0,0,0.25151703
a10,481,0,0,0.19926648
a10,482,0,1,0.7712835
a10,483,0,0,0.12873176
a10,484,0,1,0.8918328
a10,485,0,0,0.19839413
a10,486,0,1,0.81020296
a10,487,0,0,0.14585035
a10,488,0,0,0.42214262
a10,489,0,0,0.4165029
a10,490,0,1,0.50727546
a10,491,0,0,0.25121233
a10,492,0,1,0.6131206
a10,493,0,0,0.29795286
a10,494,0,1,0.91408145
a10,495,0,0,0.15428518
a10,496,0,1,0.9064641
a10,497,0,1,0.83255213
a10,498,0,1,0.5900773
a10,499,0,1,0.78975016
a10,500,1,1,0.88482845
a10,501,1,0,0.16794857
a10,502,1,1,0.70830995
a10,503,1,1,0.81307983
a10,504,1,0,0.39574906
a10,505,1,0,0.28337014
a10,506,1,0,0.4957021
a10,507,1,1,0.7343937
a10,508,1,0,0.3321146
a10,509,1,1,0.80908877
a10,510,1,1,0.5801838
a10,511,1,0,0.4467533
a10,512,1,1,0.903856
a10,513,1,0,0.43882588
a10,514,1,0,0.34161994
a10,515,1,1,0.8872977
a10,516,1,1,0.6127633
a11,1,0,0,0.36096698
a11,2,0,0,0.35437512
a11,3,0,0,0.4141186
a11,4,0,1,0.6636819
a11,5,0,0,0.46742493
a11,6,0,0,0.43433473
a11,7,0,0,0.4208834
a11,8,0,0,0.400941
a11,9,0,0,0.4012829
a11,10,0,1,0.6101164
a11,11,0,0,0.3529658
a11,12,0,0,0.3514434
a11,13,0,1,0.596831
a11,14,0,0,0.45150903
a11,15,0,0,0.29406682
a11,16,0,0,0.3935496
a11,17,1,0,0.28762686
a11,18,1,0,0.4225392
a11,19,1,0,0.45554784
a11,20,1,0,0.34262642
a11,21,1,1,0.7347143
a11,22,1,0,0.33041218
a11,23,1,0,0.34638715
a11,24,1,0,0.35562482
a11,25,0,1,0.6457
a11,26,0,0,0.28294954
a11,27,0,0,0.43355772
a11,28,0,0,0.37585342
a11,29,0,0,0.3411371
a11,30,0,0,0.48838624
a11,31,0,0,0.25234726
a11,32,0,1,0.52435464
a11,33,0,0,0.31795785
a11,34,0,0,0.48448938
a11,35,0,0,0.29312876
a11,36,0,0,0.2825319
a11,37,0,0,0.2969287
a11,38,0,0,0.45819306
a11,39,0,0,0.41746345
a11,40,0,0,0.3235528
a11,41,0,0,0.41196963
a11,42,0,0,0.31086156
a11,43,0,0,0.31493196
a11,44,0,0,0.30467394
a11,45,0,0,0.30369195
a11,46,0,0,0.3137584
a11,47,0,0,0.40474528
a11,48,0,1,0.59459513
a11,49,0,0,0.4220877
a11,50,0,0,0.35182416
a11,51,0,0,0.23574811
a11,52,0,0,0.3114069
a11,53,0,0,0.3678528
a11,54,0,0,0.33142075
a11,55,0,0,0.25476995
a11,56,0,0,0.24446234
a11,57,0,0,0.30756995
a11,58,0,0,0.33852032
a11,59,0,1,0.5674711
a11,60,0,1,0.5673916
a11,61,0,0,0.440884
a11,62,0,0,0.27329275
a11,63,0,0,0.41712436
a11,64,0,1,0.57909507
a11,65,0,1,0.6162151
a11,66,0,0,0.34429118
a11,67,0,0,0.39290285
a11,68,0,0,0.35845217
a11,69,0,0,0.2676786
a11,70,0,1,0.61350703
a11,71,0,0,0.23577137
a11,72,0,0,0.48040664
a11,73,0,0,0.44228017
a11,74,0,1,0.54129106
a11,75,0,0,0.45508558
a11,76,0,0,0.31145504
a11,77,0,0,0.23831739
a11,78,0,0,0.40771338
a11,79,0,0,0.2967126
a11,80,0,0,0.24315262
a11,81,0,1,0.50573176
a11,82,0,0,0.4091507
a11,83,1,1,0.5285732
a11,84,1,0,0.3839378
a11,85,1,0,0.44712725
a11,86,1,1,0.7333633
a11,87,1,0,0.48424578
a11,88,1,1,0.5024631
a11,89,1,0,0.302916
a11,90,1,0,0.38536498
a11,91,1,1,0.646363
a11,92,1,0,0.30981863
a11,93,1,1,0.5890306
a11,94,0,0,0.45566246
a11,95,0,0,0.22416879
a11,96,0,0,0.2706995
a11,97,0,0,0.22753417
a11,98,0,0,0.22863059
a11,99,0,0,0.49138302
a11,100,1,0,0.22983366
a11,101,1,1,0.6076753
a11,102,1,0,0.3615971
a11,103,1,0,0.40234277
a11,104,1,0,0.4309272
a11,105,1,1,0.5467416
a11,106,1,0,0.34461728
a11,107,1,1,0.66759336
a11,108,1,1,0.7115027
a11,109,1,1,0.5069007
a11,110,1,1,0.5625981
a11,111,1,1,0.7346604
a11,112,1,0,0.43467888
a11,113,1,1,0.737443
a11,114,1,1,0.7489736
a11,115,1,1,0.7369034
a11,116,1,1,0.75957316
a11,117,1,1,0.662632
a11,118,1,1,0.7781767
a11,119,1,1,0.78283376
a11,120,1,0,0.37305403
a11,121,1,1,0.6230903
a11,122,1,1,0.78927004
a11,123,1,1,0.5883162
a11,124,1,1,0.8985505
a11,125,1,1,0.56486833
a11,126,1,1,0.6805569
a11,127,1,1,0.7591202
a11,128,0,0,0.34287962
a11,129,0,1,0.57901686
a11,130,0,1,0.6267346
a11,131,0,0,0.35641992
a11,132,0,1,0.9081279
a11,133,0,0,0.26767886
a11,134,0,1,0.6213436
a11,135,0,1,0.66420853
a11,136,0,0,0.36341473
a11,137,0,1,0.55575275
a11,138,0,0,0.39472297
a11,139,0,0,0.35264146
a11,140,0,0,0.48356834
a11,141,0,1,0.51767623
a11,142,0,0,0.42466962
a11,143,0,0,0.4692743
a11,144,0,0,0.44831738
a11,145,0,1,0.5126871
a11,146,0,1,0.54606813
a11,147,0,0,0.49728978
a11,148,0,1,0.6291163
a11,149,0,0,0.4230501
a11,150,0,0,0.4739393
a11,151,0,0,0.35615027
a11,152,0,1,0.6251435
a11,153,0,1,0.51961017
a11,154,0,1,0.5915241
a11,155,0,1,0.6379342
a11,156,0,0,0.3479052
a11,157,0,0,0.41445634
a11,158,0,1,0.5372077
a11,159,0,1,0.59568864
a11,160,0,1,0.53870565
a11,161,0,0,0.4010869
a11,162,0,0,0.35763615
a11,163,0,0,0.4007389
a11,164,0,0,0.41678655
a11,165,0,0,0.39039588
a11,166,0,0,0.38196304
a11,167,0,0,0.41916868
a11,168,0,0,0.48100588
a11,169,0,1,0.6795229
a11,170,0,1,0.69463706
a11,171,0,0,0.437847
a11,172,0,1,0.67623067
a11,173,0,1,0.66140276
a11,174,0,0,0.37508917
a11,175,0,1,0.66703594
a11,176,0,0,0.38653624
a11,177,0,1,0.5433538
a11,178,0,0,0.4483349
a11,179,0,0,0.3980289
a11,180,0,0,0.4948104
a11,181,0,0,0.37704796
a11,182,0,0,0.36527508
a11,183,0,0,0.38490874
a11,184,0,0,0.42276388
a11,185,0,0,0.40498272
a11,186,0,0,0.38855392
a11,187,0,0,0.41750062
a11,188,0,1,0.64852834
a11,189,1,0,0.3323836
a11,190,1,1,0.7838139
a11,191,1,0,0.2741394
a11,192,1,0,0.37151775
a11,193,1,0,0.4129495
a11,194,1,1,0.57281023
a11,195,1,1,0.7395225
a11,196,1,0,0.338213
a11,197,1,1,0.6124518
a11,198,1,1,0.6596526
a11,199,1,1,0.748
a11,200,1,1,0.6918985
a11,201,1,1,0.5343421
a11,202,1,1,0.73830813
a11,203,1,1,0.78386694
a11,204,1,1,0.7927491
a11,205,1,1,0.7402244
a11,206,1,0,0.48876184
a11,207,1,1,0.5693029
a11,208,1,0,0.3842775
a11,209,1,1,0.79656076
a11,210,1,1,0.60187906
a11,211,1,1,0.7761725
a11,212,1,1,0.7032827
a11,213,1,1,0.53481907
a11,214,1,1,0.66668236
a11,215,1,1,0.741194
a11,216,1,0,0.41749638
a11,217,1,1,0.61333
a11,218,1,1,0.74269927
a11,219,0,1,0.88120145
a11,220,0,0,0.47585326
a11,221,0,0,0.49930146
a11,222,0,0,0.33903924
a11,223,0,1,0.5648884
a11,224,0,1,0.7454178
a11,225,1,0,0.44028974
a11,226,1,1,0.6034453
a11,227,1,1,0.68782675
a11,228,1,1,0.5944436
a11,229,1,1,0.66917074
a11,230,1,1,0.6973212
a11,231,1,1,0.6119881
a11,232,1,1,0.59772503
a11,233,1,1,0.5657588
a11,234,1,1,0.55456394
a11,235,1,1,0.52635497
a11,236,1,0,0.3895393
a11,237,1,0,0.33554223
a11,238,1,1,0.68232936
a11,239,1,1,0.53437316
a11,240,1,1,0.8516587
a11,241,1,1,0.90857816
a11,242,1,1,0.6540922
a11,243,1,1,0.72463447
a11,244,1,1,0.62864447
a11,245,1,1,0.6127844
a11,246,1,1,0.7529506
a11,247,1,0,0.48447484
a11,248,1,1,0.7484989
a11,249,1,1,0.60478824
a11,250,1,0,0.4486969
a11,251,1,1,0.816153
a11,252,1,1,0.8482015
a11,253,1,1,0.6101436
a11,254,1,1,0.79828435
a11,255,1,0,0.46872467
a11,256,1,1,0.68794596
a11,257,0,1,0.80830914
a11,258,0,1,0.5507903
a11,259,0,0,0.20885068
a11,260,0,0,0.36878824
a11,261,0,0,0.43220073
a11,262,0,0,0.47645876
a11,263,0,1,0.6497337
a11,264,0,1,0.59784395
a11,265,0,0,0.41673198
a11,266,0,1,0.68110406
a11,267,0,1,0.5496198
a11,268,0,1,0.5537589
a11,269,0,1,0.6792499
a11,270,0,0,0.4828345
a11,271,0,1,0.6426879
a11,272,0,1,0.7590201
a11,273,0,0,0.43319437
a11,274,0,1,0.63648725
a11,275,0,0,0.45754245
a11,276,0,1,0.7267787
a11,277,0,1,0.71023464
a11,278,0,1,0.5716396
a11,279,0,1,0.54957277
a11,280,0,0,0.39732492
a11,281,0,1,0.58590746
a11,282,0,1,0.6673542
a11,283,0,0,0.43102545
a11,284,0,1,0.50440854
a11,285,0,1,0.5240518
a11,286,0,0,0.38485107
a11,287,0,1,0.5638472
a11,288,0,0,0.29837024
a11,289,0,1,0.5615485
a11,290,0,0,0.37648505
a11,291,0,0,0.40508795
a11,292,0,0,0.3030245
a11,293,0,0,0.3650054
a11,294,0,0,0.4851263
a11,295,0,0,0.43574646
a11,296,0,0,0.4574757
a11,297,0,0,0.30855426
a11,298,0,0,0.4931049
a11,299,0,0,0.48543802
a11,300,0,0,0.43636334
a11,301,0,0,0.40284994
a11,302,0,0,0.44185853
a11,303,0,0,0.46798673
a11,304,0,0,0.41476128
a11,305,0,0,0.43906748
a11,306,0,0,0.41860354
a11,307,0,1,0.576516
a11,308,0,1,0.72486556
a11,309,0,0,0.41607913
a11,310,0,0,0.3732271
a11,311,0,0,0.44447738
a11,312,0,0,0.4854924
a11,313,0,0,0.3662068
a11,314,0,0,0.4851887
a11,315,0,0,0.49908715
a11,316,0,0,0.43602055
a11,317,0,0,0.48633096
a11,318,0,0,0.3231476
a11,319,0,0,0.26619154
a11,320,0,0,0.38332415
a11,321,0,0,0.36989126
a11,322,0,0,0.415653
a11,323,0,1,0.5908043
a11,324,0,1,0.5344811
a11,325,0,0,0.4289196
a11,326,0,0,0.42460382
a11,327,0,0,0.4277744
a11,328,0,0,0.41875646
a11,329,0,0,0.35248432
a11,330,0,0,0.39580393
a11,331,0,0,0.36066875
a11,332,0,0,0.38239452
a11,333,0,0,0.40702808
a11,334,0,0,0.35930043
a11,335,0,1,0.79178745
a11,336,0,0,0.3409004
a11,337,0,1,0.7577904
a11,338,0,1,0.5087361
a11,339,0,0,0.2936121
a11,340,0,0,0.34095675
a11,341,0,0,0.299052
a11,342,0,1,0.57803243
a11,343,0,0,0.40670815
a11,344,0,1,0.5622928
a11,345,1,0,0.3340487
a11,346,1,1,0.7196075
a11,347,1,0,0.3119579
a11,348,1,0,0.46655768
a11,349,1,1,0.5988727
a11,350,1,0,0.3906954
a11,351,1,0,0.4442651
a11,352,1,1,0.61510575
a11,353,1,0,0.18681635
a11,354,1,1,0.6365865
a11,355,1,1,0.5878918
a11,356,1,0,0.42904237
a11,357,1,1,0.54418033
a11,358,1,0,0.49781707
a11,359,1,1,0.57109386
a11,360,1,1,0.6987863
a11,361,1,0,0.46642193
a11,362,1,1,0.79201275
a11,363,1,1,0.7686679
a11,364,1,1,0.75262797
a11,365,1,1,0.8444924
a11,366,1,1,0.6267449
a11,367,1,1,0.85836977
a11,368,1,1,0.6206688
a11,369,1,1,0.6040505
a11,370,1,1,0.77169466
a11,371,1,1,0.7484977
a11,372,1,1,0.73918545
a11,373,1,1,0.7866609
a11,374,1,1,0.62177455
a11,375,1,1,0.7789609
a11,376,1,1,0.57179224
a11,377,1,1,0.7357508
a11,378,1,1,0.7160283
a11,379,1,1,0.76029766
a11,380,1,1,0.7822259
a11,381,1,1,0.7686058
a11,382,1,1,0.8869859
a11,383,1,1,0.6965094
a11,384,1,1,0.8251719
a11,385,1,1,0.76335907
a11,386,1,1,0.5905212
a11,387,1,1,0.72645396
a11,388,1,1,0.8895526
a11,389,1,1,0.6957193
a11,390,1,1,0.64909244
a11,391,1,1,0.8042724
a11,392,1,1,0.62726253
a11,393,1,1,0.6856537
a11,394,1,1,0.80745536
a11,395,1,1,0.7965792
a11,396,1,1,0.730911
a11,397,1,1,0.714423
a11,398,1,1,0.81390285
a11,399,1,1,0.8221551
a11,400,1,1,0.8656601
a11,401,1,1,0.75695264
a11,402,1,1,0.8569875
a11,403,1,1,0.87307596
a11,404,1,1,0.79783213
a11,405,1,1,0.6358122
a11,406,1,1,0.54657453
a11,407,1,1,0.8362729
a11,408,1,1,0.8301326
a11,409,1,1,0.6269023
a11,410,1,0,0.29613712
a11,411,1,1,0.6907458
a11,412,1,0,0.36064407
a11,413,1,0,0.29048607
a11,414,1,1,0.5138449
a11,415,1,1,0.5444899
a11,416,1,0,0.48343927
a11,417,1,1,0.5128036
a11,418,0,0,0.48102874
a11,419,0,1,0.6348564
a11,420,0,0,0.38218647
a11,421,0,0,0.33803108
a11,422,0,0,0.27261403
a11,423,0,0,0.4936461
a11,424,0,0,0.49555323
a11,425,0,1,0.7435782
a11,426,1,1,0.66088134
a11,427,1,0,0.42663532
a11,428,1,0,0.49354362
a11,429,1,0,0.39078078
a11,430,1,0,0.30906317
a11,431,1,1,0.51039386
a11,432,1,0,0.38579687
a11,433,1,0,0.3064876
a11,434,1,1,0.5793016
a11,435,1,0,0.31755352
a11,436,1,0,0.37493727
a11,437,1,1,0.5588249
a11,438,1,0,0.4522546
a11,439,1,0,0.39418948
a11,440,1,1,0.5283625
a11,441,1,0,0.39458758
a11,442,1,0,0.3688344
a11,443,1,0,0.31596628
a11,444,1,0,0.21937704
a11,445,1,1,0.5408105
a11,446,1,0,0.3198888
a11,447,1,0,0.28199002
a11,448,1,0,0.23153424
a11,449,1,1,0.5723932
a11,450,1,1,0.56614995
a11,451,1,0,0.248588
a11,452,1,0,0.19371389
a11,453,1,1,0.56672335
a11,454,1,0,0.27418476
a11,455,1,0,0.44007522
a11,456,1,0,0.29851612
a11,457,1,0,0.23193896
a11,458,1,0,0.31481466
a11,459,1,0,0.45651573
a11,460,1,0,0.36241066
a11,461,1,0,0.37890595
a11,462,1,0,0.4709192
a11,463,1,0,0.49562395
a11,464,1,1,0.7725583
a11,465,1,1,0.54602265
a12,1,0,0,0.20085825
a12,2,0,0,0.17420267
a12,3,0,0,0.13026777
a12,4,0,0,0.020050555
a12,5,0,0,0.31508616
a12,6,0,0,0.22036159
a12,7,0,0,0.27075356
a12,8,0,0,0.19129601
a12,9,0,0,0.23066644
a12,10,0,0,0.25141382
a12,11,0,0,0.20288724
a12,12,0,0,0.06756282
a12,13,0,1,0.72680473
a12,14,0,0,0.4454127
a12,15,0,0,0.3150083
a12,16,0,0,0.43040654
a12,17,0,0,0.40094423
a12,18,0,1,0.60328656
a12,19,1,0,0.25283003
a12,20,1,0,0.38598886
a12,21,1,1,0.6555112
a12,22,1,1,0.60024756
a12,23,1,1,0.69874704
a12,24,1,0,0.31457943
a12,25,1,1,0.6093515
a12,26,1,1,0.7322142
a12,27,1,0,0.028209494
a12,28,1,1,0.755584
a12,29,1,1,0.7648742
a12,30,1,1,0.81781197
a12,31,1,1,0.60326856
a12,32,1,0,0.12783696
a12,33,1,1,0.7248465
a12,34,1,0,0.27695218
a12,35,1,1,0.6523227
a12,36,1,0,0.2066897
a12,37,1,0,0.2048134
a12,38,1,1,0.7533371
a12,39,1,0,0.4478583
a12,40,1,1,0.6104026
a12,41,1,0,0.050288755
a12,42,1,0,0.34295353
a12,43,1,0,0.11052088
a12,44,1,0,0.3964471
a12,45,1,0,0.37620234
a12,46,1,1,0.51411986
a12,47,1,0,0.32290366
a12,48,1,0,0.30870146
a12,49,1,0,0.0600495
a12,50,1,1,0.7693411
a12,51,1,1,0.5680898
a12,52,1,1,0.74581313
a12,53,1,1,0.84496915
a12,54,1,0,0.35016558
a12,55,1,1,0.88289446
a12,56,1,1,0.7189934
a12,57,1,0,0.4213389
a12,58,1,0,0.054670185
a12,59,1,1,0.8356106
a12,60,1,0,0.39635172
a12,61,1,1,0.6775649
a12,62,1,1,0.81837153
a12,63,1,1,0.74979043
a12,64,1,1,0.7988874
a12,65,1,1,0.83565897
a12,66,1,0,0.4272239
a12,67,1,1,0.59633476
a12,68,1,1,0.76056904
a12,69,1,1,0.71817285
a12,70,1,1,0.59933496
a12,71,1,1,0.9255738
a12,72,1,1,0.81166476
a12,73,1,1,0.8348737
a12,74,1,1,0.87484545
a12,75,1,1,0.6287489
a12,76,1,0,0.041734062
a12,77,1,1,0.87793875
a12,78,1,1,0.9088821
a12,79,1,0,0.324763
a12,80,1,1,0.83232284
a12,81,1,1,0.8976895
a12,82,1,1,0.7874058
a12,83,1,1,0.86817056
a12,84,1,0,0.020401834
a12,85,1,0,0.4821003
a12,86,1,1,0.57245433
a12,87,1,1,0.9083602
a12,88,1,1,0.8385962
a12,89,1,0,0.16400717
a12,90,1,1,0.74293864
a12,91,1,1,0.8929281
a12,92,1,1,0.6336493
a12,93,1,0,0.20623502
a12,94,1,1,0.7319082
a12,95,1,1,0.62092566
a12,96,1,1,0.7357735
a12,97,1,0,0.22856925
a12,98,1,1,0.87498134
a12,99,1,1,0.79448986
a12,100,1,0,0.34788284
a12,101,1,1,0.7335712
a12,102,1,1,0.50910276
a12,103,1,1,0.64301044
a12,104,1,1,0.9053903
a12,105,1,1,0.8323957
a12,106,1,1,0.9295279
a12,107,1,1,0.89261544
a12,108,1,1,0.92001563
a12,109,1,1,0.88241345
a12,110,1,1,0.6575846
a12,111,1,1,0.88948166
a12,112,1,1,0.9359199
a12,113,1,1,0.82510716
a12,114,1,1,0.6163847
a12,115,1,0,0.48412353
a12,116,1,1,0.8755298
a12,117,1,1,0.8991288
a12,118,1,0,0.44035003
a12,119,1,0,0.034894887
a12,120,1,1,0.8741515
a12,121,1,0,0.28273606
a12,122,1,1,0.5092791
a12,123,1,1,0.61841637
a12,124,1,1,0.52679753
a12,125,1,0,0.397406
a12,126,1,1,0.79823023
a12,127,1,0,0.3231455
a12,128,1,1,0.80904746
a12,129,1,0,0.14117944
a12,130,1,0,0.13157885
a12,131,1,1,0.5270145
a12,132,1,1,0.85361105
a12,133,1,1,0.5952716
a12,134,1,1,0.873116
a12,135,1,0,0.4458494
a12,136,1,0,0.122891136
a12,137,1,1,0.515737
a12,138,1,0,0.47795743
a12,139,1,1,0.51595646
a12,140,1,1,0.6389858
a12,141,1,1,0.8583616
a12,142,1,1,0.9378669
a12,143,1,1,0.8607442
a12,144,1,1,0.91709137
a12,145,1,0,0.32733238
a12,146,1,1,0.8746087
a12,147,1,1,0.64711344
a12,148,1,1,0.9409291
a12,149,1,1,0.7101008
a12,150,1,1,0.9125983
a12,151,1,0,0.44080892
a12,152,1,0,0.31914023
a12,153,1,0,0.046440225
a12,154,1,1,0.7538738
a12,155,1,0,0.43137765
a12,156,1,1,0.72130865
a12,157,1,1,0.8457392
a12,158,1,0,0.34839642
a12,159,1,1,0.7079538
a12,160,1,0,0.15767357
a12,161,1,1,0.50155455
a12,162,1,0,0.17567892
a12,163,1,1,0.8482077
a12,164,1,1,0.7857314
a12,165,1,1,0.6794674
a12,166,1,1,0.7556702
a12,167,1,0,0.28481072
a12,168,1,0,0.12242257
a12,169,1,0,0.29162845
a12,170,1,1,0.75349015
a12,171,1,1,0.76743716
a12,172,1,1,0.86427444
a12,173,1,1,0.7249132
a12,174,1,0,0.3349668
a12,175,1,0,0.39070642
a12,176,1,1,0.63949513
a12,177,1,1,0.9070125
a12,178,1,1,0.94026846
a12,179,1,1,0.91517395
a12,180,1,1,0.68369013
a12,181,1,1,0.919721
a12,182,1,1,0.9538469
a12,183,1,1,0.910685
a12,184,1,1,0.7834694
a12,185,1,1,0.6927906
a12,186,1,0,0.0809382
a12,187,1,1,0.8459517
a12,188,1,1,0.61136645
a12,189,1,0,0.3323026
a12,190,1,1,0.7740725
a12,191,1,1,0.84271944
a12,192,1,1,0.85635614
a12,193,1,1,0.92034847
a12,194,1,1,0.87264997
a12,195,1,1,0.7923051
a12,196,1,0,0.13223603
a12,197,1,1,0.75602365
a12,198,1,1,0.8187689
a12,199,1,0,0.16773936
a12,200,1,1,0.6903262
a12,201,1,0,0.228768
a12,202,1,1,0.86605066
a12,203,1,0,0.10001922
a12,204,1,1,0.83000237
a12,205,1,0,0.12588468
a12,206,1,1,0.6745729
a12,207,1,1,0.92305624
a12,208,1,1,0.89993066
a12,209,1,1,0.9076775
a12,210,1,1,0.90787786
a12,211,1,1,0.90425646
a12,212,1,1,0.92594725
a12,213,1,1,0.94782376
a12,214,1,1,0.9365618
a12,215,0,1,0.86744034
a12,216,0,1,0.7056234
a12,217,0,1,0.65811265
a12,218,0,1,0.7464299
a12,219,0,1,0.85219
a12,220,0,1,0.86441517
a12,221,0,1,0.83019465
a12,222,0,1,0.646691
a12,223,1,1,0.7633507
a12,224,1,1,0.8058915
a12,225,1,1,0.84961635
a12,226,1,1,0.59092313
a12,227,1,1,0.82536256
a12,228,1,1,0.9192783
a12,229,1,1,0.83748233
a12,230,1,1,0.8052222
a12,231,1,1,0.7660628
a12,232,1,1,0.89977443
a12,233,1,1,0.8062119
a12,234,1,1,0.88372725
a12,235,1,1,0.9152588
a12,236,1,1,0.8727423
a12,237,1,1,0.8632234
a12,238,1,0,0.43333697
a12,239,1,1,0.8336137
a12,240,1,1,0.90576154
a12,241,1,1,0.8782045
a12,242,1,1,0.8394584
a12,243,1,1,0.8888159
a12,244,1,0,0.4888627
a12,245,1,1,0.8761361
a12,246,1,1,0.7386151
a12,247,1,1,0.50726897
a12,248,1,1,0.68292147
a12,249,1,0,0.28674182
a12,250,1,1,0.8361469
a12,251,1,1,0.941226
a12,252,1,1,0.9049258
a12,253,1,1,0.6521008
a12,254,1,1,0.8380741
a12,255,1,1,0.8351117
a12,256,1,1,0.92331666
a12,257,1,1,0.8913463
a12,258,1,1,0.93224186
a12,259,1,1,0.55293983
a12,260,1,1,0.82802397
a12,261,1,1,0.602023
a12,262,1,1,0.7998637
a12,263,1,1,0.8488341
a12,264,1,1,0.7384352
a12,265,1,1,0.84567934
a12,266,1,1,0.924858
a12,267,1,1,0.9085042
a12,268,1,1,0.94109815
a12,269,1,1,0.75272775
a12,270,1,1,0.9101397
a12,271,1,1,0.92702067
a12,272,1,1,0.6524836
a12,273,1,1,0.828151
a12,274,1,1,0.8870359
a12,275,1,1,0.842531
a12,276,1,1,0.67271686
a12,277,1,1,0.51695997
a12,278,1,1,0.9057866
a12,279,1,0,0.4659583
a12,280,1,1,0.94745165
a12,281,1,1,0.8629075
a12,282,1,1,0.8490799
a12,283,1,1,0.60287595
a12,284,1,1,0.5459918
a12,285,1,1,0.79374754
a12,286,1,1,0.8406412
a12,287,1,1,0.85768265
a12,288,1,1,0.8629549
a12,289,1,1,0.578556
a12,290,1,1,0.86540645
a12,291,1,0,0.34303212
a12,292,1,1,0.66426015
a12,293,1,1,0.6384908
a12,294,1,1,0.8244336
a12,295,1,1,0.92138743
a12,296,1,1,0.92163473
a12,297,1,0,0.345386
a12,298,1,1,0.90547377
a12,299,1,1,0.54922223
a12,300,1,1,0.78462785
a12,301,1,1,0.78015643
a12,302,1,1,0.9055205
a12,303,1,1,0.652841
a12,304,1,1,0.8168021
a12,305,1,1,0.81829053
a12,306,1,1,0.93002194
a12,307,1,1,0.57088655
a12,308,1,1,0.81666577
a12,309,1,1,0.5971951
a12,310,1,0,0.25940818
a12,311,1,1,0.7339351
a12,312,1,1,0.74039674
a12,313,1,1,0.513545
a12,314,0,1,0.64772105
a12,315,1,1,0.81217295
a12,316,1,0,0.3613542
a12,317,1,1,0.7473787
a12,318,1,1,0.8034952
a12,319,0,1,0.6498709
a12,320,0,0,0.13086618
a12,321,0,0,0.19959725
a12,322,0,1,0.8492706
a12,323,1,1,0.8592083
a12,324,1,1,0.86980194
a12,325,1,1,0.9342851
a12,326,1,1,0.90497035
a12,327,1,0,0.34816387
a12,328,1,1,0.8390844
a12,329,1,1,0.7932521
a12,330,1,1,0.8975322
a12,331,1,1,0.850439
a12,332,1,1,0.87065685
a12,333,1,1,0.8730794
a12,334,1,0,0.41937315
a12,335,1,1,0.85382146
a12,336,1,1,0.8768601
a12,337,1,1,0.86826307
a12,338,1,1,0.6270842
a12,339,1,1,0.8238583
a12,340,1,1,0.82901216
a12,341,1,1,0.8445165
a12,342,1,1,0.7441898
a12,343,1,0,0.4885314
a12,344,1,1,0.8590578
a12,345,1,0,0.47115555
a12,346,1,1,0.76925844
a12,347,1,1,0.85762644
a12,348,1,1,0.5099418
a12,349,1,1,0.69687253
a12,350,1,1,0.5544567
a12,351,1,1,0.5371388
a12,352,1,1,0.9277773
a12,353,1,1,0.7156791
a12,354,1,1,0.8236734
a12,355,1,0,0.4218003
a12,356,1,1,0.5869976
a12,357,1,1,0.8195637
a12,358,1,1,0.7731264
a12,359,1,0,0.4060761
a12,360,1,1,0.86184525
a12,361,1,1,0.7381971
a12,362,1,1,0.79118747
a12,363,1,1,0.66212577
a12,364,1,1,0.80327153
a12,365,1,0,0.44392136
a12,366,1,1,0.82616407
a12,367,1,1,0.8215114
a12,368,1,1,0.85336065
a12,369,1,1,0.6925187
a12,370,1,1,0.58152723
a12,371,1,1,0.8980087
a12,372,1,0,0.29061908
a12,373,1,1,0.9244665
a12,374,1,1,0.8561698
a12,375,1,1,0.6835354
a12,376,1,1,0.8490604
a12,377,1,1,0.9499344
a12,378,1,1,0.70526063
a12,379,1,1,0.71669453
a12,380,0,1,0.8569864
a12,381,0,1,0.7971389
a12,382,0,1,0.94323283
a12,383,0,1,0.73892593
a12,384,0,0,0.48970452
a12,385,0,1,0.60414225
a12,386,0,1,0.90895694
a12,387,1,1,0.6003029
a12,388,1,1,0.8790904
a12,389,1,1,0.84997106
a12,390,1,1,0.8095676
a12,391,1,1,0.7152292
a12,392,1,1,0.8235542
a12,393,1,1,0.8663336
a12,394,1,1,0.6638678
a12,395,1,1,0.6262945
a12,396,1,0,0.35957026
a12,397,1,1,0.86503315
a12,398,1,1,0.96394366
a12,399,1,1,0.785769
a12,400,1,0,0.41470975
a12,401,1,1,0.9196156
a12,402,1,1,0.9449027
a12,403,1,1,0.8003111
a12,404,1,1,0.5519531
a12,405,1,1,0.8699951
a12,406,1,1,0.89268404
a12,407,1,1,0.5165434
a12,408,1,1,0.91006213
a12,409,1,0,0.3861822
a12,410,1,1,0.578964
a12,411,1,1,0.6452785
a12,412,1,1,0.82661515
a12,413,1,1,0.5599714
a12,414,1,1,0.8977399
a12,415,1,1,0.56854105
a12,416,1,1,0.626929
a12,417,1,1,0.83645874
a12,418,1,1,0.7799866
a12,419,1,1,0.87949836
a12,420,1,0,0.3329442
a12,421,1,0,0.4396158
a12,422,1,0,0.2849197
a12,423,1,1,0.5111124
a12,424,1,1,0.74465054
a12,425,1,0,0.46531132
a12,426,1,1,0.58136034
a12,427,1,1,0.8610426
a12,428,1,1,0.74790376
a12,429,1,1,0.9503053
a12,430,1,1,0.8431853
a12,431,1,1,0.8262163
a12,432,1,0,0.28263307
a12,433,1,1,0.9420491
a12,434,1,1,0.86826754
a12,435,1,1,0.890602
a12,436,1,1,0.609376
a12,437,1,1,0.90718216
a12,438,1,1,0.6023646
a12,439,1,1,0.9176374
a12,440,1,1,0.8784868
a12,441,1,1,0.7548667
a12,442,1,1,0.63261616
a12,443,1,1,0.79642063
a12,444,1,1,0.82258564
a12,445,1,1,0.9123974
a12,446,1,1,0.50756943
a12,447,1,1,0.85831696
a12,448,1,0,0.16950762
a12,449,1,1,0.72531956
a12,450,1,1,0.77798134
a12,451,1,0,0.066314735
a12,452,1,1,0.55558604
a12,453,1,1,0.9261385
a12,454,1,0,0.18778104
a12,455,1,1,0.8597317
a12,456,1,1,0.6495124
a12,457,1,1,0.87177473
a12,458,1,1,0.50229734
a12,459,1,1,0.5054807
a12,460,1,1,0.86239165
a12,461,1,0,0.356879
a12,462,1,1,0.89157736
a12,463,1,0,0.2024805
a12,464,1,1,0.83709514
a12,465,1,0,0.011893126
a12,466,1,1,0.88601804
a12,467,1,1,0.9116552
a12,468,1,1,0.921678
a12,469,1,1,0.72295463
a12,470,1,0,0.41344023
a12,471,1,1,0.5398998
a12,472,1,1,0.8865325
a12,473,1,0,0.41876632
a12,474,1,1,0.6184466
a12,475,1,0,0.24087022
a12,476,1,1,0.65327394
a12,477,1,1,0.818805
a12,478,0,0,0.40210906
a12,479,0,1,0.8926153
a12,480,1,1,0.8113612
a12,481,1,1,0.88729656
a12,482,1,1,0.9063618
a12,483,1,1,0.87190515
a12,484,1,1,0.8095379
a12,485,1,1,0.8632225
a12,486,0,1,0.74354017
a12,487,0,1,0.73262405
a12,488,1,1,0.8854461
a12,489,1,1,0.74929464
a12,490,1,1,0.841764
a12,491,1,1,0.650459
a12,492,1,1,0.874069
a12,493,1,1,0.75191975
a12,494,1,1,0.6578312
a12,495,1,1,0.8626363
a12,496,1,1,0.9117416
a12,497,1,1,0.8644714
a12,498,1,1,0.813043
a12,499,1,1,0.802196
a12,500,1,1,0.8199261
a12,501,1,1,0.8184528
a12,502,1,1,0.89679724
a12,503,1,1,0.6872939
a12,504,1,1,0.8161117
a12,505,1,1,0.6776114
a12,506,1,1,0.8988806
a12,507,1,1,0.824021
a12,508,1,1,0.7816769
a12,509,1,1,0.9051754
a12,510,1,1,0.7445188
a12,511,1,1,0.8960535
a12,512,1,1,0.88816226
a12,513,1,1,0.69606465
a12,514,1,1,0.73094386
a12,515,1,1,0.7624161
a12,516,1,1,0.7751899
a12,517,1,1,0.76452243
a12,518,1,1,0.9455815
a12,519,1,1,0.6663578
a12,520,1,1,0.85367495
a12,521,1,1,0.6974844
a12,522,1,1,0.7264286
a12,523,1,0,0.3852765
a12,524,1,0,0.47756168
a12,525,1,1,0.8391139
a12,526,1,1,0.6556912
a12,527,1,1,0.7887505
a12,528,1,1,0.8037582
a12,529,1,1,0.79024553
a12,530,1,1,0.8236878
a12,531,1,1,0.8335713
a12,532,1,1,0.92709726
a12,533,1,0,0.3036171
a12,534,1,1,0.92889756
a12,535,1,1,0.7346152
a12,536,1,1,0.933463
a12,537,1,1,0.78305054
a12,538,1,1,0.7026512
a12,539,1,1,0.9019954
a12,540,1,1,0.9278481
a12,541,1,1,0.8866493
a12,542,1,1,0.8144689
a12,543,1,1,0.7474274
a12,544,1,1,0.90663415
a12,545,1,1,0.8083479
a12,546,1,1,0.9091803
a12,547,1,1,0.82349586
a12,548,1,1,0.7252645
a12,549,1,1,0.888822
a12,550,1,1,0.9168851
a12,551,1,1,0.8255459
a12,552,1,1,0.75297564
a12,553,1,1,0.8263182
a12,554,1,1,0.91634834
a12,555,1,0,0.3024402
a12,556,1,1,0.94420916
a12,557,1,1,0.61282575
a12,558,1,1,0.819883
a12,559,1,1,0.888367
a12,560,1,0,0.38596162
a12,561,1,1,0.8956084
a12,562,1,1,0.7870839
a12,563,1,1,0.875731
a12,564,1,0,0.3356043
a12,565,1,1,0.81943774
a12,566,1,1,0.9076487
a12,567,1,1,0.5114984
a12,568,1,1,0.5482994
a12,569,1,1,0.94944537
a12,570,1,1,0.8794417
a12,571,1,1,0.8379672
a12,572,1,1,0.8030067
a12,573,1,1,0.83451563
a12,574,1,1,0.89286804
a12,575,1,1,0.90532446
a12,576,1,1,0.8618531
a13,1,0,0,0.053618304
a13,2,0,0,0.22337253
a13,3,0,0,0.181695
a13,4,0,0,0.25094453
a13,5,0,0,0.044448964
a13,6,0,0,0.024375679
a13,7,0,0,0.2052108
a13,8,0,0,0.10697989
a13,9,0,0,0.029727891
a13,10,0,0,0.08755412
a13,11,0,0,0.09839613
a13,12,0,1,0.6101877
a13,13,0,0,0.20064193
a13,14,0,0,0.037916426
a13,15,0,0,0.050940912
a13,16,0,0,0.22961725
a13,17,0,0,0.02910536
a13,18,0,0,0.15498254
a13,19,0,0,0.071750306
a13,20,0,0,0.041228876
a13,21,0,0,0.031762324
a13,22,0,0,0.04455486
a13,23,0,0,0.107318826
a13,24,0,0,0.17011486
a13,25,0,0,0.04745431
a13,26,0,0,0.1139057
a13,27,0,0,0.14228797
a13,28,0,0,0.025475541
a13,29,0,0,0.13928628
a13,30,0,0,0.25761083
a13,31,0,0,0.12475693
a13,32,0,0,0.17055467
a13,33,0,0,0.027852332
a13,34,0,0,0.08256494
a13,35,0,0,0.110052854
a13,36,0,1,0.5583125
a13,37,1,0,0.48873612
a13,38,1,0,0.35368836
a13,39,1,0,0.39483154
a13,40,1,0,0.38313583
a13,41,1,0,0.4534419
a13,42,1,1,0.7351432
a13,43,1,0,0.4279624
a13,44,1,1,0.6183868
a13,45,1,0,0.07195959
a13,46,1,1,0.5380291
a13,47,1,1,0.5288804
a13,48,1,0,0.36241755
a13,49,1,1,0.8108517
a13,50,1,1,0.7039374
a13,51,1,1,0.7953609
a13,52,1,0,0.46601385
a13,53,1,1,0.71002275
a13,54,1,1,0.6866247
a13,55,1,0,0.43367252
a13,56,1,1,0.6538657
a13,57,1,1,0.7281541
a13,58,1,1,0.5690146
a13,59,1,0,0.285724
a13,60,1,1,0.674266
a13,61,1,0,0.45775184
a13,62,1,1,0.75020355
a13,63,1,1,0.6272929
a13,64,1,1,0.5983863
a13,65,1,0,0.23458765
a13,66,0,0,0.17629477
a13,67,0,0,0.13616444
a13,68,0,0,0.03575514
a13,69,0,0,0.037090026
a13,70,1,0,0.03675555
a13,71,1,0,0.2622278
a13,72,1,0,0.2445084
a13,73,1,0,0.459071
a13,74,0,0,0.10712832
a13,75,0,0,0.029980043
a13,76,0,0,0.037714843
a13,77,0,0,0.03617332
a13,78,0,0,0.03339308
a13,79,0,0,0.034368612
a13,80,0,0,0.030051375
a13,81,0,0,0.035550706
a13,82,0,0,0.036549706
a13,83,0,0,0.07330725
a13,84,0,0,0.044059422
a13,85,0,0,0.042138837
a13,86,0,0,0.03800637
a13,87,0,0,0.039655104
a13,88,0,0,0.037434187
a13,89,0,0,0.039193105
a13,90,0,0,0.040259294
a13,91,0,0,0.0397722
a13,92,0,0,0.04424982
a13,93,0,0,0.0399931
a13,94,0,0,0.05635224
a13,95,0,0,0.033900242
a13,96,0,0,0.050995104
a13,97,0,0,0.03803039
a13,98,0,0,0.04318555
a13,99,0,0,0.035649426
a13,100,0,0,0.057995968
a13,101,0,0,0.034051497
a13,102,0,0,0.07950348
a13,103,0,0,0.033281486
a13,104,0,0,0.036765825
a13,105,0,0,0.03634531
a13,106,0,0,0.03743813
a13,107,0,0,0.03315576
a13,108,0,0,0.04236779
a13,109,0,0,0.049180534
a13,110,0,0,0.039836206
a13,111,0,0,0.028751906
a13,112,0,0,0.030697985
a13,113,0,0,0.42406136
a13,114,0,0,0.45876604
a13,115,1,1,0.5494915
a13,116,1,1,0.76987654
a13,117,1,0,0.14311153
a13,118,1,0,0.18513688
a13,119,0,0,0.32696417
a13,120,0,0,0.15533267
a13,121,0,0,0.031379603
a13,122,0,0,0.051618624
a13,123,0,0,0.13483755
a13,124,0,0,0.11705436
a13,125,0,0,0.03520427
a13,126,0,0,0.046788268
a13,127,0,0,0.053085342
a13,128,0,0,0.042146556
a13,129,0,0,0.03801467
a13,130,0,0,0.05270045
a13,131,0,0,0.03200629
a13,132,0,0,0.055568445
a13,133,0,0,0.054343957
a13,134,0,0,0.025430705
a13,135,0,0,0.04835715
a13,136,0,0,0.11295828
a13,137,0,0,0.112645574
a13,138,0,0,0.19474564
a13,139,0,0,0.05350099
a13,140,0,0,0.040032588
a13,141,0,0,0.031409983
a13,142,0,0,0.10403216
a13,143,0,0,0.041420735
a13,144,0,0,0.040147696
a13,145,0,0,0.036373984
a13,146,0,0,0.07590634
a13,147,0,0,0.064950004
a13,148,0,0,0.099758856
a13,149,0,0,0.12672403
a13,150,0,0,0.19392343
a13,151,1,0,0.48528802
a13,152,1,1,0.7407956
a13,153,1,1,0.5144866
a13,154,1,0,0.3325236
a13,155,1,0,0.49258378
a13,156,0,0,0.24523786
a13,157,0,0,0.1783003
a13,158,0,0,0.07272377
a13,159,0,0,0.052604955
a13,160,0,0,0.067599684
a13,161,0,0,0.19474247
a13,162,0,0,0.14385235
a13,163,0,0,0.0318688
a13,164,0,0,0.27451313
a13,165,1,0,0.29420948
a13,166,0,0,0.15619723
a13,167,0,0,0.26914775
a13,168,1,0,0.13829343
a13,169,0,0,0.3342972
a13,170,0,0,0.25942454
a13,171,0,1,0.5229482
a13,172,1,0,0.23590767
a13,173,0,0,0.02539268
a13,174,0,1,0.71599
a13,175,1,0,0.21321979
a13,176,1,0,0.19576636
a13,177,1,0,0.14879937
a13,178,1,0,0.17741084
a13,179,1,1,0.64928424
a13,180,1,0,0.37302518
a13,181,1,1,0.56920946
a13,182,1,1,0.70744425
a13,183,1,1,0.8563376
a13,184,1,1,0.5635982
a13,185,1,1,0.6837328
a13,186,1,1,0.6065156
a13,187,1,1,0.5456879
a13,188,1,0,0.048860114
a13,189,1,0,0.21914089
a13,190,1,1,0.56783515
a13,191,1,1,0.5074736
a13,192,1,0,0.22700128
a13,193,1,0,0.2936989
a13,194,1,1,0.76898247
a13,195,1,0,0.477217
a13,196,1,0,0.20859098
a13,197,1,0,0.48085082
a13,198,1,1,0.612524
a13,199,1,0,0.4099942
a13,200,1,1,0.815239
a13,201,1,0,0.20702426
a13,202,0,0,0.033454854
a13,203,0,0,0.15427735
a13,204,0,0,0.44214508
a13,205,1,0,0.10107957
a13,206,1,0,0.15876646
a13,207,1,0,0.16988298
a13,208,1,1,0.7399621
a13,209,1,1,0.60142356
a13,210,1,1,0.67620647
a13,211,1,0,0.45210338
a13,212,1,1,0.70453316
a13,213,1,0,0.32428798
a13,214,1,0,0.35572064
a13,215,1,0,0.048265163
a13,216,0,0,0.052168738
a13,217,0,1,0.7344834
a13,218,1,0,0.33046225
a13,219,1,0,0.43308192
a13,220,1,1,0.67614007
a13,221,1,1,0.6259729
a13,222,1,0,0.18204315
a13,223,1,0,0.20030813
a13,224,0,0,0.11353614
a13,225,1,0,0.034023974
a13,226,0,0,0.088372424
a13,227,0,0,0.07929575
a13,228,0,0,0.08638836
a13,229,0,0,0.08862735
a13,230,0,0,0.31293893
a13,231,0,0,0.100481115
a13,232,0,0,0.082287334
a13,233,0,0,0.07041613
a13,234,0,0,0.202512
a13,235,0,0,0.030931342
a13,236,1,0,0.19455615
a13,237,1,0,0.18206926
a13,238,1,1,0.5450247
a13,239,1,0,0.48469132
a13,240,1,0,0.14676628
a13,241,1,1,0.6486997
a13,242,1,0,0.18475676
a13,243,0,0,0.22815925
a13,244,0,0,0.18046972
a13,245,0,0,0.21863395
a13,246,0,0,0.09850185
a13,247,0,0,0.40233395
a13,248,0,0,0.13371404
a13,249,0,0,0.06270886
a13,250,1,0,0.41478628
a13,251,1,0,0.13462716
a13,252,1,0,0.43606076
a13,253,1,1,0.6459027
a13,254,1,0,0.36981365
a13,255,1,0,0.41385984
a13,256,1,0,0.38496876
a13,257,1,1,0.5147233
a13,258,1,0,0.44223532
a13,259,1,1,0.6792571
a13,260,1,0,0.223632
a13,261,0,0,0.12117971
a13,262,0,0,0.07684389
a13,263,0,0,0.42807928
a13,264,0,0,0.28070772
a13,265,0,1,0.7372925
a13,266,0,1,0.53630257
a13,267,0,0,0.21519771
a13,268,0,1,0.7784335
a13,269,1,1,0.75154185
a13,270,1,1,0.54504573
a13,271,1,0,0.31170112
a13,272,1,0,0.37304482
a13,273,1,1,0.5528263
a13,274,1,1,0.8140125
a13,275,1,1,0.8141417
a13,276,1,1,0.7304139
a13,277,1,0,0.4798262
a13,278,1,1,0.70064896
a13,279,1,0,0.3505739
a13,280,1,1,0.73184335
a13,281,1,1,0.5120621
a13,282,1,0,0.4659439
a13,283,1,1,0.5155726
a13,284,1,1,0.7573436
a13,285,1,1,0.7592993
a13,286,1,0,0.38896275
a13,287,1,1,0.82541823
a13,288,1,0,0.11017485
a13,289,0,1,0.7743477
a13,290,1,1,0.6060145
a13,291,1,1,0.52730036
a13,292,1,0,0.36277214
a13,293,1,1,0.5705898
a13,294,1,0,0.384001
a13,295,1,0,0.31994316
a13,296,1,0,0.26234457
a13,297,0,0,0.16136152
a13,298,0,0,0.16042438
a13,299,0,0,0.06245698
a13,300,0,0,0.10599857
a13,301,0,0,0.10312313
a13,302,0,0,0.06176029
a13,303,0,0,0.07238773
a13,304,0,0,0.044767108
a13,305,0,0,0.066159256
a13,306,0,0,0.088186294
a13,307,0,0,0.06889547
a13,308,0,0,0.26996815
a13,309,0,0,0.04881793
a13,310,0,0,0.16269697
a13,311,0,0,0.13411003
a13,312,0,0,0.060754962
a13,313,0,0,0.23890224
a13,314,0,0,0.07547009
a13,315,0,0,0.075158186
a13,316,0,0,0.05274117
a13,317,0,0,0.05240653
a13,318,0,0,0.043067317
a13,319,0,0,0.05499178
a13,320,0,0,0.036747735
a13,321,0,0,0.1507139
a13,322,0,0,0.046992682
a13,323,0,0,0.03496552
a13,324,0,0,0.25563896
a13,325,0,0,0.25160152
a13,326,1,0,0.13788404
a13,327,1,0,0.46051294
a13,328,1,1,0.6002488
a13,329,1,1,0.5728439
a13,330,1,0,0.2926133
a13,331,1,1,0.5778754
a13,332,1,0,0.20248209
a13,333,1,0,0.22616899
a13,334,1,0,0.15136869
a13,335,1,1,0.8532107
a13,336,1,0,0.27949333
a13,337,1,0,0.4123694
a13,338,1,0,0.38764337
a13,339,1,1,0.52735037
a13,340,1,1,0.7377588
a13,341,1,0,0.37757605
a13,342,1,0,0.13638309
a13,343,1,1,0.6289693
a13,344,1,1,0.5935346
a13,345,1,1,0.5307369
a13,346,1,0,0.4270729
a13,347,1,0,0.33238336
a13,348,1,1,0.622553
a13,349,1,0,0.31204253
a13,350,1,0,0.3587482
a13,351,1,0,0.2684638
a13,352,1,0,0.37428847
a13,353,1,0,0.19809605
a13,354,1,1,0.5090959
a13,355,1,0,0.4978433
a13,356,1,1,0.52380556
a13,357,1,0,0.4154003
a13,358,1,0,0.33881018
a13,359,1,1,0.58004314
a13,360,1,1,0.528419
a13,361,1,1,0.59582406
a13,362,1,1,0.79691637
a13,363,1,0,0.37041026
a13,364,1,1,0.5213727
a13,365,1,1,0.57009166
a13,366,1,1,0.5170092
a13,367,1,1,0.6866884
a13,368,1,1,0.6652084
a13,369,1,1,0.7238248
a13,370,1,0,0.3868552
a13,371,1,1,0.8036338
a13,372,1,0,0.24161611
a13,373,1,0,0.14163533
a13,374,1,1,0.70903575
a13,375,1,0,0.3865394
a13,376,1,0,0.4212744
a13,377,1,1,0.5522464
a13,378,1,0,0.36525118
a13,379,1,1,0.5100154
a13,380,1,1,0.62879664
a13,381,1,1,0.5079726
a13,382,1,1,0.5364503
a13,383,1,1,0.6001167
a13,384,1,1,0.75286144
a13,385,1,1,0.6091
a13,386,1,0,0.34136304
a13,387,1,1,0.58491546
a13,388,1,0,0.31236997
a13,389,1,1,0.63053393
a13,390,1,1,0.65586096
a13,391,1,1,0.53072125
a13,392,1,1,0.56807494
a13,393,1,1,0.76643693
a13,394,1,0,0.27567124
a13,395,1,1,0.5583578
a13,396,1,1,0.65231025
a13,397,1,1,0.5208975
a13,398,1,0,0.113332994
a13,399,1,0,0.2575758
a13,400,1,0,0.42025223
a13,401,1,0,0.06677203
a13,402,0,0,0.30233178
a13,403,1,1,0.81139266
a13,404,1,0,0.26538417
a13,405,1,0,0.10344542
a13,406,1,0,0.46365902
a13,407,0,0,0.10343318
a13,408,0,0,0.31466937
a13,409,0,0,0.04178414
a13,410,0,0,0.1559925
a13,411,0,0,0.06727133
a13,412,0,0,0.092098966
a13,413,0,0,0.05707781
a13,414,0,0,0.06406584
a13,415,0,0,0.046305377
a13,416,0,0,0.062359944
a13,417,0,0,0.0617362
a13,418,0,0,0.10321349
a13,419,0,0,0.048070524
a13,420,0,0,0.054258257
a13,421,0,0,0.057344396
a13,422,0,0,0.05268362
a13,423,0,0,0.149565
a13,424,0,0,0.26861456
a13,425,1,0,0.22934671
a13,426,1,0,0.1603451
a13,427,1,0,0.34558058
a13,428,1,0,0.3588994
a13,429,1,0,0.26960307
a13,430,1,1,0.60513866
a13,431,1,0,0.11069505
a13,432,1,0,0.11637093
a13,433,1,0,0.13860407
a13,434,1,1,0.60778534
a13,435,1,1,0.6117508
a13,436,1,0,0.18126154
a13,437,1,0,0.21270037
a13,438,1,0,0.42635578
a13,439,1,0,0.105668455
a13,440,1,0,0.11055098
a13,441,1,0,0.12452666
a13,442,1,0,0.17084605
a13,443,1,0,0.33477023
a13,444,1,0,0.24039696
a13,445,0,0,0.39042923
a13,446,0,0,0.1703926
a13,447,0,0,0.048724707
a13,448,0,0,0.15651183
a13,449,0,0,0.12581117
a13,450,0,0,0.20227176
a13,451,0,0,0.14165299
a13,452,0,0,0.053004287
a13,453,0,0,0.02767907
a13,454,0,0,0.06623222
a13,455,0,0,0.04429855
a13,456,0,0,0.06410896
a13,457,0,0,0.047514293
a13,458,0,0,0.053416036
a13,459,0,0,0.04755986
a13,460,0,0,0.067045905
a13,461,0,0,0.45119897
a13,462,0,0,0.11991477
a13,463,0,0,0.088057466
a13,464,0,0,0.03629158
a13,465,0,0,0.06938991
a13,466,0,0,0.049007613
a13,467,0,0,0.03868369
a13,468,0,0,0.049060475
a13,469,0,0,0.04028539
a13,470,0,0,0.04791547
a13,471,0,0,0.11501993
a13,472,0,0,0.037454277
a13,473,0,0,0.056195315
a13,474,0,0,0.05132607
a13,475,0,0,0.043357015
a13,476,0,0,0.09801807
a13,477,0,0,0.053875983
a13,478,0,0,0.051701475
a13,479,0,0,0.039348785
a13,480,0,0,0.0388596
a13,481,0,0,0.033039376
a13,482,0,0,0.094138436
a13,483,0,0,0.22835211
a13,484,0,0,0.13674682
a13,485,1,0,0.09975783
a13,486,0,0,0.06827487
a13,487,1,0,0.048632693
a13,488,1,0,0.09791819
a13,489,1,0,0.18411395
a13,490,1,0,0.22946402
a13,491,1,0,0.3225098
a13,492,1,0,0.3113965
a13,493,1,0,0.09776674
a13,494,1,0,0.0443912
a14,1,0,0,0.4067142
a14,2,0,0,0.108159624
a14,3,0,1,0.6168881
a14,4,0,0,0.104563564
a14,5,0,0,0.13330194
a14,6,0,0,0.08469959
a14,7,0,0,0.41172013
a14,8,0,0,0.2811936
a14,9,0,1,0.6784469
a14,10,0,0,0.052644346
a14,11,0,0,0.15359719
a14,12,0,1,0.5631274
a14,13,0,1,0.682673
a14,14,0,0,0.44077715
a14,15,1,0,0.26604125
a14,16,1,0,0.29814047
a14,17,1,0,0.4646244
a14,18,1,1,0.5835203
a14,19,1,0,0.12919563
a14,20,1,1,0.88755107
a14,21,1,1,0.8476639
a14,22,1,0,0.4009226
a14,23,1,0,0.15870121
a14,24,1,0,0.3101376
a14,25,1,0,0.44048473
a14,26,1,0,0.19596575
a14,27,1,0,0.16090436
a14,28,1,0,0.3286535
a14,29,1,0,0.10048338
a14,30,1,0,0.4135669
a14,31,1,1,0.6481623
a14,32,1,0,0.3441182
a14,33,1,1,0.5266419
a14,34,1,1,0.6795755
a14,35,1,0,0.22968316
a14,36,1,1,0.77805054
a14,37,1,0,0.3179711
a14,38,1,0,0.15326458
a14,39,1,1,0.7298552
a14,40,1,1,0.67552894
a14,41,1,1,0.9462636
a14,42,1,1,0.816481
a14,43,1,1,0.9014358
a14,44,1,1,0.669902
a14,45,1,1,0.7602536
a14,46,1,1,0.55596524
a14,47,1,0,0.29175296
a14,48,1,1,0.6023142
a14,49,1,0,0.4855618
a14,50,1,1,0.8541347
a14,51,1,1,0.7970036
a14,52,1,1,0.5771222
a14,53,1,1,0.5508798
a14,54,1,1,0.5670455
a14,55,1,1,0.9195228
a14,56,1,1,0.7715717
a14,57,1,1,0.8717099
a14,58,1,0,0.28880262
a14,59,1,0,0.31696725
a14,60,1,1,0.64947444
a14,61,1,1,0.6880696
a14,62,1,0,0.33780816
a14,63,1,0,0.31068084
a14,64,1,1,0.9144223
a14,65,1,0,0.22539315
a14,66,1,1,0.8687862
a14,67,1,1,0.75920403
a14,68,1,0,0.38611382
a14,69,1,0,0.36370954
a14,70,1,0,0.15319377
a14,71,1,1,0.8782282
a14,72,1,1,0.5638323
a14,73,1,1,0.5439237
a14,74,1,1,0.6694141
a14,75,1,1,0.8683921
a14,76,1,1,0.68270946
a14,77,1,1,0.9218427
a14,78,1,1,0.6320542
a14,79,1,1,0.710663
a14,80,1,1,0.688861
a14,81,1,1,0.7336043
a14,82,1,1,0.9100278
a14,83,1,1,0.7386785
a14,84,1,0,0.46583387
a14,85,1,1,0.8183964
a14,86,1,1,0.9451828
a14,87,1,0,0.346564
a14,88,1,1,0.8164221
a14,89,1,1,0.860886
a14,90,1,0,0.35845977
a14,91,1,0,0.25629184
a14,92,1,1,0.7053703
a14,93,1,1,0.72914934
a14,94,1,0,0.49562302
a14,95,1,1,0.8014756
a14,96,1,1,0.8700142
a14,97,1,0,0.35471734
a14,98,1,0,0.12392989
a14,99,1,1,0.69142145
a14,100,1,1,0.8754243
a14,101,1,0,0.37946734
a14,102,1,1,0.9323591
a14,103,1,1,0.8029122
a14,104,1,1,0.8755027
a14,105,0,1,0.7693735
a14,106,0,0,0.11190859
a14,107,1,0,0.097552694
a14,108,1,0,0.21078919
a14,109,1,0,0.19224519
a14,110,1,1,0.5496547
a14,111,1,1,0.501071
a14,112,1,1,0.6560933
a14,113,1,1,0.73491865
a14,114,1,0,0.3452372
a14,115,1,0,0.1043348
a14,116,1,0,0.36836767
a14,117,1,1,0.8091478
a14,118,1,0,0.34980687
a14,119,1,0,0.067601115
a14,120,1,1,0.85063046
a14,121,1,1,0.820874
a14,122,1,1,0.5330509
a14,123,1,1,0.766807
a14,124,1,0,0.28277746
a14,125,1,1,0.76380044
a14,126,1,1,0.8525013
a14,127,1,0,0.41419047
a14,128,1,1,0.6296658
a14,129,1,1,0.7626498
a14,130,1,1,0.7133379
a14,131,1,1,0.8509214
a14,132,1,1,0.8441952
a14,133,1,1,0.86097246
a14,134,1,1,0.7605358
a14,135,1,1,0.63040626
a14,136,1,1,0.92273504
a14,137,1,1,0.8741836
a14,138,1,1,0.9367667
a14,139,1,1,0.7056232
a14,140,1,1,0.8554092
a14,141,1,1,0.5585512
a14,142,1,1,0.8836576
a14,143,1,1,0.80461603
a14,144,1,1,0.94279593
a14,145,1,1,0.8972527
a14,146,1,1,0.9427387
a14,147,1,1,0.9216363
a14,148,1,1,0.81256
a14,149,1,1,0.93046135
a14,150,1,1,0.94694513
a14,151,1,1,0.8312303
a14,152,1,1,0.6444298
a14,153,1,1,0.8110354
a14,154,1,1,0.91969347
a14,155,1,1,0.91628194
a14,156,1,1,0.92156774
a14,157,1,1,0.7518391
a14,158,1,1,0.9015709
a14,159,1,1,0.8918725
a14,160,1,1,0.812105
a14,161,1,1,0.85287124
a14,162,1,1,0.78336114
a14,163,1,1,0.8687673
a14,164,1,1,0.8601565
a14,165,1,1,0.84272367
a14,166,1,0,0.33353695
a14,167,1,1,0.90389913
a14,168,1,1,0.8099338
a14,169,1,1,0.9108515
a14,170,1,1,0.8483396
a14,171,1,1,0.9134961
a14,172,1,1,0.94630677
a14,173,1,1,0.83450645
a14,174,1,1,0.94671685
a14,175,1,1,0.92952615
a14,176,1,1,0.8983793
a14,177,1,1,0.9473167
a14,178,1,1,0.8987604
a14,179,1,1,0.7259639
a14,180,1,1,0.8689447
a14,181,1,1,0.91258883
a14,182,1,1,0.9225901
a14,183,1,1,0.685657
a14,184,1,1,0.9150941
a14,185,1,1,0.9096039
a14,186,1,1,0.8587458
a14,187,1,1,0.9159503
a14,188,1,1,0.8753714
a14,189,1,1,0.9084605
a14,190,1,1,0.89202523
a14,191,1,1,0.8359636
a14,192,1,1,0.7455594
a14,193,1,1,0.9175026
a14,194,1,1,0.890864
a14,195,1,1,0.8158958
a14,196,1,0,0.35978395
a14,197,1,1,0.7320502
a14,198,1,1,0.7975034
a14,199,1,1,0.84901065
a14,200,1,0,0.4481908
a14,201,1,0,0.25249374
a14,202,1,1,0.6976032
a14,203,1,1,0.8772717
a14,204,1,0,0.39103523
a14,205,1,0,0.38304776
a14,206,1,1,0.860087
a14,207,1,1,0.8378451
a14,208,1,1,0.62126505
a14,209,1,1,0.6609971
a14,210,1,1,0.74841315
a14,211,1,0,0.45466837
a14,212,1,1,0.6412094
a14,213,1,0,0.10022097
a14,214,1,0,0.35604683
a14,215,1,1,0.67693615
a14,216,1,1,0.7035396
a14,217,1,1,0.77289814
a14,218,1,1,0.89363307
a14,219,1,1,0.83138245
a14,220,1,1,0.5509413
a14,221,1,1,0.83986896
a14,222,1,1,0.8448848
a14,223,1,0,0.3953635
a14,224,1,1,0.8396827
a14,225,1,1,0.5578384
a14,226,1,1,0.92680067
a14,227,1,1,0.5644299
a14,228,1,1,0.908243
a14,229,1,1,0.82777166
a14,230,1,1,0.9157368
a14,231,1,1,0.8511892
a14,232,1,1,0.71616423
a14,233,1,1,0.847943
a14,234,1,1,0.6718746
a14,235,1,1,0.5645515
a14,236,1,1,0.8452202
a14,237,1,1,0.93434894
a14,238,1,1,0.57687724
a14,239,1,1,0.7607628
a14,240,1,1,0.9302548
a14,241,1,1,0.8757234
a14,242,1,1,0.8021651
a14,243,1,1,0.8004327
a14,244,1,1,0.8834497
a14,245,1,1,0.9298982
a14,246,1,1,0.8815212
a14,247,1,1,0.8692342
a14,248,1,1,0.71377033
a14,249,1,1,0.91050774
a14,250,1,1,0.8774357
a14,251,1,1,0.8854359
a14,252,1,1,0.86280394
a14,253,1,1,0.87573284
a14,254,1,1,0.86642474
a14,255,1,1,0.64268756
a14,256,1,1,0.5813801
a14,257,1,1,0.67710966
a14,258,1,1,0.82243454
a14,259,1,1,0.78318
a14,260,1,1,0.8889207
a14,261,1,1,0.9092997
a14,262,1,1,0.9045129
a14,263,1,1,0.9159844
a14,264,1,1,0.8618246
a14,265,1,1,0.82901525
a14,266,1,1,0.68159693
a14,267,1,1,0.84924847
a14,268,1,1,0.77509755
a14,269,1,1,0.8227749
a14,270,1,1,0.72022814
a14,271,1,1,0.86358154
a14,272,1,1,0.7689978
a14,273,1,1,0.7041886
a14,274,1,1,0.8653026
a14,275,1,1,0.8989663
a14,276,1,1,0.8902077
a14,277,1,1,0.7319552
a14,278,1,1,0.88302803
a14,279,1,1,0.91351795
a14,280,1,1,0.80157894
a14,281,1,1,0.8612318
a14,282,1,0,0.47337446
a14,283,1,1,0.74584466
a14,284,1,1,0.8933563
a14,285,1,1,0.8863269
a14,286,1,1,0.93035847
a14,287,1,1,0.83148307
a14,288,1,1,0.95117
a14,289,1,1,0.78147876
a14,290,1,1,0.81290215
a14,291,1,1,0.91244125
a14,292,1,1,0.8593419
a14,293,1,1,0.92513114
a14,294,1,1,0.8353989
a14,295,1,1,0.91346157
a14,296,1,1,0.83433527
a14,297,1,1,0.83865523
a14,298,1,1,0.8949101
a14,299,1,1,0.8576673
a14,300,1,1,0.89300054
a14,301,1,1,0.89159924
a14,302,1,1,0.89628583
a14,303,1,1,0.8301198
a14,304,1,1,0.63403857
a14,305,1,1,0.8274846
a14,306,1,1,0.95727015
a14,307,1,1,0.8300052
a14,308,1,1,0.6750236
a14,309,1,1,0.8620792
a14,310,1,1,0.92213625
a14,311,1,1,0.868845
a14,312,1,1,0.7943531
a14,313,1,1,0.85732204
a14,314,1,1,0.8526656
a14,315,1,1,0.6565661
a14,316,1,1,0.93429345
a14,317,1,1,0.8353359
a14,318,1,1,0.97154635
a14,319,1,1,0.8277471
a14,320,1,1,0.8852529
a14,321,1,1,0.7687665
a14,322,1,1,0.95545465
a14,323,1,0,0.38305208
a14,324,1,1,0.6497438
a14,325,1,1,0.87010235
a14,326,1,1,0.8585227
a14,327,1,1,0.93427444
a14,328,1,1,0.82055986
a14,329,1,1,0.8325838
a14,330,0,1,0.658805
a14,331,0,0,0.14162421
a14,332,0,0,0.120648675
a14,333,0,0,0.3586547
a14,334,0,0,0.3568603
a14,335,0,1,0.5476407
a14,336,0,1,0.67074835
a14,337,0,0,0.4184531
a14,338,0,0,0.43340445
a14,339,0,0,0.39021435
a14,340,0,1,0.6582521
a14,341,0,0,0.32368118
a14,342,0,1,0.5979189
a14,343,0,0,0.3893293
a14,344,0,0,0.24511816
a14,345,0,1,0.6568234
a14,346,0,1,0.6659798
a14,347,0,1,0.5037924
a14,348,0,1,0.89391166
a14,349,0,1,0.88989174
a14,350,0,1,0.5466266
a14,351,0,1,0.60196084
a14,352,0,1,0.6378584
a14,353,0,0,0.07515355
a14,354,0,0,0.41873002
a14,355,0,0,0.28780666
a14,356,0,0,0.1547652
a14,357,0,1,0.655356
a14,358,0,0,0.29693192
a14,359,0,1,0.7676388
a14,360,0,0,0.37472236
a14,361,0,1,0.64067173
a14,362,0,0,0.26500168
a14,363,0,1,0.5867441
a14,364,0,0,0.378116
a14,365,0,0,0.1091968
a14,366,0,0,0.40084758
a14,367,1,1,0.65480906
a14,368,1,1,0.6990771
a14,369,1,1,0.6547939
a14,370,1,0,0.3960544
a14,371,0,0,0.33400598
a14,372,0,1,0.5648143
a14,373,0,1,0.87182266
a14,374,1,1,0.5919505
a14,375,1,0,0.44984248
a14,376,1,1,0.68467766
a14,377,1,1,0.75440264
a14,378,1,1,0.8332383
a14,379,0,0,0.30046457
a14,380,0,0,0.48675504
a14,381,1,0,0.48215434
a14,382,1,1,0.522644
a14,383,1,0,0.35124972
a14,384,1,0,0.33861274
a14,385,1,0,0.45968452
a14,386,1,1,0.68773323
a14,387,1,0,0.35460126
a14,388,1,0,0.4470776
a14,389,1,1,0.8283361
a14,390,1,1,0.8651919
a14,391,1,0,0.16410813
a14,392,1,1,0.69215256
a14,393,1,1,0.7717886
a14,394,1,0,0.17295733
a14,395,0,0,0.41139534
a14,396,0,0,0.44889116
a14,397,0,1,0.6681771
a14,398,0,0,0.29020458
a14,399,0,0,0.36933643
a14,400,0,0,0.17788352
a14,401,0,0,0.11219047
a14,402,0,0,0.35791442
a14,403,0,0,0.17498936
a14,404,0,0,0.09229221
a14,405,0,0,0.4235256
a14,406,0,0,0.047807973
a14,407,0,0,0.16628034
a14,408,0,0,0.18033496
a14,409,0,1,0.62979823
a14,410,0,1,0.5032296
a14,411,0,0,0.36484283
a14,412,0,1,0.9377541
a14,413,1,1,0.8161672
a14,414,1,0,0.46849436
a14,415,1,1,0.94468933
a14,416,1,0,0.41777605
a14,417,1,1,0.9348451
a14,418,1,1,0.7601746
a14,419,1,1,0.67444813
a14,420,0,0,0.28099927
a14,421,0,0,0.26347557
a14,422,0,0,0.26067933
a14,423,0,0,0.45640263
a14,424,0,0,0.31447306
a14,425,0,0,0.35685712
a14,426,0,0,0.22766966
a14,427,0,0,0.22337821
a14,428,0,1,0.91846496
a14,429,1,1,0.9325248
a14,430,1,1,0.7594638
a14,431,1,1,0.8748494
a14,432,1,1,0.89133483
a14,433,1,1,0.6434364
a14,434,1,1,0.7677071
a14,435,1,1,0.77927685
a14,436,1,1,0.9420982
a14,437,1,1,0.64250046
a14,438,1,1,0.8666398
a14,439,1,1,0.62878966
a14,440,1,1,0.7114855
a14,441,1,1,0.6397773
a14,442,1,1,0.63377684
a14,443,1,0,0.4581019
a14,444,1,1,0.86634374
a14,445,1,0,0.34172183
a14,446,1,1,0.55576265
a14,447,1,0,0.46438074
a14,448,1,0,0.20681597
a14,449,0,0,0.49610424
a14,450,0,0,0.48272556
a14,451,0,1,0.8399494
a14,452,1,0,0.1644358
a14,453,1,1,0.9077043
a14,454,1,1,0.8025133
a14,455,1,1,0.73300254
a14,456,1,1,0.68498385
a14,457,1,1,0.9130507
a14,458,1,1,0.55738026
a14,459,1,1,0.57334423
a14,460,1,1,0.91736466
a14,461,1,0,0.18620147
a14,462,1,1,0.75740385
a14,463,1,1,0.92435575
a14,464,1,1,0.59806216
a14,465,1,0,0.31336588
a14,466,1,0,0.1568512
a14,467,1,1,0.7391221
a14,468,1,1,0.5985697
a14,469,1,0,0.42228675
a14,470,1,1,0.6763984
a14,471,1,1,0.5069675
a14,472,0,1,0.78274333
a14,473,0,1,0.5368066
a14,474,0,0,0.23780118
a14,475,0,1,0.5896812
a14,476,0,1,0.8252532
a14,477,0,0,0.4087586
a14,478,0,1,0.6030895
a14,479,0,0,0.29528344
a14,480,0,0,0.10560947
a14,481,0,0,0.08017943
a14,482,0,0,0.43034652
a14,483,0,0,0.22011873
a14,484,0,0,0.11025563
a14,485,0,0,0.29152495
a14,486,0,1,0.59158885
a14,487,0,0,0.14477026
a14,488,0,1,0.5902204
a14,489,0,0,0.30297145
a14,490,0,1,0.5734446
a14,491,0,1,0.5124266
a14,492,0,0,0.30018327
a14,493,0,0,0.36098674
a14,494,0,0,0.23452486
a14,495,0,0,0.21968485
a14,496,0,0,0.14400665
a14,497,0,0,0.23780443
a14,498,0,0,0.4046061
a14,499,0,1,0.70157903
a14,500,0,0,0.19103077
a14,501,0,0,0.45915583
a14,502,0,0,0.16708274
a14,503,0,0,0.2964953
a14,504,0,0,0.29740694
a14,505,0,0,0.2005245
a14,506,0,0,0.17239632
a14,507,0,0,0.16274934
a14,508,0,1,0.6856314
a15,1,0,0,0.14638333
a15,2,0,0,0.014942628
a15,3,0,0,0.09251695
a15,4,0,0,0.027074257
a15,5,0,0,0.40485975
a15,6,0,0,0.10762097
a15,7,0,0,0.021863634
a15,8,0,0,0.013342644
a15,9,0,0,0.013669907
a15,10,0,0,0.03498896
a15,11,0,0,0.0065230215
a15,12,0,0,0.011085268
a15,13,0,0,0.005435456
a15,14,0,0,0.08773251
a15,15,0,0,0.016249515
a15,16,0,0,0.08572772
a15,17,0,0,0.0059243455
a15,18,0,0,0.0057979757
a15,19,0,0,0.0060479348
a15,20,0,0,0.0648877
a15,21,0,0,0.024140924
a15,22,0,0,0.08197371
a15,23,0,0,0.0044674277
a15,24,0,0,0.0071185064
a15,25,0,0,0.0041261604
a15,26,0,0,0.0053090514
a15,27,0,0,0.027601702
a15,28,0,0,0.016010335
a15,29,0,0,0.17331348
a15,30,0,0,0.099792115
a15,31,1,0,0.17565086
a15,32,1,0,0.11484903
a15,33,1,0,0.07095679
a15,34,1,0,0.13312404
a15,35,1,0,0.36370903
a15,36,1,0,0.12507978
a15,37,1,0,0.37402588
a15,38,1,0,0.2701733
a15,39,1,0,0.14327824
a15,40,1,0,0.18553439
a15,41,1,0,0.36304104
a15,42,1,0,0.25981808
a15,43,1,0,0.11920833
a15,44,1,0,0.13659915
a15,45,1,0,0.11498429
a15,46,1,0,0.071454324
a15,47,1,0,0.31097022
a15,48,1,1,0.54554933
a15,49,1,0,0.08616556
a15,50,1,0,0.21081905
a15,51,1,0,0.01853849
a15,52,1,0,0.16007306
a15,53,0,0,0.004846996
a15,54,0,0,0.0080424715
a15,55,0,0,0.0114349285
a15,56,1,0,0.045419745
a15,57,1,0,0.01161497
a15,58,1,0,0.0068777073
a15,59,1,0,0.10827211
a15,60,1,0,0.2210654
a15,61,1,0,0.0052671717
a15,62,1,0,0.076083474
a15,63,1,0,0.020247374
a15,64,1,0,0.39628825
a15,65,1,0,0.08913818
a15,66,1,0,0.16586788
a15,67,1,0,0.03902342
a15,68,1,1,0.75507766
a15,69,1,0,0.35314918
a15,70,1,0,0.24893986
a15,71,1,0,0.018275658
a15,72,0,0,0.015644802
a15,73,0,0,0.07770535
a15,74,0,0,0.008320125
a15,75,0,0,0.02636171
a15,76,0,0,0.06379584
a15,77,0,0,0.084833086
a15,78,0,0,0.01177998
a15,79,1,0,0.008354455
a15,80,1,0,0.029664792
a15,81,1,0,0.015479008
a15,82,1,0,0.011883239
a15,83,1,0,0.027764391
a15,84,1,0,0.10633038
a15,85,1,0,0.22380035
a15,86,1,1,0.5266298
a15,87,1,0,0.1377325
a15,88,1,0,0.20412293
a15,89,1,0,0.07268305
a15,90,1,0,0.4708344
a15,91,1,1,0.5430433
a15,92,1,1,0.5396613
a15,93,1,0,0.39791256
a15,94,1,0,0.17435457
a15,95,1,0,0.3085608
a15,96,1,0,0.30864364
a15,97,1,0,0.09430861
a15,98,1,0,0.24489231
a15,99,1,1,0.5115435
a15,100,1,1,0.5883851
a15,101,1,0,0.29588708
a15,102,1,0,0.14468324
a15,103,1,0,0.07955471
a15,104,1,1,0.5841399
a15,105,1,0,0.02527326
a15,106,1,0,0.014281719
a15,107,1,0,0.10755438
a15,108,1,0,0.11722115
a15,109,1,0,0.15476644
a15,110,1,0,0.24789485
a15,111,1,0,0.11646346
a15,112,1,0,0.057673108
a15,113,0,0,0.0075818934
a15,114,0,0,0.0037582316
a15,115,0,0,0.007154438
a15,116,0,0,0.0047907135
a15,117,0,0,0.006435489
a15,118,0,0,0.008177488
a15,119,0,0,0.012667722
a15,120,0,0,0.0055632046
a15,121,0,0,0.045518786
a15,122,0,0,0.036947876
a15,123,0,0,0.076434724
a15,124,0,0,0.014772335
a15,125,1,0,0.19827534
a15,126,1,1,0.6769156
a15,127,1,0,0.1669248
a15,128,1,0,0.48029006
a15,129,1,0,0.027860532
a15,130,1,0,0.25782895
a15,131,1,0,0.2141011
a15,132,1,0,0.09495876
a15,133,1,0,0.2063409
a15,134,1,0,0.25705874
a15,135,1,0,0.086387
a15,136,1,1,0.53291905
a15,137,1,0,0.032142296
a15,138,1,0,0.019036999
a15,139,1,0,0.13278961
a15,140,1,0,0.15672481
a15,141,1,0,0.116384886
a15,142,1,0,0.4693876
a15,143,1,1,0.50350386
a15,144,1,1,0.5898851
a15,145,1,1,0.6535712
a15,146,1,0,0.20049526
a15,147,1,0,0.17384565
a15,148,1,1,0.66055286
a15,149,1,1,0.5458387
a15,150,1,0,0.18960454
a15,151,1,1,0.54354054
a15,152,1,1,0.5184609
a15,153,1,0,0.040135413
a15,154,1,0,0.10991159
a15,155,1,0,0.062260773
a15,156,1,0,0.014894325
a15,157,1,0,0.033250865
a15,158,1,0,0.29281685
a15,159,1,0,0.021468148
a15,160,1,0,0.15875664
a15,161,1,0,0.04875151
a15,162,1,0,0.069266
a15,163,1,0,0.258463
a15,164,1,0,0.2395042
a15,165,1,0,0.3455162
a15,166,1,0,0.1589899
a15,167,1,0,0.0523226
a15,168,1,0,0.027704975
a15,169,1,0,0.02711717
a15,170,1,0,0.013806729
a15,171,0,0,0.006063333
a15,172,0,0,0.010042328
a15,173,0,0,0.14697449
a15,174,0,0,0.11509274
a15,175,1,0,0.13533148
a15,176,1,0,0.22587816
a15,177,1,0,0.07945114
a15,178,1,0,0.15907721
a15,179,1,0,0.13770351
a15,180,1,0,0.06745549
a15,181,1,0,0.084560685
a15,182,1,0,0.06006448
a15,183,1,0,0.034874953
a15,184,1,0,0.09331119
a15,185,1,0,0.015199574
a15,186,1,0,0.028807051
a15,187,1,0,0.056986507
a15,188,1,0,0.23182581
a15,189,1,0,0.35654208
a15,190,1,0,0.14856869
a15,191,1,1,0.6458834
a15,192,1,0,0.27145368
a15,193,1,0,0.26500103
a15,194,1,0,0.028550599
a15,195,1,0,0.043607507
a15,196,1,0,0.16148162
a15,197,0,0,0.011773331
a15,198,0,0,0.0057865363
a15,199,0,0,0.007849629
a15,200,0,0,0.014824294
a15,201,0,0,0.013568051
a15,202,0,0,0.011042157
a15,203,0,0,0.003676292
a15,204,0,0,0.01200411
a15,205,0,0,0.00911878
a15,206,0,0,0.078738816
a15,207,1,0,0.037359465
a15,208,1,0,0.03797102
a15,209,1,0,0.013922081
a15,210,1,0,0.15772176
a15,211,1,0,0.0039144647
a15,212,1,0,0.009794637
a15,213,1,0,0.045432016
a15,214,1,0,0.14613454
a15,215,1,0,0.034365784
a15,216,1,0,0.08936865
a15,217,1,0,0.040972564
a15,218,1,0,0.047275424
a15,219,1,0,0.084892206
a15,220,1,0,0.04198021
a15,221,1,0,0.14290184
a15,222,1,0,0.06589251
a15,223,1,0,0.09671786
a15,224,1,0,0.18702964
a15,225,1,0,0.05559207
a15,226,1,0,0.23381457
a15,227,1,0,0.1306898
a15,228,1,0,0.058414232
a15,229,1,0,0.27879265
a15,230,1,0,0.15740086
a15,231,1,0,0.18375824
a15,232,1,0,0.0031988292
a15,233,1,0,0.0811463
a15,234,1,0,0.17485623
a15,235,1,0,0.22141066
a15,236,1,0,0.14501299
a15,237,1,0,0.30036068
a15,238,1,0,0.24821995
a15,239,1,0,0.34306714
a15,240,1,0,0.049509045
a15,241,1,0,0.37833947
a15,242,1,0,0.017252743
a15,243,1,0,0.47693455
a15,244,1,0,0.06600404
a15,245,1,1,0.53178775
a15,246,1,0,0.47716346
a15,247,1,0,0.075854555
a15,248,1,0,0.18743955
a15,249,1,0,0.48455766
a15,250,1,0,0.37477556
a15,251,1,0,0.110194206
a15,252,1,0,0.42385143
a15,253,1,0,0.2619435
a15,254,1,0,0.14700006
a15,255,1,0,0.29045635
a15,256,1,0,0.07987913
a15,257,1,0,0.032549683
a15,258,1,0,0.10805372
a15,259,1,0,0.23224881
a15,260,1,0,0.06564912
a15,261,1,0,0.12794822
a15,262,1,0,0.12264191
a15,263,1,0,0.029499715
a15,264,1,0,0.11485605
a15,265,1,0,0.2953352
a15,266,1,0,0.02141049
a15,267,1,0,0.23542687
a15,268,1,1,0.52641946
a15,269,1,0,0.19947448
a15,270,1,0,0.477259
a15,271,1,0,0.20345846
a15,272,1,0,0.29925838
a15,273,1,0,0.12318965
a15,274,1,0,0.3676177
a15,275,1,0,0.43230644
a15,276,1,0,0.20653038
a15,277,1,0,0.19387917
a15,278,1,0,0.005914194
a15,279,1,0,0.031410147
a15,280,1,0,0.060364693
a15,281,1,0,0.044672463
a15,282,1,0,0.12894057
a15,283,1,0,0.041097656
a15,284,1,0,0.03341509
a15,285,1,0,0.014327444
a15,286,1,0,0.019724276
a15,287,1,0,0.45148346
a15,288,0,0,0.27137294
a15,289,0,0,0.006991529
a15,290,0,0,0.00699135
a15,291,0,0,0.0049603786
a15,292,0,0,0.0053334245
a15,293,0,0,0.014794628
a15,294,0,0,0.0047975937
a15,295,0,0,0.0057169795
a15,296,0,0,0.0089002345
a15,297,0,0,0.018037949
a15,298,0,0,0.0106798485
a15,299,0,0,0.0077070566
a15,300,0,0,0.13183439
a15,301,1,0,0.24061851
a15,302,1,0,0.2275344
a15,303,1,0,0.2515277
a15,304,1,0,0.17604764
a15,305,1,1,0.5248187
a15,306,1,0,0.027012428
a15,307,1,0,0.2058104
a15,308,1,1,0.75742775
a15,309,1,0,0.13909945
a15,310,1,0,0.22747909
a15,311,1,0,0.34131142
a15,312,1,0,0.10261623
a15,313,1,1,0.51147616
a15,314,1,0,0.2385382
a15,315,1,0,0.40920463
a15,316,1,0,0.27819633
a15,317,1,0,0.20581521
a15,318,1,0,0.37386075
a15,319,1,1,0.53848195
a15,320,1,0,0.23373479
a15,321,1,0,0.04653622
a15,322,1,0,0.034963243
a15,323,0,0,0.013712797
a15,324,0,0,0.073355615
a15,325,0,0,0.008167558
a15,326,1,0,0.014532635
a15,327,1,0,0.00890254
a15,328,1,0,0.19990437
a15,329,1,0,0.09436222
a15,330,1,0,0.17419727
a15,331,1,0,0.24439442
a15,332,1,0,0.039732073
a15,333,1,0,0.17354994
a15,334,1,0,0.10175189
a15,335,1,0,0.19601189
a15,336,1,0,0.08627221
a15,337,1,0,0.14713544
a15,338,1,0,0.04055971
a15,339,1,0,0.041716225
a15,340,1,0,0.39809215
a15,341,1,0,0.048818693
a15,342,1,0,0.097379066
a15,343,1,0,0.38118747
a15,344,1,0,0.4056014
a15,345,1,0,0.3036549
a15,346,1,0,0.46028426
a15,347,1,0,0.09623818
a15,348,1,0,0.4265929
a15,349,1,0,0.40881786
a15,350,1,0,0.17028481
a15,351,1,0,0.076605394
a15,352,1,0,0.42485005
a15,353,1,1,0.51730514
a15,354,1,0,0.01952706
a15,355,1,0,0.09023446
a15,356,1,0,0.053443108
a15,357,1,0,0.22772618
a15,358,1,0,0.0108741345
a15,359,1,0,0.23869447
a15,360,1,0,0.019123763
a15,361,1,0,0.29844195
a15,362,1,0,0.098334454
a15,363,1,1,0.5461677
a15,364,1,0,0.40023142
a15,365,1,0,0.21628626
a15,366,1,0,0.012731948
a15,367,1,0,0.0068990565
a15,368,1,0,0.013884491
a15,369,1,0,0.19403163
a15,370,0,0,0.0051111146
a15,371,1,0,0.011789681
a15,372,1,0,0.035357393
a15,373,1,0,0.025442224
a15,374,1,0,0.043170262
a15,375,0,0,0.008551398
a15,376,0,0,0.005942649
a15,377,0,0,0.010106612
a15,378,0,0,0.027312044
a15,379,1,0,0.0057623964
a15,380,0,0,0.0034004834
a15,381,0,0,0.009179167
a15,382,0,0,0.026065866
a15,383,0,0,0.0043938006
a15,384,0,0,0.017182788
a15,385,0,0,0.0046696104
a15,386,0,0,0.003130431
a15,387,0,0,0.030071262
a15,388,0,0,0.010288568
a15,389,0,0,0.07411004
a15,390,0,0,0.16519777
a15,391,0,0,0.008753701
a15,392,0,0,0.0049384586
a15,393,0,0,0.0025227019
a15,394,0,0,0.05956149
a15,395,0,0,0.015264347
a15,396,0,0,0.07333025
a15,397,0,0,0.011236415
a15,398,0,0,0.015313824
a15,399,0,0,0.004028039
a15,400,0,0,0.013316762
a15,401,0,0,0.014222385
a15,402,0,0,0.0068944287
a15,403,0,0,0.0062417593
a15,404,1,0,0.004840329
a15,405,1,0,0.0027959025
a15,406,1,0,0.0038876627
a15,407,1,0,0.0057522994
a15,408,1,0,0.008307246
a15,409,1,0,0.016545694
a15,410,1,0,0.023209551
a15,411,1,0,0.0028597643
a15,412,1,0,0.03041463
a15,413,1,0,0.015683858
a15,414,1,0,0.14324528
a15,415,1,0,0.027927157
a15,416,1,0,0.19773641
a15,417,1,0,0.03935594
a15,418,1,0,0.009689648
a15,419,1,0,0.2415182
a15,420,1,0,0.34256628
a15,421,1,0,0.08710276
a15,422,1,0,0.16027139
a15,423,1,0,0.35227868
a15,424,1,0,0.36553675
a15,425,1,0,0.22822711
a15,426,1,0,0.21918993
a15,427,1,0,0.42325023
a15,428,1,0,0.11620508
a15,429,1,0,0.050986726
a15,430,1,0,0.21046518
a15,431,1,0,0.01410369
a15,432,1,0,0.047583777
a15,433,1,0,0.16683136
a15,434,1,0,0.07179872
a15,435,1,0,0.10291821
a15,436,1,0,0.01327247
a15,437,0,0,0.007418416
a15,438,0,0,0.2582685
a15,439,1,0,0.005425286
a15,440,0,0,0.051002186
a15,441,1,0,0.0523776
a15,442,1,0,0.03132511
a15,443,1,0,0.011509977
a15,444,1,0,0.014923142
a15,445,1,0,0.004742586
a15,446,0,0,0.019056661
a15,447,0,0,0.0063140416
a15,448,0,0,0.009189477
a15,449,0,0,0.010933872
a15,450,0,0,0.025668245
a15,451,1,0,0.12276411
a15,452,0,0,0.19743328
a15,453,0,0,0.04411773
a15,454,1,0,0.06276616
a15,455,1,0,0.012138407
a15,456,1,0,0.020986406
a15,457,1,0,0.3497125
a15,458,1,0,0.110669635
a15,459,1,0,0.34523144
a15,460,1,0,0.16587615
a15,461,1,0,0.25261122
a15,462,1,0,0.18372332
a15,463,1,0,0.075366616
a15,464,1,0,0.20886895
a15,465,1,0,0.2998018
a15,466,1,0,0.4165296
a15,467,1,0,0.2836847
a15,468,1,0,0.08292484
a15,469,1,0,0.48724076
a15,470,1,0,0.3384457
a15,471,1,0,0.4117965
a15,472,1,0,0.4454884
a15,473,1,0,0.21894674
a15,474,1,0,0.07461956
a15,475,1,0,0.19643255
a15,476,1,0,0.1667025
a15,477,1,0,0.13460179
a15,478,0,0,0.006890692
a15,479,0,0,0.0144276265
a15,480,0,0,0.0046788617
a15,481,0,0,0.009954702
a15,482,0,0,0.017881526
a15,483,0,0,0.006081144
a15,484,1,0,0.015704378
a15,485,1,0,0.0070275995
a15,486,1,0,0.0033413866
a15,487,1,0,0.0034354322
a15,488,1,0,0.0033803147
a15,489,1,0,0.009535146
a15,490,1,0,0.0051426697
a15,491,1,0,0.0040287566
a15,492,1,0,0.003919808
a15,493,1,0,0.00404653
a15,494,1,0,0.0108410735
a15,495,1,0,0.012314154
a15,496,0,0,0.017343031
a15,497,0,0,0.0043095737
a15,498,0,0,0.0038353465
a15,499,0,0,0.0053330604
a15,500,0,0,0.005292729
a15,501,0,0,0.010502407
a15,502,0,0,0.010549
a15,503,0,0,0.006036855
a15,504,0,0,0.0072580795
a15,505,0,0,0.0033027846
a15,506,0,0,0.011006966
a15,507,0,0,0.013835201
a15,508,0,0,0.0052907886
a15,509,0,0,0.0050934786
a16,1,0,0,0.48044488
a16,2,0,1,0.5591777
a16,3,0,1,0.5238747
a16,4,0,0,0.40566665
a16,5,0,0,0.49508446
a16,6,0,0,0.44158646
a16,7,0,0,0.3613706
a16,8,0,0,0.41289663
a16,9,0,1,0.7216262
a16,10,0,0,0.37894765
a16,11,0,0,0.41967
a16,12,0,1,0.55604917
a16,13,0,0,0.4866814
a16,14,0,0,0.41298616
a16,15,0,1,0.6080828
a16,16,0,0,0.3904727
a16,17,0,1,0.624083
a16,18,0,1,0.68496084
a16,19,0,1,0.6221445
a16,20,0,0,0.4090013
a16,21,0,0,0.49451083
a16,22,0,1,0.5900254
a16,23,0,0,0.39288116
a16,24,0,0,0.33447877
a16,25,0,0,0.34679273
a16,26,0,0,0.4691908
a16,27,0,1,0.5328355
a16,28,0,0,0.47177687
a16,29,0,1,0.55593175
a16,30,0,1,0.7579577
a16,31,0,1,0.6864655
a16,32,0,1,0.5285591
a16,33,0,1,0.58658135
a16,34,0,1,0.5915101
a16,35,0,0,0.41742352
a16,36,0,0,0.4895124
a16,37,0,1,0.6352073
a16,38,0,0,0.44409433
a16,39,0,0,0.3510838
a16,40,0,1,0.5765991
a16,41,0,0,0.42476776
a16,42,0,0,0.2807471
a16,43,0,0,0.38592637
a16,44,0,1,0.6958006
a16,45,0,1,0.68334657
a16,46,0,0,0.41825607
a16,47,0,1,0.6348498
a16,48,0,1,0.6785802
a16,49,0,0,0.45639303
a16,50,0,0,0.4965107
a16,51,0,1,0.5251372
a16,52,0,1,0.7103466
a16,53,0,0,0.32609975
a16,54,0,1,0.5893215
a16,55,0,0,0.42965877
a16,56,0,1,0.60895085
a16,57,0,1,0.5074212
a16,58,1,1,0.5180431
a16,59,1,1,0.7357019
a16,60,1,0,0.39643803
a16,61,1,1,0.75273234
a16,62,0,1,0.61741555
a16,63,0,1,0.7385883
a16,64,0,0,0.47872123
a16,65,0,0,0.33619118
a16,66,0,1,0.7697079
a16,67,1,0,0.40936562
a16,68,1,1,0.64886475
a16,69,0,1,0.9141061
a16,70,0,1,0.7468437
a16,71,0,1,0.6627978
a16,72,0,0,0.42631614
a16,73,0,0,0.38854828
a16,74,0,0,0.37294093
a16,75,0,0,0.34681147
a16,76,0,1,0.77055794
a16,77,0,1,0.7650768
a16,78,0,0,0.36427718
a16,79,0,1,0.5890025
a16,80,0,0,0.42601186
a16,81,1,1,0.6639384
a16,82,1,1,0.6948929
a16,83,1,0,0.20427898
a16,84,1,1,0.6384593
a16,85,1,0,0.28608674
a16,86,1,0,0.43145585
a16,87,1,0,0.39078042
a16,88,1,1,0.8269383
a16,89,1,0,0.47086754
a16,90,1,0,0.47132647
a16,91,1,1,0.7946215
a16,92,1,1,0.62163436
a16,93,1,0,0.49381238
a16,94,1,1,0.91661084
a16,95,1,1,0.9313192
a16,96,0,1,0.79692924
a16,97,0,1,0.60467046
a16,98,0,1,0.7129987
a16,99,0,1,0.66743296
a16,100,0,1,0.66517246
a16,101,0,1,0.7779848
a16,102,0,1,0.6954418
a16,103,0,1,0.6390118
a16,104,0,1,0.67421573
a16,105,0,1,0.67736006
a16,106,0,0,0.48769444
a16,107,0,0,0.299413
a16,108,0,0,0.16883388
a16,109,0,1,0.52744657
a16,110,0,0,0.4873522
a16,111,0,1,0.8147694
a16,112,0,1,0.848278
a16,113,0,1,0.8735472
a16,114,0,0,0.19303723
a16,115,0,1,0.83754236
a16,116,0,1,0.70672387
a16,117,0,0,0.49021247
a16,118,0,0,0.4125867
a16,119,0,1,0.8169373
a16,120,0,0,0.3265975
a16,121,0,0,0.38360372
a16,122,0,1,0.5417862
a16,123,0,1,0.6570899
a16,124,0,1,0.5104557
a16,125,0,0,0.446226
a16,126,0,1,0.62480664
a16,127,0,1,0.67846966
a16,128,0,1,0.5464397
a16,129,0,1,0.8111735
a16,130,0,1,0.5285899
a16,131,0,1,0.7714429
a16,132,0,1,0.7057682
a16,133,0,1,0.63135463
a16,134,0,1,0.5375678
a16,135,0,1,0.7876383
a16,136,0,1,0.76635396
a16,137,1,1,0.6979069
a16,138,1,0,0.23818554
a16,139,1,0,0.36497793
a16,140,1,1,0.8913147
a16,141,1,1,0.70586276
a16,142,1,1,0.7819584
a16,143,1,0,0.48989242
a16,144,1,1,0.6001047
a16,145,1,1,0.63641244
a16,146,1,1,0.69019204
a16,147,1,1,0.55350655
a16,148,1,1,0.8203906
a16,149,1,1,0.55407053
a16,150,1,0,0.39630347
a16,151,1,1,0.9388837
a16,152,1,1,0.8699959
a16,153,1,1,0.71479934
a16,154,1,1,0.5962373
a16,155,1,1,0.77182686
a16,156,1,1,0.65021735
a16,157,1,0,0.46456802
a16,158,1,1,0.8806381
a16,159,1,1,0.8515425
a16,160,1,1,0.6076703
a16,161,1,1,0.74315596
a16,162,1,1,0.85023075
a16,163,1,1,0.81882024
a16,164,1,1,0.92824394
a16,165,1,1,0.946981
a16,166,1,1,0.87321615
a16,167,1,1,0.95514244
a16,168,1,1,0.93493634
a16,169,1,1,0.75157934
a16,170,1,1,0.9014186
a16,171,1,1,0.9379842
a16,172,1,1,0.6836346
a16,173,1,1,0.84431
a16,174,1,1,0.9280145
a16,175,1,1,0.9291773
a16,176,1,1,0.6667497
a16,177,1,1,0.790839
a16,178,1,1,0.95065403
a16,179,1,1,0.89089966
a16,180,1,1,0.59597445
a16,181,1,1,0.7319657
a16,182,1,1,0.6333847
a16,183,1,1,0.6904311
a16,184,1,1,0.88981867
a16,185,1,1,0.9079325
a16,186,1,1,0.7996172
a16,187,1,1,0.7344883
a16,188,1,1,0.7498897
a16,189,1,1,0.88433397
a16,190,1,1,0.8116816
a16,191,0,1,0.7642287
a16,192,0,1,0.89047843
a16,193,0,1,0.7323244
a16,194,0,1,0.7896299
a16,195,0,1,0.621807
a16,196,0,1,0.86982656
a16,197,1,1,0.82206154
a16,198,1,1,0.63535935
a16,199,1,1,0.67196864
a16,200,1,1,0.8588138
a16,201,1,1,0.792381
a16,202,1,1,0.6999458
a16,203,1,1,0.6342221
a16,204,1,1,0.70119035
a16,205,1,1,0.50221324
a16,206,1,1,0.7322879
a16,207,1,1,0.76508194
a16,208,1,1,0.6735232
a16,209,1,1,0.77557385
a16,210,1,1,0.68852115
a16,211,1,1,0.73213524
a16,212,1,1,0.58970165
a16,213,1,1,0.9056611
a16,214,1,1,0.6654602
a16,215,1,1,0.72274554
a16,216,1,1,0.771376
a16,217,1,1,0.88841516
a16,218,1,1,0.8980409
a16,219,1,1,0.8844328
a16,220,1,1,0.7366017
a16,221,1,1,0.9370911
a16,222,1,1,0.8013382
a16,223,1,1,0.90515244
a16,224,1,1,0.7720495
a16,225,1,1,0.8741324
a16,226,1,1,0.80083907
a16,227,1,1,0.8486215
a16,228,1,1,0.9308492
a16,229,1,1,0.86100656
a16,230,1,1,0.7850207
a16,231,1,1,0.79732066
a16,232,1,1,0.89328945
a16,233,1,1,0.79111636
a16,234,1,1,0.8716883
a16,235,1,1,0.84038115
a16,236,1,1,0.7436295
a16,237,1,1,0.97576034
a16,238,1,1,0.8916114
a16,239,1,1,0.81904787
a16,240,1,1,0.9363781
a16,241,1,1,0.88466465
a16,242,1,1,0.9165902
a16,243,1,1,0.95439464
a16,244,1,1,0.8657018
a16,245,1,1,0.93769604
a16,246,1,1,0.92559975
a16,247,1,1,0.8880592
a16,248,1,1,0.894632
a16,249,1,1,0.9181826
a16,250,1,1,0.82534903
a16,251,1,1,0.65526706
a16,252,1,1,0.89154184
a16,253,1,1,0.75171125
a16,254,1,1,0.79968
a16,255,1,1,0.88027817
a16,256,1,1,0.841964
a16,257,1,1,0.8932614
a16,258,1,1,0.8367026
a16,259,1,1,0.9042388
a16,260,1,1,0.716545
a16,261,1,1,0.8115685
a16,262,1,1,0.9047297
a16,263,1,1,0.93383914
a16,264,1,1,0.8901521
a16,265,1,1,0.8979929
a16,266,1,1,0.870925
a16,267,1,1,0.7972549
a16,268,1,1,0.93941694
a16,269,1,1,0.9274903
a16,270,1,1,0.7960197
a16,271,1,1,0.745922
a16,272,1,1,0.9315018
a16,273,1,1,0.97397804
a16,274,1,1,0.9393588
a16,275,1,1,0.92731047
a16,276,1,1,0.7035649
a16,277,1,1,0.8055338
a16,278,1,1,0.9130597
a16,279,1,1,0.7326947
a16,280,1,1,0.98321676
a16,281,1,1,0.9295931
a16,282,1,1,0.93172944
a16,283,1,1,0.96198076
a16,284,1,1,0.9470412
a16,285,1,1,0.93341625
a16,286,1,1,0.9305029
a16,287,1,1,0.7987357
a16,288,1,1,0.9169651
a16,289,1,1,0.8681757
a16,290,1,1,0.8732535
a16,291,1,1,0.91979694
a16,292,1,1,0.828105
a16,293,1,1,0.9499638
a16,294,1,1,0.9519501
a16,295,1,1,0.8306421
a16,296,0,1,0.7201052
a16,297,0,0,0.4853203
a16,298,0,1,0.6165397
a16,299,0,0,0.46728808
a16,300,0,0,0.34658182
a16,301,0,0,0.3318475
a16,302,0,1,0.6361355
a16,303,0,1,0.8776408
a16,304,0,0,0.3520747
a16,305,0,0,0.20257998
a16,306,0,0,0.21782503
a16,307,0,1,0.7295
a16,308,0,1,0.579933
a16,309,0,1,0.86633575
a16,310,1,1,0.91224897
a16,311,1,1,0.77461606
a16,312,1,1,0.8305191
a16,313,1,1,0.84048885
a16,314,1,1,0.690202
a16,315,1,1,0.7756708
a16,316,1,1,0.67404526
a16,317,0,1,0.7699461
a16,318,0,1,0.721473
a16,319,0,1,0.92806387
a16,320,1,1,0.6774355
a16,321,1,1,0.77071697
a16,322,1,1,0.8932283
a16,323,1,1,0.90566176
a16,324,1,1,0.8348951
a16,325,1,1,0.86068183
a16,326,0,1,0.77076954
a16,327,0,1,0.51053065
a16,328,1,1,0.8921385
a16,329,1,1,0.93732125
a16,330,1,1,0.8332047
a16,331,1,1,0.8745967
a16,332,1,1,0.71756166
a16,333,1,1,0.8159092
a16,334,1,1,0.8886239
a16,335,1,1,0.92547613
a16,336,1,1,0.9545698
a16,337,1,1,0.9440319
a16,338,1,1,0.8352919
a16,339,1,1,0.9323932
a16,340,1,1,0.874384
a16,341,1,1,0.9548176
a16,342,1,1,0.77463996
a16,343,1,1,0.77290094
a16,344,1,1,0.90836895
a16,345,1,1,0.88397694
a16,346,1,1,0.86144584
a16,347,1,1,0.83514845
a16,348,1,1,0.85627615
a16,349,1,1,0.7831113
a16,350,1,1,0.7723882
a16,351,1,1,0.732726
a16,352,1,1,0.93886423
a16,353,1,1,0.923276
a16,354,1,1,0.85044503
a16,355,1,1,0.89897114
a16,356,1,1,0.940177
a16,357,1,1,0.9515551
a16,358,1,1,0.93197536
a16,359,1,1,0.83340096
a16,360,1,1,0.89892095
a16,361,1,1,0.80350316
a16,362,1,1,0.88379765
a16,363,1,1,0.9067417
a16,364,1,1,0.87612027
a16,365,1,1,0.86793685
a16,366,0,1,0.90199864
a16,367,1,1,0.91802
a16,368,1,1,0.8955741
a16,369,1,1,0.88812715
a16,370,1,1,0.8137503
a16,371,1,1,0.8706385
a16,372,1,1,0.8980307
a16,373,1,1,0.95814127
a16,374,1,1,0.9570169
a16,375,1,1,0.9007405
a16,376,1,1,0.93629223
a16,377,1,0,0.25229153
a16,378,1,1,0.91786915
a16,379,1,1,0.94126
a16,380,0,1,0.6029188
a16,381,1,1,0.7774242
a16,382,1,1,0.907071
a16,383,1,1,0.9393405
a16,384,1,1,0.91748977
a16,385,1,1,0.8148136
a16,386,1,1,0.91874695
a16,387,1,1,0.9611519
a16,388,1,1,0.8590558
a16,389,1,1,0.91140896
a16,390,1,1,0.90341824
a16,391,1,1,0.8598129
a16,392,1,1,0.7832486
a16,393,1,1,0.9094309
a16,394,1,1,0.93738323
a16,395,1,1,0.9458426
a16,396,1,1,0.79211867
a16,397,1,1,0.63442236
a16,398,1,1,0.93008494
a16,399,1,1,0.9257803
a16,400,1,1,0.84760946
a16,401,1,1,0.654821
a16,402,1,1,0.9242466
a16,403,1,1,0.8473722
a16,404,1,1,0.8437612
a16,405,1,1,0.71293384
a16,406,1,1,0.599563
a16,407,1,1,0.83480763
a16,408,1,1,0.8622247
a16,409,1,1,0.88428104
a16,410,1,1,0.7807685
a16,411,1,1,0.8604437
a16,412,1,1,0.8093709
a16,413,1,1,0.9082761
a16,414,1,1,0.80746037
a16,415,1,1,0.90211356
a16,416,1,1,0.91927814
a16,417,1,0,0.46334487
a16,418,1,1,0.88064706
a16,419,1,1,0.9314321
a16,420,1,1,0.8803168
a16,421,1,1,0.88829684
a16,422,1,1,0.9301536
a16,423,1,1,0.7336189
a16,424,1,1,0.85597026
a16,425,1,1,0.6928611
a16,426,1,1,0.87305975
a16,427,1,1,0.8549134
a16,428,1,1,0.7342706
a16,429,1,1,0.75607646
a16,430,1,1,0.83816034
a16,431,1,1,0.6987265
a16,432,1,1,0.7726569
a16,433,1,1,0.9143229
a16,434,1,1,0.8255437
a16,435,1,1,0.6603283
a16,436,1,1,0.90147334
a16,437,1,1,0.89581215
a16,438,1,1,0.7834298
a16,439,1,1,0.84477645
a16,440,1,1,0.73986155
a16,441,1,1,0.92979604
a16,442,1,1,0.8800529
a16,443,1,1,0.93355876
a16,444,1,1,0.8872106
a16,445,1,1,0.89388704
a16,446,1,1,0.8234535
a16,447,1,1,0.9264823
a16,448,1,1,0.9492178
a16,449,1,1,0.87240994
a16,450,1,1,0.6745345
a16,451,1,1,0.67874086
a16,452,1,1,0.8958264
a16,453,1,1,0.8629761
a16,454,0,1,0.7043858
a16,455,0,1,0.7865726
a16,456,0,1,0.7230341
a16,457,0,1,0.57821375
a16,458,0,1,0.78921074
a16,459,0,1,0.6786364
a16,460,0,1,0.5720751
a16,461,0,1,0.6380145
a16,462,1,0,0.43725812
a16,463,1,1,0.6984045
a16,464,1,1,0.8412948
a16,465,0,1,0.5906191
a16,466,0,1,0.77061766
a16,467,0,1,0.80759394
a16,468,0,1,0.62438965
a16,469,0,1,0.8246199
a16,470,0,1,0.8366781
a16,471,1,1,0.6446683
a16,472,1,1,0.5022257
a16,473,1,1,0.705572
a16,474,1,1,0.8688658
a16,475,0,1,0.8631097
a16,476,0,1,0.7413515
a16,477,0,1,0.709246
a16,478,1,1,0.59532213
a16,479,1,1,0.79059154
a16,480,0,1,0.72749645
a16,481,0,0,0.4270719
a17,1,0,1,0.60398555
a17,2,0,1,0.83893746
a17,3,0,0,0.37238532
a17,4,0,1,0.6197534
a17,5,0,0,0.3198512
a17,6,0,1,0.7192165
a17,7,0,1,0.58818686
a17,8,0,1,0.8063696
a17,9,0,0,0.3882658
a17,10,0,0,0.3547148
a17,11,0,0,0.41435415
a17,12,0,1,0.6027778
a17,13,0,0,0.49059802
a17,14,0,1,0.53464144
a17,15,0,1,0.7476168
a17,16,0,1,0.52971464
a17,17,0,1,0.6504809
a17,18,0,0,0.4327777
a17,19,0,1,0.52770656
a17,20,0,0,0.37552002
a17,21,0,1,0.6133168
a17,22,0,1,0.52189
a17,23,0,0,0.383648
a17,24,0,1,0.63574266
a17,25,0,1,0.5855483
a17,26,0,1,0.5271949
a17,27,0,1,0.8313232
a17,28,0,0,0.40088522
a17,29,0,0,0.35535842
a17,30,0,0,0.32219848
a17,31,0,1,0.75224435
a17,32,0,1,0.6913612
a17,33,0,1,0.59041256
a17,34,0,0,0.4327649
a17,35,0,0,0.34743306
a17,36,0,0,0.29034516
a17,37,0,0,0.28852996
a17,38,0,0,0.26166648
a17,39,0,1,0.5393892
a17,40,0,0,0.3701876
a17,41,0,0,0.34299105
a17,42,0,1,0.8096902
a17,43,0,1,0.83940005
a17,44,0,0,0.3720937
a17,45,0,0,0.47967434
a17,46,0,1,0.69094145
a17,47,0,1,0.60273516
a17,48,0,1,0.7620142
a17,49,0,1,0.7737656
a17,50,0,1,0.8909645
a17,51,0,1,0.5734787
a17,52,0,1,0.82217425
a17,53,0,1,0.59759176
a17,54,0,0,0.3616923
a17,55,0,0,0.2667193
a17,56,1,1,0.9343668
a17,57,1,1,0.796151
a17,58,1,1,0.8391742
a17,59,1,1,0.8718419
a17,60,1,0,0.22812892
a17,61,1,1,0.6955996
a17,62,1,1,0.6972117
a17,63,1,1,0.71551436
a17,64,1,0,0.41042545
a17,65,1,1,0.72612876
a17,66,1,1,0.8377732
a17,67,1,1,0.69826627
a17,68,1,1,0.60858446
a17,69,1,1,0.5772925
a17,70,1,1,0.6235715
a17,71,1,1,0.90086555
a17,72,1,1,0.83159137
a17,73,1,1,0.7848234
a17,74,1,1,0.88415426
a17,75,1,1,0.7989438
a17,76,1,1,0.8040454
a17,77,1,1,0.90207505
a17,78,1,1,0.8329608
a17,79,1,1,0.7606959
a17,80,1,1,0.85892224
a17,81,1,1,0.9336881
a17,82,1,0,0.25937828
a17,83,0,0,0.16286042
a17,84,0,0,0.3561517
a17,85,0,1,0.54082143
a17,86,0,0,0.32665512
a17,87,0,0,0.34414774
a17,88,0,0,0.4069564
a17,89,0,0,0.41736132
a17,90,1,1,0.55670387
a17,91,1,0,0.1844909
a17,92,0,0,0.28026462
a17,93,0,0,0.20839214
a17,94,0,0,0.2302803
a17,95,0,0,0.38235343
a17,96,0,0,0.27803707
a17,97,1,0,0.18422681
a17,98,1,1,0.7663822
a17,99,1,1,0.70950586
a17,100,1,1,0.95879865
a17,101,1,1,0.6278989
a17,102,0,0,0.2570196
a17,103,0,0,0.3077044
a17,104,0,0,0.40179625
a17,105,0,0,0.48315614
a17,106,0,0,0.30256885
a17,107,0,0,0.48981884
a17,108,0,1,0.5087648
a17,109,0,0,0.4439677
a17,110,0,1,0.53376293
a17,111,0,0,0.34364706
a17,112,0,0,0.48961928
a17,113,0,0,0.46525866
a17,114,0,0,0.26902384
a17,115,0,0,0.3611191
a17,116,0,0,0.37788048
a17,117,0,0,0.20853622
a17,118,0,0,0.3050746
a17,119,0,1,0.8188696
a17,120,1,1,0.9317522
a17,121,1,1,0.85862374
a17,122,1,1,0.82001776
a17,123,1,1,0.94676983
a17,124,1,1,0.89483327
a17,125,1,1,0.9394522
a17,126,1,1,0.93347377
a17,127,1,1,0.8446128
a17,128,1,1,0.950937
a17,129,1,1,0.9491974
a17,130,1,1,0.88801163
a17,131,1,1,0.95661014
a17,132,1,1,0.7780603
a17,133,1,1,0.82585686
a17,134,1,1,0.8272243
a17,135,1,1,0.7157253
a17,136,1,1,0.86552745
a17,137,1,1,0.84142536
a17,138,1,1,0.77477604
a17,139,1,1,0.89537334
a17,140,1,0,0.48949614
a17,141,1,0,0.2862741
a17,142,0,0,0.102893695
a17,143,0,0,0.18996556
a17,144,0,1,0.9403421
a17,145,1,1,0.94723564
a17,146,1,1,0.9052832
a17,147,1,1,0.8209181
a17,148,1,1,0.8829496
a17,149,1,1,0.8873796
a17,150,1,1,0.8146479
a17,151,1,1,0.90176696
a17,152,1,1,0.8160668
a17,153,1,1,0.8912177
a17,154,1,1,0.80144924
a17,155,1,1,0.89908713
a17,156,1,1,0.9045987
a17,157,1,1,0.9167958
a17,158,1,1,0.81664
a17,159,1,1,0.7603971
a17,160,0,1,0.8864178
a17,161,1,1,0.9226794
a17,162,1,1,0.6456767
a17,163,1,1,0.63797545
a17,164,1,1,0.9686836
a17,165,1,1,0.8144777
a17,166,0,0,0.44359264
a17,167,0,1,0.7971974
a17,168,0,0,0.44071
a17,169,0,0,0.30776262
a17,170,0,0,0.36817327
a17,171,0,0,0.45207286
a17,172,0,0,0.3607792
a17,173,0,0,0.34709495
a17,174,0,1,0.5055923
a17,175,0,0,0.33649617
a17,176,0,1,0.6821856
a17,177,0,0,0.3511604
a17,178,0,1,0.52634573
a17,179,0,0,0.2943634
a17,180,0,1,0.5534662
a17,181,0,1,0.6517207
a17,182,0,0,0.32985565
a17,183,0,0,0.4887482
a17,184,0,0,0.40826926
a17,185,0,1,0.5479802
a17,186,0,1,0.7959736
a17,187,0,0,0.42766875
a17,188,0,1,0.81986845
a17,189,0,0,0.4482518
a17,190,0,1,0.6068753
a17,191,0,1,0.57728004
a17,192,0,1,0.7438257
a17,193,0,0,0.48454434
a17,194,0,0,0.30766428
a17,195,0,0,0.3960682
a17,196,0,1,0.82940596
a17,197,0,0,0.14897072
a17,198,0,1,0.5896137
a17,199,1,1,0.7973609
a17,200,1,1,0.8169543
a17,201,1,1,0.7861614
a17,202,1,1,0.6230242
a17,203,1,0,0.3052504
a17,204,1,1,0.78149366
a17,205,1,1,0.7412073
a17,206,1,1,0.83851254
a17,207,1,1,0.7379113
a17,208,1,0,0.12579465
a17,209,1,0,0.14682303
a17,210,0,0,0.307778
a17,211,0,1,0.80146897
a17,212,0,1,0.50163376
a17,213,0,0,0.24995385
a17,214,0,0,0.17291595
a17,215,0,0,0.2360135
a17,216,0,1,0.7035847
a17,217,0,0,0.29687816
a17,218,0,1,0.56919664
a17,219,0,1,0.6418102
a17,220,0,0,0.42414773
a17,221,0,0,0.4095445
a17,222,0,1,0.8858425
a17,223,0,0,0.40201584
a17,224,0,0,0.2668435
a17,225,0,1,0.63699096
a17,226,0,0,0.37620234
a17,227,0,1,0.78903073
a17,228,0,1,0.82138526
a17,229,1,0,0.26579323
a17,230,1,1,0.6249879
a17,231,1,0,0.2929684
a17,232,1,1,0.5734834
a17,233,1,1,0.711504
a17,234,1,1,0.58891904
a17,235,1,1,0.7020263
a17,236,1,1,0.79142237
a17,237,1,0,0.12382531
a17,238,1,0,0.12571272
a17,239,1,1,0.73770154
a17,240,1,0,0.34743884
a17,241,1,1,0.78221637
a17,242,1,0,0.49165606
a17,243,1,1,0.671953
a17,244,0,0,0.22992559
a17,245,0,0,0.21428455
a17,246,0,0,0.18314585
a17,247,0,0,0.10896387
a17,248,0,0,0.2660495
a17,249,0,0,0.15186083
a17,250,0,0,0.30233553
a17,251,0,0,0.17426348
a17,252,0,0,0.24524637
a17,253,0,0,0.15198605
a17,254,0,0,0.29997295
a17,255,0,0,0.1863692
a17,256,0,0,0.21569934
a17,257,0,0,0.25912017
a17,258,0,0,0.40313837
a17,259,0,0,0.15790457
a17,260,0,0,0.3027405
a17,261,0,1,0.9185401
a17,262,0,1,0.6002624
a17,263,0,1,0.5343905
a17,264,1,0,0.27048898
a17,265,1,1,0.9333593
a17,266,1,1,0.80897975
a17,267,1,1,0.90184796
a17,268,1,1,0.614505
a17,269,1,1,0.667453
a17,270,1,1,0.8179687
a17,271,1,1,0.6752389
a17,272,1,1,0.54769534
a17,273,1,1,0.54616934
a17,274,1,1,0.74443614
a17,275,1,1,0.66870236
a17,276,1,1,0.8829681
a17,277,1,1,0.567098
a17,278,1,1,0.74875367
a17,279,1,1,0.6767417
a17,280,1,1,0.6178144
a17,281,1,1,0.8553934
a17,282,1,1,0.5504202
a17,283,1,1,0.93266696
a17,284,1,1,0.9127373
a17,285,1,1,0.9025324
a17,286,1,1,0.70440716
a17,287,1,1,0.9125241
a17,288,1,1,0.9126384
a17,289,1,1,0.5965536
a17,290,1,1,0.9310228
a17,291,1,1,0.89649284
a17,292,1,1,0.8915366
a17,293,1,1,0.84251827
a17,294,1,1,0.8870992
a17,295,1,1,0.9166576
a17,296,1,1,0.7019572
a17,297,1,1,0.93786514
a17,298,1,0,0.34393537
a17,299,0,0,0.25385556
a17,300,0,1,0.6502024
a17,301,0,0,0.48064837
a17,302,0,1,0.70921874
a17,303,0,0,0.42045352
a17,304,0,1,0.9044499
a17,305,0,0,0.49324894
a17,306,0,1,0.5859388
a17,307,0,1,0.8795769
a17,308,0,1,0.8079411
a17,309,0,0,0.46901703
a17,310,0,1,0.64462113
a17,311,0,1,0.6752795
a17,312,0,0,0.3581467
a17,313,0,1,0.8934948
a17,314,0,1,0.6194118
a17,315,0,0,0.404364
a17,316,1,1,0.6926336
a17,317,0,1,0.60065305
a17,318,0,1,0.80688924
a17,319,0,0,0.43473026
a17,320,0,1,0.8338602
a17,321,0,0,0.11813341
a17,322,0,1,0.5082436
a17,323,0,0,0.24876127
a17,324,0,0,0.29036787
a17,325,0,0,0.23160969
a17,326,0,1,0.5449759
a17,327,0,0,0.31005654
a17,328,0,0,0.37757236
a17,329,0,1,0.50651836
a17,330,0,1,0.88527805
a17,331,0,0,0.47548175
a17,332,0,0,0.23884478
a17,333,0,0,0.32708502
a17,334,0,1,0.5381159
a17,335,0,1,0.7195992
a17,336,0,0,0.17237093
a17,337,0,1,0.78653026
a17,338,0,0,0.3690139
a17,339,0,0,0.30502477
a17,340,0,0,0.33386794
a17,341,0,0,0.2288179
a17,342,0,0,0.33764938
a17,343,0,0,0.3074377
a17,344,0,0,0.30689272
a17,345,0,1,0.824205
a17,346,0,0,0.33156747
a17,347,0,0,0.40499
a17,348,0,0,0.3740539
a17,349,0,1,0.5024606
a17,350,0,0,0.16426942
a17,351,0,0,0.27979636
a17,352,0,0,0.38122007
a17,353,0,0,0.27953064
a17,354,0,0,0.38397625
a17,355,0,0,0.40416083
a17,356,0,0,0.23649342
a17,357,0,0,0.24562512
a17,358,0,0,0.23721336
a17,359,0,0,0.28943348
a17,360,0,0,0.24371138
a17,361,0,0,0.28250864
a17,362,0,0,0.2679432
a17,363,0,0,0.25157636
a17,364,0,1,0.76348513
a17,367,1,1,0.86159635
a17,368,1,1,0.7748202
a17,369,1,1,0.54305947
a17,370,1,1,0.6440249
a17,371,1,1,0.91815776
a17,372,1,1,0.88301027
a17,373,0,1,0.78947806
a17,374,0,1,0.7971617
a17,375,0,1,0.8591182
a17,376,0,0,0.3492952
a17,377,0,0,0.19428258
a17,378,0,0,0.3321219
a17,379,0,0,0.30875504
a17,380,0,1,0.95784944
a17,381,1,1,0.8244958
a17,382,1,1,0.72948885
a17,383,1,0,0.00012710883
a17,384,0,0,0.002404399
a17,385,0,0,0.002348098
a17,386,0,1,0.7301163
a17,387,0,1,0.6018689
a17,388,0,1,0.6802539
a17,389,0,1,0.73713773
a17,390,0,1,0.667374
a17,391,0,0,0.47282538
a17,392,0,0,0.20978254
a17,393,1,1,0.69778067
a17,394,1,1,0.88879746
a17,395,1,0,0.4571325
a17,396,1,0,0.4374043
a17,397,1,0,0.4017631
a17,398,1,1,0.7230482
a17,399,1,1,0.7431107
a17,400,1,0,0.28920692
a17,401,0,0,0.3626963
a17,402,0,1,0.64601094
a17,403,0,0,0.15958987
a17,404,0,0,0.46088538
a17,405,0,1,0.5889932
a17,406,0,0,0.43057507
a17,407,0,1,0.65372974
a17,408,0,0,0.36937818
a17,409,0,1,0.7817006
a17,410,0,0,5.507964e-09
a17,411,0,0,0.19300005
a17,412,0,1,0.6796406
a17,413,0,0,0.4478924
a17,414,0,1,0.7112068
a17,415,0,0,0.48328608
a17,416,0,1,0.593801
a17,417,0,0,0.41539615
a17,418,0,0,0.22243643
a17,419,0,0,0.22537692
a17,420,0,1,0.5695941
a17,421,0,1,0.7594609
a17,422,0,0,1.5042908e-06
a17,423,0,0,0.0009064314
a17,424,0,1,0.64700454
a17,425,0,0,0.3524373
a17,426,0,1,0.7827767
a17,427,0,1,0.57366467
a17,428,0,0,0.49149692
a17,429,0,0,0.38461894
a17,430,0,0,0.40877932
a17,431,0,1,0.63848186
a17,432,0,1,0.5528002
a17,433,0,0,0.38713995
a17,434,0,1,0.7894524
a17,435,0,0,0.40955228
a17,436,0,1,0.5352321
a17,437,0,1,0.55029106
a17,438,0,0,0.36202744
a17,439,0,0,0.31005
a17,440,0,0,0.43295926
a17,441,0,1,0.57397926
a17,442,0,0,0.47365364
a17,443,0,0,0.2850944
a17,444,0,1,0.6336417
a17,445,0,1,0.92317855
a17,446,0,1,0.6500699
a17,447,0,0,0.41840118
a17,448,0,0,0.3670285
a17,449,0,1,0.5170301
a17,450,0,0,0.4442824
a17,451,0,0,0.3543637
a17,452,0,1,0.50940865
a17,453,0,0,0.46075135
a17,454,0,0,0.32808012
a17,455,0,0,0.25091687
a17,456,0,0,0.31389406
a17,457,0,0,0.33847776
a17,458,0,0,0.18326408
a17,459,0,1,0.66693157
a17,460,0,1,0.7314889
a17,461,0,1,0.69395506
a17,462,1,0,0.41741654
a17,463,0,1,0.5517255
a17,464,0,0,0.100897826
a17,465,0,0,0.40772343
a17,466,0,0,0.32752663
a17,467,0,0,0.3719002
a17,468,0,0,0.3458879
a17,469,0,0,0.22406265
a17,470,0,0,0.20040463
a17,471,0,1,0.53139615
a17,472,0,0,0.2539724
a17,473,0,0,0.30209565
a17,474,0,0,0.43463245
a17,475,0,1,0.7957278
a17,476,0,0,0.20265575
a17,477,0,0,0.1912031
a17,478,0,1,0.87062585
a17,479,0,1,0.6016967
a17,480,0,1,0.6514462
a17,481,0,0,0.36564204
a17,482,0,1,0.7581098
a17,483,0,1,0.70810425
a17,484,0,0,0.49131188
a18,1,0,0,0.069984436
a18,2,0,0,0.08212974
a18,3,0,1,0.8615832
a18,4,0,0,0.2915055
a18,5,0,0,0.03655477
a18,6,0,0,0.09743799
a18,7,0,0,0.051464356
a18,8,0,0,0.08380356
a18,9,0,0,0.04708348
a18,10,0,0,0.069882646
a18,11,0,0,0.04010999
a18,12,0,0,0.026531486
a18,13,0,0,0.18251105
a18,14,0,0,0.07026196
a18,15,0,0,0.029893702
a18,16,0,0,0.2505544
a18,17,0,0,0.10057852
a18,18,0,0,0.20189962
a18,19,0,0,0.33088985
a18,20,0,0,0.063751414
a18,21,0,0,0.041159175
a18,22,0,0,0.09619311
a18,23,0,0,0.13832602
a18,24,0,0,0.06784416
a18,25,0,1,0.61596227
a18,26,0,0,0.21366416
a18,27,0,0,0.0404625
a18,28,0,0,0.04494334
a18,29,0,0,0.052007724
a18,30,0,0,0.060521197
a18,31,0,0,0.038249243
a18,32,0,0,0.061876923
a18,33,1,0,0.03926815
a18,34,1,0,0.10765148
a18,35,1,0,0.05916223
a18,36,1,0,0.07007251
a18,37,1,0,0.05250696
a18,38,1,0,0.0752215
a18,39,1,0,0.06549271
a18,40,1,0,0.053650547
a18,41,1,0,0.04870531
a18,42,1,0,0.36113146
a18,43,1,0,0.058187764
a18,44,1,0,0.039594635
a18,45,1,0,0.07592804
a18,46,1,0,0.07892517
a18,47,1,0,0.043977454
a18,48,1,0,0.09663209
a18,49,1,0,0.13606347
a18,50,1,0,0.06934038
a18,51,1,0,0.055486847
a18,52,1,0,0.07525588
a18,53,1,0,0.057578128
a18,54,1,0,0.10782274
a18,55,1,0,0.07926985
a18,56,1,0,0.061384633
a18,57,1,0,0.037779853
a18,58,1,0,0.09475432
a18,59,1,0,0.06547211
a18,60,1,0,0.07856666
a18,61,1,0,0.07870792
a18,62,1,0,0.21303906
a18,63,1,0,0.09746184
a18,64,1,0,0.048883554
a18,65,1,0,0.043406617
a18,66,1,0,0.04646967
a18,67,1,0,0.0556762
a18,68,1,0,0.07920264
a18,69,1,0,0.08013898
a18,70,1,0,0.05345062
a18,71,1,0,0.0423623
a18,72,1,0,0.04641788
a18,73,1,0,0.026976502
a18,74,1,0,0.057167068
a18,75,1,0,0.070562035
a18,76,1,0,0.18506083
a18,77,1,0,0.092795625
a18,78,1,0,0.035962883
a18,79,1,0,0.09180513
a18,80,1,0,0.038268536
a18,81,1,0,0.10067255
a18,82,1,0,0.036862146
a18,83,1,0,0.15195066
a18,84,1,0,0.04256341
a18,85,1,0,0.12835982
a18,86,1,0,0.056263417
a18,87,1,0,0.094217904
a18,88,1,0,0.04807679
a18,89,1,0,0.049968548
a18,90,1,0,0.08554816
a18,91,1,0,0.030490324
a18,92,1,0,0.12382594
a18,93,1,0,0.03728973
a18,94,1,0,0.032018658
a18,95,1,0,0.037997756
a18,96,1,0,0.03090728
a18,97,1,0,0.0911024
a18,98,1,0,0.078643315
a18,99,1,0,0.06937138
a18,100,1,0,0.07474086
a18,101,1,0,0.10546835
a18,102,1,0,0.026017888
a18,103,1,0,0.035769757
a18,104,1,0,0.043639507
a18,105,1,0,0.032622337
a18,106,1,0,0.077208504
a18,107,1,0,0.21899478
a18,108,1,0,0.06409006
a18,109,1,0,0.022213187
a18,110,1,0,0.08240778
a18,111,1,0,0.08116174
a18,112,1,0,0.04791458
a18,113,1,0,0.071389146
a18,114,1,0,0.07147353
a18,115,1,0,0.15271446
a18,116,1,0,0.058055878
a18,117,1,0,0.2634508
a18,118,1,0,0.041144706
a18,119,1,0,0.031510014
a18,120,1,0,0.07056001
a18,121,1,0,0.14375557
a18,122,1,0,0.030500107
a18,123,1,0,0.06447649
a18,124,1,0,0.09226551
a18,125,1,0,0.049367055
a18,126,1,0,0.043283697
a18,127,1,0,0.047942486
a18,128,1,0,0.28268924
a18,129,1,0,0.22808717
a18,130,1,0,0.051680706
a18,131,1,0,0.055971865
a18,132,1,0,0.08026331
a18,133,1,0,0.06057409
a18,134,1,0,0.028930077
a18,135,1,0,0.060907807
a18,136,1,0,0.07800608
a18,137,1,0,0.048933975
a18,138,1,0,0.0928016
a18,139,1,0,0.09447646
a18,140,1,0,0.07449548
a18,141,1,0,0.07389896
a18,142,1,0,0.07885265
a18,143,1,0,0.04814797
a18,144,1,0,0.17178242
a18,145,1,0,0.052102007
a18,146,1,0,0.09358564
a18,147,1,0,0.032788947
a18,148,1,0,0.054537456
a18,149,1,0,0.22344428
a18,150,1,0,0.042569764
a18,151,1,0,0.09594042
a18,152,1,0,0.065042704
a18,153,1,0,0.04976711
a18,154,1,0,0.06689127
a18,155,1,0,0.05398593
a18,156,1,0,0.05768883
a18,157,1,0,0.061054353
a18,158,1,0,0.057985626
a18,159,1,0,0.29948208
a18,160,1,0,0.04090554
a18,161,1,0,0.05434651
a18,162,1,0,0.060004067
a18,163,1,0,0.066072814
a18,164,1,0,0.04891804
a18,165,1,0,0.037483208
a18,166,1,0,0.19810133
a18,167,1,0,0.051923927
a18,168,1,0,0.03406553
a18,169,1,0,0.19515291
a18,170,0,1,0.79298264
a18,171,0,1,0.6250422
a18,172,0,0,0.10210842
a18,173,0,0,0.17110816
a18,174,0,0,0.12706041
a18,175,0,0,0.043934133
a18,176,0,0,0.055334475
a18,177,0,0,0.05224219
a18,178,0,0,0.1285943
a18,179,0,0,0.07865859
a18,180,1,0,0.15971546
a18,181,1,0,0.03460495
a18,182,1,0,0.036607984
a18,183,1,0,0.09593811
a18,184,1,0,0.04660732
a18,185,1,0,0.075797565
a18,186,1,0,0.4346379
a18,187,0,0,0.43046743
a18,188,0,0,0.04314879
a18,189,0,0,0.036890324
a18,190,1,0,0.07991885
a18,191,1,0,0.046634544
a18,192,1,0,0.038589593
a18,193,1,0,0.12156146
a18,194,1,0,0.04176098
a18,195,0,0,0.04990075
a18,196,1,0,0.08365933
a18,197,1,0,0.043811437
a18,198,1,0,0.019489752
a18,199,1,0,0.13571455
a18,200,1,0,0.10901454
a18,201,1,0,0.0571292
a18,202,1,0,0.116317205
a18,203,1,0,0.03984197
a18,204,1,0,0.04433484
a18,205,1,0,0.12083
a18,206,1,0,0.026399713
a18,207,1,0,0.037348516
a18,208,1,0,0.06326502
a18,209,1,0,0.05875096
a18,210,1,0,0.039811764
a18,211,1,0,0.04541328
a18,212,1,0,0.046657026
a18,213,1,0,0.042224288
a18,214,1,0,0.03655955
a18,215,1,0,0.033570595
a18,216,1,0,0.067982875
a18,217,1,0,0.057733506
a18,218,1,0,0.053128287
a18,219,1,0,0.038069014
a18,220,1,0,0.06725095
a18,221,1,0,0.026445406
a18,222,1,0,0.06311664
a18,223,1,0,0.12880264
a18,224,1,0,0.047948603
a18,225,1,0,0.048835978
a18,226,0,0,0.033631697
a18,227,0,0,0.035937596
a18,228,1,0,0.07822289
a18,229,1,0,0.07961361
a18,230,0,0,0.042241666
a18,231,0,0,0.034528974
a18,232,1,0,0.06804961
a18,233,1,0,0.042027675
a18,234,1,0,0.04515071
a18,235,1,0,0.04206725
a18,236,1,0,0.041901186
a18,237,1,0,0.025999805
a18,238,1,0,0.032742105
a18,239,1,0,0.054848157
a18,240,1,0,0.078396626
a18,241,1,0,0.054751106
a18,242,1,0,0.032791164
a18,243,1,0,0.041784324
a18,244,1,0,0.066866845
a18,245,1,0,0.06542136
a18,246,1,0,0.039291613
a18,247,1,0,0.051399916
a18,248,1,0,0.21135828
a18,249,1,1,0.6431428
a18,250,1,0,0.055287823
a18,251,1,0,0.034999967
a18,252,1,0,0.029101063
a18,253,1,0,0.038698945
a18,254,1,0,0.04673312
a18,255,1,0,0.038136534
a18,256,1,0,0.031183237
a18,257,1,0,0.02601074
a18,258,1,0,0.09977365
a18,259,1,0,0.042200413
a18,260,1,0,0.033873048
a18,261,1,0,0.092710644
a18,262,1,0,0.044082623
a18,263,1,0,0.029812653
a18,264,1,1,0.5775135
a18,265,1,0,0.041003488
a18,266,1,1,0.7646169
a18,267,1,0,0.24736059
a18,268,1,0,0.3732895
a18,269,1,0,0.37545705
a18,270,1,0,0.44155467
a18,271,1,1,0.7472475
a18,272,1,0,0.06466889
a18,273,1,0,0.26847118
a18,274,1,0,0.018956874
a18,275,1,0,0.3619816
a18,276,1,0,0.30886573
a18,277,1,0,0.38416347
a18,278,1,0,0.076693356
a18,279,1,0,0.055749673
a18,280,1,0,0.057166316
a18,281,1,0,0.18817937
a18,282,1,0,0.060999896
a18,283,1,0,0.05059112
a18,284,1,0,0.05028391
a18,285,1,0,0.043179266
a18,286,1,0,0.06970562
a18,287,1,0,0.4708861
a18,288,1,0,0.39397946
a18,289,1,0,0.065359294
a18,290,1,0,0.06271009
a18,291,1,0,0.03589018
a18,292,1,0,0.27453268
a18,293,1,0,0.053112008
a18,294,1,0,0.07701539
a18,295,1,0,0.04421767
a18,296,1,0,0.12792145
a18,297,1,0,0.07307428
a18,298,1,0,0.08688894
a18,299,1,0,0.38067782
a18,300,1,0,0.025030455
a18,301,1,0,0.05357079
a18,302,1,0,0.19584438
a18,303,1,0,0.07915882
a18,304,1,0,0.06342161
a18,305,1,0,0.043114893
a18,306,1,0,0.08112535
a18,307,1,0,0.072808735
a18,308,1,0,0.04746216
a18,309,1,1,0.57676655
a18,310,1,0,0.05525594
a18,311,1,0,0.10199381
a18,312,1,0,0.041387934
a18,313,1,0,0.13649021
a18,314,1,0,0.10325739
a18,315,1,0,0.043135583
a18,316,1,0,0.043526173
a18,317,1,0,0.0348076
a18,318,1,0,0.20048307
a18,319,1,0,0.03345254
a18,320,1,0,0.038839772
a18,321,1,0,0.042274136
a18,322,1,0,0.2177513
a18,323,1,0,0.03553709
a18,324,1,0,0.093180984
a18,325,1,0,0.12644011
a18,326,1,0,0.12736404
a18,327,1,0,0.47403055
a18,328,1,0,0.054505367
a18,329,1,0,0.034393735
a18,330,1,0,0.12590271
a18,331,1,0,0.08619314
a18,332,1,0,0.0643655
a18,333,1,0,0.024119291
a18,334,1,0,0.1792159
a18,335,1,0,0.04798158
a18,336,1,0,0.05617134
a18,337,1,0,0.062481854
a18,338,1,0,0.08460427
a18,339,1,0,0.2958236
a18,340,1,0,0.053428404
a18,341,1,0,0.062457822
a18,342,1,0,0.19138452
a18,343,1,0,0.08665445
a18,344,1,0,0.34436476
a18,345,1,0,0.044321023
a18,346,1,0,0.2134466
a18,347,1,0,0.036303006
a18,348,1,0,0.49131495
a18,349,1,0,0.040265232
a18,350,1,0,0.031987008
a18,351,1,0,0.04507309
a18,352,1,0,0.041127402
a18,353,1,0,0.05295393
a18,354,1,0,0.107406616
a18,355,1,0,0.081495695
a18,356,1,0,0.053985003
a18,357,1,0,0.059681077
a18,358,1,0,0.048894595
a18,359,1,0,0.05413708
a18,360,1,0,0.096453376
a18,361,1,0,0.1146842
a18,362,1,0,0.26148707
a18,363,1,0,0.06431343
a18,364,1,0,0.11472536
a18,365,1,0,0.11134166
a18,366,1,0,0.18476431
a18,367,1,0,0.10558902
a18,368,1,0,0.46942702
a18,369,1,1,0.5011779
a18,370,1,0,0.42144644
a18,371,1,1,0.7737458
a18,372,1,1,0.5364982
a18,373,1,0,0.16964869
a18,374,1,1,0.5990821
a18,375,1,1,0.65077406
a18,376,1,0,0.07933548
a18,377,1,1,0.53131354
a18,378,1,1,0.53582984
a18,379,1,0,0.08713879
a18,380,1,0,0.110142134
a18,381,1,1,0.67242086
a18,382,1,0,0.20094337
a18,383,1,0,0.40985897
a18,384,1,0,0.050080515
a18,385,1,0,0.14239568
a18,386,1,0,0.03764829
a18,387,1,0,0.078062914
a18,388,1,0,0.120982885
a18,389,1,1,0.5826758
a18,390,1,0,0.03925144
a18,391,1,0,0.044596236
a18,392,1,0,0.07453893
a18,393,1,0,0.15135714
a18,394,1,0,0.08978445
a18,395,1,0,0.2400579
a18,396,1,0,0.22348462
a18,397,1,0,0.032445606
a18,398,1,0,0.04258894
a18,399,1,0,0.032753285
a18,400,1,0,0.0633445
a18,401,1,0,0.07358242
a18,402,1,0,0.13001147
a18,403,1,0,0.120142765
a18,404,1,0,0.058549475
a18,405,1,0,0.05970266
a18,406,1,0,0.14131859
a18,407,1,0,0.06535181
a18,408,1,0,0.034854315
a18,409,1,0,0.05100761
a18,410,1,0,0.081603535
a18,411,1,0,0.029520255
a18,412,1,0,0.042970553
a18,413,1,0,0.065390624
a18,414,1,0,0.043232962
a18,415,1,0,0.07887236
a18,416,1,0,0.061642274
a18,417,1,0,0.03817676
a18,418,1,1,0.56308573
a18,419,1,1,0.5240613
a18,420,1,0,0.11984101
a18,421,1,0,0.060718853
a18,422,1,0,0.21995771
a18,423,1,0,0.11938061
a18,424,1,0,0.059972625
a18,425,1,0,0.0582965
a18,426,1,0,0.04995576
a18,427,1,0,0.064285666
a18,428,1,0,0.12802795
a18,429,1,0,0.03910672
a18,430,1,0,0.14216428
a18,431,1,0,0.05736079
a18,432,1,0,0.041164048
a18,433,1,0,0.06757332
a18,434,1,0,0.026858786
a18,435,1,0,0.18979217
a18,436,1,0,0.06988125
a18,437,1,0,0.12781927
a18,438,1,0,0.038723815
a18,439,1,0,0.033042874
a18,440,1,0,0.051133007
a18,441,1,0,0.102261886
a18,442,1,0,0.039195832
a18,443,1,0,0.25371087
a18,444,1,0,0.07607156
a18,445,1,0,0.10502007
a18,446,1,0,0.20831123
a18,447,1,0,0.06016922
a18,448,1,0,0.18536551
a18,449,1,0,0.031482916
a18,450,1,0,0.3607137
a18,451,1,0,0.13118328
a18,452,1,0,0.03908378
a18,453,1,0,0.0649398
a18,454,1,0,0.02533973
a18,455,1,0,0.06990368
a18,456,1,0,0.027690284
a18,457,1,0,0.07364941
a18,458,1,0,0.0646376
a18,459,1,0,0.09255293
a18,460,1,0,0.076496735
a18,461,1,0,0.052590124
a18,462,1,0,0.07597744
a18,463,1,0,0.07347275
a18,464,1,0,0.07061203
a18,465,1,0,0.03856939
a18,466,1,0,0.049861193
a18,467,1,0,0.07024964
a18,468,1,0,0.07994353
a18,469,1,0,0.18457265
a18,470,1,0,0.026390126
a18,471,1,0,0.045217477
a18,472,1,0,0.053981535
a18,473,1,0,0.0726505
a18,474,1,0,0.09914511
a18,475,1,0,0.040968027
a18,476,1,0,0.06308846
a18,477,1,0,0.12134514
a18,478,1,0,0.103458636
a18,479,1,0,0.10601343
a18,480,1,0,0.1092517
a18,481,1,0,0.04768591
a18,482,1,0,0.07789696
a18,483,1,0,0.098245665
a18,484,1,0,0.067783
a18,485,1,0,0.074266374
a18,486,1,0,0.107837915
a18,487,1,0,0.15974183
a18,488,1,0,0.28137037
a19,1,1,0,0.30342966
a19,2,1,0,0.33210868
a19,3,1,0,0.23500246
a19,4,1,1,0.52471125
a19,5,1,1,0.53703374
a19,6,1,0,0.23533879
a19,7,0,0,0.17700231
a19,8,0,0,0.34149355
a19,9,1,0,0.270579
a19,10,1,0,0.35296717
a19,11,1,0,0.48419395
a19,12,1,0,0.23832342
a19,13,1,0,0.35357553
a19,14,0,0,0.15618226
a19,15,0,0,0.17263678
a19,16,0,1,0.51023424
a19,17,0,0,0.3560878
a19,18,0,0,0.13478859
a19,19,0,0,0.17005067
a19,20,0,0,0.3125285
a19,21,0,0,0.22739522
a19,22,0,0,0.25690496
a19,23,0,0,0.28594133
a19,24,0,0,0.46155405
a19,25,0,0,0.29053447
a19,26,0,0,0.31016004
a19,27,1,1,0.52128255
a19,28,0,0,0.38596657
a19,29,0,0,0.3750733
a19,30,0,0,0.25546083
a19,31,0,0,0.2078091
a19,32,0,0,0.33509815
a19,33,0,0,0.27013966
a19,34,0,0,0.3412166
a19,35,0,0,0.110691294
a19,36,0,0,0.13280787
a19,37,0,0,0.17981368
a19,38,0,0,0.16197766
a19,39,0,0,0.11530905
a19,40,0,0,0.2663988
a19,41,0,0,0.21994261
a19,42,0,0,0.108956695
a19,43,0,0,0.10291007
a19,44,0,0,0.1185272
a19,45,0,0,0.117163464
a19,46,0,0,0.25781047
a19,47,0,0,0.105099395
a19,48,0,0,0.15620908
a19,49,0,0,0.10043764
a19,50,0,0,0.113732584
a19,51,0,0,0.11323128
a19,52,0,0,0.10028628
a19,53,0,0,0.42625803
a19,54,0,1,0.82354766
a19,55,0,0,0.114316665
a19,56,0,0,0.16046369
a19,57,0,0,0.11094385
a19,58,0,0,0.08999052
a19,59,0,0,0.10707098
a19,60,0,0,0.07008136
a19,61,0,0,0.102794334
a19,62,0,0,0.094981715
a19,63,0,0,0.09809921
a19,64,0,0,0.07422665
a19,65,0,0,0.09550973
a19,66,0,0,0.09059864
a19,67,0,0,0.09818197
a19,68,0,0,0.089566775
a19,69,0,0,0.11858072
a19,70,0,0,0.14665358
a19,71,0,0,0.14739925
a19,72,0,0,0.22023013
a19,73,0,0,0.28245217
a19,74,0,0,0.13429062
a19,75,0,0,0.15464318
a19,76,0,0,0.19104302
a19,77,0,0,0.19910519
a19,78,0,0,0.155585
a19,79,0,0,0.1236324
a19,80,0,0,0.16797526
a19,81,0,0,0.107123695
a19,82,0,1,0.5201714
a19,83,0,0,0.37309813
a19,84,0,0,0.30179012
a19,85,0,0,0.1928172
a19,86,0,0,0.27007964
a19,87,1,1,0.5053259
a19,88,1,0,0.2864142
a19,89,1,0,0.26822338
a19,90,1,1,0.5370978
a19,91,1,1,0.6180271
a19,92,1,1,0.70775837
a19,93,1,1,0.6453912
a19,94,1,1,0.6702588
a19,95,1,1,0.6796037
a19,96,1,1,0.6199167
a19,97,1,1,0.78957283
a19,98,1,0,0.37228635
a19,99,0,0,0.21311249
a19,100,0,0,0.101290286
a19,101,0,0,0.1702679
a19,102,0,0,0.08213207
a19,103,0,0,0.13578658
a19,104,0,0,0.4747475
a19,105,0,0,0.10432451
a19,106,0,0,0.09828176
a19,107,0,0,0.099667706
a19,108,0,0,0.4309804
a19,109,0,0,0.26491225
a19,110,0,0,0.12445126
a19,111,0,0,0.101530574
a19,112,0,0,0.1284701
a19,113,0,0,0.11617777
a19,114,0,0,0.09646513
a19,115,0,0,0.1592719
a19,116,0,0,0.08647876
a19,117,0,0,0.09804251
a19,118,0,0,0.11674447
a19,119,0,0,0.10773978
a19,120,0,0,0.12637185
a19,121,0,0,0.10273085
a19,122,0,0,0.09917639
a19,123,0,0,0.105814256
a19,124,0,0,0.10227817
a19,125,0,0,0.13914216
a19,126,0,0,0.119359314
a19,127,0,0,0.14771014
a19,128,0,0,0.14078389
a19,129,0,0,0.13528167
a19,130,0,0,0.15541993
a19,131,0,0,0.13099927
a19,132,0,0,0.13187397
a19,133,0,0,0.12807679
a19,134,0,0,0.12964015
a19,135,0,0,0.14516285
a19,136,0,0,0.28198206
a19,137,0,0,0.14538623
a19,138,0,0,0.13238506
a19,139,0,0,0.1658098
a19,140,0,0,0.19255076
a19,141,0,0,0.13731149
a19,142,0,0,0.16613002
a19,143,0,0,0.19450887
a19,144,0,0,0.11722728
a19,145,0,0,0.14230259
a19,146,0,0,0.22083494
a19,147,0,0,0.1878011
a19,148,0,1,0.6987823
a19,149,1,0,0.44737053
a19,150,1,1,0.50414425
a19,151,1,1,0.6566499
a19,152,1,0,0.4436204
a19,153,1,1,0.69991785
a19,154,1,0,0.38496312
a19,155,1,0,0.4420837
a19,156,1,1,0.77616054
a19,157,1,1,0.6646913
a19,158,1,1,0.7631195
a19,159,1,1,0.55845577
a19,160,1,1,0.5491923
a19,161,1,0,0.37214434
a19,162,1,1,0.77378356
a19,163,1,1,0.58475065
a19,164,1,0,0.35895473
a19,165,1,1,0.6855629
a19,166,1,1,0.87906224
a19,167,1,1,0.5021378
a19,168,1,0,0.38490677
a19,169,1,0,0.4590163
a19,170,1,1,0.5914815
a19,171,1,1,0.7147248
a19,172,1,1,0.5933998
a19,173,1,1,0.71966064
a19,174,1,0,0.23082681
a19,175,1,0,0.1688159
a19,176,0,0,0.085936874
a19,177,0,0,0.11061345
a19,178,0,0,0.099715054
a19,179,0,0,0.09262195
a19,180,0,0,0.11603402
a19,181,0,0,0.10199462
a19,182,0,1,0.5012474
a19,183,0,0,0.12605703
a19,184,0,0,0.10283928
a19,185,0,0,0.111405656
a19,186,0,0,0.089437865
a19,187,0,0,0.12407411
a19,188,0,0,0.15726502
a19,189,0,0,0.1351029
a19,190,0,0,0.103188485
a19,191,0,0,0.111058004
a19,192,0,0,0.12070213
a19,193,0,0,0.16288197
a19,194,0,0,0.37167653
a19,195,1,0,0.24739578
a19,196,0,0,0.13697186
a19,197,0,0,0.10330098
a19,198,0,0,0.10935808
a19,199,0,0,0.116482705
a19,200,0,0,0.09612587
a19,201,0,0,0.13477862
a19,202,0,0,0.15966804
a19,203,0,0,0.1849944
a19,204,0,0,0.16512492
a19,205,0,0,0.14102669
a19,206,0,0,0.12507398
a19,207,0,0,0.17069358
a19,208,0,0,0.19068997
a19,209,0,0,0.15335436
a19,210,0,0,0.38340867
a19,211,0,0,0.24504861
a19,212,1,0,0.3605475
a19,213,1,1,0.62436974
a19,214,1,1,0.7861439
a19,215,1,1,0.5811818
a19,216,1,1,0.7422803
a19,217,1,1,0.7424052
a19,218,1,1,0.5964133
a19,219,1,0,0.39298105
a19,220,1,1,0.76906407
a19,221,1,1,0.74476904
a19,222,1,1,0.6320469
a19,223,1,0,0.4759361
a19,224,1,1,0.69518274
a19,225,1,0,0.26374182
a19,226,1,0,0.34157038
a19,227,1,1,0.67574406
a19,228,1,0,0.31322557
a19,229,1,0,0.46773228
a19,230,1,1,0.6349949
a19,231,1,0,0.44225034
a19,232,1,1,0.716441
a19,233,1,1,0.8602827
a19,234,1,1,0.55493504
a19,235,1,1,0.76733565
a19,236,1,1,0.61723197
a19,237,1,1,0.8281237
a19,238,0,0,0.40476212
a19,239,0,0,0.19337209
a19,240,0,0,0.15918191
a19,241,0,0,0.18898869
a19,242,0,0,0.1266058
a19,243,0,0,0.122661024
a19,244,0,0,0.12095974
a19,245,0,0,0.12338436
a19,246,0,1,0.727726
a19,247,1,0,0.4514887
a19,248,1,0,0.49690318
a19,249,1,1,0.5061945
a19,250,1,0,0.37184936
a19,251,1,0,0.36449274
a19,252,1,0,0.4633074
a19,253,1,1,0.62868327
a19,254,1,0,0.49559936
a19,255,1,1,0.5022182
a19,256,1,0,0.34909064
a19,257,1,1,0.69435203
a19,258,1,1,0.7436042
a19,259,1,1,0.80399853
a19,260,1,1,0.61709505
a19,261,1,1,0.6621225
a19,262,1,1,0.5173524
a19,263,1,1,0.824236
a19,264,1,0,0.37844172
a19,265,1,1,0.6552169
a19,266,1,1,0.5655183
a19,267,1,1,0.7128596
a19,268,1,0,0.42992488
a19,269,1,0,0.2400734
a19,270,1,1,0.7687778
a19,271,1,1,0.66642207
a19,272,1,1,0.7347915
a19,273,1,0,0.36672747
a19,274,1,1,0.7793293
a19,275,1,1,0.5690671
a19,276,1,1,0.67751515
a19,277,1,1,0.8354761
a19,278,1,1,0.82488656
a19,279,0,0,0.43456343
a19,280,0,0,0.13118282
a19,281,0,0,0.13980336
a19,282,0,0,0.12694114
a19,283,0,0,0.15145844
a19,284,0,0,0.10946459
a19,285,0,0,0.26757205
a19,286,0,0,0.12966779
a19,287,0,0,0.097175285
a19,288,0,0,0.10504186
a19,289,0,0,0.11806536
a19,290,0,0,0.12748902
a19,291,0,0,0.18546455
a19,292,0,0,0.23829389
a19,293,0,0,0.11859975
a19,294,0,0,0.1439031
a19,295,0,0,0.23966005
a19,296,0,0,0.17449799
a19,297,0,0,0.18716025
a19,298,0,0,0.14978577
a19,299,0,0,0.12457569
a19,300,0,0,0.20250073
a19,301,0,0,0.1884616
a19,302,0,0,0.13261959
a19,303,0,0,0.20223117
a19,304,0,0,0.14536822
a19,305,0,0,0.1469497
a19,306,0,0,0.124226235
a19,307,0,0,0.13561843
a19,308,0,0,0.11761853
a19,309,0,0,0.123613775
a19,310,0,0,0.12244905
a19,311,0,0,0.23084715
a19,312,0,0,0.22745283
a19,313,0,1,0.54256606
a19,314,1,0,0.2630321
a19,315,1,0,0.38655955
a19,316,1,1,0.64896
a19,317,1,1,0.5051311
a19,318,1,0,0.45805037
a19,319,1,1,0.5247328
a19,320,1,0,0.40360987
a19,321,1,1,0.61868787
a19,322,1,0,0.4790296
a19,323,1,1,0.5287983
a19,324,1,1,0.6863598
a19,325,1,1,0.8058986
a19,326,1,1,0.68251
a19,327,1,0,0.4164246
a19,328,1,1,0.57685864
a19,329,1,1,0.63809395
a19,330,1,1,0.67942274
a19,331,1,0,0.44435418
a19,332,1,1,0.6338085
a19,333,1,1,0.735962
a19,334,1,0,0.48256662
a19,335,1,1,0.80762553
a19,336,1,1,0.8268061
a19,337,1,1,0.881371
a19,338,1,1,0.5260984
a19,339,1,1,0.6163491
a19,340,1,1,0.8549081
a19,341,1,1,0.7991444
a19,342,0,0,0.18410073
a19,343,0,0,0.17797482
a19,344,0,0,0.09923354
a19,345,0,0,0.10358735
a19,346,0,1,0.743592
a19,347,1,0,0.3399146
a19,348,0,0,0.09700194
a19,349,0,0,0.1145725
a19,350,0,0,0.136542
a19,351,0,0,0.12010654
a19,352,0,0,0.1091923
a19,353,0,0,0.12646323
a19,354,0,0,0.13133095
a19,355,0,0,0.13800663
a19,356,0,0,0.13515843
a19,357,0,0,0.12537439
a19,358,0,0,0.10837814
a19,359,0,0,0.11218537
a19,360,0,0,0.097734466
a19,361,0,0,0.100416265
a19,362,0,0,0.1218998
a19,363,0,0,0.08766199
a19,364,0,0,0.09773315
a19,365,0,0,0.11567446
a19,366,0,0,0.12377822
a19,367,0,0,0.18327376
a19,368,0,0,0.11614831
a19,369,0,0,0.15359405
a19,370,0,0,0.13706371
a19,371,0,0,0.11628092
a19,372,0,0,0.11688455
a19,373,0,0,0.12476104
a19,374,0,0,0.110542536
a19,375,0,1,0.6642827
a19,376,0,0,0.30108422
a19,377,1,1,0.55419755
a19,378,1,1,0.65900636
a19,379,1,1,0.70205826
a19,380,1,1,0.81595373
a19,381,1,1,0.6184325
a19,382,1,1,0.72238815
a19,383,1,1,0.5919801
a19,384,1,1,0.5007254
a19,385,1,1,0.6954564
a19,386,1,1,0.8306675
a19,387,1,0,0.378186
a19,388,1,1,0.6023571
a19,389,1,1,0.88244677
a19,390,1,1,0.5872076
a19,391,1,0,0.1826043
a19,392,1,0,0.3109191
a19,393,1,1,0.72119725
a19,394,1,0,0.13281962
a19,395,1,0,0.23113613
a19,396,0,0,0.12294843
a19,397,0,0,0.16437148
a19,398,0,0,0.14287421
a19,399,0,0,0.17061217
a19,400,0,0,0.11183515
a19,401,0,0,0.123547934
a19,402,0,0,0.116151154
a19,403,0,0,0.13401996
a19,404,0,0,0.11823837
a19,405,0,0,0.13205293
a19,406,0,0,0.12866238
a19,407,0,0,0.09882942
a19,408,0,0,0.12366202
a19,409,0,0,0.10521404
a19,410,0,0,0.17874207
a19,411,0,0,0.20421135
a19,412,0,0,0.34141192
a19,413,0,0,0.2392905
a19,414,0,0,0.19889142
a19,415,0,0,0.116788454
a19,416,0,0,0.1296665
a19,417,0,0,0.12618339
a19,418,0,0,0.11100359
a19,419,0,0,0.10568764
a19,420,0,0,0.12909009
a19,421,0,0,0.18764752
a19,422,0,0,0.116489135
a19,423,0,0,0.14521375
a19,424,0,0,0.1429946
a19,425,0,0,0.22516653
a19,426,0,0,0.283384
a19,427,0,0,0.11678944
a19,428,0,0,0.11575806
a19,429,0,0,0.1518568
a19,430,0,0,0.19797258
a19,431,0,0,0.27794772
a19,432,0,0,0.17534947
a19,433,0,0,0.1609419
a19,434,0,0,0.13170417
a19,435,0,0,0.2244657
a19,436,0,0,0.11627325
a19,437,0,0,0.123848006
a19,438,0,1,0.7797941
a19,439,1,1,0.5376124
a19,440,1,0,0.28777686
a19,441,1,0,0.28815222
a19,442,1,1,0.60988957
a19,443,1,1,0.6702823
a19,444,1,0,0.37442058
a19,445,1,1,0.6936009
a19,446,1,1,0.8205348
a19,447,1,1,0.51171327
a19,448,1,1,0.6744901
a19,449,1,0,0.18186787
a19,450,1,0,0.3815699
a19,451,1,1,0.6432019
a19,452,1,0,0.40763623
a19,453,1,0,0.41295278
a19,454,1,1,0.6155871
a19,455,1,0,0.19931296
a19,456,1,0,0.11700342
a19,457,0,0,0.49436805
a19,458,1,1,0.68523115
a19,459,1,0,0.4490672
a19,460,1,1,0.7300281
a19,461,1,1,0.59634024
a19,462,1,1,0.8249989
a19,463,1,1,0.8960549
a19,464,1,0,0.45891184
a19,465,1,0,0.33876595
a19,466,0,0,0.115360744
a19,467,0,0,0.21553762
a19,468,0,0,0.19234523
a19,469,0,0,0.118995555
a19,470,0,0,0.13737167
a19,471,0,0,0.09125753
a19,472,0,0,0.33043975
a19,473,0,0,0.14125441
a19,474,0,0,0.124704495
a19,475,0,0,0.105897255
a19,476,0,0,0.14070536
a19,477,0,0,0.08807198
a19,478,0,0,0.33362517
a19,479,1,0,0.17828187
a19,480,0,1,0.61377287
a19,481,1,0,0.2966567
a19,482,0,0,0.38019386
a19,483,1,1,0.6050741
a19,484,1,1,0.6585962
a19,485,1,0,0.20538221
a19,486,1,1,0.533419
a19,487,1,1,0.7118112
a19,488,1,1,0.53288424
a19,489,1,0,0.4445052
a19,490,1,0,0.49683076
a19,491,1,0,0.27339455
a19,492,1,0,0.25619432
a19,493,1,0,0.4826874
a19,494,1,0,0.24447717
a19,495,1,0,0.254729
a19,496,1,0,0.31649148
a19,497,1,0,0.3936751
a19,498,1,1,0.5352408
a19,499,1,1,0.50007397
a19,500,1,1,0.6462926
a19,501,1,0,0.43328592
a20,1,0,0,0.0046085613
a20,2,0,0,0.008788434
a20,3,0,0,0.0029212823
a20,4,0,0,0.0039937175
a20,5,0,0,0.0031770517
a20,6,0,0,0.003757789
a20,7,0,0,0.003520928
a20,8,0,0,0.013735581
a20,9,0,0,0.009098019
a20,10,0,0,0.014634897
a20,11,0,0,0.0054218057
a20,12,0,0,0.009009813
a20,13,0,0,0.0050743404
a20,14,0,0,0.009636915
a20,15,0,0,0.00837583
a20,16,0,0,0.005675551
a20,17,0,0,0.0131851705
a20,18,0,0,0.00811832
a20,19,0,0,0.008045036
a20,20,0,0,0.02557037
a20,21,0,0,0.013665946
a20,22,0,0,0.010426999
a20,23,0,0,0.05258263
a20,24,0,0,0.00490317
a20,25,0,0,0.0059586363
a20,26,0,0,0.07448446
a20,27,0,0,0.007504421
a20,28,0,0,0.016938472
a20,29,0,0,0.0029507156
a20,30,0,0,0.003950978
a20,31,0,0,0.0021758925
a20,32,0,0,0.024738174
a20,33,0,0,0.03031261
a20,34,0,0,0.007993967
a20,35,0,1,0.7489152
a20,36,0,0,0.003923079
a20,37,0,0,0.004474094
a20,38,0,0,0.004249283
a20,39,0,0,0.002781011
a20,40,0,0,0.00429577
a20,41,0,0,0.008887617
a20,42,0,0,0.0048631164
a20,43,0,0,0.0034693547
a20,44,0,0,0.0049417964
a20,45,0,0,0.004098263
a20,46,0,0,0.0032287869
a20,47,0,0,0.0035006248
a20,48,0,0,0.002521231
a20,49,0,0,0.00272533
a20,50,1,0,0.0999862
a20,51,1,0,0.043602895
a20,52,1,0,0.027731095
a20,53,1,0,0.013671378
a20,54,1,0,0.04636118
a20,55,1,0,0.01995658
a20,56,1,0,0.044879656
a20,57,1,0,0.04309142
a20,58,1,0,0.012095553
a20,59,1,0,0.0025465786
a20,60,1,0,0.0134876445
a20,61,1,0,0.010913131
a20,62,1,0,0.0024703976
a20,63,1,0,0.004831998
a20,64,1,0,0.006750915
a20,65,1,0,0.007312948
a20,66,1,0,0.007492436
a20,67,1,0,0.039242577
a20,68,1,0,0.007518113
a20,69,1,0,0.0031416307
a20,70,1,0,0.016931819
a20,71,1,0,0.017897662
a20,72,0,0,0.004108134
a20,73,0,0,0.01661212
a20,74,1,0,0.009206729
a20,75,1,0,0.0065983175
a20,76,1,0,0.012064158
a20,77,1,0,0.021266595
a20,78,1,0,0.030354826
a20,79,1,0,0.0045276536
a20,80,1,0,0.0052035097
a20,81,1,0,0.021197762
a20,82,1,0,0.033157393
a20,83,0,0,0.0040620468
a20,84,0,0,0.004171623
a20,85,0,0,0.004016194
a20,86,0,0,0.0026853215
a20,87,0,0,0.0018340145
a20,88,0,0,0.004059179
a20,89,1,0,0.0020596853
a20,90,1,0,0.012440775
a20,91,1,0,0.008530813
a20,92,0,0,0.00598647
a20,93,0,0,0.034502335
a20,94,1,0,0.0154237915
a20,95,1,0,0.04542389
a20,96,1,0,0.029667854
a20,97,1,0,0.011735976
a20,98,1,0,0.01186845
a20,99,1,0,0.016829506
a20,100,1,0,0.0116547905
a20,101,1,0,0.003383611
a20,102,1,0,0.006791556
a20,103,1,0,0.032115594
a20,104,1,0,0.007397953
a20,105,1,0,0.0038830268
a20,106,1,0,0.014811721
a20,107,1,0,0.009126957
a20,108,1,0,0.0063257474
a20,109,1,0,0.005499324
a20,110,1,0,0.0050306544
a20,111,1,0,0.0028088973
a20,112,1,0,0.0035420572
a20,113,1,0,0.005559492
a20,114,1,0,0.02048213
a20,115,1,0,0.024714977
a20,116,1,0,0.016001532
a20,117,1,0,0.019643571
a20,118,1,0,0.025928166
a20,119,1,0,0.16206013
a20,120,1,0,0.020346658
a20,121,1,0,0.012969307
a20,122,1,0,0.12581249
a20,123,1,0,0.0062701283
a20,124,0,0,0.0045769764
a20,125,0,0,0.004451314
a20,126,0,0,0.014967269
a20,127,0,0,0.008758821
a20,128,1,0,0.0017484839
a20,129,1,0,0.0047804075
a20,130,1,0,0.005391053
a20,131,1,0,0.011536167
a20,132,1,0,0.015668465
a20,133,1,0,0.0049331915
a20,134,1,0,0.003705624
a20,135,0,0,0.0031156214
a20,136,0,0,0.0031832068
a20,137,0,0,0.03941701
a20,138,1,0,0.029554952
a20,139,1,0,0.050691377
a20,140,1,0,0.02785981
a20,141,1,0,0.0061133234
a20,142,1,0,0.17118913
a20,143,1,0,0.0034699617
a20,144,1,0,0.018625205
a20,145,1,0,0.019359723
a20,146,1,0,0.009829188
a20,147,1,0,0.00868748
a20,148,1,0,0.016958555
a20,149,1,0,0.010008306
a20,150,1,0,0.01830877
a20,151,1,0,0.0388495
a20,152,1,0,0.04570231
a20,153,1,0,0.02079743
a20,154,1,0,0.05899707
a20,155,1,0,0.077458456
a20,156,1,0,0.054557674
a20,157,1,0,0.032857276
a20,158,1,0,0.05949848
a20,159,1,0,0.016361196
a20,160,1,0,0.019060228
a20,161,1,0,0.016567225
a20,162,1,0,0.1202152
a20,163,1,0,0.061965823
a20,164,1,0,0.09735639
a20,165,1,0,0.18019535
a20,166,1,0,0.01790702
a20,167,1,0,0.011855512
a20,168,1,0,0.011789232
a20,169,1,0,0.005786396
a20,170,1,0,0.006285501
a20,171,1,0,0.006005295
a20,172,1,0,0.006682401
a20,173,1,0,0.016821712
a20,174,1,0,0.039710566
a20,175,1,0,0.02134266
a20,176,1,0,0.04606374
a20,177,1,0,0.016414015
a20,178,1,0,0.011407096
a20,179,1,0,0.011092918
a20,180,1,0,0.008245393
a20,181,1,0,0.009281645
a20,182,1,0,0.018247703
a20,183,1,0,0.008665796
a20,184,1,0,0.005589737
a20,185,1,0,0.013572659
a20,186,1,0,0.005256175
a20,187,1,0,0.012898459
a20,188,1,0,0.05197875
a20,189,0,0,0.0037966894
a20,190,0,0,0.0064245285
a20,191,1,0,0.026094861
a20,192,1,0,0.00942218
a20,193,1,0,0.051237486
a20,194,1,0,0.04700572
a20,195,0,0,0.0038325598
a20,196,0,0,0.005341677
a20,197,0,0,0.00728953
a20,198,1,0,0.007071525
a20,199,1,0,0.028313097
a20,200,0,0,0.0056709857
a20,201,0,0,0.0036728561
a20,202,0,0,0.0058802604
a20,203,0,0,0.004610765
a20,204,0,0,0.010650225
a20,205,0,0,0.027895149
a20,206,1,0,0.005185439
a20,207,1,0,0.019633142
a20,208,1,0,0.018501678
a20,209,1,0,0.025381094
a20,210,1,0,0.029043904
a20,211,1,0,0.017732479
a20,212,1,0,0.057085726
a20,213,1,0,0.014109182
a20,214,1,0,0.06156206
a20,215,1,0,0.012799945
a20,216,1,0,0.007268236
a20,217,1,0,0.011411064
a20,218,1,0,0.01833364
a20,219,1,0,0.036890738
a20,220,1,0,0.049506757
a20,221,1,0,0.031436816
a20,222,1,0,0.022065684
a20,223,1,0,0.067617364
a20,224,1,0,0.021772278
a20,225,1,0,0.041594934
a20,226,1,0,0.0460714
a20,227,1,0,0.069976665
a20,228,1,0,0.054524288
a20,229,1,0,0.034643754
a20,230,1,0,0.040800616
a20,231,1,0,0.007502009
a20,232,1,0,0.018729469
a20,233,1,0,0.0991578
a20,234,1,0,0.10802872
a20,235,1,0,0.054950997
a20,236,1,0,0.05435359
a20,237,1,0,0.12426392
a20,238,1,0,0.027906246
a20,239,1,0,0.011749046
a20,240,1,0,0.029723018
a20,241,1,0,0.012871215
a20,242,1,0,0.023642624
a20,243,1,0,0.041690428
a20,244,1,0,0.031730235
a20,245,1,0,0.0059982515
a20,246,1,0,0.12852149
a20,247,1,0,0.0972923
a20,248,1,0,0.10536005
a20,249,1,0,0.08104917
a20,250,1,0,0.14755617
a20,251,1,0,0.04576031
a20,252,1,0,0.065544225
a20,253,1,0,0.01658848
a20,254,1,0,0.0050427914
a20,255,1,0,0.01757149
a20,256,1,0,0.027793517
a20,257,1,0,0.027802711
a20,258,1,0,0.12684032
a20,259,1,0,0.02245317
a20,260,1,0,0.22496979
a20,261,1,0,0.052627023
a20,262,1,0,0.034415886
a20,263,1,0,0.01764191
a20,264,1,0,0.018556943
a20,265,1,0,0.01639092
a20,266,0,0,0.005228276
a20,267,0,0,0.008603537
a20,268,0,0,0.006751909
a20,269,1,0,0.037615288
a20,270,1,0,0.0049694194
a20,271,1,0,0.023275664
a20,272,1,0,0.027212607
a20,273,1,0,0.014905194
a20,274,1,0,0.005807472
a20,275,1,0,0.048290085
a20,276,1,0,0.012896091
a20,277,1,0,0.054411203
a20,278,1,0,0.008007705
a20,279,1,0,0.0049449746
a20,280,1,0,0.039134275
a20,281,0,0,0.007574334
a20,282,0,0,0.004382447
a20,283,0,0,0.0058682864
a20,284,0,0,0.004076825
a20,285,0,0,0.0038269206
a20,286,0,0,0.0039779847
a20,287,0,0,0.0072172326
a20,288,0,0,0.0047710706
a20,289,0,0,0.005572712
a20,290,0,0,0.0027114656
a20,291,0,0,0.0024118572
a20,292,0,0,0.0021090936
a20,293,0,0,0.0038802167
a20,294,1,0,0.093831085
a20,295,1,0,0.037223287
a20,296,1,0,0.005527369
a20,297,1,0,0.060051408
a20,298,1,0,0.048580553
a20,299,1,0,0.006365265
a20,300,1,0,0.005934649
a20,301,0,0,0.0041657514
a20,302,0,0,0.009480021
a20,303,0,0,0.0038725664
a20,304,0,0,0.0058807093
a20,305,0,0,0.004681234
a20,306,0,0,0.0027296462
a20,307,0,0,0.005498028
a20,308,0,0,0.0025962847
a20,309,0,0,0.0025448278
a20,310,0,0,0.007903399
a20,311,0,0,0.0031733888
a20,312,0,0,0.0044050035
a20,313,0,0,0.0028467728
a20,314,0,0,0.004129167
a20,315,0,0,0.0038415347
a20,316,0,0,0.0040042545
a20,317,0,0,0.005240971
a20,318,0,0,0.004197896
a20,319,0,0,0.0044643707
a20,320,0,0,0.0045317262
a20,321,0,0,0.0026844481
a20,322,0,0,0.0067118313
a20,323,0,0,0.0036004044
a20,324,0,0,0.006140926
a20,325,0,0,0.0059709465
a20,326,0,0,0.0038689903
a20,327,0,0,0.004716151
a20,328,0,0,0.004451893
a20,329,0,0,0.0049594324
a20,330,0,0,0.0067525394
a20,331,0,0,0.0052066254
a20,332,0,0,0.09041163
a20,333,1,0,0.0047301245
a20,334,1,0,0.008586935
a20,335,1,0,0.0038855153
a20,336,1,0,0.003963375
a20,337,1,0,0.003095156
a20,338,1,0,0.027558606
a20,339,0,0,0.0065132985
a20,340,0,0,0.008706309
a20,341,0,0,0.005027424
a20,342,0,0,0.0030469077
a20,343,0,0,0.0035160398
a20,344,0,0,0.004981093
a20,345,0,0,0.07105284
a20,346,0,0,0.008174812
a20,347,0,0,0.0037944955
a20,348,0,0,0.010154985
a20,349,0,0,0.019401463
a20,350,0,0,0.0079795085
a20,351,0,0,0.0023123976
a20,352,0,0,0.1914733
a20,353,1,0,0.015625663
a20,354,1,0,0.014078206
a20,355,1,0,0.034798898
a20,356,1,0,0.022255784
a20,357,1,0,0.037113424
a20,358,1,0,0.018519316
a20,359,1,0,0.012600436
a20,360,1,0,0.11174657
a20,361,1,0,0.060910758
a20,362,1,0,0.105166845
a20,363,1,0,0.008402868
a20,364,1,0,0.02961636
a20,365,1,0,0.051444016
a20,366,1,0,0.047653336
a20,367,1,0,0.018813135
a20,368,1,0,0.0094537465
a20,369,1,0,0.016085478
a20,370,1,0,0.019029796
a20,371,1,0,0.024997456
a20,372,1,0,0.020758146
a20,373,1,0,0.0066970084
a20,374,1,0,0.032069083
a20,375,1,0,0.063990906
a20,376,1,0,0.017829966
a20,377,1,0,0.01750768
a20,378,1,0,0.07597233
a20,379,1,0,0.012637063
a20,380,1,0,0.042994626
a20,381,1,0,0.08660013
a20,382,1,0,0.11238765
a20,383,1,0,0.07683734
a20,384,1,0,0.069228105
a20,385,1,0,0.1659143
a20,386,1,0,0.10621353
a20,387,1,0,0.07891889
a20,388,1,0,0.059674963
a20,389,1,0,0.021088189
a20,390,1,0,0.07155202
a20,391,1,0,0.005359947
a20,392,0,0,0.022215078
a20,393,0,0,0.004787223
a20,394,0,0,0.004546705
a20,395,0,0,0.0037636487
a20,396,0,0,0.0054712845
a20,397,0,0,0.0064447983
a20,398,0,0,0.0097911125
a20,399,0,0,0.009678832
a20,400,0,0,0.020684952
a20,401,0,0,0.0041291714
a20,402,0,0,0.0052762586
a20,403,0,0,0.007271629
a20,404,0,0,0.0038064194
a20,405,0,0,0.12713245
a20,406,1,0,0.14168356
a20,407,1,0,0.017098889
a20,408,1,0,0.046421412
a20,409,0,0,0.0036089867
a20,410,0,0,0.0062067253
a20,411,0,0,0.0042849192
a20,412,0,0,0.0041379174
a20,413,0,0,0.010202326
a20,414,0,0,0.0038445357
a20,415,0,0,0.0040763468
a20,416,0,0,0.0056856046
a20,417,0,0,0.0036513137
a20,418,0,0,0.0056360527
a20,419,0,0,0.00661076
a20,420,0,0,0.009313311
a20,421,0,0,0.005554885
a20,422,0,0,0.006918929
a20,423,0,0,0.004917167
a20,424,0,0,0.0034441492
a20,425,0,0,0.017452203
a20,426,0,0,0.009912575
a20,427,0,0,0.01670703
a20,428,0,0,0.006746197
a20,429,0,0,0.012226824
a20,430,0,0,0.0049597314
a20,431,0,0,0.3203013
a20,432,0,0,0.024564648
a20,433,0,0,0.004541744
a20,434,0,0,0.007459171
a20,435,0,0,0.0049672155
a20,436,0,0,0.01230985
a20,437,0,0,0.006217517
a20,438,0,0,0.032614477
a20,439,0,0,0.013610596
a20,440,1,0,0.07333705
a20,441,1,0,0.041991454
a20,442,1,0,0.06474734
a20,443,1,0,0.03853466
a20,444,1,0,0.020096617
a20,445,1,0,0.009188909
a20,446,1,0,0.0074413577
a20,447,1,0,0.017849732
a20,448,1,0,0.017669193
a20,449,1,0,0.0073311506
a20,450,1,0,0.0064711557
a20,451,1,0,0.044180375
a20,452,1,0,0.0026155096
a20,453,1,0,0.034373842
a20,454,1,0,0.008763707
a20,455,1,0,0.004338199
a20,456,1,0,0.07008604
a20,457,1,0,0.010522342
a20,458,1,0,0.023311615
a20,459,1,0,0.023491124
a20,460,1,0,0.16977933
a20,461,1,0,0.10046192
a20,462,1,0,0.057131488
a20,463,1,0,0.06217308
a20,464,1,0,0.0784105
a20,465,1,0,0.208507
a20,466,1,0,0.11258554
a20,467,1,0,0.02896336
a20,468,1,0,0.02838046
a20,469,1,0,0.010594838
a20,470,1,0,0.029047847
a20,471,1,0,0.015396805
a20,472,1,0,0.13324201
a20,473,1,0,0.07516361
a20,474,1,0,0.036916874
a20,475,1,0,0.034872968
a20,476,1,0,0.008062651
a20,477,1,0,0.018037543
a20,478,1,0,0.025200086
a20,479,1,0,0.09118402
a20,480,1,0,0.027293224
a20,481,1,0,0.067884594
a20,482,1,0,0.37287208
a20,483,1,0,0.062253233
a20,484,1,0,0.0059862174
a20,485,1,0,0.005549341
a20,486,1,0,0.012125663
a20,487,1,0,0.0942687
a20,488,1,0,0.0059980866
a20,489,1,0,0.036742654
a20,490,1,0,0.023096677
a20,491,1,0,0.028413225
a20,492,1,0,0.019592965
a20,493,0,0,0.115112916
a20,494,0,0,0.10483265
a20,495,0,0,0.08207855
a20,496,0,0,0.051779803
a20,497,1,0,0.09001252
a20,498,1,0,0.027373321
a20,499,1,0,0.012821679
a20,500,1,0,0.0093258675
a20,501,1,0,0.008398955
a20,502,1,0,0.0876442
a20,503,1,0,0.012961886
a20,504,0,0,0.009288154
a20,505,0,0,0.005669005
a20,506,0,0,0.0028174946
a20,507,0,0,0.027567618
a20,508,0,0,0.006231291
a20,509,0,0,0.033260897
b01,1,0,0,0.061971553
b01,2,0,0,0.06416555
b01,3,0,0,0.012468469
b01,4,0,0,0.016885703
b01,5,1,0,0.082490705
b01,6,0,0,0.023545165
b01,7,0,0,0.032092102
b01,8,0,0,0.012193415
b01,9,0,0,0.2985438
b01,10,0,0,0.14819317
b01,11,0,0,0.023500359
b01,12,0,0,0.0051606293
b01,13,0,0,0.017676363
b01,14,0,0,0.013145158
b01,15,0,0,0.02041314
b01,16,0,0,0.0039416514
b01,17,0,0,0.082437366
b01,18,0,0,0.007437083
b01,19,0,0,0.009681365
b01,20,0,0,0.07691133
b01,21,0,0,0.013675836
b01,22,0,0,0.11428941
b01,23,0,0,0.4725968
b01,24,0,0,0.024429426
b01,25,0,0,0.025916133
b01,26,0,0,0.013605718
b01,27,0,0,0.02022329
b01,28,0,0,0.24460953
b01,29,0,0,0.015092667
b01,30,0,0,0.011032024
b01,31,0,0,0.061417963
b01,32,0,0,0.022510774
b01,33,0,0,0.032824904
b01,34,0,0,0.020035693
b01,35,0,1,0.5728872
b01,36,0,0,0.20195751
b01,37,0,0,0.16458133
b01,38,0,0,0.10136388
b01,39,0,0,0.13645554
b01,40,0,0,0.05767807
b01,41,0,0,0.2680657
b01,42,0,0,0.069784306
b01,43,0,0,0.017300038
b01,44,0,0,0.15438522
b01,45,0,0,0.055414278
b01,46,0,0,0.048830926
b01,47,0,0,0.04630985
b01,48,0,0,0.29842225
b01,49,0,0,0.01635637
b01,50,0,0,0.10619045
b01,51,0,0,0.025292818
b01,52,0,1,0.5110583
b01,53,0,0,0.02586112
b01,54,0,0,0.018192187
b01,55,0,0,0.017218579
b01,56,0,0,0.016829364
b01,57,0,0,0.036912896
b01,58,0,0,0.013257946
b01,59,0,0,0.029893296
b01,60,0,0,0.025977692
b01,61,0,0,0.10946978
b01,62,0,0,0.05528761
b01,63,0,0,0.2987756
b01,64,0,0,0.15475357
b01,65,0,1,0.67841506
b01,66,0,0,0.3491495
b01,67,0,0,0.49454576
b01,68,0,0,0.029616179
b01,69,0,0,0.049410876
b01,70,0,0,0.018053213
b01,71,0,0,0.021713194
b01,72,0,0,0.016949924
b01,73,0,0,0.025777953
b01,74,0,0,0.014529911
b01,75,0,0,0.029571982
b01,76,0,0,0.016060365
b01,77,0,0,0.023716616
b01,78,0,0,0.01801233
b01,79,0,0,0.015576832
b01,80,0,0,0.015552042
b01,81,0,0,0.02120221
b01,82,0,0,0.014307217
b01,83,0,0,0.013576568
b01,84,0,0,0.020998916
b01,85,0,0,0.017043063
b01,86,0,0,0.017830642
b01,87,0,0,0.01416231
b01,88,0,0,0.063827224
b01,89,0,0,0.024462836
b01,90,0,0,0.018027619
b01,91,0,0,0.013508356
b01,92,0,0,0.018471772
b01,93,0,0,0.01392275
b01,94,0,0,0.02524808
b01,95,0,0,0.016693365
b01,96,0,0,0.019560104
b01,97,0,0,0.0328143
b01,98,0,1,0.6151817
b01,99,0,0,0.3678339
b01,100,0,1,0.6931249
b01,101,0,0,0.15849587
b01,102,0,1,0.56872
b01,103,0,0,0.12113845
b01,104,0,0,0.023808548
b01,105,0,0,0.027968027
b01,106,0,0,0.015355323
b01,107,0,0,0.05200641
b01,108,0,0,0.026967816
b01,109,0,0,0.3035848
b01,110,0,0,0.05430086
b01,111,0,0,0.038205624
b01,112,0,0,0.06582493
b01,113,0,0,0.04208231
b01,114,0,0,0.02765822
b01,115,0,0,0.03625321
b01,116,0,0,0.0080091255
b01,117,0,0,0.013684406
b01,118,0,0,0.05182196
b01,119,0,0,0.05052883
b01,120,0,0,0.02543551
b01,121,0,0,0.05058041
b01,122,0,0,0.03840372
b01,123,0,0,0.050689325
b01,124,0,0,0.033469673
b01,125,0,0,0.02346552
b01,126,0,1,0.7948515
b01,127,0,0,0.38044044
b01,128,0,0,0.082957104
b01,129,0,0,0.03193691
b01,130,0,0,0.022509776
b01,131,0,0,0.022442793
b01,132,0,0,0.02977396
b01,133,0,0,0.023459025
b01,134,0,1,0.6413394
b01,135,1,1,0.60142606
b01,136,0,0,0.019094203
b01,137,0,0,0.066485785
b01,138,0,0,0.026960222
b01,139,0,0,0.019302562
b01,140,0,0,0.022667969
b01,141,0,0,0.026347473
b01,142,0,0,0.032281864
b01,143,0,0,0.04014322
b01,144,0,0,0.02916615
b01,145,0,0,0.019742563
b01,146,0,0,0.022900717
b01,147,0,0,0.02002653
b01,148,0,0,0.038991667
b01,149,0,0,0.023458391
b01,150,0,0,0.028336102
b01,151,0,0,0.02286022
b01,152,0,0,0.02316626
b01,153,0,0,0.02322739
b01,154,0,0,0.016010597
b01,155,0,0,0.018203903
b01,156,0,0,0.02070339
b01,157,0,0,0.019131633
b01,158,0,0,0.48842257
b01,159,1,1,0.6939401
b01,160,1,1,0.6918264
b01,161,1,0,0.470533
b01,162,1,0,0.09867717
b01,163,0,0,0.30268002
b01,164,0,1,0.50265527
b01,165,0,0,0.26231566
b01,166,0,0,0.38910565
b01,167,0,0,0.024556028
b01,168,0,0,0.24112615
b01,169,0,1,0.60185975
b01,170,0,0,0.024308925
b01,171,0,0,0.3354601
b01,172,0,0,0.0673276
b01,173,0,0,0.23536249
b01,174,0,0,0.20116064
b01,175,0,0,0.49426115
b01,176,0,0,0.35330176
b01,177,0,0,0.029044785
b01,178,0,0,0.40249807
b01,179,0,0,0.30858958
b01,180,0,0,0.34232834
b01,181,0,0,0.024945024
b01,182,0,1,0.68758696
b01,183,0,0,0.39095286
b01,184,0,0,0.1747424
b01,185,0,0,0.4628244
b01,186,0,0,0.15505615
b01,187,0,0,0.039253425
b01,188,0,0,0.074814096
b01,189,0,0,0.0902447
b01,190,0,0,0.05555353
b01,191,0,0,0.077688314
b01,192,0,0,0.025619688
b01,193,0,0,0.027748756
b01,194,0,0,0.033051003
b01,195,0,0,0.060017154
b01,196,0,0,0.039319657
b01,197,0,0,0.05401353
b01,198,0,0,0.044174515
b01,199,0,0,0.036511768
b01,200,0,0,0.029037997
b01,201,0,0,0.03277633
b01,202,0,0,0.024741605
b01,203,0,0,0.024538754
b01,204,0,0,0.042258143
b01,205,0,0,0.03672538
b01,206,0,0,0.03981765
b01,207,0,0,0.053450104
b01,208,0,0,0.025495194
b01,209,0,0,0.03792392
b01,210,0,0,0.049514644
b01,211,0,0,0.028323574
b01,212,0,0,0.020574598
b01,213,0,0,0.049013756
b01,214,0,0,0.028625688
b01,215,0,0,0.037397493
b01,216,0,0,0.042437494
b01,217,0,0,0.032863203
b01,218,0,0,0.28345507
b01,219,0,0,0.034111846
b01,220,0,1,0.75613624
b01,221,0,0,0.044699825
b01,222,0,0,0.03898214
b01,223,0,0,0.019629
b01,224,0,0,0.034713145
b01,225,0,0,0.017852977
b01,226,0,0,0.029650489
b01,227,0,0,0.37119415
b01,228,0,0,0.015798101
b01,229,0,0,0.025707262
b01,230,0,0,0.022788042
b01,231,0,0,0.019775072
b01,232,0,0,0.018235112
b01,233,0,0,0.014684303
b01,234,0,0,0.017255614
b01,235,0,0,0.0152934315
b01,236,0,0,0.020369686
b01,237,0,0,0.015607548
b01,238,0,0,0.03367323
b01,239,0,0,0.021915687
b01,240,0,0,0.037760083
b01,241,0,0,0.0141321495
b01,242,0,0,0.022243688
b01,243,0,0,0.029519914
b01,244,0,0,0.019894363
b01,245,0,0,0.028228728
b01,246,0,0,0.041897323
b01,247,0,0,0.018012632
b01,248,0,0,0.016494393
b01,249,0,0,0.018646235
b01,250,0,0,0.022538692
b01,251,0,0,0.01965222
b01,252,0,0,0.027807055
b01,253,0,0,0.014259845
b01,254,0,0,0.024162197
b01,255,0,0,0.051313758
b01,256,0,0,0.01819109
b01,257,0,0,0.019602342
b01,258,0,0,0.018476572
b01,259,0,0,0.0142552415
b01,260,0,0,0.02316581
b01,261,0,0,0.026684273
b01,262,0,0,0.030304348
b01,263,0,0,0.016574739
b01,264,0,0,0.016082888
b01,265,0,0,0.039809875
b01,266,0,0,0.016531736
b01,267,0,0,0.0138439415
b01,268,0,0,0.022275476
b01,269,0,0,0.017110674
b01,270,0,0,0.019878173
b01,271,0,0,0.42441016
b01,272,0,0,0.31381243
b01,273,0,0,0.19250119
b01,274,0,0,0.27682382
b01,275,0,0,0.052466985
b01,276,0,0,0.26307115
b01,277,0,0,0.42696434
b01,278,0,0,0.15932506
b01,279,0,0,0.012658285
b01,280,0,0,0.029591635
b01,281,0,0,0.019672772
b01,282,0,0,0.025391495
b01,283,0,0,0.021758663
b01,284,0,0,0.03998442
b01,285,0,0,0.049284387
b01,286,0,0,0.064207986
b01,287,0,0,0.024104234
b01,288,0,0,0.023248583
b01,289,0,0,0.029857825
b01,290,0,0,0.023382038
b01,291,0,0,0.037362073
b01,292,0,0,0.0796065
b01,293,0,0,0.038550567
b01,294,0,0,0.012300717
b01,295,0,0,0.019053778
b01,296,0,0,0.03364788
b01,297,0,0,0.025398238
b01,298,0,0,0.08341755
b01,299,0,0,0.023959516
b01,300,0,0,0.0534601
b01,301,0,0,0.08094617
b01,302,0,0,0.031235311
b01,303,0,0,0.017105894
b01,304,0,0,0.052183937
b01,305,0,1,0.58554167
b01,306,0,0,0.06318379
b01,307,0,0,0.22500013
b01,308,0,0,0.039577175
b01,309,0,0,0.015629755
b01,310,0,0,0.21371123
b01,311,0,0,0.026638173
b01,312,0,0,0.3754991
b01,313,0,0,0.04170303
b01,314,0,1,0.5332293
b01,315,0,0,0.027624262
b01,316,0,0,0.10736882
b01,317,0,0,0.03962014
b01,318,0,0,0.021683598
b01,319,0,0,0.04589562
b01,320,0,0,0.019808698
b01,321,0,0,0.013042888
b01,322,0,0,0.012011532
b01,323,0,0,0.016165381
b01,324,0,0,0.036854863
b01,325,0,0,0.03362844
b01,326,0,0,0.029404005
b01,327,0,0,0.018737907
b01,328,0,0,0.025326721
b01,329,0,0,0.01753904
b01,330,0,0,0.01733883
b01,331,0,0,0.017804606
b01,332,0,0,0.016134135
b01,333,0,0,0.011161347
b01,334,0,0,0.029328613
b01,335,0,0,0.023625677
b01,336,0,0,0.01980719
b01,337,0,0,0.041658007
b01,338,0,0,0.4200886
b01,339,1,0,0.13029039
b01,340,0,0,0.020320978
b01,341,0,0,0.019730238
b01,342,0,0,0.037940644
b01,343,0,0,0.09698112
b01,344,0,0,0.4331533
b01,345,0,0,0.35792756
b01,346,0,0,0.4301635
b01,347,0,0,0.048372738
b01,348,0,0,0.06421006
b01,349,0,0,0.21324158
b01,350,0,1,0.5266664
b01,351,0,0,0.37952605
b01,352,0,0,0.03904213
b01,353,0,0,0.018890223
b01,354,0,0,0.09653841
b01,355,0,0,0.061759602
b01,356,0,0,0.44006857
b01,357,0,0,0.021075837
b01,358,0,0,0.01037707
b01,359,0,0,0.12306009
b01,360,0,0,0.019621687
b01,361,0,0,0.04023391
b01,362,0,0,0.32075632
b01,363,0,0,0.037873328
b01,364,0,0,0.27987197
b01,365,0,0,0.12648767
b01,366,0,0,0.016702943
b01,367,0,0,0.016233182
b01,368,0,0,0.35707006
b01,369,0,0,0.014155528
b01,370,0,0,0.02790998
b01,371,0,0,0.013438688
b01,372,0,0,0.042331394
b01,373,0,0,0.04441963
b01,374,0,0,0.023369657
b01,375,0,0,0.019330546
b01,376,0,0,0.031905703
b01,377,0,0,0.12094565
b01,378,0,0,0.039356913
b01,379,0,0,0.020090124
b01,380,0,0,0.050409753
b01,381,0,0,0.008656515
b01,382,0,0,0.08605201
b01,383,0,0,0.17497511
b01,384,0,0,0.12120357
b01,385,0,0,0.048888035
b01,386,0,0,0.08502266
b01,387,0,0,0.035131462
b01,388,0,0,0.048634104
b01,389,0,0,0.026704634
b01,390,0,0,0.024654906
b01,391,0,0,0.10718464
b01,392,0,0,0.019704109
b01,393,0,0,0.024558542
b01,394,0,0,0.027970703
b01,395,0,0,0.08687415
b01,396,0,0,0.059910014
b01,397,0,0,0.0264352
b01,398,0,0,0.01946328
b01,399,0,1,0.54021955
b01,400,0,0,0.48892948
b01,401,0,0,0.3956964
b01,402,0,0,0.26273933
b01,403,0,0,0.38577896
b01,404,0,0,0.0688751
b01,405,0,0,0.3313034
b01,406,0,0,0.026098218
b01,407,0,0,0.044969983
b01,408,0,0,0.01070912
b01,409,0,0,0.112596005
b01,410,0,0,0.2681468
b01,411,0,0,0.10590236
b01,412,0,0,0.23017476
b01,413,0,0,0.051380776
b01,414,0,0,0.10177815
b01,415,0,0,0.27594784
b01,416,0,0,0.033915725
b01,417,0,1,0.6576075
b01,418,0,0,0.22643998
b01,419,0,0,0.33575732
b01,420,1,0,0.49447113
b01,421,1,1,0.60853523
b01,422,0,0,0.012918825
b01,423,0,0,0.28754508
b01,424,0,0,0.35997653
b01,425,1,0,0.17106898
b01,426,1,1,0.7022931
b01,427,1,1,0.79544616
b01,428,1,0,0.12617369
b01,429,1,0,0.43172044
b01,430,1,0,0.24958587
b01,431,1,0,0.27805412
b01,432,1,0,0.18618561
b01,433,1,0,0.17510208
b01,434,1,0,0.12046021
b01,435,0,0,0.019233692
b01,436,0,0,0.49257034
b01,437,0,1,0.5717861
b01,438,0,0,0.04239564
b01,439,0,0,0.3605567
b01,440,0,0,0.025932146
b01,441,0,0,0.17716143
b01,442,0,0,0.47076148
b01,443,0,0,0.3823683
b01,444,0,0,0.0069405935
b01,445,0,0,0.16462827
b01,446,0,0,0.013194176
b01,447,0,0,0.0068158577
b01,448,0,0,0.016457813
b01,449,0,0,0.040877093
b01,450,0,0,0.034553424
b01,451,0,0,0.03379132
b01,452,0,0,0.09342548
b01,453,0,0,0.015142136
b01,454,0,0,0.03382359
b01,455,0,0,0.09210018
b01,456,0,0,0.0106603075
b01,457,0,0,0.019910557
b01,458,0,0,0.14708702
b01,459,0,0,0.18560652
b01,460,0,0,0.0055188914
b01,461,0,0,0.03163834
b01,462,0,0,0.026462285
b01,463,0,0,0.0039920392
b01,464,0,0,0.17591557
b01,465,0,0,0.024684966
b01,466,0,0,0.016612276
b01,467,0,0,0.016932042
b01,468,0,0,0.023120137
b01,469,0,0,0.116938554
b01,470,0,0,0.0055077355
b01,471,0,0,0.011826119
b01,472,0,0,0.061456654
b01,473,0,0,0.3381513
b01,474,0,0,0.0800839
b01,475,0,0,0.05334565
b01,476,0,0,0.031192312
b01,477,0,0,0.03413624
b01,478,0,0,0.020855434
b01,479,0,0,0.14433679
b01,480,0,0,0.02335352
b01,481,0,0,0.03485209
b01,482,0,1,0.54911655
b01,483,0,0,0.040106792
b01,484,0,0,0.027331304
b01,485,0,0,0.23718122
b01,486,0,0,0.046332993
b02,1,0,0,0.42010903
b02,2,0,1,0.63621837
b02,3,0,1,0.7003313
b02,4,0,0,0.2922028
b02,5,0,0,0.16088408
b02,6,0,1,0.8349897
b02,7,0,0,0.4362022
b02,8,0,1,0.51307887
b02,9,0,0,0.15727329
b02,10,0,0,0.18189242
b02,11,0,0,0.36799166
b02,12,0,0,0.47321808
b02,13,0,0,0.46415785
b02,14,0,0,0.17811549
b02,15,0,1,0.5004324
b02,16,0,0,0.44501287
b02,17,0,0,0.28735128
b02,18,0,0,0.4128553
b02,19,0,0,0.30826935
b02,20,0,0,0.46241078
b02,21,0,0,0.2988239
b02,22,0,0,0.17875178
b02,23,0,0,0.18064176
b02,24,0,0,0.2778853
b02,25,0,0,0.30747628
b02,26,0,1,0.7602656
b02,27,0,0,0.44490424
b02,28,0,0,0.24268118
b02,29,0,0,0.2785025
b02,30,0,0,0.13728738
b02,31,0,0,0.28013542
b02,32,0,0,0.4188926
b02,33,0,1,0.5828586
b02,34,0,0,0.48081622
b02,35,0,1,0.76995987
b02,36,0,0,0.22629185
b02,37,0,1,0.5262369
b02,38,0,0,0.103100285
b02,39,0,0,0.44908622
b02,40,0,1,0.584032
b02,41,0,0,0.46248978
b02,42,0,1,0.7790723
b02,43,0,0,0.21041264
b02,44,0,0,0.19896491
b02,45,0,0,0.15612467
b02,46,0,0,0.20339875
b02,47,0,0,0.20457745
b02,48,0,0,0.27812657
b02,49,0,0,0.299844
b02,50,0,1,0.8039429
b02,51,0,0,0.16117074
b02,52,0,0,0.2515259
b02,53,0,0,0.42667118
b02,54,0,0,0.31962815
b02,55,0,0,0.3927797
b02,56,0,1,0.5515603
b02,57,0,1,0.5839487
b02,58,0,0,0.24963465
b02,59,0,0,0.1971821
b02,60,0,0,0.22731625
b02,61,0,0,0.29896945
b02,62,0,0,0.28525612
b02,63,0,0,0.1385971
b02,64,0,0,0.24171099
b02,65,0,0,0.31197298
b02,66,0,1,0.5575434
b02,67,0,0,0.33301798
b02,68,0,0,0.19126052
b02,69,0,1,0.659523
b02,70,0,1,0.5732698
b02,71,0,0,0.15589677
b02,72,0,0,0.16465378
b02,73,0,0,0.14670849
b02,74,0,0,0.2212389
b02,75,0,0,0.24073038
b02,76,0,0,0.2368007
b02,77,0,0,0.099243194
b02,78,1,1,0.87377304
b02,79,1,1,0.89110714
b02,80,1,1,0.8489207
b02,81,1,1,0.8426942
b02,82,1,1,0.8724831
b02,83,1,1,0.73690224
b02,84,1,1,0.9150324
b02,85,1,1,0.8558295
b02,86,1,1,0.86739606
b02,87,1,1,0.88665366
b02,88,1,1,0.9361903
b02,89,1,1,0.89149237
b02,90,1,1,0.8461336
b02,91,1,1,0.8271695
b02,92,1,1,0.7834894
b02,93,1,1,0.89904785
b02,94,1,1,0.912885
b02,95,1,1,0.83286816
b02,96,1,1,0.8606919
b02,97,1,1,0.6784418
b02,98,1,1,0.8112434
b02,99,1,1,0.71822244
b02,100,1,0,0.308509
b02,101,0,1,0.86377233
b02,102,0,1,0.6274895
b02,103,0,0,0.29353064
b02,104,0,0,0.21137723
b02,105,0,0,0.39953792
b02,106,0,0,0.15284559
b02,107,0,0,0.2037826
b02,108,0,0,0.27811408
b02,109,0,0,0.18168773
b02,110,0,0,0.19188648
b02,111,0,0,0.1535476
b02,112,0,1,0.6197488
b02,113,0,0,0.23257422
b02,114,0,0,0.3147503
b02,115,0,0,0.43905154
b02,116,0,0,0.2274189
b02,117,0,0,0.27650732
b02,118,0,1,0.5329162
b02,119,0,1,0.66479725
b02,120,0,0,0.26249015
b02,121,0,1,0.7018656
b02,122,0,0,0.3436255
b02,123,0,0,0.33260983
b02,124,0,0,0.4644386
b02,125,0,0,0.2944301
b02,126,0,0,0.19070235
b02,127,0,0,0.33747488
b02,128,0,1,0.7645448
b02,129,0,0,0.4986389
b02,130,0,0,0.2722537
b02,131,0,1,0.6391603
b02,132,0,0,0.31043294
b02,133,0,1,0.8176305
b02,134,0,0,0.22943972
b02,135,0,0,0.32622057
b02,136,0,1,0.6517004
b02,137,0,1,0.55275357
b02,138,0,1,0.64394367
b02,139,1,0,0.31049377
b02,140,0,0,0.20294814
b02,141,0,0,0.21811609
b02,142,0,0,0.16880342
b02,143,0,0,0.27374756
b02,144,0,0,0.15155779
b02,145,0,0,0.1349413
b02,146,0,0,0.1653227
b02,147,0,0,0.15597162
b02,148,0,0,0.17849515
b02,149,0,0,0.106952175
b02,150,0,0,0.13592616
b02,151,0,0,0.15851375
b02,152,0,0,0.193938
b02,153,0,0,0.117201
b02,154,0,0,0.106529325
b02,155,0,0,0.19889231
b02,156,0,0,0.15238032
b02,157,0,0,0.21454026
b02,158,1,1,0.9110599
b02,159,1,1,0.87208205
b02,160,1,0,0.45038044
b02,161,0,0,0.10251986
b02,162,0,0,0.18433316
b02,163,0,0,0.15379514
b02,164,0,0,0.13158469
b02,165,0,0,0.15089305
b02,166,0,0,0.1273547
b02,167,0,0,0.20299478
b02,168,0,0,0.123480685
b02,169,0,1,0.8895306
b02,170,0,1,0.86881113
b02,171,0,1,0.887163
b02,172,0,1,0.6751802
b02,173,0,1,0.59879637
b02,174,0,0,0.18001747
b02,175,0,0,0.13348553
b02,176,0,0,0.25772458
b02,177,0,0,0.3785989
b02,178,0,0,0.19938569
b02,179,0,0,0.14210549
b02,180,0,0,0.26814383
b02,181,0,0,0.1439241
b02,182,0,0,0.13197376
b02,183,0,0,0.15055895
b02,184,0,0,0.104673915
b02,185,0,0,0.094591804
b02,186,0,0,0.15146232
b02,187,0,0,0.20979257
b02,188,0,0,0.14854243
b02,189,0,0,0.19168907
b02,190,0,0,0.13268712
b02,191,0,0,0.17189673
b02,192,0,0,0.1718529
b02,193,0,0,0.3623376
b02,194,1,0,0.4847017
b02,195,0,0,0.29083595
b02,196,0,1,0.6909878
b02,197,0,1,0.59463966
b02,198,0,1,0.7993902
b02,199,0,0,0.32721633
b02,200,0,0,0.25318995
b02,201,0,0,0.34651348
b02,202,0,0,0.35254106
b02,203,0,0,0.2301057
b02,204,0,0,0.31793424
b02,205,0,0,0.24114254
b02,206,0,1,0.61042726
b02,207,0,1,0.51031077
b02,208,0,0,0.22844079
b02,209,0,0,0.14887248
b02,210,0,0,0.16301766
b02,211,0,0,0.2629004
b02,212,0,0,0.20703836
b02,213,0,0,0.2675926
b02,214,0,0,0.11731676
b02,215,0,1,0.5149329
b02,216,0,1,0.8310037
b02,217,0,0,0.18698925
b02,218,0,0,0.43497232
b02,219,0,1,0.6849095
b02,220,0,0,0.44728214
b02,221,0,1,0.6443333
b02,222,0,1,0.6505474
b02,223,1,1,0.80661404
b02,224,1,1,0.7728603
b02,225,1,1,0.87858295
b02,226,1,1,0.83384794
b02,227,1,1,0.83450836
b02,228,1,0,0.4431924
b02,229,1,1,0.70019126
b02,230,1,0,0.43386248
b02,231,0,0,0.31982315
b02,232,0,0,0.32817414
b02,233,0,0,0.36783123
b02,234,0,1,0.57126045
b02,235,0,1,0.8809522
b02,236,0,0,0.4788117
b02,237,0,1,0.6347487
b02,238,0,1,0.6734283
b02,239,0,0,0.16912761
b02,240,0,0,0.27326798
b02,241,0,0,0.40986887
b02,242,0,0,0.30859604
b02,243,0,0,0.14934097
b02,244,0,1,0.5598883
b02,245,0,0,0.4337119
b02,246,0,0,0.15084976
b02,247,0,0,0.15215851
b02,248,0,1,0.6569518
b02,249,0,0,0.42101002
b02,250,0,0,0.2660034
b02,251,0,0,0.17848496
b02,252,0,0,0.4259173
b02,253,0,0,0.23264997
b02,254,0,0,0.30878747
b02,255,0,0,0.26235563
b02,256,0,0,0.18787657
b02,257,0,0,0.13701971
b02,258,0,0,0.28230703
b02,259,0,0,0.2504221
b02,260,0,0,0.2247814
b02,261,0,0,0.45531565
b02,262,0,0,0.38735136
b02,263,0,1,0.5346634
b02,264,1,1,0.9068584
b02,265,1,1,0.77295554
b02,266,1,1,0.82727015
b02,267,0,1,0.8188249
b02,268,0,0,0.32794648
b02,269,0,1,0.673875
b02,270,0,0,0.1441848
b02,271,0,0,0.19578436
b02,272,0,0,0.35854012
b02,273,0,0,0.38598502
b02,274,0,0,0.16695389
b02,275,0,0,0.33946547
b02,276,0,0,0.29157546
b02,277,0,0,0.17195736
b02,278,0,1,0.57007265
b02,279,0,0,0.29913855
b02,280,0,1,0.59358144
b02,281,1,1,0.75575274
b02,282,1,1,0.86250085
b02,283,1,0,0.30759692
b02,284,0,0,0.27862722
b02,285,0,0,0.3900306
b02,286,0,1,0.7626616
b02,287,0,0,0.36267138
b02,288,0,0,0.31403774
b02,289,0,0,0.2813177
b02,290,0,1,0.5224582
b02,291,0,0,0.35692635
b02,292,0,1,0.69211847
b02,293,0,0,0.4276961
b02,294,0,0,0.33065063
b02,295,0,0,0.36548504
b02,296,0,0,0.2876908
b02,297,0,0,0.33525124
b02,298,0,0,0.31078497
b02,299,0,0,0.36675563
b02,300,0,1,0.5281036
b02,301,0,0,0.27435213
b02,302,0,0,0.46086487
b02,303,0,0,0.48995736
b02,304,0,0,0.38441494
b02,305,0,0,0.285747
b02,306,0,0,0.13928393
b02,307,0,0,0.30414626
b02,308,0,0,0.2290136
b02,309,0,0,0.45234716
b02,310,0,0,0.34036094
b02,311,0,0,0.15396751
b02,312,0,0,0.21999924
b02,313,0,0,0.49639747
b02,314,0,0,0.26173106
b02,315,0,0,0.3052696
b02,316,0,0,0.30439535
b02,317,0,0,0.25007656
b02,318,0,0,0.26520476
b02,319,0,1,0.58282286
b02,320,0,1,0.65076774
b02,321,0,0,0.34255916
b02,322,0,0,0.42291617
b02,323,0,0,0.32597804
b02,324,0,0,0.31145674
b02,325,0,0,0.2987664
b02,326,0,1,0.5550156
b02,327,0,0,0.48063084
b02,328,0,1,0.60271966
b02,329,0,1,0.69579077
b02,330,0,0,0.21809515
b02,331,0,0,0.31442827
b02,332,0,0,0.43725833
b02,333,0,0,0.42204994
b02,334,0,0,0.17113031
b02,335,0,0,0.2218052
b02,336,0,0,0.20942536
b02,337,0,0,0.20967415
b02,338,0,1,0.54192954
b02,339,0,1,0.5090794
b02,340,0,1,0.85179746
b02,341,0,1,0.83809537
b02,342,0,0,0.23095761
b02,343,1,1,0.8374862
b02,344,1,1,0.6566282
b02,345,1,1,0.7850381
b02,346,1,1,0.7917133
b02,347,1,1,0.8943731
b02,348,1,0,0.3764969
b02,349,1,1,0.801635
b02,350,1,1,0.89458305
b02,351,1,1,0.8423287
b02,352,1,1,0.8423781
b02,353,1,1,0.8996579
b02,354,1,1,0.92172015
b02,355,1,1,0.93305403
b02,356,1,1,0.8249905
b02,357,1,0,0.2845153
b02,358,0,1,0.79876596
b02,359,0,1,0.6453902
b02,360,0,0,0.1990028
b02,361,0,1,0.50581837
b02,362,0,0,0.49319142
b02,363,0,0,0.385397
b02,364,0,1,0.5039339
b02,365,0,0,0.22270864
b02,366,0,1,0.5697374
b02,367,1,1,0.85714287
b02,368,1,0,0.3956045
b02,369,0,0,0.25343123
b02,370,0,1,0.57765067
b02,371,0,0,0.26964942
b02,372,0,0,0.371957
b02,373,0,0,0.32794052
b02,374,0,0,0.26894715
b02,375,0,0,0.26897877
b02,376,0,0,0.30909017
b02,377,0,0,0.27675214
b02,378,0,0,0.25905836
b02,379,0,0,0.31428626
b02,380,0,1,0.60488546
b02,381,0,0,0.2563568
b02,382,0,0,0.1820314
b02,383,0,0,0.30891955
b02,384,0,0,0.35502407
b02,385,0,0,0.48034117
b02,386,0,0,0.45011196
b02,387,0,0,0.14500913
b02,388,0,1,0.7312494
b02,389,0,0,0.39065078
b02,390,0,0,0.1823655
b02,391,0,1,0.8383696
b02,392,0,1,0.8276317
b02,393,0,0,0.30572042
b02,394,0,0,0.22390498
b02,395,0,1,0.68019617
b02,396,0,0,0.38608667
b02,397,0,1,0.8010658
b02,398,0,1,0.6278394
b02,399,0,1,0.67522943
b02,400,0,1,0.70380324
b02,401,0,0,0.1998572
b02,402,0,0,0.35512573
b02,403,0,1,0.8218747
b02,404,0,0,0.48288307
b02,405,0,1,0.84523124
b02,406,0,1,0.75621414
b02,407,0,1,0.6590957
b02,408,0,0,0.37755573
b02,409,0,0,0.22189662
b02,410,0,0,0.22627309
b02,411,0,1,0.61851746
b02,412,0,0,0.1543882
b02,413,0,0,0.2908512
b02,414,0,1,0.63573706
b02,415,0,0,0.4565203
b02,416,0,1,0.5830332
b02,417,0,1,0.6066139
b02,418,0,1,0.7357596
b02,419,0,0,0.43144196
b02,420,0,1,0.8691309
b02,421,1,1,0.8270669
b02,422,1,1,0.86075824
b02,423,1,1,0.9396305
b02,424,1,1,0.87946904
b02,425,1,1,0.86105967
b02,426,1,1,0.943222
b02,427,1,1,0.69726497
b02,428,1,1,0.88132256
b02,429,1,1,0.9092227
b02,430,1,1,0.87820536
b02,431,1,1,0.8937266
b02,432,1,1,0.8255178
b02,433,1,1,0.7106651
b02,434,1,1,0.83860636
b02,435,1,1,0.8291592
b02,436,1,1,0.9067379
b02,437,1,1,0.8908414
b02,438,1,1,0.7700925
b02,439,1,1,0.56335956
b02,440,0,0,0.21982117
b02,441,0,0,0.17163825
b02,442,1,1,0.9177033
b02,443,1,1,0.7155015
b02,444,1,1,0.8915436
b02,445,1,1,0.8233066
b02,446,1,1,0.58069247
b02,447,1,1,0.8793525
b02,448,0,0,0.3142867
b02,449,0,0,0.09705533
b02,450,0,0,0.17054647
b02,451,0,1,0.8558133
b02,452,1,1,0.76478577
b02,453,1,1,0.78088695
b02,454,1,0,0.36545476
b02,455,0,0,0.16867505
b02,456,0,0,0.20681825
b02,457,0,0,0.18660358
b02,458,0,0,0.19648074
b02,459,0,0,0.13720246
b02,460,0,1,0.6577859
b02,461,0,1,0.6149764
b02,462,0,0,0.41547227
b02,463,0,1,0.83561736
b02,464,0,0,0.41691506
b02,465,0,0,0.25929978
b02,466,0,1,0.890486
b02,467,0,0,0.27490717
b02,468,0,0,0.15204675
b02,469,0,1,0.6780259
b02,470,0,1,0.71520215
b02,471,0,0,0.43161657
b02,472,0,0,0.48811036
b02,473,0,1,0.8835389
b02,474,1,1,0.8518723
b02,475,1,1,0.8813179
b02,476,1,1,0.84636724
b02,477,1,1,0.6955539
b02,478,1,1,0.69173986
b02,479,1,1,0.5196659
b02,480,0,0,0.48292923
b02,481,0,0,0.36685354
b02,482,0,0,0.4538483
b02,483,0,0,0.40187126
b02,484,0,0,0.44694096
b02,485,0,0,0.22263488
b02,486,0,1,0.7166551
b02,487,0,0,0.2324033
b02,488,0,1,0.5666836
b02,489,0,0,0.41018292
b02,490,0,0,0.37978122
b02,491,0,1,0.7565221
b02,492,0,0,0.3030407
b02,493,0,0,0.40082002
b02,494,0,0,0.30831856
b02,495,0,0,0.33838594
b02,496,0,0,0.29130563
b02,497,0,1,0.5034683
b02,498,0,1,0.7324144
b02,499,0,1,0.6999117
b02,500,0,0,0.31535023
b02,501,0,0,0.46109855
b02,502,0,0,0.32863152
b02,503,0,1,0.52269894
b02,504,0,1,0.8207524
b02,505,0,0,0.36860406
b02,506,0,0,0.28115833
b02,507,0,1,0.73758817
b02,508,0,1,0.62493813
b02,509,0,1,0.5804064
b02,510,0,0,0.38646466
b02,511,0,0,0.43584883
b02,512,0,1,0.9071468
b02,513,0,1,0.7652688
b02,514,0,1,0.50982624
b02,515,0,1,0.76463807
b02,516,0,0,0.0854726
b03,1,0,0,0.058000427
b03,2,0,0,0.19717048
b03,3,0,0,0.07720885
b03,4,0,0,0.12255187
b03,5,0,0,0.08138685
b03,6,0,0,0.07903841
b03,7,0,0,0.1511708
b03,8,0,0,0.37134874
b03,9,0,0,0.07500932
b03,10,0,0,0.08307126
b03,11,0,1,0.58755964
b03,12,0,0,0.22073524
b03,13,0,0,0.4222939
b03,14,0,0,0.19442122
b03,15,0,0,0.40232396
b03,16,0,0,0.16382955
b03,17,0,0,0.22014767
b03,18,0,0,0.17309989
b03,19,0,0,0.13518184
b03,20,0,0,0.118337125
b03,21,0,0,0.1378786
b03,22,0,0,0.12571245
b03,23,0,0,0.17990287
b03,24,0,0,0.12049616
b03,25,0,0,0.14521076
b03,26,0,0,0.12287371
b03,27,0,0,0.07095957
b03,28,0,0,0.09986369
b03,29,0,0,0.33597857
b03,30,0,0,0.30568323
b03,31,0,0,0.26237267
b03,32,0,0,0.2512483
b03,33,0,0,0.15562099
b03,34,0,0,0.103792824
b03,35,0,0,0.124731936
b03,36,0,0,0.070484266
b03,37,0,0,0.08587402
b03,38,0,0,0.10145448
b03,39,0,0,0.25334504
b03,40,0,0,0.16577478
b03,41,0,0,0.15399739
b03,42,0,0,0.11703542
b03,43,0,0,0.11404229
b03,44,0,0,0.2934106
b03,45,0,0,0.3591421
b03,46,0,0,0.053384833
b03,47,0,0,0.16138534
b03,48,0,0,0.13237922
b03,49,0,0,0.32874882
b03,50,0,0,0.15876575
b03,51,0,0,0.118861236
b03,52,0,0,0.0813189
b03,53,0,0,0.07323775
b03,54,0,0,0.1461836
b03,55,0,0,0.17468144
b03,56,0,0,0.28611344
b03,57,0,0,0.15783754
b03,58,0,0,0.27965322
b03,59,0,1,0.5999843
b03,60,0,0,0.11444254
b03,61,0,0,0.15023026
b03,62,0,0,0.06648385
b03,63,0,0,0.13964799
b03,64,0,0,0.17596321
b03,65,0,0,0.08534759
b03,66,0,0,0.08045679
b03,67,0,0,0.061817333
b03,68,0,0,0.1441115
b03,69,0,1,0.5485536
b03,70,0,0,0.3926688
b03,71,0,0,0.3703798
b03,72,0,0,0.11984813
b03,73,0,0,0.18049468
b03,74,0,0,0.11338391
b03,75,0,0,0.09407973
b03,76,0,0,0.12663274
b03,77,0,0,0.09701797
b03,78,0,0,0.06314068
b03,79,0,0,0.14346519
b03,80,0,0,0.107138
b03,81,0,0,0.10691467
b03,82,0,0,0.43594223
b03,83,0,0,0.1235715
b03,84,0,0,0.17102484
b03,85,0,0,0.1450352
b03,86,0,0,0.14881377
b03,87,0,0,0.14941081
b03,88,0,0,0.2002267
b03,89,0,0,0.11415471
b03,90,0,0,0.08707639
b03,91,0,0,0.22830957
b03,92,0,0,0.09849123
b03,93,0,0,0.27955285
b03,94,0,0,0.11118944
b03,95,0,0,0.45685357
b03,96,0,1,0.5144104
b03,97,0,0,0.47048962
b03,98,1,1,0.78706837
b03,99,1,0,0.37845704
b03,100,1,0,0.45391202
b03,101,1,1,0.8862971
b03,102,1,1,0.7780146
b03,103,0,0,0.44054973
b03,104,0,0,0.20737551
b03,105,0,0,0.20858248
b03,106,0,0,0.1394165
b03,107,0,0,0.12542054
b03,108,0,0,0.1969861
b03,109,0,0,0.17322013
b03,110,0,0,0.13343525
b03,111,0,0,0.1378221
b03,112,0,0,0.12821859
b03,113,0,0,0.11655872
b03,114,0,0,0.19134136
b03,115,0,0,0.07978836
b03,116,0,0,0.09542052
b03,117,0,0,0.08646296
b03,118,0,0,0.07439219
b03,119,0,0,0.093721695
b03,120,0,0,0.06416337
b03,121,0,0,0.14771695
b03,122,0,0,0.07315493
b03,123,0,0,0.08789645
b03,124,0,0,0.0754481
b03,125,0,0,0.13009009
b03,126,0,0,0.091671415
b03,127,0,0,0.14798518
b03,128,0,0,0.16574986
b03,129,0,0,0.10932857
b03,130,0,0,0.084822685
b03,131,0,0,0.08261602
b03,132,0,0,0.15590581
b03,133,0,0,0.05486564
b03,134,0,1,0.71872306
b03,135,0,1,0.7205575
b03,136,0,1,0.50108135
b03,137,0,0,0.3685316
b03,138,0,0,0.11383902
b03,139,0,0,0.10496618
b03,140,0,0,0.1999092
b03,141,0,0,0.07571697
b03,142,0,0,0.10505841
b03,143,0,1,0.58494025
b03,144,0,0,0.09064866
b03,145,0,0,0.42089257
b03,146,0,0,0.15914981
b03,147,0,0,0.13433525
b03,148,0,0,0.21116476
b03,149,0,0,0.17121086
b03,150,0,0,0.1996142
b03,151,0,0,0.09405491
b03,152,0,0,0.18028522
b03,153,0,0,0.08265874
b03,154,0,0,0.09952383
b03,155,0,0,0.13525686
b03,156,0,0,0.35283512
b03,157,0,0,0.08354599
b03,158,0,0,0.08916812
b03,159,0,0,0.24688192
b03,160,0,1,0.8523224
b03,161,0,0,0.37460494
b03,162,0,1,0.5568927
b03,163,0,1,0.7251988
b03,164,1,1,0.8669183
b03,165,1,1,0.86504626
b03,166,1,1,0.87863934
b03,167,1,1,0.7953701
b03,168,1,1,0.8225361
b03,169,1,1,0.62321043
b03,170,1,1,0.79688245
b03,171,1,1,0.843961
b03,172,1,1,0.68548983
b03,173,0,0,0.4229879
b03,174,0,0,0.20262621
b03,175,0,0,0.1345602
b03,176,0,0,0.08435795
b03,177,0,0,0.052523784
b03,178,0,0,0.3840278
b03,179,0,0,0.16497564
b03,180,0,0,0.08744322
b03,181,0,0,0.09974489
b03,182,0,0,0.10424916
b03,183,0,0,0.03721604
b03,184,0,0,0.12890694
b03,185,0,0,0.084530674
b03,186,0,0,0.07566618
b03,187,0,0,0.07852065
b03,188,0,0,0.081403315
b03,189,0,0,0.06262612
b03,190,0,0,0.4130017
b03,191,0,0,0.16285688
b03,192,0,0,0.10774496
b03,193,0,0,0.11235804
b03,194,0,0,0.09473102
b03,195,0,0,0.09476527
b03,196,0,0,0.07263833
b03,197,0,0,0.0700438
b03,198,0,0,0.29375857
b03,199,0,1,0.5321377
b03,200,0,0,0.14848946
b03,201,0,0,0.084167816
b03,202,0,0,0.10143306
b03,203,0,0,0.13449958
b03,204,0,0,0.08548505
b03,205,0,0,0.0981508
b03,206,0,0,0.07885251
b03,207,0,0,0.087716304
b03,208,0,1,0.629809
b03,209,0,0,0.22042827
b03,210,0,0,0.1430624
b03,211,0,0,0.15788923
b03,212,0,0,0.22937042
b03,213,0,0,0.22218752
b03,214,0,0,0.09864499
b03,215,0,0,0.111103386
b03,216,0,0,0.12198824
b03,217,0,0,0.18175592
b03,218,0,0,0.15178856
b03,219,0,0,0.1862797
b03,220,0,0,0.26786318
b03,221,0,0,0.17979917
b03,222,0,0,0.16187058
b03,223,0,1,0.5705257
b03,224,0,0,0.29173216
b03,225,1,1,0.538807
b03,226,1,1,0.8063663
b03,227,1,1,0.7813077
b03,228,1,1,0.8863835
b03,229,1,1,0.8682484
b03,230,1,1,0.7226484
b03,231,1,1,0.7946797
b03,232,1,1,0.7320149
b03,233,1,1,0.8027698
b03,234,1,1,0.5490807
b03,235,1,1,0.7060961
b03,236,1,1,0.8104914
b03,237,1,1,0.76374227
b03,238,1,1,0.74740815
b03,239,1,0,0.255841
b03,240,0,0,0.38649067
b03,241,0,1,0.53420264
b03,242,0,0,0.17223054
b03,243,0,1,0.7381009
b03,244,0,1,0.5661499
b03,245,0,0,0.40140998
b03,246,0,1,0.62325555
b03,247,0,0,0.10901802
b03,248,0,0,0.26366216
b03,249,0,0,0.11826213
b03,250,0,0,0.15828738
b03,251,0,0,0.12449535
b03,252,0,0,0.30102828
b03,253,0,0,0.17967936
b03,254,0,0,0.22417954
b03,255,0,0,0.068431936
b03,256,0,1,0.714563
b03,257,1,0,0.44584322
b03,258,0,1,0.6895436
b03,259,0,1,0.51890105
b03,260,0,0,0.46575806
b03,261,0,0,0.19770099
b03,262,0,0,0.12689938
b03,263,0,0,0.32258505
b03,264,0,0,0.47956726
b03,265,1,1,0.6170737
b03,266,0,1,0.55942935
b03,267,0,0,0.14873499
b03,268,0,0,0.09259443
b03,269,0,0,0.08789501
b03,270,0,0,0.10243875
b03,271,0,0,0.15455914
b03,272,0,1,0.51833415
b03,273,0,0,0.18325245
b03,274,0,0,0.16821153
b03,275,0,0,0.08359342
b03,276,0,0,0.08450782
b03,277,0,0,0.12963615
b03,278,0,0,0.10046237
b03,279,0,0,0.063458055
b03,280,0,0,0.09930681
b03,281,0,0,0.09476707
b03,282,0,0,0.11387387
b03,283,0,0,0.08573892
b03,284,0,0,0.33593228
b03,285,0,1,0.5790841
b03,286,0,0,0.23779012
b03,287,0,0,0.29502654
b03,288,0,0,0.11510314
b03,289,0,0,0.13805467
b03,290,0,0,0.11820644
b03,291,0,0,0.11029125
b03,292,0,0,0.44750258
b03,293,0,0,0.07533226
b03,294,0,0,0.18675222
b03,295,0,0,0.13060665
b03,296,0,0,0.15325487
b03,297,0,0,0.48977736
b03,298,0,1,0.52444804
b03,299,0,0,0.11772788
b03,300,0,0,0.0843583
b03,301,0,0,0.23415504
b03,302,0,0,0.1571356
b03,303,0,0,0.22446716
b03,304,0,0,0.2378102
b03,305,0,0,0.31695038
b03,306,0,0,0.20465478
b03,307,0,0,0.21873778
b03,308,1,1,0.7128037
b03,309,1,1,0.5509781
b03,310,1,1,0.55902565
b03,311,1,0,0.23334102
b03,312,0,0,0.4207324
b03,313,0,0,0.17956491
b03,314,1,1,0.634965
b03,315,0,0,0.39499238
b03,316,0,0,0.21775182
b03,317,0,0,0.20805307
b03,318,0,0,0.14517759
b03,319,0,0,0.20117638
b03,320,0,0,0.13254559
b03,321,0,0,0.25725642
b03,322,0,0,0.12580566
b03,323,0,0,0.15416694
b03,324,0,0,0.12982713
b03,325,0,0,0.10677407
b03,326,0,0,0.06024009
b03,327,0,0,0.15600403
b03,328,0,0,0.15794784
b03,329,0,0,0.20971794
b03,330,0,0,0.13405934
b03,331,0,0,0.0809812
b03,332,0,0,0.097014904
b03,333,0,0,0.060813315
b03,334,0,0,0.11714407
b03,335,0,0,0.24314326
b03,336,0,0,0.07244637
b03,337,0,0,0.13902032
b03,338,0,0,0.25482604
b03,339,0,0,0.105703
b03,340,0,0,0.07937481
b03,341,0,0,0.08321175
b03,342,0,0,0.18106899
b03,343,0,0,0.05158845
b03,344,0,0,0.09896313
b03,345,0,0,0.14260568
b03,346,0,0,0.077548675
b03,347,0,0,0.09902005
b03,348,0,0,0.08177702
b03,349,0,0,0.12598665
b03,350,0,0,0.124656595
b03,351,0,0,0.13222823
b03,352,0,0,0.17934851
b03,353,0,0,0.10549935
b03,354,0,0,0.15602578
b03,355,0,0,0.043969896
b03,356,0,0,0.064942494
b03,357,0,0,0.076177716
b03,358,0,1,0.5859948
b03,359,0,0,0.44310844
b03,360,0,0,0.28149146
b03,361,0,0,0.49224326
b03,362,0,0,0.37421444
b03,363,0,0,0.13844517
b03,364,0,0,0.06319195
b03,365,0,0,0.3515467
b03,366,0,1,0.6858643
b03,367,0,0,0.10504815
b03,368,0,0,0.27752745
b03,369,0,0,0.16633308
b03,370,0,0,0.32407403
b03,371,0,0,0.15804131
b03,372,0,1,0.70513284
b03,373,0,1,0.5307483
b03,374,1,1,0.5371702
b03,375,1,1,0.8459088
b03,376,1,0,0.33340934
b03,377,1,1,0.83695424
b03,378,1,1,0.86214185
b03,379,1,1,0.87764215
b03,380,1,1,0.8747318
b03,381,1,1,0.72512317
b03,382,1,1,0.8502153
b03,383,1,1,0.78399736
b03,384,1,1,0.7242021
b03,385,1,1,0.6285346
b03,386,1,0,0.21496959
b03,387,1,1,0.80386466
b03,388,1,1,0.7122185
b03,389,1,1,0.75691575
b03,390,1,1,0.7725687
b03,391,1,1,0.80031896
b03,392,1,1,0.8625252
b03,393,1,1,0.5449833
b03,394,1,1,0.5180611
b03,395,1,0,0.3249678
b03,396,1,1,0.76719826
b03,397,1,1,0.6902491
b03,398,1,1,0.8125757
b03,399,1,1,0.6978872
b03,400,1,1,0.6358054
b03,401,1,1,0.6457628
b03,402,1,1,0.764106
b03,403,0,0,0.17460632
b03,404,0,0,0.45708382
b03,405,0,0,0.2758582
b03,406,0,0,0.22112979
b03,407,0,1,0.60390383
b03,408,0,0,0.108549446
b03,409,0,0,0.25466534
b03,410,0,0,0.13233423
b03,411,0,1,0.5556031
b03,412,0,0,0.16750287
b03,413,0,0,0.47725445
b03,414,0,0,0.38643062
b03,415,0,0,0.21784523
b03,416,0,0,0.3493679
b03,417,0,0,0.16221514
b03,418,0,0,0.40732357
b03,419,0,0,0.15264694
b03,420,0,1,0.65511715
b03,421,0,0,0.22601959
b03,422,0,0,0.26320195
b03,423,0,0,0.43597442
b03,424,0,0,0.37009948
b03,425,1,0,0.25833482
b03,426,0,1,0.5445856
b03,427,0,1,0.8445502
b03,428,0,0,0.22906196
b03,429,0,1,0.5448771
b03,430,1,0,0.10644756
b03,431,0,1,0.6403075
b03,432,0,0,0.47907466
b03,433,0,1,0.61331856
b03,434,1,1,0.57294524
b03,435,1,1,0.6664996
b03,436,1,1,0.6457596
b03,437,1,1,0.719402
b03,438,1,1,0.6977287
b03,439,1,0,0.2796155
b03,440,0,1,0.7089674
b04,3,0,0,9.869782e-06
b04,4,0,1,0.9700328
b04,8,0,0,1.1790537e-09
b04,9,0,0,0.0959174
b04,10,0,0,0.016760303
b04,11,0,0,0.44074482
b04,12,0,0,0.2294599
b04,13,0,0,0.1755398
b04,14,0,0,0.1572152
b04,15,0,0,0.20571446
b04,16,0,0,0.036621783
b04,17,0,0,0.094009675
b04,18,0,0,0.1586307
b04,19,0,0,0.23377359
b04,20,0,0,0.1899733
b04,21,0,1,0.5094739
b04,22,0,0,0.1256777
b04,23,0,0,0.058140222
b04,24,0,0,0.059087347
b04,25,0,1,0.5155735
b04,26,0,0,0.2806546
b04,27,0,0,0.26932487
b04,28,0,0,0.30696395
b04,29,0,0,0.35484433
b04,30,0,0,0.49520814
b04,31,0,0,0.11073934
b04,32,0,0,0.31717438
b04,33,0,0,0.45933062
b04,34,0,0,0.10232759
b04,35,0,0,0.4240153
b04,36,0,0,0.24543348
b04,37,0,0,0.0562508
b04,38,0,1,0.63656044
b04,39,0,0,0.31906623
b04,40,0,0,0.24366936
b04,41,0,0,0.14984718
b04,42,0,0,0.058413085
b04,43,0,0,0.12940063
b04,44,0,0,0.15973039
b04,45,0,0,0.20261751
b04,46,0,0,0.37795347
b04,47,0,0,0.2434082
b04,48,0,0,0.070906684
b04,49,0,0,0.16926816
b04,50,0,1,0.5799032
b04,51,0,0,0.29618677
b04,52,0,0,0.05951699
b04,53,0,0,0.36088112
b04,54,0,0,0.4977782
b04,55,0,0,0.22690341
b04,56,0,0,0.40813744
b04,57,0,0,0.19424921
b04,58,0,0,0.16397066
b04,59,0,0,0.09681415
b04,60,0,0,0.22585224
b04,61,0,0,0.27452397
b04,62,0,0,0.479286
b04,63,0,1,0.551511
b04,64,0,0,0.36162457
b04,65,0,0,0.24988419
b04,66,0,0,0.40906054
b04,67,0,1,0.5824581
b04,68,0,0,0.27699763
b04,69,0,0,0.0909861
b04,70,0,0,0.3451977
b04,71,0,0,0.2057954
b04,72,0,0,0.2760135
b04,73,0,0,0.49369368
b04,74,0,0,0.24756192
b04,75,0,0,0.15305875
b04,76,0,0,0.18939883
b04,77,0,0,0.18928647
b04,78,0,0,0.22244497
b04,79,0,0,0.12072282
b04,80,0,0,0.15026258
b04,81,0,0,0.021888306
b04,82,0,0,0.01717703
b04,83,0,0,0.07877872
b04,84,0,0,0.06201959
b04,85,0,0,0.3313029
b04,86,0,0,0.12052739
b04,87,0,0,0.14950716
b04,88,0,0,0.24033807
b04,89,0,0,0.08595897
b04,90,0,0,0.09967057
b04,91,0,0,0.017963348
b04,92,0,0,0.18235411
b04,93,0,0,0.0537223
b04,94,0,0,0.10129352
b04,95,0,0,0.054474633
b04,96,0,0,0.09255151
b04,97,0,0,0.093088016
b04,98,0,0,0.09641425
b04,99,0,0,0.07639974
b04,100,0,0,0.036937248
b04,101,0,0,0.07476733
b04,102,0,0,0.08206733
b04,103,0,0,0.026493166
b04,104,0,0,0.11000786
b04,105,0,0,0.38622496
b04,106,0,0,0.45107397
b04,107,0,0,0.25844246
b04,108,0,1,0.5226899
b04,109,0,0,0.16027077
b04,110,0,0,0.19559334
b04,111,0,0,0.2521041
b04,112,0,0,0.1772147
b04,113,0,0,0.21442522
b04,114,0,1,0.57015395
b04,115,0,0,0.27602583
b04,116,0,0,0.17578849
b04,117,0,0,0.14311427
b04,118,0,0,0.32235324
b04,119,0,0,0.13437222
b04,120,0,0,0.3563518
b04,121,0,0,0.35235354
b04,122,0,0,0.12196715
b04,123,0,0,0.27996206
b04,124,0,0,0.4899757
b04,125,0,1,0.50979996
b04,126,0,0,0.27915692
b04,127,0,0,0.07373266
b04,128,0,0,0.15224347
b04,129,0,0,0.15798189
b04,130,0,1,0.5828043
b04,131,0,1,0.7794223
b04,132,0,0,0.31955722
b04,133,0,0,0.26444197
b04,134,0,0,0.47396746
b04,135,1,1,0.7105116
b04,136,1,0,0.31120744
b04,137,1,0,0.44998452
b04,138,1,0,0.19146396
b04,139,1,1,0.7546919
b04,140,0,1,0.71386987
b04,141,0,1,0.68112403
b04,142,0,1,0.5244887
b04,143,0,1,0.8166809
b04,144,0,0,0.31709257
b04,145,0,0,0.4344622
b04,146,0,0,0.23366076
b04,147,0,0,0.16619518
b04,148,0,0,0.13976142
b04,149,0,0,0.3079248
b04,150,0,0,0.046959393
b04,151,0,0,0.18483746
b04,152,0,0,0.107044615
b04,153,0,0,0.2786125
b04,154,0,0,0.21975952
b04,155,0,0,0.18139033
b04,156,0,0,0.16385496
b04,157,0,0,0.1377156
b04,158,0,0,0.13106695
b04,159,0,0,0.082346
b04,160,0,0,0.030671826
b04,161,0,0,0.08917049
b04,162,0,0,0.032595754
b04,163,0,0,0.050764143
b04,164,0,0,0.15067981
b04,165,0,0,0.09138371
b04,166,0,0,0.20381524
b04,167,0,0,0.15772228
b04,168,0,0,0.29526082
b04,169,0,0,0.22697882
b04,170,0,0,0.056714986
b04,171,0,0,0.08406673
b04,172,0,0,0.1628891
b04,173,0,0,0.41609117
b04,174,0,0,0.26006162
b04,175,0,0,0.21230929
b04,176,0,0,0.4815723
b04,177,0,0,0.16632693
b04,178,0,0,0.16051714
b04,179,0,0,0.16217883
b04,180,0,0,0.041965917
b04,181,0,0,0.06261454
b04,182,0,0,0.02050313
b04,183,0,0,0.07036248
b04,184,0,0,0.07553365
b04,185,0,0,0.01534728
b04,186,0,0,0.0047341716
b04,187,0,0,0.101012535
b04,188,0,0,0.0102293985
b04,189,0,0,0.07861958
b04,190,0,0,0.39423916
b04,191,0,0,0.06685646
b04,192,0,0,0.11227984
b04,193,0,0,0.14971042
b04,194,0,0,0.018148977
b04,195,0,0,0.08958861
b04,196,0,0,0.07628465
b04,197,0,0,0.07917725
b04,198,0,0,0.124342345
b04,199,0,0,0.045759927
b04,200,0,0,0.053956814
b04,201,0,0,0.030230455
b04,202,0,0,0.06757419
b04,203,0,0,0.09211396
b04,204,0,1,0.6877025
b04,205,0,1,0.7673518
b04,206,0,0,0.27135825
b04,207,0,1,0.6145859
b04,208,0,0,0.16460133
b04,209,0,0,0.14400284
b04,210,0,0,0.35430664
b04,211,0,0,0.22631128
b04,212,0,0,0.39090905
b04,213,0,1,0.5977788
b04,214,0,0,0.057593163
b04,215,0,0,0.19738337
b04,216,0,0,0.21452607
b04,217,0,0,0.10809447
b04,218,0,1,0.6926341
b04,219,0,1,0.5789498
b04,220,0,1,0.58826464
b04,221,0,0,0.42191607
b04,222,0,0,0.46385947
b04,223,0,0,0.25542092
b04,224,0,0,0.13516681
b04,225,0,0,0.39240545
b04,226,0,1,0.5728788
b04,227,0,1,0.70768356
b04,228,0,0,0.18123464
b04,229,0,1,0.6119903
b04,230,0,1,0.670494
b04,231,0,1,0.82500994
b04,232,0,1,0.6733747
b04,233,0,1,0.95385605
b04,234,0,1,0.5651599
b04,235,0,0,0.46219724
b04,236,0,0,0.28185448
b04,237,1,1,0.64851505
b04,238,1,0,0.37592956
b04,239,0,0,0.22479108
b04,240,0,0,0.49519077
b04,241,0,0,0.33557257
b04,242,0,0,0.42700505
b04,243,0,0,0.43401513
b04,244,0,0,0.43107578
b04,245,0,0,0.35066333
b04,246,0,0,0.24470466
b04,247,0,0,0.49054843
b04,248,0,0,0.28395152
b04,249,0,0,0.25170487
b04,250,0,1,0.7278438
b04,251,0,0,0.44133407
b04,252,0,1,0.67002445
b04,253,0,1,0.5654341
b04,254,0,0,0.12959999
b04,255,0,0,0.14169677
b04,256,0,0,0.043765604
b04,257,0,0,0.065406814
b04,258,0,0,0.3238898
b04,259,0,0,0.22055887
b04,260,0,0,0.3430671
b04,261,0,0,0.2901932
b04,262,0,0,0.046279725
b04,263,0,0,0.11615595
b04,264,0,0,0.01967387
b04,265,0,0,0.12267097
b04,266,0,0,0.1834144
b04,267,0,0,0.043640107
b04,268,0,0,0.033863965
b04,269,0,0,0.08798367
b04,270,0,0,0.1393881
b04,271,0,0,0.10540853
b04,272,0,0,0.04506616
b04,273,0,0,0.118202694
b04,274,0,0,0.40823734
b04,275,0,0,0.2667528
b04,276,0,0,0.14133385
b04,277,0,0,0.1494914
b04,278,0,0,0.036892474
b04,279,0,0,0.12506534
b04,280,0,0,0.050689794
b04,281,0,0,0.1315019
b04,282,0,0,0.036966205
b04,283,0,0,0.02257967
b04,284,0,0,0.1575599
b04,285,0,0,0.0022978846
b04,286,0,0,0.004161339
b04,287,0,0,0.024919128
b04,288,0,0,0.030566793
b04,289,0,0,0.0044761393
b04,290,0,0,0.006500148
b04,291,0,0,0.018483521
b04,292,0,0,0.0017532461
b04,293,0,0,0.017919183
b04,294,0,0,0.1278061
b04,295,0,0,0.0170465
b04,296,0,1,0.7457676
b04,297,0,1,0.6363812
b04,298,0,0,0.11823496
b04,299,0,0,0.36386964
b04,300,0,1,0.69008446
b04,301,0,1,0.5347371
b04,302,0,1,0.79278064
b04,303,0,0,0.37756148
b04,304,0,0,0.3646741
b04,305,0,0,0.2600554
b04,306,0,0,0.36693126
b04,307,0,0,0.40158278
b04,308,0,0,0.3438571
b04,309,0,1,0.50964606
b04,310,0,0,0.24871351
b04,311,0,1,0.68605214
b04,312,0,1,0.7915481
b04,313,0,1,0.7357211
b04,314,0,1,0.54770225
b04,315,0,1,0.55937934
b04,316,0,0,0.16173503
b04,317,0,1,0.7248394
b04,318,0,1,0.54215455
b04,319,0,1,0.66878074
b04,320,0,0,0.19385827
b04,321,0,1,0.7593604
b04,322,0,1,0.7443402
b04,323,0,0,0.44835073
b04,324,0,0,0.28383684
b04,325,0,1,0.8445639
b04,326,0,0,0.38665953
b04,327,0,0,0.4586396
b04,328,0,1,0.5073109
b04,329,0,1,0.8165246
b04,330,0,0,0.4921735
b04,331,0,1,0.7525058
b04,332,0,1,0.54633266
b04,333,0,0,0.44655097
b04,334,0,0,0.18368085
b04,335,0,0,0.23320703
b04,336,0,1,0.55398697
b04,337,0,1,0.63768566
b04,338,0,0,0.2616544
b04,339,0,0,0.22678004
b04,340,0,0,0.34927818
b04,341,0,0,0.1081795
b04,342,0,0,0.13393605
b04,343,0,0,0.3011895
b04,344,0,0,0.12820818
b04,345,0,0,0.33714026
b04,346,0,0,0.1059496
b04,347,0,0,0.26126367
b04,348,0,0,0.108305424
b04,349,0,0,0.1001411
b04,350,0,0,0.07433634
b04,351,0,0,0.44728366
b04,352,1,0,0.3635542
b04,353,1,0,0.31734636
b04,354,1,1,0.539699
b04,355,0,1,0.68425393
b04,356,0,0,0.20392166
b04,357,0,0,0.44964704
b04,358,0,0,0.13182685
b04,359,0,0,0.29593804
b04,360,0,0,0.27318317
b04,361,0,0,0.3448323
b04,362,0,1,0.5136329
b04,363,0,0,0.45328936
b04,364,0,0,0.14591813
b04,365,0,0,0.34023625
b04,366,0,0,0.47013965
b04,367,0,0,0.12048208
b04,368,0,0,0.23265271
b04,369,0,0,0.46935672
b04,370,0,0,0.18545605
b04,371,0,0,0.43454158
b04,372,0,0,0.24839038
b04,373,0,0,0.1405086
b04,374,0,0,0.16658562
b04,375,0,1,0.7540826
b04,376,0,0,0.3667475
b04,377,0,0,0.32873362
b04,378,0,0,0.38766468
b04,379,0,0,0.30941457
b04,380,0,1,0.51185644
b04,381,0,0,0.49726814
b04,382,0,0,0.14347765
b04,383,0,0,0.21814851
b04,384,0,0,0.17938608
b04,385,0,0,0.35098436
b04,386,0,0,0.46927014
b04,387,0,1,0.6004392
b04,388,0,1,0.7278146
b04,389,0,0,0.12436853
b04,390,0,0,0.28233835
b04,391,0,1,0.56505203
b04,392,0,1,0.5225778
b04,393,0,1,0.62775064
b04,394,0,0,0.30169183
b04,395,0,1,0.6953295
b04,396,0,0,0.31004646
b04,397,0,0,0.083257794
b04,398,0,0,0.0034325176
b04,399,0,0,0.0071388367
b04,400,0,0,0.021922367
b04,401,0,0,0.015728649
b04,402,0,0,0.030509206
b04,403,0,0,0.15510082
b04,404,0,0,0.07906375
b04,405,0,0,0.021809531
b04,406,0,0,0.005189568
b04,407,0,0,0.018082064
b04,408,0,0,0.0035576764
b04,409,0,0,0.017031748
b04,410,0,1,0.7183955
b04,411,0,0,0.1669497
b04,412,0,0,0.2388109
b04,413,0,1,0.5256528
b04,414,0,0,0.18097757
b04,415,0,0,0.14119299
b04,416,0,0,0.38995093
b04,417,0,0,0.15574145
b04,418,0,0,0.32787585
b04,419,0,1,0.7862967
b04,420,0,0,0.1045755
b04,421,0,0,0.36741933
b04,422,0,0,0.40362492
b04,423,0,1,0.7457337
b04,424,0,1,0.763363
b04,425,0,0,0.31195349
b04,426,0,0,0.40197742
b04,427,0,1,0.6250484
b04,428,0,0,0.272382
b05,1,0,0,0.0076958695
b05,2,0,0,0.009576444
b05,3,0,0,0.021206595
b05,4,0,0,0.0139632
b05,5,0,0,0.009545198
b05,6,0,0,0.012656402
b05,7,0,0,0.0096875345
b05,8,0,0,0.008411128
b05,9,0,0,0.015089832
b05,10,0,0,0.007152284
b05,11,0,0,0.022941023
b05,12,0,0,0.02358973
b05,13,0,0,0.02635011
b05,14,0,0,0.010995351
b05,15,0,0,0.011871945
b05,16,0,0,0.0114905285
b05,17,0,0,0.02162086
b05,18,0,0,0.011530698
b05,19,0,0,0.03606113
b05,20,0,0,0.01685674
b05,21,0,0,0.051083766
b05,22,0,0,0.007826882
b05,23,0,0,0.010333169
b05,24,0,0,0.025764503
b05,25,0,0,0.014849622
b05,26,0,0,0.019536015
b05,27,0,0,0.0063278247
b05,28,0,0,0.0073093004
b05,29,0,0,0.0081973635
b05,30,0,0,0.017882088
b05,31,0,0,0.011228609
b05,32,0,0,0.006723438
b05,33,0,0,0.048067298
b05,34,0,0,0.009387512
b05,35,0,0,0.013690314
b05,36,0,0,0.04793281
b05,37,0,0,0.014312611
b05,38,0,0,0.013551672
b05,39,0,0,0.040140957
b05,40,0,0,0.022557551
b05,41,0,0,0.007802895
b05,42,0,0,0.013776874
b05,43,0,0,0.032309994
b05,44,0,0,0.005542406
b05,45,0,0,0.00766959
b05,46,1,0,0.02124529
b05,47,0,0,0.0021830187
b05,48,0,0,0.0066703144
b05,49,0,0,0.009300975
b05,50,0,0,0.005020366
b05,51,0,0,0.023539782
b05,52,0,0,0.0038858992
b05,53,0,0,0.008919094
b05,54,0,0,0.0058381646
b05,55,0,0,0.011417628
b05,56,0,0,0.0031790107
b05,57,0,0,0.004799283
b05,58,0,0,0.0024505977
b05,59,0,0,0.0048481924
b05,60,0,0,0.0022264917
b05,61,0,0,0.0068812347
b05,62,0,0,0.027339716
b05,63,0,0,0.00391028
b05,64,0,0,0.0020323077
b05,65,0,0,0.0026125556
b05,66,0,0,0.005929003
b05,67,0,0,0.0013015659
b05,68,0,0,0.0023716355
b05,69,0,0,0.022320721
b05,70,0,0,0.012208448
b05,71,0,0,0.009455649
b05,72,0,0,0.001909168
b05,73,0,0,0.011299463
b05,74,0,0,0.0017820081
b05,75,0,0,0.002124878
b05,76,0,0,0.024653226
b05,77,0,0,0.013006782
b05,78,0,0,0.0013469394
b05,79,0,0,0.007977535
b05,80,0,0,0.0052659074
b05,81,0,0,0.0035055433
b05,82,0,0,0.002150362
b05,83,0,0,0.005020328
b05,84,0,0,0.0066721984
b05,85,0,0,0.0060345917
b05,86,0,0,0.0044710957
b05,87,0,0,0.0017754186
b05,88,0,0,0.00921249
b05,89,0,0,0.0066987593
b05,90,0,0,0.0041672713
b05,91,0,0,0.0020988078
b05,92,0,0,0.007818596
b05,93,0,0,0.0017364456
b05,94,0,0,0.0039981036
b05,95,0,0,0.0018957648
b05,96,0,0,0.0017339942
b05,97,0,0,0.003762626
b05,98,0,0,0.005512099
b05,99,0,0,0.0016818597
b05,100,0,0,0.01950855
b05,101,0,0,0.016599987
b05,102,0,0,0.01109927
b05,103,0,0,0.026183227
b05,104,0,0,0.0060848575
b05,105,0,0,0.028578736
b05,106,0,0,0.011852053
b05,107,0,0,0.041416135
b05,108,0,0,0.030730024
b05,109,0,0,0.009595426
b05,110,0,0,0.0074588535
b05,111,0,0,0.0055464255
b05,112,0,0,0.009111166
b05,113,0,0,0.0049323514
b05,114,0,0,0.016682912
b05,115,0,0,0.009818292
b05,116,1,0,0.08892128
b05,117,1,0,0.026078323
b05,118,0,0,0.008613866
b05,119,0,0,0.009655058
b05,120,0,0,0.004685181
b05,121,0,0,0.029130021
b05,122,0,0,0.0055460627
b05,123,0,0,0.0022874267
b05,124,0,0,0.0047784615
b05,125,0,0,0.0036368624
b05,126,0,0,0.0053559854
b05,127,0,0,0.04752761
b05,128,0,0,0.10139598
b05,129,0,0,0.07029885
b05,130,0,0,0.03778014
b05,131,0,0,0.0050305924
b05,132,0,0,0.06723436
b05,133,0,0,0.15245503
b05,134,0,0,0.0063955374
b05,135,0,0,0.2832153
b05,136,0,0,0.07808934
b05,137,0,0,0.17100105
b05,138,0,0,0.069925524
b05,139,0,0,0.15036124
b05,140,0,0,0.16199683
b05,141,0,0,0.017759508
b05,142,0,0,0.07654868
b05,143,0,0,0.07902682
b05,144,0,0,0.0469895
b05,145,0,0,0.0076258527
b05,146,0,0,2.1450119e-06
b05,147,0,0,0.059077285
b05,148,0,0,0.10394015
b05,149,0,0,0.0050186324
b05,150,0,0,0.0025241708
b05,151,0,0,0.004609719
b05,152,0,0,0.0024291917
b05,153,0,0,0.0030365605
b05,154,0,0,0.0034133338
b05,155,0,0,0.0056469697
b05,156,0,0,0.0055785202
b05,157,0,0,0.004147301
b05,158,0,0,0.14373957
b05,159,0,0,0.0050879214
b05,160,0,0,0.0021843507
b05,161,0,0,0.0036274355
b05,162,0,0,0.001790443
b05,163,0,0,0.008016862
b05,164,0,0,0.0029179258
b05,165,0,0,0.003437339
b05,166,0,0,0.0014187112
b05,167,0,0,0.0023834603
b05,168,0,0,0.0029637686
b05,169,0,0,0.07181626
b05,170,0,0,0.08196676
b05,171,0,0,0.10303791
b05,172,0,0,0.016991355
b05,173,0,0,0.01191294
b05,174,0,0,0.17219462
b05,175,0,0,0.106742255
b05,176,0,0,0.35570374
b05,177,0,0,0.017147642
b05,178,0,0,0.0111596
b05,179,0,0,0.07834316
b05,180,0,0,0.030055989
b05,181,0,0,0.111942075
b05,182,0,0,0.0024447748
b05,183,0,0,0.13353293
b05,184,0,0,0.1299619
b05,185,0,0,0.016852837
b05,186,0,0,0.025803495
b05,187,0,0,0.012034925
b05,188,0,0,0.046022065
b05,189,0,0,0.019454638
b05,190,0,0,0.0030495913
b05,191,0,0,0.002920413
b05,192,0,0,0.0013869161
b05,193,0,0,0.019289523
b05,194,0,0,0.05700014
b05,195,0,0,0.009341572
b05,196,0,0,0.0032164156
b05,197,0,0,0.040978137
b05,198,0,0,0.004690198
b05,199,0,0,0.0056139617
b05,200,0,0,0.0075109545
b05,201,0,0,0.01195025
b05,202,0,0,0.0052644988
b05,203,0,0,0.003126883
b05,204,0,0,0.0081009995
b05,205,0,0,0.013766474
b05,206,0,0,0.002729575
b05,207,0,0,0.0047499537
b05,208,0,0,0.005150607
b05,209,0,0,0.015306261
b05,210,0,0,0.09928693
b05,211,0,0,0.0038535858
b05,212,0,0,0.002823833
b05,213,0,0,0.0050857663
b05,214,0,0,0.010492146
b05,215,0,0,0.004109711
b05,216,0,0,0.006250265
b05,217,0,0,0.004343108
b05,218,0,0,0.006638861
b05,219,0,0,0.003445994
b05,220,0,0,0.0028148552
b05,221,0,0,0.00179046
b05,222,0,0,0.0021137805
b05,223,0,0,0.0050985967
b05,224,0,0,0.0010574124
b05,225,0,0,0.0036422766
b05,226,0,0,0.022598024
b05,227,0,0,0.0059014773
b05,228,0,0,0.0016689093
b05,229,0,0,0.0036697988
b05,230,0,0,0.0031538715
b05,231,0,0,0.004123861
b05,232,0,0,0.0029886144
b05,233,0,0,0.0042956397
b05,234,0,0,0.0043512294
b05,235,0,0,0.006183023
b05,236,0,0,0.053093627
b05,237,0,0,0.0027074905
b05,238,0,0,0.0048938673
b05,239,0,0,0.019071236
b05,240,0,0,0.0126258945
b05,241,0,0,0.008974196
b05,242,0,0,0.002287219
b05,243,0,0,0.26745075
b05,244,0,0,0.005957628
b05,245,0,0,0.014148462
b05,246,0,0,0.0020730125
b05,247,0,0,0.017167285
b05,248,0,0,0.0025621098
b05,249,0,0,0.0066132154
b05,250,0,0,0.003095518
b05,251,0,0,0.025116839
b05,252,0,0,0.004264819
b05,253,0,0,0.039527733
b05,254,0,0,0.013627961
b05,255,0,0,0.050723236
b05,256,0,0,0.014781269
b05,257,0,0,0.044282775
b05,258,0,0,0.012125349
b05,259,0,0,0.009953123
b05,260,0,0,0.0077418513
b05,261,0,0,0.16424736
b05,262,0,0,0.005272758
b05,263,0,0,0.11664501
b05,264,0,0,0.27190116
b05,265,0,0,0.009559982
b05,266,0,0,0.01069621
b05,267,0,0,0.013677276
b05,268,0,0,0.003715305
b05,269,0,0,0.012410448
b05,270,0,0,0.011964137
b05,271,0,0,0.3081162
b05,272,0,0,6.4505803e-06
b05,273,0,0,0.010883381
b05,274,0,0,0.0037785228
b05,275,0,0,0.00014449334
b05,276,0,0,0.017651085
b05,277,0,0,0.102436446
b05,278,0,0,0.013222441
b05,279,0,0,5.4895786e-09
b05,280,0,0,0.0010646487
b05,281,0,0,6.4999924e-08
b05,282,0,0,0.00043165247
b05,283,0,0,0.0067889765
b05,284,0,0,0.07969833
b05,285,0,0,0.06605772
b05,286,0,0,0.011496304
b05,287,0,0,0.014349029
b05,288,0,0,0.009291967
b05,289,0,0,0.02822062
b05,290,0,0,0.0088015525
b05,291,0,0,0.014272941
b05,292,0,0,0.009902761
b05,293,0,0,0.012178961
b05,294,0,0,0.009242474
b05,295,0,0,0.020078084
b05,296,0,0,0.037184555
b05,297,0,0,0.039440226
b05,298,0,0,0.019764649
b05,299,0,0,0.009137718
b05,300,0,0,0.011113636
b05,301,0,0,0.04690324
b05,302,0,0,0.010660132
b05,303,0,0,0.012772529
b05,304,0,0,0.03990334
b05,305,0,0,0.008572
b05,306,0,0,0.011127164
b05,307,0,0,0.02047454
b05,308,0,0,0.021067997
b05,309,0,0,0.01144825
b05,310,0,0,0.0102485195
b05,311,1,0,0.01562647
b05,312,1,0,0.010092216
b05,313,1,0,0.011106421
b05,314,0,0,0.021464791
b05,315,0,0,0.02722118
b05,316,0,0,0.13025358
b05,317,0,0,0.0053702346
b05,318,0,0,0.017911809
b05,319,0,0,0.007000443
b05,320,1,0,0.15669167
b05,321,1,0,0.031210525
b05,322,1,0,0.008809968
b05,323,1,0,0.006991817
b05,324,1,0,0.0260112
b05,325,1,0,0.0020035012
b05,326,1,0,0.082659766
b05,327,1,0,0.030419797
b05,328,1,0,0.015303739
b05,329,1,0,0.02756209
b05,330,1,0,0.12567651
b05,331,1,0,0.023806766
b05,332,1,0,0.049831532
b05,333,1,0,0.06323238
b05,334,1,0,0.060007688
b05,335,1,0,0.011650391
b05,336,1,0,0.015821509
b05,337,0,0,0.006751807
b05,338,0,0,0.010811597
b05,339,0,0,0.0033974547
b05,340,0,0,0.0042008394
b05,341,0,0,0.09588049
b05,342,0,0,0.013673398
b05,343,0,0,0.0061618043
b05,344,0,0,0.009575498
b05,345,0,0,0.0047397465
b05,346,0,0,0.014042492
b05,347,0,0,0.019073699
b05,348,0,0,0.020848233
b05,349,0,0,0.03296451
b05,350,0,0,0.06764274
b05,351,1,0,0.042800505
b05,352,0,0,0.15022236
b05,353,0,0,0.010331775
b05,354,0,0,0.20524761
b05,355,0,0,0.07141926
b05,356,0,0,0.05893712
b05,357,0,0,0.141958
b05,358,0,0,0.04500957
b05,359,0,0,0.12916344
b05,360,0,0,0.016462538
b05,361,0,0,0.15377702
b05,362,0,0,0.14480044
b05,363,0,0,0.03664782
b05,364,0,0,0.0059890556
b05,365,0,0,0.04705699
b05,366,0,0,0.01953859
b05,367,0,0,0.022797516
b05,368,0,0,0.05996628
b05,369,0,0,0.015741438
b05,370,0,0,0.10963016
b05,371,0,0,0.03379567
b05,372,0,0,0.015616343
b05,373,0,0,0.052855305
b05,374,0,0,0.016922424
b05,375,0,0,0.015863582
b05,376,0,0,0.04444812
b05,377,0,0,0.019497344
b05,378,0,0,0.025254348
b05,379,0,0,0.012807522
b05,380,0,0,0.014215562
b05,381,0,0,0.02129702
b05,382,0,0,0.006911224
b05,383,0,0,0.08299676
b05,384,0,0,0.009105666
b05,385,0,0,0.011229875
b05,386,0,0,0.03343209
b05,387,0,0,0.004726893
b05,388,0,0,0.05170214
b05,389,1,0,0.076945625
b05,390,1,0,0.04302058
b05,391,1,0,0.026407398
b05,392,1,0,0.02877963
b05,393,1,0,0.015578402
b05,394,1,0,0.13279976
b05,395,0,0,0.06374696
b05,396,0,0,0.020029215
b05,397,0,0,0.09495956
b05,398,0,0,0.07313172
b05,399,0,0,0.054377027
b05,400,0,0,0.052828297
b05,401,0,0,0.019103054
b05,402,0,0,0.012800668
b05,403,0,0,0.008309933
b05,404,0,0,0.0077629928
b05,405,1,0,0.0092601525
b05,406,1,0,0.012950665
b05,407,1,0,0.027423447
b05,408,1,0,0.051615648
b05,409,1,0,0.075982325
b05,410,1,0,0.059257973
b05,411,1,0,0.017044295
b05,412,1,0,0.02765391
b05,413,1,0,0.022554053
b05,414,1,0,0.029363628
b05,415,1,0,0.033703435
b05,416,1,0,0.007902662
b05,417,1,0,0.029873515
b05,418,1,0,0.08475808
b05,419,1,0,0.024804827
b05,420,1,0,0.01888562
b05,421,1,0,0.015855394
b05,422,1,0,0.2664223
b05,423,1,0,0.103297904
b05,424,1,0,0.01575671
b05,425,1,0,0.14386925
b05,426,1,0,0.033973765
b05,427,1,0,0.015213627
b05,428,1,0,0.018830989
b05,429,1,0,0.10540305
b05,430,1,0,0.1091966
b05,431,1,0,0.066165455
b05,432,0,0,0.08590867
c01,10,0,0,0.029627673
c01,11,0,0,0.018412054
c01,12,0,0,0.02221517
c01,13,0,0,0.010405805
c01,14,0,0,0.019946864
c01,15,0,0,0.022063993
c01,16,0,0,0.04920182
c01,17,0,0,0.20868525
c01,18,0,0,0.03906004
c01,19,0,0,0.08326671
c01,20,0,0,0.021829031
c01,21,0,0,0.0075904336
c01,22,0,0,0.03366891
c01,23,0,0,0.045864113
c01,24,0,0,0.022975354
c01,25,0,0,0.16695243
c01,26,0,0,0.0195167
c01,27,0,0,0.012779812
c01,28,0,0,0.010301637
c01,29,0,0,0.013114728
c01,30,0,0,0.012039314
c01,31,0,0,0.011803956
c01,32,0,0,0.07948047
c01,33,0,0,0.009404848
c01,34,0,0,0.009141889
c01,35,0,0,0.018055398
c01,36,0,0,0.28497598
c01,37,0,0,0.009286645
c01,38,0,0,0.013196579
c01,39,0,0,0.013178063
c01,40,0,0,0.006833155
c01,41,0,0,0.022443632
c01,42,0,0,0.01999591
c01,43,0,0,0.019132808
c01,44,0,0,0.021003002
c01,45,0,0,0.012114347
c01,46,0,0,0.009770562
c01,47,0,0,0.016878001
c01,48,0,0,0.012572381
c01,49,0,0,0.11667477
c01,50,0,0,0.009826255
c01,51,0,0,0.024157172
c01,52,0,0,0.007917607
c01,53,0,0,0.014607706
c01,54,0,0,0.19725777
c01,55,0,0,0.013650361
c01,56,0,0,0.030748889
c01,57,0,0,0.014668788
c01,58,0,0,0.0071060876
c01,59,0,0,0.015392563
c01,60,0,0,0.009366083
c01,61,0,0,0.006315077
c01,62,0,0,0.008696261
c01,63,0,0,0.008103065
c01,64,0,0,0.005872611
c01,65,0,0,0.0069165244
c01,66,0,0,0.0066680815
c01,67,0,0,0.023162078
c01,68,0,0,0.01370468
c01,69,0,0,0.011587304
c01,70,0,0,0.013431275
c01,71,0,0,0.0067115324
c01,72,0,0,0.017747177
c01,73,0,0,0.018221727
c01,74,0,0,0.011532145
c01,75,0,0,0.011832251
c01,76,0,0,0.00772317
c01,77,0,0,0.0054667224
c01,78,0,0,0.007712397
c01,79,0,0,0.0038815516
c01,80,0,0,0.014090827
c01,81,0,0,0.006995559
c01,82,0,0,0.00673106
c01,83,0,0,0.010031658
c01,84,0,0,0.018196126
c01,85,0,0,0.045269385
c01,86,0,0,0.054912824
c01,87,0,0,0.0063246028
c01,88,0,0,0.00862541
c01,89,0,0,0.009537825
c01,90,0,0,0.004821986
c01,91,0,0,0.003918634
c01,92,0,0,0.0065701166
c01,93,0,0,0.008481906
c01,94,0,0,0.01859851
c01,95,0,0,0.00665954
c01,96,0,0,0.010874601
c01,97,0,0,0.015249181
c01,98,0,0,0.009925729
c01,99,0,0,0.005552876
c01,100,0,0,0.01863216
c01,101,0,0,0.0031832505
c01,102,0,0,0.014560087
c01,103,0,0,0.037867315
c01,104,0,0,0.027745534
c01,105,0,0,0.016043518
c01,106,0,0,0.012025964
c01,107,0,0,0.012507119
c01,108,0,0,0.010412445
c01,109,0,0,0.03520949
c01,110,0,0,0.0038833253
c01,111,0,0,0.01955735
c01,112,0,0,0.009426694
c01,113,0,0,0.023617812
c01,114,0,0,0.02164948
c01,115,0,0,0.017451411
c01,116,0,0,0.014655755
c01,117,0,0,0.005159983
c01,118,0,0,0.0059802197
c01,119,0,0,0.06486269
c01,120,0,0,0.005081146
c01,121,0,0,0.0071880827
c01,122,0,0,0.005340894
c01,123,0,0,0.044757858
c01,124,0,0,0.008702618
c01,125,0,0,0.010758904
c01,126,0,0,0.011239202
c01,127,0,0,0.010326237
c01,128,0,0,0.007686484
c01,129,0,0,0.0077851834
c01,130,0,0,0.0109540485
c01,131,0,0,0.008234311
c01,132,0,0,0.007591971
c01,133,0,0,0.011977835
c01,134,0,0,0.011565446
c01,135,0,0,0.004324766
c01,136,0,0,0.004917417
c01,137,0,0,0.013673648
c01,138,0,0,0.17862006
c01,139,0,0,0.11066301
c01,140,0,0,0.08546855
c01,141,0,0,0.017040716
c01,142,0,0,0.06728029
c01,143,0,0,0.2789326
c01,144,0,0,0.0140049765
c01,145,0,0,0.010530388
c01,146,0,0,0.005859275
c01,147,0,0,0.0061749294
c01,148,0,0,0.0076159504
c01,149,0,0,0.01447486
c01,150,0,0,0.009875486
c01,151,0,0,0.0065111415
c01,152,0,0,0.00854259
c01,153,0,0,0.00948738
c01,154,0,0,0.017743228
c01,155,0,0,0.015803669
c01,156,0,0,0.0084887585
c01,157,0,0,0.03346405
c01,158,0,0,0.06512248
c01,159,0,0,0.004890592
c01,160,0,0,0.009527452
c01,161,0,0,0.021636425
c01,162,0,0,0.010945651
c01,163,0,0,0.015697002
c01,164,0,0,0.030240629
c01,165,0,0,0.0064492174
c01,166,0,0,0.013465127
c01,167,0,0,0.0075252256
c01,168,0,0,0.01246915
c01,169,0,0,0.022657217
c01,170,0,0,0.008030062
c01,171,0,0,0.006213179
c01,172,0,0,0.0075610294
c01,173,0,0,0.012769607
c01,174,0,0,0.007776101
c01,175,0,0,0.004529672
c01,176,0,0,0.011614959
c01,177,0,0,0.0076710307
c01,178,0,0,0.00525456
c01,179,0,0,0.0066693705
c01,180,0,0,0.01481788
c01,181,0,0,0.015510672
c01,182,0,0,0.008149694
c01,183,0,0,0.007356384
c01,184,0,0,0.008600386
c01,185,0,0,0.012698916
c01,186,0,0,0.012918016
c01,187,0,0,0.1026849
c01,188,0,0,0.09946588
c01,189,0,0,0.07524305
c01,190,0,0,0.0072560012
c01,191,0,0,0.006149759
c01,192,0,0,0.047623347
c01,193,0,0,0.012336188
c01,194,0,0,0.061155807
c01,195,0,0,0.010530994
c01,196,0,0,0.017458739
c01,197,0,0,0.009322706
c01,198,0,0,0.00884547
c01,199,0,0,0.015218428
c01,200,0,0,0.013119233
c01,201,0,0,0.014133047
c01,202,0,0,0.027995767
c01,203,0,0,0.040225994
c01,204,0,0,0.01495644
c01,205,0,0,0.10293626
c01,206,0,0,0.013919876
c01,207,0,0,0.010315634
c01,208,0,0,0.009276494
c01,209,0,0,0.012010722
c01,210,0,0,0.010676816
c01,211,0,0,0.012085403
c01,212,0,0,0.04056471
c01,213,0,0,0.0627597
c01,214,0,0,0.008441044
c01,215,0,0,0.009278988
c01,216,0,0,0.010263554
c01,217,0,0,0.023896074
c01,218,0,0,0.00982118
c01,219,0,0,0.08085788
c01,220,0,0,0.012141644
c01,221,0,0,0.009055885
c01,222,0,0,0.014621721
c01,223,0,0,0.0138598215
c01,224,0,0,0.013438189
c01,225,0,0,0.01423197
c01,226,0,0,0.0077908323
c01,227,0,0,0.023461286
c01,228,0,0,0.042829923
c01,229,0,0,0.012812682
c01,230,0,0,0.010439026
c01,231,0,0,0.0135994665
c01,232,0,0,0.022480674
c01,233,0,0,0.009590863
c01,234,0,0,0.03965504
c01,235,0,0,0.017430214
c01,236,0,0,0.006080334
c01,237,0,0,0.030524395
c01,238,0,0,0.10902233
c01,239,0,0,0.01532901
c01,240,0,0,0.02338695
c01,241,0,0,0.016864542
c01,242,0,0,0.0068540853
c01,243,0,0,0.0074334694
c01,244,0,0,0.010654722
c01,245,0,0,0.087996066
c01,246,0,0,0.06736972
c01,247,0,0,0.10834541
c01,248,0,0,0.032551948
c01,249,0,0,0.023132602
c01,250,0,0,0.025075132
c01,251,0,0,0.021598801
c01,252,0,0,0.017446784
c01,253,0,0,0.12996474
c01,254,0,0,0.13149124
c01,255,0,0,0.018960001
c01,256,0,0,0.06262988
c01,257,0,0,0.0226059
c01,258,0,0,0.022311142
c01,259,0,0,0.021031912
c01,260,0,0,0.10812231
c01,261,0,0,0.032323163
c01,262,0,0,0.040381327
c01,263,0,0,0.02941802
c01,264,0,0,0.1886887
c01,265,0,0,0.04260407
c01,266,0,0,0.051358342
c01,267,0,0,0.04140949
c01,268,0,0,0.045284707
c01,269,0,0,0.041769892
c01,270,0,0,0.15880598
c01,271,0,0,0.018946737
c01,272,0,0,0.03069167
c01,273,0,0,0.093114465
c01,274,0,0,0.024440262
c01,275,0,0,0.020722004
c01,276,0,0,0.044884183
c01,277,0,0,0.046483457
c01,278,0,0,0.016577413
c01,279,0,0,0.0642974
c01,280,0,0,0.050561097
c01,281,0,0,0.027578505
c01,282,0,0,0.11083388
c01,283,0,0,0.013713217
c01,284,0,0,0.011855115
c01,285,0,0,0.013249203
c01,286,0,0,0.015719622
c01,287,0,0,0.019063188
c01,288,0,0,0.035994604
c01,289,0,0,0.022783862
c01,290,0,0,0.06818526
c01,291,0,0,0.02226854
c01,292,0,0,0.036439914
c01,293,0,0,0.22007847
c01,294,0,0,0.011663966
c01,295,0,0,0.008952124
c01,296,0,0,0.010233513
c01,297,0,0,0.01469008
c01,298,0,0,0.010202802
c01,299,0,0,0.008285668
c01,300,0,0,0.009808358
c01,301,0,0,0.019887917
c01,302,0,0,0.0191403
c01,303,0,0,0.013904765
c01,304,0,0,0.01984747
c01,305,0,0,0.09276839
c01,306,0,0,0.080820106
c01,307,0,0,0.018685753
c01,308,0,0,0.39464608
c01,309,0,0,0.022759214
c01,310,0,0,0.02649003
c01,311,0,0,0.024214357
c01,312,0,0,0.01312833
c01,313,0,0,0.015611329
c01,314,0,0,0.012817388
c01,315,0,0,0.029354537
c01,316,0,0,0.03064357
c01,317,0,0,0.026455598
c01,318,0,0,0.07236532
c01,319,0,0,0.023219928
c01,320,0,0,0.013613445
c01,321,0,0,0.0065647527
c01,322,0,0,0.007111348
c01,323,0,0,0.020719253
c01,324,0,0,0.013450566
c01,325,0,0,0.008355541
c01,326,0,0,0.02259128
c01,327,0,0,0.015732951
c01,328,0,0,0.018329617
c01,329,0,0,0.01991232
c01,330,0,0,0.0068035345
c01,331,0,0,0.009806761
c01,332,0,0,0.013773168
c01,333,0,0,0.011879796
c01,334,0,0,0.019749962
c01,335,0,0,0.009811073
c01,336,0,0,0.015319584
c01,337,0,0,0.00722958
c01,338,0,0,0.011170618
c01,339,0,0,0.025194395
c01,340,0,0,0.013666127
c01,341,0,0,0.010097752
c01,342,0,0,0.0061767176
c01,343,0,0,0.009845286
c01,344,0,0,0.047993246
c01,345,0,0,0.009864284
c01,346,0,0,0.007614203
c01,347,0,0,0.15878232
c01,348,0,0,0.010793789
c01,349,0,0,0.013926815
c01,350,0,0,0.06216557
c01,351,0,0,0.004154115
c01,352,0,0,0.008016694
c01,353,0,0,0.0050298525
c01,354,0,0,0.005289316
c01,355,0,0,0.00568753
c01,356,0,0,0.014483017
c01,357,0,0,0.005367202
c01,358,0,0,0.040046528
c01,359,0,0,0.042712312
c01,360,0,0,0.0076759686
c01,361,0,0,0.0098346565
c01,362,0,0,0.0136518385
c01,363,0,0,0.01704154
c01,364,0,0,0.009693379
c01,365,0,0,0.036681063
c01,366,0,0,0.0045862254
c01,367,0,0,0.022462618
c01,368,0,0,0.0093497895
c01,369,0,0,0.02455326
c01,370,0,0,0.0066882586
c01,371,0,0,0.037161585
c01,372,0,0,0.0087395245
c01,373,0,0,0.008232091
c01,374,0,0,0.02077673
c01,375,0,0,0.00725877
c01,376,0,0,0.007437495
c01,377,0,0,0.019465424
c01,378,0,0,0.084773764
c01,379,0,0,0.016206391
c01,380,0,0,0.016128141
c01,381,0,0,0.003971872
c01,382,0,0,0.019643748
c01,383,0,0,0.016591778
c01,384,0,0,0.014639477
c01,385,0,0,0.008380425
c01,386,0,0,0.010788425
c01,387,0,0,0.03510132
c01,388,0,0,0.116383605
c01,389,0,0,0.39996883
c01,390,0,0,0.026051397
c01,391,0,0,0.005868303
c01,392,0,0,0.017549634
c01,393,0,0,0.034519065
c01,394,0,0,0.025761181
c01,395,0,0,0.014290261
c01,396,0,0,0.012686092
c01,397,0,0,0.02078744
c01,398,0,0,0.014748557
c01,399,0,0,0.015115423
c01,400,0,0,0.009758749
c01,401,0,0,0.01598446
c01,402,0,0,0.030113772
c01,403,0,0,0.043223765
c01,404,0,0,0.005312487
c01,405,0,0,0.026102636
c01,406,0,0,0.02612114
c01,407,0,0,0.010583977
c01,408,0,0,0.02059196
c01,409,0,0,0.018108414
c01,410,0,0,0.020845363
c01,411,0,0,0.013557583
c01,412,0,0,0.008080545
c01,413,0,0,0.010413562
c01,414,0,0,0.013175353
c01,415,0,0,0.006158771
c01,416,0,0,0.005893021
c01,417,0,0,0.0340876
c01,418,0,0,0.0107938405
c01,419,0,0,0.091419935
c01,420,0,0,0.0076700617
c01,421,0,0,0.017784622
c01,422,0,0,0.028186021
c01,423,0,0,0.24684112
c01,424,0,0,0.012909628
c01,425,0,0,0.013674362
c01,426,0,0,0.0064080064
c01,427,0,0,0.016500141
c01,428,0,0,0.010269984
c01,429,0,0,0.059267808
c01,430,0,0,0.008429777
c01,431,0,0,0.040704098
c01,432,0,0,0.02732543
c01,433,0,0,0.07373504
c01,434,0,0,0.012550119
c01,435,0,0,0.007185735
c01,436,0,0,0.012328399
c01,437,0,0,0.0119763175
c01,438,0,0,0.018580997
c01,439,0,0,0.047848105
c01,440,0,0,0.011201932
c01,441,0,0,0.0065222587
c01,442,0,0,0.014161192
c01,443,0,0,0.012581299
c01,444,0,0,0.018683393
c01,445,0,0,0.017023025
c01,446,0,0,0.027344966
c01,447,0,0,0.08920062
c01,448,0,0,0.0069493577
c01,449,0,0,0.015648775
c01,450,0,0,0.020459078
c01,451,0,0,0.014075851
c01,452,0,0,0.050130162
c01,453,0,0,0.012632666
c01,454,0,0,0.2128075
c01,455,0,0,0.023102922
c01,456,0,0,0.027808638
c01,457,0,0,0.011479133
c01,458,0,0,0.013288922
c01,459,0,0,0.01527171
c01,460,0,0,0.018674241
c01,461,0,0,0.0061675045
c01,462,0,0,0.042891525
c01,463,0,0,0.056565706
c01,464,0,0,0.008589289
c01,465,0,0,0.059900057
c01,466,0,0,0.14792061
c01,467,0,0,0.13880046
c01,468,0,0,0.12634657
c01,469,0,0,0.20030099
c01,470,0,0,0.015508605
c01,471,0,0,0.016526565
c01,472,0,0,0.03499085
c01,473,0,0,0.015236125
c01,474,0,0,0.03702803
c01,475,0,0,0.008496475
c01,476,0,0,0.04496517
c01,477,0,0,0.019716792
c01,478,0,0,0.11140426
c01,479,0,0,0.28360596
c01,480,0,0,0.01333251
c01,481,0,0,0.21755339
c01,482,0,0,0.062914826
c01,483,0,0,0.008542
c02,10,0,0,0.49603936
c02,11,0,0,0.10773102
c02,12,0,0,0.10679589
c02,13,0,0,0.039571967
c02,14,0,0,0.041226614
c02,15,0,0,0.035086885
c02,16,0,0,0.13459487
c02,17,0,0,0.22159502
c02,18,0,0,0.062742785
c02,19,0,0,0.29710647
c02,20,0,0,0.06234863
c02,21,1,0,0.40037668
c02,22,0,0,0.040962316
c02,23,0,0,0.046201527
c02,24,0,0,0.03855447
c02,25,0,0,0.020997003
c02,26,0,0,0.038979392
c02,27,0,0,0.046805374
c02,28,0,0,0.039750498
c02,29,0,0,0.25427747
c02,30,0,1,0.51341677
c02,31,0,0,0.07272026
c02,32,0,0,0.030185541
c02,33,0,0,0.022958169
c02,34,0,0,0.021773573
c02,35,0,0,0.02352773
c02,36,0,0,0.037781067
c02,37,0,0,0.030512363
c02,38,0,0,0.024287103
c02,39,0,0,0.030222412
c02,40,0,0,0.022789408
c02,41,0,0,0.25897592
c02,42,0,0,0.02852613
c02,43,0,0,0.028350214
c02,44,0,0,0.22580542
c02,45,0,0,0.027931934
c02,46,0,0,0.03291927
c02,47,0,0,0.028263383
c02,48,0,0,0.06094773
c02,49,0,0,0.030920416
c02,50,0,0,0.046490055
c02,51,0,0,0.02943131
c02,52,0,0,0.027852109
c02,53,0,0,0.04749999
c02,54,0,0,0.28685465
c02,55,0,0,0.02912524
c02,56,0,0,0.05069164
c02,57,0,0,0.049942
c02,58,0,0,0.017860195
c02,59,0,0,0.043151673
c02,60,0,0,0.038090996
c02,61,0,0,0.24640347
c02,62,0,0,0.027969945
c02,63,0,0,0.022414902
c02,64,0,0,0.024647573
c02,65,0,0,0.019026356
c02,66,0,0,0.02448958
c02,67,0,0,0.031043202
c02,68,0,0,0.020610418
c02,69,0,0,0.029520089
c02,70,0,0,0.028579531
c02,71,0,0,0.025507202
c02,72,0,0,0.044140913
c02,73,0,0,0.032643817
c02,74,0,0,0.02248287
c02,75,0,0,0.027617395
c02,76,0,0,0.036528185
c02,77,0,0,0.025913894
c02,78,0,0,0.04416828
c02,79,0,0,0.0487433
c02,80,0,1,0.8042634
c02,81,0,0,0.05859154
c02,82,0,0,0.03432159
c02,83,0,0,0.032666065
c02,84,0,0,0.022102898
c02,85,0,0,0.031701412
c02,86,0,0,0.024562431
c02,87,0,0,0.018635575
c02,88,0,0,0.020818543
c02,89,0,0,0.18869613
c02,90,0,0,0.021602536
c02,91,0,0,0.017037794
c02,92,0,0,0.037020147
c02,93,0,0,0.037599508
c02,94,0,0,0.015208755
c02,95,0,0,0.021470135
c02,96,0,0,0.019720953
c02,97,0,0,0.022242911
c02,98,0,0,0.0329545
c02,99,0,0,0.021150786
c02,100,0,0,0.01800527
c02,101,0,0,0.022781018
c02,102,0,0,0.017885497
c02,103,0,0,0.017803906
c02,104,0,0,0.020191267
c02,105,0,0,0.02448922
c02,106,0,0,0.022715868
c02,107,0,0,0.020827457
c02,108,0,0,0.019136822
c02,109,0,0,0.02402383
c02,110,0,0,0.021955041
c02,111,0,0,0.019663274
c02,112,0,0,0.016430097
c02,113,0,0,0.022148278
c02,114,0,0,0.019778114
c02,115,0,0,0.017563928
c02,116,0,0,0.025901891
c02,117,0,0,0.039307788
c02,118,0,0,0.022030646
c02,119,0,0,0.021900248
c02,120,0,0,0.01823757
c02,121,0,0,0.01941478
c02,122,0,0,0.01910099
c02,123,0,0,0.030467406
c02,124,0,0,0.024782507
c02,125,0,0,0.02295781
c02,126,0,0,0.021642996
c02,127,0,0,0.021939028
c02,128,0,0,0.020819167
c02,129,0,0,0.021225296
c02,130,0,0,0.026241602
c02,131,0,0,0.022420352
c02,132,0,0,0.07207472
c02,133,0,0,0.02121722
c02,134,0,0,0.01891394
c02,135,0,0,0.034229077
c02,136,0,0,0.1493089
c02,137,0,0,0.08476175
c02,138,0,0,0.040568903
c02,139,0,0,0.03633517
c02,140,0,0,0.039468635
c02,141,0,0,0.041261677
c02,142,0,0,0.027031628
c02,143,0,0,0.036238194
c02,144,0,0,0.02920611
c02,145,0,0,0.06775907
c02,146,0,0,0.03887769
c02,147,0,0,0.032256886
c02,148,0,0,0.030726494
c02,149,0,0,0.029103609
c02,150,0,0,0.043035418
c02,151,0,0,0.03795346
c02,152,0,0,0.11204691
c02,153,0,0,0.47732657
c02,154,0,0,0.19187586
c02,155,0,0,0.040990572
c02,156,0,0,0.03939886
c02,157,0,0,0.031170452
c02,158,0,0,0.03578646
c02,159,0,0,0.037568044
c02,160,0,0,0.049785223
c02,161,0,0,0.024513781
c02,162,0,0,0.027137004
c02,163,0,0,0.037302855
c02,164,0,0,0.03296495
c02,165,0,0,0.046390124
c02,166,0,0,0.027435629
c02,167,0,0,0.040420536
c02,168,0,0,0.028437622
c02,169,0,0,0.030836832
c02,170,0,0,0.027334189
c02,171,0,0,0.030019563
c02,172,0,0,0.05792593
c02,173,0,0,0.037159484
c02,174,0,0,0.028927352
c02,175,0,0,0.028241878
c02,176,0,0,0.029468846
c02,177,0,0,0.061736852
c02,178,0,0,0.043964434
c02,179,0,0,0.05059106
c02,180,0,0,0.03489696
c02,181,0,0,0.03771131
c02,182,0,0,0.023392456
c02,183,0,0,0.04745029
c02,184,0,0,0.02876455
c02,185,0,0,0.031512477
c02,186,0,0,0.04199196
c02,187,0,0,0.027738236
c02,188,0,0,0.19908135
c02,189,0,0,0.45204332
c02,190,0,0,0.12656547
c02,191,0,1,0.5889651
c02,192,0,0,0.051536042
c02,193,0,0,0.053979624
c02,194,0,0,0.05092549
c02,195,0,0,0.08619247
c02,196,0,0,0.059902977
c02,197,0,0,0.039771345
c02,198,0,0,0.057671666
c02,199,0,0,0.047037933
c02,200,0,0,0.049277857
c02,201,0,0,0.16844968
c02,202,0,1,0.6685556
c02,203,0,0,0.28112665
c02,204,0,0,0.2796731
c02,205,0,0,0.10549496
c02,206,0,0,0.04898608
c02,207,0,0,0.06030996
c02,208,0,0,0.061216667
c02,209,0,0,0.037131242
c02,210,0,0,0.033710063
c02,211,0,0,0.043848727
c02,212,0,0,0.024736945
c02,213,0,0,0.029554985
c02,214,0,0,0.08804447
c02,215,0,0,0.039116584
c02,216,0,0,0.11059905
c02,217,0,0,0.030256335
c02,218,0,0,0.03147197
c02,219,0,0,0.046772406
c02,220,0,0,0.040590588
c02,221,0,0,0.08249437
c02,222,0,0,0.048611935
c02,223,0,0,0.06056287
c02,224,0,0,0.027606063
c02,225,0,0,0.0382466
c02,226,0,0,0.15358973
c02,227,0,0,0.039745256
c02,228,0,0,0.24328266
c02,229,0,1,0.5477308
c02,230,0,0,0.051561706
c02,231,0,0,0.043721654
c02,232,0,0,0.07973603
c02,233,0,0,0.090053365
c02,234,0,0,0.060495555
c02,235,0,0,0.046604764
c02,236,0,0,0.29430744
c02,237,0,0,0.044445403
c02,238,0,0,0.042577576
c02,239,0,0,0.021396967
c02,240,0,0,0.031143775
c02,241,0,0,0.023396248
c02,242,0,0,0.018589647
c02,243,0,0,0.020377804
c02,244,0,0,0.025591534
c02,245,0,0,0.023435099
c02,246,0,0,0.03229488
c02,247,0,0,0.018239824
c02,248,0,0,0.027121153
c02,249,0,0,0.031888638
c02,250,0,0,0.022761596
c02,251,0,0,0.030418407
c02,252,0,0,0.02405436
c02,253,0,0,0.029605178
c02,254,0,0,0.03337951
c02,255,0,0,0.024569979
c02,256,0,0,0.03253183
c02,257,0,0,0.028107686
c02,258,0,0,0.025477933
c02,259,0,0,0.030998526
c02,260,0,0,0.038208883
c02,261,0,0,0.028323378
c02,262,0,0,0.023462722
c02,263,0,0,0.024099024
c02,264,0,0,0.029646894
c02,265,0,0,0.027942864
c02,266,0,0,0.027738262
c02,267,0,0,0.044162724
c02,268,0,0,0.020770794
c02,269,0,0,0.050488163
c02,270,0,0,0.044058155
c02,271,0,0,0.030162478
c02,272,0,0,0.029671239
c02,273,0,0,0.048241336
c02,274,0,0,0.030180793
c02,275,0,0,0.02019586
c02,276,0,0,0.05319733
c02,277,0,0,0.025634415
c02,278,0,0,0.02744903
c02,279,0,0,0.027634006
c02,280,0,0,0.02349736
c02,281,0,0,0.026110122
c02,282,0,0,0.030573482
c02,283,0,0,0.02684984
c02,284,0,0,0.045548223
c02,285,0,0,0.023741925
c02,286,0,0,0.03609839
c02,287,0,0,0.118557006
c02,288,0,0,0.2228834
c02,289,0,0,0.09975631
c02,290,0,0,0.35880885
c02,291,0,0,0.11594518
c02,292,0,0,0.064826116
c02,293,0,0,0.028450528
c02,294,0,0,0.05331652
c02,295,0,0,0.018132597
c02,296,0,0,0.023133436
c02,297,0,0,0.017394643
c02,298,0,0,0.026221456
c02,299,0,0,0.03675134
c02,300,0,0,0.06251707
c02,301,0,0,0.06002996
c02,302,0,0,0.07464732
c02,303,0,0,0.08545451
c02,304,0,0,0.048815593
c02,305,0,0,0.13791665
c02,306,0,0,0.030518375
c02,307,0,0,0.030508794
c02,308,0,0,0.042943113
c02,309,0,0,0.027148211
c02,310,0,0,0.034789328
c02,311,0,0,0.08258418
c02,312,0,0,0.028288951
c02,313,0,0,0.04176023
c02,314,0,0,0.024991732
c02,315,0,0,0.037602417
c02,316,0,0,0.024978206
c02,317,0,0,0.027567718
c02,318,0,0,0.022035105
c02,319,0,0,0.02735684
c02,320,0,0,0.027048726
c02,321,0,0,0.027771872
c02,322,0,0,0.02252908
c02,323,0,0,0.023478309
c02,324,0,0,0.032117926
c02,325,0,0,0.020276135
c02,326,0,0,0.029702006
c02,327,0,0,0.026741363
c02,328,0,0,0.04168192
c02,329,0,0,0.028142167
c02,330,0,0,0.02810456
c02,331,0,0,0.022650281
c02,332,0,0,0.08378985
c02,333,0,0,0.03331355
c02,334,0,0,0.045787897
c02,335,0,0,0.03627101
c02,336,0,0,0.022069128
c02,337,0,0,0.029235862
c02,338,0,0,0.022975529
c02,339,0,0,0.0332647
c02,340,0,0,0.029134702
c02,341,0,0,0.022068609
c02,342,0,0,0.021171488
c02,343,0,0,0.030798443
c02,344,0,0,0.02699835
c02,345,0,0,0.12623303
c02,346,0,1,0.6722728
c02,347,0,0,0.22114816
c02,348,0,1,0.6303526
c02,349,0,0,0.14038028
c02,350,0,0,0.03310296
c02,351,0,0,0.02040641
c02,352,0,0,0.031048017
c02,353,0,0,0.020989478
c02,354,0,0,0.029501243
c02,355,0,0,0.028587699
c02,356,0,0,0.040273204
c02,357,0,0,0.02419851
c02,358,0,0,0.036687046
c02,359,0,0,0.026506852
c02,360,0,0,0.019994698
c02,361,0,0,0.05581911
c02,362,0,0,0.02194853
c02,363,0,0,0.037473433
c02,364,0,0,0.020757236
c02,365,0,0,0.05572188
c02,366,0,0,0.12021181
c02,367,0,0,0.19938692
c02,368,0,0,0.046808053
c02,369,0,1,0.56238097
c02,370,0,0,0.021899879
c02,371,0,0,0.021098753
c02,372,0,0,0.033017796
c02,373,0,0,0.41954792
c02,374,0,0,0.20590214
c02,375,0,0,0.038707353
c02,376,0,0,0.0225727
c02,377,0,0,0.08870711
c02,378,0,0,0.08297044
c02,379,0,0,0.09638919
c02,380,0,0,0.039492108
c02,381,0,0,0.065924816
c02,382,0,0,0.035596397
c02,383,0,0,0.0762593
c02,384,0,0,0.046644952
c02,385,0,0,0.04239745
c02,386,0,0,0.13001007
c02,387,0,1,0.5550654
c02,388,0,0,0.03417942
c02,389,0,0,0.033279877
c02,390,0,0,0.057670183
c02,391,0,0,0.13508362
c02,392,0,0,0.018339003
c02,393,0,0,0.037226334
c02,394,0,0,0.09635018
c02,395,0,0,0.08649871
c02,396,0,0,0.34278134
c02,397,0,0,0.07577662
c02,398,0,0,0.028561728
c02,399,0,0,0.048125554
c02,400,0,0,0.027445555
c02,401,0,0,0.048005283
c02,402,0,0,0.028663194
c02,403,0,0,0.031724103
c02,404,0,0,0.037837557
c02,405,0,0,0.032491367
c02,406,0,0,0.06944572
c02,407,0,0,0.020981379
c02,408,0,0,0.027062139
c02,409,0,0,0.05203717
c02,410,0,0,0.021525545
c02,411,0,0,0.034479063
c02,412,0,0,0.036188345
c02,413,0,0,0.058824293
c02,414,0,0,0.04648867
c02,415,0,0,0.048689377
c02,416,0,0,0.04073793
c02,417,0,0,0.025060857
c02,418,0,0,0.05241475
c02,419,0,0,0.044818386
c02,420,0,0,0.042848
c02,421,0,0,0.044663817
c02,422,0,0,0.038018104
c02,423,0,0,0.04030927
c02,424,0,0,0.027063828
c02,425,0,0,0.05253518
c02,426,0,0,0.04624277
c02,427,0,0,0.06474585
c02,428,0,0,0.028053626
c02,429,0,0,0.040449988
c02,430,0,0,0.039577566
c02,431,0,0,0.037835155
c02,432,0,0,0.06050526
c02,433,0,0,0.028000027
c02,434,0,0,0.06964983
c02,435,0,0,0.0330249
c02,436,0,0,0.03789819
c02,437,0,0,0.023271192
c02,438,0,0,0.03363716
c02,439,0,0,0.031129403
c02,440,0,0,0.030964445
c02,441,0,0,0.0584865
c02,442,0,0,0.044892475
c02,443,0,1,0.5419414
c02,444,0,0,0.04246081
c02,445,0,0,0.2730073
c02,446,0,1,0.7751246
c02,447,0,0,0.112540744
c02,448,0,0,0.23047921
c02,449,0,0,0.023330335
c02,450,0,0,0.13809603
c02,451,0,1,0.57881874
c02,452,0,0,0.015600797
c02,453,0,0,0.03414531
c02,454,0,0,0.042282518
c02,455,0,0,0.019854302
c02,456,0,0,0.15151702
c02,457,0,0,0.033365004
c02,458,0,0,0.02735051
c02,459,0,0,0.0393371
c02,460,0,0,0.026307175
c02,461,0,0,0.032173418
c02,462,0,0,0.023657462
c02,463,0,0,0.01954187
c02,464,0,0,0.021064853
c02,465,0,0,0.022830289
c02,466,0,0,0.021931382
c02,467,0,0,0.041210372
c02,468,0,0,0.031550873
c02,469,0,0,0.040881507
c02,470,0,0,0.020401724
c02,471,0,0,0.028441316
c02,472,0,0,0.045149457
c02,473,0,0,0.03038132
c02,474,0,0,0.055195857
c02,475,0,0,0.018373922
c02,476,0,0,0.030383468
c02,477,0,0,0.028648302
c02,478,0,0,0.04201537
c02,479,0,0,0.041675285
c02,480,0,0,0.024537396
c02,481,0,0,0.031015662
c02,482,0,0,0.025641847
c02,483,0,0,0.077725634
c02,484,0,0,0.06670005
c02,485,0,0,0.38385785
c02,486,0,0,0.31956306
c02,487,0,0,0.46919942
c02,488,0,0,0.049334794
c02,489,0,0,0.33371922
c02,490,0,0,0.08762459
c02,491,0,0,0.07420878
c02,492,0,0,0.08891742
c02,493,0,0,0.04786801
c02,494,0,0,0.2627781
c02,495,0,0,0.09427609
c02,496,0,0,0.032579374
c02,497,0,0,0.040002663
c02,498,0,0,0.029234786
c02,499,0,0,0.024962712
c02,500,0,0,0.04840321
c02,501,0,0,0.03385029
c03,1,0,0,0.011425791
c03,2,0,0,0.056986697
c03,3,0,0,0.0042725694
c03,4,0,0,0.0068989946
c03,5,0,0,0.014156712
c03,6,0,0,0.049705204
c03,7,0,0,0.020458777
c03,8,0,0,0.005009595
c03,9,0,0,0.003981336
c03,10,0,0,0.038362823
c03,11,0,0,0.011833367
c03,12,0,0,0.006982742
c03,13,0,0,0.007488069
c03,14,0,0,0.0075439564
c03,15,0,0,0.008935889
c03,16,0,0,0.009507359
c03,17,0,0,0.008859246
c03,18,0,0,0.092637025
c03,19,0,0,0.0060918974
c03,20,0,0,0.008853491
c03,21,0,0,0.0071043083
c03,22,0,0,0.026210353
c03,23,0,0,0.006255421
c03,24,0,0,0.0060718595
c03,25,0,0,0.01443234
c03,26,0,0,0.089662164
c03,27,0,0,0.02918827
c03,28,0,0,0.010650611
c03,29,0,0,0.024775442
c03,30,0,0,0.008705009
c03,31,0,0,0.02450409
c03,32,0,0,0.013725941
c03,33,0,0,0.010728505
c03,34,0,0,0.062459413
c03,35,0,0,0.05328539
c03,36,0,0,0.024465617
c03,37,0,0,0.0066179
c03,38,0,0,0.008742673
c03,39,0,0,0.0052011777
c03,40,0,0,0.012895648
c03,41,0,0,0.011424822
c03,42,0,0,0.008090278
c03,43,0,0,0.007163426
c03,44,0,0,0.018338837
c03,45,0,0,0.008204907
c03,46,0,0,0.020256035
c03,47,0,0,0.011338546
c03,48,0,0,0.017808734
c03,49,0,0,0.00877601
c03,50,0,0,0.007655199
c03,51,0,0,0.0137202665
c03,52,0,0,0.007076552
c03,53,0,0,0.007822222
c03,54,0,0,0.024178606
c03,55,0,0,0.008505772
c03,56,0,0,0.15386654
c03,57,0,0,0.008581173
c03,58,0,0,0.0071775108
c03,59,0,0,0.0074455068
c03,60,0,0,0.01282384
c03,61,0,0,0.0064000175
c03,62,0,0,0.007582715
c03,63,0,0,0.009684397
c03,64,0,0,0.0066274395
c03,65,0,0,0.0070589404
c03,66,0,0,0.008745612
c03,67,0,0,0.009004421
c03,68,0,0,0.0074179173
c03,69,0,0,0.007880489
c03,70,0,0,0.009949868
c03,71,0,0,0.007974641
c03,72,0,0,0.012034578
c03,73,0,0,0.0066930344
c03,74,0,0,0.0060770903
c03,75,0,0,0.012421334
c03,76,0,0,0.006177739
c03,77,0,0,0.027333632
c03,78,0,0,0.0056180353
c03,79,0,0,0.014347236
c03,80,0,0,0.029488347
c03,81,0,0,0.009328128
c03,82,0,0,0.007928927
c03,83,0,0,0.044612005
c03,84,0,0,0.0784702
c03,85,0,0,0.0641831
c03,86,0,0,0.0154062575
c03,87,0,0,0.11542139
c03,88,0,0,0.06858908
c03,89,0,0,0.1218728
c03,90,0,0,0.019539798
c03,91,0,0,0.0140912905
c03,92,0,0,0.018852603
c03,93,0,0,0.045247387
c03,94,0,0,0.007409941
c03,95,0,0,0.014646351
c03,96,0,0,0.05514808
c03,97,0,0,0.052837286
c03,98,0,0,0.014816141
c03,99,0,0,0.0072271917
c03,100,0,0,0.020037556
c03,101,0,0,0.002667103
c03,102,0,0,0.011294387
c03,103,0,0,0.008867197
c03,104,0,0,0.12806556
c03,105,0,0,0.14403096
c03,106,0,0,0.024489813
c03,107,0,0,0.032191664
c03,108,0,0,0.038283393
c03,109,0,0,0.0033658126
c03,110,0,0,0.003897721
c03,111,0,0,0.009731086
c03,112,0,0,0.017319748
c03,113,0,0,0.0045199064
c03,114,0,0,0.009651785
c03,115,0,0,0.010106207
c03,116,0,0,0.0073730247
c03,117,0,0,0.0049060783
c03,118,0,0,0.005741856
c03,119,0,0,0.009024172
c03,120,0,0,0.020539857
c03,121,0,0,0.008282581
c03,122,0,0,0.0068347603
c03,123,0,0,0.005629104
c03,124,0,0,0.0047102207
c03,125,0,0,0.009647306
c03,126,0,0,0.005893133
c03,127,0,0,0.035236448
c03,128,0,0,0.028722638
c03,129,0,0,0.0061993296
c03,130,0,0,0.0106727015
c03,131,0,0,0.007376596
c03,132,0,0,0.0075600813
c03,133,0,0,0.014727666
c03,134,0,0,0.008007141
c03,135,0,0,0.0056118695
c03,136,0,0,0.07403961
c03,137,0,0,0.026359258
c03,138,0,0,0.17938758
c03,139,0,0,0.006675198
c03,140,0,0,0.026603984
c03,141,0,0,0.049188893
c03,142,0,0,0.060388498
c03,143,0,0,0.0055470676
c03,144,0,0,0.0067594056
c03,145,0,0,0.0056185764
c03,146,0,0,0.007785533
c03,147,0,0,0.009228399
c03,148,0,0,0.011654433
c03,149,0,0,0.021525102
c03,150,0,0,0.013054605
c03,151,0,0,0.026517794
c03,152,0,0,0.006528122
c03,153,0,0,0.010008505
c03,154,0,0,0.007924259
c03,155,0,0,0.010581307
c03,156,0,0,0.051718507
c03,157,0,0,0.047955588
c03,158,0,0,0.0680937
c03,159,0,0,0.009402823
c03,160,0,0,0.004162924
c03,161,0,0,0.10860796
c03,162,0,0,0.00873463
c03,163,0,0,0.070684716
c03,164,0,0,0.0067777266
c03,165,0,0,0.008777155
c03,166,0,0,0.00740776
c03,167,0,0,0.006681755
c03,168,0,0,0.0027240368
c03,169,0,0,0.0033208192
c03,170,0,0,0.017374141
c03,171,0,0,0.0049950154
c03,172,0,0,0.14939547
c03,173,0,0,0.011192566
c03,174,0,0,0.035107393
c03,175,0,0,0.013419401
c03,176,0,0,0.05493229
c03,177,0,0,0.0043549947
c03,178,0,0,0.017378686
c03,179,0,0,0.1055901
c03,180,0,0,0.118147016
c03,181,0,0,0.077330224
c03,182,0,0,0.0051642754
c03,183,0,0,0.00642001
c03,184,0,0,0.007114396
c03,185,0,0,0.00481054
c03,186,0,0,0.0040967083
c03,187,0,0,0.0024951857
c03,188,0,0,0.017796703
c03,189,0,0,0.1258029
c03,190,0,0,0.037269596
c03,191,0,0,0.03652796
c03,192,0,0,0.026473306
c03,193,0,0,0.021122174
c03,194,0,0,0.0061747716
c03,195,0,0,0.0040076487
c03,196,0,0,0.061320003
c03,197,0,0,0.028286746
c03,198,0,0,0.04235108
c03,199,0,0,0.0059875883
c03,200,0,0,0.060465444
c03,201,0,0,0.01910084
c03,202,0,0,0.012448562
c03,203,0,0,0.0130703235
c03,204,0,0,0.0072619077
c03,205,0,0,0.015537367
c03,206,0,0,0.0049492912
c03,207,0,0,0.0060636
c03,208,0,0,0.004715273
c03,209,0,0,0.008585465
c03,210,0,0,0.015574622
c03,211,0,0,0.0082099885
c03,212,0,0,0.012722026
c03,213,0,0,0.010357731
c03,214,0,0,0.0064027472
c03,215,0,0,0.01992665
c03,216,0,0,0.006386502
c03,217,0,0,0.00535877
c03,218,0,0,0.013399151
c03,219,0,0,0.011999524
c03,220,0,0,0.01631243
c03,221,0,0,0.020680668
c03,222,0,0,0.00831872
c03,223,0,0,0.010860987
c03,224,0,0,0.010466108
c03,225,0,0,0.005822882
c03,226,0,0,0.005684799
c03,227,0,0,0.010488558
c03,228,0,0,0.010107094
c03,229,0,0,0.0071783126
c03,230,0,0,0.007578453
c03,231,0,0,0.009854485
c03,232,0,0,0.01957392
c03,233,0,0,0.0056717875
c03,234,0,0,0.0102689415
c03,235,0,0,0.007866466
c03,236,0,0,0.0067242975
c03,237,0,0,0.006660518
c03,238,0,0,0.012097826
c03,239,0,0,0.023304919
c03,240,0,0,0.0055248537
c03,241,0,0,0.008078779
c03,242,0,0,0.010185755
c03,243,0,0,0.009433651
c03,244,0,0,0.00961772
c03,245,0,0,0.0050862897
c03,246,0,0,0.3908359
c03,247,0,0,0.11121166
c03,248,0,0,0.0334391
c03,249,0,0,0.026403189
c03,250,0,0,0.04314382
c03,251,0,0,0.09816403
c03,252,0,0,0.119407825
c03,253,0,0,0.06069414
c03,254,0,0,0.19123027
c03,255,0,0,0.014639877
c03,256,0,0,0.029634932
c03,257,0,0,0.017493438
c03,258,0,0,0.029527085
c03,259,0,0,0.11868403
c03,260,0,0,0.025996266
c03,261,0,0,0.04031903
c03,262,0,0,0.17725997
c03,263,0,0,0.009539654
c03,264,0,0,0.026890872
c03,265,0,0,0.013930967
c03,266,0,0,0.30119637
c03,267,0,0,0.05636071
c03,268,0,0,0.08866669
c03,269,0,0,0.0056485897
c03,270,0,0,0.006836651
c03,271,0,0,0.008945481
c03,272,0,0,0.014883863
c03,273,0,0,0.046528254
c03,274,0,0,0.010996278
c03,275,0,0,0.020195248
c03,276,0,0,0.006985083
c03,277,0,0,0.12197226
c03,278,0,0,0.009125883
c03,279,0,0,0.024179844
c03,280,0,0,0.043433495
c03,281,0,0,0.041324113
c03,282,0,0,0.08915932
c03,283,0,0,0.008662929
c03,284,0,0,0.005192478
c03,285,0,0,0.024913639
c03,286,0,0,0.060998447
c03,287,0,0,0.35899842
c03,288,0,0,0.021726983
c03,289,0,0,0.0068352264
c03,290,0,0,0.010134735
c03,291,0,0,0.019672597
c03,292,0,0,0.006802559
c03,293,0,0,0.008908078
c03,294,0,0,0.062862776
c03,295,0,0,0.043167327
c03,296,0,0,0.013769219
c03,297,0,0,0.016506897
c03,298,0,0,0.03417775
c03,299,0,0,0.009850006
c03,300,0,0,0.029836174
c03,301,0,0,0.0051420205
c03,302,0,0,0.022044906
c03,303,0,0,0.03532247
c03,304,0,0,0.004493435
c03,305,0,0,0.061008766
c03,306,0,0,0.013950685
c03,307,0,0,0.0045023873
c03,308,0,0,0.0051238285
c03,309,0,0,0.009030425
c03,310,0,0,0.007542624
c03,311,0,0,0.009568175
c03,312,0,0,0.0061805826
c03,313,0,0,0.035064314
c03,314,0,0,0.007774509
c03,315,0,0,0.004041648
c03,316,0,0,0.011502015
c03,317,0,0,0.008554128
c03,318,0,0,0.015186603
c03,319,0,0,0.016223095
c03,320,0,0,0.006304762
c03,321,0,0,0.0043822117
c03,322,0,0,0.007828889
c03,323,0,0,0.009270803
c03,324,0,0,0.003872173
c03,325,0,0,0.009692622
c03,326,0,0,0.02200612
c03,327,0,0,0.00365483
c03,328,0,0,0.009584955
c03,329,0,0,0.01800877
c03,330,0,0,0.00873791
c03,331,0,0,0.010857489
c03,332,0,0,0.028578259
c03,333,0,0,0.0071150023
c03,334,0,0,0.012149368
c03,335,0,0,0.32076767
c03,336,0,0,0.15156294
c03,337,0,0,0.0058491426
c03,338,0,0,0.028652843
c03,339,0,0,0.008913738
c03,340,0,0,0.054633588
c03,341,0,0,0.01049016
c03,342,0,0,0.09670381
c03,343,0,0,0.005211454
c03,344,0,0,0.010994334
c03,345,0,0,0.0042570927
c03,346,0,0,0.011397066
c03,347,0,0,0.014099077
c03,348,0,0,0.10034294
c03,349,0,0,0.010384849
c03,350,0,0,0.0070879934
c03,351,0,0,0.011234672
c03,352,0,0,0.024870183
c03,353,0,0,0.009039442
c03,354,0,0,0.3326078
c03,355,0,0,0.008472363
c03,356,0,0,0.035049386
c03,357,0,0,0.057991616
c03,358,0,0,0.044951312
c03,359,0,0,0.08758144
c03,360,0,0,0.08986544
c03,361,0,0,0.012186795
c03,362,0,0,0.0031460107
c03,363,0,0,0.0032819612
c03,364,0,0,0.0028791896
c03,365,0,0,0.003457075
c03,366,0,0,0.0045005353
c03,367,0,0,0.011228044
c03,368,0,0,0.012907811
c03,369,0,0,0.116658546
c03,370,0,0,0.06368988
c03,371,0,0,0.015623175
c03,372,0,0,0.013831291
c03,373,0,0,0.0203449
c03,374,0,0,0.0065236585
c03,375,0,0,0.016413037
c03,376,0,0,0.0112872915
c03,377,0,0,0.021936046
c03,378,0,0,0.2809732
c03,379,0,0,0.014917753
c03,380,0,0,0.009053339
c03,381,0,0,0.024089096
c03,382,0,0,0.011567894
c03,383,0,0,0.008421243
c03,384,0,0,0.008244375
c03,385,0,0,0.004455534
c03,386,0,0,0.016335906
c03,387,0,0,0.012763068
c03,388,0,0,0.011621299
c03,389,0,0,0.024781145
c03,390,0,0,0.005985942
c03,391,0,0,0.013410174
c03,392,0,0,0.024025027
c03,393,0,0,0.0073443903
c03,394,0,0,0.012078682
c03,395,0,0,0.022118326
c03,396,0,0,0.014639801
c03,397,0,0,0.016316462
c03,398,0,0,0.007472984
c03,399,0,0,0.027985957
c03,400,0,0,0.022293024
c03,401,0,0,0.010460267
c03,402,0,0,0.01009659
c03,403,0,0,0.15832295
c03,404,0,0,0.008629916
c03,405,0,0,0.03633454
c03,406,0,0,0.056685857
c03,407,0,0,0.030116128
c03,408,0,0,0.008442932
c03,409,0,0,0.011157553
c03,410,0,0,0.010919911
c03,411,0,0,0.011774042
c03,412,0,0,0.009556433
c03,413,0,0,0.017145166
c03,414,0,0,0.005188738
c03,415,0,0,0.024161708
c03,416,0,0,0.014313969
c03,417,0,0,0.013192363
c03,418,0,0,0.0086051235
c03,419,0,0,0.013715958
c03,420,0,0,0.005970578
c03,421,0,0,0.0542664
c03,422,0,0,0.08088394
c03,423,0,0,0.07829802
c03,424,0,0,0.08141368
c03,425,0,0,0.025386259
c03,426,0,0,0.012113206
c03,427,0,0,0.034160078
c03,428,0,0,0.025816679
c03,429,0,0,0.0143990815
c03,430,0,0,0.016572626
c03,431,0,0,0.0157342
c03,432,0,0,0.010587243
c03,433,0,0,0.025289755
c03,434,0,0,0.02429674
c03,435,0,0,0.010956229
c03,436,0,0,0.029956698
c03,437,0,0,0.0034507758
c03,438,0,0,0.026397025
c03,439,0,0,0.0066128173
c03,440,0,0,0.006317678
c03,441,0,0,0.333681
c03,442,0,0,0.29879263
c03,443,0,0,0.30033123
c03,444,0,0,0.017665196
c03,445,0,0,0.072251745
c03,446,0,0,0.11347524
c03,447,0,0,0.009463781
c03,448,0,0,0.020516938
c03,449,0,0,0.049221188
c03,450,0,0,0.0071963253
c03,451,0,0,0.32335666
c03,452,0,0,0.011695749
c03,453,0,1,0.6534901
c04,14,0,0,0.15144047
c04,19,0,0,0.050450183
c04,20,0,0,0.016849091
c04,21,0,0,0.02008725
c04,22,0,0,0.026472304
c04,23,0,0,0.0033276188
c04,24,0,0,0.012095496
c04,25,0,0,0.10520757
c04,26,0,0,0.030394353
c04,27,0,0,0.018122667
c04,28,0,0,0.02304724
c04,29,0,0,0.016441105
c04,30,0,0,0.016864114
c04,31,0,0,0.006502865
c04,32,0,0,0.012233177
c04,33,0,0,0.004742154
c04,34,0,0,0.01350424
c04,35,0,0,0.0032425728
c04,36,0,0,0.0042923735
c04,37,0,0,0.017851774
c04,38,0,0,0.010090024
c04,39,0,0,0.011143473
c04,40,0,0,0.0057073166
c04,41,0,0,0.027135186
c04,42,0,0,0.042274766
c04,43,0,0,0.011884264
c04,44,0,0,0.0052723335
c04,45,0,0,0.008407605
c04,46,0,0,0.004850061
c04,47,0,0,0.0058084326
c04,48,0,0,0.007212061
c04,49,0,0,0.006414698
c04,50,0,0,0.004370857
c04,51,0,0,0.0076253833
c04,52,0,0,0.03444286
c04,53,0,0,0.053520247
c04,54,0,0,0.011986506
c04,55,0,0,0.023248626
c04,56,0,0,0.007908088
c04,57,0,0,0.014097573
c04,58,0,0,0.007494316
c04,59,0,0,0.029797845
c04,60,0,0,0.026128875
c04,61,0,0,0.0034285856
c04,62,0,0,0.029450117
c04,63,0,0,0.012899273
c04,64,0,0,0.005556772
c04,65,0,0,0.017866159
c04,66,0,0,0.015865197
c04,67,0,0,0.029315365
c04,68,0,0,0.0053531765
c04,69,0,0,0.011004289
c04,70,0,0,0.0028129886
c04,71,0,0,0.022569958
c04,72,0,0,0.0058257096
c04,73,0,0,0.008630365
c04,74,0,0,0.0019738127
c04,75,0,0,0.041517626
c04,76,0,0,0.036551185
c04,77,0,0,0.005406967
c04,78,0,0,0.04618369
c04,79,0,0,0.015522321
c04,80,0,0,0.0028193197
c04,81,0,0,0.020259848
c04,82,0,0,0.038793482
c04,83,0,0,0.004426806
c04,84,0,0,0.003539046
c04,85,0,0,0.015233113
c04,86,0,0,0.006439927
c04,87,0,0,0.004301785
c04,88,0,0,0.016367743
c04,89,0,0,0.010113484
c04,90,0,0,0.0035430389
c04,91,0,0,0.004430912
c04,92,0,0,0.004882782
c04,93,0,0,0.007105431
c04,94,0,0,0.013891989
c04,95,0,0,0.0044731847
c04,96,0,0,0.0063275574
c04,97,0,0,0.0035604818
c04,98,0,0,0.014982821
c04,99,0,0,0.013143975
c04,100,0,0,0.005109013
c04,101,0,0,0.0024271058
c04,102,0,0,0.106565505
c04,103,0,0,0.0036648156
c04,104,0,0,0.003975233
c04,105,0,0,0.0059274267
c04,106,0,0,0.00332753
c04,107,0,0,0.004530234
c04,108,0,0,0.008536139
c04,109,0,0,0.0030216535
c04,110,0,0,0.00252529
c04,111,0,0,0.00619267
c04,112,0,0,0.0039763716
c04,113,0,0,0.0019663526
c04,114,0,0,0.0061065764
c04,115,0,0,0.0036967867
c04,116,0,0,0.0025493102
c04,117,0,0,0.0070147472
c04,118,0,0,0.004819353
c04,119,0,0,0.002722563
c04,120,0,0,0.004037627
c04,121,0,0,0.036265787
c04,122,0,0,0.0470106
c04,123,0,0,0.0046981582
c04,124,0,0,0.003534119
c04,125,0,0,0.009868849
c04,126,0,0,0.0033974966
c04,127,0,0,0.01363579
c04,128,0,0,0.015609213
c04,129,0,0,0.006059854
c04,130,0,0,0.0028833735
c04,131,0,0,0.0041750986
c04,132,0,0,0.011988732
c04,133,0,0,0.008598487
c04,134,0,0,0.009164191
c04,135,0,0,0.0038509474
c04,136,0,0,0.03728552
c04,137,0,0,0.005332342
c04,138,0,0,0.009524752
c04,139,0,0,0.0060603507
c04,140,0,0,0.010417802
c04,141,0,0,0.008212823
c04,142,0,0,0.005667234
c04,143,0,0,0.003956619
c04,144,0,0,0.0049601574
c04,145,0,0,0.006902926
c04,146,0,0,0.0040526018
c04,147,0,0,0.004058867
c04,148,0,0,0.0046526007
c04,149,0,0,0.005207517
c04,150,0,0,0.0048020715
c04,151,0,0,0.013438802
c04,152,0,0,0.01386529
c04,153,0,0,0.019688651
c04,154,0,0,0.04150285
c04,155,0,0,0.0023512894
c04,156,0,0,0.0036170804
c04,157,0,0,0.002584674
c04,158,0,0,0.002835048
c04,159,0,0,0.0037338077
c04,160,0,0,0.0031370062
c04,161,0,0,0.002940459
c04,162,0,0,0.0037180665
c04,163,0,0,0.0015931757
c04,164,0,0,0.0021066454
c04,165,0,0,0.13294972
c04,166,0,0,0.0042033354
c04,167,0,0,0.0030913064
c04,168,0,0,0.0065179616
c04,169,0,0,0.0039020514
c04,170,0,0,0.0029165917
c04,171,0,0,0.0061685303
c04,172,0,0,0.0016968998
c04,173,0,0,0.0036340903
c04,174,0,0,0.002125571
c04,175,0,0,0.0023943777
c04,176,0,0,0.0018256084
c04,177,0,0,0.0018137583
c04,178,0,0,0.002041552
c04,179,0,0,0.006664889
c04,180,0,0,0.001868062
c04,181,0,0,0.0024051208
c04,182,0,0,0.13902907
c04,183,0,0,0.0025997458
c04,184,0,0,0.0016648354
c04,185,0,0,0.005725312
c04,186,0,0,0.0017092924
c04,187,0,0,0.0033899413
c04,188,0,0,0.0035366658
c04,189,0,0,0.004340599
c04,190,0,0,0.0035112847
c04,191,0,0,0.0030987703
c04,192,0,0,0.0021275866
c04,193,0,0,0.0032560288
c04,194,0,0,0.0024462673
c04,195,0,0,0.048715338
c04,196,0,0,0.0029334102
c04,197,0,0,0.0018986234
c04,198,0,0,0.001824606
c04,199,0,0,0.004406836
c04,200,0,0,0.006808328
c04,201,0,0,0.0015555664
c04,202,0,0,0.006119277
c04,203,0,0,0.0013628495
c04,204,0,0,0.007387179
c04,205,0,0,0.0022594011
c04,206,0,0,0.002377696
c04,207,0,0,0.0031180885
c04,208,0,0,0.0035164522
c04,209,0,0,0.0028388815
c04,210,0,0,0.0013691265
c04,211,0,0,0.0021783311
c04,212,0,0,0.0053592836
c04,213,0,0,0.0014804531
c04,214,0,0,0.0020713028
c04,215,0,0,0.0044632033
c04,216,0,0,0.0017598053
c04,217,0,0,0.002384785
c04,218,0,0,0.0033675628
c04,219,0,0,0.0019543644
c04,220,0,0,0.0016551455
c04,221,0,0,0.0045874184
c04,222,0,0,0.00502844
c04,223,0,0,0.0038349384
c04,224,0,0,0.0052324566
c04,225,0,0,0.013110353
c04,226,0,0,0.012560465
c04,227,0,0,0.0045773285
c04,228,0,0,0.0062289117
c04,229,0,0,0.003701528
c04,230,0,0,0.003152909
c04,231,0,0,0.002147644
c04,232,0,0,0.008285241
c04,233,0,0,0.0039496105
c04,234,0,0,0.0043717264
c04,235,0,0,0.003865346
c04,236,0,0,0.0050552906
c04,237,0,0,0.008316985
c04,238,0,0,0.012821014
c04,239,0,0,0.029188905
c04,240,0,0,0.006307191
c04,241,0,0,0.0035332749
c04,242,0,0,0.012411547
c04,243,0,0,0.0050831805
c04,244,0,0,0.0073733567
c04,245,0,0,0.011275102
c04,246,0,0,0.005398775
c04,247,0,0,0.0066992478
c04,248,0,0,0.007395509
c04,249,0,0,0.013024915
c04,250,0,0,0.006689054
c04,251,0,0,0.006041563
c04,252,0,0,0.0068859034
c04,253,0,0,0.0068079927
c04,254,0,0,0.008643381
c04,255,0,0,0.012573193
c04,256,0,0,0.0052197916
c04,257,0,0,0.005171927
c04,258,0,0,0.0095141195
c04,259,0,0,0.050398137
c04,260,0,0,0.017445607
c04,261,0,0,0.030831577
c04,262,0,0,0.01216217
c04,263,0,0,0.0072991042
c04,264,0,0,0.014846566
c04,265,0,0,0.01089172
c04,266,0,0,0.007465486
c04,267,0,0,0.013904955
c04,268,0,0,0.016706748
c04,269,0,0,0.012293043
c04,270,0,0,0.00974183
c04,271,0,0,0.023937795
c04,272,0,0,0.008444864
c04,273,0,0,0.0105438065
c04,274,0,0,0.0074265306
c04,275,0,0,0.25318825
c04,276,0,0,0.010024397
c04,277,0,0,0.04098973
c04,278,0,0,0.0113657
c04,279,0,0,0.011018413
c04,280,0,0,0.010657211
c04,281,0,0,0.010619174
c04,282,0,0,0.0072693136
c04,283,0,0,0.0076970058
c04,284,0,0,0.01056979
c04,285,0,0,0.01724795
c04,286,0,0,0.04526798
c04,287,0,0,0.061669797
c04,288,0,0,0.039162017
c04,289,0,0,0.0085964715
c04,290,0,0,0.0069872197
c04,291,0,0,0.008875902
c04,292,0,0,0.008094534
c04,293,0,0,0.01080869
c04,294,0,0,0.008127003
c04,295,0,0,0.009735553
c04,296,0,0,0.0077040377
c04,297,0,0,0.013500931
c04,298,0,0,0.009373328
c04,299,0,0,0.007940289
c04,300,0,0,0.011338332
c04,301,0,0,0.009658829
c04,302,0,0,0.0072109075
c04,303,0,0,0.007388494
c04,304,0,0,0.014725107
c04,305,0,0,0.0076598446
c04,306,0,0,0.009688779
c04,307,0,0,0.0083822245
c04,308,0,0,0.033416368
c04,309,0,0,0.0033457389
c04,310,0,0,0.007992205
c04,311,0,0,0.033745833
c04,312,0,0,0.0111097945
c04,313,0,0,0.008024179
c04,314,0,0,0.0055948067
c04,315,0,0,0.0042385855
c04,316,0,0,0.009284266
c04,317,0,0,0.003924924
c04,318,0,0,0.0036096175
c04,319,0,0,0.0052007954
c04,320,0,0,0.006085976
c04,321,0,0,0.0051716524
c04,322,0,0,0.043632098
c04,323,0,0,0.030749062
c04,324,0,0,0.006372462
c04,325,0,0,0.0027642117
c04,326,0,0,0.0038998744
c04,327,0,0,0.009255989
c04,328,0,0,0.0046945987
c04,329,0,0,0.008889322
c04,330,0,0,0.0042962944
c04,331,0,0,0.0041115964
c04,332,0,0,0.0019975994
c04,333,0,0,0.0029782744
c04,334,0,0,0.006349912
c04,335,0,0,0.010960316
c04,336,0,0,0.05449921
c04,337,0,0,0.00286935
c04,338,0,0,0.0041932343
c04,339,0,0,0.0036693278
c04,340,0,0,0.06756054
c04,341,0,0,0.011972639
c04,342,0,0,0.05335414
c04,343,0,0,0.0067556743
c04,344,0,0,0.003025701
c04,345,0,0,0.0072279344
c04,346,0,0,0.003649916
c04,347,0,0,0.004046503
c04,348,0,0,0.005243968
c04,349,0,0,0.08383162
c04,350,0,0,0.008579027
c04,351,0,0,0.019769251
c04,352,0,0,0.020249052
c04,353,0,0,0.0027816456
c04,354,0,0,0.0039707343
c04,355,0,0,0.003339082
c04,356,0,0,0.007335344
c04,357,0,0,0.028230835
c04,358,0,0,0.0024436228
c04,359,0,0,0.0027071005
c04,360,0,0,0.0041038054
c04,361,0,0,0.0053307335
c04,362,0,0,0.002945668
c04,363,0,0,0.0021110424
c04,364,0,0,0.0071943565
c04,365,0,0,0.019885486
c04,366,0,0,0.04460792
c04,367,0,0,0.005237937
c04,368,0,0,0.0034185445
c04,369,0,0,0.004419601
c04,370,0,0,0.0063798004
c04,371,0,0,0.011504548
c04,372,0,0,0.0128939785
c04,373,0,0,0.014803297
c04,374,0,0,0.01769307
c04,375,0,0,0.021592328
c04,376,0,0,0.0039851214
c04,377,0,0,0.024458405
c04,378,0,0,0.020833515
c04,379,0,0,0.009881792
c04,380,0,0,0.0027219895
c04,381,0,0,0.0043757316
c04,382,0,0,0.010147075
c04,383,0,0,0.0037577853
c04,384,0,0,0.0062736766
c04,385,0,0,0.011294047
c04,386,0,0,0.0043550404
c04,387,0,0,0.006113338
c04,388,0,0,0.050755054
c04,389,0,0,0.0046885554
c04,390,0,0,0.010910661
c04,391,0,0,0.0056998804
c04,392,0,0,0.020698532
c04,393,0,0,0.0042709773
c04,394,0,0,0.0071022874
c04,395,0,0,0.004821901
c04,396,0,0,0.0047417083
c04,397,0,0,0.0051240865
c04,398,0,0,0.0027623326
c04,399,0,0,0.0028117823
c04,400,0,0,0.0037166288
c04,401,0,0,0.0741218
c04,402,0,0,0.006973213
c04,403,0,0,0.0042961193
c04,404,0,0,0.011042747
c04,405,0,0,0.007450322
c04,406,0,0,0.0062569864
c04,407,0,0,0.0026358124
c04,408,0,0,0.0035596613
c04,409,0,0,0.004516625
c04,410,0,0,0.0052117705
c04,411,0,0,0.004527531
c04,412,0,0,0.0032475777
c04,413,0,0,0.0059733097
c04,414,0,0,0.0031557127
c04,415,0,0,0.0026119158
c04,416,0,0,0.0030957845
c04,417,0,0,0.0058595776
c04,418,0,0,0.0059267217
c04,419,0,0,0.026715264
c04,420,0,0,0.006118471
c04,421,0,0,0.007163151
c04,422,0,0,0.19338447
c04,423,0,0,0.016662978
c04,424,0,0,0.021610634
c04,425,0,0,0.037501805
c04,426,0,0,0.006132722
c04,427,0,0,0.014763911
c04,428,0,0,0.0090922685
c04,429,0,0,0.008027964
c04,430,0,0,0.008072473
c04,431,0,0,0.0036273822
c04,432,0,0,0.004867713
c04,433,0,0,0.0045571495
c04,434,0,0,0.0067620217
c04,435,0,0,0.00858002
c04,436,0,0,0.0022190404
c04,437,0,0,0.007802525
c04,438,0,0,0.007261753
c04,439,0,0,0.0048081325
c04,440,0,0,0.0028701934
c04,441,0,0,0.0045917206
c04,442,0,0,0.004873253
c04,443,0,0,0.008669594
c04,444,0,0,0.005939304
c04,445,0,0,0.015120862
c04,446,0,0,0.0046692514
c04,447,0,0,0.01618397
c04,448,0,0,0.0075552813
c04,449,0,0,0.0071897055
c04,450,0,0,0.010059071
c04,451,0,0,0.014516726
c04,452,0,0,0.0070682713
c04,453,0,0,0.0056835487
c04,454,0,0,0.0045824586
c04,455,0,0,0.006109294
c04,456,0,0,0.15591307
c04,457,0,0,0.038296483
c04,458,0,0,0.0063490127
c04,459,0,0,0.009084007
c04,460,0,0,0.007549424
c04,461,0,0,0.0039096596
c04,462,0,0,0.012659286
c04,463,0,0,0.0064295586
c04,464,0,0,0.0030092318
c04,465,0,0,0.0050768014
c04,466,0,0,0.047934987
c04,467,0,0,0.032726057
c04,468,0,0,0.0043286425
c04,469,0,0,0.011902818
c04,470,0,0,0.015485033
c04,471,0,0,0.0038125867
c04,472,0,0,0.008359901
c04,473,0,0,0.008514467
c04,474,0,0,0.013019259
c04,475,0,0,0.008034335
c04,476,0,0,0.005289614
c04,477,0,0,0.13290752
c04,478,0,0,0.048890684
c04,479,0,0,0.016320145
c04,480,0,0,0.033233617
c04,481,0,0,0.012535839
c05,1,0,0,0.06076544
c05,2,0,0,0.28341705
c05,3,0,0,0.482681
c05,4,0,0,0.0065847132
c05,5,0,0,0.0043644975
c05,6,1,0,0.0063895653
c05,7,0,0,0.0051251366
c05,8,0,0,0.03521931
c05,9,0,0,0.039128236
c05,10,0,0,0.0030187645
c05,11,0,0,0.0038910895
c05,12,0,0,0.00275236
c05,13,0,0,0.0019275004
c05,14,0,0,0.0020681296
c05,15,0,0,0.0020640672
c05,16,0,0,0.0094747385
c05,17,0,0,0.0015947395
c05,18,0,0,0.0015982792
c05,19,0,0,0.0035343945
c05,20,0,0,0.001948854
c05,21,0,0,0.0028878916
c05,22,0,0,0.0027875325
c05,23,0,0,0.003724813
c05,24,0,0,0.0019451114
c05,25,0,0,0.0070209745
c05,26,0,0,0.010743633
c05,27,0,0,0.0034491052
c05,28,0,0,0.0028038544
c05,29,0,0,0.0056091454
c05,30,0,0,0.0029030167
c05,31,0,0,0.0020986064
c05,32,0,0,0.005020609
c05,33,0,0,0.002754431
c05,34,0,0,0.0067353584
c05,35,0,0,0.0034437648
c05,36,0,0,0.00244484
c05,37,0,0,0.01721803
c05,38,0,0,0.0027204356
c05,39,0,0,0.0021564951
c05,40,0,0,0.004218291
c05,41,0,0,0.0024502804
c05,42,0,0,0.0025202432
c05,43,0,0,0.002845149
c05,44,0,0,0.0049042283
c05,45,0,0,0.0031720782
c05,46,0,0,0.008231161
c05,47,0,0,0.002294199
c05,48,0,0,0.0056991344
c05,49,0,0,0.009312146
c05,50,0,0,0.006104389
c05,51,0,0,0.0057797697
c05,52,0,0,0.0043663313
c05,53,0,0,0.004109375
c05,54,0,0,0.003990246
c05,55,0,0,0.004209277
c05,56,0,0,0.0020712367
c05,57,0,0,0.011676209
c05,58,0,0,0.0030112078
c05,59,0,0,0.0047877636
c05,60,0,0,0.017450733
c05,61,0,0,0.0021090624
c05,62,0,0,0.003032785
c05,63,0,0,0.010969215
c05,64,0,0,0.0037289734
c05,65,0,0,0.003669396
c05,66,0,0,0.05791982
c05,67,0,0,0.01988761
c05,68,0,0,0.0084866
c05,69,0,0,0.0106791835
c05,70,0,0,0.017588506
c05,71,0,0,0.0069300546
c05,72,0,0,0.009021426
c05,73,0,0,0.010367491
c05,74,0,0,0.0060665263
c05,75,0,0,0.008100451
c05,76,0,0,0.0028991795
c05,77,0,0,0.010686511
c05,78,0,0,0.013441229
c05,79,0,0,0.0090476815
c05,80,0,0,0.005174391
c05,81,0,0,0.0124808345
c05,82,0,0,0.005031879
c05,83,0,0,0.008944965
c05,84,0,0,0.025000084
c05,85,0,0,0.010250827
c05,86,0,0,0.008765621
c05,87,0,0,0.003633215
c05,88,0,0,0.005669924
c05,89,0,0,0.0034611546
c05,90,0,0,0.046044216
c05,91,0,0,0.004086486
c05,92,0,0,0.0036271391
c05,93,0,0,0.01126292
c05,94,0,0,0.0039095185
c05,95,0,0,0.008133455
c05,96,0,0,0.007953126
c05,97,0,0,0.0041653817
c05,98,0,0,0.0049452586
c05,99,0,0,0.004506309
c05,100,0,0,0.010154962
c05,101,0,0,0.0060878457
c05,102,0,0,0.0041576335
c05,103,0,0,0.0043625436
c05,104,0,0,0.004363076
c05,105,0,0,0.0042009354
c05,106,0,0,0.004575749
c05,107,0,0,0.004495609
c05,108,0,0,0.004276921
c05,109,0,0,0.019999543
c05,110,0,0,0.06840127
c05,111,0,0,0.017338505
c05,112,0,0,0.0048242174
c05,113,0,0,0.066939816
c05,114,0,0,0.0033562607
c05,115,0,0,0.0088768415
c05,116,0,0,0.0077668247
c05,117,0,0,0.008741392
c05,118,0,0,0.003030414
c05,119,0,0,0.007601624
c05,120,0,0,0.006792119
c05,121,0,0,0.009279299
c05,122,0,0,0.01754134
c05,123,0,0,0.0041038017
c05,124,0,0,0.0032167411
c05,125,0,0,0.015017943
c05,126,0,0,0.04100353
c05,127,0,0,0.012009659
c05,128,0,0,0.003864907
c05,129,0,0,0.004056834
c05,130,0,0,0.010468152
c05,131,0,0,0.014887141
c05,132,0,0,0.0053234063
c05,133,0,0,0.009405128
c05,134,0,0,0.0028888006
c05,135,0,0,0.008500377
c05,136,0,0,0.0039926707
c05,137,0,0,0.01352233
c05,138,0,0,0.011762008
c05,139,0,0,0.010158686
c05,140,0,0,0.003944697
c05,141,0,0,0.008377795
c05,142,0,0,0.010532316
c05,143,0,0,0.013636893
c05,144,0,0,0.0041197035
c05,145,0,0,0.04151589
c05,146,0,0,0.07316328
c05,147,0,0,0.026311638
c05,148,0,0,0.03661018
c05,149,0,0,0.0065230313
c05,150,0,0,0.0044893413
c05,151,0,0,0.01068642
c05,152,0,0,0.0122024175
c05,153,0,0,0.07742406
c05,154,0,0,0.0067457724
c05,155,0,0,0.004834076
c05,156,0,0,0.008029062
c05,157,0,0,0.0030675307
c05,158,0,0,0.0027646823
c05,159,0,0,0.004226529
c05,160,0,0,0.003323985
c05,161,0,0,0.019933522
c05,162,0,0,0.009253843
c05,163,0,0,0.037035592
c05,164,0,0,0.0099172415
c05,165,0,0,0.042015456
c05,166,0,0,0.011521169
c05,167,0,0,0.0037949006
c05,168,0,0,0.009687086
c05,169,0,0,0.0058807875
c05,170,0,0,0.011327005
c05,171,0,0,0.007849956
c05,172,0,0,0.0032565193
c05,173,0,0,0.0043940633
c05,174,0,0,0.0026589746
c05,175,0,0,0.0034956962
c05,176,0,0,0.0026639716
c05,177,0,0,0.0024096945
c05,178,0,0,0.00299724
c05,179,0,0,0.0021464243
c05,180,0,0,0.0025857734
c05,181,0,0,0.003436957
c05,182,0,0,0.004610045
c05,183,0,0,0.005478157
c05,184,0,0,0.0025320011
c05,185,0,0,0.0059047146
c05,186,0,0,0.004776367
c05,187,0,0,0.002367464
c05,188,0,0,0.009311499
c05,189,0,0,0.0020706828
c05,190,0,0,0.0062119984
c05,191,0,0,0.003587403
c05,192,0,0,0.0025951143
c05,193,0,0,0.004732163
c05,194,0,0,0.006255771
c05,195,0,0,0.03510092
c05,196,0,0,0.009551056
c05,197,0,0,0.009473687
c05,198,0,0,0.016491918
c05,199,0,0,0.00516566
c05,200,0,0,0.009464751
c05,201,0,0,0.0069588413
c05,202,0,0,0.007302246
c05,203,0,0,0.0042274343
c05,204,0,0,0.007937025
c05,205,0,0,0.01370778
c05,206,0,0,0.028804077
c05,207,0,0,0.0040396983
c05,208,0,0,0.0045895637
c05,209,0,0,0.10660685
c05,210,0,0,0.0027738237
c05,211,0,0,0.0018697582
c05,212,0,0,0.0040824204
c05,213,0,0,0.0054400517
c05,214,0,0,0.0036296595
c05,215,0,0,0.01317521
c05,216,0,0,0.006186159
c05,217,0,0,0.008241564
c05,218,0,0,0.003967895
c05,219,0,0,0.020231819
c05,220,0,0,0.020647112
c05,221,0,0,0.0045747003
c05,222,0,0,0.057194192
c05,223,0,0,0.0021022854
c05,224,0,0,0.009183796
c05,225,0,0,0.007763963
c05,226,0,0,0.01338429
c05,227,0,0,0.0041974178
c05,228,0,0,0.002541696
c05,229,0,0,0.012189918
c05,230,0,0,0.003817971
c05,231,0,0,0.0023980115
c05,232,0,0,0.027854873
c05,233,0,0,0.004939668
c05,234,0,0,0.003691855
c05,235,0,0,0.003147644
c05,236,0,0,0.0036080384
c05,237,0,0,0.003419126
c05,238,0,0,0.0028267496
c05,239,0,0,0.0028230166
c05,240,0,0,0.0047840276
c05,241,0,0,0.0043329643
c05,242,0,0,0.009254586
c05,243,0,0,0.0026715863
c05,244,0,0,0.0033013523
c05,245,0,0,0.0023360704
c05,246,0,0,0.0067190607
c05,247,0,0,0.0026587446
c05,248,0,0,0.010320503
c05,249,0,0,0.0031184426
c05,250,0,0,0.010505531
c05,251,0,0,0.00358117
c05,252,0,0,0.0025442033
c05,253,0,0,0.0034190381
c05,254,0,0,0.027889615
c05,255,0,0,0.17575851
c05,256,0,0,0.0083978
c05,257,0,0,0.0038288045
c05,258,0,0,0.015239895
c05,259,0,0,0.0061467816
c05,260,0,0,0.0022592763
c05,261,0,0,0.0033449964
c05,262,0,0,0.0026945586
c05,263,0,0,0.006390319
c05,264,0,0,0.0030995158
c05,265,0,0,0.012921933
c05,266,0,0,0.003112893
c05,267,0,0,0.03995797
c05,268,0,0,0.002806653
c05,269,0,0,0.0025945664
c05,270,0,0,0.0052601313
c05,271,0,0,0.031703405
c05,272,0,0,0.016126417
c05,273,0,0,0.004931242
c05,274,0,0,0.021119459
c05,275,0,0,0.021065073
c05,276,0,0,0.011062265
c05,277,0,0,0.0075103254
c05,278,0,0,0.00540418
c05,279,0,0,0.00405736
c05,280,0,0,0.0047600474
c05,281,0,0,0.0047721528
c05,282,0,0,0.0053044427
c05,283,0,0,0.00735418
c05,284,0,0,0.07726236
c05,285,0,0,0.011388622
c05,286,0,0,0.0030027707
c05,287,0,0,0.004847054
c05,288,0,0,0.008679054
c05,289,0,0,0.013833354
c05,290,0,0,0.00834223
c05,291,0,0,0.004200795
c05,292,0,0,0.006138691
c05,293,0,0,0.0050247246
c05,294,0,0,0.0036251938
c05,295,0,0,0.10301916
c05,296,0,0,0.0041190246
c05,297,0,0,0.003950222
c05,298,0,0,0.0063552544
c05,299,0,0,0.024312465
c05,300,0,0,0.06631924
c05,301,0,0,0.0018733953
c05,302,0,0,0.006683433
c05,303,0,0,0.00669921
c05,304,0,0,0.0024133322
c05,305,0,0,0.011504152
c05,306,0,0,0.003226986
c05,307,0,0,0.018625187
c05,308,0,0,0.008804444
c05,309,0,0,0.012382763
c05,310,0,0,0.0037680264
c05,311,0,0,0.004801946
c05,312,0,0,0.0031189525
c05,313,0,0,0.0074114734
c05,314,0,0,0.0037572854
c05,315,0,0,0.006329294
c05,316,0,0,0.07151041
c05,317,0,0,0.02128599
c05,318,0,0,0.011035984
c05,319,0,0,0.007441896
c05,320,0,0,0.0039600935
c05,321,0,0,0.03233485
c05,322,0,0,0.02907073
c05,323,0,0,0.0032359893
c05,324,0,0,0.005745641
c05,325,0,0,0.006832508
c05,326,0,0,0.006282054
c05,327,0,0,0.011219253
c05,328,0,0,0.0067941453
c05,329,0,0,0.0035476561
c05,330,0,0,0.010759269
c05,331,0,0,0.00525441
c05,332,0,0,0.005313246
c05,333,0,0,0.004441351
c05,334,0,0,0.0044903094
c05,335,0,0,0.0064538424
c05,336,0,0,0.0051549478
c05,337,0,0,0.0026429738
c05,338,0,0,0.004963298
c05,339,0,0,0.002094465
c05,340,0,0,0.015709186
c05,341,0,0,0.0074129263
c05,342,0,0,0.011834614
c05,343,0,0,0.01121276
c05,344,0,0,0.008316856
c05,345,0,0,0.005275993
c05,346,0,0,0.16251762
c05,347,0,0,0.017937308
c05,348,0,0,0.023346784
c05,349,0,0,0.01717184
c05,350,0,0,0.0067603025
c05,351,0,0,0.023092905
c05,352,0,0,0.112851016
c05,353,0,0,0.09416334
c05,354,0,0,0.007956803
c05,355,0,0,0.02603125
c05,356,0,0,0.14758055
c05,357,0,0,0.017181588
c05,358,0,0,0.014336066
c05,359,0,0,0.0026833059
c05,360,0,0,0.00506374
c05,361,0,0,0.020092577
c05,362,0,0,0.009807024
c05,363,0,0,0.007357421
c05,364,0,0,0.009202094
c05,365,0,0,0.011372999
c05,366,0,0,0.012345737
c05,367,0,0,0.005188465
c05,368,0,0,0.017672354
c05,369,0,0,0.016177595
c05,370,0,0,0.057243913
c05,371,0,0,0.09749476
c05,372,0,0,0.004836249
c05,373,0,0,0.0060736956
c05,374,0,0,0.0026275008
c05,375,0,0,0.007698983
c05,376,0,0,0.0035146798
c05,377,0,0,0.008595346
c05,378,0,0,0.008893389
c05,379,0,0,0.053150926
c05,380,0,0,0.004900076
c05,381,0,0,0.0035066346
c05,382,0,0,0.0032012933
c05,383,0,0,0.005864068
c05,384,0,0,0.014382363
c05,385,1,0,0.01028317
c05,386,1,0,0.044023577
c05,387,0,0,0.20462203
c05,388,0,0,0.0025601268
c05,389,0,0,0.029764622
c05,390,0,0,0.0054562
c05,391,0,0,0.017648134
c05,392,0,0,0.02845711
c05,393,0,0,0.021553861
c05,394,0,0,0.004317198
c05,395,0,0,0.012167402
c05,396,0,0,0.0045524146
c05,397,0,0,0.0076850327
c05,398,0,0,0.007067448
c05,399,0,0,0.003655042
c05,400,0,0,0.017006788
c05,401,0,0,0.015625399
c05,402,0,0,0.01610246
c05,403,0,0,0.0027604734
c05,404,0,0,0.007970361
c05,405,0,0,0.00984834
c05,406,0,0,0.041690156
c05,407,0,0,0.035681084
c05,408,0,0,0.016559862
c05,409,0,0,0.04330026
c05,410,0,0,0.0053752186
c05,411,0,0,0.0021298565
c05,412,0,0,0.013314526
c05,413,0,0,0.005640154
c05,414,0,0,0.0074447533
c05,415,0,0,0.0036226357
c05,416,0,0,0.0045220777
c05,417,0,0,0.012620237
c05,418,0,0,0.019601267
c05,419,0,0,0.027183952
c05,420,0,0,0.01307591
c05,421,0,0,0.0033246612
c05,422,0,0,0.004924564
c05,423,0,0,0.00688263
c05,424,0,0,0.019216776
c05,425,0,0,0.0027698656
c05,426,0,0,0.007988081
c05,427,0,0,0.010078867
c05,428,0,0,0.01951257
c05,429,0,0,0.003078326
c05,430,0,0,0.002438734
c05,431,0,0,0.006087779
c05,432,0,0,0.010725707
c05,433,0,0,0.007984462
c05,434,0,0,0.011544032
c05,435,0,0,0.0032012356
c05,436,0,0,0.007858473
c05,437,0,0,0.0035152277
c05,438,0,0,0.0032122096
c05,439,0,0,0.0067721433
c05,440,0,0,0.028636131
c05,441,0,0,0.0031597444
c05,442,0,0,0.0043708445
c05,443,0,0,0.01561226
c05,444,0,0,0.020874541
c05,445,0,0,0.0021084053
c05,446,0,0,0.0041223685
c05,447,0,0,0.044621363
c05,448,0,0,0.002046095
c05,449,0,0,0.10606642
c05,450,0,0,0.002924697
c05,451,0,0,0.007840317
c05,452,0,0,0.004071425
c05,453,0,0,0.023207128
c05,454,0,0,0.0036932759
c05,455,0,0,0.012118954
c05,456,0,0,0.0061052046
c05,457,0,0,0.009581302
c05,458,0,0,0.00743683
c05,459,0,0,0.0073846234
c05,460,0,0,0.020336594
c05,461,0,0,0.15957151
c05,462,0,0,0.026942596
c05,463,0,0,0.0022812104
c05,464,0,0,0.04147373
c05,465,0,0,0.13598438
c06,1,0,0,0.025867496
c06,2,0,0,0.037622187
c06,3,0,0,0.039053064
c06,4,0,0,0.020227915
c06,5,0,0,0.0061687143
c06,6,0,0,0.015226976
c06,7,0,0,0.017683284
c06,8,0,0,0.011664896
c06,9,0,0,0.029227775
c06,10,0,0,0.1409522
c06,11,0,0,0.030617274
c06,12,0,0,0.009532691
c06,13,0,0,0.0055529047
c06,14,0,0,0.005984833
c06,15,0,0,0.008059933
c06,16,0,0,0.007736929
c06,17,0,0,0.006048835
c06,18,0,0,0.031127008
c06,19,0,0,0.004185474
c06,20,0,0,0.005899329
c06,21,0,0,0.013578745
c06,22,0,0,0.0047894563
c06,23,0,0,0.006147731
c06,24,0,0,0.010301866
c06,25,0,0,0.006152613
c06,26,0,0,0.006945594
c06,27,0,0,0.0077425763
c06,28,0,0,0.0071666213
c06,29,0,0,0.005013563
c06,30,0,0,0.010677678
c06,31,0,0,0.0066434313
c06,32,0,0,0.0047086785
c06,33,0,0,0.0043880492
c06,34,0,0,0.010668917
c06,35,0,0,0.010100169
c06,36,0,0,0.026281834
c06,37,0,0,0.0059656645
c06,38,0,0,0.030149477
c06,39,0,0,0.006878235
c06,40,0,0,0.0057755155
c06,41,0,0,0.022367451
c06,42,0,0,0.008096725
c06,43,0,0,0.007840406
c06,44,0,0,0.0061876746
c06,45,0,0,0.007423663
c06,46,0,0,0.008972368
c06,47,0,0,0.019623738
c06,48,0,0,0.00992645
c06,49,0,0,0.009013872
c06,50,0,0,0.0059813736
c06,51,0,0,0.012903505
c06,52,0,0,0.019941999
c06,53,0,0,0.014208333
c06,54,0,0,0.011430483
c06,55,0,0,0.0070549212
c06,56,0,0,0.007631123
c06,57,0,0,0.008791105
c06,58,0,0,0.022422416
c06,59,0,0,0.007298983
c06,60,0,0,0.008338815
c06,61,0,0,0.044538766
c06,62,0,0,0.018365052
c06,63,0,0,0.011075299
c06,64,0,0,0.019490322
c06,65,0,0,0.017386716
c06,66,0,0,0.00700413
c06,67,0,0,0.013340993
c06,68,0,0,0.015623558
c06,69,0,0,0.010792847
c06,70,0,0,0.008016547
c06,71,0,0,0.034821037
c06,72,0,0,0.008474731
c06,73,0,0,0.008628742
c06,74,0,0,0.009745552
c06,75,0,0,0.010539966
c06,76,0,0,0.017765291
c06,77,0,0,0.08745318
c06,78,0,0,0.049903613
c06,79,0,0,0.010710302
c06,80,0,0,0.03646179
c06,81,0,0,0.006859661
c06,82,0,0,0.03533886
c06,83,0,0,0.0075673116
c06,84,0,0,0.007470675
c06,85,0,0,0.009426355
c06,86,0,0,0.00937664
c06,87,0,0,0.021205397
c06,88,0,0,0.007792174
c06,89,0,0,0.030444471
c06,90,0,0,0.009832808
c06,91,0,0,0.1504363
c06,92,0,0,0.031469624
c06,93,0,0,0.016123135
c06,94,0,0,0.016935462
c06,95,0,0,0.009676941
c06,96,0,0,0.020891048
c06,97,0,0,0.013241039
c06,98,0,0,0.009840787
c06,99,0,0,0.015268109
c06,100,0,0,0.021047104
c06,101,0,0,0.028433748
c06,102,0,0,0.01464534
c06,103,0,0,0.015844217
c06,104,0,0,0.009098917
c06,105,0,0,0.026101472
c06,106,0,0,0.009839914
c06,107,0,0,0.012604779
c06,108,0,0,0.006882549
c06,109,0,0,0.011177967
c06,110,0,0,0.021840457
c06,111,0,0,0.03416962
c06,112,0,0,0.08309965
c06,113,0,0,0.022936502
c06,114,0,0,0.034334533
c06,115,0,0,0.01755164
c06,116,0,0,0.012036558
c06,117,0,0,0.022258507
c06,118,0,0,0.017741725
c06,119,0,0,0.010230257
c06,120,0,0,0.013035603
c06,121,0,0,0.00957349
c06,122,0,0,0.011718556
c06,123,0,0,0.013109008
c06,124,0,0,0.010915149
c06,125,0,0,0.009748976
c06,126,0,0,0.013317514
c06,127,0,0,0.09593846
c06,128,0,0,0.026012698
c06,129,0,0,0.015057672
c06,130,0,0,0.014244967
c06,131,0,0,0.025606412
c06,132,0,0,0.009230108
c06,133,0,0,0.012916411
c06,134,0,0,0.011178337
c06,135,0,0,0.00898638
c06,136,0,0,0.0073408983
c06,137,0,0,0.023774566
c06,138,0,0,0.04043232
c06,139,0,0,0.08442176
c06,140,0,0,0.023763834
c06,141,0,0,0.005301749
c06,142,0,0,0.017378025
c06,143,0,0,0.00996324
c06,144,0,0,0.08137724
c06,145,0,0,0.01881186
c06,146,0,0,0.009024586
c06,147,0,0,0.22134091
c06,148,0,0,0.036043506
c06,149,0,0,0.017142482
c06,150,0,0,0.028307639
c06,151,0,0,0.009710967
c06,152,0,0,0.023032226
c06,153,0,0,0.012002652
c06,154,0,0,0.08823927
c06,155,0,0,0.022592291
c06,156,0,0,0.009244522
c06,157,0,0,0.019683585
c06,158,0,0,0.012930402
c06,159,0,0,0.01667958
c06,160,0,0,0.0065851375
c06,161,0,0,0.0060211783
c06,162,0,0,0.018148534
c06,163,0,0,0.04420125
c06,164,0,0,0.118488476
c06,165,0,0,0.013332874
c06,166,0,0,0.07554594
c06,167,0,0,0.0060354443
c06,168,0,0,0.040448677
c06,169,0,0,0.01158203
c06,170,0,0,0.03803423
c06,171,0,0,0.0051909047
c06,172,0,0,0.01310022
c06,173,0,0,0.0053072944
c06,174,0,0,0.0041325
c06,175,0,0,0.0073335487
c06,176,0,0,0.0082281055
c06,177,0,0,0.0067370236
c06,178,0,0,0.004736333
c06,179,0,0,0.004604412
c06,180,0,0,0.006437142
c06,181,0,0,0.0053475937
c06,182,0,0,0.007981906
c06,183,0,0,0.006258499
c06,184,0,0,0.012232158
c06,185,0,0,0.0068411427
c06,186,0,0,0.008048736
c06,187,0,0,0.010926311
c06,188,0,0,0.007776404
c06,189,0,0,0.010295635
c06,190,0,0,0.0060783
c06,191,0,0,0.0125765605
c06,192,0,0,0.010392658
c06,193,0,0,0.0051447973
c06,194,0,0,0.006846241
c06,195,0,0,0.028561987
c06,196,0,0,0.037963722
c06,197,0,0,0.024599396
c06,198,0,0,0.11743907
c06,199,0,0,0.009277431
c06,200,0,0,0.011068705
c06,201,0,0,0.0075064516
c06,202,0,0,0.010561645
c06,203,0,0,0.009094783
c06,204,0,0,0.021623861
c06,205,0,0,0.017927298
c06,206,0,0,0.018501714
c06,207,0,0,0.027914293
c06,208,0,0,0.01275771
c06,209,0,0,0.00833497
c06,210,0,0,0.05782199
c06,211,0,0,0.014585416
c06,212,0,0,0.0076070465
c06,213,0,0,0.0151365055
c06,214,0,0,0.008606015
c06,215,0,0,0.010498152
c06,216,0,0,0.019506823
c06,217,0,0,0.0075838994
c06,218,0,0,0.0145398155
c06,219,0,0,0.009999971
c06,220,0,0,0.016475514
c06,221,0,0,0.17025018
c06,222,0,0,0.008717118
c06,223,0,0,0.011644518
c06,224,0,0,0.010855762
c06,225,0,0,0.018274255
c06,226,0,0,0.024144586
c06,227,0,0,0.031486467
c06,228,0,0,0.01097143
c06,229,0,0,0.0073355073
c06,230,0,0,0.012204982
c06,231,0,0,0.022947315
c06,232,0,0,0.006284635
c06,233,0,0,0.044875346
c06,234,0,0,0.03471723
c06,235,0,0,0.010117509
c06,236,0,0,0.010461807
c06,237,0,0,0.006629361
c06,238,0,0,0.012093456
c06,239,0,0,0.0070021865
c06,240,0,0,0.006626401
c06,241,0,0,0.009948661
c06,242,0,0,0.009887733
c06,243,0,0,0.0075678956
c06,244,0,0,0.017919661
c06,245,0,0,0.01146931
c06,246,0,0,0.018276136
c06,247,0,0,0.020402487
c06,248,0,0,0.0075747245
c06,249,0,0,0.019614365
c06,250,0,0,0.0042280806
c06,251,0,0,0.01849117
c06,252,0,0,0.00532301
c06,253,0,0,0.0053619505
c06,254,0,0,0.004351814
c06,255,0,0,0.011392161
c06,256,0,0,0.07303573
c06,257,0,0,0.032309555
c06,258,0,0,0.023209874
c06,259,0,0,0.01692013
c06,260,0,0,0.01927315
c06,261,0,0,0.006734781
c06,262,0,0,0.018229285
c06,263,0,0,0.008674034
c06,264,0,0,0.012920796
c06,265,0,0,0.004457211
c06,266,0,0,0.008140117
c06,267,0,0,0.015120429
c06,268,0,0,0.0096970955
c06,269,0,0,0.016287543
c06,270,0,0,0.004895958
c06,271,0,0,0.017989213
c06,272,0,0,0.008551997
c06,273,0,0,0.04329871
c06,274,0,0,0.010875458
c06,275,0,0,0.0077931355
c06,276,0,0,0.01614838
c06,277,0,0,0.09859151
c06,278,0,0,0.043430183
c06,279,0,0,0.0047949785
c06,280,0,0,0.013202294
c06,281,0,0,0.014319939
c06,282,0,0,0.008861939
c06,283,0,0,0.009473749
c06,284,0,0,0.0067517203
c06,285,0,0,0.05737352
c06,286,0,0,0.04098423
c06,287,0,0,0.0065721893
c06,288,0,0,0.015151035
c06,289,0,0,0.015851729
c06,290,0,0,0.021007475
c06,291,0,0,0.012902667
c06,292,0,0,0.009231225
c06,293,0,0,0.024371255
c06,294,0,0,0.0077595892
c06,295,0,0,0.015996503
c06,296,0,0,0.05900049
c06,297,0,0,0.008852283
c06,298,0,0,0.0067659975
c06,299,0,0,0.007922984
c06,300,0,0,0.018962368
c06,301,0,0,0.19741826
c06,302,0,0,0.006654694
c06,303,0,0,0.012891891
c06,304,0,0,0.021518556
c06,305,0,0,0.01640204
c06,306,0,0,0.008039638
c06,307,0,0,0.01725761
c06,308,0,0,0.029705921
c06,309,0,0,0.016172351
c06,310,0,0,0.008335238
c06,311,0,0,0.010048313
c06,312,0,0,0.014196997
c06,313,0,0,0.009551456
c06,314,0,0,0.0076707085
c06,315,0,0,0.005439724
c06,316,0,0,0.0068926075
c06,317,0,0,0.396021
c06,318,0,0,0.13677873
c06,319,0,0,0.014529242
c06,320,0,0,0.008576387
c06,321,0,0,0.015307799
c06,322,0,0,0.018714191
c06,323,0,0,0.068243496
c06,324,0,0,0.0058607166
c06,325,0,0,0.012805013
c06,326,0,0,0.014571716
c06,327,0,0,0.005220264
c06,328,0,0,0.014186837
c06,329,0,0,0.006588904
c06,330,0,0,0.008138316
c06,331,0,0,0.010503166
c06,332,0,0,0.0062459223
c06,333,0,0,0.008179252
c06,334,0,0,0.0070602843
c06,335,0,0,0.0052208933
c06,336,0,0,0.020038694
c06,337,0,0,0.009607619
c06,338,0,0,0.020653082
c06,339,0,0,0.009227906
c06,340,0,0,0.006306351
c06,341,0,0,0.016204704
c06,342,0,0,0.00967588
c06,343,0,0,0.016523682
c06,344,0,0,0.009847425
c06,345,0,0,0.011202158
c06,346,0,0,0.018302206
c06,347,0,0,0.13714547
c06,348,0,0,0.03362382
c06,349,0,0,0.0069156727
c06,350,0,0,0.009900428
c06,351,0,0,0.015859079
c06,352,0,0,0.017937392
c06,353,0,0,0.035215273
c06,354,0,0,0.026358187
c06,355,0,0,0.0182048
c06,356,0,0,0.011804051
c06,357,0,0,0.012749136
c06,358,0,0,0.012123053
c06,359,0,0,0.01884327
c06,360,0,0,0.010263665
c06,361,0,0,0.0095251165
c06,362,0,0,0.008328277
c06,363,0,0,0.025920052
c06,364,0,0,0.051714953
c06,365,0,0,0.01661071
c06,366,0,0,0.012658965
c06,367,0,0,0.01598785
c06,368,0,0,0.022319838
c06,369,0,0,0.020673422
c06,370,0,0,0.049785707
c06,371,0,0,0.15724246
c06,372,0,0,0.06011654
c06,373,0,0,0.015459205
c06,374,0,0,0.007275613
c06,375,0,0,0.029416649
c06,376,0,0,0.008378385
c06,377,0,0,0.009312854
c06,378,0,0,0.017418884
c06,379,0,0,0.010515652
c06,380,0,0,0.19603351
c06,381,0,0,0.012859147
c06,382,0,0,0.011400638
c06,383,0,0,0.021109954
c06,384,0,0,0.009766743
c06,385,0,0,0.0147603955
c06,386,1,0,0.013982822
c06,387,0,0,0.031936802
c06,388,0,0,0.24284485
c06,389,0,0,0.008398344
c06,390,0,0,0.010138936
c06,391,0,0,0.013476426
c06,392,0,0,0.022429978
c06,393,0,0,0.06010379
c06,394,0,0,0.03077934
c06,395,0,0,0.012809933
c06,396,0,0,0.014827393
c06,397,0,0,0.009039587
c06,398,0,0,0.0033078983
c06,399,0,0,0.021967122
c06,400,0,0,0.0065934495
c06,401,0,0,0.009379223
c06,402,0,0,0.009206377
c06,403,0,0,0.01155341
c06,404,0,0,0.007695957
c06,405,0,0,0.0065363348
c06,406,0,0,0.0052735186
c06,407,0,0,0.013583613
c06,408,0,0,0.024516523
c06,409,0,0,0.008254573
c06,410,0,0,0.03907984
c06,411,0,0,0.017524337
c06,412,0,0,0.017090227
c06,413,0,0,0.018398108
c06,414,0,0,0.010095413
c06,415,0,0,0.009097004
c06,416,0,0,0.0116512645
c06,417,0,0,0.009258674
c06,418,0,0,0.017558284
c06,419,0,0,0.049127623
c06,420,0,0,0.029681392
c06,421,0,0,0.0054779937
c06,422,0,0,0.01998175
c06,423,0,0,0.038750608
c06,424,0,0,0.022926599
c06,425,0,0,0.018278977
c06,426,0,0,0.01319543
c06,427,0,0,0.012233586
c06,428,0,0,0.01235673
c06,429,0,0,0.011700914
c06,430,0,0,0.006224548
c06,431,0,0,0.011346732
c06,432,0,0,0.021487866
c06,433,0,0,0.015412848
c06,434,0,0,0.028028278
c06,435,0,0,0.005188275
c06,436,0,0,0.032052223
c06,437,0,0,0.012035815
c06,438,0,0,0.006779669
c06,439,0,0,0.010618988
c06,440,0,0,0.014741047
c06,441,0,0,0.010268966
c06,442,0,0,0.033707537
c06,443,0,0,0.005580817
c06,444,0,0,0.008737311
c06,445,0,0,0.0080527235
c06,446,0,0,0.021460155
c06,447,0,0,0.0068348087
c06,448,0,0,0.022559425
c06,449,0,0,0.05078041
c06,450,0,0,0.038448047
c06,451,0,0,0.026275087
c06,452,0,0,0.017478086
c06,453,0,0,0.014104632
c06,454,0,0,0.03216457
c06,455,0,0,0.013566002
c06,456,0,0,0.010470755
c06,457,0,0,0.017429847
c06,458,0,0,0.03177075
c06,459,0,0,0.009423253
c06,460,0,0,0.009634507
c06,461,0,0,0.042716123
c06,462,0,0,0.017224194
c06,463,0,0,0.1345132
c06,464,0,0,0.040120315
c06,465,0,0,0.36882198
c06,466,0,0,0.07695416
c06,467,0,0,0.26970065
c07,1,0,0,0.05554196
c07,2,0,0,0.2780731
c07,3,0,0,0.1089825
c07,4,0,0,0.04137985
c07,5,0,0,0.03291408
c07,6,0,0,0.08085072
c07,7,0,0,0.06745795
c07,8,0,0,0.00536693
c07,9,0,0,0.02904933
c07,10,0,0,0.0052363845
c07,11,0,0,0.043902144
c07,12,0,0,0.012986867
c07,13,0,0,0.052587003
c07,14,0,0,0.052486103
c07,15,0,0,0.00610243
c07,16,0,0,0.16485487
c07,17,0,0,0.02404344
c07,18,0,0,0.019453451
c07,19,0,0,0.06638033
c07,20,0,0,0.018829301
c07,21,0,0,0.026387313
c07,22,0,0,0.04837953
c07,23,0,0,0.013652019
c07,24,0,0,0.028816644
c07,25,0,0,0.020043619
c07,26,0,0,0.069710225
c07,27,0,0,0.01689225
c07,28,0,0,0.03213127
c07,29,0,0,0.01849594
c07,30,0,0,0.102196395
c07,31,0,0,0.07449441
c07,32,0,0,0.028865138
c07,33,0,0,0.35371402
c07,34,0,0,0.07999122
c07,35,0,0,0.04495419
c07,36,0,0,0.036023065
c07,37,0,0,0.027868021
c07,38,0,0,0.14784633
c07,39,0,0,0.013350556
c07,40,0,0,0.021078931
c07,41,0,0,0.030614106
c07,42,0,0,0.020502703
c07,43,0,0,0.010779796
c07,44,0,0,0.026475132
c07,45,0,0,0.014785846
c07,46,0,0,0.121031724
c07,47,0,0,0.031358372
c07,48,0,0,0.05994979
c07,49,0,0,0.028125316
c07,50,0,0,0.035534248
c07,51,0,0,0.038858835
c07,52,0,0,0.15627013
c07,53,0,0,0.05119967
c07,54,0,0,0.032098413
c07,55,0,0,0.07207308
c07,56,0,0,0.03485145
c07,57,0,0,0.01925816
c07,58,0,0,0.015409887
c07,59,0,0,0.02464377
c07,60,0,0,0.020625072
c07,61,0,0,0.023741405
c07,62,0,0,0.06769673
c07,63,0,0,0.01443316
c07,64,0,0,0.009302298
c07,65,0,0,0.046073243
c07,66,0,0,0.068194225
c07,67,0,0,0.059971772
c07,68,0,0,0.028567042
c07,69,0,0,0.065052666
c07,70,0,0,0.0470966
c07,71,0,0,0.019026022
c07,72,0,0,0.021549042
c07,73,0,0,0.026699293
c07,74,0,0,0.02539131
c07,75,0,0,0.026852068
c07,76,0,0,0.021003608
c07,77,0,0,0.021363573
c07,78,0,0,0.0217198
c07,79,0,0,0.030407486
c07,80,0,0,0.060929496
c07,81,0,0,0.023405042
c07,82,0,0,0.02303243
c07,83,0,0,0.018208748
c07,84,0,0,0.032355893
c07,85,0,0,0.045981966
c07,86,0,0,0.025932191
c07,87,0,0,0.034639873
c07,88,0,0,0.030671159
c07,89,0,0,0.056883067
c07,90,0,0,0.03753974
c07,91,0,0,0.026200116
c07,92,0,0,0.030873578
c07,93,0,0,0.050531883
c07,94,0,0,0.03204058
c07,95,0,0,0.016522892
c07,96,0,0,0.04569065
c07,97,0,0,0.022016022
c07,98,0,0,0.023965558
c07,99,0,0,0.039772443
c07,100,0,0,0.06604053
c07,101,0,0,0.1663939
c07,102,0,0,0.023902934
c07,103,0,0,0.03633965
c07,104,0,0,0.037710577
c07,105,0,0,0.020093808
c07,106,0,0,0.020684846
c07,107,0,0,0.09211954
c07,108,0,0,0.064679906
c07,109,0,0,0.08308785
c07,110,0,0,0.10099286
c07,111,0,0,0.10134264
c07,112,0,0,0.017602393
c07,113,0,0,0.07656776
c07,114,0,0,0.02530667
c07,115,0,0,0.0102634905
c07,116,0,0,0.04363934
c07,117,0,0,0.1111101
c07,118,0,0,0.023543963
c07,119,0,0,0.0488872
c07,120,0,0,0.08958789
c07,121,0,0,0.022349074
c07,122,0,0,0.028547278
c07,123,0,0,0.0135163395
c07,124,0,0,0.026502227
c07,125,0,0,0.025764706
c07,126,0,0,0.01787384
c07,127,0,0,0.05051497
c07,128,0,0,0.100631826
c07,129,0,0,0.03406629
c07,130,0,0,0.03560497
c07,131,0,0,0.023364699
c07,132,0,0,0.09829168
c07,133,0,0,0.091034174
c07,134,0,0,0.124184184
c07,135,0,0,0.22005095
c07,136,0,0,0.066711046
c07,137,0,0,0.0378998
c07,138,0,0,0.24232861
c07,139,0,0,0.05414345
c07,140,0,0,0.07079899
c07,141,0,0,0.09343263
c07,142,0,0,0.09511837
c07,143,0,0,0.071440056
c07,144,0,0,0.23821357
c07,145,0,0,0.08752863
c07,146,0,0,0.077885434
c07,147,0,0,0.022828214
c07,148,0,0,0.3854298
c07,149,0,0,0.019748244
c07,150,0,0,0.021101288
c07,151,0,0,0.05454536
c07,152,0,0,0.16841581
c07,153,0,0,0.024232205
c07,154,0,0,0.027259003
c07,155,0,0,0.048651747
c07,156,0,0,0.03136977
c07,157,0,0,0.031797323
c07,158,0,0,0.033085056
c07,159,0,0,0.022592427
c07,160,0,0,0.021169802
c07,161,0,0,0.022838552
c07,162,0,0,0.06273326
c07,163,0,0,0.021097565
c07,164,0,0,0.036872786
c07,165,0,0,0.03413392
c07,166,0,0,0.0269698
c07,167,0,0,0.042638782
c07,168,0,0,0.07330205
c07,169,0,0,0.035438273
c07,170,0,0,0.023454055
c07,171,0,0,0.031409305
c07,172,0,0,0.049144525
c07,173,0,0,0.09100761
c07,174,0,0,0.028339675
c07,175,0,0,0.028350312
c07,176,0,0,0.019837499
c07,177,0,0,0.045612514
c07,178,0,0,0.09240444
c07,179,0,0,0.07462837
c07,180,0,0,0.16993123
c07,181,0,0,0.3466368
c07,182,0,0,0.022715481
c07,183,0,0,0.021466704
c07,184,0,0,0.13690153
c07,185,0,0,0.036605738
c07,186,0,0,0.025149746
c07,187,0,0,0.041403253
c07,188,0,0,0.025203537
c07,189,0,0,0.02781508
c07,190,0,0,0.028236022
c07,191,0,0,0.06088846
c07,192,0,0,0.02652813
c07,193,0,0,0.0213169
c07,194,0,0,0.029856818
c07,195,0,0,0.059090085
c07,196,0,0,0.073909454
c07,197,0,0,0.05360343
c07,198,0,0,0.08546393
c07,199,0,0,0.09271423
c07,200,0,0,0.028614586
c07,201,0,0,0.065533064
c07,202,0,0,0.14873728
c07,203,0,0,0.05614853
c07,204,0,0,0.040062677
c07,205,0,0,0.027741812
c07,206,0,0,0.293549
c07,207,0,0,0.024608554
c07,208,0,0,0.03182986
c07,209,0,0,0.017240822
c07,210,0,0,0.105130196
c07,211,0,0,0.03472333
c07,212,0,0,0.08751731
c07,213,0,0,0.10177645
c07,214,0,0,0.3984804
c07,215,0,0,0.06590931
c07,216,0,0,0.020798385
c07,217,0,0,0.051105518
c07,218,0,0,0.053761255
c07,219,0,0,0.043531954
c07,220,0,0,0.2916643
c07,221,0,0,0.055517875
c07,222,0,0,0.15730338
c07,223,0,0,0.42039832
c07,224,0,0,0.20106167
c07,225,0,0,0.021401355
c07,226,0,0,0.16082604
c07,227,1,0,0.06735559
c07,228,0,0,0.046010945
c07,229,0,0,0.020411475
c07,230,0,0,0.021785941
c07,231,0,0,0.029946774
c07,232,0,0,0.0862475
c07,233,0,0,0.026558988
c07,234,0,0,0.040707782
c07,235,0,0,0.020331794
c07,236,0,0,0.03136263
c07,237,0,0,0.056047507
c07,238,0,0,0.03313952
c07,239,0,0,0.033122495
c07,240,0,0,0.02410359
c07,241,0,0,0.03081199
c07,242,0,0,0.042992942
c07,243,0,0,0.06840569
c07,244,0,0,0.18463579
c07,245,0,0,0.022079261
c07,246,0,0,0.08682131
c07,247,0,0,0.46110398
c07,248,0,0,0.05071643
c07,249,0,0,0.023419295
c07,250,0,0,0.052040152
c07,251,0,0,0.046334077
c07,252,0,0,0.027671963
c07,253,0,0,0.044992734
c07,254,0,0,0.038210697
c07,255,0,0,0.06446437
c07,256,0,0,0.03199928
c07,257,0,0,0.07167217
c07,258,0,0,0.059766542
c07,259,0,0,0.060730234
c07,260,0,0,0.032583755
c07,261,0,0,0.023361566
c07,262,0,0,0.040062733
c07,263,0,0,0.016383097
c07,264,0,0,0.11127103
c07,265,0,0,0.032521524
c07,266,0,0,0.028260197
c07,267,0,0,0.055648938
c07,268,0,0,0.03087422
c07,269,0,0,0.048307575
c07,270,0,0,0.060417812
c07,271,0,0,0.06350784
c07,272,0,0,0.08444619
c07,273,0,0,0.06554538
c07,274,0,0,0.022592202
c07,275,0,0,0.034268625
c07,276,0,0,0.038583957
c07,277,0,0,0.035101075
c07,278,0,0,0.16284657
c07,279,0,0,0.018300775
c07,280,0,0,0.06733765
c07,281,0,0,0.0224629
c07,282,0,0,0.02373847
c07,283,0,0,0.028589837
c07,284,0,0,0.03615248
c07,285,0,0,0.029204952
c07,286,0,0,0.039800428
c07,287,0,0,0.027175615
c07,288,0,0,0.10253423
c07,289,0,0,0.03707717
c07,290,0,0,0.024045253
c07,291,0,0,0.052636176
c07,292,0,0,0.03144413
c07,293,0,0,0.025492812
c07,294,0,0,0.04222041
c07,295,0,0,0.03246307
c07,296,0,0,0.028011058
c07,297,0,0,0.07040747
c07,298,0,0,0.05232591
c07,299,0,0,0.021951975
c07,300,0,0,0.05575488
c07,301,0,0,0.03863759
c07,302,0,0,0.034197517
c07,303,0,0,0.027357426
c07,304,0,0,0.12815134
c07,305,0,0,0.043741982
c07,306,0,0,0.030829253
c07,307,0,0,0.28062332
c07,308,0,0,0.44884932
c07,309,0,0,0.31494758
c07,310,0,0,0.18835524
c07,311,0,0,0.017455442
c07,312,0,0,0.051346075
c07,313,0,0,0.13351317
c07,314,0,0,0.08057033
c07,315,0,0,0.08438809
c07,316,0,0,0.07286269
c07,317,0,0,0.03958838
c07,318,0,0,0.15344025
c07,319,0,0,0.04368081
c07,320,0,0,0.12055109
c07,321,0,1,0.65402454
c07,322,0,0,0.14033227
c07,323,0,0,0.045228686
c07,324,0,0,0.060312383
c07,325,0,0,0.08916803
c07,326,0,0,0.019939147
c07,327,0,0,0.08705436
c07,328,0,0,0.27412128
c07,329,0,0,0.031819373
c07,330,0,0,0.075005166
c07,331,0,0,0.07893626
c07,332,0,0,0.09783648
c07,333,0,0,0.032098766
c07,334,0,0,0.052308016
c07,335,0,0,0.028029975
c07,336,0,0,0.04604318
c07,337,0,0,0.06333744
c07,338,0,0,0.31999132
c07,339,0,0,0.077460445
c07,340,0,0,0.071381815
c07,341,0,0,0.05610043
c07,342,0,0,0.043968413
c07,343,0,0,0.12475372
c07,344,0,0,0.045317404
c07,345,0,0,0.038574174
c07,346,0,0,0.32099563
c07,347,0,0,0.121010885
c07,348,0,0,0.1452003
c07,349,1,0,0.034128465
c07,350,0,0,0.060719475
c07,351,0,0,0.027367799
c07,352,0,0,0.054071724
c07,353,0,0,0.064610034
c07,354,0,0,0.22914085
c07,355,0,0,0.02724161
c07,356,0,0,0.040236533
c07,357,0,0,0.13408597
c07,358,0,0,0.05634586
c07,359,0,0,0.021454908
c07,360,0,0,0.027958645
c07,361,0,0,0.031882837
c07,362,0,0,0.03523405
c07,363,0,0,0.038617544
c07,364,0,0,0.03087529
c07,365,0,0,0.042010006
c07,366,0,0,0.035604578
c07,367,0,0,0.028945861
c07,368,0,0,0.024844578
c07,369,0,0,0.073015735
c07,370,0,0,0.035702914
c07,371,0,0,0.029373055
c07,372,0,0,0.03162067
c07,373,0,0,0.09060618
c07,374,0,0,0.05044712
c07,375,0,0,0.12393519
c07,376,0,0,0.07001379
c07,377,0,0,0.039649088
c07,378,0,0,0.03655732
c07,379,0,0,0.022236489
c07,380,0,0,0.034018952
c07,381,0,0,0.030686963
c07,382,0,0,0.06846321
c07,383,0,0,0.032104153
c07,384,0,0,0.018883698
c07,385,0,0,0.02747392
c07,386,0,0,0.034597076
c07,387,0,0,0.04077103
c07,388,0,0,0.15502942
c07,389,0,0,0.04633769
c07,390,0,0,0.027582532
c07,391,0,0,0.0198909
c07,392,0,0,0.050263084
c07,393,0,0,0.07035464
c07,394,0,0,0.034399852
c07,395,0,0,0.02274203
c07,396,0,0,0.06702669
c07,397,0,0,0.04289879
c07,398,0,0,0.03561486
c07,399,0,0,0.026416523
c07,400,0,0,0.020542845
c07,401,0,0,0.10630485
c07,402,1,0,0.10629556
c07,403,0,0,0.03160207
c07,404,0,0,0.4743407
c07,405,0,0,0.052512147
c07,406,0,1,0.5032275
c07,407,0,0,0.063717
c07,408,0,0,0.047391184
c07,409,0,0,0.07649314
c07,410,0,0,0.4472021
c07,411,0,0,0.08502913
c07,412,0,0,0.1455125
c07,413,0,0,0.23005614
c07,414,0,0,0.20569402
c07,415,0,0,0.2865702
c07,416,1,0,0.046051193
c07,417,0,0,0.046849206
c07,418,0,0,0.016795944
c07,419,0,0,0.096142836
c07,420,0,1,0.61585265
c07,421,0,0,0.14797634
c07,422,0,0,0.0632502
c07,423,0,0,0.49097785
c07,424,0,0,0.40670168
c07,425,0,0,0.06323192
c07,426,0,0,0.06508303
c07,427,0,0,0.1050867
c07,428,0,0,0.05591126
c08,1,0,0,0.011377842
c08,2,0,0,0.06112485
c08,3,0,0,0.034602292
c08,4,0,0,0.07093461
c08,5,0,0,0.017067006
c08,6,0,0,0.00544312
c08,7,0,0,0.16547474
c08,8,0,0,0.05236009
c08,9,0,0,0.24316266
c08,10,0,0,0.0054114615
c08,11,0,0,0.1412927
c08,12,0,0,0.01832247
c08,13,0,0,0.03370298
c08,14,0,0,0.12325035
c08,15,0,0,0.024441177
c08,16,0,0,0.03795155
c08,17,0,0,0.041445285
c08,18,0,0,0.11400857
c08,19,0,0,0.083774745
c08,20,0,0,0.10498811
c08,21,0,0,0.083071895
c08,22,0,0,0.08224651
c08,23,0,0,0.008090527
c08,24,0,0,0.12115617
c08,25,0,0,0.028588844
c08,26,0,0,0.16698582
c08,27,0,0,0.47523895
c08,28,0,0,0.16562873
c08,29,0,0,0.048579056
c08,30,0,0,0.09695323
c08,31,0,0,0.0901938
c08,32,0,0,0.12511258
c08,33,0,0,0.25832027
c08,34,0,0,0.47446707
c08,35,0,0,0.17801532
c08,36,0,0,0.055125587
c08,37,0,0,0.09992556
c08,38,0,0,0.071807764
c08,39,0,0,0.009578462
c08,40,0,0,0.054177947
c08,41,0,0,0.08477093
c08,42,0,0,0.14658447
c08,43,0,0,0.02947584
c08,44,0,0,0.11364477
c08,45,0,0,0.17322445
c08,46,0,0,0.20953341
c08,47,0,0,0.066662185
c08,48,0,0,0.18550439
c08,49,0,0,0.12122583
c08,50,0,0,0.31779456
c08,51,0,0,0.36649528
c08,52,0,0,0.073175795
c08,53,0,0,0.17759386
c08,54,0,0,0.10620382
c08,55,0,0,0.43328682
c08,56,0,0,0.032908138
c08,57,0,0,0.21380791
c08,58,0,0,0.11987464
c08,59,0,0,0.04098436
c08,60,0,0,0.15806259
c08,61,0,0,0.15764095
c08,62,0,0,0.11489055
c08,63,0,0,0.118752554
c08,64,0,0,0.07523223
c08,65,0,0,0.12493779
c08,66,0,0,0.05248901
c08,67,0,0,0.05466342
c08,68,0,0,0.096012555
c08,69,0,0,0.09341256
c08,70,0,0,0.05517123
c08,71,0,0,0.14037797
c08,72,0,0,0.19294745
c08,73,0,0,0.058551718
c08,74,0,1,0.50292295
c08,75,0,0,0.084163345
c08,76,0,0,0.040014368
c08,77,0,0,0.122078165
c08,78,0,0,0.061036054
c08,79,0,0,0.043319266
c08,80,0,0,0.051719867
c08,81,0,0,0.044251356
c08,82,0,0,0.12543492
c08,83,0,0,0.4296089
c08,84,0,0,0.020339217
c08,85,0,0,0.07464273
c08,86,0,0,0.020754855
c08,87,0,0,0.026631968
c08,88,0,0,0.43245754
c08,89,0,0,0.07449597
c08,90,0,0,0.31707197
c08,91,0,0,0.023302205
c08,92,0,0,0.15087873
c08,93,0,0,0.043979216
c08,94,0,0,0.05354059
c08,95,0,0,0.43919808
c08,96,0,0,0.026944023
c08,97,0,0,0.057820193
c08,98,0,0,0.15240876
c08,99,0,0,0.074080564
c08,100,0,0,0.10827062
c08,101,0,0,0.13558562
c08,102,0,0,0.09096453
c08,103,0,0,0.069089785
c08,104,0,0,0.04236476
c08,105,0,0,0.06930705
c08,106,0,0,0.07046181
c08,107,0,0,0.044321015
c08,108,0,0,0.048183035
c08,109,0,0,0.03304813
c08,110,0,0,0.060019996
c08,111,0,0,0.03999261
c08,112,0,0,0.03212442
c08,113,0,0,0.03640674
c08,114,0,0,0.03603956
c08,115,0,0,0.43635473
c08,116,0,1,0.7949943
c08,117,0,0,0.3727561
c08,118,0,0,0.32445103
c08,119,0,1,0.54205906
c08,120,0,0,0.40813863
c08,121,0,0,0.24461496
c08,122,0,0,0.4753293
c08,123,0,0,0.17818172
c08,124,0,0,0.28253177
c08,125,0,0,0.305559
c08,126,0,0,0.154699
c08,127,0,0,0.329576
c08,128,0,0,0.3534289
c08,129,0,0,0.18760289
c08,130,0,1,0.54722303
c08,131,0,0,0.04364924
c08,132,0,0,0.16905391
c08,133,0,0,0.062543824
c08,134,0,0,0.17520872
c08,135,0,0,0.08129016
c08,136,0,0,0.13689503
c08,137,0,0,0.07257836
c08,138,0,0,0.052862443
c08,139,0,0,0.028220864
c08,140,0,0,0.06683248
c08,141,0,0,0.04646015
c08,142,0,0,0.06457183
c08,143,0,0,0.04024957
c08,144,0,0,0.08208097
c08,145,0,0,0.21113466
c08,146,0,0,0.46249437
c08,147,0,0,0.13523406
c08,148,0,0,0.04553219
c08,149,0,0,0.23731272
c08,150,0,0,0.044004206
c08,151,0,0,0.07287276
c08,152,0,0,0.19140777
c08,153,0,0,0.031877678
c08,154,0,0,0.12415829
c08,155,0,0,0.12869315
c08,156,0,0,0.28903428
c08,157,0,0,0.08710285
c08,158,0,0,0.041965164
c08,159,0,0,0.2863417
c08,160,0,0,0.061868746
c08,161,0,0,0.07658492
c08,162,0,0,0.05355671
c08,163,0,0,0.06140322
c08,164,0,0,0.057114173
c08,165,0,0,0.1386248
c08,166,0,1,0.7359303
c08,167,0,0,0.10973475
c08,168,0,1,0.6664816
c08,169,0,0,0.08198215
c08,170,0,0,0.023731992
c08,171,0,0,0.108589776
c08,172,0,0,0.47349724
c08,173,0,0,0.06068972
c08,174,0,0,0.18328215
c08,175,0,0,0.03897704
c08,176,0,0,0.46126196
c08,177,0,1,0.5735847
c08,178,0,0,0.18940023
c08,179,0,0,0.12549262
c08,180,0,0,0.123480104
c08,181,0,0,0.08974818
c08,182,0,0,0.032266274
c08,183,0,0,0.14846376
c08,184,0,0,0.028064135
c08,185,0,0,0.070015654
c08,186,0,0,0.072770424
c08,187,0,0,0.07043647
c08,188,0,0,0.036645975
c08,189,0,0,0.04870489
c08,190,0,0,0.047300197
c08,191,0,0,0.056233447
c08,192,0,0,0.07542441
c08,193,0,0,0.17116548
c08,194,0,0,0.07484965
c08,195,0,0,0.03947134
c08,196,0,0,0.043912075
c08,197,0,0,0.050038315
c08,198,0,0,0.030449506
c08,199,0,0,0.077060856
c08,200,0,0,0.053461924
c08,201,0,0,0.045638677
c08,202,0,0,0.029348394
c08,203,0,0,0.14190686
c08,204,0,0,0.13359393
c08,205,0,0,0.36931494
c08,206,0,0,0.3314909
c08,207,0,0,0.0931145
c08,208,0,0,0.18687035
c08,209,0,0,0.4021342
c08,210,0,0,0.1159019
c08,211,0,0,0.06571428
c08,212,0,0,0.08211887
c08,213,0,0,0.057616383
c08,214,0,0,0.39927486
c08,215,0,1,0.57001024
c08,216,0,0,0.4547028
c08,217,0,0,0.1255443
c08,218,0,1,0.6169219
c08,219,0,0,0.11081107
c08,220,0,1,0.5068879
c08,221,0,0,0.11690381
c08,222,0,1,0.5869307
c08,223,0,0,0.069497235
c08,224,0,1,0.788489
c08,225,0,0,0.10909378
c08,226,0,0,0.12989543
c08,227,0,1,0.731134
c08,228,0,0,0.2243032
c08,229,0,1,0.54496455
c08,230,0,0,0.19877544
c08,231,0,1,0.7584387
c08,232,0,0,0.1416021
c08,233,0,0,0.054148704
c08,234,0,0,0.17665808
c08,235,0,0,0.44323283
c08,236,0,0,0.12790163
c08,237,0,0,0.25776982
c08,238,0,1,0.5455572
c08,239,0,0,0.09569117
c08,240,0,0,0.13880391
c08,241,0,0,0.035020016
c08,242,0,0,0.33235666
c08,243,0,0,0.20530577
c08,244,0,0,0.13990797
c08,245,0,0,0.25809216
c08,246,0,0,0.35643062
c08,247,0,0,0.09972924
c08,248,0,0,0.21261917
c08,249,0,0,0.07977494
c08,250,0,0,0.15269563
c08,251,0,0,0.015452514
c08,252,0,0,0.15280743
c08,253,0,0,0.12464627
c08,254,0,0,0.40691444
c08,255,0,0,0.04968461
c08,256,0,0,0.1011883
c08,257,0,0,0.15626541
c08,258,0,0,0.10965486
c08,259,0,0,0.42487535
c08,260,0,0,0.14017884
c08,261,0,0,0.118334636
c08,262,0,0,0.21812017
c08,263,0,0,0.22224751
c08,264,0,0,0.18077183
c08,265,0,0,0.07909395
c08,266,0,0,0.49732834
c08,267,0,0,0.39180747
c08,268,0,0,0.17995451
c08,269,0,0,0.4088471
c08,270,0,0,0.0728031
c08,271,0,0,0.24055028
c08,272,0,0,0.33054462
c08,273,0,0,0.073268324
c08,274,0,0,0.2306338
c08,275,0,1,0.50590324
c08,276,0,0,0.2705844
c08,277,0,0,0.33017406
c08,278,0,1,0.66010845
c08,279,0,0,0.49362618
c08,280,0,0,0.090852894
c08,281,0,0,0.16238424
c08,282,0,0,0.13515405
c08,283,0,0,0.26958206
c08,284,0,0,0.08254723
c08,285,0,0,0.4091382
c08,286,0,0,0.25669053
c08,287,0,0,0.2567479
c08,288,0,0,0.07936811
c08,289,0,0,0.06795842
c08,290,0,0,0.15925515
c08,291,0,0,0.03637242
c08,292,0,0,0.06251799
c08,293,0,1,0.57591677
c08,294,0,0,0.120029755
c08,295,0,1,0.7337234
c08,296,0,0,0.30904484
c08,297,0,0,0.1983127
c08,298,0,0,0.49399894
c08,299,0,0,0.058283765
c08,300,0,0,0.14976875
c08,301,0,0,0.053618558
c08,302,0,0,0.07817297
c08,303,0,0,0.0968982
c08,304,0,0,0.4796293
c08,305,0,0,0.20385285
c08,306,0,0,0.081881456
c08,307,0,0,0.113611735
c08,308,0,0,0.14702351
c08,309,0,0,0.25238666
c08,310,0,0,0.04077226
c08,311,0,0,0.09942941
c08,312,0,0,0.11629917
c08,313,0,0,0.057378456
c08,314,0,0,0.4022739
c08,315,0,0,0.1156163
c08,316,0,0,0.035754785
c08,317,0,0,0.043593455
c08,318,0,0,0.3890252
c08,319,0,0,0.042632367
c08,320,0,0,0.09570089
c08,321,0,0,0.18217252
c08,322,0,0,0.0796002
c08,323,0,0,0.020725425
c08,324,0,0,0.07656361
c08,325,0,0,0.10102228
c08,326,0,0,0.45327136
c08,327,0,0,0.1662247
c08,328,0,0,0.19629256
c08,329,0,0,0.029032389
c08,330,0,0,0.24376015
c08,331,0,0,0.12650505
c08,332,0,0,0.17874569
c08,333,0,0,0.102930285
c08,334,0,0,0.11735082
c08,335,0,0,0.09593528
c08,336,0,0,0.16476226
c08,337,0,0,0.10246251
c08,338,0,1,0.6129447
c08,339,0,0,0.14572693
c08,340,0,0,0.10310691
c08,341,0,0,0.02426428
c08,342,0,0,0.05538386
c08,343,0,1,0.6459673
c08,344,0,1,0.61190504
c08,345,0,0,0.08814717
c08,346,0,0,0.10139134
c08,347,0,0,0.08569336
c08,348,0,0,0.083292454
c08,349,0,0,0.1582755
c08,350,0,0,0.13265094
c08,351,0,0,0.02665521
c08,352,0,0,0.033286422
c08,353,0,0,0.43158054
c08,354,0,0,0.03783768
c08,355,0,0,0.4007482
c08,356,0,0,0.06265551
c08,357,0,0,0.02237022
c08,358,0,0,0.027909571
c08,359,0,0,0.21285312
c08,360,0,0,0.12914647
c08,361,0,0,0.04272569
c08,362,0,0,0.081190154
c08,363,0,0,0.071519606
c08,364,0,1,0.5166999
c08,365,0,0,0.44953147
c08,366,0,1,0.7168401
c08,367,0,0,0.044994656
c08,368,0,0,0.42037854
c08,369,0,1,0.648527
c08,370,0,1,0.63705397
c08,371,0,1,0.72659343
c08,372,0,1,0.7190151
c08,373,0,1,0.77927905
c08,374,0,0,0.14222305
c08,375,0,1,0.7964919
c08,376,0,1,0.8120705
c08,377,0,0,0.2825026
c08,378,0,0,0.36197442
c08,379,0,1,0.706665
c08,380,0,0,0.14291567
c08,381,0,0,0.18040766
c08,382,0,1,0.66344774
c08,383,0,0,0.36706594
c08,384,0,0,0.35020924
c08,385,0,0,0.44722068
c08,386,0,0,0.26840544
c08,387,0,0,0.12204787
c08,388,0,0,0.18396835
c08,389,0,0,0.1278437
c08,390,0,0,0.2660874
c08,391,0,1,0.56460315
c08,392,0,0,0.06798126
c08,393,0,0,0.07896669
c08,394,0,0,0.06392589
c08,395,0,0,0.09441168
c08,396,0,0,0.049544286
c08,397,0,0,0.11877041
c08,398,0,0,0.10299326
c08,399,0,0,0.032299917
c08,400,0,0,0.012677842
c08,401,0,0,0.11116409
c08,402,0,0,0.049899567
c08,403,0,0,0.021733532
c08,404,0,0,0.04133471
c08,405,0,0,0.0785783
c08,406,0,0,0.030343797
c08,407,0,0,0.05662525
c08,408,0,1,0.5993701
c08,409,0,0,0.030173011
c08,410,0,0,0.057807066
c08,411,0,0,0.044045426
c08,412,0,0,0.039435107
c08,413,0,0,0.023860209
c08,414,0,0,0.0102451155
c08,415,0,0,0.39274526
c08,416,0,1,0.54959786
c08,417,0,0,0.01565034
c08,418,0,0,0.19142963
c08,419,0,0,0.01495873
c08,420,0,0,0.012083878
c08,421,0,0,0.005300726
c08,422,0,0,0.08110712
c08,423,0,0,0.036986113
c08,424,0,0,0.0115200775
c08,425,0,0,0.032199726
c08,426,0,0,0.011232013
c08,427,0,0,0.0070741135
c08,428,0,0,0.027739393
c08,429,0,0,0.012033514
c08,430,0,0,0.056818847
c08,431,0,0,0.019719696
c08,432,0,0,0.038055047
c08,433,0,0,0.01850612
c08,434,0,0,0.0040232656
c08,435,0,0,0.016424973
c08,436,0,0,0.01026756
c08,437,0,0,0.018009027
c08,438,0,0,0.13783532
c08,439,0,1,0.55155134
c08,440,0,0,0.01515051
c08,441,0,0,0.048519388
c08,442,0,0,0.014694339
c08,443,0,0,0.023163848
c08,444,0,0,0.011818171
c08,445,0,0,0.036099195
c08,446,0,0,0.0053521995
c08,447,0,0,0.023040425
c08,448,0,0,0.020083474
c08,449,0,0,0.02227195
c08,450,0,0,0.08140714
c08,451,0,0,0.028363923
c08,452,0,0,0.014954607
c08,453,0,0,0.016251659
c08,454,0,0,0.008250518
c08,455,0,0,0.010308597
c08,456,0,0,0.012941514
c08,457,0,0,0.24589184
c08,458,0,0,0.021669794
c08,459,0,0,0.041859314
c08,460,0,0,0.026074287
c08,461,0,0,0.009463276
c08,462,0,0,0.032344237
c08,463,0,0,0.01391572
c08,464,0,0,0.112400636
c08,465,0,0,0.10470245
c08,466,0,0,0.012812979
c08,467,0,0,0.023773858
c08,468,0,0,0.436962
c08,469,0,0,0.060461286
c08,470,0,0,0.10213282
c08,471,0,0,0.26560384
c08,472,0,0,0.22839867
c08,473,0,0,0.028853266
c08,474,0,1,0.52213556
c08,475,0,0,0.20373666
c08,476,0,0,0.29154116
c08,477,0,0,0.16862373
c08,478,0,1,0.6950805
c08,479,0,0,0.14494936
c08,480,0,0,0.060509924
c08,481,0,0,0.079388
c08,482,0,1,0.6455809
c08,483,0,0,0.042478427
c08,484,0,0,0.020247534
c08,485,0,0,0.14117862
c08,486,0,0,0.3007844
c08,487,0,0,0.07422451
c08,488,0,0,0.040255554
c08,489,0,0,0.045196656
c08,490,0,0,0.06860609
c08,491,0,0,0.049377013
c08,492,0,1,0.7415011
c08,493,0,0,0.044570915
c08,494,0,0,0.04496651
c08,495,0,0,0.031480752
c08,496,0,0,0.064342745
c08,497,0,0,0.0106370635
c08,498,0,0,0.036385693
c08,499,0,0,0.11992382
c08,500,0,0,0.026862083
c08,501,0,0,0.03320509
c08,502,0,0,0.1890389
c08,503,0,0,0.35899156
c08,504,0,0,0.025063371
c08,505,0,0,0.34354663
c08,506,0,0,0.02260019
c08,507,0,0,0.307268
c08,508,0,0,0.15408206
c08,509,0,1,0.55834866
c08,510,0,1,0.61965317
c08,511,0,0,0.0874362
c08,512,0,0,0.106804624
c09,13,0,0,0.004024739
c09,14,0,0,0.0017881751
c09,15,0,0,0.0037448267
c09,16,0,0,0.4178388
c09,17,0,0,0.0018329037
c09,18,0,0,0.0028195316
c09,19,0,0,0.0032047231
c09,20,0,0,0.0024671427
c09,21,0,0,0.0039332528
c09,22,0,0,0.008043526
c09,23,0,0,0.0027222976
c09,24,0,0,0.0061291885
c09,25,0,0,0.0044317744
c09,26,0,0,0.0033822462
c09,27,0,0,0.0069149593
c09,28,0,0,0.016004385
c09,29,0,0,0.001892804
c09,30,0,0,0.0076955087
c09,31,0,0,0.007981264
c09,32,1,0,0.00424697
c09,33,0,0,0.0036790508
c09,34,0,0,0.004902479
c09,35,1,0,0.0018948194
c09,36,0,0,0.0013076987
c09,37,0,0,0.0019389505
c09,38,0,0,0.002701301
c09,39,0,0,0.0029034768
c09,40,0,0,0.00652406
c09,41,0,0,0.0021164264
c09,42,0,0,0.0024194529
c09,43,0,0,0.0016776912
c09,44,0,0,0.009315199
c09,45,0,0,0.002602653
c09,46,0,0,0.0025241335
c09,47,0,0,0.0018588807
c09,48,0,0,0.0040325467
c09,49,0,0,0.0025063083
c09,50,0,0,0.007708304
c09,51,0,0,0.0019995463
c09,52,0,0,0.003937271
c09,53,0,0,0.0024679713
c09,54,0,0,0.002440325
c09,55,0,0,0.0024324236
c09,56,0,0,0.002187677
c09,57,0,0,0.0029159677
c09,58,0,0,0.0029452145
c09,59,0,0,0.003238185
c09,60,0,0,0.0032704961
c09,61,0,0,0.0027895998
c09,62,0,0,0.009961302
c09,63,0,0,0.0025485053
c09,64,0,0,0.0023422097
c09,65,0,0,0.005217029
c09,66,0,0,0.053141244
c09,67,0,0,0.0032477411
c09,68,0,0,0.0018415792
c09,69,0,0,0.0025586977
c09,70,0,0,0.0018872558
c09,71,0,0,0.0019756302
c09,72,0,0,0.0022877087
c09,73,0,0,0.001821086
c09,74,0,0,0.0020050034
c09,75,0,0,0.0037952198
c09,76,0,0,0.003308662
c09,77,0,0,0.002172544
c09,78,0,0,0.0020899265
c09,79,0,0,0.0018329996
c09,80,0,0,0.0027502428
c09,81,0,0,0.0028819086
c09,82,0,0,0.0021094086
c09,83,0,0,0.0020408973
c09,84,0,0,0.0020886508
c09,85,0,0,0.0030680106
c09,86,0,0,0.0026751729
c09,87,0,0,0.0027601307
c09,88,0,0,0.0027660104
c09,89,0,0,0.002005092
c09,90,0,0,0.0021950211
c09,91,0,0,0.0023646567
c09,92,0,0,0.0059381668
c09,93,0,0,0.0019480851
c09,94,0,0,0.022344653
c09,95,0,0,0.002191176
c09,96,0,0,0.043399766
c09,97,0,0,0.03175225
c09,98,0,0,0.0020474244
c09,99,0,0,0.010012861
c09,100,0,0,0.0025486688
c09,101,0,0,0.0027330092
c09,102,0,0,0.0050109783
c09,103,0,0,0.002372887
c09,104,0,0,0.002724169
c09,105,0,0,0.0026397489
c09,106,0,0,0.0041264836
c09,107,0,0,0.0034216372
c09,108,0,0,0.007886468
c09,109,0,0,0.0029090634
c09,110,0,0,0.003718665
c09,111,0,0,0.0032726761
c09,112,0,0,0.0036229317
c09,113,0,0,0.008552656
c09,114,0,0,0.0043356046
c09,115,0,0,0.003396446
c09,116,0,0,0.0035846634
c09,117,0,0,0.004357197
c09,118,0,0,0.0031428228
c09,119,0,0,0.0025260167
c09,120,0,0,0.0037989751
c09,121,0,0,0.0034760495
c09,122,0,0,0.0025085742
c09,123,0,0,0.0033856877
c09,124,0,0,0.0026234763
c09,125,0,0,0.0036539498
c09,126,0,0,0.0042539164
c09,127,0,0,0.0034815774
c09,128,0,0,0.0022778183
c09,129,0,0,0.0032034074
c09,130,0,0,0.0048009753
c09,131,0,0,0.0035231959
c09,132,0,0,0.0034653002
c09,133,0,0,0.0033830614
c09,134,0,0,0.0036424012
c09,135,0,0,0.016432062
c09,136,0,0,0.005445428
c09,137,0,0,0.012838752
c09,138,0,0,0.0041343058
c09,139,0,0,0.0030838433
c09,140,0,0,0.0037591548
c09,141,0,0,0.0032032977
c09,142,0,0,0.00564001
c09,143,0,0,0.0034107326
c09,144,0,0,0.0030631982
c09,145,0,0,0.0033200348
c09,146,0,0,0.0059522707
c09,147,0,0,0.0057984735
c09,148,0,0,0.004540397
c09,149,0,0,0.003776258
c09,150,0,0,0.0028526331
c09,151,0,0,0.0035065413
c09,152,0,0,0.0035181905
c09,153,0,0,0.0035457148
c09,154,0,0,0.003522024
c09,155,0,0,0.003155995
c09,156,0,0,0.0033075176
c09,157,0,0,0.0046712267
c09,158,0,0,0.004287605
c09,159,0,0,0.0034764295
c09,160,0,0,0.003735138
c09,161,0,0,0.0037710401
c09,162,0,0,0.0034754088
c09,163,0,0,0.003714241
c09,164,0,0,0.003255473
c09,165,0,0,0.0038026639
c09,166,0,0,0.0036670226
c09,167,0,0,0.003394776
c09,168,0,0,0.0033673134
c09,169,0,0,0.0043182126
c09,170,0,0,0.0038694975
c09,171,0,0,0.0029388168
c09,172,0,0,0.004399551
c09,173,0,0,0.05853754
c09,174,0,0,0.012286787
c09,175,0,0,0.004939487
c09,176,0,0,0.004352843
c09,177,0,0,0.003289843
c09,178,0,0,0.0036405846
c09,179,0,0,0.003230763
c09,180,0,0,0.0032529198
c09,181,0,0,0.0032685352
c09,182,0,0,0.0035558697
c09,183,0,0,0.0028417786
c09,184,0,0,0.0031784866
c09,185,0,0,0.009071632
c09,186,0,0,0.003732112
c09,187,0,0,0.003944159
c09,188,0,0,0.0038856263
c09,189,0,0,0.004143368
c09,190,0,0,0.0035512028
c09,191,0,0,0.0062183477
c09,192,0,0,0.003927432
c09,193,0,0,0.0030844663
c09,194,0,0,0.0034836775
c09,195,0,0,0.016557718
c09,196,0,0,0.009288439
c09,197,0,0,0.036014944
c09,198,0,0,0.027204039
c09,199,0,0,0.004415881
c09,200,0,0,0.005349687
c09,201,0,0,0.0055124257
c09,202,0,0,0.0036066708
c09,203,0,0,0.0055193417
c09,204,0,0,0.006332162
c09,205,0,0,0.004262505
c09,206,0,0,0.0070608356
c09,207,0,0,0.010359422
c09,208,0,0,0.009821835
c09,209,0,0,0.009573966
c09,210,0,0,0.006657503
c09,211,0,0,0.0029207713
c09,212,0,0,0.004474625
c09,213,0,0,0.0017950465
c09,214,0,0,0.0041809
c09,215,0,0,0.008923922
c09,216,0,0,0.005112504
c09,217,0,0,0.002530891
c09,218,0,0,0.0025592805
c09,219,0,0,0.0028606767
c09,220,0,0,0.0019636424
c09,221,0,0,0.0018743193
c09,222,0,0,0.0025766164
c09,223,0,0,0.002398962
c09,224,0,0,0.0063695945
c09,225,0,0,0.01990276
c09,226,0,0,0.0032497765
c09,227,0,0,0.002717282
c09,228,0,0,0.002564713
c09,229,0,0,0.002771477
c09,230,0,0,0.0026229
c09,231,0,0,0.0025927015
c09,232,0,0,0.0028035466
c09,233,0,0,0.0037605336
c09,234,0,0,0.0030773734
c09,235,0,0,0.0028927948
c09,236,0,0,0.002550495
c09,237,0,0,0.0024871673
c09,238,0,0,0.002990077
c09,239,0,0,0.0028656377
c09,240,0,0,0.0027278934
c09,241,0,0,0.0028944786
c09,242,0,0,0.0032761123
c09,243,0,0,0.0039766547
c09,244,0,0,0.003005243
c09,245,0,0,0.002492123
c09,246,0,0,0.0026392594
c09,247,0,0,0.0027234294
c09,248,0,0,0.0026009232
c09,249,0,0,0.0032481519
c09,250,0,0,0.003561766
c09,251,0,0,0.0029264423
c09,252,0,0,0.0026866703
c09,253,0,0,0.0032749944
c09,254,0,0,0.0030001155
c09,255,0,0,0.0046740277
c09,256,0,0,0.002751224
c09,257,0,0,0.0027106174
c09,258,0,0,0.0026032026
c09,259,0,0,0.0027502887
c09,260,0,0,0.0028030535
c09,261,0,0,0.0029710904
c09,262,0,0,0.0033186686
c09,263,0,0,0.0029609108
c09,264,0,0,0.0028682137
c09,265,0,0,0.002890136
c09,266,0,0,0.0026639833
c09,267,0,0,0.007243375
c09,268,0,0,0.022629
c09,269,0,0,0.008638246
c09,270,0,0,0.0026654596
c09,271,0,0,0.003286422
c09,272,0,0,0.004745925
c09,273,0,0,0.00646924
c09,274,0,0,0.0044969576
c09,275,0,0,0.0040452178
c09,276,0,0,0.004028018
c09,277,0,0,0.0029448166
c09,278,0,0,0.0037027118
c09,279,0,0,0.0035828825
c09,280,0,0,0.003600276
c09,281,0,0,0.003926216
c09,282,0,0,0.003911976
c09,283,0,0,0.0033078948
c09,284,0,0,0.0036801833
c09,285,0,0,0.002922531
c09,286,0,0,0.0034309993
c09,287,0,0,0.003231721
c09,288,0,0,0.0032365292
c09,289,0,0,0.0032225118
c09,290,0,0,0.0028574455
c09,291,0,0,0.0035233598
c09,292,0,0,0.0041546673
c09,293,0,0,0.0027746586
c09,294,0,0,0.0027898438
c09,295,0,0,0.0028958581
c09,296,0,0,0.003047877
c09,297,0,0,0.0054493854
c09,298,0,0,0.0028308842
c09,299,0,0,0.0033919588
c09,300,0,0,0.0036767581
c09,301,0,0,0.004357516
c09,302,0,0,0.0037525191
c09,303,0,0,0.0036135644
c09,304,0,0,0.003519257
c09,305,0,0,0.0030700807
c09,306,0,0,0.0033170634
c09,307,0,0,0.0037371577
c09,308,0,0,0.004356175
c09,309,0,0,0.0039144238
c09,310,0,0,0.0045190975
c09,311,0,0,0.003974004
c09,312,0,0,0.0042366656
c09,313,0,0,0.0038435152
c09,314,0,0,0.0035924723
c09,315,0,0,0.0122486
c09,316,0,0,0.005457121
c09,317,0,0,0.002330752
c09,318,0,0,0.0027599297
c09,319,0,0,0.0029181659
c09,320,0,0,0.0028845486
c09,321,0,0,0.003129192
c09,322,0,0,0.0033032761
c09,323,0,0,0.0028901305
c09,324,0,0,0.0055422536
c09,325,0,0,0.0032718459
c09,326,0,0,0.0034145797
c09,327,0,0,0.0036218457
c09,328,0,0,0.0036458988
c09,329,0,0,0.003485734
c09,330,0,0,0.0030943572
c09,331,0,0,0.0033315273
c09,332,0,0,0.0029251059
c09,333,0,0,0.0028690118
c09,334,0,0,0.0031095746
c09,335,0,0,0.0033040894
c09,336,0,0,0.0031480317
c09,337,0,0,0.0035148736
c09,338,0,0,0.0029071094
c09,339,0,0,0.00269476
c09,340,0,0,0.0031265425
c09,341,0,0,0.0027727121
c09,342,0,0,0.002584609
c09,343,0,0,0.0032087287
c09,344,0,0,0.002822959
c09,345,0,0,0.002934918
c09,346,0,0,0.0047951033
c09,347,0,0,0.0033345688
c09,348,0,0,0.0025422522
c09,349,0,0,0.0026492418
c09,350,0,0,0.0036233342
c09,351,0,0,0.0035761779
c09,352,0,0,0.002932756
c09,353,0,0,0.0030544605
c09,354,0,0,0.0031020744
c09,355,0,0,0.0036432387
c09,356,0,0,0.0030928338
c09,357,0,0,0.002845788
c09,358,0,0,0.0030007088
c09,359,0,0,0.0038895241
c09,360,0,0,0.004855173
c09,361,0,0,0.0034282107
c09,362,0,0,0.003014621
c09,363,0,0,0.0030253904
c09,364,0,0,0.003054677
c09,365,0,0,0.0031402153
c09,366,0,0,0.0028593563
c09,367,0,0,0.003071393
c09,368,0,0,0.006783648
c09,369,0,0,0.010273314
c09,370,0,0,0.05222144
c09,371,0,0,0.0037449365
c09,372,0,0,0.004065397
c09,373,0,0,0.0030603777
c09,374,0,0,0.0041946527
c09,375,0,0,0.0056657777
c09,376,0,0,0.020626107
c09,377,0,0,0.0060208333
c09,378,0,0,0.0032821
c09,379,0,0,0.003023149
c09,380,0,0,0.0033717572
c09,381,0,0,0.0032670503
c09,382,0,0,0.0035706211
c09,383,0,0,0.0054839277
c09,384,0,0,0.0050706463
c09,385,0,0,0.0047053187
c09,386,0,0,0.0045687696
c09,387,0,0,0.006468502
c09,388,0,0,0.024847493
c09,389,0,0,0.003986982
c09,390,0,0,0.005364209
c09,391,0,0,0.005297973
c09,392,0,0,0.0031456056
c09,393,0,0,0.0038421461
c09,394,0,0,0.0054116715
c09,395,0,0,0.004706056
c09,396,0,0,0.005299109
c09,397,0,0,0.024676181
c09,398,0,0,0.005786037
c09,399,0,0,0.0048599676
c09,400,0,0,0.0041648815
c09,401,0,0,0.0066348556
c09,402,0,0,0.004443496
c09,403,0,0,0.0040719626
c09,404,0,0,0.005174006
c09,405,0,0,0.004704289
c09,406,0,0,0.0038160419
c09,407,0,0,0.0038223553
c09,408,0,0,0.0049481834
c09,409,0,0,0.0043400675
c09,410,0,0,0.004042282
c09,411,0,0,0.003735626
c09,412,0,0,0.005591953
c09,413,0,0,0.0038732453
c09,414,0,0,0.004464532
c09,415,0,0,0.0046356022
c09,416,0,0,0.004647995
c09,417,0,0,0.003581102
c09,418,0,0,0.006982977
c09,419,0,0,0.0039686095
c09,420,0,0,0.0036982906
c09,421,0,0,0.005440537
c09,422,0,0,0.0047349418
c09,423,0,0,0.004702635
c09,424,0,0,0.005878808
c09,425,0,0,0.003947043
c09,426,0,0,0.0043346826
c09,427,0,0,0.0047296216
c09,428,0,0,0.004410511
c09,429,0,0,0.0039252373
c09,430,0,0,0.004271693
c09,431,0,0,0.0037013208
c09,432,0,0,0.004489267
c09,433,0,0,0.0035326
c09,434,0,0,0.003805568
c09,435,0,0,0.004529124
c09,436,0,0,0.008241697
c09,437,0,0,0.0057890415
c09,438,0,0,0.00412523
c09,439,0,0,0.004143398
c09,440,0,0,0.010265061
c09,441,0,0,0.004811947
c09,442,0,0,0.0054468797
c09,443,0,0,0.0050339205
c09,444,0,0,0.0026676927
c09,445,0,0,0.003142473
c09,446,0,0,0.0031210023
c09,447,0,0,0.0039474126
c09,448,0,0,0.0073540024
c09,449,0,0,0.002650526
c09,450,0,0,0.0026465193
c09,451,0,0,0.0029591576
c09,452,0,0,0.009541674
c09,453,0,0,0.012452456
c09,454,0,0,0.0037222498
c09,455,0,0,0.002729693
c09,456,0,0,0.074183755
c09,457,0,0,0.009369534
c09,458,0,0,0.0052059907
c09,459,0,0,0.003579879
c09,460,0,0,0.032536283
c09,461,0,0,0.0034587164
c09,462,0,0,0.0035659198
c09,463,0,0,0.01829952
c09,464,0,0,0.004835308
c09,465,0,0,0.0058315755
c09,466,0,0,0.0019471361
c09,467,0,0,0.08866971
c10,5,0,0,7.824025e-06
c10,9,0,0,1.0023341e-14
c10,10,0,0,6.554816e-10
c10,11,0,0,0.008475824
c10,12,0,0,0.00053031516
c10,13,0,0,0.0017409131
c10,14,0,0,0.05289332
c10,15,0,0,0.001294251
c10,16,0,0,0.00039956166
c10,17,0,0,0.0004112141
c10,18,0,0,0.01042727
c10,19,0,0,0.0094319675
c10,20,0,0,0.03262041
c10,21,0,0,0.0007084551
c10,22,0,0,0.00039196166
c10,23,0,0,0.00030854187
c10,24,0,0,0.00031211282
c10,25,0,0,0.001186102
c10,26,0,0,0.00020759687
c10,27,0,0,0.00050247967
c10,28,0,0,0.0003338668
c10,29,0,0,0.00016998647
c10,30,0,0,0.0033284652
c10,31,0,0,0.0009789584
c10,32,0,0,0.00068654463
c10,33,0,0,0.00026015865
c10,34,0,0,0.0006832608
c10,35,0,0,0.00027129115
c10,36,0,0,0.00022852432
c10,37,0,0,0.00022952969
c10,38,0,0,0.0005775512
c10,39,0,0,0.00064316066
c10,40,0,0,0.001465431
c10,41,0,0,0.00043892083
c10,42,0,0,0.000227932
c10,43,0,0,0.00040900466
c10,44,0,0,0.0007718377
c10,45,0,0,0.00044671248
c10,46,0,0,0.0002267924
c10,47,0,0,0.0005808832
c10,48,0,0,0.0004623027
c10,49,0,0,0.0003933614
c10,50,0,0,0.00028633166
c10,51,0,0,0.00017974155
c10,52,0,0,0.0002021466
c10,53,0,0,0.00024701163
c10,54,0,0,0.0003473198
c10,55,0,0,0.0002623606
c10,56,0,0,0.00022577168
c10,57,0,0,0.00034645404
c10,58,0,0,0.00020797647
c10,59,0,0,0.0002500072
c10,60,0,0,0.0002703201
c10,61,0,0,0.0004791497
c10,62,0,0,0.00027434036
c10,63,0,0,0.00019838006
c10,64,0,0,0.0003118722
c10,65,0,0,0.00032545478
c10,66,0,0,0.00021278
c10,67,0,0,0.0003106105
c10,68,0,0,0.00024241515
c10,69,0,0,0.00022765314
c10,70,0,0,0.00028653647
c10,71,0,0,0.0006646304
c10,72,0,0,0.00085854216
c10,73,0,0,0.0032631955
c10,74,0,0,0.00028020964
c10,75,0,0,0.00037435748
c10,76,0,0,0.00044133136
c10,77,0,0,0.0001634016
c10,78,0,0,0.00017044807
c10,79,0,0,0.00019613084
c10,80,0,0,0.00022745527
c10,81,0,0,0.0002324376
c10,82,0,0,0.00040898635
c10,83,0,0,0.00038182954
c10,84,0,0,0.00015461662
c10,85,0,0,0.00015419745
c10,86,0,0,0.00015697742
c10,87,0,0,0.00020087867
c10,88,0,0,0.0002610163
c10,89,0,0,0.00022687716
c10,90,0,0,0.006081317
c10,91,0,0,0.027557833
c10,92,0,0,0.014033847
c10,93,0,0,0.039579343
c10,94,0,0,0.018158576
c10,95,0,0,0.0065708603
c10,96,0,0,0.00026873025
c10,97,0,0,0.017349957
c10,98,0,0,0.004233396
c10,99,0,0,0.00028056465
c10,100,0,0,0.00029447302
c10,101,0,0,0.009484817
c10,102,0,0,0.005196704
c10,103,0,0,0.0007562771
c10,104,0,0,0.0012180019
c10,105,0,0,0.0007908756
c10,106,0,0,0.0002439654
c10,107,0,0,0.0034072124
c10,108,0,0,0.0006094069
c10,109,0,0,0.0041207853
c10,110,0,0,0.014984693
c10,111,0,0,0.00066743785
c10,112,0,0,0.0010455656
c10,113,0,0,0.00042903255
c10,114,0,0,0.003393687
c10,115,0,0,0.0028056349
c10,116,0,0,0.00037689667
c10,117,0,0,0.00088589266
c10,118,0,0,0.0003839184
c10,119,0,0,0.0040681628
c10,120,0,0,0.0002696588
c10,121,0,0,0.0005714619
c10,122,0,0,0.00034557853
c10,123,0,0,0.0005170366
c10,124,0,0,0.00021923041
c10,125,0,0,0.0036911762
c10,126,0,0,0.0012660247
c10,127,0,0,0.00024966372
c10,128,0,0,0.00031292654
c10,129,0,0,0.0005371783
c10,130,0,0,0.0006359699
c10,131,0,0,0.00023827075
c10,132,0,0,0.00032658892
c10,133,0,0,0.00023500965
c10,134,0,0,0.00021806547
c10,135,0,0,0.00021184514
c10,136,0,0,0.0003417678
c10,137,0,0,0.0010892977
c10,138,0,0,0.0002270765
c10,139,0,0,0.00036183177
c10,140,0,0,0.00023059663
c10,141,0,0,0.00038198975
c10,142,0,0,0.00032650147
c10,143,0,0,0.0005673968
c10,144,0,0,0.00028864303
c10,145,0,0,0.00028775993
c10,146,0,0,0.0004962968
c10,147,0,0,0.0065480964
c10,148,0,0,0.0014268692
c10,149,0,0,0.0076169735
c10,150,0,0,0.002741797
c10,151,0,0,0.00022227348
c10,152,0,0,0.0006008284
c10,153,0,0,0.00020497994
c10,154,0,0,0.00031327998
c10,155,0,0,0.00024359305
c10,156,0,0,0.00040616113
c10,157,0,0,0.00038158282
c10,158,0,0,0.00037330613
c10,159,0,0,0.0002579779
c10,160,0,0,0.00017585602
c10,161,0,0,0.00037522498
c10,162,0,0,0.0002631904
c10,163,0,0,0.00023977054
c10,164,0,0,0.0033058831
c10,165,0,0,0.0016065959
c10,166,0,0,0.00075107865
c10,167,0,0,0.00027519278
c10,168,0,0,0.00029896293
c10,169,0,0,0.00033349617
c10,170,0,0,0.00060774887
c10,171,0,0,0.0003127768
c10,172,0,0,0.00021571276
c10,173,0,0,0.0001861764
c10,174,0,0,0.0004072634
c10,175,0,0,0.00033221228
c10,176,0,0,0.00028096134
c10,177,0,0,0.00045895472
c10,178,0,0,0.00066301675
c10,179,0,0,0.03270383
c10,180,0,0,0.04197535
c10,181,0,0,0.00040825363
c10,182,0,0,0.0003181806
c10,183,0,0,0.00042444697
c10,184,0,0,0.008083409
c10,185,0,0,0.00036280754
c10,186,0,0,0.00037738818
c10,187,0,0,0.00025849714
c10,188,0,0,0.00030238097
c10,189,0,0,0.0003603488
c10,190,0,0,0.0008751445
c10,191,0,0,0.00028377297
c10,192,0,0,0.0002311659
c10,193,0,0,0.00053763343
c10,194,0,0,0.02917708
c10,195,0,0,0.017602716
c10,196,0,0,0.013468769
c10,197,0,0,0.018606732
c10,198,0,0,0.00044280986
c10,199,0,0,0.00019316694
c10,200,0,0,0.00025479888
c10,201,0,0,0.000299201
c10,202,0,0,0.0003743307
c10,203,0,0,0.00027887546
c10,204,0,0,0.00039623815
c10,205,0,0,0.00020215604
c10,206,0,0,0.00039491866
c10,207,0,0,0.00042488886
c10,208,0,0,0.00023363273
c10,209,0,0,0.000505838
c10,210,0,0,0.035925522
c10,211,0,0,0.12144271
c10,212,0,0,0.0010030646
c10,213,0,0,0.0017135466
c10,214,0,0,0.00040578822
c10,215,0,0,0.02981894
c10,216,0,0,0.0005943689
c10,217,0,0,0.0043428065
c10,218,0,0,0.00056920893
c10,219,0,0,0.010827852
c10,220,0,0,0.0037907695
c10,221,0,0,0.008267448
c10,222,0,0,0.005305905
c10,223,0,0,0.00064170436
c10,224,0,0,0.0006322746
c10,225,0,0,0.0008984982
c10,226,0,0,0.0002492482
c10,227,0,0,0.0029436843
c10,228,0,0,0.00207142
c10,229,0,0,0.0023785175
c10,230,0,0,0.00035400596
c10,231,0,0,0.00132593
c10,232,0,0,0.0037987228
c10,233,0,0,0.008014635
c10,234,0,0,0.0017591879
c10,235,0,0,0.0031773795
c10,236,0,0,0.00044947953
c10,237,0,0,0.002114693
c10,238,0,0,0.0015355336
c10,239,0,0,0.0025739877
c10,240,0,0,0.0014881847
c10,241,0,0,0.0004905253
c10,242,0,0,0.000474929
c10,243,0,0,0.0003465059
c10,244,0,0,0.00047155475
c10,245,0,0,0.00053651794
c10,246,0,0,0.00030079123
c10,247,0,0,0.0058856704
c10,248,0,0,0.000802654
c10,249,0,0,0.00035785075
c10,250,0,0,0.0005889912
c10,251,0,0,0.00040295956
c10,252,0,0,0.0003706596
c10,253,0,0,0.00031047993
c10,254,0,0,0.00034710002
c10,255,0,0,0.00047647182
c10,256,0,0,0.0002884557
c10,257,1,0,0.00073731545
c10,258,0,0,0.00054598367
c10,259,0,0,0.00031414072
c10,260,0,0,0.00037539742
c10,261,0,0,0.0003112508
c10,262,0,0,0.0008822095
c10,263,0,0,0.00031759567
c10,264,0,0,0.00074873684
c10,265,0,0,0.00029642615
c10,266,0,0,0.0003633728
c10,267,0,0,0.00057397294
c10,268,0,0,0.00035658016
c10,269,0,0,0.00062197144
c10,270,0,0,0.00039650756
c10,271,0,0,0.00044929681
c10,272,0,0,0.0004448487
c10,273,0,0,0.0005698607
c10,274,0,0,0.00045920085
c10,275,0,0,0.00043943847
c10,276,0,0,0.00044436683
c10,277,0,0,0.0003646773
c10,278,0,0,0.0005168725
c10,279,0,0,0.00026458348
c10,280,0,0,0.0004233071
c10,281,0,0,0.00046224875
c10,282,0,0,0.0007324329
c10,283,0,0,0.0033038335
c10,284,0,0,0.0058348165
c10,285,0,0,0.009447867
c10,286,0,0,0.009106909
c10,287,0,0,0.00064239674
c10,288,0,0,0.0029567133
c10,289,0,0,0.012321887
c10,290,0,0,0.0011426563
c10,291,0,0,0.0008363449
c10,292,0,0,0.0011651493
c10,293,0,0,0.00093343604
c10,294,0,0,0.001585079
c10,295,0,0,0.0006972808
c10,296,0,0,0.00029444325
c10,297,0,0,0.0018798977
c10,298,0,0,0.0010186459
c10,299,0,0,0.0005044309
c10,300,0,0,0.00062677753
c10,301,0,0,0.0003423179
c10,302,0,0,0.00043809423
c10,303,0,0,0.00044236876
c10,304,0,0,0.0006560201
c10,305,0,0,0.0002745947
c10,306,0,0,0.0008744577
c10,307,0,0,0.00045100402
c10,308,0,0,0.00052224274
c10,309,0,0,0.00053229014
c10,310,0,0,0.00026503744
c10,311,0,0,0.000285956
c10,312,0,0,0.0004570625
c10,313,0,0,0.00039634976
c10,314,0,0,0.0002816176
c10,315,0,0,0.008096805
c10,316,0,0,0.006896137
c10,317,0,0,0.0005395933
c10,318,0,0,0.00031485764
c10,319,0,0,0.005438184
c10,320,0,0,0.0009145875
c10,321,0,0,0.0018743015
c10,322,0,0,0.0064710425
c10,323,0,0,0.00037156677
c10,324,0,0,0.0005232615
c10,325,0,0,0.00038067013
c10,326,0,0,0.00066020864
c10,327,0,0,0.0017046729
c10,328,0,0,0.011077587
c10,329,0,0,0.00030959526
c10,330,0,0,0.00044052163
c10,331,0,0,0.006056598
c10,332,0,0,0.010085273
c10,333,0,0,0.00034118412
c10,334,0,0,0.0004195033
c10,335,0,0,0.021622157
c10,336,0,0,0.026818097
c10,337,0,0,0.0007994297
c10,338,0,0,0.0016588862
c10,339,0,0,0.01007734
c10,340,0,0,0.066976696
c10,341,0,0,0.009766152
c10,342,0,0,0.00084161403
c10,343,0,0,0.0016462863
c10,344,0,0,0.0002106672
c10,345,0,0,0.0018701971
c10,346,0,0,0.0077093067
c10,347,0,0,0.000544191
c10,348,0,0,0.00038183754
c10,349,0,0,0.0006145437
c10,350,0,0,0.00039604987
c10,351,0,0,0.00031071535
c10,352,0,0,0.0009875294
c10,353,0,0,0.00037710188
c10,354,0,0,0.0006335274
c10,355,0,0,0.00041367774
c10,356,0,0,0.0048195655
c10,357,0,0,0.00048374853
c10,358,0,0,0.0010283284
c10,359,0,0,0.00047934908
c10,360,0,0,0.000894642
c10,361,0,0,0.0006916499
c10,362,0,0,0.00060043164
c10,363,0,0,0.00121176
c10,364,0,0,0.00046463584
c10,365,0,0,0.00030779734
c10,366,0,0,0.0005564006
c10,367,0,0,0.00060149847
c10,368,0,0,0.00050802116
c10,369,0,0,0.0005755378
c10,370,0,0,0.0007142056
c10,371,0,0,0.00042297997
c10,372,0,0,0.00030435002
c10,373,0,0,0.0006983498
c10,374,0,0,0.0008787969
c10,375,0,0,0.0007974888
c10,376,0,0,0.00042456048
c10,377,0,0,0.0004154229
c10,378,0,0,0.00045929235
c10,379,0,0,0.003429946
c10,380,0,0,0.0027435329
c10,381,0,0,0.000916178
c10,382,0,0,0.00062441465
c10,383,0,0,0.00042794851
c10,384,0,0,0.000854062
c10,385,0,0,0.0004007847
c10,386,0,0,0.00023302298
c10,387,0,0,0.0003218901
c10,388,0,0,0.0003649688
c10,389,0,0,0.0003165051
c10,390,0,0,0.0004601618
c10,391,0,0,0.00065220456
c10,392,0,0,0.00049954146
c10,393,0,0,0.0003216548
c10,394,0,0,0.0016497893
c10,395,0,0,0.000947671
c10,396,0,0,0.0037836777
c10,397,0,0,0.0003773734
c10,398,0,0,0.00051171886
c10,399,0,0,0.0027363917
c10,400,0,0,0.0011929367
c10,401,0,0,0.0013570504
c10,402,0,0,0.00079910306
c10,403,0,0,0.0007395169
c10,404,0,0,0.003513775
c10,405,0,0,0.0007375378
c10,406,0,0,0.0002892447
c10,407,0,0,0.00058628403
c10,408,0,0,0.009848559
c10,409,0,0,0.0009570222
c10,410,0,0,0.00039345236
c10,411,0,0,0.00057429774
c10,412,0,0,0.001079755
c10,413,0,0,0.018208446
c10,414,0,0,0.00036934254
c10,415,0,0,0.0014678926
c10,416,0,0,0.0006218961
c10,417,0,0,0.0018565747
c10,418,0,0,0.004707392
c10,419,0,0,0.00021173894
c10,420,0,0,0.00070620596
c10,421,0,0,0.00046801812
c10,422,0,0,0.0046201563
c10,423,0,0,0.0014705047
c10,424,0,0,0.005106362
c10,425,0,0,0.0024869991
c10,426,0,0,0.006679376
c10,427,0,0,0.00049690244
c10,428,0,0,0.0009547918
c10,429,0,0,0.0006735637
c10,430,0,0,0.0015457968
